
=== [2026-06-11T08:10:05Z] v14f_binary_v1_a_p0i4_ORBITWARS_SHAPING_RELEASE_0.012_69a78a36ce phase=a kind=probe chunk=500 env={"ORBITWARS_SHAPING_ANTI_HOARD": 0.035, "ORBITWARS_SHAPING_CAPTURE": 0.04, "ORBITWARS_SHAPING_RELEASE": 0.012, "ORBITWARS_SHAPING_RELEASE_K": 15.0, "ORBITWARS_SHAPING_PROD_SHARE_DELTA": 0.025, "ORBITWARS_SHAPING_ONE_SHIP_PENALTY": 0.025} ppo={"ent_coef_emit": 0.0225, "lr_peak": 4.5e-05} ===
[reward] kaggle-aligned: terminal +1 win/+1 tie>0/-1 loss/-1 double-wipeout; is_terminal at step >= episode_steps-2; SHAPING_SCALE=0.0; v1: KEEP_HOME=0.0 FLEET_SIZE=0.0/norm20.0; v2 (expert-replay calibrated): PROD_SHARE=0.0 PLANET_SHARE=0.0 FLEET_LOG=0.0/ref500.0/floor0.3; v3 (top10-2630ep calibrated): PROD_SHARE_DELTA=0.025 EMIT_LOG=0.0 EMIT_GATED=0.0 RELEASE=0.012/K15.0 CAPTURE=0.04; ANTI_HOARD=0.035/thresh0.6; episode_steps=500 (kaggle=500, mismatch=False)
[symmetric] Frog Parade style: same params drive BOTH players, no frozen/strong/buffer opponents, zero_sum_value=True
upd    0  steps    2048  sps 38  opp symm  loss -0.088  pg -0.0694  v 0.004  ev -0.41  adv_std 0.092  tR +0.00  ent[s/d/p/e] 0.36/1.41/1.32/0.35  emits 0.33  spf 15.4  z0 0.75  garr 15.7  tG 21  e2 0.05  nF 2.2  pS 0.07  ptS 0.07  fLog 0.42  pdΔ -0.4291  pkR 5.48  clip 0.04  kl +0.001
upd    1  steps    4096  sps 74  opp symm  loss +0.005  pg +0.0277  v 0.004  ev -0.01  adv_std 0.092  tR +0.00  ent[s/d/p/e] 0.91/1.44/1.13/0.49  emits 0.99  spf 14.6  z0 0.53  garr 14.8  tG 41  e2 0.24  nF 8.5  pS 0.13  ptS 0.12  fLog 0.40  pdΔ -0.3699  pkR 6.77  clip 0.11  kl +0.002
upd    2  steps    6144  sps 110  opp symm  loss +0.032  pg +0.0562  v 0.006  ev +0.35  adv_std 0.103  tR -1.00  ent[s/d/p/e] 1.24/1.74/1.08/0.54  emits 1.20  spf 17.5  z0 0.48  garr 17.7  tG 84  e2 0.27  nF 15.4  pS 0.19  ptS 0.18  fLog 0.41  pdΔ -0.3108  pkR 12.80  clip 0.11  kl +0.000
upd    3  steps    8192  sps 145  opp symm  loss -0.056  pg -0.0319  v 0.010  ev +0.38  adv_std 0.137  tR -0.33  ent[s/d/p/e] 1.42/1.86/1.12/0.57  emits 1.39  spf 19.4  z0 0.44  garr 19.3  tG 122  e2 0.32  nF 18.6  pS 0.24  ptS 0.23  fLog 0.42  pdΔ -0.2647  pkR 12.06  clip 0.21  kl +0.003
upd    4  steps   10240  sps 179  opp symm  loss -0.026  pg +0.0006  v 0.008  ev +0.48  adv_std 0.118  tR +0.00  ent[s/d/p/e] 1.48/1.89/1.09/0.61  emits 1.11  spf 23.2  z0 0.48  garr 25.5  tG 184  e2 0.27  nF 17.2  pS 0.26  ptS 0.26  fLog 0.44  pdΔ -0.2408  pkR 6.98  clip 0.30  kl +0.009
upd    5  steps   12288  sps 213  opp symm  loss +0.004  pg +0.0317  v 0.006  ev +0.33  adv_std 0.097  tR +1.00  ent[s/d/p/e] 1.55/1.96/1.08/0.62  emits 1.06  spf 27.3  z0 0.49  garr 31.8  tG 260  e2 0.26  nF 15.3  pS 0.29  ptS 0.28  fLog 0.46  pdΔ -0.2109  pkR 7.07  clip 0.25  kl +0.001
upd    6  steps   14336  sps 246  opp symm  loss -0.039  pg -0.0115  v 0.007  ev +0.42  adv_std 0.116  tR +0.50  ent[s/d/p/e] 1.57/1.96/1.06/0.61  emits 1.16  spf 28.4  z0 0.48  garr 30.8  tG 255  e2 0.28  nF 14.7  pS 0.29  ptS 0.28  fLog 0.46  pdΔ -0.2125  pkR 8.83  clip 0.25  kl +0.007
upd    7  steps   16384  sps 278  opp symm  loss -0.066  pg -0.0374  v 0.006  ev +0.38  adv_std 0.103  tR +0.33  ent[s/d/p/e] 1.62/2.00/1.09/0.61  emits 0.95  spf 29.0  z0 0.54  garr 30.5  tG 258  e2 0.23  nF 13.4  pS 0.29  ptS 0.28  fLog 0.47  pdΔ -0.2141  pkR 9.05  clip 0.30  kl +0.007
upd    8  steps   18432  sps 309  opp symm  loss -0.107  pg -0.0779  v 0.006  ev +0.54  adv_std 0.108  tR -0.33  ent[s/d/p/e] 1.68/2.05/1.11/0.62  emits 0.78  spf 37.8  z0 0.59  garr 38.8  tG 349  e2 0.18  nF 10.7  pS 0.30  ptS 0.30  fLog 0.50  pdΔ -0.2003  pkR 6.37  clip 0.29  kl +0.014
upd    9  steps   20480  sps 340  opp symm  loss -0.139  pg -0.1097  v 0.006  ev +0.62  adv_std 0.112  tR -0.50  ent[s/d/p/e] 1.77/2.18/1.13/0.62  emits 0.64  spf 46.2  z0 0.64  garr 50.0  tG 454  e2 0.14  nF 8.3  pS 0.31  ptS 0.31  fLog 0.53  pdΔ -0.1878  pkR 6.47  clip 0.15  kl +0.007
upd   10  steps   22528  sps 370  opp symm  loss -0.150  pg -0.1241  v 0.010  ev +0.48  adv_std 0.139  tR -0.20  ent[s/d/p/e] 1.62/2.09/1.13/0.58  emits 0.44  spf 49.6  z0 0.71  garr 58.5  tG 541  e2 0.09  nF 5.9  pS 0.32  ptS 0.31  fLog 0.55  pdΔ -0.1828  pkR 6.98  clip 0.14  kl +0.008
upd   11  steps   24576  sps 399  opp symm  loss -0.078  pg -0.0497  v 0.005  ev +0.51  adv_std 0.105  tR +0.00  ent[s/d/p/e] 1.69/2.14/1.07/0.57  emits 0.46  spf 59.0  z0 0.70  garr 69.4  tG 626  e2 0.10  nF 4.9  pS 0.31  ptS 0.31  fLog 0.56  pdΔ -0.1856  pkR 6.16  clip 0.17  kl +0.002
upd   12  steps   26624  sps 428  opp symm  loss -0.041  pg -0.0116  v 0.004  ev +0.36  adv_std 0.095  tR +1.00  ent[s/d/p/e] 1.75/2.24/1.21/0.53  emits 0.34  spf 69.2  z0 0.75  garr 85.9  tG 778  e2 0.06  nF 3.9  pS 0.33  ptS 0.32  fLog 0.59  pdΔ -0.1733  pkR 4.96  clip 0.11  kl +0.002
upd   13  steps   28672  sps 456  opp symm  loss +0.038  pg +0.0684  v 0.002  ev +0.39  adv_std 0.070  tR +0.00  ent[s/d/p/e] 1.81/2.24/1.11/0.54  emits 0.35  spf 79.2  z0 0.75  garr 102.6  tG 926  e2 0.07  nF 3.4  pS 0.34  ptS 0.33  fLog 0.62  pdΔ -0.1602  pkR 4.70  clip 0.10  kl +0.006
upd   14  steps   30720  sps 483  opp symm  loss +0.016  pg +0.0461  v 0.002  ev +0.61  adv_std 0.075  tR +0.00  ent[s/d/p/e] 1.93/2.32/1.14/0.54  emits 0.39  spf 92.1  z0 0.74  garr 111.6  tG 1001  e2 0.08  nF 3.5  pS 0.35  ptS 0.35  fLog 0.63  pdΔ -0.1469  pkR 4.66  clip 0.14  kl +0.002
upd   15  steps   32768  sps 511  opp symm  loss -0.063  pg -0.0724  v 0.078  ev +0.00  adv_std 0.416  tR -0.08  ent[s/d/p/e] 1.71/2.28/1.19/0.46  emits 0.26  spf 81.3  z0 0.81  garr 89.2  tG 731  e2 0.04  nF 2.7  pS 0.27  ptS 0.27  fLog 0.61  pdΔ -0.2310  pkR 6.28  clip 0.09  kl +0.001
upd   16  steps   34816  sps 537  opp symm  loss -0.067  pg -0.0400  v 0.002  ev +0.05  adv_std 0.054  tR +0.00  ent[s/d/p/e] 1.20/2.05/1.24/0.47  emits 0.25  spf 49.4  z0 0.81  garr 48.0  tG 289  e2 0.04  nF 2.5  pS 0.16  ptS 0.16  fLog 0.55  pdΔ -0.3405  pkR 11.87  clip 0.13  kl +0.006
upd   17  steps   36864  sps 563  opp symm  loss +0.009  pg +0.0356  v 0.003  ev +0.29  adv_std 0.079  tR -1.00  ent[s/d/p/e] 1.41/2.25/1.24/0.43  emits 0.21  spf 70.1  z0 0.84  garr 58.5  tG 356  e2 0.03  nF 2.6  pS 0.18  ptS 0.19  fLog 0.60  pdΔ -0.3209  pkR 9.60  clip 0.11  kl +0.002
upd   18  steps   38912  sps 588  opp symm  loss -0.051  pg -0.0249  v 0.007  ev +0.33  adv_std 0.122  tR -0.50  ent[s/d/p/e] 1.45/2.24/1.17/0.54  emits 0.34  spf 58.3  z0 0.76  garr 58.6  tG 381  e2 0.06  nF 3.0  pS 0.20  ptS 0.20  fLog 0.58  pdΔ -0.2967  pkR 9.24  clip 0.14  kl -0.000
upd   19  steps   40960  sps 613  opp symm  loss -0.043  pg -0.0144  v 0.003  ev +0.41  adv_std 0.075  tR -1.00  ent[s/d/p/e] 1.56/2.28/1.13/0.53  emits 0.34  spf 57.6  z0 0.76  garr 59.7  tG 419  e2 0.07  nF 3.8  pS 0.24  ptS 0.24  fLog 0.57  pdΔ -0.2629  pkR 7.52  clip 0.07  kl +0.001
upd   20  steps   43008  sps 638  opp symm  loss -0.084  pg -0.0545  v 0.004  ev +0.51  adv_std 0.092  tR -0.33  ent[s/d/p/e] 1.60/2.29/1.22/0.57  emits 0.40  spf 60.8  z0 0.73  garr 63.9  tG 443  e2 0.08  nF 3.9  pS 0.25  ptS 0.25  fLog 0.59  pdΔ -0.2490  pkR 6.78  clip 0.21  kl +0.013
upd   21  steps   45056  sps 662  opp symm  loss -0.010  pg +0.0212  v 0.003  ev +0.50  adv_std 0.076  tR -1.00  ent[s/d/p/e] 1.71/2.29/1.14/0.60  emits 0.55  spf 56.6  z0 0.66  garr 56.7  tG 412  e2 0.13  nF 5.6  pS 0.27  ptS 0.27  fLog 0.57  pdΔ -0.2252  pkR 7.24  clip 0.15  kl +0.004
upd   22  steps   47104  sps 686  opp symm  loss -0.034  pg -0.0040  v 0.005  ev +0.56  adv_std 0.094  tR -0.33  ent[s/d/p/e] 1.78/2.30/1.13/0.60  emits 0.58  spf 48.9  z0 0.66  garr 51.3  tG 395  e2 0.13  nF 6.3  pS 0.30  ptS 0.30  fLog 0.57  pdΔ -0.2041  pkR 6.67  clip 0.15  kl +0.005
upd   23  steps   49152  sps 709  opp symm  loss -0.006  pg +0.0245  v 0.003  ev +0.76  adv_std 0.076  tR +1.00  ent[s/d/p/e] 1.83/2.37/1.17/0.56  emits 0.43  spf 54.4  z0 0.71  garr 55.4  tG 414  e2 0.09  nF 5.3  pS 0.30  ptS 0.30  fLog 0.58  pdΔ -0.2024  pkR 6.76  clip 0.15  kl +0.004
upd   24  steps   51200  sps 731  opp symm  loss -0.072  pg -0.0422  v 0.005  ev +0.68  adv_std 0.103  tR -0.50  ent[s/d/p/e] 1.78/2.33/1.18/0.57  emits 0.40  spf 58.5  z0 0.73  garr 58.8  tG 442  e2 0.08  nF 4.7  pS 0.29  ptS 0.29  fLog 0.60  pdΔ -0.2086  pkR 6.46  clip 0.31  kl +0.011
upd   25  steps   53248  sps 754  opp symm  loss -0.074  pg -0.0450  v 0.005  ev +0.79  adv_std 0.101  tR +0.00  ent[s/d/p/e] 1.74/2.37/1.24/0.53  emits 0.34  spf 63.0  z0 0.76  garr 63.7  tG 480  e2 0.07  nF 3.9  pS 0.29  ptS 0.28  fLog 0.62  pdΔ -0.2097  pkR 6.98  clip 0.10  kl +0.001
upd   26  steps   55296  sps 776  opp symm  loss -0.056  pg -0.0276  v 0.005  ev +0.78  adv_std 0.099  tR -0.50  ent[s/d/p/e] 1.67/2.30/1.16/0.54  emits 0.32  spf 63.4  z0 0.78  garr 67.6  tG 506  e2 0.06  nF 3.3  pS 0.29  ptS 0.28  fLog 0.61  pdΔ -0.2127  pkR 5.02  clip 0.12  kl +0.004
upd   27  steps   57344  sps 797  opp symm  loss -0.047  pg -0.0182  v 0.005  ev +0.80  adv_std 0.105  tR -0.60  ent[s/d/p/e] 1.73/2.36/1.20/0.56  emits 0.38  spf 72.0  z0 0.74  garr 75.1  tG 588  e2 0.08  nF 3.4  pS 0.30  ptS 0.29  fLog 0.62  pdΔ -0.1992  pkR 4.88  clip 0.15  kl +0.004
upd   28  steps   59392  sps 818  opp symm  loss -0.082  pg -0.0509  v 0.003  ev +0.88  adv_std 0.078  tR +0.50  ent[s/d/p/e] 1.72/2.34/1.16/0.59  emits 0.50  spf 65.1  z0 0.69  garr 65.3  tG 534  e2 0.11  nF 4.7  pS 0.30  ptS 0.29  fLog 0.60  pdΔ -0.1995  pkR 6.98  clip 0.15  kl +0.006
upd   29  steps   61440  sps 839  opp symm  loss -0.047  pg -0.0152  v 0.001  ev +0.93  adv_std 0.055  tR -1.00  ent[s/d/p/e] 1.81/2.36/1.12/0.60  emits 0.55  spf 56.4  z0 0.68  garr 61.2  tG 493  e2 0.12  nF 5.9  pS 0.30  ptS 0.30  fLog 0.58  pdΔ -0.1955  pkR 7.68  clip 0.13  kl +0.004
upd   30  steps   63488  sps 859  opp symm  loss -0.024  pg +0.0062  v 0.005  ev +0.82  adv_std 0.100  tR +1.00  ent[s/d/p/e] 1.81/2.33/1.13/0.59  emits 0.56  spf 61.8  z0 0.66  garr 61.1  tG 527  e2 0.13  nF 6.4  pS 0.32  ptS 0.32  fLog 0.58  pdΔ -0.1783  pkR 7.80  clip 0.17  kl +0.002
upd   31  steps   65536  sps 879  opp symm  loss -0.071  pg -0.0478  v 0.015  ev +0.53  adv_std 0.175  tR +0.00  ent[s/d/p/e] 1.65/2.31/1.24/0.53  emits 0.45  spf 49.7  z0 0.73  garr 39.6  tG 258  e2 0.10  nF 4.6  pS 0.22  ptS 0.21  fLog 0.56  pdΔ -0.2848  pkR 12.66  clip 0.11  kl +0.005
upd   32  steps   67584  sps 899  opp symm  loss -0.048  pg -0.0174  v 0.002  ev +0.78  adv_std 0.065  tR +1.00  ent[s/d/p/e] 1.55/2.32/1.29/0.54  emits 0.47  spf 45.0  z0 0.71  garr 37.5  tG 225  e2 0.09  nF 5.0  pS 0.22  ptS 0.21  fLog 0.56  pdΔ -0.2836  pkR 10.38  clip 0.09  kl +0.005
upd   33  steps   69632  sps 918  opp symm  loss +0.003  pg +0.0344  v 0.002  ev +0.89  adv_std 0.054  tR -1.00  ent[s/d/p/e] 1.62/2.31/1.27/0.59  emits 0.62  spf 40.0  z0 0.66  garr 36.3  tG 212  e2 0.14  nF 6.1  pS 0.24  ptS 0.23  fLog 0.54  pdΔ -0.2580  pkR 6.33  clip 0.10  kl +0.005
upd   34  steps   71680  sps 937  opp symm  loss -0.080  pg -0.0494  v 0.006  ev +0.76  adv_std 0.108  tR +0.20  ent[s/d/p/e] 1.66/2.32/1.26/0.61  emits 0.62  spf 39.0  z0 0.64  garr 37.9  tG 252  e2 0.14  nF 7.0  pS 0.27  ptS 0.26  fLog 0.54  pdΔ -0.2295  pkR 6.08  clip 0.12  kl +0.004
upd   35  steps   73728  sps 956  opp symm  loss -0.049  pg -0.0178  v 0.003  ev +0.90  adv_std 0.074  tR -1.00  ent[s/d/p/e] 1.62/2.30/1.24/0.62  emits 0.66  spf 42.7  z0 0.63  garr 40.9  tG 288  e2 0.16  nF 6.8  pS 0.28  ptS 0.27  fLog 0.55  pdΔ -0.2193  pkR 6.53  clip 0.10  kl +0.002
upd   36  steps   75776  sps 974  opp symm  loss -0.087  pg -0.0555  v 0.004  ev +0.91  adv_std 0.090  tR -0.33  ent[s/d/p/e] 1.76/2.33/1.18/0.62  emits 0.78  spf 46.2  z0 0.59  garr 42.7  tG 339  e2 0.19  nF 7.6  pS 0.31  ptS 0.30  fLog 0.55  pdΔ -0.1926  pkR 6.20  clip 0.18  kl +0.001
upd   37  steps   77824  sps 992  opp symm  loss -0.080  pg -0.0474  v 0.002  ev +0.96  adv_std 0.070  tR -0.20  ent[s/d/p/e] 1.84/2.39/1.12/0.62  emits 0.91  spf 45.3  z0 0.55  garr 38.3  tG 333  e2 0.21  nF 9.0  pS 0.32  ptS 0.31  fLog 0.55  pdΔ -0.1828  pkR 7.54  clip 0.14  kl +0.006
upd   38  steps   79872  sps 1010  opp symm  loss -0.121  pg -0.0886  v 0.003  ev +0.94  adv_std 0.080  tR -0.56  ent[s/d/p/e] 1.88/2.43/1.17/0.61  emits 0.81  spf 42.1  z0 0.61  garr 37.3  tG 336  e2 0.19  nF 8.3  pS 0.32  ptS 0.31  fLog 0.55  pdΔ -0.1806  pkR 9.87  clip 0.17  kl +0.001
upd   39  steps   81920  sps 1028  opp symm  loss -0.042  pg -0.0118  v 0.006  ev +0.86  adv_std 0.106  tR +0.14  ent[s/d/p/e] 1.82/2.39/1.21/0.61  emits 0.74  spf 41.7  z0 0.61  garr 39.3  tG 326  e2 0.17  nF 7.9  pS 0.31  ptS 0.30  fLog 0.55  pdΔ -0.1897  pkR 11.09  clip 0.12  kl +0.003
upd   40  steps   83968  sps 1045  opp symm  loss -0.095  pg -0.0634  v 0.004  ev +0.93  adv_std 0.083  tR -1.00  ent[s/d/p/e] 1.86/2.39/1.21/0.59  emits 0.69  spf 46.2  z0 0.62  garr 42.3  tG 374  e2 0.15  nF 7.3  pS 0.32  ptS 0.31  fLog 0.57  pdΔ -0.1765  pkR 8.64  clip 0.07  kl +0.001
upd   41  steps   86016  sps 1062  opp symm  loss -0.056  pg -0.0239  v 0.003  ev +0.93  adv_std 0.072  tR +0.60  ent[s/d/p/e] 1.84/2.42/1.19/0.60  emits 0.67  spf 50.9  z0 0.64  garr 45.9  tG 388  e2 0.14  nF 6.4  pS 0.31  ptS 0.30  fLog 0.58  pdΔ -0.1854  pkR 9.56  clip 0.09  kl +0.002
upd   42  steps   88064  sps 1079  opp symm  loss -0.043  pg -0.0107  v 0.003  ev +0.94  adv_std 0.080  tR -0.50  ent[s/d/p/e] 1.89/2.44/1.23/0.60  emits 0.79  spf 50.0  z0 0.59  garr 43.4  tG 371  e2 0.17  nF 7.4  pS 0.33  ptS 0.32  fLog 0.57  pdΔ -0.1705  pkR 7.89  clip 0.19  kl +0.005
upd   43  steps   90112  sps 1095  opp symm  loss -0.020  pg +0.0133  v 0.002  ev +0.96  adv_std 0.061  tR +1.00  ent[s/d/p/e] 1.94/2.47/1.20/0.60  emits 0.65  spf 50.1  z0 0.65  garr 50.7  tG 428  e2 0.14  nF 6.8  pS 0.34  ptS 0.33  fLog 0.58  pdΔ -0.1616  pkR 6.78  clip 0.13  kl +0.002
upd   44  steps   92160  sps 1111  opp symm  loss -0.050  pg -0.0178  v 0.005  ev +0.92  adv_std 0.097  tR -0.33  ent[s/d/p/e] 1.97/2.51/1.25/0.60  emits 0.78  spf 53.7  z0 0.60  garr 51.0  tG 423  e2 0.18  nF 7.2  pS 0.35  ptS 0.34  fLog 0.59  pdΔ -0.1495  pkR 6.92  clip 0.08  kl +0.001
upd   45  steps   94208  sps 1127  opp symm  loss -0.038  pg -0.0051  v 0.002  ev +0.97  adv_std 0.068  tR -1.00  ent[s/d/p/e] 2.07/2.54/1.17/0.59  emits 0.74  spf 54.5  z0 0.65  garr 56.6  tG 458  e2 0.17  nF 7.4  pS 0.36  ptS 0.35  fLog 0.59  pdΔ -0.1389  pkR 4.76  clip 0.14  kl +0.005
upd   46  steps   96256  sps 1143  opp symm  loss -0.070  pg -0.0452  v 0.018  ev +0.81  adv_std 0.191  tR +0.26  ent[s/d/p/e] 2.04/2.54/1.23/0.55  emits 0.70  spf 54.5  z0 0.66  garr 54.7  tG 426  e2 0.15  nF 6.6  pS 0.34  ptS 0.33  fLog 0.60  pdΔ -0.1623  pkR 5.55  clip 0.19  kl +0.006
upd   47  steps   98304  sps 1158  opp symm  loss +0.014  pg +0.0431  v 0.006  ev +0.90  adv_std 0.105  tR +1.00  ent[s/d/p/e] 1.90/2.47/1.23/0.53  emits 0.68  spf 49.6  z0 0.68  garr 47.4  tG 328  e2 0.13  nF 6.1  pS 0.28  ptS 0.27  fLog 0.58  pdΔ -0.2196  pkR 8.46  clip 0.12  kl +0.003
upd   48  steps  100352  sps 1173  opp symm  loss -0.019  pg +0.0119  v 0.005  ev +0.93  adv_std 0.100  tR +1.00  ent[s/d/p/e] 1.99/2.53/1.23/0.53  emits 0.61  spf 50.5  z0 0.70  garr 52.4  tG 350  e2 0.13  nF 6.4  pS 0.30  ptS 0.29  fLog 0.59  pdΔ -0.1991  pkR 5.36  clip 0.10  kl +0.003
upd   49  steps  102400  sps 1188  opp symm  loss -0.022  pg +0.0088  v 0.006  ev +0.93  adv_std 0.106  tR +0.20  ent[s/d/p/e] 2.01/2.53/1.26/0.54  emits 0.65  spf 51.2  z0 0.69  garr 57.4  tG 387  e2 0.13  nF 6.4  pS 0.31  ptS 0.29  fLog 0.59  pdΔ -0.1932  pkR 4.49  clip 0.12  kl +0.001
upd   50  steps  104448  sps 1203  opp symm  loss -0.023  pg +0.0079  v 0.005  ev +0.93  adv_std 0.099  tR -0.20  ent[s/d/p/e] 1.97/2.53/1.24/0.57  emits 0.72  spf 47.7  z0 0.68  garr 51.3  tG 335  e2 0.15  nF 6.7  pS 0.30  ptS 0.29  fLog 0.58  pdΔ -0.2000  pkR 4.63  clip 0.19  kl +0.012
upd   51  steps  106496  sps 1217  opp symm  loss +0.004  pg +0.0341  v 0.007  ev +0.91  adv_std 0.120  tR +0.00  ent[s/d/p/e] 1.89/2.47/1.24/0.58  emits 0.84  spf 42.0  z0 0.62  garr 45.4  tG 310  e2 0.19  nF 8.1  pS 0.33  ptS 0.31  fLog 0.56  pdΔ -0.1688  pkR 4.53  clip 0.16  kl +0.005
upd   52  steps  108544  sps 1231  opp symm  loss -0.011  pg +0.0195  v 0.006  ev +0.90  adv_std 0.112  tR +0.00  ent[s/d/p/e] 1.88/2.47/1.27/0.58  emits 0.78  spf 42.4  z0 0.63  garr 46.9  tG 323  e2 0.16  nF 7.9  pS 0.33  ptS 0.31  fLog 0.56  pdΔ -0.1745  pkR 5.68  clip 0.17  kl +0.006
upd   53  steps  110592  sps 1246  opp symm  loss -0.055  pg -0.0265  v 0.010  ev +0.88  adv_std 0.139  tR -0.25  ent[s/d/p/e] 1.81/2.43/1.20/0.59  emits 0.77  spf 40.0  z0 0.62  garr 46.7  tG 345  e2 0.17  nF 8.4  pS 0.33  ptS 0.31  fLog 0.55  pdΔ -0.1694  pkR 8.34  clip 0.24  kl +0.016
upd   54  steps  112640  sps 1259  opp symm  loss -0.061  pg -0.0322  v 0.009  ev +0.89  adv_std 0.133  tR +0.56  ent[s/d/p/e] 1.84/2.38/1.22/0.59  emits 0.84  spf 38.9  z0 0.59  garr 40.3  tG 291  e2 0.19  nF 8.6  pS 0.32  ptS 0.30  fLog 0.54  pdΔ -0.1849  pkR 11.64  clip 0.19  kl +0.009
upd   55  steps  114688  sps 1273  opp symm  loss -0.018  pg +0.0136  v 0.004  ev +0.94  adv_std 0.089  tR -0.33  ent[s/d/p/e] 1.75/2.35/1.26/0.61  emits 0.74  spf 40.0  z0 0.61  garr 39.9  tG 275  e2 0.17  nF 8.2  pS 0.30  ptS 0.29  fLog 0.55  pdΔ -0.1982  pkR 5.65  clip 0.17  kl +0.006
upd   56  steps  116736  sps 1287  opp symm  loss -0.023  pg +0.0091  v 0.005  ev +0.93  adv_std 0.099  tR -1.00  ent[s/d/p/e] 1.82/2.41/1.30/0.62  emits 0.90  spf 39.9  z0 0.57  garr 41.9  tG 287  e2 0.21  nF 9.5  pS 0.32  ptS 0.30  fLog 0.55  pdΔ -0.1772  pkR 3.84  clip 0.13  kl +0.003
upd   57  steps  118784  sps 1300  opp symm  loss -0.040  pg -0.0068  v 0.003  ev +0.96  adv_std 0.076  tR -1.00  ent[s/d/p/e] 1.88/2.44/1.23/0.62  emits 0.95  spf 39.3  z0 0.56  garr 42.2  tG 305  e2 0.22  nF 10.1  pS 0.35  ptS 0.33  fLog 0.55  pdΔ -0.1531  pkR 3.53  clip 0.13  kl +0.006
upd   58  steps  120832  sps 1313  opp symm  loss -0.004  pg +0.0284  v 0.004  ev +0.94  adv_std 0.092  tR +1.00  ent[s/d/p/e] 1.93/2.45/1.20/0.61  emits 1.18  spf 37.6  z0 0.51  garr 41.5  tG 303  e2 0.27  nF 11.9  pS 0.36  ptS 0.34  fLog 0.54  pdΔ -0.1367  pkR 3.29  clip 0.15  kl +0.003
upd   59  steps  122880  sps 1326  opp symm  loss +0.009  pg +0.0408  v 0.005  ev +0.94  adv_std 0.101  tR -1.00  ent[s/d/p/e] 2.01/2.48/1.13/0.60  emits 1.15  spf 36.5  z0 0.53  garr 41.4  tG 311  e2 0.26  nF 12.6  pS 0.37  ptS 0.36  fLog 0.54  pdΔ -0.1262  pkR 3.59  clip 0.15  kl +0.002
upd   60  steps  124928  sps 1339  opp symm  loss +0.006  pg +0.0381  v 0.004  ev +0.95  adv_std 0.087  tR -0.33  ent[s/d/p/e] 2.05/2.48/1.16/0.61  emits 1.05  spf 40.0  z0 0.54  garr 45.7  tG 372  e2 0.23  nF 11.8  pS 0.40  ptS 0.38  fLog 0.55  pdΔ -0.1040  pkR 3.54  clip 0.26  kl +0.005
upd   61  steps  126976  sps 1351  opp symm  loss -0.027  pg +0.0043  v 0.006  ev +0.92  adv_std 0.108  tR +0.20  ent[s/d/p/e] 1.99/2.44/1.18/0.61  emits 1.08  spf 41.5  z0 0.55  garr 46.6  tG 387  e2 0.25  nF 11.7  pS 0.39  ptS 0.37  fLog 0.55  pdΔ -0.1129  pkR 5.44  clip 0.21  kl +0.007
upd   62  steps  129024  sps 1364  opp symm  loss -0.023  pg +0.0052  v 0.010  ev +0.86  adv_std 0.137  tR +0.08  ent[s/d/p/e] 1.98/2.43/1.13/0.58  emits 0.92  spf 42.8  z0 0.59  garr 41.7  tG 353  e2 0.19  nF 9.2  pS 0.35  ptS 0.33  fLog 0.56  pdΔ -0.1546  pkR 8.84  clip 0.12  kl +0.004
upd   63  steps  131072  sps 1376  opp symm  loss -0.042  pg -0.0104  v 0.003  ev +0.95  adv_std 0.080  tR +0.00  ent[s/d/p/e] 2.00/2.42/1.14/0.59  emits 0.92  spf 44.9  z0 0.59  garr 42.1  tG 353  e2 0.20  nF 9.5  pS 0.35  ptS 0.34  fLog 0.57  pdΔ -0.1488  pkR 4.45  clip 0.15  kl +0.008
upd   64  steps  133120  sps 1388  opp symm  loss -0.088  pg -0.0563  v 0.003  ev +0.96  adv_std 0.083  tR +0.00  ent[s/d/p/e] 1.99/2.42/1.22/0.58  emits 0.93  spf 45.1  z0 0.58  garr 41.7  tG 364  e2 0.21  nF 10.3  pS 0.36  ptS 0.35  fLog 0.56  pdΔ -0.1419  pkR 6.82  clip 0.17  kl +0.005
upd   65  steps  135168  sps 1400  opp symm  loss -0.054  pg -0.0219  v 0.003  ev +0.97  adv_std 0.072  tR +0.67  ent[s/d/p/e] 1.94/2.40/1.21/0.59  emits 0.77  spf 44.9  z0 0.61  garr 42.7  tG 344  e2 0.16  nF 8.5  pS 0.33  ptS 0.32  fLog 0.57  pdΔ -0.1697  pkR 7.46  clip 0.13  kl +0.004
upd   66  steps  137216  sps 1411  opp symm  loss -0.010  pg +0.0215  v 0.003  ev +0.96  adv_std 0.080  tR +0.00  ent[s/d/p/e] 1.85/2.41/1.24/0.59  emits 0.73  spf 50.3  z0 0.62  garr 46.9  tG 353  e2 0.16  nF 7.1  pS 0.32  ptS 0.32  fLog 0.59  pdΔ -0.1796  pkR 4.00  clip 0.15  kl +0.004
upd   67  steps  139264  sps 1423  opp symm  loss -0.052  pg -0.0210  v 0.007  ev +0.93  adv_std 0.123  tR -0.60  ent[s/d/p/e] 1.94/2.47/1.25/0.60  emits 0.70  spf 51.9  z0 0.63  garr 46.5  tG 365  e2 0.16  nF 7.3  pS 0.33  ptS 0.33  fLog 0.60  pdΔ -0.1658  pkR 3.88  clip 0.11  kl +0.003
upd   68  steps  141312  sps 1435  opp symm  loss -0.047  pg -0.0160  v 0.005  ev +0.95  adv_std 0.102  tR +0.14  ent[s/d/p/e] 1.89/2.42/1.23/0.59  emits 0.77  spf 48.9  z0 0.61  garr 43.5  tG 354  e2 0.17  nF 7.6  pS 0.34  ptS 0.33  fLog 0.59  pdΔ -0.1640  pkR 5.70  clip 0.10  kl +0.005
upd   69  steps  143360  sps 1446  opp symm  loss -0.060  pg -0.0293  v 0.003  ev +0.97  adv_std 0.077  tR -0.67  ent[s/d/p/e] 1.84/2.36/1.20/0.57  emits 0.72  spf 47.8  z0 0.64  garr 42.6  tG 322  e2 0.15  nF 7.3  pS 0.31  ptS 0.31  fLog 0.58  pdΔ -0.1858  pkR 6.00  clip 0.15  kl +0.005
upd   70  steps  145408  sps 1457  opp symm  loss -0.032  pg -0.0023  v 0.006  ev +0.93  adv_std 0.113  tR -0.50  ent[s/d/p/e] 1.85/2.41/1.18/0.58  emits 0.75  spf 47.9  z0 0.64  garr 41.5  tG 307  e2 0.16  nF 7.3  pS 0.32  ptS 0.31  fLog 0.59  pdΔ -0.1826  pkR 5.32  clip 0.09  kl +0.001
upd   71  steps  147456  sps 1468  opp symm  loss -0.034  pg -0.0023  v 0.003  ev +0.96  adv_std 0.083  tR +0.00  ent[s/d/p/e] 1.92/2.46/1.22/0.58  emits 0.68  spf 49.7  z0 0.65  garr 47.6  tG 347  e2 0.15  nF 7.4  pS 0.33  ptS 0.32  fLog 0.59  pdΔ -0.1690  pkR 5.36  clip 0.11  kl +0.006
upd   72  steps  149504  sps 1479  opp symm  loss -0.059  pg -0.0276  v 0.005  ev +0.95  adv_std 0.097  tR +0.00  ent[s/d/p/e] 1.92/2.50/1.24/0.57  emits 0.70  spf 48.1  z0 0.64  garr 48.3  tG 344  e2 0.16  nF 7.1  pS 0.34  ptS 0.33  fLog 0.59  pdΔ -0.1628  pkR 3.76  clip 0.17  kl +0.007
upd   73  steps  151552  sps 1489  opp symm  loss -0.077  pg -0.0458  v 0.006  ev +0.94  adv_std 0.116  tR +0.33  ent[s/d/p/e] 1.89/2.50/1.27/0.60  emits 0.73  spf 47.3  z0 0.63  garr 46.0  tG 329  e2 0.17  nF 7.1  pS 0.34  ptS 0.33  fLog 0.59  pdΔ -0.1587  pkR 3.08  clip 0.09  kl +0.004
upd   74  steps  153600  sps 1500  opp symm  loss -0.007  pg +0.0248  v 0.005  ev +0.95  adv_std 0.101  tR -1.00  ent[s/d/p/e] 1.96/2.50/1.21/0.60  emits 0.85  spf 47.3  z0 0.61  garr 47.5  tG 355  e2 0.19  nF 8.2  pS 0.36  ptS 0.35  fLog 0.59  pdΔ -0.1385  pkR 3.09  clip 0.15  kl +0.005
upd   75  steps  155648  sps 1510  opp symm  loss -0.031  pg +0.0004  v 0.007  ev +0.94  adv_std 0.116  tR +0.00  ent[s/d/p/e] 2.04/2.51/1.18/0.61  emits 0.87  spf 47.0  z0 0.60  garr 47.3  tG 372  e2 0.20  nF 9.4  pS 0.38  ptS 0.36  fLog 0.58  pdΔ -0.1248  pkR 3.11  clip 0.18  kl +0.007
upd   76  steps  157696  sps 1521  opp symm  loss -0.019  pg +0.0117  v 0.008  ev +0.93  adv_std 0.129  tR +1.00  ent[s/d/p/e] 2.04/2.52/1.19/0.61  emits 0.91  spf 45.6  z0 0.57  garr 47.6  tG 374  e2 0.21  nF 9.9  pS 0.38  ptS 0.38  fLog 0.58  pdΔ -0.1167  pkR 3.15  clip 0.16  kl +0.005
upd   77  steps  159744  sps 1531  opp symm  loss -0.034  pg -0.0055  v 0.013  ev +0.90  adv_std 0.164  tR +0.17  ent[s/d/p/e] 2.01/2.52/1.23/0.60  emits 0.78  spf 43.3  z0 0.62  garr 47.7  tG 360  e2 0.18  nF 9.3  pS 0.36  ptS 0.36  fLog 0.57  pdΔ -0.1365  pkR 4.39  clip 0.12  kl +0.002
upd   78  steps  161792  sps 1541  opp symm  loss -0.053  pg -0.0222  v 0.004  ev +0.96  adv_std 0.093  tR -1.00  ent[s/d/p/e] 1.92/2.46/1.25/0.57  emits 0.66  spf 42.6  z0 0.65  garr 42.4  tG 325  e2 0.14  nF 7.7  pS 0.32  ptS 0.31  fLog 0.57  pdΔ -0.1833  pkR 10.00  clip 0.06  kl +0.002
upd   79  steps  163840  sps 1551  opp symm  loss -0.039  pg -0.0096  v 0.007  ev +0.95  adv_std 0.120  tR +0.60  ent[s/d/p/e] 1.95/2.48/1.21/0.56  emits 0.63  spf 44.9  z0 0.67  garr 44.6  tG 337  e2 0.14  nF 7.7  pS 0.33  ptS 0.32  fLog 0.57  pdΔ -0.1729  pkR 9.74  clip 0.10  kl +0.003
upd   80  steps  165888  sps 1561  opp symm  loss -0.017  pg +0.0104  v 0.011  ev +0.92  adv_std 0.149  tR +0.14  ent[s/d/p/e] 1.88/2.45/1.18/0.56  emits 0.58  spf 46.8  z0 0.70  garr 46.3  tG 312  e2 0.14  nF 6.4  pS 0.29  ptS 0.28  fLog 0.58  pdΔ -0.2080  pkR 7.86  clip 0.06  kl +0.003
upd   81  steps  167936  sps 1571  opp symm  loss -0.071  pg -0.0408  v 0.005  ev +0.96  adv_std 0.101  tR -0.33  ent[s/d/p/e] 1.80/2.40/1.26/0.58  emits 0.61  spf 44.7  z0 0.66  garr 42.1  tG 273  e2 0.14  nF 6.2  pS 0.28  ptS 0.27  fLog 0.58  pdΔ -0.2189  pkR 4.17  clip 0.12  kl +0.004
upd   82  steps  169984  sps 1580  opp symm  loss -0.040  pg -0.0077  v 0.004  ev +0.97  adv_std 0.091  tR +0.00  ent[s/d/p/e] 1.84/2.42/1.24/0.61  emits 0.66  spf 45.6  z0 0.65  garr 43.5  tG 303  e2 0.15  nF 6.8  pS 0.31  ptS 0.30  fLog 0.58  pdΔ -0.1943  pkR 3.65  clip 0.18  kl +0.005
upd   83  steps  172032  sps 1590  opp symm  loss -0.069  pg -0.0384  v 0.006  ev +0.96  adv_std 0.113  tR +0.14  ent[s/d/p/e] 1.78/2.39/1.29/0.61  emits 0.68  spf 45.0  z0 0.63  garr 44.0  tG 317  e2 0.16  nF 6.9  pS 0.30  ptS 0.30  fLog 0.58  pdΔ -0.1953  pkR 4.63  clip 0.13  kl +0.006
upd   84  steps  174080  sps 1599  opp symm  loss -0.048  pg -0.0178  v 0.007  ev +0.94  adv_std 0.123  tR +0.00  ent[s/d/p/e] 1.76/2.41/1.32/0.58  emits 0.60  spf 48.9  z0 0.67  garr 47.0  tG 356  e2 0.14  nF 6.5  pS 0.32  ptS 0.31  fLog 0.59  pdΔ -0.1802  pkR 6.56  clip 0.12  kl +0.005
upd   85  steps  176128  sps 1608  opp symm  loss -0.043  pg -0.0126  v 0.008  ev +0.93  adv_std 0.130  tR -0.14  ent[s/d/p/e] 1.81/2.43/1.36/0.60  emits 0.66  spf 52.2  z0 0.64  garr 50.1  tG 361  e2 0.16  nF 6.4  pS 0.32  ptS 0.30  fLog 0.60  pdΔ -0.1848  pkR 4.40  clip 0.12  kl +0.004
upd   86  steps  178176  sps 1617  opp symm  loss -0.023  pg +0.0085  v 0.005  ev +0.95  adv_std 0.101  tR -1.00  ent[s/d/p/e] 1.82/2.44/1.36/0.59  emits 0.59  spf 52.0  z0 0.67  garr 50.1  tG 363  e2 0.13  nF 6.1  pS 0.31  ptS 0.30  fLog 0.60  pdΔ -0.1855  pkR 4.04  clip 0.10  kl +0.004
upd   87  steps  180224  sps 1626  opp symm  loss -0.038  pg -0.0078  v 0.008  ev +0.91  adv_std 0.123  tR -0.20  ent[s/d/p/e] 1.76/2.37/1.34/0.60  emits 0.65  spf 53.0  z0 0.63  garr 51.2  tG 410  e2 0.15  nF 6.0  pS 0.34  ptS 0.33  fLog 0.60  pdΔ -0.1639  pkR 4.36  clip 0.11  kl +0.006
upd   88  steps  182272  sps 1635  opp symm  loss -0.025  pg +0.0068  v 0.005  ev +0.95  adv_std 0.099  tR +1.00  ent[s/d/p/e] 1.87/2.44/1.34/0.60  emits 0.65  spf 53.5  z0 0.64  garr 53.4  tG 432  e2 0.15  nF 6.4  pS 0.35  ptS 0.34  fLog 0.60  pdΔ -0.1546  pkR 4.05  clip 0.09  kl +0.002
upd   89  steps  184320  sps 1644  opp symm  loss -0.059  pg -0.0277  v 0.006  ev +0.95  adv_std 0.105  tR +0.33  ent[s/d/p/e] 1.86/2.41/1.30/0.58  emits 0.61  spf 56.3  z0 0.65  garr 56.4  tG 438  e2 0.13  nF 6.4  pS 0.34  ptS 0.33  fLog 0.61  pdΔ -0.1637  pkR 4.31  clip 0.11  kl +0.001
upd   90  steps  186368  sps 1653  opp symm  loss -0.022  pg +0.0084  v 0.007  ev +0.94  adv_std 0.119  tR +0.00  ent[s/d/p/e] 1.86/2.41/1.34/0.59  emits 0.67  spf 56.4  z0 0.62  garr 55.5  tG 438  e2 0.15  nF 6.3  pS 0.34  ptS 0.33  fLog 0.61  pdΔ -0.1613  pkR 3.94  clip 0.11  kl +0.001
upd   91  steps  188416  sps 1661  opp symm  loss -0.040  pg -0.0094  v 0.007  ev +0.94  adv_std 0.117  tR -0.20  ent[s/d/p/e] 1.80/2.41/1.32/0.59  emits 0.62  spf 56.3  z0 0.66  garr 57.6  tG 477  e2 0.13  nF 6.0  pS 0.34  ptS 0.33  fLog 0.60  pdΔ -0.1565  pkR 5.92  clip 0.11  kl +0.002
upd   92  steps  190464  sps 1670  opp symm  loss -0.038  pg -0.0105  v 0.010  ev +0.90  adv_std 0.141  tR +0.33  ent[s/d/p/e] 1.75/2.33/1.28/0.57  emits 0.60  spf 59.0  z0 0.65  garr 57.5  tG 478  e2 0.12  nF 5.8  pS 0.34  ptS 0.33  fLog 0.61  pdΔ -0.1572  pkR 7.70  clip 0.11  kl +0.003
upd   93  steps  192512  sps 1678  opp symm  loss -0.008  pg +0.0215  v 0.008  ev +0.91  adv_std 0.130  tR -0.20  ent[s/d/p/e] 1.79/2.41/1.28/0.59  emits 0.69  spf 55.1  z0 0.62  garr 54.1  tG 432  e2 0.15  nF 6.3  pS 0.32  ptS 0.32  fLog 0.60  pdΔ -0.1765  pkR 5.49  clip 0.10  kl +0.004
upd   94  steps  194560  sps 1687  opp symm  loss -0.016  pg +0.0136  v 0.007  ev +0.92  adv_std 0.119  tR -1.00  ent[s/d/p/e] 1.81/2.42/1.27/0.60  emits 0.66  spf 59.3  z0 0.65  garr 50.9  tG 410  e2 0.15  nF 6.7  pS 0.32  ptS 0.32  fLog 0.61  pdΔ -0.1827  pkR 5.90  clip 0.09  kl +0.001
upd   95  steps  196608  sps 1695  opp symm  loss -0.041  pg -0.0119  v 0.009  ev +0.91  adv_std 0.132  tR +0.00  ent[s/d/p/e] 1.68/2.34/1.27/0.60  emits 0.65  spf 52.7  z0 0.63  garr 46.9  tG 369  e2 0.15  nF 5.6  pS 0.31  ptS 0.30  fLog 0.59  pdΔ -0.1922  pkR 5.71  clip 0.17  kl +0.007
upd   96  steps  198656  sps 1703  opp symm  loss -0.008  pg +0.0215  v 0.006  ev +0.94  adv_std 0.108  tR +0.00  ent[s/d/p/e] 1.57/2.30/1.29/0.59  emits 0.58  spf 49.0  z0 0.65  garr 45.6  tG 329  e2 0.14  nF 5.7  pS 0.29  ptS 0.29  fLog 0.58  pdΔ -0.2107  pkR 5.41  clip 0.08  kl -0.001
upd   97  steps  200704  sps 1711  opp symm  loss -0.017  pg +0.0127  v 0.006  ev +0.94  adv_std 0.109  tR -0.33  ent[s/d/p/e] 1.58/2.31/1.32/0.58  emits 0.56  spf 50.8  z0 0.66  garr 47.0  tG 332  e2 0.13  nF 5.6  pS 0.28  ptS 0.28  fLog 0.59  pdΔ -0.2156  pkR 5.19  clip 0.19  kl +0.008
upd   98  steps  202752  sps 1719  opp symm  loss -0.005  pg +0.0249  v 0.007  ev +0.94  adv_std 0.122  tR -0.20  ent[s/d/p/e] 1.70/2.33/1.32/0.61  emits 0.63  spf 49.0  z0 0.64  garr 48.3  tG 346  e2 0.15  nF 6.1  pS 0.31  ptS 0.30  fLog 0.58  pdΔ -0.1942  pkR 5.78  clip 0.10  kl +0.004
[eval_vs_v20] u99 tag=train_u99  bin0=0.0%  spf=10.12  garr=80.74  flip=6.25%  z0=87.6%  e8=0.0%  e2+=0.9%  WLD=0/3/0
upd   99  steps  204800  sps 1727  opp symm  loss -0.001  pg +0.0290  v 0.007  ev +0.95  adv_std 0.123  tR -0.20  ent[s/d/p/e] 1.64/2.35/1.34/0.59  emits 0.61  spf 47.8  z0 0.65  garr 46.1  tG 309  e2 0.14  nF 6.3  pS 0.28  ptS 0.28  fLog 0.58  pdΔ -0.2150  pkR 6.45  clip 0.12  kl +0.005 WRr 0.12 v20[spf 10.1 flip 6.2% e2+ 0.9%]
upd  100  steps  206848  sps 1089  opp symm  loss -0.024  pg +0.0051  v 0.007  ev +0.95  adv_std 0.122  tR -0.50  ent[s/d/p/e] 1.60/2.32/1.32/0.57  emits 0.47  spf 47.1  z0 0.69  garr 49.4  tG 330  e2 0.10  nF 5.5  pS 0.28  ptS 0.28  fLog 0.58  pdΔ -0.2178  pkR 4.99  clip 0.05  kl +0.002
upd  101  steps  208896  sps 1096  opp symm  loss -0.029  pg -0.0003  v 0.006  ev +0.95  adv_std 0.112  tR -0.33  ent[s/d/p/e] 1.61/2.35/1.33/0.54  emits 0.46  spf 49.9  z0 0.70  garr 50.8  tG 343  e2 0.10  nF 5.0  pS 0.27  ptS 0.27  fLog 0.59  pdΔ -0.2291  pkR 5.84  clip 0.08  kl +0.002
upd  102  steps  210944  sps 1103  opp symm  loss -0.046  pg -0.0165  v 0.007  ev +0.95  adv_std 0.124  tR -0.20  ent[s/d/p/e] 1.71/2.36/1.30/0.58  emits 0.51  spf 52.5  z0 0.69  garr 52.2  tG 374  e2 0.11  nF 4.9  pS 0.28  ptS 0.28  fLog 0.58  pdΔ -0.2199  pkR 7.08  clip 0.08  kl +0.000
upd  103  steps  212992  sps 1110  opp symm  loss -0.040  pg -0.0102  v 0.006  ev +0.96  adv_std 0.108  tR -0.33  ent[s/d/p/e] 1.72/2.36/1.30/0.56  emits 0.50  spf 54.7  z0 0.70  garr 53.4  tG 401  e2 0.12  nF 5.2  pS 0.29  ptS 0.29  fLog 0.59  pdΔ -0.2112  pkR 6.54  clip 0.09  kl +0.002
upd  104  steps  215040  sps 1117  opp symm  loss -0.022  pg +0.0085  v 0.007  ev +0.95  adv_std 0.115  tR +0.00  ent[s/d/p/e] 1.80/2.44/1.31/0.58  emits 0.52  spf 60.1  z0 0.70  garr 54.9  tG 428  e2 0.12  nF 5.5  pS 0.30  ptS 0.30  fLog 0.60  pdΔ -0.2018  pkR 6.58  clip 0.12  kl +0.003
upd  105  steps  217088  sps 1123  opp symm  loss -0.053  pg -0.0227  v 0.007  ev +0.95  adv_std 0.122  tR -0.33  ent[s/d/p/e] 1.82/2.43/1.28/0.57  emits 0.51  spf 59.5  z0 0.70  garr 60.1  tG 456  e2 0.11  nF 4.8  pS 0.30  ptS 0.30  fLog 0.61  pdΔ -0.2018  pkR 5.26  clip 0.08  kl +0.001
upd  106  steps  219136  sps 1130  opp symm  loss -0.013  pg +0.0151  v 0.011  ev +0.92  adv_std 0.146  tR -0.60  ent[s/d/p/e] 1.77/2.39/1.25/0.59  emits 0.49  spf 59.9  z0 0.69  garr 61.3  tG 473  e2 0.10  nF 4.9  pS 0.30  ptS 0.30  fLog 0.61  pdΔ -0.1982  pkR 5.24  clip 0.07  kl +0.004
upd  107  steps  221184  sps 1137  opp symm  loss -0.035  pg -0.0050  v 0.006  ev +0.95  adv_std 0.111  tR -0.43  ent[s/d/p/e] 1.79/2.35/1.23/0.57  emits 0.51  spf 57.7  z0 0.69  garr 58.9  tG 460  e2 0.10  nF 5.1  pS 0.30  ptS 0.30  fLog 0.60  pdΔ -0.2005  pkR 5.48  clip 0.10  kl +0.001
upd  108  steps  223232  sps 1144  opp symm  loss -0.032  pg -0.0054  v 0.011  ev +0.91  adv_std 0.147  tR -0.33  ent[s/d/p/e] 1.80/2.39/1.27/0.54  emits 0.49  spf 58.7  z0 0.70  garr 58.4  tG 422  e2 0.11  nF 5.2  pS 0.29  ptS 0.29  fLog 0.60  pdΔ -0.2058  pkR 4.32  clip 0.10  kl +0.001
upd  109  steps  225280  sps 1150  opp symm  loss -0.047  pg -0.0171  v 0.005  ev +0.95  adv_std 0.103  tR -0.20  ent[s/d/p/e] 1.78/2.34/1.20/0.56  emits 0.49  spf 57.0  z0 0.69  garr 58.4  tG 448  e2 0.10  nF 5.3  pS 0.30  ptS 0.30  fLog 0.59  pdΔ -0.1989  pkR 3.62  clip 0.06  kl +0.001
upd  110  steps  227328  sps 1157  opp symm  loss -0.049  pg -0.0192  v 0.007  ev +0.93  adv_std 0.116  tR -0.50  ent[s/d/p/e] 1.84/2.39/1.22/0.58  emits 0.56  spf 58.8  z0 0.66  garr 61.1  tG 476  e2 0.12  nF 5.4  pS 0.31  ptS 0.31  fLog 0.61  pdΔ -0.1852  pkR 3.86  clip 0.12  kl +0.003
upd  111  steps  229376  sps 1164  opp symm  loss -0.056  pg -0.0281  v 0.009  ev +0.92  adv_std 0.132  tR +0.33  ent[s/d/p/e] 1.81/2.38/1.17/0.58  emits 0.57  spf 57.6  z0 0.66  garr 57.4  tG 442  e2 0.12  nF 5.9  pS 0.31  ptS 0.31  fLog 0.60  pdΔ -0.1863  pkR 3.75  clip 0.11  kl +0.001
upd  112  steps  231424  sps 1170  opp symm  loss -0.005  pg +0.0238  v 0.008  ev +0.92  adv_std 0.124  tR +1.00  ent[s/d/p/e] 1.80/2.35/1.19/0.58  emits 0.55  spf 54.8  z0 0.67  garr 58.4  tG 460  e2 0.12  nF 5.9  pS 0.33  ptS 0.33  fLog 0.60  pdΔ -0.1685  pkR 3.64  clip 0.12  kl +0.004
upd  113  steps  233472  sps 1177  opp symm  loss -0.064  pg -0.0332  v 0.006  ev +0.95  adv_std 0.105  tR +1.00  ent[s/d/p/e] 1.85/2.37/1.26/0.60  emits 0.66  spf 57.5  z0 0.64  garr 58.8  tG 493  e2 0.15  nF 6.6  pS 0.36  ptS 0.35  fLog 0.60  pdΔ -0.1431  pkR 5.29  clip 0.11  kl +0.001
upd  114  steps  235520  sps 1183  opp symm  loss -0.029  pg +0.0002  v 0.010  ev +0.92  adv_std 0.144  tR -0.33  ent[s/d/p/e] 1.94/2.39/1.25/0.60  emits 0.68  spf 54.6  z0 0.63  garr 55.6  tG 463  e2 0.15  nF 7.2  pS 0.35  ptS 0.35  fLog 0.60  pdΔ -0.1451  pkR 3.19  clip 0.11  kl +0.001
upd  115  steps  237568  sps 1190  opp symm  loss -0.020  pg +0.0089  v 0.009  ev +0.92  adv_std 0.134  tR -0.20  ent[s/d/p/e] 1.92/2.39/1.19/0.60  emits 0.73  spf 52.7  z0 0.62  garr 53.0  tG 438  e2 0.17  nF 7.0  pS 0.35  ptS 0.34  fLog 0.59  pdΔ -0.1508  pkR 3.50  clip 0.08  kl +0.002
upd  116  steps  239616  sps 1196  opp symm  loss -0.010  pg +0.0174  v 0.013  ev +0.90  adv_std 0.161  tR +0.20  ent[s/d/p/e] 2.00/2.44/1.21/0.60  emits 0.73  spf 54.4  z0 0.62  garr 54.5  tG 476  e2 0.16  nF 7.7  pS 0.38  ptS 0.38  fLog 0.60  pdΔ -0.1181  pkR 2.92  clip 0.06  kl +0.001
upd  117  steps  241664  sps 1202  opp symm  loss -0.051  pg -0.0208  v 0.008  ev +0.95  adv_std 0.124  tR +1.00  ent[s/d/p/e] 1.96/2.43/1.26/0.59  emits 0.82  spf 50.8  z0 0.60  garr 50.5  tG 436  e2 0.18  nF 8.0  pS 0.37  ptS 0.37  fLog 0.59  pdΔ -0.1281  pkR 3.40  clip 0.13  kl +0.004
upd  118  steps  243712  sps 1209  opp symm  loss -0.010  pg +0.0213  v 0.006  ev +0.96  adv_std 0.110  tR +0.00  ent[s/d/p/e] 2.00/2.48/1.27/0.58  emits 0.74  spf 50.3  z0 0.62  garr 49.1  tG 433  e2 0.16  nF 8.0  pS 0.37  ptS 0.37  fLog 0.59  pdΔ -0.1256  pkR 3.64  clip 0.13  kl +0.006
upd  119  steps  245760  sps 1215  opp symm  loss -0.017  pg +0.0108  v 0.010  ev +0.94  adv_std 0.139  tR +0.67  ent[s/d/p/e] 1.95/2.44/1.19/0.56  emits 0.82  spf 47.9  z0 0.61  garr 47.9  tG 429  e2 0.17  nF 8.2  pS 0.35  ptS 0.35  fLog 0.57  pdΔ -0.1497  pkR 6.89  clip 0.12  kl +0.004
upd  120  steps  247808  sps 1221  opp symm  loss -0.052  pg -0.0232  v 0.008  ev +0.95  adv_std 0.126  tR +0.00  ent[s/d/p/e] 1.85/2.43/1.25/0.55  emits 0.57  spf 53.3  z0 0.67  garr 46.4  tG 387  e2 0.12  nF 7.0  pS 0.32  ptS 0.32  fLog 0.60  pdΔ -0.1836  pkR 5.60  clip 0.10  kl +0.006
upd  121  steps  249856  sps 1227  opp symm  loss -0.064  pg -0.0354  v 0.010  ev +0.94  adv_std 0.138  tR +0.25  ent[s/d/p/e] 1.89/2.45/1.31/0.56  emits 0.68  spf 53.2  z0 0.65  garr 47.5  tG 386  e2 0.14  nF 6.3  pS 0.31  ptS 0.31  fLog 0.59  pdΔ -0.1916  pkR 5.57  clip 0.09  kl +0.005
upd  122  steps  251904  sps 1233  opp symm  loss -0.031  pg -0.0008  v 0.007  ev +0.96  adv_std 0.116  tR +0.00  ent[s/d/p/e] 1.85/2.43/1.28/0.57  emits 0.69  spf 50.7  z0 0.65  garr 46.4  tG 368  e2 0.14  nF 6.9  pS 0.32  ptS 0.31  fLog 0.59  pdΔ -0.1843  pkR 5.63  clip 0.13  kl +0.005
upd  123  steps  253952  sps 1240  opp symm  loss -0.033  pg -0.0062  v 0.011  ev +0.92  adv_std 0.151  tR +0.11  ent[s/d/p/e] 1.76/2.42/1.29/0.56  emits 0.64  spf 48.8  z0 0.66  garr 46.9  tG 364  e2 0.14  nF 6.3  pS 0.31  ptS 0.31  fLog 0.59  pdΔ -0.1863  pkR 9.14  clip 0.10  kl +0.002
upd  124  steps  256000  sps 1246  opp symm  loss -0.019  pg +0.0097  v 0.009  ev +0.93  adv_std 0.139  tR +0.00  ent[s/d/p/e] 1.85/2.48/1.26/0.55  emits 0.71  spf 46.1  z0 0.65  garr 46.1  tG 335  e2 0.14  nF 6.7  pS 0.31  ptS 0.30  fLog 0.58  pdΔ -0.1900  pkR 4.03  clip 0.12  kl +0.001
upd  125  steps  258048  sps 1252  opp symm  loss -0.012  pg +0.0186  v 0.006  ev +0.97  adv_std 0.105  tR +0.00  ent[s/d/p/e] 1.83/2.47/1.31/0.54  emits 0.63  spf 47.1  z0 0.68  garr 46.6  tG 334  e2 0.13  nF 6.5  pS 0.31  ptS 0.30  fLog 0.58  pdΔ -0.1936  pkR 4.54  clip 0.10  kl +0.001
upd  126  steps  260096  sps 1258  opp symm  loss -0.046  pg -0.0155  v 0.006  ev +0.97  adv_std 0.113  tR +0.20  ent[s/d/p/e] 1.90/2.50/1.32/0.57  emits 0.64  spf 52.8  z0 0.67  garr 49.6  tG 375  e2 0.14  nF 6.5  pS 0.33  ptS 0.32  fLog 0.60  pdΔ -0.1713  pkR 4.78  clip 0.09  kl +0.003
upd  127  steps  262144  sps 1264  opp symm  loss -0.026  pg +0.0031  v 0.008  ev +0.96  adv_std 0.123  tR +0.00  ent[s/d/p/e] 1.85/2.46/1.30/0.54  emits 0.56  spf 55.2  z0 0.70  garr 51.7  tG 392  e2 0.11  nF 6.0  pS 0.32  ptS 0.31  fLog 0.61  pdΔ -0.1821  pkR 5.52  clip 0.14  kl +0.004
upd  128  steps  264192  sps 1269  opp symm  loss -0.008  pg +0.0208  v 0.009  ev +0.95  adv_std 0.132  tR -0.33  ent[s/d/p/e] 1.86/2.46/1.32/0.56  emits 0.59  spf 58.0  z0 0.68  garr 54.6  tG 417  e2 0.12  nF 6.1  pS 0.33  ptS 0.32  fLog 0.61  pdΔ -0.1726  pkR 3.72  clip 0.14  kl +0.008
upd  129  steps  266240  sps 1275  opp symm  loss -0.015  pg +0.0141  v 0.008  ev +0.96  adv_std 0.124  tR -0.33  ent[s/d/p/e] 1.81/2.46/1.28/0.55  emits 0.48  spf 57.4  z0 0.73  garr 60.3  tG 458  e2 0.10  nF 5.4  pS 0.34  ptS 0.32  fLog 0.61  pdΔ -0.1635  pkR 3.80  clip 0.04  kl +0.003
upd  130  steps  268288  sps 1281  opp symm  loss -0.005  pg +0.0226  v 0.010  ev +0.95  adv_std 0.143  tR +0.00  ent[s/d/p/e] 1.80/2.46/1.33/0.54  emits 0.50  spf 56.8  z0 0.71  garr 62.3  tG 470  e2 0.09  nF 5.2  pS 0.33  ptS 0.32  fLog 0.61  pdΔ -0.1717  pkR 3.67  clip 0.08  kl +0.002
upd  131  steps  270336  sps 1287  opp symm  loss -0.039  pg -0.0110  v 0.010  ev +0.95  adv_std 0.138  tR +0.00  ent[s/d/p/e] 1.85/2.46/1.30/0.53  emits 0.50  spf 59.9  z0 0.72  garr 63.0  tG 503  e2 0.10  nF 5.4  pS 0.34  ptS 0.33  fLog 0.61  pdΔ -0.1597  pkR 3.51  clip 0.08  kl +0.002
upd  132  steps  272384  sps 1293  opp symm  loss -0.044  pg -0.0174  v 0.012  ev +0.93  adv_std 0.158  tR -0.14  ent[s/d/p/e] 1.78/2.47/1.30/0.54  emits 0.48  spf 63.3  z0 0.73  garr 66.2  tG 513  e2 0.10  nF 5.5  pS 0.33  ptS 0.32  fLog 0.62  pdΔ -0.1701  pkR 3.83  clip 0.14  kl +0.005
upd  133  steps  274432  sps 1299  opp symm  loss -0.027  pg +0.0029  v 0.007  ev +0.96  adv_std 0.116  tR -0.50  ent[s/d/p/e] 1.71/2.44/1.32/0.57  emits 0.54  spf 57.5  z0 0.68  garr 60.6  tG 463  e2 0.11  nF 5.7  pS 0.33  ptS 0.32  fLog 0.60  pdΔ -0.1691  pkR 3.85  clip 0.13  kl +0.006
upd  134  steps  276480  sps 1304  opp symm  loss -0.000  pg +0.0282  v 0.008  ev +0.95  adv_std 0.128  tR +0.00  ent[s/d/p/e] 1.69/2.42/1.32/0.55  emits 0.46  spf 58.2  z0 0.71  garr 62.8  tG 497  e2 0.09  nF 5.1  pS 0.33  ptS 0.33  fLog 0.61  pdΔ -0.1688  pkR 4.01  clip 0.08  kl +0.001
upd  135  steps  278528  sps 1310  opp symm  loss -0.035  pg -0.0049  v 0.005  ev +0.97  adv_std 0.104  tR -1.00  ent[s/d/p/e] 1.70/2.40/1.33/0.57  emits 0.55  spf 62.7  z0 0.67  garr 63.1  tG 491  e2 0.11  nF 5.4  pS 0.33  ptS 0.33  fLog 0.62  pdΔ -0.1669  pkR 3.60  clip 0.08  kl +0.000
upd  136  steps  280576  sps 1315  opp symm  loss -0.005  pg +0.0220  v 0.010  ev +0.93  adv_std 0.139  tR +0.00  ent[s/d/p/e] 1.75/2.42/1.27/0.55  emits 0.57  spf 58.6  z0 0.67  garr 65.1  tG 497  e2 0.12  nF 5.6  pS 0.34  ptS 0.33  fLog 0.61  pdΔ -0.1605  pkR 3.40  clip 0.11  kl +0.004
upd  137  steps  282624  sps 1321  opp symm  loss -0.033  pg -0.0028  v 0.006  ev +0.96  adv_std 0.107  tR -0.20  ent[s/d/p/e] 1.74/2.39/1.28/0.56  emits 0.58  spf 55.7  z0 0.68  garr 61.9  tG 468  e2 0.12  nF 5.6  pS 0.33  ptS 0.33  fLog 0.60  pdΔ -0.1698  pkR 3.51  clip 0.14  kl +0.005
upd  138  steps  284672  sps 1327  opp symm  loss -0.024  pg +0.0052  v 0.006  ev +0.97  adv_std 0.103  tR +0.25  ent[s/d/p/e] 1.73/2.41/1.28/0.54  emits 0.54  spf 56.7  z0 0.70  garr 63.7  tG 494  e2 0.11  nF 5.2  pS 0.33  ptS 0.33  fLog 0.60  pdΔ -0.1695  pkR 3.50  clip 0.09  kl +0.003
upd  139  steps  286720  sps 1332  opp symm  loss +0.034  pg +0.0620  v 0.008  ev +0.94  adv_std 0.123  tR +1.00  ent[s/d/p/e] 1.60/2.37/1.31/0.54  emits 0.56  spf 53.5  z0 0.71  garr 63.9  tG 460  e2 0.11  nF 5.1  pS 0.30  ptS 0.29  fLog 0.60  pdΔ -0.1994  pkR 4.27  clip 0.12  kl +0.000
upd  140  steps  288768  sps 1338  opp symm  loss -0.010  pg +0.0164  v 0.011  ev +0.92  adv_std 0.146  tR +0.00  ent[s/d/p/e] 1.63/2.42/1.26/0.51  emits 0.55  spf 53.5  z0 0.70  garr 64.1  tG 479  e2 0.11  nF 5.3  pS 0.31  ptS 0.31  fLog 0.60  pdΔ -0.1879  pkR 4.36  clip 0.12  kl +0.004
upd  141  steps  290816  sps 1343  opp symm  loss -0.009  pg +0.0176  v 0.009  ev +0.93  adv_std 0.137  tR +1.00  ent[s/d/p/e] 1.69/2.42/1.31/0.51  emits 0.55  spf 51.6  z0 0.72  garr 66.4  tG 495  e2 0.10  nF 5.7  pS 0.32  ptS 0.31  fLog 0.58  pdΔ -0.1820  pkR 4.88  clip 0.09  kl +0.003
upd  142  steps  292864  sps 1348  opp symm  loss -0.000  pg +0.0261  v 0.008  ev +0.94  adv_std 0.122  tR +0.33  ent[s/d/p/e] 1.40/2.31/1.36/0.48  emits 0.34  spf 63.4  z0 0.76  garr 74.1  tG 545  e2 0.06  nF 3.6  pS 0.29  ptS 0.29  fLog 0.62  pdΔ -0.2093  pkR 5.22  clip 0.09  kl +0.002
upd  143  steps  294912  sps 1354  opp symm  loss -0.049  pg -0.0218  v 0.007  ev +0.95  adv_std 0.120  tR -1.00  ent[s/d/p/e] 1.42/2.30/1.34/0.51  emits 0.35  spf 64.8  z0 0.76  garr 82.0  tG 598  e2 0.07  nF 3.7  pS 0.29  ptS 0.28  fLog 0.61  pdΔ -0.2126  pkR 5.48  clip 0.10  kl +0.002
upd  144  steps  296960  sps 1359  opp symm  loss -0.008  pg +0.0183  v 0.010  ev +0.95  adv_std 0.138  tR +0.50  ent[s/d/p/e] 1.51/2.34/1.36/0.50  emits 0.35  spf 70.3  z0 0.77  garr 85.3  tG 648  e2 0.06  nF 3.7  pS 0.29  ptS 0.28  fLog 0.63  pdΔ -0.2116  pkR 5.32  clip 0.07  kl +0.001
upd  145  steps  299008  sps 1365  opp symm  loss -0.035  pg -0.0074  v 0.007  ev +0.96  adv_std 0.121  tR -0.33  ent[s/d/p/e] 1.54/2.33/1.33/0.51  emits 0.39  spf 73.4  z0 0.74  garr 80.8  tG 628  e2 0.08  nF 4.2  pS 0.30  ptS 0.29  fLog 0.63  pdΔ -0.2001  pkR 4.83  clip 0.07  kl +0.001
upd  146  steps  301056  sps 1370  opp symm  loss -0.019  pg +0.0049  v 0.014  ev +0.92  adv_std 0.164  tR -0.11  ent[s/d/p/e] 1.46/2.26/1.27/0.52  emits 0.39  spf 67.6  z0 0.73  garr 74.6  tG 581  e2 0.07  nF 3.8  pS 0.28  ptS 0.28  fLog 0.62  pdΔ -0.2157  pkR 4.92  clip 0.07  kl +0.001
upd  147  steps  303104  sps 1375  opp symm  loss +0.001  pg +0.0268  v 0.007  ev +0.96  adv_std 0.122  tR +0.00  ent[s/d/p/e] 1.43/2.23/1.21/0.50  emits 0.37  spf 69.2  z0 0.75  garr 74.8  tG 596  e2 0.07  nF 3.8  pS 0.28  ptS 0.28  fLog 0.61  pdΔ -0.2169  pkR 5.81  clip 0.12  kl +0.002
upd  148  steps  305152  sps 1380  opp symm  loss -0.036  pg -0.0092  v 0.007  ev +0.96  adv_std 0.126  tR -0.56  ent[s/d/p/e] 1.46/2.29/1.30/0.50  emits 0.37  spf 69.2  z0 0.76  garr 73.7  tG 582  e2 0.07  nF 3.9  pS 0.27  ptS 0.27  fLog 0.62  pdΔ -0.2260  pkR 5.75  clip 0.09  kl +0.001
upd  149  steps  307200  sps 1386  opp symm  loss -0.025  pg +0.0016  v 0.008  ev +0.95  adv_std 0.126  tR -0.20  ent[s/d/p/e] 1.54/2.38/1.23/0.49  emits 0.36  spf 70.8  z0 0.77  garr 80.0  tG 614  e2 0.07  nF 3.9  pS 0.28  ptS 0.27  fLog 0.63  pdΔ -0.2184  pkR 5.47  clip 0.08  kl +0.003
upd  150  steps  309248  sps 1391  opp symm  loss +0.008  pg +0.0354  v 0.007  ev +0.96  adv_std 0.119  tR -0.33  ent[s/d/p/e] 1.59/2.38/1.25/0.50  emits 0.35  spf 72.3  z0 0.78  garr 84.6  tG 659  e2 0.06  nF 3.6  pS 0.29  ptS 0.28  fLog 0.63  pdΔ -0.2064  pkR 5.64  clip 0.06  kl +0.003
upd  151  steps  311296  sps 1396  opp symm  loss -0.046  pg -0.0195  v 0.008  ev +0.96  adv_std 0.127  tR +1.00  ent[s/d/p/e] 1.59/2.42/1.28/0.50  emits 0.35  spf 78.9  z0 0.79  garr 92.7  tG 707  e2 0.07  nF 3.7  pS 0.29  ptS 0.28  fLog 0.64  pdΔ -0.2138  pkR 6.80  clip 0.07  kl +0.002
upd  152  steps  313344  sps 1401  opp symm  loss -0.007  pg +0.0119  v 0.022  ev +0.86  adv_std 0.215  tR -0.14  ent[s/d/p/e] 1.40/2.35/1.28/0.51  emits 0.36  spf 92.0  z0 0.76  garr 86.8  tG 657  e2 0.07  nF 3.4  pS 0.28  ptS 0.27  fLog 0.65  pdΔ -0.2197  pkR 7.88  clip 0.08  kl +0.004
upd  153  steps  315392  sps 1406  opp symm  loss -0.045  pg -0.0171  v 0.006  ev +0.96  adv_std 0.109  tR -0.33  ent[s/d/p/e] 1.44/2.39/1.28/0.52  emits 0.38  spf 75.8  z0 0.75  garr 74.1  tG 554  e2 0.07  nF 3.4  pS 0.29  ptS 0.28  fLog 0.64  pdΔ -0.2119  pkR 5.28  clip 0.07  kl +0.001
upd  154  steps  317440  sps 1411  opp symm  loss +0.003  pg +0.0293  v 0.008  ev +0.94  adv_std 0.128  tR +0.25  ent[s/d/p/e] 1.41/2.37/1.25/0.50  emits 0.38  spf 71.7  z0 0.75  garr 72.2  tG 525  e2 0.07  nF 3.3  pS 0.28  ptS 0.28  fLog 0.64  pdΔ -0.2157  pkR 7.07  clip 0.07  kl +0.004
upd  155  steps  319488  sps 1416  opp symm  loss -0.010  pg +0.0192  v 0.005  ev +0.96  adv_std 0.105  tR -1.00  ent[s/d/p/e] 1.44/2.38/1.34/0.53  emits 0.42  spf 78.3  z0 0.73  garr 74.0  tG 524  e2 0.09  nF 3.4  pS 0.29  ptS 0.29  fLog 0.66  pdΔ -0.2089  pkR 8.15  clip 0.06  kl +0.001
upd  156  steps  321536  sps 1421  opp symm  loss -0.034  pg -0.0047  v 0.005  ev +0.97  adv_std 0.098  tR -0.33  ent[s/d/p/e] 1.52/2.42/1.33/0.54  emits 0.44  spf 69.8  z0 0.72  garr 75.1  tG 543  e2 0.09  nF 3.7  pS 0.32  ptS 0.31  fLog 0.64  pdΔ -0.1848  pkR 6.67  clip 0.09  kl +0.005
upd  157  steps  323584  sps 1426  opp symm  loss -0.012  pg +0.0161  v 0.007  ev +0.95  adv_std 0.117  tR +0.00  ent[s/d/p/e] 1.52/2.41/1.36/0.51  emits 0.37  spf 69.2  z0 0.76  garr 81.0  tG 574  e2 0.06  nF 3.5  pS 0.32  ptS 0.31  fLog 0.64  pdΔ -0.1839  pkR 5.14  clip 0.06  kl +0.001
upd  158  steps  325632  sps 1431  opp symm  loss -0.015  pg +0.0124  v 0.009  ev +0.94  adv_std 0.132  tR +0.00  ent[s/d/p/e] 1.53/2.39/1.37/0.53  emits 0.47  spf 68.3  z0 0.73  garr 79.5  tG 577  e2 0.09  nF 3.8  pS 0.32  ptS 0.31  fLog 0.63  pdΔ -0.1803  pkR 3.49  clip 0.06  kl +0.002
upd  159  steps  327680  sps 1436  opp symm  loss -0.030  pg -0.0014  v 0.006  ev +0.96  adv_std 0.110  tR +1.00  ent[s/d/p/e] 1.62/2.41/1.36/0.54  emits 0.50  spf 69.9  z0 0.72  garr 74.8  tG 573  e2 0.11  nF 4.4  pS 0.33  ptS 0.32  fLog 0.64  pdΔ -0.1659  pkR 2.94  clip 0.08  kl +0.001
upd  160  steps  329728  sps 1441  opp symm  loss -0.040  pg -0.0106  v 0.006  ev +0.96  adv_std 0.110  tR +0.00  ent[s/d/p/e] 1.59/2.43/1.36/0.55  emits 0.41  spf 72.5  z0 0.74  garr 82.3  tG 651  e2 0.08  nF 4.0  pS 0.34  ptS 0.33  fLog 0.63  pdΔ -0.1598  pkR 2.99  clip 0.06  kl +0.004
upd  161  steps  331776  sps 1446  opp symm  loss -0.039  pg -0.0102  v 0.008  ev +0.95  adv_std 0.125  tR +0.20  ent[s/d/p/e] 1.60/2.40/1.34/0.59  emits 0.50  spf 75.2  z0 0.69  garr 80.7  tG 667  e2 0.10  nF 4.2  pS 0.36  ptS 0.34  fLog 0.64  pdΔ -0.1436  pkR 2.95  clip 0.09  kl +0.004
upd  162  steps  333824  sps 1451  opp symm  loss -0.013  pg +0.0159  v 0.007  ev +0.95  adv_std 0.123  tR +1.00  ent[s/d/p/e] 1.53/2.36/1.37/0.57  emits 0.45  spf 76.6  z0 0.70  garr 76.3  tG 628  e2 0.10  nF 3.8  pS 0.34  ptS 0.33  fLog 0.65  pdΔ -0.1569  pkR 3.54  clip 0.05  kl +0.003
upd  163  steps  335872  sps 1455  opp symm  loss -0.068  pg -0.0401  v 0.009  ev +0.94  adv_std 0.133  tR -0.11  ent[s/d/p/e] 1.56/2.42/1.33/0.56  emits 0.41  spf 76.6  z0 0.72  garr 73.8  tG 597  e2 0.08  nF 3.6  pS 0.33  ptS 0.32  fLog 0.65  pdΔ -0.1701  pkR 3.56  clip 0.06  kl +0.003
upd  164  steps  337920  sps 1460  opp symm  loss -0.057  pg -0.0284  v 0.008  ev +0.94  adv_std 0.126  tR +0.00  ent[s/d/p/e] 1.54/2.31/1.30/0.57  emits 0.48  spf 67.4  z0 0.68  garr 71.0  tG 564  e2 0.09  nF 4.3  pS 0.32  ptS 0.31  fLog 0.62  pdΔ -0.1799  pkR 3.67  clip 0.06  kl +0.000
upd  165  steps  339968  sps 1465  opp symm  loss -0.047  pg -0.0172  v 0.006  ev +0.96  adv_std 0.108  tR +0.00  ent[s/d/p/e] 1.59/2.31/1.24/0.58  emits 0.58  spf 66.5  z0 0.66  garr 62.1  tG 507  e2 0.13  nF 5.2  pS 0.33  ptS 0.33  fLog 0.62  pdΔ -0.1661  pkR 4.61  clip 0.07  kl +0.001
upd  166  steps  342016  sps 1470  opp symm  loss -0.067  pg -0.0371  v 0.005  ev +0.96  adv_std 0.105  tR +0.33  ent[s/d/p/e] 1.56/2.33/1.32/0.58  emits 0.56  spf 64.7  z0 0.66  garr 62.8  tG 520  e2 0.12  nF 4.9  pS 0.33  ptS 0.34  fLog 0.62  pdΔ -0.1652  pkR 5.09  clip 0.06  kl -0.001
upd  167  steps  344064  sps 1474  opp symm  loss -0.034  pg -0.0051  v 0.007  ev +0.96  adv_std 0.114  tR -0.60  ent[s/d/p/e] 1.55/2.35/1.30/0.56  emits 0.54  spf 64.7  z0 0.67  garr 63.1  tG 539  e2 0.12  nF 5.1  pS 0.34  ptS 0.34  fLog 0.63  pdΔ -0.1575  pkR 4.52  clip 0.09  kl +0.003
upd  168  steps  346112  sps 1479  opp symm  loss -0.036  pg -0.0086  v 0.008  ev +0.96  adv_std 0.133  tR -0.33  ent[s/d/p/e] 1.53/2.30/1.24/0.58  emits 0.60  spf 62.0  z0 0.65  garr 59.9  tG 513  e2 0.12  nF 5.1  pS 0.34  ptS 0.34  fLog 0.62  pdΔ -0.1575  pkR 3.98  clip 0.07  kl +0.001
upd  169  steps  348160  sps 1484  opp symm  loss -0.022  pg +0.0061  v 0.008  ev +0.96  adv_std 0.127  tR -0.33  ent[s/d/p/e] 1.58/2.32/1.28/0.57  emits 0.65  spf 58.9  z0 0.65  garr 56.2  tG 491  e2 0.14  nF 5.4  pS 0.35  ptS 0.34  fLog 0.61  pdΔ -0.1499  pkR 4.93  clip 0.07  kl +0.003
upd  170  steps  350208  sps 1488  opp symm  loss -0.028  pg -0.0034  v 0.013  ev +0.94  adv_std 0.161  tR -0.33  ent[s/d/p/e] 1.54/2.25/1.26/0.56  emits 0.60  spf 51.5  z0 0.65  garr 53.2  tG 474  e2 0.13  nF 6.2  pS 0.34  ptS 0.34  fLog 0.59  pdΔ -0.1561  pkR 8.44  clip 0.10  kl +0.001
upd  171  steps  352256  sps 1493  opp symm  loss -0.050  pg -0.0236  v 0.010  ev +0.95  adv_std 0.147  tR +0.33  ent[s/d/p/e] 1.61/2.31/1.28/0.56  emits 0.69  spf 52.8  z0 0.65  garr 52.7  tG 448  e2 0.15  nF 6.2  pS 0.35  ptS 0.34  fLog 0.60  pdΔ -0.1547  pkR 9.60  clip 0.12  kl +0.002
upd  172  steps  354304  sps 1497  opp symm  loss -0.052  pg -0.0262  v 0.011  ev +0.95  adv_std 0.145  tR +0.11  ent[s/d/p/e] 1.44/2.24/1.31/0.55  emits 0.56  spf 54.5  z0 0.68  garr 54.7  tG 440  e2 0.12  nF 5.4  pS 0.31  ptS 0.31  fLog 0.60  pdΔ -0.1859  pkR 4.58  clip 0.08  kl +0.000
upd  173  steps  356352  sps 1502  opp symm  loss -0.045  pg -0.0169  v 0.006  ev +0.98  adv_std 0.107  tR -0.33  ent[s/d/p/e] 1.40/2.14/1.29/0.55  emits 0.58  spf 51.3  z0 0.67  garr 53.1  tG 433  e2 0.13  nF 5.0  pS 0.31  ptS 0.30  fLog 0.59  pdΔ -0.1941  pkR 5.29  clip 0.08  kl +0.003
upd  174  steps  358400  sps 1507  opp symm  loss +0.010  pg +0.0389  v 0.006  ev +0.98  adv_std 0.113  tR -0.33  ent[s/d/p/e] 1.51/2.25/1.33/0.56  emits 0.65  spf 51.2  z0 0.65  garr 54.3  tG 449  e2 0.15  nF 5.8  pS 0.33  ptS 0.32  fLog 0.59  pdΔ -0.1738  pkR 5.47  clip 0.15  kl +0.006
upd  175  steps  360448  sps 1511  opp symm  loss -0.010  pg +0.0160  v 0.011  ev +0.96  adv_std 0.153  tR -0.14  ent[s/d/p/e] 1.59/2.26/1.34/0.54  emits 0.66  spf 49.7  z0 0.67  garr 53.3  tG 457  e2 0.14  nF 5.8  pS 0.33  ptS 0.33  fLog 0.59  pdΔ -0.1685  pkR 6.64  clip 0.09  kl +0.003
upd  176  steps  362496  sps 1515  opp symm  loss -0.046  pg -0.0191  v 0.008  ev +0.97  adv_std 0.131  tR -0.14  ent[s/d/p/e] 1.53/2.27/1.31/0.51  emits 0.52  spf 53.6  z0 0.71  garr 57.5  tG 486  e2 0.10  nF 4.9  pS 0.31  ptS 0.31  fLog 0.60  pdΔ -0.1854  pkR 4.82  clip 0.12  kl +0.003
upd  177  steps  364544  sps 1520  opp symm  loss -0.002  pg +0.0226  v 0.011  ev +0.95  adv_std 0.148  tR +0.60  ent[s/d/p/e] 1.39/2.15/1.27/0.51  emits 0.52  spf 56.1  z0 0.71  garr 62.6  tG 482  e2 0.10  nF 4.2  pS 0.28  ptS 0.27  fLog 0.59  pdΔ -0.2189  pkR 6.24  clip 0.10  kl +0.005
upd  178  steps  366592  sps 1524  opp symm  loss -0.009  pg +0.0185  v 0.005  ev +0.97  adv_std 0.098  tR -0.50  ent[s/d/p/e] 1.45/2.20/1.25/0.52  emits 0.57  spf 53.1  z0 0.70  garr 63.1  tG 475  e2 0.12  nF 5.4  pS 0.29  ptS 0.28  fLog 0.59  pdΔ -0.2107  pkR 6.54  clip 0.09  kl +0.002
upd  179  steps  368640  sps 1529  opp symm  loss +0.006  pg +0.0334  v 0.007  ev +0.96  adv_std 0.115  tR -1.00  ent[s/d/p/e] 1.57/2.32/1.27/0.50  emits 0.51  spf 47.9  z0 0.73  garr 64.6  tG 498  e2 0.10  nF 5.5  pS 0.29  ptS 0.29  fLog 0.58  pdΔ -0.2097  pkR 6.65  clip 0.07  kl +0.002
upd  180  steps  370688  sps 1533  opp symm  loss +0.046  pg +0.0731  v 0.008  ev +0.94  adv_std 0.132  tR -0.20  ent[s/d/p/e] 1.56/2.39/1.31/0.51  emits 0.55  spf 53.1  z0 0.71  garr 70.2  tG 514  e2 0.11  nF 5.5  pS 0.29  ptS 0.29  fLog 0.59  pdΔ -0.2060  pkR 7.22  clip 0.07  kl +0.004
upd  181  steps  372736  sps 1537  opp symm  loss -0.001  pg +0.0261  v 0.006  ev +0.96  adv_std 0.108  tR +0.50  ent[s/d/p/e] 1.46/2.33/1.34/0.49  emits 0.42  spf 56.9  z0 0.75  garr 73.1  tG 533  e2 0.08  nF 4.6  pS 0.31  ptS 0.30  fLog 0.60  pdΔ -0.1936  pkR 6.21  clip 0.05  kl +0.003
upd  182  steps  374784  sps 1542  opp symm  loss -0.040  pg -0.0130  v 0.007  ev +0.95  adv_std 0.118  tR +0.20  ent[s/d/p/e] 1.42/2.27/1.34/0.53  emits 0.45  spf 67.5  z0 0.72  garr 76.8  tG 563  e2 0.09  nF 4.1  pS 0.31  ptS 0.30  fLog 0.63  pdΔ -0.1922  pkR 6.18  clip 0.07  kl +0.001
upd  183  steps  376832  sps 1546  opp symm  loss -0.033  pg -0.0065  v 0.008  ev +0.95  adv_std 0.126  tR +0.33  ent[s/d/p/e] 1.43/2.30/1.33/0.51  emits 0.42  spf 60.8  z0 0.74  garr 78.4  tG 582  e2 0.09  nF 4.0  pS 0.32  ptS 0.31  fLog 0.62  pdΔ -0.1790  pkR 5.34  clip 0.06  kl +0.001
upd  184  steps  378880  sps 1550  opp symm  loss -0.008  pg +0.0191  v 0.006  ev +0.96  adv_std 0.112  tR +0.20  ent[s/d/p/e] 1.39/2.27/1.40/0.50  emits 0.33  spf 67.5  z0 0.78  garr 91.6  tG 679  e2 0.06  nF 3.4  pS 0.32  ptS 0.30  fLog 0.63  pdΔ -0.1827  pkR 4.76  clip 0.06  kl -0.001
upd  185  steps  380928  sps 1555  opp symm  loss -0.022  pg +0.0050  v 0.007  ev +0.95  adv_std 0.113  tR +0.67  ent[s/d/p/e] 1.31/2.22/1.43/0.49  emits 0.33  spf 78.7  z0 0.77  garr 99.5  tG 708  e2 0.06  nF 2.6  pS 0.30  ptS 0.29  fLog 0.64  pdΔ -0.1993  pkR 5.05  clip 0.07  kl +0.001
upd  186  steps  382976  sps 1559  opp symm  loss -0.035  pg -0.0090  v 0.007  ev +0.95  adv_std 0.119  tR -0.20  ent[s/d/p/e] 1.25/2.27/1.42/0.47  emits 0.27  spf 73.9  z0 0.80  garr 101.4  tG 686  e2 0.05  nF 2.5  pS 0.29  ptS 0.27  fLog 0.64  pdΔ -0.2123  pkR 5.37  clip 0.05  kl +0.002
upd  187  steps  385024  sps 1563  opp symm  loss -0.017  pg +0.0086  v 0.009  ev +0.95  adv_std 0.132  tR -0.33  ent[s/d/p/e] 1.37/2.28/1.44/0.48  emits 0.33  spf 81.0  z0 0.79  garr 112.8  tG 759  e2 0.07  nF 2.6  pS 0.30  ptS 0.29  fLog 0.65  pdΔ -0.2021  pkR 4.79  clip 0.04  kl +0.001
upd  188  steps  387072  sps 1567  opp symm  loss -0.016  pg +0.0089  v 0.012  ev +0.92  adv_std 0.157  tR -0.14  ent[s/d/p/e] 1.36/2.28/1.47/0.48  emits 0.33  spf 85.7  z0 0.78  garr 106.2  tG 714  e2 0.06  nF 3.0  pS 0.29  ptS 0.28  fLog 0.66  pdΔ -0.2097  pkR 5.84  clip 0.05  kl +0.001
upd  189  steps  389120  sps 1571  opp symm  loss -0.043  pg -0.0169  v 0.008  ev +0.95  adv_std 0.127  tR -1.00  ent[s/d/p/e] 1.30/2.31/1.41/0.48  emits 0.29  spf 79.9  z0 0.80  garr 95.3  tG 654  e2 0.05  nF 3.1  pS 0.29  ptS 0.28  fLog 0.66  pdΔ -0.2070  pkR 4.81  clip 0.06  kl +0.004
upd  190  steps  391168  sps 1576  opp symm  loss -0.064  pg -0.0370  v 0.006  ev +0.96  adv_std 0.113  tR -0.33  ent[s/d/p/e] 1.22/2.21/1.42/0.52  emits 0.33  spf 82.0  z0 0.77  garr 97.9  tG 710  e2 0.06  nF 2.9  pS 0.31  ptS 0.31  fLog 0.65  pdΔ -0.1851  pkR 3.57  clip 0.08  kl +0.002
upd  191  steps  393216  sps 1580  opp symm  loss -0.040  pg -0.0119  v 0.005  ev +0.97  adv_std 0.099  tR -0.50  ent[s/d/p/e] 1.24/2.21/1.39/0.52  emits 0.35  spf 83.6  z0 0.75  garr 101.5  tG 744  e2 0.07  nF 3.0  pS 0.32  ptS 0.31  fLog 0.66  pdΔ -0.1787  pkR 3.45  clip 0.09  kl +0.003
upd  192  steps  395264  sps 1584  opp symm  loss -0.021  pg +0.0048  v 0.012  ev +0.93  adv_std 0.156  tR +0.00  ent[s/d/p/e] 1.35/2.25/1.43/0.54  emits 0.49  spf 77.1  z0 0.70  garr 88.5  tG 686  e2 0.10  nF 3.9  pS 0.33  ptS 0.33  fLog 0.65  pdΔ -0.1666  pkR 3.22  clip 0.11  kl +0.005
upd  193  steps  397312  sps 1588  opp symm  loss -0.008  pg +0.0208  v 0.006  ev +0.96  adv_std 0.110  tR -0.50  ent[s/d/p/e] 1.37/2.25/1.44/0.54  emits 0.46  spf 71.2  z0 0.73  garr 80.8  tG 651  e2 0.10  nF 4.2  pS 0.34  ptS 0.33  fLog 0.64  pdΔ -0.1596  pkR 3.95  clip 0.06  kl +0.004
upd  194  steps  399360  sps 1592  opp symm  loss -0.014  pg +0.0119  v 0.012  ev +0.93  adv_std 0.156  tR -1.00  ent[s/d/p/e] 1.43/2.28/1.46/0.54  emits 0.49  spf 73.6  z0 0.71  garr 84.6  tG 704  e2 0.10  nF 4.4  pS 0.36  ptS 0.35  fLog 0.64  pdΔ -0.1360  pkR 4.04  clip 0.08  kl +0.002
upd  195  steps  401408  sps 1596  opp symm  loss +0.010  pg +0.0386  v 0.008  ev +0.95  adv_std 0.123  tR +0.67  ent[s/d/p/e] 1.48/2.36/1.52/0.51  emits 0.45  spf 73.9  z0 0.73  garr 89.2  tG 734  e2 0.09  nF 4.4  pS 0.36  ptS 0.35  fLog 0.65  pdΔ -0.1424  pkR 3.83  clip 0.06  kl +0.002
upd  196  steps  403456  sps 1600  opp symm  loss -0.047  pg -0.0174  v 0.006  ev +0.96  adv_std 0.110  tR +0.00  ent[s/d/p/e] 1.56/2.41/1.52/0.52  emits 0.46  spf 74.6  z0 0.74  garr 96.2  tG 762  e2 0.08  nF 3.9  pS 0.34  ptS 0.34  fLog 0.65  pdΔ -0.1573  pkR 3.98  clip 0.08  kl +0.002
upd  197  steps  405504  sps 1604  opp symm  loss -0.037  pg -0.0107  v 0.012  ev +0.92  adv_std 0.155  tR +0.20  ent[s/d/p/e] 1.56/2.42/1.44/0.53  emits 0.45  spf 75.5  z0 0.73  garr 99.0  tG 779  e2 0.08  nF 4.0  pS 0.35  ptS 0.35  fLog 0.65  pdΔ -0.1484  pkR 4.18  clip 0.10  kl +0.003
upd  198  steps  407552  sps 1608  opp symm  loss -0.037  pg -0.0087  v 0.008  ev +0.95  adv_std 0.130  tR +0.00  ent[s/d/p/e] 1.52/2.36/1.50/0.55  emits 0.55  spf 70.7  z0 0.68  garr 82.2  tG 643  e2 0.11  nF 4.8  pS 0.34  ptS 0.34  fLog 0.64  pdΔ -0.1604  pkR 4.48  clip 0.07  kl -0.000
[eval_vs_v20] u199 tag=train_u199  bin0=0.0%  spf=11.32  garr=93.09  flip=15.00%  z0=76.0%  e8=0.0%  e2+=0.8%  WLD=0/3/0
upd  199  steps  409600  sps 1612  opp symm  loss -0.015  pg +0.0142  v 0.007  ev +0.96  adv_std 0.120  tR +0.50  ent[s/d/p/e] 1.56/2.34/1.44/0.53  emits 0.58  spf 62.1  z0 0.71  garr 72.7  tG 559  e2 0.12  nF 5.3  pS 0.34  ptS 0.34  fLog 0.62  pdΔ -0.1632  pkR 4.02  clip 0.07  kl +0.003 WRr 0.19 v20[spf 11.3 flip 15.0% e2+ 0.8%]
[ckpt] saved /home/charlie/project/OrbitWarRL/ckpt_search/v14f_binary_v1_a_p0i4_ORBITWARS_SHAPING_RELEASE_0.012_69a78a36ce/ckpt_000199.pkl opp=symm
upd  200  steps  411648  sps 1267  opp symm  loss -0.038  pg -0.0104  v 0.007  ev +0.95  adv_std 0.118  tR +0.43  ent[s/d/p/e] 1.49/2.31/1.43/0.51  emits 0.55  spf 65.8  z0 0.70  garr 72.2  tG 563  e2 0.11  nF 4.9  pS 0.32  ptS 0.32  fLog 0.63  pdΔ -0.1754  pkR 4.94  clip 0.08  kl +0.000
upd  201  steps  413696  sps 1271  opp symm  loss -0.035  pg -0.0075  v 0.010  ev +0.93  adv_std 0.138  tR +0.25  ent[s/d/p/e] 1.43/2.33/1.44/0.53  emits 0.53  spf 64.6  z0 0.70  garr 65.3  tG 480  e2 0.10  nF 4.9  pS 0.30  ptS 0.30  fLog 0.63  pdΔ -0.1977  pkR 4.59  clip 0.11  kl +0.000
upd  202  steps  415744  sps 1275  opp symm  loss -0.029  pg -0.0027  v 0.008  ev +0.93  adv_std 0.132  tR -0.33  ent[s/d/p/e] 1.21/2.15/1.40/0.54  emits 0.44  spf 63.7  z0 0.71  garr 62.7  tG 459  e2 0.08  nF 4.4  pS 0.29  ptS 0.28  fLog 0.62  pdΔ -0.2144  pkR 5.67  clip 0.08  kl +0.002
upd  203  steps  417792  sps 1278  opp symm  loss -0.029  pg -0.0022  v 0.009  ev +0.94  adv_std 0.133  tR -0.60  ent[s/d/p/e] 1.18/2.16/1.44/0.55  emits 0.47  spf 58.0  z0 0.69  garr 61.4  tG 438  e2 0.10  nF 4.9  pS 0.28  ptS 0.28  fLog 0.61  pdΔ -0.2159  pkR 4.38  clip 0.06  kl -0.001
upd  204  steps  419840  sps 1282  opp symm  loss +0.027  pg +0.0543  v 0.008  ev +0.95  adv_std 0.130  tR +0.00  ent[s/d/p/e] 1.28/2.23/1.42/0.54  emits 0.47  spf 55.5  z0 0.70  garr 62.7  tG 458  e2 0.09  nF 5.1  pS 0.30  ptS 0.29  fLog 0.61  pdΔ -0.2021  pkR 4.02  clip 0.12  kl +0.005
upd  205  steps  421888  sps 1286  opp symm  loss -0.020  pg +0.0065  v 0.010  ev +0.95  adv_std 0.144  tR +0.33  ent[s/d/p/e] 1.33/2.24/1.41/0.54  emits 0.43  spf 60.3  z0 0.72  garr 62.6  tG 468  e2 0.08  nF 4.9  pS 0.30  ptS 0.29  fLog 0.62  pdΔ -0.1998  pkR 4.95  clip 0.11  kl +0.005
upd  206  steps  423936  sps 1289  opp symm  loss -0.025  pg -0.0003  v 0.009  ev +0.95  adv_std 0.134  tR -0.25  ent[s/d/p/e] 1.07/2.10/1.42/0.52  emits 0.42  spf 58.4  z0 0.71  garr 60.2  tG 422  e2 0.08  nF 4.5  pS 0.27  ptS 0.26  fLog 0.60  pdΔ -0.2314  pkR 4.29  clip 0.14  kl +0.004
upd  207  steps  425984  sps 1293  opp symm  loss -0.032  pg -0.0071  v 0.011  ev +0.94  adv_std 0.151  tR +0.33  ent[s/d/p/e] 1.17/2.12/1.42/0.54  emits 0.43  spf 58.0  z0 0.72  garr 60.3  tG 409  e2 0.09  nF 4.5  pS 0.26  ptS 0.26  fLog 0.61  pdΔ -0.2369  pkR 4.46  clip 0.10  kl +0.001
upd  208  steps  428032  sps 1297  opp symm  loss -0.011  pg +0.0155  v 0.007  ev +0.96  adv_std 0.122  tR -1.00  ent[s/d/p/e] 1.22/2.14/1.38/0.51  emits 0.46  spf 52.5  z0 0.71  garr 56.1  tG 375  e2 0.08  nF 4.6  pS 0.26  ptS 0.26  fLog 0.60  pdΔ -0.2407  pkR 5.03  clip 0.14  kl +0.004
upd  209  steps  430080  sps 1300  opp symm  loss -0.017  pg +0.0108  v 0.006  ev +0.97  adv_std 0.113  tR -0.20  ent[s/d/p/e] 1.29/2.15/1.40/0.53  emits 0.47  spf 53.6  z0 0.71  garr 53.9  tG 408  e2 0.09  nF 5.1  pS 0.28  ptS 0.27  fLog 0.60  pdΔ -0.2243  pkR 4.90  clip 0.09  kl +0.001
upd  210  steps  432128  sps 1304  opp symm  loss -0.042  pg -0.0149  v 0.006  ev +0.97  adv_std 0.107  tR -0.33  ent[s/d/p/e] 1.24/2.19/1.38/0.51  emits 0.44  spf 59.2  z0 0.73  garr 56.6  tG 437  e2 0.09  nF 4.6  pS 0.28  ptS 0.27  fLog 0.61  pdΔ -0.2242  pkR 5.57  clip 0.11  kl +0.001
upd  211  steps  434176  sps 1308  opp symm  loss -0.047  pg -0.0200  v 0.008  ev +0.95  adv_std 0.130  tR +0.00  ent[s/d/p/e] 1.31/2.28/1.37/0.54  emits 0.48  spf 58.5  z0 0.72  garr 63.8  tG 494  e2 0.10  nF 4.8  pS 0.31  ptS 0.30  fLog 0.61  pdΔ -0.1893  pkR 5.33  clip 0.10  kl +0.003
upd  212  steps  436224  sps 1311  opp symm  loss -0.078  pg -0.0507  v 0.009  ev +0.95  adv_std 0.137  tR -0.33  ent[s/d/p/e] 1.37/2.29/1.37/0.57  emits 0.54  spf 58.2  z0 0.68  garr 66.6  tG 517  e2 0.11  nF 5.0  pS 0.32  ptS 0.31  fLog 0.62  pdΔ -0.1806  pkR 3.84  clip 0.08  kl +0.005
upd  213  steps  438272  sps 1315  opp symm  loss -0.038  pg -0.0100  v 0.009  ev +0.96  adv_std 0.133  tR +0.00  ent[s/d/p/e] 1.37/2.29/1.35/0.58  emits 0.62  spf 56.6  z0 0.68  garr 61.9  tG 493  e2 0.14  nF 5.9  pS 0.33  ptS 0.33  fLog 0.62  pdΔ -0.1664  pkR 3.81  clip 0.12  kl +0.003
upd  214  steps  440320  sps 1319  opp symm  loss -0.028  pg -0.0023  v 0.010  ev +0.94  adv_std 0.143  tR -0.33  ent[s/d/p/e] 1.41/2.32/1.29/0.55  emits 0.63  spf 54.5  z0 0.66  garr 60.5  tG 482  e2 0.14  nF 6.4  pS 0.34  ptS 0.33  fLog 0.60  pdΔ -0.1633  pkR 4.17  clip 0.14  kl +0.002
upd  215  steps  442368  sps 1322  opp symm  loss -0.019  pg +0.0080  v 0.007  ev +0.95  adv_std 0.121  tR +0.14  ent[s/d/p/e] 1.38/2.25/1.26/0.55  emits 0.63  spf 54.9  z0 0.66  garr 58.9  tG 492  e2 0.13  nF 6.2  pS 0.34  ptS 0.33  fLog 0.60  pdΔ -0.1637  pkR 5.03  clip 0.10  kl +0.002
upd  216  steps  444416  sps 1326  opp symm  loss -0.003  pg +0.0211  v 0.011  ev +0.92  adv_std 0.152  tR +0.00  ent[s/d/p/e] 1.20/2.08/1.24/0.53  emits 0.53  spf 52.5  z0 0.68  garr 60.2  tG 485  e2 0.11  nF 5.9  pS 0.32  ptS 0.31  fLog 0.59  pdΔ -0.1806  pkR 3.86  clip 0.08  kl +0.004
upd  217  steps  446464  sps 1329  opp symm  loss -0.027  pg -0.0024  v 0.011  ev +0.94  adv_std 0.150  tR -0.20  ent[s/d/p/e] 1.24/2.20/1.23/0.55  emits 0.51  spf 58.8  z0 0.70  garr 67.9  tG 537  e2 0.10  nF 5.6  pS 0.32  ptS 0.31  fLog 0.60  pdΔ -0.1815  pkR 4.74  clip 0.10  kl +0.002
upd  218  steps  448512  sps 1333  opp symm  loss -0.010  pg +0.0167  v 0.009  ev +0.96  adv_std 0.132  tR +0.00  ent[s/d/p/e] 1.36/2.29/1.20/0.57  emits 0.58  spf 56.1  z0 0.68  garr 64.6  tG 510  e2 0.13  nF 6.2  pS 0.33  ptS 0.33  fLog 0.61  pdΔ -0.1691  pkR 4.49  clip 0.10  kl +0.002
upd  219  steps  450560  sps 1336  opp symm  loss -0.040  pg -0.0118  v 0.007  ev +0.97  adv_std 0.120  tR +0.20  ent[s/d/p/e] 1.44/2.37/1.18/0.57  emits 0.57  spf 57.0  z0 0.68  garr 66.5  tG 516  e2 0.11  nF 6.4  pS 0.34  ptS 0.34  fLog 0.61  pdΔ -0.1624  pkR 4.34  clip 0.09  kl +0.005
upd  220  steps  452608  sps 1340  opp symm  loss -0.037  pg -0.0091  v 0.007  ev +0.97  adv_std 0.120  tR +0.00  ent[s/d/p/e] 1.41/2.36/1.12/0.57  emits 0.57  spf 58.4  z0 0.68  garr 64.1  tG 505  e2 0.12  nF 5.8  pS 0.33  ptS 0.33  fLog 0.62  pdΔ -0.1692  pkR 3.92  clip 0.06  kl +0.002
upd  221  steps  454656  sps 1343  opp symm  loss -0.029  pg -0.0032  v 0.010  ev +0.96  adv_std 0.140  tR +0.00  ent[s/d/p/e] 1.46/2.37/1.11/0.55  emits 0.58  spf 60.9  z0 0.68  garr 63.6  tG 528  e2 0.12  nF 5.6  pS 0.34  ptS 0.34  fLog 0.63  pdΔ -0.1560  pkR 5.86  clip 0.06  kl +0.002
upd  222  steps  456704  sps 1347  opp symm  loss -0.019  pg +0.0061  v 0.010  ev +0.95  adv_std 0.141  tR +0.00  ent[s/d/p/e] 1.39/2.29/1.12/0.54  emits 0.48  spf 57.1  z0 0.70  garr 59.4  tG 463  e2 0.11  nF 5.2  pS 0.31  ptS 0.30  fLog 0.62  pdΔ -0.1895  pkR 6.42  clip 0.09  kl +0.000
upd  223  steps  458752  sps 1350  opp symm  loss -0.043  pg -0.0170  v 0.007  ev +0.97  adv_std 0.113  tR +0.20  ent[s/d/p/e] 1.31/2.21/1.11/0.56  emits 0.43  spf 61.1  z0 0.71  garr 64.7  tG 489  e2 0.09  nF 4.1  pS 0.30  ptS 0.30  fLog 0.62  pdΔ -0.1989  pkR 3.94  clip 0.10  kl +0.003
upd  224  steps  460800  sps 1354  opp symm  loss -0.036  pg -0.0093  v 0.007  ev +0.97  adv_std 0.123  tR +0.33  ent[s/d/p/e] 1.32/2.21/1.09/0.57  emits 0.48  spf 58.3  z0 0.69  garr 61.8  tG 463  e2 0.10  nF 4.4  pS 0.31  ptS 0.30  fLog 0.61  pdΔ -0.1920  pkR 3.75  clip 0.07  kl -0.001
upd  225  steps  462848  sps 1357  opp symm  loss -0.012  pg +0.0125  v 0.012  ev +0.95  adv_std 0.155  tR -0.60  ent[s/d/p/e] 1.35/2.26/1.12/0.59  emits 0.48  spf 59.0  z0 0.69  garr 62.5  tG 471  e2 0.10  nF 4.8  pS 0.31  ptS 0.31  fLog 0.62  pdΔ -0.1861  pkR 3.65  clip 0.08  kl +0.006
upd  226  steps  464896  sps 1361  opp symm  loss -0.021  pg +0.0067  v 0.007  ev +0.97  adv_std 0.120  tR -0.67  ent[s/d/p/e] 1.40/2.32/1.12/0.60  emits 0.60  spf 54.6  z0 0.65  garr 58.0  tG 447  e2 0.13  nF 5.4  pS 0.33  ptS 0.32  fLog 0.62  pdΔ -0.1720  pkR 4.55  clip 0.05  kl +0.000
upd  227  steps  466944  sps 1364  opp symm  loss -0.040  pg -0.0106  v 0.005  ev +0.98  adv_std 0.099  tR +0.50  ent[s/d/p/e] 1.47/2.36/1.08/0.60  emits 0.65  spf 53.6  z0 0.64  garr 56.8  tG 435  e2 0.14  nF 6.4  pS 0.34  ptS 0.33  fLog 0.61  pdΔ -0.1580  pkR 4.35  clip 0.08  kl -0.001
upd  228  steps  468992  sps 1367  opp symm  loss -0.015  pg +0.0128  v 0.008  ev +0.97  adv_std 0.127  tR +0.67  ent[s/d/p/e] 1.54/2.38/1.07/0.59  emits 0.66  spf 52.6  z0 0.65  garr 57.8  tG 447  e2 0.15  nF 6.3  pS 0.35  ptS 0.34  fLog 0.61  pdΔ -0.1523  pkR 4.31  clip 0.10  kl +0.006
upd  229  steps  471040  sps 1371  opp symm  loss -0.022  pg +0.0045  v 0.008  ev +0.96  adv_std 0.128  tR -0.20  ent[s/d/p/e] 1.42/2.36/1.08/0.58  emits 0.59  spf 58.3  z0 0.67  garr 61.6  tG 475  e2 0.12  nF 5.7  pS 0.34  ptS 0.33  fLog 0.63  pdΔ -0.1598  pkR 3.72  clip 0.08  kl +0.001
upd  230  steps  473088  sps 1374  opp symm  loss -0.010  pg +0.0171  v 0.008  ev +0.97  adv_std 0.124  tR +0.43  ent[s/d/p/e] 1.54/2.41/1.09/0.56  emits 0.64  spf 58.4  z0 0.66  garr 62.8  tG 497  e2 0.14  nF 5.7  pS 0.35  ptS 0.34  fLog 0.63  pdΔ -0.1497  pkR 3.73  clip 0.06  kl +0.002
upd  231  steps  475136  sps 1378  opp symm  loss -0.027  pg -0.0018  v 0.010  ev +0.95  adv_std 0.140  tR +0.20  ent[s/d/p/e] 1.39/2.30/1.09/0.57  emits 0.52  spf 58.1  z0 0.70  garr 65.2  tG 498  e2 0.11  nF 5.0  pS 0.33  ptS 0.32  fLog 0.62  pdΔ -0.1705  pkR 3.57  clip 0.06  kl -0.000
upd  232  steps  477184  sps 1381  opp symm  loss -0.059  pg -0.0355  v 0.014  ev +0.93  adv_std 0.170  tR -0.33  ent[s/d/p/e] 1.42/2.37/1.07/0.58  emits 0.57  spf 63.7  z0 0.67  garr 72.3  tG 548  e2 0.13  nF 5.3  pS 0.34  ptS 0.34  fLog 0.64  pdΔ -0.1562  pkR 3.13  clip 0.08  kl -0.000
upd  233  steps  479232  sps 1384  opp symm  loss -0.012  pg +0.0122  v 0.014  ev +0.94  adv_std 0.168  tR +0.50  ent[s/d/p/e] 1.52/2.37/1.05/0.58  emits 0.62  spf 63.7  z0 0.67  garr 74.4  tG 571  e2 0.14  nF 5.7  pS 0.36  ptS 0.35  fLog 0.64  pdΔ -0.1444  pkR 3.73  clip 0.11  kl +0.003
upd  234  steps  481280  sps 1387  opp symm  loss -0.033  pg -0.0077  v 0.011  ev +0.94  adv_std 0.153  tR +0.33  ent[s/d/p/e] 1.51/2.38/1.07/0.57  emits 0.55  spf 64.1  z0 0.69  garr 74.3  tG 583  e2 0.12  nF 5.7  pS 0.35  ptS 0.35  fLog 0.64  pdΔ -0.1500  pkR 3.04  clip 0.14  kl +0.007
upd  235  steps  483328  sps 1391  opp symm  loss -0.045  pg -0.0224  v 0.015  ev +0.92  adv_std 0.178  tR +0.20  ent[s/d/p/e] 1.47/2.33/1.06/0.57  emits 0.56  spf 62.9  z0 0.68  garr 74.3  tG 603  e2 0.12  nF 5.6  pS 0.35  ptS 0.35  fLog 0.63  pdΔ -0.1477  pkR 3.71  clip 0.07  kl -0.001
upd  236  steps  485376  sps 1394  opp symm  loss -0.030  pg -0.0051  v 0.010  ev +0.95  adv_std 0.142  tR -0.33  ent[s/d/p/e] 1.38/2.24/1.06/0.57  emits 0.56  spf 60.3  z0 0.66  garr 69.7  tG 584  e2 0.11  nF 5.8  pS 0.34  ptS 0.34  fLog 0.62  pdΔ -0.1620  pkR 5.35  clip 0.09  kl +0.002
upd  237  steps  487424  sps 1397  opp symm  loss -0.036  pg -0.0124  v 0.013  ev +0.93  adv_std 0.166  tR -0.60  ent[s/d/p/e] 1.44/2.26/1.07/0.56  emits 0.58  spf 62.3  z0 0.68  garr 69.2  tG 572  e2 0.13  nF 5.9  pS 0.33  ptS 0.32  fLog 0.62  pdΔ -0.1745  pkR 4.39  clip 0.11  kl +0.006
upd  238  steps  489472  sps 1401  opp symm  loss -0.008  pg +0.0166  v 0.012  ev +0.94  adv_std 0.158  tR +0.60  ent[s/d/p/e] 1.53/2.34/1.08/0.56  emits 0.66  spf 51.1  z0 0.66  garr 66.8  tG 556  e2 0.13  nF 6.8  pS 0.34  ptS 0.34  fLog 0.59  pdΔ -0.1624  pkR 5.15  clip 0.09  kl +0.004
upd  239  steps  491520  sps 1404  opp symm  loss -0.005  pg +0.0231  v 0.005  ev +0.98  adv_std 0.097  tR +0.33  ent[s/d/p/e] 1.62/2.31/1.10/0.54  emits 0.62  spf 51.2  z0 0.68  garr 71.6  tG 572  e2 0.12  nF 6.9  pS 0.33  ptS 0.32  fLog 0.59  pdΔ -0.1703  pkR 5.78  clip 0.06  kl +0.002
upd  240  steps  493568  sps 1407  opp symm  loss +0.000  pg +0.0257  v 0.011  ev +0.95  adv_std 0.146  tR +0.20  ent[s/d/p/e] 1.61/2.37/1.14/0.53  emits 0.61  spf 61.6  z0 0.69  garr 78.0  tG 625  e2 0.12  nF 6.0  pS 0.33  ptS 0.32  fLog 0.61  pdΔ -0.1688  pkR 6.76  clip 0.12  kl +0.005
upd  241  steps  495616  sps 1410  opp symm  loss +0.036  pg +0.0615  v 0.009  ev +0.95  adv_std 0.133  tR +0.20  ent[s/d/p/e] 1.61/2.41/1.11/0.51  emits 0.55  spf 61.7  z0 0.71  garr 76.2  tG 623  e2 0.11  nF 5.9  pS 0.34  ptS 0.33  fLog 0.62  pdΔ -0.1602  pkR 7.78  clip 0.19  kl +0.007
upd  242  steps  497664  sps 1414  opp symm  loss -0.035  pg -0.0067  v 0.005  ev +0.98  adv_std 0.099  tR -0.50  ent[s/d/p/e] 1.67/2.40/1.12/0.53  emits 0.59  spf 56.2  z0 0.71  garr 77.6  tG 619  e2 0.12  nF 6.3  pS 0.34  ptS 0.33  fLog 0.61  pdΔ -0.1588  pkR 6.58  clip 0.11  kl +0.003
upd  243  steps  499712  sps 1417  opp symm  loss -0.055  pg -0.0271  v 0.005  ev +0.98  adv_std 0.097  tR +0.00  ent[s/d/p/e] 1.55/2.34/1.17/0.53  emits 0.52  spf 65.2  z0 0.71  garr 90.9  tG 749  e2 0.10  nF 5.5  pS 0.35  ptS 0.34  fLog 0.63  pdΔ -0.1512  pkR 6.85  clip 0.06  kl +0.001
upd  244  steps  501760  sps 1420  opp symm  loss -0.033  pg -0.0064  v 0.008  ev +0.96  adv_std 0.129  tR -0.33  ent[s/d/p/e] 1.61/2.33/1.15/0.53  emits 0.50  spf 72.8  z0 0.71  garr 95.8  tG 824  e2 0.10  nF 4.9  pS 0.37  ptS 0.36  fLog 0.65  pdΔ -0.1327  pkR 5.43  clip 0.09  kl +0.004
upd  245  steps  503808  sps 1423  opp symm  loss -0.036  pg -0.0089  v 0.007  ev +0.97  adv_std 0.118  tR +0.33  ent[s/d/p/e] 1.59/2.31/1.12/0.52  emits 0.52  spf 75.2  z0 0.72  garr 100.0  tG 836  e2 0.10  nF 5.0  pS 0.36  ptS 0.36  fLog 0.65  pdΔ -0.1361  pkR 5.50  clip 0.06  kl +0.000
upd  246  steps  505856  sps 1426  opp symm  loss -0.034  pg -0.0090  v 0.009  ev +0.95  adv_std 0.136  tR -0.20  ent[s/d/p/e] 1.54/2.29/1.12/0.52  emits 0.48  spf 69.5  z0 0.74  garr 92.7  tG 747  e2 0.10  nF 4.5  pS 0.34  ptS 0.34  fLog 0.64  pdΔ -0.1578  pkR 4.52  clip 0.11  kl +0.002
upd  247  steps  507904  sps 1430  opp symm  loss -0.033  pg -0.0095  v 0.014  ev +0.92  adv_std 0.168  tR +0.00  ent[s/d/p/e] 1.58/2.27/1.12/0.53  emits 0.56  spf 68.0  z0 0.71  garr 91.8  tG 721  e2 0.11  nF 5.0  pS 0.33  ptS 0.33  fLog 0.63  pdΔ -0.1650  pkR 5.29  clip 0.10  kl +0.002
upd  248  steps  509952  sps 1433  opp symm  loss -0.009  pg +0.0147  v 0.013  ev +0.92  adv_std 0.160  tR -0.20  ent[s/d/p/e] 1.46/2.23/1.10/0.53  emits 0.48  spf 65.3  z0 0.72  garr 90.4  tG 698  e2 0.10  nF 4.8  pS 0.33  ptS 0.32  fLog 0.62  pdΔ -0.1729  pkR 5.71  clip 0.11  kl +0.003
upd  249  steps  512000  sps 1436  opp symm  loss -0.026  pg -0.0016  v 0.011  ev +0.92  adv_std 0.154  tR -0.50  ent[s/d/p/e] 1.44/2.24/1.10/0.55  emits 0.48  spf 72.5  z0 0.72  garr 91.7  tG 729  e2 0.10  nF 5.1  pS 0.35  ptS 0.34  fLog 0.64  pdΔ -0.1499  pkR 4.79  clip 0.11  kl +0.003
upd  250  steps  514048  sps 1439  opp symm  loss -0.034  pg -0.0091  v 0.010  ev +0.94  adv_std 0.139  tR -0.33  ent[s/d/p/e] 1.42/2.22/1.11/0.52  emits 0.43  spf 69.1  z0 0.73  garr 96.0  tG 773  e2 0.09  nF 4.6  pS 0.36  ptS 0.35  fLog 0.63  pdΔ -0.1414  pkR 4.09  clip 0.11  kl +0.001
upd  251  steps  516096  sps 1442  opp symm  loss -0.001  pg +0.0232  v 0.011  ev +0.93  adv_std 0.143  tR +0.71  ent[s/d/p/e] 1.49/2.17/1.07/0.53  emits 0.54  spf 65.4  z0 0.70  garr 93.6  tG 738  e2 0.11  nF 4.9  pS 0.36  ptS 0.35  fLog 0.63  pdΔ -0.1428  pkR 4.23  clip 0.09  kl +0.004
upd  252  steps  518144  sps 1445  opp symm  loss -0.016  pg +0.0091  v 0.009  ev +0.93  adv_std 0.138  tR +0.14  ent[s/d/p/e] 1.53/2.23/1.07/0.53  emits 0.47  spf 60.6  z0 0.73  garr 93.8  tG 724  e2 0.10  nF 5.0  pS 0.35  ptS 0.34  fLog 0.62  pdΔ -0.1480  pkR 4.11  clip 0.07  kl +0.003
upd  253  steps  520192  sps 1448  opp symm  loss -0.033  pg -0.0090  v 0.008  ev +0.93  adv_std 0.127  tR +0.33  ent[s/d/p/e] 1.29/2.08/1.06/0.49  emits 0.36  spf 68.1  z0 0.76  garr 92.3  tG 692  e2 0.07  nF 3.5  pS 0.32  ptS 0.31  fLog 0.63  pdΔ -0.1819  pkR 3.69  clip 0.05  kl +0.003
upd  254  steps  522240  sps 1451  opp symm  loss -0.014  pg +0.0083  v 0.010  ev +0.92  adv_std 0.144  tR -0.33  ent[s/d/p/e] 1.27/2.02/1.05/0.51  emits 0.40  spf 63.8  z0 0.73  garr 89.5  tG 684  e2 0.07  nF 4.1  pS 0.33  ptS 0.32  fLog 0.62  pdΔ -0.1688  pkR 3.72  clip 0.08  kl +0.004
upd  255  steps  524288  sps 1454  opp symm  loss -0.028  pg -0.0024  v 0.007  ev +0.95  adv_std 0.120  tR +0.00  ent[s/d/p/e] 1.25/2.14/1.05/0.54  emits 0.33  spf 69.9  z0 0.77  garr 105.8  tG 813  e2 0.06  nF 3.6  pS 0.34  ptS 0.33  fLog 0.64  pdΔ -0.1604  pkR 4.42  clip 0.10  kl +0.006
upd  256  steps  526336  sps 1458  opp symm  loss -0.029  pg -0.0035  v 0.006  ev +0.96  adv_std 0.111  tR -0.60  ent[s/d/p/e] 1.35/2.22/1.06/0.53  emits 0.44  spf 75.7  z0 0.74  garr 109.1  tG 845  e2 0.09  nF 3.9  pS 0.35  ptS 0.33  fLog 0.65  pdΔ -0.1514  pkR 4.04  clip 0.09  kl +0.005
upd  257  steps  528384  sps 1461  opp symm  loss -0.027  pg -0.0018  v 0.011  ev +0.93  adv_std 0.149  tR +0.50  ent[s/d/p/e] 1.42/2.29/1.13/0.56  emits 0.48  spf 70.8  z0 0.71  garr 106.3  tG 836  e2 0.10  nF 4.4  pS 0.35  ptS 0.34  fLog 0.64  pdΔ -0.1466  pkR 4.70  clip 0.10  kl +0.003
upd  258  steps  530432  sps 1464  opp symm  loss -0.019  pg +0.0062  v 0.009  ev +0.95  adv_std 0.133  tR +0.20  ent[s/d/p/e] 1.41/2.22/1.04/0.54  emits 0.54  spf 67.5  z0 0.71  garr 98.7  tG 795  e2 0.12  nF 4.8  pS 0.35  ptS 0.34  fLog 0.62  pdΔ -0.1504  pkR 4.86  clip 0.14  kl +0.007
upd  259  steps  532480  sps 1467  opp symm  loss -0.022  pg +0.0016  v 0.012  ev +0.93  adv_std 0.155  tR -0.33  ent[s/d/p/e] 1.46/2.16/1.04/0.57  emits 0.58  spf 64.3  z0 0.67  garr 94.2  tG 770  e2 0.12  nF 5.6  pS 0.36  ptS 0.35  fLog 0.62  pdΔ -0.1415  pkR 4.75  clip 0.08  kl +0.002
upd  260  steps  534528  sps 1470  opp symm  loss -0.015  pg +0.0097  v 0.009  ev +0.95  adv_std 0.133  tR +0.00  ent[s/d/p/e] 1.62/2.22/1.01/0.54  emits 0.57  spf 60.9  z0 0.70  garr 91.3  tG 772  e2 0.12  nF 5.5  pS 0.37  ptS 0.36  fLog 0.62  pdΔ -0.1335  pkR 6.22  clip 0.08  kl +0.001
upd  261  steps  536576  sps 1473  opp symm  loss -0.009  pg +0.0171  v 0.008  ev +0.96  adv_std 0.129  tR -0.50  ent[s/d/p/e] 1.70/2.25/1.02/0.53  emits 0.64  spf 58.2  z0 0.68  garr 96.7  tG 835  e2 0.14  nF 5.8  pS 0.38  ptS 0.38  fLog 0.61  pdΔ -0.1174  pkR 7.20  clip 0.11  kl +0.007
upd  262  steps  538624  sps 1476  opp symm  loss -0.049  pg -0.0246  v 0.010  ev +0.95  adv_std 0.135  tR +0.20  ent[s/d/p/e] 1.58/2.25/0.98/0.52  emits 0.47  spf 65.9  z0 0.73  garr 103.0  tG 908  e2 0.09  nF 5.3  pS 0.38  ptS 0.38  fLog 0.62  pdΔ -0.1172  pkR 7.30  clip 0.08  kl +0.002
upd  263  steps  540672  sps 1479  opp symm  loss -0.048  pg -0.0231  v 0.010  ev +0.94  adv_std 0.140  tR +0.50  ent[s/d/p/e] 1.59/2.27/1.07/0.53  emits 0.45  spf 65.2  z0 0.73  garr 106.9  tG 974  e2 0.09  nF 4.3  pS 0.37  ptS 0.37  fLog 0.61  pdΔ -0.1309  pkR 6.81  clip 0.08  kl +0.000
upd  264  steps  542720  sps 1482  opp symm  loss -0.042  pg -0.0184  v 0.009  ev +0.94  adv_std 0.135  tR -0.33  ent[s/d/p/e] 1.41/2.14/0.98/0.53  emits 0.46  spf 71.9  z0 0.72  garr 94.9  tG 788  e2 0.09  nF 4.3  pS 0.33  ptS 0.33  fLog 0.62  pdΔ -0.1736  pkR 8.28  clip 0.06  kl +0.001
upd  265  steps  544768  sps 1485  opp symm  loss -0.029  pg -0.0049  v 0.010  ev +0.94  adv_std 0.138  tR +0.00  ent[s/d/p/e] 1.36/2.16/1.01/0.54  emits 0.44  spf 66.1  z0 0.72  garr 87.8  tG 720  e2 0.09  nF 4.3  pS 0.32  ptS 0.32  fLog 0.62  pdΔ -0.1810  pkR 4.45  clip 0.11  kl +0.001
upd  266  steps  546816  sps 1488  opp symm  loss -0.012  pg +0.0136  v 0.006  ev +0.95  adv_std 0.112  tR -1.00  ent[s/d/p/e] 1.29/2.10/1.01/0.55  emits 0.50  spf 65.5  z0 0.69  garr 90.0  tG 740  e2 0.11  nF 4.6  pS 0.34  ptS 0.34  fLog 0.62  pdΔ -0.1614  pkR 5.28  clip 0.10  kl +0.004
upd  267  steps  548864  sps 1491  opp symm  loss -0.043  pg -0.0186  v 0.010  ev +0.91  adv_std 0.145  tR +0.33  ent[s/d/p/e] 1.38/2.19/1.07/0.57  emits 0.49  spf 68.6  z0 0.70  garr 94.3  tG 821  e2 0.11  nF 4.9  pS 0.36  ptS 0.36  fLog 0.63  pdΔ -0.1354  pkR 5.30  clip 0.08  kl +0.002
upd  268  steps  550912  sps 1493  opp symm  loss +0.004  pg +0.0284  v 0.010  ev +0.91  adv_std 0.143  tR +0.43  ent[s/d/p/e] 1.28/2.09/1.07/0.55  emits 0.54  spf 63.0  z0 0.68  garr 89.1  tG 763  e2 0.12  nF 4.9  pS 0.35  ptS 0.35  fLog 0.61  pdΔ -0.1469  pkR 5.37  clip 0.08  kl +0.000
upd  269  steps  552960  sps 1496  opp symm  loss -0.025  pg +0.0002  v 0.010  ev +0.90  adv_std 0.138  tR +0.00  ent[s/d/p/e] 1.26/2.09/1.11/0.58  emits 0.54  spf 65.6  z0 0.67  garr 83.0  tG 692  e2 0.12  nF 5.5  pS 0.35  ptS 0.34  fLog 0.62  pdΔ -0.1538  pkR 6.06  clip 0.17  kl +0.003
upd  270  steps  555008  sps 1499  opp symm  loss -0.037  pg -0.0110  v 0.006  ev +0.95  adv_std 0.105  tR +1.00  ent[s/d/p/e] 1.19/2.06/1.07/0.55  emits 0.50  spf 61.4  z0 0.68  garr 87.2  tG 723  e2 0.10  nF 5.1  pS 0.35  ptS 0.34  fLog 0.61  pdΔ -0.1509  pkR 5.64  clip 0.14  kl +0.005
upd  271  steps  557056  sps 1502  opp symm  loss -0.054  pg -0.0283  v 0.008  ev +0.94  adv_std 0.125  tR -1.00  ent[s/d/p/e] 1.33/2.09/1.10/0.58  emits 0.49  spf 65.4  z0 0.69  garr 96.6  tG 809  e2 0.10  nF 5.4  pS 0.37  ptS 0.36  fLog 0.62  pdΔ -0.1310  pkR 4.95  clip 0.12  kl +0.004
upd  272  steps  559104  sps 1505  opp symm  loss -0.015  pg +0.0098  v 0.008  ev +0.94  adv_std 0.131  tR +0.20  ent[s/d/p/e] 1.27/2.02/1.09/0.55  emits 0.52  spf 66.5  z0 0.69  garr 96.0  tG 823  e2 0.11  nF 4.8  pS 0.36  ptS 0.35  fLog 0.62  pdΔ -0.1373  pkR 3.88  clip 0.17  kl +0.006
upd  273  steps  561152  sps 1508  opp symm  loss -0.001  pg +0.0245  v 0.006  ev +0.97  adv_std 0.103  tR +0.43  ent[s/d/p/e] 1.16/1.99/1.10/0.55  emits 0.46  spf 63.4  z0 0.71  garr 86.8  tG 735  e2 0.10  nF 4.3  pS 0.34  ptS 0.32  fLog 0.61  pdΔ -0.1629  pkR 4.44  clip 0.07  kl +0.001
upd  274  steps  563200  sps 1511  opp symm  loss -0.004  pg +0.0200  v 0.006  ev +0.96  adv_std 0.112  tR -1.00  ent[s/d/p/e] 1.09/1.97/1.06/0.52  emits 0.41  spf 62.0  z0 0.73  garr 91.9  tG 757  e2 0.08  nF 4.1  pS 0.32  ptS 0.31  fLog 0.61  pdΔ -0.1776  pkR 4.88  clip 0.16  kl +0.005
upd  275  steps  565248  sps 1514  opp symm  loss -0.037  pg -0.0114  v 0.006  ev +0.96  adv_std 0.112  tR -0.14  ent[s/d/p/e] 1.16/2.02/1.12/0.53  emits 0.33  spf 69.5  z0 0.78  garr 107.9  tG 886  e2 0.07  nF 3.6  pS 0.33  ptS 0.32  fLog 0.62  pdΔ -0.1745  pkR 4.15  clip 0.07  kl +0.004
upd  276  steps  567296  sps 1517  opp symm  loss -0.016  pg +0.0080  v 0.006  ev +0.97  adv_std 0.109  tR +0.20  ent[s/d/p/e] 1.08/1.95/1.10/0.51  emits 0.34  spf 74.7  z0 0.76  garr 111.6  tG 893  e2 0.06  nF 3.3  pS 0.31  ptS 0.31  fLog 0.63  pdΔ -0.1898  pkR 4.84  clip 0.07  kl +0.002
upd  277  steps  569344  sps 1519  opp symm  loss -0.037  pg -0.0120  v 0.006  ev +0.97  adv_std 0.106  tR -0.67  ent[s/d/p/e] 1.05/1.88/1.11/0.53  emits 0.34  spf 71.6  z0 0.76  garr 102.9  tG 864  e2 0.06  nF 3.8  pS 0.31  ptS 0.31  fLog 0.62  pdΔ -0.1875  pkR 5.49  clip 0.08  kl +0.002
upd  278  steps  571392  sps 1522  opp symm  loss -0.027  pg -0.0031  v 0.008  ev +0.96  adv_std 0.125  tR -0.50  ent[s/d/p/e] 1.10/1.88/1.15/0.52  emits 0.39  spf 73.7  z0 0.73  garr 104.4  tG 881  e2 0.07  nF 3.8  pS 0.32  ptS 0.32  fLog 0.63  pdΔ -0.1794  pkR 5.37  clip 0.08  kl +0.003
upd  279  steps  573440  sps 1525  opp symm  loss -0.024  pg +0.0014  v 0.005  ev +0.97  adv_std 0.097  tR +0.50  ent[s/d/p/e] 1.13/1.88/1.13/0.53  emits 0.37  spf 65.5  z0 0.75  garr 95.9  tG 751  e2 0.07  nF 3.7  pS 0.31  ptS 0.30  fLog 0.62  pdΔ -0.1920  pkR 6.22  clip 0.06  kl -0.001
upd  280  steps  575488  sps 1528  opp symm  loss -0.039  pg -0.0135  v 0.004  ev +0.98  adv_std 0.096  tR -0.50  ent[s/d/p/e] 1.19/1.91/1.14/0.52  emits 0.37  spf 72.4  z0 0.76  garr 98.4  tG 774  e2 0.07  nF 3.2  pS 0.31  ptS 0.30  fLog 0.64  pdΔ -0.1931  pkR 5.64  clip 0.09  kl +0.002
upd  281  steps  577536  sps 1531  opp symm  loss -0.024  pg -0.0009  v 0.009  ev +0.95  adv_std 0.134  tR +0.14  ent[s/d/p/e] 1.11/1.84/1.14/0.52  emits 0.40  spf 63.8  z0 0.73  garr 95.3  tG 765  e2 0.08  nF 3.5  pS 0.31  ptS 0.30  fLog 0.62  pdΔ -0.1907  pkR 5.90  clip 0.05  kl +0.002
upd  282  steps  579584  sps 1533  opp symm  loss -0.001  pg +0.0241  v 0.007  ev +0.96  adv_std 0.116  tR +0.00  ent[s/d/p/e] 1.26/1.91/1.17/0.53  emits 0.42  spf 66.3  z0 0.73  garr 92.3  tG 757  e2 0.08  nF 4.3  pS 0.33  ptS 0.31  fLog 0.62  pdΔ -0.1745  pkR 5.02  clip 0.05  kl +0.002
upd  283  steps  581632  sps 1536  opp symm  loss +0.005  pg +0.0293  v 0.008  ev +0.96  adv_std 0.126  tR +1.00  ent[s/d/p/e] 1.22/1.90/1.19/0.53  emits 0.44  spf 67.7  z0 0.73  garr 102.7  tG 859  e2 0.09  nF 4.2  pS 0.33  ptS 0.32  fLog 0.62  pdΔ -0.1652  pkR 4.40  clip 0.07  kl +0.002
upd  284  steps  583680  sps 1539  opp symm  loss -0.014  pg +0.0092  v 0.007  ev +0.97  adv_std 0.122  tR -0.20  ent[s/d/p/e] 1.19/1.86/1.07/0.51  emits 0.36  spf 74.7  z0 0.75  garr 104.0  tG 884  e2 0.07  nF 3.8  pS 0.33  ptS 0.32  fLog 0.63  pdΔ -0.1697  pkR 4.96  clip 0.08  kl +0.003
upd  285  steps  585728  sps 1542  opp symm  loss -0.020  pg +0.0055  v 0.006  ev +0.98  adv_std 0.106  tR +0.00  ent[s/d/p/e] 1.41/1.96/1.15/0.52  emits 0.38  spf 71.7  z0 0.76  garr 118.7  tG 1008  e2 0.07  nF 3.7  pS 0.35  ptS 0.33  fLog 0.63  pdΔ -0.1538  pkR 5.15  clip 0.11  kl +0.007
upd  286  steps  587776  sps 1545  opp symm  loss -0.006  pg +0.0186  v 0.008  ev +0.97  adv_std 0.125  tR +0.33  ent[s/d/p/e] 1.42/1.99/1.12/0.53  emits 0.42  spf 72.1  z0 0.75  garr 132.1  tG 1139  e2 0.08  nF 4.2  pS 0.37  ptS 0.35  fLog 0.63  pdΔ -0.1335  pkR 4.99  clip 0.07  kl +0.001
upd  287  steps  589824  sps 1547  opp symm  loss -0.041  pg -0.0168  v 0.008  ev +0.96  adv_std 0.128  tR +0.50  ent[s/d/p/e] 1.40/1.97/1.09/0.52  emits 0.41  spf 73.3  z0 0.75  garr 143.0  tG 1224  e2 0.08  nF 4.3  pS 0.37  ptS 0.36  fLog 0.62  pdΔ -0.1289  pkR 4.87  clip 0.08  kl -0.000
upd  288  steps  591872  sps 1550  opp symm  loss +0.008  pg +0.0323  v 0.006  ev +0.97  adv_std 0.114  tR -0.60  ent[s/d/p/e] 1.42/1.95/1.00/0.52  emits 0.38  spf 84.5  z0 0.76  garr 153.7  tG 1277  e2 0.08  nF 3.7  pS 0.36  ptS 0.34  fLog 0.65  pdΔ -0.1439  pkR 5.40  clip 0.08  kl +0.004
upd  289  steps  593920  sps 1553  opp symm  loss -0.036  pg -0.0167  v 0.014  ev +0.91  adv_std 0.170  tR +0.25  ent[s/d/p/e] 1.12/1.78/1.00/0.50  emits 0.37  spf 79.8  z0 0.74  garr 133.5  tG 1109  e2 0.07  nF 3.8  pS 0.33  ptS 0.33  fLog 0.63  pdΔ -0.1666  pkR 4.84  clip 0.09  kl +0.005
upd  290  steps  595968  sps 1556  opp symm  loss +0.003  pg +0.0271  v 0.006  ev +0.97  adv_std 0.104  tR +0.00  ent[s/d/p/e] 1.15/1.79/1.04/0.51  emits 0.32  spf 77.8  z0 0.77  garr 120.5  tG 984  e2 0.06  nF 3.5  pS 0.32  ptS 0.31  fLog 0.65  pdΔ -0.1787  pkR 4.12  clip 0.06  kl +0.002
upd  291  steps  598016  sps 1558  opp symm  loss -0.053  pg -0.0302  v 0.008  ev +0.95  adv_std 0.125  tR -0.60  ent[s/d/p/e] 1.22/1.80/1.05/0.52  emits 0.38  spf 73.8  z0 0.74  garr 116.9  tG 986  e2 0.07  nF 3.5  pS 0.34  ptS 0.33  fLog 0.63  pdΔ -0.1633  pkR 4.81  clip 0.08  kl +0.003
upd  292  steps  600064  sps 1561  opp symm  loss -0.036  pg -0.0151  v 0.012  ev +0.94  adv_std 0.154  tR +0.33  ent[s/d/p/e] 1.30/1.79/1.04/0.53  emits 0.44  spf 73.7  z0 0.72  garr 115.2  tG 1000  e2 0.08  nF 4.2  pS 0.35  ptS 0.34  fLog 0.63  pdΔ -0.1532  pkR 4.89  clip 0.06  kl +0.002
upd  293  steps  602112  sps 1564  opp symm  loss +0.046  pg +0.0669  v 0.011  ev +0.94  adv_std 0.148  tR +0.00  ent[s/d/p/e] 1.27/1.73/1.03/0.48  emits 0.40  spf 75.8  z0 0.75  garr 109.1  tG 934  e2 0.08  nF 3.8  pS 0.32  ptS 0.32  fLog 0.63  pdΔ -0.1792  pkR 5.92  clip 0.09  kl +0.002
upd  294  steps  604160  sps 1566  opp symm  loss +0.008  pg +0.0294  v 0.011  ev +0.94  adv_std 0.152  tR +0.33  ent[s/d/p/e] 1.28/1.87/1.04/0.48  emits 0.39  spf 70.9  z0 0.74  garr 109.0  tG 940  e2 0.08  nF 3.8  pS 0.33  ptS 0.33  fLog 0.62  pdΔ -0.1692  pkR 4.38  clip 0.11  kl +0.005
upd  295  steps  606208  sps 1569  opp symm  loss +0.001  pg +0.0241  v 0.009  ev +0.95  adv_std 0.133  tR -1.00  ent[s/d/p/e] 1.25/1.88/1.08/0.50  emits 0.35  spf 77.3  z0 0.77  garr 114.0  tG 980  e2 0.07  nF 3.7  pS 0.34  ptS 0.33  fLog 0.64  pdΔ -0.1641  pkR 4.17  clip 0.07  kl +0.003
upd  296  steps  608256  sps 1572  opp symm  loss +0.002  pg +0.0244  v 0.010  ev +0.95  adv_std 0.145  tR +0.11  ent[s/d/p/e] 1.33/1.83/1.08/0.50  emits 0.39  spf 66.7  z0 0.74  garr 119.8  tG 1044  e2 0.07  nF 3.7  pS 0.34  ptS 0.34  fLog 0.62  pdΔ -0.1633  pkR 4.40  clip 0.07  kl +0.002
upd  297  steps  610304  sps 1574  opp symm  loss -0.005  pg +0.0193  v 0.008  ev +0.96  adv_std 0.131  tR -0.20  ent[s/d/p/e] 1.41/1.87/1.15/0.50  emits 0.42  spf 66.3  z0 0.75  garr 109.3  tG 933  e2 0.08  nF 4.1  pS 0.32  ptS 0.32  fLog 0.61  pdΔ -0.1797  pkR 4.96  clip 0.08  kl +0.003
upd  298  steps  612352  sps 1577  opp symm  loss +0.002  pg +0.0263  v 0.008  ev +0.97  adv_std 0.121  tR +0.50  ent[s/d/p/e] 1.39/1.93/1.10/0.51  emits 0.40  spf 65.8  z0 0.75  garr 106.2  tG 907  e2 0.08  nF 4.0  pS 0.33  ptS 0.32  fLog 0.62  pdΔ -0.1725  pkR 4.75  clip 0.09  kl +0.003
[eval_vs_v20] u299 tag=train_u299  bin0=0.0%  spf=159.00  garr=106.20  flip=0.00%  z0=72.3%  e8=0.0%  e2+=0.0%  WLD=0/3/0
upd  299  steps  614400  sps 1580  opp symm  loss -0.016  pg +0.0055  v 0.011  ev +0.94  adv_std 0.153  tR +0.20  ent[s/d/p/e] 1.30/1.89/1.09/0.51  emits 0.48  spf 70.9  z0 0.71  garr 101.1  tG 856  e2 0.09  nF 4.1  pS 0.32  ptS 0.31  fLog 0.62  pdΔ -0.1799  pkR 5.50  clip 0.08  kl +0.005 WRr 0.16 v20[spf 159.0 flip 0.0% e2+ 0.0%]
upd  300  steps  616448  sps 1273  opp symm  loss +0.005  pg +0.0275  v 0.011  ev +0.94  adv_std 0.143  tR +1.00  ent[s/d/p/e] 1.31/1.91/1.10/0.50  emits 0.42  spf 61.1  z0 0.74  garr 96.4  tG 797  e2 0.08  nF 4.2  pS 0.32  ptS 0.31  fLog 0.61  pdΔ -0.1839  pkR 6.55  clip 0.07  kl +0.000
upd  301  steps  618496  sps 1276  opp symm  loss -0.023  pg +0.0019  v 0.010  ev +0.95  adv_std 0.142  tR +1.00  ent[s/d/p/e] 1.51/2.03/1.17/0.52  emits 0.46  spf 68.5  z0 0.74  garr 114.0  tG 950  e2 0.09  nF 4.3  pS 0.34  ptS 0.33  fLog 0.63  pdΔ -0.1562  pkR 5.87  clip 0.07  kl +0.001
upd  302  steps  620544  sps 1278  opp symm  loss -0.033  pg -0.0113  v 0.013  ev +0.93  adv_std 0.162  tR -0.50  ent[s/d/p/e] 1.45/2.08/1.08/0.50  emits 0.41  spf 78.9  z0 0.76  garr 119.9  tG 1016  e2 0.08  nF 3.9  pS 0.35  ptS 0.34  fLog 0.65  pdΔ -0.1499  pkR 5.66  clip 0.07  kl -0.001
upd  303  steps  622592  sps 1281  opp symm  loss -0.037  pg -0.0143  v 0.014  ev +0.93  adv_std 0.170  tR +0.33  ent[s/d/p/e] 1.61/2.16/1.13/0.53  emits 0.49  spf 77.2  z0 0.73  garr 125.2  tG 1031  e2 0.10  nF 4.1  pS 0.36  ptS 0.35  fLog 0.65  pdΔ -0.1415  pkR 5.40  clip 0.09  kl +0.002
upd  304  steps  624640  sps 1283  opp symm  loss -0.009  pg +0.0155  v 0.009  ev +0.96  adv_std 0.136  tR +0.00  ent[s/d/p/e] 1.50/2.02/1.07/0.52  emits 0.50  spf 65.6  z0 0.72  garr 113.6  tG 942  e2 0.10  nF 4.7  pS 0.36  ptS 0.35  fLog 0.62  pdΔ -0.1365  pkR 5.73  clip 0.09  kl +0.003
upd  305  steps  626688  sps 1286  opp symm  loss -0.025  pg +0.0009  v 0.008  ev +0.96  adv_std 0.125  tR +0.00  ent[s/d/p/e] 1.52/2.07/1.14/0.54  emits 0.53  spf 60.5  z0 0.72  garr 115.3  tG 974  e2 0.11  nF 5.0  pS 0.37  ptS 0.36  fLog 0.61  pdΔ -0.1303  pkR 6.23  clip 0.09  kl +0.001
upd  306  steps  628736  sps 1288  opp symm  loss -0.008  pg +0.0179  v 0.007  ev +0.96  adv_std 0.113  tR +0.60  ent[s/d/p/e] 1.54/2.06/1.12/0.54  emits 0.51  spf 64.5  z0 0.72  garr 125.5  tG 1087  e2 0.11  nF 5.1  pS 0.39  ptS 0.38  fLog 0.61  pdΔ -0.1121  pkR 6.10  clip 0.09  kl +0.005
upd  307  steps  630784  sps 1291  opp symm  loss -0.051  pg -0.0266  v 0.010  ev +0.94  adv_std 0.148  tR -0.60  ent[s/d/p/e] 1.37/1.98/1.07/0.56  emits 0.51  spf 67.7  z0 0.69  garr 117.6  tG 1033  e2 0.11  nF 5.2  pS 0.38  ptS 0.37  fLog 0.62  pdΔ -0.1181  pkR 5.90  clip 0.11  kl +0.004
upd  308  steps  632832  sps 1293  opp symm  loss +0.003  pg +0.0293  v 0.007  ev +0.96  adv_std 0.116  tR +1.00  ent[s/d/p/e] 1.56/2.11/1.09/0.56  emits 0.58  spf 64.3  z0 0.69  garr 112.4  tG 987  e2 0.13  nF 5.4  pS 0.39  ptS 0.38  fLog 0.62  pdΔ -0.1076  pkR 5.86  clip 0.09  kl +0.001
upd  309  steps  634880  sps 1296  opp symm  loss -0.038  pg -0.0121  v 0.008  ev +0.95  adv_std 0.129  tR +0.33  ent[s/d/p/e] 1.59/2.10/1.11/0.54  emits 0.56  spf 68.5  z0 0.70  garr 112.5  tG 977  e2 0.11  nF 5.4  pS 0.39  ptS 0.38  fLog 0.63  pdΔ -0.1071  pkR 5.24  clip 0.06  kl +0.001
upd  310  steps  636928  sps 1298  opp symm  loss -0.021  pg +0.0046  v 0.008  ev +0.96  adv_std 0.126  tR +1.00  ent[s/d/p/e] 1.59/2.12/1.09/0.53  emits 0.52  spf 77.0  z0 0.71  garr 120.5  tG 1053  e2 0.10  nF 4.9  pS 0.40  ptS 0.39  fLog 0.65  pdΔ -0.0995  pkR 5.19  clip 0.08  kl +0.003
upd  311  steps  638976  sps 1301  opp symm  loss -0.032  pg -0.0079  v 0.011  ev +0.95  adv_std 0.146  tR +0.33  ent[s/d/p/e] 1.49/2.04/1.05/0.56  emits 0.48  spf 77.9  z0 0.71  garr 119.6  tG 1045  e2 0.09  nF 4.5  pS 0.39  ptS 0.38  fLog 0.64  pdΔ -0.1069  pkR 5.44  clip 0.09  kl +0.003
upd  312  steps  641024  sps 1303  opp symm  loss -0.029  pg -0.0061  v 0.010  ev +0.95  adv_std 0.142  tR +0.50  ent[s/d/p/e] 1.31/1.84/0.97/0.55  emits 0.48  spf 79.4  z0 0.69  garr 115.9  tG 1000  e2 0.10  nF 4.2  pS 0.37  ptS 0.36  fLog 0.64  pdΔ -0.1256  pkR 4.82  clip 0.09  kl +0.001
upd  313  steps  643072  sps 1306  opp symm  loss +0.005  pg +0.0277  v 0.010  ev +0.95  adv_std 0.141  tR +0.00  ent[s/d/p/e] 1.27/1.85/0.97/0.55  emits 0.45  spf 83.4  z0 0.71  garr 117.0  tG 1002  e2 0.09  nF 4.0  pS 0.37  ptS 0.35  fLog 0.66  pdΔ -0.1329  pkR 5.74  clip 0.13  kl +0.002
upd  314  steps  645120  sps 1308  opp symm  loss -0.008  pg +0.0085  v 0.020  ev +0.91  adv_std 0.205  tR +0.20  ent[s/d/p/e] 1.16/1.76/0.90/0.53  emits 0.38  spf 79.7  z0 0.74  garr 118.8  tG 973  e2 0.07  nF 3.4  pS 0.35  ptS 0.33  fLog 0.65  pdΔ -0.1545  pkR 4.78  clip 0.11  kl +0.003
upd  315  steps  647168  sps 1311  opp symm  loss +0.011  pg +0.0302  v 0.015  ev +0.92  adv_std 0.172  tR -0.33  ent[s/d/p/e] 1.12/1.87/0.93/0.53  emits 0.36  spf 88.6  z0 0.74  garr 120.8  tG 935  e2 0.07  nF 3.1  pS 0.32  ptS 0.30  fLog 0.66  pdΔ -0.1815  pkR 3.55  clip 0.07  kl +0.002
upd  316  steps  649216  sps 1313  opp symm  loss -0.033  pg -0.0094  v 0.007  ev +0.96  adv_std 0.121  tR -1.00  ent[s/d/p/e] 1.26/1.78/0.96/0.53  emits 0.41  spf 81.5  z0 0.72  garr 122.6  tG 980  e2 0.08  nF 3.6  pS 0.34  ptS 0.32  fLog 0.65  pdΔ -0.1614  pkR 3.97  clip 0.07  kl +0.004
upd  317  steps  651264  sps 1315  opp symm  loss -0.005  pg +0.0208  v 0.006  ev +0.97  adv_std 0.112  tR -1.00  ent[s/d/p/e] 1.40/1.87/1.02/0.56  emits 0.42  spf 86.6  z0 0.72  garr 135.7  tG 1115  e2 0.08  nF 3.6  pS 0.37  ptS 0.35  fLog 0.67  pdΔ -0.1330  pkR 3.82  clip 0.06  kl +0.001
upd  318  steps  653312  sps 1318  opp symm  loss -0.017  pg +0.0079  v 0.007  ev +0.96  adv_std 0.120  tR +0.33  ent[s/d/p/e] 1.48/1.96/1.09/0.53  emits 0.40  spf 88.3  z0 0.74  garr 145.8  tG 1193  e2 0.07  nF 3.3  pS 0.38  ptS 0.36  fLog 0.67  pdΔ -0.1245  pkR 4.08  clip 0.09  kl +0.003
upd  319  steps  655360  sps 1320  opp symm  loss -0.012  pg +0.0136  v 0.006  ev +0.96  adv_std 0.113  tR +0.20  ent[s/d/p/e] 1.57/2.03/1.04/0.52  emits 0.40  spf 85.3  z0 0.75  garr 148.9  tG 1248  e2 0.07  nF 3.5  pS 0.37  ptS 0.37  fLog 0.66  pdΔ -0.1261  pkR 4.11  clip 0.07  kl +0.002
upd  320  steps  657408  sps 1323  opp symm  loss -0.003  pg +0.0208  v 0.008  ev +0.95  adv_std 0.123  tR -0.20  ent[s/d/p/e] 1.49/1.90/1.01/0.49  emits 0.36  spf 89.1  z0 0.76  garr 145.4  tG 1186  e2 0.06  nF 3.0  pS 0.35  ptS 0.34  fLog 0.66  pdΔ -0.1538  pkR 4.40  clip 0.07  kl +0.000
upd  321  steps  659456  sps 1325  opp symm  loss +0.021  pg +0.0459  v 0.005  ev +0.97  adv_std 0.104  tR +0.50  ent[s/d/p/e] 1.51/1.89/1.03/0.48  emits 0.39  spf 77.8  z0 0.76  garr 148.3  tG 1192  e2 0.07  nF 3.3  pS 0.33  ptS 0.33  fLog 0.64  pdΔ -0.1654  pkR 4.18  clip 0.07  kl +0.002
upd  322  steps  661504  sps 1327  opp symm  loss -0.001  pg +0.0214  v 0.007  ev +0.96  adv_std 0.120  tR +0.00  ent[s/d/p/e] 1.42/1.93/0.99/0.46  emits 0.31  spf 73.3  z0 0.79  garr 159.2  tG 1287  e2 0.05  nF 2.9  pS 0.32  ptS 0.32  fLog 0.62  pdΔ -0.1762  pkR 4.78  clip 0.06  kl -0.002
upd  323  steps  663552  sps 1330  opp symm  loss -0.029  pg -0.0048  v 0.005  ev +0.97  adv_std 0.100  tR -0.33  ent[s/d/p/e] 1.39/1.83/1.02/0.47  emits 0.32  spf 79.9  z0 0.78  garr 168.3  tG 1372  e2 0.06  nF 3.0  pS 0.33  ptS 0.32  fLog 0.62  pdΔ -0.1738  pkR 4.82  clip 0.04  kl +0.002
upd  324  steps  665600  sps 1332  opp symm  loss -0.009  pg +0.0108  v 0.013  ev +0.92  adv_std 0.162  tR -0.67  ent[s/d/p/e] 1.40/1.89/1.01/0.45  emits 0.34  spf 79.5  z0 0.78  garr 167.7  tG 1373  e2 0.06  nF 3.1  pS 0.33  ptS 0.32  fLog 0.62  pdΔ -0.1733  pkR 5.00  clip 0.07  kl +0.001
upd  325  steps  667648  sps 1335  opp symm  loss -0.025  pg -0.0022  v 0.008  ev +0.95  adv_std 0.131  tR +0.00  ent[s/d/p/e] 1.57/1.95/1.06/0.47  emits 0.32  spf 80.8  z0 0.79  garr 170.7  tG 1400  e2 0.06  nF 3.2  pS 0.34  ptS 0.33  fLog 0.63  pdΔ -0.1635  pkR 4.99  clip 0.07  kl +0.001
upd  326  steps  669696  sps 1337  opp symm  loss +0.008  pg +0.0322  v 0.006  ev +0.97  adv_std 0.108  tR -0.60  ent[s/d/p/e] 1.59/2.03/1.09/0.45  emits 0.33  spf 76.6  z0 0.80  garr 181.6  tG 1468  e2 0.06  nF 3.1  pS 0.34  ptS 0.33  fLog 0.62  pdΔ -0.1643  pkR 4.74  clip 0.05  kl +0.001
upd  327  steps  671744  sps 1339  opp symm  loss -0.033  pg -0.0119  v 0.007  ev +0.96  adv_std 0.120  tR -0.25  ent[s/d/p/e] 1.25/1.84/1.00/0.44  emits 0.25  spf 96.2  z0 0.82  garr 192.8  tG 1576  e2 0.05  nF 2.3  pS 0.32  ptS 0.32  fLog 0.65  pdΔ -0.1767  pkR 5.59  clip 0.04  kl +0.001
upd  328  steps  673792  sps 1342  opp symm  loss -0.008  pg +0.0127  v 0.011  ev +0.93  adv_std 0.146  tR +0.33  ent[s/d/p/e] 1.27/1.88/1.00/0.48  emits 0.32  spf 97.6  z0 0.77  garr 180.3  tG 1502  e2 0.06  nF 2.6  pS 0.32  ptS 0.31  fLog 0.65  pdΔ -0.1757  pkR 6.83  clip 0.08  kl +0.003
upd  329  steps  675840  sps 1344  opp symm  loss -0.040  pg -0.0161  v 0.008  ev +0.96  adv_std 0.124  tR -0.33  ent[s/d/p/e] 1.39/1.94/1.05/0.50  emits 0.37  spf 85.9  z0 0.76  garr 182.2  tG 1567  e2 0.07  nF 3.3  pS 0.35  ptS 0.34  fLog 0.64  pdΔ -0.1453  pkR 7.20  clip 0.05  kl +0.000
upd  330  steps  677888  sps 1346  opp symm  loss -0.031  pg -0.0099  v 0.013  ev +0.93  adv_std 0.161  tR +0.75  ent[s/d/p/e] 1.35/1.89/1.08/0.52  emits 0.40  spf 80.2  z0 0.75  garr 148.8  tG 1226  e2 0.08  nF 3.4  pS 0.34  ptS 0.32  fLog 0.63  pdΔ -0.1630  pkR 5.25  clip 0.08  kl +0.002
upd  331  steps  679936  sps 1349  opp symm  loss -0.032  pg -0.0096  v 0.010  ev +0.94  adv_std 0.140  tR -1.00  ent[s/d/p/e] 1.36/1.91/1.09/0.50  emits 0.42  spf 80.2  z0 0.75  garr 134.2  tG 1088  e2 0.08  nF 3.7  pS 0.33  ptS 0.32  fLog 0.64  pdΔ -0.1676  pkR 4.43  clip 0.08  kl +0.003
upd  332  steps  681984  sps 1351  opp symm  loss -0.022  pg +0.0042  v 0.007  ev +0.96  adv_std 0.121  tR +0.00  ent[s/d/p/e] 1.54/1.98/1.16/0.53  emits 0.47  spf 70.5  z0 0.73  garr 136.4  tG 1132  e2 0.09  nF 4.0  pS 0.37  ptS 0.35  fLog 0.63  pdΔ -0.1343  pkR 4.67  clip 0.08  kl +0.005
upd  333  steps  684032  sps 1353  opp symm  loss -0.027  pg -0.0001  v 0.007  ev +0.96  adv_std 0.116  tR +0.00  ent[s/d/p/e] 1.59/2.08/1.21/0.52  emits 0.53  spf 76.4  z0 0.72  garr 151.4  tG 1303  e2 0.10  nF 4.7  pS 0.39  ptS 0.38  fLog 0.63  pdΔ -0.1081  pkR 4.42  clip 0.10  kl +0.005
upd  334  steps  686080  sps 1356  opp symm  loss +0.008  pg +0.0344  v 0.006  ev +0.96  adv_std 0.113  tR +0.33  ent[s/d/p/e] 1.67/2.16/1.13/0.50  emits 0.49  spf 72.0  z0 0.73  garr 158.1  tG 1397  e2 0.10  nF 4.7  pS 0.40  ptS 0.39  fLog 0.63  pdΔ -0.0996  pkR 4.84  clip 0.14  kl +0.004
upd  335  steps  688128  sps 1358  opp symm  loss -0.015  pg +0.0104  v 0.009  ev +0.94  adv_std 0.131  tR -0.14  ent[s/d/p/e] 1.74/2.18/1.13/0.51  emits 0.56  spf 66.4  z0 0.71  garr 160.4  tG 1418  e2 0.11  nF 4.9  pS 0.39  ptS 0.38  fLog 0.61  pdΔ -0.1081  pkR 5.84  clip 0.08  kl +0.002
upd  336  steps  690176  sps 1360  opp symm  loss -0.022  pg +0.0040  v 0.007  ev +0.94  adv_std 0.122  tR +0.50  ent[s/d/p/e] 1.71/2.16/1.16/0.48  emits 0.48  spf 75.1  z0 0.74  garr 159.8  tG 1423  e2 0.10  nF 4.8  pS 0.38  ptS 0.37  fLog 0.62  pdΔ -0.1174  pkR 6.80  clip 0.08  kl +0.003
upd  337  steps  692224  sps 1363  opp symm  loss -0.023  pg -0.0000  v 0.012  ev +0.91  adv_std 0.157  tR +0.33  ent[s/d/p/e] 1.66/2.15/1.16/0.49  emits 0.48  spf 66.5  z0 0.75  garr 175.7  tG 1546  e2 0.09  nF 4.6  pS 0.38  ptS 0.37  fLog 0.61  pdΔ -0.1167  pkR 7.36  clip 0.10  kl -0.001
upd  338  steps  694272  sps 1365  opp symm  loss -0.014  pg +0.0086  v 0.011  ev +0.93  adv_std 0.151  tR +1.00  ent[s/d/p/e] 1.50/2.07/1.18/0.47  emits 0.39  spf 76.7  z0 0.77  garr 158.2  tG 1362  e2 0.08  nF 4.3  pS 0.36  ptS 0.35  fLog 0.63  pdΔ -0.1379  pkR 9.18  clip 0.05  kl +0.003
upd  339  steps  696320  sps 1367  opp symm  loss -0.027  pg -0.0055  v 0.012  ev +0.93  adv_std 0.158  tR +0.25  ent[s/d/p/e] 1.33/1.86/1.18/0.46  emits 0.35  spf 67.8  z0 0.78  garr 159.7  tG 1325  e2 0.07  nF 3.4  pS 0.34  ptS 0.33  fLog 0.62  pdΔ -0.1590  pkR 8.66  clip 0.04  kl -0.000
upd  340  steps  698368  sps 1369  opp symm  loss +0.021  pg +0.0450  v 0.007  ev +0.95  adv_std 0.117  tR +0.33  ent[s/d/p/e] 1.38/1.91/1.28/0.45  emits 0.34  spf 60.8  z0 0.79  garr 146.4  tG 1166  e2 0.07  nF 3.3  pS 0.32  ptS 0.31  fLog 0.61  pdΔ -0.1785  pkR 6.45  clip 0.08  kl +0.004
upd  341  steps  700416  sps 1372  opp symm  loss -0.078  pg -0.0523  v 0.008  ev +0.94  adv_std 0.124  tR +0.00  ent[s/d/p/e] 1.56/2.05/1.33/0.50  emits 0.40  spf 67.5  z0 0.76  garr 167.5  tG 1311  e2 0.09  nF 3.8  pS 0.35  ptS 0.34  fLog 0.62  pdΔ -0.1488  pkR 6.05  clip 0.09  kl +0.002
upd  342  steps  702464  sps 1374  opp symm  loss -0.022  pg +0.0029  v 0.009  ev +0.94  adv_std 0.132  tR +0.33  ent[s/d/p/e] 1.57/2.04/1.23/0.48  emits 0.41  spf 74.6  z0 0.76  garr 179.0  tG 1434  e2 0.08  nF 3.7  pS 0.37  ptS 0.36  fLog 0.63  pdΔ -0.1272  pkR 5.79  clip 0.10  kl +0.003
upd  343  steps  704512  sps 1376  opp symm  loss -0.031  pg -0.0064  v 0.009  ev +0.93  adv_std 0.135  tR +0.20  ent[s/d/p/e] 1.47/1.98/1.20/0.50  emits 0.36  spf 78.1  z0 0.77  garr 166.3  tG 1313  e2 0.07  nF 3.6  pS 0.35  ptS 0.34  fLog 0.63  pdΔ -0.1524  pkR 6.56  clip 0.08  kl +0.005
upd  344  steps  706560  sps 1379  opp symm  loss -0.019  pg +0.0063  v 0.005  ev +0.96  adv_std 0.101  tR +0.00  ent[s/d/p/e] 1.50/1.97/1.14/0.49  emits 0.35  spf 81.9  z0 0.77  garr 171.6  tG 1361  e2 0.07  nF 3.3  pS 0.36  ptS 0.34  fLog 0.64  pdΔ -0.1447  pkR 4.61  clip 0.07  kl +0.003
upd  345  steps  708608  sps 1381  opp symm  loss +0.000  pg +0.0240  v 0.008  ev +0.94  adv_std 0.128  tR +0.56  ent[s/d/p/e] 1.45/1.98/1.03/0.50  emits 0.39  spf 91.1  z0 0.76  garr 175.9  tG 1403  e2 0.07  nF 2.9  pS 0.34  ptS 0.33  fLog 0.66  pdΔ -0.1576  pkR 5.11  clip 0.10  kl +0.005
upd  346  steps  710656  sps 1383  opp symm  loss -0.063  pg -0.0404  v 0.009  ev +0.93  adv_std 0.132  tR +0.00  ent[s/d/p/e] 1.38/1.95/1.05/0.46  emits 0.39  spf 77.4  z0 0.76  garr 156.8  tG 1293  e2 0.08  nF 3.2  pS 0.33  ptS 0.33  fLog 0.64  pdΔ -0.1664  pkR 6.29  clip 0.06  kl -0.002
upd  347  steps  712704  sps 1385  opp symm  loss -0.019  pg +0.0031  v 0.010  ev +0.92  adv_std 0.143  tR +0.33  ent[s/d/p/e] 1.33/1.93/1.06/0.48  emits 0.43  spf 68.6  z0 0.73  garr 163.1  tG 1403  e2 0.08  nF 4.0  pS 0.36  ptS 0.35  fLog 0.62  pdΔ -0.1427  pkR 6.62  clip 0.08  kl +0.003
upd  348  steps  714752  sps 1387  opp symm  loss -0.010  pg +0.0121  v 0.010  ev +0.92  adv_std 0.142  tR +1.00  ent[s/d/p/e] 1.42/1.95/1.09/0.47  emits 0.33  spf 80.7  z0 0.79  garr 182.7  tG 1590  e2 0.07  nF 3.4  pS 0.38  ptS 0.37  fLog 0.65  pdΔ -0.1242  pkR 6.46  clip 0.09  kl +0.002
upd  349  steps  716800  sps 1390  opp symm  loss -0.045  pg -0.0218  v 0.009  ev +0.93  adv_std 0.133  tR +0.50  ent[s/d/p/e] 1.41/2.00/1.08/0.47  emits 0.42  spf 73.5  z0 0.76  garr 196.0  tG 1711  e2 0.09  nF 3.7  pS 0.38  ptS 0.37  fLog 0.63  pdΔ -0.1181  pkR 4.10  clip 0.10  kl +0.004
upd  350  steps  718848  sps 1392  opp symm  loss -0.020  pg +0.0013  v 0.013  ev +0.92  adv_std 0.162  tR +0.67  ent[s/d/p/e] 1.49/1.97/1.01/0.50  emits 0.46  spf 74.2  z0 0.74  garr 204.6  tG 1768  e2 0.11  nF 3.9  pS 0.38  ptS 0.37  fLog 0.62  pdΔ -0.1240  pkR 4.25  clip 0.09  kl +0.001
upd  351  steps  720896  sps 1394  opp symm  loss -0.008  pg +0.0135  v 0.010  ev +0.93  adv_std 0.142  tR +0.14  ent[s/d/p/e] 1.38/1.88/0.93/0.49  emits 0.43  spf 65.9  z0 0.75  garr 174.7  tG 1465  e2 0.09  nF 3.8  pS 0.35  ptS 0.34  fLog 0.61  pdΔ -0.1536  pkR 5.36  clip 0.07  kl +0.003
upd  352  steps  722944  sps 1396  opp symm  loss -0.022  pg +0.0012  v 0.009  ev +0.94  adv_std 0.132  tR +1.00  ent[s/d/p/e] 1.44/1.91/0.96/0.50  emits 0.46  spf 75.1  z0 0.73  garr 176.8  tG 1469  e2 0.09  nF 4.3  pS 0.35  ptS 0.35  fLog 0.62  pdΔ -0.1484  pkR 5.25  clip 0.07  kl +0.001
upd  353  steps  724992  sps 1399  opp symm  loss -0.031  pg -0.0100  v 0.014  ev +0.91  adv_std 0.169  tR +0.00  ent[s/d/p/e] 1.45/1.98/1.03/0.52  emits 0.47  spf 65.6  z0 0.73  garr 171.1  tG 1424  e2 0.10  nF 4.7  pS 0.36  ptS 0.35  fLog 0.61  pdΔ -0.1393  pkR 6.08  clip 0.07  kl +0.005
upd  354  steps  727040  sps 1401  opp symm  loss -0.014  pg +0.0079  v 0.011  ev +0.93  adv_std 0.149  tR +0.33  ent[s/d/p/e] 1.39/1.91/1.05/0.50  emits 0.49  spf 58.3  z0 0.73  garr 157.2  tG 1312  e2 0.10  nF 4.7  pS 0.35  ptS 0.34  fLog 0.59  pdΔ -0.1517  pkR 6.73  clip 0.06  kl +0.001
upd  355  steps  729088  sps 1403  opp symm  loss +0.019  pg +0.0402  v 0.012  ev +0.93  adv_std 0.153  tR +0.33  ent[s/d/p/e] 1.37/1.84/1.05/0.49  emits 0.46  spf 53.8  z0 0.74  garr 136.4  tG 1107  e2 0.10  nF 4.6  pS 0.33  ptS 0.31  fLog 0.58  pdΔ -0.1748  pkR 6.68  clip 0.07  kl +0.000
upd  356  steps  731136  sps 1405  opp symm  loss -0.056  pg -0.0324  v 0.005  ev +0.97  adv_std 0.099  tR -1.00  ent[s/d/p/e] 1.23/1.81/1.07/0.47  emits 0.39  spf 50.0  z0 0.76  garr 142.4  tG 1114  e2 0.08  nF 4.2  pS 0.32  ptS 0.30  fLog 0.57  pdΔ -0.1850  pkR 6.26  clip 0.06  kl +0.002
upd  357  steps  733184  sps 1407  opp symm  loss -0.008  pg +0.0158  v 0.008  ev +0.96  adv_std 0.127  tR -0.20  ent[s/d/p/e] 1.44/1.99/1.11/0.47  emits 0.49  spf 49.7  z0 0.75  garr 163.6  tG 1326  e2 0.10  nF 4.9  pS 0.33  ptS 0.32  fLog 0.58  pdΔ -0.1685  pkR 5.82  clip 0.06  kl -0.001
upd  358  steps  735232  sps 1410  opp symm  loss +0.015  pg +0.0401  v 0.006  ev +0.97  adv_std 0.114  tR -0.20  ent[s/d/p/e] 1.48/2.02/1.11/0.48  emits 0.45  spf 44.3  z0 0.76  garr 152.0  tG 1236  e2 0.08  nF 5.2  pS 0.33  ptS 0.32  fLog 0.56  pdΔ -0.1721  pkR 5.36  clip 0.05  kl -0.000
upd  359  steps  737280  sps 1412  opp symm  loss -0.019  pg +0.0045  v 0.008  ev +0.95  adv_std 0.129  tR -0.33  ent[s/d/p/e] 1.46/1.92/1.12/0.49  emits 0.49  spf 52.0  z0 0.73  garr 158.0  tG 1280  e2 0.11  nF 5.3  pS 0.34  ptS 0.33  fLog 0.58  pdΔ -0.1627  pkR 5.68  clip 0.04  kl -0.001
upd  360  steps  739328  sps 1414  opp symm  loss +0.030  pg +0.0530  v 0.010  ev +0.94  adv_std 0.137  tR +0.67  ent[s/d/p/e] 1.45/1.90/1.17/0.48  emits 0.47  spf 52.4  z0 0.73  garr 163.4  tG 1362  e2 0.09  nF 5.1  pS 0.34  ptS 0.34  fLog 0.58  pdΔ -0.1568  pkR 5.59  clip 0.05  kl +0.002
upd  361  steps  741376  sps 1416  opp symm  loss -0.013  pg +0.0094  v 0.013  ev +0.92  adv_std 0.163  tR +0.00  ent[s/d/p/e] 1.57/1.94/1.21/0.48  emits 0.52  spf 45.2  z0 0.73  garr 125.5  tG 1064  e2 0.10  nF 5.8  pS 0.33  ptS 0.33  fLog 0.56  pdΔ -0.1697  pkR 7.79  clip 0.09  kl +0.001
upd  362  steps  743424  sps 1418  opp symm  loss -0.012  pg +0.0124  v 0.008  ev +0.95  adv_std 0.128  tR -0.20  ent[s/d/p/e] 1.45/1.94/1.18/0.49  emits 0.45  spf 45.7  z0 0.76  garr 115.5  tG 942  e2 0.10  nF 5.3  pS 0.33  ptS 0.32  fLog 0.57  pdΔ -0.1748  pkR 6.84  clip 0.06  kl -0.000
upd  363  steps  745472  sps 1420  opp symm  loss +0.003  pg +0.0262  v 0.008  ev +0.96  adv_std 0.128  tR +0.50  ent[s/d/p/e] 1.42/1.88/1.16/0.47  emits 0.43  spf 48.8  z0 0.76  garr 132.8  tG 1084  e2 0.08  nF 4.3  pS 0.33  ptS 0.32  fLog 0.57  pdΔ -0.1743  pkR 5.09  clip 0.06  kl +0.000
upd  364  steps  747520  sps 1422  opp symm  loss -0.056  pg -0.0333  v 0.009  ev +0.95  adv_std 0.139  tR -0.60  ent[s/d/p/e] 1.46/1.94/1.16/0.47  emits 0.42  spf 46.4  z0 0.76  garr 149.7  tG 1245  e2 0.08  nF 4.7  pS 0.34  ptS 0.34  fLog 0.57  pdΔ -0.1599  pkR 4.93  clip 0.06  kl +0.003
upd  365  steps  749568  sps 1425  opp symm  loss +0.022  pg +0.0473  v 0.006  ev +0.97  adv_std 0.109  tR -0.50  ent[s/d/p/e] 1.56/1.95/1.16/0.48  emits 0.42  spf 57.4  z0 0.76  garr 161.1  tG 1335  e2 0.08  nF 4.3  pS 0.35  ptS 0.35  fLog 0.60  pdΔ -0.1454  pkR 5.11  clip 0.06  kl +0.002
upd  366  steps  751616  sps 1427  opp symm  loss -0.044  pg -0.0200  v 0.011  ev +0.95  adv_std 0.149  tR +0.14  ent[s/d/p/e] 1.64/1.98/1.20/0.50  emits 0.47  spf 70.9  z0 0.74  garr 151.6  tG 1289  e2 0.10  nF 4.4  pS 0.37  ptS 0.36  fLog 0.63  pdΔ -0.1327  pkR 5.73  clip 0.08  kl +0.005
upd  367  steps  753664  sps 1429  opp symm  loss -0.005  pg +0.0196  v 0.010  ev +0.95  adv_std 0.147  tR +0.20  ent[s/d/p/e] 1.64/2.04/1.23/0.51  emits 0.55  spf 58.9  z0 0.71  garr 133.0  tG 1137  e2 0.10  nF 5.1  pS 0.37  ptS 0.36  fLog 0.60  pdΔ -0.1330  pkR 6.34  clip 0.08  kl +0.001
upd  368  steps  755712  sps 1431  opp symm  loss -0.017  pg +0.0108  v 0.005  ev +0.98  adv_std 0.099  tR +1.00  ent[s/d/p/e] 1.66/2.03/1.24/0.51  emits 0.53  spf 67.0  z0 0.72  garr 134.2  tG 1173  e2 0.11  nF 5.4  pS 0.39  ptS 0.38  fLog 0.62  pdΔ -0.1130  pkR 4.80  clip 0.06  kl +0.002
upd  369  steps  757760  sps 1433  opp symm  loss -0.023  pg +0.0037  v 0.006  ev +0.98  adv_std 0.111  tR +0.67  ent[s/d/p/e] 1.72/2.10/1.29/0.49  emits 0.52  spf 69.0  z0 0.73  garr 139.3  tG 1170  e2 0.10  nF 5.0  pS 0.38  ptS 0.38  fLog 0.63  pdΔ -0.1152  pkR 4.94  clip 0.06  kl +0.001
upd  370  steps  759808  sps 1435  opp symm  loss -0.008  pg +0.0166  v 0.008  ev +0.97  adv_std 0.127  tR +0.43  ent[s/d/p/e] 1.75/2.10/1.15/0.47  emits 0.51  spf 63.3  z0 0.75  garr 140.1  tG 1156  e2 0.10  nF 4.7  pS 0.38  ptS 0.37  fLog 0.62  pdΔ -0.1167  pkR 4.86  clip 0.11  kl +0.007
upd  371  steps  761856  sps 1437  opp symm  loss -0.019  pg +0.0026  v 0.010  ev +0.96  adv_std 0.139  tR +0.56  ent[s/d/p/e] 1.39/1.83/1.17/0.45  emits 0.37  spf 59.5  z0 0.78  garr 139.8  tG 1132  e2 0.07  nF 3.8  pS 0.34  ptS 0.33  fLog 0.61  pdΔ -0.1618  pkR 4.19  clip 0.08  kl +0.001
upd  372  steps  763904  sps 1439  opp symm  loss -0.045  pg -0.0213  v 0.007  ev +0.97  adv_std 0.117  tR +0.00  ent[s/d/p/e] 1.32/1.78/1.24/0.47  emits 0.34  spf 74.1  z0 0.79  garr 164.4  tG 1300  e2 0.07  nF 3.0  pS 0.33  ptS 0.32  fLog 0.63  pdΔ -0.1730  pkR 4.22  clip 0.08  kl +0.004
upd  373  steps  765952  sps 1442  opp symm  loss -0.041  pg -0.0167  v 0.005  ev +0.98  adv_std 0.109  tR -0.33  ent[s/d/p/e] 1.33/1.80/1.24/0.46  emits 0.34  spf 73.4  z0 0.78  garr 177.6  tG 1433  e2 0.07  nF 3.1  pS 0.34  ptS 0.34  fLog 0.64  pdΔ -0.1552  pkR 4.27  clip 0.06  kl +0.003
upd  374  steps  768000  sps 1444  opp symm  loss +0.007  pg +0.0323  v 0.004  ev +0.98  adv_std 0.093  tR +0.33  ent[s/d/p/e] 1.40/1.91/1.19/0.46  emits 0.37  spf 66.2  z0 0.78  garr 175.6  tG 1409  e2 0.07  nF 3.4  pS 0.34  ptS 0.33  fLog 0.62  pdΔ -0.1571  pkR 4.99  clip 0.06  kl +0.003
upd  375  steps  770048  sps 1446  opp symm  loss -0.053  pg -0.0297  v 0.009  ev +0.96  adv_std 0.134  tR +0.00  ent[s/d/p/e] 1.44/1.89/1.26/0.45  emits 0.32  spf 67.6  z0 0.80  garr 189.5  tG 1512  e2 0.06  nF 3.3  pS 0.34  ptS 0.33  fLog 0.63  pdΔ -0.1636  pkR 5.41  clip 0.05  kl -0.001
upd  376  steps  772096  sps 1448  opp symm  loss -0.054  pg -0.0314  v 0.010  ev +0.96  adv_std 0.142  tR -0.75  ent[s/d/p/e] 1.45/1.96/1.24/0.44  emits 0.33  spf 63.7  z0 0.80  garr 190.2  tG 1519  e2 0.06  nF 3.1  pS 0.34  ptS 0.33  fLog 0.62  pdΔ -0.1611  pkR 5.87  clip 0.04  kl +0.001
upd  377  steps  774144  sps 1450  opp symm  loss -0.040  pg -0.0193  v 0.009  ev +0.96  adv_std 0.137  tR +0.67  ent[s/d/p/e] 1.20/1.76/1.18/0.42  emits 0.27  spf 73.7  z0 0.81  garr 204.6  tG 1622  e2 0.05  nF 2.5  pS 0.32  ptS 0.31  fLog 0.62  pdΔ -0.1789  pkR 6.06  clip 0.07  kl +0.003
upd  378  steps  776192  sps 1452  opp symm  loss -0.047  pg -0.0244  v 0.006  ev +0.97  adv_std 0.114  tR +0.00  ent[s/d/p/e] 1.09/1.73/1.14/0.46  emits 0.34  spf 73.1  z0 0.79  garr 205.1  tG 1568  e2 0.07  nF 2.8  pS 0.31  ptS 0.30  fLog 0.62  pdΔ -0.1933  pkR 7.18  clip 0.05  kl -0.000
upd  379  steps  778240  sps 1454  opp symm  loss -0.027  pg -0.0028  v 0.007  ev +0.97  adv_std 0.118  tR -1.00  ent[s/d/p/e] 1.33/1.88/1.19/0.46  emits 0.35  spf 56.4  z0 0.78  garr 212.8  tG 1647  e2 0.07  nF 3.4  pS 0.33  ptS 0.32  fLog 0.59  pdΔ -0.1674  pkR 7.75  clip 0.06  kl +0.001
upd  380  steps  780288  sps 1456  opp symm  loss -0.025  pg -0.0014  v 0.010  ev +0.96  adv_std 0.142  tR -0.14  ent[s/d/p/e] 1.32/1.87/1.23/0.50  emits 0.39  spf 62.5  z0 0.76  garr 218.2  tG 1742  e2 0.08  nF 3.7  pS 0.35  ptS 0.33  fLog 0.60  pdΔ -0.1528  pkR 8.28  clip 0.06  kl +0.004
upd  381  steps  782336  sps 1458  opp symm  loss -0.037  pg -0.0151  v 0.013  ev +0.94  adv_std 0.161  tR +0.60  ent[s/d/p/e] 1.36/1.83/1.24/0.50  emits 0.42  spf 68.2  z0 0.74  garr 196.0  tG 1525  e2 0.09  nF 3.9  pS 0.34  ptS 0.33  fLog 0.61  pdΔ -0.1555  pkR 6.78  clip 0.08  kl +0.003
upd  382  steps  784384  sps 1460  opp symm  loss -0.032  pg -0.0134  v 0.021  ev +0.91  adv_std 0.205  tR -0.11  ent[s/d/p/e] 1.25/1.74/1.20/0.55  emits 0.48  spf 65.3  z0 0.71  garr 146.6  tG 1174  e2 0.10  nF 4.4  pS 0.33  ptS 0.31  fLog 0.61  pdΔ -0.1742  pkR 7.29  clip 0.10  kl +0.005
upd  383  steps  786432  sps 1462  opp symm  loss -0.011  pg +0.0133  v 0.010  ev +0.96  adv_std 0.141  tR +0.33  ent[s/d/p/e] 1.39/1.82/1.21/0.53  emits 0.51  spf 59.4  z0 0.71  garr 114.6  tG 941  e2 0.12  nF 5.2  pS 0.33  ptS 0.32  fLog 0.60  pdΔ -0.1686  pkR 8.85  clip 0.10  kl +0.004
upd  384  steps  788480  sps 1464  opp symm  loss +0.006  pg +0.0302  v 0.011  ev +0.96  adv_std 0.151  tR +0.00  ent[s/d/p/e] 1.49/1.92/1.19/0.54  emits 0.50  spf 69.4  z0 0.71  garr 115.8  tG 955  e2 0.10  nF 4.7  pS 0.34  ptS 0.33  fLog 0.62  pdΔ -0.1551  pkR 8.35  clip 0.06  kl +0.001
upd  385  steps  790528  sps 1466  opp symm  loss +0.001  pg +0.0231  v 0.013  ev +0.95  adv_std 0.161  tR +0.33  ent[s/d/p/e] 1.41/1.81/1.16/0.54  emits 0.50  spf 64.2  z0 0.70  garr 110.6  tG 899  e2 0.10  nF 4.6  pS 0.35  ptS 0.34  fLog 0.61  pdΔ -0.1546  pkR 8.77  clip 0.07  kl +0.001
upd  386  steps  792576  sps 1468  opp symm  loss -0.035  pg -0.0116  v 0.013  ev +0.95  adv_std 0.161  tR +0.00  ent[s/d/p/e] 1.48/1.86/1.18/0.55  emits 0.52  spf 64.5  z0 0.70  garr 99.4  tG 852  e2 0.11  nF 5.2  pS 0.35  ptS 0.34  fLog 0.62  pdΔ -0.1506  pkR 10.60  clip 0.11  kl +0.001
upd  387  steps  794624  sps 1470  opp symm  loss +0.007  pg +0.0282  v 0.017  ev +0.93  adv_std 0.186  tR -0.33  ent[s/d/p/e] 1.47/1.87/1.19/0.55  emits 0.59  spf 53.9  z0 0.68  garr 89.6  tG 765  e2 0.13  nF 5.5  pS 0.34  ptS 0.33  fLog 0.59  pdΔ -0.1615  pkR 13.17  clip 0.08  kl +0.001
upd  388  steps  796672  sps 1472  opp symm  loss -0.051  pg -0.0297  v 0.015  ev +0.95  adv_std 0.172  tR -0.33  ent[s/d/p/e] 1.35/1.83/1.19/0.54  emits 0.53  spf 54.3  z0 0.69  garr 94.3  tG 829  e2 0.11  nF 5.5  pS 0.34  ptS 0.34  fLog 0.59  pdΔ -0.1597  pkR 13.06  clip 0.08  kl +0.002
upd  389  steps  798720  sps 1474  opp symm  loss -0.032  pg -0.0067  v 0.008  ev +0.97  adv_std 0.124  tR +0.43  ent[s/d/p/e] 1.42/1.91/1.16/0.55  emits 0.54  spf 53.7  z0 0.70  garr 93.8  tG 807  e2 0.11  nF 5.4  pS 0.33  ptS 0.33  fLog 0.60  pdΔ -0.1657  pkR 12.14  clip 0.07  kl +0.002
upd  390  steps  800768  sps 1476  opp symm  loss +0.025  pg +0.0486  v 0.008  ev +0.96  adv_std 0.129  tR +0.14  ent[s/d/p/e] 1.29/1.79/1.15/0.52  emits 0.51  spf 51.4  z0 0.70  garr 95.5  tG 776  e2 0.11  nF 4.8  pS 0.31  ptS 0.31  fLog 0.59  pdΔ -0.1935  pkR 13.80  clip 0.08  kl +0.004
upd  391  steps  802816  sps 1478  opp symm  loss -0.006  pg +0.0130  v 0.017  ev +0.91  adv_std 0.189  tR +0.43  ent[s/d/p/e] 1.32/1.86/1.16/0.51  emits 0.52  spf 50.6  z0 0.72  garr 86.0  tG 711  e2 0.11  nF 4.9  pS 0.31  ptS 0.31  fLog 0.59  pdΔ -0.1867  pkR 11.42  clip 0.08  kl +0.004
upd  392  steps  804864  sps 1480  opp symm  loss -0.019  pg +0.0004  v 0.013  ev +0.93  adv_std 0.163  tR +0.00  ent[s/d/p/e] 1.09/1.71/1.14/0.49  emits 0.40  spf 53.3  z0 0.75  garr 89.7  tG 727  e2 0.09  nF 4.3  pS 0.30  ptS 0.30  fLog 0.59  pdΔ -0.1960  pkR 8.91  clip 0.06  kl +0.001
upd  393  steps  806912  sps 1482  opp symm  loss -0.067  pg -0.0455  v 0.010  ev +0.95  adv_std 0.140  tR +0.20  ent[s/d/p/e] 1.03/1.69/1.11/0.51  emits 0.40  spf 59.6  z0 0.75  garr 104.5  tG 806  e2 0.09  nF 3.9  pS 0.29  ptS 0.28  fLog 0.60  pdΔ -0.2093  pkR 8.41  clip 0.07  kl +0.004
upd  394  steps  808960  sps 1484  opp symm  loss -0.002  pg +0.0203  v 0.009  ev +0.96  adv_std 0.137  tR +0.00  ent[s/d/p/e] 1.11/1.69/1.13/0.51  emits 0.44  spf 59.7  z0 0.73  garr 117.5  tG 925  e2 0.09  nF 4.4  pS 0.31  ptS 0.30  fLog 0.60  pdΔ -0.1917  pkR 7.54  clip 0.10  kl +0.003
upd  395  steps  811008  sps 1486  opp symm  loss +0.012  pg +0.0348  v 0.007  ev +0.96  adv_std 0.122  tR +0.50  ent[s/d/p/e] 1.12/1.76/1.12/0.49  emits 0.37  spf 65.9  z0 0.76  garr 128.4  tG 988  e2 0.08  nF 3.9  pS 0.31  ptS 0.30  fLog 0.62  pdΔ -0.1919  pkR 6.86  clip 0.05  kl +0.003
upd  396  steps  813056  sps 1488  opp symm  loss -0.011  pg +0.0111  v 0.009  ev +0.95  adv_std 0.134  tR -1.00  ent[s/d/p/e] 1.15/1.72/1.17/0.48  emits 0.40  spf 57.1  z0 0.77  garr 134.5  tG 1014  e2 0.09  nF 3.7  pS 0.30  ptS 0.29  fLog 0.59  pdΔ -0.1986  pkR 5.40  clip 0.08  kl +0.005
upd  397  steps  815104  sps 1490  opp symm  loss -0.040  pg -0.0163  v 0.006  ev +0.97  adv_std 0.111  tR -0.33  ent[s/d/p/e] 1.41/1.91/1.20/0.44  emits 0.37  spf 65.6  z0 0.78  garr 150.8  tG 1130  e2 0.08  nF 4.0  pS 0.32  ptS 0.30  fLog 0.62  pdΔ -0.1845  pkR 5.42  clip 0.06  kl +0.002
upd  398  steps  817152  sps 1492  opp symm  loss -0.037  pg -0.0133  v 0.006  ev +0.96  adv_std 0.107  tR -0.25  ent[s/d/p/e] 1.43/1.84/1.22/0.41  emits 0.30  spf 62.8  z0 0.81  garr 166.9  tG 1256  e2 0.06  nF 3.0  pS 0.30  ptS 0.29  fLog 0.62  pdΔ -0.1958  pkR 5.77  clip 0.06  kl +0.001
[eval_vs_v20] u399 tag=train_u399  bin0=0.0%  spf=0.00  garr=128.50  flip=0.00%  z0=71.9%  e8=0.0%  e2+=0.0%  WLD=0/3/0
upd  399  steps  819200  sps 1494  opp symm  loss +0.006  pg +0.0293  v 0.007  ev +0.95  adv_std 0.120  tR +0.20  ent[s/d/p/e] 1.46/1.87/1.25/0.41  emits 0.37  spf 71.7  z0 0.79  garr 189.4  tG 1435  e2 0.07  nF 3.2  pS 0.31  ptS 0.30  fLog 0.62  pdΔ -0.1888  pkR 5.99  clip 0.08  kl +0.003 WRr 0.19 v20[spf 0.0 flip 0.0% e2+ 0.0%]
[ckpt] saved /home/charlie/project/OrbitWarRL/ckpt_search/v14f_binary_v1_a_p0i4_ORBITWARS_SHAPING_RELEASE_0.012_69a78a36ce/ckpt_000399.pkl opp=symm
upd  400  steps  821248  sps 1273  opp symm  loss +0.006  pg +0.0277  v 0.010  ev +0.92  adv_std 0.140  tR +0.33  ent[s/d/p/e] 1.45/1.83/1.25/0.39  emits 0.29  spf 68.2  z0 0.83  garr 204.5  tG 1566  e2 0.06  nF 3.4  pS 0.32  ptS 0.31  fLog 0.60  pdΔ -0.1813  pkR 6.31  clip 0.06  kl +0.003
upd  401  steps  823296  sps 1275  opp symm  loss -0.037  pg -0.0163  v 0.008  ev +0.93  adv_std 0.130  tR +0.00  ent[s/d/p/e] 1.33/1.76/1.22/0.37  emits 0.21  spf 76.0  z0 0.85  garr 229.5  tG 1745  e2 0.04  nF 2.6  pS 0.32  ptS 0.31  fLog 0.62  pdΔ -0.1835  pkR 6.13  clip 0.06  kl +0.005
upd  402  steps  825344  sps 1277  opp symm  loss -0.046  pg -0.0250  v 0.008  ev +0.93  adv_std 0.127  tR +0.20  ent[s/d/p/e] 1.28/1.75/1.23/0.38  emits 0.24  spf 68.5  z0 0.85  garr 222.3  tG 1584  e2 0.04  nF 2.5  pS 0.30  ptS 0.28  fLog 0.60  pdΔ -0.2024  pkR 6.67  clip 0.03  kl +0.000
upd  403  steps  827392  sps 1279  opp symm  loss -0.017  pg +0.0072  v 0.004  ev +0.96  adv_std 0.093  tR +1.00  ent[s/d/p/e] 1.36/1.76/1.31/0.41  emits 0.26  spf 62.9  z0 0.84  garr 230.7  tG 1615  e2 0.05  nF 2.4  pS 0.30  ptS 0.29  fLog 0.60  pdΔ -0.2009  pkR 5.44  clip 0.05  kl +0.002
upd  404  steps  829440  sps 1281  opp symm  loss +0.031  pg +0.0537  v 0.009  ev +0.93  adv_std 0.134  tR -0.33  ent[s/d/p/e] 1.41/1.84/1.29/0.43  emits 0.33  spf 69.3  z0 0.82  garr 229.2  tG 1640  e2 0.07  nF 3.2  pS 0.32  ptS 0.30  fLog 0.60  pdΔ -0.1849  pkR 5.96  clip 0.04  kl +0.001
upd  405  steps  831488  sps 1283  opp symm  loss -0.011  pg +0.0115  v 0.010  ev +0.92  adv_std 0.141  tR +0.11  ent[s/d/p/e] 1.47/1.82/1.28/0.42  emits 0.31  spf 68.5  z0 0.81  garr 213.6  tG 1517  e2 0.06  nF 3.3  pS 0.32  ptS 0.30  fLog 0.61  pdΔ -0.1840  pkR 6.71  clip 0.07  kl +0.000
upd  406  steps  833536  sps 1285  opp symm  loss +0.012  pg +0.0348  v 0.008  ev +0.94  adv_std 0.127  tR +0.14  ent[s/d/p/e] 1.28/1.74/1.25/0.44  emits 0.31  spf 63.8  z0 0.80  garr 165.0  tG 1223  e2 0.06  nF 3.0  pS 0.29  ptS 0.28  fLog 0.62  pdΔ -0.2077  pkR 5.85  clip 0.09  kl +0.003
upd  407  steps  835584  sps 1287  opp symm  loss +0.007  pg +0.0321  v 0.005  ev +0.96  adv_std 0.105  tR +0.00  ent[s/d/p/e] 1.35/1.84/1.34/0.46  emits 0.35  spf 67.2  z0 0.78  garr 165.1  tG 1315  e2 0.06  nF 3.2  pS 0.31  ptS 0.30  fLog 0.61  pdΔ -0.1878  pkR 6.38  clip 0.06  kl -0.000
upd  408  steps  837632  sps 1288  opp symm  loss +0.009  pg +0.0340  v 0.006  ev +0.96  adv_std 0.108  tR -1.00  ent[s/d/p/e] 1.37/1.85/1.36/0.46  emits 0.28  spf 76.5  z0 0.82  garr 161.5  tG 1355  e2 0.05  nF 3.4  pS 0.32  ptS 0.31  fLog 0.63  pdΔ -0.1763  pkR 6.97  clip 0.05  kl +0.002
upd  409  steps  839680  sps 1290  opp symm  loss -0.027  pg -0.0037  v 0.012  ev +0.93  adv_std 0.153  tR +0.33  ent[s/d/p/e] 1.34/1.95/1.37/0.47  emits 0.35  spf 73.4  z0 0.78  garr 158.3  tG 1339  e2 0.06  nF 3.1  pS 0.33  ptS 0.32  fLog 0.63  pdΔ -0.1693  pkR 6.86  clip 0.03  kl +0.001
upd  410  steps  841728  sps 1292  opp symm  loss -0.036  pg -0.0112  v 0.006  ev +0.96  adv_std 0.113  tR +1.00  ent[s/d/p/e] 1.25/1.76/1.36/0.47  emits 0.33  spf 76.0  z0 0.78  garr 163.6  tG 1431  e2 0.07  nF 3.1  pS 0.35  ptS 0.34  fLog 0.62  pdΔ -0.1505  pkR 5.32  clip 0.04  kl +0.002
upd  411  steps  843776  sps 1294  opp symm  loss +0.004  pg +0.0279  v 0.009  ev +0.94  adv_std 0.134  tR +0.00  ent[s/d/p/e] 1.35/1.86/1.32/0.48  emits 0.35  spf 74.1  z0 0.79  garr 156.3  tG 1353  e2 0.07  nF 3.2  pS 0.34  ptS 0.33  fLog 0.62  pdΔ -0.1579  pkR 5.49  clip 0.06  kl +0.001
upd  412  steps  845824  sps 1296  opp symm  loss -0.058  pg -0.0326  v 0.004  ev +0.97  adv_std 0.095  tR +0.50  ent[s/d/p/e] 1.26/1.81/1.36/0.47  emits 0.35  spf 72.0  z0 0.77  garr 141.4  tG 1134  e2 0.06  nF 3.3  pS 0.32  ptS 0.31  fLog 0.63  pdΔ -0.1812  pkR 6.79  clip 0.05  kl -0.001
upd  413  steps  847872  sps 1298  opp symm  loss -0.049  pg -0.0272  v 0.011  ev +0.92  adv_std 0.149  tR -0.20  ent[s/d/p/e] 1.24/1.72/1.37/0.47  emits 0.31  spf 69.2  z0 0.79  garr 138.5  tG 1086  e2 0.06  nF 3.0  pS 0.31  ptS 0.30  fLog 0.63  pdΔ -0.1940  pkR 7.70  clip 0.06  kl +0.000
upd  414  steps  849920  sps 1300  opp symm  loss -0.049  pg -0.0253  v 0.006  ev +0.95  adv_std 0.108  tR +0.00  ent[s/d/p/e] 1.13/1.67/1.38/0.46  emits 0.30  spf 67.9  z0 0.80  garr 146.2  tG 1128  e2 0.06  nF 2.7  pS 0.30  ptS 0.29  fLog 0.62  pdΔ -0.1964  pkR 8.47  clip 0.06  kl +0.002
upd  415  steps  851968  sps 1301  opp symm  loss -0.004  pg +0.0211  v 0.007  ev +0.95  adv_std 0.115  tR +0.00  ent[s/d/p/e] 1.17/1.83/1.44/0.46  emits 0.33  spf 64.6  z0 0.81  garr 159.7  tG 1263  e2 0.06  nF 2.9  pS 0.31  ptS 0.30  fLog 0.63  pdΔ -0.1872  pkR 8.47  clip 0.06  kl +0.004
upd  416  steps  854016  sps 1303  opp symm  loss -0.033  pg -0.0082  v 0.007  ev +0.95  adv_std 0.119  tR -0.14  ent[s/d/p/e] 1.24/1.81/1.41/0.45  emits 0.30  spf 72.1  z0 0.81  garr 172.3  tG 1400  e2 0.06  nF 2.7  pS 0.31  ptS 0.30  fLog 0.64  pdΔ -0.1894  pkR 8.16  clip 0.06  kl +0.002
upd  417  steps  856064  sps 1305  opp symm  loss +0.018  pg +0.0420  v 0.008  ev +0.94  adv_std 0.125  tR +0.60  ent[s/d/p/e] 1.24/1.78/1.37/0.46  emits 0.35  spf 75.4  z0 0.77  garr 177.1  tG 1485  e2 0.07  nF 2.9  pS 0.32  ptS 0.31  fLog 0.64  pdΔ -0.1764  pkR 7.99  clip 0.05  kl +0.002
upd  418  steps  858112  sps 1307  opp symm  loss -0.039  pg -0.0176  v 0.011  ev +0.93  adv_std 0.149  tR +0.43  ent[s/d/p/e] 1.07/1.57/1.39/0.48  emits 0.29  spf 63.1  z0 0.80  garr 159.6  tG 1335  e2 0.06  nF 2.9  pS 0.33  ptS 0.32  fLog 0.60  pdΔ -0.1728  pkR 6.16  clip 0.08  kl +0.004
upd  419  steps  860160  sps 1309  opp symm  loss -0.042  pg -0.0179  v 0.005  ev +0.97  adv_std 0.104  tR +1.00  ent[s/d/p/e] 1.15/1.65/1.33/0.47  emits 0.35  spf 63.8  z0 0.77  garr 168.8  tG 1419  e2 0.07  nF 3.2  pS 0.33  ptS 0.32  fLog 0.61  pdΔ -0.1664  pkR 6.18  clip 0.05  kl +0.001
upd  420  steps  862208  sps 1311  opp symm  loss -0.041  pg -0.0146  v 0.006  ev +0.97  adv_std 0.107  tR -0.20  ent[s/d/p/e] 1.34/1.80/1.36/0.50  emits 0.38  spf 67.1  z0 0.77  garr 170.1  tG 1438  e2 0.08  nF 3.7  pS 0.34  ptS 0.33  fLog 0.62  pdΔ -0.1564  pkR 6.27  clip 0.06  kl +0.003
upd  421  steps  864256  sps 1312  opp symm  loss +0.015  pg +0.0401  v 0.009  ev +0.95  adv_std 0.131  tR +0.71  ent[s/d/p/e] 1.42/1.84/1.35/0.52  emits 0.42  spf 69.6  z0 0.74  garr 160.2  tG 1356  e2 0.08  nF 4.0  pS 0.36  ptS 0.34  fLog 0.63  pdΔ -0.1437  pkR 6.48  clip 0.08  kl +0.002
upd  422  steps  866304  sps 1314  opp symm  loss -0.003  pg +0.0232  v 0.007  ev +0.96  adv_std 0.117  tR -1.00  ent[s/d/p/e] 1.38/1.83/1.41/0.53  emits 0.44  spf 80.4  z0 0.73  garr 159.4  tG 1350  e2 0.09  nF 4.3  pS 0.37  ptS 0.35  fLog 0.64  pdΔ -0.1336  pkR 7.43  clip 0.05  kl +0.002
upd  423  steps  868352  sps 1316  opp symm  loss +0.015  pg +0.0420  v 0.006  ev +0.96  adv_std 0.107  tR +0.50  ent[s/d/p/e] 1.50/1.90/1.35/0.51  emits 0.43  spf 77.4  z0 0.74  garr 172.7  tG 1495  e2 0.09  nF 4.1  pS 0.39  ptS 0.37  fLog 0.65  pdΔ -0.1110  pkR 7.68  clip 0.09  kl +0.002
upd  424  steps  870400  sps 1318  opp symm  loss -0.009  pg +0.0123  v 0.012  ev +0.93  adv_std 0.153  tR +0.00  ent[s/d/p/e] 1.37/1.66/1.26/0.45  emits 0.29  spf 73.7  z0 0.80  garr 192.3  tG 1670  e2 0.05  nF 3.2  pS 0.38  ptS 0.37  fLog 0.64  pdΔ -0.1165  pkR 7.09  clip 0.05  kl -0.000
upd  425  steps  872448  sps 1320  opp symm  loss -0.041  pg -0.0176  v 0.005  ev +0.97  adv_std 0.097  tR +1.00  ent[s/d/p/e] 1.36/1.64/1.20/0.44  emits 0.29  spf 80.5  z0 0.80  garr 205.3  tG 1726  e2 0.05  nF 2.8  pS 0.37  ptS 0.35  fLog 0.63  pdΔ -0.1337  pkR 5.79  clip 0.05  kl +0.000
upd  426  steps  874496  sps 1321  opp symm  loss -0.056  pg -0.0328  v 0.005  ev +0.97  adv_std 0.100  tR +0.00  ent[s/d/p/e] 1.37/1.67/1.16/0.45  emits 0.27  spf 91.8  z0 0.81  garr 231.0  tG 1892  e2 0.05  nF 2.8  pS 0.37  ptS 0.35  fLog 0.66  pdΔ -0.1342  pkR 5.84  clip 0.05  kl -0.001
upd  427  steps  876544  sps 1323  opp symm  loss -0.022  pg +0.0027  v 0.004  ev +0.97  adv_std 0.089  tR +0.60  ent[s/d/p/e] 1.43/1.77/1.21/0.42  emits 0.25  spf 91.1  z0 0.83  garr 239.1  tG 1945  e2 0.05  nF 2.5  pS 0.35  ptS 0.33  fLog 0.66  pdΔ -0.1533  pkR 6.62  clip 0.05  kl +0.002
upd  428  steps  878592  sps 1325  opp symm  loss -0.055  pg -0.0319  v 0.006  ev +0.95  adv_std 0.113  tR +0.33  ent[s/d/p/e] 1.51/1.74/1.17/0.41  emits 0.23  spf 92.3  z0 0.84  garr 263.7  tG 2154  e2 0.04  nF 2.1  pS 0.35  ptS 0.34  fLog 0.66  pdΔ -0.1539  pkR 6.71  clip 0.03  kl -0.000
upd  429  steps  880640  sps 1327  opp symm  loss +0.004  pg +0.0229  v 0.010  ev +0.92  adv_std 0.139  tR +0.25  ent[s/d/p/e] 1.18/1.42/1.17/0.38  emits 0.19  spf 89.4  z0 0.86  garr 238.0  tG 1886  e2 0.03  nF 1.7  pS 0.31  ptS 0.30  fLog 0.63  pdΔ -0.1872  pkR 7.05  clip 0.03  kl +0.001
upd  430  steps  882688  sps 1329  opp symm  loss -0.030  pg -0.0094  v 0.007  ev +0.95  adv_std 0.122  tR -1.00  ent[s/d/p/e] 1.16/1.48/1.18/0.39  emits 0.22  spf 74.6  z0 0.84  garr 249.1  tG 1994  e2 0.03  nF 2.1  pS 0.32  ptS 0.31  fLog 0.62  pdΔ -0.1795  pkR 4.14  clip 0.06  kl +0.002
upd  431  steps  884736  sps 1330  opp symm  loss +0.036  pg +0.0572  v 0.006  ev +0.95  adv_std 0.113  tR -0.50  ent[s/d/p/e] 1.22/1.54/1.20/0.38  emits 0.20  spf 86.6  z0 0.86  garr 267.2  tG 2158  e2 0.03  nF 2.2  pS 0.33  ptS 0.32  fLog 0.63  pdΔ -0.1668  pkR 4.36  clip 0.04  kl +0.001
upd  432  steps  886784  sps 1332  opp symm  loss -0.000  pg +0.0189  v 0.010  ev +0.93  adv_std 0.143  tR +0.00  ent[s/d/p/e] 1.25/1.69/1.14/0.38  emits 0.20  spf 84.1  z0 0.85  garr 283.4  tG 2335  e2 0.03  nF 2.2  pS 0.34  ptS 0.33  fLog 0.63  pdΔ -0.1583  pkR 4.48  clip 0.05  kl +0.002
upd  433  steps  888832  sps 1334  opp symm  loss +0.011  pg +0.0342  v 0.004  ev +0.98  adv_std 0.091  tR +0.33  ent[s/d/p/e] 1.46/1.78/1.10/0.38  emits 0.22  spf 85.9  z0 0.85  garr 290.8  tG 2381  e2 0.04  nF 2.0  pS 0.35  ptS 0.33  fLog 0.65  pdΔ -0.1529  pkR 4.58  clip 0.05  kl +0.001
upd  434  steps  890880  sps 1336  opp symm  loss -0.043  pg -0.0200  v 0.005  ev +0.97  adv_std 0.099  tR +0.33  ent[s/d/p/e] 1.48/1.83/1.11/0.39  emits 0.23  spf 77.7  z0 0.85  garr 281.2  tG 2311  e2 0.04  nF 2.3  pS 0.35  ptS 0.34  fLog 0.64  pdΔ -0.1527  pkR 4.42  clip 0.04  kl +0.002
upd  435  steps  892928  sps 1337  opp symm  loss -0.046  pg -0.0213  v 0.005  ev +0.97  adv_std 0.104  tR +0.00  ent[s/d/p/e] 1.58/1.96/1.25/0.41  emits 0.25  spf 89.5  z0 0.83  garr 302.6  tG 2502  e2 0.05  nF 2.4  pS 0.36  ptS 0.35  fLog 0.67  pdΔ -0.1372  pkR 4.42  clip 0.10  kl +0.001
upd  436  steps  894976  sps 1339  opp symm  loss -0.029  pg -0.0065  v 0.006  ev +0.97  adv_std 0.110  tR -0.67  ent[s/d/p/e] 1.48/1.90/1.19/0.38  emits 0.26  spf 81.8  z0 0.84  garr 276.6  tG 2261  e2 0.05  nF 2.4  pS 0.34  ptS 0.33  fLog 0.65  pdΔ -0.1601  pkR 5.47  clip 0.05  kl +0.002
upd  437  steps  897024  sps 1341  opp symm  loss -0.056  pg -0.0307  v 0.005  ev +0.97  adv_std 0.103  tR +0.33  ent[s/d/p/e] 1.45/1.89/1.22/0.45  emits 0.28  spf 81.9  z0 0.82  garr 250.5  tG 2058  e2 0.05  nF 2.7  pS 0.33  ptS 0.32  fLog 0.63  pdΔ -0.1722  pkR 6.69  clip 0.07  kl +0.002
upd  438  steps  899072  sps 1343  opp symm  loss +0.008  pg +0.0316  v 0.007  ev +0.96  adv_std 0.117  tR +0.50  ent[s/d/p/e] 1.35/1.78/1.25/0.47  emits 0.35  spf 77.3  z0 0.78  garr 240.3  tG 1973  e2 0.07  nF 2.9  pS 0.34  ptS 0.32  fLog 0.63  pdΔ -0.1646  pkR 5.52  clip 0.05  kl +0.001
upd  439  steps  901120  sps 1345  opp symm  loss -0.046  pg -0.0238  v 0.011  ev +0.94  adv_std 0.145  tR +0.20  ent[s/d/p/e] 1.45/1.89/1.20/0.44  emits 0.30  spf 75.5  z0 0.81  garr 221.4  tG 1885  e2 0.06  nF 3.1  pS 0.35  ptS 0.34  fLog 0.63  pdΔ -0.1513  pkR 5.85  clip 0.04  kl +0.001
upd  440  steps  903168  sps 1346  opp symm  loss -0.043  pg -0.0181  v 0.005  ev +0.97  adv_std 0.102  tR +1.00  ent[s/d/p/e] 1.47/1.90/1.26/0.42  emits 0.30  spf 68.7  z0 0.81  garr 219.2  tG 1834  e2 0.06  nF 3.0  pS 0.35  ptS 0.34  fLog 0.61  pdΔ -0.1477  pkR 5.43  clip 0.06  kl +0.005
upd  441  steps  905216  sps 1348  opp symm  loss -0.003  pg +0.0215  v 0.005  ev +0.98  adv_std 0.095  tR +1.00  ent[s/d/p/e] 1.32/1.81/1.31/0.44  emits 0.34  spf 56.1  z0 0.80  garr 244.3  tG 2026  e2 0.07  nF 3.3  pS 0.36  ptS 0.35  fLog 0.59  pdΔ -0.1424  pkR 5.21  clip 0.05  kl +0.003
upd  442  steps  907264  sps 1350  opp symm  loss +0.039  pg +0.0619  v 0.009  ev +0.95  adv_std 0.134  tR +0.25  ent[s/d/p/e] 1.35/1.87/1.38/0.43  emits 0.35  spf 64.3  z0 0.78  garr 232.6  tG 1930  e2 0.07  nF 3.5  pS 0.34  ptS 0.33  fLog 0.60  pdΔ -0.1603  pkR 5.86  clip 0.08  kl +0.007
upd  443  steps  909312  sps 1352  opp symm  loss +0.023  pg +0.0458  v 0.009  ev +0.95  adv_std 0.138  tR -1.00  ent[s/d/p/e] 1.51/1.98/1.33/0.41  emits 0.30  spf 68.0  z0 0.80  garr 207.7  tG 1695  e2 0.06  nF 3.2  pS 0.34  ptS 0.33  fLog 0.61  pdΔ -0.1605  pkR 4.98  clip 0.05  kl +0.002
upd  444  steps  911360  sps 1353  opp symm  loss -0.026  pg -0.0040  v 0.012  ev +0.94  adv_std 0.154  tR -0.23  ent[s/d/p/e] 1.53/1.95/1.37/0.42  emits 0.30  spf 70.1  z0 0.81  garr 210.3  tG 1704  e2 0.05  nF 2.5  pS 0.33  ptS 0.33  fLog 0.62  pdΔ -0.1659  pkR 4.65  clip 0.06  kl +0.000
upd  445  steps  913408  sps 1355  opp symm  loss -0.031  pg -0.0063  v 0.007  ev +0.95  adv_std 0.124  tR +0.00  ent[s/d/p/e] 1.44/1.91/1.29/0.45  emits 0.35  spf 74.8  z0 0.78  garr 197.6  tG 1549  e2 0.07  nF 2.9  pS 0.31  ptS 0.30  fLog 0.62  pdΔ -0.1931  pkR 5.95  clip 0.05  kl +0.002
upd  446  steps  915456  sps 1357  opp symm  loss +0.004  pg +0.0309  v 0.005  ev +0.97  adv_std 0.099  tR +0.60  ent[s/d/p/e] 1.52/1.92/1.32/0.48  emits 0.40  spf 69.1  z0 0.76  garr 213.3  tG 1661  e2 0.08  nF 3.6  pS 0.34  ptS 0.32  fLog 0.62  pdΔ -0.1612  pkR 6.31  clip 0.05  kl +0.000
upd  447  steps  917504  sps 1358  opp symm  loss -0.001  pg +0.0239  v 0.008  ev +0.96  adv_std 0.119  tR +0.33  ent[s/d/p/e] 1.42/1.88/1.33/0.49  emits 0.37  spf 70.0  z0 0.77  garr 194.7  tG 1526  e2 0.08  nF 3.5  pS 0.35  ptS 0.33  fLog 0.62  pdΔ -0.1529  pkR 6.39  clip 0.10  kl +0.002
upd  448  steps  919552  sps 1360  opp symm  loss -0.047  pg -0.0207  v 0.007  ev +0.97  adv_std 0.119  tR -1.00  ent[s/d/p/e] 1.50/2.01/1.32/0.52  emits 0.48  spf 69.2  z0 0.72  garr 192.9  tG 1595  e2 0.10  nF 4.0  pS 0.38  ptS 0.36  fLog 0.62  pdΔ -0.1184  pkR 6.38  clip 0.09  kl +0.003
upd  449  steps  921600  sps 1362  opp symm  loss -0.009  pg +0.0168  v 0.008  ev +0.97  adv_std 0.125  tR +0.14  ent[s/d/p/e] 1.52/2.07/1.32/0.51  emits 0.49  spf 64.8  z0 0.71  garr 172.2  tG 1428  e2 0.11  nF 4.7  pS 0.38  ptS 0.36  fLog 0.61  pdΔ -0.1227  pkR 6.62  clip 0.07  kl -0.001
upd  450  steps  923648  sps 1364  opp symm  loss -0.028  pg -0.0026  v 0.009  ev +0.96  adv_std 0.134  tR +0.20  ent[s/d/p/e] 1.47/2.06/1.37/0.49  emits 0.46  spf 67.4  z0 0.74  garr 167.3  tG 1376  e2 0.10  nF 4.5  pS 0.38  ptS 0.35  fLog 0.60  pdΔ -0.1248  pkR 6.79  clip 0.09  kl +0.004
upd  451  steps  925696  sps 1365  opp symm  loss -0.024  pg -0.0009  v 0.011  ev +0.95  adv_std 0.150  tR +0.33  ent[s/d/p/e] 1.56/2.10/1.35/0.44  emits 0.37  spf 67.3  z0 0.79  garr 179.3  tG 1436  e2 0.07  nF 3.8  pS 0.36  ptS 0.34  fLog 0.62  pdΔ -0.1413  pkR 6.86  clip 0.05  kl +0.001
upd  452  steps  927744  sps 1367  opp symm  loss -0.046  pg -0.0202  v 0.009  ev +0.96  adv_std 0.132  tR +0.00  ent[s/d/p/e] 1.69/2.23/1.37/0.44  emits 0.35  spf 67.0  z0 0.82  garr 189.5  tG 1477  e2 0.07  nF 3.3  pS 0.34  ptS 0.32  fLog 0.63  pdΔ -0.1561  pkR 6.78  clip 0.05  kl +0.003
upd  453  steps  929792  sps 1369  opp symm  loss +0.008  pg +0.0328  v 0.008  ev +0.96  adv_std 0.131  tR +0.00  ent[s/d/p/e] 1.69/2.14/1.27/0.43  emits 0.38  spf 66.9  z0 0.79  garr 189.9  tG 1455  e2 0.07  nF 3.7  pS 0.35  ptS 0.33  fLog 0.62  pdΔ -0.1492  pkR 5.25  clip 0.07  kl +0.002
upd  454  steps  931840  sps 1371  opp symm  loss +0.010  pg +0.0332  v 0.010  ev +0.96  adv_std 0.144  tR -0.33  ent[s/d/p/e] 1.67/2.11/1.28/0.42  emits 0.31  spf 66.6  z0 0.82  garr 208.4  tG 1561  e2 0.06  nF 3.4  pS 0.34  ptS 0.32  fLog 0.62  pdΔ -0.1586  pkR 5.06  clip 0.08  kl +0.001
upd  455  steps  933888  sps 1372  opp symm  loss -0.013  pg +0.0081  v 0.015  ev +0.94  adv_std 0.172  tR +0.33  ent[s/d/p/e] 1.59/1.98/1.27/0.46  emits 0.37  spf 79.0  z0 0.78  garr 216.3  tG 1637  e2 0.07  nF 3.3  pS 0.34  ptS 0.33  fLog 0.63  pdΔ -0.1551  pkR 5.04  clip 0.05  kl +0.002
upd  456  steps  935936  sps 1374  opp symm  loss -0.051  pg -0.0256  v 0.006  ev +0.98  adv_std 0.107  tR +0.50  ent[s/d/p/e] 1.47/1.96/1.31/0.47  emits 0.32  spf 101.1  z0 0.79  garr 200.5  tG 1505  e2 0.06  nF 3.0  pS 0.34  ptS 0.33  fLog 0.67  pdΔ -0.1608  pkR 4.80  clip 0.07  kl +0.003
upd  457  steps  937984  sps 1376  opp symm  loss -0.038  pg -0.0124  v 0.006  ev +0.98  adv_std 0.113  tR +0.60  ent[s/d/p/e] 1.47/1.91/1.31/0.50  emits 0.35  spf 86.1  z0 0.77  garr 209.0  tG 1556  e2 0.07  nF 3.0  pS 0.35  ptS 0.33  fLog 0.64  pdΔ -0.1523  pkR 5.31  clip 0.07  kl +0.002
upd  458  steps  940032  sps 1377  opp symm  loss +0.018  pg +0.0440  v 0.007  ev +0.97  adv_std 0.120  tR -0.33  ent[s/d/p/e] 1.50/1.95/1.29/0.50  emits 0.39  spf 86.0  z0 0.76  garr 188.6  tG 1471  e2 0.08  nF 3.4  pS 0.35  ptS 0.34  fLog 0.64  pdΔ -0.1478  pkR 5.66  clip 0.06  kl +0.001
upd  459  steps  942080  sps 1379  opp symm  loss -0.055  pg -0.0300  v 0.008  ev +0.97  adv_std 0.131  tR -0.33  ent[s/d/p/e] 1.58/2.00/1.32/0.48  emits 0.36  spf 75.8  z0 0.77  garr 196.7  tG 1589  e2 0.08  nF 3.5  pS 0.37  ptS 0.36  fLog 0.63  pdΔ -0.1296  pkR 5.32  clip 0.06  kl +0.002
upd  460  steps  944128  sps 1381  opp symm  loss -0.046  pg -0.0213  v 0.009  ev +0.96  adv_std 0.134  tR -0.11  ent[s/d/p/e] 1.64/1.99/1.26/0.48  emits 0.39  spf 66.4  z0 0.77  garr 170.6  tG 1402  e2 0.07  nF 3.3  pS 0.35  ptS 0.34  fLog 0.61  pdΔ -0.1489  pkR 6.28  clip 0.07  kl +0.003
upd  461  steps  946176  sps 1382  opp symm  loss -0.071  pg -0.0462  v 0.007  ev +0.97  adv_std 0.117  tR +0.60  ent[s/d/p/e] 1.60/1.92/1.14/0.46  emits 0.38  spf 72.1  z0 0.77  garr 163.3  tG 1312  e2 0.08  nF 3.4  pS 0.34  ptS 0.33  fLog 0.62  pdΔ -0.1619  pkR 5.98  clip 0.07  kl -0.001
upd  462  steps  948224  sps 1384  opp symm  loss -0.054  pg -0.0312  v 0.009  ev +0.95  adv_std 0.137  tR +0.00  ent[s/d/p/e] 1.57/1.90/1.15/0.44  emits 0.30  spf 69.1  z0 0.81  garr 177.7  tG 1376  e2 0.06  nF 3.1  pS 0.32  ptS 0.31  fLog 0.61  pdΔ -0.1814  pkR 5.81  clip 0.08  kl +0.004
upd  463  steps  950272  sps 1386  opp symm  loss -0.019  pg +0.0037  v 0.009  ev +0.95  adv_std 0.136  tR +0.33  ent[s/d/p/e] 1.57/1.96/1.15/0.44  emits 0.34  spf 62.5  z0 0.80  garr 200.7  tG 1545  e2 0.07  nF 3.6  pS 0.33  ptS 0.32  fLog 0.60  pdΔ -0.1741  pkR 5.37  clip 0.06  kl +0.001
upd  464  steps  952320  sps 1387  opp symm  loss -0.035  pg -0.0149  v 0.013  ev +0.92  adv_std 0.161  tR -0.50  ent[s/d/p/e] 1.45/1.87/1.14/0.45  emits 0.28  spf 71.7  z0 0.82  garr 210.5  tG 1659  e2 0.06  nF 3.2  pS 0.33  ptS 0.32  fLog 0.62  pdΔ -0.1748  pkR 5.33  clip 0.09  kl +0.005
upd  465  steps  954368  sps 1389  opp symm  loss -0.025  pg -0.0021  v 0.009  ev +0.95  adv_std 0.134  tR -0.20  ent[s/d/p/e] 1.45/1.92/1.15/0.46  emits 0.32  spf 82.6  z0 0.80  garr 214.1  tG 1669  e2 0.06  nF 2.9  pS 0.32  ptS 0.31  fLog 0.63  pdΔ -0.1829  pkR 4.60  clip 0.06  kl +0.001
upd  466  steps  956416  sps 1391  opp symm  loss -0.027  pg -0.0056  v 0.013  ev +0.93  adv_std 0.160  tR +0.33  ent[s/d/p/e] 1.49/1.99/1.21/0.47  emits 0.35  spf 85.5  z0 0.78  garr 212.2  tG 1650  e2 0.07  nF 3.5  pS 0.32  ptS 0.31  fLog 0.64  pdΔ -0.1754  pkR 4.77  clip 0.07  kl +0.002
upd  467  steps  958464  sps 1392  opp symm  loss -0.016  pg +0.0038  v 0.015  ev +0.93  adv_std 0.171  tR -0.14  ent[s/d/p/e] 1.39/1.89/1.22/0.45  emits 0.34  spf 84.3  z0 0.78  garr 200.5  tG 1560  e2 0.07  nF 3.2  pS 0.31  ptS 0.30  fLog 0.63  pdΔ -0.1934  pkR 4.93  clip 0.06  kl +0.001
upd  468  steps  960512  sps 1394  opp symm  loss -0.025  pg -0.0051  v 0.014  ev +0.92  adv_std 0.167  tR +0.00  ent[s/d/p/e] 1.33/1.89/1.25/0.42  emits 0.31  spf 88.0  z0 0.79  garr 184.3  tG 1493  e2 0.06  nF 3.0  pS 0.30  ptS 0.29  fLog 0.64  pdΔ -0.1991  pkR 5.85  clip 0.06  kl +0.002
upd  469  steps  962560  sps 1396  opp symm  loss -0.012  pg +0.0094  v 0.011  ev +0.93  adv_std 0.151  tR -0.50  ent[s/d/p/e] 1.31/1.81/1.26/0.45  emits 0.33  spf 78.6  z0 0.80  garr 171.0  tG 1432  e2 0.07  nF 2.9  pS 0.30  ptS 0.29  fLog 0.61  pdΔ -0.2042  pkR 6.66  clip 0.04  kl -0.000
upd  470  steps  964608  sps 1397  opp symm  loss -0.017  pg +0.0049  v 0.010  ev +0.94  adv_std 0.144  tR +0.50  ent[s/d/p/e] 1.35/1.88/1.35/0.41  emits 0.28  spf 70.5  z0 0.81  garr 172.8  tG 1446  e2 0.05  nF 3.0  pS 0.30  ptS 0.30  fLog 0.62  pdΔ -0.1995  pkR 6.34  clip 0.06  kl +0.001
upd  471  steps  966656  sps 1399  opp symm  loss +0.002  pg +0.0254  v 0.008  ev +0.96  adv_std 0.126  tR -0.14  ent[s/d/p/e] 1.42/1.90/1.34/0.41  emits 0.26  spf 68.1  z0 0.82  garr 175.1  tG 1431  e2 0.05  nF 2.9  pS 0.29  ptS 0.29  fLog 0.61  pdΔ -0.2069  pkR 5.38  clip 0.03  kl +0.002
upd  472  steps  968704  sps 1401  opp symm  loss -0.046  pg -0.0229  v 0.007  ev +0.96  adv_std 0.120  tR +0.33  ent[s/d/p/e] 1.39/1.95/1.33/0.41  emits 0.32  spf 74.1  z0 0.81  garr 197.9  tG 1624  e2 0.06  nF 3.1  pS 0.30  ptS 0.29  fLog 0.62  pdΔ -0.2007  pkR 5.55  clip 0.06  kl +0.002
upd  473  steps  970752  sps 1402  opp symm  loss -0.033  pg -0.0103  v 0.013  ev +0.95  adv_std 0.156  tR +0.00  ent[s/d/p/e] 1.38/2.01/1.36/0.45  emits 0.36  spf 73.9  z0 0.78  garr 199.9  tG 1696  e2 0.07  nF 3.7  pS 0.32  ptS 0.31  fLog 0.62  pdΔ -0.1804  pkR 5.79  clip 0.08  kl +0.003
upd  474  steps  972800  sps 1404  opp symm  loss +0.008  pg +0.0331  v 0.009  ev +0.97  adv_std 0.129  tR +1.00  ent[s/d/p/e] 1.43/2.07/1.35/0.48  emits 0.37  spf 67.4  z0 0.78  garr 207.8  tG 1745  e2 0.08  nF 4.0  pS 0.33  ptS 0.31  fLog 0.61  pdΔ -0.1738  pkR 6.30  clip 0.07  kl +0.003
upd  475  steps  974848  sps 1406  opp symm  loss -0.023  pg +0.0026  v 0.011  ev +0.96  adv_std 0.153  tR +0.60  ent[s/d/p/e] 1.48/2.14/1.39/0.51  emits 0.47  spf 70.5  z0 0.74  garr 191.7  tG 1575  e2 0.10  nF 4.1  pS 0.33  ptS 0.31  fLog 0.62  pdΔ -0.1742  pkR 7.16  clip 0.06  kl +0.002
upd  476  steps  976896  sps 1407  opp symm  loss -0.020  pg +0.0049  v 0.010  ev +0.97  adv_std 0.139  tR -0.50  ent[s/d/p/e] 1.38/2.07/1.35/0.51  emits 0.56  spf 58.1  z0 0.70  garr 143.0  tG 1094  e2 0.12  nF 4.7  pS 0.32  ptS 0.30  fLog 0.60  pdΔ -0.1813  pkR 9.84  clip 0.09  kl +0.001
upd  477  steps  978944  sps 1409  opp symm  loss +0.001  pg +0.0262  v 0.009  ev +0.97  adv_std 0.136  tR +0.33  ent[s/d/p/e] 1.42/2.09/1.39/0.50  emits 0.53  spf 61.9  z0 0.70  garr 133.5  tG 1017  e2 0.11  nF 4.8  pS 0.32  ptS 0.31  fLog 0.61  pdΔ -0.1774  pkR 11.69  clip 0.11  kl +0.001
upd  478  steps  980992  sps 1411  opp symm  loss -0.002  pg +0.0226  v 0.009  ev +0.97  adv_std 0.134  tR +0.33  ent[s/d/p/e] 1.39/2.00/1.35/0.50  emits 0.47  spf 58.6  z0 0.73  garr 133.4  tG 923  e2 0.10  nF 4.1  pS 0.30  ptS 0.29  fLog 0.61  pdΔ -0.1951  pkR 11.54  clip 0.12  kl +0.001
upd  479  steps  983040  sps 1412  opp symm  loss -0.073  pg -0.0479  v 0.010  ev +0.97  adv_std 0.142  tR -0.20  ent[s/d/p/e] 1.44/2.12/1.37/0.49  emits 0.49  spf 65.5  z0 0.73  garr 139.4  tG 985  e2 0.11  nF 4.4  pS 0.32  ptS 0.30  fLog 0.63  pdΔ -0.1843  pkR 11.90  clip 0.10  kl +0.004
upd  480  steps  985088  sps 1414  opp symm  loss -0.041  pg -0.0171  v 0.013  ev +0.95  adv_std 0.163  tR +0.00  ent[s/d/p/e] 1.48/2.22/1.35/0.48  emits 0.47  spf 66.7  z0 0.74  garr 140.8  tG 1039  e2 0.10  nF 4.1  pS 0.32  ptS 0.31  fLog 0.63  pdΔ -0.1768  pkR 12.49  clip 0.10  kl +0.007
upd  481  steps  987136  sps 1415  opp symm  loss -0.029  pg -0.0030  v 0.007  ev +0.97  adv_std 0.115  tR -0.11  ent[s/d/p/e] 1.43/2.16/1.32/0.46  emits 0.43  spf 64.1  z0 0.78  garr 142.0  tG 1090  e2 0.09  nF 3.6  pS 0.31  ptS 0.30  fLog 0.62  pdΔ -0.1918  pkR 12.77  clip 0.07  kl +0.000
upd  482  steps  989184  sps 1417  opp symm  loss -0.046  pg -0.0229  v 0.010  ev +0.96  adv_std 0.146  tR -0.50  ent[s/d/p/e] 1.38/2.13/1.33/0.45  emits 0.43  spf 51.5  z0 0.76  garr 139.6  tG 1037  e2 0.09  nF 4.0  pS 0.30  ptS 0.29  fLog 0.59  pdΔ -0.1968  pkR 10.63  clip 0.08  kl +0.001
upd  483  steps  991232  sps 1419  opp symm  loss +0.024  pg +0.0477  v 0.011  ev +0.96  adv_std 0.144  tR +0.33  ent[s/d/p/e] 1.46/2.14/1.33/0.44  emits 0.43  spf 56.2  z0 0.77  garr 157.0  tG 1171  e2 0.09  nF 4.1  pS 0.31  ptS 0.30  fLog 0.60  pdΔ -0.1890  pkR 10.26  clip 0.18  kl +0.003
upd  484  steps  993280  sps 1420  opp symm  loss +0.001  pg +0.0237  v 0.011  ev +0.96  adv_std 0.146  tR +0.50  ent[s/d/p/e] 1.34/2.06/1.29/0.47  emits 0.46  spf 56.1  z0 0.75  garr 151.5  tG 1078  e2 0.10  nF 4.3  pS 0.31  ptS 0.30  fLog 0.59  pdΔ -0.1886  pkR 6.99  clip 0.13  kl +0.005
upd  485  steps  995328  sps 1422  opp symm  loss -0.031  pg -0.0065  v 0.006  ev +0.97  adv_std 0.112  tR +0.50  ent[s/d/p/e] 1.35/2.06/1.32/0.41  emits 0.34  spf 59.0  z0 0.80  garr 183.9  tG 1338  e2 0.07  nF 3.5  pS 0.32  ptS 0.31  fLog 0.61  pdΔ -0.1827  pkR 6.59  clip 0.09  kl +0.003
upd  486  steps  997376  sps 1423  opp symm  loss +0.003  pg +0.0264  v 0.007  ev +0.97  adv_std 0.117  tR +0.20  ent[s/d/p/e] 1.36/2.01/1.33/0.39  emits 0.31  spf 55.4  z0 0.82  garr 201.5  tG 1432  e2 0.06  nF 3.2  pS 0.30  ptS 0.29  fLog 0.60  pdΔ -0.1984  pkR 6.36  clip 0.06  kl +0.004