
=== [2026-06-11T06:36:00Z] v14f_binary_v1_a_p0i0_ORBITWARS_SHAPING_ANTI_HOARD_0.05_516860bc66 phase=a kind=probe chunk=500 env={"ORBITWARS_SHAPING_ANTI_HOARD": 0.05, "ORBITWARS_SHAPING_CAPTURE": 0.06, "ORBITWARS_SHAPING_RELEASE": 0.0075, "ORBITWARS_SHAPING_RELEASE_K": 15.0, "ORBITWARS_SHAPING_PROD_SHARE_DELTA": 0.015, "ORBITWARS_SHAPING_ONE_SHIP_PENALTY": 0.015} ppo={"ent_coef_emit": 0.0225, "lr_peak": 4.5e-05} ===
[reward] kaggle-aligned: terminal +1 win/+1 tie>0/-1 loss/-1 double-wipeout; is_terminal at step >= episode_steps-2; SHAPING_SCALE=0.0; v1: KEEP_HOME=0.0 FLEET_SIZE=0.0/norm20.0; v2 (expert-replay calibrated): PROD_SHARE=0.0 PLANET_SHARE=0.0 FLEET_LOG=0.0/ref500.0/floor0.3; v3 (top10-2630ep calibrated): PROD_SHARE_DELTA=0.015 EMIT_LOG=0.0 EMIT_GATED=0.0 RELEASE=0.0075/K15.0 CAPTURE=0.06; ANTI_HOARD=0.05/thresh0.6; episode_steps=500 (kaggle=500, mismatch=False)
[symmetric] Frog Parade style: same params drive BOTH players, no frozen/strong/buffer opponents, zero_sum_value=True
upd    0  steps    2048  sps 38  opp symm  loss +0.059  pg +0.0779  v 0.001  ev +0.03  adv_std 0.040  tR +0.00  ent[s/d/p/e] 0.35/1.21/1.17/0.32  emits 0.34  spf 14.7  z0 0.75  garr 14.9  tG 20  e2 0.07  nF 2.3  pS 0.07  ptS 0.07  fLog 0.41  pdΔ -0.4333  pkR 8.12  clip 0.01  kl -0.000
upd    1  steps    4096  sps 75  opp symm  loss -0.003  pg +0.0208  v 0.001  ev +0.18  adv_std 0.043  tR +0.00  ent[s/d/p/e] 0.72/1.29/1.16/0.51  emits 0.60  spf 17.2  z0 0.63  garr 17.9  tG 45  e2 0.15  nF 6.2  pS 0.11  ptS 0.11  fLog 0.42  pdΔ -0.3867  pkR 7.74  clip 0.07  kl +0.002
upd    2  steps    6144  sps 111  opp symm  loss -0.048  pg -0.0209  v 0.001  ev +0.19  adv_std 0.054  tR +0.00  ent[s/d/p/e] 1.03/1.54/1.16/0.58  emits 0.66  spf 21.9  z0 0.60  garr 24.0  tG 103  e2 0.16  nF 8.3  pS 0.17  ptS 0.16  fLog 0.44  pdΔ -0.3289  pkR 9.27  clip 0.07  kl +0.003
upd    3  steps    8192  sps 146  opp symm  loss -0.022  pg +0.0072  v 0.001  ev +0.40  adv_std 0.049  tR +0.00  ent[s/d/p/e] 1.32/1.79/1.12/0.61  emits 0.62  spf 31.2  z0 0.62  garr 34.0  tG 201  e2 0.15  nF 8.0  pS 0.24  ptS 0.22  fLog 0.48  pdΔ -0.2600  pkR 7.46  clip 0.07  kl +0.004
upd    4  steps   10240  sps 180  opp symm  loss -0.056  pg -0.0282  v 0.006  ev +0.09  adv_std 0.110  tR -0.33  ent[s/d/p/e] 1.53/1.96/1.06/0.63  emits 0.75  spf 35.1  z0 0.58  garr 38.4  tG 278  e2 0.18  nF 8.9  pS 0.29  ptS 0.27  fLog 0.49  pdΔ -0.2123  pkR 6.09  clip 0.15  kl +0.006
upd    5  steps   12288  sps 214  opp symm  loss -0.026  pg +0.0044  v 0.004  ev +0.37  adv_std 0.095  tR +0.00  ent[s/d/p/e] 1.66/2.07/1.15/0.64  emits 0.70  spf 44.8  z0 0.59  garr 43.7  tG 355  e2 0.18  nF 8.9  pS 0.32  ptS 0.31  fLog 0.52  pdΔ -0.1776  pkR 6.53  clip 0.33  kl +0.011
upd    6  steps   14336  sps 247  opp symm  loss -0.027  pg +0.0048  v 0.002  ev +0.72  adv_std 0.066  tR +0.00  ent[s/d/p/e] 1.78/2.16/1.10/0.63  emits 0.76  spf 49.6  z0 0.58  garr 45.3  tG 391  e2 0.19  nF 9.0  pS 0.35  ptS 0.33  fLog 0.53  pdΔ -0.1527  pkR 6.23  clip 0.26  kl +0.007
upd    7  steps   16384  sps 279  opp symm  loss -0.015  pg +0.0178  v 0.003  ev +0.85  adv_std 0.072  tR +0.00  ent[s/d/p/e] 1.88/2.25/1.18/0.65  emits 0.81  spf 49.4  z0 0.57  garr 46.0  tG 446  e2 0.20  nF 9.9  pS 0.38  ptS 0.37  fLog 0.54  pdΔ -0.1184  pkR 5.22  clip 0.34  kl +0.011
upd    8  steps   18432  sps 310  opp symm  loss -0.083  pg -0.0529  v 0.008  ev +0.77  adv_std 0.122  tR -1.00  ent[s/d/p/e] 1.96/2.30/1.15/0.66  emits 0.82  spf 49.8  z0 0.56  garr 47.8  tG 501  e2 0.20  nF 9.7  pS 0.40  ptS 0.39  fLog 0.54  pdΔ -0.0952  pkR 5.62  clip 0.19  kl +0.005
upd    9  steps   20480  sps 341  opp symm  loss -0.063  pg -0.0307  v 0.006  ev +0.87  adv_std 0.104  tR -0.33  ent[s/d/p/e] 2.06/2.35/1.15/0.65  emits 0.95  spf 55.5  z0 0.52  garr 48.3  tG 522  e2 0.24  nF 10.5  pS 0.43  ptS 0.42  fLog 0.54  pdΔ -0.0700  pkR 5.32  clip 0.19  kl +0.007
upd   10  steps   22528  sps 371  opp symm  loss -0.093  pg -0.0658  v 0.014  ev +0.75  adv_std 0.166  tR +0.33  ent[s/d/p/e] 2.09/2.39/1.12/0.64  emits 1.16  spf 44.9  z0 0.49  garr 43.6  tG 489  e2 0.28  nF 12.8  pS 0.45  ptS 0.44  fLog 0.52  pdΔ -0.0485  pkR 5.76  clip 0.17  kl +0.008
upd   11  steps   24576  sps 401  opp symm  loss -0.008  pg +0.0251  v 0.004  ev +0.93  adv_std 0.084  tR +0.00  ent[s/d/p/e] 2.20/2.46/1.11/0.64  emits 1.25  spf 45.4  z0 0.47  garr 41.4  tG 465  e2 0.30  nF 14.9  pS 0.46  ptS 0.45  fLog 0.52  pdΔ -0.0387  pkR 5.90  clip 0.20  kl +0.006
upd   12  steps   26624  sps 430  opp symm  loss -0.002  pg +0.0296  v 0.007  ev +0.91  adv_std 0.119  tR +1.00  ent[s/d/p/e] 2.20/2.46/1.07/0.63  emits 1.31  spf 41.8  z0 0.46  garr 39.0  tG 438  e2 0.32  nF 16.3  pS 0.47  ptS 0.46  fLog 0.51  pdΔ -0.0272  pkR 5.70  clip 0.22  kl +0.005
upd   13  steps   28672  sps 458  opp symm  loss -0.068  pg -0.0390  v 0.009  ev +0.91  adv_std 0.129  tR -0.33  ent[s/d/p/e] 2.20/2.45/1.10/0.58  emits 1.42  spf 37.9  z0 0.45  garr 37.1  tG 438  e2 0.34  nF 18.2  pS 0.47  ptS 0.46  fLog 0.50  pdΔ -0.0252  pkR 7.36  clip 0.48  kl +0.024
upd   14  steps   30720  sps 485  opp symm  loss +0.001  pg +0.0319  v 0.007  ev +0.93  adv_std 0.114  tR +1.00  ent[s/d/p/e] 2.20/2.45/1.08/0.63  emits 1.01  spf 43.4  z0 0.54  garr 42.0  tG 514  e2 0.24  nF 16.0  pS 0.46  ptS 0.45  fLog 0.52  pdΔ -0.0368  pkR 9.51  clip 0.10  kl +0.003
upd   15  steps   32768  sps 513  opp symm  loss -0.069  pg -0.1126  v 0.150  ev -0.14  adv_std 0.578  tR +0.06  ent[s/d/p/e] 1.94/2.35/1.10/0.54  emits 0.70  spf 40.4  z0 0.64  garr 33.9  tG 355  e2 0.16  nF 8.8  pS 0.31  ptS 0.31  fLog 0.52  pdΔ -0.1857  pkR 10.80  clip 0.11  kl +0.003
upd   16  steps   34816  sps 539  opp symm  loss -0.007  pg +0.0187  v 0.004  ev +0.50  adv_std 0.097  tR +0.00  ent[s/d/p/e] 1.05/1.77/1.22/0.52  emits 0.45  spf 26.8  z0 0.70  garr 24.4  tG 126  e2 0.09  nF 4.8  pS 0.16  ptS 0.15  fLog 0.48  pdΔ -0.3415  pkR 11.11  clip 0.10  kl +0.003
upd   17  steps   36864  sps 565  opp symm  loss -0.081  pg -0.0526  v 0.003  ev +0.80  adv_std 0.075  tR -1.00  ent[s/d/p/e] 1.32/1.91/1.22/0.58  emits 0.53  spf 35.8  z0 0.65  garr 29.7  tG 178  e2 0.12  nF 6.8  pS 0.20  ptS 0.20  fLog 0.50  pdΔ -0.2982  pkR 9.44  clip 0.10  kl +0.004
upd   18  steps   38912  sps 591  opp symm  loss -0.079  pg -0.0491  v 0.005  ev +0.79  adv_std 0.098  tR -0.20  ent[s/d/p/e] 1.55/2.12/1.19/0.62  emits 0.60  spf 40.1  z0 0.64  garr 36.3  tG 238  e2 0.15  nF 6.7  pS 0.25  ptS 0.25  fLog 0.52  pdΔ -0.2516  pkR 5.69  clip 0.12  kl +0.003
upd   19  steps   40960  sps 616  opp symm  loss -0.096  pg -0.0654  v 0.004  ev +0.68  adv_std 0.096  tR -0.33  ent[s/d/p/e] 1.65/2.11/1.16/0.63  emits 0.67  spf 42.2  z0 0.61  garr 39.6  tG 303  e2 0.15  nF 7.4  pS 0.28  ptS 0.28  fLog 0.52  pdΔ -0.2202  pkR 5.12  clip 0.09  kl +0.002
upd   20  steps   43008  sps 640  opp symm  loss -0.067  pg -0.0358  v 0.004  ev +0.65  adv_std 0.088  tR +0.00  ent[s/d/p/e] 1.76/2.17/1.18/0.63  emits 0.68  spf 45.0  z0 0.60  garr 45.6  tG 375  e2 0.16  nF 8.2  pS 0.32  ptS 0.31  fLog 0.53  pdΔ -0.1832  pkR 5.56  clip 0.11  kl +0.004
upd   21  steps   45056  sps 665  opp symm  loss +0.010  pg +0.0423  v 0.003  ev +0.53  adv_std 0.075  tR +0.00  ent[s/d/p/e] 1.86/2.24/1.15/0.65  emits 0.72  spf 49.1  z0 0.59  garr 49.1  tG 428  e2 0.18  nF 9.0  pS 0.34  ptS 0.34  fLog 0.54  pdΔ -0.1559  pkR 5.28  clip 0.14  kl +0.011
upd   22  steps   47104  sps 688  opp symm  loss -0.087  pg -0.0551  v 0.005  ev +0.58  adv_std 0.090  tR -1.00  ent[s/d/p/e] 1.93/2.27/1.15/0.65  emits 0.68  spf 53.5  z0 0.61  garr 56.3  tG 526  e2 0.17  nF 8.7  pS 0.37  ptS 0.37  fLog 0.55  pdΔ -0.1295  pkR 6.00  clip 0.20  kl +0.004
upd   23  steps   49152  sps 711  opp symm  loss -0.025  pg +0.0065  v 0.006  ev +0.64  adv_std 0.103  tR -0.33  ent[s/d/p/e] 1.97/2.30/1.16/0.65  emits 0.67  spf 63.3  z0 0.61  garr 63.0  tG 597  e2 0.16  nF 7.8  pS 0.38  ptS 0.38  fLog 0.57  pdΔ -0.1206  pkR 4.50  clip 0.09  kl +0.000
upd   24  steps   51200  sps 734  opp symm  loss -0.056  pg -0.0283  v 0.011  ev +0.47  adv_std 0.145  tR +0.67  ent[s/d/p/e] 1.93/2.23/1.21/0.61  emits 0.54  spf 65.9  z0 0.66  garr 67.5  tG 676  e2 0.13  nF 6.7  pS 0.38  ptS 0.38  fLog 0.58  pdΔ -0.1224  pkR 4.01  clip 0.12  kl +0.002
upd   25  steps   53248  sps 757  opp symm  loss -0.017  pg +0.0141  v 0.005  ev +0.78  adv_std 0.093  tR +0.33  ent[s/d/p/e] 1.95/2.26/1.13/0.62  emits 0.59  spf 66.9  z0 0.64  garr 67.1  tG 666  e2 0.13  nF 6.3  pS 0.36  ptS 0.36  fLog 0.58  pdΔ -0.1411  pkR 5.34  clip 0.08  kl +0.001
upd   26  steps   55296  sps 779  opp symm  loss -0.025  pg +0.0048  v 0.007  ev +0.61  adv_std 0.117  tR +0.43  ent[s/d/p/e] 1.86/2.22/1.13/0.62  emits 0.61  spf 64.6  z0 0.63  garr 61.2  tG 582  e2 0.15  nF 6.5  pS 0.32  ptS 0.32  fLog 0.56  pdΔ -0.1760  pkR 4.27  clip 0.18  kl +0.003
upd   27  steps   57344  sps 800  opp symm  loss -0.031  pg -0.0004  v 0.004  ev +0.70  adv_std 0.087  tR +1.00  ent[s/d/p/e] 1.81/2.21/1.13/0.62  emits 0.56  spf 59.7  z0 0.65  garr 59.3  tG 555  e2 0.13  nF 6.4  pS 0.31  ptS 0.31  fLog 0.56  pdΔ -0.1886  pkR 5.67  clip 0.24  kl +0.011
upd   28  steps   59392  sps 821  opp symm  loss -0.060  pg -0.0303  v 0.007  ev +0.63  adv_std 0.116  tR -1.00  ent[s/d/p/e] 1.87/2.27/1.08/0.63  emits 0.68  spf 57.3  z0 0.63  garr 59.1  tG 533  e2 0.18  nF 7.1  pS 0.32  ptS 0.32  fLog 0.55  pdΔ -0.1779  pkR 5.65  clip 0.11  kl +0.006
upd   29  steps   61440  sps 842  opp symm  loss -0.064  pg -0.0335  v 0.007  ev +0.66  adv_std 0.111  tR -0.50  ent[s/d/p/e] 1.91/2.31/1.13/0.63  emits 0.67  spf 52.5  z0 0.62  garr 56.8  tG 520  e2 0.16  nF 7.4  pS 0.34  ptS 0.33  fLog 0.55  pdΔ -0.1642  pkR 7.47  clip 0.10  kl +0.005
upd   30  steps   63488  sps 863  opp symm  loss -0.011  pg +0.0173  v 0.009  ev +0.45  adv_std 0.131  tR +0.00  ent[s/d/p/e] 1.91/2.30/1.10/0.63  emits 0.91  spf 46.7  z0 0.56  garr 46.8  tG 418  e2 0.22  nF 9.4  pS 0.34  ptS 0.33  fLog 0.53  pdΔ -0.1617  pkR 6.72  clip 0.32  kl +0.008
upd   31  steps   65536  sps 883  opp symm  loss -0.003  pg +0.0162  v 0.024  ev +0.19  adv_std 0.218  tR +0.04  ent[s/d/p/e] 1.65/2.21/1.19/0.54  emits 0.54  spf 35.4  z0 0.69  garr 31.7  tG 188  e2 0.12  nF 6.1  pS 0.22  ptS 0.21  fLog 0.51  pdΔ -0.2842  pkR 9.36  clip 0.10  kl +0.007
upd   32  steps   67584  sps 902  opp symm  loss -0.002  pg +0.0276  v 0.003  ev +0.60  adv_std 0.080  tR +0.00  ent[s/d/p/e] 1.52/2.11/1.23/0.58  emits 0.53  spf 36.6  z0 0.67  garr 37.9  tG 246  e2 0.11  nF 6.2  pS 0.24  ptS 0.23  fLog 0.51  pdΔ -0.2615  pkR 8.34  clip 0.17  kl +0.007
upd   33  steps   69632  sps 922  opp symm  loss -0.034  pg -0.0034  v 0.004  ev +0.55  adv_std 0.091  tR +0.33  ent[s/d/p/e] 1.75/2.22/1.19/0.61  emits 0.65  spf 43.1  z0 0.65  garr 39.0  tG 271  e2 0.15  nF 7.1  pS 0.28  ptS 0.26  fLog 0.53  pdΔ -0.2235  pkR 7.91  clip 0.09  kl +0.000
upd   34  steps   71680  sps 941  opp symm  loss -0.007  pg +0.0221  v 0.006  ev +0.52  adv_std 0.107  tR +0.20  ent[s/d/p/e] 1.73/2.23/1.18/0.59  emits 0.58  spf 38.4  z0 0.65  garr 38.0  tG 268  e2 0.13  nF 7.2  pS 0.28  ptS 0.27  fLog 0.53  pdΔ -0.2193  pkR 10.29  clip 0.12  kl -0.000
upd   35  steps   73728  sps 960  opp symm  loss -0.049  pg -0.0192  v 0.005  ev +0.54  adv_std 0.096  tR +0.00  ent[s/d/p/e] 1.76/2.21/1.16/0.62  emits 0.68  spf 40.1  z0 0.63  garr 37.2  tG 272  e2 0.17  nF 7.7  pS 0.29  ptS 0.28  fLog 0.52  pdΔ -0.2136  pkR 5.49  clip 0.14  kl +0.004
upd   36  steps   75776  sps 978  opp symm  loss -0.019  pg +0.0119  v 0.003  ev +0.65  adv_std 0.072  tR +0.00  ent[s/d/p/e] 1.80/2.25/1.18/0.61  emits 0.62  spf 41.9  z0 0.64  garr 40.0  tG 310  e2 0.14  nF 7.3  pS 0.30  ptS 0.29  fLog 0.53  pdΔ -0.1984  pkR 5.71  clip 0.11  kl -0.001
upd   37  steps   77824  sps 996  opp symm  loss +0.007  pg +0.0393  v 0.002  ev +0.71  adv_std 0.069  tR +0.00  ent[s/d/p/e] 1.93/2.34/1.15/0.62  emits 0.87  spf 41.2  z0 0.57  garr 38.3  tG 318  e2 0.21  nF 9.5  pS 0.34  ptS 0.33  fLog 0.53  pdΔ -0.1632  pkR 5.17  clip 0.28  kl +0.012
upd   38  steps   79872  sps 1014  opp symm  loss -0.040  pg -0.0086  v 0.006  ev +0.70  adv_std 0.101  tR -1.00  ent[s/d/p/e] 1.99/2.37/1.14/0.64  emits 0.91  spf 40.5  z0 0.57  garr 38.3  tG 338  e2 0.22  nF 11.7  pS 0.36  ptS 0.35  fLog 0.53  pdΔ -0.1395  pkR 5.03  clip 0.14  kl +0.002
upd   39  steps   81920  sps 1031  opp symm  loss -0.013  pg +0.0185  v 0.006  ev +0.65  adv_std 0.106  tR -0.33  ent[s/d/p/e] 2.05/2.42/1.12/0.63  emits 0.90  spf 40.3  z0 0.58  garr 40.3  tG 357  e2 0.22  nF 11.2  pS 0.37  ptS 0.36  fLog 0.53  pdΔ -0.1314  pkR 4.73  clip 0.09  kl +0.001
upd   40  steps   83968  sps 1049  opp symm  loss -0.009  pg +0.0211  v 0.007  ev +0.68  adv_std 0.112  tR -0.33  ent[s/d/p/e] 2.06/2.41/1.09/0.61  emits 1.07  spf 38.0  z0 0.54  garr 39.9  tG 367  e2 0.26  nF 12.2  pS 0.37  ptS 0.36  fLog 0.52  pdΔ -0.1329  pkR 8.79  clip 0.18  kl +0.004
upd   41  steps   86016  sps 1066  opp symm  loss -0.033  pg -0.0058  v 0.013  ev +0.49  adv_std 0.161  tR -0.27  ent[s/d/p/e] 2.03/2.41/1.09/0.61  emits 0.75  spf 41.0  z0 0.63  garr 41.9  tG 362  e2 0.19  nF 10.3  pS 0.35  ptS 0.34  fLog 0.53  pdΔ -0.1527  pkR 4.75  clip 0.11  kl +0.001
upd   42  steps   88064  sps 1082  opp symm  loss -0.038  pg -0.0067  v 0.004  ev +0.71  adv_std 0.087  tR -1.00  ent[s/d/p/e] 2.01/2.39/1.12/0.62  emits 0.92  spf 41.3  z0 0.57  garr 40.1  tG 358  e2 0.22  nF 11.1  pS 0.36  ptS 0.35  fLog 0.53  pdΔ -0.1427  pkR 5.62  clip 0.16  kl +0.002
upd   43  steps   90112  sps 1099  opp symm  loss -0.049  pg -0.0174  v 0.005  ev +0.68  adv_std 0.088  tR +0.00  ent[s/d/p/e] 2.02/2.38/1.07/0.63  emits 0.92  spf 42.2  z0 0.55  garr 41.0  tG 382  e2 0.23  nF 11.6  pS 0.37  ptS 0.36  fLog 0.53  pdΔ -0.1255  pkR 4.96  clip 0.12  kl +0.003
upd   44  steps   92160  sps 1115  opp symm  loss -0.033  pg -0.0025  v 0.007  ev +0.63  adv_std 0.117  tR +1.00  ent[s/d/p/e] 2.03/2.42/1.11/0.63  emits 1.03  spf 42.8  z0 0.54  garr 42.9  tG 399  e2 0.25  nF 12.7  pS 0.39  ptS 0.37  fLog 0.54  pdΔ -0.1140  pkR 4.55  clip 0.19  kl +0.005
upd   45  steps   94208  sps 1131  opp symm  loss -0.069  pg -0.0397  v 0.009  ev +0.64  adv_std 0.125  tR +0.14  ent[s/d/p/e] 1.95/2.35/1.11/0.63  emits 0.88  spf 41.9  z0 0.57  garr 41.2  tG 373  e2 0.21  nF 11.7  pS 0.36  ptS 0.35  fLog 0.53  pdΔ -0.1352  pkR 5.12  clip 0.09  kl +0.001
upd   46  steps   96256  sps 1147  opp symm  loss -0.020  pg -0.0087  v 0.045  ev +0.25  adv_std 0.312  tR +0.13  ent[s/d/p/e] 1.87/2.35/1.17/0.61  emits 0.87  spf 41.1  z0 0.59  garr 37.4  tG 299  e2 0.21  nF 10.2  pS 0.31  ptS 0.30  fLog 0.53  pdΔ -0.1860  pkR 7.08  clip 0.11  kl +0.002
upd   47  steps   98304  sps 1162  opp symm  loss +0.012  pg +0.0429  v 0.002  ev +0.78  adv_std 0.058  tR +0.00  ent[s/d/p/e] 1.71/2.25/1.18/0.56  emits 0.63  spf 35.8  z0 0.67  garr 32.8  tG 194  e2 0.14  nF 7.8  pS 0.24  ptS 0.23  fLog 0.51  pdΔ -0.2630  pkR 5.71  clip 0.08  kl -0.000
upd   48  steps  100352  sps 1177  opp symm  loss +0.008  pg +0.0397  v 0.004  ev +0.75  adv_std 0.086  tR +1.00  ent[s/d/p/e] 1.77/2.34/1.23/0.61  emits 0.68  spf 39.9  z0 0.65  garr 39.5  tG 242  e2 0.16  nF 9.0  pS 0.27  ptS 0.26  fLog 0.53  pdΔ -0.2266  pkR 4.93  clip 0.13  kl +0.003
upd   49  steps  102400  sps 1192  opp symm  loss -0.079  pg -0.0491  v 0.008  ev +0.63  adv_std 0.123  tR -0.60  ent[s/d/p/e] 1.85/2.37/1.24/0.62  emits 0.69  spf 40.8  z0 0.63  garr 41.4  tG 283  e2 0.17  nF 9.1  pS 0.30  ptS 0.29  fLog 0.54  pdΔ -0.1994  pkR 5.95  clip 0.08  kl +0.004
upd   50  steps  104448  sps 1207  opp symm  loss -0.034  pg -0.0010  v 0.003  ev +0.83  adv_std 0.076  tR -1.00  ent[s/d/p/e] 1.91/2.40/1.27/0.62  emits 0.62  spf 47.7  z0 0.66  garr 45.9  tG 354  e2 0.14  nF 8.2  pS 0.33  ptS 0.32  fLog 0.56  pdΔ -0.1742  pkR 4.84  clip 0.09  kl +0.002
upd   51  steps  106496  sps 1221  opp symm  loss -0.053  pg -0.0214  v 0.005  ev +0.72  adv_std 0.102  tR +0.50  ent[s/d/p/e] 1.88/2.38/1.30/0.63  emits 0.66  spf 51.1  z0 0.62  garr 53.2  tG 424  e2 0.16  nF 7.6  pS 0.34  ptS 0.34  fLog 0.57  pdΔ -0.1551  pkR 4.79  clip 0.12  kl +0.002
upd   52  steps  108544  sps 1235  opp symm  loss +0.002  pg +0.0355  v 0.002  ev +0.80  adv_std 0.070  tR -1.00  ent[s/d/p/e] 1.90/2.38/1.28/0.62  emits 0.67  spf 53.0  z0 0.62  garr 53.6  tG 452  e2 0.16  nF 7.9  pS 0.35  ptS 0.34  fLog 0.57  pdΔ -0.1535  pkR 4.81  clip 0.11  kl +0.002
upd   53  steps  110592  sps 1250  opp symm  loss -0.047  pg -0.0134  v 0.003  ev +0.81  adv_std 0.071  tR +0.00  ent[s/d/p/e] 1.93/2.38/1.28/0.63  emits 0.72  spf 53.1  z0 0.60  garr 54.5  tG 485  e2 0.17  nF 8.7  pS 0.36  ptS 0.36  fLog 0.57  pdΔ -0.1352  pkR 4.22  clip 0.13  kl +0.002
upd   54  steps  112640  sps 1263  opp symm  loss -0.087  pg -0.0570  v 0.008  ev +0.76  adv_std 0.125  tR +0.25  ent[s/d/p/e] 1.85/2.36/1.31/0.59  emits 0.51  spf 60.1  z0 0.67  garr 59.2  tG 516  e2 0.11  nF 7.0  pS 0.35  ptS 0.34  fLog 0.58  pdΔ -0.1509  pkR 6.03  clip 0.20  kl +0.003
upd   55  steps  114688  sps 1277  opp symm  loss -0.031  pg -0.0039  v 0.014  ev +0.57  adv_std 0.161  tR -0.33  ent[s/d/p/e] 1.87/2.32/1.26/0.61  emits 0.58  spf 55.1  z0 0.65  garr 52.5  tG 446  e2 0.13  nF 6.3  pS 0.33  ptS 0.32  fLog 0.57  pdΔ -0.1728  pkR 5.77  clip 0.24  kl +0.005
upd   56  steps  116736  sps 1291  opp symm  loss -0.065  pg -0.0373  v 0.012  ev +0.68  adv_std 0.157  tR +0.00  ent[s/d/p/e] 1.87/2.38/1.31/0.58  emits 0.49  spf 58.7  z0 0.70  garr 57.2  tG 457  e2 0.11  nF 5.8  pS 0.31  ptS 0.30  fLog 0.59  pdΔ -0.1943  pkR 5.92  clip 0.10  kl +0.005
upd   57  steps  118784  sps 1304  opp symm  loss -0.026  pg +0.0042  v 0.006  ev +0.81  adv_std 0.105  tR +0.20  ent[s/d/p/e] 1.69/2.29/1.39/0.58  emits 0.49  spf 55.2  z0 0.69  garr 51.3  tG 384  e2 0.10  nF 4.9  pS 0.28  ptS 0.27  fLog 0.58  pdΔ -0.2201  pkR 6.87  clip 0.08  kl +0.001
upd   58  steps  120832  sps 1317  opp symm  loss -0.027  pg +0.0053  v 0.003  ev +0.90  adv_std 0.072  tR +1.00  ent[s/d/p/e] 1.64/2.27/1.36/0.59  emits 0.52  spf 56.3  z0 0.67  garr 51.2  tG 387  e2 0.12  nF 5.2  pS 0.28  ptS 0.27  fLog 0.57  pdΔ -0.2225  pkR 5.96  clip 0.10  kl +0.004
upd   59  steps  122880  sps 1330  opp symm  loss -0.023  pg +0.0081  v 0.004  ev +0.83  adv_std 0.094  tR +1.00  ent[s/d/p/e] 1.68/2.28/1.34/0.61  emits 0.62  spf 50.9  z0 0.64  garr 49.1  tG 394  e2 0.15  nF 6.1  pS 0.30  ptS 0.29  fLog 0.57  pdΔ -0.1985  pkR 6.54  clip 0.11  kl +0.005
upd   60  steps  124928  sps 1343  opp symm  loss -0.026  pg +0.0033  v 0.009  ev +0.78  adv_std 0.130  tR -0.43  ent[s/d/p/e] 1.78/2.32/1.31/0.62  emits 0.68  spf 51.8  z0 0.64  garr 45.9  tG 360  e2 0.17  nF 7.1  pS 0.31  ptS 0.30  fLog 0.57  pdΔ -0.1897  pkR 5.98  clip 0.08  kl +0.002
upd   61  steps  126976  sps 1355  opp symm  loss -0.033  pg -0.0011  v 0.006  ev +0.78  adv_std 0.110  tR -0.33  ent[s/d/p/e] 1.81/2.38/1.37/0.63  emits 0.70  spf 49.3  z0 0.62  garr 46.1  tG 372  e2 0.17  nF 7.2  pS 0.34  ptS 0.32  fLog 0.57  pdΔ -0.1607  pkR 4.88  clip 0.17  kl +0.005
upd   62  steps  129024  sps 1368  opp symm  loss -0.037  pg -0.0100  v 0.012  ev +0.64  adv_std 0.157  tR +0.25  ent[s/d/p/e] 1.73/2.32/1.38/0.56  emits 0.57  spf 43.6  z0 0.68  garr 38.8  tG 280  e2 0.13  nF 6.4  pS 0.28  ptS 0.28  fLog 0.56  pdΔ -0.2167  pkR 7.92  clip 0.11  kl +0.003
upd   63  steps  131072  sps 1380  opp symm  loss +0.017  pg +0.0499  v 0.002  ev +0.86  adv_std 0.069  tR +1.00  ent[s/d/p/e] 1.75/2.38/1.34/0.59  emits 0.56  spf 47.8  z0 0.68  garr 41.3  tG 281  e2 0.13  nF 5.9  pS 0.29  ptS 0.28  fLog 0.57  pdΔ -0.2122  pkR 7.42  clip 0.07  kl +0.001
upd   64  steps  133120  sps 1392  opp symm  loss -0.037  pg -0.0045  v 0.005  ev +0.84  adv_std 0.094  tR +0.50  ent[s/d/p/e] 1.76/2.38/1.38/0.61  emits 0.62  spf 45.9  z0 0.64  garr 41.1  tG 293  e2 0.14  nF 6.5  pS 0.31  ptS 0.30  fLog 0.56  pdΔ -0.1879  pkR 6.08  clip 0.06  kl +0.002
upd   65  steps  135168  sps 1404  opp symm  loss -0.009  pg +0.0237  v 0.004  ev +0.85  adv_std 0.085  tR -0.33  ent[s/d/p/e] 1.80/2.41/1.35/0.60  emits 0.64  spf 46.9  z0 0.65  garr 42.5  tG 306  e2 0.15  nF 6.5  pS 0.32  ptS 0.31  fLog 0.57  pdΔ -0.1792  pkR 4.82  clip 0.10  kl +0.004
upd   66  steps  137216  sps 1416  opp symm  loss -0.032  pg -0.0001  v 0.004  ev +0.82  adv_std 0.094  tR +0.00  ent[s/d/p/e] 1.73/2.39/1.36/0.59  emits 0.49  spf 49.8  z0 0.69  garr 52.4  tG 378  e2 0.10  nF 6.0  pS 0.33  ptS 0.31  fLog 0.58  pdΔ -0.1720  pkR 7.29  clip 0.03  kl +0.001
upd   67  steps  139264  sps 1427  opp symm  loss -0.022  pg +0.0104  v 0.004  ev +0.84  adv_std 0.085  tR +0.33  ent[s/d/p/e] 1.87/2.48/1.36/0.59  emits 0.47  spf 58.8  z0 0.71  garr 59.2  tG 458  e2 0.10  nF 5.2  pS 0.34  ptS 0.32  fLog 0.60  pdΔ -0.1591  pkR 8.94  clip 0.06  kl +0.001
upd   68  steps  141312  sps 1439  opp symm  loss -0.077  pg -0.0435  v 0.003  ev +0.85  adv_std 0.082  tR -1.00  ent[s/d/p/e] 1.91/2.51/1.42/0.60  emits 0.47  spf 66.0  z0 0.70  garr 64.5  tG 509  e2 0.10  nF 5.2  pS 0.36  ptS 0.34  fLog 0.62  pdΔ -0.1380  pkR 3.21  clip 0.07  kl +0.002
upd   69  steps  143360  sps 1450  opp symm  loss -0.008  pg +0.0258  v 0.003  ev +0.86  adv_std 0.076  tR +0.00  ent[s/d/p/e] 1.98/2.49/1.36/0.62  emits 0.57  spf 67.9  z0 0.65  garr 67.2  tG 590  e2 0.13  nF 5.5  pS 0.39  ptS 0.37  fLog 0.62  pdΔ -0.1110  pkR 3.16  clip 0.07  kl -0.001
upd   70  steps  145408  sps 1461  opp symm  loss +0.005  pg +0.0361  v 0.008  ev +0.60  adv_std 0.120  tR -0.60  ent[s/d/p/e] 2.02/2.51/1.33/0.61  emits 0.58  spf 69.1  z0 0.67  garr 64.9  tG 589  e2 0.13  nF 6.0  pS 0.38  ptS 0.37  fLog 0.62  pdΔ -0.1167  pkR 4.29  clip 0.15  kl +0.002
upd   71  steps  147456  sps 1472  opp symm  loss -0.068  pg -0.0408  v 0.014  ev +0.55  adv_std 0.166  tR +0.00  ent[s/d/p/e] 2.05/2.50/1.27/0.59  emits 0.56  spf 69.5  z0 0.67  garr 60.5  tG 556  e2 0.13  nF 6.0  pS 0.38  ptS 0.36  fLog 0.62  pdΔ -0.1243  pkR 4.34  clip 0.14  kl +0.005
upd   72  steps  149504  sps 1483  opp symm  loss -0.039  pg -0.0103  v 0.012  ev +0.48  adv_std 0.152  tR +0.00  ent[s/d/p/e] 1.95/2.50/1.38/0.55  emits 0.46  spf 70.0  z0 0.72  garr 58.6  tG 480  e2 0.10  nF 4.7  pS 0.33  ptS 0.32  fLog 0.63  pdΔ -0.1749  pkR 5.22  clip 0.10  kl +0.004
upd   73  steps  151552  sps 1494  opp symm  loss -0.050  pg -0.0193  v 0.008  ev +0.42  adv_std 0.121  tR +0.33  ent[s/d/p/e] 1.94/2.48/1.34/0.58  emits 0.56  spf 64.7  z0 0.69  garr 56.3  tG 437  e2 0.13  nF 5.3  pS 0.32  ptS 0.31  fLog 0.61  pdΔ -0.1804  pkR 6.32  clip 0.14  kl +0.008
upd   74  steps  153600  sps 1505  opp symm  loss -0.041  pg -0.0069  v 0.002  ev +0.83  adv_std 0.061  tR +1.00  ent[s/d/p/e] 1.83/2.49/1.37/0.60  emits 0.62  spf 58.7  z0 0.66  garr 54.0  tG 418  e2 0.14  nF 6.1  pS 0.33  ptS 0.32  fLog 0.61  pdΔ -0.1684  pkR 7.33  clip 0.08  kl +0.002
upd   75  steps  155648  sps 1515  opp symm  loss -0.009  pg +0.0224  v 0.006  ev +0.61  adv_std 0.106  tR +0.33  ent[s/d/p/e] 1.82/2.45/1.31/0.61  emits 0.68  spf 51.7  z0 0.64  garr 49.2  tG 386  e2 0.17  nF 7.0  pS 0.35  ptS 0.34  fLog 0.59  pdΔ -0.1462  pkR 5.63  clip 0.08  kl +0.000
upd   76  steps  157696  sps 1525  opp symm  loss -0.051  pg -0.0200  v 0.008  ev +0.66  adv_std 0.122  tR +0.00  ent[s/d/p/e] 1.84/2.51/1.36/0.61  emits 0.66  spf 53.5  z0 0.64  garr 47.8  tG 356  e2 0.16  nF 7.0  pS 0.34  ptS 0.32  fLog 0.60  pdΔ -0.1631  pkR 4.10  clip 0.11  kl +0.003
upd   77  steps  159744  sps 1536  opp symm  loss -0.066  pg -0.0418  v 0.021  ev +0.54  adv_std 0.214  tR +0.00  ent[s/d/p/e] 1.86/2.48/1.35/0.59  emits 0.70  spf 50.6  z0 0.63  garr 45.0  tG 331  e2 0.16  nF 7.2  pS 0.32  ptS 0.31  fLog 0.58  pdΔ -0.1774  pkR 5.20  clip 0.12  kl +0.005
upd   78  steps  161792  sps 1546  opp symm  loss -0.049  pg -0.0163  v 0.002  ev +0.88  adv_std 0.061  tR +0.00  ent[s/d/p/e] 1.82/2.52/1.35/0.57  emits 0.65  spf 48.9  z0 0.66  garr 41.8  tG 286  e2 0.15  nF 6.6  pS 0.29  ptS 0.28  fLog 0.58  pdΔ -0.2087  pkR 4.84  clip 0.09  kl +0.002
upd   79  steps  163840  sps 1556  opp symm  loss -0.084  pg -0.0524  v 0.005  ev +0.75  adv_std 0.102  tR -0.50  ent[s/d/p/e] 1.90/2.54/1.34/0.58  emits 0.83  spf 46.4  z0 0.63  garr 39.8  tG 295  e2 0.18  nF 8.4  pS 0.33  ptS 0.32  fLog 0.58  pdΔ -0.1682  pkR 3.85  clip 0.11  kl +0.004
upd   80  steps  165888  sps 1565  opp symm  loss -0.038  pg -0.0071  v 0.007  ev +0.69  adv_std 0.113  tR +0.20  ent[s/d/p/e] 1.91/2.49/1.30/0.59  emits 0.98  spf 40.6  z0 0.58  garr 39.2  tG 282  e2 0.22  nF 10.0  pS 0.35  ptS 0.33  fLog 0.55  pdΔ -0.1519  pkR 6.81  clip 0.11  kl +0.005
upd   81  steps  167936  sps 1575  opp symm  loss -0.023  pg +0.0095  v 0.003  ev +0.82  adv_std 0.081  tR +1.00  ent[s/d/p/e] 1.81/2.44/1.35/0.59  emits 0.82  spf 41.9  z0 0.60  garr 39.4  tG 303  e2 0.19  nF 10.1  pS 0.35  ptS 0.33  fLog 0.55  pdΔ -0.1541  pkR 9.20  clip 0.14  kl +0.005
upd   82  steps  169984  sps 1585  opp symm  loss -0.102  pg -0.0697  v 0.005  ev +0.81  adv_std 0.106  tR +1.00  ent[s/d/p/e] 1.80/2.47/1.40/0.59  emits 0.67  spf 46.6  z0 0.65  garr 42.2  tG 321  e2 0.16  nF 8.2  pS 0.33  ptS 0.32  fLog 0.58  pdΔ -0.1708  pkR 8.21  clip 0.15  kl +0.001
upd   83  steps  172032  sps 1594  opp symm  loss -0.169  pg -0.1355  v 0.003  ev +0.90  adv_std 0.079  tR -0.20  ent[s/d/p/e] 1.79/2.47/1.39/0.61  emits 0.74  spf 50.5  z0 0.63  garr 44.3  tG 326  e2 0.17  nF 7.5  pS 0.32  ptS 0.31  fLog 0.59  pdΔ -0.1760  pkR 3.80  clip 0.22  kl +0.012
upd   84  steps  174080  sps 1604  opp symm  loss -0.029  pg +0.0048  v 0.002  ev +0.91  adv_std 0.057  tR +0.00  ent[s/d/p/e] 1.73/2.42/1.41/0.60  emits 0.63  spf 50.8  z0 0.64  garr 47.7  tG 344  e2 0.14  nF 7.2  pS 0.32  ptS 0.32  fLog 0.59  pdΔ -0.1808  pkR 4.37  clip 0.07  kl +0.004
upd   85  steps  176128  sps 1613  opp symm  loss -0.044  pg -0.0138  v 0.007  ev +0.71  adv_std 0.119  tR -1.00  ent[s/d/p/e] 1.78/2.43/1.38/0.60  emits 0.74  spf 48.0  z0 0.61  garr 46.0  tG 344  e2 0.17  nF 7.5  pS 0.33  ptS 0.33  fLog 0.57  pdΔ -0.1721  pkR 7.68  clip 0.10  kl +0.004
upd   86  steps  178176  sps 1622  opp symm  loss -0.063  pg -0.0314  v 0.006  ev +0.72  adv_std 0.113  tR +0.33  ent[s/d/p/e] 1.76/2.41/1.45/0.59  emits 0.70  spf 45.2  z0 0.63  garr 44.7  tG 359  e2 0.17  nF 7.9  pS 0.33  ptS 0.33  fLog 0.56  pdΔ -0.1698  pkR 12.08  clip 0.08  kl +0.001
upd   87  steps  180224  sps 1631  opp symm  loss -0.066  pg -0.0388  v 0.015  ev +0.62  adv_std 0.170  tR -0.27  ent[s/d/p/e] 1.89/2.49/1.40/0.58  emits 0.69  spf 48.2  z0 0.65  garr 44.9  tG 321  e2 0.16  nF 7.3  pS 0.32  ptS 0.31  fLog 0.57  pdΔ -0.1825  pkR 8.48  clip 0.07  kl +0.004
upd   88  steps  182272  sps 1640  opp symm  loss -0.057  pg -0.0240  v 0.004  ev +0.74  adv_std 0.095  tR -0.50  ent[s/d/p/e] 1.91/2.52/1.41/0.58  emits 0.72  spf 48.4  z0 0.65  garr 47.7  tG 312  e2 0.16  nF 7.4  pS 0.31  ptS 0.31  fLog 0.57  pdΔ -0.1879  pkR 4.19  clip 0.05  kl +0.001
upd   89  steps  184320  sps 1649  opp symm  loss -0.047  pg -0.0142  v 0.004  ev +0.80  adv_std 0.092  tR +0.00  ent[s/d/p/e] 1.86/2.48/1.40/0.60  emits 0.70  spf 49.5  z0 0.64  garr 47.7  tG 319  e2 0.16  nF 7.6  pS 0.32  ptS 0.32  fLog 0.58  pdΔ -0.1780  pkR 4.47  clip 0.08  kl +0.001
upd   90  steps  186368  sps 1657  opp symm  loss -0.034  pg -0.0008  v 0.004  ev +0.85  adv_std 0.087  tR +0.00  ent[s/d/p/e] 1.86/2.48/1.41/0.61  emits 0.72  spf 48.5  z0 0.63  garr 47.0  tG 337  e2 0.16  nF 7.2  pS 0.33  ptS 0.32  fLog 0.58  pdΔ -0.1733  pkR 4.58  clip 0.12  kl +0.003
upd   91  steps  188416  sps 1666  opp symm  loss -0.011  pg +0.0221  v 0.004  ev +0.90  adv_std 0.093  tR +0.00  ent[s/d/p/e] 1.88/2.48/1.41/0.59  emits 0.65  spf 52.3  z0 0.65  garr 47.2  tG 352  e2 0.16  nF 6.9  pS 0.33  ptS 0.33  fLog 0.59  pdΔ -0.1684  pkR 4.59  clip 0.12  kl +0.004
upd   92  steps  190464  sps 1675  opp symm  loss -0.062  pg -0.0307  v 0.006  ev +0.82  adv_std 0.111  tR -0.33  ent[s/d/p/e] 1.81/2.44/1.47/0.59  emits 0.64  spf 53.5  z0 0.66  garr 48.0  tG 364  e2 0.15  nF 5.8  pS 0.32  ptS 0.31  fLog 0.59  pdΔ -0.1796  pkR 8.27  clip 0.16  kl +0.005
upd   93  steps  192512  sps 1683  opp symm  loss +0.003  pg +0.0327  v 0.009  ev +0.78  adv_std 0.131  tR -0.56  ent[s/d/p/e] 1.82/2.44/1.48/0.55  emits 0.61  spf 48.5  z0 0.66  garr 44.7  tG 352  e2 0.14  nF 6.2  pS 0.31  ptS 0.31  fLog 0.58  pdΔ -0.1882  pkR 15.46  clip 0.17  kl +0.006
upd   94  steps  194560  sps 1691  opp symm  loss -0.078  pg -0.0467  v 0.008  ev +0.76  adv_std 0.123  tR +1.00  ent[s/d/p/e] 1.85/2.44/1.44/0.59  emits 0.65  spf 47.0  z0 0.67  garr 41.6  tG 307  e2 0.15  nF 6.3  pS 0.31  ptS 0.31  fLog 0.57  pdΔ -0.1899  pkR 4.24  clip 0.19  kl +0.005
upd   95  steps  196608  sps 1700  opp symm  loss -0.066  pg -0.0333  v 0.004  ev +0.89  adv_std 0.088  tR -0.33  ent[s/d/p/e] 1.76/2.35/1.51/0.60  emits 0.72  spf 47.5  z0 0.62  garr 39.1  tG 301  e2 0.17  nF 6.5  pS 0.31  ptS 0.30  fLog 0.57  pdΔ -0.1928  pkR 6.09  clip 0.10  kl +0.006
upd   96  steps  198656  sps 1708  opp symm  loss -0.043  pg -0.0106  v 0.004  ev +0.88  adv_std 0.091  tR +0.33  ent[s/d/p/e] 1.87/2.44/1.44/0.59  emits 0.91  spf 41.7  z0 0.59  garr 35.7  tG 263  e2 0.22  nF 8.4  pS 0.33  ptS 0.32  fLog 0.55  pdΔ -0.1743  pkR 4.17  clip 0.09  kl +0.002
upd   97  steps  200704  sps 1716  opp symm  loss -0.036  pg -0.0048  v 0.008  ev +0.83  adv_std 0.123  tR +0.20  ent[s/d/p/e] 1.92/2.45/1.44/0.59  emits 0.92  spf 42.3  z0 0.57  garr 36.1  tG 297  e2 0.21  nF 9.5  pS 0.36  ptS 0.35  fLog 0.56  pdΔ -0.1406  pkR 5.04  clip 0.10  kl +0.004
upd   98  steps  202752  sps 1724  opp symm  loss -0.043  pg -0.0100  v 0.005  ev +0.91  adv_std 0.095  tR +0.00  ent[s/d/p/e] 1.93/2.43/1.41/0.60  emits 0.96  spf 41.7  z0 0.57  garr 35.9  tG 286  e2 0.22  nF 9.4  pS 0.35  ptS 0.34  fLog 0.55  pdΔ -0.1501  pkR 4.19  clip 0.09  kl +0.004
[eval_vs_v20] u99 tag=train_u99  bin0=0.0%  spf=66.70  garr=84.85  flip=38.46%  z0=65.6%  e8=0.0%  e2+=0.8%  WLD=0/3/0
upd   99  steps  204800  sps 1732  opp symm  loss -0.083  pg -0.0499  v 0.005  ev +0.90  adv_std 0.098  tR +0.33  ent[s/d/p/e] 1.95/2.48/1.43/0.61  emits 0.97  spf 41.4  z0 0.59  garr 34.0  tG 272  e2 0.22  nF 9.6  pS 0.35  ptS 0.34  fLog 0.56  pdΔ -0.1535  pkR 4.61  clip 0.13  kl +0.002 WRr 0.09 v20[spf 66.7 flip 38.5% e2+ 0.8%]
upd  100  steps  206848  sps 948  opp symm  loss -0.024  pg +0.0092  v 0.003  ev +0.93  adv_std 0.079  tR +0.50  ent[s/d/p/e] 1.91/2.43/1.43/0.59  emits 0.90  spf 40.7  z0 0.58  garr 34.5  tG 276  e2 0.21  nF 9.8  pS 0.35  ptS 0.34  fLog 0.55  pdΔ -0.1525  pkR 5.21  clip 0.11  kl +0.004
upd  101  steps  208896  sps 955  opp symm  loss -0.058  pg -0.0265  v 0.007  ev +0.85  adv_std 0.113  tR +0.33  ent[s/d/p/e] 1.88/2.45/1.36/0.59  emits 0.83  spf 43.4  z0 0.61  garr 37.5  tG 334  e2 0.19  nF 9.1  pS 0.36  ptS 0.35  fLog 0.56  pdΔ -0.1414  pkR 12.26  clip 0.16  kl +0.006
upd  102  steps  210944  sps 961  opp symm  loss -0.058  pg -0.0268  v 0.007  ev +0.89  adv_std 0.120  tR -0.33  ent[s/d/p/e] 1.88/2.44/1.39/0.60  emits 0.74  spf 44.2  z0 0.62  garr 36.0  tG 282  e2 0.17  nF 8.0  pS 0.32  ptS 0.32  fLog 0.56  pdΔ -0.1762  pkR 8.71  clip 0.11  kl +0.002
upd  103  steps  212992  sps 968  opp symm  loss -0.071  pg -0.0423  v 0.009  ev +0.81  adv_std 0.133  tR +0.11  ent[s/d/p/e] 1.71/2.37/1.37/0.57  emits 0.66  spf 42.6  z0 0.65  garr 35.8  tG 229  e2 0.14  nF 6.9  pS 0.27  ptS 0.27  fLog 0.56  pdΔ -0.2281  pkR 5.04  clip 0.15  kl +0.007
upd  104  steps  215040  sps 974  opp symm  loss +0.024  pg +0.0548  v 0.003  ev +0.94  adv_std 0.072  tR +1.00  ent[s/d/p/e] 1.65/2.30/1.35/0.56  emits 0.73  spf 37.1  z0 0.63  garr 29.5  tG 188  e2 0.17  nF 8.2  pS 0.26  ptS 0.26  fLog 0.53  pdΔ -0.2388  pkR 6.42  clip 0.09  kl +0.002
upd  105  steps  217088  sps 981  opp symm  loss -0.091  pg -0.0598  v 0.004  ev +0.95  adv_std 0.086  tR +0.33  ent[s/d/p/e] 1.69/2.38/1.35/0.57  emits 0.74  spf 37.2  z0 0.65  garr 29.4  tG 199  e2 0.17  nF 8.3  pS 0.27  ptS 0.26  fLog 0.54  pdΔ -0.2327  pkR 8.77  clip 0.09  kl +0.002
upd  106  steps  219136  sps 987  opp symm  loss -0.075  pg -0.0449  v 0.006  ev +0.93  adv_std 0.106  tR -0.71  ent[s/d/p/e] 1.69/2.36/1.36/0.58  emits 0.86  spf 35.7  z0 0.61  garr 27.0  tG 191  e2 0.21  nF 9.3  pS 0.29  ptS 0.28  fLog 0.53  pdΔ -0.2130  pkR 5.88  clip 0.10  kl +0.000
upd  107  steps  221184  sps 994  opp symm  loss -0.071  pg -0.0417  v 0.007  ev +0.91  adv_std 0.115  tR +0.20  ent[s/d/p/e] 1.71/2.39/1.38/0.56  emits 0.69  spf 38.1  z0 0.66  garr 30.0  tG 218  e2 0.16  nF 8.7  pS 0.29  ptS 0.28  fLog 0.54  pdΔ -0.2110  pkR 8.75  clip 0.10  kl +0.000
upd  108  steps  223232  sps 1000  opp symm  loss -0.037  pg -0.0080  v 0.008  ev +0.86  adv_std 0.122  tR -0.25  ent[s/d/p/e] 1.66/2.43/1.39/0.56  emits 0.70  spf 40.6  z0 0.65  garr 33.4  tG 215  e2 0.15  nF 7.0  pS 0.27  ptS 0.26  fLog 0.55  pdΔ -0.2257  pkR 7.43  clip 0.05  kl +0.002
upd  109  steps  225280  sps 1006  opp symm  loss -0.009  pg +0.0209  v 0.005  ev +0.88  adv_std 0.100  tR -0.20  ent[s/d/p/e] 1.68/2.43/1.29/0.54  emits 0.68  spf 38.4  z0 0.68  garr 32.2  tG 215  e2 0.15  nF 6.9  pS 0.27  ptS 0.26  fLog 0.55  pdΔ -0.2281  pkR 12.73  clip 0.08  kl +0.002
upd  110  steps  227328  sps 1012  opp symm  loss -0.045  pg -0.0137  v 0.004  ev +0.88  adv_std 0.090  tR -1.00  ent[s/d/p/e] 1.68/2.47/1.35/0.56  emits 0.65  spf 40.0  z0 0.66  garr 34.9  tG 205  e2 0.14  nF 7.4  pS 0.27  ptS 0.27  fLog 0.56  pdΔ -0.2257  pkR 4.11  clip 0.07  kl +0.001
upd  111  steps  229376  sps 1019  opp symm  loss -0.063  pg -0.0323  v 0.004  ev +0.91  adv_std 0.092  tR +0.00  ent[s/d/p/e] 1.67/2.45/1.33/0.57  emits 0.63  spf 44.5  z0 0.68  garr 36.4  tG 243  e2 0.14  nF 6.8  pS 0.29  ptS 0.28  fLog 0.57  pdΔ -0.2097  pkR 4.18  clip 0.08  kl -0.001
upd  112  steps  231424  sps 1025  opp symm  loss -0.036  pg -0.0045  v 0.004  ev +0.92  adv_std 0.085  tR -0.33  ent[s/d/p/e] 1.71/2.41/1.29/0.58  emits 0.70  spf 45.4  z0 0.64  garr 34.1  tG 241  e2 0.16  nF 7.0  pS 0.29  ptS 0.28  fLog 0.57  pdΔ -0.2103  pkR 4.68  clip 0.09  kl +0.001
upd  113  steps  233472  sps 1031  opp symm  loss +0.017  pg +0.0487  v 0.003  ev +0.93  adv_std 0.082  tR -1.00  ent[s/d/p/e] 1.77/2.42/1.32/0.57  emits 0.68  spf 40.8  z0 0.64  garr 32.4  tG 234  e2 0.16  nF 7.7  pS 0.30  ptS 0.29  fLog 0.56  pdΔ -0.1997  pkR 4.64  clip 0.12  kl +0.004
upd  114  steps  235520  sps 1037  opp symm  loss -0.040  pg -0.0091  v 0.005  ev +0.90  adv_std 0.095  tR +0.00  ent[s/d/p/e] 1.84/2.46/1.29/0.58  emits 0.76  spf 42.5  z0 0.64  garr 33.5  tG 243  e2 0.17  nF 8.0  pS 0.31  ptS 0.31  fLog 0.56  pdΔ -0.1876  pkR 4.57  clip 0.08  kl +0.004
upd  115  steps  237568  sps 1043  opp symm  loss -0.104  pg -0.0728  v 0.004  ev +0.91  adv_std 0.095  tR +0.33  ent[s/d/p/e] 1.80/2.45/1.32/0.58  emits 0.63  spf 45.7  z0 0.67  garr 37.2  tG 269  e2 0.14  nF 6.8  pS 0.30  ptS 0.30  fLog 0.58  pdΔ -0.1962  pkR 4.49  clip 0.06  kl +0.001
upd  116  steps  239616  sps 1049  opp symm  loss -0.079  pg -0.0482  v 0.005  ev +0.89  adv_std 0.098  tR +0.20  ent[s/d/p/e] 1.58/2.32/1.33/0.59  emits 0.56  spf 46.5  z0 0.68  garr 38.1  tG 261  e2 0.13  nF 5.6  pS 0.28  ptS 0.27  fLog 0.57  pdΔ -0.2205  pkR 6.27  clip 0.09  kl +0.003
upd  117  steps  241664  sps 1055  opp symm  loss -0.064  pg -0.0352  v 0.009  ev +0.87  adv_std 0.132  tR +0.20  ent[s/d/p/e] 1.66/2.39/1.35/0.58  emits 0.57  spf 50.8  z0 0.67  garr 40.1  tG 282  e2 0.13  nF 5.9  pS 0.28  ptS 0.28  fLog 0.59  pdΔ -0.2157  pkR 4.66  clip 0.08  kl +0.001
upd  118  steps  243712  sps 1061  opp symm  loss -0.087  pg -0.0582  v 0.009  ev +0.88  adv_std 0.132  tR +0.14  ent[s/d/p/e] 1.62/2.37/1.37/0.58  emits 0.63  spf 46.2  z0 0.67  garr 37.9  tG 260  e2 0.14  nF 5.6  pS 0.28  ptS 0.27  fLog 0.57  pdΔ -0.2243  pkR 4.55  clip 0.09  kl +0.001
upd  119  steps  245760  sps 1067  opp symm  loss -0.056  pg -0.0257  v 0.005  ev +0.93  adv_std 0.099  tR -0.50  ent[s/d/p/e] 1.63/2.36/1.35/0.58  emits 0.66  spf 43.1  z0 0.65  garr 36.7  tG 242  e2 0.15  nF 6.7  pS 0.28  ptS 0.27  fLog 0.56  pdΔ -0.2207  pkR 5.11  clip 0.05  kl +0.000
upd  120  steps  247808  sps 1073  opp symm  loss +0.006  pg +0.0378  v 0.003  ev +0.97  adv_std 0.076  tR +1.00  ent[s/d/p/e] 1.66/2.42/1.31/0.59  emits 0.65  spf 42.9  z0 0.66  garr 36.0  tG 242  e2 0.14  nF 7.7  pS 0.29  ptS 0.28  fLog 0.57  pdΔ -0.2146  pkR 5.36  clip 0.08  kl +0.003
upd  121  steps  249856  sps 1079  opp symm  loss -0.015  pg +0.0151  v 0.006  ev +0.94  adv_std 0.105  tR -0.71  ent[s/d/p/e] 1.73/2.41/1.31/0.57  emits 0.61  spf 44.6  z0 0.67  garr 37.9  tG 265  e2 0.14  nF 6.6  pS 0.30  ptS 0.30  fLog 0.57  pdΔ -0.2015  pkR 4.06  clip 0.13  kl +0.002
upd  122  steps  251904  sps 1084  opp symm  loss -0.059  pg -0.0282  v 0.005  ev +0.95  adv_std 0.096  tR +0.00  ent[s/d/p/e] 1.78/2.44/1.29/0.57  emits 0.61  spf 47.7  z0 0.68  garr 38.9  tG 283  e2 0.14  nF 5.9  pS 0.31  ptS 0.31  fLog 0.59  pdΔ -0.1925  pkR 4.48  clip 0.05  kl +0.002
upd  123  steps  253952  sps 1090  opp symm  loss -0.031  pg -0.0012  v 0.006  ev +0.90  adv_std 0.110  tR -0.43  ent[s/d/p/e] 1.60/2.36/1.32/0.57  emits 0.60  spf 47.1  z0 0.69  garr 37.8  tG 248  e2 0.13  nF 5.5  pS 0.27  ptS 0.27  fLog 0.58  pdΔ -0.2290  pkR 5.07  clip 0.08  kl -0.000
upd  124  steps  256000  sps 1096  opp symm  loss -0.021  pg +0.0094  v 0.005  ev +0.91  adv_std 0.100  tR -0.33  ent[s/d/p/e] 1.65/2.44/1.32/0.58  emits 0.62  spf 45.9  z0 0.67  garr 40.7  tG 265  e2 0.13  nF 6.3  pS 0.29  ptS 0.29  fLog 0.58  pdΔ -0.2134  pkR 4.16  clip 0.09  kl +0.004
upd  125  steps  258048  sps 1102  opp symm  loss -0.037  pg -0.0071  v 0.007  ev +0.88  adv_std 0.114  tR +0.00  ent[s/d/p/e] 1.65/2.44/1.38/0.58  emits 0.60  spf 51.4  z0 0.67  garr 47.8  tG 344  e2 0.13  nF 5.7  pS 0.32  ptS 0.31  fLog 0.60  pdΔ -0.1796  pkR 8.04  clip 0.13  kl +0.003
upd  126  steps  260096  sps 1107  opp symm  loss -0.067  pg -0.0358  v 0.004  ev +0.95  adv_std 0.086  tR +0.00  ent[s/d/p/e] 1.64/2.43/1.34/0.57  emits 0.55  spf 52.2  z0 0.69  garr 48.9  tG 344  e2 0.12  nF 5.8  pS 0.32  ptS 0.31  fLog 0.60  pdΔ -0.1836  pkR 4.42  clip 0.07  kl +0.003
upd  127  steps  262144  sps 1113  opp symm  loss -0.081  pg -0.0513  v 0.007  ev +0.92  adv_std 0.115  tR -0.14  ent[s/d/p/e] 1.72/2.46/1.33/0.56  emits 0.59  spf 55.6  z0 0.68  garr 52.8  tG 385  e2 0.12  nF 5.7  pS 0.33  ptS 0.32  fLog 0.61  pdΔ -0.1749  pkR 4.35  clip 0.10  kl +0.003
upd  128  steps  264192  sps 1119  opp symm  loss -0.028  pg +0.0040  v 0.002  ev +0.97  adv_std 0.061  tR -1.00  ent[s/d/p/e] 1.75/2.48/1.38/0.55  emits 0.54  spf 62.9  z0 0.70  garr 56.5  tG 412  e2 0.12  nF 5.1  pS 0.33  ptS 0.32  fLog 0.63  pdΔ -0.1750  pkR 4.03  clip 0.08  kl +0.005
upd  129  steps  266240  sps 1124  opp symm  loss +0.011  pg +0.0435  v 0.003  ev +0.96  adv_std 0.076  tR -1.00  ent[s/d/p/e] 1.86/2.53/1.33/0.57  emits 0.67  spf 54.4  z0 0.67  garr 57.2  tG 421  e2 0.15  nF 6.6  pS 0.35  ptS 0.35  fLog 0.61  pdΔ -0.1483  pkR 3.86  clip 0.10  kl +0.004
upd  130  steps  268288  sps 1130  opp symm  loss -0.049  pg -0.0176  v 0.005  ev +0.95  adv_std 0.100  tR +0.33  ent[s/d/p/e] 1.85/2.52/1.35/0.56  emits 0.60  spf 56.4  z0 0.69  garr 61.2  tG 479  e2 0.13  nF 6.5  pS 0.36  ptS 0.36  fLog 0.61  pdΔ -0.1351  pkR 6.13  clip 0.11  kl +0.003
upd  131  steps  270336  sps 1135  opp symm  loss +0.023  pg +0.0541  v 0.004  ev +0.95  adv_std 0.095  tR -1.00  ent[s/d/p/e] 1.83/2.50/1.28/0.54  emits 0.50  spf 59.1  z0 0.71  garr 63.4  tG 468  e2 0.10  nF 5.0  pS 0.33  ptS 0.33  fLog 0.62  pdΔ -0.1658  pkR 3.47  clip 0.11  kl +0.002
upd  132  steps  272384  sps 1141  opp symm  loss -0.018  pg +0.0141  v 0.003  ev +0.97  adv_std 0.072  tR +0.00  ent[s/d/p/e] 1.86/2.54/1.29/0.54  emits 0.52  spf 60.6  z0 0.71  garr 69.3  tG 501  e2 0.11  nF 5.6  pS 0.35  ptS 0.34  fLog 0.62  pdΔ -0.1531  pkR 3.42  clip 0.06  kl +0.001
upd  133  steps  274432  sps 1146  opp symm  loss -0.055  pg -0.0245  v 0.004  ev +0.95  adv_std 0.093  tR +0.20  ent[s/d/p/e] 1.85/2.52/1.33/0.52  emits 0.43  spf 64.2  z0 0.75  garr 75.2  tG 534  e2 0.08  nF 4.5  pS 0.33  ptS 0.32  fLog 0.63  pdΔ -0.1665  pkR 3.30  clip 0.05  kl +0.003
upd  134  steps  276480  sps 1152  opp symm  loss -0.073  pg -0.0437  v 0.005  ev +0.92  adv_std 0.100  tR -0.33  ent[s/d/p/e] 1.61/2.43/1.31/0.52  emits 0.30  spf 76.6  z0 0.77  garr 77.8  tG 545  e2 0.06  nF 2.7  pS 0.30  ptS 0.29  fLog 0.66  pdΔ -0.2048  pkR 5.50  clip 0.04  kl +0.002
upd  135  steps  278528  sps 1157  opp symm  loss -0.027  pg +0.0040  v 0.003  ev +0.95  adv_std 0.080  tR -1.00  ent[s/d/p/e] 1.68/2.43/1.36/0.54  emits 0.39  spf 68.9  z0 0.73  garr 73.0  tG 506  e2 0.08  nF 3.5  pS 0.30  ptS 0.29  fLog 0.64  pdΔ -0.2015  pkR 3.95  clip 0.05  kl -0.001
upd  136  steps  280576  sps 1163  opp symm  loss +0.006  pg +0.0370  v 0.006  ev +0.91  adv_std 0.108  tR +1.00  ent[s/d/p/e] 1.79/2.48/1.38/0.55  emits 0.47  spf 65.6  z0 0.71  garr 69.2  tG 486  e2 0.10  nF 4.4  pS 0.32  ptS 0.31  fLog 0.63  pdΔ -0.1762  pkR 4.46  clip 0.07  kl -0.001
upd  137  steps  282624  sps 1168  opp symm  loss +0.013  pg +0.0436  v 0.005  ev +0.94  adv_std 0.100  tR -0.50  ent[s/d/p/e] 1.94/2.51/1.33/0.53  emits 0.50  spf 61.7  z0 0.73  garr 72.3  tG 531  e2 0.10  nF 4.7  pS 0.33  ptS 0.33  fLog 0.61  pdΔ -0.1654  pkR 4.60  clip 0.05  kl +0.001
upd  138  steps  284672  sps 1173  opp symm  loss -0.025  pg +0.0030  v 0.008  ev +0.90  adv_std 0.128  tR +0.00  ent[s/d/p/e] 1.86/2.49/1.39/0.48  emits 0.43  spf 58.5  z0 0.76  garr 70.0  tG 504  e2 0.08  nF 4.7  pS 0.30  ptS 0.29  fLog 0.61  pdΔ -0.1985  pkR 5.39  clip 0.06  kl +0.002
upd  139  steps  286720  sps 1178  opp symm  loss -0.021  pg +0.0080  v 0.008  ev +0.90  adv_std 0.123  tR +0.00  ent[s/d/p/e] 1.85/2.54/1.39/0.50  emits 0.39  spf 65.8  z0 0.78  garr 75.2  tG 531  e2 0.07  nF 4.1  pS 0.28  ptS 0.27  fLog 0.62  pdΔ -0.2198  pkR 5.78  clip 0.05  kl +0.000
upd  140  steps  288768  sps 1184  opp symm  loss -0.053  pg -0.0232  v 0.004  ev +0.95  adv_std 0.090  tR +0.00  ent[s/d/p/e] 1.76/2.53/1.40/0.48  emits 0.39  spf 63.3  z0 0.78  garr 84.1  tG 581  e2 0.07  nF 4.0  pS 0.28  ptS 0.27  fLog 0.62  pdΔ -0.2231  pkR 7.29  clip 0.06  kl +0.002
upd  141  steps  290816  sps 1189  opp symm  loss -0.000  pg +0.0296  v 0.004  ev +0.96  adv_std 0.089  tR +0.00  ent[s/d/p/e] 1.74/2.53/1.41/0.46  emits 0.37  spf 63.2  z0 0.79  garr 93.4  tG 625  e2 0.06  nF 3.7  pS 0.28  ptS 0.27  fLog 0.61  pdΔ -0.2197  pkR 8.17  clip 0.08  kl +0.002
upd  142  steps  292864  sps 1194  opp symm  loss +0.006  pg +0.0371  v 0.003  ev +0.96  adv_std 0.083  tR +1.00  ent[s/d/p/e] 1.80/2.53/1.45/0.50  emits 0.46  spf 59.4  z0 0.76  garr 93.5  tG 655  e2 0.08  nF 4.4  pS 0.29  ptS 0.28  fLog 0.60  pdΔ -0.2098  pkR 8.07  clip 0.08  kl +0.002
upd  143  steps  294912  sps 1199  opp symm  loss -0.042  pg -0.0136  v 0.009  ev +0.90  adv_std 0.135  tR -0.33  ent[s/d/p/e] 1.82/2.52/1.47/0.50  emits 0.41  spf 67.6  z0 0.77  garr 86.8  tG 605  e2 0.07  nF 4.4  pS 0.30  ptS 0.29  fLog 0.62  pdΔ -0.2046  pkR 7.62  clip 0.07  kl +0.002
upd  144  steps  296960  sps 1205  opp symm  loss +0.004  pg +0.0361  v 0.004  ev +0.95  adv_std 0.088  tR +0.00  ent[s/d/p/e] 1.83/2.49/1.50/0.54  emits 0.47  spf 65.1  z0 0.74  garr 78.8  tG 594  e2 0.10  nF 4.3  pS 0.32  ptS 0.32  fLog 0.63  pdΔ -0.1767  pkR 7.36  clip 0.08  kl +0.002
upd  145  steps  299008  sps 1210  opp symm  loss -0.005  pg +0.0274  v 0.003  ev +0.97  adv_std 0.076  tR +1.00  ent[s/d/p/e] 1.93/2.52/1.40/0.53  emits 0.49  spf 63.6  z0 0.72  garr 75.9  tG 570  e2 0.10  nF 5.0  pS 0.34  ptS 0.34  fLog 0.62  pdΔ -0.1568  pkR 6.75  clip 0.08  kl +0.001
upd  146  steps  301056  sps 1215  opp symm  loss -0.081  pg -0.0489  v 0.004  ev +0.96  adv_std 0.088  tR +0.00  ent[s/d/p/e] 1.81/2.46/1.44/0.53  emits 0.45  spf 66.1  z0 0.74  garr 72.9  tG 516  e2 0.10  nF 4.3  pS 0.31  ptS 0.31  fLog 0.63  pdΔ -0.1884  pkR 5.07  clip 0.05  kl -0.000
upd  147  steps  303104  sps 1220  opp symm  loss -0.066  pg -0.0346  v 0.003  ev +0.97  adv_std 0.071  tR +1.00  ent[s/d/p/e] 1.71/2.41/1.42/0.53  emits 0.42  spf 65.0  z0 0.75  garr 77.6  tG 543  e2 0.08  nF 4.1  pS 0.31  ptS 0.31  fLog 0.63  pdΔ -0.1879  pkR 4.40  clip 0.03  kl -0.000
upd  148  steps  305152  sps 1225  opp symm  loss -0.036  pg -0.0053  v 0.005  ev +0.96  adv_std 0.095  tR +0.20  ent[s/d/p/e] 1.76/2.47/1.44/0.53  emits 0.48  spf 67.3  z0 0.74  garr 80.0  tG 560  e2 0.10  nF 4.9  pS 0.31  ptS 0.31  fLog 0.63  pdΔ -0.1858  pkR 5.91  clip 0.05  kl +0.002
upd  149  steps  307200  sps 1230  opp symm  loss -0.026  pg +0.0018  v 0.008  ev +0.92  adv_std 0.130  tR -0.50  ent[s/d/p/e] 1.72/2.44/1.43/0.50  emits 0.47  spf 60.6  z0 0.75  garr 67.6  tG 469  e2 0.10  nF 5.0  pS 0.30  ptS 0.29  fLog 0.61  pdΔ -0.2033  pkR 6.33  clip 0.07  kl +0.001
upd  150  steps  309248  sps 1235  opp symm  loss -0.032  pg -0.0029  v 0.006  ev +0.93  adv_std 0.114  tR -0.33  ent[s/d/p/e] 1.70/2.44/1.42/0.52  emits 0.52  spf 58.7  z0 0.74  garr 63.6  tG 449  e2 0.11  nF 5.5  pS 0.29  ptS 0.29  fLog 0.61  pdΔ -0.2067  pkR 5.09  clip 0.08  kl +0.002
upd  151  steps  311296  sps 1240  opp symm  loss -0.063  pg -0.0304  v 0.003  ev +0.97  adv_std 0.077  tR -0.33  ent[s/d/p/e] 1.79/2.48/1.46/0.55  emits 0.51  spf 58.0  z0 0.73  garr 65.7  tG 466  e2 0.10  nF 5.8  pS 0.31  ptS 0.30  fLog 0.61  pdΔ -0.1899  pkR 6.12  clip 0.07  kl +0.003
upd  152  steps  313344  sps 1245  opp symm  loss -0.044  pg -0.0121  v 0.004  ev +0.97  adv_std 0.084  tR -0.50  ent[s/d/p/e] 1.78/2.45/1.40/0.57  emits 0.56  spf 60.8  z0 0.70  garr 68.3  tG 491  e2 0.12  nF 6.1  pS 0.33  ptS 0.32  fLog 0.62  pdΔ -0.1713  pkR 4.96  clip 0.08  kl +0.001
upd  153  steps  315392  sps 1250  opp symm  loss -0.050  pg -0.0179  v 0.004  ev +0.96  adv_std 0.088  tR -0.67  ent[s/d/p/e] 1.79/2.41/1.49/0.57  emits 0.60  spf 60.1  z0 0.67  garr 63.1  tG 484  e2 0.13  nF 5.7  pS 0.34  ptS 0.33  fLog 0.62  pdΔ -0.1609  pkR 4.43  clip 0.07  kl +0.001
upd  154  steps  317440  sps 1255  opp symm  loss -0.031  pg +0.0001  v 0.006  ev +0.92  adv_std 0.111  tR +0.67  ent[s/d/p/e] 1.76/2.39/1.42/0.57  emits 0.59  spf 58.5  z0 0.68  garr 59.4  tG 478  e2 0.14  nF 5.6  pS 0.34  ptS 0.33  fLog 0.61  pdΔ -0.1581  pkR 7.47  clip 0.07  kl -0.000
upd  155  steps  319488  sps 1260  opp symm  loss -0.043  pg -0.0116  v 0.006  ev +0.93  adv_std 0.113  tR -0.50  ent[s/d/p/e] 1.76/2.40/1.48/0.58  emits 0.57  spf 57.6  z0 0.69  garr 57.3  tG 427  e2 0.12  nF 5.7  pS 0.33  ptS 0.32  fLog 0.61  pdΔ -0.1699  pkR 4.03  clip 0.09  kl +0.001
upd  156  steps  321536  sps 1264  opp symm  loss -0.041  pg -0.0101  v 0.004  ev +0.95  adv_std 0.093  tR -0.14  ent[s/d/p/e] 1.72/2.38/1.48/0.54  emits 0.48  spf 58.5  z0 0.71  garr 60.0  tG 458  e2 0.10  nF 4.8  pS 0.32  ptS 0.31  fLog 0.61  pdΔ -0.1791  pkR 4.09  clip 0.12  kl +0.003
upd  157  steps  323584  sps 1269  opp symm  loss -0.058  pg -0.0277  v 0.005  ev +0.94  adv_std 0.099  tR +0.00  ent[s/d/p/e] 1.66/2.31/1.50/0.54  emits 0.46  spf 55.6  z0 0.72  garr 61.9  tG 478  e2 0.09  nF 4.7  pS 0.31  ptS 0.30  fLog 0.60  pdΔ -0.1913  pkR 6.25  clip 0.09  kl -0.001
upd  158  steps  325632  sps 1274  opp symm  loss -0.025  pg +0.0033  v 0.009  ev +0.89  adv_std 0.133  tR -0.60  ent[s/d/p/e] 1.58/2.29/1.53/0.54  emits 0.45  spf 59.0  z0 0.72  garr 64.9  tG 473  e2 0.10  nF 4.7  pS 0.30  ptS 0.29  fLog 0.61  pdΔ -0.2037  pkR 7.00  clip 0.04  kl +0.001
upd  159  steps  327680  sps 1279  opp symm  loss -0.033  pg -0.0016  v 0.004  ev +0.96  adv_std 0.091  tR -0.33  ent[s/d/p/e] 1.71/2.32/1.50/0.55  emits 0.42  spf 56.9  z0 0.74  garr 68.7  tG 511  e2 0.08  nF 4.6  pS 0.31  ptS 0.30  fLog 0.61  pdΔ -0.1889  pkR 4.85  clip 0.07  kl +0.003
upd  160  steps  329728  sps 1284  opp symm  loss -0.013  pg +0.0181  v 0.008  ev +0.92  adv_std 0.122  tR +0.00  ent[s/d/p/e] 1.85/2.36/1.49/0.58  emits 0.61  spf 59.7  z0 0.66  garr 70.6  tG 556  e2 0.13  nF 5.9  pS 0.34  ptS 0.33  fLog 0.61  pdΔ -0.1601  pkR 5.14  clip 0.09  kl +0.002
upd  161  steps  331776  sps 1288  opp symm  loss -0.031  pg -0.0006  v 0.006  ev +0.95  adv_std 0.108  tR +0.71  ent[s/d/p/e] 1.85/2.35/1.42/0.55  emits 0.63  spf 50.0  z0 0.67  garr 63.5  tG 489  e2 0.13  nF 7.0  pS 0.34  ptS 0.33  fLog 0.58  pdΔ -0.1626  pkR 5.01  clip 0.11  kl +0.003
upd  162  steps  333824  sps 1293  opp symm  loss -0.010  pg +0.0189  v 0.008  ev +0.93  adv_std 0.127  tR +0.14  ent[s/d/p/e] 1.77/2.36/1.47/0.53  emits 0.49  spf 52.8  z0 0.72  garr 59.0  tG 421  e2 0.10  nF 5.7  pS 0.28  ptS 0.28  fLog 0.59  pdΔ -0.2155  pkR 5.04  clip 0.06  kl +0.000
upd  163  steps  335872  sps 1298  opp symm  loss +0.019  pg +0.0490  v 0.005  ev +0.96  adv_std 0.104  tR +0.00  ent[s/d/p/e] 1.62/2.29/1.48/0.52  emits 0.49  spf 57.4  z0 0.71  garr 62.8  tG 462  e2 0.10  nF 5.6  pS 0.29  ptS 0.28  fLog 0.58  pdΔ -0.2069  pkR 5.05  clip 0.07  kl +0.001
upd  164  steps  337920  sps 1302  opp symm  loss +0.003  pg +0.0340  v 0.005  ev +0.95  adv_std 0.099  tR -0.14  ent[s/d/p/e] 1.69/2.31/1.43/0.55  emits 0.53  spf 52.4  z0 0.71  garr 66.4  tG 468  e2 0.11  nF 5.9  pS 0.30  ptS 0.28  fLog 0.58  pdΔ -0.2026  pkR 6.05  clip 0.09  kl +0.003
upd  165  steps  339968  sps 1307  opp symm  loss -0.052  pg -0.0220  v 0.005  ev +0.95  adv_std 0.105  tR -0.50  ent[s/d/p/e] 1.59/2.29/1.48/0.54  emits 0.42  spf 53.9  z0 0.74  garr 73.2  tG 516  e2 0.09  nF 4.8  pS 0.29  ptS 0.28  fLog 0.59  pdΔ -0.2051  pkR 4.35  clip 0.05  kl +0.001
upd  166  steps  342016  sps 1312  opp symm  loss -0.014  pg +0.0158  v 0.005  ev +0.95  adv_std 0.104  tR -0.33  ent[s/d/p/e] 1.68/2.34/1.43/0.53  emits 0.49  spf 53.5  z0 0.72  garr 75.9  tG 542  e2 0.10  nF 5.3  pS 0.31  ptS 0.30  fLog 0.59  pdΔ -0.1939  pkR 4.38  clip 0.07  kl +0.002
upd  167  steps  344064  sps 1316  opp symm  loss -0.030  pg -0.0003  v 0.005  ev +0.96  adv_std 0.098  tR -0.50  ent[s/d/p/e] 1.72/2.35/1.39/0.53  emits 0.44  spf 57.8  z0 0.74  garr 83.1  tG 622  e2 0.08  nF 5.2  pS 0.32  ptS 0.31  fLog 0.58  pdΔ -0.1794  pkR 4.14  clip 0.09  kl +0.004
upd  168  steps  346112  sps 1321  opp symm  loss -0.016  pg +0.0152  v 0.004  ev +0.96  adv_std 0.090  tR +1.00  ent[s/d/p/e] 1.79/2.39/1.41/0.52  emits 0.50  spf 60.8  z0 0.73  garr 98.9  tG 776  e2 0.10  nF 5.4  pS 0.35  ptS 0.33  fLog 0.59  pdΔ -0.1537  pkR 3.95  clip 0.07  kl +0.004
upd  169  steps  348160  sps 1325  opp symm  loss -0.079  pg -0.0479  v 0.005  ev +0.95  adv_std 0.100  tR +0.00  ent[s/d/p/e] 1.80/2.36/1.51/0.54  emits 0.51  spf 68.3  z0 0.73  garr 97.2  tG 761  e2 0.10  nF 5.1  pS 0.33  ptS 0.32  fLog 0.61  pdΔ -0.1685  pkR 4.10  clip 0.09  kl +0.001
upd  170  steps  350208  sps 1330  opp symm  loss -0.042  pg -0.0136  v 0.010  ev +0.91  adv_std 0.139  tR -0.25  ent[s/d/p/e] 1.75/2.34/1.45/0.52  emits 0.50  spf 62.0  z0 0.71  garr 93.7  tG 750  e2 0.10  nF 5.7  pS 0.34  ptS 0.33  fLog 0.60  pdΔ -0.1573  pkR 4.34  clip 0.08  kl +0.004
upd  171  steps  352256  sps 1334  opp symm  loss +0.007  pg +0.0380  v 0.007  ev +0.94  adv_std 0.113  tR +0.50  ent[s/d/p/e] 1.95/2.45/1.42/0.54  emits 0.57  spf 59.3  z0 0.71  garr 87.3  tG 701  e2 0.11  nF 5.7  pS 0.35  ptS 0.34  fLog 0.59  pdΔ -0.1472  pkR 5.26  clip 0.07  kl +0.006
upd  172  steps  354304  sps 1339  opp symm  loss -0.018  pg +0.0123  v 0.007  ev +0.92  adv_std 0.120  tR +0.33  ent[s/d/p/e] 1.79/2.37/1.46/0.55  emits 0.53  spf 61.6  z0 0.70  garr 81.1  tG 636  e2 0.11  nF 5.4  pS 0.34  ptS 0.33  fLog 0.60  pdΔ -0.1597  pkR 5.65  clip 0.06  kl +0.001
upd  173  steps  356352  sps 1343  opp symm  loss -0.013  pg +0.0179  v 0.006  ev +0.94  adv_std 0.113  tR +0.00  ent[s/d/p/e] 1.89/2.42/1.48/0.56  emits 0.51  spf 62.7  z0 0.71  garr 78.8  tG 622  e2 0.11  nF 5.9  pS 0.36  ptS 0.34  fLog 0.61  pdΔ -0.1413  pkR 5.27  clip 0.07  kl +0.003
upd  174  steps  358400  sps 1348  opp symm  loss -0.045  pg -0.0169  v 0.011  ev +0.90  adv_std 0.145  tR -1.00  ent[s/d/p/e] 1.83/2.37/1.49/0.54  emits 0.47  spf 66.4  z0 0.72  garr 84.9  tG 709  e2 0.09  nF 5.4  pS 0.37  ptS 0.36  fLog 0.62  pdΔ -0.1310  pkR 4.91  clip 0.05  kl +0.001
upd  175  steps  360448  sps 1352  opp symm  loss -0.055  pg -0.0250  v 0.006  ev +0.93  adv_std 0.114  tR +0.43  ent[s/d/p/e] 1.85/2.37/1.41/0.54  emits 0.47  spf 68.1  z0 0.72  garr 87.0  tG 708  e2 0.10  nF 4.7  pS 0.36  ptS 0.34  fLog 0.62  pdΔ -0.1433  pkR 5.20  clip 0.07  kl +0.003
upd  176  steps  362496  sps 1356  opp symm  loss -0.023  pg +0.0077  v 0.006  ev +0.93  adv_std 0.107  tR +0.33  ent[s/d/p/e] 1.87/2.40/1.37/0.56  emits 0.49  spf 62.7  z0 0.71  garr 83.5  tG 632  e2 0.10  nF 4.8  pS 0.34  ptS 0.32  fLog 0.61  pdΔ -0.1563  pkR 5.52  clip 0.06  kl +0.001
upd  177  steps  364544  sps 1361  opp symm  loss -0.029  pg -0.0013  v 0.011  ev +0.86  adv_std 0.149  tR +0.00  ent[s/d/p/e] 1.82/2.34/1.38/0.56  emits 0.52  spf 55.1  z0 0.70  garr 77.1  tG 589  e2 0.11  nF 4.8  pS 0.33  ptS 0.31  fLog 0.59  pdΔ -0.1688  pkR 6.58  clip 0.07  kl -0.001
upd  178  steps  366592  sps 1365  opp symm  loss -0.047  pg -0.0168  v 0.004  ev +0.95  adv_std 0.084  tR +0.33  ent[s/d/p/e] 1.62/2.18/1.39/0.54  emits 0.44  spf 57.2  z0 0.71  garr 74.9  tG 564  e2 0.09  nF 4.5  pS 0.32  ptS 0.30  fLog 0.59  pdΔ -0.1840  pkR 7.23  clip 0.07  kl +0.002
upd  179  steps  368640  sps 1369  opp symm  loss -0.032  pg -0.0012  v 0.005  ev +0.95  adv_std 0.099  tR +0.00  ent[s/d/p/e] 1.70/2.22/1.38/0.58  emits 0.51  spf 61.4  z0 0.69  garr 75.3  tG 565  e2 0.11  nF 4.9  pS 0.32  ptS 0.31  fLog 0.60  pdΔ -0.1799  pkR 6.24  clip 0.07  kl -0.000
upd  180  steps  370688  sps 1374  opp symm  loss -0.035  pg -0.0037  v 0.004  ev +0.96  adv_std 0.086  tR +0.50  ent[s/d/p/e] 1.73/2.24/1.40/0.58  emits 0.56  spf 54.2  z0 0.68  garr 65.5  tG 494  e2 0.12  nF 5.7  pS 0.32  ptS 0.31  fLog 0.59  pdΔ -0.1806  pkR 6.17  clip 0.07  kl +0.003
upd  181  steps  372736  sps 1378  opp symm  loss -0.012  pg +0.0173  v 0.008  ev +0.92  adv_std 0.125  tR -0.33  ent[s/d/p/e] 1.79/2.24/1.44/0.55  emits 0.55  spf 50.5  z0 0.69  garr 61.3  tG 454  e2 0.12  nF 5.8  pS 0.32  ptS 0.31  fLog 0.59  pdΔ -0.1807  pkR 6.55  clip 0.09  kl +0.004
upd  182  steps  374784  sps 1382  opp symm  loss -0.007  pg +0.0243  v 0.004  ev +0.94  adv_std 0.092  tR +0.00  ent[s/d/p/e] 1.96/2.35/1.36/0.54  emits 0.59  spf 53.5  z0 0.71  garr 65.3  tG 482  e2 0.12  nF 5.8  pS 0.33  ptS 0.32  fLog 0.60  pdΔ -0.1722  pkR 7.01  clip 0.06  kl -0.003
upd  183  steps  376832  sps 1387  opp symm  loss -0.005  pg +0.0251  v 0.006  ev +0.92  adv_std 0.109  tR -0.60  ent[s/d/p/e] 1.92/2.37/1.38/0.52  emits 0.61  spf 51.6  z0 0.70  garr 69.5  tG 514  e2 0.12  nF 6.2  pS 0.33  ptS 0.33  fLog 0.59  pdΔ -0.1675  pkR 7.05  clip 0.03  kl -0.000
upd  184  steps  378880  sps 1391  opp symm  loss -0.024  pg +0.0029  v 0.013  ev +0.84  adv_std 0.158  tR -0.60  ent[s/d/p/e] 1.90/2.35/1.39/0.54  emits 0.65  spf 50.1  z0 0.68  garr 67.3  tG 509  e2 0.13  nF 6.4  pS 0.33  ptS 0.32  fLog 0.58  pdΔ -0.1688  pkR 6.17  clip 0.08  kl +0.003
upd  185  steps  380928  sps 1395  opp symm  loss -0.110  pg -0.0791  v 0.005  ev +0.93  adv_std 0.094  tR +0.00  ent[s/d/p/e] 1.87/2.34/1.33/0.55  emits 0.61  spf 50.3  z0 0.69  garr 65.9  tG 487  e2 0.13  nF 6.5  pS 0.31  ptS 0.31  fLog 0.59  pdΔ -0.1873  pkR 7.62  clip 0.08  kl -0.001
upd  186  steps  382976  sps 1399  opp symm  loss -0.076  pg -0.0460  v 0.007  ev +0.90  adv_std 0.115  tR -0.20  ent[s/d/p/e] 1.84/2.30/1.41/0.56  emits 0.61  spf 46.5  z0 0.68  garr 66.5  tG 499  e2 0.13  nF 6.7  pS 0.31  ptS 0.30  fLog 0.57  pdΔ -0.1927  pkR 6.09  clip 0.10  kl +0.001
upd  187  steps  385024  sps 1403  opp symm  loss -0.039  pg -0.0079  v 0.005  ev +0.92  adv_std 0.103  tR +0.25  ent[s/d/p/e] 1.81/2.28/1.43/0.56  emits 0.64  spf 43.2  z0 0.67  garr 62.1  tG 460  e2 0.13  nF 7.2  pS 0.30  ptS 0.30  fLog 0.56  pdΔ -0.1953  pkR 6.07  clip 0.06  kl +0.001
upd  188  steps  387072  sps 1407  opp symm  loss -0.049  pg -0.0172  v 0.004  ev +0.93  adv_std 0.082  tR -0.60  ent[s/d/p/e] 1.77/2.27/1.44/0.55  emits 0.61  spf 45.7  z0 0.68  garr 63.6  tG 479  e2 0.13  nF 7.1  pS 0.31  ptS 0.31  fLog 0.57  pdΔ -0.1929  pkR 6.04  clip 0.07  kl +0.001
upd  189  steps  389120  sps 1412  opp symm  loss -0.084  pg -0.0529  v 0.005  ev +0.91  adv_std 0.106  tR -0.33  ent[s/d/p/e] 1.78/2.27/1.46/0.55  emits 0.57  spf 51.4  z0 0.69  garr 67.0  tG 509  e2 0.12  nF 6.7  pS 0.32  ptS 0.31  fLog 0.59  pdΔ -0.1837  pkR 5.48  clip 0.05  kl +0.001
upd  190  steps  391168  sps 1416  opp symm  loss -0.016  pg +0.0140  v 0.007  ev +0.89  adv_std 0.113  tR -0.20  ent[s/d/p/e] 1.84/2.32/1.47/0.55  emits 0.65  spf 51.4  z0 0.66  garr 70.4  tG 545  e2 0.14  nF 7.1  pS 0.32  ptS 0.32  fLog 0.59  pdΔ -0.1792  pkR 6.21  clip 0.07  kl +0.002
upd  191  steps  393216  sps 1420  opp symm  loss -0.038  pg -0.0080  v 0.006  ev +0.89  adv_std 0.113  tR -0.50  ent[s/d/p/e] 1.77/2.31/1.44/0.54  emits 0.61  spf 47.1  z0 0.69  garr 67.2  tG 572  e2 0.13  nF 7.7  pS 0.34  ptS 0.34  fLog 0.57  pdΔ -0.1577  pkR 6.77  clip 0.05  kl +0.002
upd  192  steps  395264  sps 1424  opp symm  loss -0.075  pg -0.0443  v 0.005  ev +0.92  adv_std 0.100  tR +0.43  ent[s/d/p/e] 1.81/2.32/1.44/0.55  emits 0.60  spf 45.9  z0 0.70  garr 69.5  tG 570  e2 0.12  nF 7.0  pS 0.33  ptS 0.33  fLog 0.57  pdΔ -0.1682  pkR 5.99  clip 0.08  kl +0.003
upd  193  steps  397312  sps 1428  opp symm  loss -0.066  pg -0.0344  v 0.004  ev +0.93  adv_std 0.089  tR +0.33  ent[s/d/p/e] 1.91/2.36/1.45/0.54  emits 0.64  spf 44.4  z0 0.68  garr 69.6  tG 520  e2 0.13  nF 7.1  pS 0.32  ptS 0.32  fLog 0.57  pdΔ -0.1797  pkR 6.02  clip 0.10  kl +0.002
upd  194  steps  399360  sps 1432  opp symm  loss -0.073  pg -0.0414  v 0.005  ev +0.91  adv_std 0.094  tR -0.67  ent[s/d/p/e] 1.86/2.35/1.51/0.55  emits 0.54  spf 49.5  z0 0.72  garr 78.9  tG 571  e2 0.11  nF 6.7  pS 0.33  ptS 0.32  fLog 0.59  pdΔ -0.1740  pkR 6.30  clip 0.07  kl +0.002
upd  195  steps  401408  sps 1436  opp symm  loss -0.004  pg +0.0263  v 0.005  ev +0.93  adv_std 0.100  tR +0.20  ent[s/d/p/e] 1.82/2.31/1.49/0.51  emits 0.50  spf 50.4  z0 0.73  garr 88.4  tG 620  e2 0.10  nF 5.9  pS 0.32  ptS 0.31  fLog 0.58  pdΔ -0.1783  pkR 6.77  clip 0.09  kl +0.003
upd  196  steps  403456  sps 1440  opp symm  loss -0.023  pg +0.0070  v 0.005  ev +0.93  adv_std 0.099  tR -0.50  ent[s/d/p/e] 1.96/2.36/1.43/0.51  emits 0.51  spf 50.2  z0 0.74  garr 94.4  tG 668  e2 0.10  nF 6.4  pS 0.34  ptS 0.32  fLog 0.58  pdΔ -0.1625  pkR 5.36  clip 0.06  kl +0.002
upd  197  steps  405504  sps 1444  opp symm  loss -0.054  pg -0.0253  v 0.006  ev +0.92  adv_std 0.108  tR +1.00  ent[s/d/p/e] 1.89/2.35/1.46/0.46  emits 0.40  spf 56.7  z0 0.77  garr 109.2  tG 834  e2 0.07  nF 4.9  pS 0.34  ptS 0.33  fLog 0.60  pdΔ -0.1557  pkR 5.13  clip 0.05  kl +0.002
upd  198  steps  407552  sps 1448  opp symm  loss -0.082  pg -0.0548  v 0.009  ev +0.88  adv_std 0.137  tR +0.60  ent[s/d/p/e] 1.78/2.31/1.45/0.48  emits 0.38  spf 65.9  z0 0.77  garr 122.8  tG 994  e2 0.08  nF 4.1  pS 0.34  ptS 0.33  fLog 0.61  pdΔ -0.1583  pkR 6.59  clip 0.06  kl +0.001
[eval_vs_v20] u199 tag=train_u199  bin0=0.0%  spf=66.38  garr=100.31  flip=50.00%  z0=71.5%  e8=0.0%  e2+=0.8%  WLD=0/3/0
upd  199  steps  409600  sps 1452  opp symm  loss -0.055  pg -0.0263  v 0.004  ev +0.93  adv_std 0.089  tR +0.20  ent[s/d/p/e] 1.58/2.12/1.49/0.49  emits 0.31  spf 69.5  z0 0.77  garr 122.9  tG 938  e2 0.05  nF 3.3  pS 0.31  ptS 0.30  fLog 0.61  pdΔ -0.1871  pkR 7.13  clip 0.03  kl +0.002 WRr 0.03 v20[spf 66.4 flip 50.0% e2+ 0.8%]
[ckpt] saved /home/charlie/project/OrbitWarRL/ckpt_search/v14f_binary_v1_a_p0i0_ORBITWARS_SHAPING_ANTI_HOARD_0.05_516860bc66/ckpt_000199.pkl opp=symm
upd  200  steps  411648  sps 1105  opp symm  loss -0.078  pg -0.0488  v 0.006  ev +0.91  adv_std 0.112  tR -0.67  ent[s/d/p/e] 1.56/2.20/1.52/0.52  emits 0.34  spf 63.2  z0 0.77  garr 120.1  tG 854  e2 0.07  nF 3.9  pS 0.30  ptS 0.29  fLog 0.61  pdΔ -0.2020  pkR 6.15  clip 0.07  kl +0.001
upd  201  steps  413696  sps 1109  opp symm  loss -0.052  pg -0.0211  v 0.005  ev +0.93  adv_std 0.101  tR -0.33  ent[s/d/p/e] 1.71/2.23/1.54/0.54  emits 0.50  spf 57.3  z0 0.71  garr 109.1  tG 775  e2 0.11  nF 5.3  pS 0.30  ptS 0.29  fLog 0.59  pdΔ -0.1975  pkR 6.37  clip 0.08  kl +0.000
upd  202  steps  415744  sps 1113  opp symm  loss -0.064  pg -0.0344  v 0.005  ev +0.95  adv_std 0.099  tR -0.43  ent[s/d/p/e] 1.85/2.30/1.41/0.51  emits 0.55  spf 52.2  z0 0.72  garr 95.2  tG 677  e2 0.11  nF 5.8  pS 0.31  ptS 0.30  fLog 0.57  pdΔ -0.1864  pkR 5.74  clip 0.08  kl +0.002
upd  203  steps  417792  sps 1116  opp symm  loss -0.053  pg -0.0232  v 0.007  ev +0.93  adv_std 0.116  tR -0.33  ent[s/d/p/e] 1.88/2.38/1.38/0.52  emits 0.67  spf 48.6  z0 0.69  garr 81.6  tG 602  e2 0.13  nF 7.2  pS 0.32  ptS 0.30  fLog 0.57  pdΔ -0.1839  pkR 6.49  clip 0.11  kl -0.001
upd  204  steps  419840  sps 1120  opp symm  loss -0.071  pg -0.0394  v 0.004  ev +0.96  adv_std 0.093  tR -0.20  ent[s/d/p/e] 1.95/2.40/1.40/0.53  emits 0.70  spf 45.0  z0 0.68  garr 75.1  tG 537  e2 0.14  nF 8.0  pS 0.32  ptS 0.31  fLog 0.56  pdΔ -0.1848  pkR 7.98  clip 0.11  kl +0.000
upd  205  steps  421888  sps 1123  opp symm  loss -0.057  pg -0.0265  v 0.007  ev +0.93  adv_std 0.121  tR +0.50  ent[s/d/p/e] 1.99/2.44/1.41/0.54  emits 0.73  spf 48.7  z0 0.68  garr 77.2  tG 546  e2 0.15  nF 8.0  pS 0.32  ptS 0.31  fLog 0.57  pdΔ -0.1841  pkR 8.65  clip 0.11  kl +0.006
upd  206  steps  423936  sps 1127  opp symm  loss -0.016  pg +0.0133  v 0.007  ev +0.93  adv_std 0.115  tR -0.33  ent[s/d/p/e] 1.93/2.37/1.38/0.52  emits 0.62  spf 46.6  z0 0.70  garr 67.8  tG 487  e2 0.13  nF 7.5  pS 0.31  ptS 0.31  fLog 0.57  pdΔ -0.1852  pkR 5.20  clip 0.12  kl +0.002
upd  207  steps  425984  sps 1130  opp symm  loss -0.028  pg +0.0023  v 0.004  ev +0.95  adv_std 0.092  tR +0.14  ent[s/d/p/e] 1.83/2.30/1.42/0.53  emits 0.56  spf 45.7  z0 0.71  garr 61.9  tG 431  e2 0.11  nF 6.1  pS 0.29  ptS 0.28  fLog 0.57  pdΔ -0.2126  pkR 6.80  clip 0.07  kl +0.000
upd  208  steps  428032  sps 1134  opp symm  loss -0.000  pg +0.0291  v 0.005  ev +0.94  adv_std 0.101  tR +0.00  ent[s/d/p/e] 1.80/2.26/1.43/0.49  emits 0.48  spf 45.0  z0 0.74  garr 67.9  tG 466  e2 0.09  nF 5.9  pS 0.28  ptS 0.27  fLog 0.57  pdΔ -0.2216  pkR 7.84  clip 0.13  kl +0.002
upd  209  steps  430080  sps 1137  opp symm  loss -0.009  pg +0.0207  v 0.006  ev +0.94  adv_std 0.106  tR -0.20  ent[s/d/p/e] 1.89/2.39/1.47/0.50  emits 0.42  spf 45.9  z0 0.77  garr 69.5  tG 451  e2 0.09  nF 5.2  pS 0.28  ptS 0.26  fLog 0.57  pdΔ -0.2248  pkR 6.48  clip 0.04  kl +0.001
upd  210  steps  432128  sps 1141  opp symm  loss -0.012  pg +0.0194  v 0.003  ev +0.97  adv_std 0.083  tR -0.20  ent[s/d/p/e] 2.03/2.48/1.38/0.50  emits 0.50  spf 47.8  z0 0.76  garr 81.9  tG 544  e2 0.10  nF 5.5  pS 0.30  ptS 0.29  fLog 0.57  pdΔ -0.2002  pkR 5.56  clip 0.05  kl +0.001
upd  211  steps  434176  sps 1144  opp symm  loss -0.014  pg +0.0176  v 0.003  ev +0.97  adv_std 0.073  tR -0.33  ent[s/d/p/e] 1.92/2.46/1.38/0.50  emits 0.48  spf 49.5  z0 0.76  garr 95.1  tG 604  e2 0.09  nF 5.4  pS 0.31  ptS 0.29  fLog 0.58  pdΔ -0.1929  pkR 4.41  clip 0.06  kl +0.002
upd  212  steps  436224  sps 1148  opp symm  loss -0.005  pg +0.0239  v 0.006  ev +0.94  adv_std 0.110  tR +0.33  ent[s/d/p/e] 1.93/2.45/1.40/0.47  emits 0.44  spf 51.8  z0 0.77  garr 103.5  tG 704  e2 0.09  nF 5.2  pS 0.32  ptS 0.31  fLog 0.59  pdΔ -0.1808  pkR 4.50  clip 0.05  kl +0.001
upd  213  steps  438272  sps 1151  opp symm  loss -0.022  pg +0.0087  v 0.005  ev +0.95  adv_std 0.098  tR +1.00  ent[s/d/p/e] 1.99/2.47/1.46/0.47  emits 0.39  spf 55.9  z0 0.79  garr 114.9  tG 805  e2 0.08  nF 4.1  pS 0.32  ptS 0.31  fLog 0.61  pdΔ -0.1755  pkR 4.55  clip 0.04  kl +0.002
upd  214  steps  440320  sps 1154  opp symm  loss -0.011  pg +0.0179  v 0.007  ev +0.92  adv_std 0.114  tR +0.00  ent[s/d/p/e] 1.96/2.45/1.48/0.47  emits 0.44  spf 62.0  z0 0.76  garr 125.3  tG 865  e2 0.08  nF 5.0  pS 0.33  ptS 0.32  fLog 0.61  pdΔ -0.1701  pkR 5.40  clip 0.06  kl +0.001
upd  215  steps  442368  sps 1158  opp symm  loss -0.081  pg -0.0504  v 0.005  ev +0.94  adv_std 0.100  tR -0.20  ent[s/d/p/e] 1.84/2.36/1.45/0.51  emits 0.40  spf 64.4  z0 0.77  garr 130.5  tG 929  e2 0.08  nF 4.2  pS 0.33  ptS 0.32  fLog 0.62  pdΔ -0.1744  pkR 6.26  clip 0.06  kl +0.003
upd  216  steps  444416  sps 1161  opp symm  loss -0.038  pg -0.0071  v 0.002  ev +0.97  adv_std 0.067  tR -1.00  ent[s/d/p/e] 1.80/2.27/1.42/0.49  emits 0.39  spf 67.7  z0 0.77  garr 135.0  tG 1003  e2 0.08  nF 4.0  pS 0.33  ptS 0.32  fLog 0.62  pdΔ -0.1703  pkR 6.77  clip 0.03  kl +0.000
upd  217  steps  446464  sps 1165  opp symm  loss -0.020  pg +0.0096  v 0.004  ev +0.95  adv_std 0.094  tR +0.00  ent[s/d/p/e] 1.79/2.31/1.42/0.47  emits 0.33  spf 68.5  z0 0.79  garr 145.0  tG 1061  e2 0.06  nF 3.5  pS 0.33  ptS 0.31  fLog 0.62  pdΔ -0.1748  pkR 7.17  clip 0.05  kl +0.002
upd  218  steps  448512  sps 1168  opp symm  loss -0.015  pg +0.0127  v 0.007  ev +0.93  adv_std 0.120  tR +0.14  ent[s/d/p/e] 1.78/2.26/1.43/0.46  emits 0.37  spf 59.5  z0 0.78  garr 143.2  tG 1041  e2 0.07  nF 3.6  pS 0.32  ptS 0.30  fLog 0.60  pdΔ -0.1838  pkR 8.03  clip 0.06  kl +0.002
upd  219  steps  450560  sps 1171  opp symm  loss +0.004  pg +0.0325  v 0.005  ev +0.95  adv_std 0.100  tR +1.00  ent[s/d/p/e] 1.81/2.27/1.40/0.47  emits 0.44  spf 54.5  z0 0.76  garr 142.2  tG 978  e2 0.09  nF 4.3  pS 0.31  ptS 0.30  fLog 0.59  pdΔ -0.1857  pkR 7.71  clip 0.08  kl +0.001
upd  220  steps  452608  sps 1175  opp symm  loss +0.055  pg +0.0833  v 0.007  ev +0.95  adv_std 0.115  tR +0.00  ent[s/d/p/e] 2.04/2.43/1.39/0.44  emits 0.51  spf 49.7  z0 0.76  garr 149.2  tG 1027  e2 0.10  nF 5.3  pS 0.34  ptS 0.33  fLog 0.57  pdΔ -0.1643  pkR 5.00  clip 0.07  kl +0.002
upd  221  steps  454656  sps 1178  opp symm  loss +0.015  pg +0.0447  v 0.004  ev +0.96  adv_std 0.088  tR +0.50  ent[s/d/p/e] 1.99/2.40/1.38/0.45  emits 0.47  spf 55.3  z0 0.78  garr 160.2  tG 1126  e2 0.09  nF 5.0  pS 0.33  ptS 0.33  fLog 0.58  pdΔ -0.1656  pkR 5.30  clip 0.04  kl +0.001
upd  222  steps  456704  sps 1181  opp symm  loss -0.015  pg +0.0131  v 0.006  ev +0.94  adv_std 0.107  tR +0.11  ent[s/d/p/e] 1.96/2.36/1.39/0.44  emits 0.44  spf 58.4  z0 0.78  garr 160.1  tG 1142  e2 0.08  nF 4.4  pS 0.33  ptS 0.32  fLog 0.61  pdΔ -0.1707  pkR 6.08  clip 0.05  kl +0.001
upd  223  steps  458752  sps 1185  opp symm  loss -0.060  pg -0.0323  v 0.009  ev +0.91  adv_std 0.134  tR -0.43  ent[s/d/p/e] 1.91/2.31/1.47/0.48  emits 0.42  spf 56.2  z0 0.78  garr 148.8  tG 1117  e2 0.08  nF 4.4  pS 0.32  ptS 0.31  fLog 0.60  pdΔ -0.1806  pkR 7.12  clip 0.11  kl +0.003
upd  224  steps  460800  sps 1188  opp symm  loss -0.034  pg -0.0054  v 0.007  ev +0.93  adv_std 0.121  tR -0.33  ent[s/d/p/e] 1.93/2.35/1.44/0.48  emits 0.50  spf 58.7  z0 0.76  garr 128.9  tG 906  e2 0.09  nF 4.6  pS 0.31  ptS 0.30  fLog 0.60  pdΔ -0.1949  pkR 9.58  clip 0.05  kl +0.002
upd  225  steps  462848  sps 1191  opp symm  loss -0.069  pg -0.0393  v 0.006  ev +0.95  adv_std 0.105  tR +1.00  ent[s/d/p/e] 1.84/2.26/1.48/0.49  emits 0.38  spf 72.6  z0 0.78  garr 122.3  tG 882  e2 0.07  nF 4.0  pS 0.31  ptS 0.31  fLog 0.63  pdΔ -0.1866  pkR 6.23  clip 0.06  kl +0.004
upd  226  steps  464896  sps 1195  opp symm  loss -0.043  pg -0.0144  v 0.007  ev +0.94  adv_std 0.117  tR -0.11  ent[s/d/p/e] 1.85/2.29/1.51/0.48  emits 0.44  spf 55.0  z0 0.76  garr 107.6  tG 736  e2 0.08  nF 4.8  pS 0.29  ptS 0.29  fLog 0.59  pdΔ -0.2067  pkR 6.75  clip 0.06  kl +0.001
upd  227  steps  466944  sps 1198  opp symm  loss -0.033  pg -0.0040  v 0.007  ev +0.94  adv_std 0.116  tR -0.20  ent[s/d/p/e] 1.86/2.34/1.45/0.48  emits 0.47  spf 58.6  z0 0.76  garr 101.1  tG 731  e2 0.08  nF 4.7  pS 0.31  ptS 0.31  fLog 0.60  pdΔ -0.1921  pkR 6.30  clip 0.06  kl +0.001
upd  228  steps  468992  sps 1201  opp symm  loss -0.049  pg -0.0215  v 0.007  ev +0.92  adv_std 0.117  tR +0.50  ent[s/d/p/e] 1.77/2.30/1.42/0.47  emits 0.43  spf 51.6  z0 0.78  garr 105.9  tG 732  e2 0.08  nF 4.9  pS 0.30  ptS 0.30  fLog 0.58  pdΔ -0.2004  pkR 6.40  clip 0.07  kl -0.001
upd  229  steps  471040  sps 1204  opp symm  loss -0.051  pg -0.0201  v 0.004  ev +0.95  adv_std 0.093  tR +0.50  ent[s/d/p/e] 1.81/2.32/1.47/0.51  emits 0.49  spf 55.2  z0 0.74  garr 114.6  tG 756  e2 0.10  nF 4.8  pS 0.30  ptS 0.30  fLog 0.59  pdΔ -0.1974  pkR 4.95  clip 0.05  kl +0.001
upd  230  steps  473088  sps 1208  opp symm  loss -0.056  pg -0.0251  v 0.003  ev +0.95  adv_std 0.082  tR -0.20  ent[s/d/p/e] 1.56/2.18/1.49/0.56  emits 0.43  spf 61.2  z0 0.73  garr 110.9  tG 759  e2 0.09  nF 4.3  pS 0.30  ptS 0.29  fLog 0.61  pdΔ -0.1983  pkR 4.56  clip 0.06  kl +0.001
upd  231  steps  475136  sps 1211  opp symm  loss -0.015  pg +0.0153  v 0.003  ev +0.95  adv_std 0.082  tR -1.00  ent[s/d/p/e] 1.57/2.13/1.47/0.53  emits 0.42  spf 63.4  z0 0.73  garr 112.8  tG 767  e2 0.09  nF 4.4  pS 0.31  ptS 0.30  fLog 0.61  pdΔ -0.1890  pkR 4.17  clip 0.08  kl +0.005
upd  232  steps  477184  sps 1214  opp symm  loss -0.058  pg -0.0279  v 0.003  ev +0.96  adv_std 0.083  tR -1.00  ent[s/d/p/e] 1.64/2.19/1.49/0.51  emits 0.34  spf 64.0  z0 0.77  garr 125.5  tG 881  e2 0.06  nF 3.8  pS 0.31  ptS 0.31  fLog 0.61  pdΔ -0.1865  pkR 4.41  clip 0.06  kl +0.003
upd  233  steps  479232  sps 1217  opp symm  loss +0.008  pg +0.0350  v 0.010  ev +0.91  adv_std 0.137  tR +0.00  ent[s/d/p/e] 1.73/2.18/1.47/0.52  emits 0.40  spf 65.8  z0 0.74  garr 128.5  tG 953  e2 0.08  nF 4.5  pS 0.34  ptS 0.33  fLog 0.60  pdΔ -0.1642  pkR 4.80  clip 0.09  kl +0.002
upd  234  steps  481280  sps 1220  opp symm  loss +0.017  pg +0.0463  v 0.005  ev +0.96  adv_std 0.096  tR -1.00  ent[s/d/p/e] 1.72/2.18/1.45/0.51  emits 0.37  spf 66.4  z0 0.77  garr 134.4  tG 1000  e2 0.08  nF 4.6  pS 0.34  ptS 0.33  fLog 0.61  pdΔ -0.1625  pkR 4.05  clip 0.07  kl +0.003
upd  235  steps  483328  sps 1224  opp symm  loss -0.018  pg +0.0106  v 0.005  ev +0.96  adv_std 0.098  tR +0.00  ent[s/d/p/e] 1.82/2.23/1.46/0.46  emits 0.34  spf 64.8  z0 0.79  garr 146.1  tG 1105  e2 0.07  nF 4.3  pS 0.35  ptS 0.33  fLog 0.61  pdΔ -0.1536  pkR 4.32  clip 0.08  kl +0.004
upd  236  steps  485376  sps 1227  opp symm  loss -0.041  pg -0.0137  v 0.005  ev +0.96  adv_std 0.102  tR -0.11  ent[s/d/p/e] 1.64/2.12/1.47/0.45  emits 0.28  spf 68.6  z0 0.81  garr 146.8  tG 1090  e2 0.05  nF 3.0  pS 0.31  ptS 0.30  fLog 0.62  pdΔ -0.1892  pkR 4.60  clip 0.06  kl +0.002
upd  237  steps  487424  sps 1230  opp symm  loss -0.033  pg -0.0059  v 0.006  ev +0.95  adv_std 0.107  tR +0.00  ent[s/d/p/e] 1.63/2.13/1.42/0.44  emits 0.32  spf 68.4  z0 0.79  garr 155.0  tG 1124  e2 0.06  nF 3.1  pS 0.30  ptS 0.29  fLog 0.62  pdΔ -0.1959  pkR 5.14  clip 0.08  kl +0.001
upd  238  steps  489472  sps 1233  opp symm  loss -0.019  pg +0.0045  v 0.009  ev +0.93  adv_std 0.132  tR +0.33  ent[s/d/p/e] 1.46/2.07/1.40/0.41  emits 0.24  spf 71.6  z0 0.84  garr 148.9  tG 1053  e2 0.04  nF 2.5  pS 0.26  ptS 0.26  fLog 0.61  pdΔ -0.2354  pkR 6.30  clip 0.03  kl +0.002
upd  239  steps  491520  sps 1236  opp symm  loss -0.000  pg +0.0234  v 0.010  ev +0.92  adv_std 0.139  tR +0.00  ent[s/d/p/e] 1.37/2.05/1.48/0.43  emits 0.26  spf 66.4  z0 0.82  garr 147.2  tG 1009  e2 0.05  nF 2.6  pS 0.26  ptS 0.25  fLog 0.61  pdΔ -0.2404  pkR 6.44  clip 0.05  kl +0.001
upd  240  steps  493568  sps 1239  opp symm  loss -0.059  pg -0.0318  v 0.006  ev +0.94  adv_std 0.107  tR -1.00  ent[s/d/p/e] 1.43/2.16/1.54/0.43  emits 0.27  spf 69.0  z0 0.81  garr 157.2  tG 1083  e2 0.05  nF 2.9  pS 0.28  ptS 0.26  fLog 0.62  pdΔ -0.2205  pkR 7.03  clip 0.04  kl +0.002
upd  241  steps  495616  sps 1243  opp symm  loss -0.074  pg -0.0485  v 0.008  ev +0.93  adv_std 0.130  tR +0.00  ent[s/d/p/e] 1.56/2.16/1.48/0.44  emits 0.31  spf 61.5  z0 0.82  garr 174.1  tG 1177  e2 0.06  nF 3.1  pS 0.29  ptS 0.28  fLog 0.61  pdΔ -0.2128  pkR 7.34  clip 0.06  kl +0.004
upd  242  steps  497664  sps 1246  opp symm  loss -0.024  pg +0.0011  v 0.010  ev +0.92  adv_std 0.142  tR -0.50  ent[s/d/p/e] 1.58/2.20/1.47/0.43  emits 0.34  spf 63.2  z0 0.80  garr 165.8  tG 1125  e2 0.07  nF 3.3  pS 0.29  ptS 0.28  fLog 0.61  pdΔ -0.2149  pkR 7.86  clip 0.08  kl +0.002
upd  243  steps  499712  sps 1249  opp symm  loss -0.011  pg +0.0162  v 0.007  ev +0.94  adv_std 0.120  tR -1.00  ent[s/d/p/e] 1.67/2.08/1.54/0.46  emits 0.32  spf 68.9  z0 0.81  garr 163.4  tG 1083  e2 0.06  nF 3.1  pS 0.29  ptS 0.29  fLog 0.62  pdΔ -0.2063  pkR 8.06  clip 0.08  kl +0.001
upd  244  steps  501760  sps 1252  opp symm  loss -0.075  pg -0.0467  v 0.006  ev +0.95  adv_std 0.109  tR -0.33  ent[s/d/p/e] 1.80/2.12/1.55/0.47  emits 0.40  spf 65.8  z0 0.78  garr 158.9  tG 1059  e2 0.08  nF 3.7  pS 0.31  ptS 0.30  fLog 0.62  pdΔ -0.1890  pkR 5.68  clip 0.05  kl -0.000
upd  245  steps  503808  sps 1255  opp symm  loss -0.024  pg +0.0040  v 0.007  ev +0.95  adv_std 0.117  tR +0.33  ent[s/d/p/e] 1.79/2.18/1.54/0.48  emits 0.44  spf 62.5  z0 0.76  garr 144.7  tG 976  e2 0.08  nF 4.1  pS 0.32  ptS 0.30  fLog 0.61  pdΔ -0.1847  pkR 6.49  clip 0.05  kl +0.001
upd  246  steps  505856  sps 1258  opp symm  loss -0.036  pg -0.0075  v 0.006  ev +0.96  adv_std 0.107  tR -0.25  ent[s/d/p/e] 1.74/2.18/1.57/0.47  emits 0.41  spf 58.6  z0 0.78  garr 135.8  tG 911  e2 0.08  nF 4.2  pS 0.31  ptS 0.29  fLog 0.60  pdΔ -0.1912  pkR 4.90  clip 0.05  kl +0.000
upd  247  steps  507904  sps 1261  opp symm  loss -0.057  pg -0.0279  v 0.006  ev +0.96  adv_std 0.108  tR +0.00  ent[s/d/p/e] 1.76/2.12/1.60/0.49  emits 0.44  spf 59.8  z0 0.76  garr 134.8  tG 919  e2 0.09  nF 4.2  pS 0.31  ptS 0.29  fLog 0.61  pdΔ -0.1895  pkR 4.98  clip 0.07  kl +0.003
upd  248  steps  509952  sps 1264  opp symm  loss -0.037  pg -0.0080  v 0.006  ev +0.94  adv_std 0.113  tR -0.67  ent[s/d/p/e] 1.81/2.26/1.51/0.49  emits 0.46  spf 59.2  z0 0.77  garr 129.9  tG 879  e2 0.09  nF 5.2  pS 0.31  ptS 0.29  fLog 0.59  pdΔ -0.1898  pkR 5.48  clip 0.06  kl +0.002
upd  249  steps  512000  sps 1267  opp symm  loss +0.021  pg +0.0490  v 0.009  ev +0.93  adv_std 0.133  tR +1.00  ent[s/d/p/e] 1.76/2.17/1.51/0.51  emits 0.53  spf 59.1  z0 0.71  garr 123.3  tG 871  e2 0.11  nF 5.8  pS 0.32  ptS 0.30  fLog 0.60  pdΔ -0.1768  pkR 5.97  clip 0.05  kl +0.003
upd  250  steps  514048  sps 1270  opp symm  loss -0.040  pg -0.0143  v 0.014  ev +0.91  adv_std 0.163  tR -0.50  ent[s/d/p/e] 1.79/2.17/1.54/0.50  emits 0.52  spf 55.2  z0 0.73  garr 124.3  tG 892  e2 0.11  nF 6.0  pS 0.35  ptS 0.32  fLog 0.59  pdΔ -0.1524  pkR 5.99  clip 0.04  kl +0.003
upd  251  steps  516096  sps 1273  opp symm  loss -0.030  pg -0.0028  v 0.011  ev +0.93  adv_std 0.146  tR +0.20  ent[s/d/p/e] 1.80/2.14/1.50/0.52  emits 0.55  spf 53.6  z0 0.73  garr 118.8  tG 811  e2 0.11  nF 6.1  pS 0.34  ptS 0.31  fLog 0.59  pdΔ -0.1641  pkR 6.74  clip 0.08  kl +0.001
upd  252  steps  518144  sps 1276  opp symm  loss +0.008  pg +0.0365  v 0.008  ev +0.95  adv_std 0.123  tR +0.25  ent[s/d/p/e] 1.77/2.08/1.49/0.51  emits 0.56  spf 54.0  z0 0.71  garr 99.8  tG 690  e2 0.11  nF 6.6  pS 0.32  ptS 0.30  fLog 0.58  pdΔ -0.1792  pkR 6.51  clip 0.06  kl +0.002
upd  253  steps  520192  sps 1279  opp symm  loss -0.034  pg -0.0076  v 0.011  ev +0.91  adv_std 0.151  tR +0.00  ent[s/d/p/e] 1.74/2.18/1.49/0.51  emits 0.50  spf 53.1  z0 0.74  garr 91.9  tG 618  e2 0.10  nF 5.9  pS 0.30  ptS 0.29  fLog 0.59  pdΔ -0.1959  pkR 5.51  clip 0.10  kl +0.006
upd  254  steps  522240  sps 1282  opp symm  loss -0.006  pg +0.0225  v 0.007  ev +0.93  adv_std 0.112  tR -0.43  ent[s/d/p/e] 1.75/2.14/1.44/0.49  emits 0.49  spf 52.8  z0 0.75  garr 89.2  tG 595  e2 0.09  nF 5.4  pS 0.29  ptS 0.27  fLog 0.59  pdΔ -0.2121  pkR 5.80  clip 0.17  kl +0.008
upd  255  steps  524288  sps 1285  opp symm  loss -0.050  pg -0.0270  v 0.014  ev +0.85  adv_std 0.165  tR +0.00  ent[s/d/p/e] 1.44/1.87/1.51/0.47  emits 0.34  spf 57.1  z0 0.78  garr 90.6  tG 624  e2 0.07  nF 3.9  pS 0.28  ptS 0.27  fLog 0.59  pdΔ -0.2230  pkR 5.18  clip 0.07  kl +0.002
upd  256  steps  526336  sps 1288  opp symm  loss -0.052  pg -0.0284  v 0.012  ev +0.85  adv_std 0.156  tR -0.20  ent[s/d/p/e] 1.36/1.90/1.59/0.47  emits 0.31  spf 61.6  z0 0.79  garr 99.1  tG 703  e2 0.06  nF 3.3  pS 0.27  ptS 0.27  fLog 0.61  pdΔ -0.2283  pkR 7.10  clip 0.04  kl +0.003
upd  257  steps  528384  sps 1291  opp symm  loss +0.008  pg +0.0351  v 0.006  ev +0.92  adv_std 0.105  tR +0.00  ent[s/d/p/e] 1.41/1.92/1.60/0.47  emits 0.31  spf 58.1  z0 0.78  garr 96.9  tG 627  e2 0.06  nF 3.3  pS 0.26  ptS 0.25  fLog 0.61  pdΔ -0.2372  pkR 6.12  clip 0.04  kl +0.000
upd  258  steps  530432  sps 1294  opp symm  loss -0.057  pg -0.0285  v 0.005  ev +0.95  adv_std 0.098  tR -1.00  ent[s/d/p/e] 1.58/2.02/1.58/0.49  emits 0.40  spf 61.6  z0 0.76  garr 105.8  tG 710  e2 0.08  nF 4.3  pS 0.30  ptS 0.28  fLog 0.61  pdΔ -0.2048  pkR 5.60  clip 0.07  kl +0.001
upd  259  steps  532480  sps 1297  opp symm  loss -0.033  pg -0.0029  v 0.003  ev +0.97  adv_std 0.081  tR +0.33  ent[s/d/p/e] 1.72/2.06/1.55/0.49  emits 0.43  spf 55.8  z0 0.77  garr 114.9  tG 768  e2 0.09  nF 4.4  pS 0.30  ptS 0.29  fLog 0.61  pdΔ -0.1978  pkR 6.03  clip 0.07  kl +0.001
upd  260  steps  534528  sps 1300  opp symm  loss -0.036  pg -0.0075  v 0.007  ev +0.94  adv_std 0.121  tR -0.25  ent[s/d/p/e] 1.76/2.09/1.57/0.48  emits 0.44  spf 50.4  z0 0.78  garr 114.4  tG 772  e2 0.09  nF 5.0  pS 0.30  ptS 0.29  fLog 0.60  pdΔ -0.2035  pkR 7.03  clip 0.06  kl +0.001
upd  261  steps  536576  sps 1303  opp symm  loss -0.032  pg -0.0045  v 0.010  ev +0.92  adv_std 0.138  tR -0.14  ent[s/d/p/e] 1.68/1.96/1.66/0.51  emits 0.51  spf 50.8  z0 0.73  garr 106.1  tG 741  e2 0.10  nF 5.4  pS 0.30  ptS 0.29  fLog 0.59  pdΔ -0.2014  pkR 7.53  clip 0.10  kl +0.003
upd  262  steps  538624  sps 1306  opp symm  loss -0.008  pg +0.0203  v 0.009  ev +0.93  adv_std 0.133  tR +0.00  ent[s/d/p/e] 1.79/1.98/1.58/0.52  emits 0.56  spf 53.4  z0 0.72  garr 101.7  tG 720  e2 0.11  nF 6.6  pS 0.31  ptS 0.30  fLog 0.59  pdΔ -0.1943  pkR 8.75  clip 0.05  kl +0.001
upd  263  steps  540672  sps 1309  opp symm  loss -0.060  pg -0.0320  v 0.010  ev +0.93  adv_std 0.144  tR -1.00  ent[s/d/p/e] 1.68/1.95/1.60/0.53  emits 0.57  spf 56.0  z0 0.70  garr 93.0  tG 736  e2 0.12  nF 6.6  pS 0.34  ptS 0.33  fLog 0.59  pdΔ -0.1626  pkR 6.80  clip 0.10  kl +0.008
upd  264  steps  542720  sps 1312  opp symm  loss -0.018  pg +0.0119  v 0.006  ev +0.95  adv_std 0.112  tR +0.33  ent[s/d/p/e] 1.73/1.99/1.62/0.54  emits 0.54  spf 52.8  z0 0.70  garr 80.8  tG 634  e2 0.11  nF 6.3  pS 0.32  ptS 0.31  fLog 0.60  pdΔ -0.1779  pkR 7.19  clip 0.05  kl +0.000
upd  265  steps  544768  sps 1315  opp symm  loss -0.029  pg -0.0003  v 0.007  ev +0.94  adv_std 0.113  tR +1.00  ent[s/d/p/e] 1.52/1.81/1.60/0.55  emits 0.45  spf 56.6  z0 0.71  garr 80.4  tG 625  e2 0.09  nF 5.2  pS 0.31  ptS 0.30  fLog 0.60  pdΔ -0.1934  pkR 9.26  clip 0.09  kl +0.004
upd  266  steps  546816  sps 1318  opp symm  loss -0.025  pg +0.0032  v 0.008  ev +0.94  adv_std 0.121  tR +0.00  ent[s/d/p/e] 1.63/1.94/1.61/0.52  emits 0.45  spf 61.2  z0 0.73  garr 84.8  tG 668  e2 0.09  nF 4.7  pS 0.31  ptS 0.31  fLog 0.61  pdΔ -0.1870  pkR 7.67  clip 0.09  kl +0.002
upd  267  steps  548864  sps 1320  opp symm  loss -0.003  pg +0.0251  v 0.008  ev +0.93  adv_std 0.125  tR +0.43  ent[s/d/p/e] 1.65/2.03/1.57/0.52  emits 0.49  spf 57.1  z0 0.73  garr 77.2  tG 599  e2 0.10  nF 5.0  pS 0.31  ptS 0.30  fLog 0.60  pdΔ -0.1931  pkR 6.70  clip 0.05  kl +0.001
upd  268  steps  550912  sps 1323  opp symm  loss -0.040  pg -0.0115  v 0.007  ev +0.94  adv_std 0.119  tR -1.00  ent[s/d/p/e] 1.62/1.97/1.56/0.50  emits 0.41  spf 53.7  z0 0.76  garr 85.7  tG 661  e2 0.08  nF 4.3  pS 0.31  ptS 0.30  fLog 0.60  pdΔ -0.1895  pkR 5.61  clip 0.07  kl +0.002
upd  269  steps  552960  sps 1326  opp symm  loss +0.005  pg +0.0335  v 0.009  ev +0.92  adv_std 0.134  tR +0.43  ent[s/d/p/e] 1.76/2.03/1.58/0.52  emits 0.60  spf 51.6  z0 0.72  garr 88.6  tG 673  e2 0.12  nF 5.4  pS 0.31  ptS 0.30  fLog 0.59  pdΔ -0.1892  pkR 6.27  clip 0.09  kl +0.003
upd  270  steps  555008  sps 1329  opp symm  loss -0.032  pg -0.0034  v 0.007  ev +0.93  adv_std 0.115  tR +0.33  ent[s/d/p/e] 1.57/1.94/1.61/0.52  emits 0.49  spf 52.0  z0 0.72  garr 82.6  tG 589  e2 0.09  nF 5.1  pS 0.28  ptS 0.28  fLog 0.59  pdΔ -0.2170  pkR 6.06  clip 0.08  kl +0.005
upd  271  steps  557056  sps 1332  opp symm  loss -0.049  pg -0.0206  v 0.006  ev +0.93  adv_std 0.111  tR -0.33  ent[s/d/p/e] 1.57/1.88/1.57/0.53  emits 0.45  spf 51.8  z0 0.74  garr 76.6  tG 561  e2 0.09  nF 4.8  pS 0.27  ptS 0.26  fLog 0.58  pdΔ -0.2299  pkR 6.71  clip 0.08  kl +0.003
upd  272  steps  559104  sps 1335  opp symm  loss -0.113  pg -0.0860  v 0.009  ev +0.92  adv_std 0.134  tR -1.00  ent[s/d/p/e] 1.47/1.93/1.59/0.51  emits 0.45  spf 56.0  z0 0.72  garr 78.7  tG 583  e2 0.09  nF 5.0  pS 0.26  ptS 0.26  fLog 0.59  pdΔ -0.2353  pkR 7.49  clip 0.10  kl +0.001
upd  273  steps  561152  sps 1337  opp symm  loss -0.052  pg -0.0230  v 0.005  ev +0.96  adv_std 0.098  tR -0.50  ent[s/d/p/e] 1.60/1.93/1.54/0.53  emits 0.48  spf 51.6  z0 0.73  garr 74.8  tG 580  e2 0.09  nF 5.0  pS 0.28  ptS 0.27  fLog 0.58  pdΔ -0.2224  pkR 7.20  clip 0.05  kl +0.001
upd  274  steps  563200  sps 1340  opp symm  loss -0.041  pg -0.0133  v 0.006  ev +0.95  adv_std 0.107  tR -0.67  ent[s/d/p/e] 1.50/1.93/1.54/0.49  emits 0.39  spf 54.9  z0 0.76  garr 79.7  tG 597  e2 0.07  nF 4.3  pS 0.27  ptS 0.27  fLog 0.59  pdΔ -0.2323  pkR 6.17  clip 0.06  kl +0.001
upd  275  steps  565248  sps 1343  opp symm  loss -0.044  pg -0.0181  v 0.010  ev +0.93  adv_std 0.136  tR -0.33  ent[s/d/p/e] 1.49/1.92/1.60/0.49  emits 0.37  spf 56.0  z0 0.77  garr 84.5  tG 611  e2 0.07  nF 3.6  pS 0.26  ptS 0.26  fLog 0.60  pdΔ -0.2352  pkR 6.20  clip 0.04  kl +0.002
upd  276  steps  567296  sps 1346  opp symm  loss -0.023  pg +0.0043  v 0.006  ev +0.95  adv_std 0.111  tR -0.67  ent[s/d/p/e] 1.43/1.85/1.54/0.51  emits 0.42  spf 54.1  z0 0.74  garr 75.6  tG 538  e2 0.09  nF 4.2  pS 0.27  ptS 0.26  fLog 0.59  pdΔ -0.2315  pkR 6.02  clip 0.04  kl +0.000
upd  277  steps  569344  sps 1349  opp symm  loss -0.003  pg +0.0254  v 0.006  ev +0.96  adv_std 0.105  tR +0.33  ent[s/d/p/e] 1.54/1.98/1.55/0.52  emits 0.41  spf 52.0  z0 0.75  garr 72.9  tG 521  e2 0.08  nF 4.5  pS 0.28  ptS 0.27  fLog 0.58  pdΔ -0.2201  pkR 6.91  clip 0.06  kl +0.001
upd  278  steps  571392  sps 1351  opp symm  loss -0.054  pg -0.0230  v 0.003  ev +0.97  adv_std 0.084  tR -1.00  ent[s/d/p/e] 1.67/2.05/1.51/0.54  emits 0.48  spf 53.7  z0 0.73  garr 73.0  tG 521  e2 0.10  nF 5.2  pS 0.30  ptS 0.29  fLog 0.59  pdΔ -0.2030  pkR 6.07  clip 0.07  kl +0.003
upd  279  steps  573440  sps 1354  opp symm  loss -0.021  pg +0.0063  v 0.010  ev +0.91  adv_std 0.141  tR -0.60  ent[s/d/p/e] 1.72/2.08/1.54/0.53  emits 0.51  spf 53.9  z0 0.72  garr 77.3  tG 596  e2 0.10  nF 5.1  pS 0.33  ptS 0.31  fLog 0.60  pdΔ -0.1728  pkR 6.69  clip 0.05  kl +0.003
upd  280  steps  575488  sps 1357  opp symm  loss -0.064  pg -0.0339  v 0.004  ev +0.96  adv_std 0.093  tR +0.20  ent[s/d/p/e] 1.64/2.05/1.53/0.54  emits 0.45  spf 55.2  z0 0.72  garr 81.9  tG 649  e2 0.09  nF 4.4  pS 0.32  ptS 0.31  fLog 0.59  pdΔ -0.1810  pkR 7.36  clip 0.07  kl +0.002
upd  281  steps  577536  sps 1360  opp symm  loss +0.004  pg +0.0331  v 0.007  ev +0.93  adv_std 0.116  tR +0.00  ent[s/d/p/e] 1.73/2.10/1.52/0.54  emits 0.50  spf 53.7  z0 0.72  garr 83.0  tG 666  e2 0.10  nF 5.4  pS 0.34  ptS 0.33  fLog 0.59  pdΔ -0.1566  pkR 7.95  clip 0.07  kl +0.003
upd  282  steps  579584  sps 1363  opp symm  loss -0.029  pg +0.0004  v 0.007  ev +0.91  adv_std 0.121  tR +1.00  ent[s/d/p/e] 1.79/2.12/1.55/0.52  emits 0.48  spf 53.1  z0 0.72  garr 92.7  tG 767  e2 0.09  nF 5.3  pS 0.37  ptS 0.36  fLog 0.59  pdΔ -0.1275  pkR 4.89  clip 0.05  kl +0.000
upd  283  steps  581632  sps 1365  opp symm  loss -0.059  pg -0.0302  v 0.007  ev +0.91  adv_std 0.122  tR +0.67  ent[s/d/p/e] 1.63/2.07/1.52/0.54  emits 0.44  spf 59.1  z0 0.75  garr 98.1  tG 779  e2 0.10  nF 4.4  pS 0.34  ptS 0.33  fLog 0.60  pdΔ -0.1572  pkR 4.30  clip 0.12  kl +0.004
upd  284  steps  583680  sps 1368  opp symm  loss -0.040  pg -0.0093  v 0.004  ev +0.96  adv_std 0.085  tR +0.50  ent[s/d/p/e] 1.69/2.10/1.52/0.53  emits 0.56  spf 58.8  z0 0.70  garr 100.1  tG 820  e2 0.12  nF 5.1  pS 0.36  ptS 0.35  fLog 0.61  pdΔ -0.1407  pkR 4.79  clip 0.11  kl +0.006
upd  285  steps  585728  sps 1371  opp symm  loss -0.022  pg +0.0054  v 0.010  ev +0.89  adv_std 0.138  tR +0.33  ent[s/d/p/e] 1.76/2.17/1.54/0.52  emits 0.55  spf 54.8  z0 0.73  garr 103.3  tG 815  e2 0.11  nF 5.5  pS 0.36  ptS 0.35  fLog 0.60  pdΔ -0.1448  pkR 4.84  clip 0.08  kl +0.001
upd  286  steps  587776  sps 1373  opp symm  loss +0.010  pg +0.0376  v 0.008  ev +0.91  adv_std 0.122  tR +0.60  ent[s/d/p/e] 1.69/2.11/1.56/0.49  emits 0.45  spf 59.8  z0 0.74  garr 104.3  tG 807  e2 0.09  nF 4.7  pS 0.34  ptS 0.33  fLog 0.61  pdΔ -0.1578  pkR 5.41  clip 0.08  kl +0.003
upd  287  steps  589824  sps 1376  opp symm  loss +0.010  pg +0.0388  v 0.006  ev +0.92  adv_std 0.112  tR +0.33  ent[s/d/p/e] 1.71/2.14/1.54/0.48  emits 0.38  spf 58.1  z0 0.78  garr 111.4  tG 862  e2 0.06  nF 4.1  pS 0.34  ptS 0.32  fLog 0.60  pdΔ -0.1635  pkR 5.43  clip 0.09  kl +0.004
upd  288  steps  591872  sps 1379  opp symm  loss +0.008  pg +0.0364  v 0.005  ev +0.93  adv_std 0.105  tR +0.20  ent[s/d/p/e] 1.77/2.18/1.49/0.46  emits 0.43  spf 58.6  z0 0.77  garr 111.6  tG 809  e2 0.09  nF 4.6  pS 0.32  ptS 0.31  fLog 0.60  pdΔ -0.1764  pkR 5.46  clip 0.12  kl +0.003
upd  289  steps  593920  sps 1381  opp symm  loss -0.052  pg -0.0225  v 0.007  ev +0.92  adv_std 0.115  tR +0.00  ent[s/d/p/e] 1.84/2.19/1.56/0.49  emits 0.44  spf 56.7  z0 0.77  garr 112.5  tG 810  e2 0.10  nF 4.5  pS 0.33  ptS 0.32  fLog 0.60  pdΔ -0.1697  pkR 4.77  clip 0.09  kl +0.001
upd  290  steps  595968  sps 1384  opp symm  loss -0.005  pg +0.0215  v 0.010  ev +0.87  adv_std 0.141  tR -0.20  ent[s/d/p/e] 1.73/2.12/1.53/0.49  emits 0.40  spf 57.4  z0 0.76  garr 108.1  tG 766  e2 0.08  nF 4.3  pS 0.33  ptS 0.31  fLog 0.60  pdΔ -0.1743  pkR 4.52  clip 0.05  kl -0.001
upd  291  steps  598016  sps 1387  opp symm  loss +0.002  pg +0.0287  v 0.010  ev +0.84  adv_std 0.146  tR +0.33  ent[s/d/p/e] 1.68/2.09/1.53/0.51  emits 0.42  spf 59.0  z0 0.76  garr 106.7  tG 796  e2 0.08  nF 4.3  pS 0.34  ptS 0.32  fLog 0.60  pdΔ -0.1631  pkR 4.76  clip 0.07  kl +0.002
upd  292  steps  600064  sps 1390  opp symm  loss -0.058  pg -0.0285  v 0.005  ev +0.91  adv_std 0.104  tR +0.20  ent[s/d/p/e] 1.58/2.07/1.52/0.53  emits 0.46  spf 56.3  z0 0.73  garr 100.9  tG 764  e2 0.09  nF 4.4  pS 0.33  ptS 0.31  fLog 0.60  pdΔ -0.1726  pkR 4.11  clip 0.06  kl +0.001
upd  293  steps  602112  sps 1392  opp symm  loss +0.014  pg +0.0437  v 0.005  ev +0.92  adv_std 0.100  tR +1.00  ent[s/d/p/e] 1.61/2.09/1.51/0.53  emits 0.42  spf 54.7  z0 0.75  garr 103.8  tG 789  e2 0.09  nF 4.9  pS 0.33  ptS 0.32  fLog 0.59  pdΔ -0.1679  pkR 4.18  clip 0.06  kl +0.003
upd  294  steps  604160  sps 1395  opp symm  loss -0.008  pg +0.0213  v 0.005  ev +0.92  adv_std 0.101  tR +0.60  ent[s/d/p/e] 1.60/2.13/1.53/0.50  emits 0.40  spf 60.0  z0 0.75  garr 105.9  tG 799  e2 0.08  nF 4.6  pS 0.32  ptS 0.31  fLog 0.61  pdΔ -0.1776  pkR 4.77  clip 0.08  kl +0.003
upd  295  steps  606208  sps 1397  opp symm  loss -0.023  pg +0.0049  v 0.007  ev +0.90  adv_std 0.118  tR -0.33  ent[s/d/p/e] 1.58/2.12/1.54/0.51  emits 0.38  spf 62.4  z0 0.77  garr 111.8  tG 889  e2 0.07  nF 4.2  pS 0.33  ptS 0.32  fLog 0.61  pdΔ -0.1710  pkR 4.76  clip 0.07  kl +0.001
upd  296  steps  608256  sps 1400  opp symm  loss -0.071  pg -0.0428  v 0.007  ev +0.91  adv_std 0.120  tR -0.33  ent[s/d/p/e] 1.57/2.08/1.61/0.49  emits 0.38  spf 59.0  z0 0.76  garr 106.6  tG 836  e2 0.07  nF 3.9  pS 0.32  ptS 0.31  fLog 0.61  pdΔ -0.1833  pkR 6.17  clip 0.07  kl -0.001
upd  297  steps  610304  sps 1403  opp symm  loss -0.028  pg -0.0017  v 0.009  ev +0.88  adv_std 0.133  tR +0.33  ent[s/d/p/e] 1.51/1.98/1.59/0.50  emits 0.39  spf 55.5  z0 0.76  garr 105.9  tG 827  e2 0.07  nF 4.0  pS 0.32  ptS 0.31  fLog 0.59  pdΔ -0.1766  pkR 6.93  clip 0.09  kl +0.001
upd  298  steps  612352  sps 1405  opp symm  loss -0.017  pg +0.0114  v 0.007  ev +0.93  adv_std 0.117  tR +0.33  ent[s/d/p/e] 1.66/2.13/1.60/0.48  emits 0.46  spf 56.2  z0 0.76  garr 116.8  tG 882  e2 0.09  nF 4.2  pS 0.32  ptS 0.31  fLog 0.60  pdΔ -0.1753  pkR 6.23  clip 0.05  kl +0.004
[eval_vs_v20] u299 tag=train_u299  bin0=0.0%  spf=20.54  garr=88.79  flip=14.29%  z0=71.5%  e8=0.4%  e2+=2.9%  WLD=0/3/0
upd  299  steps  614400  sps 1408  opp symm  loss -0.037  pg -0.0096  v 0.008  ev +0.91  adv_std 0.126  tR +0.33  ent[s/d/p/e] 1.55/2.05/1.55/0.50  emits 0.39  spf 62.5  z0 0.76  garr 113.2  tG 868  e2 0.07  nF 4.0  pS 0.33  ptS 0.31  fLog 0.62  pdΔ -0.1728  pkR 6.72  clip 0.07  kl +0.003 WRr 0.19 v20[spf 20.5 flip 14.3% e2+ 2.9%]
upd  300  steps  616448  sps 1211  opp symm  loss -0.045  pg -0.0172  v 0.007  ev +0.93  adv_std 0.116  tR +0.33  ent[s/d/p/e] 1.48/1.99/1.57/0.49  emits 0.37  spf 67.7  z0 0.76  garr 105.9  tG 798  e2 0.07  nF 3.5  pS 0.31  ptS 0.29  fLog 0.62  pdΔ -0.1949  pkR 5.34  clip 0.06  kl +0.000
upd  301  steps  618496  sps 1213  opp symm  loss +0.016  pg +0.0431  v 0.008  ev +0.91  adv_std 0.128  tR -0.60  ent[s/d/p/e] 1.49/1.99/1.52/0.50  emits 0.46  spf 58.1  z0 0.73  garr 101.5  tG 778  e2 0.10  nF 4.4  pS 0.33  ptS 0.31  fLog 0.60  pdΔ -0.1735  pkR 6.07  clip 0.05  kl +0.001
upd  302  steps  620544  sps 1216  opp symm  loss +0.001  pg +0.0298  v 0.005  ev +0.95  adv_std 0.096  tR +0.00  ent[s/d/p/e] 1.59/2.07/1.47/0.51  emits 0.52  spf 49.9  z0 0.73  garr 100.8  tG 774  e2 0.11  nF 5.1  pS 0.34  ptS 0.32  fLog 0.58  pdΔ -0.1590  pkR 7.43  clip 0.08  kl +0.002
upd  303  steps  622592  sps 1218  opp symm  loss -0.039  pg -0.0100  v 0.005  ev +0.94  adv_std 0.102  tR +0.33  ent[s/d/p/e] 1.63/2.09/1.49/0.51  emits 0.47  spf 55.1  z0 0.74  garr 114.9  tG 887  e2 0.09  nF 5.1  pS 0.36  ptS 0.34  fLog 0.60  pdΔ -0.1419  pkR 7.57  clip 0.05  kl +0.000
upd  304  steps  624640  sps 1220  opp symm  loss -0.018  pg +0.0099  v 0.007  ev +0.90  adv_std 0.122  tR +0.50  ent[s/d/p/e] 1.60/2.12/1.49/0.50  emits 0.49  spf 51.6  z0 0.74  garr 120.6  tG 900  e2 0.10  nF 4.7  pS 0.35  ptS 0.33  fLog 0.59  pdΔ -0.1490  pkR 8.15  clip 0.05  kl +0.002
upd  305  steps  626688  sps 1223  opp symm  loss -0.052  pg -0.0239  v 0.008  ev +0.91  adv_std 0.123  tR +0.14  ent[s/d/p/e] 1.58/2.10/1.49/0.52  emits 0.59  spf 54.5  z0 0.71  garr 105.3  tG 801  e2 0.12  nF 5.5  pS 0.34  ptS 0.32  fLog 0.59  pdΔ -0.1645  pkR 9.99  clip 0.08  kl -0.000
upd  306  steps  628736  sps 1225  opp symm  loss -0.089  pg -0.0604  v 0.006  ev +0.92  adv_std 0.113  tR +0.00  ent[s/d/p/e] 1.58/2.03/1.46/0.52  emits 0.54  spf 53.2  z0 0.72  garr 99.3  tG 762  e2 0.12  nF 5.4  pS 0.34  ptS 0.32  fLog 0.59  pdΔ -0.1635  pkR 6.62  clip 0.10  kl +0.002
upd  307  steps  630784  sps 1228  opp symm  loss -0.033  pg -0.0046  v 0.007  ev +0.92  adv_std 0.119  tR -0.14  ent[s/d/p/e] 1.55/2.07/1.46/0.53  emits 0.54  spf 51.8  z0 0.71  garr 93.9  tG 710  e2 0.11  nF 5.5  pS 0.32  ptS 0.31  fLog 0.58  pdΔ -0.1849  pkR 7.32  clip 0.04  kl +0.000
upd  308  steps  632832  sps 1230  opp symm  loss +0.004  pg +0.0304  v 0.007  ev +0.91  adv_std 0.121  tR -0.33  ent[s/d/p/e] 1.52/1.99/1.49/0.50  emits 0.46  spf 48.1  z0 0.75  garr 94.1  tG 688  e2 0.10  nF 5.3  pS 0.30  ptS 0.29  fLog 0.57  pdΔ -0.2040  pkR 5.56  clip 0.06  kl +0.003
upd  309  steps  634880  sps 1233  opp symm  loss -0.001  pg +0.0236  v 0.011  ev +0.87  adv_std 0.148  tR -0.43  ent[s/d/p/e] 1.62/2.06/1.47/0.47  emits 0.44  spf 51.8  z0 0.77  garr 102.5  tG 773  e2 0.09  nF 4.7  pS 0.31  ptS 0.31  fLog 0.59  pdΔ -0.1892  pkR 6.33  clip 0.08  kl +0.004
upd  310  steps  636928  sps 1235  opp symm  loss -0.049  pg -0.0222  v 0.006  ev +0.91  adv_std 0.107  tR +0.20  ent[s/d/p/e] 1.53/2.06/1.45/0.47  emits 0.45  spf 46.7  z0 0.75  garr 106.2  tG 791  e2 0.09  nF 4.9  pS 0.30  ptS 0.30  fLog 0.56  pdΔ -0.2011  pkR 6.46  clip 0.08  kl +0.002
upd  311  steps  638976  sps 1238  opp symm  loss -0.041  pg -0.0118  v 0.004  ev +0.94  adv_std 0.095  tR -1.00  ent[s/d/p/e] 1.68/2.19/1.50/0.49  emits 0.54  spf 51.2  z0 0.73  garr 117.0  tG 867  e2 0.12  nF 5.4  pS 0.31  ptS 0.31  fLog 0.59  pdΔ -0.1868  pkR 5.75  clip 0.08  kl +0.004
upd  312  steps  641024  sps 1240  opp symm  loss +0.013  pg +0.0398  v 0.008  ev +0.88  adv_std 0.129  tR +0.43  ent[s/d/p/e] 1.69/2.21/1.43/0.48  emits 0.49  spf 53.3  z0 0.75  garr 114.9  tG 841  e2 0.10  nF 5.4  pS 0.32  ptS 0.31  fLog 0.59  pdΔ -0.1818  pkR 6.39  clip 0.05  kl +0.001
upd  313  steps  643072  sps 1242  opp symm  loss +0.061  pg +0.0881  v 0.008  ev +0.88  adv_std 0.124  tR +0.33  ent[s/d/p/e] 1.63/2.21/1.44/0.48  emits 0.54  spf 44.3  z0 0.74  garr 111.9  tG 777  e2 0.11  nF 5.9  pS 0.30  ptS 0.29  fLog 0.57  pdΔ -0.2006  pkR 8.06  clip 0.06  kl +0.004
upd  314  steps  645120  sps 1245  opp symm  loss -0.028  pg -0.0017  v 0.008  ev +0.89  adv_std 0.128  tR +0.14  ent[s/d/p/e] 1.51/2.20/1.43/0.47  emits 0.39  spf 48.1  z0 0.78  garr 116.4  tG 819  e2 0.08  nF 5.1  pS 0.29  ptS 0.28  fLog 0.58  pdΔ -0.2147  pkR 8.53  clip 0.06  kl +0.002
upd  315  steps  647168  sps 1247  opp symm  loss -0.065  pg -0.0403  v 0.011  ev +0.85  adv_std 0.147  tR -0.50  ent[s/d/p/e] 1.38/2.10/1.48/0.47  emits 0.45  spf 49.2  z0 0.75  garr 121.5  tG 858  e2 0.09  nF 4.5  pS 0.29  ptS 0.28  fLog 0.59  pdΔ -0.2149  pkR 9.15  clip 0.05  kl +0.001
upd  316  steps  649216  sps 1250  opp symm  loss -0.073  pg -0.0464  v 0.009  ev +0.88  adv_std 0.133  tR +0.14  ent[s/d/p/e] 1.45/2.15/1.47/0.52  emits 0.53  spf 44.0  z0 0.71  garr 106.4  tG 752  e2 0.12  nF 5.3  pS 0.29  ptS 0.28  fLog 0.57  pdΔ -0.2139  pkR 11.53  clip 0.08  kl +0.001
upd  317  steps  651264  sps 1252  opp symm  loss -0.004  pg +0.0232  v 0.007  ev +0.90  adv_std 0.118  tR +0.00  ent[s/d/p/e] 1.36/2.07/1.42/0.54  emits 0.59  spf 40.6  z0 0.68  garr 70.6  tG 500  e2 0.13  nF 6.6  pS 0.28  ptS 0.28  fLog 0.55  pdΔ -0.2194  pkR 12.93  clip 0.14  kl +0.005
upd  318  steps  653312  sps 1254  opp symm  loss -0.030  pg -0.0006  v 0.005  ev +0.93  adv_std 0.095  tR +1.00  ent[s/d/p/e] 1.42/2.09/1.47/0.55  emits 0.62  spf 40.2  z0 0.66  garr 55.0  tG 386  e2 0.14  nF 6.9  pS 0.28  ptS 0.28  fLog 0.55  pdΔ -0.2181  pkR 8.64  clip 0.12  kl +0.002
upd  319  steps  655360  sps 1257  opp symm  loss -0.100  pg -0.0718  v 0.006  ev +0.92  adv_std 0.109  tR -1.00  ent[s/d/p/e] 1.40/2.01/1.45/0.55  emits 0.62  spf 41.3  z0 0.67  garr 61.6  tG 452  e2 0.15  nF 6.5  pS 0.29  ptS 0.29  fLog 0.56  pdΔ -0.2063  pkR 7.86  clip 0.13  kl +0.004
upd  320  steps  657408  sps 1259  opp symm  loss -0.117  pg -0.0896  v 0.008  ev +0.89  adv_std 0.128  tR +0.33  ent[s/d/p/e] 1.44/2.09/1.39/0.54  emits 0.60  spf 46.2  z0 0.69  garr 73.3  tG 572  e2 0.14  nF 6.3  pS 0.31  ptS 0.31  fLog 0.57  pdΔ -0.1900  pkR 7.28  clip 0.08  kl +0.000
upd  321  steps  659456  sps 1261  opp symm  loss -0.071  pg -0.0422  v 0.005  ev +0.94  adv_std 0.098  tR +0.00  ent[s/d/p/e] 1.40/2.12/1.39/0.52  emits 0.50  spf 50.9  z0 0.72  garr 80.8  tG 600  e2 0.11  nF 5.6  pS 0.29  ptS 0.29  fLog 0.59  pdΔ -0.2064  pkR 7.70  clip 0.09  kl +0.003
upd  322  steps  661504  sps 1264  opp symm  loss -0.043  pg -0.0157  v 0.007  ev +0.92  adv_std 0.119  tR -0.14  ent[s/d/p/e] 1.36/2.09/1.39/0.54  emits 0.56  spf 56.0  z0 0.69  garr 82.1  tG 644  e2 0.12  nF 4.8  pS 0.30  ptS 0.29  fLog 0.59  pdΔ -0.2034  pkR 7.73  clip 0.11  kl +0.002
upd  323  steps  663552  sps 1266  opp symm  loss -0.084  pg -0.0568  v 0.006  ev +0.93  adv_std 0.109  tR -1.00  ent[s/d/p/e] 1.38/2.07/1.36/0.54  emits 0.57  spf 53.1  z0 0.68  garr 77.3  tG 618  e2 0.13  nF 6.1  pS 0.31  ptS 0.30  fLog 0.59  pdΔ -0.1947  pkR 9.17  clip 0.08  kl +0.003
upd  324  steps  665600  sps 1268  opp symm  loss -0.034  pg -0.0046  v 0.004  ev +0.96  adv_std 0.090  tR -0.33  ent[s/d/p/e] 1.43/2.07/1.37/0.57  emits 0.64  spf 49.0  z0 0.65  garr 80.7  tG 646  e2 0.15  nF 6.6  pS 0.32  ptS 0.31  fLog 0.58  pdΔ -0.1838  pkR 9.94  clip 0.14  kl +0.007
upd  325  steps  667648  sps 1271  opp symm  loss -0.015  pg +0.0122  v 0.005  ev +0.94  adv_std 0.103  tR +0.56  ent[s/d/p/e] 1.34/2.00/1.27/0.55  emits 0.65  spf 45.6  z0 0.63  garr 59.8  tG 479  e2 0.14  nF 6.8  pS 0.30  ptS 0.29  fLog 0.57  pdΔ -0.1959  pkR 13.26  clip 0.14  kl +0.006
upd  326  steps  669696  sps 1273  opp symm  loss +0.000  pg +0.0282  v 0.006  ev +0.91  adv_std 0.113  tR -1.00  ent[s/d/p/e] 1.40/2.08/1.35/0.57  emits 0.69  spf 44.3  z0 0.63  garr 53.0  tG 442  e2 0.16  nF 7.8  pS 0.33  ptS 0.32  fLog 0.57  pdΔ -0.1726  pkR 7.88  clip 0.04  kl +0.000
upd  327  steps  671744  sps 1275  opp symm  loss -0.102  pg -0.0720  v 0.005  ev +0.95  adv_std 0.108  tR -0.33  ent[s/d/p/e] 1.58/2.20/1.37/0.57  emits 0.69  spf 46.4  z0 0.64  garr 61.0  tG 549  e2 0.16  nF 7.9  pS 0.35  ptS 0.34  fLog 0.58  pdΔ -0.1475  pkR 10.76  clip 0.15  kl +0.006
upd  328  steps  673792  sps 1278  opp symm  loss -0.057  pg -0.0264  v 0.004  ev +0.96  adv_std 0.092  tR +0.00  ent[s/d/p/e] 1.66/2.26/1.38/0.55  emits 0.71  spf 45.3  z0 0.64  garr 63.7  tG 514  e2 0.16  nF 7.6  pS 0.35  ptS 0.34  fLog 0.58  pdΔ -0.1528  pkR 10.50  clip 0.07  kl +0.001
upd  329  steps  675840  sps 1280  opp symm  loss -0.035  pg -0.0042  v 0.005  ev +0.94  adv_std 0.102  tR +0.33  ent[s/d/p/e] 1.63/2.28/1.42/0.57  emits 0.76  spf 46.2  z0 0.64  garr 65.9  tG 523  e2 0.18  nF 8.1  pS 0.36  ptS 0.35  fLog 0.58  pdΔ -0.1366  pkR 8.69  clip 0.09  kl +0.002
upd  330  steps  677888  sps 1282  opp symm  loss -0.035  pg -0.0033  v 0.004  ev +0.95  adv_std 0.088  tR +0.33  ent[s/d/p/e] 1.67/2.33/1.39/0.58  emits 0.81  spf 46.0  z0 0.62  garr 71.9  tG 611  e2 0.19  nF 8.7  pS 0.40  ptS 0.38  fLog 0.59  pdΔ -0.1025  pkR 9.20  clip 0.07  kl +0.002
upd  331  steps  679936  sps 1285  opp symm  loss -0.046  pg -0.0162  v 0.007  ev +0.93  adv_std 0.110  tR +0.00  ent[s/d/p/e] 1.75/2.35/1.39/0.57  emits 0.99  spf 44.1  z0 0.56  garr 62.8  tG 544  e2 0.22  nF 9.7  pS 0.41  ptS 0.40  fLog 0.57  pdΔ -0.0921  pkR 9.09  clip 0.12  kl +0.006
upd  332  steps  681984  sps 1287  opp symm  loss -0.038  pg -0.0081  v 0.006  ev +0.93  adv_std 0.103  tR +0.75  ent[s/d/p/e] 1.66/2.29/1.33/0.57  emits 0.89  spf 41.5  z0 0.58  garr 54.7  tG 477  e2 0.20  nF 9.5  pS 0.38  ptS 0.37  fLog 0.56  pdΔ -0.1204  pkR 8.55  clip 0.13  kl +0.007
upd  333  steps  684032  sps 1289  opp symm  loss -0.039  pg -0.0086  v 0.005  ev +0.91  adv_std 0.101  tR -0.33  ent[s/d/p/e] 1.66/2.27/1.34/0.56  emits 0.86  spf 41.2  z0 0.61  garr 61.0  tG 511  e2 0.20  nF 9.7  pS 0.37  ptS 0.36  fLog 0.56  pdΔ -0.1328  pkR 9.40  clip 0.12  kl +0.004
upd  334  steps  686080  sps 1292  opp symm  loss -0.030  pg -0.0003  v 0.007  ev +0.89  adv_std 0.121  tR +0.50  ent[s/d/p/e] 1.68/2.34/1.39/0.57  emits 0.73  spf 48.3  z0 0.64  garr 66.8  tG 537  e2 0.16  nF 8.4  pS 0.37  ptS 0.36  fLog 0.59  pdΔ -0.1277  pkR 8.97  clip 0.04  kl -0.000
upd  335  steps  688128  sps 1294  opp symm  loss -0.026  pg +0.0039  v 0.007  ev +0.91  adv_std 0.119  tR +1.00  ent[s/d/p/e] 1.79/2.40/1.37/0.55  emits 0.78  spf 48.1  z0 0.64  garr 72.2  tG 589  e2 0.17  nF 8.6  pS 0.40  ptS 0.39  fLog 0.58  pdΔ -0.1004  pkR 6.25  clip 0.05  kl +0.000
upd  336  steps  690176  sps 1296  opp symm  loss -0.054  pg -0.0253  v 0.008  ev +0.90  adv_std 0.123  tR -0.14  ent[s/d/p/e] 1.76/2.36/1.40/0.54  emits 0.74  spf 49.8  z0 0.65  garr 75.5  tG 611  e2 0.16  nF 8.2  pS 0.39  ptS 0.38  fLog 0.59  pdΔ -0.1101  pkR 6.35  clip 0.06  kl +0.001
upd  337  steps  692224  sps 1298  opp symm  loss -0.067  pg -0.0373  v 0.007  ev +0.90  adv_std 0.115  tR +0.60  ent[s/d/p/e] 1.73/2.40/1.41/0.52  emits 0.66  spf 52.4  z0 0.69  garr 80.9  tG 651  e2 0.14  nF 6.8  pS 0.37  ptS 0.36  fLog 0.60  pdΔ -0.1343  pkR 5.13  clip 0.09  kl +0.002
upd  338  steps  694272  sps 1301  opp symm  loss -0.082  pg -0.0544  v 0.007  ev +0.90  adv_std 0.119  tR +0.33  ent[s/d/p/e] 1.59/2.29/1.38/0.50  emits 0.55  spf 52.8  z0 0.71  garr 85.1  tG 701  e2 0.11  nF 5.6  pS 0.35  ptS 0.34  fLog 0.60  pdΔ -0.1544  pkR 5.89  clip 0.06  kl +0.001
upd  339  steps  696320  sps 1303  opp symm  loss -0.064  pg -0.0352  v 0.004  ev +0.94  adv_std 0.089  tR +1.00  ent[s/d/p/e] 1.45/2.16/1.41/0.51  emits 0.46  spf 53.3  z0 0.74  garr 93.5  tG 699  e2 0.09  nF 4.7  pS 0.30  ptS 0.30  fLog 0.59  pdΔ -0.1987  pkR 6.37  clip 0.06  kl +0.003
upd  340  steps  698368  sps 1305  opp symm  loss -0.009  pg +0.0167  v 0.009  ev +0.90  adv_std 0.129  tR -0.43  ent[s/d/p/e] 1.34/2.11/1.42/0.48  emits 0.42  spf 44.6  z0 0.75  garr 96.8  tG 712  e2 0.09  nF 4.9  pS 0.29  ptS 0.29  fLog 0.57  pdΔ -0.2070  pkR 6.91  clip 0.09  kl +0.000
upd  341  steps  700416  sps 1307  opp symm  loss -0.012  pg +0.0168  v 0.003  ev +0.96  adv_std 0.074  tR +0.33  ent[s/d/p/e] 1.32/2.15/1.44/0.48  emits 0.40  spf 46.1  z0 0.76  garr 98.2  tG 718  e2 0.09  nF 4.4  pS 0.27  ptS 0.27  fLog 0.57  pdΔ -0.2252  pkR 7.69  clip 0.06  kl -0.000
upd  342  steps  702464  sps 1310  opp symm  loss -0.056  pg -0.0269  v 0.004  ev +0.96  adv_std 0.085  tR -1.00  ent[s/d/p/e] 1.56/2.34/1.48/0.47  emits 0.45  spf 48.3  z0 0.76  garr 120.5  tG 887  e2 0.09  nF 5.0  pS 0.30  ptS 0.30  fLog 0.58  pdΔ -0.1954  pkR 7.38  clip 0.04  kl +0.000
upd  343  steps  704512  sps 1312  opp symm  loss -0.032  pg -0.0035  v 0.007  ev +0.93  adv_std 0.124  tR +0.00  ent[s/d/p/e] 1.65/2.39/1.47/0.49  emits 0.54  spf 50.3  z0 0.73  garr 127.0  tG 941  e2 0.10  nF 6.2  pS 0.33  ptS 0.32  fLog 0.59  pdΔ -0.1661  pkR 7.51  clip 0.07  kl +0.002
upd  344  steps  706560  sps 1314  opp symm  loss -0.059  pg -0.0296  v 0.005  ev +0.95  adv_std 0.103  tR +0.11  ent[s/d/p/e] 1.52/2.34/1.42/0.53  emits 0.58  spf 49.1  z0 0.71  garr 113.8  tG 800  e2 0.12  nF 5.8  pS 0.32  ptS 0.31  fLog 0.59  pdΔ -0.1765  pkR 8.71  clip 0.07  kl +0.001
upd  345  steps  708608  sps 1316  opp symm  loss +0.006  pg +0.0353  v 0.006  ev +0.92  adv_std 0.110  tR +0.00  ent[s/d/p/e] 1.32/2.25/1.45/0.56  emits 0.59  spf 45.5  z0 0.68  garr 104.6  tG 685  e2 0.13  nF 6.3  pS 0.30  ptS 0.29  fLog 0.57  pdΔ -0.1981  pkR 8.49  clip 0.05  kl +0.001
upd  346  steps  710656  sps 1319  opp symm  loss -0.038  pg -0.0078  v 0.004  ev +0.96  adv_std 0.091  tR -0.20  ent[s/d/p/e] 1.37/2.23/1.46/0.56  emits 0.65  spf 46.3  z0 0.66  garr 108.6  tG 741  e2 0.15  nF 6.9  pS 0.33  ptS 0.32  fLog 0.58  pdΔ -0.1747  pkR 9.22  clip 0.07  kl +0.003
upd  347  steps  712704  sps 1321  opp symm  loss -0.090  pg -0.0613  v 0.007  ev +0.93  adv_std 0.115  tR -0.25  ent[s/d/p/e] 1.49/2.29/1.48/0.54  emits 0.70  spf 43.2  z0 0.67  garr 93.0  tG 602  e2 0.16  nF 7.3  pS 0.31  ptS 0.31  fLog 0.57  pdΔ -0.1903  pkR 11.15  clip 0.06  kl +0.002
upd  348  steps  714752  sps 1323  opp symm  loss -0.052  pg -0.0215  v 0.004  ev +0.96  adv_std 0.087  tR -0.33  ent[s/d/p/e] 1.52/2.29/1.51/0.54  emits 0.64  spf 46.2  z0 0.68  garr 84.7  tG 526  e2 0.14  nF 6.7  pS 0.30  ptS 0.30  fLog 0.58  pdΔ -0.1955  pkR 13.37  clip 0.09  kl +0.003
upd  349  steps  716800  sps 1325  opp symm  loss -0.068  pg -0.0376  v 0.005  ev +0.94  adv_std 0.094  tR -0.20  ent[s/d/p/e] 1.58/2.34/1.52/0.54  emits 0.66  spf 43.6  z0 0.68  garr 67.7  tG 466  e2 0.15  nF 7.2  pS 0.33  ptS 0.33  fLog 0.58  pdΔ -0.1691  pkR 9.04  clip 0.12  kl +0.004
upd  350  steps  718848  sps 1327  opp symm  loss -0.008  pg +0.0238  v 0.004  ev +0.94  adv_std 0.089  tR +0.33  ent[s/d/p/e] 1.64/2.41/1.52/0.54  emits 0.65  spf 52.4  z0 0.69  garr 74.2  tG 529  e2 0.14  nF 6.5  pS 0.34  ptS 0.34  fLog 0.60  pdΔ -0.1583  pkR 9.53  clip 0.05  kl +0.001
upd  351  steps  720896  sps 1330  opp symm  loss -0.024  pg +0.0057  v 0.006  ev +0.91  adv_std 0.110  tR +0.00  ent[s/d/p/e] 1.56/2.40/1.51/0.53  emits 0.58  spf 53.0  z0 0.70  garr 84.3  tG 621  e2 0.13  nF 6.0  pS 0.35  ptS 0.34  fLog 0.60  pdΔ -0.1524  pkR 9.52  clip 0.06  kl +0.002
upd  352  steps  722944  sps 1332  opp symm  loss -0.078  pg -0.0473  v 0.005  ev +0.94  adv_std 0.095  tR +0.60  ent[s/d/p/e] 1.53/2.28/1.51/0.54  emits 0.59  spf 47.8  z0 0.68  garr 95.3  tG 709  e2 0.13  nF 5.9  pS 0.34  ptS 0.33  fLog 0.58  pdΔ -0.1577  pkR 9.80  clip 0.06  kl +0.001
upd  353  steps  724992  sps 1334  opp symm  loss -0.039  pg -0.0084  v 0.003  ev +0.95  adv_std 0.079  tR +0.20  ent[s/d/p/e] 1.44/2.22/1.51/0.54  emits 0.55  spf 50.5  z0 0.70  garr 102.9  tG 759  e2 0.12  nF 5.7  pS 0.34  ptS 0.33  fLog 0.59  pdΔ -0.1642  pkR 9.94  clip 0.07  kl +0.000
upd  354  steps  727040  sps 1336  opp symm  loss -0.001  pg +0.0273  v 0.007  ev +0.88  adv_std 0.120  tR +0.20  ent[s/d/p/e] 1.31/2.16/1.53/0.55  emits 0.65  spf 49.4  z0 0.67  garr 92.2  tG 677  e2 0.15  nF 6.3  pS 0.32  ptS 0.31  fLog 0.58  pdΔ -0.1820  pkR 10.96  clip 0.10  kl +0.003
upd  355  steps  729088  sps 1338  opp symm  loss +0.003  pg +0.0313  v 0.007  ev +0.90  adv_std 0.117  tR -0.20  ent[s/d/p/e] 1.37/2.19/1.50/0.53  emits 0.68  spf 44.5  z0 0.67  garr 79.6  tG 609  e2 0.16  nF 7.2  pS 0.32  ptS 0.31  fLog 0.57  pdΔ -0.1796  pkR 12.35  clip 0.11  kl +0.004
upd  356  steps  731136  sps 1340  opp symm  loss -0.132  pg -0.1034  v 0.006  ev +0.94  adv_std 0.102  tR -0.11  ent[s/d/p/e] 1.35/2.16/1.52/0.52  emits 0.58  spf 46.8  z0 0.70  garr 87.5  tG 665  e2 0.13  nF 6.3  pS 0.33  ptS 0.32  fLog 0.58  pdΔ -0.1729  pkR 11.05  clip 0.08  kl +0.003
upd  357  steps  733184  sps 1343  opp symm  loss -0.104  pg -0.0758  v 0.006  ev +0.93  adv_std 0.112  tR +0.11  ent[s/d/p/e] 1.37/2.22/1.52/0.51  emits 0.54  spf 49.3  z0 0.72  garr 100.0  tG 749  e2 0.12  nF 6.0  pS 0.33  ptS 0.32  fLog 0.58  pdΔ -0.1711  pkR 8.53  clip 0.07  kl +0.004
upd  358  steps  735232  sps 1345  opp symm  loss +0.006  pg +0.0341  v 0.006  ev +0.93  adv_std 0.108  tR -0.20  ent[s/d/p/e] 1.41/2.22/1.48/0.51  emits 0.52  spf 48.1  z0 0.73  garr 106.4  tG 717  e2 0.11  nF 5.0  pS 0.30  ptS 0.29  fLog 0.59  pdΔ -0.1961  pkR 9.62  clip 0.10  kl +0.004
upd  359  steps  737280  sps 1347  opp symm  loss -0.029  pg -0.0003  v 0.004  ev +0.93  adv_std 0.094  tR +0.00  ent[s/d/p/e] 1.36/2.16/1.51/0.51  emits 0.64  spf 45.5  z0 0.67  garr 95.6  tG 623  e2 0.14  nF 5.9  pS 0.30  ptS 0.29  fLog 0.57  pdΔ -0.2037  pkR 11.10  clip 0.11  kl +0.004
upd  360  steps  739328  sps 1349  opp symm  loss +0.071  pg +0.1000  v 0.004  ev +0.93  adv_std 0.094  tR -1.00  ent[s/d/p/e] 1.48/2.21/1.50/0.51  emits 0.69  spf 47.4  z0 0.69  garr 95.3  tG 637  e2 0.15  nF 6.8  pS 0.31  ptS 0.30  fLog 0.57  pdΔ -0.1921  pkR 7.61  clip 0.08  kl +0.001
upd  361  steps  741376  sps 1351  opp symm  loss +0.025  pg +0.0537  v 0.005  ev +0.93  adv_std 0.099  tR -1.00  ent[s/d/p/e] 1.49/2.21/1.50/0.51  emits 0.70  spf 46.9  z0 0.67  garr 106.6  tG 738  e2 0.15  nF 7.6  pS 0.34  ptS 0.33  fLog 0.57  pdΔ -0.1635  pkR 7.87  clip 0.07  kl +0.003
upd  362  steps  743424  sps 1353  opp symm  loss -0.088  pg -0.0602  v 0.007  ev +0.94  adv_std 0.112  tR +0.00  ent[s/d/p/e] 1.53/2.28/1.48/0.49  emits 0.66  spf 50.5  z0 0.70  garr 115.3  tG 832  e2 0.13  nF 7.0  pS 0.33  ptS 0.32  fLog 0.58  pdΔ -0.1661  pkR 7.91  clip 0.11  kl +0.006
upd  363  steps  745472  sps 1356  opp symm  loss +0.015  pg +0.0434  v 0.005  ev +0.93  adv_std 0.103  tR -0.14  ent[s/d/p/e] 1.46/2.20/1.48/0.49  emits 0.50  spf 52.1  z0 0.75  garr 114.1  tG 785  e2 0.10  nF 5.4  pS 0.31  ptS 0.30  fLog 0.59  pdΔ -0.1909  pkR 9.75  clip 0.04  kl +0.002
upd  364  steps  747520  sps 1358  opp symm  loss -0.010  pg +0.0181  v 0.006  ev +0.92  adv_std 0.107  tR +0.00  ent[s/d/p/e] 1.34/2.18/1.53/0.48  emits 0.53  spf 52.3  z0 0.72  garr 107.6  tG 706  e2 0.11  nF 5.0  pS 0.31  ptS 0.30  fLog 0.60  pdΔ -0.1896  pkR 10.05  clip 0.08  kl +0.002
upd  365  steps  749568  sps 1360  opp symm  loss -0.085  pg -0.0565  v 0.004  ev +0.94  adv_std 0.088  tR +0.50  ent[s/d/p/e] 1.27/2.16/1.52/0.48  emits 0.43  spf 49.3  z0 0.76  garr 110.2  tG 707  e2 0.09  nF 4.7  pS 0.31  ptS 0.30  fLog 0.59  pdΔ -0.1869  pkR 6.07  clip 0.05  kl +0.002
upd  366  steps  751616  sps 1362  opp symm  loss -0.129  pg -0.1017  v 0.006  ev +0.93  adv_std 0.107  tR +0.00  ent[s/d/p/e] 1.30/2.15/1.48/0.47  emits 0.45  spf 51.4  z0 0.76  garr 126.0  tG 808  e2 0.10  nF 4.7  pS 0.31  ptS 0.30  fLog 0.59  pdΔ -0.1913  pkR 6.86  clip 0.07  kl -0.001
upd  367  steps  753664  sps 1364  opp symm  loss -0.075  pg -0.0493  v 0.008  ev +0.91  adv_std 0.123  tR +1.00  ent[s/d/p/e] 1.36/2.14/1.48/0.44  emits 0.44  spf 50.7  z0 0.76  garr 137.4  tG 890  e2 0.09  nF 4.8  pS 0.31  ptS 0.30  fLog 0.59  pdΔ -0.1856  pkR 7.42  clip 0.08  kl +0.003
upd  368  steps  755712  sps 1366  opp symm  loss -0.054  pg -0.0273  v 0.002  ev +0.98  adv_std 0.064  tR +0.00  ent[s/d/p/e] 1.28/1.99/1.44/0.43  emits 0.50  spf 43.0  z0 0.76  garr 148.6  tG 939  e2 0.10  nF 5.3  pS 0.30  ptS 0.29  fLog 0.56  pdΔ -0.2011  pkR 6.69  clip 0.04  kl +0.000
upd  369  steps  757760  sps 1368  opp symm  loss -0.003  pg +0.0211  v 0.009  ev +0.92  adv_std 0.137  tR +0.33  ent[s/d/p/e] 1.31/2.07/1.46/0.43  emits 0.53  spf 40.0  z0 0.75  garr 151.7  tG 960  e2 0.11  nF 6.3  pS 0.29  ptS 0.28  fLog 0.55  pdΔ -0.2061  pkR 6.26  clip 0.06  kl +0.003
upd  370  steps  759808  sps 1370  opp symm  loss -0.020  pg +0.0058  v 0.007  ev +0.94  adv_std 0.119  tR +0.00  ent[s/d/p/e] 1.41/2.11/1.43/0.44  emits 0.54  spf 37.7  z0 0.75  garr 156.8  tG 1074  e2 0.11  nF 6.4  pS 0.31  ptS 0.30  fLog 0.54  pdΔ -0.1871  pkR 5.77  clip 0.15  kl +0.011
upd  371  steps  761856  sps 1372  opp symm  loss -0.092  pg -0.0649  v 0.003  ev +0.97  adv_std 0.080  tR +0.20  ent[s/d/p/e] 1.34/2.12/1.46/0.42  emits 0.42  spf 45.6  z0 0.79  garr 171.4  tG 1172  e2 0.09  nF 5.1  pS 0.31  ptS 0.29  fLog 0.57  pdΔ -0.1948  pkR 6.20  clip 0.10  kl +0.002
upd  372  steps  763904  sps 1374  opp symm  loss -0.012  pg +0.0137  v 0.008  ev +0.92  adv_std 0.124  tR -0.14  ent[s/d/p/e] 1.36/2.12/1.46/0.44  emits 0.47  spf 41.1  z0 0.77  garr 189.9  tG 1229  e2 0.10  nF 5.1  pS 0.30  ptS 0.29  fLog 0.56  pdΔ -0.2044  pkR 6.73  clip 0.03  kl +0.002
upd  373  steps  765952  sps 1377  opp symm  loss -0.039  pg -0.0151  v 0.009  ev +0.91  adv_std 0.130  tR -0.20  ent[s/d/p/e] 1.25/1.98/1.38/0.47  emits 0.60  spf 39.2  z0 0.73  garr 175.6  tG 1118  e2 0.13  nF 6.5  pS 0.29  ptS 0.28  fLog 0.54  pdΔ -0.2114  pkR 8.12  clip 0.06  kl +0.002
upd  374  steps  768000  sps 1379  opp symm  loss -0.040  pg -0.0168  v 0.010  ev +0.91  adv_std 0.139  tR +0.25  ent[s/d/p/e] 1.14/1.90/1.45/0.48  emits 0.56  spf 32.7  z0 0.71  garr 142.7  tG 902  e2 0.12  nF 7.1  pS 0.28  ptS 0.28  fLog 0.52  pdΔ -0.2210  pkR 9.04  clip 0.11  kl +0.003
upd  375  steps  770048  sps 1381  opp symm  loss +0.029  pg +0.0543  v 0.007  ev +0.94  adv_std 0.115  tR +0.00  ent[s/d/p/e] 1.10/1.88/1.51/0.48  emits 0.52  spf 34.3  z0 0.72  garr 121.0  tG 747  e2 0.12  nF 6.2  pS 0.25  ptS 0.25  fLog 0.52  pdΔ -0.2548  pkR 9.15  clip 0.02  kl +0.001
upd  376  steps  772096  sps 1383  opp symm  loss -0.078  pg -0.0513  v 0.005  ev +0.96  adv_std 0.105  tR +0.00  ent[s/d/p/e] 1.04/1.85/1.57/0.50  emits 0.52  spf 32.9  z0 0.70  garr 127.5  tG 787  e2 0.12  nF 6.0  pS 0.26  ptS 0.26  fLog 0.53  pdΔ -0.2421  pkR 9.64  clip 0.05  kl +0.001
upd  377  steps  774144  sps 1385  opp symm  loss -0.022  pg +0.0047  v 0.006  ev +0.95  adv_std 0.099  tR +0.60  ent[s/d/p/e] 1.16/1.86/1.57/0.51  emits 0.54  spf 39.3  z0 0.71  garr 139.6  tG 855  e2 0.12  nF 6.1  pS 0.27  ptS 0.26  fLog 0.55  pdΔ -0.2345  pkR 10.11  clip 0.07  kl +0.002
upd  378  steps  776192  sps 1387  opp symm  loss -0.054  pg -0.0263  v 0.005  ev +0.96  adv_std 0.095  tR +0.14  ent[s/d/p/e] 1.11/1.92/1.55/0.52  emits 0.55  spf 46.7  z0 0.68  garr 134.7  tG 783  e2 0.11  nF 6.0  pS 0.26  ptS 0.26  fLog 0.56  pdΔ -0.2387  pkR 12.39  clip 0.12  kl +0.002
upd  379  steps  778240  sps 1389  opp symm  loss -0.001  pg +0.0250  v 0.007  ev +0.94  adv_std 0.115  tR +0.43  ent[s/d/p/e] 1.06/1.84/1.57/0.50  emits 0.51  spf 43.2  z0 0.71  garr 126.6  tG 736  e2 0.10  nF 6.0  pS 0.25  ptS 0.25  fLog 0.55  pdΔ -0.2456  pkR 14.64  clip 0.07  kl +0.003
upd  380  steps  780288  sps 1391  opp symm  loss -0.006  pg +0.0202  v 0.007  ev +0.94  adv_std 0.123  tR -0.14  ent[s/d/p/e] 1.12/1.86/1.56/0.51  emits 0.59  spf 44.9  z0 0.69  garr 90.5  tG 572  e2 0.13  nF 6.4  pS 0.26  ptS 0.25  fLog 0.56  pdΔ -0.2391  pkR 20.12  clip 0.05  kl +0.000
upd  381  steps  782336  sps 1393  opp symm  loss -0.046  pg -0.0202  v 0.008  ev +0.94  adv_std 0.128  tR -0.25  ent[s/d/p/e] 1.19/1.93/1.54/0.49  emits 0.56  spf 41.8  z0 0.71  garr 74.1  tG 451  e2 0.12  nF 6.6  pS 0.26  ptS 0.25  fLog 0.55  pdΔ -0.2377  pkR 10.56  clip 0.09  kl +0.002
upd  382  steps  784384  sps 1395  opp symm  loss +0.023  pg +0.0518  v 0.003  ev +0.98  adv_std 0.083  tR -0.50  ent[s/d/p/e] 1.27/2.01/1.53/0.50  emits 0.61  spf 49.3  z0 0.71  garr 82.7  tG 533  e2 0.14  nF 6.9  pS 0.29  ptS 0.28  fLog 0.57  pdΔ -0.2115  pkR 9.51  clip 0.09  kl +0.002
upd  383  steps  786432  sps 1397  opp symm  loss -0.068  pg -0.0429  v 0.009  ev +0.94  adv_std 0.130  tR -0.14  ent[s/d/p/e] 1.26/2.03/1.51/0.47  emits 0.60  spf 48.2  z0 0.71  garr 94.0  tG 630  e2 0.13  nF 6.7  pS 0.30  ptS 0.29  fLog 0.57  pdΔ -0.2003  pkR 6.90  clip 0.11  kl +0.005
upd  384  steps  788480  sps 1399  opp symm  loss -0.016  pg +0.0093  v 0.008  ev +0.94  adv_std 0.129  tR +1.00  ent[s/d/p/e] 1.18/2.10/1.45/0.47  emits 0.54  spf 45.4  z0 0.73  garr 105.4  tG 681  e2 0.11  nF 6.2  pS 0.29  ptS 0.28  fLog 0.57  pdΔ -0.2095  pkR 7.68  clip 0.08  kl +0.001
upd  385  steps  790528  sps 1401  opp symm  loss -0.030  pg -0.0027  v 0.006  ev +0.96  adv_std 0.107  tR +1.00  ent[s/d/p/e] 1.19/2.13/1.50/0.48  emits 0.56  spf 47.6  z0 0.71  garr 122.1  tG 783  e2 0.12  nF 6.2  pS 0.30  ptS 0.29  fLog 0.58  pdΔ -0.1969  pkR 7.94  clip 0.06  kl +0.001
upd  386  steps  792576  sps 1403  opp symm  loss -0.031  pg -0.0056  v 0.007  ev +0.95  adv_std 0.121  tR -0.67  ent[s/d/p/e] 1.12/2.06/1.52/0.46  emits 0.53  spf 46.5  z0 0.73  garr 139.7  tG 930  e2 0.11  nF 5.8  pS 0.32  ptS 0.30  fLog 0.58  pdΔ -0.1796  pkR 8.07  clip 0.08  kl -0.001
upd  387  steps  794624  sps 1405  opp symm  loss -0.010  pg +0.0166  v 0.005  ev +0.96  adv_std 0.103  tR +0.67  ent[s/d/p/e] 1.21/2.14/1.47/0.45  emits 0.53  spf 46.8  z0 0.75  garr 157.3  tG 1028  e2 0.11  nF 5.8  pS 0.32  ptS 0.31  fLog 0.58  pdΔ -0.1789  pkR 7.26  clip 0.07  kl +0.001
upd  388  steps  796672  sps 1407  opp symm  loss +0.007  pg +0.0320  v 0.005  ev +0.96  adv_std 0.104  tR +0.00  ent[s/d/p/e] 1.06/1.93/1.53/0.43  emits 0.39  spf 45.6  z0 0.80  garr 187.9  tG 1190  e2 0.09  nF 4.6  pS 0.29  ptS 0.29  fLog 0.57  pdΔ -0.2052  pkR 6.74  clip 0.04  kl -0.001
upd  389  steps  798720  sps 1409  opp symm  loss -0.009  pg +0.0158  v 0.008  ev +0.95  adv_std 0.126  tR +0.00  ent[s/d/p/e] 1.18/2.07/1.51/0.42  emits 0.47  spf 51.3  z0 0.77  garr 202.7  tG 1322  e2 0.10  nF 4.5  pS 0.32  ptS 0.31  fLog 0.58  pdΔ -0.1849  pkR 6.59  clip 0.04  kl +0.002
upd  390  steps  800768  sps 1411  opp symm  loss +0.023  pg +0.0494  v 0.005  ev +0.96  adv_std 0.103  tR +0.11  ent[s/d/p/e] 1.16/1.98/1.50/0.45  emits 0.52  spf 52.0  z0 0.75  garr 183.2  tG 1156  e2 0.12  nF 5.0  pS 0.31  ptS 0.30  fLog 0.59  pdΔ -0.1870  pkR 7.34  clip 0.07  kl +0.004
upd  391  steps  802816  sps 1413  opp symm  loss -0.027  pg -0.0016  v 0.006  ev +0.95  adv_std 0.113  tR -0.50  ent[s/d/p/e] 1.22/2.05/1.40/0.46  emits 0.61  spf 50.0  z0 0.73  garr 172.6  tG 1109  e2 0.13  nF 6.1  pS 0.31  ptS 0.30  fLog 0.58  pdΔ -0.1915  pkR 8.22  clip 0.08  kl +0.001
upd  392  steps  804864  sps 1415  opp symm  loss -0.013  pg +0.0136  v 0.006  ev +0.96  adv_std 0.107  tR -0.33  ent[s/d/p/e] 1.30/2.10/1.42/0.48  emits 0.62  spf 49.8  z0 0.73  garr 166.4  tG 1057  e2 0.13  nF 6.6  pS 0.31  ptS 0.31  fLog 0.59  pdΔ -0.1856  pkR 8.35  clip 0.07  kl +0.003
upd  393  steps  806912  sps 1417  opp symm  loss -0.048  pg -0.0201  v 0.004  ev +0.97  adv_std 0.090  tR -1.00  ent[s/d/p/e] 1.36/2.13/1.44/0.46  emits 0.79  spf 49.3  z0 0.69  garr 169.8  tG 1103  e2 0.17  nF 7.6  pS 0.32  ptS 0.32  fLog 0.59  pdΔ -0.1769  pkR 9.08  clip 0.07  kl +0.002
upd  394  steps  808960  sps 1419  opp symm  loss -0.038  pg -0.0140  v 0.011  ev +0.91  adv_std 0.148  tR +0.00  ent[s/d/p/e] 1.46/2.21/1.39/0.47  emits 0.96  spf 49.4  z0 0.66  garr 144.5  tG 1003  e2 0.19  nF 9.1  pS 0.35  ptS 0.34  fLog 0.58  pdΔ -0.1543  pkR 11.01  clip 0.10  kl +0.003
upd  395  steps  811008  sps 1421  opp symm  loss -0.033  pg -0.0088  v 0.010  ev +0.91  adv_std 0.144  tR +0.00  ent[s/d/p/e] 1.36/2.16/1.40/0.46  emits 0.79  spf 50.3  z0 0.68  garr 113.6  tG 875  e2 0.16  nF 7.9  pS 0.36  ptS 0.35  fLog 0.59  pdΔ -0.1447  pkR 11.91  clip 0.09  kl +0.007
upd  396  steps  813056  sps 1423  opp symm  loss -0.091  pg -0.0661  v 0.010  ev +0.92  adv_std 0.132  tR +0.33  ent[s/d/p/e] 1.27/2.00/1.44/0.49  emits 0.77  spf 44.9  z0 0.67  garr 87.9  tG 689  e2 0.16  nF 7.5  pS 0.32  ptS 0.31  fLog 0.58  pdΔ -0.1847  pkR 15.62  clip 0.08  kl +0.000
upd  397  steps  815104  sps 1425  opp symm  loss -0.047  pg -0.0213  v 0.009  ev +0.93  adv_std 0.136  tR +0.00  ent[s/d/p/e] 1.15/1.95/1.48/0.51  emits 0.69  spf 43.0  z0 0.69  garr 66.1  tG 435  e2 0.15  nF 6.6  pS 0.26  ptS 0.26  fLog 0.58  pdΔ -0.2367  pkR 14.58  clip 0.07  kl +0.003
upd  398  steps  817152  sps 1427  opp symm  loss -0.026  pg -0.0036  v 0.014  ev +0.89  adv_std 0.167  tR -0.60  ent[s/d/p/e] 1.06/1.86/1.45/0.52  emits 0.62  spf 38.3  z0 0.69  garr 51.4  tG 284  e2 0.14  nF 5.8  pS 0.25  ptS 0.24  fLog 0.56  pdΔ -0.2528  pkR 18.04  clip 0.08  kl +0.004
[eval_vs_v20] u399 tag=train_u399  bin0=0.0%  spf=45.38  garr=87.27  flip=12.50%  z0=76.9%  e8=0.0%  e2+=0.8%  WLD=0/3/0
upd  399  steps  819200  sps 1429  opp symm  loss -0.024  pg +0.0039  v 0.004  ev +0.97  adv_std 0.086  tR -0.50  ent[s/d/p/e] 1.21/1.98/1.44/0.54  emits 0.71  spf 39.3  z0 0.67  garr 51.5  tG 307  e2 0.15  nF 6.5  pS 0.27  ptS 0.27  fLog 0.56  pdΔ -0.2283  pkR 7.05  clip 0.07  kl +0.003 WRr 0.16 v20[spf 45.4 flip 12.5% e2+ 0.8%]
[ckpt] saved /home/charlie/project/OrbitWarRL/ckpt_search/v14f_binary_v1_a_p0i0_ORBITWARS_SHAPING_ANTI_HOARD_0.05_516860bc66/ckpt_000399.pkl opp=symm
upd  400  steps  821248  sps 1252  opp symm  loss -0.032  pg -0.0038  v 0.006  ev +0.96  adv_std 0.112  tR -0.60  ent[s/d/p/e] 1.31/2.10/1.46/0.54  emits 0.86  spf 41.0  z0 0.63  garr 56.0  tG 348  e2 0.18  nF 7.8  pS 0.30  ptS 0.30  fLog 0.57  pdΔ -0.1959  pkR 8.10  clip 0.09  kl +0.004
upd  401  steps  823296  sps 1254  opp symm  loss +0.009  pg +0.0374  v 0.004  ev +0.97  adv_std 0.092  tR +0.14  ent[s/d/p/e] 1.35/2.02/1.47/0.51  emits 0.79  spf 41.1  z0 0.65  garr 59.9  tG 362  e2 0.17  nF 7.3  pS 0.30  ptS 0.30  fLog 0.57  pdΔ -0.2038  pkR 8.47  clip 0.12  kl +0.003
upd  402  steps  825344  sps 1256  opp symm  loss +0.023  pg +0.0512  v 0.005  ev +0.97  adv_std 0.094  tR -0.33  ent[s/d/p/e] 1.39/2.17/1.42/0.50  emits 0.83  spf 44.7  z0 0.67  garr 69.7  tG 405  e2 0.19  nF 7.6  pS 0.29  ptS 0.29  fLog 0.58  pdΔ -0.2081  pkR 9.00  clip 0.15  kl +0.007
upd  403  steps  827392  sps 1257  opp symm  loss -0.043  pg -0.0183  v 0.011  ev +0.95  adv_std 0.144  tR -0.50  ent[s/d/p/e] 1.29/1.99/1.45/0.49  emits 0.77  spf 43.8  z0 0.66  garr 76.2  tG 444  e2 0.17  nF 7.9  pS 0.30  ptS 0.30  fLog 0.57  pdΔ -0.2047  pkR 9.24  clip 0.09  kl +0.001
upd  404  steps  829440  sps 1259  opp symm  loss -0.009  pg +0.0167  v 0.008  ev +0.96  adv_std 0.127  tR +0.20  ent[s/d/p/e] 1.25/1.93/1.46/0.50  emits 0.71  spf 41.7  z0 0.67  garr 82.4  tG 480  e2 0.15  nF 7.1  pS 0.28  ptS 0.28  fLog 0.56  pdΔ -0.2194  pkR 9.92  clip 0.07  kl -0.000
upd  405  steps  831488  sps 1261  opp symm  loss -0.007  pg +0.0192  v 0.008  ev +0.96  adv_std 0.123  tR +0.20  ent[s/d/p/e] 1.21/1.91/1.44/0.51  emits 0.72  spf 44.3  z0 0.67  garr 83.1  tG 486  e2 0.16  nF 7.1  pS 0.27  ptS 0.27  fLog 0.56  pdΔ -0.2321  pkR 12.07  clip 0.07  kl +0.000
upd  406  steps  833536  sps 1263  opp symm  loss -0.053  pg -0.0265  v 0.007  ev +0.97  adv_std 0.120  tR -0.75  ent[s/d/p/e] 1.27/2.01/1.50/0.51  emits 0.75  spf 44.7  z0 0.68  garr 65.7  tG 379  e2 0.16  nF 7.1  pS 0.26  ptS 0.25  fLog 0.58  pdΔ -0.2422  pkR 14.00  clip 0.07  kl +0.003
upd  407  steps  835584  sps 1265  opp symm  loss -0.065  pg -0.0389  v 0.009  ev +0.96  adv_std 0.136  tR -0.67  ent[s/d/p/e] 1.44/2.20/1.46/0.50  emits 0.88  spf 48.6  z0 0.65  garr 53.4  tG 337  e2 0.18  nF 7.7  pS 0.29  ptS 0.28  fLog 0.59  pdΔ -0.2119  pkR 6.95  clip 0.09  kl -0.000
upd  408  steps  837632  sps 1267  opp symm  loss -0.011  pg +0.0143  v 0.011  ev +0.94  adv_std 0.151  tR +0.20  ent[s/d/p/e] 1.41/2.19/1.46/0.52  emits 0.91  spf 45.4  z0 0.64  garr 46.8  tG 325  e2 0.18  nF 8.2  pS 0.31  ptS 0.31  fLog 0.58  pdΔ -0.1869  pkR 7.61  clip 0.15  kl +0.006
upd  409  steps  839680  sps 1269  opp symm  loss -0.045  pg -0.0192  v 0.010  ev +0.94  adv_std 0.143  tR -0.50  ent[s/d/p/e] 1.46/2.20/1.45/0.51  emits 0.88  spf 47.6  z0 0.64  garr 47.9  tG 385  e2 0.18  nF 7.9  pS 0.33  ptS 0.33  fLog 0.59  pdΔ -0.1683  pkR 10.46  clip 0.11  kl +0.006
upd  410  steps  841728  sps 1271  opp symm  loss +0.019  pg +0.0474  v 0.006  ev +0.96  adv_std 0.113  tR +1.00  ent[s/d/p/e] 1.56/2.30/1.38/0.51  emits 0.87  spf 47.8  z0 0.64  garr 51.5  tG 380  e2 0.18  nF 8.3  pS 0.34  ptS 0.33  fLog 0.59  pdΔ -0.1590  pkR 10.29  clip 0.10  kl +0.002
upd  411  steps  843776  sps 1272  opp symm  loss -0.014  pg +0.0112  v 0.011  ev +0.92  adv_std 0.153  tR +0.00  ent[s/d/p/e] 1.53/2.20/1.41/0.52  emits 0.77  spf 46.2  z0 0.67  garr 59.2  tG 426  e2 0.16  nF 8.0  pS 0.35  ptS 0.33  fLog 0.58  pdΔ -0.1534  pkR 8.75  clip 0.08  kl +0.003
upd  412  steps  845824  sps 1274  opp symm  loss -0.029  pg -0.0008  v 0.007  ev +0.94  adv_std 0.119  tR +0.33  ent[s/d/p/e] 1.52/2.19/1.44/0.52  emits 0.74  spf 46.7  z0 0.66  garr 64.0  tG 453  e2 0.16  nF 7.3  pS 0.35  ptS 0.33  fLog 0.58  pdΔ -0.1544  pkR 7.60  clip 0.06  kl +0.002
upd  413  steps  847872  sps 1276  opp symm  loss -0.039  pg -0.0111  v 0.007  ev +0.94  adv_std 0.119  tR +0.33  ent[s/d/p/e] 1.46/2.16/1.42/0.53  emits 0.75  spf 50.6  z0 0.65  garr 62.2  tG 460  e2 0.17  nF 7.4  pS 0.34  ptS 0.33  fLog 0.60  pdΔ -0.1576  pkR 8.43  clip 0.08  kl +0.002
upd  414  steps  849920  sps 1278  opp symm  loss -0.095  pg -0.0681  v 0.009  ev +0.92  adv_std 0.136  tR +0.25  ent[s/d/p/e] 1.38/2.06/1.46/0.53  emits 0.60  spf 48.7  z0 0.69  garr 63.3  tG 429  e2 0.13  nF 6.3  pS 0.30  ptS 0.29  fLog 0.59  pdΔ -0.1980  pkR 9.05  clip 0.05  kl +0.003
upd  415  steps  851968  sps 1280  opp symm  loss -0.019  pg +0.0077  v 0.006  ev +0.94  adv_std 0.112  tR +1.00  ent[s/d/p/e] 1.19/1.89/1.49/0.54  emits 0.57  spf 46.8  z0 0.68  garr 69.2  tG 420  e2 0.13  nF 5.7  pS 0.28  ptS 0.27  fLog 0.58  pdΔ -0.2173  pkR 10.53  clip 0.07  kl +0.003
upd  416  steps  854016  sps 1282  opp symm  loss -0.061  pg -0.0360  v 0.010  ev +0.91  adv_std 0.143  tR +0.14  ent[s/d/p/e] 1.37/1.98/1.47/0.51  emits 0.60  spf 52.3  z0 0.71  garr 74.1  tG 483  e2 0.12  nF 6.2  pS 0.29  ptS 0.28  fLog 0.59  pdΔ -0.2071  pkR 10.28  clip 0.07  kl +0.001
upd  417  steps  856064  sps 1283  opp symm  loss -0.085  pg -0.0576  v 0.007  ev +0.94  adv_std 0.113  tR -0.33  ent[s/d/p/e] 1.45/2.10/1.41/0.51  emits 0.64  spf 48.6  z0 0.70  garr 78.1  tG 517  e2 0.14  nF 6.8  pS 0.30  ptS 0.29  fLog 0.59  pdΔ -0.2016  pkR 12.18  clip 0.06  kl +0.001
upd  418  steps  858112  sps 1285  opp symm  loss -0.028  pg -0.0012  v 0.006  ev +0.94  adv_std 0.112  tR +1.00  ent[s/d/p/e] 1.38/2.00/1.42/0.50  emits 0.63  spf 47.4  z0 0.69  garr 84.0  tG 518  e2 0.13  nF 6.6  pS 0.29  ptS 0.28  fLog 0.58  pdΔ -0.2098  pkR 13.91  clip 0.06  kl +0.002
upd  419  steps  860160  sps 1287  opp symm  loss -0.067  pg -0.0402  v 0.006  ev +0.95  adv_std 0.113  tR +0.00  ent[s/d/p/e] 1.33/2.04/1.41/0.50  emits 0.68  spf 43.9  z0 0.69  garr 78.5  tG 483  e2 0.14  nF 6.5  pS 0.29  ptS 0.28  fLog 0.57  pdΔ -0.2140  pkR 11.74  clip 0.06  kl +0.001
upd  420  steps  862208  sps 1289  opp symm  loss -0.054  pg -0.0266  v 0.004  ev +0.97  adv_std 0.093  tR -1.00  ent[s/d/p/e] 1.37/2.06/1.40/0.49  emits 0.67  spf 45.5  z0 0.70  garr 84.5  tG 477  e2 0.14  nF 6.8  pS 0.28  ptS 0.27  fLog 0.57  pdΔ -0.2201  pkR 8.86  clip 0.05  kl +0.002
upd  421  steps  864256  sps 1291  opp symm  loss -0.055  pg -0.0296  v 0.008  ev +0.94  adv_std 0.131  tR -0.20  ent[s/d/p/e] 1.32/2.08/1.43/0.48  emits 0.55  spf 45.6  z0 0.73  garr 96.1  tG 535  e2 0.11  nF 6.1  pS 0.29  ptS 0.27  fLog 0.57  pdΔ -0.2141  pkR 8.73  clip 0.04  kl +0.002
upd  422  steps  866304  sps 1292  opp symm  loss -0.039  pg -0.0131  v 0.006  ev +0.96  adv_std 0.113  tR -0.20  ent[s/d/p/e] 1.28/2.06/1.45/0.48  emits 0.54  spf 46.5  z0 0.73  garr 104.1  tG 607  e2 0.11  nF 5.6  pS 0.27  ptS 0.26  fLog 0.58  pdΔ -0.2265  pkR 9.64  clip 0.07  kl +0.003
upd  423  steps  868352  sps 1294  opp symm  loss -0.012  pg +0.0160  v 0.004  ev +0.97  adv_std 0.092  tR -0.14  ent[s/d/p/e] 1.30/2.01/1.48/0.49  emits 0.59  spf 44.8  z0 0.71  garr 96.4  tG 533  e2 0.13  nF 6.4  pS 0.28  ptS 0.27  fLog 0.57  pdΔ -0.2161  pkR 11.75  clip 0.11  kl +0.000
upd  424  steps  870400  sps 1296  opp symm  loss -0.085  pg -0.0567  v 0.005  ev +0.97  adv_std 0.096  tR +0.33  ent[s/d/p/e] 1.29/2.00/1.54/0.51  emits 0.52  spf 47.0  z0 0.74  garr 101.2  tG 512  e2 0.11  nF 6.1  pS 0.28  ptS 0.27  fLog 0.57  pdΔ -0.2171  pkR 6.89  clip 0.07  kl +0.002
upd  425  steps  872448  sps 1298  opp symm  loss -0.067  pg -0.0395  v 0.005  ev +0.97  adv_std 0.103  tR +0.50  ent[s/d/p/e] 1.26/1.86/1.53/0.50  emits 0.54  spf 51.0  z0 0.73  garr 110.1  tG 526  e2 0.12  nF 5.2  pS 0.27  ptS 0.25  fLog 0.58  pdΔ -0.2344  pkR 7.99  clip 0.13  kl +0.003
upd  426  steps  874496  sps 1300  opp symm  loss -0.029  pg -0.0014  v 0.007  ev +0.96  adv_std 0.119  tR +1.00  ent[s/d/p/e] 1.29/1.99/1.57/0.52  emits 0.67  spf 50.5  z0 0.67  garr 103.2  tG 496  e2 0.15  nF 6.0  pS 0.28  ptS 0.26  fLog 0.58  pdΔ -0.2188  pkR 7.99  clip 0.13  kl +0.004
upd  427  steps  876544  sps 1301  opp symm  loss -0.024  pg +0.0023  v 0.008  ev +0.96  adv_std 0.126  tR -0.14  ent[s/d/p/e] 1.46/1.95/1.50/0.51  emits 0.67  spf 45.1  z0 0.69  garr 98.5  tG 485  e2 0.14  nF 7.2  pS 0.29  ptS 0.27  fLog 0.57  pdΔ -0.2070  pkR 9.95  clip 0.12  kl +0.005
upd  428  steps  878592  sps 1303  opp symm  loss +0.034  pg +0.0614  v 0.007  ev +0.96  adv_std 0.117  tR -0.71  ent[s/d/p/e] 1.49/2.16/1.45/0.49  emits 0.75  spf 43.1  z0 0.69  garr 96.1  tG 514  e2 0.16  nF 7.2  pS 0.30  ptS 0.28  fLog 0.57  pdΔ -0.1982  pkR 11.58  clip 0.12  kl +0.005
upd  429  steps  880640  sps 1305  opp symm  loss -0.031  pg -0.0043  v 0.006  ev +0.96  adv_std 0.108  tR +0.50  ent[s/d/p/e] 1.40/2.00/1.45/0.49  emits 0.59  spf 42.3  z0 0.72  garr 93.1  tG 528  e2 0.13  nF 6.5  pS 0.27  ptS 0.26  fLog 0.56  pdΔ -0.2275  pkR 13.02  clip 0.10  kl +0.003
upd  430  steps  882688  sps 1307  opp symm  loss -0.039  pg -0.0129  v 0.007  ev +0.95  adv_std 0.123  tR +0.50  ent[s/d/p/e] 1.24/1.95/1.52/0.50  emits 0.50  spf 46.7  z0 0.72  garr 100.8  tG 540  e2 0.11  nF 5.5  pS 0.26  ptS 0.25  fLog 0.57  pdΔ -0.2370  pkR 12.46  clip 0.08  kl +0.004
upd  431  steps  884736  sps 1309  opp symm  loss +0.021  pg +0.0507  v 0.004  ev +0.97  adv_std 0.093  tR -0.60  ent[s/d/p/e] 1.45/2.09/1.56/0.51  emits 0.49  spf 52.7  z0 0.74  garr 107.5  tG 576  e2 0.10  nF 5.1  pS 0.28  ptS 0.27  fLog 0.60  pdΔ -0.2187  pkR 7.76  clip 0.07  kl +0.001
upd  432  steps  886784  sps 1310  opp symm  loss -0.044  pg -0.0159  v 0.007  ev +0.95  adv_std 0.118  tR -0.33  ent[s/d/p/e] 1.45/2.01/1.58/0.53  emits 0.55  spf 57.1  z0 0.72  garr 118.5  tG 655  e2 0.11  nF 5.0  pS 0.30  ptS 0.29  fLog 0.61  pdΔ -0.1968  pkR 6.81  clip 0.09  kl +0.004
upd  433  steps  888832  sps 1312  opp symm  loss -0.021  pg +0.0060  v 0.009  ev +0.94  adv_std 0.133  tR +0.50  ent[s/d/p/e] 1.45/1.98/1.55/0.53  emits 0.69  spf 52.4  z0 0.67  garr 100.8  tG 591  e2 0.15  nF 6.6  pS 0.33  ptS 0.32  fLog 0.59  pdΔ -0.1662  pkR 7.17  clip 0.14  kl +0.006
upd  434  steps  890880  sps 1314  opp symm  loss -0.074  pg -0.0457  v 0.007  ev +0.95  adv_std 0.125  tR +0.20  ent[s/d/p/e] 1.42/2.10/1.51/0.54  emits 0.76  spf 47.2  z0 0.65  garr 95.8  tG 602  e2 0.16  nF 7.3  pS 0.35  ptS 0.34  fLog 0.59  pdΔ -0.1505  pkR 6.99  clip 0.08  kl +0.001
upd  435  steps  892928  sps 1316  opp symm  loss -0.006  pg +0.0241  v 0.004  ev +0.96  adv_std 0.095  tR -1.00  ent[s/d/p/e] 1.47/2.14/1.52/0.54  emits 0.87  spf 47.6  z0 0.63  garr 105.8  tG 639  e2 0.19  nF 8.4  pS 0.37  ptS 0.35  fLog 0.59  pdΔ -0.1340  pkR 7.06  clip 0.07  kl +0.003
upd  436  steps  894976  sps 1317  opp symm  loss -0.011  pg +0.0176  v 0.006  ev +0.94  adv_std 0.112  tR +0.43  ent[s/d/p/e] 1.50/2.10/1.52/0.52  emits 0.93  spf 48.1  z0 0.62  garr 104.1  tG 648  e2 0.21  nF 8.3  pS 0.38  ptS 0.37  fLog 0.59  pdΔ -0.1238  pkR 8.99  clip 0.12  kl +0.005
upd  437  steps  897024  sps 1319  opp symm  loss -0.014  pg +0.0105  v 0.014  ev +0.88  adv_std 0.169  tR -0.20  ent[s/d/p/e] 1.50/2.15/1.51/0.52  emits 1.00  spf 43.8  z0 0.63  garr 77.0  tG 579  e2 0.21  nF 9.5  pS 0.38  ptS 0.38  fLog 0.57  pdΔ -0.1182  pkR 12.75  clip 0.08  kl +0.002
upd  438  steps  899072  sps 1321  opp symm  loss -0.016  pg +0.0128  v 0.004  ev +0.96  adv_std 0.093  tR +0.50  ent[s/d/p/e] 1.55/2.15/1.51/0.50  emits 0.94  spf 46.1  z0 0.62  garr 70.0  tG 489  e2 0.20  nF 9.0  pS 0.38  ptS 0.38  fLog 0.59  pdΔ -0.1183  pkR 8.32  clip 0.13  kl +0.008
upd  439  steps  901120  sps 1323  opp symm  loss -0.064  pg -0.0358  v 0.006  ev +0.95  adv_std 0.112  tR +0.67  ent[s/d/p/e] 1.56/2.21/1.46/0.51  emits 0.95  spf 48.0  z0 0.65  garr 66.3  tG 415  e2 0.20  nF 8.9  pS 0.36  ptS 0.35  fLog 0.59  pdΔ -0.1436  pkR 6.33  clip 0.08  kl +0.002
upd  440  steps  903168  sps 1324  opp symm  loss -0.084  pg -0.0566  v 0.008  ev +0.94  adv_std 0.126  tR +0.20  ent[s/d/p/e] 1.46/2.05/1.49/0.53  emits 0.77  spf 46.5  z0 0.65  garr 73.1  tG 453  e2 0.16  nF 7.5  pS 0.33  ptS 0.33  fLog 0.58  pdΔ -0.1654  pkR 8.68  clip 0.07  kl +0.001
upd  441  steps  905216  sps 1326  opp symm  loss -0.063  pg -0.0352  v 0.006  ev +0.95  adv_std 0.113  tR +0.20  ent[s/d/p/e] 1.36/2.00/1.49/0.55  emits 0.82  spf 44.6  z0 0.63  garr 72.2  tG 438  e2 0.18  nF 7.4  pS 0.33  ptS 0.32  fLog 0.58  pdΔ -0.1742  pkR 10.41  clip 0.09  kl +0.001
upd  442  steps  907264  sps 1328  opp symm  loss -0.065  pg -0.0378  v 0.008  ev +0.94  adv_std 0.127  tR -0.20  ent[s/d/p/e] 1.49/2.00/1.49/0.55  emits 0.78  spf 50.8  z0 0.64  garr 74.8  tG 477  e2 0.16  nF 7.8  pS 0.34  ptS 0.34  fLog 0.59  pdΔ -0.1576  pkR 7.35  clip 0.11  kl +0.001
upd  443  steps  909312  sps 1330  opp symm  loss +0.005  pg +0.0312  v 0.010  ev +0.93  adv_std 0.139  tR -0.20  ent[s/d/p/e] 1.33/2.02/1.52/0.54  emits 0.77  spf 45.9  z0 0.63  garr 75.9  tG 457  e2 0.16  nF 7.4  pS 0.32  ptS 0.31  fLog 0.58  pdΔ -0.1824  pkR 9.34  clip 0.13  kl +0.013
upd  444  steps  911360  sps 1331  opp symm  loss -0.044  pg -0.0157  v 0.005  ev +0.96  adv_std 0.098  tR +0.00  ent[s/d/p/e] 1.41/2.03/1.43/0.54  emits 0.85  spf 48.3  z0 0.62  garr 80.4  tG 516  e2 0.17  nF 7.8  pS 0.35  ptS 0.33  fLog 0.58  pdΔ -0.1506  pkR 9.24  clip 0.09  kl +0.002
upd  445  steps  913408  sps 1333  opp symm  loss -0.014  pg +0.0120  v 0.009  ev +0.93  adv_std 0.139  tR +0.50  ent[s/d/p/e] 1.38/1.96/1.49/0.52  emits 0.62  spf 56.1  z0 0.69  garr 97.1  tG 645  e2 0.13  nF 6.3  pS 0.34  ptS 0.33  fLog 0.61  pdΔ -0.1556  pkR 8.25  clip 0.08  kl +0.002
upd  446  steps  915456  sps 1335  opp symm  loss -0.031  pg -0.0046  v 0.005  ev +0.95  adv_std 0.104  tR +0.25  ent[s/d/p/e] 1.30/1.89/1.43/0.50  emits 0.62  spf 49.8  z0 0.71  garr 106.6  tG 686  e2 0.13  nF 5.5  pS 0.31  ptS 0.30  fLog 0.59  pdΔ -0.1856  pkR 8.57  clip 0.08  kl +0.004
upd  447  steps  917504  sps 1337  opp symm  loss +0.003  pg +0.0301  v 0.006  ev +0.94  adv_std 0.106  tR +0.00  ent[s/d/p/e] 1.32/1.86/1.43/0.52  emits 0.62  spf 51.4  z0 0.68  garr 100.9  tG 624  e2 0.13  nF 6.1  pS 0.30  ptS 0.29  fLog 0.59  pdΔ -0.1952  pkR 10.64  clip 0.07  kl +0.001
upd  448  steps  919552  sps 1338  opp symm  loss -0.062  pg -0.0365  v 0.009  ev +0.93  adv_std 0.130  tR +0.00  ent[s/d/p/e] 1.30/1.90/1.42/0.54  emits 0.73  spf 50.3  z0 0.65  garr 110.6  tG 718  e2 0.15  nF 6.9  pS 0.34  ptS 0.32  fLog 0.59  pdΔ -0.1605  pkR 10.35  clip 0.08  kl +0.003
upd  449  steps  921600  sps 1340  opp symm  loss -0.025  pg +0.0005  v 0.008  ev +0.93  adv_std 0.125  tR +0.20  ent[s/d/p/e] 1.28/1.91/1.38/0.53  emits 0.69  spf 51.2  z0 0.67  garr 117.3  tG 738  e2 0.15  nF 6.7  pS 0.32  ptS 0.31  fLog 0.59  pdΔ -0.1762  pkR 11.03  clip 0.09  kl +0.001
upd  450  steps  923648  sps 1342  opp symm  loss -0.037  pg -0.0109  v 0.007  ev +0.94  adv_std 0.117  tR -0.60  ent[s/d/p/e] 1.36/1.85/1.33/0.53  emits 0.65  spf 48.4  z0 0.68  garr 111.7  tG 753  e2 0.14  nF 6.7  pS 0.33  ptS 0.32  fLog 0.58  pdΔ -0.1680  pkR 10.76  clip 0.09  kl +0.003
upd  451  steps  925696  sps 1343  opp symm  loss -0.016  pg +0.0088  v 0.008  ev +0.93  adv_std 0.128  tR +0.00  ent[s/d/p/e] 1.19/1.68/1.36/0.52  emits 0.60  spf 48.7  z0 0.69  garr 109.6  tG 753  e2 0.13  nF 6.1  pS 0.32  ptS 0.31  fLog 0.58  pdΔ -0.1770  pkR 11.72  clip 0.14  kl +0.003
upd  452  steps  927744  sps 1345  opp symm  loss -0.018  pg +0.0076  v 0.008  ev +0.93  adv_std 0.121  tR +0.50  ent[s/d/p/e] 1.23/1.75/1.36/0.53  emits 0.64  spf 42.1  z0 0.68  garr 92.6  tG 590  e2 0.13  nF 6.9  pS 0.32  ptS 0.30  fLog 0.56  pdΔ -0.1838  pkR 10.33  clip 0.09  kl +0.001
upd  453  steps  929792  sps 1347  opp symm  loss -0.023  pg +0.0055  v 0.004  ev +0.96  adv_std 0.094  tR +1.00  ent[s/d/p/e] 1.22/1.88/1.40/0.56  emits 0.67  spf 47.7  z0 0.66  garr 89.0  tG 622  e2 0.14  nF 7.1  pS 0.33  ptS 0.32  fLog 0.58  pdΔ -0.1711  pkR 5.88  clip 0.11  kl +0.005
upd  454  steps  931840  sps 1349  opp symm  loss -0.008  pg +0.0187  v 0.006  ev +0.96  adv_std 0.112  tR -0.20  ent[s/d/p/e] 1.23/1.86/1.37/0.56  emits 0.71  spf 48.3  z0 0.63  garr 97.7  tG 681  e2 0.16  nF 7.4  pS 0.34  ptS 0.33  fLog 0.58  pdΔ -0.1605  pkR 6.88  clip 0.10  kl +0.003
upd  455  steps  933888  sps 1350  opp symm  loss -0.077  pg -0.0497  v 0.005  ev +0.96  adv_std 0.101  tR +0.33  ent[s/d/p/e] 1.18/1.85/1.37/0.56  emits 0.73  spf 45.9  z0 0.65  garr 95.3  tG 656  e2 0.17  nF 7.3  pS 0.33  ptS 0.32  fLog 0.57  pdΔ -0.1669  pkR 8.48  clip 0.09  kl +0.003
upd  456  steps  935936  sps 1352  opp symm  loss -0.061  pg -0.0336  v 0.004  ev +0.96  adv_std 0.092  tR +0.67  ent[s/d/p/e] 1.20/1.81/1.34/0.56  emits 0.73  spf 43.5  z0 0.64  garr 87.9  tG 615  e2 0.16  nF 7.5  pS 0.32  ptS 0.31  fLog 0.57  pdΔ -0.1782  pkR 11.17  clip 0.09  kl +0.001
upd  457  steps  937984  sps 1354  opp symm  loss -0.030  pg -0.0035  v 0.007  ev +0.95  adv_std 0.114  tR +0.33  ent[s/d/p/e] 1.21/1.81/1.34/0.57  emits 0.74  spf 46.4  z0 0.63  garr 73.6  tG 503  e2 0.17  nF 7.6  pS 0.31  ptS 0.30  fLog 0.58  pdΔ -0.1872  pkR 8.04  clip 0.11  kl +0.001
upd  458  steps  940032  sps 1355  opp symm  loss +0.026  pg +0.0514  v 0.008  ev +0.94  adv_std 0.127  tR -0.50  ent[s/d/p/e] 1.17/1.83/1.39/0.55  emits 0.83  spf 46.1  z0 0.62  garr 75.1  tG 512  e2 0.19  nF 7.6  pS 0.31  ptS 0.30  fLog 0.57  pdΔ -0.1926  pkR 9.05  clip 0.08  kl +0.003
upd  459  steps  942080  sps 1357  opp symm  loss +0.004  pg +0.0302  v 0.006  ev +0.96  adv_std 0.106  tR -0.40  ent[s/d/p/e] 1.20/1.91/1.37/0.53  emits 0.71  spf 45.2  z0 0.67  garr 63.0  tG 443  e2 0.16  nF 6.9  pS 0.30  ptS 0.29  fLog 0.57  pdΔ -0.2028  pkR 9.73  clip 0.17  kl +0.002
upd  460  steps  944128  sps 1359  opp symm  loss -0.052  pg -0.0255  v 0.006  ev +0.96  adv_std 0.108  tR -0.60  ent[s/d/p/e] 1.31/2.05/1.38/0.49  emits 0.61  spf 44.6  z0 0.72  garr 71.4  tG 542  e2 0.12  nF 6.2  pS 0.30  ptS 0.29  fLog 0.57  pdΔ -0.1963  pkR 10.07  clip 0.05  kl +0.000
upd  461  steps  946176  sps 1360  opp symm  loss -0.093  pg -0.0662  v 0.005  ev +0.97  adv_std 0.101  tR -0.20  ent[s/d/p/e] 1.35/2.03/1.36/0.47  emits 0.64  spf 48.5  z0 0.71  garr 89.9  tG 711  e2 0.12  nF 6.3  pS 0.31  ptS 0.30  fLog 0.57  pdΔ -0.1872  pkR 9.51  clip 0.07  kl +0.002
upd  462  steps  948224  sps 1362  opp symm  loss -0.014  pg +0.0122  v 0.006  ev +0.95  adv_std 0.109  tR -0.20  ent[s/d/p/e] 1.24/1.99/1.40/0.48  emits 0.57  spf 51.8  z0 0.73  garr 92.1  tG 657  e2 0.11  nF 5.7  pS 0.29  ptS 0.28  fLog 0.60  pdΔ -0.2088  pkR 9.72  clip 0.06  kl +0.002
upd  463  steps  950272  sps 1364  opp symm  loss -0.079  pg -0.0533  v 0.007  ev +0.95  adv_std 0.119  tR +0.33  ent[s/d/p/e] 1.30/1.99/1.40/0.48  emits 0.58  spf 46.8  z0 0.73  garr 109.5  tG 813  e2 0.11  nF 5.3  pS 0.32  ptS 0.30  fLog 0.58  pdΔ -0.1798  pkR 8.57  clip 0.08  kl +0.002
upd  464  steps  952320  sps 1365  opp symm  loss -0.012  pg +0.0139  v 0.007  ev +0.94  adv_std 0.123  tR +0.43  ent[s/d/p/e] 1.21/1.89/1.40/0.51  emits 0.66  spf 48.1  z0 0.70  garr 115.8  tG 868  e2 0.14  nF 5.7  pS 0.31  ptS 0.30  fLog 0.58  pdΔ -0.1911  pkR 9.87  clip 0.11  kl +0.003
upd  465  steps  954368  sps 1367  opp symm  loss +0.048  pg +0.0723  v 0.010  ev +0.93  adv_std 0.140  tR +0.71  ent[s/d/p/e] 1.21/1.95/1.39/0.51  emits 0.79  spf 42.8  z0 0.65  garr 102.9  tG 796  e2 0.16  nF 7.7  pS 0.31  ptS 0.31  fLog 0.56  pdΔ -0.1858  pkR 10.65  clip 0.11  kl +0.000
upd  466  steps  956416  sps 1369  opp symm  loss -0.076  pg -0.0521  v 0.010  ev +0.93  adv_std 0.142  tR +0.33  ent[s/d/p/e] 1.18/1.96/1.36/0.50  emits 0.71  spf 39.2  z0 0.67  garr 101.4  tG 793  e2 0.14  nF 7.3  pS 0.31  ptS 0.30  fLog 0.55  pdΔ -0.1922  pkR 10.71  clip 0.09  kl +0.003
upd  467  steps  958464  sps 1370  opp symm  loss -0.045  pg -0.0210  v 0.008  ev +0.96  adv_std 0.126  tR +0.20  ent[s/d/p/e] 1.13/1.80/1.35/0.50  emits 0.61  spf 38.7  z0 0.71  garr 106.0  tG 765  e2 0.13  nF 6.3  pS 0.28  ptS 0.28  fLog 0.55  pdΔ -0.2178  pkR 11.61  clip 0.08  kl +0.004
upd  468  steps  960512  sps 1372  opp symm  loss -0.073  pg -0.0468  v 0.005  ev +0.97  adv_std 0.104  tR +1.00  ent[s/d/p/e] 1.08/1.81/1.40/0.52  emits 0.64  spf 41.7  z0 0.69  garr 102.9  tG 738  e2 0.14  nF 6.8  pS 0.28  ptS 0.28  fLog 0.55  pdΔ -0.2173  pkR 9.17  clip 0.08  kl +0.004
upd  469  steps  962560  sps 1374  opp symm  loss +0.012  pg +0.0370  v 0.007  ev +0.97  adv_std 0.116  tR +0.33  ent[s/d/p/e] 1.08/1.85/1.36/0.53  emits 0.74  spf 43.6  z0 0.66  garr 112.9  tG 831  e2 0.16  nF 7.1  pS 0.30  ptS 0.29  fLog 0.56  pdΔ -0.1993  pkR 9.09  clip 0.10  kl +0.003
upd  470  steps  964608  sps 1375  opp symm  loss -0.038  pg -0.0127  v 0.007  ev +0.97  adv_std 0.114  tR -0.20  ent[s/d/p/e] 1.17/1.87/1.33/0.53  emits 0.70  spf 42.8  z0 0.66  garr 103.0  tG 745  e2 0.14  nF 7.7  pS 0.30  ptS 0.29  fLog 0.55  pdΔ -0.2017  pkR 10.59  clip 0.08  kl +0.001
upd  471  steps  966656  sps 1377  opp symm  loss -0.029  pg -0.0042  v 0.007  ev +0.97  adv_std 0.123  tR +0.00  ent[s/d/p/e] 1.20/1.87/1.32/0.52  emits 0.72  spf 41.7  z0 0.65  garr 95.0  tG 663  e2 0.16  nF 7.3  pS 0.30  ptS 0.29  fLog 0.56  pdΔ -0.2039  pkR 12.45  clip 0.06  kl +0.001
upd  472  steps  968704  sps 1379  opp symm  loss +0.038  pg +0.0649  v 0.006  ev +0.97  adv_std 0.106  tR -0.60  ent[s/d/p/e] 1.28/1.98/1.31/0.53  emits 0.75  spf 40.8  z0 0.67  garr 65.7  tG 465  e2 0.14  nF 8.0  pS 0.29  ptS 0.28  fLog 0.55  pdΔ -0.2117  pkR 14.56  clip 0.10  kl +0.001
upd  473  steps  970752  sps 1380  opp symm  loss +0.014  pg +0.0371  v 0.011  ev +0.94  adv_std 0.150  tR -0.20  ent[s/d/p/e] 1.33/1.93/1.34/0.49  emits 0.58  spf 43.5  z0 0.71  garr 65.7  tG 449  e2 0.12  nF 7.1  pS 0.29  ptS 0.29  fLog 0.57  pdΔ -0.2075  pkR 5.51  clip 0.08  kl +0.004
upd  474  steps  972800  sps 1382  opp symm  loss -0.039  pg -0.0137  v 0.006  ev +0.97  adv_std 0.113  tR -0.14  ent[s/d/p/e] 1.36/1.96/1.32/0.46  emits 0.50  spf 41.9  z0 0.74  garr 80.2  tG 554  e2 0.10  nF 6.1  pS 0.29  ptS 0.29  fLog 0.57  pdΔ -0.2071  pkR 5.63  clip 0.10  kl +0.001
upd  475  steps  974848  sps 1384  opp symm  loss -0.033  pg -0.0092  v 0.010  ev +0.95  adv_std 0.141  tR -0.60  ent[s/d/p/e] 1.32/2.01/1.33/0.47  emits 0.53  spf 43.1  z0 0.75  garr 91.2  tG 625  e2 0.11  nF 5.8  pS 0.30  ptS 0.29  fLog 0.57  pdΔ -0.2039  pkR 6.20  clip 0.09  kl +0.001
upd  476  steps  976896  sps 1385  opp symm  loss -0.010  pg +0.0149  v 0.008  ev +0.95  adv_std 0.126  tR +0.14  ent[s/d/p/e] 1.31/2.04/1.37/0.46  emits 0.50  spf 46.4  z0 0.75  garr 115.5  tG 779  e2 0.09  nF 5.3  pS 0.31  ptS 0.30  fLog 0.58  pdΔ -0.1935  pkR 5.95  clip 0.06  kl +0.002
upd  477  steps  978944  sps 1387  opp symm  loss -0.002  pg +0.0215  v 0.009  ev +0.95  adv_std 0.134  tR +0.33  ent[s/d/p/e] 1.25/2.02/1.41/0.45  emits 0.45  spf 40.0  z0 0.77  garr 116.3  tG 765  e2 0.10  nF 5.0  pS 0.29  ptS 0.28  fLog 0.56  pdΔ -0.2133  pkR 7.24  clip 0.07  kl +0.002
upd  478  steps  980992  sps 1388  opp symm  loss -0.022  pg +0.0047  v 0.004  ev +0.98  adv_std 0.092  tR +0.00  ent[s/d/p/e] 1.32/2.01/1.38/0.46  emits 0.44  spf 42.1  z0 0.77  garr 140.3  tG 923  e2 0.09  nF 5.1  pS 0.30  ptS 0.29  fLog 0.57  pdΔ -0.1969  pkR 6.68  clip 0.06  kl +0.000
upd  479  steps  983040  sps 1390  opp symm  loss -0.012  pg +0.0130  v 0.008  ev +0.96  adv_std 0.125  tR +0.50  ent[s/d/p/e] 1.36/1.89/1.42/0.45  emits 0.41  spf 53.9  z0 0.76  garr 169.5  tG 1143  e2 0.08  nF 4.7  pS 0.32  ptS 0.31  fLog 0.60  pdΔ -0.1813  pkR 6.00  clip 0.05  kl +0.003
upd  480  steps  985088  sps 1392  opp symm  loss -0.033  pg -0.0101  v 0.010  ev +0.95  adv_std 0.138  tR +0.00  ent[s/d/p/e] 1.37/1.83/1.35/0.44  emits 0.40  spf 59.2  z0 0.79  garr 195.6  tG 1338  e2 0.09  nF 3.7  pS 0.32  ptS 0.31  fLog 0.62  pdΔ -0.1759  pkR 5.86  clip 0.06  kl +0.003
upd  481  steps  987136  sps 1393  opp symm  loss +0.027  pg +0.0524  v 0.004  ev +0.98  adv_std 0.091  tR -0.60  ent[s/d/p/e] 1.41/1.73/1.33/0.43  emits 0.40  spf 57.6  z0 0.77  garr 185.1  tG 1299  e2 0.08  nF 4.1  pS 0.33  ptS 0.31  fLog 0.61  pdΔ -0.1743  pkR 6.91  clip 0.07  kl +0.003
upd  482  steps  989184  sps 1395  opp symm  loss -0.051  pg -0.0283  v 0.008  ev +0.96  adv_std 0.127  tR +0.20  ent[s/d/p/e] 1.39/1.77/1.29/0.43  emits 0.42  spf 54.1  z0 0.77  garr 183.1  tG 1345  e2 0.08  nF 4.0  pS 0.33  ptS 0.32  fLog 0.60  pdΔ -0.1664  pkR 6.43  clip 0.05  kl +0.001
upd  483  steps  991232  sps 1397  opp symm  loss +0.030  pg +0.0529  v 0.007  ev +0.96  adv_std 0.112  tR +0.00  ent[s/d/p/e] 1.36/1.87/1.30/0.40  emits 0.33  spf 48.8  z0 0.83  garr 199.3  tG 1520  e2 0.06  nF 3.2  pS 0.32  ptS 0.31  fLog 0.58  pdΔ -0.1759  pkR 5.84  clip 0.05  kl +0.001
upd  484  steps  993280  sps 1398  opp symm  loss -0.020  pg +0.0032  v 0.008  ev +0.96  adv_std 0.123  tR +1.00  ent[s/d/p/e] 1.45/1.90/1.30/0.40  emits 0.38  spf 55.5  z0 0.81  garr 228.3  tG 1722  e2 0.07  nF 3.7  pS 0.33  ptS 0.32  fLog 0.60  pdΔ -0.1681  pkR 5.68  clip 0.06  kl +0.000
upd  485  steps  995328  sps 1400  opp symm  loss -0.041  pg -0.0183  v 0.009  ev +0.96  adv_std 0.131  tR -0.67  ent[s/d/p/e] 1.40/1.88/1.26/0.41  emits 0.38  spf 58.5  z0 0.81  garr 234.5  tG 1792  e2 0.08  nF 3.8  pS 0.33  ptS 0.32  fLog 0.61  pdΔ -0.1699  pkR 5.13  clip 0.04  kl +0.003
upd  486  steps  997376  sps 1401  opp symm  loss +0.055  pg +0.0772  v 0.008  ev +0.96  adv_std 0.122  tR +0.33  ent[s/d/p/e] 1.29/1.86/1.28/0.40  emits 0.39  spf 53.6  z0 0.80  garr 232.9  tG 1799  e2 0.07  nF 4.1  pS 0.32  ptS 0.31  fLog 0.58  pdΔ -0.1829  pkR 5.28  clip 0.08  kl +0.001
upd  487  steps  999424  sps 1403  opp symm  loss -0.062  pg -0.0419  v 0.009  ev +0.95  adv_std 0.138  tR -0.33  ent[s/d/p/e] 1.17/1.80/1.25/0.39  emits 0.31  spf 51.3  z0 0.83  garr 222.7  tG 1795  e2 0.06  nF 3.5  pS 0.31  ptS 0.30  fLog 0.59  pdΔ -0.1949  pkR 5.87  clip 0.05  kl -0.000
upd  488  steps 1001472  sps 1405  opp symm  loss -0.010  pg +0.0090  v 0.011  ev +0.94  adv_std 0.146  tR +0.00  ent[s/d/p/e] 1.20/1.69/1.22/0.39  emits 0.33  spf 50.3  z0 0.82  garr 230.3  tG 1910  e2 0.07  nF 3.2  pS 0.30  ptS 0.29  fLog 0.57  pdΔ -0.2006  pkR 6.65  clip 0.05  kl +0.002
upd  489  steps 1003520  sps 1406  opp symm  loss -0.080  pg -0.0591  v 0.010  ev +0.94  adv_std 0.145  tR +0.14  ent[s/d/p/e] 1.20/1.76/1.32/0.40  emits 0.27  spf 55.7  z0 0.83  garr 227.6  tG 1848  e2 0.06  nF 3.3  pS 0.28  ptS 0.27  fLog 0.59  pdΔ -0.2237  pkR 7.73  clip 0.05  kl +0.001
upd  490  steps 1005568  sps 1408  opp symm  loss -0.043  pg -0.0204  v 0.006  ev +0.96  adv_std 0.114  tR -0.20  ent[s/d/p/e] 1.26/1.78/1.29/0.42  emits 0.31  spf 55.7  z0 0.81  garr 203.7  tG 1618  e2 0.06  nF 3.0  pS 0.26  ptS 0.26  fLog 0.58  pdΔ -0.2389  pkR 9.86  clip 0.05  kl +0.001
upd  491  steps 1007616  sps 1409  opp symm  loss -0.042  pg -0.0195  v 0.008  ev +0.95  adv_std 0.124  tR +0.14  ent[s/d/p/e] 1.22/1.76/1.29/0.43  emits 0.36  spf 47.1  z0 0.78  garr 167.1  tG 1293  e2 0.07  nF 3.7  pS 0.26  ptS 0.25  fLog 0.57  pdΔ -0.2434  pkR 12.77  clip 0.04  kl -0.000
upd  492  steps 1009664  sps 1411  opp symm  loss -0.062  pg -0.0411  v 0.009  ev +0.95  adv_std 0.131  tR +0.00  ent[s/d/p/e] 1.19/1.62/1.25/0.42  emits 0.30  spf 44.1  z0 0.81  garr 133.0  tG 925  e2 0.06  nF 3.7  pS 0.24  ptS 0.24  fLog 0.56  pdΔ -0.2587  pkR 10.57  clip 0.06  kl +0.002
upd  493  steps 1011712  sps 1413  opp symm  loss +0.007  pg +0.0297  v 0.010  ev +0.94  adv_std 0.142  tR +0.00  ent[s/d/p/e] 1.29/1.78/1.26/0.47  emits 0.39  spf 48.9  z0 0.77  garr 130.0  tG 887  e2 0.08  nF 4.1  pS 0.26  ptS 0.26  fLog 0.57  pdΔ -0.2391  pkR 12.03  clip 0.05  kl -0.000
upd  494  steps 1013760  sps 1414  opp symm  loss -0.018  pg +0.0073  v 0.005  ev +0.97  adv_std 0.097  tR -0.50  ent[s/d/p/e] 1.31/1.79/1.30/0.45  emits 0.38  spf 48.0  z0 0.78  garr 147.0  tG 1053  e2 0.08  nF 4.5  pS 0.29  ptS 0.28  fLog 0.58  pdΔ -0.2120  pkR 10.99  clip 0.06  kl -0.000
upd  495  steps 1015808  sps 1416  opp symm  loss -0.000  pg +0.0236  v 0.007  ev +0.96  adv_std 0.115  tR +0.50  ent[s/d/p/e] 1.31/1.79/1.32/0.45  emits 0.42  spf 49.4  z0 0.77  garr 140.8  tG 956  e2 0.09  nF 4.7  pS 0.28  ptS 0.28  fLog 0.58  pdΔ -0.2190  pkR 9.91  clip 0.08  kl +0.004
upd  496  steps 1017856  sps 1417  opp symm  loss -0.022  pg +0.0015  v 0.009  ev +0.95  adv_std 0.136  tR +0.33  ent[s/d/p/e] 1.45/2.00/1.36/0.43  emits 0.41  spf 48.1  z0 0.79  garr 151.0  tG 1007  e2 0.08  nF 4.9  pS 0.30  ptS 0.29  fLog 0.58  pdΔ -0.2024  pkR 7.37  clip 0.04  kl +0.002
upd  497  steps 1019904  sps 1419  opp symm  loss -0.070  pg -0.0444  v 0.005  ev +0.97  adv_std 0.098  tR +0.50  ent[s/d/p/e] 1.41/1.99/1.32/0.44  emits 0.46  spf 48.1  z0 0.78  garr 142.4  tG 873  e2 0.10  nF 5.3  pS 0.29  ptS 0.28  fLog 0.58  pdΔ -0.2137  pkR 7.05  clip 0.06  kl +0.003
upd  498  steps 1021952  sps 1420  opp symm  loss -0.051  pg -0.0244  v 0.002  ev +0.99  adv_std 0.068  tR -0.67  ent[s/d/p/e] 1.41/1.93/1.31/0.43  emits 0.40  spf 46.4  z0 0.80  garr 153.7  tG 952  e2 0.08  nF 4.6  pS 0.28  ptS 0.28  fLog 0.58  pdΔ -0.2212  pkR 7.64  clip 0.07  kl +0.001
[eval_vs_v20] u499 tag=train_u499  bin0=0.0%  spf=0.00  garr=128.50  flip=0.00%  z0=71.9%  e8=0.0%  e2+=0.0%  WLD=0/3/0
upd  499  steps 1024000  sps 1422  opp symm  loss -0.022  pg +0.0017  v 0.006  ev +0.96  adv_std 0.110  tR +0.33  ent[s/d/p/e] 1.36/1.83/1.38/0.42  emits 0.38  spf 46.3  z0 0.79  garr 177.4  tG 1129  e2 0.08  nF 4.2  pS 0.29  ptS 0.28  fLog 0.58  pdΔ -0.2099  pkR 6.56  clip 0.06  kl +0.002 WRr 0.19 v20[spf 0.0 flip 0.0% e2+ 0.0%]
final eval win_rate vs random: 0.188
