nohup: 忽略输入
upd    0  steps   16384  sps 353  opp rand  loss -0.004  pg -0.0002  v 0.038  adv_std 0.272  tR -0.27  ent[s/d/p/e] 0.31/2.89/1.97/0.67  emits 1.55  clip 0.00  kl +0.000
upd    1  steps   32768  sps 670  opp rand  loss -0.001  pg -0.0005  v 0.059  adv_std 0.347  tR -0.07  ent[s/d/p/e] 0.41/2.90/1.98/0.67  emits 1.60  clip 0.00  kl +0.000
upd    2  steps   49152  sps 956  opp rand  loss -0.007  pg -0.0008  v 0.029  adv_std 0.243  tR +0.02  ent[s/d/p/e] 0.39/2.90/1.98/0.67  emits 1.55  clip 0.00  kl +0.000
upd    3  steps   65536  sps 1215  opp rand  loss -0.002  pg -0.0007  v 0.053  adv_std 0.330  tR -0.16  ent[s/d/p/e] 0.38/2.90/1.97/0.67  emits 1.59  clip 0.00  kl +0.001
upd    4  steps   81920  sps 1450  opp rand  loss -0.003  pg -0.0009  v 0.051  adv_std 0.323  tR +0.00  ent[s/d/p/e] 0.42/2.91/1.99/0.67  emits 1.60  clip 0.01  kl +0.000
upd    5  steps   98304  sps 1666  opp rand  loss -0.008  pg -0.0014  v 0.026  adv_std 0.232  tR -0.16  ent[s/d/p/e] 0.31/2.90/1.98/0.67  emits 1.57  clip 0.01  kl +0.001
upd    6  steps  114688  sps 1864  opp rand  loss -0.004  pg -0.0017  v 0.050  adv_std 0.319  tR -0.01  ent[s/d/p/e] 0.37/2.90/1.99/0.67  emits 1.62  clip 0.02  kl +0.001
upd    7  steps  131072  sps 2046  opp rand  loss -0.008  pg -0.0013  v 0.025  adv_std 0.228  tR -0.09  ent[s/d/p/e] 0.37/2.89/2.00/0.67  emits 1.58  clip 0.02  kl +0.001
upd    8  steps  147456  sps 2214  opp rand  loss -0.005  pg -0.0018  v 0.045  adv_std 0.304  tR -0.14  ent[s/d/p/e] 0.33/2.89/1.99/0.67  emits 1.67  clip 0.03  kl +0.002
upd    9  steps  163840  sps 2370  opp rand  loss -0.004  pg -0.0015  v 0.046  adv_std 0.305  tR -0.12  ent[s/d/p/e] 0.39/2.88/2.00/0.67  emits 1.66  clip 0.02  kl +0.001
upd   10  steps  180224  sps 2515  opp rand  loss -0.009  pg -0.0021  v 0.022  adv_std 0.214  tR +0.02  ent[s/d/p/e] 0.27/2.88/1.99/0.67  emits 1.64  clip 0.03  kl +0.002
upd   11  steps  196608  sps 2650  opp rand  loss -0.005  pg -0.0017  v 0.042  adv_std 0.294  tR +0.01  ent[s/d/p/e] 0.37/2.87/2.00/0.67  emits 1.71  clip 0.03  kl +0.002
upd   12  steps  212992  sps 2776  opp rand  loss -0.010  pg -0.0021  v 0.022  adv_std 0.213  tR -0.04  ent[s/d/p/e] 0.36/2.86/2.00/0.67  emits 1.65  clip 0.03  kl +0.002
upd   13  steps  229376  sps 2894  opp rand  loss -0.005  pg -0.0016  v 0.039  adv_std 0.283  tR -0.08  ent[s/d/p/e] 0.30/2.86/2.00/0.66  emits 1.68  clip 0.04  kl +0.003
upd   14  steps  245760  sps 3005  opp rand  loss -0.007  pg -0.0018  v 0.036  adv_std 0.273  tR -0.09  ent[s/d/p/e] 0.39/2.86/2.00/0.66  emits 1.69  clip 0.02  kl +0.002
upd   15  steps  262144  sps 3109  opp rand  loss -0.009  pg -0.0017  v 0.022  adv_std 0.209  tR -0.09  ent[s/d/p/e] 0.22/2.85/1.99/0.66  emits 1.63  clip 0.02  kl +0.002
upd   16  steps  278528  sps 3207  opp rand  loss -0.006  pg -0.0016  v 0.035  adv_std 0.270  tR +0.12  ent[s/d/p/e] 0.38/2.85/1.99/0.66  emits 1.73  clip 0.03  kl +0.002
upd   17  steps  294912  sps 3300  opp rand  loss -0.010  pg -0.0020  v 0.021  adv_std 0.206  tR +0.00  ent[s/d/p/e] 0.32/2.83/1.99/0.66  emits 1.63  clip 0.05  kl +0.002
upd   18  steps  311296  sps 3387  opp rand  loss -0.008  pg -0.0029  v 0.034  adv_std 0.263  tR +0.06  ent[s/d/p/e] 0.32/2.83/1.98/0.66  emits 1.66  clip 0.04  kl +0.003
upd   19  steps  327680  sps 3470  opp rand  loss -0.007  pg -0.0015  v 0.034  adv_std 0.266  tR -0.18  ent[s/d/p/e] 0.41/2.83/1.99/0.66  emits 1.62  clip 0.03  kl +0.002
upd   20  steps  344064  sps 3548  opp rand  loss -0.009  pg -0.0021  v 0.020  adv_std 0.203  tR -0.06  ent[s/d/p/e] 0.23/2.83/1.98/0.65  emits 1.67  clip 0.04  kl +0.002
upd   21  steps  360448  sps 3623  opp rand  loss -0.007  pg -0.0023  v 0.035  adv_std 0.267  tR -0.03  ent[s/d/p/e] 0.38/2.83/1.99/0.65  emits 1.67  clip 0.03  kl +0.002
upd   22  steps  376832  sps 3693  opp rand  loss -0.010  pg -0.0022  v 0.020  adv_std 0.204  tR +0.00  ent[s/d/p/e] 0.34/2.83/1.99/0.66  emits 1.60  clip 0.03  kl +0.002
upd   23  steps  393216  sps 3761  opp rand  loss -0.008  pg -0.0024  v 0.031  adv_std 0.250  tR -0.06  ent[s/d/p/e] 0.30/2.82/1.98/0.66  emits 1.68  clip 0.03  kl +0.002
upd   24  steps  409600  sps 3825  opp rand  loss -0.008  pg -0.0026  v 0.032  adv_std 0.255  tR -0.01  ent[s/d/p/e] 0.37/2.81/2.00/0.65  emits 1.60  clip 0.05  kl +0.004 WRr 0.31
upd   25  steps  425984  sps 3591  opp rand  loss -0.010  pg -0.0016  v 0.017  adv_std 0.184  tR +0.02  ent[s/d/p/e] 0.28/2.81/1.99/0.65  emits 1.66  clip 0.04  kl +0.002
upd   26  steps  442368  sps 3651  opp rand  loss -0.007  pg -0.0018  v 0.031  adv_std 0.253  tR -0.14  ent[s/d/p/e] 0.33/2.81/1.99/0.66  emits 1.68  clip 0.05  kl +0.002
upd   27  steps  458752  sps 3709  opp rand  loss -0.011  pg -0.0028  v 0.018  adv_std 0.193  tR +0.05  ent[s/d/p/e] 0.32/2.80/2.00/0.65  emits 1.61  clip 0.04  kl +0.003
upd   28  steps  475136  sps 3764  opp rand  loss -0.009  pg -0.0026  v 0.028  adv_std 0.240  tR +0.11  ent[s/d/p/e] 0.33/2.81/1.99/0.65  emits 1.61  clip 0.05  kl +0.003
upd   29  steps  491520  sps 3817  opp rand  loss -0.008  pg -0.0024  v 0.033  adv_std 0.258  tR +0.01  ent[s/d/p/e] 0.41/2.81/1.99/0.65  emits 1.60  clip 0.05  kl +0.003
upd   30  steps  507904  sps 3868  opp rand  loss -0.010  pg -0.0026  v 0.019  adv_std 0.197  tR -0.07  ent[s/d/p/e] 0.27/2.82/1.98/0.66  emits 1.57  clip 0.05  kl +0.003
upd   31  steps  524288  sps 3918  opp rand  loss -0.008  pg -0.0028  v 0.032  adv_std 0.256  tR -0.02  ent[s/d/p/e] 0.36/2.82/1.99/0.65  emits 1.57  clip 0.05  kl +0.003
upd   32  steps  540672  sps 3965  opp rand  loss -0.010  pg -0.0023  v 0.018  adv_std 0.190  tR -0.06  ent[s/d/p/e] 0.33/2.83/1.99/0.66  emits 1.57  clip 0.05  kl +0.003
upd   33  steps  557056  sps 4011  opp rand  loss -0.007  pg -0.0019  v 0.030  adv_std 0.249  tR -0.05  ent[s/d/p/e] 0.28/2.83/1.98/0.66  emits 1.56  clip 0.03  kl +0.002
upd   34  steps  573440  sps 4054  opp rand  loss -0.008  pg -0.0029  v 0.031  adv_std 0.254  tR +0.07  ent[s/d/p/e] 0.37/2.82/1.99/0.65  emits 1.53  clip 0.03  kl +0.003
upd   35  steps  589824  sps 4097  opp rand  loss -0.011  pg -0.0024  v 0.016  adv_std 0.181  tR +0.02  ent[s/d/p/e] 0.24/2.83/1.99/0.66  emits 1.53  clip 0.05  kl +0.003
upd   36  steps  606208  sps 4138  opp rand  loss -0.009  pg -0.0032  v 0.029  adv_std 0.245  tR +0.03  ent[s/d/p/e] 0.35/2.82/1.98/0.65  emits 1.56  clip 0.05  kl +0.003
upd   37  steps  622592  sps 4177  opp rand  loss -0.011  pg -0.0027  v 0.019  adv_std 0.196  tR -0.11  ent[s/d/p/e] 0.35/2.82/1.99/0.65  emits 1.57  clip 0.05  kl +0.003
upd   38  steps  638976  sps 4216  opp rand  loss -0.009  pg -0.0029  v 0.026  adv_std 0.230  tR +0.02  ent[s/d/p/e] 0.27/2.82/1.98/0.65  emits 1.55  clip 0.04  kl +0.003
upd   39  steps  655360  sps 4253  opp rand  loss -0.008  pg -0.0025  v 0.032  adv_std 0.254  tR -0.02  ent[s/d/p/e] 0.42/2.81/1.99/0.64  emits 1.56  clip 0.06  kl +0.003
upd   40  steps  671744  sps 4289  opp rand  loss -0.012  pg -0.0034  v 0.017  adv_std 0.183  tR +0.02  ent[s/d/p/e] 0.29/2.82/1.98/0.65  emits 1.55  clip 0.05  kl +0.003
upd   41  steps  688128  sps 4323  opp rand  loss -0.008  pg -0.0024  v 0.030  adv_std 0.247  tR +0.00  ent[s/d/p/e] 0.38/2.81/1.99/0.64  emits 1.57  clip 0.05  kl +0.002
upd   42  steps  704512  sps 4357  opp rand  loss -0.010  pg -0.0017  v 0.017  adv_std 0.186  tR -0.04  ent[s/d/p/e] 0.31/2.80/1.98/0.65  emits 1.50  clip 0.06  kl +0.003
upd   43  steps  720896  sps 4389  opp rand  loss -0.010  pg -0.0032  v 0.025  adv_std 0.229  tR -0.10  ent[s/d/p/e] 0.32/2.81/1.98/0.65  emits 1.53  clip 0.09  kl +0.005
upd   44  steps  737280  sps 4421  opp rand  loss -0.008  pg -0.0024  v 0.032  adv_std 0.257  tR +0.02  ent[s/d/p/e] 0.38/2.79/1.99/0.65  emits 1.50  clip 0.05  kl +0.003
upd   45  steps  753664  sps 4452  opp rand  loss -0.010  pg -0.0018  v 0.016  adv_std 0.180  tR +0.08  ent[s/d/p/e] 0.29/2.80/1.99/0.65  emits 1.51  clip 0.06  kl +0.004
upd   46  steps  770048  sps 4481  opp rand  loss -0.009  pg -0.0030  v 0.027  adv_std 0.240  tR -0.04  ent[s/d/p/e] 0.34/2.79/1.99/0.64  emits 1.53  clip 0.05  kl +0.003
upd   47  steps  786432  sps 4510  opp rand  loss -0.011  pg -0.0030  v 0.018  adv_std 0.189  tR +0.10  ent[s/d/p/e] 0.35/2.78/1.99/0.64  emits 1.49  clip 0.04  kl +0.003
upd   48  steps  802816  sps 4538  opp rand  loss -0.011  pg -0.0038  v 0.024  adv_std 0.218  tR +0.06  ent[s/d/p/e] 0.33/2.80/1.98/0.65  emits 1.53  clip 0.06  kl +0.003
upd   49  steps  819200  sps 4565  opp rand  loss -0.009  pg -0.0028  v 0.030  adv_std 0.248  tR +0.13  ent[s/d/p/e] 0.43/2.78/1.99/0.64  emits 1.52  clip 0.04  kl +0.002 WRr 0.56 WRf 0.72
upd   50  steps  835584  sps 4300  opp rand  loss -0.011  pg -0.0028  v 0.017  adv_std 0.185  tR +0.11  ent[s/d/p/e] 0.27/2.80/1.98/0.64  emits 1.51  clip 0.06  kl +0.004
upd   51  steps  851968  sps 4328  opp rand  loss -0.008  pg -0.0023  v 0.028  adv_std 0.238  tR +0.11  ent[s/d/p/e] 0.35/2.79/1.98/0.64  emits 1.50  clip 0.08  kl +0.006
upd   52  steps  868352  sps 4355  opp rand  loss -0.011  pg -0.0030  v 0.018  adv_std 0.192  tR +0.09  ent[s/d/p/e] 0.32/2.79/1.98/0.63  emits 1.49  clip 0.06  kl +0.003
upd   53  steps  884736  sps 4381  opp rand  loss -0.011  pg -0.0042  v 0.024  adv_std 0.220  tR +0.06  ent[s/d/p/e] 0.34/2.80/1.97/0.63  emits 1.48  clip 0.07  kl +0.003
upd   54  steps  901120  sps 4407  opp rand  loss -0.009  pg -0.0034  v 0.031  adv_std 0.251  tR +0.18  ent[s/d/p/e] 0.39/2.79/1.97/0.62  emits 1.45  clip 0.07  kl +0.004
upd   55  steps  917504  sps 4234  opp frzn  loss -0.010  pg -0.0017  v 0.015  adv_std 0.173  tR -0.08  ent[s/d/p/e] 0.29/2.82/1.97/0.64  emits 1.56  clip 0.07  kl +0.004
upd   56  steps  933888  sps 4257  opp frzn  loss -0.008  pg -0.0022  v 0.028  adv_std 0.238  tR -0.05  ent[s/d/p/e] 0.34/2.80/1.95/0.64  emits 1.51  clip 0.08  kl +0.004
upd   57  steps  950272  sps 4280  opp frzn  loss -0.011  pg -0.0025  v 0.016  adv_std 0.178  tR +0.06  ent[s/d/p/e] 0.32/2.79/1.96/0.63  emits 1.54  clip 0.06  kl +0.003
upd   58  steps  966656  sps 4302  opp frzn  loss -0.011  pg -0.0029  v 0.019  adv_std 0.202  tR -0.03  ent[s/d/p/e] 0.34/2.81/1.95/0.64  emits 1.55  clip 0.08  kl +0.005
upd   59  steps  983040  sps 4326  opp rand  loss -0.010  pg -0.0039  v 0.027  adv_std 0.239  tR -0.08  ent[s/d/p/e] 0.41/2.78/1.95/0.63  emits 1.56  clip 0.09  kl +0.003
upd   60  steps  999424  sps 4349  opp rand  loss -0.011  pg -0.0027  v 0.015  adv_std 0.179  tR +0.10  ent[s/d/p/e] 0.27/2.80/1.97/0.64  emits 1.50  clip 0.07  kl +0.004
upd   61  steps 1015808  sps 4372  opp rand  loss -0.010  pg -0.0034  v 0.027  adv_std 0.233  tR -0.02  ent[s/d/p/e] 0.37/2.79/1.95/0.63  emits 1.61  clip 0.08  kl +0.004
upd   62  steps 1032192  sps 4395  opp rand  loss -0.008  pg -0.0003  v 0.018  adv_std 0.178  tR +0.03  ent[s/d/p/e] 0.35/2.78/1.96/0.64  emits 1.54  clip 0.10  kl +0.006
upd   63  steps 1048576  sps 4415  opp frzn  loss -0.011  pg -0.0035  v 0.022  adv_std 0.208  tR +0.10  ent[s/d/p/e] 0.30/2.80/1.93/0.65  emits 1.67  clip 0.07  kl +0.004
upd   64  steps 1064960  sps 4436  opp rand  loss -0.011  pg -0.0038  v 0.025  adv_std 0.227  tR +0.10  ent[s/d/p/e] 0.42/2.78/1.93/0.64  emits 1.66  clip 0.07  kl +0.004
upd   65  steps 1081344  sps 4455  opp frzn  loss -0.012  pg -0.0038  v 0.016  adv_std 0.182  tR +0.00  ent[s/d/p/e] 0.29/2.82/1.95/0.65  emits 1.62  clip 0.07  kl +0.004
upd   66  steps 1097728  sps 4473  opp frzn  loss -0.010  pg -0.0029  v 0.024  adv_std 0.223  tR -0.04  ent[s/d/p/e] 0.35/2.80/1.93/0.65  emits 1.60  clip 0.08  kl +0.004
upd   67  steps 1114112  sps 4491  opp frzn  loss -0.009  pg -0.0008  v 0.018  adv_std 0.190  tR -0.14  ent[s/d/p/e] 0.36/2.80/1.92/0.65  emits 1.65  clip 0.10  kl +0.005
upd   68  steps 1130496  sps 4511  opp rand  loss -0.011  pg -0.0040  v 0.021  adv_std 0.209  tR -0.14  ent[s/d/p/e] 0.34/2.78/1.94/0.66  emits 1.66  clip 0.07  kl +0.005
upd   69  steps 1146880  sps 4529  opp frzn  loss -0.009  pg -0.0022  v 0.022  adv_std 0.211  tR +0.17  ent[s/d/p/e] 0.38/2.78/1.92/0.65  emits 1.70  clip 0.10  kl +0.005
upd   70  steps 1163264  sps 4548  opp rand  loss -0.012  pg -0.0035  v 0.016  adv_std 0.180  tR -0.12  ent[s/d/p/e] 0.31/2.79/1.96/0.66  emits 1.65  clip 0.08  kl +0.004
upd   71  steps 1179648  sps 4567  opp rand  loss -0.009  pg -0.0017  v 0.022  adv_std 0.214  tR +0.09  ent[s/d/p/e] 0.36/2.78/1.94/0.66  emits 1.65  clip 0.11  kl +0.006
upd   72  steps 1196032  sps 4583  opp frzn  loss -0.012  pg -0.0038  v 0.015  adv_std 0.178  tR -0.08  ent[s/d/p/e] 0.34/2.78/1.94/0.66  emits 1.62  clip 0.10  kl +0.004
upd   73  steps 1212416  sps 4598  opp frzn  loss -0.011  pg -0.0039  v 0.021  adv_std 0.209  tR -0.02  ent[s/d/p/e] 0.31/2.80/1.94/0.65  emits 1.71  clip 0.08  kl +0.004
upd   74  steps 1228800  sps 4614  opp frzn  loss -0.012  pg -0.0041  v 0.022  adv_std 0.211  tR -0.06  ent[s/d/p/e] 0.43/2.78/1.93/0.64  emits 1.75  clip 0.09  kl +0.004 WRr 0.62 WRf 0.56
upd   75  steps 1245184  sps 4471  opp rand  loss -0.012  pg -0.0030  v 0.013  adv_std 0.162  tR +0.18  ent[s/d/p/e] 0.25/2.77/1.95/0.65  emits 1.70  clip 0.12  kl +0.006
upd   76  steps 1261568  sps 4487  opp frzn  loss -0.011  pg -0.0042  v 0.022  adv_std 0.212  tR +0.06  ent[s/d/p/e] 0.38/2.77/1.93/0.64  emits 1.78  clip 0.11  kl +0.005
upd   77  steps 1277952  sps 4502  opp frzn  loss -0.011  pg -0.0025  v 0.016  adv_std 0.178  tR +0.01  ent[s/d/p/e] 0.33/2.76/1.94/0.65  emits 1.67  clip 0.11  kl +0.005
upd   78  steps 1294336  sps 4518  opp frzn  loss -0.012  pg -0.0037  v 0.015  adv_std 0.176  tR +0.04  ent[s/d/p/e] 0.33/2.77/1.93/0.65  emits 1.70  clip 0.09  kl +0.004
upd   79  steps 1310720  sps 4535  opp rand  loss -0.010  pg -0.0029  v 0.025  adv_std 0.226  tR -0.06  ent[s/d/p/e] 0.45/2.74/1.92/0.64  emits 1.80  clip 0.08  kl +0.005
upd   80  steps 1327104  sps 4552  opp rand  loss -0.013  pg -0.0039  v 0.014  adv_std 0.170  tR +0.08  ent[s/d/p/e] 0.29/2.77/1.94/0.65  emits 1.75  clip 0.10  kl +0.006
upd   81  steps 1343488  sps 4568  opp rand  loss -0.011  pg -0.0041  v 0.022  adv_std 0.214  tR +0.12  ent[s/d/p/e] 0.33/2.76/1.92/0.65  emits 1.69  clip 0.10  kl +0.004
upd   82  steps 1359872  sps 4582  opp frzn  loss -0.012  pg -0.0037  v 0.014  adv_std 0.167  tR +0.17  ent[s/d/p/e] 0.34/2.76/1.92/0.64  emits 1.62  clip 0.09  kl +0.004
upd   83  steps 1376256  sps 4596  opp frzn  loss -0.011  pg -0.0029  v 0.019  adv_std 0.195  tR +0.00  ent[s/d/p/e] 0.30/2.80/1.92/0.66  emits 1.63  clip 0.09  kl +0.004
upd   84  steps 1392640  sps 4611  opp rand  loss -0.010  pg -0.0042  v 0.027  adv_std 0.238  tR +0.05  ent[s/d/p/e] 0.44/2.76/1.89/0.64  emits 1.77  clip 0.09  kl +0.004
upd   85  steps 1409024  sps 4627  opp rand  loss -0.013  pg -0.0033  v 0.011  adv_std 0.151  tR +0.11  ent[s/d/p/e] 0.30/2.78/1.92/0.66  emits 1.71  clip 0.10  kl +0.005
upd   86  steps 1425408  sps 4642  opp rand  loss -0.011  pg -0.0034  v 0.019  adv_std 0.193  tR +0.17  ent[s/d/p/e] 0.39/2.75/1.90/0.64  emits 1.78  clip 0.12  kl +0.006
upd   87  steps 1441792  sps 4657  opp rand  loss -0.012  pg -0.0037  v 0.015  adv_std 0.175  tR +0.22  ent[s/d/p/e] 0.34/2.75/1.91/0.66  emits 1.67  clip 0.11  kl +0.005
upd   88  steps 1458176  sps 4670  opp frzn  loss -0.012  pg -0.0043  v 0.018  adv_std 0.196  tR +0.08  ent[s/d/p/e] 0.34/2.78/1.91/0.65  emits 1.69  clip 0.10  kl +0.004
upd   89  steps 1474560  sps 4684  opp rand  loss -0.011  pg -0.0034  v 0.020  adv_std 0.207  tR +0.06  ent[s/d/p/e] 0.37/2.73/1.90/0.65  emits 1.66  clip 0.11  kl +0.007
upd   90  steps 1490944  sps 4696  opp frzn  loss -0.013  pg -0.0045  v 0.014  adv_std 0.160  tR -0.04  ent[s/d/p/e] 0.29/2.77/1.93/0.65  emits 1.63  clip 0.09  kl +0.005
upd   91  steps 1507328  sps 4710  opp rand  loss -0.010  pg -0.0033  v 0.023  adv_std 0.220  tR +0.01  ent[s/d/p/e] 0.40/2.75/1.90/0.64  emits 1.80  clip 0.11  kl +0.006
upd   92  steps 1523712  sps 4722  opp frzn  loss -0.013  pg -0.0045  v 0.017  adv_std 0.187  tR +0.02  ent[s/d/p/e] 0.40/2.75/1.92/0.65  emits 1.72  clip 0.10  kl +0.004
upd   93  steps 1540096  sps 4736  opp rand  loss -0.010  pg -0.0024  v 0.018  adv_std 0.194  tR +0.03  ent[s/d/p/e] 0.32/2.77/1.92/0.66  emits 1.69  clip 0.11  kl +0.005
upd   94  steps 1556480  sps 4749  opp rand  loss -0.010  pg -0.0040  v 0.027  adv_std 0.235  tR +0.20  ent[s/d/p/e] 0.45/2.73/1.89/0.65  emits 1.72  clip 0.11  kl +0.004
upd   95  steps 1572864  sps 4760  opp frzn  loss -0.012  pg -0.0031  v 0.011  adv_std 0.153  tR -0.05  ent[s/d/p/e] 0.28/2.78/1.93/0.65  emits 1.60  clip 0.11  kl +0.004
upd   96  steps 1589248  sps 4773  opp rand  loss -0.012  pg -0.0044  v 0.020  adv_std 0.203  tR +0.10  ent[s/d/p/e] 0.37/2.76/1.90/0.65  emits 1.63  clip 0.11  kl +0.005
upd   97  steps 1605632  sps 4786  opp rand  loss -0.013  pg -0.0040  v 0.012  adv_std 0.162  tR +0.09  ent[s/d/p/e] 0.38/2.76/1.90/0.66  emits 1.60  clip 0.11  kl +0.005
upd   98  steps 1622016  sps 4797  opp frzn  loss -0.013  pg -0.0049  v 0.019  adv_std 0.197  tR +0.08  ent[s/d/p/e] 0.32/2.76/1.91/0.63  emits 1.54  clip 0.12  kl +0.004
upd   99  steps 1638400  sps 4807  opp frzn  loss -0.011  pg -0.0039  v 0.020  adv_std 0.203  tR +0.00  ent[s/d/p/e] 0.44/2.72/1.89/0.63  emits 1.56  clip 0.12  kl +0.005 WRr 0.53 WRf 0.53
upd  100  steps 1654784  sps 4689  opp rand  loss -0.012  pg -0.0036  v 0.013  adv_std 0.159  tR -0.09  ent[s/d/p/e] 0.30/2.74/1.92/0.64  emits 1.62  clip 0.12  kl +0.007
upd  101  steps 1671168  sps 4700  opp frzn  loss -0.010  pg -0.0030  v 0.022  adv_std 0.209  tR +0.06  ent[s/d/p/e] 0.34/2.73/1.90/0.62  emits 1.51  clip 0.12  kl +0.006
upd  102  steps 1687552  sps 4711  opp frzn  loss -0.013  pg -0.0044  v 0.013  adv_std 0.162  tR -0.05  ent[s/d/p/e] 0.36/2.73/1.91/0.59  emits 1.38  clip 0.11  kl +0.005
upd  103  steps 1703936  sps 4723  opp rand  loss -0.012  pg -0.0047  v 0.019  adv_std 0.201  tR +0.09  ent[s/d/p/e] 0.29/2.75/1.90/0.62  emits 1.46  clip 0.12  kl +0.005
upd  104  steps 1720320  sps 4733  opp frzn  loss -0.012  pg -0.0042  v 0.020  adv_std 0.193  tR +0.07  ent[s/d/p/e] 0.39/2.69/1.89/0.60  emits 1.42  clip 0.12  kl +0.006
upd  105  steps 1736704  sps 4744  opp frzn  loss -0.011  pg -0.0027  v 0.013  adv_std 0.167  tR -0.05  ent[s/d/p/e] 0.27/2.75/1.91/0.59  emits 1.37  clip 0.13  kl +0.006
upd  106  steps 1753088  sps 4754  opp frzn  loss -0.010  pg -0.0029  v 0.020  adv_std 0.201  tR -0.02  ent[s/d/p/e] 0.34/2.73/1.89/0.61  emits 1.43  clip 0.12  kl +0.006
upd  107  steps 1769472  sps 4764  opp frzn  loss -0.012  pg -0.0037  v 0.015  adv_std 0.175  tR +0.04  ent[s/d/p/e] 0.34/2.71/1.89/0.59  emits 1.43  clip 0.12  kl +0.006
upd  108  steps 1785856  sps 4775  opp rand  loss -0.011  pg -0.0040  v 0.019  adv_std 0.198  tR +0.15  ent[s/d/p/e] 0.29/2.75/1.89/0.61  emits 1.41  clip 0.11  kl +0.006
upd  109  steps 1802240  sps 4785  opp frzn  loss -0.011  pg -0.0042  v 0.022  adv_std 0.212  tR +0.07  ent[s/d/p/e] 0.35/2.71/1.88/0.60  emits 1.44  clip 0.12  kl +0.006
upd  110  steps 1818624  sps 4796  opp rand  loss -0.011  pg -0.0031  v 0.013  adv_std 0.158  tR +0.22  ent[s/d/p/e] 0.26/2.75/1.89/0.62  emits 1.43  clip 0.11  kl +0.005
upd  111  steps 1835008  sps 4806  opp frzn  loss -0.011  pg -0.0037  v 0.021  adv_std 0.208  tR +0.22  ent[s/d/p/e] 0.35/2.75/1.87/0.61  emits 1.50  clip 0.12  kl +0.006
upd  112  steps 1851392  sps 4815  opp frzn  loss -0.013  pg -0.0043  v 0.015  adv_std 0.175  tR +0.12  ent[s/d/p/e] 0.40/2.73/1.90/0.60  emits 1.48  clip 0.12  kl +0.005
upd  113  steps 1867776  sps 4824  opp frzn  loss -0.011  pg -0.0032  v 0.018  adv_std 0.189  tR +0.14  ent[s/d/p/e] 0.31/2.75/1.90/0.61  emits 1.45  clip 0.12  kl +0.005
upd  114  steps 1884160  sps 4833  opp frzn  loss -0.012  pg -0.0045  v 0.018  adv_std 0.194  tR +0.05  ent[s/d/p/e] 0.39/2.71/1.89/0.61  emits 1.48  clip 0.10  kl +0.003
upd  115  steps 1900544  sps 4844  opp rand  loss -0.012  pg -0.0033  v 0.013  adv_std 0.159  tR +0.24  ent[s/d/p/e] 0.28/2.74/1.90/0.61  emits 1.44  clip 0.14  kl +0.006
upd  116  steps 1916928  sps 4854  opp rand  loss -0.011  pg -0.0043  v 0.023  adv_std 0.219  tR +0.12  ent[s/d/p/e] 0.35/2.73/1.86/0.59  emits 1.40  clip 0.16  kl +0.006
upd  117  steps 1933312  sps 4864  opp rand  loss -0.012  pg -0.0041  v 0.015  adv_std 0.174  tR +0.24  ent[s/d/p/e] 0.35/2.73/1.87/0.59  emits 1.41  clip 0.10  kl +0.005
upd  118  steps 1949696  sps 4873  opp frzn  loss -0.012  pg -0.0045  v 0.016  adv_std 0.183  tR +0.17  ent[s/d/p/e] 0.33/2.75/1.88/0.58  emits 1.39  clip 0.12  kl +0.006
upd  119  steps 1966080  sps 4883  opp rand  loss -0.009  pg -0.0025  v 0.021  adv_std 0.211  tR +0.13  ent[s/d/p/e] 0.37/2.69/1.85/0.58  emits 1.40  clip 0.14  kl +0.006
upd  120  steps 1982464  sps 4893  opp rand  loss -0.013  pg -0.0048  v 0.011  adv_std 0.150  tR +0.31  ent[s/d/p/e] 0.26/2.74/1.88/0.58  emits 1.38  clip 0.11  kl +0.005
upd  121  steps 1998848  sps 4901  opp frzn  loss -0.012  pg -0.0051  v 0.021  adv_std 0.205  tR +0.19  ent[s/d/p/e] 0.39/2.73/1.86/0.57  emits 1.42  clip 0.13  kl +0.006
upd  122  steps 2015232  sps 4910  opp rand  loss -0.012  pg -0.0037  v 0.015  adv_std 0.169  tR +0.09  ent[s/d/p/e] 0.34/2.71/1.87/0.57  emits 1.38  clip 0.15  kl +0.007
upd  123  steps 2031616  sps 4920  opp rand  loss -0.013  pg -0.0056  v 0.019  adv_std 0.202  tR +0.17  ent[s/d/p/e] 0.31/2.74/1.87/0.59  emits 1.44  clip 0.11  kl +0.005
upd  124  steps 2048000  sps 4928  opp frzn  loss -0.012  pg -0.0048  v 0.022  adv_std 0.216  tR +0.04  ent[s/d/p/e] 0.38/2.69/1.87/0.58  emits 1.41  clip 0.13  kl +0.006 WRr 0.69 WRf 0.75
upd  125  steps 2064384  sps 4831  opp rand  loss -0.013  pg -0.0050  v 0.014  adv_std 0.171  tR +0.24  ent[s/d/p/e] 0.26/2.75/1.88/0.59  emits 1.43  clip 0.15  kl +0.006
upd  126  steps 2080768  sps 4841  opp rand  loss -0.013  pg -0.0056  v 0.019  adv_std 0.201  tR +0.31  ent[s/d/p/e] 0.30/2.71/1.84/0.58  emits 1.40  clip 0.15  kl +0.006
upd  127  steps 2097152  sps 4850  opp rand  loss -0.014  pg -0.0054  v 0.014  adv_std 0.170  tR +0.29  ent[s/d/p/e] 0.36/2.71/1.87/0.58  emits 1.41  clip 0.11  kl +0.005
upd  128  steps 2113536  sps 4860  opp rand  loss -0.012  pg -0.0044  v 0.018  adv_std 0.193  tR +0.22  ent[s/d/p/e] 0.31/2.74/1.85/0.58  emits 1.43  clip 0.14  kl +0.007
upd  129  steps 2129920  sps 4867  opp frzn  loss -0.012  pg -0.0052  v 0.022  adv_std 0.215  tR +0.09  ent[s/d/p/e] 0.40/2.68/1.84/0.58  emits 1.39  clip 0.13  kl +0.006
upd  130  steps 2146304  sps 4875  opp frzn  loss -0.015  pg -0.0061  v 0.011  adv_std 0.149  tR +0.11  ent[s/d/p/e] 0.31/2.75/1.86/0.58  emits 1.41  clip 0.13  kl +0.006
upd  131  steps 2162688  sps 4883  opp frzn  loss -0.013  pg -0.0055  v 0.020  adv_std 0.204  tR +0.16  ent[s/d/p/e] 0.38/2.71/1.85/0.56  emits 1.37  clip 0.14  kl +0.006
upd  132  steps 2179072  sps 4890  opp frzn  loss -0.014  pg -0.0062  v 0.014  adv_std 0.172  tR +0.06  ent[s/d/p/e] 0.36/2.69/1.86/0.55  emits 1.30  clip 0.13  kl +0.006
upd  133  steps 2195456  sps 4899  opp rand  loss -0.012  pg -0.0043  v 0.015  adv_std 0.179  tR +0.18  ent[s/d/p/e] 0.31/2.70/1.84/0.60  emits 1.46  clip 0.15  kl +0.008
upd  134  steps 2211840  sps 4908  opp rand  loss -0.012  pg -0.0056  v 0.023  adv_std 0.219  tR +0.19  ent[s/d/p/e] 0.39/2.65/1.83/0.59  emits 1.45  clip 0.14  kl +0.005
upd  135  steps 2228224  sps 4917  opp rand  loss -0.015  pg -0.0054  v 0.008  adv_std 0.132  tR +0.31  ent[s/d/p/e] 0.25/2.72/1.87/0.61  emits 1.45  clip 0.13  kl +0.007
upd  136  steps 2244608  sps 4924  opp frzn  loss -0.012  pg -0.0044  v 0.019  adv_std 0.199  tR +0.08  ent[s/d/p/e] 0.35/2.69/1.85/0.58  emits 1.41  clip 0.13  kl +0.007
upd  137  steps 2260992  sps 4931  opp frzn  loss -0.012  pg -0.0035  v 0.013  adv_std 0.164  tR +0.14  ent[s/d/p/e] 0.37/2.66/1.85/0.58  emits 1.41  clip 0.15  kl +0.008
upd  138  steps 2277376  sps 4938  opp frzn  loss -0.013  pg -0.0049  v 0.014  adv_std 0.168  tR +0.06  ent[s/d/p/e] 0.33/2.71/1.85/0.59  emits 1.46  clip 0.14  kl +0.008
upd  139  steps 2293760  sps 4946  opp rand  loss -0.013  pg -0.0060  v 0.022  adv_std 0.214  tR +0.27  ent[s/d/p/e] 0.43/2.62/1.84/0.58  emits 1.46  clip 0.13  kl +0.006
upd  140  steps 2310144  sps 4954  opp rand  loss -0.015  pg -0.0066  v 0.012  adv_std 0.159  tR +0.25  ent[s/d/p/e] 0.31/2.69/1.85/0.60  emits 1.43  clip 0.14  kl +0.006
upd  141  steps 2326528  sps 4961  opp frzn  loss -0.011  pg -0.0045  v 0.024  adv_std 0.228  tR +0.25  ent[s/d/p/e] 0.37/2.62/1.85/0.58  emits 1.56  clip 0.14  kl +0.006
upd  142  steps 2342912  sps 4968  opp frzn  loss -0.014  pg -0.0056  v 0.014  adv_std 0.172  tR +0.24  ent[s/d/p/e] 0.37/2.63/1.87/0.57  emits 1.47  clip 0.15  kl +0.007
upd  143  steps 2359296  sps 4976  opp rand  loss -0.012  pg -0.0051  v 0.019  adv_std 0.202  tR +0.30  ent[s/d/p/e] 0.32/2.68/1.87/0.61  emits 1.57  clip 0.14  kl +0.008
upd  144  steps 2375680  sps 4982  opp frzn  loss -0.012  pg -0.0051  v 0.021  adv_std 0.208  tR +0.34  ent[s/d/p/e] 0.41/2.61/1.85/0.58  emits 1.59  clip 0.14  kl +0.006
upd  145  steps 2392064  sps 4989  opp frzn  loss -0.014  pg -0.0049  v 0.010  adv_std 0.145  tR +0.32  ent[s/d/p/e] 0.31/2.68/1.88/0.60  emits 1.52  clip 0.15  kl +0.007
upd  146  steps 2408448  sps 4995  opp frzn  loss -0.011  pg -0.0045  v 0.022  adv_std 0.212  tR +0.20  ent[s/d/p/e] 0.38/2.61/1.86/0.59  emits 1.64  clip 0.16  kl +0.008
upd  147  steps 2424832  sps 5001  opp frzn  loss -0.012  pg -0.0037  v 0.014  adv_std 0.173  tR +0.01  ent[s/d/p/e] 0.37/2.61/1.87/0.58  emits 1.52  clip 0.14  kl +0.007
upd  148  steps 2441216  sps 5008  opp frzn  loss -0.014  pg -0.0057  v 0.016  adv_std 0.182  tR +0.08  ent[s/d/p/e] 0.36/2.65/1.86/0.59  emits 1.58  clip 0.14  kl +0.008
upd  149  steps 2457600  sps 5015  opp rand  loss -0.010  pg -0.0036  v 0.021  adv_std 0.213  tR +0.16  ent[s/d/p/e] 0.37/2.59/1.84/0.59  emits 1.65  clip 0.17  kl +0.009 WRr 0.72 WRf 0.69
upd  150  steps 2473984  sps 4926  opp frzn  loss -0.014  pg -0.0056  v 0.013  adv_std 0.165  tR +0.03  ent[s/d/p/e] 0.33/2.66/1.86/0.59  emits 1.58  clip 0.12  kl +0.005
upd  151  steps 2490368  sps 4932  opp frzn  loss -0.012  pg -0.0052  v 0.022  adv_std 0.214  tR +0.16  ent[s/d/p/e] 0.37/2.63/1.85/0.60  emits 1.69  clip 0.14  kl +0.005
upd  152  steps 2506752  sps 4938  opp frzn  loss -0.013  pg -0.0048  v 0.014  adv_std 0.169  tR +0.15  ent[s/d/p/e] 0.38/2.60/1.85/0.60  emits 1.69  clip 0.15  kl +0.007
upd  153  steps 2523136  sps 4946  opp rand  loss -0.014  pg -0.0057  v 0.015  adv_std 0.180  tR +0.17  ent[s/d/p/e] 0.40/2.66/1.85/0.60  emits 1.79  clip 0.14  kl +0.006
upd  154  steps 2539520  sps 4952  opp frzn  loss -0.011  pg -0.0028  v 0.017  adv_std 0.189  tR +0.31  ent[s/d/p/e] 0.45/2.60/1.81/0.58  emits 1.86  clip 0.17  kl +0.008
upd  155  steps 2555904  sps 4960  opp rand  loss -0.016  pg -0.0068  v 0.011  adv_std 0.158  tR +0.20  ent[s/d/p/e] 0.36/2.63/1.88/0.62  emits 1.64  clip 0.15  kl +0.010
upd  156  steps 2572288  sps 4966  opp frzn  loss -0.012  pg -0.0040  v 0.018  adv_std 0.195  tR +0.28  ent[s/d/p/e] 0.43/2.61/1.85/0.58  emits 1.78  clip 0.16  kl +0.008
upd  157  steps 2588672  sps 4972  opp frzn  loss -0.015  pg -0.0063  v 0.011  adv_std 0.154  tR +0.14  ent[s/d/p/e] 0.34/2.58/1.86/0.58  emits 1.69  clip 0.14  kl +0.006
upd  158  steps 2605056  sps 4978  opp frzn  loss -0.013  pg -0.0049  v 0.014  adv_std 0.171  tR +0.13  ent[s/d/p/e] 0.36/2.63/1.86/0.59  emits 1.75  clip 0.19  kl +0.009
upd  159  steps 2621440  sps 4985  opp rand  loss -0.012  pg -0.0054  v 0.021  adv_std 0.210  tR +0.17  ent[s/d/p/e] 0.43/2.57/1.84/0.57  emits 1.90  clip 0.16  kl +0.007
upd  160  steps 2637824  sps 4991  opp frzn  loss -0.013  pg -0.0045  v 0.011  adv_std 0.151  tR +0.21  ent[s/d/p/e] 0.38/2.62/1.86/0.59  emits 1.72  clip 0.16  kl +0.008
upd  161  steps 2654208  sps 4996  opp frzn  loss -0.011  pg -0.0038  v 0.019  adv_std 0.196  tR +0.22  ent[s/d/p/e] 0.44/2.62/1.83/0.55  emits 1.98  clip 0.18  kl +0.009
upd  162  steps 2670592  sps 5002  opp frzn  loss -0.014  pg -0.0058  v 0.014  adv_std 0.172  tR +0.19  ent[s/d/p/e] 0.38/2.58/1.85/0.58  emits 1.78  clip 0.15  kl +0.007
upd  163  steps 2686976  sps 5008  opp frzn  loss -0.011  pg -0.0031  v 0.015  adv_std 0.175  tR +0.15  ent[s/d/p/e] 0.37/2.62/1.85/0.57  emits 1.77  clip 0.17  kl +0.008
upd  164  steps 2703360  sps 5013  opp frzn  loss -0.014  pg -0.0080  v 0.024  adv_std 0.225  tR +0.13  ent[s/d/p/e] 0.43/2.56/1.83/0.55  emits 1.78  clip 0.15  kl +0.007
upd  165  steps 2719744  sps 5020  opp rand  loss -0.015  pg -0.0064  v 0.013  adv_std 0.166  tR +0.24  ent[s/d/p/e] 0.33/2.60/1.86/0.58  emits 1.64  clip 0.13  kl +0.007
upd  166  steps 2736128  sps 5027  opp rand  loss -0.012  pg -0.0055  v 0.021  adv_std 0.208  tR +0.29  ent[s/d/p/e] 0.37/2.58/1.85/0.57  emits 1.71  clip 0.14  kl +0.007
upd  167  steps 2752512  sps 5033  opp rand  loss -0.012  pg -0.0035  v 0.013  adv_std 0.166  tR +0.39  ent[s/d/p/e] 0.40/2.57/1.84/0.58  emits 1.67  clip 0.14  kl +0.007
upd  168  steps 2768896  sps 5039  opp frzn  loss -0.016  pg -0.0081  v 0.017  adv_std 0.190  tR +0.36  ent[s/d/p/e] 0.36/2.59/1.84/0.58  emits 1.62  clip 0.13  kl +0.006
upd  169  steps 2785280  sps 5044  opp frzn  loss -0.013  pg -0.0056  v 0.018  adv_std 0.195  tR +0.13  ent[s/d/p/e] 0.41/2.55/1.84/0.57  emits 1.65  clip 0.16  kl +0.007
upd  170  steps 2801664  sps 5051  opp rand  loss -0.014  pg -0.0051  v 0.012  adv_std 0.160  tR +0.32  ent[s/d/p/e] 0.33/2.60/1.85/0.59  emits 1.58  clip 0.16  kl +0.007
upd  171  steps 2818048  sps 5056  opp frzn  loss -0.013  pg -0.0057  v 0.018  adv_std 0.194  tR +0.38  ent[s/d/p/e] 0.42/2.58/1.82/0.57  emits 1.58  clip 0.12  kl +0.005
upd  172  steps 2834432  sps 5062  opp rand  loss -0.015  pg -0.0062  v 0.012  adv_std 0.158  tR +0.29  ent[s/d/p/e] 0.38/2.58/1.84/0.56  emits 1.56  clip 0.15  kl +0.006
upd  173  steps 2850816  sps 5068  opp rand  loss -0.015  pg -0.0073  v 0.016  adv_std 0.183  tR +0.31  ent[s/d/p/e] 0.37/2.61/1.84/0.57  emits 1.59  clip 0.13  kl +0.007
upd  174  steps 2867200  sps 5074  opp frzn  loss -0.013  pg -0.0062  v 0.020  adv_std 0.207  tR +0.19  ent[s/d/p/e] 0.43/2.56/1.81/0.55  emits 1.60  clip 0.12  kl +0.006 WRr 0.75 WRf 0.75
upd  175  steps 2883584  sps 4997  opp frzn  loss -0.015  pg -0.0067  v 0.010  adv_std 0.143  tR +0.14  ent[s/d/p/e] 0.29/2.59/1.85/0.57  emits 1.45  clip 0.15  kl +0.007
upd  176  steps 2899968  sps 5002  opp frzn  loss -0.012  pg -0.0052  v 0.019  adv_std 0.200  tR +0.25  ent[s/d/p/e] 0.39/2.57/1.85/0.57  emits 1.52  clip 0.16  kl +0.009
upd  177  steps 2916352  sps 5008  opp frzn  loss -0.014  pg -0.0059  v 0.012  adv_std 0.158  tR +0.44  ent[s/d/p/e] 0.35/2.58/1.83/0.56  emits 1.54  clip 0.13  kl +0.007
upd  178  steps 2932736  sps 5013  opp frzn  loss -0.015  pg -0.0067  v 0.014  adv_std 0.171  tR +0.24  ent[s/d/p/e] 0.34/2.60/1.86/0.58  emits 1.54  clip 0.15  kl +0.007
upd  179  steps 2949120  sps 5018  opp frzn  loss -0.013  pg -0.0059  v 0.018  adv_std 0.198  tR +0.28  ent[s/d/p/e] 0.46/2.54/1.83/0.56  emits 1.56  clip 0.16  kl +0.007
upd  180  steps 2965504  sps 5023  opp frzn  loss -0.015  pg -0.0057  v 0.010  adv_std 0.149  tR +0.24  ent[s/d/p/e] 0.33/2.60/1.86/0.55  emits 1.43  clip 0.14  kl +0.006
upd  181  steps 2981888  sps 5028  opp frzn  loss -0.014  pg -0.0064  v 0.018  adv_std 0.197  tR +0.15  ent[s/d/p/e] 0.40/2.56/1.85/0.56  emits 1.54  clip 0.14  kl +0.007
upd  182  steps 2998272  sps 5034  opp rand  loss -0.014  pg -0.0057  v 0.015  adv_std 0.178  tR +0.23  ent[s/d/p/e] 0.37/2.58/1.84/0.55  emits 1.42  clip 0.14  kl +0.007
upd  183  steps 3014656  sps 5040  opp rand  loss -0.015  pg -0.0075  v 0.018  adv_std 0.196  tR +0.41  ent[s/d/p/e] 0.38/2.60/1.85/0.56  emits 1.45  clip 0.11  kl +0.006
upd  184  steps 3031040  sps 5045  opp frzn  loss -0.012  pg -0.0058  v 0.023  adv_std 0.221  tR +0.35  ent[s/d/p/e] 0.44/2.52/1.82/0.53  emits 1.41  clip 0.16  kl +0.007
upd  185  steps 3047424  sps 5051  opp rand  loss -0.014  pg -0.0060  v 0.012  adv_std 0.159  tR +0.33  ent[s/d/p/e] 0.36/2.56/1.86/0.53  emits 1.33  clip 0.14  kl +0.006
upd  186  steps 3063808  sps 5056  opp frzn  loss -0.015  pg -0.0078  v 0.019  adv_std 0.198  tR +0.29  ent[s/d/p/e] 0.42/2.54/1.82/0.52  emits 1.44  clip 0.14  kl +0.007
upd  187  steps 3080192  sps 5061  opp frzn  loss -0.014  pg -0.0060  v 0.013  adv_std 0.163  tR +0.31  ent[s/d/p/e] 0.40/2.53/1.81/0.50  emits 1.34  clip 0.13  kl +0.007
upd  188  steps 3096576  sps 5065  opp frzn  loss -0.014  pg -0.0066  v 0.015  adv_std 0.178  tR +0.38  ent[s/d/p/e] 0.38/2.56/1.85/0.50  emits 1.36  clip 0.12  kl +0.004
upd  189  steps 3112960  sps 5071  opp rand  loss -0.011  pg -0.0030  v 0.017  adv_std 0.192  tR +0.36  ent[s/d/p/e] 0.47/2.54/1.82/0.53  emits 1.41  clip 0.15  kl +0.006
upd  190  steps 3129344  sps 5076  opp frzn  loss -0.014  pg -0.0055  v 0.010  adv_std 0.147  tR +0.50  ent[s/d/p/e] 0.37/2.54/1.84/0.48  emits 1.32  clip 0.13  kl +0.006
upd  191  steps 3145728  sps 5081  opp rand  loss -0.012  pg -0.0041  v 0.014  adv_std 0.175  tR +0.47  ent[s/d/p/e] 0.42/2.57/1.80/0.52  emits 1.45  clip 0.15  kl +0.006
upd  192  steps 3162112  sps 5086  opp frzn  loss -0.014  pg -0.0059  v 0.014  adv_std 0.169  tR +0.24  ent[s/d/p/e] 0.42/2.52/1.81/0.51  emits 1.42  clip 0.15  kl +0.006
upd  193  steps 3178496  sps 5090  opp frzn  loss -0.013  pg -0.0059  v 0.016  adv_std 0.186  tR +0.19  ent[s/d/p/e] 0.43/2.57/1.83/0.50  emits 1.44  clip 0.14  kl +0.006
upd  194  steps 3194880  sps 5096  opp rand  loss -0.015  pg -0.0074  v 0.019  adv_std 0.201  tR +0.39  ent[s/d/p/e] 0.51/2.57/1.78/0.52  emits 1.51  clip 0.14  kl +0.007
upd  195  steps 3211264  sps 5101  opp rand  loss -0.015  pg -0.0064  v 0.013  adv_std 0.164  tR +0.36  ent[s/d/p/e] 0.36/2.58/1.81/0.52  emits 1.38  clip 0.13  kl +0.006
upd  196  steps 3227648  sps 5106  opp frzn  loss -0.012  pg -0.0059  v 0.021  adv_std 0.207  tR +0.50  ent[s/d/p/e] 0.44/2.53/1.80/0.52  emits 1.47  clip 0.16  kl +0.008
upd  197  steps 3244032  sps 5110  opp frzn  loss -0.013  pg -0.0049  v 0.012  adv_std 0.155  tR +0.45  ent[s/d/p/e] 0.47/2.53/1.81/0.51  emits 1.37  clip 0.17  kl +0.007
upd  198  steps 3260416  sps 5116  opp rand  loss -0.014  pg -0.0062  v 0.014  adv_std 0.175  tR +0.43  ent[s/d/p/e] 0.46/2.58/1.81/0.52  emits 1.36  clip 0.14  kl +0.006
upd  199  steps 3276800  sps 5120  opp frzn  loss -0.012  pg -0.0050  v 0.017  adv_std 0.191  tR +0.40  ent[s/d/p/e] 0.51/2.51/1.78/0.53  emits 1.48  clip 0.16  kl +0.008 WRr 0.91 WRf 0.78
upd  200  steps 3293184  sps 5052  opp frzn  loss -0.015  pg -0.0066  v 0.011  adv_std 0.154  tR +0.31  ent[s/d/p/e] 0.37/2.53/1.82/0.53  emits 1.36  clip 0.12  kl +0.005
upd  201  steps 3309568  sps 5056  opp frzn  loss -0.014  pg -0.0064  v 0.018  adv_std 0.199  tR +0.34  ent[s/d/p/e] 0.51/2.52/1.79/0.53  emits 1.53  clip 0.15  kl +0.006
upd  202  steps 3325952  sps 5061  opp frzn  loss -0.016  pg -0.0072  v 0.012  adv_std 0.161  tR +0.41  ent[s/d/p/e] 0.50/2.53/1.79/0.54  emits 1.46  clip 0.13  kl +0.006
upd  203  steps 3342336  sps 5066  opp rand  loss -0.014  pg -0.0066  v 0.017  adv_std 0.189  tR +0.45  ent[s/d/p/e] 0.48/2.60/1.79/0.53  emits 1.50  clip 0.15  kl +0.006
upd  204  steps 3358720  sps 5070  opp frzn  loss -0.013  pg -0.0063  v 0.021  adv_std 0.210  tR +0.40  ent[s/d/p/e] 0.56/2.53/1.77/0.52  emits 1.67  clip 0.14  kl +0.006
upd  205  steps 3375104  sps 5075  opp frzn  loss -0.016  pg -0.0067  v 0.010  adv_std 0.146  tR +0.44  ent[s/d/p/e] 0.45/2.52/1.83/0.55  emits 1.45  clip 0.15  kl +0.007
upd  206  steps 3391488  sps 5080  opp rand  loss -0.015  pg -0.0073  v 0.018  adv_std 0.197  tR +0.37  ent[s/d/p/e] 0.50/2.56/1.79/0.54  emits 1.54  clip 0.14  kl +0.007
upd  207  steps 3407872  sps 5085  opp rand  loss -0.016  pg -0.0068  v 0.010  adv_std 0.152  tR +0.52  ent[s/d/p/e] 0.52/2.57/1.78/0.54  emits 1.46  clip 0.15  kl +0.006
upd  208  steps 3424256  sps 5090  opp rand  loss -0.013  pg -0.0050  v 0.016  adv_std 0.181  tR +0.49  ent[s/d/p/e] 0.47/2.59/1.80/0.55  emits 1.47  clip 0.15  kl +0.007
upd  209  steps 3440640  sps 5095  opp rand  loss -0.013  pg -0.0055  v 0.020  adv_std 0.204  tR +0.35  ent[s/d/p/e] 0.52/2.61/1.76/0.56  emits 1.56  clip 0.15  kl +0.008
upd  210  steps 3457024  sps 5101  opp rand  loss -0.016  pg -0.0066  v 0.010  adv_std 0.144  tR +0.37  ent[s/d/p/e] 0.47/2.57/1.82/0.56  emits 1.46  clip 0.14  kl +0.006
upd  211  steps 3473408  sps 5106  opp rand  loss -0.014  pg -0.0062  v 0.018  adv_std 0.196  tR +0.42  ent[s/d/p/e] 0.49/2.58/1.76/0.55  emits 1.56  clip 0.13  kl +0.007
upd  212  steps 3489792  sps 5110  opp frzn  loss -0.014  pg -0.0053  v 0.013  adv_std 0.166  tR +0.50  ent[s/d/p/e] 0.44/2.56/1.78/0.55  emits 1.49  clip 0.15  kl +0.008
upd  213  steps 3506176  sps 5114  opp frzn  loss -0.013  pg -0.0045  v 0.013  adv_std 0.169  tR +0.50  ent[s/d/p/e] 0.49/2.57/1.78/0.55  emits 1.56  clip 0.14  kl +0.007
upd  214  steps 3522560  sps 5118  opp frzn  loss -0.012  pg -0.0052  v 0.020  adv_std 0.205  tR +0.33  ent[s/d/p/e] 0.52/2.55/1.76/0.54  emits 1.60  clip 0.16  kl +0.007
upd  215  steps 3538944  sps 5122  opp frzn  loss -0.016  pg -0.0067  v 0.009  adv_std 0.142  tR +0.57  ent[s/d/p/e] 0.46/2.54/1.78/0.56  emits 1.48  clip 0.13  kl +0.006
upd  216  steps 3555328  sps 5127  opp rand  loss -0.015  pg -0.0073  v 0.016  adv_std 0.187  tR +0.32  ent[s/d/p/e] 0.53/2.59/1.74/0.55  emits 1.60  clip 0.15  kl +0.008
upd  217  steps 3571712  sps 5131  opp rand  loss -0.015  pg -0.0061  v 0.012  adv_std 0.160  tR +0.36  ent[s/d/p/e] 0.50/2.60/1.74/0.57  emits 1.57  clip 0.16  kl +0.008
upd  218  steps 3588096  sps 5135  opp frzn  loss -0.013  pg -0.0050  v 0.014  adv_std 0.168  tR +0.48  ent[s/d/p/e] 0.47/2.56/1.75/0.54  emits 1.59  clip 0.17  kl +0.008
upd  219  steps 3604480  sps 5140  opp rand  loss -0.013  pg -0.0066  v 0.025  adv_std 0.227  tR +0.37  ent[s/d/p/e] 0.51/2.60/1.72/0.55  emits 1.65  clip 0.16  kl +0.009
upd  220  steps 3620864  sps 5145  opp rand  loss -0.013  pg -0.0042  v 0.008  adv_std 0.131  tR +0.50  ent[s/d/p/e] 0.48/2.57/1.78/0.53  emits 1.50  clip 0.15  kl +0.007
upd  221  steps 3637248  sps 5149  opp frzn  loss -0.014  pg -0.0062  v 0.016  adv_std 0.183  tR +0.48  ent[s/d/p/e] 0.59/2.55/1.74/0.50  emits 1.68  clip 0.16  kl +0.009
upd  222  steps 3653632  sps 5153  opp rand  loss -0.016  pg -0.0073  v 0.010  adv_std 0.144  tR +0.50  ent[s/d/p/e] 0.48/2.56/1.76/0.54  emits 1.57  clip 0.17  kl +0.007
upd  223  steps 3670016  sps 5157  opp frzn  loss -0.013  pg -0.0054  v 0.014  adv_std 0.169  tR +0.43  ent[s/d/p/e] 0.50/2.53/1.75/0.49  emits 1.70  clip 0.15  kl +0.007
upd  224  steps 3686400  sps 5162  opp rand  loss -0.013  pg -0.0062  v 0.020  adv_std 0.208  tR +0.44  ent[s/d/p/e] 0.53/2.56/1.73/0.53  emits 1.68  clip 0.16  kl +0.006 WRr 0.75 WRf 0.84
upd  225  steps 3702784  sps 5096  opp frzn  loss -0.014  pg -0.0059  v 0.011  adv_std 0.152  tR +0.39  ent[s/d/p/e] 0.48/2.51/1.80/0.49  emits 1.56  clip 0.15  kl +0.007
upd  226  steps 3719168  sps 5100  opp frzn  loss -0.015  pg -0.0075  v 0.014  adv_std 0.174  tR +0.42  ent[s/d/p/e] 0.51/2.54/1.75/0.50  emits 1.60  clip 0.13  kl +0.006
upd  227  steps 3735552  sps 5104  opp frzn  loss -0.014  pg -0.0058  v 0.012  adv_std 0.158  tR +0.29  ent[s/d/p/e] 0.56/2.50/1.79/0.51  emits 1.68  clip 0.14  kl +0.006
upd  228  steps 3751936  sps 5107  opp frzn  loss -0.015  pg -0.0064  v 0.013  adv_std 0.167  tR +0.43  ent[s/d/p/e] 0.49/2.53/1.78/0.50  emits 1.58  clip 0.13  kl +0.007
upd  229  steps 3768320  sps 5112  opp rand  loss -0.014  pg -0.0069  v 0.018  adv_std 0.197  tR +0.43  ent[s/d/p/e] 0.53/2.54/1.74/0.54  emits 1.66  clip 0.17  kl +0.007
upd  230  steps 3784704  sps 5116  opp frzn  loss -0.016  pg -0.0067  v 0.009  adv_std 0.132  tR +0.55  ent[s/d/p/e] 0.46/2.52/1.80/0.52  emits 1.42  clip 0.13  kl +0.005
upd  231  steps 3801088  sps 5120  opp rand  loss -0.014  pg -0.0070  v 0.019  adv_std 0.202  tR +0.43  ent[s/d/p/e] 0.54/2.54/1.75/0.51  emits 1.60  clip 0.15  kl +0.008
upd  232  steps 3817472  sps 5124  opp frzn  loss -0.016  pg -0.0073  v 0.014  adv_std 0.171  tR +0.49  ent[s/d/p/e] 0.55/2.54/1.76/0.50  emits 1.68  clip 0.16  kl +0.008
upd  233  steps 3833856  sps 5128  opp frzn  loss -0.013  pg -0.0047  v 0.015  adv_std 0.175  tR +0.41  ent[s/d/p/e] 0.49/2.55/1.76/0.47  emits 1.64  clip 0.16  kl +0.008
upd  234  steps 3850240  sps 5131  opp frzn  loss -0.014  pg -0.0064  v 0.017  adv_std 0.188  tR +0.52  ent[s/d/p/e] 0.57/2.57/1.75/0.49  emits 1.80  clip 0.15  kl +0.007
upd  235  steps 3866624  sps 5136  opp rand  loss -0.015  pg -0.0060  v 0.010  adv_std 0.147  tR +0.37  ent[s/d/p/e] 0.41/2.51/1.82/0.50  emits 1.46  clip 0.14  kl +0.006
upd  236  steps 3883008  sps 5139  opp frzn  loss -0.015  pg -0.0078  v 0.019  adv_std 0.199  tR +0.48  ent[s/d/p/e] 0.53/2.51/1.77/0.49  emits 1.71  clip 0.15  kl +0.007
upd  237  steps 3899392  sps 5144  opp rand  loss -0.015  pg -0.0060  v 0.010  adv_std 0.148  tR +0.45  ent[s/d/p/e] 0.48/2.50/1.80/0.51  emits 1.50  clip 0.13  kl +0.005
upd  238  steps 3915776  sps 5147  opp frzn  loss -0.014  pg -0.0060  v 0.012  adv_std 0.158  tR +0.52  ent[s/d/p/e] 0.50/2.51/1.78/0.48  emits 1.55  clip 0.16  kl +0.007
upd  239  steps 3932160  sps 5151  opp frzn  loss -0.014  pg -0.0066  v 0.019  adv_std 0.199  tR +0.40  ent[s/d/p/e] 0.55/2.51/1.76/0.50  emits 1.65  clip 0.14  kl +0.006
upd  240  steps 3948544  sps 5155  opp rand  loss -0.013  pg -0.0048  v 0.010  adv_std 0.147  tR +0.53  ent[s/d/p/e] 0.44/2.46/1.82/0.49  emits 1.46  clip 0.17  kl +0.008
upd  241  steps 3964928  sps 5159  opp frzn  loss -0.012  pg -0.0042  v 0.017  adv_std 0.192  tR +0.48  ent[s/d/p/e] 0.55/2.49/1.77/0.47  emits 1.61  clip 0.15  kl +0.008
upd  242  steps 3981312  sps 5162  opp frzn  loss -0.013  pg -0.0050  v 0.012  adv_std 0.157  tR +0.44  ent[s/d/p/e] 0.48/2.48/1.78/0.49  emits 1.53  clip 0.14  kl +0.007
upd  243  steps 3997696  sps 5165  opp frzn  loss -0.014  pg -0.0059  v 0.013  adv_std 0.164  tR +0.43  ent[s/d/p/e] 0.47/2.50/1.79/0.47  emits 1.59  clip 0.14  kl +0.006
upd  244  steps 4014080  sps 5169  opp frzn  loss -0.013  pg -0.0053  v 0.016  adv_std 0.187  tR +0.42  ent[s/d/p/e] 0.55/2.48/1.75/0.48  emits 1.74  clip 0.16  kl +0.008
upd  245  steps 4030464  sps 5173  opp rand  loss -0.014  pg -0.0056  v 0.009  adv_std 0.139  tR +0.54  ent[s/d/p/e] 0.43/2.45/1.82/0.48  emits 1.39  clip 0.17  kl +0.008
upd  246  steps 4046848  sps 5177  opp rand  loss -0.014  pg -0.0065  v 0.014  adv_std 0.169  tR +0.55  ent[s/d/p/e] 0.47/2.48/1.77/0.48  emits 1.57  clip 0.15  kl +0.007
upd  247  steps 4063232  sps 5181  opp rand  loss -0.015  pg -0.0064  v 0.009  adv_std 0.140  tR +0.56  ent[s/d/p/e] 0.49/2.49/1.78/0.49  emits 1.48  clip 0.15  kl +0.006
upd  248  steps 4079616  sps 5185  opp rand  loss -0.012  pg -0.0032  v 0.010  adv_std 0.150  tR +0.46  ent[s/d/p/e] 0.48/2.48/1.79/0.49  emits 1.50  clip 0.15  kl +0.007
upd  249  steps 4096000  sps 5188  opp frzn  loss -0.017  pg -0.0085  v 0.014  adv_std 0.171  tR +0.61  ent[s/d/p/e] 0.59/2.48/1.75/0.48  emits 1.66  clip 0.14  kl +0.006 WRr 0.84 WRf 0.78
upd  250  steps 4112384  sps 5133  opp rand  loss -0.014  pg -0.0057  v 0.012  adv_std 0.156  tR +0.49  ent[s/d/p/e] 0.43/2.45/1.81/0.47  emits 1.36  clip 0.16  kl +0.008
upd  251  steps 4128768  sps 5137  opp rand  loss -0.015  pg -0.0078  v 0.017  adv_std 0.190  tR +0.48  ent[s/d/p/e] 0.50/2.49/1.77/0.47  emits 1.55  clip 0.14  kl +0.007
upd  252  steps 4145152  sps 5142  opp rand  loss -0.016  pg -0.0073  v 0.010  adv_std 0.148  tR +0.49  ent[s/d/p/e] 0.50/2.45/1.80/0.48  emits 1.43  clip 0.16  kl +0.007
upd  253  steps 4161536  sps 5146  opp rand  loss -0.011  pg -0.0035  v 0.014  adv_std 0.170  tR +0.52  ent[s/d/p/e] 0.47/2.46/1.79/0.46  emits 1.46  clip 0.14  kl +0.007
upd  254  steps 4177920  sps 5150  opp rand  loss -0.014  pg -0.0065  v 0.016  adv_std 0.182  tR +0.49  ent[s/d/p/e] 0.52/2.45/1.76/0.48  emits 1.55  clip 0.16  kl +0.009
upd  255  steps 4194304  sps 5154  opp rand  loss -0.016  pg -0.0077  v 0.011  adv_std 0.154  tR +0.45  ent[s/d/p/e] 0.46/2.41/1.81/0.47  emits 1.41  clip 0.13  kl +0.005
upd  256  steps 4210688  sps 5158  opp rand  loss -0.014  pg -0.0064  v 0.016  adv_std 0.186  tR +0.55  ent[s/d/p/e] 0.52/2.48/1.77/0.47  emits 1.60  clip 0.15  kl +0.007
upd  257  steps 4227072  sps 5162  opp rand  loss -0.016  pg -0.0073  v 0.010  adv_std 0.148  tR +0.48  ent[s/d/p/e] 0.51/2.45/1.80/0.51  emits 1.52  clip 0.13  kl +0.006
upd  258  steps 4243456  sps 5165  opp frzn  loss -0.013  pg -0.0054  v 0.013  adv_std 0.167  tR +0.45  ent[s/d/p/e] 0.47/2.47/1.78/0.45  emits 1.65  clip 0.15  kl +0.007
upd  259  steps 4259840  sps 5168  opp frzn  loss -0.014  pg -0.0065  v 0.020  adv_std 0.208  tR +0.42  ent[s/d/p/e] 0.64/2.48/1.75/0.45  emits 1.86  clip 0.16  kl +0.007
upd  260  steps 4276224  sps 5172  opp frzn  loss -0.015  pg -0.0064  v 0.007  adv_std 0.127  tR +0.62  ent[s/d/p/e] 0.45/2.45/1.80/0.46  emits 1.51  clip 0.15  kl +0.007
upd  261  steps 4292608  sps 5176  opp rand  loss -0.017  pg -0.0086  v 0.014  adv_std 0.174  tR +0.63  ent[s/d/p/e] 0.54/2.47/1.76/0.48  emits 1.61  clip 0.15  kl +0.007
upd  262  steps 4308992  sps 5179  opp rand  loss -0.014  pg -0.0057  v 0.011  adv_std 0.154  tR +0.48  ent[s/d/p/e] 0.47/2.47/1.79/0.50  emits 1.49  clip 0.17  kl +0.007
upd  263  steps 4325376  sps 5183  opp rand  loss -0.015  pg -0.0066  v 0.012  adv_std 0.164  tR +0.50  ent[s/d/p/e] 0.50/2.48/1.79/0.48  emits 1.58  clip 0.14  kl +0.007
upd  264  steps 4341760  sps 5187  opp rand  loss -0.015  pg -0.0068  v 0.016  adv_std 0.182  tR +0.54  ent[s/d/p/e] 0.61/2.50/1.76/0.47  emits 1.66  clip 0.16  kl +0.008
upd  265  steps 4358144  sps 5191  opp rand  loss -0.016  pg -0.0067  v 0.008  adv_std 0.131  tR +0.52  ent[s/d/p/e] 0.47/2.42/1.82/0.49  emits 1.40  clip 0.14  kl +0.007
upd  266  steps 4374528  sps 5194  opp frzn  loss -0.014  pg -0.0062  v 0.015  adv_std 0.182  tR +0.60  ent[s/d/p/e] 0.55/2.49/1.77/0.47  emits 1.77  clip 0.18  kl +0.007
upd  267  steps 4390912  sps 5197  opp frzn  loss -0.015  pg -0.0061  v 0.011  adv_std 0.153  tR +0.54  ent[s/d/p/e] 0.55/2.46/1.77/0.48  emits 1.61  clip 0.16  kl +0.007
upd  268  steps 4407296  sps 5200  opp frzn  loss -0.014  pg -0.0065  v 0.018  adv_std 0.195  tR +0.53  ent[s/d/p/e] 0.53/2.48/1.78/0.45  emits 1.65  clip 0.16  kl +0.007
upd  269  steps 4423680  sps 5204  opp rand  loss -0.013  pg -0.0063  v 0.019  adv_std 0.199  tR +0.53  ent[s/d/p/e] 0.58/2.49/1.76/0.50  emits 1.59  clip 0.16  kl +0.007
upd  270  steps 4440064  sps 5208  opp rand  loss -0.017  pg -0.0079  v 0.008  adv_std 0.130  tR +0.57  ent[s/d/p/e] 0.44/2.40/1.82/0.47  emits 1.41  clip 0.15  kl +0.007
upd  271  steps 4456448  sps 5211  opp rand  loss -0.015  pg -0.0070  v 0.014  adv_std 0.174  tR +0.58  ent[s/d/p/e] 0.51/2.44/1.79/0.49  emits 1.55  clip 0.15  kl +0.008
upd  272  steps 4472832  sps 5215  opp rand  loss -0.014  pg -0.0054  v 0.010  adv_std 0.147  tR +0.50  ent[s/d/p/e] 0.49/2.45/1.79/0.49  emits 1.48  clip 0.16  kl +0.008
upd  273  steps 4489216  sps 5219  opp rand  loss -0.014  pg -0.0058  v 0.013  adv_std 0.162  tR +0.48  ent[s/d/p/e] 0.47/2.43/1.80/0.47  emits 1.52  clip 0.14  kl +0.006
upd  274  steps 4505600  sps 5222  opp rand  loss -0.014  pg -0.0067  v 0.017  adv_std 0.189  tR +0.52  ent[s/d/p/e] 0.50/2.47/1.78/0.49  emits 1.55  clip 0.16  kl +0.006 WRr 0.84 WRf 0.78
upd  275  steps 4521984  sps 5167  opp frzn  loss -0.014  pg -0.0054  v 0.009  adv_std 0.139  tR +0.64  ent[s/d/p/e] 0.50/2.42/1.81/0.45  emits 1.48  clip 0.15  kl +0.006
upd  276  steps 4538368  sps 5171  opp rand  loss -0.016  pg -0.0085  v 0.015  adv_std 0.178  tR +0.52  ent[s/d/p/e] 0.50/2.46/1.79/0.47  emits 1.60  clip 0.14  kl +0.006
upd  277  steps 4554752  sps 5174  opp frzn  loss -0.016  pg -0.0075  v 0.011  adv_std 0.151  tR +0.48  ent[s/d/p/e] 0.52/2.43/1.80/0.45  emits 1.55  clip 0.15  kl +0.005
upd  278  steps 4571136  sps 5177  opp frzn  loss -0.016  pg -0.0068  v 0.010  adv_std 0.142  tR +0.57  ent[s/d/p/e] 0.53/2.43/1.81/0.45  emits 1.61  clip 0.13  kl +0.006
upd  279  steps 4587520  sps 5180  opp rand  loss -0.015  pg -0.0074  v 0.018  adv_std 0.195  tR +0.58  ent[s/d/p/e] 0.53/2.46/1.78/0.48  emits 1.67  clip 0.16  kl +0.010
upd  280  steps 4603904  sps 5183  opp frzn  loss -0.015  pg -0.0058  v 0.010  adv_std 0.141  tR +0.48  ent[s/d/p/e] 0.50/2.39/1.81/0.44  emits 1.51  clip 0.14  kl +0.008
upd  281  steps 4620288  sps 5186  opp frzn  loss -0.013  pg -0.0058  v 0.017  adv_std 0.190  tR +0.40  ent[s/d/p/e] 0.56/2.44/1.78/0.42  emits 1.72  clip 0.15  kl +0.007
upd  282  steps 4636672  sps 5190  opp rand  loss -0.015  pg -0.0070  v 0.012  adv_std 0.158  tR +0.48  ent[s/d/p/e] 0.46/2.41/1.79/0.48  emits 1.56  clip 0.14  kl +0.006
upd  283  steps 4653056  sps 5192  opp frzn  loss -0.015  pg -0.0073  v 0.014  adv_std 0.173  tR +0.54  ent[s/d/p/e] 0.47/2.43/1.81/0.44  emits 1.55  clip 0.13  kl +0.006
upd  284  steps 4669440  sps 5196  opp rand  loss -0.015  pg -0.0075  v 0.017  adv_std 0.190  tR +0.59  ent[s/d/p/e] 0.58/2.47/1.78/0.47  emits 1.68  clip 0.16  kl +0.008
upd  285  steps 4685824  sps 5199  opp frzn  loss -0.015  pg -0.0060  v 0.009  adv_std 0.141  tR +0.48  ent[s/d/p/e] 0.50/2.37/1.81/0.42  emits 1.45  clip 0.17  kl +0.006
upd  286  steps 4702208  sps 5202  opp rand  loss -0.015  pg -0.0073  v 0.014  adv_std 0.172  tR +0.52  ent[s/d/p/e] 0.56/2.43/1.79/0.46  emits 1.64  clip 0.14  kl +0.007
upd  287  steps 4718592  sps 5206  opp rand  loss -0.015  pg -0.0067  v 0.011  adv_std 0.155  tR +0.45  ent[s/d/p/e] 0.46/2.37/1.79/0.47  emits 1.46  clip 0.14  kl +0.007
upd  288  steps 4734976  sps 5209  opp rand  loss -0.014  pg -0.0056  v 0.013  adv_std 0.163  tR +0.44  ent[s/d/p/e] 0.46/2.38/1.81/0.44  emits 1.51  clip 0.16  kl +0.007
upd  289  steps 4751360  sps 5213  opp rand  loss -0.017  pg -0.0094  v 0.017  adv_std 0.187  tR +0.53  ent[s/d/p/e] 0.52/2.43/1.80/0.46  emits 1.65  clip 0.15  kl +0.007
upd  290  steps 4767744  sps 5216  opp rand  loss -0.017  pg -0.0085  v 0.009  adv_std 0.138  tR +0.65  ent[s/d/p/e] 0.44/2.33/1.82/0.43  emits 1.38  clip 0.16  kl +0.006
upd  291  steps 4784128  sps 5220  opp rand  loss -0.014  pg -0.0055  v 0.012  adv_std 0.154  tR +0.62  ent[s/d/p/e] 0.59/2.40/1.79/0.46  emits 1.56  clip 0.17  kl +0.007
upd  292  steps 4800512  sps 5223  opp rand  loss -0.013  pg -0.0051  v 0.011  adv_std 0.155  tR +0.59  ent[s/d/p/e] 0.53/2.36/1.80/0.45  emits 1.49  clip 0.16  kl +0.007
upd  293  steps 4816896  sps 5227  opp rand  loss -0.016  pg -0.0078  v 0.011  adv_std 0.154  tR +0.57  ent[s/d/p/e] 0.52/2.31/1.80/0.42  emits 1.39  clip 0.14  kl +0.005
upd  294  steps 4833280  sps 5229  opp frzn  loss -0.015  pg -0.0070  v 0.013  adv_std 0.170  tR +0.60  ent[s/d/p/e] 0.57/2.37/1.78/0.42  emits 1.54  clip 0.15  kl +0.005
upd  295  steps 4849664  sps 5232  opp frzn  loss -0.016  pg -0.0072  v 0.007  adv_std 0.121  tR +0.59  ent[s/d/p/e] 0.47/2.30/1.81/0.40  emits 1.41  clip 0.12  kl +0.005
upd  296  steps 4866048  sps 5235  opp frzn  loss -0.015  pg -0.0078  v 0.016  adv_std 0.187  tR +0.61  ent[s/d/p/e] 0.55/2.36/1.79/0.42  emits 1.58  clip 0.16  kl +0.006
upd  297  steps 4882432  sps 5238  opp rand  loss -0.015  pg -0.0067  v 0.009  adv_std 0.138  tR +0.63  ent[s/d/p/e] 0.50/2.33/1.79/0.45  emits 1.38  clip 0.13  kl +0.006
upd  298  steps 4898816  sps 5241  opp frzn  loss -0.014  pg -0.0064  v 0.012  adv_std 0.167  tR +0.51  ent[s/d/p/e] 0.51/2.31/1.80/0.42  emits 1.42  clip 0.14  kl +0.006
upd  299  steps 4915200  sps 5244  opp rand  loss -0.013  pg -0.0058  v 0.016  adv_std 0.181  tR +0.53  ent[s/d/p/e] 0.54/2.35/1.77/0.45  emits 1.50  clip 0.17  kl +0.008 WRr 0.84 WRf 0.88
upd  300  steps 4931584  sps 5196  opp frzn  loss -0.014  pg -0.0057  v 0.010  adv_std 0.145  tR +0.38  ent[s/d/p/e] 0.49/2.27/1.80/0.40  emits 1.40  clip 0.15  kl +0.007
upd  301  steps 4947968  sps 5198  opp frzn  loss -0.015  pg -0.0073  v 0.013  adv_std 0.168  tR +0.54  ent[s/d/p/e] 0.60/2.34/1.77/0.43  emits 1.65  clip 0.15  kl +0.008
upd  302  steps 4964352  sps 5202  opp rand  loss -0.017  pg -0.0076  v 0.009  adv_std 0.138  tR +0.61  ent[s/d/p/e] 0.55/2.32/1.78/0.47  emits 1.49  clip 0.15  kl +0.007
upd  303  steps 4980736  sps 5204  opp frzn  loss -0.017  pg -0.0082  v 0.010  adv_std 0.145  tR +0.66  ent[s/d/p/e] 0.55/2.32/1.78/0.44  emits 1.47  clip 0.15  kl +0.008
upd  304  steps 4997120  sps 5208  opp rand  loss -0.016  pg -0.0076  v 0.013  adv_std 0.167  tR +0.63  ent[s/d/p/e] 0.54/2.37/1.77/0.48  emits 1.48  clip 0.16  kl +0.007
upd  305  steps 5013504  sps 5211  opp rand  loss -0.015  pg -0.0063  v 0.007  adv_std 0.123  tR +0.69  ent[s/d/p/e] 0.50/2.30/1.79/0.46  emits 1.37  clip 0.14  kl +0.007
upd  306  steps 5029888  sps 5214  opp rand  loss -0.014  pg -0.0059  v 0.013  adv_std 0.173  tR +0.55  ent[s/d/p/e] 0.51/2.36/1.77/0.47  emits 1.54  clip 0.16  kl +0.007
upd  307  steps 5046272  sps 5217  opp frzn  loss -0.015  pg -0.0070  v 0.011  adv_std 0.153  tR +0.55  ent[s/d/p/e] 0.50/2.33/1.78/0.47  emits 1.47  clip 0.15  kl +0.008
upd  308  steps 5062656  sps 5220  opp rand  loss -0.016  pg -0.0079  v 0.011  adv_std 0.155  tR +0.46  ent[s/d/p/e] 0.48/2.34/1.80/0.45  emits 1.50  clip 0.14  kl +0.007
upd  309  steps 5079040  sps 5223  opp rand  loss -0.015  pg -0.0066  v 0.013  adv_std 0.170  tR +0.56  ent[s/d/p/e] 0.56/2.37/1.78/0.49  emits 1.54  clip 0.15  kl +0.006
upd  310  steps 5095424  sps 5227  opp rand  loss -0.015  pg -0.0061  v 0.008  adv_std 0.134  tR +0.63  ent[s/d/p/e] 0.46/2.27/1.81/0.47  emits 1.44  clip 0.14  kl +0.007
upd  311  steps 5111808  sps 5230  opp rand  loss -0.016  pg -0.0082  v 0.015  adv_std 0.182  tR +0.57  ent[s/d/p/e] 0.49/2.34/1.79/0.47  emits 1.56  clip 0.15  kl +0.006
upd  312  steps 5128192  sps 5232  opp frzn  loss -0.016  pg -0.0076  v 0.010  adv_std 0.146  tR +0.62  ent[s/d/p/e] 0.57/2.33/1.78/0.46  emits 1.57  clip 0.14  kl +0.006
upd  313  steps 5144576  sps 5235  opp rand  loss -0.016  pg -0.0076  v 0.012  adv_std 0.156  tR +0.64  ent[s/d/p/e] 0.56/2.34/1.81/0.45  emits 1.57  clip 0.16  kl +0.006
upd  314  steps 5160960  sps 5239  opp rand  loss -0.014  pg -0.0066  v 0.018  adv_std 0.198  tR +0.42  ent[s/d/p/e] 0.52/2.38/1.78/0.45  emits 1.65  clip 0.17  kl +0.009
upd  315  steps 5177344  sps 5241  opp frzn  loss -0.015  pg -0.0069  v 0.010  adv_std 0.146  tR +0.50  ent[s/d/p/e] 0.51/2.30/1.80/0.44  emits 1.46  clip 0.13  kl +0.005
upd  316  steps 5193728  sps 5243  opp frzn  loss -0.015  pg -0.0068  v 0.012  adv_std 0.158  tR +0.58  ent[s/d/p/e] 0.56/2.35/1.78/0.45  emits 1.59  clip 0.14  kl +0.007
upd  317  steps 5210112  sps 5246  opp frzn  loss -0.014  pg -0.0060  v 0.012  adv_std 0.161  tR +0.55  ent[s/d/p/e] 0.53/2.34/1.79/0.45  emits 1.55  clip 0.15  kl +0.007
upd  318  steps 5226496  sps 5248  opp frzn  loss -0.016  pg -0.0070  v 0.010  adv_std 0.147  tR +0.68  ent[s/d/p/e] 0.55/2.29/1.81/0.43  emits 1.43  clip 0.13  kl +0.007
upd  319  steps 5242880  sps 5251  opp rand  loss -0.014  pg -0.0054  v 0.012  adv_std 0.162  tR +0.64  ent[s/d/p/e] 0.57/2.32/1.79/0.49  emits 1.43  clip 0.16  kl +0.006
upd  320  steps 5259264  sps 5254  opp frzn  loss -0.016  pg -0.0082  v 0.013  adv_std 0.168  tR +0.36  ent[s/d/p/e] 0.42/2.31/1.82/0.44  emits 1.40  clip 0.14  kl +0.008
upd  321  steps 5275648  sps 5257  opp rand  loss -0.015  pg -0.0069  v 0.014  adv_std 0.174  tR +0.51  ent[s/d/p/e] 0.51/2.30/1.79/0.46  emits 1.44  clip 0.14  kl +0.006
upd  322  steps 5292032  sps 5259  opp frzn  loss -0.014  pg -0.0059  v 0.011  adv_std 0.152  tR +0.56  ent[s/d/p/e] 0.51/2.33/1.79/0.46  emits 1.44  clip 0.16  kl +0.007
upd  323  steps 5308416  sps 5261  opp frzn  loss -0.014  pg -0.0059  v 0.012  adv_std 0.159  tR +0.50  ent[s/d/p/e] 0.51/2.34/1.80/0.43  emits 1.52  clip 0.14  kl +0.007
upd  324  steps 5324800  sps 5264  opp rand  loss -0.015  pg -0.0069  v 0.013  adv_std 0.165  tR +0.61  ent[s/d/p/e] 0.53/2.33/1.78/0.48  emits 1.44  clip 0.15  kl +0.007 WRr 0.84 WRf 0.88
upd  325  steps 5341184  sps 5219  opp frzn  loss -0.016  pg -0.0078  v 0.010  adv_std 0.149  tR +0.62  ent[s/d/p/e] 0.46/2.30/1.83/0.44  emits 1.38  clip 0.15  kl +0.009
upd  326  steps 5357568  sps 5222  opp frzn  loss -0.014  pg -0.0061  v 0.014  adv_std 0.173  tR +0.59  ent[s/d/p/e] 0.58/2.31/1.78/0.47  emits 1.59  clip 0.14  kl +0.005
upd  327  steps 5373952  sps 5225  opp rand  loss -0.016  pg -0.0076  v 0.010  adv_std 0.144  tR +0.56  ent[s/d/p/e] 0.50/2.28/1.80/0.49  emits 1.39  clip 0.14  kl +0.006
upd  328  steps 5390336  sps 5228  opp rand  loss -0.015  pg -0.0062  v 0.010  adv_std 0.151  tR +0.66  ent[s/d/p/e] 0.50/2.27/1.80/0.47  emits 1.40  clip 0.15  kl +0.008
upd  329  steps 5406720  sps 5230  opp frzn  loss -0.015  pg -0.0072  v 0.016  adv_std 0.183  tR +0.64  ent[s/d/p/e] 0.59/2.33/1.78/0.49  emits 1.59  clip 0.16  kl +0.008
upd  330  steps 5423104  sps 5233  opp rand  loss -0.017  pg -0.0078  v 0.007  adv_std 0.127  tR +0.68  ent[s/d/p/e] 0.45/2.24/1.82/0.46  emits 1.33  clip 0.13  kl +0.006
upd  331  steps 5439488  sps 5236  opp rand  loss -0.013  pg -0.0045  v 0.012  adv_std 0.161  tR +0.61  ent[s/d/p/e] 0.48/2.29/1.77/0.48  emits 1.43  clip 0.17  kl +0.008
upd  332  steps 5455872  sps 5239  opp frzn  loss -0.015  pg -0.0063  v 0.007  adv_std 0.125  tR +0.68  ent[s/d/p/e] 0.55/2.31/1.77/0.45  emits 1.40  clip 0.15  kl +0.008
upd  333  steps 5472256  sps 5241  opp frzn  loss -0.017  pg -0.0079  v 0.008  adv_std 0.128  tR +0.80  ent[s/d/p/e] 0.54/2.32/1.79/0.45  emits 1.50  clip 0.13  kl +0.006
upd  334  steps 5488640  sps 5244  opp rand  loss -0.016  pg -0.0080  v 0.012  adv_std 0.157  tR +0.62  ent[s/d/p/e] 0.58/2.31/1.76/0.48  emits 1.43  clip 0.16  kl +0.007
upd  335  steps 5505024  sps 5247  opp rand  loss -0.016  pg -0.0074  v 0.007  adv_std 0.125  tR +0.66  ent[s/d/p/e] 0.53/2.19/1.81/0.44  emits 1.28  clip 0.16  kl +0.009
upd  336  steps 5521408  sps 5249  opp frzn  loss -0.014  pg -0.0061  v 0.014  adv_std 0.172  tR +0.64  ent[s/d/p/e] 0.56/2.31/1.78/0.48  emits 1.56  clip 0.16  kl +0.007
upd  337  steps 5537792  sps 5252  opp rand  loss -0.016  pg -0.0069  v 0.008  adv_std 0.127  tR +0.75  ent[s/d/p/e] 0.56/2.29/1.78/0.47  emits 1.44  clip 0.18  kl +0.009
upd  338  steps 5554176  sps 5254  opp frzn  loss -0.017  pg -0.0082  v 0.008  adv_std 0.130  tR +0.67  ent[s/d/p/e] 0.51/2.30/1.80/0.46  emits 1.50  clip 0.17  kl +0.007
upd  339  steps 5570560  sps 5256  opp frzn  loss -0.015  pg -0.0069  v 0.012  adv_std 0.156  tR +0.63  ent[s/d/p/e] 0.59/2.35/1.77/0.47  emits 1.73  clip 0.18  kl +0.008
upd  340  steps 5586944  sps 5259  opp rand  loss -0.014  pg -0.0051  v 0.010  adv_std 0.143  tR +0.60  ent[s/d/p/e] 0.49/2.20/1.81/0.48  emits 1.33  clip 0.14  kl +0.007
upd  341  steps 5603328  sps 5262  opp rand  loss -0.015  pg -0.0074  v 0.012  adv_std 0.164  tR +0.58  ent[s/d/p/e] 0.48/2.31/1.76/0.47  emits 1.47  clip 0.15  kl +0.007
upd  342  steps 5619712  sps 5265  opp rand  loss -0.016  pg -0.0079  v 0.010  adv_std 0.149  tR +0.60  ent[s/d/p/e] 0.51/2.26/1.77/0.47  emits 1.40  clip 0.16  kl +0.008
upd  343  steps 5636096  sps 5268  opp rand  loss -0.016  pg -0.0069  v 0.009  adv_std 0.140  tR +0.66  ent[s/d/p/e] 0.53/2.23/1.79/0.45  emits 1.38  clip 0.16  kl +0.006
upd  344  steps 5652480  sps 5270  opp frzn  loss -0.016  pg -0.0077  v 0.010  adv_std 0.145  tR +0.71  ent[s/d/p/e] 0.58/2.36/1.77/0.44  emits 1.63  clip 0.16  kl +0.007
upd  345  steps 5668864  sps 5272  opp frzn  loss -0.016  pg -0.0068  v 0.007  adv_std 0.123  tR +0.67  ent[s/d/p/e] 0.58/2.22/1.79/0.43  emits 1.39  clip 0.16  kl +0.007
upd  346  steps 5685248  sps 5274  opp frzn  loss -0.015  pg -0.0069  v 0.013  adv_std 0.164  tR +0.61  ent[s/d/p/e] 0.54/2.28/1.77/0.46  emits 1.54  clip 0.17  kl +0.008
upd  347  steps 5701632  sps 5277  opp rand  loss -0.016  pg -0.0072  v 0.008  adv_std 0.127  tR +0.72  ent[s/d/p/e] 0.51/2.26/1.77/0.48  emits 1.39  clip 0.16  kl +0.008
upd  348  steps 5718016  sps 5280  opp rand  loss -0.015  pg -0.0074  v 0.012  adv_std 0.159  tR +0.66  ent[s/d/p/e] 0.49/2.23/1.78/0.47  emits 1.37  clip 0.13  kl +0.007
upd  349  steps 5734400  sps 5282  opp frzn  loss -0.015  pg -0.0069  v 0.012  adv_std 0.160  tR +0.64  ent[s/d/p/e] 0.62/2.32/1.75/0.46  emits 1.56  clip 0.17  kl +0.008 WRr 0.72 WRf 0.88
upd  350  steps 5750784  sps 5237  opp rand  loss -0.017  pg -0.0083  v 0.007  adv_std 0.120  tR +0.62  ent[s/d/p/e] 0.42/2.20/1.78/0.48  emits 1.31  clip 0.14  kl +0.007
upd  351  steps 5767168  sps 5239  opp frzn  loss -0.016  pg -0.0071  v 0.008  adv_std 0.131  tR +0.74  ent[s/d/p/e] 0.53/2.31/1.75/0.46  emits 1.50  clip 0.16  kl +0.007
upd  352  steps 5783552  sps 5242  opp rand  loss -0.015  pg -0.0059  v 0.009  adv_std 0.142  tR +0.60  ent[s/d/p/e] 0.55/2.26/1.75/0.49  emits 1.38  clip 0.17  kl +0.010
upd  353  steps 5799936  sps 5244  opp frzn  loss -0.015  pg -0.0069  v 0.013  adv_std 0.167  tR +0.61  ent[s/d/p/e] 0.53/2.33/1.77/0.44  emits 1.59  clip 0.17  kl +0.009
upd  354  steps 5816320  sps 5247  opp rand  loss -0.017  pg -0.0092  v 0.012  adv_std 0.163  tR +0.56  ent[s/d/p/e] 0.60/2.32/1.74/0.47  emits 1.55  clip 0.15  kl +0.006
upd  355  steps 5832704  sps 5250  opp rand  loss -0.015  pg -0.0060  v 0.007  adv_std 0.124  tR +0.70  ent[s/d/p/e] 0.42/2.22/1.78/0.46  emits 1.32  clip 0.15  kl +0.006
upd  356  steps 5849088  sps 5253  opp rand  loss -0.015  pg -0.0067  v 0.013  adv_std 0.166  tR +0.60  ent[s/d/p/e] 0.53/2.25/1.75/0.47  emits 1.41  clip 0.15  kl +0.007
upd  357  steps 5865472  sps 5255  opp rand  loss -0.016  pg -0.0076  v 0.010  adv_std 0.150  tR +0.65  ent[s/d/p/e] 0.58/2.23/1.75/0.46  emits 1.39  clip 0.16  kl +0.008
upd  358  steps 5881856  sps 5257  opp frzn  loss -0.016  pg -0.0072  v 0.007  adv_std 0.123  tR +0.72  ent[s/d/p/e] 0.54/2.26/1.77/0.43  emits 1.47  clip 0.13  kl +0.006
upd  359  steps 5898240  sps 5260  opp frzn  loss -0.016  pg -0.0077  v 0.010  adv_std 0.146  tR +0.75  ent[s/d/p/e] 0.65/2.34/1.73/0.42  emits 1.71  clip 0.17  kl +0.007
upd  360  steps 5914624  sps 5262  opp rand  loss -0.017  pg -0.0082  v 0.009  adv_std 0.137  tR +0.60  ent[s/d/p/e] 0.54/2.17/1.77/0.44  emits 1.32  clip 0.14  kl +0.008
upd  361  steps 5931008  sps 5265  opp rand  loss -0.015  pg -0.0070  v 0.011  adv_std 0.152  tR +0.63  ent[s/d/p/e] 0.52/2.26/1.74/0.45  emits 1.48  clip 0.18  kl +0.010
upd  362  steps 5947392  sps 5267  opp frzn  loss -0.017  pg -0.0075  v 0.008  adv_std 0.134  tR +0.69  ent[s/d/p/e] 0.62/2.25/1.75/0.45  emits 1.54  clip 0.16  kl +0.006
upd  363  steps 5963776  sps 5269  opp frzn  loss -0.015  pg -0.0063  v 0.007  adv_std 0.120  tR +0.75  ent[s/d/p/e] 0.58/2.25/1.77/0.44  emits 1.49  clip 0.14  kl +0.007
upd  364  steps 5980160  sps 5272  opp rand  loss -0.013  pg -0.0051  v 0.011  adv_std 0.151  tR +0.67  ent[s/d/p/e] 0.56/2.27/1.71/0.49  emits 1.46  clip 0.19  kl +0.010
upd  365  steps 5996544  sps 5274  opp frzn  loss -0.014  pg -0.0050  v 0.009  adv_std 0.135  tR +0.57  ent[s/d/p/e] 0.54/2.25/1.78/0.45  emits 1.50  clip 0.15  kl +0.008
upd  366  steps 6012928  sps 5276  opp frzn  loss -0.014  pg -0.0064  v 0.012  adv_std 0.162  tR +0.59  ent[s/d/p/e] 0.56/2.30/1.74/0.43  emits 1.62  clip 0.17  kl +0.009
upd  367  steps 6029312  sps 5278  opp rand  loss -0.016  pg -0.0072  v 0.009  adv_std 0.141  tR +0.60  ent[s/d/p/e] 0.59/2.21/1.75/0.47  emits 1.46  clip 0.16  kl +0.008
upd  368  steps 6045696  sps 5281  opp rand  loss -0.016  pg -0.0068  v 0.008  adv_std 0.130  tR +0.64  ent[s/d/p/e] 0.55/2.20/1.77/0.46  emits 1.41  clip 0.14  kl +0.007
upd  369  steps 6062080  sps 5284  opp rand  loss -0.015  pg -0.0071  v 0.012  adv_std 0.158  tR +0.60  ent[s/d/p/e] 0.64/2.26/1.74/0.47  emits 1.56  clip 0.16  kl +0.009
upd  370  steps 6078464  sps 5286  opp frzn  loss -0.016  pg -0.0067  v 0.005  adv_std 0.105  tR +0.79  ent[s/d/p/e] 0.60/2.17/1.78/0.44  emits 1.41  clip 0.14  kl +0.007
upd  371  steps 6094848  sps 5288  opp rand  loss -0.015  pg -0.0064  v 0.011  adv_std 0.158  tR +0.67  ent[s/d/p/e] 0.58/2.19/1.75/0.47  emits 1.47  clip 0.16  kl +0.008
upd  372  steps 6111232  sps 5291  opp rand  loss -0.015  pg -0.0071  v 0.013  adv_std 0.165  tR +0.63  ent[s/d/p/e] 0.60/2.18/1.75/0.47  emits 1.41  clip 0.14  kl +0.007
upd  373  steps 6127616  sps 5293  opp rand  loss -0.017  pg -0.0076  v 0.007  adv_std 0.120  tR +0.65  ent[s/d/p/e] 0.57/2.16/1.77/0.45  emits 1.41  clip 0.14  kl +0.007
upd  374  steps 6144000  sps 5295  opp frzn  loss -0.015  pg -0.0064  v 0.011  adv_std 0.155  tR +0.64  ent[s/d/p/e] 0.60/2.30/1.75/0.46  emits 1.71  clip 0.17  kl +0.007 WRr 0.94 WRf 0.75
upd  375  steps 6160384  sps 5256  opp rand  loss -0.017  pg -0.0080  v 0.007  adv_std 0.117  tR +0.61  ent[s/d/p/e] 0.49/2.13/1.75/0.46  emits 1.34  clip 0.12  kl +0.005
upd  376  steps 6176768  sps 5258  opp frzn  loss -0.016  pg -0.0084  v 0.015  adv_std 0.178  tR +0.59  ent[s/d/p/e] 0.58/2.30/1.73/0.44  emits 1.70  clip 0.16  kl +0.008
upd  377  steps 6193152  sps 5260  opp frzn  loss -0.012  pg -0.0044  v 0.014  adv_std 0.169  tR +0.54  ent[s/d/p/e] 0.63/2.27/1.73/0.44  emits 1.67  clip 0.19  kl +0.009
upd  378  steps 6209536  sps 5262  opp frzn  loss -0.014  pg -0.0054  v 0.010  adv_std 0.144  tR +0.62  ent[s/d/p/e] 0.57/2.21/1.74/0.41  emits 1.54  clip 0.14  kl +0.007
upd  379  steps 6225920  sps 5265  opp rand  loss -0.015  pg -0.0071  v 0.012  adv_std 0.162  tR +0.67  ent[s/d/p/e] 0.62/2.21/1.70/0.47  emits 1.55  clip 0.18  kl +0.009
upd  380  steps 6242304  sps 5267  opp frzn  loss -0.016  pg -0.0064  v 0.005  adv_std 0.109  tR +0.72  ent[s/d/p/e] 0.58/2.20/1.76/0.41  emits 1.56  clip 0.15  kl +0.008
upd  381  steps 6258688  sps 5269  opp frzn  loss -0.016  pg -0.0076  v 0.010  adv_std 0.145  tR +0.66  ent[s/d/p/e] 0.64/2.24/1.71/0.43  emits 1.63  clip 0.17  kl +0.007
upd  382  steps 6275072  sps 5271  opp frzn  loss -0.017  pg -0.0082  v 0.009  adv_std 0.138  tR +0.63  ent[s/d/p/e] 0.64/2.24/1.74/0.46  emits 1.64  clip 0.17  kl +0.007
upd  383  steps 6291456  sps 5273  opp frzn  loss -0.015  pg -0.0059  v 0.008  adv_std 0.133  tR +0.68  ent[s/d/p/e] 0.57/2.21/1.74/0.40  emits 1.63  clip 0.12  kl +0.006
upd  384  steps 6307840  sps 5275  opp frzn  loss -0.014  pg -0.0064  v 0.013  adv_std 0.168  tR +0.65  ent[s/d/p/e] 0.63/2.23/1.68/0.46  emits 1.58  clip 0.17  kl +0.008
upd  385  steps 6324224  sps 5277  opp rand  loss -0.016  pg -0.0067  v 0.005  adv_std 0.101  tR +0.72  ent[s/d/p/e] 0.52/2.10/1.71/0.43  emits 1.40  clip 0.15  kl +0.007
upd  386  steps 6340608  sps 5280  opp rand  loss -0.016  pg -0.0075  v 0.011  adv_std 0.155  tR +0.59  ent[s/d/p/e] 0.59/2.17/1.70/0.47  emits 1.53  clip 0.17  kl +0.008
upd  387  steps 6356992  sps 5282  opp frzn  loss -0.016  pg -0.0073  v 0.007  adv_std 0.127  tR +0.69  ent[s/d/p/e] 0.64/2.19/1.72/0.45  emits 1.47  clip 0.15  kl +0.007
upd  388  steps 6373376  sps 5283  opp frzn  loss -0.016  pg -0.0074  v 0.011  adv_std 0.155  tR +0.60  ent[s/d/p/e] 0.62/2.14/1.74/0.41  emits 1.45  clip 0.14  kl +0.006
upd  389  steps 6389760  sps 5285  opp frzn  loss -0.016  pg -0.0082  v 0.013  adv_std 0.169  tR +0.67  ent[s/d/p/e] 0.66/2.24/1.70/0.45  emits 1.71  clip 0.16  kl +0.008
upd  390  steps 6406144  sps 5288  opp rand  loss -0.015  pg -0.0058  v 0.006  adv_std 0.112  tR +0.77  ent[s/d/p/e] 0.60/2.07/1.73/0.44  emits 1.37  clip 0.15  kl +0.006
upd  391  steps 6422528  sps 5290  opp frzn  loss -0.016  pg -0.0070  v 0.009  adv_std 0.144  tR +0.72  ent[s/d/p/e] 0.68/2.23/1.70/0.42  emits 1.67  clip 0.16  kl +0.008
upd  392  steps 6438912  sps 5292  opp frzn  loss -0.016  pg -0.0069  v 0.009  adv_std 0.138  tR +0.57  ent[s/d/p/e] 0.60/2.23/1.73/0.44  emits 1.60  clip 0.16  kl +0.010
upd  393  steps 6455296  sps 5294  opp rand  loss -0.015  pg -0.0072  v 0.010  adv_std 0.146  tR +0.58  ent[s/d/p/e] 0.56/2.14/1.70/0.42  emits 1.49  clip 0.15  kl +0.007
upd  394  steps 6471680  sps 5296  opp rand  loss -0.016  pg -0.0079  v 0.014  adv_std 0.170  tR +0.63  ent[s/d/p/e] 0.66/2.20/1.67/0.47  emits 1.60  clip 0.14  kl +0.007
upd  395  steps 6488064  sps 5299  opp rand  loss -0.016  pg -0.0072  v 0.010  adv_std 0.144  tR +0.67  ent[s/d/p/e] 0.59/2.08/1.73/0.42  emits 1.42  clip 0.15  kl +0.008
upd  396  steps 6504448  sps 5301  opp rand  loss -0.013  pg -0.0049  v 0.013  adv_std 0.165  tR +0.65  ent[s/d/p/e] 0.63/2.13/1.70/0.47  emits 1.49  clip 0.16  kl +0.008
upd  397  steps 6520832  sps 5304  opp rand  loss -0.013  pg -0.0043  v 0.011  adv_std 0.151  tR +0.69  ent[s/d/p/e] 0.66/2.18/1.70/0.45  emits 1.56  clip 0.15  kl +0.008
upd  398  steps 6537216  sps 5306  opp rand  loss -0.016  pg -0.0074  v 0.008  adv_std 0.135  tR +0.68  ent[s/d/p/e] 0.60/2.11/1.72/0.43  emits 1.49  clip 0.14  kl +0.008
upd  399  steps 6553600  sps 5308  opp rand  loss -0.015  pg -0.0062  v 0.010  adv_std 0.147  tR +0.76  ent[s/d/p/e] 0.65/2.19/1.68/0.48  emits 1.65  clip 0.17  kl +0.007 WRr 0.78 WRf 0.88
upd  400  steps 6569984  sps 5272  opp rand  loss -0.016  pg -0.0070  v 0.006  adv_std 0.106  tR +0.68  ent[s/d/p/e] 0.61/2.12/1.73/0.44  emits 1.50  clip 0.16  kl +0.007
upd  401  steps 6586368  sps 5274  opp rand  loss -0.015  pg -0.0067  v 0.010  adv_std 0.147  tR +0.70  ent[s/d/p/e] 0.68/2.14/1.69/0.49  emits 1.60  clip 0.15  kl +0.008
upd  402  steps 6602752  sps 5277  opp rand  loss -0.015  pg -0.0067  v 0.010  adv_std 0.144  tR +0.75  ent[s/d/p/e] 0.64/2.12/1.70/0.48  emits 1.56  clip 0.18  kl +0.008
upd  403  steps 6619136  sps 5278  opp frzn  loss -0.018  pg -0.0088  v 0.007  adv_std 0.127  tR +0.71  ent[s/d/p/e] 0.64/2.14/1.72/0.44  emits 1.61  clip 0.14  kl +0.006
upd  404  steps 6635520  sps 5281  opp rand  loss -0.016  pg -0.0072  v 0.012  adv_std 0.165  tR +0.68  ent[s/d/p/e] 0.71/2.23/1.68/0.48  emits 1.72  clip 0.16  kl +0.007
upd  405  steps 6651904  sps 5283  opp frzn  loss -0.018  pg -0.0090  v 0.008  adv_std 0.135  tR +0.63  ent[s/d/p/e] 0.61/2.13/1.73/0.43  emits 1.50  clip 0.16  kl +0.006
upd  406  steps 6668288  sps 5285  opp rand  loss -0.015  pg -0.0068  v 0.012  adv_std 0.157  tR +0.63  ent[s/d/p/e] 0.64/2.17/1.68/0.47  emits 1.65  clip 0.17  kl +0.009
upd  407  steps 6684672  sps 5287  opp rand  loss -0.016  pg -0.0075  v 0.010  adv_std 0.144  tR +0.60  ent[s/d/p/e] 0.67/2.12/1.69/0.49  emits 1.56  clip 0.16  kl +0.008
upd  408  steps 6701056  sps 5289  opp frzn  loss -0.014  pg -0.0054  v 0.010  adv_std 0.145  tR +0.71  ent[s/d/p/e] 0.65/2.18/1.71/0.41  emits 1.69  clip 0.15  kl +0.008
upd  409  steps 6717440  sps 5292  opp rand  loss -0.016  pg -0.0079  v 0.012  adv_std 0.157  tR +0.64  ent[s/d/p/e] 0.67/2.19/1.65/0.49  emits 1.69  clip 0.16  kl +0.007
upd  410  steps 6733824  sps 5293  opp frzn  loss -0.015  pg -0.0060  v 0.006  adv_std 0.117  tR +0.75  ent[s/d/p/e] 0.62/2.09/1.74/0.43  emits 1.51  clip 0.17  kl +0.007
upd  411  steps 6750208  sps 5295  opp frzn  loss -0.015  pg -0.0071  v 0.012  adv_std 0.161  tR +0.63  ent[s/d/p/e] 0.67/2.21/1.70/0.46  emits 1.76  clip 0.15  kl +0.008
upd  412  steps 6766592  sps 5297  opp rand  loss -0.016  pg -0.0071  v 0.009  adv_std 0.140  tR +0.61  ent[s/d/p/e] 0.61/2.14/1.68/0.47  emits 1.55  clip 0.15  kl +0.007
upd  413  steps 6782976  sps 5300  opp rand  loss -0.016  pg -0.0081  v 0.012  adv_std 0.157  tR +0.70  ent[s/d/p/e] 0.58/2.12/1.69/0.44  emits 1.54  clip 0.15  kl +0.007
upd  414  steps 6799360  sps 5302  opp rand  loss -0.016  pg -0.0080  v 0.013  adv_std 0.163  tR +0.63  ent[s/d/p/e] 0.63/2.21/1.67/0.47  emits 1.67  clip 0.15  kl +0.007
upd  415  steps 6815744  sps 5304  opp frzn  loss -0.016  pg -0.0075  v 0.010  adv_std 0.146  tR +0.53  ent[s/d/p/e] 0.67/2.17/1.72/0.41  emits 1.63  clip 0.15  kl +0.008
upd  416  steps 6832128  sps 5305  opp frzn  loss -0.015  pg -0.0070  v 0.013  adv_std 0.170  tR +0.63  ent[s/d/p/e] 0.65/2.25/1.72/0.44  emits 1.75  clip 0.17  kl +0.008
upd  417  steps 6848512  sps 5308  opp rand  loss -0.016  pg -0.0076  v 0.011  adv_std 0.157  tR +0.54  ent[s/d/p/e] 0.64/2.15/1.71/0.47  emits 1.58  clip 0.17  kl +0.008
upd  418  steps 6864896  sps 5310  opp rand  loss -0.016  pg -0.0074  v 0.008  adv_std 0.132  tR +0.67  ent[s/d/p/e] 0.62/2.12/1.70/0.43  emits 1.58  clip 0.18  kl +0.010
upd  419  steps 6881280  sps 5312  opp frzn  loss -0.016  pg -0.0073  v 0.011  adv_std 0.153  tR +0.65  ent[s/d/p/e] 0.72/2.23/1.69/0.45  emits 1.73  clip 0.16  kl +0.008
upd  420  steps 6897664  sps 5313  opp frzn  loss -0.015  pg -0.0065  v 0.008  adv_std 0.129  tR +0.65  ent[s/d/p/e] 0.55/2.14/1.74/0.43  emits 1.53  clip 0.15  kl +0.007
upd  421  steps 6914048  sps 5316  opp rand  loss -0.016  pg -0.0078  v 0.012  adv_std 0.164  tR +0.60  ent[s/d/p/e] 0.64/2.16/1.70/0.45  emits 1.63  clip 0.17  kl +0.009
upd  422  steps 6930432  sps 5317  opp frzn  loss -0.016  pg -0.0067  v 0.009  adv_std 0.139  tR +0.70  ent[s/d/p/e] 0.64/2.20/1.72/0.44  emits 1.66  clip 0.17  kl +0.009
upd  423  steps 6946816  sps 5320  opp rand  loss -0.017  pg -0.0079  v 0.006  adv_std 0.119  tR +0.59  ent[s/d/p/e] 0.64/2.12/1.72/0.42  emits 1.55  clip 0.15  kl +0.007
upd  424  steps 6963200  sps 5322  opp rand  loss -0.016  pg -0.0076  v 0.013  adv_std 0.165  tR +0.63  ent[s/d/p/e] 0.67/2.21/1.67/0.47  emits 1.73  clip 0.16  kl +0.008 WRr 0.78 WRf 0.78
upd  425  steps 6979584  sps 5283  opp rand  loss -0.015  pg -0.0071  v 0.009  adv_std 0.140  tR +0.57  ent[s/d/p/e] 0.57/2.07/1.73/0.42  emits 1.48  clip 0.14  kl +0.008
upd  426  steps 6995968  sps 5285  opp frzn  loss -0.016  pg -0.0071  v 0.009  adv_std 0.141  tR +0.66  ent[s/d/p/e] 0.67/2.17/1.73/0.45  emits 1.67  clip 0.15  kl +0.007
upd  427  steps 7012352  sps 5287  opp frzn  loss -0.016  pg -0.0072  v 0.008  adv_std 0.136  tR +0.64  ent[s/d/p/e] 0.62/2.14/1.74/0.45  emits 1.60  clip 0.17  kl +0.008
upd  428  steps 7028736  sps 5288  opp frzn  loss -0.013  pg -0.0052  v 0.009  adv_std 0.141  tR +0.64  ent[s/d/p/e] 0.56/2.13/1.72/0.40  emits 1.59  clip 0.17  kl +0.008
upd  429  steps 7045120  sps 5291  opp rand  loss -0.016  pg -0.0075  v 0.011  adv_std 0.154  tR +0.65  ent[s/d/p/e] 0.69/2.21/1.69/0.46  emits 1.76  clip 0.17  kl +0.008
upd  430  steps 7061504  sps 5293  opp rand  loss -0.015  pg -0.0072  v 0.010  adv_std 0.147  tR +0.53  ent[s/d/p/e] 0.58/2.07/1.72/0.42  emits 1.51  clip 0.18  kl +0.009
upd  431  steps 7077888  sps 5295  opp rand  loss -0.015  pg -0.0068  v 0.009  adv_std 0.143  tR +0.66  ent[s/d/p/e] 0.63/2.13/1.69/0.44  emits 1.69  clip 0.15  kl +0.007
upd  432  steps 7094272  sps 5297  opp frzn  loss -0.015  pg -0.0057  v 0.008  adv_std 0.132  tR +0.67  ent[s/d/p/e] 0.63/2.20/1.71/0.42  emits 1.78  clip 0.17  kl +0.009
upd  433  steps 7110656  sps 5299  opp frzn  loss -0.015  pg -0.0065  v 0.010  adv_std 0.144  tR +0.62  ent[s/d/p/e] 0.59/2.14/1.72/0.42  emits 1.66  clip 0.17  kl +0.009
upd  434  steps 7127040  sps 5301  opp rand  loss -0.014  pg -0.0060  v 0.011  adv_std 0.155  tR +0.70  ent[s/d/p/e] 0.64/2.15/1.70/0.47  emits 1.70  clip 0.17  kl +0.007
upd  435  steps 7143424  sps 5302  opp frzn  loss -0.016  pg -0.0071  v 0.006  adv_std 0.116  tR +0.71  ent[s/d/p/e] 0.60/2.07/1.74/0.42  emits 1.59  clip 0.15  kl +0.006
upd  436  steps 7159808  sps 5305  opp rand  loss -0.015  pg -0.0064  v 0.010  adv_std 0.148  tR +0.71  ent[s/d/p/e] 0.59/2.17/1.70/0.44  emits 1.75  clip 0.17  kl +0.009
upd  437  steps 7176192  sps 5306  opp frzn  loss -0.017  pg -0.0078  v 0.009  adv_std 0.135  tR +0.62  ent[s/d/p/e] 0.65/2.16/1.73/0.45  emits 1.69  clip 0.16  kl +0.006
upd  438  steps 7192576  sps 5308  opp rand  loss -0.014  pg -0.0061  v 0.011  adv_std 0.158  tR +0.60  ent[s/d/p/e] 0.57/2.11/1.71/0.42  emits 1.62  clip 0.15  kl +0.008
upd  439  steps 7208960  sps 5311  opp rand  loss -0.016  pg -0.0074  v 0.012  adv_std 0.158  tR +0.61  ent[s/d/p/e] 0.64/2.19/1.69/0.47  emits 1.78  clip 0.18  kl +0.008
upd  440  steps 7225344  sps 5312  opp frzn  loss -0.016  pg -0.0071  v 0.007  adv_std 0.123  tR +0.64  ent[s/d/p/e] 0.52/2.06/1.74/0.41  emits 1.58  clip 0.14  kl +0.007
upd  441  steps 7241728  sps 5314  opp rand  loss -0.017  pg -0.0076  v 0.006  adv_std 0.116  tR +0.76  ent[s/d/p/e] 0.59/2.12/1.71/0.46  emits 1.74  clip 0.15  kl +0.007
upd  442  steps 7258112  sps 5316  opp rand  loss -0.016  pg -0.0075  v 0.010  adv_std 0.145  tR +0.62  ent[s/d/p/e] 0.58/2.11/1.71/0.46  emits 1.65  clip 0.19  kl +0.007
upd  443  steps 7274496  sps 5319  opp rand  loss -0.015  pg -0.0073  v 0.011  adv_std 0.151  tR +0.55  ent[s/d/p/e] 0.55/2.09/1.72/0.44  emits 1.57  clip 0.15  kl +0.008
upd  444  steps 7290880  sps 5320  opp frzn  loss -0.015  pg -0.0064  v 0.012  adv_std 0.160  tR +0.59  ent[s/d/p/e] 0.64/2.27/1.70/0.43  emits 1.87  clip 0.16  kl +0.007
upd  445  steps 7307264  sps 5322  opp rand  loss -0.017  pg -0.0081  v 0.005  adv_std 0.106  tR +0.72  ent[s/d/p/e] 0.58/2.03/1.74/0.45  emits 1.51  clip 0.16  kl +0.007
upd  446  steps 7323648  sps 5324  opp rand  loss -0.017  pg -0.0083  v 0.008  adv_std 0.133  tR +0.75  ent[s/d/p/e] 0.60/2.14/1.70/0.46  emits 1.68  clip 0.16  kl +0.009
upd  447  steps 7340032  sps 5326  opp rand  loss -0.016  pg -0.0072  v 0.008  adv_std 0.130  tR +0.68  ent[s/d/p/e] 0.61/2.15/1.71/0.47  emits 1.61  clip 0.19  kl +0.009
upd  448  steps 7356416  sps 5329  opp rand  loss -0.015  pg -0.0066  v 0.008  adv_std 0.135  tR +0.61  ent[s/d/p/e] 0.58/2.06/1.71/0.45  emits 1.51  clip 0.17  kl +0.009
upd  449  steps 7372800  sps 5330  opp frzn  loss -0.015  pg -0.0077  v 0.015  adv_std 0.181  tR +0.58  ent[s/d/p/e] 0.60/2.17/1.69/0.46  emits 1.73  clip 0.16  kl +0.009 WRr 0.75 WRf 0.91
upd  450  steps 7389184  sps 5297  opp rand  loss -0.015  pg -0.0063  v 0.007  adv_std 0.127  tR +0.61  ent[s/d/p/e] 0.59/2.01/1.73/0.45  emits 1.46  clip 0.13  kl +0.007
upd  451  steps 7405568  sps 5299  opp frzn  loss -0.016  pg -0.0080  v 0.010  adv_std 0.147  tR +0.63  ent[s/d/p/e] 0.58/2.20/1.71/0.44  emits 1.69  clip 0.14  kl +0.007
upd  452  steps 7421952  sps 5301  opp rand  loss -0.017  pg -0.0084  v 0.009  adv_std 0.142  tR +0.71  ent[s/d/p/e] 0.61/2.10/1.73/0.46  emits 1.63  clip 0.16  kl +0.008
upd  453  steps 7438336  sps 5303  opp frzn  loss -0.015  pg -0.0061  v 0.007  adv_std 0.125  tR +0.67  ent[s/d/p/e] 0.59/2.12/1.74/0.42  emits 1.58  clip 0.18  kl +0.008
upd  454  steps 7454720  sps 5304  opp frzn  loss -0.016  pg -0.0076  v 0.013  adv_std 0.163  tR +0.56  ent[s/d/p/e] 0.65/2.23/1.73/0.45  emits 1.71  clip 0.15  kl +0.007
upd  455  steps 7471104  sps 5306  opp frzn  loss -0.016  pg -0.0073  v 0.009  adv_std 0.137  tR +0.63  ent[s/d/p/e] 0.62/2.11/1.77/0.44  emits 1.52  clip 0.15  kl +0.007
upd  456  steps 7487488  sps 5308  opp rand  loss -0.015  pg -0.0064  v 0.008  adv_std 0.130  tR +0.66  ent[s/d/p/e] 0.57/2.15/1.72/0.47  emits 1.68  clip 0.14  kl +0.007
upd  457  steps 7503872  sps 5310  opp rand  loss -0.015  pg -0.0055  v 0.008  adv_std 0.132  tR +0.70  ent[s/d/p/e] 0.66/2.11/1.72/0.49  emits 1.64  clip 0.16  kl +0.006
upd  458  steps 7520256  sps 5312  opp frzn  loss -0.016  pg -0.0071  v 0.009  adv_std 0.141  tR +0.73  ent[s/d/p/e] 0.58/2.12/1.73/0.44  emits 1.66  clip 0.16  kl +0.008
upd  459  steps 7536640  sps 5314  opp rand  loss -0.015  pg -0.0068  v 0.010  adv_std 0.146  tR +0.72  ent[s/d/p/e] 0.66/2.20/1.71/0.48  emits 1.71  clip 0.17  kl +0.010
upd  460  steps 7553024  sps 5315  opp frzn  loss -0.015  pg -0.0060  v 0.007  adv_std 0.121  tR +0.68  ent[s/d/p/e] 0.55/2.07/1.75/0.43  emits 1.52  clip 0.17  kl +0.009
upd  461  steps 7569408  sps 5317  opp frzn  loss -0.016  pg -0.0072  v 0.011  adv_std 0.155  tR +0.63  ent[s/d/p/e] 0.69/2.18/1.73/0.43  emits 1.80  clip 0.16  kl +0.007
upd  462  steps 7585792  sps 5319  opp rand  loss -0.016  pg -0.0070  v 0.007  adv_std 0.126  tR +0.66  ent[s/d/p/e] 0.63/2.13/1.73/0.49  emits 1.64  clip 0.17  kl +0.011
upd  463  steps 7602176  sps 5320  opp frzn  loss -0.016  pg -0.0073  v 0.009  adv_std 0.141  tR +0.63  ent[s/d/p/e] 0.60/2.16/1.75/0.43  emits 1.71  clip 0.15  kl +0.008
upd  464  steps 7618560  sps 5322  opp frzn  loss -0.017  pg -0.0086  v 0.012  adv_std 0.163  tR +0.62  ent[s/d/p/e] 0.65/2.23/1.73/0.43  emits 1.87  clip 0.15  kl +0.008
upd  465  steps 7634944  sps 5323  opp frzn  loss -0.016  pg -0.0068  v 0.006  adv_std 0.115  tR +0.62  ent[s/d/p/e] 0.58/2.10/1.75/0.43  emits 1.60  clip 0.17  kl +0.010
upd  466  steps 7651328  sps 5325  opp rand  loss -0.015  pg -0.0070  v 0.010  adv_std 0.149  tR +0.67  ent[s/d/p/e] 0.60/2.12/1.73/0.44  emits 1.75  clip 0.17  kl +0.008
upd  467  steps 7667712  sps 5327  opp frzn  loss -0.017  pg -0.0082  v 0.008  adv_std 0.130  tR +0.70  ent[s/d/p/e] 0.63/2.09/1.74/0.43  emits 1.71  clip 0.16  kl +0.009
upd  468  steps 7684096  sps 5329  opp rand  loss -0.015  pg -0.0063  v 0.009  adv_std 0.138  tR +0.73  ent[s/d/p/e] 0.57/2.05/1.74/0.45  emits 1.58  clip 0.17  kl +0.009
upd  469  steps 7700480  sps 5331  opp rand  loss -0.017  pg -0.0087  v 0.012  adv_std 0.160  tR +0.65  ent[s/d/p/e] 0.65/2.12/1.71/0.48  emits 1.80  clip 0.16  kl +0.009
upd  470  steps 7716864  sps 5332  opp frzn  loss -0.017  pg -0.0080  v 0.007  adv_std 0.121  tR +0.66  ent[s/d/p/e] 0.64/2.04/1.76/0.43  emits 1.58  clip 0.17  kl +0.008
upd  471  steps 7733248  sps 5334  opp rand  loss -0.016  pg -0.0068  v 0.010  adv_std 0.147  tR +0.74  ent[s/d/p/e] 0.67/2.08/1.72/0.48  emits 1.71  clip 0.16  kl +0.009
upd  472  steps 7749632  sps 5336  opp frzn  loss -0.014  pg -0.0052  v 0.009  adv_std 0.135  tR +0.68  ent[s/d/p/e] 0.68/2.13/1.73/0.46  emits 1.87  clip 0.20  kl +0.010
upd  473  steps 7766016  sps 5338  opp rand  loss -0.014  pg -0.0054  v 0.009  adv_std 0.135  tR +0.63  ent[s/d/p/e] 0.59/2.07/1.73/0.45  emits 1.64  clip 0.17  kl +0.010
upd  474  steps 7782400  sps 5339  opp frzn  loss -0.017  pg -0.0085  v 0.010  adv_std 0.142  tR +0.72  ent[s/d/p/e] 0.67/2.14/1.71/0.46  emits 1.72  clip 0.17  kl +0.007 WRr 0.75 WRf 0.75
upd  475  steps 7798784  sps 5308  opp rand  loss -0.016  pg -0.0071  v 0.008  adv_std 0.132  tR +0.66  ent[s/d/p/e] 0.61/2.05/1.74/0.47  emits 1.62  clip 0.17  kl +0.008
upd  476  steps 7815168  sps 5309  opp frzn  loss -0.016  pg -0.0075  v 0.010  adv_std 0.142  tR +0.67  ent[s/d/p/e] 0.64/2.19/1.72/0.42  emits 1.87  clip 0.16  kl +0.008
upd  477  steps 7831552  sps 5311  opp frzn  loss -0.014  pg -0.0053  v 0.010  adv_std 0.145  tR +0.54  ent[s/d/p/e] 0.70/2.15/1.74/0.46  emits 1.81  clip 0.18  kl +0.010
upd  478  steps 7847936  sps 5312  opp frzn  loss -0.016  pg -0.0073  v 0.010  adv_std 0.147  tR +0.57  ent[s/d/p/e] 0.65/2.16/1.75/0.42  emits 1.68  clip 0.17  kl +0.010
upd  479  steps 7864320  sps 5314  opp frzn  loss -0.017  pg -0.0084  v 0.011  adv_std 0.156  tR +0.67  ent[s/d/p/e] 0.70/2.22/1.71/0.44  emits 1.86  clip 0.18  kl +0.009
upd  480  steps 7880704  sps 5316  opp rand  loss -0.017  pg -0.0081  v 0.006  adv_std 0.117  tR +0.67  ent[s/d/p/e] 0.62/2.10/1.75/0.46  emits 1.65  clip 0.17  kl +0.010
upd  481  steps 7897088  sps 5317  opp frzn  loss -0.016  pg -0.0075  v 0.010  adv_std 0.145  tR +0.65  ent[s/d/p/e] 0.69/2.18/1.73/0.44  emits 1.80  clip 0.16  kl +0.009
upd  482  steps 7913472  sps 5319  opp rand  loss -0.016  pg -0.0066  v 0.007  adv_std 0.126  tR +0.66  ent[s/d/p/e] 0.67/2.14/1.74/0.48  emits 1.72  clip 0.16  kl +0.007
upd  483  steps 7929856  sps 5321  opp rand  loss -0.016  pg -0.0078  v 0.010  adv_std 0.146  tR +0.51  ent[s/d/p/e] 0.54/2.15/1.74/0.43  emits 1.79  clip 0.16  kl +0.008
upd  484  steps 7946240  sps 5323  opp rand  loss -0.016  pg -0.0072  v 0.011  adv_std 0.155  tR +0.65  ent[s/d/p/e] 0.66/2.18/1.73/0.46  emits 1.85  clip 0.16  kl +0.008
upd  485  steps 7962624  sps 5325  opp rand  loss -0.017  pg -0.0075  v 0.006  adv_std 0.114  tR +0.66  ent[s/d/p/e] 0.57/2.04/1.76/0.46  emits 1.63  clip 0.14  kl +0.007
upd  486  steps 7979008  sps 5326  opp frzn  loss -0.015  pg -0.0062  v 0.008  adv_std 0.134  tR +0.68  ent[s/d/p/e] 0.64/2.17/1.73/0.44  emits 1.78  clip 0.17  kl +0.008
upd  487  steps 7995392  sps 5328  opp rand  loss -0.017  pg -0.0081  v 0.009  adv_std 0.140  tR +0.66  ent[s/d/p/e] 0.63/2.15/1.74/0.47  emits 1.80  clip 0.19  kl +0.008
upd  488  steps 8011776  sps 5330  opp rand  loss -0.017  pg -0.0080  v 0.009  adv_std 0.138  tR +0.63  ent[s/d/p/e] 0.65/2.11/1.75/0.44  emits 1.77  clip 0.18  kl +0.008
upd  489  steps 8028160  sps 5332  opp frzn  loss -0.015  pg -0.0065  v 0.012  adv_std 0.162  tR +0.62  ent[s/d/p/e] 0.68/2.20/1.74/0.45  emits 2.05  clip 0.17  kl +0.008
upd  490  steps 8044544  sps 5333  opp frzn  loss -0.016  pg -0.0065  v 0.007  adv_std 0.125  tR +0.53  ent[s/d/p/e] 0.60/2.07/1.78/0.45  emits 1.87  clip 0.16  kl +0.009
upd  491  steps 8060928  sps 5335  opp rand  loss -0.016  pg -0.0072  v 0.009  adv_std 0.138  tR +0.59  ent[s/d/p/e] 0.61/2.13/1.74/0.45  emits 1.86  clip 0.17  kl +0.008
upd  492  steps 8077312  sps 5336  opp frzn  loss -0.015  pg -0.0061  v 0.009  adv_std 0.137  tR +0.64  ent[s/d/p/e] 0.65/2.13/1.74/0.44  emits 1.89  clip 0.17  kl +0.008
upd  493  steps 8093696  sps 5338  opp rand  loss -0.016  pg -0.0072  v 0.009  adv_std 0.141  tR +0.63  ent[s/d/p/e] 0.62/2.05/1.74/0.44  emits 1.74  clip 0.15  kl +0.007
upd  494  steps 8110080  sps 5340  opp rand  loss -0.014  pg -0.0054  v 0.011  adv_std 0.155  tR +0.54  ent[s/d/p/e] 0.68/2.17/1.73/0.46  emits 1.97  clip 0.17  kl +0.008
upd  495  steps 8126464  sps 5341  opp frzn  loss -0.015  pg -0.0065  v 0.010  adv_std 0.144  tR +0.50  ent[s/d/p/e] 0.58/2.09/1.77/0.42  emits 1.92  clip 0.16  kl +0.009
upd  496  steps 8142848  sps 5343  opp frzn  loss -0.015  pg -0.0062  v 0.008  adv_std 0.128  tR +0.71  ent[s/d/p/e] 0.70/2.12/1.76/0.43  emits 1.89  clip 0.19  kl +0.011
upd  497  steps 8159232  sps 5345  opp rand  loss -0.015  pg -0.0061  v 0.009  adv_std 0.139  tR +0.62  ent[s/d/p/e] 0.65/2.11/1.74/0.46  emits 1.86  clip 0.17  kl +0.010
upd  498  steps 8175616  sps 5346  opp frzn  loss -0.018  pg -0.0088  v 0.005  adv_std 0.110  tR +0.73  ent[s/d/p/e] 0.68/2.11/1.75/0.42  emits 1.78  clip 0.17  kl +0.009
upd  499  steps 8192000  sps 5347  opp frzn  loss -0.016  pg -0.0067  v 0.007  adv_std 0.124  tR +0.75  ent[s/d/p/e] 0.69/2.18/1.74/0.44  emits 1.91  clip 0.18  kl +0.009 WRr 0.75 WRf 0.97
upd  500  steps 8208384  sps 5314  opp frzn  loss -0.017  pg -0.0077  v 0.006  adv_std 0.114  tR +0.72  ent[s/d/p/e] 0.59/2.04/1.77/0.43  emits 1.65  clip 0.19  kl +0.007
upd  501  steps 8224768  sps 5316  opp rand  loss -0.016  pg -0.0072  v 0.009  adv_std 0.138  tR +0.73  ent[s/d/p/e] 0.66/2.11/1.76/0.44  emits 1.79  clip 0.17  kl +0.008
upd  502  steps 8241152  sps 5318  opp frzn  loss -0.014  pg -0.0049  v 0.008  adv_std 0.128  tR +0.64  ent[s/d/p/e] 0.66/2.11/1.76/0.43  emits 1.85  clip 0.20  kl +0.009
upd  503  steps 8257536  sps 5319  opp frzn  loss -0.015  pg -0.0067  v 0.010  adv_std 0.147  tR +0.71  ent[s/d/p/e] 0.62/2.05/1.78/0.42  emits 1.67  clip 0.17  kl +0.008
upd  504  steps 8273920  sps 5321  opp rand  loss -0.016  pg -0.0077  v 0.014  adv_std 0.177  tR +0.58  ent[s/d/p/e] 0.70/2.18/1.76/0.43  emits 1.95  clip 0.16  kl +0.008
upd  505  steps 8290304  sps 5322  opp frzn  loss -0.018  pg -0.0085  v 0.007  adv_std 0.123  tR +0.74  ent[s/d/p/e] 0.64/2.09/1.79/0.43  emits 1.70  clip 0.18  kl +0.011
upd  506  steps 8306688  sps 5324  opp rand  loss -0.014  pg -0.0055  v 0.009  adv_std 0.139  tR +0.57  ent[s/d/p/e] 0.59/2.11/1.76/0.42  emits 1.90  clip 0.17  kl +0.009
upd  507  steps 8323072  sps 5326  opp rand  loss -0.016  pg -0.0074  v 0.008  adv_std 0.136  tR +0.59  ent[s/d/p/e] 0.62/2.09/1.78/0.43  emits 1.82  clip 0.16  kl +0.005
upd  508  steps 8339456  sps 5327  opp frzn  loss -0.016  pg -0.0073  v 0.009  adv_std 0.139  tR +0.69  ent[s/d/p/e] 0.67/2.06/1.79/0.42  emits 1.77  clip 0.16  kl +0.008
upd  509  steps 8355840  sps 5329  opp frzn  loss -0.018  pg -0.0087  v 0.010  adv_std 0.146  tR +0.76  ent[s/d/p/e] 0.73/2.15/1.75/0.45  emits 1.87  clip 0.18  kl +0.009
upd  510  steps 8372224  sps 5330  opp frzn  loss -0.016  pg -0.0065  v 0.006  adv_std 0.113  tR +0.68  ent[s/d/p/e] 0.67/2.07/1.79/0.43  emits 1.69  clip 0.17  kl +0.009
upd  511  steps 8388608  sps 5331  opp frzn  loss -0.016  pg -0.0076  v 0.010  adv_std 0.144  tR +0.64  ent[s/d/p/e] 0.66/2.13/1.78/0.44  emits 1.82  clip 0.16  kl +0.010
upd  512  steps 8404992  sps 5333  opp frzn  loss -0.017  pg -0.0082  v 0.009  adv_std 0.140  tR +0.59  ent[s/d/p/e] 0.68/2.14/1.78/0.45  emits 1.82  clip 0.16  kl +0.009
upd  513  steps 8421376  sps 5334  opp frzn  loss -0.016  pg -0.0069  v 0.009  adv_std 0.138  tR +0.58  ent[s/d/p/e] 0.63/2.07/1.79/0.41  emits 1.73  clip 0.18  kl +0.008
upd  514  steps 8437760  sps 5336  opp rand  loss -0.015  pg -0.0061  v 0.010  adv_std 0.144  tR +0.76  ent[s/d/p/e] 0.76/2.11/1.77/0.47  emits 1.83  clip 0.16  kl +0.008
upd  515  steps 8454144  sps 5337  opp frzn  loss -0.016  pg -0.0073  v 0.009  adv_std 0.139  tR +0.58  ent[s/d/p/e] 0.65/2.10/1.79/0.43  emits 1.93  clip 0.17  kl +0.008
upd  516  steps 8470528  sps 5339  opp rand  loss -0.016  pg -0.0077  v 0.012  adv_std 0.164  tR +0.51  ent[s/d/p/e] 0.71/2.09/1.77/0.43  emits 1.81  clip 0.16  kl +0.009
upd  517  steps 8486912  sps 5340  opp frzn  loss -0.015  pg -0.0063  v 0.008  adv_std 0.133  tR +0.68  ent[s/d/p/e] 0.68/2.10/1.77/0.44  emits 1.78  clip 0.15  kl +0.008
upd  518  steps 8503296  sps 5342  opp frzn  loss -0.016  pg -0.0060  v 0.006  adv_std 0.108  tR +0.83  ent[s/d/p/e] 0.75/2.00/1.78/0.44  emits 1.65  clip 0.16  kl +0.009
upd  519  steps 8519680  sps 5343  opp frzn  loss -0.016  pg -0.0075  v 0.010  adv_std 0.146  tR +0.66  ent[s/d/p/e] 0.74/2.10/1.75/0.45  emits 1.77  clip 0.16  kl +0.008
upd  520  steps 8536064  sps 5344  opp frzn  loss -0.017  pg -0.0076  v 0.008  adv_std 0.130  tR +0.58  ent[s/d/p/e] 0.67/2.06/1.79/0.44  emits 1.69  clip 0.16  kl +0.008
upd  521  steps 8552448  sps 5346  opp frzn  loss -0.016  pg -0.0073  v 0.010  adv_std 0.145  tR +0.53  ent[s/d/p/e] 0.64/2.15/1.77/0.42  emits 2.03  clip 0.17  kl +0.009
upd  522  steps 8568832  sps 5348  opp rand  loss -0.017  pg -0.0080  v 0.009  adv_std 0.140  tR +0.58  ent[s/d/p/e] 0.67/2.07/1.76/0.45  emits 1.82  clip 0.16  kl +0.008
upd  523  steps 8585216  sps 5349  opp frzn  loss -0.017  pg -0.0081  v 0.009  adv_std 0.140  tR +0.65  ent[s/d/p/e] 0.65/2.10/1.77/0.42  emits 1.85  clip 0.15  kl +0.006
upd  524  steps 8601600  sps 5351  opp rand  loss -0.017  pg -0.0090  v 0.012  adv_std 0.164  tR +0.63  ent[s/d/p/e] 0.72/2.14/1.75/0.43  emits 1.91  clip 0.15  kl +0.006 WRr 0.84 WRf 0.75
upd  525  steps 8617984  sps 5322  opp frzn  loss -0.017  pg -0.0081  v 0.007  adv_std 0.125  tR +0.56  ent[s/d/p/e] 0.63/2.05/1.79/0.43  emits 1.70  clip 0.15  kl +0.008
upd  526  steps 8634368  sps 5323  opp frzn  loss -0.016  pg -0.0073  v 0.008  adv_std 0.133  tR +0.63  ent[s/d/p/e] 0.68/2.10/1.77/0.42  emits 1.87  clip 0.16  kl +0.007
upd  527  steps 8650752  sps 5325  opp rand  loss -0.017  pg -0.0080  v 0.010  adv_std 0.144  tR +0.59  ent[s/d/p/e] 0.67/2.08/1.75/0.44  emits 1.81  clip 0.15  kl +0.007
upd  528  steps 8667136  sps 5326  opp rand  loss -0.016  pg -0.0070  v 0.009  adv_std 0.140  tR +0.63  ent[s/d/p/e] 0.65/2.04/1.76/0.41  emits 1.69  clip 0.19  kl +0.011
upd  529  steps 8683520  sps 5328  opp rand  loss -0.015  pg -0.0070  v 0.014  adv_std 0.173  tR +0.62  ent[s/d/p/e] 0.68/2.12/1.74/0.43  emits 1.82  clip 0.17  kl +0.009
upd  530  steps 8699904  sps 5330  opp rand  loss -0.016  pg -0.0074  v 0.007  adv_std 0.121  tR +0.61  ent[s/d/p/e] 0.59/2.04/1.76/0.42  emits 1.71  clip 0.14  kl +0.007
upd  531  steps 8716288  sps 5331  opp frzn  loss -0.015  pg -0.0059  v 0.009  adv_std 0.143  tR +0.78  ent[s/d/p/e] 0.74/2.07/1.76/0.42  emits 1.75  clip 0.16  kl +0.007
upd  532  steps 8732672  sps 5333  opp frzn  loss -0.016  pg -0.0070  v 0.008  adv_std 0.130  tR +0.78  ent[s/d/p/e] 0.68/2.11/1.75/0.42  emits 1.80  clip 0.15  kl +0.009
upd  533  steps 8749056  sps 5334  opp rand  loss -0.015  pg -0.0068  v 0.008  adv_std 0.136  tR +0.67  ent[s/d/p/e] 0.59/2.07/1.76/0.39  emits 1.72  clip 0.14  kl +0.008
upd  534  steps 8765440  sps 5336  opp frzn  loss -0.016  pg -0.0068  v 0.010  adv_std 0.146  tR +0.73  ent[s/d/p/e] 0.71/2.20/1.75/0.40  emits 1.99  clip 0.16  kl +0.008
upd  535  steps 8781824  sps 5337  opp rand  loss -0.015  pg -0.0058  v 0.006  adv_std 0.111  tR +0.77  ent[s/d/p/e] 0.64/2.03/1.78/0.41  emits 1.63  clip 0.16  kl +0.008
upd  536  steps 8798208  sps 5339  opp rand  loss -0.016  pg -0.0079  v 0.010  adv_std 0.151  tR +0.62  ent[s/d/p/e] 0.62/2.10/1.76/0.40  emits 1.76  clip 0.17  kl +0.009
upd  537  steps 8814592  sps 5341  opp rand  loss -0.015  pg -0.0057  v 0.006  adv_std 0.114  tR +0.70  ent[s/d/p/e] 0.63/2.12/1.76/0.42  emits 1.76  clip 0.16  kl +0.009
upd  538  steps 8830976  sps 5342  opp frzn  loss -0.016  pg -0.0073  v 0.009  adv_std 0.137  tR +0.58  ent[s/d/p/e] 0.64/2.08/1.78/0.39  emits 1.73  clip 0.15  kl +0.009
upd  539  steps 8847360  sps 5344  opp rand  loss -0.017  pg -0.0082  v 0.010  adv_std 0.146  tR +0.67  ent[s/d/p/e] 0.64/2.15/1.76/0.41  emits 1.79  clip 0.16  kl +0.009
upd  540  steps 8863744  sps 5345  opp frzn  loss -0.016  pg -0.0070  v 0.008  adv_std 0.127  tR +0.71  ent[s/d/p/e] 0.59/2.12/1.77/0.38  emits 1.74  clip 0.16  kl +0.008
upd  541  steps 8880128  sps 5346  opp frzn  loss -0.016  pg -0.0074  v 0.009  adv_std 0.142  tR +0.66  ent[s/d/p/e] 0.66/2.08/1.77/0.40  emits 1.64  clip 0.16  kl +0.008
upd  542  steps 8896512  sps 5348  opp frzn  loss -0.014  pg -0.0059  v 0.011  adv_std 0.154  tR +0.66  ent[s/d/p/e] 0.69/2.11/1.76/0.39  emits 1.85  clip 0.18  kl +0.008
upd  543  steps 8912896  sps 5349  opp rand  loss -0.017  pg -0.0080  v 0.006  adv_std 0.119  tR +0.69  ent[s/d/p/e] 0.63/2.04/1.77/0.39  emits 1.61  clip 0.14  kl +0.007
upd  544  steps 8929280  sps 5351  opp rand  loss -0.015  pg -0.0063  v 0.012  adv_std 0.161  tR +0.57  ent[s/d/p/e] 0.67/2.13/1.74/0.41  emits 1.76  clip 0.16  kl +0.010
upd  545  steps 8945664  sps 5353  opp rand  loss -0.016  pg -0.0073  v 0.008  adv_std 0.128  tR +0.68  ent[s/d/p/e] 0.58/2.00/1.78/0.40  emits 1.49  clip 0.15  kl +0.007
upd  546  steps 8962048  sps 5354  opp rand  loss -0.016  pg -0.0075  v 0.009  adv_std 0.139  tR +0.66  ent[s/d/p/e] 0.64/2.06/1.77/0.38  emits 1.64  clip 0.14  kl +0.007
upd  547  steps 8978432  sps 5356  opp rand  loss -0.015  pg -0.0065  v 0.009  adv_std 0.135  tR +0.66  ent[s/d/p/e] 0.71/2.08/1.76/0.40  emits 1.63  clip 0.16  kl +0.008
upd  548  steps 8994816  sps 5358  opp rand  loss -0.015  pg -0.0066  v 0.008  adv_std 0.131  tR +0.65  ent[s/d/p/e] 0.61/1.99/1.78/0.38  emits 1.47  clip 0.13  kl +0.006
upd  549  steps 9011200  sps 5359  opp frzn  loss -0.015  pg -0.0070  v 0.012  adv_std 0.162  tR +0.69  ent[s/d/p/e] 0.69/2.11/1.75/0.40  emits 1.70  clip 0.21  kl +0.012 WRr 0.78 WRf 0.66
upd  550  steps 9027584  sps 5332  opp rand  loss -0.015  pg -0.0063  v 0.006  adv_std 0.117  tR +0.62  ent[s/d/p/e] 0.63/1.95/1.78/0.39  emits 1.43  clip 0.14  kl +0.007
upd  551  steps 9043968  sps 5333  opp frzn  loss -0.016  pg -0.0078  v 0.012  adv_std 0.163  tR +0.68  ent[s/d/p/e] 0.71/2.09/1.76/0.38  emits 1.69  clip 0.17  kl +0.007
upd  552  steps 9060352  sps 5334  opp frzn  loss -0.017  pg -0.0083  v 0.009  adv_std 0.141  tR +0.57  ent[s/d/p/e] 0.70/2.08/1.76/0.41  emits 1.70  clip 0.17  kl +0.008
upd  553  steps 9076736  sps 5336  opp rand  loss -0.017  pg -0.0084  v 0.008  adv_std 0.132  tR +0.62  ent[s/d/p/e] 0.63/2.01/1.79/0.39  emits 1.54  clip 0.17  kl +0.009
upd  554  steps 9093120  sps 5338  opp rand  loss -0.017  pg -0.0082  v 0.010  adv_std 0.150  tR +0.68  ent[s/d/p/e] 0.69/2.08/1.75/0.42  emits 1.67  clip 0.17  kl +0.008
upd  555  steps 9109504  sps 5339  opp rand  loss -0.015  pg -0.0060  v 0.006  adv_std 0.114  tR +0.81  ent[s/d/p/e] 0.67/1.96/1.78/0.42  emits 1.52  clip 0.16  kl +0.009
upd  556  steps 9125888  sps 5341  opp rand  loss -0.015  pg -0.0069  v 0.012  adv_std 0.159  tR +0.69  ent[s/d/p/e] 0.64/2.08/1.77/0.40  emits 1.67  clip 0.17  kl +0.009
upd  557  steps 9142272  sps 5343  opp rand  loss -0.015  pg -0.0065  v 0.009  adv_std 0.138  tR +0.68  ent[s/d/p/e] 0.63/2.09/1.76/0.42  emits 1.68  clip 0.17  kl +0.008
upd  558  steps 9158656  sps 5344  opp frzn  loss -0.014  pg -0.0056  v 0.011  adv_std 0.157  tR +0.50  ent[s/d/p/e] 0.63/2.08/1.79/0.38  emits 1.77  clip 0.18  kl +0.011
upd  559  steps 9175040  sps 5345  opp rand  loss -0.017  pg -0.0089  v 0.014  adv_std 0.174  tR +0.53  ent[s/d/p/e] 0.66/2.08/1.76/0.41  emits 1.72  clip 0.17  kl +0.010
upd  560  steps 9191424  sps 5347  opp frzn  loss -0.015  pg -0.0066  v 0.010  adv_std 0.148  tR +0.59  ent[s/d/p/e] 0.69/2.06/1.80/0.39  emits 1.67  clip 0.15  kl +0.008
upd  561  steps 9207808  sps 5348  opp rand  loss -0.016  pg -0.0074  v 0.011  adv_std 0.156  tR +0.62  ent[s/d/p/e] 0.64/2.03/1.77/0.39  emits 1.65  clip 0.16  kl +0.007
upd  562  steps 9224192  sps 5350  opp frzn  loss -0.016  pg -0.0075  v 0.013  adv_std 0.166  tR +0.46  ent[s/d/p/e] 0.69/2.07/1.76/0.41  emits 1.81  clip 0.17  kl +0.010
upd  563  steps 9240576  sps 5351  opp frzn  loss -0.017  pg -0.0084  v 0.008  adv_std 0.136  tR +0.64  ent[s/d/p/e] 0.67/2.05/1.79/0.38  emits 1.75  clip 0.16  kl +0.008
upd  564  steps 9256960  sps 5352  opp frzn  loss -0.016  pg -0.0075  v 0.012  adv_std 0.165  tR +0.53  ent[s/d/p/e] 0.70/2.12/1.77/0.38  emits 1.86  clip 0.16  kl +0.009
upd  565  steps 9273344  sps 5353  opp frzn  loss -0.016  pg -0.0074  v 0.009  adv_std 0.135  tR +0.53  ent[s/d/p/e] 0.58/1.99/1.78/0.37  emits 1.66  clip 0.15  kl +0.008
upd  566  steps 9289728  sps 5354  opp frzn  loss -0.016  pg -0.0070  v 0.009  adv_std 0.142  tR +0.68  ent[s/d/p/e] 0.66/1.98/1.78/0.39  emits 1.63  clip 0.13  kl +0.007
upd  567  steps 9306112  sps 5356  opp frzn  loss -0.017  pg -0.0085  v 0.012  adv_std 0.159  tR +0.49  ent[s/d/p/e] 0.63/2.03/1.77/0.40  emits 1.75  clip 0.17  kl +0.010
upd  568  steps 9322496  sps 5357  opp frzn  loss -0.017  pg -0.0078  v 0.007  adv_std 0.125  tR +0.56  ent[s/d/p/e] 0.65/1.92/1.78/0.36  emits 1.53  clip 0.15  kl +0.009
upd  569  steps 9338880  sps 5358  opp frzn  loss -0.017  pg -0.0081  v 0.008  adv_std 0.129  tR +0.70  ent[s/d/p/e] 0.77/2.01/1.74/0.44  emits 1.65  clip 0.18  kl +0.008
upd  570  steps 9355264  sps 5359  opp frzn  loss -0.016  pg -0.0068  v 0.006  adv_std 0.120  tR +0.72  ent[s/d/p/e] 0.62/1.90/1.77/0.41  emits 1.55  clip 0.15  kl +0.007
upd  571  steps 9371648  sps 5360  opp frzn  loss -0.016  pg -0.0075  v 0.008  adv_std 0.131  tR +0.67  ent[s/d/p/e] 0.64/1.95/1.77/0.41  emits 1.64  clip 0.15  kl +0.007
upd  572  steps 9388032  sps 5362  opp frzn  loss -0.015  pg -0.0062  v 0.009  adv_std 0.138  tR +0.68  ent[s/d/p/e] 0.74/1.99/1.76/0.41  emits 1.74  clip 0.17  kl +0.009
upd  573  steps 9404416  sps 5363  opp rand  loss -0.017  pg -0.0080  v 0.007  adv_std 0.118  tR +0.71  ent[s/d/p/e] 0.64/1.93/1.78/0.40  emits 1.54  clip 0.17  kl +0.009
upd  574  steps 9420800  sps 5364  opp frzn  loss -0.015  pg -0.0065  v 0.011  adv_std 0.150  tR +0.72  ent[s/d/p/e] 0.71/2.03/1.75/0.41  emits 1.75  clip 0.16  kl +0.008 WRr 0.75 WRf 0.88
upd  575  steps 9437184  sps 5338  opp frzn  loss -0.017  pg -0.0079  v 0.007  adv_std 0.120  tR +0.76  ent[s/d/p/e] 0.70/1.94/1.77/0.41  emits 1.56  clip 0.14  kl +0.007
upd  576  steps 9453568  sps 5339  opp rand  loss -0.015  pg -0.0065  v 0.008  adv_std 0.132  tR +0.76  ent[s/d/p/e] 0.63/1.97/1.76/0.40  emits 1.60  clip 0.15  kl +0.007
upd  577  steps 9469952  sps 5341  opp rand  loss -0.017  pg -0.0076  v 0.008  adv_std 0.129  tR +0.53  ent[s/d/p/e] 0.71/1.95/1.76/0.42  emits 1.60  clip 0.16  kl +0.007
upd  578  steps 9486336  sps 5342  opp frzn  loss -0.017  pg -0.0078  v 0.007  adv_std 0.127  tR +0.76  ent[s/d/p/e] 0.71/1.94/1.78/0.40  emits 1.60  clip 0.16  kl +0.008
upd  579  steps 9502720  sps 5344  opp rand  loss -0.017  pg -0.0080  v 0.010  adv_std 0.147  tR +0.66  ent[s/d/p/e] 0.71/1.96/1.75/0.40  emits 1.65  clip 0.16  kl +0.008
upd  580  steps 9519104  sps 5345  opp frzn  loss -0.017  pg -0.0073  v 0.006  adv_std 0.111  tR +0.77  ent[s/d/p/e] 0.74/1.94/1.78/0.40  emits 1.57  clip 0.13  kl +0.005
upd  581  steps 9535488  sps 5346  opp rand  loss -0.017  pg -0.0078  v 0.008  adv_std 0.130  tR +0.70  ent[s/d/p/e] 0.64/1.94/1.76/0.40  emits 1.52  clip 0.18  kl +0.010
upd  582  steps 9551872  sps 5348  opp frzn  loss -0.016  pg -0.0080  v 0.014  adv_std 0.173  tR +0.51  ent[s/d/p/e] 0.74/2.00/1.75/0.43  emits 1.69  clip 0.18  kl +0.010
upd  583  steps 9568256  sps 5349  opp frzn  loss -0.015  pg -0.0067  v 0.010  adv_std 0.143  tR +0.63  ent[s/d/p/e] 0.67/1.94/1.77/0.38  emits 1.63  clip 0.16  kl +0.009
upd  584  steps 9584640  sps 5350  opp rand  loss -0.017  pg -0.0086  v 0.009  adv_std 0.138  tR +0.73  ent[s/d/p/e] 0.74/1.95/1.75/0.43  emits 1.58  clip 0.15  kl +0.007
upd  585  steps 9601024  sps 5352  opp rand  loss -0.017  pg -0.0076  v 0.007  adv_std 0.121  tR +0.72  ent[s/d/p/e] 0.63/1.88/1.76/0.41  emits 1.50  clip 0.15  kl +0.008
upd  586  steps 9617408  sps 5353  opp frzn  loss -0.015  pg -0.0065  v 0.008  adv_std 0.132  tR +0.72  ent[s/d/p/e] 0.69/1.97/1.76/0.40  emits 1.68  clip 0.17  kl +0.009
upd  587  steps 9633792  sps 5354  opp frzn  loss -0.017  pg -0.0080  v 0.010  adv_std 0.143  tR +0.70  ent[s/d/p/e] 0.78/1.98/1.75/0.39  emits 1.64  clip 0.17  kl +0.007
upd  588  steps 9650176  sps 5355  opp frzn  loss -0.018  pg -0.0083  v 0.006  adv_std 0.110  tR +0.80  ent[s/d/p/e] 0.71/1.97/1.77/0.38  emits 1.63  clip 0.15  kl +0.007
upd  589  steps 9666560  sps 5357  opp frzn  loss -0.016  pg -0.0075  v 0.008  adv_std 0.138  tR +0.72  ent[s/d/p/e] 0.69/2.06/1.75/0.40  emits 1.76  clip 0.17  kl +0.008
upd  590  steps 9682944  sps 5358  opp rand  loss -0.014  pg -0.0051  v 0.008  adv_std 0.134  tR +0.60  ent[s/d/p/e] 0.64/1.91/1.76/0.41  emits 1.52  clip 0.17  kl +0.009
upd  591  steps 9699328  sps 5360  opp rand  loss -0.014  pg -0.0057  v 0.009  adv_std 0.140  tR +0.68  ent[s/d/p/e] 0.66/1.94/1.76/0.40  emits 1.54  clip 0.16  kl +0.008
upd  592  steps 9715712  sps 5361  opp frzn  loss -0.017  pg -0.0076  v 0.007  adv_std 0.125  tR +0.71  ent[s/d/p/e] 0.70/2.00/1.74/0.44  emits 1.58  clip 0.18  kl +0.008
upd  593  steps 9732096  sps 5362  opp rand  loss -0.017  pg -0.0076  v 0.006  adv_std 0.113  tR +0.63  ent[s/d/p/e] 0.63/1.91/1.78/0.41  emits 1.52  clip 0.15  kl +0.007
upd  594  steps 9748480  sps 5363  opp frzn  loss -0.017  pg -0.0089  v 0.012  adv_std 0.160  tR +0.55  ent[s/d/p/e] 0.74/2.10/1.72/0.41  emits 1.79  clip 0.17  kl +0.009
upd  595  steps 9764864  sps 5365  opp frzn  loss -0.015  pg -0.0069  v 0.011  adv_std 0.154  tR +0.49  ent[s/d/p/e] 0.63/1.95/1.75/0.41  emits 1.54  clip 0.17  kl +0.008
upd  596  steps 9781248  sps 5366  opp frzn  loss -0.016  pg -0.0079  v 0.011  adv_std 0.158  tR +0.56  ent[s/d/p/e] 0.64/2.02/1.73/0.40  emits 1.67  clip 0.17  kl +0.007
upd  597  steps 9797632  sps 5367  opp rand  loss -0.015  pg -0.0054  v 0.007  adv_std 0.123  tR +0.69  ent[s/d/p/e] 0.68/1.97/1.74/0.42  emits 1.52  clip 0.16  kl +0.008
upd  598  steps 9814016  sps 5368  opp frzn  loss -0.015  pg -0.0064  v 0.007  adv_std 0.125  tR +0.65  ent[s/d/p/e] 0.61/1.98/1.75/0.41  emits 1.47  clip 0.17  kl +0.008
upd  599  steps 9830400  sps 5370  opp rand  loss -0.016  pg -0.0073  v 0.009  adv_std 0.144  tR +0.72  ent[s/d/p/e] 0.70/2.04/1.72/0.41  emits 1.62  clip 0.17  kl +0.007 WRr 0.88 WRf 0.72
upd  600  steps 9846784  sps 5342  opp frzn  loss -0.017  pg -0.0081  v 0.008  adv_std 0.132  tR +0.54  ent[s/d/p/e] 0.65/2.03/1.72/0.41  emits 1.68  clip 0.16  kl +0.009
upd  601  steps 9863168  sps 5343  opp frzn  loss -0.016  pg -0.0072  v 0.009  adv_std 0.144  tR +0.63  ent[s/d/p/e] 0.71/2.02/1.74/0.40  emits 1.65  clip 0.18  kl +0.010
upd  602  steps 9879552  sps 5344  opp rand  loss -0.017  pg -0.0072  v 0.006  adv_std 0.116  tR +0.69  ent[s/d/p/e] 0.75/1.97/1.74/0.43  emits 1.59  clip 0.17  kl +0.008
upd  603  steps 9895936  sps 5346  opp frzn  loss -0.016  pg -0.0076  v 0.010  adv_std 0.143  tR +0.54  ent[s/d/p/e] 0.59/2.01/1.75/0.40  emits 1.61  clip 0.16  kl +0.008
upd  604  steps 9912320  sps 5347  opp rand  loss -0.015  pg -0.0072  v 0.014  adv_std 0.176  tR +0.55  ent[s/d/p/e] 0.67/2.02/1.73/0.40  emits 1.70  clip 0.15  kl +0.007
upd  605  steps 9928704  sps 5349  opp rand  loss -0.016  pg -0.0069  v 0.008  adv_std 0.130  tR +0.72  ent[s/d/p/e] 0.68/1.96/1.77/0.44  emits 1.54  clip 0.14  kl +0.006
upd  606  steps 9945088  sps 5350  opp frzn  loss -0.015  pg -0.0061  v 0.011  adv_std 0.157  tR +0.58  ent[s/d/p/e] 0.73/2.03/1.74/0.42  emits 1.71  clip 0.16  kl +0.009
upd  607  steps 9961472  sps 5351  opp frzn  loss -0.017  pg -0.0085  v 0.010  adv_std 0.146  tR +0.48  ent[s/d/p/e] 0.67/2.01/1.74/0.44  emits 1.65  clip 0.16  kl +0.008
upd  608  steps 9977856  sps 5352  opp frzn  loss -0.016  pg -0.0082  v 0.011  adv_std 0.157  tR +0.56  ent[s/d/p/e] 0.64/1.97/1.75/0.41  emits 1.59  clip 0.15  kl +0.007
upd  609  steps 9994240  sps 5353  opp frzn  loss -0.017  pg -0.0085  v 0.011  adv_std 0.155  tR +0.67  ent[s/d/p/e] 0.73/2.07/1.72/0.40  emits 1.79  clip 0.15  kl +0.007
upd  610  steps 10010624  sps 5355  opp rand  loss -0.017  pg -0.0082  v 0.007  adv_std 0.123  tR +0.72  ent[s/d/p/e] 0.66/1.90/1.76/0.44  emits 1.51  clip 0.16  kl +0.007
upd  611  steps 10027008  sps 5356  opp frzn  loss -0.015  pg -0.0069  v 0.010  adv_std 0.145  tR +0.70  ent[s/d/p/e] 0.68/2.00/1.73/0.43  emits 1.70  clip 0.16  kl +0.008
upd  612  steps 10043392  sps 5357  opp frzn  loss -0.017  pg -0.0077  v 0.009  adv_std 0.144  tR +0.60  ent[s/d/p/e] 0.74/2.02/1.73/0.42  emits 1.72  clip 0.17  kl +0.009
upd  613  steps 10059776  sps 5358  opp rand  loss -0.015  pg -0.0066  v 0.007  adv_std 0.123  tR +0.66  ent[s/d/p/e] 0.64/1.88/1.75/0.41  emits 1.56  clip 0.18  kl +0.008
upd  614  steps 10076160  sps 5359  opp frzn  loss -0.015  pg -0.0063  v 0.009  adv_std 0.139  tR +0.78  ent[s/d/p/e] 0.79/2.03/1.72/0.42  emits 1.76  clip 0.17  kl +0.009
upd  615  steps 10092544  sps 5361  opp frzn  loss -0.018  pg -0.0088  v 0.005  adv_std 0.102  tR +0.73  ent[s/d/p/e] 0.62/1.91/1.75/0.41  emits 1.50  clip 0.16  kl +0.007
upd  616  steps 10108928  sps 5362  opp frzn  loss -0.016  pg -0.0076  v 0.011  adv_std 0.154  tR +0.56  ent[s/d/p/e] 0.66/1.97/1.73/0.41  emits 1.70  clip 0.18  kl +0.010
upd  617  steps 10125312  sps 5363  opp rand  loss -0.017  pg -0.0085  v 0.011  adv_std 0.151  tR +0.58  ent[s/d/p/e] 0.64/1.98/1.73/0.42  emits 1.64  clip 0.18  kl +0.008
upd  618  steps 10141696  sps 5365  opp rand  loss -0.017  pg -0.0086  v 0.008  adv_std 0.136  tR +0.64  ent[s/d/p/e] 0.62/1.94/1.76/0.41  emits 1.53  clip 0.16  kl +0.008
upd  619  steps 10158080  sps 5366  opp frzn  loss -0.016  pg -0.0073  v 0.010  adv_std 0.147  tR +0.67  ent[s/d/p/e] 0.75/2.04/1.71/0.41  emits 1.72  clip 0.16  kl +0.009
upd  620  steps 10174464  sps 5367  opp rand  loss -0.015  pg -0.0061  v 0.008  adv_std 0.130  tR +0.65  ent[s/d/p/e] 0.69/1.93/1.75/0.40  emits 1.54  clip 0.17  kl +0.009
upd  621  steps 10190848  sps 5368  opp frzn  loss -0.016  pg -0.0069  v 0.009  adv_std 0.141  tR +0.69  ent[s/d/p/e] 0.70/2.02/1.72/0.39  emits 1.70  clip 0.17  kl +0.008
upd  622  steps 10207232  sps 5370  opp rand  loss -0.018  pg -0.0086  v 0.007  adv_std 0.124  tR +0.68  ent[s/d/p/e] 0.70/1.97/1.73/0.43  emits 1.61  clip 0.15  kl +0.008
upd  623  steps 10223616  sps 5371  opp frzn  loss -0.016  pg -0.0070  v 0.007  adv_std 0.122  tR +0.71  ent[s/d/p/e] 0.67/1.97/1.72/0.39  emits 1.63  clip 0.18  kl +0.009
upd  624  steps 10240000  sps 5372  opp frzn  loss -0.017  pg -0.0087  v 0.012  adv_std 0.164  tR +0.59  ent[s/d/p/e] 0.76/2.06/1.72/0.40  emits 1.87  clip 0.17  kl +0.010 WRr 0.66 WRf 0.84
upd  625  steps 10256384  sps 5348  opp rand  loss -0.016  pg -0.0073  v 0.007  adv_std 0.120  tR +0.72  ent[s/d/p/e] 0.67/1.90/1.75/0.40  emits 1.58  clip 0.16  kl +0.007
upd  626  steps 10272768  sps 5349  opp frzn  loss -0.017  pg -0.0082  v 0.010  adv_std 0.149  tR +0.59  ent[s/d/p/e] 0.71/2.04/1.73/0.39  emits 1.91  clip 0.17  kl +0.009
upd  627  steps 10289152  sps 5350  opp frzn  loss -0.017  pg -0.0077  v 0.007  adv_std 0.124  tR +0.61  ent[s/d/p/e] 0.71/2.01/1.73/0.40  emits 1.75  clip 0.17  kl +0.009
upd  628  steps 10305536  sps 5351  opp rand  loss -0.016  pg -0.0084  v 0.011  adv_std 0.152  tR +0.57  ent[s/d/p/e] 0.64/1.97/1.74/0.38  emits 1.69  clip 0.15  kl +0.006
upd  629  steps 10321920  sps 5353  opp rand  loss -0.015  pg -0.0067  v 0.012  adv_std 0.159  tR +0.55  ent[s/d/p/e] 0.69/2.01/1.73/0.40  emits 1.83  clip 0.20  kl +0.010
upd  630  steps 10338304  sps 5354  opp rand  loss -0.015  pg -0.0067  v 0.007  adv_std 0.128  tR +0.59  ent[s/d/p/e] 0.60/1.98/1.75/0.39  emits 1.72  clip 0.16  kl +0.008
upd  631  steps 10354688  sps 5356  opp rand  loss -0.017  pg -0.0085  v 0.009  adv_std 0.140  tR +0.63  ent[s/d/p/e] 0.68/1.95/1.74/0.41  emits 1.71  clip 0.17  kl +0.009
upd  632  steps 10371072  sps 5357  opp frzn  loss -0.015  pg -0.0066  v 0.010  adv_std 0.149  tR +0.59  ent[s/d/p/e] 0.64/2.07/1.71/0.38  emits 1.88  clip 0.19  kl +0.010
upd  633  steps 10387456  sps 5358  opp frzn  loss -0.015  pg -0.0065  v 0.007  adv_std 0.124  tR +0.50  ent[s/d/p/e] 0.66/2.03/1.74/0.38  emits 1.76  clip 0.18  kl +0.011
upd  634  steps 10403840  sps 5359  opp rand  loss -0.015  pg -0.0075  v 0.012  adv_std 0.165  tR +0.68  ent[s/d/p/e] 0.69/2.02/1.72/0.38  emits 1.89  clip 0.18  kl +0.011
upd  635  steps 10420224  sps 5361  opp rand  loss -0.018  pg -0.0092  v 0.007  adv_std 0.129  tR +0.61  ent[s/d/p/e] 0.68/1.98/1.74/0.39  emits 1.79  clip 0.16  kl +0.008
upd  636  steps 10436608  sps 5362  opp frzn  loss -0.016  pg -0.0077  v 0.011  adv_std 0.156  tR +0.61  ent[s/d/p/e] 0.71/2.04/1.70/0.38  emits 1.87  clip 0.16  kl +0.008
upd  637  steps 10452992  sps 5363  opp rand  loss -0.017  pg -0.0081  v 0.007  adv_std 0.128  tR +0.63  ent[s/d/p/e] 0.64/1.99/1.72/0.41  emits 1.73  clip 0.15  kl +0.007
upd  638  steps 10469376  sps 5365  opp rand  loss -0.017  pg -0.0082  v 0.007  adv_std 0.124  tR +0.66  ent[s/d/p/e] 0.67/1.93/1.75/0.39  emits 1.68  clip 0.16  kl +0.009
upd  639  steps 10485760  sps 5366  opp rand  loss -0.015  pg -0.0062  v 0.009  adv_std 0.140  tR +0.69  ent[s/d/p/e] 0.70/2.00/1.71/0.41  emits 1.79  clip 0.19  kl +0.010
upd  640  steps 10502144  sps 5367  opp rand  loss -0.017  pg -0.0077  v 0.008  adv_std 0.127  tR +0.69  ent[s/d/p/e] 0.69/1.96/1.74/0.40  emits 1.72  clip 0.17  kl +0.008
upd  641  steps 10518528  sps 5369  opp rand  loss -0.015  pg -0.0066  v 0.009  adv_std 0.138  tR +0.65  ent[s/d/p/e] 0.65/1.97/1.72/0.36  emits 1.80  clip 0.16  kl +0.009
upd  642  steps 10534912  sps 5370  opp rand  loss -0.016  pg -0.0078  v 0.011  adv_std 0.152  tR +0.61  ent[s/d/p/e] 0.73/1.99/1.72/0.40  emits 1.74  clip 0.17  kl +0.008
upd  643  steps 10551296  sps 5371  opp frzn  loss -0.017  pg -0.0090  v 0.009  adv_std 0.142  tR +0.62  ent[s/d/p/e] 0.69/1.98/1.69/0.39  emits 1.64  clip 0.16  kl +0.010
upd  644  steps 10567680  sps 5373  opp rand  loss -0.017  pg -0.0082  v 0.010  adv_std 0.150  tR +0.71  ent[s/d/p/e] 0.72/2.03/1.70/0.36  emits 1.90  clip 0.16  kl +0.009
upd  645  steps 10584064  sps 5374  opp frzn  loss -0.019  pg -0.0097  v 0.007  adv_std 0.123  tR +0.66  ent[s/d/p/e] 0.69/1.95/1.71/0.38  emits 1.78  clip 0.14  kl +0.007
upd  646  steps 10600448  sps 5375  opp rand  loss -0.016  pg -0.0074  v 0.007  adv_std 0.127  tR +0.64  ent[s/d/p/e] 0.66/1.99/1.71/0.36  emits 1.83  clip 0.15  kl +0.008
upd  647  steps 10616832  sps 5376  opp frzn  loss -0.016  pg -0.0073  v 0.010  adv_std 0.147  tR +0.59  ent[s/d/p/e] 0.76/1.99/1.67/0.40  emits 1.86  clip 0.17  kl +0.009
upd  648  steps 10633216  sps 5377  opp frzn  loss -0.017  pg -0.0078  v 0.006  adv_std 0.117  tR +0.64  ent[s/d/p/e] 0.71/1.98/1.70/0.38  emits 1.71  clip 0.15  kl +0.007
upd  649  steps 10649600  sps 5379  opp rand  loss -0.014  pg -0.0058  v 0.010  adv_std 0.145  tR +0.68  ent[s/d/p/e] 0.76/2.00/1.71/0.39  emits 1.85  clip 0.19  kl +0.009 WRr 0.94 WRf 0.88
upd  650  steps 10665984  sps 5355  opp rand  loss -0.017  pg -0.0084  v 0.008  adv_std 0.134  tR +0.60  ent[s/d/p/e] 0.67/1.95/1.72/0.38  emits 1.73  clip 0.14  kl +0.008
upd  651  steps 10682368  sps 5357  opp rand  loss -0.017  pg -0.0082  v 0.008  adv_std 0.134  tR +0.68  ent[s/d/p/e] 0.67/1.96/1.71/0.38  emits 1.73  clip 0.13  kl +0.007
upd  652  steps 10698752  sps 5358  opp rand  loss -0.016  pg -0.0080  v 0.011  adv_std 0.156  tR +0.66  ent[s/d/p/e] 0.70/1.96/1.72/0.39  emits 1.79  clip 0.15  kl +0.009
upd  653  steps 10715136  sps 5359  opp frzn  loss -0.017  pg -0.0078  v 0.007  adv_std 0.121  tR +0.73  ent[s/d/p/e] 0.70/1.95/1.71/0.38  emits 1.66  clip 0.14  kl +0.007
upd  654  steps 10731520  sps 5361  opp rand  loss -0.016  pg -0.0074  v 0.008  adv_std 0.135  tR +0.70  ent[s/d/p/e] 0.69/2.01/1.69/0.39  emits 1.81  clip 0.19  kl +0.010
upd  655  steps 10747904  sps 5362  opp frzn  loss -0.015  pg -0.0062  v 0.009  adv_std 0.141  tR +0.67  ent[s/d/p/e] 0.71/1.95/1.69/0.38  emits 1.82  clip 0.14  kl +0.008
upd  656  steps 10764288  sps 5363  opp frzn  loss -0.017  pg -0.0087  v 0.007  adv_std 0.124  tR +0.62  ent[s/d/p/e] 0.66/2.03/1.67/0.36  emits 1.87  clip 0.15  kl +0.007
upd  657  steps 10780672  sps 5364  opp rand  loss -0.016  pg -0.0078  v 0.008  adv_std 0.135  tR +0.67  ent[s/d/p/e] 0.67/1.93/1.70/0.39  emits 1.76  clip 0.15  kl +0.008
upd  658  steps 10797056  sps 5365  opp frzn  loss -0.017  pg -0.0085  v 0.007  adv_std 0.124  tR +0.58  ent[s/d/p/e] 0.67/1.98/1.69/0.35  emits 1.88  clip 0.16  kl +0.009
upd  659  steps 10813440  sps 5366  opp frzn  loss -0.018  pg -0.0091  v 0.008  adv_std 0.132  tR +0.67  ent[s/d/p/e] 0.76/2.06/1.67/0.34  emits 1.98  clip 0.17  kl +0.009
upd  660  steps 10829824  sps 5367  opp rand  loss -0.015  pg -0.0059  v 0.005  adv_std 0.109  tR +0.75  ent[s/d/p/e] 0.70/1.94/1.72/0.37  emits 1.78  clip 0.19  kl +0.011
upd  661  steps 10846208  sps 5368  opp frzn  loss -0.017  pg -0.0087  v 0.011  adv_std 0.156  tR +0.60  ent[s/d/p/e] 0.70/2.02/1.70/0.34  emits 1.87  clip 0.16  kl +0.008
upd  662  steps 10862592  sps 5370  opp rand  loss -0.013  pg -0.0047  v 0.011  adv_std 0.155  tR +0.59  ent[s/d/p/e] 0.71/2.01/1.71/0.36  emits 1.88  clip 0.18  kl +0.009
upd  663  steps 10878976  sps 5371  opp rand  loss -0.018  pg -0.0088  v 0.008  adv_std 0.131  tR +0.76  ent[s/d/p/e] 0.71/1.89/1.71/0.38  emits 1.67  clip 0.17  kl +0.008
upd  664  steps 10895360  sps 5373  opp rand  loss -0.017  pg -0.0082  v 0.010  adv_std 0.147  tR +0.63  ent[s/d/p/e] 0.74/2.00/1.70/0.37  emits 1.95  clip 0.18  kl +0.009
upd  665  steps 10911744  sps 5374  opp rand  loss -0.015  pg -0.0061  v 0.005  adv_std 0.111  tR +0.74  ent[s/d/p/e] 0.69/1.93/1.70/0.38  emits 1.75  clip 0.18  kl +0.010
upd  666  steps 10928128  sps 5375  opp rand  loss -0.016  pg -0.0074  v 0.007  adv_std 0.127  tR +0.75  ent[s/d/p/e] 0.75/1.96/1.71/0.38  emits 1.78  clip 0.16  kl +0.008
upd  667  steps 10944512  sps 5377  opp rand  loss -0.017  pg -0.0076  v 0.007  adv_std 0.123  tR +0.70  ent[s/d/p/e] 0.72/1.99/1.70/0.39  emits 1.86  clip 0.16  kl +0.008
upd  668  steps 10960896  sps 5378  opp rand  loss -0.017  pg -0.0082  v 0.007  adv_std 0.125  tR +0.65  ent[s/d/p/e] 0.69/1.94/1.71/0.37  emits 1.74  clip 0.18  kl +0.012
upd  669  steps 10977280  sps 5379  opp frzn  loss -0.015  pg -0.0076  v 0.012  adv_std 0.158  tR +0.61  ent[s/d/p/e] 0.73/2.05/1.65/0.34  emits 2.05  clip 0.17  kl +0.010
upd  670  steps 10993664  sps 5380  opp frzn  loss -0.017  pg -0.0080  v 0.008  adv_std 0.131  tR +0.56  ent[s/d/p/e] 0.71/1.94/1.67/0.35  emits 1.78  clip 0.16  kl +0.009
upd  671  steps 11010048  sps 5381  opp rand  loss -0.015  pg -0.0059  v 0.007  adv_std 0.121  tR +0.75  ent[s/d/p/e] 0.73/1.97/1.69/0.38  emits 1.81  clip 0.18  kl +0.009
upd  672  steps 11026432  sps 5383  opp rand  loss -0.018  pg -0.0094  v 0.008  adv_std 0.135  tR +0.64  ent[s/d/p/e] 0.76/1.96/1.68/0.38  emits 1.86  clip 0.16  kl +0.008
upd  673  steps 11042816  sps 5384  opp rand  loss -0.016  pg -0.0078  v 0.009  adv_std 0.144  tR +0.66  ent[s/d/p/e] 0.68/1.89/1.67/0.38  emits 1.65  clip 0.17  kl +0.008
upd  674  steps 11059200  sps 5385  opp rand  loss -0.017  pg -0.0084  v 0.007  adv_std 0.126  tR +0.67  ent[s/d/p/e] 0.75/2.02/1.66/0.38  emits 1.79  clip 0.16  kl +0.009 WRr 0.91 WRf 0.88
upd  675  steps 11075584  sps 5362  opp frzn  loss -0.016  pg -0.0073  v 0.007  adv_std 0.125  tR +0.74  ent[s/d/p/e] 0.69/1.94/1.67/0.37  emits 1.71  clip 0.15  kl +0.010
upd  676  steps 11091968  sps 5364  opp rand  loss -0.016  pg -0.0072  v 0.009  adv_std 0.137  tR +0.62  ent[s/d/p/e] 0.70/1.97/1.66/0.38  emits 1.73  clip 0.15  kl +0.009
upd  677  steps 11108352  sps 5365  opp rand  loss -0.015  pg -0.0062  v 0.008  adv_std 0.133  tR +0.61  ent[s/d/p/e] 0.71/1.99/1.66/0.38  emits 1.82  clip 0.18  kl +0.008
upd  678  steps 11124736  sps 5366  opp frzn  loss -0.017  pg -0.0082  v 0.009  adv_std 0.136  tR +0.65  ent[s/d/p/e] 0.76/1.94/1.66/0.36  emits 1.79  clip 0.18  kl +0.010
upd  679  steps 11141120  sps 5367  opp frzn  loss -0.015  pg -0.0066  v 0.012  adv_std 0.163  tR +0.72  ent[s/d/p/e] 0.75/2.07/1.61/0.35  emits 1.84  clip 0.18  kl +0.009
upd  680  steps 11157504  sps 5368  opp rand  loss -0.016  pg -0.0079  v 0.008  adv_std 0.136  tR +0.69  ent[s/d/p/e] 0.63/1.97/1.66/0.38  emits 1.72  clip 0.15  kl +0.007
upd  681  steps 11173888  sps 5370  opp rand  loss -0.016  pg -0.0072  v 0.007  adv_std 0.124  tR +0.75  ent[s/d/p/e] 0.74/1.94/1.66/0.40  emits 1.72  clip 0.17  kl +0.008
upd  682  steps 11190272  sps 5371  opp rand  loss -0.016  pg -0.0068  v 0.007  adv_std 0.123  tR +0.74  ent[s/d/p/e] 0.80/1.96/1.67/0.40  emits 1.75  clip 0.17  kl +0.009
upd  683  steps 11206656  sps 5372  opp frzn  loss -0.016  pg -0.0067  v 0.006  adv_std 0.117  tR +0.60  ent[s/d/p/e] 0.74/1.88/1.66/0.39  emits 1.62  clip 0.16  kl +0.010
upd  684  steps 11223040  sps 5373  opp frzn  loss -0.015  pg -0.0070  v 0.010  adv_std 0.149  tR +0.65  ent[s/d/p/e] 0.79/2.01/1.64/0.36  emits 1.82  clip 0.17  kl +0.009
upd  685  steps 11239424  sps 5374  opp frzn  loss -0.017  pg -0.0086  v 0.008  adv_std 0.137  tR +0.65  ent[s/d/p/e] 0.73/1.87/1.65/0.37  emits 1.55  clip 0.15  kl +0.008
upd  686  steps 11255808  sps 5375  opp rand  loss -0.017  pg -0.0084  v 0.008  adv_std 0.129  tR +0.76  ent[s/d/p/e] 0.67/1.92/1.66/0.38  emits 1.68  clip 0.16  kl +0.007
upd  687  steps 11272192  sps 5376  opp frzn  loss -0.016  pg -0.0072  v 0.008  adv_std 0.136  tR +0.60  ent[s/d/p/e] 0.72/1.97/1.63/0.38  emits 1.80  clip 0.15  kl +0.007
upd  688  steps 11288576  sps 5378  opp rand  loss -0.017  pg -0.0077  v 0.007  adv_std 0.124  tR +0.61  ent[s/d/p/e] 0.70/1.95/1.68/0.37  emits 1.70  clip 0.17  kl +0.009
upd  689  steps 11304960  sps 5379  opp frzn  loss -0.015  pg -0.0066  v 0.009  adv_std 0.140  tR +0.70  ent[s/d/p/e] 0.77/1.95/1.64/0.39  emits 1.70  clip 0.17  kl +0.009
upd  690  steps 11321344  sps 5379  opp frzn  loss -0.014  pg -0.0055  v 0.007  adv_std 0.127  tR +0.61  ent[s/d/p/e] 0.74/1.96/1.66/0.37  emits 1.71  clip 0.16  kl +0.009
upd  691  steps 11337728  sps 5381  opp rand  loss -0.017  pg -0.0081  v 0.009  adv_std 0.143  tR +0.64  ent[s/d/p/e] 0.75/1.94/1.68/0.39  emits 1.75  clip 0.15  kl +0.007
upd  692  steps 11354112  sps 5382  opp rand  loss -0.016  pg -0.0077  v 0.008  adv_std 0.129  tR +0.76  ent[s/d/p/e] 0.68/1.98/1.66/0.38  emits 1.76  clip 0.16  kl +0.007
upd  693  steps 11370496  sps 5383  opp frzn  loss -0.017  pg -0.0083  v 0.008  adv_std 0.127  tR +0.60  ent[s/d/p/e] 0.67/1.95/1.67/0.35  emits 1.82  clip 0.17  kl +0.009
upd  694  steps 11386880  sps 5384  opp rand  loss -0.015  pg -0.0064  v 0.008  adv_std 0.133  tR +0.68  ent[s/d/p/e] 0.71/2.01/1.65/0.36  emits 1.91  clip 0.18  kl +0.008
upd  695  steps 11403264  sps 5386  opp rand  loss -0.015  pg -0.0066  v 0.008  adv_std 0.136  tR +0.71  ent[s/d/p/e] 0.69/1.95/1.67/0.40  emits 1.77  clip 0.16  kl +0.007
upd  696  steps 11419648  sps 5387  opp frzn  loss -0.015  pg -0.0069  v 0.010  adv_std 0.151  tR +0.55  ent[s/d/p/e] 0.73/1.95/1.64/0.38  emits 1.79  clip 0.17  kl +0.009
upd  697  steps 11436032  sps 5388  opp frzn  loss -0.017  pg -0.0087  v 0.008  adv_std 0.131  tR +0.66  ent[s/d/p/e] 0.72/1.99/1.62/0.38  emits 1.79  clip 0.18  kl +0.010
upd  698  steps 11452416  sps 5388  opp frzn  loss -0.016  pg -0.0077  v 0.008  adv_std 0.132  tR +0.62  ent[s/d/p/e] 0.66/1.94/1.65/0.38  emits 1.67  clip 0.16  kl +0.008
upd  699  steps 11468800  sps 5390  opp rand  loss -0.016  pg -0.0081  v 0.010  adv_std 0.150  tR +0.58  ent[s/d/p/e] 0.70/2.00/1.65/0.38  emits 1.80  clip 0.17  kl +0.007 WRr 0.88 WRf 0.75
upd  700  steps 11485184  sps 5368  opp frzn  loss -0.017  pg -0.0082  v 0.007  adv_std 0.124  tR +0.72  ent[s/d/p/e] 0.66/1.94/1.64/0.38  emits 1.68  clip 0.15  kl +0.008
upd  701  steps 11501568  sps 5369  opp frzn  loss -0.015  pg -0.0067  v 0.008  adv_std 0.131  tR +0.68  ent[s/d/p/e] 0.68/1.98/1.62/0.37  emits 1.72  clip 0.15  kl +0.007
upd  702  steps 11517952  sps 5370  opp frzn  loss -0.017  pg -0.0086  v 0.009  adv_std 0.143  tR +0.69  ent[s/d/p/e] 0.72/1.96/1.63/0.38  emits 1.75  clip 0.15  kl +0.008
upd  703  steps 11534336  sps 5370  opp frzn  loss -0.016  pg -0.0076  v 0.007  adv_std 0.130  tR +0.54  ent[s/d/p/e] 0.71/1.93/1.65/0.37  emits 1.79  clip 0.16  kl +0.008
upd  704  steps 11550720  sps 5372  opp rand  loss -0.018  pg -0.0094  v 0.010  adv_std 0.152  tR +0.67  ent[s/d/p/e] 0.78/1.98/1.66/0.40  emits 1.83  clip 0.16  kl +0.007
upd  705  steps 11567104  sps 5373  opp frzn  loss -0.015  pg -0.0068  v 0.007  adv_std 0.128  tR +0.72  ent[s/d/p/e] 0.66/1.90/1.64/0.38  emits 1.71  clip 0.15  kl +0.008
upd  706  steps 11583488  sps 5374  opp rand  loss -0.016  pg -0.0076  v 0.010  adv_std 0.145  tR +0.59  ent[s/d/p/e] 0.69/1.91/1.66/0.40  emits 1.70  clip 0.16  kl +0.007
upd  707  steps 11599872  sps 5375  opp frzn  loss -0.015  pg -0.0069  v 0.010  adv_std 0.150  tR +0.64  ent[s/d/p/e] 0.75/1.97/1.63/0.37  emits 1.85  clip 0.15  kl +0.009
upd  708  steps 11616256  sps 5376  opp rand  loss -0.017  pg -0.0076  v 0.006  adv_std 0.115  tR +0.74  ent[s/d/p/e] 0.68/1.81/1.68/0.39  emits 1.68  clip 0.17  kl +0.008
upd  709  steps 11632640  sps 5378  opp rand  loss -0.016  pg -0.0081  v 0.010  adv_std 0.149  tR +0.66  ent[s/d/p/e] 0.71/2.00/1.64/0.38  emits 1.90  clip 0.17  kl +0.009
upd  710  steps 11649024  sps 5378  opp frzn  loss -0.017  pg -0.0082  v 0.007  adv_std 0.123  tR +0.66  ent[s/d/p/e] 0.78/1.86/1.65/0.40  emits 1.77  clip 0.17  kl +0.008
upd  711  steps 11665408  sps 5379  opp frzn  loss -0.015  pg -0.0069  v 0.008  adv_std 0.130  tR +0.59  ent[s/d/p/e] 0.72/1.90/1.64/0.37  emits 1.75  clip 0.16  kl +0.009
upd  712  steps 11681792  sps 5380  opp rand  loss -0.016  pg -0.0075  v 0.009  adv_std 0.142  tR +0.69  ent[s/d/p/e] 0.66/1.96/1.65/0.39  emits 1.88  clip 0.16  kl +0.008
upd  713  steps 11698176  sps 5381  opp rand  loss -0.016  pg -0.0070  v 0.006  adv_std 0.118  tR +0.66  ent[s/d/p/e] 0.65/1.87/1.65/0.40  emits 1.75  clip 0.18  kl +0.009
upd  714  steps 11714560  sps 5382  opp rand  loss -0.015  pg -0.0061  v 0.010  adv_std 0.147  tR +0.61  ent[s/d/p/e] 0.78/1.96/1.65/0.40  emits 1.87  clip 0.16  kl +0.008
upd  715  steps 11730944  sps 5382  opp frzn  loss -0.015  pg -0.0069  v 0.009  adv_std 0.139  tR +0.57  ent[s/d/p/e] 0.71/1.96/1.65/0.36  emits 1.90  clip 0.18  kl +0.010
upd  716  steps 11747328  sps 5383  opp frzn  loss -0.016  pg -0.0073  v 0.008  adv_std 0.132  tR +0.68  ent[s/d/p/e] 0.76/1.94/1.68/0.37  emits 1.81  clip 0.18  kl +0.012
upd  717  steps 11763712  sps 5383  opp frzn  loss -0.017  pg -0.0086  v 0.010  adv_std 0.148  tR +0.62  ent[s/d/p/e] 0.74/2.00/1.63/0.35  emits 1.97  clip 0.15  kl +0.008
upd  718  steps 11780096  sps 5384  opp rand  loss -0.016  pg -0.0081  v 0.010  adv_std 0.144  tR +0.69  ent[s/d/p/e] 0.66/1.88/1.68/0.36  emits 1.82  clip 0.15  kl +0.007
upd  719  steps 11796480  sps 5385  opp rand  loss -0.017  pg -0.0080  v 0.009  adv_std 0.141  tR +0.67  ent[s/d/p/e] 0.74/1.98/1.66/0.37  emits 1.90  clip 0.17  kl +0.012
upd  720  steps 11812864  sps 5385  opp rand  loss -0.016  pg -0.0077  v 0.007  adv_std 0.129  tR +0.59  ent[s/d/p/e] 0.70/1.92/1.67/0.38  emits 1.81  clip 0.16  kl +0.008
upd  721  steps 11829248  sps 5386  opp rand  loss -0.017  pg -0.0088  v 0.009  adv_std 0.146  tR +0.67  ent[s/d/p/e] 0.70/1.98/1.68/0.35  emits 1.93  clip 0.15  kl +0.007
upd  722  steps 11845632  sps 5387  opp rand  loss -0.016  pg -0.0077  v 0.012  adv_std 0.161  tR +0.61  ent[s/d/p/e] 0.72/2.01/1.67/0.35  emits 2.01  clip 0.17  kl +0.009
upd  723  steps 11862016  sps 5388  opp frzn  loss -0.016  pg -0.0073  v 0.006  adv_std 0.113  tR +0.72  ent[s/d/p/e] 0.68/1.89/1.70/0.36  emits 1.78  clip 0.17  kl +0.007
upd  724  steps 11878400  sps 5389  opp rand  loss -0.016  pg -0.0077  v 0.010  adv_std 0.148  tR +0.68  ent[s/d/p/e] 0.71/1.99/1.68/0.39  emits 1.93  clip 0.17  kl +0.007 WRr 0.91 WRf 0.94
upd  725  steps 11894784  sps 5363  opp rand  loss -0.016  pg -0.0076  v 0.007  adv_std 0.121  tR +0.66  ent[s/d/p/e] 0.63/1.99/1.69/0.35  emits 2.07  clip 0.15  kl +0.008
upd  726  steps 11911168  sps 5363  opp frzn  loss -0.017  pg -0.0082  v 0.008  adv_std 0.132  tR +0.63  ent[s/d/p/e] 0.68/1.96/1.65/0.35  emits 1.88  clip 0.16  kl +0.010
upd  727  steps 11927552  sps 5364  opp rand  loss -0.018  pg -0.0091  v 0.008  adv_std 0.133  tR +0.70  ent[s/d/p/e] 0.66/2.05/1.68/0.35  emits 2.05  clip 0.16  kl +0.008
upd  728  steps 11943936  sps 5365  opp frzn  loss -0.017  pg -0.0094  v 0.011  adv_std 0.156  tR +0.53  ent[s/d/p/e] 0.63/1.96/1.65/0.34  emits 1.92  clip 0.17  kl +0.008
upd  729  steps 11960320  sps 5365  opp frzn  loss -0.017  pg -0.0085  v 0.009  adv_std 0.144  tR +0.61  ent[s/d/p/e] 0.72/1.96/1.64/0.36  emits 1.97  clip 0.16  kl +0.009
upd  730  steps 11976704  sps 5365  opp frzn  loss -0.017  pg -0.0086  v 0.010  adv_std 0.145  tR +0.55  ent[s/d/p/e] 0.66/1.97/1.69/0.35  emits 1.98  clip 0.17  kl +0.009
upd  731  steps 11993088  sps 5366  opp frzn  loss -0.017  pg -0.0085  v 0.009  adv_std 0.138  tR +0.68  ent[s/d/p/e] 0.67/2.03/1.67/0.31  emits 2.03  clip 0.15  kl +0.008
upd  732  steps 12009472  sps 5367  opp rand  loss -0.017  pg -0.0089  v 0.009  adv_std 0.137  tR +0.71  ent[s/d/p/e] 0.68/2.05/1.68/0.34  emits 2.20  clip 0.17  kl +0.008
upd  733  steps 12025856  sps 5368  opp frzn  loss -0.016  pg -0.0079  v 0.008  adv_std 0.135  tR +0.65  ent[s/d/p/e] 0.63/2.03/1.68/0.31  emits 1.97  clip 0.17  kl +0.008
upd  734  steps 12042240  sps 5369  opp rand  loss -0.015  pg -0.0063  v 0.009  adv_std 0.139  tR +0.71  ent[s/d/p/e] 0.68/2.08/1.68/0.32  emits 2.30  clip 0.18  kl +0.007
upd  735  steps 12058624  sps 5370  opp frzn  loss -0.017  pg -0.0090  v 0.008  adv_std 0.134  tR +0.54  ent[s/d/p/e] 0.70/1.94/1.66/0.35  emits 1.98  clip 0.16  kl +0.010
upd  736  steps 12075008  sps 5371  opp frzn  loss -0.016  pg -0.0080  v 0.008  adv_std 0.135  tR +0.70  ent[s/d/p/e] 0.67/2.00/1.67/0.33  emits 2.04  clip 0.17  kl +0.009
upd  737  steps 12091392  sps 5372  opp rand  loss -0.016  pg -0.0075  v 0.008  adv_std 0.133  tR +0.65  ent[s/d/p/e] 0.63/2.02/1.68/0.35  emits 2.11  clip 0.17  kl +0.010
upd  738  steps 12107776  sps 5373  opp frzn  loss -0.017  pg -0.0089  v 0.011  adv_std 0.149  tR +0.60  ent[s/d/p/e] 0.65/2.01/1.66/0.33  emits 2.13  clip 0.17  kl +0.009
upd  739  steps 12124160  sps 5374  opp rand  loss -0.016  pg -0.0086  v 0.013  adv_std 0.168  tR +0.56  ent[s/d/p/e] 0.66/2.05/1.68/0.33  emits 2.18  clip 0.16  kl +0.008
upd  740  steps 12140544  sps 5375  opp frzn  loss -0.018  pg -0.0097  v 0.008  adv_std 0.136  tR +0.64  ent[s/d/p/e] 0.68/2.02/1.68/0.34  emits 2.10  clip 0.15  kl +0.008
upd  741  steps 12156928  sps 5376  opp rand  loss -0.017  pg -0.0087  v 0.008  adv_std 0.134  tR +0.67  ent[s/d/p/e] 0.67/2.02/1.69/0.35  emits 2.08  clip 0.15  kl +0.008
upd  742  steps 12173312  sps 5377  opp frzn  loss -0.015  pg -0.0073  v 0.011  adv_std 0.158  tR +0.58  ent[s/d/p/e] 0.60/2.03/1.64/0.34  emits 2.21  clip 0.18  kl +0.009
upd  743  steps 12189696  sps 5378  opp rand  loss -0.017  pg -0.0078  v 0.006  adv_std 0.115  tR +0.75  ent[s/d/p/e] 0.66/1.93/1.70/0.38  emits 2.00  clip 0.15  kl +0.007
upd  744  steps 12206080  sps 5380  opp rand  loss -0.015  pg -0.0067  v 0.010  adv_std 0.145  tR +0.70  ent[s/d/p/e] 0.67/2.06/1.69/0.35  emits 2.31  clip 0.18  kl +0.008
upd  745  steps 12222464  sps 5381  opp rand  loss -0.015  pg -0.0069  v 0.009  adv_std 0.141  tR +0.69  ent[s/d/p/e] 0.66/1.97/1.69/0.37  emits 2.20  clip 0.16  kl +0.009
upd  746  steps 12238848  sps 5382  opp frzn  loss -0.015  pg -0.0072  v 0.010  adv_std 0.148  tR +0.63  ent[s/d/p/e] 0.66/1.97/1.66/0.34  emits 2.16  clip 0.17  kl +0.011
upd  747  steps 12255232  sps 5383  opp rand  loss -0.018  pg -0.0091  v 0.008  adv_std 0.127  tR +0.62  ent[s/d/p/e] 0.68/1.99/1.68/0.36  emits 2.21  clip 0.16  kl +0.007
upd  748  steps 12271616  sps 5384  opp rand  loss -0.017  pg -0.0079  v 0.008  adv_std 0.126  tR +0.68  ent[s/d/p/e] 0.71/1.95/1.71/0.38  emits 2.07  clip 0.17  kl +0.010
upd  749  steps 12288000  sps 5385  opp rand  loss -0.016  pg -0.0083  v 0.010  adv_std 0.148  tR +0.67  ent[s/d/p/e] 0.65/2.07/1.70/0.35  emits 2.32  clip 0.17  kl +0.009 WRr 0.78 WRf 0.84
upd  750  steps 12304384  sps 5365  opp frzn  loss -0.017  pg -0.0088  v 0.009  adv_std 0.136  tR +0.61  ent[s/d/p/e] 0.60/1.96/1.70/0.35  emits 2.15  clip 0.14  kl +0.007
upd  751  steps 12320768  sps 5366  opp rand  loss -0.016  pg -0.0072  v 0.008  adv_std 0.135  tR +0.73  ent[s/d/p/e] 0.63/1.99/1.70/0.36  emits 2.09  clip 0.17  kl +0.007
upd  752  steps 12337152  sps 5367  opp rand  loss -0.017  pg -0.0081  v 0.008  adv_std 0.134  tR +0.66  ent[s/d/p/e] 0.69/1.99/1.71/0.37  emits 2.25  clip 0.18  kl +0.011
upd  753  steps 12353536  sps 5368  opp frzn  loss -0.015  pg -0.0063  v 0.006  adv_std 0.117  tR +0.68  ent[s/d/p/e] 0.67/1.98/1.69/0.36  emits 2.01  clip 0.14  kl +0.008
upd  754  steps 12369920  sps 5369  opp rand  loss -0.016  pg -0.0069  v 0.008  adv_std 0.130  tR +0.75  ent[s/d/p/e] 0.71/2.00/1.70/0.35  emits 2.22  clip 0.17  kl +0.008
upd  755  steps 12386304  sps 5370  opp rand  loss -0.016  pg -0.0075  v 0.007  adv_std 0.126  tR +0.69  ent[s/d/p/e] 0.66/1.93/1.71/0.38  emits 2.11  clip 0.18  kl +0.009
upd  756  steps 12402688  sps 5371  opp frzn  loss -0.017  pg -0.0082  v 0.006  adv_std 0.119  tR +0.67  ent[s/d/p/e] 0.66/1.96/1.70/0.37  emits 2.00  clip 0.17  kl +0.008
upd  757  steps 12419072  sps 5372  opp rand  loss -0.016  pg -0.0077  v 0.009  adv_std 0.140  tR +0.65  ent[s/d/p/e] 0.62/2.01/1.68/0.35  emits 2.20  clip 0.16  kl +0.008
upd  758  steps 12435456  sps 5374  opp rand  loss -0.016  pg -0.0075  v 0.007  adv_std 0.126  tR +0.65  ent[s/d/p/e] 0.59/1.93/1.71/0.36  emits 2.18  clip 0.17  kl +0.009
upd  759  steps 12451840  sps 5375  opp frzn  loss -0.017  pg -0.0087  v 0.013  adv_std 0.166  tR +0.61  ent[s/d/p/e] 0.76/1.98/1.68/0.38  emits 2.14  clip 0.16  kl +0.010
upd  760  steps 12468224  sps 5376  opp rand  loss -0.016  pg -0.0076  v 0.009  adv_std 0.135  tR +0.60  ent[s/d/p/e] 0.64/1.94/1.72/0.36  emits 2.23  clip 0.17  kl +0.009
upd  761  steps 12484608  sps 5377  opp rand  loss -0.016  pg -0.0075  v 0.008  adv_std 0.130  tR +0.63  ent[s/d/p/e] 0.66/1.93/1.72/0.37  emits 2.15  clip 0.18  kl +0.011
upd  762  steps 12500992  sps 5378  opp frzn  loss -0.016  pg -0.0080  v 0.010  adv_std 0.144  tR +0.55  ent[s/d/p/e] 0.70/1.94/1.68/0.35  emits 2.21  clip 0.17  kl +0.009
upd  763  steps 12517376  sps 5379  opp rand  loss -0.018  pg -0.0093  v 0.007  adv_std 0.123  tR +0.75  ent[s/d/p/e] 0.71/1.88/1.72/0.37  emits 2.10  clip 0.16  kl +0.006
upd  764  steps 12533760  sps 5380  opp rand  loss -0.016  pg -0.0076  v 0.010  adv_std 0.147  tR +0.70  ent[s/d/p/e] 0.66/1.98/1.71/0.34  emits 2.27  clip 0.16  kl +0.007
upd  765  steps 12550144  sps 5381  opp rand  loss -0.018  pg -0.0090  v 0.007  adv_std 0.122  tR +0.77  ent[s/d/p/e] 0.67/1.91/1.73/0.39  emits 2.15  clip 0.17  kl +0.010
upd  766  steps 12566528  sps 5382  opp frzn  loss -0.016  pg -0.0087  v 0.011  adv_std 0.160  tR +0.57  ent[s/d/p/e] 0.65/1.93/1.70/0.35  emits 1.97  clip 0.16  kl +0.010
upd  767  steps 12582912  sps 5383  opp rand  loss -0.015  pg -0.0070  v 0.010  adv_std 0.146  tR +0.69  ent[s/d/p/e] 0.70/1.94/1.72/0.38  emits 2.21  clip 0.18  kl +0.009
upd  768  steps 12599296  sps 5384  opp frzn  loss -0.016  pg -0.0073  v 0.007  adv_std 0.118  tR +0.69  ent[s/d/p/e] 0.67/1.95/1.72/0.33  emits 2.10  clip 0.15  kl +0.008
upd  769  steps 12615680  sps 5385  opp frzn  loss -0.019  pg -0.0102  v 0.008  adv_std 0.130  tR +0.60  ent[s/d/p/e] 0.73/2.01/1.70/0.32  emits 2.18  clip 0.16  kl +0.008
upd  770  steps 12632064  sps 5386  opp rand  loss -0.017  pg -0.0076  v 0.007  adv_std 0.124  tR +0.68  ent[s/d/p/e] 0.70/1.88/1.73/0.37  emits 2.21  clip 0.17  kl +0.012
upd  771  steps 12648448  sps 5387  opp rand  loss -0.017  pg -0.0079  v 0.008  adv_std 0.136  tR +0.71  ent[s/d/p/e] 0.71/1.93/1.72/0.35  emits 2.26  clip 0.17  kl +0.010
upd  772  steps 12664832  sps 5389  opp rand  loss -0.017  pg -0.0081  v 0.009  adv_std 0.136  tR +0.71  ent[s/d/p/e] 0.68/1.92/1.71/0.36  emits 2.35  clip 0.19  kl +0.009
upd  773  steps 12681216  sps 5390  opp rand  loss -0.017  pg -0.0087  v 0.009  adv_std 0.138  tR +0.64  ent[s/d/p/e] 0.65/1.90/1.74/0.36  emits 2.29  clip 0.17  kl +0.010
upd  774  steps 12697600  sps 5391  opp frzn  loss -0.016  pg -0.0076  v 0.010  adv_std 0.151  tR +0.68  ent[s/d/p/e] 0.72/2.00/1.71/0.31  emits 2.33  clip 0.17  kl +0.011 WRr 0.91 WRf 0.88
upd  775  steps 12713984  sps 5370  opp frzn  loss -0.018  pg -0.0091  v 0.008  adv_std 0.135  tR +0.57  ent[s/d/p/e] 0.66/1.94/1.73/0.34  emits 2.14  clip 0.16  kl +0.007
upd  776  steps 12730368  sps 5371  opp frzn  loss -0.015  pg -0.0067  v 0.007  adv_std 0.121  tR +0.68  ent[s/d/p/e] 0.60/1.95/1.72/0.32  emits 2.01  clip 0.16  kl +0.007
upd  777  steps 12746752  sps 5372  opp rand  loss -0.015  pg -0.0066  v 0.008  adv_std 0.126  tR +0.68  ent[s/d/p/e] 0.65/1.94/1.73/0.34  emits 2.39  clip 0.18  kl +0.011
upd  778  steps 12763136  sps 5374  opp rand  loss -0.016  pg -0.0076  v 0.008  adv_std 0.135  tR +0.62  ent[s/d/p/e] 0.69/1.94/1.72/0.35  emits 2.37  clip 0.18  kl +0.011
upd  779  steps 12779520  sps 5375  opp rand  loss -0.016  pg -0.0079  v 0.010  adv_std 0.148  tR +0.53  ent[s/d/p/e] 0.69/1.95/1.73/0.34  emits 2.41  clip 0.19  kl +0.012
upd  780  steps 12795904  sps 5376  opp rand  loss -0.017  pg -0.0085  v 0.007  adv_std 0.123  tR +0.72  ent[s/d/p/e] 0.69/1.92/1.74/0.34  emits 2.50  clip 0.17  kl +0.009
upd  781  steps 12812288  sps 5377  opp rand  loss -0.017  pg -0.0074  v 0.006  adv_std 0.114  tR +0.71  ent[s/d/p/e] 0.75/1.98/1.74/0.32  emits 2.68  clip 0.19  kl +0.010
upd  782  steps 12828672  sps 5378  opp rand  loss -0.015  pg -0.0066  v 0.010  adv_std 0.147  tR +0.55  ent[s/d/p/e] 0.69/1.96/1.74/0.34  emits 2.59  clip 0.21  kl +0.013
upd  783  steps 12845056  sps 5379  opp frzn  loss -0.017  pg -0.0084  v 0.009  adv_std 0.141  tR +0.63  ent[s/d/p/e] 0.68/1.88/1.72/0.34  emits 2.15  clip 0.17  kl +0.008
upd  784  steps 12861440  sps 5380  opp frzn  loss -0.016  pg -0.0084  v 0.011  adv_std 0.154  tR +0.55  ent[s/d/p/e] 0.67/2.00/1.70/0.30  emits 2.47  clip 0.17  kl +0.008
upd  785  steps 12877824  sps 5381  opp rand  loss -0.015  pg -0.0066  v 0.007  adv_std 0.121  tR +0.62  ent[s/d/p/e] 0.65/1.89/1.77/0.35  emits 2.44  clip 0.19  kl +0.010
upd  786  steps 12894208  sps 5382  opp frzn  loss -0.015  pg -0.0073  v 0.008  adv_std 0.137  tR +0.67  ent[s/d/p/e] 0.59/1.94/1.72/0.31  emits 2.37  clip 0.18  kl +0.008
upd  787  steps 12910592  sps 5383  opp rand  loss -0.016  pg -0.0077  v 0.011  adv_std 0.152  tR +0.65  ent[s/d/p/e] 0.74/2.01/1.74/0.34  emits 2.70  clip 0.20  kl +0.010
upd  788  steps 12926976  sps 5384  opp rand  loss -0.016  pg -0.0079  v 0.008  adv_std 0.135  tR +0.62  ent[s/d/p/e] 0.65/1.97/1.74/0.32  emits 2.52  clip 0.16  kl +0.009
upd  789  steps 12943360  sps 5385  opp rand  loss -0.017  pg -0.0089  v 0.010  adv_std 0.146  tR +0.66  ent[s/d/p/e] 0.65/2.02/1.72/0.32  emits 2.60  clip 0.17  kl +0.010
upd  790  steps 12959744  sps 5386  opp rand  loss -0.016  pg -0.0077  v 0.008  adv_std 0.131  tR +0.67  ent[s/d/p/e] 0.70/1.88/1.76/0.35  emits 2.54  clip 0.17  kl +0.010
upd  791  steps 12976128  sps 5388  opp rand  loss -0.017  pg -0.0087  v 0.010  adv_std 0.147  tR +0.66  ent[s/d/p/e] 0.75/1.99/1.75/0.34  emits 2.68  clip 0.18  kl +0.008
upd  792  steps 12992512  sps 5388  opp frzn  loss -0.017  pg -0.0086  v 0.009  adv_std 0.141  tR +0.66  ent[s/d/p/e] 0.74/2.01/1.71/0.31  emits 2.83  clip 0.17  kl +0.008
upd  793  steps 13008896  sps 5390  opp rand  loss -0.017  pg -0.0083  v 0.007  adv_std 0.122  tR +0.72  ent[s/d/p/e] 0.70/1.95/1.74/0.33  emits 2.59  clip 0.18  kl +0.010
upd  794  steps 13025280  sps 5391  opp rand  loss -0.016  pg -0.0069  v 0.008  adv_std 0.130  tR +0.75  ent[s/d/p/e] 0.69/1.99/1.74/0.31  emits 2.73  clip 0.18  kl +0.009
upd  795  steps 13041664  sps 5392  opp frzn  loss -0.017  pg -0.0077  v 0.006  adv_std 0.112  tR +0.82  ent[s/d/p/e] 0.68/1.95/1.75/0.32  emits 2.61  clip 0.17  kl +0.008
upd  796  steps 13058048  sps 5392  opp frzn  loss -0.017  pg -0.0083  v 0.006  adv_std 0.116  tR +0.69  ent[s/d/p/e] 0.64/1.98/1.73/0.30  emits 2.52  clip 0.17  kl +0.009
upd  797  steps 13074432  sps 5393  opp rand  loss -0.017  pg -0.0079  v 0.008  adv_std 0.135  tR +0.71  ent[s/d/p/e] 0.71/1.99/1.74/0.32  emits 2.73  clip 0.20  kl +0.010
upd  798  steps 13090816  sps 5394  opp frzn  loss -0.016  pg -0.0072  v 0.009  adv_std 0.138  tR +0.68  ent[s/d/p/e] 0.70/1.95/1.74/0.33  emits 2.52  clip 0.19  kl +0.010
upd  799  steps 13107200  sps 5395  opp rand  loss -0.019  pg -0.0099  v 0.008  adv_std 0.130  tR +0.68  ent[s/d/p/e] 0.68/2.01/1.74/0.31  emits 2.69  clip 0.18  kl +0.008 WRr 0.91 WRf 0.84
upd  800  steps 13123584  sps 5376  opp rand  loss -0.017  pg -0.0090  v 0.009  adv_std 0.142  tR +0.64  ent[s/d/p/e] 0.68/1.96/1.75/0.30  emits 2.97  clip 0.20  kl +0.010
upd  801  steps 13139968  sps 5377  opp rand  loss -0.016  pg -0.0072  v 0.008  adv_std 0.130  tR +0.78  ent[s/d/p/e] 0.75/1.99/1.73/0.30  emits 2.85  clip 0.17  kl +0.007
upd  802  steps 13156352  sps 5378  opp frzn  loss -0.017  pg -0.0086  v 0.009  adv_std 0.138  tR +0.66  ent[s/d/p/e] 0.74/2.05/1.72/0.30  emits 2.76  clip 0.19  kl +0.012
upd  803  steps 13172736  sps 5379  opp frzn  loss -0.017  pg -0.0082  v 0.006  adv_std 0.115  tR +0.64  ent[s/d/p/e] 0.71/1.99/1.70/0.33  emits 2.54  clip 0.19  kl +0.012
upd  804  steps 13189120  sps 5380  opp frzn  loss -0.014  pg -0.0059  v 0.008  adv_std 0.131  tR +0.65  ent[s/d/p/e] 0.72/2.08/1.69/0.27  emits 2.97  clip 0.18  kl +0.010
upd  805  steps 13205504  sps 5381  opp rand  loss -0.017  pg -0.0086  v 0.006  adv_std 0.118  tR +0.70  ent[s/d/p/e] 0.68/1.97/1.73/0.28  emits 3.04  clip 0.19  kl +0.010
upd  806  steps 13221888  sps 5382  opp frzn  loss -0.016  pg -0.0076  v 0.009  adv_std 0.142  tR +0.62  ent[s/d/p/e] 0.61/1.99/1.72/0.27  emits 2.91  clip 0.19  kl +0.009
upd  807  steps 13238272  sps 5383  opp frzn  loss -0.017  pg -0.0080  v 0.007  adv_std 0.128  tR +0.62  ent[s/d/p/e] 0.68/2.02/1.71/0.27  emits 3.06  clip 0.19  kl +0.011
upd  808  steps 13254656  sps 5383  opp frzn  loss -0.017  pg -0.0087  v 0.008  adv_std 0.136  tR +0.59  ent[s/d/p/e] 0.61/2.00/1.73/0.25  emits 2.77  clip 0.16  kl +0.009
upd  809  steps 13271040  sps 5385  opp rand  loss -0.017  pg -0.0080  v 0.008  adv_std 0.135  tR +0.59  ent[s/d/p/e] 0.77/2.06/1.74/0.25  emits 3.24  clip 0.19  kl +0.010
upd  810  steps 13287424  sps 5386  opp rand  loss -0.014  pg -0.0058  v 0.008  adv_std 0.134  tR +0.67  ent[s/d/p/e] 0.69/1.96/1.75/0.27  emits 3.08  clip 0.20  kl +0.010
upd  811  steps 13303808  sps 5386  opp frzn  loss -0.016  pg -0.0080  v 0.010  adv_std 0.154  tR +0.55  ent[s/d/p/e] 0.63/2.04/1.75/0.25  emits 2.88  clip 0.18  kl +0.007
upd  812  steps 13320192  sps 5387  opp frzn  loss -0.014  pg -0.0060  v 0.009  adv_std 0.139  tR +0.65  ent[s/d/p/e] 0.67/2.03/1.71/0.26  emits 2.94  clip 0.18  kl +0.011
upd  813  steps 13336576  sps 5388  opp rand  loss -0.017  pg -0.0078  v 0.007  adv_std 0.128  tR +0.64  ent[s/d/p/e] 0.70/1.97/1.76/0.28  emits 3.00  clip 0.17  kl +0.007
upd  814  steps 13352960  sps 5390  opp rand  loss -0.016  pg -0.0078  v 0.011  adv_std 0.156  tR +0.64  ent[s/d/p/e] 0.68/2.03/1.73/0.25  emits 3.14  clip 0.17  kl +0.008
upd  815  steps 13369344  sps 5390  opp frzn  loss -0.018  pg -0.0087  v 0.007  adv_std 0.122  tR +0.59  ent[s/d/p/e] 0.72/2.01/1.73/0.28  emits 2.89  clip 0.17  kl +0.009
upd  816  steps 13385728  sps 5391  opp frzn  loss -0.015  pg -0.0071  v 0.009  adv_std 0.146  tR +0.66  ent[s/d/p/e] 0.64/1.97/1.72/0.28  emits 2.57  clip 0.19  kl +0.011
upd  817  steps 13402112  sps 5392  opp rand  loss -0.017  pg -0.0083  v 0.007  adv_std 0.125  tR +0.78  ent[s/d/p/e] 0.72/2.01/1.74/0.29  emits 2.91  clip 0.18  kl +0.008
upd  818  steps 13418496  sps 5393  opp rand  loss -0.017  pg -0.0078  v 0.007  adv_std 0.119  tR +0.72  ent[s/d/p/e] 0.67/1.94/1.74/0.30  emits 2.70  clip 0.18  kl +0.010
upd  819  steps 13434880  sps 5394  opp rand  loss -0.015  pg -0.0073  v 0.013  adv_std 0.167  tR +0.63  ent[s/d/p/e] 0.66/2.01/1.74/0.26  emits 3.00  clip 0.20  kl +0.010
upd  820  steps 13451264  sps 5395  opp rand  loss -0.018  pg -0.0086  v 0.006  adv_std 0.118  tR +0.70  ent[s/d/p/e] 0.72/1.94/1.75/0.31  emits 2.94  clip 0.19  kl +0.010
upd  821  steps 13467648  sps 5396  opp frzn  loss -0.017  pg -0.0083  v 0.008  adv_std 0.136  tR +0.65  ent[s/d/p/e] 0.65/1.98/1.73/0.27  emits 2.75  clip 0.17  kl +0.008
upd  822  steps 13484032  sps 5397  opp rand  loss -0.017  pg -0.0083  v 0.007  adv_std 0.125  tR +0.62  ent[s/d/p/e] 0.72/1.98/1.74/0.29  emits 2.99  clip 0.20  kl +0.011
upd  823  steps 13500416  sps 5398  opp frzn  loss -0.013  pg -0.0055  v 0.010  adv_std 0.145  tR +0.51  ent[s/d/p/e] 0.63/1.97/1.74/0.27  emits 2.75  clip 0.21  kl +0.013
upd  824  steps 13516800  sps 5399  opp rand  loss -0.016  pg -0.0075  v 0.009  adv_std 0.143  tR +0.53  ent[s/d/p/e] 0.65/1.98/1.72/0.29  emits 2.80  clip 0.19  kl +0.008 WRr 0.78 WRf 0.84
upd  825  steps 13533184  sps 5371  opp frzn  loss -0.018  pg -0.0099  v 0.007  adv_std 0.125  tR +0.59  ent[s/d/p/e] 0.67/1.94/1.73/0.29  emits 2.81  clip 0.17  kl +0.008
upd  826  steps 13549568  sps 5372  opp rand  loss -0.014  pg -0.0062  v 0.010  adv_std 0.147  tR +0.64  ent[s/d/p/e] 0.61/1.94/1.74/0.30  emits 2.77  clip 0.20  kl +0.011
upd  827  steps 13565952  sps 5373  opp rand  loss -0.017  pg -0.0085  v 0.011  adv_std 0.153  tR +0.59  ent[s/d/p/e] 0.72/1.95/1.74/0.28  emits 3.09  clip 0.18  kl +0.008
upd  828  steps 13582336  sps 5375  opp rand  loss -0.016  pg -0.0074  v 0.006  adv_std 0.115  tR +0.67  ent[s/d/p/e] 0.63/1.93/1.75/0.28  emits 3.04  clip 0.18  kl +0.010
upd  829  steps 13598720  sps 5376  opp rand  loss -0.017  pg -0.0087  v 0.010  adv_std 0.145  tR +0.66  ent[s/d/p/e] 0.66/2.01/1.73/0.26  emits 2.93  clip 0.16  kl +0.008
upd  830  steps 13615104  sps 5376  opp frzn  loss -0.015  pg -0.0069  v 0.008  adv_std 0.136  tR +0.60  ent[s/d/p/e] 0.68/1.89/1.71/0.31  emits 2.73  clip 0.17  kl +0.010
upd  831  steps 13631488  sps 5378  opp rand  loss -0.015  pg -0.0067  v 0.008  adv_std 0.134  tR +0.71  ent[s/d/p/e] 0.75/1.95/1.73/0.30  emits 2.91  clip 0.20  kl +0.011
upd  832  steps 13647872  sps 5379  opp rand  loss -0.017  pg -0.0086  v 0.008  adv_std 0.128  tR +0.69  ent[s/d/p/e] 0.67/2.03/1.75/0.27  emits 3.23  clip 0.19  kl +0.010
upd  833  steps 13664256  sps 5379  opp frzn  loss -0.016  pg -0.0078  v 0.009  adv_std 0.141  tR +0.59  ent[s/d/p/e] 0.68/1.94/1.72/0.29  emits 2.79  clip 0.16  kl +0.008
upd  834  steps 13680640  sps 5380  opp frzn  loss -0.015  pg -0.0072  v 0.011  adv_std 0.153  tR +0.66  ent[s/d/p/e] 0.69/1.93/1.71/0.31  emits 2.59  clip 0.18  kl +0.010
upd  835  steps 13697024  sps 5381  opp frzn  loss -0.015  pg -0.0064  v 0.007  adv_std 0.123  tR +0.69  ent[s/d/p/e] 0.67/1.90/1.72/0.29  emits 2.63  clip 0.19  kl +0.013
upd  836  steps 13713408  sps 5382  opp rand  loss -0.015  pg -0.0065  v 0.008  adv_std 0.136  tR +0.71  ent[s/d/p/e] 0.63/1.91/1.74/0.31  emits 2.68  clip 0.18  kl +0.009
upd  837  steps 13729792  sps 5383  opp frzn  loss -0.017  pg -0.0087  v 0.008  adv_std 0.133  tR +0.64  ent[s/d/p/e] 0.70/2.01/1.73/0.28  emits 3.00  clip 0.20  kl +0.012
upd  838  steps 13746176  sps 5384  opp frzn  loss -0.017  pg -0.0082  v 0.008  adv_std 0.131  tR +0.63  ent[s/d/p/e] 0.69/1.93/1.73/0.31  emits 2.64  clip 0.18  kl +0.011
upd  839  steps 13762560  sps 5384  opp frzn  loss -0.015  pg -0.0064  v 0.008  adv_std 0.130  tR +0.64  ent[s/d/p/e] 0.76/2.02/1.73/0.31  emits 2.83  clip 0.19  kl +0.010
upd  840  steps 13778944  sps 5386  opp rand  loss -0.017  pg -0.0085  v 0.007  adv_std 0.126  tR +0.64  ent[s/d/p/e] 0.65/1.96/1.74/0.28  emits 3.04  clip 0.21  kl +0.012
upd  841  steps 13795328  sps 5387  opp rand  loss -0.017  pg -0.0084  v 0.007  adv_std 0.126  tR +0.66  ent[s/d/p/e] 0.69/1.98/1.75/0.28  emits 2.94  clip 0.20  kl +0.010
upd  842  steps 13811712  sps 5387  opp frzn  loss -0.017  pg -0.0084  v 0.007  adv_std 0.124  tR +0.65  ent[s/d/p/e] 0.74/2.01/1.73/0.29  emits 2.90  clip 0.18  kl +0.010
upd  843  steps 13828096  sps 5388  opp frzn  loss -0.016  pg -0.0078  v 0.008  adv_std 0.126  tR +0.67  ent[s/d/p/e] 0.67/1.96/1.74/0.30  emits 2.66  clip 0.20  kl +0.010
upd  844  steps 13844480  sps 5389  opp frzn  loss -0.017  pg -0.0084  v 0.007  adv_std 0.120  tR +0.65  ent[s/d/p/e] 0.68/2.00/1.71/0.30  emits 2.70  clip 0.17  kl +0.008
upd  845  steps 13860864  sps 5390  opp frzn  loss -0.016  pg -0.0076  v 0.008  adv_std 0.128  tR +0.68  ent[s/d/p/e] 0.70/1.98/1.72/0.31  emits 2.76  clip 0.19  kl +0.011
upd  846  steps 13877248  sps 5391  opp rand  loss -0.018  pg -0.0085  v 0.007  adv_std 0.123  tR +0.63  ent[s/d/p/e] 0.76/2.00/1.74/0.29  emits 2.90  clip 0.18  kl +0.009
upd  847  steps 13893632  sps 5392  opp rand  loss -0.016  pg -0.0073  v 0.009  adv_std 0.142  tR +0.71  ent[s/d/p/e] 0.77/2.05/1.74/0.28  emits 3.17  clip 0.20  kl +0.010
upd  848  steps 13910016  sps 5393  opp frzn  loss -0.017  pg -0.0089  v 0.010  adv_std 0.147  tR +0.60  ent[s/d/p/e] 0.69/1.90/1.73/0.33  emits 2.57  clip 0.18  kl +0.010
upd  849  steps 13926400  sps 5394  opp rand  loss -0.017  pg -0.0083  v 0.007  adv_std 0.130  tR +0.68  ent[s/d/p/e] 0.70/2.02/1.73/0.29  emits 2.88  clip 0.18  kl +0.009 WRr 0.91 WRf 0.94
upd  850  steps 13942784  sps 5368  opp rand  loss -0.018  pg -0.0086  v 0.006  adv_std 0.113  tR +0.66  ent[s/d/p/e] 0.73/1.97/1.75/0.31  emits 2.85  clip 0.20  kl +0.008
upd  851  steps 13959168  sps 5369  opp rand  loss -0.017  pg -0.0083  v 0.006  adv_std 0.114  tR +0.75  ent[s/d/p/e] 0.71/1.95/1.74/0.32  emits 2.70  clip 0.18  kl +0.010
upd  852  steps 13975552  sps 5370  opp rand  loss -0.016  pg -0.0078  v 0.009  adv_std 0.139  tR +0.62  ent[s/d/p/e] 0.76/2.03/1.74/0.30  emits 3.05  clip 0.21  kl +0.012
upd  853  steps 13991936  sps 5371  opp frzn  loss -0.017  pg -0.0081  v 0.006  adv_std 0.115  tR +0.72  ent[s/d/p/e] 0.73/1.92/1.72/0.35  emits 2.48  clip 0.17  kl +0.008
upd  854  steps 14008320  sps 5372  opp frzn  loss -0.016  pg -0.0075  v 0.009  adv_std 0.143  tR +0.65  ent[s/d/p/e] 0.74/1.96/1.72/0.34  emits 2.67  clip 0.20  kl +0.010
upd  855  steps 14024704  sps 5373  opp frzn  loss -0.017  pg -0.0079  v 0.005  adv_std 0.104  tR +0.67  ent[s/d/p/e] 0.65/1.95/1.71/0.34  emits 2.51  clip 0.17  kl +0.010
upd  856  steps 14041088  sps 5373  opp frzn  loss -0.018  pg -0.0090  v 0.008  adv_std 0.136  tR +0.64  ent[s/d/p/e] 0.72/1.97/1.72/0.33  emits 2.49  clip 0.17  kl +0.010
upd  857  steps 14057472  sps 5374  opp frzn  loss -0.017  pg -0.0077  v 0.006  adv_std 0.117  tR +0.68  ent[s/d/p/e] 0.70/2.05/1.72/0.29  emits 2.63  clip 0.19  kl +0.010
upd  858  steps 14073856  sps 5375  opp rand  loss -0.017  pg -0.0089  v 0.007  adv_std 0.127  tR +0.69  ent[s/d/p/e] 0.64/2.00/1.75/0.29  emits 2.70  clip 0.17  kl +0.009
upd  859  steps 14090240  sps 5376  opp frzn  loss -0.017  pg -0.0086  v 0.010  adv_std 0.145  tR +0.58  ent[s/d/p/e] 0.77/1.97/1.74/0.32  emits 2.64  clip 0.18  kl +0.010
upd  860  steps 14106624  sps 5377  opp frzn  loss -0.017  pg -0.0085  v 0.009  adv_std 0.141  tR +0.59  ent[s/d/p/e] 0.61/1.97/1.71/0.30  emits 2.48  clip 0.16  kl +0.009
upd  861  steps 14123008  sps 5378  opp rand  loss -0.014  pg -0.0055  v 0.008  adv_std 0.129  tR +0.60  ent[s/d/p/e] 0.67/1.95/1.74/0.30  emits 2.55  clip 0.18  kl +0.008
upd  862  steps 14139392  sps 5379  opp rand  loss -0.018  pg -0.0089  v 0.008  adv_std 0.134  tR +0.66  ent[s/d/p/e] 0.70/2.04/1.75/0.28  emits 3.05  clip 0.17  kl +0.008
upd  863  steps 14155776  sps 5380  opp rand  loss -0.016  pg -0.0081  v 0.009  adv_std 0.139  tR +0.66  ent[s/d/p/e] 0.65/1.93/1.75/0.30  emits 2.69  clip 0.19  kl +0.012
upd  864  steps 14172160  sps 5381  opp rand  loss -0.017  pg -0.0079  v 0.008  adv_std 0.129  tR +0.71  ent[s/d/p/e] 0.76/2.01/1.73/0.31  emits 2.57  clip 0.16  kl +0.006
upd  865  steps 14188544  sps 5382  opp rand  loss -0.017  pg -0.0081  v 0.007  adv_std 0.124  tR +0.68  ent[s/d/p/e] 0.69/1.99/1.73/0.29  emits 2.80  clip 0.18  kl +0.010
upd  866  steps 14204928  sps 5383  opp frzn  loss -0.017  pg -0.0090  v 0.011  adv_std 0.157  tR +0.57  ent[s/d/p/e] 0.68/1.95/1.71/0.32  emits 2.47  clip 0.18  kl +0.013
upd  867  steps 14221312  sps 5384  opp rand  loss -0.015  pg -0.0067  v 0.009  adv_std 0.136  tR +0.70  ent[s/d/p/e] 0.64/2.01/1.74/0.30  emits 2.62  clip 0.18  kl +0.007
upd  868  steps 14237696  sps 5385  opp rand  loss -0.017  pg -0.0084  v 0.008  adv_std 0.129  tR +0.53  ent[s/d/p/e] 0.59/1.92/1.75/0.31  emits 2.52  clip 0.18  kl +0.010
upd  869  steps 14254080  sps 5386  opp rand  loss -0.016  pg -0.0074  v 0.008  adv_std 0.130  tR +0.71  ent[s/d/p/e] 0.70/1.99/1.75/0.29  emits 2.62  clip 0.18  kl +0.009
upd  870  steps 14270464  sps 5387  opp frzn  loss -0.016  pg -0.0073  v 0.008  adv_std 0.130  tR +0.70  ent[s/d/p/e] 0.61/1.90/1.70/0.31  emits 2.43  clip 0.17  kl +0.011
upd  871  steps 14286848  sps 5388  opp rand  loss -0.015  pg -0.0069  v 0.009  adv_std 0.136  tR +0.66  ent[s/d/p/e] 0.66/1.93/1.73/0.33  emits 2.36  clip 0.18  kl +0.011
upd  872  steps 14303232  sps 5388  opp frzn  loss -0.016  pg -0.0080  v 0.009  adv_std 0.142  tR +0.66  ent[s/d/p/e] 0.70/1.92/1.70/0.34  emits 2.33  clip 0.17  kl +0.008
upd  873  steps 14319616  sps 5389  opp frzn  loss -0.016  pg -0.0085  v 0.008  adv_std 0.137  tR +0.57  ent[s/d/p/e] 0.59/1.89/1.69/0.32  emits 2.34  clip 0.17  kl +0.009
upd  874  steps 14336000  sps 5390  opp frzn  loss -0.016  pg -0.0076  v 0.007  adv_std 0.126  tR +0.66  ent[s/d/p/e] 0.62/1.96/1.70/0.30  emits 2.41  clip 0.18  kl +0.010 WRr 0.88 WRf 0.66
upd  875  steps 14352384  sps 5366  opp frzn  loss -0.016  pg -0.0077  v 0.008  adv_std 0.132  tR +0.58  ent[s/d/p/e] 0.60/1.93/1.70/0.32  emits 2.34  clip 0.14  kl +0.008
upd  876  steps 14368768  sps 5367  opp frzn  loss -0.015  pg -0.0065  v 0.007  adv_std 0.122  tR +0.60  ent[s/d/p/e] 0.58/1.93/1.71/0.30  emits 2.41  clip 0.16  kl +0.008
upd  877  steps 14385152  sps 5368  opp rand  loss -0.015  pg -0.0062  v 0.008  adv_std 0.129  tR +0.63  ent[s/d/p/e] 0.70/2.00/1.75/0.26  emits 2.76  clip 0.19  kl +0.010
upd  878  steps 14401536  sps 5369  opp rand  loss -0.017  pg -0.0085  v 0.007  adv_std 0.127  tR +0.65  ent[s/d/p/e] 0.60/1.95/1.74/0.26  emits 2.72  clip 0.17  kl +0.009
upd  879  steps 14417920  sps 5370  opp rand  loss -0.016  pg -0.0081  v 0.012  adv_std 0.162  tR +0.61  ent[s/d/p/e] 0.68/1.98/1.74/0.26  emits 2.75  clip 0.19  kl +0.009
upd  880  steps 14434304  sps 5371  opp frzn  loss -0.017  pg -0.0092  v 0.011  adv_std 0.158  tR +0.57  ent[s/d/p/e] 0.63/1.94/1.69/0.29  emits 2.59  clip 0.16  kl +0.009
upd  881  steps 14450688  sps 5372  opp rand  loss -0.017  pg -0.0092  v 0.009  adv_std 0.142  tR +0.63  ent[s/d/p/e] 0.63/1.94/1.74/0.29  emits 2.45  clip 0.17  kl +0.009
upd  882  steps 14467072  sps 5373  opp rand  loss -0.016  pg -0.0072  v 0.008  adv_std 0.130  tR +0.70  ent[s/d/p/e] 0.66/1.93/1.72/0.28  emits 2.60  clip 0.17  kl +0.008
upd  883  steps 14483456  sps 5374  opp rand  loss -0.017  pg -0.0084  v 0.008  adv_std 0.136  tR +0.58  ent[s/d/p/e] 0.66/1.93/1.74/0.29  emits 2.53  clip 0.15  kl +0.007
upd  884  steps 14499840  sps 5375  opp rand  loss -0.016  pg -0.0081  v 0.010  adv_std 0.151  tR +0.68  ent[s/d/p/e] 0.62/1.99/1.75/0.27  emits 2.68  clip 0.16  kl +0.009
upd  885  steps 14516224  sps 5376  opp rand  loss -0.016  pg -0.0084  v 0.009  adv_std 0.135  tR +0.65  ent[s/d/p/e] 0.58/1.94/1.73/0.27  emits 2.59  clip 0.17  kl +0.010
upd  886  steps 14532608  sps 5377  opp frzn  loss -0.015  pg -0.0064  v 0.007  adv_std 0.123  tR +0.69  ent[s/d/p/e] 0.65/1.93/1.72/0.29  emits 2.47  clip 0.17  kl +0.008
upd  887  steps 14548992  sps 5378  opp rand  loss -0.017  pg -0.0087  v 0.007  adv_std 0.122  tR +0.68  ent[s/d/p/e] 0.67/1.98/1.74/0.28  emits 2.74  clip 0.18  kl +0.009
upd  888  steps 14565376  sps 5379  opp frzn  loss -0.016  pg -0.0080  v 0.009  adv_std 0.141  tR +0.59  ent[s/d/p/e] 0.66/1.92/1.72/0.27  emits 2.63  clip 0.16  kl +0.010
upd  889  steps 14581760  sps 5380  opp frzn  loss -0.017  pg -0.0080  v 0.007  adv_std 0.123  tR +0.73  ent[s/d/p/e] 0.71/2.02/1.72/0.27  emits 2.51  clip 0.17  kl +0.009
upd  890  steps 14598144  sps 5380  opp frzn  loss -0.016  pg -0.0079  v 0.007  adv_std 0.124  tR +0.63  ent[s/d/p/e] 0.63/1.93/1.70/0.29  emits 2.46  clip 0.18  kl +0.010
upd  891  steps 14614528  sps 5381  opp frzn  loss -0.018  pg -0.0098  v 0.008  adv_std 0.134  tR +0.57  ent[s/d/p/e] 0.66/1.97/1.71/0.29  emits 2.41  clip 0.16  kl +0.008
upd  892  steps 14630912  sps 5382  opp frzn  loss -0.017  pg -0.0089  v 0.008  adv_std 0.134  tR +0.71  ent[s/d/p/e] 0.69/1.95/1.71/0.30  emits 2.47  clip 0.16  kl +0.008
upd  893  steps 14647296  sps 5383  opp rand  loss -0.016  pg -0.0075  v 0.007  adv_std 0.121  tR +0.74  ent[s/d/p/e] 0.70/1.94/1.74/0.29  emits 2.70  clip 0.17  kl +0.007
upd  894  steps 14663680  sps 5384  opp rand  loss -0.017  pg -0.0084  v 0.008  adv_std 0.135  tR +0.68  ent[s/d/p/e] 0.69/2.01/1.74/0.27  emits 2.83  clip 0.16  kl +0.009
upd  895  steps 14680064  sps 5385  opp rand  loss -0.017  pg -0.0081  v 0.006  adv_std 0.110  tR +0.73  ent[s/d/p/e] 0.72/1.93/1.75/0.30  emits 2.62  clip 0.16  kl +0.008
upd  896  steps 14696448  sps 5386  opp rand  loss -0.017  pg -0.0081  v 0.005  adv_std 0.106  tR +0.70  ent[s/d/p/e] 0.70/1.98/1.74/0.28  emits 2.58  clip 0.17  kl +0.009
upd  897  steps 14712832  sps 5387  opp rand  loss -0.017  pg -0.0089  v 0.011  adv_std 0.151  tR +0.63  ent[s/d/p/e] 0.70/2.02/1.73/0.27  emits 2.88  clip 0.18  kl +0.010
upd  898  steps 14729216  sps 5388  opp frzn  loss -0.017  pg -0.0085  v 0.008  adv_std 0.132  tR +0.64  ent[s/d/p/e] 0.67/1.98/1.70/0.26  emits 2.53  clip 0.17  kl +0.010
upd  899  steps 14745600  sps 5388  opp frzn  loss -0.017  pg -0.0091  v 0.011  adv_std 0.155  tR +0.54  ent[s/d/p/e] 0.68/1.96/1.68/0.28  emits 2.53  clip 0.16  kl +0.010 WRr 0.88 WRf 0.66
upd  900  steps 14761984  sps 5365  opp frzn  loss -0.016  pg -0.0073  v 0.006  adv_std 0.112  tR +0.78  ent[s/d/p/e] 0.68/1.89/1.71/0.31  emits 2.37  clip 0.17  kl +0.010
upd  901  steps 14778368  sps 5366  opp frzn  loss -0.017  pg -0.0088  v 0.007  adv_std 0.120  tR +0.61  ent[s/d/p/e] 0.67/1.99/1.70/0.26  emits 2.66  clip 0.17  kl +0.010
upd  902  steps 14794752  sps 5367  opp rand  loss -0.017  pg -0.0085  v 0.011  adv_std 0.152  tR +0.59  ent[s/d/p/e] 0.72/2.01/1.72/0.26  emits 2.89  clip 0.17  kl +0.008
upd  903  steps 14811136  sps 5368  opp frzn  loss -0.017  pg -0.0091  v 0.008  adv_std 0.135  tR +0.62  ent[s/d/p/e] 0.65/1.95/1.70/0.27  emits 2.50  clip 0.17  kl +0.008
upd  904  steps 14827520  sps 5369  opp rand  loss -0.016  pg -0.0080  v 0.008  adv_std 0.135  tR +0.64  ent[s/d/p/e] 0.67/2.01/1.73/0.27  emits 2.66  clip 0.18  kl +0.009
upd  905  steps 14843904  sps 5370  opp rand  loss -0.015  pg -0.0063  v 0.007  adv_std 0.127  tR +0.71  ent[s/d/p/e] 0.71/1.95/1.72/0.28  emits 2.66  clip 0.18  kl +0.011
upd  906  steps 14860288  sps 5371  opp frzn  loss -0.017  pg -0.0090  v 0.009  adv_std 0.145  tR +0.64  ent[s/d/p/e] 0.66/1.91/1.69/0.28  emits 2.48  clip 0.16  kl +0.010
upd  907  steps 14876672  sps 5372  opp rand  loss -0.017  pg -0.0090  v 0.010  adv_std 0.148  tR +0.60  ent[s/d/p/e] 0.61/1.97/1.71/0.28  emits 2.66  clip 0.18  kl +0.009
upd  908  steps 14893056  sps 5372  opp frzn  loss -0.018  pg -0.0100  v 0.008  adv_std 0.136  tR +0.62  ent[s/d/p/e] 0.60/1.86/1.69/0.30  emits 2.22  clip 0.16  kl +0.010
upd  909  steps 14909440  sps 5373  opp frzn  loss -0.015  pg -0.0065  v 0.008  adv_std 0.129  tR +0.66  ent[s/d/p/e] 0.61/1.87/1.65/0.30  emits 2.24  clip 0.16  kl +0.009
upd  910  steps 14925824  sps 5374  opp frzn  loss -0.016  pg -0.0086  v 0.010  adv_std 0.146  tR +0.53  ent[s/d/p/e] 0.60/1.88/1.67/0.27  emits 2.40  clip 0.16  kl +0.008
upd  911  steps 14942208  sps 5374  opp frzn  loss -0.016  pg -0.0082  v 0.007  adv_std 0.125  tR +0.71  ent[s/d/p/e] 0.61/1.85/1.68/0.29  emits 2.19  clip 0.16  kl +0.008
upd  912  steps 14958592  sps 5375  opp rand  loss -0.016  pg -0.0082  v 0.008  adv_std 0.136  tR +0.69  ent[s/d/p/e] 0.66/1.94/1.70/0.27  emits 2.71  clip 0.17  kl +0.007
upd  913  steps 14974976  sps 5376  opp rand  loss -0.016  pg -0.0076  v 0.008  adv_std 0.131  tR +0.69  ent[s/d/p/e] 0.64/1.87/1.72/0.27  emits 2.48  clip 0.16  kl +0.008
upd  914  steps 14991360  sps 5377  opp frzn  loss -0.016  pg -0.0080  v 0.009  adv_std 0.141  tR +0.71  ent[s/d/p/e] 0.61/1.89/1.67/0.29  emits 2.27  clip 0.18  kl +0.010
upd  915  steps 15007744  sps 5378  opp frzn  loss -0.016  pg -0.0078  v 0.007  adv_std 0.125  tR +0.63  ent[s/d/p/e] 0.59/1.87/1.65/0.30  emits 2.18  clip 0.17  kl +0.008
upd  916  steps 15024128  sps 5379  opp frzn  loss -0.016  pg -0.0079  v 0.008  adv_std 0.133  tR +0.49  ent[s/d/p/e] 0.64/1.84/1.65/0.30  emits 2.12  clip 0.17  kl +0.009
upd  917  steps 15040512  sps 5379  opp frzn  loss -0.015  pg -0.0068  v 0.009  adv_std 0.139  tR +0.61  ent[s/d/p/e] 0.71/1.91/1.67/0.28  emits 2.28  clip 0.16  kl +0.009
upd  918  steps 15056896  sps 5380  opp rand  loss -0.016  pg -0.0083  v 0.009  adv_std 0.140  tR +0.64  ent[s/d/p/e] 0.69/1.89/1.70/0.27  emits 2.59  clip 0.17  kl +0.009
upd  919  steps 15073280  sps 5381  opp frzn  loss -0.016  pg -0.0078  v 0.007  adv_std 0.122  tR +0.67  ent[s/d/p/e] 0.66/1.91/1.68/0.29  emits 2.38  clip 0.17  kl +0.008
upd  920  steps 15089664  sps 5382  opp rand  loss -0.018  pg -0.0095  v 0.007  adv_std 0.123  tR +0.77  ent[s/d/p/e] 0.64/1.88/1.71/0.30  emits 2.33  clip 0.15  kl +0.009
upd  921  steps 15106048  sps 5383  opp frzn  loss -0.016  pg -0.0078  v 0.007  adv_std 0.130  tR +0.67  ent[s/d/p/e] 0.71/1.87/1.69/0.33  emits 2.21  clip 0.16  kl +0.011
upd  922  steps 15122432  sps 5384  opp rand  loss -0.017  pg -0.0087  v 0.009  adv_std 0.138  tR +0.69  ent[s/d/p/e] 0.63/1.93/1.72/0.27  emits 2.52  clip 0.16  kl +0.007
upd  923  steps 15138816  sps 5384  opp frzn  loss -0.016  pg -0.0075  v 0.006  adv_std 0.113  tR +0.67  ent[s/d/p/e] 0.69/1.89/1.71/0.28  emits 2.29  clip 0.17  kl +0.011
upd  924  steps 15155200  sps 5385  opp rand  loss -0.016  pg -0.0076  v 0.010  adv_std 0.141  tR +0.70  ent[s/d/p/e] 0.72/1.93/1.73/0.28  emits 2.53  clip 0.19  kl +0.010 WRr 0.88 WRf 0.72
upd  925  steps 15171584  sps 5363  opp rand  loss -0.015  pg -0.0067  v 0.008  adv_std 0.131  tR +0.67  ent[s/d/p/e] 0.72/1.94/1.74/0.28  emits 2.67  clip 0.18  kl +0.009
upd  926  steps 15187968  sps 5364  opp rand  loss -0.016  pg -0.0076  v 0.008  adv_std 0.132  tR +0.62  ent[s/d/p/e] 0.64/1.90/1.73/0.28  emits 2.43  clip 0.15  kl +0.007
upd  927  steps 15204352  sps 5365  opp rand  loss -0.018  pg -0.0094  v 0.007  adv_std 0.125  tR +0.64  ent[s/d/p/e] 0.68/1.96/1.73/0.28  emits 2.54  clip 0.17  kl +0.009
upd  928  steps 15220736  sps 5366  opp rand  loss -0.018  pg -0.0096  v 0.006  adv_std 0.117  tR +0.70  ent[s/d/p/e] 0.69/1.90/1.73/0.31  emits 2.32  clip 0.14  kl +0.007
upd  929  steps 15237120  sps 5367  opp frzn  loss -0.014  pg -0.0067  v 0.011  adv_std 0.160  tR +0.59  ent[s/d/p/e] 0.66/1.92/1.72/0.28  emits 2.31  clip 0.18  kl +0.009
upd  930  steps 15253504  sps 5368  opp rand  loss -0.017  pg -0.0083  v 0.007  adv_std 0.128  tR +0.68  ent[s/d/p/e] 0.66/1.91/1.73/0.30  emits 2.45  clip 0.17  kl +0.010
upd  931  steps 15269888  sps 5369  opp frzn  loss -0.016  pg -0.0078  v 0.008  adv_std 0.132  tR +0.60  ent[s/d/p/e] 0.63/1.92/1.70/0.26  emits 2.38  clip 0.16  kl +0.007
upd  932  steps 15286272  sps 5369  opp frzn  loss -0.018  pg -0.0098  v 0.008  adv_std 0.132  tR +0.68  ent[s/d/p/e] 0.60/1.95/1.69/0.28  emits 2.41  clip 0.15  kl +0.007
upd  933  steps 15302656  sps 5370  opp frzn  loss -0.016  pg -0.0081  v 0.008  adv_std 0.132  tR +0.66  ent[s/d/p/e] 0.59/1.90/1.71/0.29  emits 2.11  clip 0.15  kl +0.009
upd  934  steps 15319040  sps 5371  opp rand  loss -0.015  pg -0.0066  v 0.009  adv_std 0.139  tR +0.63  ent[s/d/p/e] 0.68/2.02/1.74/0.26  emits 2.62  clip 0.17  kl +0.009
upd  935  steps 15335424  sps 5372  opp rand  loss -0.016  pg -0.0081  v 0.008  adv_std 0.138  tR +0.70  ent[s/d/p/e] 0.68/1.96/1.74/0.27  emits 2.57  clip 0.17  kl +0.008
upd  936  steps 15351808  sps 5373  opp frzn  loss -0.015  pg -0.0072  v 0.009  adv_std 0.144  tR +0.57  ent[s/d/p/e] 0.63/1.90/1.71/0.29  emits 2.26  clip 0.17  kl +0.011
upd  937  steps 15368192  sps 5373  opp frzn  loss -0.016  pg -0.0074  v 0.007  adv_std 0.129  tR +0.65  ent[s/d/p/e] 0.65/1.96/1.71/0.29  emits 2.38  clip 0.18  kl +0.010
upd  938  steps 15384576  sps 5374  opp frzn  loss -0.016  pg -0.0081  v 0.009  adv_std 0.141  tR +0.57  ent[s/d/p/e] 0.59/1.87/1.72/0.30  emits 2.18  clip 0.17  kl +0.008
upd  939  steps 15400960  sps 5375  opp rand  loss -0.017  pg -0.0082  v 0.009  adv_std 0.138  tR +0.72  ent[s/d/p/e] 0.74/1.96/1.73/0.28  emits 2.37  clip 0.18  kl +0.009
upd  940  steps 15417344  sps 5376  opp rand  loss -0.016  pg -0.0081  v 0.008  adv_std 0.134  tR +0.63  ent[s/d/p/e] 0.64/1.99/1.73/0.26  emits 2.56  clip 0.19  kl +0.008
upd  941  steps 15433728  sps 5377  opp rand  loss -0.017  pg -0.0082  v 0.007  adv_std 0.127  tR +0.64  ent[s/d/p/e] 0.61/1.97/1.71/0.27  emits 2.47  clip 0.16  kl +0.008
upd  942  steps 15450112  sps 5378  opp rand  loss -0.018  pg -0.0099  v 0.010  adv_std 0.146  tR +0.70  ent[s/d/p/e] 0.67/1.98/1.73/0.28  emits 2.48  clip 0.16  kl +0.009
upd  943  steps 15466496  sps 5379  opp frzn  loss -0.017  pg -0.0085  v 0.006  adv_std 0.117  tR +0.72  ent[s/d/p/e] 0.59/1.94/1.69/0.30  emits 2.17  clip 0.14  kl +0.009
upd  944  steps 15482880  sps 5380  opp rand  loss -0.018  pg -0.0088  v 0.006  adv_std 0.120  tR +0.77  ent[s/d/p/e] 0.68/1.98/1.73/0.29  emits 2.49  clip 0.17  kl +0.008
upd  945  steps 15499264  sps 5381  opp rand  loss -0.016  pg -0.0072  v 0.006  adv_std 0.117  tR +0.73  ent[s/d/p/e] 0.65/1.92/1.73/0.30  emits 2.39  clip 0.17  kl +0.009
upd  946  steps 15515648  sps 5382  opp rand  loss -0.014  pg -0.0064  v 0.011  adv_std 0.156  tR +0.66  ent[s/d/p/e] 0.62/1.97/1.73/0.27  emits 2.44  clip 0.18  kl +0.009
upd  947  steps 15532032  sps 5382  opp rand  loss -0.017  pg -0.0084  v 0.007  adv_std 0.125  tR +0.70  ent[s/d/p/e] 0.64/2.00/1.71/0.29  emits 2.47  clip 0.17  kl +0.008
upd  948  steps 15548416  sps 5383  opp rand  loss -0.016  pg -0.0076  v 0.008  adv_std 0.130  tR +0.68  ent[s/d/p/e] 0.61/1.92/1.72/0.31  emits 2.29  clip 0.17  kl +0.008
upd  949  steps 15564800  sps 5384  opp frzn  loss -0.016  pg -0.0088  v 0.013  adv_std 0.171  tR +0.57  ent[s/d/p/e] 0.65/1.93/1.70/0.29  emits 2.20  clip 0.17  kl +0.012 WRr 0.81 WRf 0.78
upd  950  steps 15581184  sps 5363  opp frzn  loss -0.015  pg -0.0069  v 0.007  adv_std 0.121  tR +0.74  ent[s/d/p/e] 0.60/1.97/1.71/0.31  emits 2.32  clip 0.17  kl +0.009
upd  951  steps 15597568  sps 5363  opp frzn  loss -0.018  pg -0.0098  v 0.008  adv_std 0.136  tR +0.61  ent[s/d/p/e] 0.62/1.89/1.71/0.33  emits 2.05  clip 0.16  kl +0.009
upd  952  steps 15613952  sps 5364  opp rand  loss -0.017  pg -0.0091  v 0.008  adv_std 0.135  tR +0.68  ent[s/d/p/e] 0.65/1.98/1.72/0.28  emits 2.44  clip 0.19  kl +0.012
upd  953  steps 15630336  sps 5365  opp rand  loss -0.016  pg -0.0080  v 0.008  adv_std 0.133  tR +0.61  ent[s/d/p/e] 0.64/1.89/1.73/0.31  emits 2.25  clip 0.15  kl +0.007
upd  954  steps 15646720  sps 5366  opp frzn  loss -0.017  pg -0.0083  v 0.007  adv_std 0.125  tR +0.58  ent[s/d/p/e] 0.64/1.96/1.71/0.30  emits 2.31  clip 0.16  kl +0.009
upd  955  steps 15663104  sps 5367  opp rand  loss -0.017  pg -0.0081  v 0.006  adv_std 0.116  tR +0.63  ent[s/d/p/e] 0.66/1.94/1.72/0.29  emits 2.42  clip 0.16  kl +0.007
upd  956  steps 15679488  sps 5368  opp frzn  loss -0.016  pg -0.0076  v 0.008  adv_std 0.136  tR +0.64  ent[s/d/p/e] 0.58/1.92/1.69/0.31  emits 2.16  clip 0.16  kl +0.009
upd  957  steps 15695872  sps 5368  opp frzn  loss -0.016  pg -0.0081  v 0.008  adv_std 0.135  tR +0.72  ent[s/d/p/e] 0.68/2.00/1.71/0.31  emits 2.36  clip 0.15  kl +0.007
upd  958  steps 15712256  sps 5369  opp frzn  loss -0.016  pg -0.0082  v 0.008  adv_std 0.127  tR +0.59  ent[s/d/p/e] 0.59/1.92/1.70/0.32  emits 2.22  clip 0.17  kl +0.009
upd  959  steps 15728640  sps 5370  opp frzn  loss -0.017  pg -0.0085  v 0.006  adv_std 0.117  tR +0.72  ent[s/d/p/e] 0.63/1.96/1.69/0.30  emits 2.26  clip 0.17  kl +0.010
upd  960  steps 15745024  sps 5370  opp frzn  loss -0.016  pg -0.0077  v 0.005  adv_std 0.108  tR +0.75  ent[s/d/p/e] 0.60/1.86/1.68/0.33  emits 2.12  clip 0.16  kl +0.008
upd  961  steps 15761408  sps 5371  opp frzn  loss -0.013  pg -0.0051  v 0.009  adv_std 0.143  tR +0.71  ent[s/d/p/e] 0.59/1.88/1.69/0.33  emits 1.99  clip 0.17  kl +0.009
upd  962  steps 15777792  sps 5372  opp frzn  loss -0.016  pg -0.0083  v 0.008  adv_std 0.138  tR +0.69  ent[s/d/p/e] 0.61/1.91/1.70/0.33  emits 2.11  clip 0.14  kl +0.008
upd  963  steps 15794176  sps 5373  opp rand  loss -0.017  pg -0.0085  v 0.007  adv_std 0.122  tR +0.68  ent[s/d/p/e] 0.64/1.89/1.71/0.30  emits 2.24  clip 0.17  kl +0.008
upd  964  steps 15810560  sps 5374  opp rand  loss -0.015  pg -0.0065  v 0.010  adv_std 0.146  tR +0.70  ent[s/d/p/e] 0.68/1.90/1.71/0.32  emits 2.19  clip 0.18  kl +0.009
upd  965  steps 15826944  sps 5374  opp frzn  loss -0.017  pg -0.0086  v 0.007  adv_std 0.127  tR +0.61  ent[s/d/p/e] 0.63/1.87/1.72/0.33  emits 2.09  clip 0.16  kl +0.009
upd  966  steps 15843328  sps 5375  opp frzn  loss -0.015  pg -0.0075  v 0.008  adv_std 0.137  tR +0.60  ent[s/d/p/e] 0.56/1.84/1.68/0.33  emits 1.95  clip 0.16  kl +0.010
upd  967  steps 15859712  sps 5376  opp rand  loss -0.016  pg -0.0075  v 0.006  adv_std 0.118  tR +0.76  ent[s/d/p/e] 0.68/1.89/1.72/0.30  emits 2.36  clip 0.17  kl +0.009
upd  968  steps 15876096  sps 5377  opp rand  loss -0.016  pg -0.0072  v 0.007  adv_std 0.125  tR +0.70  ent[s/d/p/e] 0.66/1.86/1.72/0.31  emits 2.33  clip 0.17  kl +0.008
upd  969  steps 15892480  sps 5378  opp frzn  loss -0.017  pg -0.0084  v 0.006  adv_std 0.120  tR +0.69  ent[s/d/p/e] 0.64/1.85/1.69/0.33  emits 2.12  clip 0.16  kl +0.009
upd  970  steps 15908864  sps 5378  opp frzn  loss -0.016  pg -0.0077  v 0.007  adv_std 0.124  tR +0.65  ent[s/d/p/e] 0.67/1.82/1.71/0.32  emits 2.26  clip 0.17  kl +0.011
upd  971  steps 15925248  sps 5379  opp frzn  loss -0.015  pg -0.0074  v 0.010  adv_std 0.143  tR +0.64  ent[s/d/p/e] 0.67/1.85/1.70/0.34  emits 2.20  clip 0.17  kl +0.011
upd  972  steps 15941632  sps 5380  opp frzn  loss -0.016  pg -0.0083  v 0.009  adv_std 0.142  tR +0.53  ent[s/d/p/e] 0.65/1.87/1.69/0.31  emits 2.29  clip 0.16  kl +0.010
upd  973  steps 15958016  sps 5380  opp frzn  loss -0.018  pg -0.0088  v 0.005  adv_std 0.112  tR +0.74  ent[s/d/p/e] 0.66/1.74/1.70/0.35  emits 2.06  clip 0.15  kl +0.008
upd  974  steps 15974400  sps 5381  opp rand  loss -0.016  pg -0.0076  v 0.008  adv_std 0.130  tR +0.73  ent[s/d/p/e] 0.68/1.81/1.72/0.33  emits 2.28  clip 0.17  kl +0.008 WRr 0.88 WRf 0.84
upd  975  steps 15990784  sps 5358  opp rand  loss -0.015  pg -0.0074  v 0.010  adv_std 0.155  tR +0.65  ent[s/d/p/e] 0.59/1.83/1.72/0.32  emits 2.38  clip 0.17  kl +0.010
upd  976  steps 16007168  sps 5359  opp rand  loss -0.016  pg -0.0076  v 0.008  adv_std 0.133  tR +0.75  ent[s/d/p/e] 0.61/1.84/1.72/0.30  emits 2.50  clip 0.18  kl +0.010
upd  977  steps 16023552  sps 5360  opp frzn  loss -0.017  pg -0.0090  v 0.007  adv_std 0.130  tR +0.57  ent[s/d/p/e] 0.64/1.89/1.71/0.28  emits 2.68  clip 0.17  kl +0.010
upd  978  steps 16039936  sps 5360  opp frzn  loss -0.017  pg -0.0082  v 0.007  adv_std 0.119  tR +0.66  ent[s/d/p/e] 0.66/1.84/1.70/0.29  emits 2.47  clip 0.15  kl +0.008
upd  979  steps 16056320  sps 5361  opp frzn  loss -0.016  pg -0.0077  v 0.007  adv_std 0.126  tR +0.72  ent[s/d/p/e] 0.67/1.87/1.70/0.31  emits 2.46  clip 0.18  kl +0.010
upd  980  steps 16072704  sps 5362  opp frzn  loss -0.017  pg -0.0088  v 0.006  adv_std 0.116  tR +0.63  ent[s/d/p/e] 0.58/1.85/1.70/0.29  emits 2.57  clip 0.18  kl +0.010
upd  981  steps 16089088  sps 5363  opp rand  loss -0.016  pg -0.0084  v 0.010  adv_std 0.150  tR +0.63  ent[s/d/p/e] 0.60/1.83/1.70/0.31  emits 2.36  clip 0.18  kl +0.009
upd  982  steps 16105472  sps 5363  opp frzn  loss -0.016  pg -0.0073  v 0.006  adv_std 0.115  tR +0.70  ent[s/d/p/e] 0.70/1.87/1.72/0.31  emits 2.43  clip 0.17  kl +0.010
upd  983  steps 16121856  sps 5364  opp rand  loss -0.015  pg -0.0065  v 0.006  adv_std 0.119  tR +0.72  ent[s/d/p/e] 0.66/1.81/1.72/0.30  emits 2.42  clip 0.19  kl +0.010
upd  984  steps 16138240  sps 5365  opp frzn  loss -0.015  pg -0.0079  v 0.011  adv_std 0.159  tR +0.58  ent[s/d/p/e] 0.66/1.86/1.70/0.28  emits 2.41  clip 0.17  kl +0.009
upd  985  steps 16154624  sps 5366  opp rand  loss -0.018  pg -0.0092  v 0.007  adv_std 0.118  tR +0.69  ent[s/d/p/e] 0.66/1.88/1.72/0.30  emits 2.42  clip 0.18  kl +0.007
upd  986  steps 16171008  sps 5367  opp rand  loss -0.015  pg -0.0073  v 0.008  adv_std 0.137  tR +0.72  ent[s/d/p/e] 0.64/1.85/1.71/0.28  emits 2.51  clip 0.18  kl +0.009
upd  987  steps 16187392  sps 5368  opp rand  loss -0.018  pg -0.0097  v 0.008  adv_std 0.130  tR +0.69  ent[s/d/p/e] 0.63/1.87/1.73/0.28  emits 2.59  clip 0.18  kl +0.010
upd  988  steps 16203776  sps 5368  opp frzn  loss -0.014  pg -0.0057  v 0.008  adv_std 0.130  tR +0.70  ent[s/d/p/e] 0.66/1.76/1.70/0.31  emits 2.28  clip 0.19  kl +0.010
upd  989  steps 16220160  sps 5369  opp rand  loss -0.015  pg -0.0071  v 0.007  adv_std 0.118  tR +0.77  ent[s/d/p/e] 0.61/1.90/1.71/0.27  emits 2.62  clip 0.18  kl +0.010
upd  990  steps 16236544  sps 5370  opp rand  loss -0.016  pg -0.0074  v 0.008  adv_std 0.130  tR +0.62  ent[s/d/p/e] 0.69/1.87/1.72/0.28  emits 2.46  clip 0.17  kl +0.008
upd  991  steps 16252928  sps 5371  opp rand  loss -0.017  pg -0.0083  v 0.005  adv_std 0.105  tR +0.75  ent[s/d/p/e] 0.68/1.89/1.72/0.28  emits 2.43  clip 0.17  kl +0.009
upd  992  steps 16269312  sps 5372  opp frzn  loss -0.017  pg -0.0090  v 0.008  adv_std 0.131  tR +0.67  ent[s/d/p/e] 0.63/1.88/1.71/0.27  emits 2.56  clip 0.19  kl +0.012
upd  993  steps 16285696  sps 5373  opp frzn  loss -0.016  pg -0.0082  v 0.008  adv_std 0.134  tR +0.66  ent[s/d/p/e] 0.64/1.82/1.69/0.29  emits 2.23  clip 0.15  kl +0.009
upd  994  steps 16302080  sps 5373  opp rand  loss -0.015  pg -0.0075  v 0.009  adv_std 0.140  tR +0.67  ent[s/d/p/e] 0.64/1.90/1.72/0.26  emits 2.53  clip 0.17  kl +0.008
upd  995  steps 16318464  sps 5374  opp frzn  loss -0.018  pg -0.0090  v 0.005  adv_std 0.106  tR +0.77  ent[s/d/p/e] 0.61/1.91/1.70/0.28  emits 2.54  clip 0.16  kl +0.009
upd  996  steps 16334848  sps 5375  opp rand  loss -0.015  pg -0.0070  v 0.008  adv_std 0.128  tR +0.63  ent[s/d/p/e] 0.65/1.86/1.71/0.27  emits 2.44  clip 0.18  kl +0.011
upd  997  steps 16351232  sps 5376  opp frzn  loss -0.015  pg -0.0076  v 0.009  adv_std 0.140  tR +0.67  ent[s/d/p/e] 0.55/1.86/1.69/0.26  emits 2.58  clip 0.16  kl +0.008
upd  998  steps 16367616  sps 5377  opp rand  loss -0.015  pg -0.0078  v 0.011  adv_std 0.153  tR +0.57  ent[s/d/p/e] 0.56/1.85/1.72/0.25  emits 2.58  clip 0.16  kl +0.007
upd  999  steps 16384000  sps 5377  opp rand  loss -0.017  pg -0.0090  v 0.008  adv_std 0.133  tR +0.70  ent[s/d/p/e] 0.62/1.92/1.72/0.24  emits 2.76  clip 0.16  kl +0.006 WRr 0.84 WRf 0.81
upd 1000  steps 16400384  sps 5357  opp rand  loss -0.018  pg -0.0095  v 0.006  adv_std 0.118  tR +0.70  ent[s/d/p/e] 0.61/1.87/1.73/0.25  emits 2.60  clip 0.18  kl +0.011
upd 1001  steps 16416768  sps 5357  opp frzn  loss -0.015  pg -0.0067  v 0.008  adv_std 0.129  tR +0.67  ent[s/d/p/e] 0.62/1.86/1.71/0.26  emits 2.37  clip 0.17  kl +0.011
upd 1002  steps 16433152  sps 5358  opp rand  loss -0.016  pg -0.0077  v 0.007  adv_std 0.121  tR +0.66  ent[s/d/p/e] 0.64/1.92/1.72/0.24  emits 2.68  clip 0.17  kl +0.011
upd 1003  steps 16449536  sps 5359  opp rand  loss -0.016  pg -0.0076  v 0.007  adv_std 0.126  tR +0.73  ent[s/d/p/e] 0.60/1.88/1.73/0.26  emits 2.58  clip 0.16  kl +0.007
upd 1004  steps 16465920  sps 5360  opp frzn  loss -0.016  pg -0.0074  v 0.008  adv_std 0.132  tR +0.66  ent[s/d/p/e] 0.63/1.88/1.73/0.25  emits 2.74  clip 0.18  kl +0.010
upd 1005  steps 16482304  sps 5360  opp frzn  loss -0.016  pg -0.0080  v 0.007  adv_std 0.123  tR +0.65  ent[s/d/p/e] 0.60/1.86/1.72/0.26  emits 2.37  clip 0.17  kl +0.009
upd 1006  steps 16498688  sps 5361  opp rand  loss -0.015  pg -0.0078  v 0.010  adv_std 0.143  tR +0.68  ent[s/d/p/e] 0.54/1.89/1.72/0.24  emits 2.46  clip 0.18  kl +0.009
upd 1007  steps 16515072  sps 5362  opp frzn  loss -0.016  pg -0.0076  v 0.007  adv_std 0.127  tR +0.67  ent[s/d/p/e] 0.57/1.88/1.72/0.25  emits 2.65  clip 0.16  kl +0.010
upd 1008  steps 16531456  sps 5363  opp frzn  loss -0.016  pg -0.0078  v 0.006  adv_std 0.114  tR +0.67  ent[s/d/p/e] 0.55/1.84/1.72/0.29  emits 2.42  clip 0.16  kl +0.009
upd 1009  steps 16547840  sps 5363  opp frzn  loss -0.015  pg -0.0080  v 0.010  adv_std 0.148  tR +0.61  ent[s/d/p/e] 0.58/1.86/1.70/0.25  emits 2.56  clip 0.17  kl +0.011
upd 1010  steps 16564224  sps 5364  opp rand  loss -0.016  pg -0.0080  v 0.007  adv_std 0.123  tR +0.71  ent[s/d/p/e] 0.61/1.84/1.73/0.25  emits 2.67  clip 0.16  kl +0.008
upd 1011  steps 16580608  sps 5365  opp frzn  loss -0.016  pg -0.0083  v 0.008  adv_std 0.135  tR +0.55  ent[s/d/p/e] 0.57/1.89/1.71/0.25  emits 2.67  clip 0.17  kl +0.009
upd 1012  steps 16596992  sps 5366  opp frzn  loss -0.015  pg -0.0077  v 0.010  adv_std 0.151  tR +0.58  ent[s/d/p/e] 0.57/1.86/1.70/0.25  emits 2.57  clip 0.17  kl +0.011
upd 1013  steps 16613376  sps 5366  opp frzn  loss -0.016  pg -0.0079  v 0.006  adv_std 0.113  tR +0.62  ent[s/d/p/e] 0.59/1.94/1.70/0.23  emits 2.69  clip 0.16  kl +0.010
upd 1014  steps 16629760  sps 5367  opp frzn  loss -0.014  pg -0.0068  v 0.010  adv_std 0.145  tR +0.67  ent[s/d/p/e] 0.60/1.99/1.71/0.22  emits 2.80  clip 0.19  kl +0.012
upd 1015  steps 16646144  sps 5368  opp rand  loss -0.016  pg -0.0088  v 0.010  adv_std 0.151  tR +0.64  ent[s/d/p/e] 0.53/1.98/1.71/0.19  emits 2.85  clip 0.16  kl +0.007
upd 1016  steps 16662528  sps 5368  opp frzn  loss -0.016  pg -0.0078  v 0.007  adv_std 0.127  tR +0.65  ent[s/d/p/e] 0.58/1.93/1.71/0.22  emits 2.77  clip 0.16  kl +0.008
upd 1017  steps 16678912  sps 5369  opp rand  loss -0.018  pg -0.0096  v 0.009  adv_std 0.138  tR +0.56  ent[s/d/p/e] 0.64/1.98/1.72/0.20  emits 3.06  clip 0.17  kl +0.008
upd 1018  steps 16695296  sps 5370  opp rand  loss -0.018  pg -0.0095  v 0.008  adv_std 0.130  tR +0.67  ent[s/d/p/e] 0.63/1.95/1.72/0.21  emits 2.87  clip 0.18  kl +0.010
upd 1019  steps 16711680  sps 5371  opp rand  loss -0.017  pg -0.0094  v 0.010  adv_std 0.146  tR +0.65  ent[s/d/p/e] 0.58/1.94/1.70/0.22  emits 2.83  clip 0.19  kl +0.010
upd 1020  steps 16728064  sps 5372  opp frzn  loss -0.015  pg -0.0075  v 0.008  adv_std 0.132  tR +0.70  ent[s/d/p/e] 0.61/1.95/1.70/0.22  emits 2.94  clip 0.19  kl +0.010
upd 1021  steps 16744448  sps 5372  opp frzn  loss -0.016  pg -0.0085  v 0.009  adv_std 0.143  tR +0.62  ent[s/d/p/e] 0.62/1.95/1.70/0.22  emits 2.88  clip 0.17  kl +0.010
upd 1022  steps 16760832  sps 5373  opp rand  loss -0.015  pg -0.0071  v 0.009  adv_std 0.137  tR +0.64  ent[s/d/p/e] 0.64/2.03/1.69/0.18  emits 3.01  clip 0.18  kl +0.012
upd 1023  steps 16777216  sps 5374  opp frzn  loss -0.015  pg -0.0076  v 0.009  adv_std 0.138  tR +0.53  ent[s/d/p/e] 0.58/1.93/1.72/0.21  emits 2.97  clip 0.17  kl +0.008
upd 1024  steps 16793600  sps 5375  opp frzn  loss -0.018  pg -0.0093  v 0.007  adv_std 0.130  tR +0.62  ent[s/d/p/e] 0.66/2.00/1.70/0.23  emits 2.95  clip 0.18  kl +0.010 WRr 0.91 WRf 0.75
upd 1025  steps 16809984  sps 5359  opp frzn  loss -0.015  pg -0.0074  v 0.008  adv_std 0.134  tR +0.61  ent[s/d/p/e] 0.60/2.00/1.71/0.22  emits 2.99  clip 0.19  kl +0.010
upd 1026  steps 16826368  sps 5360  opp rand  loss -0.016  pg -0.0076  v 0.007  adv_std 0.129  tR +0.69  ent[s/d/p/e] 0.59/2.01/1.72/0.21  emits 3.02  clip 0.17  kl +0.010
upd 1027  steps 16842752  sps 5361  opp rand  loss -0.016  pg -0.0072  v 0.006  adv_std 0.118  tR +0.63  ent[s/d/p/e] 0.66/2.00/1.70/0.22  emits 2.89  clip 0.17  kl +0.007
upd 1028  steps 16859136  sps 5362  opp rand  loss -0.015  pg -0.0073  v 0.010  adv_std 0.149  tR +0.66  ent[s/d/p/e] 0.62/1.97/1.71/0.21  emits 2.98  clip 0.19  kl +0.010
upd 1029  steps 16875520  sps 5363  opp frzn  loss -0.016  pg -0.0079  v 0.006  adv_std 0.117  tR +0.71  ent[s/d/p/e] 0.62/2.05/1.69/0.20  emits 3.08  clip 0.19  kl +0.011
upd 1030  steps 16891904  sps 5364  opp rand  loss -0.016  pg -0.0082  v 0.007  adv_std 0.127  tR +0.63  ent[s/d/p/e] 0.60/1.99/1.70/0.19  emits 3.08  clip 0.17  kl +0.008
upd 1031  steps 16908288  sps 5365  opp rand  loss -0.015  pg -0.0072  v 0.007  adv_std 0.123  tR +0.64  ent[s/d/p/e] 0.62/1.99/1.71/0.20  emits 2.93  clip 0.16  kl +0.007
upd 1032  steps 16924672  sps 5365  opp frzn  loss -0.016  pg -0.0082  v 0.007  adv_std 0.125  tR +0.71  ent[s/d/p/e] 0.66/2.02/1.69/0.21  emits 2.91  clip 0.18  kl +0.010
upd 1033  steps 16941056  sps 5366  opp rand  loss -0.017  pg -0.0084  v 0.008  adv_std 0.129  tR +0.69  ent[s/d/p/e] 0.68/2.00/1.71/0.21  emits 2.89  clip 0.17  kl +0.011
upd 1034  steps 16957440  sps 5367  opp frzn  loss -0.015  pg -0.0066  v 0.007  adv_std 0.120  tR +0.68  ent[s/d/p/e] 0.69/2.04/1.71/0.21  emits 3.00  clip 0.17  kl +0.008
upd 1035  steps 16973824  sps 5368  opp rand  loss -0.016  pg -0.0082  v 0.008  adv_std 0.131  tR +0.63  ent[s/d/p/e] 0.68/1.97/1.71/0.23  emits 3.01  clip 0.19  kl +0.011
upd 1036  steps 16990208  sps 5368  opp frzn  loss -0.018  pg -0.0097  v 0.007  adv_std 0.124  tR +0.56  ent[s/d/p/e] 0.60/1.95/1.71/0.23  emits 2.74  clip 0.17  kl +0.010
upd 1037  steps 17006592  sps 5369  opp frzn  loss -0.015  pg -0.0069  v 0.007  adv_std 0.122  tR +0.63  ent[s/d/p/e] 0.63/1.99/1.71/0.22  emits 3.01  clip 0.19  kl +0.010
upd 1038  steps 17022976  sps 5370  opp frzn  loss -0.014  pg -0.0060  v 0.008  adv_std 0.128  tR +0.66  ent[s/d/p/e] 0.70/2.00/1.70/0.24  emits 2.87  clip 0.16  kl +0.010
upd 1039  steps 17039360  sps 5370  opp rand  loss -0.015  pg -0.0061  v 0.006  adv_std 0.114  tR +0.71  ent[s/d/p/e] 0.66/2.04/1.71/0.20  emits 3.10  clip 0.19  kl +0.010
upd 1040  steps 17055744  sps 5371  opp rand  loss -0.016  pg -0.0084  v 0.008  adv_std 0.133  tR +0.67  ent[s/d/p/e] 0.63/1.96/1.73/0.20  emits 3.21  clip 0.19  kl +0.010
upd 1041  steps 17072128  sps 5372  opp frzn  loss -0.016  pg -0.0077  v 0.007  adv_std 0.129  tR +0.66  ent[s/d/p/e] 0.62/2.04/1.71/0.19  emits 3.17  clip 0.17  kl +0.010
upd 1042  steps 17088512  sps 5373  opp rand  loss -0.016  pg -0.0072  v 0.005  adv_std 0.108  tR +0.73  ent[s/d/p/e] 0.70/2.06/1.72/0.20  emits 3.21  clip 0.17  kl +0.009
upd 1043  steps 17104896  sps 5374  opp rand  loss -0.016  pg -0.0080  v 0.008  adv_std 0.131  tR +0.63  ent[s/d/p/e] 0.66/2.01/1.71/0.19  emits 3.19  clip 0.19  kl +0.010
upd 1044  steps 17121280  sps 5375  opp rand  loss -0.016  pg -0.0069  v 0.006  adv_std 0.113  tR +0.75  ent[s/d/p/e] 0.69/2.05/1.71/0.20  emits 3.27  clip 0.19  kl +0.010
upd 1045  steps 17137664  sps 5375  opp rand  loss -0.017  pg -0.0083  v 0.008  adv_std 0.131  tR +0.70  ent[s/d/p/e] 0.68/1.98/1.71/0.21  emits 3.23  clip 0.20  kl +0.010
upd 1046  steps 17154048  sps 5376  opp rand  loss -0.016  pg -0.0081  v 0.007  adv_std 0.123  tR +0.69  ent[s/d/p/e] 0.67/1.98/1.71/0.22  emits 3.12  clip 0.20  kl +0.010
upd 1047  steps 17170432  sps 5377  opp rand  loss -0.016  pg -0.0082  v 0.012  adv_std 0.160  tR +0.58  ent[s/d/p/e] 0.72/2.09/1.70/0.20  emits 3.37  clip 0.20  kl +0.011
upd 1048  steps 17186816  sps 5378  opp rand  loss -0.017  pg -0.0088  v 0.008  adv_std 0.130  tR +0.62  ent[s/d/p/e] 0.69/2.01/1.70/0.20  emits 3.13  clip 0.17  kl +0.007
upd 1049  steps 17203200  sps 5379  opp frzn  loss -0.015  pg -0.0075  v 0.012  adv_std 0.164  tR +0.50  ent[s/d/p/e] 0.75/2.10/1.70/0.20  emits 3.39  clip 0.19  kl +0.010 WRr 0.81 WRf 0.81
upd 1050  steps 17219584  sps 5364  opp rand  loss -0.015  pg -0.0072  v 0.007  adv_std 0.128  tR +0.65  ent[s/d/p/e] 0.66/1.99/1.70/0.21  emits 3.12  clip 0.19  kl +0.010
upd 1051  steps 17235968  sps 5365  opp rand  loss -0.016  pg -0.0077  v 0.008  adv_std 0.133  tR +0.62  ent[s/d/p/e] 0.65/2.01/1.70/0.21  emits 3.13  clip 0.19  kl +0.010
upd 1052  steps 17252352  sps 5366  opp frzn  loss -0.015  pg -0.0065  v 0.007  adv_std 0.125  tR +0.68  ent[s/d/p/e] 0.68/2.07/1.72/0.23  emits 3.14  clip 0.19  kl +0.012
upd 1053  steps 17268736  sps 5367  opp rand  loss -0.016  pg -0.0079  v 0.007  adv_std 0.124  tR +0.60  ent[s/d/p/e] 0.65/2.00/1.71/0.21  emits 3.17  clip 0.18  kl +0.009
upd 1054  steps 17285120  sps 5367  opp frzn  loss -0.016  pg -0.0081  v 0.011  adv_std 0.155  tR +0.57  ent[s/d/p/e] 0.64/1.95/1.71/0.22  emits 3.13  clip 0.19  kl +0.009
upd 1055  steps 17301504  sps 5368  opp frzn  loss -0.016  pg -0.0083  v 0.008  adv_std 0.136  tR +0.63  ent[s/d/p/e] 0.64/1.99/1.72/0.23  emits 3.06  clip 0.18  kl +0.008
upd 1056  steps 17317888  sps 5369  opp rand  loss -0.016  pg -0.0085  v 0.010  adv_std 0.147  tR +0.64  ent[s/d/p/e] 0.65/1.98/1.71/0.23  emits 2.93  clip 0.20  kl +0.010
upd 1057  steps 17334272  sps 5370  opp rand  loss -0.015  pg -0.0064  v 0.008  adv_std 0.130  tR +0.62  ent[s/d/p/e] 0.67/2.06/1.72/0.20  emits 3.18  clip 0.19  kl +0.011
upd 1058  steps 17350656  sps 5370  opp frzn  loss -0.017  pg -0.0086  v 0.010  adv_std 0.146  tR +0.61  ent[s/d/p/e] 0.68/2.00/1.72/0.22  emits 3.14  clip 0.21  kl +0.010
upd 1059  steps 17367040  sps 5371  opp rand  loss -0.016  pg -0.0076  v 0.008  adv_std 0.132  tR +0.73  ent[s/d/p/e] 0.72/2.06/1.73/0.21  emits 3.30  clip 0.19  kl +0.011
upd 1060  steps 17383424  sps 5372  opp frzn  loss -0.016  pg -0.0074  v 0.008  adv_std 0.129  tR +0.64  ent[s/d/p/e] 0.71/2.07/1.72/0.22  emits 3.22  clip 0.20  kl +0.011
upd 1061  steps 17399808  sps 5372  opp rand  loss -0.017  pg -0.0085  v 0.008  adv_std 0.129  tR +0.63  ent[s/d/p/e] 0.62/2.03/1.73/0.24  emits 3.07  clip 0.17  kl +0.008
upd 1062  steps 17416192  sps 5373  opp rand  loss -0.017  pg -0.0091  v 0.008  adv_std 0.131  tR +0.61  ent[s/d/p/e] 0.65/2.02/1.72/0.22  emits 3.16  clip 0.20  kl +0.010
upd 1063  steps 17432576  sps 5374  opp rand  loss -0.016  pg -0.0081  v 0.007  adv_std 0.128  tR +0.65  ent[s/d/p/e] 0.64/1.98/1.72/0.24  emits 3.12  clip 0.20  kl +0.011
upd 1064  steps 17448960  sps 5375  opp frzn  loss -0.016  pg -0.0079  v 0.008  adv_std 0.130  tR +0.56  ent[s/d/p/e] 0.64/2.02/1.72/0.23  emits 3.18  clip 0.18  kl +0.011
upd 1065  steps 17465344  sps 5376  opp rand  loss -0.016  pg -0.0074  v 0.006  adv_std 0.115  tR +0.63  ent[s/d/p/e] 0.62/2.01/1.70/0.23  emits 3.12  clip 0.19  kl +0.010
upd 1066  steps 17481728  sps 5377  opp rand  loss -0.016  pg -0.0075  v 0.008  adv_std 0.129  tR +0.67  ent[s/d/p/e] 0.62/1.94/1.71/0.25  emits 3.03  clip 0.19  kl +0.010
upd 1067  steps 17498112  sps 5377  opp rand  loss -0.017  pg -0.0085  v 0.007  adv_std 0.127  tR +0.66  ent[s/d/p/e] 0.64/1.98/1.70/0.23  emits 3.10  clip 0.19  kl +0.011
upd 1068  steps 17514496  sps 5378  opp rand  loss -0.015  pg -0.0075  v 0.009  adv_std 0.140  tR +0.57  ent[s/d/p/e] 0.61/1.88/1.70/0.26  emits 2.86  clip 0.19  kl +0.011
upd 1069  steps 17530880  sps 5379  opp frzn  loss -0.018  pg -0.0102  v 0.010  adv_std 0.146  tR +0.51  ent[s/d/p/e] 0.61/1.95/1.71/0.22  emits 3.26  clip 0.20  kl +0.011
upd 1070  steps 17547264  sps 5380  opp rand  loss -0.018  pg -0.0091  v 0.006  adv_std 0.115  tR +0.68  ent[s/d/p/e] 0.68/1.97/1.71/0.23  emits 3.15  clip 0.18  kl +0.007
upd 1071  steps 17563648  sps 5380  opp rand  loss -0.015  pg -0.0071  v 0.008  adv_std 0.128  tR +0.62  ent[s/d/p/e] 0.63/1.95/1.70/0.25  emits 2.94  clip 0.20  kl +0.013
upd 1072  steps 17580032  sps 5381  opp rand  loss -0.016  pg -0.0081  v 0.009  adv_std 0.138  tR +0.62  ent[s/d/p/e] 0.61/1.94/1.71/0.24  emits 3.01  clip 0.18  kl +0.009
upd 1073  steps 17596416  sps 5382  opp rand  loss -0.017  pg -0.0088  v 0.006  adv_std 0.118  tR +0.70  ent[s/d/p/e] 0.64/1.92/1.71/0.24  emits 3.00  clip 0.17  kl +0.009
upd 1074  steps 17612800  sps 5383  opp rand  loss -0.016  pg -0.0073  v 0.006  adv_std 0.116  tR +0.80  ent[s/d/p/e] 0.66/1.97/1.70/0.25  emits 2.94  clip 0.17  kl +0.010 WRr 0.88 WRf 0.84
upd 1075  steps 17629184  sps 5369  opp rand  loss -0.014  pg -0.0059  v 0.008  adv_std 0.131  tR +0.62  ent[s/d/p/e] 0.65/1.91/1.70/0.26  emits 2.71  clip 0.18  kl +0.010
upd 1076  steps 17645568  sps 5369  opp rand  loss -0.014  pg -0.0063  v 0.008  adv_std 0.131  tR +0.70  ent[s/d/p/e] 0.62/1.91/1.71/0.27  emits 2.71  clip 0.18  kl +0.008
upd 1077  steps 17661952  sps 5370  opp rand  loss -0.013  pg -0.0053  v 0.009  adv_std 0.137  tR +0.68  ent[s/d/p/e] 0.63/1.98/1.69/0.23  emits 2.92  clip 0.19  kl +0.009
upd 1078  steps 17678336  sps 5371  opp rand  loss -0.015  pg -0.0065  v 0.007  adv_std 0.125  tR +0.69  ent[s/d/p/e] 0.61/1.92/1.70/0.24  emits 2.85  clip 0.18  kl +0.009
upd 1079  steps 17694720  sps 5372  opp rand  loss -0.017  pg -0.0085  v 0.006  adv_std 0.115  tR +0.70  ent[s/d/p/e] 0.63/1.93/1.70/0.24  emits 2.90  clip 0.18  kl +0.009
upd 1080  steps 17711104  sps 5373  opp rand  loss -0.017  pg -0.0089  v 0.009  adv_std 0.138  tR +0.71  ent[s/d/p/e] 0.65/1.97/1.70/0.23  emits 3.08  clip 0.19  kl +0.009
upd 1081  steps 17727488  sps 5373  opp frzn  loss -0.016  pg -0.0078  v 0.008  adv_std 0.132  tR +0.65  ent[s/d/p/e] 0.68/1.95/1.71/0.26  emits 2.85  clip 0.17  kl +0.009
upd 1082  steps 17743872  sps 5374  opp frzn  loss -0.014  pg -0.0071  v 0.011  adv_std 0.152  tR +0.54  ent[s/d/p/e] 0.57/1.90/1.70/0.24  emits 2.81  clip 0.18  kl +0.008
upd 1083  steps 17760256  sps 5375  opp frzn  loss -0.016  pg -0.0079  v 0.007  adv_std 0.125  tR +0.59  ent[s/d/p/e] 0.57/1.89/1.71/0.27  emits 2.61  clip 0.19  kl +0.012
upd 1084  steps 17776640  sps 5375  opp frzn  loss -0.015  pg -0.0066  v 0.006  adv_std 0.115  tR +0.73  ent[s/d/p/e] 0.59/1.89/1.68/0.29  emits 2.43  clip 0.19  kl +0.011
upd 1085  steps 17793024  sps 5376  opp rand  loss -0.017  pg -0.0086  v 0.006  adv_std 0.118  tR +0.64  ent[s/d/p/e] 0.61/1.92/1.68/0.25  emits 2.74  clip 0.17  kl +0.007
upd 1086  steps 17809408  sps 5377  opp rand  loss -0.016  pg -0.0074  v 0.008  adv_std 0.129  tR +0.63  ent[s/d/p/e] 0.67/1.89/1.68/0.27  emits 2.55  clip 0.16  kl +0.009
upd 1087  steps 17825792  sps 5378  opp rand  loss -0.016  pg -0.0073  v 0.007  adv_std 0.124  tR +0.71  ent[s/d/p/e] 0.64/1.89/1.69/0.28  emits 2.70  clip 0.18  kl +0.009
upd 1088  steps 17842176  sps 5378  opp frzn  loss -0.016  pg -0.0079  v 0.007  adv_std 0.122  tR +0.70  ent[s/d/p/e] 0.61/1.92/1.69/0.26  emits 2.70  clip 0.18  kl +0.010
upd 1089  steps 17858560  sps 5379  opp frzn  loss -0.016  pg -0.0086  v 0.008  adv_std 0.137  tR +0.64  ent[s/d/p/e] 0.59/1.91/1.69/0.25  emits 2.70  clip 0.17  kl +0.009
upd 1090  steps 17874944  sps 5379  opp rand  loss -0.017  pg -0.0084  v 0.007  adv_std 0.124  tR +0.66  ent[s/d/p/e] 0.60/1.87/1.70/0.26  emits 2.59  clip 0.17  kl +0.008
upd 1091  steps 17891328  sps 5379  opp frzn  loss -0.017  pg -0.0089  v 0.007  adv_std 0.123  tR +0.74  ent[s/d/p/e] 0.63/1.85/1.71/0.28  emits 2.55  clip 0.16  kl +0.008
upd 1092  steps 17907712  sps 5380  opp rand  loss -0.016  pg -0.0073  v 0.007  adv_std 0.126  tR +0.68  ent[s/d/p/e] 0.66/1.89/1.70/0.26  emits 2.61  clip 0.18  kl +0.010
upd 1093  steps 17924096  sps 5380  opp frzn  loss -0.017  pg -0.0090  v 0.007  adv_std 0.121  tR +0.69  ent[s/d/p/e] 0.61/1.87/1.69/0.26  emits 2.49  clip 0.17  kl +0.010
upd 1094  steps 17940480  sps 5381  opp rand  loss -0.015  pg -0.0066  v 0.008  adv_std 0.132  tR +0.66  ent[s/d/p/e] 0.65/1.91/1.68/0.25  emits 2.73  clip 0.17  kl +0.009
upd 1095  steps 17956864  sps 5381  opp rand  loss -0.016  pg -0.0082  v 0.008  adv_std 0.131  tR +0.71  ent[s/d/p/e] 0.64/1.90/1.68/0.24  emits 2.78  clip 0.16  kl +0.008
upd 1096  steps 17973248  sps 5382  opp frzn  loss -0.016  pg -0.0078  v 0.008  adv_std 0.136  tR +0.67  ent[s/d/p/e] 0.61/1.86/1.69/0.26  emits 2.66  clip 0.17  kl +0.009
upd 1097  steps 17989632  sps 5382  opp rand  loss -0.014  pg -0.0061  v 0.006  adv_std 0.117  tR +0.68  ent[s/d/p/e] 0.65/1.89/1.69/0.25  emits 2.74  clip 0.19  kl +0.010
upd 1098  steps 18006016  sps 5382  opp frzn  loss -0.017  pg -0.0083  v 0.007  adv_std 0.130  tR +0.78  ent[s/d/p/e] 0.66/1.89/1.70/0.27  emits 2.58  clip 0.17  kl +0.012
upd 1099  steps 18022400  sps 5383  opp rand  loss -0.018  pg -0.0094  v 0.006  adv_std 0.119  tR +0.70  ent[s/d/p/e] 0.71/1.96/1.69/0.25  emits 2.79  clip 0.17  kl +0.009 WRr 0.84 WRf 0.84
upd 1100  steps 18038784  sps 5369  opp rand  loss -0.016  pg -0.0075  v 0.006  adv_std 0.114  tR +0.57  ent[s/d/p/e] 0.66/1.96/1.68/0.22  emits 2.81  clip 0.17  kl +0.008
upd 1101  steps 18055168  sps 5370  opp rand  loss -0.015  pg -0.0067  v 0.006  adv_std 0.117  tR +0.68  ent[s/d/p/e] 0.64/1.95/1.69/0.23  emits 2.84  clip 0.16  kl +0.008
upd 1102  steps 18071552  sps 5370  opp frzn  loss -0.015  pg -0.0070  v 0.007  adv_std 0.126  tR +0.63  ent[s/d/p/e] 0.64/1.98/1.68/0.23  emits 2.79  clip 0.18  kl +0.011
upd 1103  steps 18087936  sps 5371  opp rand  loss -0.015  pg -0.0069  v 0.008  adv_std 0.134  tR +0.62  ent[s/d/p/e] 0.62/1.94/1.69/0.23  emits 2.73  clip 0.19  kl +0.010
upd 1104  steps 18104320  sps 5372  opp frzn  loss -0.018  pg -0.0096  v 0.007  adv_std 0.122  tR +0.60  ent[s/d/p/e] 0.60/1.92/1.68/0.25  emits 2.68  clip 0.18  kl +0.009
upd 1105  steps 18120704  sps 5373  opp frzn  loss -0.016  pg -0.0078  v 0.007  adv_std 0.125  tR +0.67  ent[s/d/p/e] 0.62/1.92/1.68/0.24  emits 2.46  clip 0.15  kl +0.008
upd 1106  steps 18137088  sps 5373  opp rand  loss -0.014  pg -0.0057  v 0.006  adv_std 0.120  tR +0.68  ent[s/d/p/e] 0.64/1.91/1.69/0.25  emits 2.69  clip 0.19  kl +0.009
upd 1107  steps 18153472  sps 5374  opp rand  loss -0.016  pg -0.0075  v 0.008  adv_std 0.128  tR +0.69  ent[s/d/p/e] 0.61/1.98/1.68/0.23  emits 2.88  clip 0.19  kl +0.011
upd 1108  steps 18169856  sps 5375  opp frzn  loss -0.017  pg -0.0088  v 0.005  adv_std 0.106  tR +0.76  ent[s/d/p/e] 0.64/1.86/1.71/0.27  emits 2.60  clip 0.17  kl +0.009
upd 1109  steps 18186240  sps 5375  opp frzn  loss -0.017  pg -0.0086  v 0.008  adv_std 0.127  tR +0.68  ent[s/d/p/e] 0.68/1.96/1.69/0.27  emits 2.59  clip 0.18  kl +0.010
upd 1110  steps 18202624  sps 5376  opp frzn  loss -0.015  pg -0.0069  v 0.008  adv_std 0.126  tR +0.70  ent[s/d/p/e] 0.64/1.91/1.69/0.26  emits 2.68  clip 0.17  kl +0.009
upd 1111  steps 18219008  sps 5377  opp frzn  loss -0.017  pg -0.0092  v 0.008  adv_std 0.133  tR +0.53  ent[s/d/p/e] 0.65/1.90/1.69/0.25  emits 2.72  clip 0.17  kl +0.009
upd 1112  steps 18235392  sps 5377  opp frzn  loss -0.017  pg -0.0094  v 0.009  adv_std 0.143  tR +0.58  ent[s/d/p/e] 0.66/1.94/1.69/0.26  emits 2.83  clip 0.18  kl +0.009
upd 1113  steps 18251776  sps 5378  opp frzn  loss -0.015  pg -0.0064  v 0.007  adv_std 0.121  tR +0.65  ent[s/d/p/e] 0.59/1.88/1.71/0.29  emits 2.65  clip 0.18  kl +0.009
upd 1114  steps 18268160  sps 5379  opp rand  loss -0.017  pg -0.0093  v 0.010  adv_std 0.146  tR +0.64  ent[s/d/p/e] 0.62/1.87/1.68/0.27  emits 2.57  clip 0.18  kl +0.009
upd 1115  steps 18284544  sps 5379  opp rand  loss -0.017  pg -0.0083  v 0.007  adv_std 0.119  tR +0.72  ent[s/d/p/e] 0.66/1.92/1.69/0.25  emits 2.88  clip 0.16  kl +0.008
upd 1116  steps 18300928  sps 5380  opp frzn  loss -0.015  pg -0.0073  v 0.008  adv_std 0.136  tR +0.58  ent[s/d/p/e] 0.65/1.86/1.68/0.28  emits 2.53  clip 0.17  kl +0.010
upd 1117  steps 18317312  sps 5381  opp frzn  loss -0.015  pg -0.0072  v 0.008  adv_std 0.131  tR +0.63  ent[s/d/p/e] 0.70/1.85/1.69/0.27  emits 2.57  clip 0.18  kl +0.009
upd 1118  steps 18333696  sps 5381  opp frzn  loss -0.016  pg -0.0075  v 0.008  adv_std 0.134  tR +0.67  ent[s/d/p/e] 0.63/1.86/1.70/0.29  emits 2.50  clip 0.16  kl +0.010
upd 1119  steps 18350080  sps 5382  opp rand  loss -0.016  pg -0.0084  v 0.008  adv_std 0.135  tR +0.68  ent[s/d/p/e] 0.62/1.93/1.65/0.24  emits 2.70  clip 0.17  kl +0.010
upd 1120  steps 18366464  sps 5383  opp frzn  loss -0.015  pg -0.0073  v 0.007  adv_std 0.125  tR +0.59  ent[s/d/p/e] 0.63/1.89/1.67/0.27  emits 2.73  clip 0.20  kl +0.012
upd 1121  steps 18382848  sps 5383  opp rand  loss -0.015  pg -0.0071  v 0.009  adv_std 0.143  tR +0.71  ent[s/d/p/e] 0.65/1.92/1.66/0.26  emits 2.85  clip 0.17  kl +0.008
upd 1122  steps 18399232  sps 5384  opp frzn  loss -0.016  pg -0.0080  v 0.009  adv_std 0.143  tR +0.70  ent[s/d/p/e] 0.65/1.94/1.67/0.27  emits 2.88  clip 0.18  kl +0.011
upd 1123  steps 18415616  sps 5385  opp rand  loss -0.016  pg -0.0081  v 0.008  adv_std 0.130  tR +0.62  ent[s/d/p/e] 0.61/1.94/1.66/0.24  emits 2.91  clip 0.17  kl +0.009
upd 1124  steps 18432000  sps 5386  opp rand  loss -0.015  pg -0.0067  v 0.009  adv_std 0.141  tR +0.67  ent[s/d/p/e] 0.65/1.98/1.67/0.24  emits 2.90  clip 0.17  kl +0.008 WRr 0.94 WRf 0.88
upd 1125  steps 18448384  sps 5365  opp rand  loss -0.017  pg -0.0084  v 0.008  adv_std 0.132  tR +0.69  ent[s/d/p/e] 0.71/1.97/1.67/0.24  emits 2.95  clip 0.18  kl +0.011
upd 1126  steps 18464768  sps 5366  opp rand  loss -0.016  pg -0.0078  v 0.007  adv_std 0.126  tR +0.74  ent[s/d/p/e] 0.74/1.99/1.67/0.24  emits 2.93  clip 0.17  kl +0.008
upd 1127  steps 18481152  sps 5366  opp frzn  loss -0.015  pg -0.0065  v 0.007  adv_std 0.118  tR +0.68  ent[s/d/p/e] 0.69/2.03/1.69/0.25  emits 2.97  clip 0.19  kl +0.010
upd 1128  steps 18497536  sps 5367  opp rand  loss -0.017  pg -0.0082  v 0.005  adv_std 0.105  tR +0.68  ent[s/d/p/e] 0.65/1.96/1.67/0.24  emits 2.67  clip 0.18  kl +0.010
upd 1129  steps 18513920  sps 5368  opp frzn  loss -0.015  pg -0.0066  v 0.008  adv_std 0.133  tR +0.65  ent[s/d/p/e] 0.71/1.93/1.67/0.26  emits 2.62  clip 0.16  kl +0.010
upd 1130  steps 18530304  sps 5368  opp frzn  loss -0.017  pg -0.0089  v 0.006  adv_std 0.119  tR +0.69  ent[s/d/p/e] 0.66/1.85/1.69/0.30  emits 2.28  clip 0.18  kl +0.008
upd 1131  steps 18546688  sps 5369  opp frzn  loss -0.016  pg -0.0074  v 0.008  adv_std 0.130  tR +0.73  ent[s/d/p/e] 0.65/1.85/1.68/0.28  emits 2.27  clip 0.16  kl +0.010
upd 1132  steps 18563072  sps 5370  opp frzn  loss -0.017  pg -0.0084  v 0.007  adv_std 0.123  tR +0.64  ent[s/d/p/e] 0.61/1.91/1.68/0.27  emits 2.60  clip 0.17  kl +0.009
upd 1133  steps 18579456  sps 5370  opp rand  loss -0.016  pg -0.0082  v 0.009  adv_std 0.137  tR +0.68  ent[s/d/p/e] 0.62/1.90/1.68/0.24  emits 2.73  clip 0.17  kl +0.010
upd 1134  steps 18595840  sps 5371  opp frzn  loss -0.016  pg -0.0079  v 0.009  adv_std 0.140  tR +0.52  ent[s/d/p/e] 0.65/1.92/1.68/0.25  emits 2.61  clip 0.16  kl +0.008
upd 1135  steps 18612224  sps 5372  opp frzn  loss -0.015  pg -0.0080  v 0.011  adv_std 0.157  tR +0.52  ent[s/d/p/e] 0.66/1.88/1.69/0.26  emits 2.58  clip 0.17  kl +0.009
upd 1136  steps 18628608  sps 5372  opp rand  loss -0.014  pg -0.0059  v 0.007  adv_std 0.128  tR +0.69  ent[s/d/p/e] 0.64/1.99/1.69/0.21  emits 3.01  clip 0.15  kl +0.006
upd 1137  steps 18644992  sps 5373  opp rand  loss -0.017  pg -0.0090  v 0.007  adv_std 0.121  tR +0.67  ent[s/d/p/e] 0.64/2.01/1.69/0.23  emits 2.83  clip 0.16  kl +0.009
upd 1138  steps 18661376  sps 5374  opp rand  loss -0.016  pg -0.0075  v 0.006  adv_std 0.114  tR +0.72  ent[s/d/p/e] 0.63/1.97/1.68/0.23  emits 2.78  clip 0.15  kl +0.006
upd 1139  steps 18677760  sps 5375  opp frzn  loss -0.015  pg -0.0073  v 0.010  adv_std 0.149  tR +0.58  ent[s/d/p/e] 0.63/1.98/1.69/0.24  emits 2.78  clip 0.17  kl +0.008
upd 1140  steps 18694144  sps 5375  opp frzn  loss -0.016  pg -0.0082  v 0.008  adv_std 0.131  tR +0.64  ent[s/d/p/e] 0.57/1.96/1.69/0.23  emits 2.84  clip 0.18  kl +0.008
upd 1141  steps 18710528  sps 5376  opp frzn  loss -0.015  pg -0.0071  v 0.007  adv_std 0.127  tR +0.64  ent[s/d/p/e] 0.58/1.98/1.70/0.25  emits 2.60  clip 0.18  kl +0.009
upd 1142  steps 18726912  sps 5376  opp frzn  loss -0.015  pg -0.0069  v 0.006  adv_std 0.117  tR +0.72  ent[s/d/p/e] 0.64/1.95/1.70/0.26  emits 2.44  clip 0.17  kl +0.007
upd 1143  steps 18743296  sps 5377  opp frzn  loss -0.017  pg -0.0088  v 0.008  adv_std 0.133  tR +0.61  ent[s/d/p/e] 0.60/1.91/1.71/0.25  emits 2.67  clip 0.19  kl +0.011
upd 1144  steps 18759680  sps 5378  opp rand  loss -0.016  pg -0.0074  v 0.007  adv_std 0.123  tR +0.62  ent[s/d/p/e] 0.64/1.93/1.70/0.27  emits 2.58  clip 0.17  kl +0.009
upd 1145  steps 18776064  sps 5378  opp rand  loss -0.016  pg -0.0080  v 0.008  adv_std 0.130  tR +0.72  ent[s/d/p/e] 0.63/1.93/1.70/0.25  emits 2.64  clip 0.17  kl +0.010
upd 1146  steps 18792448  sps 5379  opp frzn  loss -0.016  pg -0.0074  v 0.006  adv_std 0.118  tR +0.69  ent[s/d/p/e] 0.62/1.84/1.71/0.30  emits 2.20  clip 0.17  kl +0.009
upd 1147  steps 18808832  sps 5380  opp rand  loss -0.017  pg -0.0092  v 0.008  adv_std 0.135  tR +0.65  ent[s/d/p/e] 0.61/1.93/1.69/0.26  emits 2.54  clip 0.16  kl +0.008
upd 1148  steps 18825216  sps 5380  opp frzn  loss -0.016  pg -0.0076  v 0.007  adv_std 0.122  tR +0.69  ent[s/d/p/e] 0.60/1.82/1.72/0.31  emits 2.22  clip 0.16  kl +0.009
upd 1149  steps 18841600  sps 5381  opp frzn  loss -0.015  pg -0.0076  v 0.011  adv_std 0.155  tR +0.60  ent[s/d/p/e] 0.57/1.86/1.71/0.30  emits 2.20  clip 0.16  kl +0.008 WRr 0.91 WRf 0.84
upd 1150  steps 18857984  sps 5363  opp frzn  loss -0.016  pg -0.0076  v 0.007  adv_std 0.123  tR +0.68  ent[s/d/p/e] 0.58/1.78/1.70/0.32  emits 1.92  clip 0.15  kl +0.009
upd 1151  steps 18874368  sps 5364  opp rand  loss -0.016  pg -0.0083  v 0.008  adv_std 0.137  tR +0.66  ent[s/d/p/e] 0.64/1.85/1.68/0.28  emits 2.34  clip 0.16  kl +0.009
upd 1152  steps 18890752  sps 5365  opp rand  loss -0.015  pg -0.0073  v 0.007  adv_std 0.126  tR +0.65  ent[s/d/p/e] 0.57/1.87/1.69/0.26  emits 2.36  clip 0.17  kl +0.009
upd 1153  steps 18907136  sps 5365  opp frzn  loss -0.016  pg -0.0080  v 0.009  adv_std 0.140  tR +0.64  ent[s/d/p/e] 0.59/1.82/1.71/0.29  emits 2.24  clip 0.17  kl +0.010
upd 1154  steps 18923520  sps 5366  opp rand  loss -0.016  pg -0.0074  v 0.008  adv_std 0.127  tR +0.68  ent[s/d/p/e] 0.60/1.86/1.71/0.28  emits 2.44  clip 0.19  kl +0.011
upd 1155  steps 18939904  sps 5367  opp rand  loss -0.016  pg -0.0073  v 0.005  adv_std 0.104  tR +0.77  ent[s/d/p/e] 0.62/1.84/1.71/0.29  emits 2.40  clip 0.16  kl +0.008
upd 1156  steps 18956288  sps 5367  opp frzn  loss -0.017  pg -0.0088  v 0.007  adv_std 0.125  tR +0.64  ent[s/d/p/e] 0.60/1.87/1.71/0.29  emits 2.35  clip 0.17  kl +0.011
upd 1157  steps 18972672  sps 5368  opp rand  loss -0.016  pg -0.0080  v 0.008  adv_std 0.128  tR +0.66  ent[s/d/p/e] 0.61/1.92/1.71/0.28  emits 2.53  clip 0.19  kl +0.011
upd 1158  steps 18989056  sps 5369  opp frzn  loss -0.016  pg -0.0077  v 0.007  adv_std 0.126  tR +0.66  ent[s/d/p/e] 0.62/1.82/1.74/0.32  emits 2.20  clip 0.15  kl +0.009
upd 1159  steps 19005440  sps 5369  opp frzn  loss -0.017  pg -0.0095  v 0.009  adv_std 0.140  tR +0.71  ent[s/d/p/e] 0.60/1.85/1.73/0.30  emits 2.22  clip 0.16  kl +0.008
upd 1160  steps 19021824  sps 5370  opp frzn  loss -0.016  pg -0.0077  v 0.007  adv_std 0.123  tR +0.59  ent[s/d/p/e] 0.58/1.84/1.72/0.27  emits 2.32  clip 0.16  kl +0.006
upd 1161  steps 19038208  sps 5371  opp rand  loss -0.016  pg -0.0081  v 0.008  adv_std 0.131  tR +0.74  ent[s/d/p/e] 0.59/1.87/1.71/0.26  emits 2.38  clip 0.16  kl +0.008
upd 1162  steps 19054592  sps 5371  opp frzn  loss -0.016  pg -0.0082  v 0.011  adv_std 0.152  tR +0.58  ent[s/d/p/e] 0.56/1.85/1.74/0.30  emits 2.25  clip 0.14  kl +0.008
upd 1163  steps 19070976  sps 5372  opp rand  loss -0.015  pg -0.0075  v 0.008  adv_std 0.131  tR +0.75  ent[s/d/p/e] 0.52/1.85/1.71/0.27  emits 2.28  clip 0.14  kl +0.007
upd 1164  steps 19087360  sps 5373  opp frzn  loss -0.017  pg -0.0086  v 0.007  adv_std 0.126  tR +0.70  ent[s/d/p/e] 0.58/1.81/1.73/0.29  emits 2.23  clip 0.14  kl +0.007
upd 1165  steps 19103744  sps 5373  opp rand  loss -0.016  pg -0.0083  v 0.009  adv_std 0.141  tR +0.58  ent[s/d/p/e] 0.54/1.86/1.70/0.25  emits 2.43  clip 0.16  kl +0.008
upd 1166  steps 19120128  sps 5374  opp frzn  loss -0.017  pg -0.0086  v 0.007  adv_std 0.123  tR +0.65  ent[s/d/p/e] 0.58/1.80/1.71/0.31  emits 2.17  clip 0.15  kl +0.008
upd 1167  steps 19136512  sps 5374  opp frzn  loss -0.014  pg -0.0069  v 0.010  adv_std 0.147  tR +0.66  ent[s/d/p/e] 0.56/1.84/1.71/0.26  emits 2.34  clip 0.16  kl +0.008
upd 1168  steps 19152896  sps 5375  opp frzn  loss -0.016  pg -0.0085  v 0.010  adv_std 0.149  tR +0.52  ent[s/d/p/e] 0.51/1.72/1.71/0.29  emits 2.05  clip 0.15  kl +0.007
upd 1169  steps 19169280  sps 5376  opp rand  loss -0.016  pg -0.0084  v 0.008  adv_std 0.132  tR +0.65  ent[s/d/p/e] 0.60/1.80/1.70/0.31  emits 2.04  clip 0.15  kl +0.007
upd 1170  steps 19185664  sps 5377  opp rand  loss -0.017  pg -0.0089  v 0.005  adv_std 0.107  tR +0.73  ent[s/d/p/e] 0.56/1.78/1.69/0.32  emits 2.01  clip 0.16  kl +0.008
upd 1171  steps 19202048  sps 5377  opp rand  loss -0.016  pg -0.0074  v 0.007  adv_std 0.122  tR +0.72  ent[s/d/p/e] 0.63/1.83/1.71/0.31  emits 2.21  clip 0.15  kl +0.008
upd 1172  steps 19218432  sps 5378  opp frzn  loss -0.016  pg -0.0081  v 0.010  adv_std 0.147  tR +0.60  ent[s/d/p/e] 0.56/1.81/1.71/0.31  emits 2.14  clip 0.17  kl +0.010
upd 1173  steps 19234816  sps 5379  opp rand  loss -0.015  pg -0.0069  v 0.008  adv_std 0.127  tR +0.61  ent[s/d/p/e] 0.56/1.84/1.69/0.30  emits 2.13  clip 0.14  kl +0.010
upd 1174  steps 19251200  sps 5379  opp rand  loss -0.017  pg -0.0081  v 0.005  adv_std 0.103  tR +0.74  ent[s/d/p/e] 0.63/1.90/1.71/0.28  emits 2.25  clip 0.16  kl +0.008 WRr 0.91 WRf 0.84
upd 1175  steps 19267584  sps 5362  opp frzn  loss -0.016  pg -0.0082  v 0.008  adv_std 0.134  tR +0.62  ent[s/d/p/e] 0.57/1.84/1.71/0.29  emits 2.36  clip 0.16  kl +0.011
upd 1176  steps 19283968  sps 5362  opp frzn  loss -0.016  pg -0.0081  v 0.009  adv_std 0.138  tR +0.63  ent[s/d/p/e] 0.54/1.83/1.70/0.32  emits 2.10  clip 0.15  kl +0.007
upd 1177  steps 19300352  sps 5363  opp rand  loss -0.015  pg -0.0080  v 0.010  adv_std 0.152  tR +0.67  ent[s/d/p/e] 0.58/1.85/1.69/0.30  emits 2.11  clip 0.15  kl +0.007
upd 1178  steps 19316736  sps 5364  opp frzn  loss -0.017  pg -0.0083  v 0.006  adv_std 0.117  tR +0.69  ent[s/d/p/e] 0.58/1.80/1.70/0.34  emits 2.11  clip 0.14  kl +0.007
upd 1179  steps 19333120  sps 5364  opp frzn  loss -0.016  pg -0.0077  v 0.008  adv_std 0.137  tR +0.68  ent[s/d/p/e] 0.57/1.79/1.69/0.32  emits 2.10  clip 0.17  kl +0.010
upd 1180  steps 19349504  sps 5365  opp frzn  loss -0.015  pg -0.0073  v 0.009  adv_std 0.140  tR +0.56  ent[s/d/p/e] 0.58/1.79/1.71/0.33  emits 2.02  clip 0.15  kl +0.008
upd 1181  steps 19365888  sps 5366  opp frzn  loss -0.016  pg -0.0078  v 0.006  adv_std 0.116  tR +0.65  ent[s/d/p/e] 0.54/1.78/1.72/0.34  emits 2.11  clip 0.16  kl +0.009
upd 1182  steps 19382272  sps 5366  opp rand  loss -0.017  pg -0.0086  v 0.008  adv_std 0.133  tR +0.69  ent[s/d/p/e] 0.57/1.88/1.69/0.30  emits 2.22  clip 0.16  kl +0.009
upd 1183  steps 19398656  sps 5367  opp frzn  loss -0.016  pg -0.0078  v 0.007  adv_std 0.118  tR +0.67  ent[s/d/p/e] 0.56/1.82/1.70/0.30  emits 2.28  clip 0.15  kl +0.008
upd 1184  steps 19415040  sps 5367  opp frzn  loss -0.015  pg -0.0070  v 0.008  adv_std 0.128  tR +0.61  ent[s/d/p/e] 0.55/1.75/1.72/0.34  emits 1.91  clip 0.16  kl +0.009
upd 1185  steps 19431424  sps 5368  opp frzn  loss -0.015  pg -0.0075  v 0.008  adv_std 0.137  tR +0.60  ent[s/d/p/e] 0.54/1.73/1.72/0.35  emits 1.96  clip 0.18  kl +0.011
upd 1186  steps 19447808  sps 5369  opp rand  loss -0.016  pg -0.0079  v 0.005  adv_std 0.102  tR +0.78  ent[s/d/p/e] 0.52/1.78/1.70/0.30  emits 1.98  clip 0.16  kl +0.008
upd 1187  steps 19464192  sps 5369  opp frzn  loss -0.016  pg -0.0081  v 0.009  adv_std 0.139  tR +0.63  ent[s/d/p/e] 0.53/1.75/1.70/0.29  emits 2.06  clip 0.15  kl +0.008
upd 1188  steps 19480576  sps 5370  opp rand  loss -0.016  pg -0.0081  v 0.007  adv_std 0.119  tR +0.61  ent[s/d/p/e] 0.52/1.78/1.67/0.27  emits 2.07  clip 0.15  kl +0.008
upd 1189  steps 19496960  sps 5371  opp rand  loss -0.017  pg -0.0090  v 0.007  adv_std 0.120  tR +0.69  ent[s/d/p/e] 0.57/1.78/1.68/0.30  emits 1.94  clip 0.15  kl +0.008
upd 1190  steps 19513344  sps 5371  opp frzn  loss -0.017  pg -0.0095  v 0.008  adv_std 0.135  tR +0.65  ent[s/d/p/e] 0.58/1.73/1.70/0.30  emits 2.03  clip 0.16  kl +0.008
upd 1191  steps 19529728  sps 5372  opp frzn  loss -0.017  pg -0.0090  v 0.007  adv_std 0.126  tR +0.73  ent[s/d/p/e] 0.51/1.75/1.70/0.32  emits 2.01  clip 0.14  kl +0.007
upd 1192  steps 19546112  sps 5373  opp rand  loss -0.016  pg -0.0078  v 0.007  adv_std 0.120  tR +0.76  ent[s/d/p/e] 0.59/1.75/1.68/0.34  emits 1.89  clip 0.15  kl +0.009
upd 1193  steps 19562496  sps 5374  opp rand  loss -0.016  pg -0.0076  v 0.005  adv_std 0.104  tR +0.77  ent[s/d/p/e] 0.56/1.76/1.67/0.32  emits 1.99  clip 0.14  kl +0.008
upd 1194  steps 19578880  sps 5374  opp rand  loss -0.015  pg -0.0071  v 0.007  adv_std 0.122  tR +0.68  ent[s/d/p/e] 0.53/1.77/1.67/0.31  emits 1.91  clip 0.16  kl +0.008
upd 1195  steps 19595264  sps 5375  opp frzn  loss -0.015  pg -0.0073  v 0.009  adv_std 0.143  tR +0.52  ent[s/d/p/e] 0.51/1.74/1.68/0.31  emits 2.01  clip 0.15  kl +0.010
upd 1196  steps 19611648  sps 5375  opp frzn  loss -0.017  pg -0.0093  v 0.011  adv_std 0.152  tR +0.55  ent[s/d/p/e] 0.57/1.70/1.68/0.32  emits 1.94  clip 0.17  kl +0.011
upd 1197  steps 19628032  sps 5376  opp frzn  loss -0.015  pg -0.0081  v 0.010  adv_std 0.147  tR +0.65  ent[s/d/p/e] 0.53/1.75/1.69/0.32  emits 1.98  clip 0.14  kl +0.006
upd 1198  steps 19644416  sps 5377  opp frzn  loss -0.015  pg -0.0072  v 0.008  adv_std 0.133  tR +0.58  ent[s/d/p/e] 0.56/1.70/1.69/0.31  emits 1.95  clip 0.18  kl +0.011
upd 1199  steps 19660800  sps 5377  opp frzn  loss -0.015  pg -0.0068  v 0.008  adv_std 0.136  tR +0.64  ent[s/d/p/e] 0.58/1.74/1.69/0.30  emits 1.91  clip 0.16  kl +0.010 WRr 0.78 WRf 0.91
upd 1200  steps 19677184  sps 5359  opp frzn  loss -0.016  pg -0.0084  v 0.009  adv_std 0.142  tR +0.63  ent[s/d/p/e] 0.54/1.74/1.71/0.33  emits 2.00  clip 0.15  kl +0.008
upd 1201  steps 19693568  sps 5360  opp frzn  loss -0.017  pg -0.0092  v 0.009  adv_std 0.143  tR +0.53  ent[s/d/p/e] 0.56/1.78/1.69/0.30  emits 2.02  clip 0.15  kl +0.008
upd 1202  steps 19709952  sps 5360  opp frzn  loss -0.016  pg -0.0084  v 0.010  adv_std 0.149  tR +0.63  ent[s/d/p/e] 0.57/1.75/1.69/0.32  emits 1.99  clip 0.15  kl +0.008
upd 1203  steps 19726336  sps 5361  opp rand  loss -0.017  pg -0.0094  v 0.009  adv_std 0.137  tR +0.66  ent[s/d/p/e] 0.54/1.79/1.68/0.30  emits 2.05  clip 0.14  kl +0.009
upd 1204  steps 19742720  sps 5362  opp rand  loss -0.015  pg -0.0077  v 0.009  adv_std 0.140  tR +0.62  ent[s/d/p/e] 0.59/1.77/1.68/0.30  emits 1.99  clip 0.14  kl +0.008
upd 1205  steps 19759104  sps 5362  opp frzn  loss -0.017  pg -0.0090  v 0.006  adv_std 0.121  tR +0.64  ent[s/d/p/e] 0.54/1.73/1.70/0.32  emits 1.95  clip 0.15  kl +0.008
upd 1206  steps 19775488  sps 5363  opp frzn  loss -0.017  pg -0.0087  v 0.007  adv_std 0.120  tR +0.65  ent[s/d/p/e] 0.58/1.77/1.70/0.32  emits 2.08  clip 0.15  kl +0.008
upd 1207  steps 19791872  sps 5364  opp rand  loss -0.016  pg -0.0074  v 0.006  adv_std 0.114  tR +0.75  ent[s/d/p/e] 0.58/1.82/1.69/0.29  emits 2.04  clip 0.14  kl +0.005
upd 1208  steps 19808256  sps 5364  opp rand  loss -0.015  pg -0.0068  v 0.005  adv_std 0.108  tR +0.75  ent[s/d/p/e] 0.55/1.77/1.68/0.30  emits 1.92  clip 0.14  kl +0.007
upd 1209  steps 19824640  sps 5365  opp rand  loss -0.017  pg -0.0086  v 0.007  adv_std 0.123  tR +0.74  ent[s/d/p/e] 0.54/1.80/1.69/0.29  emits 2.05  clip 0.17  kl +0.009
upd 1210  steps 19841024  sps 5366  opp rand  loss -0.017  pg -0.0093  v 0.007  adv_std 0.125  tR +0.67  ent[s/d/p/e] 0.54/1.83/1.68/0.29  emits 2.12  clip 0.15  kl +0.008
upd 1211  steps 19857408  sps 5367  opp frzn  loss -0.018  pg -0.0095  v 0.008  adv_std 0.133  tR +0.76  ent[s/d/p/e] 0.60/1.79/1.69/0.31  emits 2.03  clip 0.13  kl +0.008
upd 1212  steps 19873792  sps 5367  opp rand  loss -0.016  pg -0.0080  v 0.008  adv_std 0.129  tR +0.65  ent[s/d/p/e] 0.60/1.81/1.67/0.30  emits 2.00  clip 0.14  kl +0.009
upd 1213  steps 19890176  sps 5368  opp frzn  loss -0.014  pg -0.0058  v 0.007  adv_std 0.125  tR +0.63  ent[s/d/p/e] 0.60/1.78/1.69/0.30  emits 2.14  clip 0.17  kl +0.009
upd 1214  steps 19906560  sps 5368  opp frzn  loss -0.015  pg -0.0077  v 0.010  adv_std 0.146  tR +0.60  ent[s/d/p/e] 0.52/1.81/1.69/0.30  emits 2.13  clip 0.14  kl +0.005
upd 1215  steps 19922944  sps 5369  opp frzn  loss -0.016  pg -0.0076  v 0.007  adv_std 0.120  tR +0.65  ent[s/d/p/e] 0.57/1.79/1.69/0.33  emits 2.08  clip 0.15  kl +0.010
upd 1216  steps 19939328  sps 5370  opp frzn  loss -0.016  pg -0.0085  v 0.007  adv_std 0.126  tR +0.67  ent[s/d/p/e] 0.54/1.80/1.67/0.31  emits 2.15  clip 0.15  kl +0.008
upd 1217  steps 19955712  sps 5370  opp frzn  loss -0.014  pg -0.0058  v 0.008  adv_std 0.129  tR +0.54  ent[s/d/p/e] 0.61/1.79/1.68/0.30  emits 2.13  clip 0.16  kl +0.008
upd 1218  steps 19972096  sps 5371  opp rand  loss -0.015  pg -0.0073  v 0.008  adv_std 0.131  tR +0.73  ent[s/d/p/e] 0.59/1.76/1.68/0.30  emits 2.09  clip 0.14  kl +0.007
upd 1219  steps 19988480  sps 5372  opp rand  loss -0.016  pg -0.0076  v 0.008  adv_std 0.130  tR +0.72  ent[s/d/p/e] 0.60/1.82/1.67/0.31  emits 2.24  clip 0.14  kl +0.007
upd 1220  steps 20004864  sps 5372  opp frzn  loss -0.015  pg -0.0072  v 0.008  adv_std 0.134  tR +0.72  ent[s/d/p/e] 0.63/1.76/1.70/0.34  emits 2.20  clip 0.16  kl +0.010
upd 1221  steps 20021248  sps 5373  opp frzn  loss -0.014  pg -0.0068  v 0.009  adv_std 0.141  tR +0.69  ent[s/d/p/e] 0.58/1.75/1.68/0.33  emits 2.11  clip 0.18  kl +0.011
upd 1222  steps 20037632  sps 5373  opp rand  loss -0.015  pg -0.0066  v 0.008  adv_std 0.135  tR +0.70  ent[s/d/p/e] 0.62/1.89/1.67/0.30  emits 2.30  clip 0.16  kl +0.007
upd 1223  steps 20054016  sps 5374  opp rand  loss -0.017  pg -0.0086  v 0.007  adv_std 0.122  tR +0.75  ent[s/d/p/e] 0.59/1.80/1.69/0.31  emits 2.21  clip 0.17  kl +0.011
upd 1224  steps 20070400  sps 5375  opp rand  loss -0.016  pg -0.0081  v 0.006  adv_std 0.117  tR +0.79  ent[s/d/p/e] 0.57/1.87/1.68/0.30  emits 2.23  clip 0.15  kl +0.006 WRr 0.88 WRf 0.88
upd 1225  steps 20086784  sps 5358  opp rand  loss -0.016  pg -0.0074  v 0.005  adv_std 0.107  tR +0.72  ent[s/d/p/e] 0.53/1.82/1.68/0.31  emits 2.19  clip 0.15  kl +0.007
upd 1226  steps 20103168  sps 5358  opp frzn  loss -0.016  pg -0.0075  v 0.008  adv_std 0.133  tR +0.70  ent[s/d/p/e] 0.62/1.81/1.71/0.34  emits 2.22  clip 0.15  kl +0.009
upd 1227  steps 20119552  sps 5359  opp rand  loss -0.016  pg -0.0069  v 0.006  adv_std 0.118  tR +0.75  ent[s/d/p/e] 0.65/1.87/1.70/0.32  emits 2.18  clip 0.16  kl +0.009
upd 1228  steps 20135936  sps 5360  opp frzn  loss -0.015  pg -0.0076  v 0.010  adv_std 0.151  tR +0.62  ent[s/d/p/e] 0.64/1.77/1.71/0.32  emits 2.18  clip 0.17  kl +0.010
upd 1229  steps 20152320  sps 5360  opp rand  loss -0.015  pg -0.0071  v 0.006  adv_std 0.118  tR +0.74  ent[s/d/p/e] 0.55/1.83/1.70/0.31  emits 2.13  clip 0.16  kl +0.009
upd 1230  steps 20168704  sps 5361  opp rand  loss -0.017  pg -0.0090  v 0.008  adv_std 0.135  tR +0.70  ent[s/d/p/e] 0.55/1.85/1.69/0.29  emits 2.25  clip 0.16  kl +0.008
upd 1231  steps 20185088  sps 5362  opp rand  loss -0.015  pg -0.0075  v 0.008  adv_std 0.130  tR +0.67  ent[s/d/p/e] 0.52/1.86/1.69/0.29  emits 2.31  clip 0.16  kl +0.010
upd 1232  steps 20201472  sps 5363  opp rand  loss -0.018  pg -0.0092  v 0.006  adv_std 0.115  tR +0.70  ent[s/d/p/e] 0.55/1.91/1.70/0.30  emits 2.37  clip 0.15  kl +0.007
upd 1233  steps 20217856  sps 5363  opp frzn  loss -0.018  pg -0.0101  v 0.009  adv_std 0.139  tR +0.65  ent[s/d/p/e] 0.62/1.82/1.71/0.32  emits 2.20  clip 0.15  kl +0.010
upd 1234  steps 20234240  sps 5364  opp frzn  loss -0.017  pg -0.0088  v 0.009  adv_std 0.136  tR +0.65  ent[s/d/p/e] 0.59/1.84/1.71/0.31  emits 2.33  clip 0.15  kl +0.008
upd 1235  steps 20250624  sps 5364  opp frzn  loss -0.015  pg -0.0064  v 0.007  adv_std 0.123  tR +0.61  ent[s/d/p/e] 0.55/1.82/1.72/0.31  emits 2.28  clip 0.16  kl +0.009
upd 1236  steps 20267008  sps 5365  opp rand  loss -0.017  pg -0.0082  v 0.004  adv_std 0.096  tR +0.79  ent[s/d/p/e] 0.61/1.78/1.72/0.33  emits 2.09  clip 0.15  kl +0.007
upd 1237  steps 20283392  sps 5366  opp frzn  loss -0.016  pg -0.0085  v 0.009  adv_std 0.140  tR +0.70  ent[s/d/p/e] 0.57/1.86/1.72/0.30  emits 2.28  clip 0.14  kl +0.008
upd 1238  steps 20299776  sps 5366  opp frzn  loss -0.016  pg -0.0078  v 0.009  adv_std 0.138  tR +0.57  ent[s/d/p/e] 0.55/1.83/1.72/0.31  emits 2.38  clip 0.17  kl +0.011
upd 1239  steps 20316160  sps 5367  opp rand  loss -0.015  pg -0.0073  v 0.007  adv_std 0.123  tR +0.68  ent[s/d/p/e] 0.55/1.84/1.71/0.31  emits 2.22  clip 0.17  kl +0.009
upd 1240  steps 20332544  sps 5368  opp rand  loss -0.016  pg -0.0071  v 0.006  adv_std 0.118  tR +0.80  ent[s/d/p/e] 0.59/1.83/1.71/0.32  emits 2.18  clip 0.15  kl +0.010
upd 1241  steps 20348928  sps 5368  opp rand  loss -0.016  pg -0.0077  v 0.008  adv_std 0.132  tR +0.71  ent[s/d/p/e] 0.63/1.79/1.72/0.31  emits 2.03  clip 0.16  kl +0.009
upd 1242  steps 20365312  sps 5369  opp rand  loss -0.016  pg -0.0075  v 0.006  adv_std 0.112  tR +0.72  ent[s/d/p/e] 0.60/1.79/1.70/0.31  emits 2.03  clip 0.15  kl +0.009
upd 1243  steps 20381696  sps 5370  opp frzn  loss -0.016  pg -0.0079  v 0.006  adv_std 0.115  tR +0.66  ent[s/d/p/e] 0.60/1.75/1.73/0.32  emits 2.21  clip 0.18  kl +0.009
upd 1244  steps 20398080  sps 5370  opp rand  loss -0.016  pg -0.0083  v 0.008  adv_std 0.132  tR +0.70  ent[s/d/p/e] 0.58/1.83/1.70/0.31  emits 2.17  clip 0.16  kl +0.007
upd 1245  steps 20414464  sps 5371  opp frzn  loss -0.015  pg -0.0068  v 0.006  adv_std 0.112  tR +0.71  ent[s/d/p/e] 0.62/1.80/1.73/0.32  emits 2.21  clip 0.16  kl +0.010
upd 1246  steps 20430848  sps 5372  opp rand  loss -0.015  pg -0.0069  v 0.007  adv_std 0.124  tR +0.74  ent[s/d/p/e] 0.58/1.78/1.71/0.31  emits 2.17  clip 0.15  kl +0.009
upd 1247  steps 20447232  sps 5372  opp rand  loss -0.014  pg -0.0057  v 0.009  adv_std 0.137  tR +0.71  ent[s/d/p/e] 0.60/1.86/1.69/0.28  emits 2.26  clip 0.17  kl +0.010
upd 1248  steps 20463616  sps 5373  opp frzn  loss -0.017  pg -0.0093  v 0.009  adv_std 0.141  tR +0.59  ent[s/d/p/e] 0.60/1.78/1.72/0.31  emits 2.27  clip 0.15  kl +0.009
upd 1249  steps 20480000  sps 5373  opp frzn  loss -0.015  pg -0.0075  v 0.008  adv_std 0.134  tR +0.57  ent[s/d/p/e] 0.61/1.78/1.69/0.31  emits 2.09  clip 0.17  kl +0.010 WRr 0.84 WRf 0.72
upd 1250  steps 20496384  sps 5356  opp rand  loss -0.016  pg -0.0083  v 0.008  adv_std 0.137  tR +0.67  ent[s/d/p/e] 0.57/1.78/1.70/0.31  emits 2.07  clip 0.13  kl +0.005
upd 1251  steps 20512768  sps 5357  opp frzn  loss -0.016  pg -0.0079  v 0.009  adv_std 0.139  tR +0.66  ent[s/d/p/e] 0.59/1.83/1.72/0.29  emits 2.22  clip 0.15  kl +0.008
upd 1252  steps 20529152  sps 5358  opp frzn  loss -0.016  pg -0.0080  v 0.008  adv_std 0.134  tR +0.55  ent[s/d/p/e] 0.58/1.78/1.70/0.31  emits 2.15  clip 0.16  kl +0.009
upd 1253  steps 20545536  sps 5358  opp rand  loss -0.018  pg -0.0097  v 0.007  adv_std 0.129  tR +0.71  ent[s/d/p/e] 0.55/1.83/1.73/0.31  emits 2.36  clip 0.16  kl +0.007
upd 1254  steps 20561920  sps 5359  opp frzn  loss -0.016  pg -0.0081  v 0.008  adv_std 0.130  tR +0.67  ent[s/d/p/e] 0.57/1.80/1.72/0.31  emits 2.19  clip 0.16  kl +0.007
upd 1255  steps 20578304  sps 5359  opp frzn  loss -0.016  pg -0.0080  v 0.008  adv_std 0.131  tR +0.65  ent[s/d/p/e] 0.60/1.83/1.71/0.31  emits 2.31  clip 0.17  kl +0.009
upd 1256  steps 20594688  sps 5360  opp rand  loss -0.017  pg -0.0086  v 0.008  adv_std 0.132  tR +0.72  ent[s/d/p/e] 0.61/1.75/1.71/0.33  emits 2.08  clip 0.15  kl +0.009
upd 1257  steps 20611072  sps 5361  opp frzn  loss -0.017  pg -0.0090  v 0.008  adv_std 0.130  tR +0.69  ent[s/d/p/e] 0.61/1.83/1.74/0.33  emits 2.18  clip 0.15  kl +0.008
upd 1258  steps 20627456  sps 5361  opp frzn  loss -0.017  pg -0.0092  v 0.007  adv_std 0.121  tR +0.59  ent[s/d/p/e] 0.52/1.75/1.71/0.33  emits 2.22  clip 0.16  kl +0.009
upd 1259  steps 20643840  sps 5362  opp frzn  loss -0.017  pg -0.0088  v 0.008  adv_std 0.134  tR +0.63  ent[s/d/p/e] 0.67/1.77/1.72/0.35  emits 2.08  clip 0.13  kl +0.007
upd 1260  steps 20660224  sps 5362  opp rand  loss -0.015  pg -0.0071  v 0.007  adv_std 0.124  tR +0.80  ent[s/d/p/e] 0.55/1.80/1.72/0.32  emits 2.12  clip 0.16  kl +0.007
upd 1261  steps 20676608  sps 5363  opp rand  loss -0.016  pg -0.0080  v 0.007  adv_std 0.123  tR +0.70  ent[s/d/p/e] 0.60/1.81/1.70/0.31  emits 2.13  clip 0.17  kl +0.007
upd 1262  steps 20692992  sps 5364  opp frzn  loss -0.017  pg -0.0086  v 0.006  adv_std 0.116  tR +0.76  ent[s/d/p/e] 0.61/1.83/1.70/0.30  emits 2.17  clip 0.17  kl +0.008
upd 1263  steps 20709376  sps 5364  opp frzn  loss -0.017  pg -0.0088  v 0.008  adv_std 0.138  tR +0.59  ent[s/d/p/e] 0.62/1.76/1.70/0.29  emits 2.16  clip 0.17  kl +0.011
upd 1264  steps 20725760  sps 5365  opp frzn  loss -0.017  pg -0.0081  v 0.006  adv_std 0.115  tR +0.70  ent[s/d/p/e] 0.60/1.80/1.72/0.31  emits 2.13  clip 0.17  kl +0.009
upd 1265  steps 20742144  sps 5365  opp frzn  loss -0.015  pg -0.0069  v 0.005  adv_std 0.109  tR +0.78  ent[s/d/p/e] 0.57/1.84/1.71/0.30  emits 2.28  clip 0.17  kl +0.010
upd 1266  steps 20758528  sps 5366  opp frzn  loss -0.015  pg -0.0072  v 0.008  adv_std 0.131  tR +0.67  ent[s/d/p/e] 0.67/1.77/1.70/0.30  emits 2.25  clip 0.17  kl +0.011
upd 1267  steps 20774912  sps 5366  opp frzn  loss -0.016  pg -0.0082  v 0.008  adv_std 0.134  tR +0.69  ent[s/d/p/e] 0.64/1.87/1.71/0.29  emits 2.37  clip 0.18  kl +0.008
upd 1268  steps 20791296  sps 5367  opp rand  loss -0.016  pg -0.0083  v 0.010  adv_std 0.147  tR +0.70  ent[s/d/p/e] 0.62/1.87/1.71/0.28  emits 2.29  clip 0.17  kl +0.010
upd 1269  steps 20807680  sps 5368  opp frzn  loss -0.017  pg -0.0091  v 0.010  adv_std 0.146  tR +0.66  ent[s/d/p/e] 0.56/1.88/1.69/0.29  emits 2.32  clip 0.15  kl +0.008
upd 1270  steps 20824064  sps 5368  opp rand  loss -0.019  pg -0.0105  v 0.007  adv_std 0.128  tR +0.71  ent[s/d/p/e] 0.58/1.86/1.70/0.29  emits 2.33  clip 0.15  kl +0.008
upd 1271  steps 20840448  sps 5369  opp rand  loss -0.018  pg -0.0097  v 0.007  adv_std 0.124  tR +0.71  ent[s/d/p/e] 0.61/1.84/1.70/0.30  emits 2.24  clip 0.16  kl +0.009
upd 1272  steps 20856832  sps 5370  opp rand  loss -0.016  pg -0.0076  v 0.007  adv_std 0.128  tR +0.69  ent[s/d/p/e] 0.55/1.83/1.70/0.29  emits 2.32  clip 0.16  kl +0.008
upd 1273  steps 20873216  sps 5371  opp rand  loss -0.016  pg -0.0075  v 0.006  adv_std 0.113  tR +0.70  ent[s/d/p/e] 0.55/1.81/1.69/0.29  emits 2.15  clip 0.15  kl +0.007
upd 1274  steps 20889600  sps 5371  opp frzn  loss -0.016  pg -0.0073  v 0.006  adv_std 0.113  tR +0.78  ent[s/d/p/e] 0.59/1.81/1.71/0.32  emits 2.21  clip 0.16  kl +0.008 WRr 0.69 WRf 0.91
upd 1275  steps 20905984  sps 5354  opp rand  loss -0.017  pg -0.0086  v 0.006  adv_std 0.110  tR +0.67  ent[s/d/p/e] 0.56/1.83/1.69/0.27  emits 2.38  clip 0.17  kl +0.010
upd 1276  steps 20922368  sps 5355  opp frzn  loss -0.016  pg -0.0083  v 0.008  adv_std 0.130  tR +0.67  ent[s/d/p/e] 0.57/1.80/1.71/0.30  emits 2.24  clip 0.16  kl +0.010
upd 1277  steps 20938752  sps 5355  opp frzn  loss -0.016  pg -0.0075  v 0.008  adv_std 0.127  tR +0.67  ent[s/d/p/e] 0.60/1.84/1.71/0.31  emits 2.33  clip 0.16  kl +0.009
upd 1278  steps 20955136  sps 5356  opp rand  loss -0.016  pg -0.0083  v 0.007  adv_std 0.127  tR +0.67  ent[s/d/p/e] 0.53/1.80/1.70/0.28  emits 2.27  clip 0.16  kl +0.008
upd 1279  steps 20971520  sps 5357  opp rand  loss -0.017  pg -0.0093  v 0.009  adv_std 0.144  tR +0.67  ent[s/d/p/e] 0.55/1.86/1.70/0.26  emits 2.45  clip 0.18  kl +0.012
upd 1280  steps 20987904  sps 5358  opp rand  loss -0.016  pg -0.0079  v 0.007  adv_std 0.121  tR +0.74  ent[s/d/p/e] 0.53/1.80/1.69/0.28  emits 2.22  clip 0.16  kl +0.007
upd 1281  steps 21004288  sps 5358  opp frzn  loss -0.016  pg -0.0083  v 0.009  adv_std 0.140  tR +0.52  ent[s/d/p/e] 0.51/1.80/1.69/0.26  emits 2.39  clip 0.17  kl +0.010
upd 1282  steps 21020672  sps 5359  opp rand  loss -0.014  pg -0.0058  v 0.008  adv_std 0.130  tR +0.75  ent[s/d/p/e] 0.62/1.82/1.69/0.28  emits 2.27  clip 0.17  kl +0.011
upd 1283  steps 21037056  sps 5360  opp rand  loss -0.016  pg -0.0083  v 0.008  adv_std 0.128  tR +0.70  ent[s/d/p/e] 0.60/1.80/1.70/0.27  emits 2.41  clip 0.18  kl +0.010
upd 1284  steps 21053440  sps 5360  opp frzn  loss -0.014  pg -0.0060  v 0.008  adv_std 0.131  tR +0.66  ent[s/d/p/e] 0.61/1.85/1.70/0.30  emits 2.45  clip 0.19  kl +0.009
upd 1285  steps 21069824  sps 5361  opp rand  loss -0.014  pg -0.0063  v 0.008  adv_std 0.133  tR +0.65  ent[s/d/p/e] 0.55/1.80/1.68/0.28  emits 2.28  clip 0.18  kl +0.010
upd 1286  steps 21086208  sps 5361  opp frzn  loss -0.016  pg -0.0080  v 0.008  adv_std 0.129  tR +0.59  ent[s/d/p/e] 0.57/1.78/1.70/0.31  emits 2.31  clip 0.16  kl +0.010
upd 1287  steps 21102592  sps 5362  opp rand  loss -0.016  pg -0.0077  v 0.007  adv_std 0.124  tR +0.73  ent[s/d/p/e] 0.57/1.80/1.70/0.28  emits 2.44  clip 0.18  kl +0.012
upd 1288  steps 21118976  sps 5363  opp frzn  loss -0.016  pg -0.0079  v 0.006  adv_std 0.117  tR +0.62  ent[s/d/p/e] 0.63/1.74/1.70/0.30  emits 2.22  clip 0.17  kl +0.009
upd 1289  steps 21135360  sps 5363  opp rand  loss -0.016  pg -0.0075  v 0.007  adv_std 0.120  tR +0.73  ent[s/d/p/e] 0.57/1.81/1.70/0.29  emits 2.36  clip 0.17  kl +0.009
upd 1290  steps 21151744  sps 5364  opp rand  loss -0.017  pg -0.0088  v 0.006  adv_std 0.115  tR +0.70  ent[s/d/p/e] 0.55/1.82/1.70/0.28  emits 2.38  clip 0.16  kl +0.010
upd 1291  steps 21168128  sps 5365  opp frzn  loss -0.016  pg -0.0078  v 0.007  adv_std 0.127  tR +0.68  ent[s/d/p/e] 0.52/1.77/1.69/0.33  emits 2.12  clip 0.16  kl +0.009
upd 1292  steps 21184512  sps 5365  opp rand  loss -0.016  pg -0.0081  v 0.009  adv_std 0.139  tR +0.56  ent[s/d/p/e] 0.60/1.87/1.67/0.28  emits 2.40  clip 0.17  kl +0.005
upd 1293  steps 21200896  sps 5366  opp rand  loss -0.015  pg -0.0075  v 0.008  adv_std 0.131  tR +0.66  ent[s/d/p/e] 0.57/1.82/1.69/0.28  emits 2.37  clip 0.15  kl +0.008
upd 1294  steps 21217280  sps 5367  opp rand  loss -0.012  pg -0.0042  v 0.006  adv_std 0.118  tR +0.76  ent[s/d/p/e] 0.59/1.80/1.71/0.30  emits 2.28  clip 0.15  kl +0.009
upd 1295  steps 21233664  sps 5367  opp rand  loss -0.018  pg -0.0087  v 0.004  adv_std 0.100  tR +0.80  ent[s/d/p/e] 0.61/1.80/1.72/0.32  emits 2.30  clip 0.18  kl +0.012
upd 1296  steps 21250048  sps 5368  opp rand  loss -0.014  pg -0.0060  v 0.008  adv_std 0.133  tR +0.72  ent[s/d/p/e] 0.63/1.81/1.71/0.30  emits 2.32  clip 0.16  kl +0.010
upd 1297  steps 21266432  sps 5369  opp frzn  loss -0.017  pg -0.0090  v 0.006  adv_std 0.118  tR +0.76  ent[s/d/p/e] 0.56/1.82/1.71/0.32  emits 2.35  clip 0.15  kl +0.007
upd 1298  steps 21282816  sps 5369  opp rand  loss -0.017  pg -0.0089  v 0.007  adv_std 0.123  tR +0.73  ent[s/d/p/e] 0.58/1.84/1.71/0.29  emits 2.56  clip 0.14  kl +0.007
upd 1299  steps 21299200  sps 5370  opp rand  loss -0.015  pg -0.0072  v 0.008  adv_std 0.130  tR +0.72  ent[s/d/p/e] 0.55/1.87/1.69/0.28  emits 2.48  clip 0.17  kl +0.010 WRr 0.88 WRf 0.66
upd 1300  steps 21315584  sps 5354  opp rand  loss -0.015  pg -0.0070  v 0.008  adv_std 0.131  tR +0.73  ent[s/d/p/e] 0.60/1.84/1.70/0.30  emits 2.34  clip 0.18  kl +0.010
upd 1301  steps 21331968  sps 5355  opp rand  loss -0.015  pg -0.0065  v 0.006  adv_std 0.110  tR +0.70  ent[s/d/p/e] 0.60/1.81/1.69/0.29  emits 2.29  clip 0.15  kl +0.010
upd 1302  steps 21348352  sps 5355  opp frzn  loss -0.015  pg -0.0075  v 0.010  adv_std 0.145  tR +0.64  ent[s/d/p/e] 0.61/1.85/1.72/0.34  emits 2.30  clip 0.17  kl +0.010
upd 1303  steps 21364736  sps 5356  opp frzn  loss -0.016  pg -0.0076  v 0.006  adv_std 0.118  tR +0.68  ent[s/d/p/e] 0.61/1.77/1.73/0.32  emits 2.15  clip 0.15  kl +0.008
upd 1304  steps 21381120  sps 5356  opp frzn  loss -0.016  pg -0.0077  v 0.007  adv_std 0.127  tR +0.67  ent[s/d/p/e] 0.59/1.82/1.72/0.31  emits 2.27  clip 0.18  kl +0.010
upd 1305  steps 21397504  sps 5357  opp rand  loss -0.016  pg -0.0085  v 0.007  adv_std 0.127  tR +0.73  ent[s/d/p/e] 0.52/1.80/1.70/0.30  emits 2.31  clip 0.15  kl +0.008
upd 1306  steps 21413888  sps 5358  opp rand  loss -0.016  pg -0.0081  v 0.008  adv_std 0.129  tR +0.77  ent[s/d/p/e] 0.55/1.89/1.70/0.29  emits 2.41  clip 0.14  kl +0.008
upd 1307  steps 21430272  sps 5358  opp frzn  loss -0.016  pg -0.0086  v 0.010  adv_std 0.151  tR +0.56  ent[s/d/p/e] 0.62/1.83/1.71/0.30  emits 2.31  clip 0.16  kl +0.010
upd 1308  steps 21446656  sps 5359  opp rand  loss -0.016  pg -0.0082  v 0.008  adv_std 0.128  tR +0.63  ent[s/d/p/e] 0.57/1.79/1.72/0.31  emits 2.20  clip 0.14  kl +0.009
upd 1309  steps 21463040  sps 5360  opp frzn  loss -0.017  pg -0.0094  v 0.009  adv_std 0.142  tR +0.64  ent[s/d/p/e] 0.60/1.82/1.72/0.32  emits 2.38  clip 0.15  kl +0.008
upd 1310  steps 21479424  sps 5360  opp frzn  loss -0.017  pg -0.0089  v 0.007  adv_std 0.129  tR +0.66  ent[s/d/p/e] 0.62/1.84/1.73/0.33  emits 2.48  clip 0.17  kl +0.011
upd 1311  steps 21495808  sps 5361  opp rand  loss -0.016  pg -0.0073  v 0.006  adv_std 0.118  tR +0.69  ent[s/d/p/e] 0.57/1.79/1.71/0.33  emits 2.22  clip 0.16  kl +0.007
upd 1312  steps 21512192  sps 5361  opp rand  loss -0.016  pg -0.0084  v 0.007  adv_std 0.128  tR +0.68  ent[s/d/p/e] 0.53/1.80/1.69/0.31  emits 2.27  clip 0.17  kl +0.010
upd 1313  steps 21528576  sps 5362  opp frzn  loss -0.016  pg -0.0079  v 0.006  adv_std 0.115  tR +0.73  ent[s/d/p/e] 0.59/1.79/1.71/0.33  emits 2.25  clip 0.15  kl +0.008
upd 1314  steps 21544960  sps 5362  opp frzn  loss -0.016  pg -0.0079  v 0.007  adv_std 0.127  tR +0.62  ent[s/d/p/e] 0.60/1.81/1.71/0.32  emits 2.44  clip 0.19  kl +0.011
upd 1315  steps 21561344  sps 5363  opp rand  loss -0.017  pg -0.0085  v 0.007  adv_std 0.124  tR +0.75  ent[s/d/p/e] 0.59/1.81/1.69/0.32  emits 2.29  clip 0.17  kl +0.009
upd 1316  steps 21577728  sps 5364  opp rand  loss -0.016  pg -0.0074  v 0.008  adv_std 0.129  tR +0.75  ent[s/d/p/e] 0.63/1.76/1.71/0.35  emits 2.24  clip 0.17  kl +0.010
upd 1317  steps 21594112  sps 5364  opp frzn  loss -0.017  pg -0.0086  v 0.008  adv_std 0.128  tR +0.68  ent[s/d/p/e] 0.62/1.84/1.69/0.31  emits 2.55  clip 0.16  kl +0.010
upd 1318  steps 21610496  sps 5365  opp frzn  loss -0.015  pg -0.0074  v 0.009  adv_std 0.138  tR +0.59  ent[s/d/p/e] 0.58/1.79/1.70/0.31  emits 2.38  clip 0.16  kl +0.011
upd 1319  steps 21626880  sps 5366  opp rand  loss -0.016  pg -0.0081  v 0.010  adv_std 0.144  tR +0.72  ent[s/d/p/e] 0.60/1.78/1.69/0.34  emits 2.29  clip 0.16  kl +0.009
upd 1320  steps 21643264  sps 5366  opp rand  loss -0.017  pg -0.0090  v 0.007  adv_std 0.123  tR +0.73  ent[s/d/p/e] 0.60/1.84/1.69/0.32  emits 2.36  clip 0.16  kl +0.006
upd 1321  steps 21659648  sps 5367  opp rand  loss -0.016  pg -0.0072  v 0.006  adv_std 0.116  tR +0.75  ent[s/d/p/e] 0.59/1.81/1.69/0.33  emits 2.39  clip 0.16  kl +0.009
upd 1322  steps 21676032  sps 5367  opp frzn  loss -0.016  pg -0.0082  v 0.010  adv_std 0.148  tR +0.65  ent[s/d/p/e] 0.62/1.84/1.69/0.33  emits 2.50  clip 0.17  kl +0.010
upd 1323  steps 21692416  sps 5368  opp rand  loss -0.015  pg -0.0069  v 0.007  adv_std 0.124  tR +0.61  ent[s/d/p/e] 0.59/1.85/1.68/0.32  emits 2.41  clip 0.18  kl +0.009
upd 1324  steps 21708800  sps 5369  opp rand  loss -0.017  pg -0.0093  v 0.009  adv_std 0.138  tR +0.69  ent[s/d/p/e] 0.62/1.85/1.69/0.32  emits 2.36  clip 0.14  kl +0.009 WRr 0.91 WRf 0.91
upd 1325  steps 21725184  sps 5355  opp frzn  loss -0.016  pg -0.0073  v 0.007  adv_std 0.125  tR +0.65  ent[s/d/p/e] 0.64/1.84/1.71/0.34  emits 2.37  clip 0.19  kl +0.012
upd 1326  steps 21741568  sps 5356  opp rand  loss -0.016  pg -0.0077  v 0.008  adv_std 0.132  tR +0.71  ent[s/d/p/e] 0.59/1.85/1.68/0.32  emits 2.35  clip 0.17  kl +0.010
upd 1327  steps 21757952  sps 5356  opp frzn  loss -0.016  pg -0.0084  v 0.009  adv_std 0.138  tR +0.66  ent[s/d/p/e] 0.63/1.93/1.67/0.31  emits 2.61  clip 0.17  kl +0.009
upd 1328  steps 21774336  sps 5357  opp frzn  loss -0.017  pg -0.0096  v 0.010  adv_std 0.150  tR +0.51  ent[s/d/p/e] 0.63/1.89/1.67/0.31  emits 2.63  clip 0.18  kl +0.011
upd 1329  steps 21790720  sps 5358  opp rand  loss -0.017  pg -0.0086  v 0.009  adv_std 0.136  tR +0.61  ent[s/d/p/e] 0.62/1.87/1.68/0.32  emits 2.41  clip 0.19  kl +0.009
upd 1330  steps 21807104  sps 5358  opp rand  loss -0.017  pg -0.0086  v 0.007  adv_std 0.125  tR +0.72  ent[s/d/p/e] 0.57/1.85/1.68/0.31  emits 2.49  clip 0.16  kl +0.008
upd 1331  steps 21823488  sps 5359  opp rand  loss -0.016  pg -0.0076  v 0.008  adv_std 0.128  tR +0.71  ent[s/d/p/e] 0.60/1.85/1.68/0.32  emits 2.40  clip 0.17  kl +0.009
upd 1332  steps 21839872  sps 5360  opp rand  loss -0.016  pg -0.0073  v 0.007  adv_std 0.120  tR +0.77  ent[s/d/p/e] 0.64/1.90/1.68/0.32  emits 2.55  clip 0.17  kl +0.010
upd 1333  steps 21856256  sps 5360  opp rand  loss -0.016  pg -0.0082  v 0.007  adv_std 0.128  tR +0.67  ent[s/d/p/e] 0.57/1.87/1.67/0.29  emits 2.48  clip 0.16  kl +0.009
upd 1334  steps 21872640  sps 5361  opp frzn  loss -0.017  pg -0.0080  v 0.006  adv_std 0.118  tR +0.62  ent[s/d/p/e] 0.69/1.86/1.69/0.33  emits 2.55  clip 0.17  kl +0.011
upd 1335  steps 21889024  sps 5361  opp frzn  loss -0.016  pg -0.0070  v 0.005  adv_std 0.101  tR +0.68  ent[s/d/p/e] 0.63/1.88/1.68/0.33  emits 2.58  clip 0.17  kl +0.007
upd 1336  steps 21905408  sps 5362  opp frzn  loss -0.016  pg -0.0086  v 0.009  adv_std 0.136  tR +0.52  ent[s/d/p/e] 0.57/1.88/1.65/0.29  emits 2.63  clip 0.18  kl +0.010
upd 1337  steps 21921792  sps 5363  opp rand  loss -0.015  pg -0.0063  v 0.006  adv_std 0.118  tR +0.70  ent[s/d/p/e] 0.62/1.86/1.68/0.32  emits 2.41  clip 0.16  kl +0.009
upd 1338  steps 21938176  sps 5363  opp rand  loss -0.016  pg -0.0079  v 0.008  adv_std 0.130  tR +0.70  ent[s/d/p/e] 0.62/1.84/1.69/0.32  emits 2.47  clip 0.17  kl +0.009
upd 1339  steps 21954560  sps 5364  opp frzn  loss -0.017  pg -0.0086  v 0.007  adv_std 0.121  tR +0.63  ent[s/d/p/e] 0.65/1.89/1.68/0.30  emits 2.45  clip 0.16  kl +0.009
upd 1340  steps 21970944  sps 5364  opp rand  loss -0.016  pg -0.0074  v 0.005  adv_std 0.104  tR +0.84  ent[s/d/p/e] 0.61/1.81/1.69/0.35  emits 2.33  clip 0.17  kl +0.009
upd 1341  steps 21987328  sps 5365  opp rand  loss -0.015  pg -0.0072  v 0.008  adv_std 0.131  tR +0.77  ent[s/d/p/e] 0.55/1.84/1.67/0.32  emits 2.52  clip 0.17  kl +0.009
upd 1342  steps 22003712  sps 5366  opp rand  loss -0.016  pg -0.0078  v 0.008  adv_std 0.133  tR +0.73  ent[s/d/p/e] 0.59/1.89/1.68/0.30  emits 2.59  clip 0.17  kl +0.009
upd 1343  steps 22020096  sps 5367  opp rand  loss -0.016  pg -0.0075  v 0.006  adv_std 0.116  tR +0.66  ent[s/d/p/e] 0.65/1.85/1.69/0.31  emits 2.58  clip 0.16  kl +0.010
upd 1344  steps 22036480  sps 5367  opp frzn  loss -0.016  pg -0.0075  v 0.007  adv_std 0.125  tR +0.70  ent[s/d/p/e] 0.65/1.86/1.69/0.33  emits 2.51  clip 0.17  kl +0.009
upd 1345  steps 22052864  sps 5368  opp rand  loss -0.017  pg -0.0081  v 0.005  adv_std 0.106  tR +0.79  ent[s/d/p/e] 0.62/1.87/1.68/0.32  emits 2.45  clip 0.16  kl +0.009
upd 1346  steps 22069248  sps 5368  opp frzn  loss -0.016  pg -0.0083  v 0.010  adv_std 0.146  tR +0.60  ent[s/d/p/e] 0.58/1.88/1.68/0.32  emits 2.49  clip 0.18  kl +0.011
upd 1347  steps 22085632  sps 5369  opp rand  loss -0.017  pg -0.0088  v 0.008  adv_std 0.131  tR +0.64  ent[s/d/p/e] 0.63/1.88/1.66/0.29  emits 2.56  clip 0.19  kl +0.011
upd 1348  steps 22102016  sps 5369  opp frzn  loss -0.016  pg -0.0072  v 0.007  adv_std 0.124  tR +0.68  ent[s/d/p/e] 0.62/1.84/1.68/0.34  emits 2.34  clip 0.16  kl +0.011
upd 1349  steps 22118400  sps 5370  opp frzn  loss -0.016  pg -0.0079  v 0.008  adv_std 0.130  tR +0.67  ent[s/d/p/e] 0.60/1.84/1.68/0.34  emits 2.30  clip 0.16  kl +0.008 WRr 0.91 WRf 0.88
upd 1350  steps 22134784  sps 5357  opp rand  loss -0.017  pg -0.0087  v 0.007  adv_std 0.120  tR +0.67  ent[s/d/p/e] 0.62/1.84/1.68/0.30  emits 2.57  clip 0.15  kl +0.008
upd 1351  steps 22151168  sps 5358  opp frzn  loss -0.015  pg -0.0071  v 0.008  adv_std 0.134  tR +0.64  ent[s/d/p/e] 0.61/1.82/1.69/0.34  emits 2.36  clip 0.18  kl +0.010
upd 1352  steps 22167552  sps 5358  opp frzn  loss -0.015  pg -0.0067  v 0.009  adv_std 0.138  tR +0.68  ent[s/d/p/e] 0.62/1.90/1.68/0.32  emits 2.39  clip 0.18  kl +0.009
upd 1353  steps 22183936  sps 5359  opp rand  loss -0.014  pg -0.0060  v 0.006  adv_std 0.118  tR +0.72  ent[s/d/p/e] 0.61/1.87/1.67/0.29  emits 2.50  clip 0.18  kl +0.009
upd 1354  steps 22200320  sps 5360  opp rand  loss -0.017  pg -0.0085  v 0.007  adv_std 0.121  tR +0.78  ent[s/d/p/e] 0.62/1.87/1.67/0.31  emits 2.41  clip 0.17  kl +0.008
upd 1355  steps 22216704  sps 5360  opp frzn  loss -0.016  pg -0.0074  v 0.006  adv_std 0.117  tR +0.64  ent[s/d/p/e] 0.59/1.85/1.68/0.33  emits 2.39  clip 0.17  kl +0.012
upd 1356  steps 22233088  sps 5361  opp frzn  loss -0.017  pg -0.0082  v 0.006  adv_std 0.119  tR +0.66  ent[s/d/p/e] 0.65/1.83/1.68/0.36  emits 2.25  clip 0.17  kl +0.011
upd 1357  steps 22249472  sps 5361  opp frzn  loss -0.016  pg -0.0085  v 0.009  adv_std 0.144  tR +0.66  ent[s/d/p/e] 0.61/1.93/1.67/0.31  emits 2.69  clip 0.14  kl +0.008
upd 1358  steps 22265856  sps 5362  opp rand  loss -0.016  pg -0.0078  v 0.007  adv_std 0.120  tR +0.71  ent[s/d/p/e] 0.57/1.88/1.67/0.29  emits 2.73  clip 0.16  kl +0.009
upd 1359  steps 22282240  sps 5362  opp rand  loss -0.017  pg -0.0084  v 0.007  adv_std 0.126  tR +0.73  ent[s/d/p/e] 0.67/1.89/1.67/0.32  emits 2.58  clip 0.18  kl +0.009
upd 1360  steps 22298624  sps 5363  opp frzn  loss -0.016  pg -0.0079  v 0.007  adv_std 0.127  tR +0.69  ent[s/d/p/e] 0.61/1.95/1.68/0.28  emits 2.82  clip 0.16  kl +0.009
upd 1361  steps 22315008  sps 5364  opp rand  loss -0.016  pg -0.0077  v 0.006  adv_std 0.113  tR +0.67  ent[s/d/p/e] 0.61/1.91/1.69/0.28  emits 2.76  clip 0.15  kl +0.009
upd 1362  steps 22331392  sps 5364  opp rand  loss -0.016  pg -0.0079  v 0.007  adv_std 0.124  tR +0.79  ent[s/d/p/e] 0.60/1.96/1.67/0.28  emits 2.82  clip 0.18  kl +0.009
upd 1363  steps 22347776  sps 5365  opp rand  loss -0.016  pg -0.0078  v 0.005  adv_std 0.105  tR +0.78  ent[s/d/p/e] 0.61/1.91/1.68/0.30  emits 2.77  clip 0.18  kl +0.008
upd 1364  steps 22364160  sps 5366  opp rand  loss -0.016  pg -0.0074  v 0.007  adv_std 0.119  tR +0.73  ent[s/d/p/e] 0.64/1.94/1.67/0.30  emits 2.80  clip 0.16  kl +0.007
upd 1365  steps 22380544  sps 5366  opp rand  loss -0.017  pg -0.0082  v 0.005  adv_std 0.103  tR +0.77  ent[s/d/p/e] 0.62/1.92/1.67/0.33  emits 2.68  clip 0.18  kl +0.010
upd 1366  steps 22396928  sps 5367  opp frzn  loss -0.016  pg -0.0074  v 0.007  adv_std 0.123  tR +0.65  ent[s/d/p/e] 0.66/1.92/1.67/0.34  emits 2.48  clip 0.16  kl +0.009
upd 1367  steps 22413312  sps 5367  opp rand  loss -0.014  pg -0.0060  v 0.007  adv_std 0.122  tR +0.78  ent[s/d/p/e] 0.65/1.89/1.67/0.33  emits 2.54  clip 0.17  kl +0.008
upd 1368  steps 22429696  sps 5368  opp rand  loss -0.017  pg -0.0087  v 0.005  adv_std 0.110  tR +0.71  ent[s/d/p/e] 0.56/1.89/1.65/0.29  emits 2.58  clip 0.19  kl +0.009
upd 1369  steps 22446080  sps 5369  opp frzn  loss -0.015  pg -0.0070  v 0.009  adv_std 0.139  tR +0.57  ent[s/d/p/e] 0.60/1.95/1.66/0.30  emits 2.67  clip 0.18  kl +0.008
upd 1370  steps 22462464  sps 5369  opp frzn  loss -0.017  pg -0.0099  v 0.010  adv_std 0.145  tR +0.55  ent[s/d/p/e] 0.56/1.96/1.65/0.29  emits 2.89  clip 0.18  kl +0.012
upd 1371  steps 22478848  sps 5370  opp frzn  loss -0.016  pg -0.0079  v 0.009  adv_std 0.140  tR +0.57  ent[s/d/p/e] 0.58/1.95/1.67/0.29  emits 2.81  clip 0.17  kl +0.010
upd 1372  steps 22495232  sps 5370  opp frzn  loss -0.016  pg -0.0085  v 0.008  adv_std 0.136  tR +0.62  ent[s/d/p/e] 0.60/1.96/1.66/0.30  emits 2.69  clip 0.18  kl +0.009
upd 1373  steps 22511616  sps 5371  opp rand  loss -0.015  pg -0.0068  v 0.006  adv_std 0.117  tR +0.71  ent[s/d/p/e] 0.59/1.89/1.65/0.28  emits 2.60  clip 0.16  kl +0.008
upd 1374  steps 22528000  sps 5371  opp frzn  loss -0.016  pg -0.0079  v 0.009  adv_std 0.143  tR +0.63  ent[s/d/p/e] 0.61/1.96/1.66/0.31  emits 2.61  clip 0.16  kl +0.009 WRr 0.84 WRf 0.81
upd 1375  steps 22544384  sps 5360  opp rand  loss -0.015  pg -0.0069  v 0.007  adv_std 0.120  tR +0.77  ent[s/d/p/e] 0.61/1.95/1.66/0.30  emits 2.66  clip 0.16  kl +0.009
upd 1376  steps 22560768  sps 5361  opp rand  loss -0.017  pg -0.0091  v 0.007  adv_std 0.128  tR +0.70  ent[s/d/p/e] 0.63/1.91/1.67/0.30  emits 2.55  clip 0.16  kl +0.010
upd 1377  steps 22577152  sps 5361  opp rand  loss -0.016  pg -0.0075  v 0.006  adv_std 0.114  tR +0.75  ent[s/d/p/e] 0.60/1.93/1.64/0.28  emits 2.64  clip 0.18  kl +0.011
upd 1378  steps 22593536  sps 5362  opp frzn  loss -0.017  pg -0.0086  v 0.005  adv_std 0.104  tR +0.75  ent[s/d/p/e] 0.62/1.90/1.67/0.33  emits 2.53  clip 0.17  kl +0.010
upd 1379  steps 22609920  sps 5362  opp frzn  loss -0.017  pg -0.0087  v 0.009  adv_std 0.142  tR +0.62  ent[s/d/p/e] 0.68/1.98/1.66/0.29  emits 2.93  clip 0.19  kl +0.010
upd 1380  steps 22626304  sps 5363  opp frzn  loss -0.015  pg -0.0074  v 0.008  adv_std 0.133  tR +0.65  ent[s/d/p/e] 0.62/1.96/1.67/0.29  emits 2.82  clip 0.19  kl +0.011
upd 1381  steps 22642688  sps 5363  opp rand  loss -0.016  pg -0.0075  v 0.008  adv_std 0.132  tR +0.76  ent[s/d/p/e] 0.67/1.87/1.64/0.30  emits 2.46  clip 0.17  kl +0.009
upd 1382  steps 22659072  sps 5364  opp rand  loss -0.015  pg -0.0076  v 0.010  adv_std 0.144  tR +0.73  ent[s/d/p/e] 0.62/1.93/1.61/0.28  emits 2.58  clip 0.18  kl +0.012
upd 1383  steps 22675456  sps 5365  opp rand  loss -0.014  pg -0.0063  v 0.006  adv_std 0.116  tR +0.73  ent[s/d/p/e] 0.59/1.88/1.62/0.26  emits 2.64  clip 0.17  kl +0.009
upd 1384  steps 22691840  sps 5365  opp frzn  loss -0.015  pg -0.0062  v 0.006  adv_std 0.120  tR +0.65  ent[s/d/p/e] 0.64/1.95/1.66/0.31  emits 2.70  clip 0.17  kl +0.009
upd 1385  steps 22708224  sps 5366  opp rand  loss -0.016  pg -0.0075  v 0.006  adv_std 0.115  tR +0.77  ent[s/d/p/e] 0.64/1.87/1.63/0.32  emits 2.49  clip 0.15  kl +0.006
upd 1386  steps 22724608  sps 5367  opp rand  loss -0.017  pg -0.0087  v 0.006  adv_std 0.113  tR +0.66  ent[s/d/p/e] 0.62/1.86/1.60/0.31  emits 2.37  clip 0.18  kl +0.010
upd 1387  steps 22740992  sps 5367  opp frzn  loss -0.016  pg -0.0071  v 0.007  adv_std 0.122  tR +0.66  ent[s/d/p/e] 0.68/1.90/1.64/0.32  emits 2.55  clip 0.18  kl +0.011
upd 1388  steps 22757376  sps 5368  opp rand  loss -0.015  pg -0.0068  v 0.006  adv_std 0.113  tR +0.73  ent[s/d/p/e] 0.64/1.85/1.60/0.29  emits 2.40  clip 0.17  kl +0.010
upd 1389  steps 22773760  sps 5368  opp frzn  loss -0.016  pg -0.0086  v 0.010  adv_std 0.147  tR +0.64  ent[s/d/p/e] 0.63/1.87/1.63/0.31  emits 2.60  clip 0.17  kl +0.009
upd 1390  steps 22790144  sps 5369  opp rand  loss -0.015  pg -0.0072  v 0.008  adv_std 0.129  tR +0.67  ent[s/d/p/e] 0.63/1.88/1.59/0.27  emits 2.57  clip 0.17  kl +0.008
upd 1391  steps 22806528  sps 5369  opp rand  loss -0.015  pg -0.0069  v 0.006  adv_std 0.116  tR +0.75  ent[s/d/p/e] 0.66/1.90/1.61/0.28  emits 2.44  clip 0.17  kl +0.009
upd 1392  steps 22822912  sps 5370  opp frzn  loss -0.016  pg -0.0084  v 0.009  adv_std 0.144  tR +0.63  ent[s/d/p/e] 0.69/1.89/1.64/0.33  emits 2.54  clip 0.18  kl +0.010
upd 1393  steps 22839296  sps 5371  opp rand  loss -0.016  pg -0.0076  v 0.005  adv_std 0.101  tR +0.76  ent[s/d/p/e] 0.65/1.80/1.63/0.34  emits 2.28  clip 0.15  kl +0.007
upd 1394  steps 22855680  sps 5371  opp frzn  loss -0.018  pg -0.0099  v 0.007  adv_std 0.126  tR +0.63  ent[s/d/p/e] 0.64/1.91/1.65/0.32  emits 2.60  clip 0.20  kl +0.011
upd 1395  steps 22872064  sps 5372  opp rand  loss -0.015  pg -0.0077  v 0.011  adv_std 0.155  tR +0.66  ent[s/d/p/e] 0.61/1.85/1.63/0.28  emits 2.47  clip 0.19  kl +0.011
upd 1396  steps 22888448  sps 5372  opp rand  loss -0.016  pg -0.0080  v 0.005  adv_std 0.107  tR +0.75  ent[s/d/p/e] 0.62/1.86/1.62/0.29  emits 2.53  clip 0.17  kl +0.010
upd 1397  steps 22904832  sps 5373  opp rand  loss -0.016  pg -0.0080  v 0.005  adv_std 0.109  tR +0.75  ent[s/d/p/e] 0.64/1.86/1.61/0.30  emits 2.35  clip 0.18  kl +0.010
upd 1398  steps 22921216  sps 5374  opp frzn  loss -0.017  pg -0.0088  v 0.005  adv_std 0.110  tR +0.74  ent[s/d/p/e] 0.66/1.84/1.64/0.32  emits 2.57  clip 0.18  kl +0.011
upd 1399  steps 22937600  sps 5374  opp frzn  loss -0.016  pg -0.0083  v 0.011  adv_std 0.154  tR +0.57  ent[s/d/p/e] 0.65/1.88/1.64/0.32  emits 2.58  clip 0.17  kl +0.009 WRr 0.91 WRf 0.78
upd 1400  steps 22953984  sps 5362  opp frzn  loss -0.016  pg -0.0081  v 0.010  adv_std 0.149  tR +0.55  ent[s/d/p/e] 0.68/1.88/1.64/0.30  emits 2.48  clip 0.16  kl +0.010
upd 1401  steps 22970368  sps 5363  opp frzn  loss -0.016  pg -0.0082  v 0.008  adv_std 0.134  tR +0.64  ent[s/d/p/e] 0.66/1.86/1.65/0.34  emits 2.44  clip 0.19  kl +0.013
upd 1402  steps 22986752  sps 5363  opp frzn  loss -0.017  pg -0.0086  v 0.007  adv_std 0.125  tR +0.66  ent[s/d/p/e] 0.66/1.89/1.66/0.33  emits 2.33  clip 0.16  kl +0.011
upd 1403  steps 23003136  sps 5364  opp rand  loss -0.015  pg -0.0067  v 0.007  adv_std 0.120  tR +0.70  ent[s/d/p/e] 0.64/1.86/1.66/0.31  emits 2.38  clip 0.15  kl +0.009
upd 1404  steps 23019520  sps 5365  opp rand  loss -0.016  pg -0.0072  v 0.007  adv_std 0.122  tR +0.67  ent[s/d/p/e] 0.67/1.88/1.65/0.30  emits 2.39  clip 0.15  kl +0.006
upd 1405  steps 23035904  sps 5365  opp rand  loss -0.015  pg -0.0067  v 0.007  adv_std 0.126  tR +0.74  ent[s/d/p/e] 0.66/1.90/1.65/0.28  emits 2.53  clip 0.16  kl +0.008
upd 1406  steps 23052288  sps 5366  opp frzn  loss -0.016  pg -0.0081  v 0.009  adv_std 0.138  tR +0.63  ent[s/d/p/e] 0.64/1.91/1.66/0.29  emits 2.61  clip 0.19  kl +0.011
upd 1407  steps 23068672  sps 5366  opp frzn  loss -0.015  pg -0.0068  v 0.010  adv_std 0.149  tR +0.56  ent[s/d/p/e] 0.71/1.91/1.65/0.31  emits 2.59  clip 0.16  kl +0.009
upd 1408  steps 23085056  sps 5367  opp frzn  loss -0.016  pg -0.0081  v 0.010  adv_std 0.147  tR +0.57  ent[s/d/p/e] 0.67/1.91/1.66/0.32  emits 2.66  clip 0.18  kl +0.010
upd 1409  steps 23101440  sps 5367  opp frzn  loss -0.016  pg -0.0079  v 0.009  adv_std 0.140  tR +0.68  ent[s/d/p/e] 0.65/1.90/1.65/0.29  emits 2.54  clip 0.16  kl +0.009
upd 1410  steps 23117824  sps 5368  opp rand  loss -0.016  pg -0.0080  v 0.007  adv_std 0.126  tR +0.72  ent[s/d/p/e] 0.70/1.87/1.66/0.31  emits 2.54  clip 0.16  kl +0.009
upd 1411  steps 23134208  sps 5368  opp frzn  loss -0.017  pg -0.0086  v 0.008  adv_std 0.131  tR +0.69  ent[s/d/p/e] 0.69/1.87/1.65/0.31  emits 2.52  clip 0.16  kl +0.009
upd 1412  steps 23150592  sps 5369  opp rand  loss -0.016  pg -0.0086  v 0.008  adv_std 0.135  tR +0.64  ent[s/d/p/e] 0.61/1.86/1.64/0.31  emits 2.48  clip 0.15  kl +0.007
upd 1413  steps 23166976  sps 5370  opp rand  loss -0.015  pg -0.0068  v 0.007  adv_std 0.119  tR +0.72  ent[s/d/p/e] 0.64/1.85/1.64/0.30  emits 2.37  clip 0.16  kl +0.008
upd 1414  steps 23183360  sps 5370  opp rand  loss -0.014  pg -0.0060  v 0.006  adv_std 0.115  tR +0.72  ent[s/d/p/e] 0.58/1.86/1.66/0.32  emits 2.29  clip 0.16  kl +0.010
upd 1415  steps 23199744  sps 5371  opp frzn  loss -0.016  pg -0.0079  v 0.009  adv_std 0.141  tR +0.67  ent[s/d/p/e] 0.72/1.84/1.67/0.34  emits 2.44  clip 0.18  kl +0.009
upd 1416  steps 23216128  sps 5371  opp frzn  loss -0.016  pg -0.0072  v 0.007  adv_std 0.125  tR +0.65  ent[s/d/p/e] 0.64/1.86/1.67/0.32  emits 2.56  clip 0.17  kl +0.011
upd 1417  steps 23232512  sps 5372  opp frzn  loss -0.015  pg -0.0078  v 0.010  adv_std 0.149  tR +0.57  ent[s/d/p/e] 0.63/1.91/1.67/0.29  emits 2.74  clip 0.17  kl +0.010
upd 1418  steps 23248896  sps 5372  opp rand  loss -0.016  pg -0.0081  v 0.009  adv_std 0.144  tR +0.69  ent[s/d/p/e] 0.59/1.82/1.66/0.31  emits 2.43  clip 0.17  kl +0.009
upd 1419  steps 23265280  sps 5373  opp frzn  loss -0.014  pg -0.0062  v 0.008  adv_std 0.129  tR +0.67  ent[s/d/p/e] 0.66/1.83/1.67/0.34  emits 2.38  clip 0.15  kl +0.009
upd 1420  steps 23281664  sps 5373  opp frzn  loss -0.016  pg -0.0077  v 0.007  adv_std 0.129  tR +0.65  ent[s/d/p/e] 0.63/1.87/1.69/0.34  emits 2.55  clip 0.16  kl +0.011
upd 1421  steps 23298048  sps 5374  opp rand  loss -0.016  pg -0.0072  v 0.007  adv_std 0.124  tR +0.69  ent[s/d/p/e] 0.70/1.83/1.67/0.33  emits 2.43  clip 0.17  kl +0.009
upd 1422  steps 23314432  sps 5375  opp rand  loss -0.016  pg -0.0072  v 0.007  adv_std 0.124  tR +0.78  ent[s/d/p/e] 0.71/1.83/1.66/0.33  emits 2.48  clip 0.16  kl +0.009
upd 1423  steps 23330816  sps 5375  opp frzn  loss -0.016  pg -0.0077  v 0.008  adv_std 0.127  tR +0.62  ent[s/d/p/e] 0.65/1.87/1.68/0.33  emits 2.80  clip 0.17  kl +0.010
upd 1424  steps 23347200  sps 5376  opp rand  loss -0.014  pg -0.0059  v 0.009  adv_std 0.140  tR +0.71  ent[s/d/p/e] 0.61/1.83/1.67/0.33  emits 2.44  clip 0.16  kl +0.008 WRr 0.84 WRf 0.94
upd 1425  steps 23363584  sps 5365  opp frzn  loss -0.019  pg -0.0101  v 0.007  adv_std 0.124  tR +0.64  ent[s/d/p/e] 0.67/1.87/1.67/0.34  emits 2.56  clip 0.16  kl +0.009
upd 1426  steps 23379968  sps 5365  opp frzn  loss -0.017  pg -0.0087  v 0.007  adv_std 0.128  tR +0.61  ent[s/d/p/e] 0.67/1.86/1.68/0.33  emits 2.57  clip 0.16  kl +0.010
upd 1427  steps 23396352  sps 5366  opp rand  loss -0.016  pg -0.0079  v 0.008  adv_std 0.134  tR +0.73  ent[s/d/p/e] 0.66/1.86/1.67/0.33  emits 2.53  clip 0.15  kl +0.008
upd 1428  steps 23412736  sps 5366  opp frzn  loss -0.016  pg -0.0075  v 0.009  adv_std 0.137  tR +0.68  ent[s/d/p/e] 0.68/1.88/1.67/0.33  emits 2.64  clip 0.17  kl +0.010
upd 1429  steps 23429120  sps 5367  opp frzn  loss -0.016  pg -0.0080  v 0.010  adv_std 0.146  tR +0.58  ent[s/d/p/e] 0.62/1.90/1.66/0.30  emits 2.71  clip 0.17  kl +0.010
upd 1430  steps 23445504  sps 5367  opp frzn  loss -0.016  pg -0.0086  v 0.009  adv_std 0.145  tR +0.55  ent[s/d/p/e] 0.66/1.90/1.67/0.30  emits 2.83  clip 0.16  kl +0.007
upd 1431  steps 23461888  sps 5368  opp rand  loss -0.016  pg -0.0078  v 0.009  adv_std 0.141  tR +0.71  ent[s/d/p/e] 0.61/1.87/1.65/0.31  emits 2.53  clip 0.15  kl +0.008
upd 1432  steps 23478272  sps 5369  opp rand  loss -0.014  pg -0.0062  v 0.008  adv_std 0.130  tR +0.66  ent[s/d/p/e] 0.66/1.87/1.65/0.32  emits 2.56  clip 0.17  kl +0.010
upd 1433  steps 23494656  sps 5369  opp frzn  loss -0.015  pg -0.0069  v 0.007  adv_std 0.124  tR +0.59  ent[s/d/p/e] 0.63/1.88/1.67/0.33  emits 2.62  clip 0.17  kl +0.011
upd 1434  steps 23511040  sps 5370  opp rand  loss -0.017  pg -0.0082  v 0.007  adv_std 0.127  tR +0.65  ent[s/d/p/e] 0.67/1.86/1.66/0.32  emits 2.64  clip 0.16  kl +0.008
upd 1435  steps 23527424  sps 5370  opp rand  loss -0.017  pg -0.0078  v 0.006  adv_std 0.117  tR +0.69  ent[s/d/p/e] 0.71/1.88/1.68/0.33  emits 2.70  clip 0.17  kl +0.010
upd 1436  steps 23543808  sps 5371  opp rand  loss -0.017  pg -0.0081  v 0.008  adv_std 0.130  tR +0.74  ent[s/d/p/e] 0.74/1.86/1.67/0.33  emits 2.51  clip 0.17  kl +0.010
upd 1437  steps 23560192  sps 5371  opp frzn  loss -0.015  pg -0.0064  v 0.006  adv_std 0.117  tR +0.72  ent[s/d/p/e] 0.68/1.90/1.68/0.32  emits 2.68  clip 0.19  kl +0.010
upd 1438  steps 23576576  sps 5372  opp rand  loss -0.016  pg -0.0077  v 0.005  adv_std 0.108  tR +0.76  ent[s/d/p/e] 0.65/1.86/1.65/0.31  emits 2.66  clip 0.17  kl +0.009
upd 1439  steps 23592960  sps 5373  opp frzn  loss -0.015  pg -0.0070  v 0.009  adv_std 0.143  tR +0.62  ent[s/d/p/e] 0.64/1.87/1.70/0.35  emits 2.48  clip 0.19  kl +0.010
upd 1440  steps 23609344  sps 5373  opp rand  loss -0.016  pg -0.0072  v 0.007  adv_std 0.121  tR +0.75  ent[s/d/p/e] 0.65/1.87/1.68/0.32  emits 2.64  clip 0.16  kl +0.007
upd 1441  steps 23625728  sps 5374  opp frzn  loss -0.014  pg -0.0063  v 0.008  adv_std 0.131  tR +0.60  ent[s/d/p/e] 0.63/1.88/1.66/0.30  emits 2.72  clip 0.15  kl +0.008
upd 1442  steps 23642112  sps 5374  opp rand  loss -0.015  pg -0.0070  v 0.007  adv_std 0.122  tR +0.71  ent[s/d/p/e] 0.64/1.89/1.67/0.31  emits 2.79  clip 0.17  kl +0.008
upd 1443  steps 23658496  sps 5375  opp rand  loss -0.016  pg -0.0071  v 0.007  adv_std 0.123  tR +0.71  ent[s/d/p/e] 0.76/1.86/1.69/0.34  emits 2.61  clip 0.17  kl +0.010
upd 1444  steps 23674880  sps 5376  opp rand  loss -0.016  pg -0.0077  v 0.007  adv_std 0.121  tR +0.72  ent[s/d/p/e] 0.64/1.87/1.68/0.33  emits 2.57  clip 0.17  kl +0.009
upd 1445  steps 23691264  sps 5376  opp frzn  loss -0.018  pg -0.0092  v 0.009  adv_std 0.138  tR +0.61  ent[s/d/p/e] 0.74/1.89/1.68/0.33  emits 2.67  clip 0.17  kl +0.010
upd 1446  steps 23707648  sps 5377  opp rand  loss -0.015  pg -0.0069  v 0.009  adv_std 0.139  tR +0.68  ent[s/d/p/e] 0.69/1.90/1.67/0.31  emits 2.60  clip 0.19  kl +0.011
upd 1447  steps 23724032  sps 5377  opp frzn  loss -0.016  pg -0.0076  v 0.009  adv_std 0.141  tR +0.57  ent[s/d/p/e] 0.72/1.90/1.67/0.30  emits 2.80  clip 0.17  kl +0.011
upd 1448  steps 23740416  sps 5378  opp frzn  loss -0.016  pg -0.0074  v 0.006  adv_std 0.117  tR +0.64  ent[s/d/p/e] 0.73/1.86/1.70/0.34  emits 2.54  clip 0.18  kl +0.010
upd 1449  steps 23756800  sps 5378  opp rand  loss -0.017  pg -0.0081  v 0.007  adv_std 0.125  tR +0.78  ent[s/d/p/e] 0.76/1.85/1.70/0.35  emits 2.47  clip 0.19  kl +0.010 WRr 0.81 WRf 0.84
upd 1450  steps 23773184  sps 5368  opp rand  loss -0.014  pg -0.0056  v 0.009  adv_std 0.140  tR +0.71  ent[s/d/p/e] 0.69/1.88/1.68/0.31  emits 2.54  clip 0.16  kl +0.011
upd 1451  steps 23789568  sps 5368  opp frzn  loss -0.015  pg -0.0063  v 0.007  adv_std 0.126  tR +0.73  ent[s/d/p/e] 0.68/1.84/1.69/0.35  emits 2.44  clip 0.15  kl +0.010
upd 1452  steps 23805952  sps 5369  opp rand  loss -0.016  pg -0.0079  v 0.008  adv_std 0.129  tR +0.70  ent[s/d/p/e] 0.68/1.91/1.67/0.30  emits 2.61  clip 0.18  kl +0.009
upd 1453  steps 23822336  sps 5369  opp frzn  loss -0.016  pg -0.0077  v 0.010  adv_std 0.143  tR +0.61  ent[s/d/p/e] 0.66/1.88/1.68/0.32  emits 2.59  clip 0.15  kl +0.009
upd 1454  steps 23838720  sps 5370  opp rand  loss -0.015  pg -0.0067  v 0.009  adv_std 0.135  tR +0.70  ent[s/d/p/e] 0.72/1.86/1.67/0.33  emits 2.58  clip 0.19  kl +0.010
upd 1455  steps 23855104  sps 5370  opp frzn  loss -0.016  pg -0.0080  v 0.008  adv_std 0.133  tR +0.60  ent[s/d/p/e] 0.63/1.90/1.67/0.32  emits 2.67  clip 0.17  kl +0.010
upd 1456  steps 23871488  sps 5371  opp rand  loss -0.016  pg -0.0072  v 0.007  adv_std 0.121  tR +0.66  ent[s/d/p/e] 0.67/1.82/1.65/0.32  emits 2.28  clip 0.16  kl +0.008
upd 1457  steps 23887872  sps 5371  opp frzn  loss -0.018  pg -0.0094  v 0.006  adv_std 0.115  tR +0.65  ent[s/d/p/e] 0.69/1.89/1.67/0.34  emits 2.51  clip 0.16  kl +0.009
upd 1458  steps 23904256  sps 5372  opp rand  loss -0.017  pg -0.0081  v 0.007  adv_std 0.121  tR +0.69  ent[s/d/p/e] 0.68/1.83/1.65/0.35  emits 2.35  clip 0.15  kl +0.007
upd 1459  steps 23920640  sps 5373  opp rand  loss -0.018  pg -0.0092  v 0.005  adv_std 0.109  tR +0.73  ent[s/d/p/e] 0.72/1.88/1.64/0.32  emits 2.49  clip 0.16  kl +0.010
upd 1460  steps 23937024  sps 5373  opp rand  loss -0.016  pg -0.0073  v 0.005  adv_std 0.106  tR +0.74  ent[s/d/p/e] 0.64/1.84/1.65/0.34  emits 2.37  clip 0.16  kl +0.007
upd 1461  steps 23953408  sps 5374  opp frzn  loss -0.015  pg -0.0074  v 0.009  adv_std 0.139  tR +0.66  ent[s/d/p/e] 0.67/1.88/1.65/0.32  emits 2.62  clip 0.16  kl +0.009
upd 1462  steps 23969792  sps 5374  opp frzn  loss -0.016  pg -0.0074  v 0.009  adv_std 0.144  tR +0.62  ent[s/d/p/e] 0.71/1.87/1.65/0.34  emits 2.55  clip 0.15  kl +0.007
upd 1463  steps 23986176  sps 5375  opp frzn  loss -0.016  pg -0.0075  v 0.007  adv_std 0.121  tR +0.65  ent[s/d/p/e] 0.68/1.89/1.66/0.31  emits 2.70  clip 0.17  kl +0.009
upd 1464  steps 24002560  sps 5375  opp rand  loss -0.015  pg -0.0064  v 0.008  adv_std 0.129  tR +0.75  ent[s/d/p/e] 0.70/1.87/1.65/0.32  emits 2.50  clip 0.17  kl +0.009
upd 1465  steps 24018944  sps 5376  opp rand  loss -0.015  pg -0.0071  v 0.010  adv_std 0.145  tR +0.74  ent[s/d/p/e] 0.69/1.83/1.65/0.34  emits 2.41  clip 0.17  kl +0.010
upd 1466  steps 24035328  sps 5376  opp frzn  loss -0.016  pg -0.0075  v 0.007  adv_std 0.126  tR +0.67  ent[s/d/p/e] 0.70/1.87/1.65/0.31  emits 2.67  clip 0.16  kl +0.009
upd 1467  steps 24051712  sps 5377  opp rand  loss -0.015  pg -0.0062  v 0.007  adv_std 0.125  tR +0.68  ent[s/d/p/e] 0.68/1.88/1.64/0.31  emits 2.59  clip 0.16  kl +0.007
upd 1468  steps 24068096  sps 5377  opp frzn  loss -0.017  pg -0.0092  v 0.008  adv_std 0.138  tR +0.62  ent[s/d/p/e] 0.63/1.88/1.64/0.30  emits 2.70  clip 0.17  kl +0.009
upd 1469  steps 24084480  sps 5378  opp frzn  loss -0.017  pg -0.0077  v 0.005  adv_std 0.105  tR +0.73  ent[s/d/p/e] 0.68/1.87/1.66/0.33  emits 2.45  clip 0.14  kl +0.008
upd 1470  steps 24100864  sps 5378  opp frzn  loss -0.015  pg -0.0070  v 0.006  adv_std 0.119  tR +0.65  ent[s/d/p/e] 0.63/1.94/1.65/0.28  emits 2.94  clip 0.17  kl +0.009
upd 1471  steps 24117248  sps 5379  opp rand  loss -0.015  pg -0.0071  v 0.007  adv_std 0.127  tR +0.69  ent[s/d/p/e] 0.65/1.85/1.65/0.29  emits 2.55  clip 0.17  kl +0.011
upd 1472  steps 24133632  sps 5379  opp frzn  loss -0.016  pg -0.0073  v 0.007  adv_std 0.126  tR +0.69  ent[s/d/p/e] 0.68/1.89/1.63/0.29  emits 2.76  clip 0.16  kl +0.008
upd 1473  steps 24150016  sps 5380  opp frzn  loss -0.016  pg -0.0084  v 0.007  adv_std 0.124  tR +0.56  ent[s/d/p/e] 0.62/1.87/1.64/0.29  emits 2.53  clip 0.16  kl +0.009
upd 1474  steps 24166400  sps 5380  opp rand  loss -0.013  pg -0.0054  v 0.010  adv_std 0.148  tR +0.66  ent[s/d/p/e] 0.62/1.87/1.63/0.29  emits 2.49  clip 0.18  kl +0.011 WRr 0.81 WRf 0.91
upd 1475  steps 24182784  sps 5370  opp frzn  loss -0.016  pg -0.0083  v 0.008  adv_std 0.136  tR +0.62  ent[s/d/p/e] 0.59/1.88/1.63/0.28  emits 2.58  clip 0.15  kl +0.009
upd 1476  steps 24199168  sps 5370  opp rand  loss -0.016  pg -0.0079  v 0.007  adv_std 0.122  tR +0.74  ent[s/d/p/e] 0.63/1.83/1.66/0.30  emits 2.34  clip 0.16  kl +0.007
upd 1477  steps 24215552  sps 5371  opp frzn  loss -0.016  pg -0.0080  v 0.008  adv_std 0.131  tR +0.67  ent[s/d/p/e] 0.69/1.88/1.64/0.30  emits 2.53  clip 0.16  kl +0.010
upd 1478  steps 24231936  sps 5371  opp frzn  loss -0.016  pg -0.0075  v 0.007  adv_std 0.120  tR +0.67  ent[s/d/p/e] 0.58/1.82/1.65/0.29  emits 2.49  clip 0.17  kl +0.010
upd 1479  steps 24248320  sps 5372  opp frzn  loss -0.015  pg -0.0072  v 0.007  adv_std 0.123  tR +0.72  ent[s/d/p/e] 0.59/1.85/1.63/0.30  emits 2.40  clip 0.16  kl +0.010
upd 1480  steps 24264704  sps 5372  opp rand  loss -0.015  pg -0.0072  v 0.008  adv_std 0.126  tR +0.67  ent[s/d/p/e] 0.65/1.83/1.65/0.29  emits 2.52  clip 0.14  kl +0.007
upd 1481  steps 24281088  sps 5373  opp frzn  loss -0.015  pg -0.0072  v 0.007  adv_std 0.126  tR +0.59  ent[s/d/p/e] 0.56/1.89/1.64/0.24  emits 2.80  clip 0.19  kl +0.011
upd 1482  steps 24297472  sps 5373  opp rand  loss -0.016  pg -0.0080  v 0.007  adv_std 0.125  tR +0.69  ent[s/d/p/e] 0.69/1.90/1.65/0.28  emits 2.62  clip 0.17  kl +0.009
upd 1483  steps 24313856  sps 5374  opp frzn  loss -0.017  pg -0.0086  v 0.006  adv_std 0.116  tR +0.72  ent[s/d/p/e] 0.59/1.88/1.65/0.28  emits 2.62  clip 0.16  kl +0.009
upd 1484  steps 24330240  sps 5374  opp rand  loss -0.014  pg -0.0065  v 0.008  adv_std 0.131  tR +0.69  ent[s/d/p/e] 0.57/1.87/1.64/0.27  emits 2.60  clip 0.15  kl +0.008
upd 1485  steps 24346624  sps 5375  opp rand  loss -0.016  pg -0.0080  v 0.006  adv_std 0.114  tR +0.73  ent[s/d/p/e] 0.64/1.87/1.65/0.28  emits 2.52  clip 0.15  kl +0.008
upd 1486  steps 24363008  sps 5376  opp rand  loss -0.016  pg -0.0077  v 0.006  adv_std 0.113  tR +0.69  ent[s/d/p/e] 0.62/1.86/1.66/0.27  emits 2.54  clip 0.16  kl +0.009
upd 1487  steps 24379392  sps 5376  opp frzn  loss -0.014  pg -0.0061  v 0.008  adv_std 0.129  tR +0.63  ent[s/d/p/e] 0.60/1.85/1.64/0.28  emits 2.70  clip 0.17  kl +0.009
upd 1488  steps 24395776  sps 5377  opp rand  loss -0.016  pg -0.0080  v 0.006  adv_std 0.112  tR +0.73  ent[s/d/p/e] 0.56/1.81/1.64/0.29  emits 2.52  clip 0.17  kl +0.009
upd 1489  steps 24412160  sps 5377  opp frzn  loss -0.014  pg -0.0070  v 0.011  adv_std 0.154  tR +0.62  ent[s/d/p/e] 0.67/1.88/1.63/0.28  emits 2.72  clip 0.17  kl +0.014
upd 1490  steps 24428544  sps 5378  opp rand  loss -0.016  pg -0.0077  v 0.006  adv_std 0.115  tR +0.69  ent[s/d/p/e] 0.59/1.85/1.63/0.27  emits 2.53  clip 0.15  kl +0.008
upd 1491  steps 24444928  sps 5378  opp rand  loss -0.015  pg -0.0068  v 0.007  adv_std 0.126  tR +0.66  ent[s/d/p/e] 0.64/1.86/1.65/0.27  emits 2.59  clip 0.16  kl +0.008
upd 1492  steps 24461312  sps 5379  opp rand  loss -0.017  pg -0.0085  v 0.006  adv_std 0.120  tR +0.73  ent[s/d/p/e] 0.65/1.84/1.64/0.30  emits 2.50  clip 0.17  kl +0.009
upd 1493  steps 24477696  sps 5379  opp frzn  loss -0.015  pg -0.0063  v 0.006  adv_std 0.112  tR +0.66  ent[s/d/p/e] 0.63/1.80/1.66/0.29  emits 2.58  clip 0.18  kl +0.010
upd 1494  steps 24494080  sps 5380  opp rand  loss -0.014  pg -0.0064  v 0.009  adv_std 0.145  tR +0.65  ent[s/d/p/e] 0.60/1.87/1.64/0.27  emits 2.58  clip 0.17  kl +0.009
upd 1495  steps 24510464  sps 5380  opp frzn  loss -0.017  pg -0.0096  v 0.008  adv_std 0.135  tR +0.58  ent[s/d/p/e] 0.60/1.92/1.65/0.26  emits 2.87  clip 0.17  kl +0.010
upd 1496  steps 24526848  sps 5381  opp rand  loss -0.014  pg -0.0061  v 0.006  adv_std 0.118  tR +0.71  ent[s/d/p/e] 0.58/1.86/1.66/0.29  emits 2.51  clip 0.17  kl +0.009
upd 1497  steps 24543232  sps 5382  opp rand  loss -0.016  pg -0.0082  v 0.007  adv_std 0.122  tR +0.68  ent[s/d/p/e] 0.62/1.90/1.63/0.27  emits 2.59  clip 0.17  kl +0.009
upd 1498  steps 24559616  sps 5382  opp rand  loss -0.015  pg -0.0074  v 0.007  adv_std 0.119  tR +0.67  ent[s/d/p/e] 0.60/1.87/1.65/0.26  emits 2.64  clip 0.16  kl +0.010
upd 1499  steps 24576000  sps 5383  opp rand  loss -0.016  pg -0.0079  v 0.006  adv_std 0.118  tR +0.66  ent[s/d/p/e] 0.66/1.87/1.65/0.29  emits 2.50  clip 0.14  kl +0.007 WRr 0.97 WRf 0.97
upd 1500  steps 24592384  sps 5372  opp frzn  loss -0.014  pg -0.0057  v 0.006  adv_std 0.111  tR +0.64  ent[s/d/p/e] 0.58/1.88/1.66/0.26  emits 2.70  clip 0.17  kl +0.012
upd 1501  steps 24608768  sps 5373  opp frzn  loss -0.016  pg -0.0074  v 0.005  adv_std 0.100  tR +0.69  ent[s/d/p/e] 0.57/1.88/1.65/0.28  emits 2.57  clip 0.16  kl +0.008
upd 1502  steps 24625152  sps 5373  opp frzn  loss -0.016  pg -0.0079  v 0.009  adv_std 0.141  tR +0.68  ent[s/d/p/e] 0.62/1.93/1.65/0.27  emits 2.79  clip 0.18  kl +0.009
upd 1503  steps 24641536  sps 5374  opp frzn  loss -0.016  pg -0.0079  v 0.007  adv_std 0.120  tR +0.68  ent[s/d/p/e] 0.60/1.89/1.66/0.30  emits 2.57  clip 0.18  kl +0.008
upd 1504  steps 24657920  sps 5374  opp frzn  loss -0.018  pg -0.0096  v 0.006  adv_std 0.118  tR +0.65  ent[s/d/p/e] 0.57/1.91/1.65/0.28  emits 2.46  clip 0.17  kl +0.009
upd 1505  steps 24674304  sps 5375  opp frzn  loss -0.017  pg -0.0083  v 0.008  adv_std 0.130  tR +0.67  ent[s/d/p/e] 0.64/1.92/1.67/0.30  emits 2.66  clip 0.17  kl +0.010
upd 1506  steps 24690688  sps 5375  opp rand  loss -0.015  pg -0.0076  v 0.009  adv_std 0.139  tR +0.75  ent[s/d/p/e] 0.58/1.88/1.66/0.28  emits 2.39  clip 0.16  kl +0.008
upd 1507  steps 24707072  sps 5376  opp rand  loss -0.015  pg -0.0075  v 0.009  adv_std 0.135  tR +0.64  ent[s/d/p/e] 0.64/1.88/1.65/0.25  emits 2.57  clip 0.15  kl +0.006
upd 1508  steps 24723456  sps 5376  opp frzn  loss -0.016  pg -0.0078  v 0.007  adv_std 0.125  tR +0.57  ent[s/d/p/e] 0.51/1.86/1.65/0.28  emits 2.47  clip 0.18  kl +0.012
upd 1509  steps 24739840  sps 5377  opp rand  loss -0.015  pg -0.0074  v 0.007  adv_std 0.129  tR +0.66  ent[s/d/p/e] 0.60/1.84/1.65/0.29  emits 2.40  clip 0.16  kl +0.009
upd 1510  steps 24756224  sps 5377  opp rand  loss -0.016  pg -0.0077  v 0.008  adv_std 0.130  tR +0.65  ent[s/d/p/e] 0.61/1.83/1.66/0.28  emits 2.37  clip 0.13  kl +0.008
upd 1511  steps 24772608  sps 5378  opp frzn  loss -0.016  pg -0.0085  v 0.010  adv_std 0.149  tR +0.62  ent[s/d/p/e] 0.53/1.87/1.65/0.26  emits 2.53  clip 0.16  kl +0.009
upd 1512  steps 24788992  sps 5378  opp rand  loss -0.014  pg -0.0057  v 0.007  adv_std 0.120  tR +0.76  ent[s/d/p/e] 0.59/1.85/1.65/0.31  emits 2.30  clip 0.16  kl +0.009
upd 1513  steps 24805376  sps 5379  opp rand  loss -0.016  pg -0.0079  v 0.007  adv_std 0.128  tR +0.68  ent[s/d/p/e] 0.59/1.85/1.65/0.27  emits 2.46  clip 0.15  kl +0.008
upd 1514  steps 24821760  sps 5380  opp rand  loss -0.015  pg -0.0068  v 0.005  adv_std 0.102  tR +0.75  ent[s/d/p/e] 0.59/1.83/1.65/0.30  emits 2.27  clip 0.13  kl +0.008
upd 1515  steps 24838144  sps 5380  opp rand  loss -0.015  pg -0.0075  v 0.010  adv_std 0.146  tR +0.65  ent[s/d/p/e] 0.61/1.83/1.64/0.29  emits 2.45  clip 0.14  kl +0.008
upd 1516  steps 24854528  sps 5381  opp frzn  loss -0.016  pg -0.0075  v 0.007  adv_std 0.122  tR +0.64  ent[s/d/p/e] 0.59/1.86/1.64/0.29  emits 2.46  clip 0.15  kl +0.010
upd 1517  steps 24870912  sps 5381  opp frzn  loss -0.016  pg -0.0086  v 0.010  adv_std 0.141  tR +0.61  ent[s/d/p/e] 0.61/1.89/1.64/0.29  emits 2.48  clip 0.16  kl +0.009
upd 1518  steps 24887296  sps 5382  opp frzn  loss -0.015  pg -0.0071  v 0.008  adv_std 0.133  tR +0.48  ent[s/d/p/e] 0.56/1.90/1.64/0.26  emits 2.65  clip 0.18  kl +0.012
upd 1519  steps 24903680  sps 5382  opp frzn  loss -0.015  pg -0.0077  v 0.008  adv_std 0.133  tR +0.60  ent[s/d/p/e] 0.58/1.85/1.65/0.29  emits 2.41  clip 0.16  kl +0.009
upd 1520  steps 24920064  sps 5383  opp rand  loss -0.014  pg -0.0061  v 0.008  adv_std 0.130  tR +0.69  ent[s/d/p/e] 0.66/1.84/1.65/0.31  emits 2.42  clip 0.14  kl +0.007
upd 1521  steps 24936448  sps 5383  opp frzn  loss -0.015  pg -0.0068  v 0.007  adv_std 0.123  tR +0.69  ent[s/d/p/e] 0.60/1.85/1.63/0.29  emits 2.40  clip 0.16  kl +0.009
upd 1522  steps 24952832  sps 5384  opp rand  loss -0.016  pg -0.0082  v 0.007  adv_std 0.127  tR +0.70  ent[s/d/p/e] 0.58/1.86/1.64/0.29  emits 2.30  clip 0.15  kl +0.009
upd 1523  steps 24969216  sps 5384  opp rand  loss -0.015  pg -0.0078  v 0.008  adv_std 0.134  tR +0.67  ent[s/d/p/e] 0.60/1.86/1.62/0.27  emits 2.51  clip 0.16  kl +0.010
upd 1524  steps 24985600  sps 5385  opp frzn  loss -0.016  pg -0.0081  v 0.009  adv_std 0.140  tR +0.59  ent[s/d/p/e] 0.63/1.90/1.64/0.27  emits 2.69  clip 0.17  kl +0.011 WRr 0.84 WRf 0.94
upd 1525  steps 25001984  sps 5372  opp frzn  loss -0.015  pg -0.0069  v 0.006  adv_std 0.116  tR +0.68  ent[s/d/p/e] 0.59/1.92/1.64/0.29  emits 2.62  clip 0.18  kl +0.010
upd 1526  steps 25018368  sps 5372  opp frzn  loss -0.016  pg -0.0077  v 0.006  adv_std 0.115  tR +0.65  ent[s/d/p/e] 0.57/1.86/1.65/0.29  emits 2.52  clip 0.16  kl +0.008
upd 1527  steps 25034752  sps 5373  opp frzn  loss -0.014  pg -0.0066  v 0.008  adv_std 0.131  tR +0.62  ent[s/d/p/e] 0.55/1.87/1.64/0.29  emits 2.49  clip 0.15  kl +0.008
upd 1528  steps 25051136  sps 5373  opp rand  loss -0.016  pg -0.0086  v 0.009  adv_std 0.140  tR +0.68  ent[s/d/p/e] 0.61/1.80/1.64/0.30  emits 2.30  clip 0.17  kl +0.010
upd 1529  steps 25067520  sps 5374  opp frzn  loss -0.015  pg -0.0075  v 0.010  adv_std 0.145  tR +0.62  ent[s/d/p/e] 0.54/1.86/1.63/0.26  emits 2.52  clip 0.16  kl +0.009
upd 1530  steps 25083904  sps 5374  opp rand  loss -0.013  pg -0.0053  v 0.006  adv_std 0.117  tR +0.74  ent[s/d/p/e] 0.56/1.84/1.64/0.29  emits 2.30  clip 0.15  kl +0.009
upd 1531  steps 25100288  sps 5375  opp rand  loss -0.016  pg -0.0084  v 0.008  adv_std 0.130  tR +0.67  ent[s/d/p/e] 0.62/1.89/1.62/0.26  emits 2.57  clip 0.14  kl +0.007
upd 1532  steps 25116672  sps 5376  opp rand  loss -0.015  pg -0.0076  v 0.010  adv_std 0.143  tR +0.70  ent[s/d/p/e] 0.62/1.90/1.63/0.26  emits 2.70  clip 0.17  kl +0.011
upd 1533  steps 25133056  sps 5376  opp frzn  loss -0.017  pg -0.0084  v 0.006  adv_std 0.117  tR +0.56  ent[s/d/p/e] 0.60/1.89/1.64/0.28  emits 2.60  clip 0.15  kl +0.009
upd 1534  steps 25149440  sps 5377  opp rand  loss -0.018  pg -0.0099  v 0.006  adv_std 0.116  tR +0.68  ent[s/d/p/e] 0.66/1.87/1.64/0.30  emits 2.46  clip 0.17  kl +0.010
upd 1535  steps 25165824  sps 5377  opp rand  loss -0.015  pg -0.0073  v 0.009  adv_std 0.141  tR +0.66  ent[s/d/p/e] 0.66/1.85/1.62/0.28  emits 2.51  clip 0.16  kl +0.011
upd 1536  steps 25182208  sps 5378  opp frzn  loss -0.016  pg -0.0081  v 0.011  adv_std 0.153  tR +0.58  ent[s/d/p/e] 0.66/1.87/1.62/0.30  emits 2.55  clip 0.15  kl +0.008
upd 1537  steps 25198592  sps 5378  opp frzn  loss -0.014  pg -0.0070  v 0.012  adv_std 0.161  tR +0.52  ent[s/d/p/e] 0.59/1.88/1.61/0.27  emits 2.67  clip 0.17  kl +0.009
upd 1538  steps 25214976  sps 5378  opp frzn  loss -0.015  pg -0.0071  v 0.007  adv_std 0.122  tR +0.58  ent[s/d/p/e] 0.56/1.88/1.61/0.28  emits 2.53  clip 0.17  kl +0.009
upd 1539  steps 25231360  sps 5379  opp frzn  loss -0.016  pg -0.0077  v 0.007  adv_std 0.126  tR +0.69  ent[s/d/p/e] 0.64/1.84/1.63/0.30  emits 2.31  clip 0.17  kl +0.010
upd 1540  steps 25247744  sps 5379  opp rand  loss -0.016  pg -0.0082  v 0.008  adv_std 0.130  tR +0.69  ent[s/d/p/e] 0.64/1.82/1.62/0.28  emits 2.42  clip 0.14  kl +0.006
upd 1541  steps 25264128  sps 5380  opp rand  loss -0.015  pg -0.0074  v 0.006  adv_std 0.122  tR +0.80  ent[s/d/p/e] 0.59/1.84/1.60/0.27  emits 2.35  clip 0.14  kl +0.007
upd 1542  steps 25280512  sps 5380  opp frzn  loss -0.015  pg -0.0073  v 0.008  adv_std 0.130  tR +0.66  ent[s/d/p/e] 0.59/1.85/1.61/0.28  emits 2.55  clip 0.17  kl +0.011
upd 1543  steps 25296896  sps 5381  opp rand  loss -0.016  pg -0.0078  v 0.007  adv_std 0.121  tR +0.62  ent[s/d/p/e] 0.58/1.81/1.60/0.29  emits 2.40  clip 0.16  kl +0.010
upd 1544  steps 25313280  sps 5381  opp frzn  loss -0.017  pg -0.0085  v 0.007  adv_std 0.120  tR +0.67  ent[s/d/p/e] 0.62/1.83/1.63/0.29  emits 2.48  clip 0.17  kl +0.012
upd 1545  steps 25329664  sps 5382  opp rand  loss -0.016  pg -0.0077  v 0.007  adv_std 0.124  tR +0.66  ent[s/d/p/e] 0.61/1.86/1.60/0.28  emits 2.54  clip 0.15  kl +0.008
upd 1546  steps 25346048  sps 5383  opp rand  loss -0.016  pg -0.0085  v 0.008  adv_std 0.136  tR +0.68  ent[s/d/p/e] 0.63/1.84/1.63/0.28  emits 2.45  clip 0.17  kl +0.008
upd 1547  steps 25362432  sps 5383  opp frzn  loss -0.017  pg -0.0086  v 0.006  adv_std 0.117  tR +0.69  ent[s/d/p/e] 0.60/1.87/1.62/0.30  emits 2.47  clip 0.14  kl +0.008
upd 1548  steps 25378816  sps 5384  opp rand  loss -0.016  pg -0.0087  v 0.009  adv_std 0.142  tR +0.64  ent[s/d/p/e] 0.58/1.81/1.62/0.28  emits 2.44  clip 0.16  kl +0.009
upd 1549  steps 25395200  sps 5384  opp frzn  loss -0.015  pg -0.0069  v 0.004  adv_std 0.100  tR +0.65  ent[s/d/p/e] 0.60/1.82/1.62/0.30  emits 2.31  clip 0.17  kl +0.012 WRr 0.94 WRf 0.81
upd 1550  steps 25411584  sps 5374  opp rand  loss -0.015  pg -0.0067  v 0.006  adv_std 0.109  tR +0.72  ent[s/d/p/e] 0.64/1.82/1.63/0.30  emits 2.39  clip 0.19  kl +0.010
upd 1551  steps 25427968  sps 5375  opp rand  loss -0.015  pg -0.0074  v 0.007  adv_std 0.128  tR +0.68  ent[s/d/p/e] 0.60/1.85/1.62/0.27  emits 2.48  clip 0.17  kl +0.012
upd 1552  steps 25444352  sps 5375  opp rand  loss -0.017  pg -0.0086  v 0.006  adv_std 0.113  tR +0.70  ent[s/d/p/e] 0.60/1.87/1.61/0.27  emits 2.56  clip 0.15  kl +0.009
upd 1553  steps 25460736  sps 5376  opp rand  loss -0.016  pg -0.0075  v 0.006  adv_std 0.112  tR +0.76  ent[s/d/p/e] 0.61/1.78/1.63/0.31  emits 2.20  clip 0.15  kl +0.008
upd 1554  steps 25477120  sps 5377  opp rand  loss -0.013  pg -0.0054  v 0.008  adv_std 0.129  tR +0.70  ent[s/d/p/e] 0.65/1.79/1.64/0.31  emits 2.35  clip 0.16  kl +0.007
upd 1555  steps 25493504  sps 5377  opp rand  loss -0.013  pg -0.0046  v 0.007  adv_std 0.121  tR +0.71  ent[s/d/p/e] 0.59/1.85/1.62/0.27  emits 2.61  clip 0.18  kl +0.010
upd 1556  steps 25509888  sps 5378  opp frzn  loss -0.015  pg -0.0072  v 0.008  adv_std 0.132  tR +0.71  ent[s/d/p/e] 0.59/1.81/1.64/0.32  emits 2.30  clip 0.18  kl +0.009
upd 1557  steps 25526272  sps 5378  opp rand  loss -0.014  pg -0.0063  v 0.007  adv_std 0.127  tR +0.75  ent[s/d/p/e] 0.64/1.82/1.62/0.30  emits 2.42  clip 0.17  kl +0.009
upd 1558  steps 25542656  sps 5379  opp frzn  loss -0.016  pg -0.0075  v 0.006  adv_std 0.115  tR +0.68  ent[s/d/p/e] 0.59/1.79/1.64/0.34  emits 2.35  clip 0.16  kl +0.008
upd 1559  steps 25559040  sps 5379  opp frzn  loss -0.015  pg -0.0075  v 0.008  adv_std 0.135  tR +0.63  ent[s/d/p/e] 0.60/1.83/1.63/0.30  emits 2.44  clip 0.16  kl +0.010
upd 1560  steps 25575424  sps 5380  opp rand  loss -0.015  pg -0.0074  v 0.008  adv_std 0.130  tR +0.69  ent[s/d/p/e] 0.59/1.79/1.63/0.31  emits 2.24  clip 0.16  kl +0.010
upd 1561  steps 25591808  sps 5380  opp frzn  loss -0.017  pg -0.0089  v 0.006  adv_std 0.117  tR +0.67  ent[s/d/p/e] 0.63/1.81/1.61/0.30  emits 2.36  clip 0.15  kl +0.009
upd 1562  steps 25608192  sps 5380  opp frzn  loss -0.014  pg -0.0059  v 0.008  adv_std 0.129  tR +0.69  ent[s/d/p/e] 0.65/1.83/1.63/0.32  emits 2.44  clip 0.16  kl +0.010
upd 1563  steps 25624576  sps 5381  opp frzn  loss -0.016  pg -0.0075  v 0.008  adv_std 0.129  tR +0.73  ent[s/d/p/e] 0.63/1.81/1.64/0.32  emits 2.43  clip 0.16  kl +0.008
upd 1564  steps 25640960  sps 5381  opp frzn  loss -0.017  pg -0.0092  v 0.009  adv_std 0.139  tR +0.64  ent[s/d/p/e] 0.63/1.86/1.63/0.30  emits 2.61  clip 0.16  kl +0.010
upd 1565  steps 25657344  sps 5382  opp frzn  loss -0.015  pg -0.0074  v 0.007  adv_std 0.126  tR +0.59  ent[s/d/p/e] 0.56/1.79/1.63/0.31  emits 2.36  clip 0.16  kl +0.009
upd 1566  steps 25673728  sps 5382  opp rand  loss -0.016  pg -0.0076  v 0.006  adv_std 0.113  tR +0.71  ent[s/d/p/e] 0.54/1.77/1.64/0.32  emits 2.30  clip 0.13  kl +0.007
upd 1567  steps 25690112  sps 5383  opp frzn  loss -0.017  pg -0.0092  v 0.008  adv_std 0.131  tR +0.60  ent[s/d/p/e] 0.63/1.78/1.63/0.33  emits 2.40  clip 0.15  kl +0.007
upd 1568  steps 25706496  sps 5383  opp rand  loss -0.016  pg -0.0080  v 0.008  adv_std 0.129  tR +0.69  ent[s/d/p/e] 0.59/1.76/1.64/0.30  emits 2.43  clip 0.16  kl +0.009
upd 1569  steps 25722880  sps 5384  opp rand  loss -0.015  pg -0.0071  v 0.006  adv_std 0.115  tR +0.71  ent[s/d/p/e] 0.61/1.77/1.65/0.33  emits 2.22  clip 0.15  kl +0.008
upd 1570  steps 25739264  sps 5384  opp rand  loss -0.015  pg -0.0072  v 0.009  adv_std 0.136  tR +0.72  ent[s/d/p/e] 0.63/1.75/1.62/0.33  emits 2.26  clip 0.15  kl +0.007
upd 1571  steps 25755648  sps 5385  opp frzn  loss -0.015  pg -0.0074  v 0.009  adv_std 0.139  tR +0.55  ent[s/d/p/e] 0.59/1.77/1.63/0.30  emits 2.52  clip 0.16  kl +0.010
upd 1572  steps 25772032  sps 5385  opp rand  loss -0.015  pg -0.0072  v 0.009  adv_std 0.139  tR +0.69  ent[s/d/p/e] 0.59/1.78/1.61/0.30  emits 2.38  clip 0.18  kl +0.010
upd 1573  steps 25788416  sps 5386  opp frzn  loss -0.016  pg -0.0082  v 0.010  adv_std 0.146  tR +0.60  ent[s/d/p/e] 0.64/1.79/1.65/0.30  emits 2.54  clip 0.15  kl +0.009
upd 1574  steps 25804800  sps 5386  opp rand  loss -0.016  pg -0.0083  v 0.007  adv_std 0.122  tR +0.69  ent[s/d/p/e] 0.60/1.77/1.65/0.32  emits 2.35  clip 0.14  kl +0.009 WRr 0.72 WRf 0.94
upd 1575  steps 25821184  sps 5376  opp frzn  loss -0.015  pg -0.0071  v 0.007  adv_std 0.128  tR +0.67  ent[s/d/p/e] 0.58/1.77/1.64/0.32  emits 2.45  clip 0.17  kl +0.009
upd 1576  steps 25837568  sps 5377  opp frzn  loss -0.015  pg -0.0068  v 0.007  adv_std 0.122  tR +0.69  ent[s/d/p/e] 0.65/1.75/1.65/0.32  emits 2.37  clip 0.15  kl +0.007
upd 1577  steps 25853952  sps 5377  opp rand  loss -0.016  pg -0.0075  v 0.008  adv_std 0.129  tR +0.64  ent[s/d/p/e] 0.67/1.76/1.63/0.32  emits 2.45  clip 0.15  kl +0.008
upd 1578  steps 25870336  sps 5378  opp rand  loss -0.015  pg -0.0074  v 0.008  adv_std 0.135  tR +0.62  ent[s/d/p/e] 0.61/1.76/1.63/0.31  emits 2.40  clip 0.17  kl +0.009
upd 1579  steps 25886720  sps 5378  opp rand  loss -0.016  pg -0.0086  v 0.009  adv_std 0.142  tR +0.68  ent[s/d/p/e] 0.58/1.80/1.63/0.28  emits 2.56  clip 0.16  kl +0.009
upd 1580  steps 25903104  sps 5379  opp frzn  loss -0.013  pg -0.0054  v 0.009  adv_std 0.137  tR +0.66  ent[s/d/p/e] 0.67/1.76/1.63/0.31  emits 2.49  clip 0.16  kl +0.009
upd 1581  steps 25919488  sps 5379  opp rand  loss -0.015  pg -0.0069  v 0.006  adv_std 0.116  tR +0.70  ent[s/d/p/e] 0.64/1.74/1.64/0.31  emits 2.33  clip 0.15  kl +0.009
upd 1582  steps 25935872  sps 5380  opp rand  loss -0.017  pg -0.0092  v 0.007  adv_std 0.121  tR +0.62  ent[s/d/p/e] 0.61/1.75/1.62/0.32  emits 2.35  clip 0.16  kl +0.010
upd 1583  steps 25952256  sps 5381  opp rand  loss -0.015  pg -0.0066  v 0.007  adv_std 0.122  tR +0.78  ent[s/d/p/e] 0.60/1.81/1.65/0.30  emits 2.55  clip 0.17  kl +0.010
upd 1584  steps 25968640  sps 5381  opp frzn  loss -0.016  pg -0.0080  v 0.007  adv_std 0.124  tR +0.63  ent[s/d/p/e] 0.64/1.78/1.64/0.32  emits 2.53  clip 0.16  kl +0.010
upd 1585  steps 25985024  sps 5381  opp frzn  loss -0.017  pg -0.0089  v 0.008  adv_std 0.132  tR +0.54  ent[s/d/p/e] 0.61/1.80/1.65/0.30  emits 2.61  clip 0.15  kl +0.009
upd 1586  steps 26001408  sps 5382  opp frzn  loss -0.016  pg -0.0080  v 0.008  adv_std 0.137  tR +0.67  ent[s/d/p/e] 0.63/1.74/1.64/0.32  emits 2.51  clip 0.17  kl +0.010
upd 1587  steps 26017792  sps 5382  opp frzn  loss -0.015  pg -0.0075  v 0.008  adv_std 0.129  tR +0.63  ent[s/d/p/e] 0.61/1.80/1.64/0.31  emits 2.58  clip 0.17  kl +0.012
upd 1588  steps 26034176  sps 5383  opp rand  loss -0.015  pg -0.0064  v 0.007  adv_std 0.124  tR +0.69  ent[s/d/p/e] 0.65/1.79/1.65/0.31  emits 2.48  clip 0.18  kl +0.011
upd 1589  steps 26050560  sps 5383  opp rand  loss -0.015  pg -0.0072  v 0.009  adv_std 0.140  tR +0.72  ent[s/d/p/e] 0.62/1.79/1.63/0.31  emits 2.48  clip 0.16  kl +0.010
upd 1590  steps 26066944  sps 5384  opp frzn  loss -0.017  pg -0.0094  v 0.010  adv_std 0.152  tR +0.59  ent[s/d/p/e] 0.62/1.77/1.65/0.31  emits 2.53  clip 0.16  kl +0.009
upd 1591  steps 26083328  sps 5384  opp rand  loss -0.017  pg -0.0083  v 0.007  adv_std 0.121  tR +0.70  ent[s/d/p/e] 0.66/1.77/1.65/0.33  emits 2.46  clip 0.16  kl +0.007
upd 1592  steps 26099712  sps 5385  opp frzn  loss -0.015  pg -0.0068  v 0.007  adv_std 0.125  tR +0.59  ent[s/d/p/e] 0.64/1.80/1.65/0.32  emits 2.53  clip 0.15  kl +0.008
upd 1593  steps 26116096  sps 5385  opp frzn  loss -0.015  pg -0.0062  v 0.007  adv_std 0.119  tR +0.69  ent[s/d/p/e] 0.63/1.82/1.67/0.33  emits 2.61  clip 0.18  kl +0.011
upd 1594  steps 26132480  sps 5386  opp rand  loss -0.015  pg -0.0069  v 0.008  adv_std 0.133  tR +0.70  ent[s/d/p/e] 0.60/1.82/1.65/0.32  emits 2.52  clip 0.15  kl +0.009
upd 1595  steps 26148864  sps 5386  opp frzn  loss -0.016  pg -0.0075  v 0.006  adv_std 0.112  tR +0.69  ent[s/d/p/e] 0.64/1.77/1.66/0.35  emits 2.52  clip 0.17  kl +0.011
upd 1596  steps 26165248  sps 5387  opp frzn  loss -0.016  pg -0.0082  v 0.009  adv_std 0.136  tR +0.56  ent[s/d/p/e] 0.67/1.77/1.67/0.35  emits 2.48  clip 0.18  kl +0.011
upd 1597  steps 26181632  sps 5387  opp frzn  loss -0.014  pg -0.0064  v 0.009  adv_std 0.142  tR +0.59  ent[s/d/p/e] 0.58/1.81/1.62/0.31  emits 2.63  clip 0.16  kl +0.008
upd 1598  steps 26198016  sps 5388  opp rand  loss -0.019  pg -0.0112  v 0.007  adv_std 0.127  tR +0.66  ent[s/d/p/e] 0.62/1.81/1.61/0.31  emits 2.62  clip 0.16  kl +0.008
upd 1599  steps 26214400  sps 5388  opp rand  loss -0.016  pg -0.0078  v 0.007  adv_std 0.125  tR +0.73  ent[s/d/p/e] 0.62/1.80/1.65/0.32  emits 2.53  clip 0.15  kl +0.009 WRr 0.88 WRf 0.91
upd 1600  steps 26230784  sps 5379  opp rand  loss -0.016  pg -0.0076  v 0.007  adv_std 0.120  tR +0.75  ent[s/d/p/e] 0.64/1.81/1.65/0.31  emits 2.62  clip 0.17  kl +0.011
upd 1601  steps 26247168  sps 5379  opp rand  loss -0.017  pg -0.0087  v 0.007  adv_std 0.127  tR +0.61  ent[s/d/p/e] 0.60/1.78/1.64/0.31  emits 2.62  clip 0.16  kl +0.009
upd 1602  steps 26263552  sps 5380  opp frzn  loss -0.016  pg -0.0075  v 0.007  adv_std 0.123  tR +0.55  ent[s/d/p/e] 0.64/1.83/1.66/0.32  emits 2.62  clip 0.16  kl +0.009
upd 1603  steps 26279936  sps 5380  opp rand  loss -0.017  pg -0.0082  v 0.007  adv_std 0.121  tR +0.64  ent[s/d/p/e] 0.63/1.78/1.67/0.34  emits 2.43  clip 0.15  kl +0.008
upd 1604  steps 26296320  sps 5381  opp rand  loss -0.016  pg -0.0078  v 0.007  adv_std 0.125  tR +0.68  ent[s/d/p/e] 0.64/1.85/1.63/0.30  emits 2.68  clip 0.17  kl +0.009
upd 1605  steps 26312704  sps 5381  opp rand  loss -0.016  pg -0.0084  v 0.009  adv_std 0.137  tR +0.64  ent[s/d/p/e] 0.57/1.84/1.61/0.29  emits 2.71  clip 0.16  kl +0.009
upd 1606  steps 26329088  sps 5382  opp frzn  loss -0.015  pg -0.0067  v 0.006  adv_std 0.113  tR +0.67  ent[s/d/p/e] 0.62/1.83/1.66/0.34  emits 2.50  clip 0.17  kl +0.010
upd 1607  steps 26345472  sps 5382  opp frzn  loss -0.016  pg -0.0071  v 0.007  adv_std 0.123  tR +0.68  ent[s/d/p/e] 0.64/1.78/1.67/0.37  emits 2.39  clip 0.17  kl +0.010
upd 1608  steps 26361856  sps 5382  opp frzn  loss -0.017  pg -0.0085  v 0.006  adv_std 0.114  tR +0.72  ent[s/d/p/e] 0.54/1.78/1.66/0.33  emits 2.54  clip 0.16  kl +0.009
upd 1609  steps 26378240  sps 5383  opp frzn  loss -0.016  pg -0.0086  v 0.009  adv_std 0.139  tR +0.54  ent[s/d/p/e] 0.60/1.80/1.65/0.33  emits 2.53  clip 0.15  kl +0.008
upd 1610  steps 26394624  sps 5383  opp rand  loss -0.017  pg -0.0081  v 0.007  adv_std 0.125  tR +0.71  ent[s/d/p/e] 0.70/1.77/1.66/0.36  emits 2.47  clip 0.14  kl +0.006
upd 1611  steps 26411008  sps 5384  opp frzn  loss -0.017  pg -0.0087  v 0.008  adv_std 0.131  tR +0.68  ent[s/d/p/e] 0.68/1.77/1.66/0.34  emits 2.61  clip 0.15  kl +0.007
upd 1612  steps 26427392  sps 5384  opp frzn  loss -0.014  pg -0.0062  v 0.007  adv_std 0.121  tR +0.67  ent[s/d/p/e] 0.60/1.79/1.65/0.32  emits 2.53  clip 0.18  kl +0.012
upd 1613  steps 26443776  sps 5385  opp rand  loss -0.016  pg -0.0075  v 0.007  adv_std 0.122  tR +0.69  ent[s/d/p/e] 0.64/1.78/1.63/0.33  emits 2.44  clip 0.15  kl +0.006
upd 1614  steps 26460160  sps 5385  opp frzn  loss -0.016  pg -0.0075  v 0.007  adv_std 0.127  tR +0.59  ent[s/d/p/e] 0.60/1.82/1.64/0.34  emits 2.54  clip 0.15  kl +0.011
upd 1615  steps 26476544  sps 5386  opp frzn  loss -0.015  pg -0.0070  v 0.006  adv_std 0.119  tR +0.69  ent[s/d/p/e] 0.61/1.77/1.65/0.36  emits 2.37  clip 0.17  kl +0.009
upd 1616  steps 26492928  sps 5386  opp rand  loss -0.016  pg -0.0070  v 0.005  adv_std 0.102  tR +0.75  ent[s/d/p/e] 0.62/1.82/1.63/0.33  emits 2.54  clip 0.17  kl +0.011
upd 1617  steps 26509312  sps 5387  opp rand  loss -0.014  pg -0.0066  v 0.009  adv_std 0.137  tR +0.72  ent[s/d/p/e] 0.66/1.82/1.61/0.33  emits 2.58  clip 0.17  kl +0.010
upd 1618  steps 26525696  sps 5387  opp rand  loss -0.015  pg -0.0072  v 0.009  adv_std 0.142  tR +0.54  ent[s/d/p/e] 0.66/1.82/1.62/0.30  emits 2.81  clip 0.16  kl +0.010
upd 1619  steps 26542080  sps 5388  opp frzn  loss -0.017  pg -0.0093  v 0.008  adv_std 0.130  tR +0.59  ent[s/d/p/e] 0.65/1.82/1.63/0.31  emits 2.59  clip 0.15  kl +0.010
upd 1620  steps 26558464  sps 5388  opp rand  loss -0.016  pg -0.0076  v 0.006  adv_std 0.118  tR +0.70  ent[s/d/p/e] 0.62/1.85/1.62/0.29  emits 2.71  clip 0.18  kl +0.009
upd 1621  steps 26574848  sps 5389  opp frzn  loss -0.017  pg -0.0088  v 0.008  adv_std 0.130  tR +0.61  ent[s/d/p/e] 0.59/1.79/1.63/0.33  emits 2.50  clip 0.19  kl +0.011
upd 1622  steps 26591232  sps 5389  opp frzn  loss -0.016  pg -0.0088  v 0.010  adv_std 0.146  tR +0.59  ent[s/d/p/e] 0.59/1.87/1.63/0.31  emits 2.74  clip 0.17  kl +0.007
upd 1623  steps 26607616  sps 5389  opp frzn  loss -0.015  pg -0.0074  v 0.008  adv_std 0.134  tR +0.59  ent[s/d/p/e] 0.57/1.81/1.66/0.32  emits 2.51  clip 0.15  kl +0.009
upd 1624  steps 26624000  sps 5390  opp frzn  loss -0.016  pg -0.0082  v 0.009  adv_std 0.141  tR +0.63  ent[s/d/p/e] 0.56/1.79/1.64/0.33  emits 2.44  clip 0.16  kl +0.009 WRr 0.88 WRf 0.97
upd 1625  steps 26640384  sps 5380  opp frzn  loss -0.017  pg -0.0080  v 0.005  adv_std 0.103  tR +0.58  ent[s/d/p/e] 0.56/1.86/1.63/0.34  emits 2.51  clip 0.16  kl +0.009
upd 1626  steps 26656768  sps 5381  opp rand  loss -0.015  pg -0.0069  v 0.008  adv_std 0.135  tR +0.69  ent[s/d/p/e] 0.63/1.80/1.63/0.33  emits 2.48  clip 0.14  kl +0.006
upd 1627  steps 26673152  sps 5381  opp rand  loss -0.016  pg -0.0077  v 0.007  adv_std 0.121  tR +0.57  ent[s/d/p/e] 0.59/1.84/1.60/0.30  emits 2.59  clip 0.17  kl +0.008
upd 1628  steps 26689536  sps 5382  opp rand  loss -0.015  pg -0.0066  v 0.004  adv_std 0.095  tR +0.75  ent[s/d/p/e] 0.60/1.77/1.64/0.32  emits 2.52  clip 0.17  kl +0.010
upd 1629  steps 26705920  sps 5382  opp rand  loss -0.016  pg -0.0080  v 0.009  adv_std 0.137  tR +0.59  ent[s/d/p/e] 0.62/1.81/1.59/0.30  emits 2.63  clip 0.16  kl +0.010
upd 1630  steps 26722304  sps 5383  opp rand  loss -0.015  pg -0.0074  v 0.008  adv_std 0.128  tR +0.70  ent[s/d/p/e] 0.65/1.79/1.62/0.33  emits 2.46  clip 0.17  kl +0.010
upd 1631  steps 26738688  sps 5383  opp frzn  loss -0.015  pg -0.0067  v 0.006  adv_std 0.116  tR +0.68  ent[s/d/p/e] 0.66/1.74/1.66/0.38  emits 2.32  clip 0.16  kl +0.009
upd 1632  steps 26755072  sps 5384  opp rand  loss -0.017  pg -0.0091  v 0.006  adv_std 0.120  tR +0.71  ent[s/d/p/e] 0.63/1.80/1.63/0.33  emits 2.55  clip 0.17  kl +0.010
upd 1633  steps 26771456  sps 5384  opp frzn  loss -0.016  pg -0.0081  v 0.006  adv_std 0.116  tR +0.69  ent[s/d/p/e] 0.59/1.77/1.64/0.35  emits 2.22  clip 0.15  kl +0.008
upd 1634  steps 26787840  sps 5385  opp rand  loss -0.015  pg -0.0075  v 0.008  adv_std 0.129  tR +0.69  ent[s/d/p/e] 0.60/1.80/1.63/0.32  emits 2.53  clip 0.16  kl +0.007
upd 1635  steps 26804224  sps 5385  opp frzn  loss -0.016  pg -0.0078  v 0.007  adv_std 0.122  tR +0.70  ent[s/d/p/e] 0.60/1.85/1.65/0.34  emits 2.66  clip 0.16  kl +0.009
upd 1636  steps 26820608  sps 5386  opp rand  loss -0.016  pg -0.0075  v 0.006  adv_std 0.117  tR +0.74  ent[s/d/p/e] 0.55/1.80/1.63/0.33  emits 2.55  clip 0.16  kl +0.010
upd 1637  steps 26836992  sps 5386  opp frzn  loss -0.016  pg -0.0077  v 0.007  adv_std 0.123  tR +0.65  ent[s/d/p/e] 0.67/1.84/1.61/0.32  emits 2.63  clip 0.16  kl +0.008
upd 1638  steps 26853376  sps 5387  opp frzn  loss -0.017  pg -0.0080  v 0.004  adv_std 0.092  tR +0.75  ent[s/d/p/e] 0.65/1.80/1.65/0.36  emits 2.48  clip 0.16  kl +0.010
upd 1639  steps 26869760  sps 5387  opp frzn  loss -0.016  pg -0.0075  v 0.006  adv_std 0.117  tR +0.66  ent[s/d/p/e] 0.63/1.87/1.60/0.32  emits 2.72  clip 0.15  kl +0.008
upd 1640  steps 26886144  sps 5387  opp frzn  loss -0.016  pg -0.0079  v 0.007  adv_std 0.124  tR +0.56  ent[s/d/p/e] 0.63/1.81/1.63/0.33  emits 2.65  clip 0.17  kl +0.011
upd 1641  steps 26902528  sps 5388  opp rand  loss -0.016  pg -0.0077  v 0.006  adv_std 0.114  tR +0.78  ent[s/d/p/e] 0.63/1.85/1.62/0.34  emits 2.59  clip 0.19  kl +0.010
upd 1642  steps 26918912  sps 5388  opp frzn  loss -0.015  pg -0.0070  v 0.007  adv_std 0.123  tR +0.68  ent[s/d/p/e] 0.60/1.87/1.63/0.34  emits 2.56  clip 0.17  kl +0.011
upd 1643  steps 26935296  sps 5389  opp rand  loss -0.015  pg -0.0073  v 0.008  adv_std 0.127  tR +0.57  ent[s/d/p/e] 0.53/1.87/1.57/0.30  emits 2.57  clip 0.16  kl +0.009
upd 1644  steps 26951680  sps 5390  opp rand  loss -0.014  pg -0.0062  v 0.009  adv_std 0.139  tR +0.70  ent[s/d/p/e] 0.58/1.91/1.61/0.32  emits 2.61  clip 0.18  kl +0.013
upd 1645  steps 26968064  sps 5390  opp rand  loss -0.015  pg -0.0073  v 0.006  adv_std 0.112  tR +0.72  ent[s/d/p/e] 0.60/1.87/1.59/0.31  emits 2.56  clip 0.15  kl +0.009
upd 1646  steps 26984448  sps 5390  opp frzn  loss -0.016  pg -0.0070  v 0.007  adv_std 0.119  tR +0.68  ent[s/d/p/e] 0.63/1.87/1.65/0.36  emits 2.53  clip 0.17  kl +0.012
upd 1647  steps 27000832  sps 5391  opp frzn  loss -0.016  pg -0.0081  v 0.007  adv_std 0.127  tR +0.69  ent[s/d/p/e] 0.66/1.87/1.65/0.35  emits 2.54  clip 0.16  kl +0.008
upd 1648  steps 27017216  sps 5391  opp rand  loss -0.016  pg -0.0075  v 0.007  adv_std 0.123  tR +0.65  ent[s/d/p/e] 0.60/1.85/1.62/0.32  emits 2.59  clip 0.15  kl +0.010
upd 1649  steps 27033600  sps 5392  opp rand  loss -0.016  pg -0.0081  v 0.007  adv_std 0.126  tR +0.65  ent[s/d/p/e] 0.60/1.88/1.60/0.31  emits 2.63  clip 0.17  kl +0.008 WRr 0.97 WRf 0.81
upd 1650  steps 27049984  sps 5383  opp rand  loss -0.016  pg -0.0079  v 0.008  adv_std 0.134  tR +0.67  ent[s/d/p/e] 0.64/1.91/1.61/0.31  emits 2.85  clip 0.15  kl +0.007
upd 1651  steps 27066368  sps 5383  opp frzn  loss -0.017  pg -0.0086  v 0.006  adv_std 0.118  tR +0.64  ent[s/d/p/e] 0.61/1.87/1.63/0.33  emits 2.63  clip 0.19  kl +0.013
upd 1652  steps 27082752  sps 5384  opp rand  loss -0.013  pg -0.0047  v 0.006  adv_std 0.117  tR +0.72  ent[s/d/p/e] 0.56/1.88/1.61/0.31  emits 2.70  clip 0.19  kl +0.012
upd 1653  steps 27099136  sps 5384  opp frzn  loss -0.017  pg -0.0087  v 0.005  adv_std 0.106  tR +0.65  ent[s/d/p/e] 0.64/1.88/1.63/0.35  emits 2.64  clip 0.16  kl +0.009
upd 1654  steps 27115520  sps 5384  opp frzn  loss -0.016  pg -0.0076  v 0.007  adv_std 0.128  tR +0.65  ent[s/d/p/e] 0.60/1.82/1.63/0.33  emits 2.45  clip 0.17  kl +0.010
upd 1655  steps 27131904  sps 5385  opp frzn  loss -0.016  pg -0.0078  v 0.008  adv_std 0.135  tR +0.63  ent[s/d/p/e] 0.59/1.89/1.62/0.32  emits 2.75  clip 0.17  kl +0.010
upd 1656  steps 27148288  sps 5385  opp frzn  loss -0.015  pg -0.0065  v 0.006  adv_std 0.117  tR +0.67  ent[s/d/p/e] 0.52/1.85/1.63/0.34  emits 2.38  clip 0.16  kl +0.011
upd 1657  steps 27164672  sps 5386  opp frzn  loss -0.014  pg -0.0064  v 0.009  adv_std 0.138  tR +0.68  ent[s/d/p/e] 0.59/1.89/1.62/0.31  emits 2.57  clip 0.17  kl +0.009
upd 1658  steps 27181056  sps 5386  opp frzn  loss -0.015  pg -0.0073  v 0.008  adv_std 0.137  tR +0.57  ent[s/d/p/e] 0.60/1.84/1.64/0.34  emits 2.43  clip 0.17  kl +0.009
upd 1659  steps 27197440  sps 5387  opp rand  loss -0.015  pg -0.0071  v 0.008  adv_std 0.129  tR +0.64  ent[s/d/p/e] 0.58/1.89/1.61/0.29  emits 2.63  clip 0.16  kl +0.007
upd 1660  steps 27213824  sps 5387  opp rand  loss -0.016  pg -0.0079  v 0.006  adv_std 0.114  tR +0.66  ent[s/d/p/e] 0.59/1.86/1.66/0.34  emits 2.44  clip 0.16  kl +0.008
upd 1661  steps 27230208  sps 5387  opp frzn  loss -0.016  pg -0.0075  v 0.007  adv_std 0.123  tR +0.74  ent[s/d/p/e] 0.62/1.79/1.65/0.32  emits 2.30  clip 0.15  kl +0.007
upd 1662  steps 27246592  sps 5388  opp rand  loss -0.015  pg -0.0066  v 0.007  adv_std 0.121  tR +0.76  ent[s/d/p/e] 0.61/1.87/1.66/0.33  emits 2.50  clip 0.16  kl +0.008
upd 1663  steps 27262976  sps 5388  opp frzn  loss -0.015  pg -0.0068  v 0.006  adv_std 0.117  tR +0.68  ent[s/d/p/e] 0.63/1.87/1.65/0.35  emits 2.32  clip 0.17  kl +0.009
upd 1664  steps 27279360  sps 5389  opp rand  loss -0.014  pg -0.0063  v 0.008  adv_std 0.136  tR +0.75  ent[s/d/p/e] 0.63/1.86/1.63/0.32  emits 2.39  clip 0.16  kl +0.008
upd 1665  steps 27295744  sps 5389  opp frzn  loss -0.016  pg -0.0084  v 0.008  adv_std 0.128  tR +0.54  ent[s/d/p/e] 0.62/1.83/1.62/0.33  emits 2.38  clip 0.16  kl +0.009
upd 1666  steps 27312128  sps 5390  opp rand  loss -0.016  pg -0.0083  v 0.008  adv_std 0.132  tR +0.60  ent[s/d/p/e] 0.59/1.85/1.62/0.32  emits 2.39  clip 0.15  kl +0.008
upd 1667  steps 27328512  sps 5390  opp frzn  loss -0.017  pg -0.0093  v 0.008  adv_std 0.130  tR +0.65  ent[s/d/p/e] 0.62/1.81/1.60/0.32  emits 2.44  clip 0.15  kl +0.008
upd 1668  steps 27344896  sps 5391  opp frzn  loss -0.017  pg -0.0089  v 0.005  adv_std 0.106  tR +0.73  ent[s/d/p/e] 0.61/1.81/1.64/0.37  emits 2.28  clip 0.13  kl +0.008
upd 1669  steps 27361280  sps 5391  opp rand  loss -0.015  pg -0.0068  v 0.009  adv_std 0.135  tR +0.73  ent[s/d/p/e] 0.65/1.86/1.61/0.33  emits 2.41  clip 0.16  kl +0.009
upd 1670  steps 27377664  sps 5392  opp frzn  loss -0.015  pg -0.0078  v 0.009  adv_std 0.142  tR +0.64  ent[s/d/p/e] 0.60/1.87/1.60/0.30  emits 2.63  clip 0.16  kl +0.009
upd 1671  steps 27394048  sps 5392  opp frzn  loss -0.014  pg -0.0053  v 0.005  adv_std 0.103  tR +0.68  ent[s/d/p/e] 0.63/1.84/1.64/0.37  emits 2.11  clip 0.18  kl +0.012
upd 1672  steps 27410432  sps 5393  opp rand  loss -0.015  pg -0.0074  v 0.008  adv_std 0.133  tR +0.65  ent[s/d/p/e] 0.59/1.89/1.61/0.32  emits 2.38  clip 0.14  kl +0.007
upd 1673  steps 27426816  sps 5393  opp frzn  loss -0.015  pg -0.0066  v 0.006  adv_std 0.116  tR +0.69  ent[s/d/p/e] 0.58/1.84/1.63/0.36  emits 2.11  clip 0.17  kl +0.009
upd 1674  steps 27443200  sps 5393  opp frzn  loss -0.017  pg -0.0085  v 0.006  adv_std 0.114  tR +0.73  ent[s/d/p/e] 0.61/1.83/1.65/0.37  emits 2.22  clip 0.17  kl +0.010 WRr 0.78 WRf 0.78
upd 1675  steps 27459584  sps 5384  opp frzn  loss -0.014  pg -0.0056  v 0.008  adv_std 0.133  tR +0.70  ent[s/d/p/e] 0.63/1.84/1.64/0.34  emits 2.36  clip 0.19  kl +0.010
upd 1676  steps 27475968  sps 5384  opp frzn  loss -0.014  pg -0.0066  v 0.009  adv_std 0.141  tR +0.61  ent[s/d/p/e] 0.56/1.81/1.60/0.35  emits 2.08  clip 0.14  kl +0.008
upd 1677  steps 27492352  sps 5385  opp frzn  loss -0.015  pg -0.0076  v 0.009  adv_std 0.144  tR +0.62  ent[s/d/p/e] 0.55/1.84/1.62/0.35  emits 2.02  clip 0.16  kl +0.009
upd 1678  steps 27508736  sps 5385  opp rand  loss -0.017  pg -0.0088  v 0.007  adv_std 0.124  tR +0.63  ent[s/d/p/e] 0.61/1.83/1.63/0.31  emits 2.40  clip 0.15  kl +0.007
upd 1679  steps 27525120  sps 5386  opp rand  loss -0.017  pg -0.0084  v 0.006  adv_std 0.115  tR +0.82  ent[s/d/p/e] 0.65/1.83/1.65/0.36  emits 2.22  clip 0.15  kl +0.007
upd 1680  steps 27541504  sps 5386  opp frzn  loss -0.015  pg -0.0068  v 0.006  adv_std 0.109  tR +0.67  ent[s/d/p/e] 0.59/1.79/1.64/0.37  emits 2.10  clip 0.16  kl +0.009
upd 1681  steps 27557888  sps 5387  opp rand  loss -0.017  pg -0.0085  v 0.006  adv_std 0.112  tR +0.75  ent[s/d/p/e] 0.56/1.84/1.63/0.34  emits 2.29  clip 0.16  kl +0.008
upd 1682  steps 27574272  sps 5387  opp frzn  loss -0.017  pg -0.0087  v 0.006  adv_std 0.115  tR +0.68  ent[s/d/p/e] 0.59/1.82/1.62/0.35  emits 2.17  clip 0.14  kl +0.009
upd 1683  steps 27590656  sps 5388  opp rand  loss -0.017  pg -0.0089  v 0.006  adv_std 0.119  tR +0.65  ent[s/d/p/e] 0.60/1.82/1.62/0.32  emits 2.35  clip 0.15  kl +0.008
upd 1684  steps 27607040  sps 5388  opp rand  loss -0.016  pg -0.0085  v 0.009  adv_std 0.143  tR +0.69  ent[s/d/p/e] 0.63/1.83/1.63/0.32  emits 2.30  clip 0.15  kl +0.008
upd 1685  steps 27623424  sps 5389  opp rand  loss -0.015  pg -0.0079  v 0.008  adv_std 0.135  tR +0.65  ent[s/d/p/e] 0.55/1.84/1.60/0.30  emits 2.34  clip 0.17  kl +0.011
upd 1686  steps 27639808  sps 5389  opp frzn  loss -0.015  pg -0.0069  v 0.007  adv_std 0.122  tR +0.72  ent[s/d/p/e] 0.63/1.80/1.63/0.36  emits 2.09  clip 0.15  kl +0.008
upd 1687  steps 27656192  sps 5389  opp frzn  loss -0.016  pg -0.0081  v 0.008  adv_std 0.130  tR +0.71  ent[s/d/p/e] 0.63/1.78/1.63/0.37  emits 2.01  clip 0.17  kl +0.011
upd 1688  steps 27672576  sps 5390  opp rand  loss -0.017  pg -0.0085  v 0.007  adv_std 0.122  tR +0.72  ent[s/d/p/e] 0.59/1.79/1.61/0.32  emits 2.12  clip 0.14  kl +0.008
upd 1689  steps 27688960  sps 5391  opp rand  loss -0.016  pg -0.0080  v 0.007  adv_std 0.126  tR +0.70  ent[s/d/p/e] 0.61/1.84/1.61/0.29  emits 2.23  clip 0.15  kl +0.008
upd 1690  steps 27705344  sps 5391  opp rand  loss -0.017  pg -0.0089  v 0.007  adv_std 0.119  tR +0.74  ent[s/d/p/e] 0.61/1.81/1.62/0.33  emits 2.12  clip 0.14  kl +0.007
upd 1691  steps 27721728  sps 5391  opp frzn  loss -0.016  pg -0.0077  v 0.005  adv_std 0.106  tR +0.79  ent[s/d/p/e] 0.58/1.76/1.63/0.36  emits 2.06  clip 0.16  kl +0.011
upd 1692  steps 27738112  sps 5392  opp rand  loss -0.016  pg -0.0086  v 0.008  adv_std 0.133  tR +0.70  ent[s/d/p/e] 0.61/1.85/1.61/0.32  emits 2.27  clip 0.15  kl +0.008
upd 1693  steps 27754496  sps 5392  opp frzn  loss -0.016  pg -0.0082  v 0.007  adv_std 0.126  tR +0.66  ent[s/d/p/e] 0.55/1.78/1.64/0.34  emits 2.09  clip 0.14  kl +0.009
upd 1694  steps 27770880  sps 5393  opp frzn  loss -0.017  pg -0.0090  v 0.010  adv_std 0.148  tR +0.63  ent[s/d/p/e] 0.61/1.81/1.62/0.34  emits 2.15  clip 0.16  kl +0.010
upd 1695  steps 27787264  sps 5393  opp rand  loss -0.016  pg -0.0085  v 0.007  adv_std 0.124  tR +0.59  ent[s/d/p/e] 0.59/1.87/1.60/0.30  emits 2.30  clip 0.17  kl +0.009
upd 1696  steps 27803648  sps 5394  opp frzn  loss -0.014  pg -0.0061  v 0.006  adv_std 0.115  tR +0.74  ent[s/d/p/e] 0.60/1.81/1.63/0.32  emits 2.18  clip 0.15  kl +0.009
upd 1697  steps 27820032  sps 5394  opp frzn  loss -0.014  pg -0.0064  v 0.009  adv_std 0.140  tR +0.62  ent[s/d/p/e] 0.61/1.80/1.63/0.31  emits 2.26  clip 0.16  kl +0.009
upd 1698  steps 27836416  sps 5395  opp rand  loss -0.015  pg -0.0068  v 0.006  adv_std 0.118  tR +0.70  ent[s/d/p/e] 0.70/1.79/1.63/0.32  emits 2.25  clip 0.17  kl +0.009
upd 1699  steps 27852800  sps 5395  opp frzn  loss -0.016  pg -0.0084  v 0.007  adv_std 0.125  tR +0.60  ent[s/d/p/e] 0.61/1.82/1.63/0.30  emits 2.26  clip 0.15  kl +0.009 WRr 0.84 WRf 1.00
upd 1700  steps 27869184  sps 5386  opp frzn  loss -0.017  pg -0.0082  v 0.006  adv_std 0.113  tR +0.74  ent[s/d/p/e] 0.63/1.74/1.65/0.36  emits 1.87  clip 0.15  kl +0.008
upd 1701  steps 27885568  sps 5386  opp rand  loss -0.016  pg -0.0084  v 0.007  adv_std 0.129  tR +0.73  ent[s/d/p/e] 0.57/1.74/1.61/0.32  emits 2.08  clip 0.14  kl +0.006
upd 1702  steps 27901952  sps 5387  opp frzn  loss -0.015  pg -0.0078  v 0.010  adv_std 0.146  tR +0.69  ent[s/d/p/e] 0.61/1.84/1.60/0.31  emits 2.18  clip 0.16  kl +0.009
upd 1703  steps 27918336  sps 5387  opp rand  loss -0.015  pg -0.0073  v 0.009  adv_std 0.141  tR +0.69  ent[s/d/p/e] 0.56/1.85/1.60/0.28  emits 2.36  clip 0.15  kl +0.009
upd 1704  steps 27934720  sps 5388  opp frzn  loss -0.015  pg -0.0077  v 0.009  adv_std 0.142  tR +0.61  ent[s/d/p/e] 0.58/1.79/1.63/0.31  emits 2.21  clip 0.15  kl +0.007
upd 1705  steps 27951104  sps 5388  opp frzn  loss -0.016  pg -0.0083  v 0.006  adv_std 0.117  tR +0.69  ent[s/d/p/e] 0.59/1.80/1.63/0.31  emits 2.25  clip 0.14  kl +0.008
upd 1706  steps 27967488  sps 5388  opp frzn  loss -0.016  pg -0.0079  v 0.007  adv_std 0.120  tR +0.70  ent[s/d/p/e] 0.52/1.81/1.62/0.33  emits 2.12  clip 0.14  kl +0.006
upd 1707  steps 27983872  sps 5389  opp frzn  loss -0.015  pg -0.0071  v 0.007  adv_std 0.126  tR +0.68  ent[s/d/p/e] 0.58/1.82/1.60/0.31  emits 2.24  clip 0.13  kl +0.007
upd 1708  steps 28000256  sps 5389  opp rand  loss -0.016  pg -0.0089  v 0.008  adv_std 0.132  tR +0.70  ent[s/d/p/e] 0.54/1.82/1.61/0.30  emits 2.28  clip 0.15  kl +0.009
upd 1709  steps 28016640  sps 5390  opp rand  loss -0.014  pg -0.0062  v 0.008  adv_std 0.133  tR +0.69  ent[s/d/p/e] 0.56/1.83/1.59/0.29  emits 2.24  clip 0.14  kl +0.007
upd 1710  steps 28033024  sps 5390  opp frzn  loss -0.014  pg -0.0056  v 0.006  adv_std 0.113  tR +0.70  ent[s/d/p/e] 0.62/1.82/1.65/0.32  emits 2.28  clip 0.16  kl +0.009
upd 1711  steps 28049408  sps 5391  opp frzn  loss -0.015  pg -0.0078  v 0.008  adv_std 0.136  tR +0.67  ent[s/d/p/e] 0.59/1.83/1.62/0.31  emits 2.33  clip 0.14  kl +0.009
upd 1712  steps 28065792  sps 5391  opp rand  loss -0.016  pg -0.0088  v 0.008  adv_std 0.135  tR +0.78  ent[s/d/p/e] 0.57/1.82/1.61/0.32  emits 2.23  clip 0.15  kl +0.006
upd 1713  steps 28082176  sps 5392  opp rand  loss -0.016  pg -0.0073  v 0.006  adv_std 0.112  tR +0.74  ent[s/d/p/e] 0.65/1.83/1.60/0.31  emits 2.32  clip 0.15  kl +0.007
upd 1714  steps 28098560  sps 5392  opp rand  loss -0.017  pg -0.0095  v 0.011  adv_std 0.157  tR +0.65  ent[s/d/p/e] 0.63/1.85/1.60/0.28  emits 2.47  clip 0.17  kl +0.011
upd 1715  steps 28114944  sps 5393  opp frzn  loss -0.015  pg -0.0069  v 0.005  adv_std 0.105  tR +0.72  ent[s/d/p/e] 0.60/1.75/1.63/0.36  emits 1.96  clip 0.14  kl +0.009
upd 1716  steps 28131328  sps 5393  opp frzn  loss -0.014  pg -0.0051  v 0.005  adv_std 0.103  tR +0.73  ent[s/d/p/e] 0.62/1.73/1.64/0.37  emits 2.11  clip 0.16  kl +0.011
upd 1717  steps 28147712  sps 5393  opp frzn  loss -0.016  pg -0.0084  v 0.010  adv_std 0.145  tR +0.57  ent[s/d/p/e] 0.63/1.79/1.60/0.33  emits 2.20  clip 0.14  kl +0.007
upd 1718  steps 28164096  sps 5394  opp frzn  loss -0.017  pg -0.0093  v 0.008  adv_std 0.133  tR +0.55  ent[s/d/p/e] 0.62/1.78/1.62/0.34  emits 2.14  clip 0.12  kl +0.006
upd 1719  steps 28180480  sps 5394  opp frzn  loss -0.014  pg -0.0059  v 0.010  adv_std 0.149  tR +0.66  ent[s/d/p/e] 0.63/1.75/1.64/0.36  emits 2.04  clip 0.15  kl +0.011
upd 1720  steps 28196864  sps 5394  opp frzn  loss -0.015  pg -0.0066  v 0.006  adv_std 0.114  tR +0.81  ent[s/d/p/e] 0.61/1.78/1.64/0.38  emits 2.01  clip 0.15  kl +0.008
upd 1721  steps 28213248  sps 5395  opp frzn  loss -0.016  pg -0.0085  v 0.009  adv_std 0.138  tR +0.65  ent[s/d/p/e] 0.62/1.79/1.62/0.34  emits 2.24  clip 0.15  kl +0.010
upd 1722  steps 28229632  sps 5395  opp rand  loss -0.016  pg -0.0081  v 0.008  adv_std 0.132  tR +0.67  ent[s/d/p/e] 0.60/1.81/1.62/0.34  emits 2.23  clip 0.18  kl +0.011
upd 1723  steps 28246016  sps 5396  opp frzn  loss -0.015  pg -0.0066  v 0.007  adv_std 0.122  tR +0.68  ent[s/d/p/e] 0.60/1.77/1.65/0.37  emits 2.13  clip 0.16  kl +0.009
upd 1724  steps 28262400  sps 5396  opp frzn  loss -0.017  pg -0.0080  v 0.005  adv_std 0.107  tR +0.73  ent[s/d/p/e] 0.60/1.75/1.65/0.38  emits 2.01  clip 0.14  kl +0.010 WRr 0.84 WRf 0.91
upd 1725  steps 28278784  sps 5387  opp rand  loss -0.017  pg -0.0087  v 0.006  adv_std 0.114  tR +0.64  ent[s/d/p/e] 0.58/1.79/1.61/0.33  emits 2.32  clip 0.17  kl +0.009
upd 1726  steps 28295168  sps 5388  opp rand  loss -0.014  pg -0.0058  v 0.008  adv_std 0.132  tR +0.75  ent[s/d/p/e] 0.63/1.78/1.64/0.34  emits 2.27  clip 0.14  kl +0.009
upd 1727  steps 28311552  sps 5388  opp rand  loss -0.015  pg -0.0068  v 0.008  adv_std 0.130  tR +0.68  ent[s/d/p/e] 0.59/1.77/1.61/0.33  emits 2.29  clip 0.16  kl +0.008
upd 1728  steps 28327936  sps 5389  opp frzn  loss -0.016  pg -0.0083  v 0.007  adv_std 0.128  tR +0.65  ent[s/d/p/e] 0.65/1.74/1.62/0.36  emits 2.21  clip 0.16  kl +0.010
upd 1729  steps 28344320  sps 5389  opp rand  loss -0.016  pg -0.0081  v 0.007  adv_std 0.125  tR +0.63  ent[s/d/p/e] 0.65/1.76/1.61/0.33  emits 2.30  clip 0.16  kl +0.011
upd 1730  steps 28360704  sps 5390  opp rand  loss -0.017  pg -0.0093  v 0.008  adv_std 0.130  tR +0.69  ent[s/d/p/e] 0.66/1.77/1.60/0.34  emits 2.29  clip 0.15  kl +0.009
upd 1731  steps 28377088  sps 5390  opp rand  loss -0.017  pg -0.0086  v 0.007  adv_std 0.126  tR +0.67  ent[s/d/p/e] 0.63/1.75/1.59/0.34  emits 2.31  clip 0.15  kl +0.008
upd 1732  steps 28393472  sps 5390  opp frzn  loss -0.016  pg -0.0077  v 0.006  adv_std 0.113  tR +0.75  ent[s/d/p/e] 0.64/1.72/1.64/0.40  emits 2.01  clip 0.16  kl +0.010
upd 1733  steps 28409856  sps 5391  opp frzn  loss -0.014  pg -0.0057  v 0.007  adv_std 0.120  tR +0.66  ent[s/d/p/e] 0.67/1.67/1.63/0.38  emits 2.03  clip 0.18  kl +0.011
upd 1734  steps 28426240  sps 5391  opp frzn  loss -0.014  pg -0.0059  v 0.008  adv_std 0.135  tR +0.70  ent[s/d/p/e] 0.62/1.67/1.64/0.38  emits 1.91  clip 0.16  kl +0.011
upd 1735  steps 28442624  sps 5392  opp frzn  loss -0.014  pg -0.0067  v 0.008  adv_std 0.135  tR +0.73  ent[s/d/p/e] 0.55/1.68/1.64/0.37  emits 1.99  clip 0.15  kl +0.011
upd 1736  steps 28459008  sps 5392  opp rand  loss -0.015  pg -0.0072  v 0.007  adv_std 0.125  tR +0.66  ent[s/d/p/e] 0.54/1.73/1.62/0.34  emits 2.22  clip 0.15  kl +0.008
upd 1737  steps 28475392  sps 5393  opp rand  loss -0.016  pg -0.0078  v 0.007  adv_std 0.127  tR +0.77  ent[s/d/p/e] 0.57/1.76/1.59/0.33  emits 2.32  clip 0.17  kl +0.008
upd 1738  steps 28491776  sps 5393  opp frzn  loss -0.016  pg -0.0076  v 0.007  adv_std 0.122  tR +0.69  ent[s/d/p/e] 0.61/1.67/1.62/0.39  emits 1.94  clip 0.15  kl +0.009
upd 1739  steps 28508160  sps 5393  opp frzn  loss -0.015  pg -0.0067  v 0.007  adv_std 0.125  tR +0.73  ent[s/d/p/e] 0.59/1.71/1.62/0.35  emits 2.17  clip 0.17  kl +0.010
upd 1740  steps 28524544  sps 5394  opp rand  loss -0.017  pg -0.0090  v 0.006  adv_std 0.117  tR +0.74  ent[s/d/p/e] 0.62/1.72/1.60/0.35  emits 2.22  clip 0.13  kl +0.006
upd 1741  steps 28540928  sps 5394  opp frzn  loss -0.016  pg -0.0084  v 0.008  adv_std 0.131  tR +0.60  ent[s/d/p/e] 0.61/1.73/1.62/0.35  emits 2.10  clip 0.14  kl +0.007
upd 1742  steps 28557312  sps 5395  opp rand  loss -0.016  pg -0.0082  v 0.009  adv_std 0.139  tR +0.72  ent[s/d/p/e] 0.60/1.75/1.62/0.35  emits 2.15  clip 0.12  kl +0.005
upd 1743  steps 28573696  sps 5395  opp rand  loss -0.017  pg -0.0089  v 0.008  adv_std 0.130  tR +0.60  ent[s/d/p/e] 0.58/1.68/1.61/0.35  emits 2.22  clip 0.14  kl +0.009
upd 1744  steps 28590080  sps 5396  opp rand  loss -0.015  pg -0.0069  v 0.007  adv_std 0.122  tR +0.70  ent[s/d/p/e] 0.62/1.73/1.60/0.35  emits 2.21  clip 0.15  kl +0.008
upd 1745  steps 28606464  sps 5396  opp frzn  loss -0.018  pg -0.0089  v 0.006  adv_std 0.118  tR +0.62  ent[s/d/p/e] 0.65/1.70/1.65/0.40  emits 1.93  clip 0.15  kl +0.009
upd 1746  steps 28622848  sps 5397  opp rand  loss -0.014  pg -0.0065  v 0.007  adv_std 0.125  tR +0.71  ent[s/d/p/e] 0.57/1.72/1.61/0.37  emits 2.04  clip 0.15  kl +0.007
upd 1747  steps 28639232  sps 5397  opp rand  loss -0.015  pg -0.0068  v 0.007  adv_std 0.122  tR +0.67  ent[s/d/p/e] 0.62/1.72/1.60/0.37  emits 2.14  clip 0.16  kl +0.008
upd 1748  steps 28655616  sps 5398  opp frzn  loss -0.018  pg -0.0089  v 0.005  adv_std 0.105  tR +0.78  ent[s/d/p/e] 0.63/1.69/1.63/0.39  emits 2.04  clip 0.16  kl +0.010
upd 1749  steps 28672000  sps 5398  opp frzn  loss -0.015  pg -0.0067  v 0.008  adv_std 0.127  tR +0.67  ent[s/d/p/e] 0.62/1.67/1.62/0.38  emits 1.92  clip 0.15  kl +0.008 WRr 0.91 WRf 0.84
upd 1750  steps 28688384  sps 5387  opp rand  loss -0.015  pg -0.0075  v 0.008  adv_std 0.128  tR +0.62  ent[s/d/p/e] 0.62/1.71/1.59/0.34  emits 2.19  clip 0.14  kl +0.009
upd 1751  steps 28704768  sps 5387  opp rand  loss -0.014  pg -0.0062  v 0.007  adv_std 0.126  tR +0.74  ent[s/d/p/e] 0.64/1.67/1.61/0.37  emits 2.12  clip 0.15  kl +0.008
upd 1752  steps 28721152  sps 5388  opp rand  loss -0.017  pg -0.0085  v 0.007  adv_std 0.124  tR +0.74  ent[s/d/p/e] 0.61/1.73/1.61/0.35  emits 2.16  clip 0.15  kl +0.007
upd 1753  steps 28737536  sps 5388  opp frzn  loss -0.016  pg -0.0076  v 0.005  adv_std 0.112  tR +0.73  ent[s/d/p/e] 0.59/1.67/1.62/0.39  emits 2.00  clip 0.15  kl +0.008
upd 1754  steps 28753920  sps 5389  opp rand  loss -0.016  pg -0.0081  v 0.008  adv_std 0.135  tR +0.73  ent[s/d/p/e] 0.54/1.67/1.61/0.37  emits 1.98  clip 0.14  kl +0.006
upd 1755  steps 28770304  sps 5389  opp frzn  loss -0.017  pg -0.0083  v 0.007  adv_std 0.125  tR +0.76  ent[s/d/p/e] 0.61/1.69/1.65/0.39  emits 2.00  clip 0.16  kl +0.010
upd 1756  steps 28786688  sps 5389  opp rand  loss -0.016  pg -0.0080  v 0.007  adv_std 0.119  tR +0.70  ent[s/d/p/e] 0.59/1.70/1.60/0.37  emits 2.14  clip 0.13  kl +0.008
upd 1757  steps 28803072  sps 5390  opp frzn  loss -0.017  pg -0.0088  v 0.005  adv_std 0.109  tR +0.66  ent[s/d/p/e] 0.60/1.67/1.61/0.36  emits 1.99  clip 0.14  kl +0.009
upd 1758  steps 28819456  sps 5390  opp rand  loss -0.017  pg -0.0084  v 0.006  adv_std 0.113  tR +0.73  ent[s/d/p/e] 0.61/1.69/1.61/0.37  emits 2.19  clip 0.15  kl +0.007
upd 1759  steps 28835840  sps 5391  opp frzn  loss -0.014  pg -0.0065  v 0.008  adv_std 0.135  tR +0.74  ent[s/d/p/e] 0.60/1.65/1.64/0.39  emits 1.95  clip 0.16  kl +0.010
upd 1760  steps 28852224  sps 5391  opp frzn  loss -0.015  pg -0.0070  v 0.007  adv_std 0.126  tR +0.70  ent[s/d/p/e] 0.58/1.69/1.61/0.38  emits 1.98  clip 0.14  kl +0.008
upd 1761  steps 28868608  sps 5392  opp rand  loss -0.014  pg -0.0059  v 0.007  adv_std 0.125  tR +0.78  ent[s/d/p/e] 0.56/1.65/1.62/0.41  emits 1.90  clip 0.14  kl +0.007
upd 1762  steps 28884992  sps 5392  opp rand  loss -0.017  pg -0.0086  v 0.008  adv_std 0.126  tR +0.73  ent[s/d/p/e] 0.63/1.72/1.62/0.38  emits 2.05  clip 0.16  kl +0.008
upd 1763  steps 28901376  sps 5393  opp rand  loss -0.017  pg -0.0090  v 0.009  adv_std 0.138  tR +0.57  ent[s/d/p/e] 0.61/1.72/1.60/0.35  emits 2.13  clip 0.15  kl +0.009
upd 1764  steps 28917760  sps 5393  opp rand  loss -0.016  pg -0.0083  v 0.008  adv_std 0.131  tR +0.73  ent[s/d/p/e] 0.66/1.68/1.64/0.38  emits 1.98  clip 0.13  kl +0.007
upd 1765  steps 28934144  sps 5394  opp rand  loss -0.017  pg -0.0091  v 0.007  adv_std 0.121  tR +0.72  ent[s/d/p/e] 0.63/1.77/1.62/0.36  emits 2.25  clip 0.14  kl +0.006
upd 1766  steps 28950528  sps 5394  opp rand  loss -0.015  pg -0.0072  v 0.008  adv_std 0.130  tR +0.68  ent[s/d/p/e] 0.61/1.74/1.64/0.36  emits 2.28  clip 0.17  kl +0.009
upd 1767  steps 28966912  sps 5394  opp frzn  loss -0.016  pg -0.0084  v 0.011  adv_std 0.156  tR +0.64  ent[s/d/p/e] 0.60/1.75/1.63/0.37  emits 2.17  clip 0.16  kl +0.012
upd 1768  steps 28983296  sps 5395  opp rand  loss -0.016  pg -0.0077  v 0.007  adv_std 0.127  tR +0.71  ent[s/d/p/e] 0.61/1.74/1.64/0.37  emits 2.20  clip 0.16  kl +0.009
upd 1769  steps 28999680  sps 5395  opp rand  loss -0.016  pg -0.0081  v 0.007  adv_std 0.127  tR +0.69  ent[s/d/p/e] 0.63/1.79/1.60/0.33  emits 2.43  clip 0.16  kl +0.010
upd 1770  steps 29016064  sps 5396  opp rand  loss -0.015  pg -0.0064  v 0.009  adv_std 0.138  tR +0.60  ent[s/d/p/e] 0.72/1.81/1.63/0.34  emits 2.35  clip 0.16  kl +0.009
upd 1771  steps 29032448  sps 5396  opp rand  loss -0.016  pg -0.0075  v 0.006  adv_std 0.112  tR +0.76  ent[s/d/p/e] 0.63/1.75/1.63/0.34  emits 2.22  clip 0.17  kl +0.010
upd 1772  steps 29048832  sps 5397  opp frzn  loss -0.017  pg -0.0087  v 0.006  adv_std 0.119  tR +0.65  ent[s/d/p/e] 0.61/1.73/1.61/0.35  emits 2.16  clip 0.15  kl +0.010
upd 1773  steps 29065216  sps 5397  opp frzn  loss -0.015  pg -0.0067  v 0.008  adv_std 0.128  tR +0.67  ent[s/d/p/e] 0.60/1.74/1.62/0.36  emits 2.09  clip 0.15  kl +0.007
upd 1774  steps 29081600  sps 5398  opp frzn  loss -0.015  pg -0.0071  v 0.008  adv_std 0.130  tR +0.68  ent[s/d/p/e] 0.62/1.66/1.66/0.40  emits 1.82  clip 0.15  kl +0.009 WRr 0.94 WRf 0.91
upd 1775  steps 29097984  sps 5389  opp frzn  loss -0.015  pg -0.0067  v 0.006  adv_std 0.117  tR +0.72  ent[s/d/p/e] 0.65/1.72/1.66/0.37  emits 1.98  clip 0.16  kl +0.009
upd 1776  steps 29114368  sps 5389  opp frzn  loss -0.015  pg -0.0070  v 0.009  adv_std 0.143  tR +0.65  ent[s/d/p/e] 0.58/1.72/1.64/0.36  emits 2.00  clip 0.14  kl +0.008
upd 1777  steps 29130752  sps 5390  opp rand  loss -0.013  pg -0.0050  v 0.007  adv_std 0.121  tR +0.75  ent[s/d/p/e] 0.64/1.77/1.60/0.34  emits 2.12  clip 0.15  kl +0.005
upd 1778  steps 29147136  sps 5390  opp frzn  loss -0.014  pg -0.0059  v 0.006  adv_std 0.115  tR +0.80  ent[s/d/p/e] 0.63/1.73/1.62/0.38  emits 2.00  clip 0.13  kl +0.007
upd 1779  steps 29163520  sps 5390  opp rand  loss -0.017  pg -0.0084  v 0.006  adv_std 0.119  tR +0.74  ent[s/d/p/e] 0.66/1.73/1.59/0.34  emits 2.17  clip 0.14  kl +0.008
upd 1780  steps 29179904  sps 5391  opp rand  loss -0.016  pg -0.0081  v 0.009  adv_std 0.138  tR +0.71  ent[s/d/p/e] 0.63/1.77/1.58/0.35  emits 2.19  clip 0.15  kl +0.009
upd 1781  steps 29196288  sps 5391  opp frzn  loss -0.017  pg -0.0087  v 0.006  adv_std 0.115  tR +0.63  ent[s/d/p/e] 0.59/1.72/1.61/0.36  emits 2.02  clip 0.15  kl +0.010
upd 1782  steps 29212672  sps 5392  opp rand  loss -0.016  pg -0.0083  v 0.006  adv_std 0.114  tR +0.78  ent[s/d/p/e] 0.61/1.76/1.59/0.35  emits 2.13  clip 0.14  kl +0.008
upd 1783  steps 29229056  sps 5392  opp frzn  loss -0.017  pg -0.0083  v 0.006  adv_std 0.115  tR +0.64  ent[s/d/p/e] 0.66/1.74/1.61/0.37  emits 2.18  clip 0.16  kl +0.011
upd 1784  steps 29245440  sps 5393  opp rand  loss -0.015  pg -0.0077  v 0.009  adv_std 0.142  tR +0.62  ent[s/d/p/e] 0.63/1.73/1.56/0.34  emits 2.31  clip 0.16  kl +0.009
upd 1785  steps 29261824  sps 5393  opp frzn  loss -0.015  pg -0.0075  v 0.009  adv_std 0.136  tR +0.63  ent[s/d/p/e] 0.65/1.72/1.60/0.34  emits 2.19  clip 0.15  kl +0.008
upd 1786  steps 29278208  sps 5394  opp rand  loss -0.016  pg -0.0078  v 0.008  adv_std 0.136  tR +0.65  ent[s/d/p/e] 0.64/1.80/1.59/0.32  emits 2.37  clip 0.15  kl +0.008
upd 1787  steps 29294592  sps 5394  opp rand  loss -0.014  pg -0.0063  v 0.006  adv_std 0.116  tR +0.72  ent[s/d/p/e] 0.65/1.77/1.56/0.31  emits 2.45  clip 0.16  kl +0.010
upd 1788  steps 29310976  sps 5394  opp frzn  loss -0.016  pg -0.0083  v 0.008  adv_std 0.132  tR +0.73  ent[s/d/p/e] 0.62/1.74/1.60/0.35  emits 2.22  clip 0.16  kl +0.010
upd 1789  steps 29327360  sps 5395  opp frzn  loss -0.016  pg -0.0078  v 0.006  adv_std 0.112  tR +0.66  ent[s/d/p/e] 0.56/1.68/1.59/0.37  emits 2.02  clip 0.16  kl +0.008
upd 1790  steps 29343744  sps 5395  opp frzn  loss -0.017  pg -0.0092  v 0.008  adv_std 0.131  tR +0.69  ent[s/d/p/e] 0.62/1.77/1.62/0.38  emits 2.07  clip 0.14  kl +0.010
upd 1791  steps 29360128  sps 5396  opp frzn  loss -0.016  pg -0.0081  v 0.007  adv_std 0.128  tR +0.68  ent[s/d/p/e] 0.62/1.71/1.62/0.39  emits 2.02  clip 0.16  kl +0.008
upd 1792  steps 29376512  sps 5396  opp rand  loss -0.014  pg -0.0064  v 0.007  adv_std 0.124  tR +0.74  ent[s/d/p/e] 0.62/1.77/1.60/0.33  emits 2.31  clip 0.18  kl +0.011
upd 1793  steps 29392896  sps 5396  opp frzn  loss -0.016  pg -0.0088  v 0.008  adv_std 0.136  tR +0.59  ent[s/d/p/e] 0.61/1.78/1.59/0.31  emits 2.44  clip 0.17  kl +0.010
upd 1794  steps 29409280  sps 5397  opp frzn  loss -0.016  pg -0.0076  v 0.006  adv_std 0.117  tR +0.74  ent[s/d/p/e] 0.61/1.74/1.62/0.37  emits 2.12  clip 0.14  kl +0.006
upd 1795  steps 29425664  sps 5397  opp rand  loss -0.016  pg -0.0077  v 0.007  adv_std 0.121  tR +0.65  ent[s/d/p/e] 0.63/1.78/1.58/0.33  emits 2.46  clip 0.15  kl +0.008
upd 1796  steps 29442048  sps 5398  opp frzn  loss -0.016  pg -0.0082  v 0.010  adv_std 0.145  tR +0.66  ent[s/d/p/e] 0.58/1.72/1.59/0.35  emits 2.17  clip 0.14  kl +0.009
upd 1797  steps 29458432  sps 5398  opp frzn  loss -0.015  pg -0.0062  v 0.006  adv_std 0.116  tR +0.76  ent[s/d/p/e] 0.64/1.73/1.62/0.40  emits 1.99  clip 0.14  kl +0.008
upd 1798  steps 29474816  sps 5398  opp rand  loss -0.015  pg -0.0073  v 0.009  adv_std 0.136  tR +0.66  ent[s/d/p/e] 0.59/1.76/1.55/0.32  emits 2.34  clip 0.17  kl +0.010
upd 1799  steps 29491200  sps 5399  opp frzn  loss -0.015  pg -0.0070  v 0.007  adv_std 0.122  tR +0.75  ent[s/d/p/e] 0.57/1.76/1.59/0.35  emits 2.19  clip 0.15  kl +0.010 WRr 0.84 WRf 0.94
upd 1800  steps 29507584  sps 5390  opp frzn  loss -0.016  pg -0.0085  v 0.008  adv_std 0.132  tR +0.76  ent[s/d/p/e] 0.61/1.72/1.58/0.38  emits 2.02  clip 0.13  kl +0.008
upd 1801  steps 29523968  sps 5391  opp rand  loss -0.014  pg -0.0066  v 0.008  adv_std 0.131  tR +0.69  ent[s/d/p/e] 0.63/1.70/1.59/0.37  emits 2.22  clip 0.16  kl +0.009
upd 1802  steps 29540352  sps 5391  opp frzn  loss -0.015  pg -0.0071  v 0.006  adv_std 0.114  tR +0.66  ent[s/d/p/e] 0.66/1.74/1.58/0.34  emits 2.19  clip 0.15  kl +0.009
upd 1803  steps 29556736  sps 5392  opp rand  loss -0.015  pg -0.0071  v 0.007  adv_std 0.121  tR +0.73  ent[s/d/p/e] 0.63/1.75/1.57/0.34  emits 2.32  clip 0.15  kl +0.009
upd 1804  steps 29573120  sps 5392  opp rand  loss -0.016  pg -0.0080  v 0.006  adv_std 0.115  tR +0.82  ent[s/d/p/e] 0.65/1.70/1.59/0.36  emits 2.27  clip 0.15  kl +0.008
upd 1805  steps 29589504  sps 5392  opp rand  loss -0.014  pg -0.0064  v 0.010  adv_std 0.148  tR +0.63  ent[s/d/p/e] 0.70/1.76/1.56/0.35  emits 2.39  clip 0.18  kl +0.009
upd 1806  steps 29605888  sps 5393  opp rand  loss -0.015  pg -0.0066  v 0.004  adv_std 0.098  tR +0.79  ent[s/d/p/e] 0.72/1.65/1.56/0.38  emits 2.27  clip 0.16  kl +0.009
upd 1807  steps 29622272  sps 5393  opp frzn  loss -0.014  pg -0.0065  v 0.008  adv_std 0.129  tR +0.65  ent[s/d/p/e] 0.66/1.73/1.57/0.36  emits 2.18  clip 0.17  kl +0.010
upd 1808  steps 29638656  sps 5394  opp frzn  loss -0.015  pg -0.0068  v 0.007  adv_std 0.123  tR +0.62  ent[s/d/p/e] 0.59/1.70/1.61/0.39  emits 2.07  clip 0.15  kl +0.010
upd 1809  steps 29655040  sps 5394  opp rand  loss -0.016  pg -0.0083  v 0.007  adv_std 0.118  tR +0.62  ent[s/d/p/e] 0.59/1.76/1.55/0.33  emits 2.43  clip 0.16  kl +0.010
upd 1810  steps 29671424  sps 5395  opp frzn  loss -0.016  pg -0.0077  v 0.008  adv_std 0.129  tR +0.64  ent[s/d/p/e] 0.60/1.73/1.59/0.37  emits 2.15  clip 0.15  kl +0.012
upd 1811  steps 29687808  sps 5395  opp frzn  loss -0.015  pg -0.0063  v 0.005  adv_std 0.102  tR +0.72  ent[s/d/p/e] 0.63/1.71/1.60/0.40  emits 2.07  clip 0.16  kl +0.008
upd 1812  steps 29704192  sps 5395  opp rand  loss -0.015  pg -0.0076  v 0.009  adv_std 0.140  tR +0.77  ent[s/d/p/e] 0.64/1.71/1.59/0.37  emits 2.24  clip 0.16  kl +0.009
upd 1813  steps 29720576  sps 5396  opp frzn  loss -0.015  pg -0.0068  v 0.008  adv_std 0.135  tR +0.64  ent[s/d/p/e] 0.62/1.77/1.57/0.36  emits 2.33  clip 0.16  kl +0.011
upd 1814  steps 29736960  sps 5396  opp frzn  loss -0.015  pg -0.0070  v 0.007  adv_std 0.124  tR +0.62  ent[s/d/p/e] 0.61/1.73/1.58/0.36  emits 2.19  clip 0.16  kl +0.008
upd 1815  steps 29753344  sps 5397  opp rand  loss -0.013  pg -0.0053  v 0.007  adv_std 0.127  tR +0.67  ent[s/d/p/e] 0.63/1.76/1.55/0.32  emits 2.50  clip 0.18  kl +0.011
upd 1816  steps 29769728  sps 5397  opp rand  loss -0.015  pg -0.0076  v 0.008  adv_std 0.133  tR +0.60  ent[s/d/p/e] 0.66/1.75/1.54/0.33  emits 2.43  clip 0.15  kl +0.009
upd 1817  steps 29786112  sps 5398  opp rand  loss -0.016  pg -0.0080  v 0.008  adv_std 0.130  tR +0.71  ent[s/d/p/e] 0.64/1.77/1.56/0.34  emits 2.54  clip 0.15  kl +0.007
upd 1818  steps 29802496  sps 5398  opp frzn  loss -0.017  pg -0.0088  v 0.006  adv_std 0.118  tR +0.68  ent[s/d/p/e] 0.63/1.73/1.61/0.39  emits 2.12  clip 0.16  kl +0.009
upd 1819  steps 29818880  sps 5398  opp rand  loss -0.015  pg -0.0073  v 0.007  adv_std 0.126  tR +0.71  ent[s/d/p/e] 0.66/1.72/1.59/0.37  emits 2.33  clip 0.17  kl +0.009
upd 1820  steps 29835264  sps 5399  opp rand  loss -0.015  pg -0.0069  v 0.007  adv_std 0.120  tR +0.76  ent[s/d/p/e] 0.70/1.76/1.59/0.35  emits 2.45  clip 0.15  kl +0.009
upd 1821  steps 29851648  sps 5399  opp frzn  loss -0.016  pg -0.0085  v 0.010  adv_std 0.150  tR +0.55  ent[s/d/p/e] 0.62/1.76/1.61/0.36  emits 2.23  clip 0.15  kl +0.009
upd 1822  steps 29868032  sps 5400  opp rand  loss -0.016  pg -0.0081  v 0.008  adv_std 0.132  tR +0.74  ent[s/d/p/e] 0.68/1.76/1.60/0.35  emits 2.36  clip 0.18  kl +0.009
upd 1823  steps 29884416  sps 5400  opp frzn  loss -0.016  pg -0.0073  v 0.006  adv_std 0.117  tR +0.73  ent[s/d/p/e] 0.61/1.76/1.62/0.39  emits 2.19  clip 0.15  kl +0.011
upd 1824  steps 29900800  sps 5400  opp frzn  loss -0.016  pg -0.0078  v 0.005  adv_std 0.106  tR +0.69  ent[s/d/p/e] 0.65/1.68/1.62/0.42  emits 1.98  clip 0.14  kl +0.009 WRr 0.84 WRf 0.94
upd 1825  steps 29917184  sps 5392  opp frzn  loss -0.015  pg -0.0072  v 0.008  adv_std 0.128  tR +0.70  ent[s/d/p/e] 0.63/1.75/1.62/0.40  emits 2.10  clip 0.16  kl +0.009
upd 1826  steps 29933568  sps 5392  opp rand  loss -0.015  pg -0.0071  v 0.007  adv_std 0.124  tR +0.64  ent[s/d/p/e] 0.70/1.71/1.58/0.35  emits 2.39  clip 0.16  kl +0.009
upd 1827  steps 29949952  sps 5393  opp frzn  loss -0.016  pg -0.0071  v 0.006  adv_std 0.120  tR +0.72  ent[s/d/p/e] 0.66/1.73/1.63/0.38  emits 2.19  clip 0.17  kl +0.010
upd 1828  steps 29966336  sps 5393  opp rand  loss -0.015  pg -0.0071  v 0.007  adv_std 0.119  tR +0.68  ent[s/d/p/e] 0.67/1.80/1.58/0.34  emits 2.53  clip 0.17  kl +0.008
upd 1829  steps 29982720  sps 5394  opp frzn  loss -0.017  pg -0.0078  v 0.004  adv_std 0.100  tR +0.78  ent[s/d/p/e] 0.66/1.79/1.64/0.37  emits 2.38  clip 0.15  kl +0.010
upd 1830  steps 29999104  sps 5394  opp rand  loss -0.017  pg -0.0086  v 0.006  adv_std 0.111  tR +0.78  ent[s/d/p/e] 0.65/1.83/1.60/0.34  emits 2.62  clip 0.15  kl +0.008
upd 1831  steps 30015488  sps 5395  opp rand  loss -0.016  pg -0.0080  v 0.007  adv_std 0.127  tR +0.73  ent[s/d/p/e] 0.62/1.77/1.59/0.34  emits 2.48  clip 0.15  kl +0.007
upd 1832  steps 30031872  sps 5395  opp rand  loss -0.015  pg -0.0065  v 0.008  adv_std 0.129  tR +0.71  ent[s/d/p/e] 0.68/1.79/1.59/0.34  emits 2.60  clip 0.17  kl +0.011
upd 1833  steps 30048256  sps 5396  opp rand  loss -0.016  pg -0.0076  v 0.007  adv_std 0.120  tR +0.82  ent[s/d/p/e] 0.67/1.79/1.58/0.35  emits 2.56  clip 0.16  kl +0.007
upd 1834  steps 30064640  sps 5396  opp frzn  loss -0.017  pg -0.0078  v 0.005  adv_std 0.103  tR +0.78  ent[s/d/p/e] 0.65/1.80/1.61/0.39  emits 2.32  clip 0.16  kl +0.008
upd 1835  steps 30081024  sps 5396  opp frzn  loss -0.014  pg -0.0055  v 0.006  adv_std 0.114  tR +0.80  ent[s/d/p/e] 0.63/1.77/1.63/0.43  emits 2.12  clip 0.15  kl +0.008
upd 1836  steps 30097408  sps 5397  opp frzn  loss -0.015  pg -0.0066  v 0.006  adv_std 0.115  tR +0.76  ent[s/d/p/e] 0.62/1.77/1.63/0.42  emits 2.18  clip 0.14  kl +0.007
upd 1837  steps 30113792  sps 5397  opp frzn  loss -0.015  pg -0.0061  v 0.005  adv_std 0.100  tR +0.73  ent[s/d/p/e] 0.61/1.80/1.62/0.41  emits 2.21  clip 0.15  kl +0.008
upd 1838  steps 30130176  sps 5397  opp rand  loss -0.015  pg -0.0064  v 0.006  adv_std 0.112  tR +0.80  ent[s/d/p/e] 0.64/1.79/1.60/0.38  emits 2.37  clip 0.17  kl +0.010
upd 1839  steps 30146560  sps 5398  opp frzn  loss -0.017  pg -0.0078  v 0.006  adv_std 0.117  tR +0.72  ent[s/d/p/e] 0.67/1.76/1.65/0.42  emits 2.25  clip 0.16  kl +0.010
upd 1840  steps 30162944  sps 5398  opp frzn  loss -0.017  pg -0.0081  v 0.006  adv_std 0.110  tR +0.73  ent[s/d/p/e] 0.64/1.77/1.63/0.42  emits 2.19  clip 0.16  kl +0.010
upd 1841  steps 30179328  sps 5399  opp rand  loss -0.016  pg -0.0077  v 0.006  adv_std 0.111  tR +0.74  ent[s/d/p/e] 0.68/1.78/1.61/0.37  emits 2.46  clip 0.17  kl +0.009
upd 1842  steps 30195712  sps 5399  opp rand  loss -0.014  pg -0.0064  v 0.009  adv_std 0.140  tR +0.78  ent[s/d/p/e] 0.64/1.80/1.57/0.33  emits 2.55  clip 0.15  kl +0.009
upd 1843  steps 30212096  sps 5400  opp rand  loss -0.015  pg -0.0073  v 0.007  adv_std 0.127  tR +0.74  ent[s/d/p/e] 0.61/1.80/1.60/0.35  emits 2.61  clip 0.17  kl +0.011
upd 1844  steps 30228480  sps 5400  opp rand  loss -0.015  pg -0.0073  v 0.007  adv_std 0.118  tR +0.76  ent[s/d/p/e] 0.63/1.83/1.58/0.34  emits 2.72  clip 0.16  kl +0.007
upd 1845  steps 30244864  sps 5400  opp frzn  loss -0.016  pg -0.0083  v 0.008  adv_std 0.135  tR +0.67  ent[s/d/p/e] 0.65/1.80/1.62/0.40  emits 2.34  clip 0.16  kl +0.009
upd 1846  steps 30261248  sps 5401  opp frzn  loss -0.016  pg -0.0079  v 0.006  adv_std 0.119  tR +0.70  ent[s/d/p/e] 0.65/1.78/1.60/0.38  emits 2.28  clip 0.16  kl +0.009
upd 1847  steps 30277632  sps 5401  opp frzn  loss -0.017  pg -0.0088  v 0.007  adv_std 0.121  tR +0.68  ent[s/d/p/e] 0.62/1.79/1.62/0.40  emits 2.32  clip 0.16  kl +0.009
upd 1848  steps 30294016  sps 5401  opp frzn  loss -0.016  pg -0.0077  v 0.007  adv_std 0.119  tR +0.71  ent[s/d/p/e] 0.60/1.76/1.64/0.40  emits 2.27  clip 0.16  kl +0.010
upd 1849  steps 30310400  sps 5402  opp rand  loss -0.015  pg -0.0067  v 0.008  adv_std 0.130  tR +0.76  ent[s/d/p/e] 0.59/1.80/1.61/0.37  emits 2.47  clip 0.17  kl +0.011 WRr 0.97 WRf 0.81
upd 1850  steps 30326784  sps 5394  opp frzn  loss -0.016  pg -0.0076  v 0.006  adv_std 0.110  tR +0.72  ent[s/d/p/e] 0.61/1.77/1.61/0.37  emits 2.30  clip 0.16  kl +0.008
upd 1851  steps 30343168  sps 5394  opp frzn  loss -0.016  pg -0.0071  v 0.007  adv_std 0.120  tR +0.73  ent[s/d/p/e] 0.63/1.75/1.63/0.41  emits 2.11  clip 0.14  kl +0.006
upd 1852  steps 30359552  sps 5394  opp frzn  loss -0.016  pg -0.0073  v 0.005  adv_std 0.101  tR +0.76  ent[s/d/p/e] 0.64/1.73/1.65/0.42  emits 2.19  clip 0.14  kl +0.008
upd 1853  steps 30375936  sps 5395  opp rand  loss -0.016  pg -0.0076  v 0.007  adv_std 0.125  tR +0.65  ent[s/d/p/e] 0.65/1.86/1.59/0.31  emits 2.73  clip 0.17  kl +0.010
upd 1854  steps 30392320  sps 5395  opp rand  loss -0.016  pg -0.0083  v 0.007  adv_std 0.126  tR +0.67  ent[s/d/p/e] 0.68/1.82/1.59/0.33  emits 2.62  clip 0.15  kl +0.007
upd 1855  steps 30408704  sps 5396  opp frzn  loss -0.016  pg -0.0070  v 0.006  adv_std 0.114  tR +0.71  ent[s/d/p/e] 0.67/1.77/1.61/0.39  emits 2.21  clip 0.14  kl +0.009
upd 1856  steps 30425088  sps 5396  opp rand  loss -0.017  pg -0.0082  v 0.007  adv_std 0.126  tR +0.77  ent[s/d/p/e] 0.68/1.78/1.61/0.38  emits 2.32  clip 0.15  kl +0.008
upd 1857  steps 30441472  sps 5396  opp frzn  loss -0.014  pg -0.0058  v 0.008  adv_std 0.132  tR +0.75  ent[s/d/p/e] 0.64/1.81/1.60/0.36  emits 2.43  clip 0.16  kl +0.010
upd 1858  steps 30457856  sps 5397  opp rand  loss -0.015  pg -0.0066  v 0.006  adv_std 0.118  tR +0.73  ent[s/d/p/e] 0.62/1.78/1.59/0.36  emits 2.38  clip 0.16  kl +0.010
upd 1859  steps 30474240  sps 5397  opp rand  loss -0.014  pg -0.0060  v 0.007  adv_std 0.121  tR +0.70  ent[s/d/p/e] 0.66/1.83/1.58/0.33  emits 2.69  clip 0.17  kl +0.009
upd 1860  steps 30490624  sps 5398  opp frzn  loss -0.014  pg -0.0061  v 0.008  adv_std 0.136  tR +0.70  ent[s/d/p/e] 0.61/1.80/1.63/0.37  emits 2.43  clip 0.19  kl +0.013
upd 1861  steps 30507008  sps 5398  opp frzn  loss -0.015  pg -0.0067  v 0.008  adv_std 0.129  tR +0.69  ent[s/d/p/e] 0.57/1.79/1.63/0.38  emits 2.32  clip 0.18  kl +0.009
upd 1862  steps 30523392  sps 5398  opp frzn  loss -0.017  pg -0.0084  v 0.006  adv_std 0.118  tR +0.70  ent[s/d/p/e] 0.62/1.83/1.65/0.36  emits 2.43  clip 0.15  kl +0.007
upd 1863  steps 30539776  sps 5399  opp rand  loss -0.015  pg -0.0067  v 0.007  adv_std 0.129  tR +0.73  ent[s/d/p/e] 0.66/1.81/1.60/0.35  emits 2.45  clip 0.14  kl +0.007
upd 1864  steps 30556160  sps 5399  opp frzn  loss -0.016  pg -0.0084  v 0.008  adv_std 0.133  tR +0.65  ent[s/d/p/e] 0.66/1.77/1.61/0.37  emits 2.38  clip 0.17  kl +0.012
upd 1865  steps 30572544  sps 5400  opp rand  loss -0.017  pg -0.0088  v 0.006  adv_std 0.113  tR +0.70  ent[s/d/p/e] 0.65/1.82/1.60/0.36  emits 2.39  clip 0.16  kl +0.010
upd 1866  steps 30588928  sps 5400  opp frzn  loss -0.015  pg -0.0070  v 0.007  adv_std 0.126  tR +0.62  ent[s/d/p/e] 0.71/1.80/1.62/0.35  emits 2.46  clip 0.15  kl +0.009
upd 1867  steps 30605312  sps 5401  opp rand  loss -0.017  pg -0.0089  v 0.007  adv_std 0.127  tR +0.75  ent[s/d/p/e] 0.67/1.81/1.60/0.33  emits 2.54  clip 0.16  kl +0.008
upd 1868  steps 30621696  sps 5401  opp rand  loss -0.016  pg -0.0079  v 0.006  adv_std 0.117  tR +0.77  ent[s/d/p/e] 0.67/1.79/1.58/0.34  emits 2.58  clip 0.19  kl +0.010
upd 1869  steps 30638080  sps 5401  opp rand  loss -0.016  pg -0.0081  v 0.009  adv_std 0.137  tR +0.66  ent[s/d/p/e] 0.64/1.83/1.56/0.29  emits 2.67  clip 0.15  kl +0.007
upd 1870  steps 30654464  sps 5402  opp rand  loss -0.015  pg -0.0074  v 0.009  adv_std 0.145  tR +0.69  ent[s/d/p/e] 0.64/1.89/1.57/0.31  emits 2.69  clip 0.16  kl +0.009
upd 1871  steps 30670848  sps 5402  opp frzn  loss -0.015  pg -0.0069  v 0.008  adv_std 0.131  tR +0.63  ent[s/d/p/e] 0.65/1.85/1.63/0.36  emits 2.48  clip 0.16  kl +0.013
upd 1872  steps 30687232  sps 5403  opp frzn  loss -0.014  pg -0.0062  v 0.008  adv_std 0.129  tR +0.72  ent[s/d/p/e] 0.60/1.84/1.63/0.39  emits 2.35  clip 0.16  kl +0.009
upd 1873  steps 30703616  sps 5403  opp rand  loss -0.017  pg -0.0085  v 0.006  adv_std 0.119  tR +0.75  ent[s/d/p/e] 0.63/1.86/1.59/0.35  emits 2.47  clip 0.16  kl +0.008
upd 1874  steps 30720000  sps 5403  opp frzn  loss -0.016  pg -0.0077  v 0.007  adv_std 0.127  tR +0.65  ent[s/d/p/e] 0.59/1.84/1.59/0.36  emits 2.43  clip 0.16  kl +0.008 WRr 0.84 WRf 0.97
upd 1875  steps 30736384  sps 5395  opp rand  loss -0.018  pg -0.0092  v 0.006  adv_std 0.120  tR +0.75  ent[s/d/p/e] 0.67/1.85/1.59/0.34  emits 2.60  clip 0.17  kl +0.008
upd 1876  steps 30752768  sps 5396  opp rand  loss -0.015  pg -0.0071  v 0.009  adv_std 0.140  tR +0.69  ent[s/d/p/e] 0.71/1.86/1.60/0.33  emits 2.78  clip 0.17  kl +0.010
upd 1877  steps 30769152  sps 5396  opp rand  loss -0.017  pg -0.0086  v 0.007  adv_std 0.122  tR +0.74  ent[s/d/p/e] 0.68/1.84/1.55/0.34  emits 2.60  clip 0.16  kl +0.010
upd 1878  steps 30785536  sps 5397  opp rand  loss -0.016  pg -0.0077  v 0.007  adv_std 0.124  tR +0.62  ent[s/d/p/e] 0.64/1.87/1.56/0.31  emits 2.79  clip 0.18  kl +0.011
upd 1879  steps 30801920  sps 5397  opp frzn  loss -0.015  pg -0.0072  v 0.009  adv_std 0.139  tR +0.62  ent[s/d/p/e] 0.63/1.79/1.61/0.38  emits 2.41  clip 0.18  kl +0.011
upd 1880  steps 30818304  sps 5397  opp frzn  loss -0.015  pg -0.0062  v 0.005  adv_std 0.108  tR +0.64  ent[s/d/p/e] 0.66/1.77/1.62/0.40  emits 2.34  clip 0.15  kl +0.009
upd 1881  steps 30834688  sps 5398  opp frzn  loss -0.018  pg -0.0088  v 0.006  adv_std 0.120  tR +0.69  ent[s/d/p/e] 0.68/1.83/1.67/0.38  emits 2.49  clip 0.17  kl +0.011
upd 1882  steps 30851072  sps 5398  opp frzn  loss -0.017  pg -0.0085  v 0.007  adv_std 0.129  tR +0.65  ent[s/d/p/e] 0.67/1.79/1.65/0.40  emits 2.32  clip 0.15  kl +0.009
upd 1883  steps 30867456  sps 5398  opp frzn  loss -0.016  pg -0.0072  v 0.006  adv_std 0.118  tR +0.71  ent[s/d/p/e] 0.67/1.83/1.64/0.37  emits 2.44  clip 0.15  kl +0.009
upd 1884  steps 30883840  sps 5399  opp rand  loss -0.016  pg -0.0074  v 0.006  adv_std 0.113  tR +0.67  ent[s/d/p/e] 0.64/1.83/1.58/0.32  emits 2.71  clip 0.17  kl +0.010
upd 1885  steps 30900224  sps 5399  opp rand  loss -0.017  pg -0.0085  v 0.007  adv_std 0.127  tR +0.73  ent[s/d/p/e] 0.73/1.86/1.57/0.29  emits 2.96  clip 0.17  kl +0.010
upd 1886  steps 30916608  sps 5400  opp frzn  loss -0.017  pg -0.0088  v 0.010  adv_std 0.148  tR +0.61  ent[s/d/p/e] 0.67/1.80/1.61/0.35  emits 2.43  clip 0.15  kl +0.008
upd 1887  steps 30932992  sps 5400  opp frzn  loss -0.016  pg -0.0081  v 0.008  adv_std 0.130  tR +0.70  ent[s/d/p/e] 0.65/1.84/1.63/0.36  emits 2.35  clip 0.15  kl +0.010
upd 1888  steps 30949376  sps 5400  opp frzn  loss -0.017  pg -0.0090  v 0.007  adv_std 0.118  tR +0.71  ent[s/d/p/e] 0.64/1.83/1.62/0.34  emits 2.47  clip 0.14  kl +0.008
upd 1889  steps 30965760  sps 5401  opp frzn  loss -0.017  pg -0.0083  v 0.008  adv_std 0.138  tR +0.68  ent[s/d/p/e] 0.68/1.84/1.65/0.36  emits 2.52  clip 0.19  kl +0.013
upd 1890  steps 30982144  sps 5401  opp rand  loss -0.016  pg -0.0078  v 0.009  adv_std 0.136  tR +0.71  ent[s/d/p/e] 0.61/1.89/1.57/0.31  emits 2.71  clip 0.17  kl +0.009
upd 1891  steps 30998528  sps 5402  opp rand  loss -0.015  pg -0.0070  v 0.007  adv_std 0.126  tR +0.68  ent[s/d/p/e] 0.72/1.87/1.56/0.31  emits 2.90  clip 0.16  kl +0.007
upd 1892  steps 31014912  sps 5402  opp frzn  loss -0.016  pg -0.0075  v 0.007  adv_std 0.126  tR +0.71  ent[s/d/p/e] 0.66/1.84/1.62/0.36  emits 2.55  clip 0.18  kl +0.011
upd 1893  steps 31031296  sps 5402  opp rand  loss -0.014  pg -0.0062  v 0.008  adv_std 0.135  tR +0.69  ent[s/d/p/e] 0.70/1.87/1.60/0.31  emits 2.82  clip 0.18  kl +0.011
upd 1894  steps 31047680  sps 5403  opp frzn  loss -0.017  pg -0.0082  v 0.005  adv_std 0.105  tR +0.73  ent[s/d/p/e] 0.68/1.85/1.62/0.35  emits 2.55  clip 0.15  kl +0.008
upd 1895  steps 31064064  sps 5403  opp rand  loss -0.017  pg -0.0086  v 0.007  adv_std 0.124  tR +0.66  ent[s/d/p/e] 0.65/1.88/1.60/0.30  emits 2.76  clip 0.18  kl +0.011
upd 1896  steps 31080448  sps 5404  opp rand  loss -0.017  pg -0.0082  v 0.008  adv_std 0.129  tR +0.76  ent[s/d/p/e] 0.75/1.83/1.60/0.33  emits 2.67  clip 0.17  kl +0.010
upd 1897  steps 31096832  sps 5404  opp rand  loss -0.017  pg -0.0084  v 0.007  adv_std 0.123  tR +0.74  ent[s/d/p/e] 0.71/1.81/1.60/0.33  emits 2.72  clip 0.17  kl +0.012
upd 1898  steps 31113216  sps 5404  opp frzn  loss -0.017  pg -0.0083  v 0.008  adv_std 0.130  tR +0.66  ent[s/d/p/e] 0.71/1.80/1.64/0.35  emits 2.53  clip 0.16  kl +0.008
upd 1899  steps 31129600  sps 5405  opp frzn  loss -0.015  pg -0.0064  v 0.005  adv_std 0.104  tR +0.78  ent[s/d/p/e] 0.65/1.82/1.65/0.37  emits 2.34  clip 0.16  kl +0.009 WRr 0.72 WRf 0.94
upd 1900  steps 31145984  sps 5397  opp frzn  loss -0.017  pg -0.0078  v 0.005  adv_std 0.106  tR +0.70  ent[s/d/p/e] 0.67/1.78/1.64/0.39  emits 2.17  clip 0.16  kl +0.009
upd 1901  steps 31162368  sps 5397  opp rand  loss -0.017  pg -0.0083  v 0.006  adv_std 0.117  tR +0.76  ent[s/d/p/e] 0.63/1.89/1.62/0.31  emits 2.80  clip 0.17  kl +0.009
upd 1902  steps 31178752  sps 5397  opp rand  loss -0.015  pg -0.0065  v 0.008  adv_std 0.130  tR +0.67  ent[s/d/p/e] 0.68/1.86/1.60/0.31  emits 2.71  clip 0.16  kl +0.007
upd 1903  steps 31195136  sps 5398  opp rand  loss -0.016  pg -0.0084  v 0.008  adv_std 0.137  tR +0.69  ent[s/d/p/e] 0.69/1.92/1.60/0.29  emits 2.78  clip 0.17  kl +0.009
upd 1904  steps 31211520  sps 5398  opp frzn  loss -0.015  pg -0.0074  v 0.008  adv_std 0.135  tR +0.66  ent[s/d/p/e] 0.63/1.86/1.63/0.34  emits 2.53  clip 0.17  kl +0.012
upd 1905  steps 31227904  sps 5399  opp frzn  loss -0.015  pg -0.0068  v 0.008  adv_std 0.130  tR +0.62  ent[s/d/p/e] 0.70/1.88/1.63/0.31  emits 2.56  clip 0.14  kl +0.009
upd 1906  steps 31244288  sps 5399  opp frzn  loss -0.016  pg -0.0066  v 0.005  adv_std 0.107  tR +0.79  ent[s/d/p/e] 0.70/1.82/1.66/0.37  emits 2.31  clip 0.13  kl +0.006
upd 1907  steps 31260672  sps 5399  opp rand  loss -0.017  pg -0.0091  v 0.009  adv_std 0.137  tR +0.70  ent[s/d/p/e] 0.68/1.92/1.60/0.29  emits 2.80  clip 0.17  kl +0.009
upd 1908  steps 31277056  sps 5400  opp rand  loss -0.016  pg -0.0085  v 0.010  adv_std 0.145  tR +0.59  ent[s/d/p/e] 0.74/1.88/1.59/0.32  emits 2.78  clip 0.15  kl +0.006
upd 1909  steps 31293440  sps 5400  opp frzn  loss -0.017  pg -0.0084  v 0.008  adv_std 0.129  tR +0.66  ent[s/d/p/e] 0.66/1.87/1.61/0.33  emits 2.49  clip 0.14  kl +0.009
upd 1910  steps 31309824  sps 5401  opp rand  loss -0.016  pg -0.0087  v 0.010  adv_std 0.152  tR +0.66  ent[s/d/p/e] 0.66/1.89/1.58/0.31  emits 2.63  clip 0.14  kl +0.008
upd 1911  steps 31326208  sps 5401  opp rand  loss -0.017  pg -0.0090  v 0.008  adv_std 0.129  tR +0.66  ent[s/d/p/e] 0.66/1.89/1.59/0.30  emits 2.76  clip 0.17  kl +0.010
upd 1912  steps 31342592  sps 5402  opp rand  loss -0.016  pg -0.0079  v 0.008  adv_std 0.131  tR +0.67  ent[s/d/p/e] 0.69/1.89/1.58/0.30  emits 2.70  clip 0.15  kl +0.009
upd 1913  steps 31358976  sps 5402  opp rand  loss -0.017  pg -0.0089  v 0.008  adv_std 0.127  tR +0.73  ent[s/d/p/e] 0.66/1.93/1.58/0.29  emits 2.81  clip 0.17  kl +0.008
upd 1914  steps 31375360  sps 5403  opp rand  loss -0.017  pg -0.0083  v 0.007  adv_std 0.119  tR +0.65  ent[s/d/p/e] 0.73/1.89/1.60/0.32  emits 2.83  clip 0.16  kl +0.008
upd 1915  steps 31391744  sps 5403  opp frzn  loss -0.016  pg -0.0084  v 0.008  adv_std 0.138  tR +0.68  ent[s/d/p/e] 0.61/1.87/1.60/0.32  emits 2.53  clip 0.16  kl +0.011
upd 1916  steps 31408128  sps 5403  opp frzn  loss -0.016  pg -0.0068  v 0.005  adv_std 0.104  tR +0.77  ent[s/d/p/e] 0.70/1.81/1.64/0.38  emits 2.31  clip 0.16  kl +0.010
upd 1917  steps 31424512  sps 5404  opp frzn  loss -0.014  pg -0.0067  v 0.009  adv_std 0.138  tR +0.63  ent[s/d/p/e] 0.59/1.82/1.62/0.36  emits 2.33  clip 0.15  kl +0.009
upd 1918  steps 31440896  sps 5404  opp frzn  loss -0.015  pg -0.0068  v 0.007  adv_std 0.122  tR +0.71  ent[s/d/p/e] 0.61/1.83/1.64/0.38  emits 2.31  clip 0.18  kl +0.010
upd 1919  steps 31457280  sps 5404  opp frzn  loss -0.016  pg -0.0081  v 0.009  adv_std 0.138  tR +0.64  ent[s/d/p/e] 0.67/1.87/1.64/0.34  emits 2.51  clip 0.17  kl +0.010
upd 1920  steps 31473664  sps 5405  opp rand  loss -0.017  pg -0.0086  v 0.006  adv_std 0.121  tR +0.68  ent[s/d/p/e] 0.69/1.89/1.58/0.34  emits 2.57  clip 0.16  kl +0.009
upd 1921  steps 31490048  sps 5405  opp rand  loss -0.017  pg -0.0083  v 0.007  adv_std 0.121  tR +0.72  ent[s/d/p/e] 0.69/1.87/1.59/0.33  emits 2.74  clip 0.17  kl +0.009
upd 1922  steps 31506432  sps 5405  opp frzn  loss -0.015  pg -0.0068  v 0.008  adv_std 0.134  tR +0.58  ent[s/d/p/e] 0.72/1.81/1.63/0.36  emits 2.45  clip 0.15  kl +0.008
upd 1923  steps 31522816  sps 5406  opp frzn  loss -0.017  pg -0.0084  v 0.007  adv_std 0.125  tR +0.68  ent[s/d/p/e] 0.71/1.87/1.63/0.37  emits 2.34  clip 0.16  kl +0.008
upd 1924  steps 31539200  sps 5406  opp rand  loss -0.017  pg -0.0084  v 0.007  adv_std 0.125  tR +0.67  ent[s/d/p/e] 0.66/1.89/1.60/0.31  emits 2.65  clip 0.16  kl +0.009 WRr 0.88 WRf 0.72
upd 1925  steps 31555584  sps 5398  opp frzn  loss -0.017  pg -0.0084  v 0.009  adv_std 0.142  tR +0.60  ent[s/d/p/e] 0.75/1.84/1.65/0.35  emits 2.61  clip 0.16  kl +0.011
upd 1926  steps 31571968  sps 5399  opp rand  loss -0.016  pg -0.0075  v 0.008  adv_std 0.131  tR +0.70  ent[s/d/p/e] 0.69/1.90/1.62/0.33  emits 2.72  clip 0.15  kl +0.008
upd 1927  steps 31588352  sps 5399  opp rand  loss -0.016  pg -0.0080  v 0.009  adv_std 0.138  tR +0.61  ent[s/d/p/e] 0.69/1.88/1.58/0.32  emits 2.70  clip 0.14  kl +0.007
upd 1928  steps 31604736  sps 5399  opp frzn  loss -0.014  pg -0.0059  v 0.007  adv_std 0.121  tR +0.76  ent[s/d/p/e] 0.68/1.91/1.62/0.34  emits 2.57  clip 0.15  kl +0.009
upd 1929  steps 31621120  sps 5400  opp rand  loss -0.015  pg -0.0072  v 0.008  adv_std 0.128  tR +0.61  ent[s/d/p/e] 0.66/1.90/1.59/0.31  emits 2.80  clip 0.18  kl +0.011
upd 1930  steps 31637504  sps 5400  opp rand  loss -0.015  pg -0.0070  v 0.009  adv_std 0.142  tR +0.75  ent[s/d/p/e] 0.72/1.92/1.62/0.31  emits 2.85  clip 0.19  kl +0.010
upd 1931  steps 31653888  sps 5401  opp frzn  loss -0.017  pg -0.0087  v 0.007  adv_std 0.126  tR +0.63  ent[s/d/p/e] 0.73/1.94/1.62/0.32  emits 2.62  clip 0.14  kl +0.007
upd 1932  steps 31670272  sps 5401  opp rand  loss -0.015  pg -0.0074  v 0.010  adv_std 0.147  tR +0.71  ent[s/d/p/e] 0.74/1.93/1.61/0.32  emits 2.82  clip 0.15  kl +0.009
upd 1933  steps 31686656  sps 5402  opp rand  loss -0.017  pg -0.0087  v 0.010  adv_std 0.144  tR +0.69  ent[s/d/p/e] 0.77/1.95/1.58/0.29  emits 2.92  clip 0.16  kl +0.008
upd 1934  steps 31703040  sps 5402  opp rand  loss -0.017  pg -0.0085  v 0.008  adv_std 0.129  tR +0.66  ent[s/d/p/e] 0.74/1.93/1.59/0.29  emits 2.94  clip 0.17  kl +0.008
upd 1935  steps 31719424  sps 5402  opp frzn  loss -0.017  pg -0.0086  v 0.009  adv_std 0.137  tR +0.52  ent[s/d/p/e] 0.69/1.95/1.62/0.29  emits 2.71  clip 0.15  kl +0.008
upd 1936  steps 31735808  sps 5403  opp frzn  loss -0.015  pg -0.0062  v 0.007  adv_std 0.128  tR +0.68  ent[s/d/p/e] 0.67/1.87/1.62/0.34  emits 2.34  clip 0.14  kl +0.007
upd 1937  steps 31752192  sps 5403  opp rand  loss -0.015  pg -0.0068  v 0.007  adv_std 0.126  tR +0.73  ent[s/d/p/e] 0.74/1.94/1.60/0.30  emits 2.72  clip 0.17  kl +0.011
upd 1938  steps 31768576  sps 5403  opp frzn  loss -0.017  pg -0.0089  v 0.011  adv_std 0.156  tR +0.53  ent[s/d/p/e] 0.72/1.91/1.63/0.32  emits 2.52  clip 0.16  kl +0.012
upd 1939  steps 31784960  sps 5404  opp frzn  loss -0.016  pg -0.0074  v 0.006  adv_std 0.118  tR +0.78  ent[s/d/p/e] 0.68/1.82/1.62/0.35  emits 2.21  clip 0.14  kl +0.007
upd 1940  steps 31801344  sps 5404  opp frzn  loss -0.015  pg -0.0075  v 0.010  adv_std 0.150  tR +0.66  ent[s/d/p/e] 0.67/1.89/1.64/0.34  emits 2.33  clip 0.16  kl +0.009
upd 1941  steps 31817728  sps 5405  opp rand  loss -0.017  pg -0.0092  v 0.008  adv_std 0.132  tR +0.67  ent[s/d/p/e] 0.74/1.92/1.61/0.30  emits 2.67  clip 0.16  kl +0.010
upd 1942  steps 31834112  sps 5405  opp frzn  loss -0.016  pg -0.0073  v 0.006  adv_std 0.119  tR +0.68  ent[s/d/p/e] 0.68/1.89/1.64/0.35  emits 2.29  clip 0.16  kl +0.011
upd 1943  steps 31850496  sps 5405  opp rand  loss -0.016  pg -0.0083  v 0.008  adv_std 0.131  tR +0.65  ent[s/d/p/e] 0.70/1.99/1.60/0.28  emits 2.79  clip 0.16  kl +0.009
upd 1944  steps 31866880  sps 5406  opp rand  loss -0.017  pg -0.0093  v 0.011  adv_std 0.151  tR +0.59  ent[s/d/p/e] 0.68/1.98/1.58/0.26  emits 2.87  clip 0.17  kl +0.010
upd 1945  steps 31883264  sps 5406  opp frzn  loss -0.016  pg -0.0070  v 0.006  adv_std 0.114  tR +0.68  ent[s/d/p/e] 0.69/1.90/1.62/0.31  emits 2.39  clip 0.16  kl +0.009
upd 1946  steps 31899648  sps 5407  opp rand  loss -0.015  pg -0.0064  v 0.008  adv_std 0.133  tR +0.72  ent[s/d/p/e] 0.73/1.95/1.59/0.28  emits 2.76  clip 0.16  kl +0.009
upd 1947  steps 31916032  sps 5407  opp frzn  loss -0.014  pg -0.0060  v 0.009  adv_std 0.143  tR +0.53  ent[s/d/p/e] 0.71/1.90/1.60/0.30  emits 2.45  clip 0.16  kl +0.009
upd 1948  steps 31932416  sps 5407  opp frzn  loss -0.017  pg -0.0086  v 0.008  adv_std 0.134  tR +0.68  ent[s/d/p/e] 0.73/1.88/1.64/0.34  emits 2.29  clip 0.14  kl +0.009
upd 1949  steps 31948800  sps 5408  opp frzn  loss -0.017  pg -0.0087  v 0.006  adv_std 0.115  tR +0.70  ent[s/d/p/e] 0.69/1.91/1.63/0.33  emits 2.34  clip 0.15  kl +0.008 WRr 0.75 WRf 0.84
upd 1950  steps 31965184  sps 5400  opp frzn  loss -0.015  pg -0.0072  v 0.008  adv_std 0.137  tR +0.69  ent[s/d/p/e] 0.66/1.93/1.62/0.32  emits 2.33  clip 0.16  kl +0.008
upd 1951  steps 31981568  sps 5400  opp frzn  loss -0.016  pg -0.0081  v 0.007  adv_std 0.127  tR +0.70  ent[s/d/p/e] 0.68/1.90/1.62/0.32  emits 2.36  clip 0.17  kl +0.009
upd 1952  steps 31997952  sps 5400  opp frzn  loss -0.017  pg -0.0090  v 0.008  adv_std 0.129  tR +0.68  ent[s/d/p/e] 0.69/1.93/1.61/0.31  emits 2.45  clip 0.15  kl +0.009
upd 1953  steps 32014336  sps 5401  opp frzn  loss -0.016  pg -0.0074  v 0.007  adv_std 0.123  tR +0.67  ent[s/d/p/e] 0.66/1.92/1.64/0.33  emits 2.37  clip 0.17  kl +0.009
upd 1954  steps 32030720  sps 5401  opp rand  loss -0.015  pg -0.0070  v 0.007  adv_std 0.122  tR +0.67  ent[s/d/p/e] 0.71/1.95/1.61/0.31  emits 2.59  clip 0.18  kl +0.010
upd 1955  steps 32047104  sps 5401  opp frzn  loss -0.017  pg -0.0081  v 0.007  adv_std 0.123  tR +0.75  ent[s/d/p/e] 0.74/1.95/1.64/0.31  emits 2.54  clip 0.16  kl +0.010
upd 1956  steps 32063488  sps 5402  opp frzn  loss -0.017  pg -0.0081  v 0.007  adv_std 0.124  tR +0.77  ent[s/d/p/e] 0.76/1.89/1.65/0.35  emits 2.29  clip 0.15  kl +0.007
upd 1957  steps 32079872  sps 5402  opp rand  loss -0.015  pg -0.0070  v 0.009  adv_std 0.139  tR +0.64  ent[s/d/p/e] 0.68/1.94/1.60/0.28  emits 2.76  clip 0.17  kl +0.010
upd 1958  steps 32096256  sps 5403  opp rand  loss -0.016  pg -0.0078  v 0.009  adv_std 0.137  tR +0.63  ent[s/d/p/e] 0.72/1.99/1.59/0.27  emits 2.93  clip 0.17  kl +0.010
upd 1959  steps 32112640  sps 5403  opp rand  loss -0.017  pg -0.0090  v 0.008  adv_std 0.135  tR +0.62  ent[s/d/p/e] 0.73/1.91/1.60/0.30  emits 2.65  clip 0.15  kl +0.009
upd 1960  steps 32129024  sps 5403  opp frzn  loss -0.015  pg -0.0068  v 0.008  adv_std 0.128  tR +0.68  ent[s/d/p/e] 0.71/1.89/1.63/0.31  emits 2.35  clip 0.15  kl +0.009
upd 1961  steps 32145408  sps 5404  opp frzn  loss -0.017  pg -0.0080  v 0.005  adv_std 0.100  tR +0.80  ent[s/d/p/e] 0.71/1.92/1.64/0.35  emits 2.23  clip 0.14  kl +0.006
upd 1962  steps 32161792  sps 5404  opp rand  loss -0.017  pg -0.0082  v 0.008  adv_std 0.129  tR +0.71  ent[s/d/p/e] 0.73/1.97/1.63/0.33  emits 2.63  clip 0.17  kl +0.010
upd 1963  steps 32178176  sps 5405  opp frzn  loss -0.016  pg -0.0074  v 0.008  adv_std 0.128  tR +0.70  ent[s/d/p/e] 0.76/1.93/1.65/0.32  emits 2.41  clip 0.14  kl +0.010
upd 1964  steps 32194560  sps 5405  opp rand  loss -0.016  pg -0.0076  v 0.005  adv_std 0.109  tR +0.74  ent[s/d/p/e] 0.70/1.96/1.61/0.30  emits 2.57  clip 0.15  kl +0.008
upd 1965  steps 32210944  sps 5405  opp rand  loss -0.017  pg -0.0086  v 0.007  adv_std 0.129  tR +0.70  ent[s/d/p/e] 0.64/1.98/1.60/0.30  emits 2.61  clip 0.17  kl +0.011
upd 1966  steps 32227328  sps 5406  opp rand  loss -0.017  pg -0.0089  v 0.007  adv_std 0.123  tR +0.68  ent[s/d/p/e] 0.66/1.96/1.61/0.29  emits 2.67  clip 0.17  kl +0.010
upd 1967  steps 32243712  sps 5406  opp frzn  loss -0.015  pg -0.0072  v 0.009  adv_std 0.144  tR +0.58  ent[s/d/p/e] 0.64/1.92/1.61/0.33  emits 2.28  clip 0.15  kl +0.010
upd 1968  steps 32260096  sps 5407  opp frzn  loss -0.016  pg -0.0078  v 0.007  adv_std 0.123  tR +0.61  ent[s/d/p/e] 0.68/1.91/1.62/0.33  emits 2.20  clip 0.18  kl +0.012
upd 1969  steps 32276480  sps 5407  opp rand  loss -0.016  pg -0.0082  v 0.009  adv_std 0.139  tR +0.66  ent[s/d/p/e] 0.63/1.97/1.61/0.27  emits 2.72  clip 0.17  kl +0.009
upd 1970  steps 32292864  sps 5407  opp frzn  loss -0.015  pg -0.0071  v 0.008  adv_std 0.128  tR +0.60  ent[s/d/p/e] 0.65/1.91/1.63/0.32  emits 2.18  clip 0.15  kl +0.008
upd 1971  steps 32309248  sps 5408  opp frzn  loss -0.018  pg -0.0096  v 0.006  adv_std 0.117  tR +0.68  ent[s/d/p/e] 0.64/1.84/1.62/0.33  emits 2.06  clip 0.14  kl +0.008
upd 1972  steps 32325632  sps 5408  opp frzn  loss -0.017  pg -0.0082  v 0.005  adv_std 0.104  tR +0.68  ent[s/d/p/e] 0.65/1.82/1.64/0.35  emits 2.07  clip 0.14  kl +0.007
upd 1973  steps 32342016  sps 5408  opp frzn  loss -0.017  pg -0.0084  v 0.005  adv_std 0.108  tR +0.75  ent[s/d/p/e] 0.65/1.88/1.64/0.33  emits 2.11  clip 0.14  kl +0.009
upd 1974  steps 32358400  sps 5409  opp rand  loss -0.013  pg -0.0054  v 0.009  adv_std 0.141  tR +0.67  ent[s/d/p/e] 0.61/1.98/1.59/0.28  emits 2.66  clip 0.18  kl +0.011 WRr 0.78 WRf 0.88
upd 1975  steps 32374784  sps 5401  opp rand  loss -0.017  pg -0.0096  v 0.009  adv_std 0.135  tR +0.58  ent[s/d/p/e] 0.60/1.99/1.57/0.25  emits 2.67  clip 0.15  kl +0.007
upd 1976  steps 32391168  sps 5401  opp frzn  loss -0.016  pg -0.0078  v 0.006  adv_std 0.119  tR +0.69  ent[s/d/p/e] 0.67/1.87/1.64/0.33  emits 2.20  clip 0.13  kl +0.008
upd 1977  steps 32407552  sps 5402  opp rand  loss -0.016  pg -0.0080  v 0.009  adv_std 0.141  tR +0.70  ent[s/d/p/e] 0.69/1.94/1.62/0.29  emits 2.65  clip 0.16  kl +0.009
upd 1978  steps 32423936  sps 5402  opp frzn  loss -0.013  pg -0.0049  v 0.007  adv_std 0.127  tR +0.68  ent[s/d/p/e] 0.68/1.88/1.63/0.32  emits 2.29  clip 0.16  kl +0.010
upd 1979  steps 32440320  sps 5402  opp rand  loss -0.016  pg -0.0076  v 0.008  adv_std 0.133  tR +0.67  ent[s/d/p/e] 0.67/1.96/1.63/0.31  emits 2.56  clip 0.16  kl +0.006
upd 1980  steps 32456704  sps 5403  opp frzn  loss -0.016  pg -0.0074  v 0.008  adv_std 0.132  tR +0.73  ent[s/d/p/e] 0.67/1.89/1.62/0.33  emits 2.19  clip 0.14  kl +0.007
upd 1981  steps 32473088  sps 5403  opp frzn  loss -0.017  pg -0.0077  v 0.006  adv_std 0.117  tR +0.73  ent[s/d/p/e] 0.70/1.85/1.66/0.38  emits 2.05  clip 0.14  kl +0.009
upd 1982  steps 32489472  sps 5403  opp rand  loss -0.014  pg -0.0062  v 0.009  adv_std 0.137  tR +0.73  ent[s/d/p/e] 0.64/1.97/1.64/0.30  emits 2.70  clip 0.17  kl +0.010
upd 1983  steps 32505856  sps 5404  opp frzn  loss -0.017  pg -0.0084  v 0.008  adv_std 0.133  tR +0.57  ent[s/d/p/e] 0.65/1.96/1.63/0.32  emits 2.37  clip 0.16  kl +0.009
upd 1984  steps 32522240  sps 5404  opp rand  loss -0.016  pg -0.0083  v 0.009  adv_std 0.141  tR +0.70  ent[s/d/p/e] 0.54/1.96/1.61/0.28  emits 2.57  clip 0.14  kl +0.008
upd 1985  steps 32538624  sps 5405  opp frzn  loss -0.017  pg -0.0086  v 0.007  adv_std 0.127  tR +0.65  ent[s/d/p/e] 0.63/1.89/1.62/0.34  emits 2.25  clip 0.14  kl +0.008
upd 1986  steps 32555008  sps 5405  opp frzn  loss -0.017  pg -0.0076  v 0.004  adv_std 0.098  tR +0.75  ent[s/d/p/e] 0.66/1.84/1.64/0.37  emits 2.07  clip 0.14  kl +0.010
upd 1987  steps 32571392  sps 5405  opp frzn  loss -0.016  pg -0.0069  v 0.005  adv_std 0.109  tR +0.71  ent[s/d/p/e] 0.63/1.87/1.64/0.35  emits 2.10  clip 0.15  kl +0.008
upd 1988  steps 32587776  sps 5406  opp rand  loss -0.016  pg -0.0072  v 0.006  adv_std 0.113  tR +0.68  ent[s/d/p/e] 0.64/1.98/1.62/0.30  emits 2.56  clip 0.15  kl +0.008
upd 1989  steps 32604160  sps 5406  opp frzn  loss -0.015  pg -0.0070  v 0.008  adv_std 0.129  tR +0.63  ent[s/d/p/e] 0.62/1.92/1.61/0.31  emits 2.27  clip 0.14  kl +0.008
upd 1990  steps 32620544  sps 5406  opp frzn  loss -0.016  pg -0.0079  v 0.006  adv_std 0.117  tR +0.67  ent[s/d/p/e] 0.65/1.91/1.63/0.35  emits 2.15  clip 0.12  kl +0.007
upd 1991  steps 32636928  sps 5407  opp rand  loss -0.016  pg -0.0085  v 0.008  adv_std 0.131  tR +0.67  ent[s/d/p/e] 0.63/1.94/1.61/0.32  emits 2.48  clip 0.15  kl +0.009
upd 1992  steps 32653312  sps 5407  opp frzn  loss -0.018  pg -0.0092  v 0.006  adv_std 0.113  tR +0.70  ent[s/d/p/e] 0.69/1.95/1.64/0.33  emits 2.19  clip 0.13  kl +0.008
upd 1993  steps 32669696  sps 5408  opp rand  loss -0.017  pg -0.0088  v 0.008  adv_std 0.135  tR +0.61  ent[s/d/p/e] 0.65/1.94/1.61/0.28  emits 2.68  clip 0.17  kl +0.009
upd 1994  steps 32686080  sps 5408  opp rand  loss -0.015  pg -0.0076  v 0.010  adv_std 0.144  tR +0.63  ent[s/d/p/e] 0.66/1.99/1.62/0.28  emits 2.69  clip 0.15  kl +0.008
upd 1995  steps 32702464  sps 5408  opp frzn  loss -0.016  pg -0.0077  v 0.008  adv_std 0.133  tR +0.64  ent[s/d/p/e] 0.61/1.91/1.63/0.33  emits 2.15  clip 0.14  kl +0.010
upd 1996  steps 32718848  sps 5409  opp frzn  loss -0.017  pg -0.0089  v 0.007  adv_std 0.124  tR +0.68  ent[s/d/p/e] 0.65/1.87/1.64/0.35  emits 2.14  clip 0.15  kl +0.007
upd 1997  steps 32735232  sps 5409  opp frzn  loss -0.016  pg -0.0074  v 0.006  adv_std 0.118  tR +0.66  ent[s/d/p/e] 0.68/1.79/1.64/0.34  emits 2.10  clip 0.14  kl +0.009
upd 1998  steps 32751616  sps 5409  opp rand  loss -0.016  pg -0.0078  v 0.009  adv_std 0.137  tR +0.71  ent[s/d/p/e] 0.63/1.92/1.63/0.31  emits 2.44  clip 0.16  kl +0.009
upd 1999  steps 32768000  sps 5410  opp rand  loss -0.016  pg -0.0079  v 0.008  adv_std 0.136  tR +0.65  ent[s/d/p/e] 0.63/1.92/1.60/0.30  emits 2.44  clip 0.16  kl +0.008 WRr 0.88 WRf 0.78
upd 2000  steps 32784384  sps 5399  opp frzn  loss -0.017  pg -0.0089  v 0.010  adv_std 0.147  tR +0.60  ent[s/d/p/e] 0.64/1.92/1.61/0.30  emits 2.33  clip 0.14  kl +0.009
upd 2001  steps 32800768  sps 5400  opp frzn  loss -0.017  pg -0.0083  v 0.007  adv_std 0.119  tR +0.70  ent[s/d/p/e] 0.67/1.87/1.64/0.36  emits 2.16  clip 0.15  kl +0.009
upd 2002  steps 32817152  sps 5400  opp rand  loss -0.015  pg -0.0070  v 0.008  adv_std 0.132  tR +0.68  ent[s/d/p/e] 0.63/1.92/1.62/0.29  emits 2.46  clip 0.16  kl +0.010
upd 2003  steps 32833536  sps 5401  opp frzn  loss -0.016  pg -0.0084  v 0.010  adv_std 0.151  tR +0.67  ent[s/d/p/e] 0.67/1.90/1.64/0.30  emits 2.27  clip 0.14  kl +0.007
upd 2004  steps 32849920  sps 5401  opp rand  loss -0.017  pg -0.0087  v 0.008  adv_std 0.132  tR +0.71  ent[s/d/p/e] 0.64/1.91/1.62/0.31  emits 2.34  clip 0.14  kl +0.008
upd 2005  steps 32866304  sps 5401  opp frzn  loss -0.016  pg -0.0076  v 0.006  adv_std 0.116  tR +0.80  ent[s/d/p/e] 0.63/1.91/1.65/0.34  emits 2.16  clip 0.16  kl +0.009
upd 2006  steps 32882688  sps 5402  opp frzn  loss -0.017  pg -0.0084  v 0.005  adv_std 0.111  tR +0.74  ent[s/d/p/e] 0.68/1.84/1.65/0.36  emits 2.15  clip 0.13  kl +0.006
upd 2007  steps 32899072  sps 5402  opp rand  loss -0.017  pg -0.0089  v 0.007  adv_std 0.128  tR +0.77  ent[s/d/p/e] 0.61/1.99/1.62/0.29  emits 2.64  clip 0.15  kl +0.007
upd 2008  steps 32915456  sps 5402  opp frzn  loss -0.017  pg -0.0090  v 0.010  adv_std 0.144  tR +0.58  ent[s/d/p/e] 0.63/1.91/1.62/0.33  emits 2.31  clip 0.14  kl +0.007
upd 2009  steps 32931840  sps 5403  opp rand  loss -0.017  pg -0.0087  v 0.008  adv_std 0.128  tR +0.61  ent[s/d/p/e] 0.60/1.91/1.61/0.32  emits 2.38  clip 0.14  kl +0.008
upd 2010  steps 32948224  sps 5403  opp rand  loss -0.016  pg -0.0077  v 0.007  adv_std 0.122  tR +0.70  ent[s/d/p/e] 0.68/1.93/1.65/0.32  emits 2.47  clip 0.15  kl +0.009
upd 2011  steps 32964608  sps 5404  opp frzn  loss -0.016  pg -0.0083  v 0.008  adv_std 0.129  tR +0.70  ent[s/d/p/e] 0.62/1.89/1.66/0.35  emits 2.25  clip 0.17  kl +0.009
upd 2012  steps 32980992  sps 5404  opp frzn  loss -0.017  pg -0.0090  v 0.007  adv_std 0.128  tR +0.67  ent[s/d/p/e] 0.61/1.86/1.66/0.35  emits 2.12  clip 0.14  kl +0.009
upd 2013  steps 32997376  sps 5404  opp frzn  loss -0.016  pg -0.0082  v 0.008  adv_std 0.133  tR +0.68  ent[s/d/p/e] 0.60/1.87/1.63/0.33  emits 1.99  clip 0.14  kl +0.007
upd 2014  steps 33013760  sps 5405  opp rand  loss -0.017  pg -0.0084  v 0.007  adv_std 0.120  tR +0.72  ent[s/d/p/e] 0.67/1.91/1.65/0.32  emits 2.41  clip 0.15  kl +0.007
upd 2015  steps 33030144  sps 5405  opp rand  loss -0.015  pg -0.0076  v 0.009  adv_std 0.137  tR +0.61  ent[s/d/p/e] 0.63/1.99/1.63/0.28  emits 2.71  clip 0.17  kl +0.011
upd 2016  steps 33046528  sps 5405  opp frzn  loss -0.015  pg -0.0071  v 0.009  adv_std 0.138  tR +0.64  ent[s/d/p/e] 0.63/1.91/1.64/0.33  emits 2.31  clip 0.15  kl +0.009
upd 2017  steps 33062912  sps 5406  opp rand  loss -0.017  pg -0.0091  v 0.009  adv_std 0.144  tR +0.70  ent[s/d/p/e] 0.65/1.94/1.63/0.30  emits 2.50  clip 0.15  kl +0.009
upd 2018  steps 33079296  sps 5406  opp rand  loss -0.015  pg -0.0070  v 0.007  adv_std 0.119  tR +0.64  ent[s/d/p/e] 0.66/1.98/1.64/0.30  emits 2.55  clip 0.17  kl +0.009
upd 2019  steps 33095680  sps 5407  opp rand  loss -0.016  pg -0.0088  v 0.011  adv_std 0.157  tR +0.57  ent[s/d/p/e] 0.65/1.97/1.62/0.27  emits 2.65  clip 0.16  kl +0.007
upd 2020  steps 33112064  sps 5407  opp rand  loss -0.016  pg -0.0076  v 0.007  adv_std 0.122  tR +0.66  ent[s/d/p/e] 0.72/1.95/1.65/0.30  emits 2.63  clip 0.16  kl +0.009
upd 2021  steps 33128448  sps 5408  opp frzn  loss -0.018  pg -0.0096  v 0.008  adv_std 0.128  tR +0.68  ent[s/d/p/e] 0.62/1.90/1.64/0.32  emits 2.25  clip 0.14  kl +0.008
upd 2022  steps 33144832  sps 5408  opp rand  loss -0.019  pg -0.0105  v 0.007  adv_std 0.124  tR +0.70  ent[s/d/p/e] 0.63/1.92/1.63/0.29  emits 2.45  clip 0.15  kl +0.008
upd 2023  steps 33161216  sps 5408  opp rand  loss -0.015  pg -0.0078  v 0.009  adv_std 0.138  tR +0.63  ent[s/d/p/e] 0.60/1.94/1.61/0.28  emits 2.52  clip 0.16  kl +0.009
upd 2024  steps 33177600  sps 5409  opp rand  loss -0.016  pg -0.0079  v 0.008  adv_std 0.132  tR +0.64  ent[s/d/p/e] 0.63/1.98/1.62/0.27  emits 2.73  clip 0.13  kl +0.007 WRr 0.94 WRf 0.97
upd 2025  steps 33193984  sps 5401  opp rand  loss -0.017  pg -0.0083  v 0.007  adv_std 0.122  tR +0.68  ent[s/d/p/e] 0.62/1.98/1.64/0.28  emits 2.68  clip 0.16  kl +0.010
upd 2026  steps 33210368  sps 5401  opp frzn  loss -0.017  pg -0.0079  v 0.005  adv_std 0.105  tR +0.78  ent[s/d/p/e] 0.60/1.89/1.66/0.33  emits 2.14  clip 0.16  kl +0.008
upd 2027  steps 33226752  sps 5402  opp rand  loss -0.016  pg -0.0075  v 0.005  adv_std 0.104  tR +0.74  ent[s/d/p/e] 0.57/1.93/1.64/0.30  emits 2.44  clip 0.17  kl +0.009
upd 2028  steps 33243136  sps 5402  opp frzn  loss -0.016  pg -0.0080  v 0.007  adv_std 0.128  tR +0.63  ent[s/d/p/e] 0.60/1.85/1.64/0.33  emits 2.13  clip 0.16  kl +0.009
upd 2029  steps 33259520  sps 5402  opp frzn  loss -0.015  pg -0.0074  v 0.007  adv_std 0.125  tR +0.72  ent[s/d/p/e] 0.56/1.87/1.66/0.32  emits 2.17  clip 0.14  kl +0.006
upd 2030  steps 33275904  sps 5403  opp frzn  loss -0.018  pg -0.0090  v 0.006  adv_std 0.114  tR +0.64  ent[s/d/p/e] 0.63/1.83/1.66/0.33  emits 2.06  clip 0.13  kl +0.008
upd 2031  steps 33292288  sps 5403  opp rand  loss -0.015  pg -0.0075  v 0.009  adv_std 0.141  tR +0.61  ent[s/d/p/e] 0.62/1.92/1.61/0.29  emits 2.38  clip 0.17  kl +0.011
upd 2032  steps 33308672  sps 5404  opp frzn  loss -0.018  pg -0.0094  v 0.007  adv_std 0.121  tR +0.71  ent[s/d/p/e] 0.59/1.85/1.66/0.34  emits 2.08  clip 0.14  kl +0.009
upd 2033  steps 33325056  sps 5404  opp frzn  loss -0.014  pg -0.0061  v 0.009  adv_std 0.140  tR +0.69  ent[s/d/p/e] 0.60/1.84/1.66/0.33  emits 2.03  clip 0.15  kl +0.010
upd 2034  steps 33341440  sps 5404  opp rand  loss -0.018  pg -0.0103  v 0.009  adv_std 0.137  tR +0.70  ent[s/d/p/e] 0.64/1.95/1.67/0.29  emits 2.50  clip 0.15  kl +0.009
upd 2035  steps 33357824  sps 5405  opp frzn  loss -0.015  pg -0.0070  v 0.007  adv_std 0.121  tR +0.65  ent[s/d/p/e] 0.62/1.86/1.67/0.31  emits 2.09  clip 0.14  kl +0.008
upd 2036  steps 33374208  sps 5405  opp frzn  loss -0.017  pg -0.0092  v 0.008  adv_std 0.131  tR +0.57  ent[s/d/p/e] 0.57/1.85/1.64/0.32  emits 2.23  clip 0.13  kl +0.006
upd 2037  steps 33390592  sps 5405  opp rand  loss -0.017  pg -0.0096  v 0.009  adv_std 0.142  tR +0.69  ent[s/d/p/e] 0.58/1.97/1.62/0.27  emits 2.63  clip 0.15  kl +0.009
upd 2038  steps 33406976  sps 5406  opp frzn  loss -0.016  pg -0.0070  v 0.005  adv_std 0.109  tR +0.76  ent[s/d/p/e] 0.64/1.88/1.67/0.34  emits 2.19  clip 0.14  kl +0.008
upd 2039  steps 33423360  sps 5406  opp frzn  loss -0.018  pg -0.0092  v 0.006  adv_std 0.117  tR +0.74  ent[s/d/p/e] 0.60/1.83/1.66/0.34  emits 2.08  clip 0.14  kl +0.010
upd 2040  steps 33439744  sps 5406  opp rand  loss -0.015  pg -0.0073  v 0.010  adv_std 0.146  tR +0.71  ent[s/d/p/e] 0.63/1.96/1.64/0.28  emits 2.55  clip 0.16  kl +0.009
upd 2041  steps 33456128  sps 5407  opp rand  loss -0.017  pg -0.0092  v 0.010  adv_std 0.145  tR +0.59  ent[s/d/p/e] 0.67/1.96/1.65/0.27  emits 2.77  clip 0.16  kl +0.009
upd 2042  steps 33472512  sps 5407  opp frzn  loss -0.016  pg -0.0084  v 0.009  adv_std 0.138  tR +0.54  ent[s/d/p/e] 0.60/1.85/1.64/0.32  emits 2.31  clip 0.16  kl +0.009
upd 2043  steps 33488896  sps 5408  opp frzn  loss -0.018  pg -0.0091  v 0.006  adv_std 0.114  tR +0.64  ent[s/d/p/e] 0.61/1.86/1.64/0.32  emits 2.20  clip 0.14  kl +0.008
upd 2044  steps 33505280  sps 5408  opp rand  loss -0.017  pg -0.0089  v 0.009  adv_std 0.138  tR +0.69  ent[s/d/p/e] 0.70/1.89/1.66/0.32  emits 2.49  clip 0.16  kl +0.008
upd 2045  steps 33521664  sps 5408  opp frzn  loss -0.015  pg -0.0075  v 0.009  adv_std 0.140  tR +0.61  ent[s/d/p/e] 0.62/1.91/1.64/0.30  emits 2.39  clip 0.14  kl +0.007
upd 2046  steps 33538048  sps 5409  opp frzn  loss -0.017  pg -0.0087  v 0.008  adv_std 0.133  tR +0.60  ent[s/d/p/e] 0.61/1.84/1.63/0.32  emits 2.25  clip 0.16  kl +0.011
upd 2047  steps 33554432  sps 5409  opp frzn  loss -0.017  pg -0.0087  v 0.008  adv_std 0.134  tR +0.58  ent[s/d/p/e] 0.56/1.85/1.66/0.32  emits 2.22  clip 0.15  kl +0.008
upd 2048  steps 33570816  sps 5409  opp frzn  loss -0.017  pg -0.0079  v 0.006  adv_std 0.110  tR +0.72  ent[s/d/p/e] 0.66/1.86/1.66/0.34  emits 2.08  clip 0.12  kl +0.005
upd 2049  steps 33587200  sps 5410  opp rand  loss -0.016  pg -0.0078  v 0.006  adv_std 0.119  tR +0.75  ent[s/d/p/e] 0.56/1.91/1.63/0.29  emits 2.30  clip 0.16  kl +0.008 WRr 0.78 WRf 0.84
upd 2050  steps 33603584  sps 5402  opp frzn  loss -0.017  pg -0.0083  v 0.006  adv_std 0.115  tR +0.74  ent[s/d/p/e] 0.62/1.87/1.64/0.32  emits 2.19  clip 0.15  kl +0.007
upd 2051  steps 33619968  sps 5402  opp rand  loss -0.017  pg -0.0084  v 0.008  adv_std 0.128  tR +0.73  ent[s/d/p/e] 0.62/1.94/1.66/0.32  emits 2.46  clip 0.15  kl +0.007
upd 2052  steps 33636352  sps 5403  opp rand  loss -0.017  pg -0.0089  v 0.008  adv_std 0.128  tR +0.66  ent[s/d/p/e] 0.60/2.02/1.60/0.24  emits 2.68  clip 0.16  kl +0.008
upd 2053  steps 33652736  sps 5403  opp rand  loss -0.016  pg -0.0081  v 0.009  adv_std 0.137  tR +0.60  ent[s/d/p/e] 0.62/2.01/1.62/0.26  emits 2.61  clip 0.17  kl +0.010
upd 2054  steps 33669120  sps 5404  opp rand  loss -0.017  pg -0.0088  v 0.007  adv_std 0.125  tR +0.67  ent[s/d/p/e] 0.56/2.00/1.64/0.26  emits 2.80  clip 0.16  kl +0.008
upd 2055  steps 33685504  sps 5404  opp frzn  loss -0.017  pg -0.0091  v 0.008  adv_std 0.133  tR +0.70  ent[s/d/p/e] 0.55/1.93/1.64/0.30  emits 2.31  clip 0.14  kl +0.007
upd 2056  steps 33701888  sps 5404  opp frzn  loss -0.017  pg -0.0087  v 0.006  adv_std 0.117  tR +0.69  ent[s/d/p/e] 0.53/1.90/1.66/0.34  emits 2.19  clip 0.13  kl +0.007
upd 2057  steps 33718272  sps 5405  opp rand  loss -0.017  pg -0.0083  v 0.007  adv_std 0.121  tR +0.80  ent[s/d/p/e] 0.64/1.92/1.66/0.31  emits 2.35  clip 0.14  kl +0.006
upd 2058  steps 33734656  sps 5405  opp rand  loss -0.017  pg -0.0085  v 0.007  adv_std 0.123  tR +0.71  ent[s/d/p/e] 0.63/2.00/1.63/0.29  emits 2.59  clip 0.16  kl +0.009
upd 2059  steps 33751040  sps 5406  opp rand  loss -0.016  pg -0.0082  v 0.010  adv_std 0.145  tR +0.62  ent[s/d/p/e] 0.59/1.98/1.63/0.26  emits 2.60  clip 0.16  kl +0.007
upd 2060  steps 33767424  sps 5406  opp frzn  loss -0.015  pg -0.0073  v 0.009  adv_std 0.143  tR +0.59  ent[s/d/p/e] 0.60/1.99/1.62/0.28  emits 2.34  clip 0.16  kl +0.010
upd 2061  steps 33783808  sps 5406  opp frzn  loss -0.015  pg -0.0072  v 0.008  adv_std 0.129  tR +0.61  ent[s/d/p/e] 0.57/1.86/1.63/0.32  emits 2.11  clip 0.16  kl +0.009
upd 2062  steps 33800192  sps 5407  opp frzn  loss -0.017  pg -0.0083  v 0.007  adv_std 0.120  tR +0.64  ent[s/d/p/e] 0.59/1.86/1.66/0.33  emits 1.97  clip 0.12  kl +0.006
upd 2063  steps 33816576  sps 5407  opp frzn  loss -0.015  pg -0.0069  v 0.006  adv_std 0.118  tR +0.67  ent[s/d/p/e] 0.62/1.87/1.64/0.32  emits 2.11  clip 0.15  kl +0.008
upd 2064  steps 33832960  sps 5407  opp rand  loss -0.017  pg -0.0087  v 0.007  adv_std 0.127  tR +0.73  ent[s/d/p/e] 0.59/1.97/1.62/0.28  emits 2.48  clip 0.16  kl +0.008
upd 2065  steps 33849344  sps 5408  opp rand  loss -0.017  pg -0.0092  v 0.008  adv_std 0.133  tR +0.65  ent[s/d/p/e] 0.59/2.02/1.60/0.27  emits 2.60  clip 0.14  kl +0.006
upd 2066  steps 33865728  sps 5408  opp rand  loss -0.015  pg -0.0076  v 0.010  adv_std 0.147  tR +0.63  ent[s/d/p/e] 0.60/2.01/1.59/0.27  emits 2.57  clip 0.14  kl +0.007
upd 2067  steps 33882112  sps 5408  opp frzn  loss -0.015  pg -0.0071  v 0.008  adv_std 0.132  tR +0.70  ent[s/d/p/e] 0.61/1.86/1.62/0.32  emits 2.23  clip 0.15  kl +0.008
upd 2068  steps 33898496  sps 5409  opp frzn  loss -0.016  pg -0.0076  v 0.005  adv_std 0.104  tR +0.74  ent[s/d/p/e] 0.67/1.82/1.65/0.35  emits 2.10  clip 0.15  kl +0.009
upd 2069  steps 33914880  sps 5409  opp rand  loss -0.017  pg -0.0087  v 0.008  adv_std 0.127  tR +0.60  ent[s/d/p/e] 0.64/1.90/1.62/0.31  emits 2.44  clip 0.15  kl +0.008
upd 2070  steps 33931264  sps 5410  opp frzn  loss -0.017  pg -0.0089  v 0.008  adv_std 0.132  tR +0.66  ent[s/d/p/e] 0.67/1.90/1.62/0.31  emits 2.29  clip 0.15  kl +0.009
upd 2071  steps 33947648  sps 5410  opp frzn  loss -0.017  pg -0.0086  v 0.008  adv_std 0.130  tR +0.69  ent[s/d/p/e] 0.63/1.87/1.64/0.32  emits 2.28  clip 0.14  kl +0.008
upd 2072  steps 33964032  sps 5410  opp frzn  loss -0.015  pg -0.0071  v 0.008  adv_std 0.133  tR +0.66  ent[s/d/p/e] 0.60/1.91/1.61/0.30  emits 2.26  clip 0.15  kl +0.009
upd 2073  steps 33980416  sps 5410  opp frzn  loss -0.016  pg -0.0081  v 0.007  adv_std 0.121  tR +0.68  ent[s/d/p/e] 0.60/1.87/1.64/0.33  emits 2.12  clip 0.13  kl +0.008
upd 2074  steps 33996800  sps 5411  opp rand  loss -0.016  pg -0.0081  v 0.006  adv_std 0.111  tR +0.66  ent[s/d/p/e] 0.57/1.96/1.59/0.31  emits 2.30  clip 0.16  kl +0.009 WRr 0.91 WRf 0.88
upd 2075  steps 34013184  sps 5403  opp rand  loss -0.015  pg -0.0077  v 0.009  adv_std 0.139  tR +0.65  ent[s/d/p/e] 0.59/1.99/1.59/0.27  emits 2.51  clip 0.15  kl +0.008
upd 2076  steps 34029568  sps 5404  opp frzn  loss -0.017  pg -0.0091  v 0.005  adv_std 0.106  tR +0.67  ent[s/d/p/e] 0.58/1.89/1.60/0.31  emits 2.13  clip 0.14  kl +0.009
upd 2077  steps 34045952  sps 5404  opp rand  loss -0.015  pg -0.0080  v 0.009  adv_std 0.141  tR +0.63  ent[s/d/p/e] 0.62/1.98/1.57/0.27  emits 2.52  clip 0.17  kl +0.011
upd 2078  steps 34062336  sps 5405  opp rand  loss -0.015  pg -0.0078  v 0.012  adv_std 0.159  tR +0.60  ent[s/d/p/e] 0.70/2.00/1.58/0.25  emits 2.74  clip 0.14  kl +0.008
upd 2079  steps 34078720  sps 5405  opp frzn  loss -0.017  pg -0.0088  v 0.007  adv_std 0.121  tR +0.72  ent[s/d/p/e] 0.67/1.90/1.61/0.29  emits 2.38  clip 0.14  kl +0.008
upd 2080  steps 34095104  sps 5405  opp rand  loss -0.015  pg -0.0076  v 0.009  adv_std 0.139  tR +0.63  ent[s/d/p/e] 0.62/2.01/1.59/0.26  emits 2.64  clip 0.16  kl +0.010
upd 2081  steps 34111488  sps 5406  opp rand  loss -0.014  pg -0.0063  v 0.009  adv_std 0.142  tR +0.56  ent[s/d/p/e] 0.58/1.99/1.58/0.26  emits 2.56  clip 0.15  kl +0.008
upd 2082  steps 34127872  sps 5406  opp rand  loss -0.016  pg -0.0082  v 0.007  adv_std 0.123  tR +0.66  ent[s/d/p/e] 0.66/1.92/1.59/0.29  emits 2.38  clip 0.16  kl +0.010
upd 2083  steps 34144256  sps 5406  opp frzn  loss -0.017  pg -0.0082  v 0.004  adv_std 0.097  tR +0.71  ent[s/d/p/e] 0.56/1.86/1.61/0.29  emits 2.16  clip 0.15  kl +0.009
upd 2084  steps 34160640  sps 5407  opp rand  loss -0.016  pg -0.0080  v 0.009  adv_std 0.140  tR +0.70  ent[s/d/p/e] 0.61/1.90/1.59/0.28  emits 2.36  clip 0.16  kl +0.009
upd 2085  steps 34177024  sps 5407  opp frzn  loss -0.018  pg -0.0100  v 0.008  adv_std 0.133  tR +0.59  ent[s/d/p/e] 0.64/1.85/1.61/0.28  emits 2.29  clip 0.14  kl +0.008
upd 2086  steps 34193408  sps 5408  opp rand  loss -0.017  pg -0.0085  v 0.008  adv_std 0.128  tR +0.65  ent[s/d/p/e] 0.66/1.91/1.59/0.30  emits 2.36  clip 0.14  kl +0.006
upd 2087  steps 34209792  sps 5408  opp frzn  loss -0.017  pg -0.0090  v 0.008  adv_std 0.136  tR +0.59  ent[s/d/p/e] 0.63/1.80/1.62/0.31  emits 2.09  clip 0.14  kl +0.009
upd 2088  steps 34226176  sps 5408  opp frzn  loss -0.016  pg -0.0072  v 0.005  adv_std 0.100  tR +0.79  ent[s/d/p/e] 0.57/1.79/1.60/0.31  emits 2.01  clip 0.14  kl +0.006
upd 2089  steps 34242560  sps 5408  opp frzn  loss -0.017  pg -0.0086  v 0.006  adv_std 0.117  tR +0.69  ent[s/d/p/e] 0.63/1.77/1.62/0.31  emits 2.08  clip 0.15  kl +0.008
upd 2090  steps 34258944  sps 5409  opp rand  loss -0.015  pg -0.0071  v 0.008  adv_std 0.134  tR +0.75  ent[s/d/p/e] 0.68/1.86/1.59/0.28  emits 2.24  clip 0.14  kl +0.007
upd 2091  steps 34275328  sps 5409  opp rand  loss -0.014  pg -0.0071  v 0.011  adv_std 0.152  tR +0.69  ent[s/d/p/e] 0.57/1.92/1.57/0.27  emits 2.45  clip 0.14  kl +0.007
upd 2092  steps 34291712  sps 5410  opp frzn  loss -0.016  pg -0.0084  v 0.008  adv_std 0.135  tR +0.68  ent[s/d/p/e] 0.55/1.84/1.59/0.30  emits 2.21  clip 0.14  kl +0.010
upd 2093  steps 34308096  sps 5410  opp frzn  loss -0.015  pg -0.0069  v 0.007  adv_std 0.123  tR +0.57  ent[s/d/p/e] 0.53/1.82/1.61/0.30  emits 2.07  clip 0.14  kl +0.007
upd 2094  steps 34324480  sps 5410  opp frzn  loss -0.016  pg -0.0077  v 0.005  adv_std 0.106  tR +0.74  ent[s/d/p/e] 0.61/1.79/1.63/0.32  emits 2.06  clip 0.13  kl +0.008
upd 2095  steps 34340864  sps 5411  opp rand  loss -0.017  pg -0.0087  v 0.008  adv_std 0.128  tR +0.63  ent[s/d/p/e] 0.59/1.89/1.59/0.30  emits 2.23  clip 0.15  kl +0.011
upd 2096  steps 34357248  sps 5411  opp frzn  loss -0.015  pg -0.0073  v 0.007  adv_std 0.119  tR +0.69  ent[s/d/p/e] 0.60/1.81/1.60/0.31  emits 2.09  clip 0.14  kl +0.008
upd 2097  steps 34373632  sps 5411  opp rand  loss -0.015  pg -0.0070  v 0.008  adv_std 0.130  tR +0.72  ent[s/d/p/e] 0.57/1.85/1.59/0.30  emits 2.23  clip 0.15  kl +0.008
upd 2098  steps 34390016  sps 5412  opp frzn  loss -0.015  pg -0.0072  v 0.007  adv_std 0.126  tR +0.68  ent[s/d/p/e] 0.61/1.79/1.61/0.32  emits 2.01  clip 0.15  kl +0.009
upd 2099  steps 34406400  sps 5412  opp frzn  loss -0.016  pg -0.0076  v 0.006  adv_std 0.118  tR +0.71  ent[s/d/p/e] 0.58/1.74/1.63/0.34  emits 1.96  clip 0.14  kl +0.009 WRr 0.88 WRf 0.88
upd 2100  steps 34422784  sps 5405  opp frzn  loss -0.016  pg -0.0083  v 0.007  adv_std 0.126  tR +0.77  ent[s/d/p/e] 0.65/1.74/1.63/0.34  emits 1.89  clip 0.15  kl +0.007
upd 2101  steps 34439168  sps 5405  opp frzn  loss -0.016  pg -0.0082  v 0.009  adv_std 0.138  tR +0.71  ent[s/d/p/e] 0.58/1.75/1.63/0.33  emits 1.93  clip 0.14  kl +0.009
upd 2102  steps 34455552  sps 5405  opp frzn  loss -0.015  pg -0.0068  v 0.007  adv_std 0.122  tR +0.68  ent[s/d/p/e] 0.59/1.79/1.60/0.30  emits 1.98  clip 0.13  kl +0.006
upd 2103  steps 34471936  sps 5405  opp frzn  loss -0.016  pg -0.0081  v 0.007  adv_std 0.125  tR +0.76  ent[s/d/p/e] 0.65/1.81/1.61/0.30  emits 2.05  clip 0.14  kl +0.006
upd 2104  steps 34488320  sps 5406  opp rand  loss -0.014  pg -0.0067  v 0.008  adv_std 0.131  tR +0.72  ent[s/d/p/e] 0.56/1.84/1.59/0.30  emits 2.19  clip 0.14  kl +0.008
upd 2105  steps 34504704  sps 5406  opp frzn  loss -0.017  pg -0.0090  v 0.008  adv_std 0.134  tR +0.65  ent[s/d/p/e] 0.66/1.77/1.62/0.32  emits 2.12  clip 0.14  kl +0.005
upd 2106  steps 34521088  sps 5406  opp frzn  loss -0.015  pg -0.0070  v 0.006  adv_std 0.118  tR +0.72  ent[s/d/p/e] 0.63/1.75/1.63/0.34  emits 1.93  clip 0.14  kl +0.008
upd 2107  steps 34537472  sps 5407  opp frzn  loss -0.015  pg -0.0070  v 0.006  adv_std 0.111  tR +0.78  ent[s/d/p/e] 0.58/1.77/1.64/0.33  emits 1.93  clip 0.13  kl +0.008
upd 2108  steps 34553856  sps 5407  opp frzn  loss -0.016  pg -0.0078  v 0.006  adv_std 0.118  tR +0.64  ent[s/d/p/e] 0.57/1.78/1.63/0.33  emits 1.92  clip 0.16  kl +0.010
upd 2109  steps 34570240  sps 5408  opp rand  loss -0.018  pg -0.0097  v 0.007  adv_std 0.120  tR +0.61  ent[s/d/p/e] 0.62/1.85/1.63/0.29  emits 2.29  clip 0.15  kl +0.007
upd 2110  steps 34586624  sps 5408  opp rand  loss -0.015  pg -0.0073  v 0.008  adv_std 0.128  tR +0.62  ent[s/d/p/e] 0.65/1.86/1.59/0.29  emits 2.33  clip 0.14  kl +0.006
upd 2111  steps 34603008  sps 5408  opp frzn  loss -0.016  pg -0.0077  v 0.007  adv_std 0.125  tR +0.69  ent[s/d/p/e] 0.64/1.78/1.65/0.33  emits 2.09  clip 0.14  kl +0.008
upd 2112  steps 34619392  sps 5409  opp rand  loss -0.016  pg -0.0078  v 0.008  adv_std 0.130  tR +0.81  ent[s/d/p/e] 0.64/1.78/1.60/0.32  emits 2.19  clip 0.15  kl +0.008
upd 2113  steps 34635776  sps 5409  opp rand  loss -0.015  pg -0.0071  v 0.008  adv_std 0.131  tR +0.75  ent[s/d/p/e] 0.66/1.85/1.60/0.29  emits 2.39  clip 0.14  kl +0.009
upd 2114  steps 34652160  sps 5410  opp rand  loss -0.016  pg -0.0090  v 0.011  adv_std 0.151  tR +0.61  ent[s/d/p/e] 0.63/1.91/1.58/0.25  emits 2.66  clip 0.17  kl +0.009
upd 2115  steps 34668544  sps 5410  opp frzn  loss -0.016  pg -0.0080  v 0.007  adv_std 0.122  tR +0.76  ent[s/d/p/e] 0.61/1.83/1.63/0.31  emits 2.16  clip 0.13  kl +0.006
upd 2116  steps 34684928  sps 5410  opp rand  loss -0.016  pg -0.0079  v 0.008  adv_std 0.130  tR +0.70  ent[s/d/p/e] 0.64/1.87/1.60/0.30  emits 2.33  clip 0.13  kl +0.009
upd 2117  steps 34701312  sps 5411  opp frzn  loss -0.016  pg -0.0080  v 0.006  adv_std 0.111  tR +0.65  ent[s/d/p/e] 0.58/1.76/1.61/0.29  emits 2.11  clip 0.11  kl +0.007
upd 2118  steps 34717696  sps 5411  opp rand  loss -0.016  pg -0.0086  v 0.009  adv_std 0.140  tR +0.68  ent[s/d/p/e] 0.59/1.92/1.57/0.26  emits 2.50  clip 0.15  kl +0.008
upd 2119  steps 34734080  sps 5411  opp rand  loss -0.016  pg -0.0083  v 0.008  adv_std 0.129  tR +0.67  ent[s/d/p/e] 0.65/1.90/1.58/0.27  emits 2.38  clip 0.13  kl +0.007
upd 2120  steps 34750464  sps 5412  opp frzn  loss -0.018  pg -0.0097  v 0.007  adv_std 0.127  tR +0.63  ent[s/d/p/e] 0.61/1.78/1.61/0.31  emits 2.10  clip 0.13  kl +0.008
upd 2121  steps 34766848  sps 5412  opp frzn  loss -0.016  pg -0.0077  v 0.007  adv_std 0.123  tR +0.71  ent[s/d/p/e] 0.64/1.77/1.63/0.30  emits 2.24  clip 0.14  kl +0.008
upd 2122  steps 34783232  sps 5412  opp frzn  loss -0.014  pg -0.0065  v 0.008  adv_std 0.129  tR +0.68  ent[s/d/p/e] 0.56/1.72/1.64/0.34  emits 1.96  clip 0.14  kl +0.009
upd 2123  steps 34799616  sps 5413  opp frzn  loss -0.016  pg -0.0074  v 0.007  adv_std 0.123  tR +0.74  ent[s/d/p/e] 0.64/1.81/1.64/0.32  emits 2.16  clip 0.15  kl +0.009
upd 2124  steps 34816000  sps 5413  opp rand  loss -0.014  pg -0.0066  v 0.008  adv_std 0.129  tR +0.70  ent[s/d/p/e] 0.60/1.90/1.60/0.30  emits 2.31  clip 0.15  kl +0.008 WRr 0.91 WRf 0.84
upd 2125  steps 34832384  sps 5406  opp rand  loss -0.015  pg -0.0072  v 0.007  adv_std 0.127  tR +0.71  ent[s/d/p/e] 0.66/1.93/1.59/0.27  emits 2.46  clip 0.16  kl +0.008
upd 2126  steps 34848768  sps 5406  opp frzn  loss -0.017  pg -0.0087  v 0.007  adv_std 0.122  tR +0.62  ent[s/d/p/e] 0.61/1.84/1.61/0.28  emits 2.34  clip 0.14  kl +0.009
upd 2127  steps 34865152  sps 5406  opp rand  loss -0.016  pg -0.0078  v 0.008  adv_std 0.134  tR +0.71  ent[s/d/p/e] 0.68/1.88/1.59/0.26  emits 2.57  clip 0.17  kl +0.009
upd 2128  steps 34881536  sps 5407  opp rand  loss -0.016  pg -0.0084  v 0.007  adv_std 0.121  tR +0.72  ent[s/d/p/e] 0.65/1.94/1.58/0.26  emits 2.64  clip 0.15  kl +0.010
upd 2129  steps 34897920  sps 5407  opp frzn  loss -0.016  pg -0.0075  v 0.006  adv_std 0.118  tR +0.68  ent[s/d/p/e] 0.65/1.84/1.62/0.31  emits 2.19  clip 0.15  kl +0.010
upd 2130  steps 34914304  sps 5407  opp frzn  loss -0.017  pg -0.0082  v 0.004  adv_std 0.099  tR +0.72  ent[s/d/p/e] 0.64/1.79/1.64/0.33  emits 2.06  clip 0.16  kl +0.008
upd 2131  steps 34930688  sps 5408  opp rand  loss -0.016  pg -0.0078  v 0.006  adv_std 0.112  tR +0.79  ent[s/d/p/e] 0.63/1.93/1.60/0.30  emits 2.44  clip 0.15  kl +0.008
upd 2132  steps 34947072  sps 5408  opp rand  loss -0.016  pg -0.0075  v 0.006  adv_std 0.109  tR +0.65  ent[s/d/p/e] 0.58/1.95/1.57/0.28  emits 2.44  clip 0.15  kl +0.010
upd 2133  steps 34963456  sps 5409  opp rand  loss -0.015  pg -0.0068  v 0.005  adv_std 0.105  tR +0.72  ent[s/d/p/e] 0.63/1.91/1.57/0.27  emits 2.29  clip 0.14  kl +0.006
upd 2134  steps 34979840  sps 5409  opp rand  loss -0.016  pg -0.0084  v 0.007  adv_std 0.122  tR +0.63  ent[s/d/p/e] 0.65/1.92/1.57/0.26  emits 2.42  clip 0.15  kl +0.009
upd 2135  steps 34996224  sps 5409  opp rand  loss -0.015  pg -0.0081  v 0.009  adv_std 0.140  tR +0.65  ent[s/d/p/e] 0.61/1.94/1.55/0.26  emits 2.35  clip 0.15  kl +0.008
upd 2136  steps 35012608  sps 5410  opp rand  loss -0.016  pg -0.0081  v 0.008  adv_std 0.129  tR +0.69  ent[s/d/p/e] 0.68/1.92/1.59/0.27  emits 2.36  clip 0.15  kl +0.008
upd 2137  steps 35028992  sps 5410  opp rand  loss -0.016  pg -0.0079  v 0.007  adv_std 0.122  tR +0.66  ent[s/d/p/e] 0.61/1.93/1.56/0.25  emits 2.44  clip 0.14  kl +0.006
upd 2138  steps 35045376  sps 5411  opp frzn  loss -0.016  pg -0.0081  v 0.007  adv_std 0.122  tR +0.72  ent[s/d/p/e] 0.61/1.86/1.60/0.28  emits 2.04  clip 0.14  kl +0.008
upd 2139  steps 35061760  sps 5411  opp frzn  loss -0.016  pg -0.0082  v 0.008  adv_std 0.135  tR +0.68  ent[s/d/p/e] 0.51/1.82/1.60/0.30  emits 1.93  clip 0.12  kl +0.007
upd 2140  steps 35078144  sps 5411  opp rand  loss -0.016  pg -0.0078  v 0.006  adv_std 0.117  tR +0.76  ent[s/d/p/e] 0.64/1.92/1.59/0.27  emits 2.30  clip 0.14  kl +0.006
upd 2141  steps 35094528  sps 5412  opp rand  loss -0.016  pg -0.0079  v 0.008  adv_std 0.129  tR +0.62  ent[s/d/p/e] 0.57/1.98/1.58/0.25  emits 2.56  clip 0.16  kl +0.008
upd 2142  steps 35110912  sps 5412  opp frzn  loss -0.017  pg -0.0084  v 0.004  adv_std 0.097  tR +0.73  ent[s/d/p/e] 0.63/1.78/1.64/0.33  emits 2.00  clip 0.16  kl +0.009
upd 2143  steps 35127296  sps 5412  opp frzn  loss -0.015  pg -0.0070  v 0.007  adv_std 0.121  tR +0.72  ent[s/d/p/e] 0.56/1.84/1.62/0.31  emits 2.03  clip 0.15  kl +0.012
upd 2144  steps 35143680  sps 5413  opp rand  loss -0.018  pg -0.0100  v 0.008  adv_std 0.133  tR +0.63  ent[s/d/p/e] 0.62/1.90/1.61/0.28  emits 2.34  clip 0.15  kl +0.008
upd 2145  steps 35160064  sps 5413  opp rand  loss -0.016  pg -0.0087  v 0.008  adv_std 0.130  tR +0.68  ent[s/d/p/e] 0.60/1.97/1.57/0.25  emits 2.44  clip 0.15  kl +0.008
upd 2146  steps 35176448  sps 5414  opp rand  loss -0.016  pg -0.0083  v 0.008  adv_std 0.134  tR +0.75  ent[s/d/p/e] 0.63/1.91/1.59/0.29  emits 2.21  clip 0.14  kl +0.008
upd 2147  steps 35192832  sps 5414  opp rand  loss -0.016  pg -0.0086  v 0.008  adv_std 0.130  tR +0.69  ent[s/d/p/e] 0.61/1.91/1.59/0.27  emits 2.32  clip 0.15  kl +0.007
upd 2148  steps 35209216  sps 5414  opp rand  loss -0.015  pg -0.0073  v 0.008  adv_std 0.134  tR +0.67  ent[s/d/p/e] 0.63/1.95/1.57/0.27  emits 2.47  clip 0.15  kl +0.008
upd 2149  steps 35225600  sps 5415  opp frzn  loss -0.016  pg -0.0077  v 0.006  adv_std 0.113  tR +0.72  ent[s/d/p/e] 0.59/1.82/1.61/0.32  emits 2.07  clip 0.13  kl +0.007 WRr 0.91 WRf 0.69
upd 2150  steps 35241984  sps 5407  opp frzn  loss -0.015  pg -0.0073  v 0.008  adv_std 0.135  tR +0.65  ent[s/d/p/e] 0.55/1.81/1.63/0.32  emits 2.03  clip 0.16  kl +0.010
upd 2151  steps 35258368  sps 5408  opp rand  loss -0.017  pg -0.0083  v 0.007  adv_std 0.125  tR +0.68  ent[s/d/p/e] 0.70/1.81/1.62/0.31  emits 2.15  clip 0.14  kl +0.007
upd 2152  steps 35274752  sps 5408  opp rand  loss -0.015  pg -0.0075  v 0.007  adv_std 0.130  tR +0.68  ent[s/d/p/e] 0.59/1.95/1.57/0.26  emits 2.50  clip 0.17  kl +0.009
upd 2153  steps 35291136  sps 5408  opp frzn  loss -0.017  pg -0.0093  v 0.009  adv_std 0.137  tR +0.68  ent[s/d/p/e] 0.61/1.92/1.60/0.30  emits 2.31  clip 0.14  kl +0.009
upd 2154  steps 35307520  sps 5409  opp rand  loss -0.017  pg -0.0089  v 0.007  adv_std 0.120  tR +0.71  ent[s/d/p/e] 0.66/1.90/1.60/0.28  emits 2.34  clip 0.15  kl +0.007
upd 2155  steps 35323904  sps 5409  opp frzn  loss -0.015  pg -0.0075  v 0.007  adv_std 0.120  tR +0.68  ent[s/d/p/e] 0.58/1.87/1.60/0.28  emits 2.17  clip 0.15  kl +0.009
upd 2156  steps 35340288  sps 5410  opp rand  loss -0.016  pg -0.0079  v 0.006  adv_std 0.119  tR +0.68  ent[s/d/p/e] 0.59/1.90/1.58/0.27  emits 2.42  clip 0.15  kl +0.007
upd 2157  steps 35356672  sps 5410  opp frzn  loss -0.016  pg -0.0085  v 0.008  adv_std 0.131  tR +0.69  ent[s/d/p/e] 0.58/1.86/1.61/0.30  emits 2.23  clip 0.13  kl +0.006
upd 2158  steps 35373056  sps 5410  opp rand  loss -0.018  pg -0.0090  v 0.004  adv_std 0.094  tR +0.77  ent[s/d/p/e] 0.62/1.86/1.61/0.31  emits 2.16  clip 0.13  kl +0.009
upd 2159  steps 35389440  sps 5411  opp frzn  loss -0.016  pg -0.0078  v 0.007  adv_std 0.125  tR +0.74  ent[s/d/p/e] 0.66/1.76/1.64/0.33  emits 2.05  clip 0.13  kl +0.006
upd 2160  steps 35405824  sps 5411  opp rand  loss -0.015  pg -0.0066  v 0.006  adv_std 0.118  tR +0.73  ent[s/d/p/e] 0.62/1.89/1.61/0.29  emits 2.35  clip 0.14  kl +0.008
upd 2161  steps 35422208  sps 5411  opp rand  loss -0.016  pg -0.0075  v 0.006  adv_std 0.116  tR +0.71  ent[s/d/p/e] 0.60/1.93/1.57/0.26  emits 2.49  clip 0.16  kl +0.010
upd 2162  steps 35438592  sps 5412  opp rand  loss -0.014  pg -0.0064  v 0.007  adv_std 0.121  tR +0.63  ent[s/d/p/e] 0.59/1.94/1.57/0.26  emits 2.46  clip 0.16  kl +0.008
upd 2163  steps 35454976  sps 5412  opp frzn  loss -0.017  pg -0.0092  v 0.007  adv_std 0.127  tR +0.71  ent[s/d/p/e] 0.56/1.81/1.60/0.28  emits 2.18  clip 0.14  kl +0.007
upd 2164  steps 35471360  sps 5412  opp rand  loss -0.017  pg -0.0086  v 0.006  adv_std 0.117  tR +0.65  ent[s/d/p/e] 0.62/1.91/1.59/0.28  emits 2.28  clip 0.15  kl +0.007
upd 2165  steps 35487744  sps 5413  opp rand  loss -0.016  pg -0.0075  v 0.006  adv_std 0.113  tR +0.74  ent[s/d/p/e] 0.61/1.94/1.57/0.26  emits 2.55  clip 0.14  kl +0.008
upd 2166  steps 35504128  sps 5413  opp frzn  loss -0.016  pg -0.0085  v 0.008  adv_std 0.128  tR +0.71  ent[s/d/p/e] 0.63/1.81/1.62/0.31  emits 2.13  clip 0.14  kl +0.008
upd 2167  steps 35520512  sps 5413  opp frzn  loss -0.015  pg -0.0074  v 0.008  adv_std 0.137  tR +0.71  ent[s/d/p/e] 0.60/1.84/1.61/0.31  emits 2.06  clip 0.16  kl +0.009
upd 2168  steps 35536896  sps 5414  opp frzn  loss -0.016  pg -0.0079  v 0.007  adv_std 0.126  tR +0.69  ent[s/d/p/e] 0.61/1.85/1.60/0.30  emits 2.15  clip 0.14  kl +0.009
upd 2169  steps 35553280  sps 5414  opp rand  loss -0.017  pg -0.0094  v 0.008  adv_std 0.133  tR +0.73  ent[s/d/p/e] 0.56/1.90/1.62/0.29  emits 2.27  clip 0.13  kl +0.008
upd 2170  steps 35569664  sps 5414  opp frzn  loss -0.015  pg -0.0074  v 0.007  adv_std 0.124  tR +0.72  ent[s/d/p/e] 0.64/1.88/1.60/0.29  emits 2.34  clip 0.14  kl +0.007
upd 2171  steps 35586048  sps 5415  opp rand  loss -0.017  pg -0.0092  v 0.009  adv_std 0.136  tR +0.66  ent[s/d/p/e] 0.65/1.91/1.58/0.28  emits 2.57  clip 0.16  kl +0.011
upd 2172  steps 35602432  sps 5415  opp rand  loss -0.015  pg -0.0078  v 0.009  adv_std 0.137  tR +0.68  ent[s/d/p/e] 0.66/1.92/1.56/0.26  emits 2.49  clip 0.15  kl +0.006
upd 2173  steps 35618816  sps 5416  opp rand  loss -0.016  pg -0.0086  v 0.009  adv_std 0.144  tR +0.68  ent[s/d/p/e] 0.59/1.95/1.55/0.26  emits 2.51  clip 0.14  kl +0.009
upd 2174  steps 35635200  sps 5416  opp frzn  loss -0.017  pg -0.0088  v 0.006  adv_std 0.121  tR +0.70  ent[s/d/p/e] 0.67/1.83/1.64/0.34  emits 2.09  clip 0.14  kl +0.009 WRr 0.91 WRf 0.94
upd 2175  steps 35651584  sps 5409  opp rand  loss -0.016  pg -0.0075  v 0.007  adv_std 0.121  tR +0.66  ent[s/d/p/e] 0.63/1.89/1.60/0.31  emits 2.27  clip 0.14  kl +0.007
upd 2176  steps 35667968  sps 5409  opp frzn  loss -0.015  pg -0.0071  v 0.007  adv_std 0.126  tR +0.64  ent[s/d/p/e] 0.64/1.82/1.61/0.32  emits 2.18  clip 0.14  kl +0.009
upd 2177  steps 35684352  sps 5410  opp rand  loss -0.015  pg -0.0067  v 0.005  adv_std 0.101  tR +0.72  ent[s/d/p/e] 0.63/1.90/1.60/0.29  emits 2.32  clip 0.15  kl +0.008
upd 2178  steps 35700736  sps 5410  opp frzn  loss -0.016  pg -0.0073  v 0.005  adv_std 0.102  tR +0.75  ent[s/d/p/e] 0.62/1.81/1.60/0.33  emits 2.14  clip 0.13  kl +0.008
upd 2179  steps 35717120  sps 5410  opp frzn  loss -0.017  pg -0.0079  v 0.004  adv_std 0.097  tR +0.73  ent[s/d/p/e] 0.63/1.77/1.63/0.35  emits 2.10  clip 0.15  kl +0.011
upd 2180  steps 35733504  sps 5411  opp rand  loss -0.015  pg -0.0061  v 0.006  adv_std 0.109  tR +0.75  ent[s/d/p/e] 0.70/1.85/1.60/0.29  emits 2.32  clip 0.17  kl +0.009
upd 2181  steps 35749888  sps 5411  opp rand  loss -0.015  pg -0.0073  v 0.009  adv_std 0.140  tR +0.69  ent[s/d/p/e] 0.60/1.85/1.58/0.27  emits 2.39  clip 0.17  kl +0.009
upd 2182  steps 35766272  sps 5411  opp frzn  loss -0.016  pg -0.0076  v 0.005  adv_std 0.106  tR +0.73  ent[s/d/p/e] 0.62/1.84/1.61/0.31  emits 2.13  clip 0.13  kl +0.007
upd 2183  steps 35782656  sps 5412  opp rand  loss -0.015  pg -0.0070  v 0.006  adv_std 0.117  tR +0.70  ent[s/d/p/e] 0.65/1.93/1.55/0.26  emits 2.43  clip 0.15  kl +0.008
upd 2184  steps 35799040  sps 5412  opp rand  loss -0.017  pg -0.0089  v 0.007  adv_std 0.125  tR +0.66  ent[s/d/p/e] 0.65/1.89/1.57/0.27  emits 2.33  clip 0.14  kl +0.009
upd 2185  steps 35815424  sps 5412  opp frzn  loss -0.015  pg -0.0071  v 0.006  adv_std 0.120  tR +0.67  ent[s/d/p/e] 0.63/1.82/1.60/0.30  emits 2.12  clip 0.14  kl +0.010
upd 2186  steps 35831808  sps 5413  opp frzn  loss -0.016  pg -0.0074  v 0.005  adv_std 0.110  tR +0.77  ent[s/d/p/e] 0.63/1.75/1.61/0.32  emits 1.96  clip 0.15  kl +0.008
upd 2187  steps 35848192  sps 5413  opp rand  loss -0.015  pg -0.0076  v 0.007  adv_std 0.122  tR +0.70  ent[s/d/p/e] 0.57/1.89/1.58/0.27  emits 2.24  clip 0.15  kl +0.010
upd 2188  steps 35864576  sps 5413  opp frzn  loss -0.017  pg -0.0088  v 0.005  adv_std 0.107  tR +0.73  ent[s/d/p/e] 0.59/1.89/1.60/0.28  emits 2.23  clip 0.13  kl +0.008
upd 2189  steps 35880960  sps 5414  opp frzn  loss -0.016  pg -0.0084  v 0.007  adv_std 0.124  tR +0.67  ent[s/d/p/e] 0.61/1.84/1.62/0.28  emits 2.26  clip 0.15  kl +0.009
upd 2190  steps 35897344  sps 5414  opp frzn  loss -0.016  pg -0.0084  v 0.007  adv_std 0.124  tR +0.69  ent[s/d/p/e] 0.59/1.85/1.61/0.29  emits 2.22  clip 0.16  kl +0.010
upd 2191  steps 35913728  sps 5414  opp frzn  loss -0.016  pg -0.0078  v 0.008  adv_std 0.128  tR +0.70  ent[s/d/p/e] 0.64/1.83/1.63/0.30  emits 2.21  clip 0.16  kl +0.010
upd 2192  steps 35930112  sps 5415  opp rand  loss -0.015  pg -0.0078  v 0.008  adv_std 0.128  tR +0.57  ent[s/d/p/e] 0.58/1.93/1.56/0.25  emits 2.50  clip 0.14  kl +0.007
upd 2193  steps 35946496  sps 5415  opp rand  loss -0.015  pg -0.0075  v 0.008  adv_std 0.132  tR +0.61  ent[s/d/p/e] 0.57/1.94/1.57/0.26  emits 2.41  clip 0.14  kl +0.007
upd 2194  steps 35962880  sps 5415  opp rand  loss -0.016  pg -0.0081  v 0.009  adv_std 0.136  tR +0.65  ent[s/d/p/e] 0.62/1.97/1.58/0.25  emits 2.55  clip 0.15  kl +0.007
upd 2195  steps 35979264  sps 5416  opp frzn  loss -0.017  pg -0.0092  v 0.008  adv_std 0.133  tR +0.58  ent[s/d/p/e] 0.58/1.90/1.57/0.26  emits 2.33  clip 0.14  kl +0.008
upd 2196  steps 35995648  sps 5416  opp rand  loss -0.017  pg -0.0090  v 0.009  adv_std 0.135  tR +0.58  ent[s/d/p/e] 0.63/2.01/1.57/0.25  emits 2.61  clip 0.14  kl +0.008
upd 2197  steps 36012032  sps 5416  opp rand  loss -0.015  pg -0.0073  v 0.008  adv_std 0.130  tR +0.69  ent[s/d/p/e] 0.59/1.97/1.58/0.24  emits 2.66  clip 0.14  kl +0.007
upd 2198  steps 36028416  sps 5417  opp frzn  loss -0.016  pg -0.0077  v 0.007  adv_std 0.123  tR +0.68  ent[s/d/p/e] 0.60/1.88/1.62/0.29  emits 2.30  clip 0.14  kl +0.008
upd 2199  steps 36044800  sps 5417  opp rand  loss -0.018  pg -0.0097  v 0.006  adv_std 0.119  tR +0.74  ent[s/d/p/e] 0.61/1.96/1.59/0.26  emits 2.58  clip 0.16  kl +0.008 WRr 0.91 WRf 0.94
upd 2200  steps 36061184  sps 5410  opp rand  loss -0.017  pg -0.0087  v 0.007  adv_std 0.124  tR +0.69  ent[s/d/p/e] 0.63/2.00/1.59/0.25  emits 2.55  clip 0.16  kl +0.009
upd 2201  steps 36077568  sps 5411  opp rand  loss -0.017  pg -0.0092  v 0.008  adv_std 0.131  tR +0.69  ent[s/d/p/e] 0.65/1.97/1.59/0.25  emits 2.68  clip 0.15  kl +0.008
upd 2202  steps 36093952  sps 5411  opp frzn  loss -0.016  pg -0.0072  v 0.006  adv_std 0.110  tR +0.68  ent[s/d/p/e] 0.66/1.92/1.61/0.29  emits 2.39  clip 0.14  kl +0.008
upd 2203  steps 36110336  sps 5411  opp rand  loss -0.015  pg -0.0075  v 0.007  adv_std 0.122  tR +0.67  ent[s/d/p/e] 0.60/1.98/1.59/0.27  emits 2.49  clip 0.16  kl +0.010
upd 2204  steps 36126720  sps 5412  opp frzn  loss -0.017  pg -0.0089  v 0.008  adv_std 0.130  tR +0.71  ent[s/d/p/e] 0.64/1.90/1.62/0.27  emits 2.42  clip 0.13  kl +0.006
upd 2205  steps 36143104  sps 5412  opp frzn  loss -0.018  pg -0.0096  v 0.005  adv_std 0.105  tR +0.74  ent[s/d/p/e] 0.57/1.88/1.62/0.30  emits 2.27  clip 0.15  kl +0.007
upd 2206  steps 36159488  sps 5412  opp rand  loss -0.016  pg -0.0085  v 0.007  adv_std 0.125  tR +0.65  ent[s/d/p/e] 0.59/1.92/1.61/0.27  emits 2.45  clip 0.15  kl +0.007
upd 2207  steps 36175872  sps 5412  opp frzn  loss -0.016  pg -0.0078  v 0.007  adv_std 0.123  tR +0.63  ent[s/d/p/e] 0.63/1.86/1.63/0.30  emits 2.39  clip 0.14  kl +0.008
upd 2208  steps 36192256  sps 5413  opp rand  loss -0.016  pg -0.0079  v 0.009  adv_std 0.137  tR +0.68  ent[s/d/p/e] 0.62/1.96/1.59/0.26  emits 2.60  clip 0.16  kl +0.009
upd 2209  steps 36208640  sps 5413  opp frzn  loss -0.016  pg -0.0080  v 0.008  adv_std 0.130  tR +0.70  ent[s/d/p/e] 0.57/1.87/1.63/0.29  emits 2.30  clip 0.15  kl +0.008
upd 2210  steps 36225024  sps 5414  opp rand  loss -0.015  pg -0.0073  v 0.007  adv_std 0.121  tR +0.72  ent[s/d/p/e] 0.62/1.94/1.59/0.26  emits 2.49  clip 0.14  kl +0.009
upd 2211  steps 36241408  sps 5414  opp rand  loss -0.017  pg -0.0085  v 0.007  adv_std 0.124  tR +0.76  ent[s/d/p/e] 0.64/1.98/1.61/0.27  emits 2.63  clip 0.16  kl +0.008
upd 2212  steps 36257792  sps 5414  opp rand  loss -0.017  pg -0.0089  v 0.006  adv_std 0.113  tR +0.62  ent[s/d/p/e] 0.63/2.03/1.58/0.24  emits 2.76  clip 0.14  kl +0.007
upd 2213  steps 36274176  sps 5415  opp rand  loss -0.018  pg -0.0092  v 0.006  adv_std 0.109  tR +0.71  ent[s/d/p/e] 0.65/2.00/1.58/0.27  emits 2.60  clip 0.16  kl +0.010
upd 2214  steps 36290560  sps 5415  opp rand  loss -0.015  pg -0.0072  v 0.007  adv_std 0.129  tR +0.68  ent[s/d/p/e] 0.70/1.94/1.61/0.28  emits 2.51  clip 0.15  kl +0.007
upd 2215  steps 36306944  sps 5415  opp frzn  loss -0.017  pg -0.0090  v 0.007  adv_std 0.125  tR +0.60  ent[s/d/p/e] 0.67/1.92/1.59/0.28  emits 2.46  clip 0.15  kl +0.010
upd 2216  steps 36323328  sps 5416  opp rand  loss -0.016  pg -0.0079  v 0.007  adv_std 0.126  tR +0.70  ent[s/d/p/e] 0.66/1.95/1.62/0.28  emits 2.44  clip 0.15  kl +0.007
upd 2217  steps 36339712  sps 5416  opp rand  loss -0.016  pg -0.0085  v 0.009  adv_std 0.140  tR +0.71  ent[s/d/p/e] 0.67/1.96/1.59/0.27  emits 2.65  clip 0.17  kl +0.012
upd 2218  steps 36356096  sps 5417  opp rand  loss -0.016  pg -0.0075  v 0.007  adv_std 0.124  tR +0.67  ent[s/d/p/e] 0.65/1.99/1.59/0.27  emits 2.61  clip 0.15  kl +0.007
upd 2219  steps 36372480  sps 5417  opp frzn  loss -0.017  pg -0.0085  v 0.005  adv_std 0.104  tR +0.68  ent[s/d/p/e] 0.65/1.82/1.63/0.33  emits 2.12  clip 0.14  kl +0.009
upd 2220  steps 36388864  sps 5417  opp frzn  loss -0.017  pg -0.0082  v 0.006  adv_std 0.118  tR +0.76  ent[s/d/p/e] 0.66/1.81/1.64/0.33  emits 2.14  clip 0.14  kl +0.008
upd 2221  steps 36405248  sps 5418  opp rand  loss -0.016  pg -0.0071  v 0.005  adv_std 0.106  tR +0.72  ent[s/d/p/e] 0.64/1.92/1.62/0.29  emits 2.39  clip 0.16  kl +0.007
upd 2222  steps 36421632  sps 5418  opp frzn  loss -0.017  pg -0.0084  v 0.006  adv_std 0.117  tR +0.78  ent[s/d/p/e] 0.60/1.84/1.63/0.31  emits 2.16  clip 0.14  kl +0.009
upd 2223  steps 36438016  sps 5418  opp rand  loss -0.017  pg -0.0093  v 0.006  adv_std 0.116  tR +0.73  ent[s/d/p/e] 0.62/1.99/1.58/0.26  emits 2.58  clip 0.15  kl +0.007
upd 2224  steps 36454400  sps 5419  opp frzn  loss -0.017  pg -0.0092  v 0.007  adv_std 0.128  tR +0.67  ent[s/d/p/e] 0.64/1.88/1.61/0.30  emits 2.31  clip 0.14  kl +0.007 WRr 0.81 WRf 0.94
upd 2225  steps 36470784  sps 5411  opp frzn  loss -0.015  pg -0.0076  v 0.008  adv_std 0.132  tR +0.65  ent[s/d/p/e] 0.61/1.89/1.61/0.28  emits 2.23  clip 0.14  kl +0.008
upd 2226  steps 36487168  sps 5412  opp rand  loss -0.016  pg -0.0079  v 0.007  adv_std 0.123  tR +0.73  ent[s/d/p/e] 0.64/1.91/1.58/0.28  emits 2.32  clip 0.14  kl +0.009
upd 2227  steps 36503552  sps 5412  opp frzn  loss -0.013  pg -0.0049  v 0.009  adv_std 0.138  tR +0.67  ent[s/d/p/e] 0.60/1.87/1.62/0.31  emits 2.20  clip 0.15  kl +0.010
upd 2228  steps 36519936  sps 5412  opp rand  loss -0.016  pg -0.0078  v 0.008  adv_std 0.128  tR +0.65  ent[s/d/p/e] 0.63/1.95/1.60/0.27  emits 2.57  clip 0.17  kl +0.010
upd 2229  steps 36536320  sps 5413  opp rand  loss -0.016  pg -0.0076  v 0.007  adv_std 0.127  tR +0.67  ent[s/d/p/e] 0.66/1.91/1.61/0.27  emits 2.55  clip 0.15  kl +0.008
upd 2230  steps 36552704  sps 5413  opp rand  loss -0.016  pg -0.0078  v 0.007  adv_std 0.126  tR +0.65  ent[s/d/p/e] 0.65/1.96/1.59/0.26  emits 2.60  clip 0.16  kl +0.008
upd 2231  steps 36569088  sps 5414  opp frzn  loss -0.017  pg -0.0084  v 0.007  adv_std 0.123  tR +0.66  ent[s/d/p/e] 0.66/1.79/1.64/0.33  emits 2.30  clip 0.15  kl +0.011
upd 2232  steps 36585472  sps 5414  opp rand  loss -0.015  pg -0.0067  v 0.007  adv_std 0.121  tR +0.69  ent[s/d/p/e] 0.64/1.90/1.62/0.30  emits 2.36  clip 0.17  kl +0.010
upd 2233  steps 36601856  sps 5414  opp rand  loss -0.015  pg -0.0067  v 0.008  adv_std 0.135  tR +0.75  ent[s/d/p/e] 0.64/1.91/1.62/0.28  emits 2.47  clip 0.16  kl +0.007
upd 2234  steps 36618240  sps 5415  opp rand  loss -0.016  pg -0.0081  v 0.008  adv_std 0.129  tR +0.73  ent[s/d/p/e] 0.65/1.90/1.60/0.26  emits 2.55  clip 0.16  kl +0.008
upd 2235  steps 36634624  sps 5415  opp frzn  loss -0.017  pg -0.0090  v 0.008  adv_std 0.129  tR +0.72  ent[s/d/p/e] 0.66/1.83/1.64/0.31  emits 2.36  clip 0.13  kl +0.007
upd 2236  steps 36651008  sps 5415  opp rand  loss -0.018  pg -0.0091  v 0.005  adv_std 0.109  tR +0.72  ent[s/d/p/e] 0.64/1.90/1.62/0.28  emits 2.51  clip 0.16  kl +0.011
upd 2237  steps 36667392  sps 5416  opp frzn  loss -0.017  pg -0.0091  v 0.006  adv_std 0.112  tR +0.73  ent[s/d/p/e] 0.56/1.85/1.64/0.27  emits 2.45  clip 0.14  kl +0.009
upd 2238  steps 36683776  sps 5416  opp rand  loss -0.016  pg -0.0078  v 0.007  adv_std 0.127  tR +0.70  ent[s/d/p/e] 0.65/1.93/1.61/0.26  emits 2.74  clip 0.14  kl +0.007
upd 2239  steps 36700160  sps 5416  opp rand  loss -0.017  pg -0.0082  v 0.006  adv_std 0.114  tR +0.68  ent[s/d/p/e] 0.67/1.94/1.62/0.26  emits 2.70  clip 0.16  kl +0.010
upd 2240  steps 36716544  sps 5417  opp rand  loss -0.017  pg -0.0086  v 0.007  adv_std 0.120  tR +0.69  ent[s/d/p/e] 0.60/1.91/1.61/0.26  emits 2.63  clip 0.15  kl +0.008
upd 2241  steps 36732928  sps 5417  opp frzn  loss -0.015  pg -0.0067  v 0.006  adv_std 0.119  tR +0.66  ent[s/d/p/e] 0.65/1.83/1.64/0.28  emits 2.42  clip 0.15  kl +0.011
upd 2242  steps 36749312  sps 5417  opp frzn  loss -0.016  pg -0.0077  v 0.007  adv_std 0.122  tR +0.77  ent[s/d/p/e] 0.63/1.82/1.67/0.31  emits 2.20  clip 0.17  kl +0.012
upd 2243  steps 36765696  sps 5418  opp rand  loss -0.016  pg -0.0083  v 0.008  adv_std 0.130  tR +0.68  ent[s/d/p/e] 0.64/1.93/1.63/0.26  emits 2.65  clip 0.16  kl +0.008
upd 2244  steps 36782080  sps 5418  opp frzn  loss -0.016  pg -0.0078  v 0.007  adv_std 0.118  tR +0.62  ent[s/d/p/e] 0.61/1.85/1.64/0.29  emits 2.44  clip 0.16  kl +0.010
upd 2245  steps 36798464  sps 5419  opp rand  loss -0.017  pg -0.0098  v 0.008  adv_std 0.135  tR +0.74  ent[s/d/p/e] 0.63/1.94/1.60/0.26  emits 2.49  clip 0.14  kl +0.007
upd 2246  steps 36814848  sps 5419  opp frzn  loss -0.018  pg -0.0096  v 0.005  adv_std 0.102  tR +0.72  ent[s/d/p/e] 0.64/1.80/1.64/0.31  emits 2.16  clip 0.14  kl +0.007
upd 2247  steps 36831232  sps 5419  opp frzn  loss -0.016  pg -0.0082  v 0.007  adv_std 0.123  tR +0.71  ent[s/d/p/e] 0.58/1.79/1.65/0.32  emits 2.22  clip 0.14  kl +0.008
upd 2248  steps 36847616  sps 5419  opp rand  loss -0.017  pg -0.0093  v 0.008  adv_std 0.133  tR +0.78  ent[s/d/p/e] 0.70/1.93/1.64/0.26  emits 2.67  clip 0.18  kl +0.011
upd 2249  steps 36864000  sps 5420  opp frzn  loss -0.015  pg -0.0066  v 0.005  adv_std 0.106  tR +0.78  ent[s/d/p/e] 0.59/1.78/1.65/0.30  emits 2.27  clip 0.16  kl +0.008 WRr 0.84 WRf 0.81
upd 2250  steps 36880384  sps 5413  opp rand  loss -0.016  pg -0.0081  v 0.006  adv_std 0.117  tR +0.75  ent[s/d/p/e] 0.62/1.91/1.64/0.27  emits 2.55  clip 0.17  kl +0.009
upd 2251  steps 36896768  sps 5413  opp rand  loss -0.017  pg -0.0092  v 0.007  adv_std 0.128  tR +0.58  ent[s/d/p/e] 0.65/1.94/1.66/0.25  emits 2.83  clip 0.16  kl +0.011
upd 2252  steps 36913152  sps 5413  opp frzn  loss -0.018  pg -0.0089  v 0.004  adv_std 0.096  tR +0.82  ent[s/d/p/e] 0.67/1.84/1.68/0.31  emits 2.34  clip 0.15  kl +0.007
upd 2253  steps 36929536  sps 5414  opp frzn  loss -0.016  pg -0.0080  v 0.007  adv_std 0.122  tR +0.69  ent[s/d/p/e] 0.62/1.86/1.66/0.30  emits 2.35  clip 0.15  kl +0.008
upd 2254  steps 36945920  sps 5414  opp rand  loss -0.016  pg -0.0086  v 0.008  adv_std 0.128  tR +0.68  ent[s/d/p/e] 0.61/1.93/1.63/0.27  emits 2.63  clip 0.15  kl +0.008
upd 2255  steps 36962304  sps 5415  opp rand  loss -0.017  pg -0.0096  v 0.010  adv_std 0.146  tR +0.63  ent[s/d/p/e] 0.64/1.98/1.61/0.22  emits 2.90  clip 0.16  kl +0.008
upd 2256  steps 36978688  sps 5415  opp rand  loss -0.017  pg -0.0091  v 0.007  adv_std 0.125  tR +0.62  ent[s/d/p/e] 0.65/1.97/1.59/0.22  emits 2.94  clip 0.16  kl +0.008
upd 2257  steps 36995072  sps 5415  opp frzn  loss -0.017  pg -0.0087  v 0.005  adv_std 0.100  tR +0.80  ent[s/d/p/e] 0.65/1.87/1.65/0.29  emits 2.36  clip 0.14  kl +0.009
upd 2258  steps 37011456  sps 5416  opp rand  loss -0.017  pg -0.0090  v 0.009  adv_std 0.137  tR +0.67  ent[s/d/p/e] 0.67/1.95/1.64/0.26  emits 2.72  clip 0.17  kl +0.010
upd 2259  steps 37027840  sps 5416  opp frzn  loss -0.016  pg -0.0083  v 0.008  adv_std 0.130  tR +0.72  ent[s/d/p/e] 0.58/1.90/1.64/0.27  emits 2.41  clip 0.15  kl +0.008
upd 2260  steps 37044224  sps 5416  opp frzn  loss -0.015  pg -0.0069  v 0.007  adv_std 0.122  tR +0.71  ent[s/d/p/e] 0.61/1.80/1.66/0.31  emits 2.17  clip 0.16  kl +0.010
upd 2261  steps 37060608  sps 5417  opp rand  loss -0.017  pg -0.0085  v 0.005  adv_std 0.106  tR +0.70  ent[s/d/p/e] 0.62/1.91/1.64/0.28  emits 2.46  clip 0.16  kl +0.008
upd 2262  steps 37076992  sps 5417  opp frzn  loss -0.016  pg -0.0074  v 0.007  adv_std 0.123  tR +0.66  ent[s/d/p/e] 0.64/1.87/1.65/0.30  emits 2.33  clip 0.16  kl +0.009
upd 2263  steps 37093376  sps 5417  opp rand  loss -0.017  pg -0.0079  v 0.005  adv_std 0.102  tR +0.77  ent[s/d/p/e] 0.65/1.92/1.62/0.29  emits 2.47  clip 0.14  kl +0.006
upd 2264  steps 37109760  sps 5418  opp rand  loss -0.018  pg -0.0098  v 0.008  adv_std 0.132  tR +0.70  ent[s/d/p/e] 0.63/1.95/1.61/0.27  emits 2.64  clip 0.14  kl +0.007
upd 2265  steps 37126144  sps 5418  opp rand  loss -0.017  pg -0.0091  v 0.007  adv_std 0.127  tR +0.79  ent[s/d/p/e] 0.65/1.94/1.60/0.28  emits 2.57  clip 0.15  kl +0.008
upd 2266  steps 37142528  sps 5418  opp frzn  loss -0.017  pg -0.0084  v 0.006  adv_std 0.113  tR +0.74  ent[s/d/p/e] 0.62/1.86/1.64/0.28  emits 2.51  clip 0.15  kl +0.010
upd 2267  steps 37158912  sps 5419  opp rand  loss -0.016  pg -0.0074  v 0.006  adv_std 0.121  tR +0.79  ent[s/d/p/e] 0.73/1.89/1.62/0.28  emits 2.49  clip 0.15  kl +0.009
upd 2268  steps 37175296  sps 5419  opp rand  loss -0.015  pg -0.0077  v 0.008  adv_std 0.130  tR +0.68  ent[s/d/p/e] 0.66/1.99/1.59/0.22  emits 2.99  clip 0.16  kl +0.010
upd 2269  steps 37191680  sps 5419  opp frzn  loss -0.016  pg -0.0074  v 0.006  adv_std 0.118  tR +0.66  ent[s/d/p/e] 0.63/1.88/1.62/0.27  emits 2.52  clip 0.15  kl +0.007
upd 2270  steps 37208064  sps 5420  opp frzn  loss -0.017  pg -0.0081  v 0.006  adv_std 0.110  tR +0.74  ent[s/d/p/e] 0.65/1.86/1.65/0.29  emits 2.49  clip 0.17  kl +0.009
upd 2271  steps 37224448  sps 5420  opp frzn  loss -0.016  pg -0.0079  v 0.006  adv_std 0.116  tR +0.69  ent[s/d/p/e] 0.65/1.83/1.65/0.31  emits 2.32  clip 0.16  kl +0.009
upd 2272  steps 37240832  sps 5420  opp frzn  loss -0.016  pg -0.0080  v 0.005  adv_std 0.106  tR +0.72  ent[s/d/p/e] 0.62/1.83/1.64/0.31  emits 2.46  clip 0.15  kl +0.009
upd 2273  steps 37257216  sps 5421  opp rand  loss -0.016  pg -0.0081  v 0.005  adv_std 0.108  tR +0.71  ent[s/d/p/e] 0.58/1.97/1.58/0.25  emits 2.80  clip 0.15  kl +0.008
upd 2274  steps 37273600  sps 5421  opp rand  loss -0.016  pg -0.0084  v 0.007  adv_std 0.122  tR +0.70  ent[s/d/p/e] 0.63/1.95/1.58/0.26  emits 2.72  clip 0.14  kl +0.006 WRr 0.81 WRf 0.91
upd 2275  steps 37289984  sps 5412  opp rand  loss -0.015  pg -0.0082  v 0.010  adv_std 0.151  tR +0.72  ent[s/d/p/e] 0.54/1.96/1.58/0.23  emits 2.74  clip 0.16  kl +0.008
upd 2276  steps 37306368  sps 5412  opp rand  loss -0.017  pg -0.0097  v 0.007  adv_std 0.128  tR +0.70  ent[s/d/p/e] 0.55/1.97/1.58/0.23  emits 2.71  clip 0.16  kl +0.010
upd 2277  steps 37322752  sps 5412  opp frzn  loss -0.018  pg -0.0094  v 0.005  adv_std 0.110  tR +0.75  ent[s/d/p/e] 0.62/1.90/1.65/0.29  emits 2.55  clip 0.15  kl +0.008
upd 2278  steps 37339136  sps 5413  opp frzn  loss -0.018  pg -0.0091  v 0.007  adv_std 0.121  tR +0.72  ent[s/d/p/e] 0.67/1.86/1.67/0.30  emits 2.43  clip 0.15  kl +0.011
upd 2279  steps 37355520  sps 5413  opp frzn  loss -0.018  pg -0.0088  v 0.005  adv_std 0.099  tR +0.76  ent[s/d/p/e] 0.60/1.84/1.67/0.32  emits 2.28  clip 0.13  kl +0.008
upd 2280  steps 37371904  sps 5413  opp rand  loss -0.018  pg -0.0098  v 0.007  adv_std 0.124  tR +0.70  ent[s/d/p/e] 0.58/1.95/1.60/0.26  emits 2.70  clip 0.15  kl +0.009
upd 2281  steps 37388288  sps 5413  opp frzn  loss -0.017  pg -0.0083  v 0.006  adv_std 0.117  tR +0.73  ent[s/d/p/e] 0.64/1.82/1.66/0.33  emits 2.33  clip 0.14  kl +0.008
upd 2282  steps 37404672  sps 5414  opp frzn  loss -0.019  pg -0.0105  v 0.006  adv_std 0.114  tR +0.69  ent[s/d/p/e] 0.65/1.87/1.65/0.31  emits 2.43  clip 0.14  kl +0.007
upd 2283  steps 37421056  sps 5414  opp frzn  loss -0.017  pg -0.0087  v 0.008  adv_std 0.129  tR +0.64  ent[s/d/p/e] 0.62/1.87/1.63/0.28  emits 2.49  clip 0.14  kl +0.007
upd 2284  steps 37437440  sps 5414  opp frzn  loss -0.017  pg -0.0087  v 0.007  adv_std 0.128  tR +0.66  ent[s/d/p/e] 0.56/1.91/1.65/0.28  emits 2.55  clip 0.14  kl +0.006
upd 2285  steps 37453824  sps 5415  opp rand  loss -0.017  pg -0.0092  v 0.008  adv_std 0.134  tR +0.70  ent[s/d/p/e] 0.66/2.00/1.62/0.26  emits 2.92  clip 0.16  kl +0.009
upd 2286  steps 37470208  sps 5415  opp frzn  loss -0.017  pg -0.0086  v 0.006  adv_std 0.117  tR +0.64  ent[s/d/p/e] 0.65/1.87/1.68/0.28  emits 2.56  clip 0.15  kl +0.008
upd 2287  steps 37486592  sps 5415  opp frzn  loss -0.015  pg -0.0070  v 0.006  adv_std 0.113  tR +0.72  ent[s/d/p/e] 0.63/1.88/1.67/0.30  emits 2.53  clip 0.16  kl +0.010
upd 2288  steps 37502976  sps 5416  opp rand  loss -0.016  pg -0.0085  v 0.008  adv_std 0.130  tR +0.66  ent[s/d/p/e] 0.67/1.97/1.60/0.24  emits 2.93  clip 0.14  kl +0.005
upd 2289  steps 37519360  sps 5416  opp frzn  loss -0.016  pg -0.0079  v 0.006  adv_std 0.118  tR +0.64  ent[s/d/p/e] 0.62/1.87/1.65/0.27  emits 2.55  clip 0.15  kl +0.008
upd 2290  steps 37535744  sps 5416  opp rand  loss -0.017  pg -0.0087  v 0.006  adv_std 0.115  tR +0.71  ent[s/d/p/e] 0.60/1.95/1.62/0.24  emits 2.74  clip 0.15  kl +0.008
upd 2291  steps 37552128  sps 5417  opp frzn  loss -0.016  pg -0.0077  v 0.006  adv_std 0.110  tR +0.70  ent[s/d/p/e] 0.59/1.89/1.66/0.26  emits 2.59  clip 0.15  kl +0.007
upd 2292  steps 37568512  sps 5417  opp frzn  loss -0.016  pg -0.0077  v 0.004  adv_std 0.096  tR +0.83  ent[s/d/p/e] 0.60/1.89/1.65/0.28  emits 2.40  clip 0.15  kl +0.010
upd 2293  steps 37584896  sps 5417  opp frzn  loss -0.016  pg -0.0078  v 0.008  adv_std 0.129  tR +0.68  ent[s/d/p/e] 0.64/1.88/1.64/0.27  emits 2.49  clip 0.14  kl +0.008
upd 2294  steps 37601280  sps 5417  opp rand  loss -0.015  pg -0.0081  v 0.008  adv_std 0.131  tR +0.65  ent[s/d/p/e] 0.55/1.96/1.58/0.22  emits 2.77  clip 0.15  kl +0.007
upd 2295  steps 37617664  sps 5418  opp frzn  loss -0.016  pg -0.0081  v 0.009  adv_std 0.142  tR +0.69  ent[s/d/p/e] 0.63/1.94/1.61/0.24  emits 2.74  clip 0.15  kl +0.008
upd 2296  steps 37634048  sps 5418  opp rand  loss -0.018  pg -0.0093  v 0.005  adv_std 0.105  tR +0.71  ent[s/d/p/e] 0.62/1.98/1.61/0.23  emits 2.89  clip 0.16  kl +0.009
upd 2297  steps 37650432  sps 5419  opp rand  loss -0.014  pg -0.0065  v 0.009  adv_std 0.142  tR +0.71  ent[s/d/p/e] 0.66/1.99/1.60/0.24  emits 2.77  clip 0.17  kl +0.009
upd 2298  steps 37666816  sps 5419  opp frzn  loss -0.016  pg -0.0073  v 0.006  adv_std 0.115  tR +0.70  ent[s/d/p/e] 0.67/1.89/1.62/0.27  emits 2.64  clip 0.15  kl +0.009
upd 2299  steps 37683200  sps 5419  opp rand  loss -0.017  pg -0.0090  v 0.007  adv_std 0.122  tR +0.64  ent[s/d/p/e] 0.61/1.93/1.58/0.23  emits 2.71  clip 0.15  kl +0.011 WRr 0.91 WRf 0.91
upd 2300  steps 37699584  sps 5412  opp frzn  loss -0.018  pg -0.0097  v 0.006  adv_std 0.111  tR +0.67  ent[s/d/p/e] 0.56/1.86/1.62/0.28  emits 2.40  clip 0.15  kl +0.009
upd 2301  steps 37715968  sps 5413  opp rand  loss -0.017  pg -0.0086  v 0.005  adv_std 0.106  tR +0.71  ent[s/d/p/e] 0.60/1.94/1.59/0.25  emits 2.66  clip 0.15  kl +0.009
upd 2302  steps 37732352  sps 5413  opp rand  loss -0.015  pg -0.0073  v 0.008  adv_std 0.130  tR +0.62  ent[s/d/p/e] 0.64/1.98/1.58/0.23  emits 2.77  clip 0.17  kl +0.008
upd 2303  steps 37748736  sps 5413  opp rand  loss -0.015  pg -0.0076  v 0.007  adv_std 0.123  tR +0.73  ent[s/d/p/e] 0.60/1.97/1.58/0.24  emits 2.72  clip 0.16  kl +0.011
upd 2304  steps 37765120  sps 5414  opp frzn  loss -0.017  pg -0.0083  v 0.004  adv_std 0.098  tR +0.76  ent[s/d/p/e] 0.68/1.86/1.66/0.31  emits 2.41  clip 0.16  kl +0.008
upd 2305  steps 37781504  sps 5414  opp frzn  loss -0.016  pg -0.0080  v 0.008  adv_std 0.127  tR +0.71  ent[s/d/p/e] 0.63/1.87/1.65/0.28  emits 2.56  clip 0.16  kl +0.009
upd 2306  steps 37797888  sps 5414  opp rand  loss -0.016  pg -0.0079  v 0.007  adv_std 0.120  tR +0.72  ent[s/d/p/e] 0.66/1.95/1.59/0.25  emits 2.75  clip 0.14  kl +0.008
upd 2307  steps 37814272  sps 5415  opp frzn  loss -0.017  pg -0.0094  v 0.009  adv_std 0.139  tR +0.67  ent[s/d/p/e] 0.64/1.84/1.65/0.28  emits 2.58  clip 0.14  kl +0.007
upd 2308  steps 37830656  sps 5415  opp frzn  loss -0.015  pg -0.0079  v 0.009  adv_std 0.142  tR +0.61  ent[s/d/p/e] 0.58/1.87/1.62/0.29  emits 2.49  clip 0.14  kl +0.008
upd 2309  steps 37847040  sps 5415  opp frzn  loss -0.017  pg -0.0086  v 0.007  adv_std 0.125  tR +0.62  ent[s/d/p/e] 0.62/1.84/1.64/0.29  emits 2.55  clip 0.15  kl +0.007
upd 2310  steps 37863424  sps 5416  opp frzn  loss -0.015  pg -0.0069  v 0.007  adv_std 0.123  tR +0.71  ent[s/d/p/e] 0.56/1.92/1.62/0.25  emits 2.69  clip 0.14  kl +0.007
upd 2311  steps 37879808  sps 5416  opp frzn  loss -0.016  pg -0.0073  v 0.006  adv_std 0.112  tR +0.72  ent[s/d/p/e] 0.60/1.85/1.64/0.27  emits 2.51  clip 0.13  kl +0.007
upd 2312  steps 37896192  sps 5416  opp frzn  loss -0.016  pg -0.0080  v 0.009  adv_std 0.136  tR +0.56  ent[s/d/p/e] 0.62/1.81/1.62/0.28  emits 2.49  clip 0.16  kl +0.010
upd 2313  steps 37912576  sps 5416  opp frzn  loss -0.016  pg -0.0081  v 0.008  adv_std 0.132  tR +0.67  ent[s/d/p/e] 0.62/1.84/1.63/0.28  emits 2.63  clip 0.14  kl +0.008
upd 2314  steps 37928960  sps 5417  opp frzn  loss -0.016  pg -0.0075  v 0.005  adv_std 0.103  tR +0.73  ent[s/d/p/e] 0.63/1.86/1.64/0.31  emits 2.48  clip 0.15  kl +0.008
upd 2315  steps 37945344  sps 5417  opp rand  loss -0.016  pg -0.0082  v 0.009  adv_std 0.140  tR +0.73  ent[s/d/p/e] 0.68/1.93/1.62/0.27  emits 2.61  clip 0.15  kl +0.006
upd 2316  steps 37961728  sps 5417  opp frzn  loss -0.017  pg -0.0089  v 0.005  adv_std 0.112  tR +0.77  ent[s/d/p/e] 0.68/1.85/1.64/0.28  emits 2.54  clip 0.14  kl +0.007
upd 2317  steps 37978112  sps 5418  opp rand  loss -0.017  pg -0.0091  v 0.006  adv_std 0.115  tR +0.76  ent[s/d/p/e] 0.64/1.90/1.62/0.27  emits 2.62  clip 0.16  kl +0.008
upd 2318  steps 37994496  sps 5418  opp frzn  loss -0.015  pg -0.0064  v 0.005  adv_std 0.103  tR +0.78  ent[s/d/p/e] 0.67/1.82/1.65/0.30  emits 2.52  clip 0.15  kl +0.008
upd 2319  steps 38010880  sps 5418  opp frzn  loss -0.016  pg -0.0076  v 0.005  adv_std 0.100  tR +0.80  ent[s/d/p/e] 0.63/1.86/1.65/0.30  emits 2.52  clip 0.14  kl +0.006
upd 2320  steps 38027264  sps 5418  opp frzn  loss -0.014  pg -0.0062  v 0.008  adv_std 0.130  tR +0.67  ent[s/d/p/e] 0.62/1.85/1.64/0.28  emits 2.57  clip 0.15  kl +0.008
upd 2321  steps 38043648  sps 5419  opp rand  loss -0.016  pg -0.0075  v 0.007  adv_std 0.119  tR +0.76  ent[s/d/p/e] 0.64/1.91/1.63/0.27  emits 2.82  clip 0.16  kl +0.008
upd 2322  steps 38060032  sps 5419  opp rand  loss -0.014  pg -0.0066  v 0.007  adv_std 0.124  tR +0.69  ent[s/d/p/e] 0.60/1.91/1.59/0.26  emits 2.64  clip 0.17  kl +0.011
upd 2323  steps 38076416  sps 5419  opp frzn  loss -0.016  pg -0.0082  v 0.006  adv_std 0.110  tR +0.74  ent[s/d/p/e] 0.62/1.85/1.64/0.28  emits 2.57  clip 0.14  kl +0.008
upd 2324  steps 38092800  sps 5420  opp frzn  loss -0.015  pg -0.0070  v 0.006  adv_std 0.112  tR +0.73  ent[s/d/p/e] 0.63/1.82/1.64/0.31  emits 2.49  clip 0.14  kl +0.007 WRr 0.91 WRf 0.97
upd 2325  steps 38109184  sps 5413  opp rand  loss -0.016  pg -0.0087  v 0.009  adv_std 0.139  tR +0.60  ent[s/d/p/e] 0.67/1.94/1.59/0.24  emits 2.95  clip 0.15  kl +0.008
upd 2326  steps 38125568  sps 5413  opp rand  loss -0.016  pg -0.0081  v 0.006  adv_std 0.116  tR +0.63  ent[s/d/p/e] 0.60/1.95/1.60/0.22  emits 2.95  clip 0.16  kl +0.009
upd 2327  steps 38141952  sps 5414  opp frzn  loss -0.017  pg -0.0092  v 0.007  adv_std 0.124  tR +0.67  ent[s/d/p/e] 0.56/1.89/1.61/0.25  emits 2.77  clip 0.16  kl +0.011
upd 2328  steps 38158336  sps 5414  opp rand  loss -0.015  pg -0.0076  v 0.007  adv_std 0.119  tR +0.68  ent[s/d/p/e] 0.59/1.93/1.59/0.24  emits 2.80  clip 0.16  kl +0.009
upd 2329  steps 38174720  sps 5414  opp rand  loss -0.016  pg -0.0076  v 0.006  adv_std 0.113  tR +0.73  ent[s/d/p/e] 0.61/1.95/1.59/0.23  emits 2.79  clip 0.14  kl +0.009
upd 2330  steps 38191104  sps 5415  opp frzn  loss -0.016  pg -0.0085  v 0.008  adv_std 0.130  tR +0.62  ent[s/d/p/e] 0.64/1.89/1.62/0.26  emits 2.64  clip 0.17  kl +0.015
upd 2331  steps 38207488  sps 5415  opp rand  loss -0.015  pg -0.0073  v 0.008  adv_std 0.128  tR +0.62  ent[s/d/p/e] 0.61/1.95/1.60/0.23  emits 2.85  clip 0.16  kl +0.008
upd 2332  steps 38223872  sps 5415  opp rand  loss -0.016  pg -0.0079  v 0.007  adv_std 0.127  tR +0.63  ent[s/d/p/e] 0.66/1.97/1.59/0.24  emits 2.86  clip 0.16  kl +0.008
upd 2333  steps 38240256  sps 5416  opp rand  loss -0.017  pg -0.0087  v 0.006  adv_std 0.116  tR +0.66  ent[s/d/p/e] 0.67/2.00/1.60/0.24  emits 2.83  clip 0.18  kl +0.009
upd 2334  steps 38256640  sps 5416  opp rand  loss -0.017  pg -0.0093  v 0.007  adv_std 0.124  tR +0.68  ent[s/d/p/e] 0.64/1.96/1.61/0.24  emits 2.79  clip 0.17  kl +0.009
upd 2335  steps 38273024  sps 5416  opp frzn  loss -0.016  pg -0.0088  v 0.009  adv_std 0.143  tR +0.61  ent[s/d/p/e] 0.62/1.99/1.63/0.22  emits 2.97  clip 0.17  kl +0.011
upd 2336  steps 38289408  sps 5417  opp frzn  loss -0.017  pg -0.0083  v 0.006  adv_std 0.116  tR +0.61  ent[s/d/p/e] 0.62/1.92/1.64/0.26  emits 2.70  clip 0.16  kl +0.010
upd 2337  steps 38305792  sps 5417  opp rand  loss -0.015  pg -0.0071  v 0.009  adv_std 0.142  tR +0.75  ent[s/d/p/e] 0.69/1.97/1.62/0.25  emits 2.87  clip 0.16  kl +0.008
upd 2338  steps 38322176  sps 5417  opp rand  loss -0.016  pg -0.0082  v 0.009  adv_std 0.141  tR +0.63  ent[s/d/p/e] 0.69/2.03/1.60/0.21  emits 3.21  clip 0.16  kl +0.008
upd 2339  steps 38338560  sps 5418  opp rand  loss -0.017  pg -0.0086  v 0.006  adv_std 0.113  tR +0.73  ent[s/d/p/e] 0.68/2.00/1.61/0.22  emits 2.93  clip 0.14  kl +0.007
upd 2340  steps 38354944  sps 5418  opp frzn  loss -0.016  pg -0.0079  v 0.006  adv_std 0.116  tR +0.68  ent[s/d/p/e] 0.66/1.96/1.63/0.25  emits 2.71  clip 0.16  kl +0.009
upd 2341  steps 38371328  sps 5418  opp rand  loss -0.016  pg -0.0080  v 0.007  adv_std 0.122  tR +0.68  ent[s/d/p/e] 0.63/1.95/1.63/0.24  emits 2.78  clip 0.15  kl +0.008
upd 2342  steps 38387712  sps 5419  opp frzn  loss -0.016  pg -0.0078  v 0.007  adv_std 0.120  tR +0.68  ent[s/d/p/e] 0.61/1.90/1.63/0.26  emits 2.72  clip 0.16  kl +0.009
upd 2343  steps 38404096  sps 5419  opp rand  loss -0.015  pg -0.0069  v 0.008  adv_std 0.131  tR +0.68  ent[s/d/p/e] 0.69/2.00/1.63/0.22  emits 3.02  clip 0.19  kl +0.010
upd 2344  steps 38420480  sps 5420  opp rand  loss -0.018  pg -0.0099  v 0.007  adv_std 0.126  tR +0.75  ent[s/d/p/e] 0.62/1.94/1.62/0.23  emits 2.73  clip 0.15  kl +0.007
upd 2345  steps 38436864  sps 5420  opp rand  loss -0.016  pg -0.0082  v 0.007  adv_std 0.118  tR +0.73  ent[s/d/p/e] 0.64/2.00/1.62/0.22  emits 2.85  clip 0.14  kl +0.009
upd 2346  steps 38453248  sps 5420  opp rand  loss -0.016  pg -0.0084  v 0.010  adv_std 0.149  tR +0.64  ent[s/d/p/e] 0.68/1.97/1.60/0.23  emits 2.97  clip 0.16  kl +0.009
upd 2347  steps 38469632  sps 5421  opp frzn  loss -0.018  pg -0.0095  v 0.007  adv_std 0.122  tR +0.61  ent[s/d/p/e] 0.64/1.95/1.63/0.22  emits 3.05  clip 0.16  kl +0.009
upd 2348  steps 38486016  sps 5421  opp frzn  loss -0.016  pg -0.0076  v 0.006  adv_std 0.114  tR +0.75  ent[s/d/p/e] 0.64/1.93/1.65/0.26  emits 2.73  clip 0.14  kl +0.007
upd 2349  steps 38502400  sps 5421  opp frzn  loss -0.018  pg -0.0098  v 0.004  adv_std 0.098  tR +0.74  ent[s/d/p/e] 0.61/1.89/1.65/0.25  emits 2.73  clip 0.13  kl +0.007 WRr 0.91 WRf 0.94
upd 2350  steps 38518784  sps 5414  opp frzn  loss -0.017  pg -0.0088  v 0.006  adv_std 0.116  tR +0.69  ent[s/d/p/e] 0.58/1.95/1.66/0.25  emits 2.71  clip 0.15  kl +0.008
upd 2351  steps 38535168  sps 5415  opp frzn  loss -0.017  pg -0.0088  v 0.006  adv_std 0.119  tR +0.72  ent[s/d/p/e] 0.61/1.91/1.68/0.27  emits 2.76  clip 0.16  kl +0.010
upd 2352  steps 38551552  sps 5415  opp frzn  loss -0.018  pg -0.0093  v 0.006  adv_std 0.115  tR +0.74  ent[s/d/p/e] 0.66/1.89/1.67/0.29  emits 2.59  clip 0.16  kl +0.010
upd 2353  steps 38567936  sps 5415  opp rand  loss -0.015  pg -0.0078  v 0.008  adv_std 0.134  tR +0.71  ent[s/d/p/e] 0.58/1.93/1.62/0.26  emits 2.70  clip 0.14  kl +0.007
upd 2354  steps 38584320  sps 5416  opp rand  loss -0.017  pg -0.0092  v 0.007  adv_std 0.120  tR +0.72  ent[s/d/p/e] 0.59/1.98/1.63/0.23  emits 2.97  clip 0.17  kl +0.010
upd 2355  steps 38600704  sps 5416  opp frzn  loss -0.017  pg -0.0088  v 0.008  adv_std 0.134  tR +0.66  ent[s/d/p/e] 0.63/1.96/1.67/0.25  emits 2.79  clip 0.15  kl +0.008
upd 2356  steps 38617088  sps 5416  opp frzn  loss -0.015  pg -0.0071  v 0.008  adv_std 0.132  tR +0.65  ent[s/d/p/e] 0.57/1.91/1.66/0.27  emits 2.71  clip 0.15  kl +0.008
upd 2357  steps 38633472  sps 5417  opp rand  loss -0.018  pg -0.0093  v 0.005  adv_std 0.109  tR +0.78  ent[s/d/p/e] 0.61/1.95/1.65/0.28  emits 2.70  clip 0.14  kl +0.007
upd 2358  steps 38649856  sps 5417  opp frzn  loss -0.016  pg -0.0076  v 0.005  adv_std 0.100  tR +0.75  ent[s/d/p/e] 0.63/1.95/1.66/0.27  emits 2.73  clip 0.16  kl +0.008
upd 2359  steps 38666240  sps 5417  opp rand  loss -0.018  pg -0.0093  v 0.005  adv_std 0.107  tR +0.67  ent[s/d/p/e] 0.64/1.96/1.65/0.26  emits 2.74  clip 0.15  kl +0.007
upd 2360  steps 38682624  sps 5417  opp frzn  loss -0.017  pg -0.0083  v 0.006  adv_std 0.114  tR +0.71  ent[s/d/p/e] 0.67/1.93/1.64/0.25  emits 2.71  clip 0.15  kl +0.009
upd 2361  steps 38699008  sps 5418  opp frzn  loss -0.016  pg -0.0079  v 0.005  adv_std 0.109  tR +0.73  ent[s/d/p/e] 0.61/1.92/1.67/0.27  emits 2.67  clip 0.14  kl +0.006
upd 2362  steps 38715392  sps 5418  opp frzn  loss -0.016  pg -0.0073  v 0.006  adv_std 0.116  tR +0.69  ent[s/d/p/e] 0.63/1.89/1.66/0.28  emits 2.67  clip 0.15  kl +0.011
upd 2363  steps 38731776  sps 5418  opp frzn  loss -0.018  pg -0.0092  v 0.004  adv_std 0.097  tR +0.77  ent[s/d/p/e] 0.64/1.88/1.65/0.30  emits 2.48  clip 0.15  kl +0.008
upd 2364  steps 38748160  sps 5419  opp frzn  loss -0.016  pg -0.0077  v 0.004  adv_std 0.099  tR +0.70  ent[s/d/p/e] 0.57/1.85/1.66/0.29  emits 2.50  clip 0.15  kl +0.006
upd 2365  steps 38764544  sps 5419  opp frzn  loss -0.016  pg -0.0084  v 0.008  adv_std 0.134  tR +0.74  ent[s/d/p/e] 0.63/1.87/1.64/0.28  emits 2.54  clip 0.16  kl +0.011
upd 2366  steps 38780928  sps 5419  opp rand  loss -0.015  pg -0.0068  v 0.007  adv_std 0.126  tR +0.70  ent[s/d/p/e] 0.62/1.98/1.63/0.26  emits 2.57  clip 0.16  kl +0.009
upd 2367  steps 38797312  sps 5420  opp rand  loss -0.015  pg -0.0077  v 0.007  adv_std 0.128  tR +0.72  ent[s/d/p/e] 0.59/1.96/1.61/0.24  emits 2.75  clip 0.14  kl +0.006
upd 2368  steps 38813696  sps 5420  opp rand  loss -0.015  pg -0.0074  v 0.007  adv_std 0.119  tR +0.69  ent[s/d/p/e] 0.60/1.96/1.62/0.26  emits 2.53  clip 0.14  kl +0.008
upd 2369  steps 38830080  sps 5420  opp rand  loss -0.017  pg -0.0088  v 0.007  adv_std 0.119  tR +0.60  ent[s/d/p/e] 0.59/1.99/1.62/0.24  emits 2.70  clip 0.16  kl +0.010
upd 2370  steps 38846464  sps 5421  opp rand  loss -0.016  pg -0.0075  v 0.006  adv_std 0.112  tR +0.63  ent[s/d/p/e] 0.58/1.97/1.61/0.24  emits 2.63  clip 0.16  kl +0.008
upd 2371  steps 38862848  sps 5421  opp rand  loss -0.016  pg -0.0085  v 0.006  adv_std 0.119  tR +0.54  ent[s/d/p/e] 0.60/1.96/1.61/0.22  emits 2.65  clip 0.15  kl +0.008
upd 2372  steps 38879232  sps 5421  opp frzn  loss -0.017  pg -0.0092  v 0.010  adv_std 0.151  tR +0.61  ent[s/d/p/e] 0.64/1.91/1.65/0.28  emits 2.41  clip 0.13  kl +0.008
upd 2373  steps 38895616  sps 5422  opp frzn  loss -0.016  pg -0.0086  v 0.008  adv_std 0.131  tR +0.69  ent[s/d/p/e] 0.60/1.92/1.66/0.25  emits 2.60  clip 0.16  kl +0.010
upd 2374  steps 38912000  sps 5422  opp rand  loss -0.016  pg -0.0084  v 0.008  adv_std 0.127  tR +0.68  ent[s/d/p/e] 0.59/1.99/1.65/0.23  emits 2.79  clip 0.15  kl +0.010 WRr 0.72 WRf 0.94
upd 2375  steps 38928384  sps 5415  opp frzn  loss -0.014  pg -0.0060  v 0.007  adv_std 0.121  tR +0.68  ent[s/d/p/e] 0.56/1.91/1.65/0.26  emits 2.51  clip 0.15  kl +0.010
upd 2376  steps 38944768  sps 5416  opp rand  loss -0.017  pg -0.0094  v 0.007  adv_std 0.125  tR +0.66  ent[s/d/p/e] 0.61/1.97/1.62/0.23  emits 2.69  clip 0.14  kl +0.007
upd 2377  steps 38961152  sps 5416  opp rand  loss -0.017  pg -0.0092  v 0.007  adv_std 0.123  tR +0.66  ent[s/d/p/e] 0.61/1.98/1.63/0.25  emits 2.66  clip 0.16  kl +0.010
upd 2378  steps 38977536  sps 5416  opp frzn  loss -0.018  pg -0.0100  v 0.006  adv_std 0.119  tR +0.72  ent[s/d/p/e] 0.57/1.96/1.66/0.25  emits 2.61  clip 0.16  kl +0.010
upd 2379  steps 38993920  sps 5417  opp frzn  loss -0.015  pg -0.0073  v 0.008  adv_std 0.127  tR +0.62  ent[s/d/p/e] 0.57/1.90/1.66/0.26  emits 2.67  clip 0.15  kl +0.008
upd 2380  steps 39010304  sps 5417  opp rand  loss -0.018  pg -0.0089  v 0.005  adv_std 0.105  tR +0.80  ent[s/d/p/e] 0.64/1.98/1.66/0.25  emits 2.66  clip 0.14  kl +0.007
upd 2381  steps 39026688  sps 5417  opp rand  loss -0.017  pg -0.0088  v 0.008  adv_std 0.133  tR +0.66  ent[s/d/p/e] 0.64/2.05/1.63/0.22  emits 2.98  clip 0.15  kl +0.007
upd 2382  steps 39043072  sps 5418  opp rand  loss -0.017  pg -0.0090  v 0.008  adv_std 0.128  tR +0.64  ent[s/d/p/e] 0.65/2.01/1.65/0.25  emits 2.84  clip 0.15  kl +0.009
upd 2383  steps 39059456  sps 5418  opp frzn  loss -0.018  pg -0.0096  v 0.005  adv_std 0.110  tR +0.73  ent[s/d/p/e] 0.62/1.94/1.68/0.26  emits 2.58  clip 0.14  kl +0.008
upd 2384  steps 39075840  sps 5418  opp frzn  loss -0.016  pg -0.0081  v 0.006  adv_std 0.118  tR +0.82  ent[s/d/p/e] 0.59/1.91/1.68/0.27  emits 2.62  clip 0.15  kl +0.008
upd 2385  steps 39092224  sps 5419  opp rand  loss -0.014  pg -0.0065  v 0.008  adv_std 0.130  tR +0.66  ent[s/d/p/e] 0.61/1.97/1.62/0.24  emits 2.66  clip 0.14  kl +0.007
upd 2386  steps 39108608  sps 5419  opp rand  loss -0.017  pg -0.0086  v 0.006  adv_std 0.111  tR +0.73  ent[s/d/p/e] 0.60/1.99/1.64/0.23  emits 2.80  clip 0.15  kl +0.008
upd 2387  steps 39124992  sps 5419  opp rand  loss -0.015  pg -0.0076  v 0.008  adv_std 0.132  tR +0.71  ent[s/d/p/e] 0.59/1.97/1.64/0.25  emits 2.59  clip 0.14  kl +0.006
upd 2388  steps 39141376  sps 5420  opp frzn  loss -0.016  pg -0.0075  v 0.006  adv_std 0.115  tR +0.66  ent[s/d/p/e] 0.63/1.92/1.68/0.28  emits 2.56  clip 0.14  kl +0.008
upd 2389  steps 39157760  sps 5420  opp rand  loss -0.017  pg -0.0093  v 0.008  adv_std 0.133  tR +0.60  ent[s/d/p/e] 0.56/2.00/1.65/0.23  emits 2.86  clip 0.14  kl +0.007
upd 2390  steps 39174144  sps 5420  opp rand  loss -0.017  pg -0.0092  v 0.009  adv_std 0.139  tR +0.67  ent[s/d/p/e] 0.57/2.00/1.63/0.24  emits 2.67  clip 0.14  kl +0.006
upd 2391  steps 39190528  sps 5421  opp rand  loss -0.017  pg -0.0098  v 0.010  adv_std 0.145  tR +0.59  ent[s/d/p/e] 0.59/2.02/1.67/0.26  emits 2.69  clip 0.13  kl +0.008
upd 2392  steps 39206912  sps 5421  opp frzn  loss -0.018  pg -0.0094  v 0.006  adv_std 0.113  tR +0.70  ent[s/d/p/e] 0.58/1.91/1.68/0.27  emits 2.64  clip 0.14  kl +0.007
upd 2393  steps 39223296  sps 5421  opp frzn  loss -0.017  pg -0.0089  v 0.005  adv_std 0.104  tR +0.63  ent[s/d/p/e] 0.57/1.86/1.68/0.29  emits 2.30  clip 0.14  kl +0.009
upd 2394  steps 39239680  sps 5422  opp rand  loss -0.017  pg -0.0088  v 0.007  adv_std 0.129  tR +0.75  ent[s/d/p/e] 0.57/1.94/1.67/0.25  emits 2.69  clip 0.15  kl +0.009
upd 2395  steps 39256064  sps 5422  opp frzn  loss -0.017  pg -0.0091  v 0.008  adv_std 0.129  tR +0.67  ent[s/d/p/e] 0.58/1.92/1.68/0.26  emits 2.61  clip 0.14  kl +0.007
upd 2396  steps 39272448  sps 5422  opp frzn  loss -0.016  pg -0.0074  v 0.006  adv_std 0.116  tR +0.79  ent[s/d/p/e] 0.58/1.89/1.69/0.29  emits 2.57  clip 0.15  kl +0.009
upd 2397  steps 39288832  sps 5422  opp rand  loss -0.014  pg -0.0066  v 0.008  adv_std 0.132  tR +0.68  ent[s/d/p/e] 0.58/1.91/1.66/0.27  emits 2.44  clip 0.15  kl +0.009
upd 2398  steps 39305216  sps 5423  opp rand  loss -0.017  pg -0.0083  v 0.006  adv_std 0.114  tR +0.70  ent[s/d/p/e] 0.62/1.95/1.63/0.25  emits 2.55  clip 0.13  kl +0.007
upd 2399  steps 39321600  sps 5423  opp frzn  loss -0.016  pg -0.0078  v 0.007  adv_std 0.124  tR +0.69  ent[s/d/p/e] 0.58/1.91/1.67/0.26  emits 2.59  clip 0.14  kl +0.007 WRr 0.81 WRf 0.88
upd 2400  steps 39337984  sps 5416  opp frzn  loss -0.016  pg -0.0076  v 0.007  adv_std 0.122  tR +0.65  ent[s/d/p/e] 0.55/1.91/1.67/0.26  emits 2.49  clip 0.13  kl +0.008
upd 2401  steps 39354368  sps 5417  opp frzn  loss -0.016  pg -0.0082  v 0.006  adv_std 0.110  tR +0.72  ent[s/d/p/e] 0.54/1.89/1.67/0.28  emits 2.42  clip 0.14  kl +0.010
upd 2402  steps 39370752  sps 5417  opp frzn  loss -0.015  pg -0.0078  v 0.008  adv_std 0.137  tR +0.63  ent[s/d/p/e] 0.54/1.92/1.65/0.28  emits 2.46  clip 0.15  kl +0.008
upd 2403  steps 39387136  sps 5417  opp frzn  loss -0.017  pg -0.0086  v 0.006  adv_std 0.111  tR +0.67  ent[s/d/p/e] 0.56/1.91/1.67/0.30  emits 2.46  clip 0.15  kl +0.010
upd 2404  steps 39403520  sps 5418  opp rand  loss -0.014  pg -0.0062  v 0.007  adv_std 0.123  tR +0.69  ent[s/d/p/e] 0.60/1.97/1.64/0.27  emits 2.52  clip 0.15  kl +0.008
upd 2405  steps 39419904  sps 5418  opp frzn  loss -0.018  pg -0.0095  v 0.006  adv_std 0.115  tR +0.70  ent[s/d/p/e] 0.56/1.92/1.66/0.29  emits 2.56  clip 0.13  kl +0.007
upd 2406  steps 39436288  sps 5418  opp rand  loss -0.015  pg -0.0071  v 0.007  adv_std 0.122  tR +0.78  ent[s/d/p/e] 0.58/1.91/1.64/0.29  emits 2.36  clip 0.15  kl +0.007
upd 2407  steps 39452672  sps 5419  opp frzn  loss -0.013  pg -0.0059  v 0.009  adv_std 0.139  tR +0.57  ent[s/d/p/e] 0.51/1.89/1.65/0.27  emits 2.53  clip 0.16  kl +0.009
upd 2408  steps 39469056  sps 5419  opp frzn  loss -0.018  pg -0.0097  v 0.007  adv_std 0.122  tR +0.71  ent[s/d/p/e] 0.55/1.91/1.65/0.27  emits 2.50  clip 0.14  kl +0.007
upd 2409  steps 39485440  sps 5419  opp frzn  loss -0.014  pg -0.0064  v 0.007  adv_std 0.126  tR +0.63  ent[s/d/p/e] 0.53/1.90/1.65/0.27  emits 2.62  clip 0.15  kl +0.009
upd 2410  steps 39501824  sps 5419  opp rand  loss -0.017  pg -0.0092  v 0.009  adv_std 0.142  tR +0.73  ent[s/d/p/e] 0.58/1.91/1.63/0.30  emits 2.43  clip 0.13  kl +0.006
upd 2411  steps 39518208  sps 5420  opp frzn  loss -0.017  pg -0.0087  v 0.006  adv_std 0.119  tR +0.71  ent[s/d/p/e] 0.61/1.86/1.66/0.29  emits 2.45  clip 0.15  kl +0.008
upd 2412  steps 39534592  sps 5420  opp rand  loss -0.017  pg -0.0094  v 0.006  adv_std 0.117  tR +0.72  ent[s/d/p/e] 0.54/1.88/1.63/0.27  emits 2.41  clip 0.13  kl +0.008
upd 2413  steps 39550976  sps 5420  opp frzn  loss -0.016  pg -0.0078  v 0.007  adv_std 0.120  tR +0.71  ent[s/d/p/e] 0.59/1.87/1.64/0.28  emits 2.44  clip 0.13  kl +0.007
upd 2414  steps 39567360  sps 5421  opp frzn  loss -0.015  pg -0.0067  v 0.007  adv_std 0.126  tR +0.65  ent[s/d/p/e] 0.56/1.86/1.66/0.30  emits 2.52  clip 0.14  kl +0.008
upd 2415  steps 39583744  sps 5421  opp rand  loss -0.016  pg -0.0078  v 0.008  adv_std 0.129  tR +0.70  ent[s/d/p/e] 0.63/1.94/1.63/0.28  emits 2.66  clip 0.14  kl +0.006
upd 2416  steps 39600128  sps 5421  opp frzn  loss -0.017  pg -0.0093  v 0.009  adv_std 0.137  tR +0.71  ent[s/d/p/e] 0.59/1.92/1.67/0.28  emits 2.65  clip 0.13  kl +0.009
upd 2417  steps 39616512  sps 5421  opp frzn  loss -0.016  pg -0.0081  v 0.007  adv_std 0.124  tR +0.70  ent[s/d/p/e] 0.59/1.85/1.66/0.30  emits 2.49  clip 0.13  kl +0.006
upd 2418  steps 39632896  sps 5422  opp rand  loss -0.017  pg -0.0093  v 0.007  adv_std 0.122  tR +0.69  ent[s/d/p/e] 0.57/1.98/1.62/0.24  emits 2.76  clip 0.13  kl +0.008
upd 2419  steps 39649280  sps 5422  opp rand  loss -0.016  pg -0.0081  v 0.007  adv_std 0.126  tR +0.70  ent[s/d/p/e] 0.54/1.96/1.64/0.26  emits 2.62  clip 0.12  kl +0.006
upd 2420  steps 39665664  sps 5423  opp rand  loss -0.016  pg -0.0086  v 0.009  adv_std 0.143  tR +0.64  ent[s/d/p/e] 0.58/1.99/1.62/0.25  emits 2.62  clip 0.14  kl +0.006
upd 2421  steps 39682048  sps 5423  opp frzn  loss -0.016  pg -0.0081  v 0.008  adv_std 0.130  tR +0.75  ent[s/d/p/e] 0.62/1.91/1.66/0.27  emits 2.60  clip 0.14  kl +0.007
upd 2422  steps 39698432  sps 5423  opp rand  loss -0.018  pg -0.0093  v 0.006  adv_std 0.117  tR +0.71  ent[s/d/p/e] 0.61/1.95/1.64/0.27  emits 2.69  clip 0.14  kl +0.009
upd 2423  steps 39714816  sps 5423  opp frzn  loss -0.016  pg -0.0072  v 0.005  adv_std 0.107  tR +0.78  ent[s/d/p/e] 0.63/1.91/1.66/0.28  emits 2.70  clip 0.14  kl +0.008
upd 2424  steps 39731200  sps 5424  opp frzn  loss -0.017  pg -0.0081  v 0.006  adv_std 0.116  tR +0.73  ent[s/d/p/e] 0.64/1.89/1.67/0.29  emits 2.55  clip 0.14  kl +0.009 WRr 0.91 WRf 0.91
upd 2425  steps 39747584  sps 5417  opp frzn  loss -0.017  pg -0.0090  v 0.009  adv_std 0.137  tR +0.66  ent[s/d/p/e] 0.64/1.89/1.67/0.29  emits 2.75  clip 0.13  kl +0.007
upd 2426  steps 39763968  sps 5417  opp rand  loss -0.017  pg -0.0085  v 0.006  adv_std 0.113  tR +0.76  ent[s/d/p/e] 0.62/1.96/1.66/0.26  emits 2.61  clip 0.14  kl +0.008
upd 2427  steps 39780352  sps 5418  opp rand  loss -0.016  pg -0.0079  v 0.008  adv_std 0.133  tR +0.64  ent[s/d/p/e] 0.61/1.92/1.63/0.24  emits 2.69  clip 0.15  kl +0.009
upd 2428  steps 39796736  sps 5418  opp rand  loss -0.015  pg -0.0071  v 0.008  adv_std 0.129  tR +0.71  ent[s/d/p/e] 0.64/1.94/1.66/0.25  emits 2.74  clip 0.15  kl +0.011
upd 2429  steps 39813120  sps 5419  opp rand  loss -0.016  pg -0.0080  v 0.007  adv_std 0.121  tR +0.65  ent[s/d/p/e] 0.60/1.98/1.64/0.22  emits 2.91  clip 0.15  kl +0.009
upd 2430  steps 39829504  sps 5419  opp frzn  loss -0.016  pg -0.0074  v 0.006  adv_std 0.110  tR +0.72  ent[s/d/p/e] 0.62/1.90/1.66/0.26  emits 2.57  clip 0.14  kl +0.007
upd 2431  steps 39845888  sps 5419  opp rand  loss -0.015  pg -0.0069  v 0.008  adv_std 0.133  tR +0.66  ent[s/d/p/e] 0.59/1.97/1.64/0.24  emits 2.73  clip 0.15  kl +0.009
upd 2432  steps 39862272  sps 5419  opp frzn  loss -0.014  pg -0.0064  v 0.008  adv_std 0.132  tR +0.70  ent[s/d/p/e] 0.60/1.92/1.67/0.24  emits 2.78  clip 0.15  kl +0.009
upd 2433  steps 39878656  sps 5420  opp rand  loss -0.016  pg -0.0081  v 0.008  adv_std 0.127  tR +0.65  ent[s/d/p/e] 0.58/1.99/1.64/0.23  emits 2.83  clip 0.13  kl +0.007
upd 2434  steps 39895040  sps 5420  opp rand  loss -0.016  pg -0.0086  v 0.009  adv_std 0.138  tR +0.63  ent[s/d/p/e] 0.65/1.99/1.63/0.23  emits 2.90  clip 0.15  kl +0.008
upd 2435  steps 39911424  sps 5421  opp rand  loss -0.016  pg -0.0078  v 0.006  adv_std 0.115  tR +0.76  ent[s/d/p/e] 0.60/1.99/1.66/0.26  emits 2.64  clip 0.14  kl +0.009
upd 2436  steps 39927808  sps 5421  opp rand  loss -0.016  pg -0.0082  v 0.008  adv_std 0.128  tR +0.64  ent[s/d/p/e] 0.61/2.01/1.66/0.25  emits 2.86  clip 0.15  kl +0.008
upd 2437  steps 39944192  sps 5421  opp frzn  loss -0.016  pg -0.0081  v 0.006  adv_std 0.111  tR +0.68  ent[s/d/p/e] 0.56/1.92/1.66/0.28  emits 2.51  clip 0.14  kl +0.008
upd 2438  steps 39960576  sps 5421  opp frzn  loss -0.017  pg -0.0086  v 0.007  adv_std 0.121  tR +0.67  ent[s/d/p/e] 0.55/1.91/1.67/0.27  emits 2.63  clip 0.15  kl +0.008
upd 2439  steps 39976960  sps 5422  opp frzn  loss -0.017  pg -0.0086  v 0.005  adv_std 0.109  tR +0.68  ent[s/d/p/e] 0.56/1.89/1.66/0.27  emits 2.67  clip 0.14  kl +0.008
upd 2440  steps 39993344  sps 5422  opp frzn  loss -0.016  pg -0.0081  v 0.007  adv_std 0.123  tR +0.75  ent[s/d/p/e] 0.59/1.90/1.67/0.28  emits 2.72  clip 0.13  kl +0.008
upd 2441  steps 40009728  sps 5422  opp frzn  loss -0.015  pg -0.0067  v 0.006  adv_std 0.110  tR +0.75  ent[s/d/p/e] 0.63/1.90/1.69/0.29  emits 2.59  clip 0.14  kl +0.008
upd 2442  steps 40026112  sps 5423  opp rand  loss -0.015  pg -0.0070  v 0.009  adv_std 0.139  tR +0.72  ent[s/d/p/e] 0.62/1.89/1.64/0.28  emits 2.47  clip 0.15  kl +0.009
upd 2443  steps 40042496  sps 5423  opp rand  loss -0.017  pg -0.0087  v 0.008  adv_std 0.130  tR +0.70  ent[s/d/p/e] 0.64/1.95/1.65/0.25  emits 2.69  clip 0.15  kl +0.008
upd 2444  steps 40058880  sps 5423  opp rand  loss -0.017  pg -0.0091  v 0.008  adv_std 0.134  tR +0.66  ent[s/d/p/e] 0.64/1.93/1.66/0.28  emits 2.62  clip 0.13  kl +0.008
upd 2445  steps 40075264  sps 5424  opp frzn  loss -0.017  pg -0.0087  v 0.008  adv_std 0.128  tR +0.75  ent[s/d/p/e] 0.59/1.90/1.68/0.27  emits 2.65  clip 0.15  kl +0.008
upd 2446  steps 40091648  sps 5424  opp rand  loss -0.017  pg -0.0088  v 0.007  adv_std 0.123  tR +0.84  ent[s/d/p/e] 0.63/1.94/1.67/0.27  emits 2.67  clip 0.14  kl +0.007
upd 2447  steps 40108032  sps 5424  opp frzn  loss -0.013  pg -0.0046  v 0.007  adv_std 0.119  tR +0.72  ent[s/d/p/e] 0.58/1.86/1.65/0.28  emits 2.59  clip 0.15  kl +0.009
upd 2448  steps 40124416  sps 5424  opp frzn  loss -0.017  pg -0.0089  v 0.008  adv_std 0.135  tR +0.68  ent[s/d/p/e] 0.57/1.97/1.68/0.27  emits 2.78  clip 0.15  kl +0.010
upd 2449  steps 40140800  sps 5425  opp frzn  loss -0.015  pg -0.0069  v 0.006  adv_std 0.114  tR +0.76  ent[s/d/p/e] 0.59/1.86/1.69/0.29  emits 2.63  clip 0.15  kl +0.007 WRr 0.97 WRf 0.78
upd 2450  steps 40157184  sps 5418  opp frzn  loss -0.016  pg -0.0082  v 0.006  adv_std 0.115  tR +0.71  ent[s/d/p/e] 0.50/1.90/1.64/0.26  emits 2.65  clip 0.15  kl +0.008
upd 2451  steps 40173568  sps 5419  opp rand  loss -0.016  pg -0.0081  v 0.008  adv_std 0.127  tR +0.71  ent[s/d/p/e] 0.60/1.94/1.66/0.27  emits 2.55  clip 0.16  kl +0.010
upd 2452  steps 40189952  sps 5419  opp frzn  loss -0.017  pg -0.0086  v 0.006  adv_std 0.117  tR +0.70  ent[s/d/p/e] 0.54/1.89/1.66/0.26  emits 2.67  clip 0.14  kl +0.008
upd 2453  steps 40206336  sps 5419  opp frzn  loss -0.017  pg -0.0084  v 0.006  adv_std 0.116  tR +0.80  ent[s/d/p/e] 0.54/1.95/1.65/0.27  emits 2.63  clip 0.15  kl +0.009
upd 2454  steps 40222720  sps 5419  opp rand  loss -0.017  pg -0.0091  v 0.007  adv_std 0.121  tR +0.73  ent[s/d/p/e] 0.55/1.98/1.67/0.25  emits 2.79  clip 0.14  kl +0.008
upd 2455  steps 40239104  sps 5420  opp rand  loss -0.016  pg -0.0076  v 0.007  adv_std 0.126  tR +0.72  ent[s/d/p/e] 0.58/1.98/1.66/0.24  emits 2.67  clip 0.14  kl +0.006
upd 2456  steps 40255488  sps 5420  opp rand  loss -0.016  pg -0.0082  v 0.008  adv_std 0.135  tR +0.66  ent[s/d/p/e] 0.58/1.96/1.66/0.25  emits 2.77  clip 0.15  kl +0.007
upd 2457  steps 40271872  sps 5421  opp rand  loss -0.016  pg -0.0083  v 0.008  adv_std 0.131  tR +0.67  ent[s/d/p/e] 0.59/1.98/1.68/0.26  emits 2.71  clip 0.15  kl +0.010
upd 2458  steps 40288256  sps 5421  opp frzn  loss -0.015  pg -0.0074  v 0.010  adv_std 0.145  tR +0.62  ent[s/d/p/e] 0.54/1.96/1.66/0.28  emits 2.73  clip 0.15  kl +0.009
upd 2459  steps 40304640  sps 5421  opp rand  loss -0.017  pg -0.0088  v 0.008  adv_std 0.130  tR +0.68  ent[s/d/p/e] 0.57/1.99/1.68/0.26  emits 2.79  clip 0.16  kl +0.009
upd 2460  steps 40321024  sps 5421  opp frzn  loss -0.018  pg -0.0102  v 0.007  adv_std 0.126  tR +0.64  ent[s/d/p/e] 0.57/1.93/1.67/0.26  emits 2.80  clip 0.14  kl +0.008
upd 2461  steps 40337408  sps 5422  opp rand  loss -0.017  pg -0.0091  v 0.007  adv_std 0.127  tR +0.57  ent[s/d/p/e] 0.61/1.96/1.66/0.26  emits 2.68  clip 0.16  kl +0.009
upd 2462  steps 40353792  sps 5422  opp rand  loss -0.017  pg -0.0092  v 0.007  adv_std 0.123  tR +0.67  ent[s/d/p/e] 0.63/1.99/1.66/0.25  emits 2.78  clip 0.14  kl +0.007
upd 2463  steps 40370176  sps 5422  opp rand  loss -0.016  pg -0.0082  v 0.009  adv_std 0.138  tR +0.63  ent[s/d/p/e] 0.58/2.00/1.66/0.24  emits 2.78  clip 0.15  kl +0.007
upd 2464  steps 40386560  sps 5423  opp rand  loss -0.016  pg -0.0077  v 0.007  adv_std 0.121  tR +0.67  ent[s/d/p/e] 0.58/2.00/1.66/0.25  emits 2.70  clip 0.15  kl +0.008
upd 2465  steps 40402944  sps 5423  opp frzn  loss -0.015  pg -0.0065  v 0.005  adv_std 0.104  tR +0.68  ent[s/d/p/e] 0.60/1.91/1.64/0.28  emits 2.53  clip 0.16  kl +0.008
upd 2466  steps 40419328  sps 5423  opp frzn  loss -0.016  pg -0.0075  v 0.005  adv_std 0.108  tR +0.74  ent[s/d/p/e] 0.54/1.88/1.65/0.29  emits 2.35  clip 0.15  kl +0.009
upd 2467  steps 40435712  sps 5424  opp frzn  loss -0.015  pg -0.0079  v 0.010  adv_std 0.146  tR +0.65  ent[s/d/p/e] 0.58/1.89/1.65/0.28  emits 2.48  clip 0.14  kl +0.007
upd 2468  steps 40452096  sps 5424  opp frzn  loss -0.018  pg -0.0099  v 0.005  adv_std 0.103  tR +0.68  ent[s/d/p/e] 0.62/1.97/1.64/0.26  emits 2.73  clip 0.13  kl +0.006
upd 2469  steps 40468480  sps 5424  opp frzn  loss -0.017  pg -0.0083  v 0.005  adv_std 0.100  tR +0.76  ent[s/d/p/e] 0.57/1.94/1.65/0.27  emits 2.62  clip 0.14  kl +0.006
upd 2470  steps 40484864  sps 5424  opp rand  loss -0.017  pg -0.0084  v 0.006  adv_std 0.110  tR +0.73  ent[s/d/p/e] 0.59/2.01/1.66/0.25  emits 2.65  clip 0.15  kl +0.008
upd 2471  steps 40501248  sps 5425  opp rand  loss -0.018  pg -0.0096  v 0.006  adv_std 0.114  tR +0.67  ent[s/d/p/e] 0.62/2.01/1.64/0.26  emits 2.64  clip 0.14  kl +0.006
upd 2472  steps 40517632  sps 5425  opp rand  loss -0.017  pg -0.0091  v 0.006  adv_std 0.121  tR +0.79  ent[s/d/p/e] 0.57/1.99/1.65/0.25  emits 2.62  clip 0.14  kl +0.010
upd 2473  steps 40534016  sps 5425  opp frzn  loss -0.017  pg -0.0089  v 0.007  adv_std 0.126  tR +0.72  ent[s/d/p/e] 0.55/1.95/1.63/0.27  emits 2.47  clip 0.14  kl +0.008
upd 2474  steps 40550400  sps 5426  opp rand  loss -0.017  pg -0.0089  v 0.007  adv_std 0.125  tR +0.73  ent[s/d/p/e] 0.61/1.98/1.63/0.27  emits 2.49  clip 0.14  kl +0.007 WRr 0.91 WRf 0.84
upd 2475  steps 40566784  sps 5419  opp frzn  loss -0.017  pg -0.0090  v 0.008  adv_std 0.135  tR +0.77  ent[s/d/p/e] 0.61/1.96/1.66/0.30  emits 2.48  clip 0.12  kl +0.007
upd 2476  steps 40583168  sps 5420  opp frzn  loss -0.018  pg -0.0091  v 0.003  adv_std 0.087  tR +0.80  ent[s/d/p/e] 0.60/1.97/1.62/0.27  emits 2.58  clip 0.14  kl +0.009
upd 2477  steps 40599552  sps 5420  opp rand  loss -0.015  pg -0.0073  v 0.008  adv_std 0.135  tR +0.62  ent[s/d/p/e] 0.60/1.93/1.63/0.28  emits 2.50  clip 0.14  kl +0.008
upd 2478  steps 40615936  sps 5420  opp frzn  loss -0.017  pg -0.0085  v 0.006  adv_std 0.112  tR +0.72  ent[s/d/p/e] 0.58/1.98/1.63/0.25  emits 2.67  clip 0.14  kl +0.010
upd 2479  steps 40632320  sps 5420  opp frzn  loss -0.016  pg -0.0087  v 0.009  adv_std 0.138  tR +0.64  ent[s/d/p/e] 0.55/1.92/1.60/0.27  emits 2.46  clip 0.15  kl +0.008
upd 2480  steps 40648704  sps 5421  opp frzn  loss -0.016  pg -0.0083  v 0.007  adv_std 0.123  tR +0.75  ent[s/d/p/e] 0.54/1.94/1.61/0.27  emits 2.45  clip 0.15  kl +0.010
upd 2481  steps 40665088  sps 5421  opp rand  loss -0.016  pg -0.0088  v 0.009  adv_std 0.139  tR +0.64  ent[s/d/p/e] 0.57/1.96/1.63/0.26  emits 2.59  clip 0.13  kl +0.006
upd 2482  steps 40681472  sps 5421  opp frzn  loss -0.016  pg -0.0077  v 0.006  adv_std 0.111  tR +0.74  ent[s/d/p/e] 0.56/1.94/1.59/0.27  emits 2.36  clip 0.14  kl +0.007
upd 2483  steps 40697856  sps 5422  opp frzn  loss -0.015  pg -0.0078  v 0.007  adv_std 0.126  tR +0.56  ent[s/d/p/e] 0.54/1.94/1.60/0.27  emits 2.50  clip 0.13  kl +0.008
upd 2484  steps 40714240  sps 5422  opp rand  loss -0.017  pg -0.0084  v 0.006  adv_std 0.112  tR +0.72  ent[s/d/p/e] 0.58/1.93/1.63/0.29  emits 2.39  clip 0.13  kl +0.008
upd 2485  steps 40730624  sps 5422  opp rand  loss -0.017  pg -0.0093  v 0.008  adv_std 0.131  tR +0.67  ent[s/d/p/e] 0.60/1.96/1.62/0.26  emits 2.64  clip 0.14  kl +0.008
upd 2486  steps 40747008  sps 5422  opp frzn  loss -0.016  pg -0.0082  v 0.008  adv_std 0.132  tR +0.77  ent[s/d/p/e] 0.59/1.94/1.63/0.26  emits 2.62  clip 0.13  kl +0.008
upd 2487  steps 40763392  sps 5423  opp frzn  loss -0.015  pg -0.0068  v 0.006  adv_std 0.113  tR +0.78  ent[s/d/p/e] 0.50/1.89/1.63/0.28  emits 2.39  clip 0.13  kl +0.010
upd 2488  steps 40779776  sps 5423  opp frzn  loss -0.015  pg -0.0066  v 0.006  adv_std 0.114  tR +0.68  ent[s/d/p/e] 0.56/1.94/1.62/0.27  emits 2.47  clip 0.15  kl +0.009
upd 2489  steps 40796160  sps 5423  opp rand  loss -0.018  pg -0.0098  v 0.006  adv_std 0.110  tR +0.69  ent[s/d/p/e] 0.56/1.97/1.63/0.25  emits 2.53  clip 0.14  kl +0.007
upd 2490  steps 40812544  sps 5424  opp rand  loss -0.018  pg -0.0099  v 0.006  adv_std 0.117  tR +0.66  ent[s/d/p/e] 0.62/1.99/1.64/0.25  emits 2.69  clip 0.15  kl +0.008
upd 2491  steps 40828928  sps 5424  opp rand  loss -0.017  pg -0.0087  v 0.007  adv_std 0.123  tR +0.73  ent[s/d/p/e] 0.62/2.00/1.64/0.26  emits 2.63  clip 0.14  kl +0.007
upd 2492  steps 40845312  sps 5424  opp rand  loss -0.018  pg -0.0101  v 0.007  adv_std 0.125  tR +0.66  ent[s/d/p/e] 0.60/1.91/1.63/0.28  emits 2.40  clip 0.14  kl +0.008
upd 2493  steps 40861696  sps 5425  opp frzn  loss -0.017  pg -0.0089  v 0.005  adv_std 0.105  tR +0.73  ent[s/d/p/e] 0.61/1.95/1.64/0.26  emits 2.60  clip 0.14  kl +0.009
upd 2494  steps 40878080  sps 5425  opp rand  loss -0.016  pg -0.0079  v 0.007  adv_std 0.120  tR +0.80  ent[s/d/p/e] 0.55/1.94/1.65/0.27  emits 2.44  clip 0.14  kl +0.008
upd 2495  steps 40894464  sps 5425  opp rand  loss -0.016  pg -0.0081  v 0.008  adv_std 0.135  tR +0.68  ent[s/d/p/e] 0.61/1.97/1.65/0.25  emits 2.56  clip 0.16  kl +0.009
upd 2496  steps 40910848  sps 5426  opp frzn  loss -0.016  pg -0.0077  v 0.006  adv_std 0.115  tR +0.69  ent[s/d/p/e] 0.59/1.95/1.67/0.26  emits 2.59  clip 0.15  kl +0.009
upd 2497  steps 40927232  sps 5426  opp frzn  loss -0.016  pg -0.0080  v 0.005  adv_std 0.102  tR +0.74  ent[s/d/p/e] 0.56/1.89/1.66/0.30  emits 2.33  clip 0.14  kl +0.007
upd 2498  steps 40943616  sps 5426  opp frzn  loss -0.015  pg -0.0072  v 0.008  adv_std 0.129  tR +0.75  ent[s/d/p/e] 0.56/1.95/1.64/0.27  emits 2.38  clip 0.13  kl +0.008
upd 2499  steps 40960000  sps 5426  opp frzn  loss -0.017  pg -0.0088  v 0.005  adv_std 0.108  tR +0.73  ent[s/d/p/e] 0.61/1.95/1.62/0.29  emits 2.44  clip 0.12  kl +0.007 WRr 0.81 WRf 0.78
upd 2500  steps 40976384  sps 5420  opp rand  loss -0.017  pg -0.0086  v 0.006  adv_std 0.119  tR +0.72  ent[s/d/p/e] 0.65/1.93/1.66/0.29  emits 2.41  clip 0.14  kl +0.008
upd 2501  steps 40992768  sps 5421  opp rand  loss -0.015  pg -0.0069  v 0.006  adv_std 0.115  tR +0.78  ent[s/d/p/e] 0.59/1.93/1.66/0.28  emits 2.40  clip 0.15  kl +0.010
upd 2502  steps 41009152  sps 5421  opp rand  loss -0.016  pg -0.0074  v 0.006  adv_std 0.109  tR +0.72  ent[s/d/p/e] 0.60/1.95/1.66/0.26  emits 2.59  clip 0.16  kl +0.010
upd 2503  steps 41025536  sps 5421  opp rand  loss -0.015  pg -0.0069  v 0.009  adv_std 0.139  tR +0.62  ent[s/d/p/e] 0.57/1.99/1.64/0.26  emits 2.58  clip 0.15  kl +0.011
upd 2504  steps 41041920  sps 5421  opp frzn  loss -0.017  pg -0.0084  v 0.005  adv_std 0.105  tR +0.71  ent[s/d/p/e] 0.60/1.90/1.66/0.27  emits 2.55  clip 0.14  kl +0.009
upd 2505  steps 41058304  sps 5422  opp frzn  loss -0.017  pg -0.0086  v 0.007  adv_std 0.121  tR +0.72  ent[s/d/p/e] 0.55/1.95/1.63/0.27  emits 2.51  clip 0.13  kl +0.007
upd 2506  steps 41074688  sps 5422  opp frzn  loss -0.017  pg -0.0088  v 0.006  adv_std 0.114  tR +0.65  ent[s/d/p/e] 0.59/1.93/1.67/0.29  emits 2.47  clip 0.13  kl +0.007
upd 2507  steps 41091072  sps 5422  opp frzn  loss -0.015  pg -0.0068  v 0.006  adv_std 0.116  tR +0.80  ent[s/d/p/e] 0.61/1.89/1.62/0.29  emits 2.33  clip 0.13  kl +0.007
upd 2508  steps 41107456  sps 5422  opp frzn  loss -0.016  pg -0.0081  v 0.006  adv_std 0.110  tR +0.66  ent[s/d/p/e] 0.58/1.91/1.65/0.27  emits 2.44  clip 0.13  kl +0.006
upd 2509  steps 41123840  sps 5423  opp rand  loss -0.016  pg -0.0075  v 0.005  adv_std 0.102  tR +0.66  ent[s/d/p/e] 0.59/1.95/1.64/0.29  emits 2.29  clip 0.13  kl +0.007
upd 2510  steps 41140224  sps 5423  opp frzn  loss -0.015  pg -0.0073  v 0.010  adv_std 0.150  tR +0.67  ent[s/d/p/e] 0.59/1.91/1.63/0.28  emits 2.45  clip 0.18  kl +0.011
upd 2511  steps 41156608  sps 5423  opp frzn  loss -0.017  pg -0.0087  v 0.005  adv_std 0.102  tR +0.72  ent[s/d/p/e] 0.60/1.92/1.64/0.27  emits 2.49  clip 0.14  kl +0.008
upd 2512  steps 41172992  sps 5424  opp frzn  loss -0.016  pg -0.0082  v 0.008  adv_std 0.136  tR +0.63  ent[s/d/p/e] 0.56/1.93/1.65/0.26  emits 2.39  clip 0.15  kl +0.010
upd 2513  steps 41189376  sps 5424  opp frzn  loss -0.015  pg -0.0071  v 0.007  adv_std 0.121  tR +0.73  ent[s/d/p/e] 0.56/1.98/1.61/0.27  emits 2.40  clip 0.15  kl +0.009
upd 2514  steps 41205760  sps 5424  opp frzn  loss -0.015  pg -0.0071  v 0.007  adv_std 0.128  tR +0.60  ent[s/d/p/e] 0.56/1.96/1.62/0.26  emits 2.42  clip 0.14  kl +0.008
upd 2515  steps 41222144  sps 5424  opp frzn  loss -0.016  pg -0.0082  v 0.005  adv_std 0.108  tR +0.61  ent[s/d/p/e] 0.58/1.95/1.62/0.26  emits 2.43  clip 0.15  kl +0.008
upd 2516  steps 41238528  sps 5425  opp frzn  loss -0.016  pg -0.0074  v 0.005  adv_std 0.104  tR +0.80  ent[s/d/p/e] 0.64/1.92/1.65/0.31  emits 2.23  clip 0.14  kl +0.006
upd 2517  steps 41254912  sps 5425  opp rand  loss -0.018  pg -0.0095  v 0.007  adv_std 0.119  tR +0.79  ent[s/d/p/e] 0.63/1.96/1.66/0.30  emits 2.39  clip 0.15  kl +0.008
upd 2518  steps 41271296  sps 5425  opp frzn  loss -0.016  pg -0.0075  v 0.007  adv_std 0.127  tR +0.78  ent[s/d/p/e] 0.61/1.89/1.65/0.31  emits 2.32  clip 0.15  kl +0.010
upd 2519  steps 41287680  sps 5426  opp rand  loss -0.017  pg -0.0088  v 0.007  adv_std 0.120  tR +0.79  ent[s/d/p/e] 0.59/1.99/1.65/0.27  emits 2.59  clip 0.15  kl +0.011
upd 2520  steps 41304064  sps 5426  opp rand  loss -0.018  pg -0.0098  v 0.006  adv_std 0.121  tR +0.62  ent[s/d/p/e] 0.62/1.99/1.65/0.29  emits 2.46  clip 0.15  kl +0.009
upd 2521  steps 41320448  sps 5426  opp frzn  loss -0.016  pg -0.0082  v 0.007  adv_std 0.120  tR +0.68  ent[s/d/p/e] 0.60/1.99/1.65/0.27  emits 2.60  clip 0.14  kl +0.009
upd 2522  steps 41336832  sps 5426  opp frzn  loss -0.016  pg -0.0080  v 0.005  adv_std 0.103  tR +0.69  ent[s/d/p/e] 0.56/1.91/1.63/0.26  emits 2.43  clip 0.14  kl +0.009
upd 2523  steps 41353216  sps 5427  opp rand  loss -0.017  pg -0.0089  v 0.007  adv_std 0.121  tR +0.60  ent[s/d/p/e] 0.55/1.98/1.61/0.27  emits 2.52  clip 0.15  kl +0.008
upd 2524  steps 41369600  sps 5427  opp frzn  loss -0.019  pg -0.0107  v 0.006  adv_std 0.115  tR +0.77  ent[s/d/p/e] 0.58/1.98/1.64/0.26  emits 2.53  clip 0.14  kl +0.008 WRr 0.81 WRf 0.94
upd 2525  steps 41385984  sps 5421  opp rand  loss -0.018  pg -0.0093  v 0.006  adv_std 0.110  tR +0.71  ent[s/d/p/e] 0.60/1.99/1.65/0.26  emits 2.60  clip 0.15  kl +0.007
upd 2526  steps 41402368  sps 5421  opp rand  loss -0.016  pg -0.0092  v 0.010  adv_std 0.145  tR +0.56  ent[s/d/p/e] 0.56/2.04/1.63/0.23  emits 2.82  clip 0.15  kl +0.009
upd 2527  steps 41418752  sps 5421  opp frzn  loss -0.015  pg -0.0072  v 0.007  adv_std 0.124  tR +0.70  ent[s/d/p/e] 0.58/1.96/1.63/0.28  emits 2.46  clip 0.14  kl +0.009
upd 2528  steps 41435136  sps 5422  opp frzn  loss -0.015  pg -0.0069  v 0.007  adv_std 0.122  tR +0.66  ent[s/d/p/e] 0.51/1.96/1.63/0.28  emits 2.44  clip 0.15  kl +0.009
upd 2529  steps 41451520  sps 5422  opp rand  loss -0.018  pg -0.0094  v 0.006  adv_std 0.115  tR +0.69  ent[s/d/p/e] 0.57/2.01/1.64/0.27  emits 2.62  clip 0.15  kl +0.007
upd 2530  steps 41467904  sps 5422  opp rand  loss -0.018  pg -0.0094  v 0.006  adv_std 0.108  tR +0.63  ent[s/d/p/e] 0.57/1.96/1.65/0.27  emits 2.50  clip 0.16  kl +0.009
upd 2531  steps 41484288  sps 5423  opp rand  loss -0.015  pg -0.0071  v 0.009  adv_std 0.136  tR +0.70  ent[s/d/p/e] 0.61/1.98/1.65/0.28  emits 2.47  clip 0.14  kl +0.007
upd 2532  steps 41500672  sps 5423  opp frzn  loss -0.017  pg -0.0087  v 0.006  adv_std 0.118  tR +0.70  ent[s/d/p/e] 0.60/1.91/1.66/0.28  emits 2.48  clip 0.13  kl +0.005
upd 2533  steps 41517056  sps 5423  opp rand  loss -0.017  pg -0.0089  v 0.007  adv_std 0.128  tR +0.79  ent[s/d/p/e] 0.56/2.00/1.66/0.27  emits 2.54  clip 0.14  kl +0.006
upd 2534  steps 41533440  sps 5423  opp frzn  loss -0.015  pg -0.0073  v 0.008  adv_std 0.131  tR +0.68  ent[s/d/p/e] 0.59/1.95/1.65/0.29  emits 2.45  clip 0.13  kl +0.008
upd 2535  steps 41549824  sps 5424  opp rand  loss -0.016  pg -0.0079  v 0.007  adv_std 0.124  tR +0.61  ent[s/d/p/e] 0.62/1.96/1.64/0.29  emits 2.41  clip 0.14  kl +0.008
upd 2536  steps 41566208  sps 5424  opp rand  loss -0.017  pg -0.0086  v 0.006  adv_std 0.115  tR +0.75  ent[s/d/p/e] 0.66/1.99/1.65/0.29  emits 2.42  clip 0.14  kl +0.009
upd 2537  steps 41582592  sps 5425  opp rand  loss -0.016  pg -0.0082  v 0.008  adv_std 0.133  tR +0.63  ent[s/d/p/e] 0.60/1.97/1.64/0.28  emits 2.41  clip 0.14  kl +0.007
upd 2538  steps 41598976  sps 5425  opp rand  loss -0.015  pg -0.0080  v 0.011  adv_std 0.152  tR +0.52  ent[s/d/p/e] 0.58/2.00/1.62/0.24  emits 2.60  clip 0.15  kl +0.009
upd 2539  steps 41615360  sps 5425  opp rand  loss -0.017  pg -0.0088  v 0.008  adv_std 0.133  tR +0.63  ent[s/d/p/e] 0.57/2.00/1.64/0.27  emits 2.55  clip 0.13  kl +0.007
upd 2540  steps 41631744  sps 5425  opp frzn  loss -0.017  pg -0.0090  v 0.007  adv_std 0.122  tR +0.63  ent[s/d/p/e] 0.55/1.93/1.65/0.27  emits 2.52  clip 0.14  kl +0.008
upd 2541  steps 41648128  sps 5426  opp rand  loss -0.017  pg -0.0092  v 0.008  adv_std 0.130  tR +0.72  ent[s/d/p/e] 0.61/1.97/1.65/0.27  emits 2.59  clip 0.15  kl +0.010
upd 2542  steps 41664512  sps 5426  opp rand  loss -0.016  pg -0.0076  v 0.007  adv_std 0.121  tR +0.73  ent[s/d/p/e] 0.57/1.95/1.67/0.27  emits 2.64  clip 0.14  kl +0.007
upd 2543  steps 41680896  sps 5426  opp frzn  loss -0.017  pg -0.0090  v 0.007  adv_std 0.126  tR +0.67  ent[s/d/p/e] 0.56/1.94/1.64/0.27  emits 2.44  clip 0.13  kl +0.006
upd 2544  steps 41697280  sps 5427  opp rand  loss -0.018  pg -0.0099  v 0.007  adv_std 0.125  tR +0.75  ent[s/d/p/e] 0.61/1.96/1.68/0.28  emits 2.52  clip 0.15  kl +0.007
upd 2545  steps 41713664  sps 5427  opp frzn  loss -0.017  pg -0.0086  v 0.005  adv_std 0.108  tR +0.76  ent[s/d/p/e] 0.61/1.93/1.63/0.26  emits 2.51  clip 0.15  kl +0.008
upd 2546  steps 41730048  sps 5427  opp frzn  loss -0.016  pg -0.0075  v 0.005  adv_std 0.101  tR +0.75  ent[s/d/p/e] 0.62/1.93/1.65/0.29  emits 2.36  clip 0.13  kl +0.007
upd 2547  steps 41746432  sps 5427  opp frzn  loss -0.016  pg -0.0075  v 0.004  adv_std 0.089  tR +0.73  ent[s/d/p/e] 0.67/1.89/1.64/0.31  emits 2.35  clip 0.14  kl +0.008
upd 2548  steps 41762816  sps 5428  opp frzn  loss -0.017  pg -0.0090  v 0.006  adv_std 0.120  tR +0.71  ent[s/d/p/e] 0.62/1.92/1.64/0.28  emits 2.61  clip 0.14  kl +0.009
upd 2549  steps 41779200  sps 5428  opp rand  loss -0.017  pg -0.0087  v 0.007  adv_std 0.124  tR +0.76  ent[s/d/p/e] 0.68/1.95/1.67/0.29  emits 2.49  clip 0.14  kl +0.007 WRr 0.91 WRf 0.84
upd 2550  steps 41795584  sps 5422  opp rand  loss -0.017  pg -0.0088  v 0.009  adv_std 0.138  tR +0.70  ent[s/d/p/e] 0.65/1.94/1.64/0.27  emits 2.60  clip 0.15  kl +0.008
upd 2551  steps 41811968  sps 5422  opp frzn  loss -0.016  pg -0.0080  v 0.005  adv_std 0.104  tR +0.71  ent[s/d/p/e] 0.58/1.92/1.66/0.28  emits 2.36  clip 0.13  kl +0.008
upd 2552  steps 41828352  sps 5422  opp frzn  loss -0.017  pg -0.0085  v 0.006  adv_std 0.119  tR +0.71  ent[s/d/p/e] 0.56/1.88/1.64/0.30  emits 2.32  clip 0.14  kl +0.008
upd 2553  steps 41844736  sps 5423  opp rand  loss -0.017  pg -0.0086  v 0.006  adv_std 0.117  tR +0.79  ent[s/d/p/e] 0.61/1.94/1.67/0.30  emits 2.49  clip 0.14  kl +0.008
upd 2554  steps 41861120  sps 5423  opp frzn  loss -0.016  pg -0.0074  v 0.006  adv_std 0.114  tR +0.79  ent[s/d/p/e] 0.59/1.92/1.67/0.29  emits 2.51  clip 0.16  kl +0.009
upd 2555  steps 41877504  sps 5423  opp frzn  loss -0.017  pg -0.0084  v 0.006  adv_std 0.120  tR +0.76  ent[s/d/p/e] 0.64/1.90/1.66/0.31  emits 2.47  clip 0.13  kl +0.009
upd 2556  steps 41893888  sps 5424  opp frzn  loss -0.016  pg -0.0077  v 0.007  adv_std 0.119  tR +0.59  ent[s/d/p/e] 0.55/1.95/1.66/0.25  emits 2.59  clip 0.13  kl +0.007
upd 2557  steps 41910272  sps 5424  opp rand  loss -0.015  pg -0.0069  v 0.007  adv_std 0.124  tR +0.76  ent[s/d/p/e] 0.52/1.92/1.65/0.29  emits 2.29  clip 0.13  kl +0.007
upd 2558  steps 41926656  sps 5424  opp rand  loss -0.015  pg -0.0073  v 0.007  adv_std 0.126  tR +0.68  ent[s/d/p/e] 0.62/1.88/1.67/0.30  emits 2.40  clip 0.13  kl +0.009
upd 2559  steps 41943040  sps 5425  opp rand  loss -0.018  pg -0.0098  v 0.006  adv_std 0.116  tR +0.74  ent[s/d/p/e] 0.63/1.88/1.65/0.30  emits 2.37  clip 0.13  kl +0.008
upd 2560  steps 41959424  sps 5425  opp frzn  loss -0.017  pg -0.0093  v 0.009  adv_std 0.141  tR +0.64  ent[s/d/p/e] 0.60/1.86/1.63/0.28  emits 2.37  clip 0.15  kl +0.010
upd 2561  steps 41975808  sps 5425  opp rand  loss -0.014  pg -0.0064  v 0.007  adv_std 0.122  tR +0.61  ent[s/d/p/e] 0.52/1.90/1.63/0.27  emits 2.33  clip 0.15  kl +0.009
upd 2562  steps 41992192  sps 5425  opp rand  loss -0.015  pg -0.0078  v 0.009  adv_std 0.139  tR +0.70  ent[s/d/p/e] 0.53/1.84/1.67/0.30  emits 2.36  clip 0.15  kl +0.008
upd 2563  steps 42008576  sps 5426  opp rand  loss -0.018  pg -0.0097  v 0.009  adv_std 0.142  tR +0.71  ent[s/d/p/e] 0.61/1.88/1.66/0.30  emits 2.45  clip 0.13  kl +0.008
upd 2564  steps 42024960  sps 5426  opp rand  loss -0.016  pg -0.0083  v 0.008  adv_std 0.135  tR +0.69  ent[s/d/p/e] 0.58/1.88/1.67/0.31  emits 2.27  clip 0.13  kl +0.007
upd 2565  steps 42041344  sps 5426  opp rand  loss -0.018  pg -0.0101  v 0.006  adv_std 0.118  tR +0.73  ent[s/d/p/e] 0.60/1.88/1.65/0.29  emits 2.38  clip 0.15  kl +0.009
upd 2566  steps 42057728  sps 5427  opp rand  loss -0.017  pg -0.0089  v 0.007  adv_std 0.126  tR +0.72  ent[s/d/p/e] 0.59/1.90/1.66/0.31  emits 2.36  clip 0.14  kl +0.006
upd 2567  steps 42074112  sps 5427  opp rand  loss -0.017  pg -0.0092  v 0.010  adv_std 0.144  tR +0.63  ent[s/d/p/e] 0.62/1.86/1.65/0.30  emits 2.42  clip 0.15  kl +0.008
upd 2568  steps 42090496  sps 5427  opp rand  loss -0.016  pg -0.0087  v 0.010  adv_std 0.145  tR +0.57  ent[s/d/p/e] 0.59/1.91/1.65/0.28  emits 2.49  clip 0.13  kl +0.008
upd 2569  steps 42106880  sps 5428  opp rand  loss -0.018  pg -0.0094  v 0.006  adv_std 0.115  tR +0.72  ent[s/d/p/e] 0.59/1.85/1.67/0.30  emits 2.32  clip 0.13  kl +0.006
upd 2570  steps 42123264  sps 5428  opp rand  loss -0.016  pg -0.0086  v 0.008  adv_std 0.134  tR +0.68  ent[s/d/p/e] 0.57/1.86/1.65/0.29  emits 2.34  clip 0.16  kl +0.007
upd 2571  steps 42139648  sps 5429  opp rand  loss -0.018  pg -0.0094  v 0.006  adv_std 0.112  tR +0.74  ent[s/d/p/e] 0.64/1.86/1.64/0.31  emits 2.36  clip 0.15  kl +0.007
upd 2572  steps 42156032  sps 5429  opp frzn  loss -0.018  pg -0.0090  v 0.005  adv_std 0.102  tR +0.70  ent[s/d/p/e] 0.61/1.84/1.64/0.33  emits 2.20  clip 0.12  kl +0.007
upd 2573  steps 42172416  sps 5429  opp rand  loss -0.016  pg -0.0086  v 0.008  adv_std 0.129  tR +0.56  ent[s/d/p/e] 0.58/1.87/1.64/0.28  emits 2.50  clip 0.14  kl +0.009
upd 2574  steps 42188800  sps 5429  opp rand  loss -0.017  pg -0.0088  v 0.007  adv_std 0.126  tR +0.65  ent[s/d/p/e] 0.60/1.87/1.65/0.29  emits 2.42  clip 0.15  kl +0.009 WRr 0.91 WRf 0.94
upd 2575  steps 42205184  sps 5423  opp rand  loss -0.017  pg -0.0091  v 0.009  adv_std 0.141  tR +0.59  ent[s/d/p/e] 0.61/1.88/1.63/0.28  emits 2.36  clip 0.14  kl +0.008
upd 2576  steps 42221568  sps 5424  opp frzn  loss -0.018  pg -0.0090  v 0.006  adv_std 0.113  tR +0.72  ent[s/d/p/e] 0.69/1.76/1.65/0.34  emits 2.16  clip 0.12  kl +0.005
upd 2577  steps 42237952  sps 5424  opp rand  loss -0.017  pg -0.0088  v 0.006  adv_std 0.114  tR +0.72  ent[s/d/p/e] 0.62/1.83/1.65/0.31  emits 2.19  clip 0.14  kl +0.010
upd 2578  steps 42254336  sps 5424  opp frzn  loss -0.016  pg -0.0082  v 0.006  adv_std 0.113  tR +0.73  ent[s/d/p/e] 0.59/1.88/1.62/0.30  emits 2.21  clip 0.14  kl +0.008
upd 2579  steps 42270720  sps 5424  opp rand  loss -0.018  pg -0.0099  v 0.007  adv_std 0.122  tR +0.68  ent[s/d/p/e] 0.56/1.84/1.64/0.32  emits 2.22  clip 0.13  kl +0.007
upd 2580  steps 42287104  sps 5425  opp frzn  loss -0.017  pg -0.0087  v 0.008  adv_std 0.132  tR +0.68  ent[s/d/p/e] 0.60/1.90/1.63/0.29  emits 2.27  clip 0.13  kl +0.008
upd 2581  steps 42303488  sps 5425  opp frzn  loss -0.016  pg -0.0080  v 0.005  adv_std 0.109  tR +0.69  ent[s/d/p/e] 0.64/1.87/1.63/0.29  emits 2.26  clip 0.14  kl +0.007
upd 2582  steps 42319872  sps 5425  opp frzn  loss -0.017  pg -0.0087  v 0.005  adv_std 0.109  tR +0.73  ent[s/d/p/e] 0.59/1.82/1.64/0.31  emits 2.10  clip 0.13  kl +0.008
upd 2583  steps 42336256  sps 5425  opp frzn  loss -0.016  pg -0.0073  v 0.005  adv_std 0.106  tR +0.70  ent[s/d/p/e] 0.62/1.80/1.63/0.30  emits 2.08  clip 0.13  kl +0.008
upd 2584  steps 42352640  sps 5426  opp rand  loss -0.016  pg -0.0077  v 0.009  adv_std 0.140  tR +0.82  ent[s/d/p/e] 0.64/1.85/1.65/0.31  emits 2.24  clip 0.13  kl +0.007
upd 2585  steps 42369024  sps 5426  opp rand  loss -0.017  pg -0.0086  v 0.007  adv_std 0.120  tR +0.68  ent[s/d/p/e] 0.63/1.84/1.65/0.30  emits 2.24  clip 0.13  kl +0.005
upd 2586  steps 42385408  sps 5426  opp rand  loss -0.016  pg -0.0080  v 0.009  adv_std 0.138  tR +0.68  ent[s/d/p/e] 0.62/1.90/1.65/0.29  emits 2.36  clip 0.14  kl +0.008
upd 2587  steps 42401792  sps 5427  opp frzn  loss -0.018  pg -0.0092  v 0.006  adv_std 0.110  tR +0.73  ent[s/d/p/e] 0.64/1.80/1.62/0.31  emits 2.12  clip 0.13  kl +0.007
upd 2588  steps 42418176  sps 5427  opp rand  loss -0.018  pg -0.0094  v 0.006  adv_std 0.113  tR +0.67  ent[s/d/p/e] 0.62/1.84/1.65/0.31  emits 2.24  clip 0.14  kl +0.008
upd 2589  steps 42434560  sps 5427  opp frzn  loss -0.017  pg -0.0083  v 0.007  adv_std 0.123  tR +0.67  ent[s/d/p/e] 0.64/1.83/1.66/0.30  emits 2.21  clip 0.12  kl +0.005
upd 2590  steps 42450944  sps 5428  opp rand  loss -0.016  pg -0.0080  v 0.008  adv_std 0.130  tR +0.66  ent[s/d/p/e] 0.64/1.85/1.66/0.31  emits 2.40  clip 0.13  kl +0.006
upd 2591  steps 42467328  sps 5428  opp rand  loss -0.015  pg -0.0069  v 0.009  adv_std 0.136  tR +0.65  ent[s/d/p/e] 0.60/1.89/1.65/0.28  emits 2.35  clip 0.15  kl +0.009
upd 2592  steps 42483712  sps 5428  opp frzn  loss -0.016  pg -0.0072  v 0.005  adv_std 0.101  tR +0.74  ent[s/d/p/e] 0.60/1.83/1.67/0.32  emits 2.10  clip 0.14  kl +0.008
upd 2593  steps 42500096  sps 5428  opp frzn  loss -0.016  pg -0.0076  v 0.006  adv_std 0.116  tR +0.68  ent[s/d/p/e] 0.62/1.89/1.64/0.31  emits 2.28  clip 0.15  kl +0.009
upd 2594  steps 42516480  sps 5429  opp frzn  loss -0.017  pg -0.0082  v 0.006  adv_std 0.113  tR +0.76  ent[s/d/p/e] 0.62/1.83/1.66/0.31  emits 2.19  clip 0.12  kl +0.007
upd 2595  steps 42532864  sps 5429  opp frzn  loss -0.018  pg -0.0088  v 0.005  adv_std 0.103  tR +0.78  ent[s/d/p/e] 0.66/1.84/1.66/0.32  emits 2.14  clip 0.13  kl +0.008
upd 2596  steps 42549248  sps 5429  opp rand  loss -0.015  pg -0.0070  v 0.008  adv_std 0.134  tR +0.67  ent[s/d/p/e] 0.61/1.88/1.65/0.31  emits 2.40  clip 0.15  kl +0.008
upd 2597  steps 42565632  sps 5430  opp rand  loss -0.016  pg -0.0080  v 0.007  adv_std 0.127  tR +0.60  ent[s/d/p/e] 0.63/1.80/1.68/0.32  emits 2.34  clip 0.14  kl +0.009
upd 2598  steps 42582016  sps 5430  opp rand  loss -0.017  pg -0.0092  v 0.009  adv_std 0.140  tR +0.66  ent[s/d/p/e] 0.62/1.90/1.67/0.29  emits 2.44  clip 0.15  kl +0.009
upd 2599  steps 42598400  sps 5430  opp rand  loss -0.017  pg -0.0088  v 0.009  adv_std 0.140  tR +0.56  ent[s/d/p/e] 0.63/1.89/1.67/0.29  emits 2.48  clip 0.11  kl +0.007 WRr 0.88 WRf 1.00
upd 2600  steps 42614784  sps 5422  opp rand  loss -0.018  pg -0.0093  v 0.008  adv_std 0.127  tR +0.73  ent[s/d/p/e] 0.62/1.87/1.68/0.31  emits 2.36  clip 0.13  kl +0.007
upd 2601  steps 42631168  sps 5422  opp frzn  loss -0.017  pg -0.0091  v 0.008  adv_std 0.134  tR +0.73  ent[s/d/p/e] 0.62/1.87/1.67/0.29  emits 2.26  clip 0.13  kl +0.007
upd 2602  steps 42647552  sps 5422  opp frzn  loss -0.016  pg -0.0080  v 0.007  adv_std 0.123  tR +0.69  ent[s/d/p/e] 0.58/1.83/1.67/0.31  emits 2.12  clip 0.13  kl +0.009
upd 2603  steps 42663936  sps 5423  opp rand  loss -0.016  pg -0.0084  v 0.008  adv_std 0.132  tR +0.63  ent[s/d/p/e] 0.59/1.85/1.66/0.30  emits 2.33  clip 0.14  kl +0.008
upd 2604  steps 42680320  sps 5423  opp rand  loss -0.018  pg -0.0096  v 0.007  adv_std 0.124  tR +0.73  ent[s/d/p/e] 0.64/1.83/1.69/0.33  emits 2.28  clip 0.13  kl +0.007
upd 2605  steps 42696704  sps 5423  opp rand  loss -0.016  pg -0.0071  v 0.005  adv_std 0.101  tR +0.69  ent[s/d/p/e] 0.68/1.83/1.68/0.32  emits 2.32  clip 0.14  kl +0.009
upd 2606  steps 42713088  sps 5424  opp rand  loss -0.016  pg -0.0081  v 0.009  adv_std 0.139  tR +0.62  ent[s/d/p/e] 0.67/1.86/1.68/0.30  emits 2.47  clip 0.15  kl +0.009
upd 2607  steps 42729472  sps 5424  opp frzn  loss -0.016  pg -0.0086  v 0.008  adv_std 0.131  tR +0.65  ent[s/d/p/e] 0.57/1.84/1.67/0.29  emits 2.28  clip 0.14  kl +0.009
upd 2608  steps 42745856  sps 5424  opp frzn  loss -0.017  pg -0.0083  v 0.006  adv_std 0.116  tR +0.76  ent[s/d/p/e] 0.62/1.84/1.66/0.31  emits 2.25  clip 0.13  kl +0.007
upd 2609  steps 42762240  sps 5424  opp rand  loss -0.017  pg -0.0085  v 0.007  adv_std 0.120  tR +0.69  ent[s/d/p/e] 0.65/1.78/1.68/0.34  emits 2.20  clip 0.12  kl +0.006
upd 2610  steps 42778624  sps 5425  opp rand  loss -0.017  pg -0.0084  v 0.007  adv_std 0.123  tR +0.70  ent[s/d/p/e] 0.64/1.79/1.68/0.34  emits 2.22  clip 0.14  kl +0.008
upd 2611  steps 42795008  sps 5425  opp frzn  loss -0.019  pg -0.0100  v 0.005  adv_std 0.109  tR +0.72  ent[s/d/p/e] 0.64/1.79/1.65/0.31  emits 2.13  clip 0.14  kl +0.007
upd 2612  steps 42811392  sps 5425  opp rand  loss -0.016  pg -0.0088  v 0.009  adv_std 0.140  tR +0.65  ent[s/d/p/e] 0.57/1.85/1.65/0.31  emits 2.32  clip 0.13  kl +0.006
upd 2613  steps 42827776  sps 5426  opp frzn  loss -0.018  pg -0.0092  v 0.006  adv_std 0.110  tR +0.74  ent[s/d/p/e] 0.61/1.76/1.65/0.32  emits 2.08  clip 0.12  kl +0.005
upd 2614  steps 42844160  sps 5426  opp rand  loss -0.016  pg -0.0073  v 0.007  adv_std 0.124  tR +0.72  ent[s/d/p/e] 0.65/1.82/1.67/0.32  emits 2.32  clip 0.15  kl +0.010
upd 2615  steps 42860544  sps 5426  opp frzn  loss -0.016  pg -0.0081  v 0.006  adv_std 0.116  tR +0.68  ent[s/d/p/e] 0.60/1.78/1.65/0.32  emits 2.13  clip 0.16  kl +0.012
upd 2616  steps 42876928  sps 5426  opp frzn  loss -0.016  pg -0.0079  v 0.006  adv_std 0.112  tR +0.76  ent[s/d/p/e] 0.60/1.81/1.63/0.33  emits 2.04  clip 0.14  kl +0.007
upd 2617  steps 42893312  sps 5427  opp rand  loss -0.017  pg -0.0089  v 0.009  adv_std 0.140  tR +0.60  ent[s/d/p/e] 0.64/1.86/1.68/0.33  emits 2.37  clip 0.14  kl +0.008
upd 2618  steps 42909696  sps 5427  opp rand  loss -0.017  pg -0.0089  v 0.006  adv_std 0.116  tR +0.74  ent[s/d/p/e] 0.60/1.86/1.66/0.33  emits 2.24  clip 0.14  kl +0.009
upd 2619  steps 42926080  sps 5427  opp rand  loss -0.016  pg -0.0076  v 0.006  adv_std 0.114  tR +0.68  ent[s/d/p/e] 0.59/1.87/1.69/0.32  emits 2.40  clip 0.14  kl +0.008
upd 2620  steps 42942464  sps 5428  opp rand  loss -0.016  pg -0.0083  v 0.008  adv_std 0.130  tR +0.72  ent[s/d/p/e] 0.56/1.80/1.68/0.33  emits 2.25  clip 0.14  kl +0.008
upd 2621  steps 42958848  sps 5428  opp rand  loss -0.016  pg -0.0073  v 0.006  adv_std 0.118  tR +0.65  ent[s/d/p/e] 0.62/1.76/1.68/0.34  emits 2.24  clip 0.16  kl +0.009
upd 2622  steps 42975232  sps 5428  opp frzn  loss -0.016  pg -0.0084  v 0.007  adv_std 0.125  tR +0.61  ent[s/d/p/e] 0.58/1.83/1.66/0.29  emits 2.41  clip 0.15  kl +0.008
upd 2623  steps 42991616  sps 5429  opp rand  loss -0.017  pg -0.0087  v 0.007  adv_std 0.124  tR +0.74  ent[s/d/p/e] 0.61/1.81/1.67/0.32  emits 2.37  clip 0.14  kl +0.007
upd 2624  steps 43008000  sps 5429  opp frzn  loss -0.015  pg -0.0078  v 0.009  adv_std 0.142  tR +0.65  ent[s/d/p/e] 0.57/1.80/1.65/0.30  emits 2.22  clip 0.13  kl +0.008 WRr 0.81 WRf 0.94
upd 2625  steps 43024384  sps 5423  opp frzn  loss -0.016  pg -0.0075  v 0.007  adv_std 0.120  tR +0.73  ent[s/d/p/e] 0.61/1.77/1.67/0.33  emits 2.09  clip 0.12  kl +0.007
upd 2626  steps 43040768  sps 5423  opp frzn  loss -0.016  pg -0.0074  v 0.007  adv_std 0.120  tR +0.73  ent[s/d/p/e] 0.65/1.81/1.65/0.32  emits 2.26  clip 0.16  kl +0.012
upd 2627  steps 43057152  sps 5423  opp frzn  loss -0.017  pg -0.0079  v 0.004  adv_std 0.092  tR +0.77  ent[s/d/p/e] 0.63/1.79/1.66/0.35  emits 2.12  clip 0.13  kl +0.008
upd 2628  steps 43073536  sps 5423  opp frzn  loss -0.015  pg -0.0070  v 0.008  adv_std 0.130  tR +0.74  ent[s/d/p/e] 0.60/1.82/1.63/0.30  emits 2.23  clip 0.15  kl +0.008
upd 2629  steps 43089920  sps 5424  opp frzn  loss -0.017  pg -0.0086  v 0.005  adv_std 0.105  tR +0.68  ent[s/d/p/e] 0.62/1.82/1.65/0.33  emits 2.19  clip 0.12  kl +0.009
upd 2630  steps 43106304  sps 5424  opp frzn  loss -0.017  pg -0.0087  v 0.007  adv_std 0.123  tR +0.75  ent[s/d/p/e] 0.59/1.84/1.65/0.31  emits 2.22  clip 0.13  kl +0.008
upd 2631  steps 43122688  sps 5424  opp rand  loss -0.017  pg -0.0085  v 0.005  adv_std 0.107  tR +0.74  ent[s/d/p/e] 0.60/1.79/1.68/0.35  emits 2.14  clip 0.14  kl +0.010
upd 2632  steps 43139072  sps 5425  opp frzn  loss -0.016  pg -0.0072  v 0.005  adv_std 0.107  tR +0.78  ent[s/d/p/e] 0.61/1.83/1.65/0.32  emits 2.24  clip 0.15  kl +0.010
upd 2633  steps 43155456  sps 5425  opp rand  loss -0.017  pg -0.0090  v 0.008  adv_std 0.132  tR +0.74  ent[s/d/p/e] 0.63/1.80/1.66/0.34  emits 2.26  clip 0.13  kl +0.007
upd 2634  steps 43171840  sps 5425  opp frzn  loss -0.017  pg -0.0088  v 0.008  adv_std 0.131  tR +0.65  ent[s/d/p/e] 0.61/1.83/1.64/0.30  emits 2.30  clip 0.15  kl +0.009
upd 2635  steps 43188224  sps 5425  opp rand  loss -0.015  pg -0.0071  v 0.007  adv_std 0.122  tR +0.71  ent[s/d/p/e] 0.62/1.75/1.66/0.35  emits 2.14  clip 0.14  kl +0.008
upd 2636  steps 43204608  sps 5426  opp frzn  loss -0.016  pg -0.0079  v 0.007  adv_std 0.124  tR +0.75  ent[s/d/p/e] 0.63/1.79/1.65/0.31  emits 2.26  clip 0.14  kl +0.008
upd 2637  steps 43220992  sps 5426  opp rand  loss -0.017  pg -0.0086  v 0.006  adv_std 0.111  tR +0.73  ent[s/d/p/e] 0.61/1.83/1.69/0.34  emits 2.30  clip 0.13  kl +0.007
upd 2638  steps 43237376  sps 5426  opp frzn  loss -0.017  pg -0.0080  v 0.006  adv_std 0.114  tR +0.69  ent[s/d/p/e] 0.65/1.74/1.66/0.34  emits 2.08  clip 0.13  kl +0.007
upd 2639  steps 43253760  sps 5426  opp frzn  loss -0.017  pg -0.0078  v 0.004  adv_std 0.097  tR +0.78  ent[s/d/p/e] 0.66/1.81/1.68/0.33  emits 2.28  clip 0.13  kl +0.007
upd 2640  steps 43270144  sps 5427  opp rand  loss -0.016  pg -0.0074  v 0.005  adv_std 0.100  tR +0.83  ent[s/d/p/e] 0.61/1.82/1.69/0.35  emits 2.34  clip 0.15  kl +0.007
upd 2641  steps 43286528  sps 5427  opp rand  loss -0.016  pg -0.0084  v 0.007  adv_std 0.124  tR +0.66  ent[s/d/p/e] 0.59/1.85/1.67/0.31  emits 2.40  clip 0.14  kl +0.008
upd 2642  steps 43302912  sps 5427  opp frzn  loss -0.016  pg -0.0078  v 0.005  adv_std 0.106  tR +0.75  ent[s/d/p/e] 0.65/1.79/1.67/0.33  emits 2.22  clip 0.14  kl +0.008
upd 2643  steps 43319296  sps 5428  opp frzn  loss -0.016  pg -0.0077  v 0.005  adv_std 0.106  tR +0.72  ent[s/d/p/e] 0.58/1.82/1.64/0.30  emits 2.36  clip 0.15  kl +0.009
upd 2644  steps 43335680  sps 5428  opp frzn  loss -0.019  pg -0.0102  v 0.005  adv_std 0.105  tR +0.73  ent[s/d/p/e] 0.67/1.81/1.68/0.31  emits 2.29  clip 0.13  kl +0.008
upd 2645  steps 43352064  sps 5428  opp rand  loss -0.016  pg -0.0079  v 0.007  adv_std 0.123  tR +0.72  ent[s/d/p/e] 0.63/1.80/1.68/0.33  emits 2.37  clip 0.14  kl +0.009
upd 2646  steps 43368448  sps 5428  opp frzn  loss -0.017  pg -0.0088  v 0.005  adv_std 0.110  tR +0.80  ent[s/d/p/e] 0.61/1.85/1.68/0.30  emits 2.38  clip 0.13  kl +0.006
upd 2647  steps 43384832  sps 5429  opp frzn  loss -0.018  pg -0.0092  v 0.005  adv_std 0.109  tR +0.70  ent[s/d/p/e] 0.62/1.82/1.67/0.31  emits 2.31  clip 0.14  kl +0.009
upd 2648  steps 43401216  sps 5429  opp rand  loss -0.017  pg -0.0086  v 0.005  adv_std 0.106  tR +0.73  ent[s/d/p/e] 0.61/1.82/1.70/0.33  emits 2.36  clip 0.13  kl +0.007
upd 2649  steps 43417600  sps 5429  opp frzn  loss -0.018  pg -0.0089  v 0.004  adv_std 0.098  tR +0.69  ent[s/d/p/e] 0.60/1.82/1.66/0.32  emits 2.39  clip 0.13  kl +0.006 WRr 0.75 WRf 0.91
upd 2650  steps 43433984  sps 5423  opp rand  loss -0.018  pg -0.0089  v 0.006  adv_std 0.111  tR +0.81  ent[s/d/p/e] 0.64/1.84/1.68/0.33  emits 2.41  clip 0.14  kl +0.009
upd 2651  steps 43450368  sps 5424  opp frzn  loss -0.017  pg -0.0083  v 0.007  adv_std 0.121  tR +0.63  ent[s/d/p/e] 0.64/1.77/1.67/0.32  emits 2.32  clip 0.15  kl +0.008
upd 2652  steps 43466752  sps 5424  opp frzn  loss -0.016  pg -0.0083  v 0.007  adv_std 0.126  tR +0.71  ent[s/d/p/e] 0.59/1.82/1.68/0.30  emits 2.32  clip 0.14  kl +0.009
upd 2653  steps 43483136  sps 5424  opp frzn  loss -0.016  pg -0.0076  v 0.005  adv_std 0.104  tR +0.76  ent[s/d/p/e] 0.62/1.80/1.68/0.32  emits 2.24  clip 0.15  kl +0.008
upd 2654  steps 43499520  sps 5424  opp frzn  loss -0.016  pg -0.0075  v 0.005  adv_std 0.109  tR +0.72  ent[s/d/p/e] 0.60/1.83/1.69/0.32  emits 2.21  clip 0.14  kl +0.010
upd 2655  steps 43515904  sps 5425  opp rand  loss -0.015  pg -0.0071  v 0.010  adv_std 0.146  tR +0.67  ent[s/d/p/e] 0.58/1.81/1.69/0.30  emits 2.50  clip 0.15  kl +0.009
upd 2656  steps 43532288  sps 5425  opp rand  loss -0.016  pg -0.0076  v 0.008  adv_std 0.127  tR +0.59  ent[s/d/p/e] 0.58/1.90/1.67/0.29  emits 2.55  clip 0.15  kl +0.007
upd 2657  steps 43548672  sps 5425  opp frzn  loss -0.017  pg -0.0083  v 0.006  adv_std 0.115  tR +0.62  ent[s/d/p/e] 0.63/1.86/1.68/0.29  emits 2.43  clip 0.14  kl +0.008
upd 2658  steps 43565056  sps 5425  opp frzn  loss -0.017  pg -0.0091  v 0.008  adv_std 0.132  tR +0.83  ent[s/d/p/e] 0.56/1.84/1.67/0.29  emits 2.37  clip 0.13  kl +0.008
upd 2659  steps 43581440  sps 5426  opp frzn  loss -0.016  pg -0.0078  v 0.008  adv_std 0.131  tR +0.67  ent[s/d/p/e] 0.59/1.84/1.65/0.30  emits 2.34  clip 0.12  kl +0.005
upd 2660  steps 43597824  sps 5426  opp rand  loss -0.018  pg -0.0096  v 0.006  adv_std 0.118  tR +0.81  ent[s/d/p/e] 0.61/1.83/1.68/0.32  emits 2.38  clip 0.15  kl +0.007
upd 2661  steps 43614208  sps 5426  opp frzn  loss -0.015  pg -0.0070  v 0.008  adv_std 0.128  tR +0.73  ent[s/d/p/e] 0.62/1.85/1.66/0.28  emits 2.42  clip 0.15  kl +0.008
upd 2662  steps 43630592  sps 5427  opp rand  loss -0.016  pg -0.0080  v 0.007  adv_std 0.122  tR +0.70  ent[s/d/p/e] 0.65/1.87/1.69/0.32  emits 2.44  clip 0.14  kl +0.007
upd 2663  steps 43646976  sps 5427  opp rand  loss -0.016  pg -0.0081  v 0.007  adv_std 0.125  tR +0.68  ent[s/d/p/e] 0.57/1.87/1.66/0.29  emits 2.56  clip 0.14  kl +0.008
upd 2664  steps 43663360  sps 5427  opp rand  loss -0.017  pg -0.0087  v 0.007  adv_std 0.125  tR +0.65  ent[s/d/p/e] 0.67/1.86/1.68/0.31  emits 2.56  clip 0.15  kl +0.008
upd 2665  steps 43679744  sps 5427  opp frzn  loss -0.017  pg -0.0087  v 0.005  adv_std 0.103  tR +0.73  ent[s/d/p/e] 0.60/1.80/1.66/0.29  emits 2.34  clip 0.13  kl +0.008
upd 2666  steps 43696128  sps 5428  opp rand  loss -0.016  pg -0.0078  v 0.007  adv_std 0.119  tR +0.76  ent[s/d/p/e] 0.59/1.88/1.69/0.30  emits 2.49  clip 0.13  kl +0.008
upd 2667  steps 43712512  sps 5428  opp frzn  loss -0.017  pg -0.0086  v 0.007  adv_std 0.121  tR +0.71  ent[s/d/p/e] 0.65/1.85/1.68/0.29  emits 2.45  clip 0.14  kl +0.008
upd 2668  steps 43728896  sps 5428  opp rand  loss -0.018  pg -0.0098  v 0.007  adv_std 0.126  tR +0.66  ent[s/d/p/e] 0.57/1.83/1.69/0.29  emits 2.54  clip 0.14  kl +0.008
upd 2669  steps 43745280  sps 5429  opp frzn  loss -0.018  pg -0.0096  v 0.005  adv_std 0.107  tR +0.79  ent[s/d/p/e] 0.69/1.86/1.69/0.28  emits 2.54  clip 0.14  kl +0.009
upd 2670  steps 43761664  sps 5429  opp rand  loss -0.016  pg -0.0081  v 0.007  adv_std 0.124  tR +0.69  ent[s/d/p/e] 0.65/1.88/1.66/0.29  emits 2.55  clip 0.15  kl +0.008
upd 2671  steps 43778048  sps 5429  opp rand  loss -0.018  pg -0.0091  v 0.007  adv_std 0.122  tR +0.67  ent[s/d/p/e] 0.67/1.88/1.67/0.29  emits 2.61  clip 0.15  kl +0.008
upd 2672  steps 43794432  sps 5429  opp frzn  loss -0.018  pg -0.0100  v 0.007  adv_std 0.124  tR +0.66  ent[s/d/p/e] 0.61/1.88/1.67/0.26  emits 2.59  clip 0.13  kl +0.008
upd 2673  steps 43810816  sps 5430  opp frzn  loss -0.016  pg -0.0075  v 0.005  adv_std 0.110  tR +0.83  ent[s/d/p/e] 0.62/1.87/1.67/0.27  emits 2.46  clip 0.13  kl +0.006
upd 2674  steps 43827200  sps 5430  opp frzn  loss -0.016  pg -0.0075  v 0.005  adv_std 0.105  tR +0.73  ent[s/d/p/e] 0.65/1.83/1.65/0.28  emits 2.42  clip 0.14  kl +0.008 WRr 0.75 WRf 0.94
upd 2675  steps 43843584  sps 5424  opp rand  loss -0.017  pg -0.0087  v 0.009  adv_std 0.138  tR +0.71  ent[s/d/p/e] 0.65/1.85/1.67/0.28  emits 2.51  clip 0.15  kl +0.008
upd 2676  steps 43859968  sps 5424  opp frzn  loss -0.018  pg -0.0087  v 0.004  adv_std 0.096  tR +0.70  ent[s/d/p/e] 0.68/1.83/1.65/0.30  emits 2.33  clip 0.15  kl +0.009
upd 2677  steps 43876352  sps 5425  opp rand  loss -0.017  pg -0.0082  v 0.005  adv_std 0.104  tR +0.72  ent[s/d/p/e] 0.61/1.84/1.68/0.27  emits 2.59  clip 0.15  kl +0.007
upd 2678  steps 43892736  sps 5425  opp frzn  loss -0.015  pg -0.0064  v 0.004  adv_std 0.091  tR +0.81  ent[s/d/p/e] 0.62/1.82/1.66/0.28  emits 2.39  clip 0.16  kl +0.008
upd 2679  steps 43909120  sps 5425  opp frzn  loss -0.017  pg -0.0089  v 0.008  adv_std 0.135  tR +0.72  ent[s/d/p/e] 0.63/1.84/1.66/0.27  emits 2.34  clip 0.14  kl +0.010
upd 2680  steps 43925504  sps 5425  opp frzn  loss -0.017  pg -0.0087  v 0.007  adv_std 0.126  tR +0.68  ent[s/d/p/e] 0.62/1.84/1.64/0.28  emits 2.40  clip 0.14  kl +0.008
upd 2681  steps 43941888  sps 5426  opp rand  loss -0.017  pg -0.0085  v 0.006  adv_std 0.115  tR +0.71  ent[s/d/p/e] 0.59/1.84/1.65/0.28  emits 2.48  clip 0.13  kl +0.008
upd 2682  steps 43958272  sps 5426  opp frzn  loss -0.016  pg -0.0083  v 0.007  adv_std 0.120  tR +0.66  ent[s/d/p/e] 0.61/1.82/1.65/0.27  emits 2.40  clip 0.13  kl +0.006
upd 2683  steps 43974656  sps 5426  opp rand  loss -0.016  pg -0.0079  v 0.007  adv_std 0.123  tR +0.72  ent[s/d/p/e] 0.60/1.87/1.67/0.28  emits 2.49  clip 0.15  kl +0.010
upd 2684  steps 43991040  sps 5427  opp rand  loss -0.014  pg -0.0059  v 0.007  adv_std 0.122  tR +0.68  ent[s/d/p/e] 0.61/1.87/1.66/0.27  emits 2.62  clip 0.16  kl +0.009
upd 2685  steps 44007424  sps 5427  opp frzn  loss -0.016  pg -0.0072  v 0.005  adv_std 0.108  tR +0.80  ent[s/d/p/e] 0.63/1.88/1.63/0.29  emits 2.33  clip 0.12  kl +0.005
upd 2686  steps 44023808  sps 5427  opp frzn  loss -0.017  pg -0.0088  v 0.007  adv_std 0.125  tR +0.72  ent[s/d/p/e] 0.59/1.80/1.63/0.28  emits 2.20  clip 0.13  kl +0.009
upd 2687  steps 44040192  sps 5427  opp rand  loss -0.017  pg -0.0087  v 0.008  adv_std 0.130  tR +0.61  ent[s/d/p/e] 0.60/1.87/1.65/0.28  emits 2.42  clip 0.14  kl +0.008
upd 2688  steps 44056576  sps 5428  opp rand  loss -0.015  pg -0.0072  v 0.007  adv_std 0.125  tR +0.66  ent[s/d/p/e] 0.58/1.88/1.67/0.28  emits 2.50  clip 0.14  kl +0.007
upd 2689  steps 44072960  sps 5428  opp frzn  loss -0.017  pg -0.0086  v 0.006  adv_std 0.117  tR +0.65  ent[s/d/p/e] 0.56/1.85/1.62/0.26  emits 2.42  clip 0.14  kl +0.010
upd 2690  steps 44089344  sps 5428  opp rand  loss -0.015  pg -0.0070  v 0.006  adv_std 0.113  tR +0.68  ent[s/d/p/e] 0.61/1.85/1.68/0.26  emits 2.54  clip 0.13  kl +0.007
upd 2691  steps 44105728  sps 5429  opp rand  loss -0.016  pg -0.0084  v 0.010  adv_std 0.150  tR +0.69  ent[s/d/p/e] 0.58/1.86/1.65/0.27  emits 2.58  clip 0.14  kl +0.006
upd 2692  steps 44122112  sps 5429  opp frzn  loss -0.016  pg -0.0081  v 0.006  adv_std 0.111  tR +0.71  ent[s/d/p/e] 0.60/1.82/1.65/0.28  emits 2.30  clip 0.13  kl +0.006
upd 2693  steps 44138496  sps 5429  opp rand  loss -0.016  pg -0.0079  v 0.008  adv_std 0.128  tR +0.75  ent[s/d/p/e] 0.59/1.83/1.65/0.29  emits 2.41  clip 0.14  kl +0.008
upd 2694  steps 44154880  sps 5429  opp rand  loss -0.016  pg -0.0078  v 0.007  adv_std 0.123  tR +0.80  ent[s/d/p/e] 0.61/1.86/1.65/0.27  emits 2.49  clip 0.12  kl +0.006
upd 2695  steps 44171264  sps 5430  opp rand  loss -0.017  pg -0.0088  v 0.006  adv_std 0.115  tR +0.70  ent[s/d/p/e] 0.63/1.88/1.65/0.25  emits 2.62  clip 0.14  kl +0.008
upd 2696  steps 44187648  sps 5430  opp rand  loss -0.017  pg -0.0088  v 0.005  adv_std 0.105  tR +0.69  ent[s/d/p/e] 0.64/1.82/1.65/0.28  emits 2.44  clip 0.13  kl +0.009
upd 2697  steps 44204032  sps 5430  opp rand  loss -0.016  pg -0.0077  v 0.006  adv_std 0.112  tR +0.60  ent[s/d/p/e] 0.61/1.85/1.64/0.27  emits 2.51  clip 0.17  kl +0.010
upd 2698  steps 44220416  sps 5431  opp frzn  loss -0.016  pg -0.0081  v 0.007  adv_std 0.120  tR +0.74  ent[s/d/p/e] 0.57/1.85/1.65/0.25  emits 2.51  clip 0.15  kl +0.008
upd 2699  steps 44236800  sps 5431  opp frzn  loss -0.017  pg -0.0086  v 0.005  adv_std 0.106  tR +0.73  ent[s/d/p/e] 0.62/1.79/1.63/0.28  emits 2.23  clip 0.13  kl +0.007 WRr 0.94 WRf 0.81
upd 2700  steps 44253184  sps 5425  opp frzn  loss -0.016  pg -0.0075  v 0.005  adv_std 0.104  tR +0.81  ent[s/d/p/e] 0.61/1.81/1.63/0.28  emits 2.18  clip 0.12  kl +0.006
upd 2701  steps 44269568  sps 5425  opp rand  loss -0.017  pg -0.0096  v 0.008  adv_std 0.131  tR +0.68  ent[s/d/p/e] 0.61/1.85/1.65/0.26  emits 2.43  clip 0.14  kl +0.007
upd 2702  steps 44285952  sps 5426  opp rand  loss -0.015  pg -0.0067  v 0.006  adv_std 0.120  tR +0.71  ent[s/d/p/e] 0.61/1.79/1.66/0.29  emits 2.32  clip 0.15  kl +0.009
upd 2703  steps 44302336  sps 5426  opp rand  loss -0.016  pg -0.0075  v 0.005  adv_std 0.106  tR +0.74  ent[s/d/p/e] 0.61/1.83/1.64/0.27  emits 2.44  clip 0.14  kl +0.006
upd 2704  steps 44318720  sps 5426  opp rand  loss -0.017  pg -0.0092  v 0.008  adv_std 0.133  tR +0.68  ent[s/d/p/e] 0.60/1.84/1.65/0.27  emits 2.51  clip 0.13  kl +0.007
upd 2705  steps 44335104  sps 5426  opp frzn  loss -0.015  pg -0.0077  v 0.008  adv_std 0.134  tR +0.66  ent[s/d/p/e] 0.58/1.82/1.62/0.27  emits 2.29  clip 0.13  kl +0.008
upd 2706  steps 44351488  sps 5427  opp rand  loss -0.017  pg -0.0091  v 0.007  adv_std 0.124  tR +0.68  ent[s/d/p/e] 0.60/1.82/1.64/0.29  emits 2.40  clip 0.13  kl +0.007
upd 2707  steps 44367872  sps 5427  opp rand  loss -0.016  pg -0.0084  v 0.008  adv_std 0.134  tR +0.65  ent[s/d/p/e] 0.57/1.81/1.66/0.26  emits 2.61  clip 0.14  kl +0.007
upd 2708  steps 44384256  sps 5427  opp frzn  loss -0.015  pg -0.0072  v 0.007  adv_std 0.123  tR +0.77  ent[s/d/p/e] 0.62/1.74/1.62/0.27  emits 2.26  clip 0.12  kl +0.007
upd 2709  steps 44400640  sps 5428  opp frzn  loss -0.015  pg -0.0068  v 0.005  adv_std 0.108  tR +0.80  ent[s/d/p/e] 0.57/1.78/1.63/0.27  emits 2.35  clip 0.13  kl +0.008
upd 2710  steps 44417024  sps 5428  opp frzn  loss -0.017  pg -0.0090  v 0.007  adv_std 0.126  tR +0.77  ent[s/d/p/e] 0.57/1.76/1.62/0.25  emits 2.19  clip 0.12  kl +0.007
upd 2711  steps 44433408  sps 5428  opp rand  loss -0.018  pg -0.0100  v 0.007  adv_std 0.119  tR +0.62  ent[s/d/p/e] 0.59/1.83/1.63/0.24  emits 2.56  clip 0.14  kl +0.010
upd 2712  steps 44449792  sps 5428  opp rand  loss -0.018  pg -0.0094  v 0.006  adv_std 0.110  tR +0.72  ent[s/d/p/e] 0.69/1.84/1.65/0.29  emits 2.48  clip 0.12  kl +0.007
upd 2713  steps 44466176  sps 5429  opp frzn  loss -0.017  pg -0.0084  v 0.005  adv_std 0.107  tR +0.72  ent[s/d/p/e] 0.61/1.76/1.59/0.26  emits 2.26  clip 0.12  kl +0.007
upd 2714  steps 44482560  sps 5429  opp frzn  loss -0.015  pg -0.0079  v 0.008  adv_std 0.133  tR +0.75  ent[s/d/p/e] 0.56/1.74/1.62/0.27  emits 2.18  clip 0.13  kl +0.008
upd 2715  steps 44498944  sps 5429  opp rand  loss -0.017  pg -0.0088  v 0.008  adv_std 0.135  tR +0.65  ent[s/d/p/e] 0.62/1.80/1.64/0.28  emits 2.35  clip 0.15  kl +0.009
upd 2716  steps 44515328  sps 5430  opp rand  loss -0.016  pg -0.0082  v 0.006  adv_std 0.110  tR +0.66  ent[s/d/p/e] 0.63/1.84/1.64/0.26  emits 2.53  clip 0.15  kl +0.008
upd 2717  steps 44531712  sps 5430  opp rand  loss -0.016  pg -0.0079  v 0.007  adv_std 0.126  tR +0.67  ent[s/d/p/e] 0.61/1.81/1.64/0.28  emits 2.35  clip 0.16  kl +0.008
upd 2718  steps 44548096  sps 5430  opp rand  loss -0.017  pg -0.0089  v 0.007  adv_std 0.120  tR +0.71  ent[s/d/p/e] 0.61/1.86/1.66/0.28  emits 2.48  clip 0.14  kl +0.008
upd 2719  steps 44564480  sps 5431  opp rand  loss -0.016  pg -0.0084  v 0.009  adv_std 0.140  tR +0.61  ent[s/d/p/e] 0.61/1.86/1.64/0.26  emits 2.58  clip 0.14  kl +0.009
upd 2720  steps 44580864  sps 5431  opp rand  loss -0.015  pg -0.0077  v 0.009  adv_std 0.138  tR +0.71  ent[s/d/p/e] 0.66/1.85/1.64/0.26  emits 2.58  clip 0.14  kl +0.006
upd 2721  steps 44597248  sps 5431  opp rand  loss -0.016  pg -0.0088  v 0.009  adv_std 0.137  tR +0.62  ent[s/d/p/e] 0.60/1.90/1.62/0.25  emits 2.59  clip 0.13  kl +0.008
upd 2722  steps 44613632  sps 5431  opp rand  loss -0.015  pg -0.0070  v 0.006  adv_std 0.113  tR +0.70  ent[s/d/p/e] 0.62/1.80/1.65/0.31  emits 2.27  clip 0.14  kl +0.008
upd 2723  steps 44630016  sps 5432  opp rand  loss -0.018  pg -0.0096  v 0.006  adv_std 0.109  tR +0.77  ent[s/d/p/e] 0.65/1.79/1.63/0.29  emits 2.29  clip 0.13  kl +0.007
upd 2724  steps 44646400  sps 5432  opp frzn  loss -0.014  pg -0.0065  v 0.007  adv_std 0.124  tR +0.69  ent[s/d/p/e] 0.62/1.81/1.62/0.27  emits 2.30  clip 0.12  kl +0.006 WRr 0.84 WRf 1.00
upd 2725  steps 44662784  sps 5426  opp frzn  loss -0.017  pg -0.0092  v 0.006  adv_std 0.118  tR +0.68  ent[s/d/p/e] 0.58/1.72/1.61/0.30  emits 2.03  clip 0.14  kl +0.007
upd 2726  steps 44679168  sps 5426  opp rand  loss -0.016  pg -0.0078  v 0.008  adv_std 0.130  tR +0.78  ent[s/d/p/e] 0.57/1.80/1.65/0.27  emits 2.42  clip 0.13  kl +0.008
upd 2727  steps 44695552  sps 5427  opp rand  loss -0.015  pg -0.0070  v 0.006  adv_std 0.112  tR +0.70  ent[s/d/p/e] 0.59/1.84/1.62/0.25  emits 2.51  clip 0.14  kl +0.009
upd 2728  steps 44711936  sps 5427  opp frzn  loss -0.017  pg -0.0086  v 0.007  adv_std 0.121  tR +0.69  ent[s/d/p/e] 0.60/1.85/1.63/0.26  emits 2.33  clip 0.14  kl +0.008
upd 2729  steps 44728320  sps 5427  opp frzn  loss -0.014  pg -0.0063  v 0.007  adv_std 0.120  tR +0.75  ent[s/d/p/e] 0.53/1.77/1.63/0.27  emits 2.16  clip 0.14  kl +0.009
upd 2730  steps 44744704  sps 5428  opp rand  loss -0.017  pg -0.0093  v 0.007  adv_std 0.125  tR +0.68  ent[s/d/p/e] 0.66/1.84/1.64/0.25  emits 2.54  clip 0.15  kl +0.010
upd 2731  steps 44761088  sps 5428  opp frzn  loss -0.016  pg -0.0085  v 0.006  adv_std 0.115  tR +0.66  ent[s/d/p/e] 0.56/1.80/1.62/0.26  emits 2.25  clip 0.12  kl +0.007
upd 2732  steps 44777472  sps 5428  opp frzn  loss -0.017  pg -0.0088  v 0.007  adv_std 0.122  tR +0.72  ent[s/d/p/e] 0.60/1.80/1.63/0.26  emits 2.19  clip 0.13  kl +0.006
upd 2733  steps 44793856  sps 5428  opp rand  loss -0.014  pg -0.0068  v 0.007  adv_std 0.124  tR +0.71  ent[s/d/p/e] 0.50/1.79/1.63/0.27  emits 2.40  clip 0.14  kl +0.008
upd 2734  steps 44810240  sps 5429  opp rand  loss -0.016  pg -0.0085  v 0.008  adv_std 0.130  tR +0.62  ent[s/d/p/e] 0.58/1.86/1.63/0.25  emits 2.70  clip 0.14  kl +0.008
upd 2735  steps 44826624  sps 5429  opp rand  loss -0.016  pg -0.0079  v 0.006  adv_std 0.114  tR +0.71  ent[s/d/p/e] 0.61/1.82/1.64/0.28  emits 2.40  clip 0.13  kl +0.009
upd 2736  steps 44843008  sps 5429  opp frzn  loss -0.015  pg -0.0074  v 0.007  adv_std 0.121  tR +0.77  ent[s/d/p/e] 0.62/1.78/1.64/0.27  emits 2.38  clip 0.13  kl +0.007
upd 2737  steps 44859392  sps 5430  opp rand  loss -0.017  pg -0.0091  v 0.008  adv_std 0.132  tR +0.72  ent[s/d/p/e] 0.66/1.77/1.65/0.31  emits 2.32  clip 0.13  kl +0.007
upd 2738  steps 44875776  sps 5430  opp rand  loss -0.016  pg -0.0081  v 0.006  adv_std 0.110  tR +0.70  ent[s/d/p/e] 0.62/1.82/1.63/0.29  emits 2.41  clip 0.14  kl +0.007
upd 2739  steps 44892160  sps 5430  opp rand  loss -0.016  pg -0.0087  v 0.009  adv_std 0.140  tR +0.69  ent[s/d/p/e] 0.62/1.82/1.63/0.27  emits 2.43  clip 0.12  kl +0.007
upd 2740  steps 44908544  sps 5430  opp rand  loss -0.017  pg -0.0089  v 0.008  adv_std 0.131  tR +0.65  ent[s/d/p/e] 0.59/1.84/1.65/0.26  emits 2.58  clip 0.14  kl +0.009
upd 2741  steps 44924928  sps 5431  opp rand  loss -0.018  pg -0.0102  v 0.007  adv_std 0.124  tR +0.65  ent[s/d/p/e] 0.59/1.84/1.64/0.27  emits 2.49  clip 0.13  kl +0.007
upd 2742  steps 44941312  sps 5431  opp frzn  loss -0.015  pg -0.0068  v 0.005  adv_std 0.108  tR +0.81  ent[s/d/p/e] 0.59/1.77/1.64/0.31  emits 2.15  clip 0.13  kl +0.006
upd 2743  steps 44957696  sps 5431  opp rand  loss -0.016  pg -0.0083  v 0.008  adv_std 0.127  tR +0.67  ent[s/d/p/e] 0.57/1.77/1.65/0.29  emits 2.34  clip 0.13  kl +0.007
upd 2744  steps 44974080  sps 5432  opp frzn  loss -0.017  pg -0.0085  v 0.005  adv_std 0.101  tR +0.67  ent[s/d/p/e] 0.56/1.76/1.65/0.30  emits 2.30  clip 0.14  kl +0.008
upd 2745  steps 44990464  sps 5432  opp frzn  loss -0.017  pg -0.0095  v 0.009  adv_std 0.137  tR +0.71  ent[s/d/p/e] 0.51/1.80/1.62/0.28  emits 2.37  clip 0.13  kl +0.008
upd 2746  steps 45006848  sps 5432  opp rand  loss -0.018  pg -0.0095  v 0.006  adv_std 0.116  tR +0.70  ent[s/d/p/e] 0.64/1.80/1.65/0.30  emits 2.47  clip 0.12  kl +0.006
upd 2747  steps 45023232  sps 5432  opp frzn  loss -0.016  pg -0.0074  v 0.007  adv_std 0.119  tR +0.68  ent[s/d/p/e] 0.60/1.83/1.64/0.29  emits 2.33  clip 0.15  kl +0.009
upd 2748  steps 45039616  sps 5433  opp frzn  loss -0.017  pg -0.0088  v 0.006  adv_std 0.118  tR +0.73  ent[s/d/p/e] 0.58/1.78/1.64/0.30  emits 2.20  clip 0.13  kl +0.007
upd 2749  steps 45056000  sps 5433  opp frzn  loss -0.017  pg -0.0081  v 0.003  adv_std 0.083  tR +0.78  ent[s/d/p/e] 0.56/1.83/1.63/0.27  emits 2.31  clip 0.12  kl +0.006 WRr 0.88 WRf 0.97
upd 2750  steps 45072384  sps 5427  opp rand  loss -0.016  pg -0.0077  v 0.005  adv_std 0.109  tR +0.66  ent[s/d/p/e] 0.53/1.77/1.65/0.29  emits 2.33  clip 0.14  kl +0.006
upd 2751  steps 45088768  sps 5427  opp rand  loss -0.014  pg -0.0066  v 0.008  adv_std 0.130  tR +0.78  ent[s/d/p/e] 0.60/1.82/1.64/0.30  emits 2.37  clip 0.13  kl +0.006
upd 2752  steps 45105152  sps 5428  opp frzn  loss -0.017  pg -0.0088  v 0.004  adv_std 0.100  tR +0.71  ent[s/d/p/e] 0.55/1.77/1.63/0.30  emits 2.26  clip 0.13  kl +0.005
upd 2753  steps 45121536  sps 5428  opp frzn  loss -0.016  pg -0.0082  v 0.005  adv_std 0.110  tR +0.70  ent[s/d/p/e] 0.58/1.81/1.63/0.30  emits 2.32  clip 0.15  kl +0.009
upd 2754  steps 45137920  sps 5428  opp frzn  loss -0.016  pg -0.0075  v 0.004  adv_std 0.093  tR +0.82  ent[s/d/p/e] 0.57/1.71/1.63/0.33  emits 2.08  clip 0.11  kl +0.008
upd 2755  steps 45154304  sps 5428  opp frzn  loss -0.016  pg -0.0085  v 0.007  adv_std 0.122  tR +0.72  ent[s/d/p/e] 0.56/1.80/1.61/0.31  emits 2.08  clip 0.13  kl +0.008
upd 2756  steps 45170688  sps 5429  opp frzn  loss -0.016  pg -0.0076  v 0.006  adv_std 0.111  tR +0.75  ent[s/d/p/e] 0.58/1.74/1.63/0.35  emits 2.01  clip 0.13  kl +0.006
upd 2757  steps 45187072  sps 5429  opp frzn  loss -0.017  pg -0.0086  v 0.004  adv_std 0.095  tR +0.73  ent[s/d/p/e] 0.65/1.78/1.63/0.32  emits 2.05  clip 0.13  kl +0.009
upd 2758  steps 45203456  sps 5429  opp frzn  loss -0.016  pg -0.0072  v 0.004  adv_std 0.098  tR +0.79  ent[s/d/p/e] 0.58/1.73/1.63/0.30  emits 2.10  clip 0.12  kl +0.007
upd 2759  steps 45219840  sps 5429  opp rand  loss -0.015  pg -0.0075  v 0.008  adv_std 0.135  tR +0.68  ent[s/d/p/e] 0.60/1.77/1.62/0.32  emits 2.25  clip 0.15  kl +0.010
upd 2760  steps 45236224  sps 5430  opp frzn  loss -0.015  pg -0.0067  v 0.005  adv_std 0.099  tR +0.73  ent[s/d/p/e] 0.62/1.78/1.62/0.33  emits 2.13  clip 0.12  kl +0.006
upd 2761  steps 45252608  sps 5430  opp frzn  loss -0.016  pg -0.0077  v 0.006  adv_std 0.114  tR +0.74  ent[s/d/p/e] 0.57/1.74/1.60/0.30  emits 2.16  clip 0.14  kl +0.008
upd 2762  steps 45268992  sps 5430  opp frzn  loss -0.015  pg -0.0068  v 0.004  adv_std 0.098  tR +0.81  ent[s/d/p/e] 0.60/1.71/1.62/0.33  emits 1.97  clip 0.11  kl +0.004
upd 2763  steps 45285376  sps 5430  opp frzn  loss -0.016  pg -0.0086  v 0.006  adv_std 0.118  tR +0.68  ent[s/d/p/e] 0.56/1.77/1.61/0.31  emits 2.12  clip 0.14  kl +0.009
upd 2764  steps 45301760  sps 5430  opp frzn  loss -0.017  pg -0.0084  v 0.006  adv_std 0.113  tR +0.69  ent[s/d/p/e] 0.59/1.72/1.62/0.34  emits 2.01  clip 0.12  kl +0.006
upd 2765  steps 45318144  sps 5431  opp frzn  loss -0.016  pg -0.0079  v 0.007  adv_std 0.123  tR +0.75  ent[s/d/p/e] 0.55/1.80/1.62/0.32  emits 2.03  clip 0.12  kl +0.007
upd 2766  steps 45334528  sps 5431  opp rand  loss -0.017  pg -0.0086  v 0.007  adv_std 0.120  tR +0.69  ent[s/d/p/e] 0.57/1.79/1.61/0.30  emits 2.29  clip 0.12  kl +0.007
upd 2767  steps 45350912  sps 5431  opp frzn  loss -0.018  pg -0.0095  v 0.005  adv_std 0.107  tR +0.73  ent[s/d/p/e] 0.61/1.81/1.59/0.32  emits 2.21  clip 0.12  kl +0.006
upd 2768  steps 45367296  sps 5431  opp frzn  loss -0.016  pg -0.0076  v 0.006  adv_std 0.116  tR +0.74  ent[s/d/p/e] 0.56/1.80/1.58/0.32  emits 2.18  clip 0.13  kl +0.006
upd 2769  steps 45383680  sps 5432  opp rand  loss -0.014  pg -0.0070  v 0.009  adv_std 0.143  tR +0.56  ent[s/d/p/e] 0.57/1.84/1.62/0.31  emits 2.41  clip 0.13  kl +0.007
upd 2770  steps 45400064  sps 5432  opp frzn  loss -0.016  pg -0.0074  v 0.005  adv_std 0.105  tR +0.78  ent[s/d/p/e] 0.60/1.80/1.61/0.33  emits 2.20  clip 0.12  kl +0.007
upd 2771  steps 45416448  sps 5432  opp rand  loss -0.017  pg -0.0088  v 0.005  adv_std 0.107  tR +0.73  ent[s/d/p/e] 0.59/1.78/1.63/0.33  emits 2.19  clip 0.12  kl +0.005
upd 2772  steps 45432832  sps 5433  opp rand  loss -0.017  pg -0.0096  v 0.008  adv_std 0.128  tR +0.60  ent[s/d/p/e] 0.60/1.84/1.61/0.31  emits 2.37  clip 0.14  kl +0.009
upd 2773  steps 45449216  sps 5433  opp frzn  loss -0.017  pg -0.0083  v 0.005  adv_std 0.101  tR +0.67  ent[s/d/p/e] 0.61/1.83/1.58/0.31  emits 2.21  clip 0.14  kl +0.007
upd 2774  steps 45465600  sps 5433  opp frzn  loss -0.016  pg -0.0073  v 0.006  adv_std 0.115  tR +0.82  ent[s/d/p/e] 0.64/1.81/1.61/0.35  emits 2.05  clip 0.12  kl +0.007 WRr 0.84 WRf 0.84
upd 2775  steps 45481984  sps 5427  opp frzn  loss -0.016  pg -0.0075  v 0.004  adv_std 0.091  tR +0.84  ent[s/d/p/e] 0.62/1.81/1.59/0.33  emits 2.12  clip 0.13  kl +0.009
upd 2776  steps 45498368  sps 5428  opp frzn  loss -0.017  pg -0.0089  v 0.006  adv_std 0.118  tR +0.71  ent[s/d/p/e] 0.57/1.79/1.60/0.33  emits 2.16  clip 0.13  kl +0.008
upd 2777  steps 45514752  sps 5428  opp frzn  loss -0.016  pg -0.0072  v 0.005  adv_std 0.103  tR +0.82  ent[s/d/p/e] 0.60/1.80/1.60/0.33  emits 2.14  clip 0.13  kl +0.007
upd 2778  steps 45531136  sps 5428  opp frzn  loss -0.017  pg -0.0082  v 0.004  adv_std 0.092  tR +0.83  ent[s/d/p/e] 0.62/1.82/1.59/0.33  emits 2.20  clip 0.13  kl +0.007
upd 2779  steps 45547520  sps 5428  opp rand  loss -0.015  pg -0.0071  v 0.007  adv_std 0.122  tR +0.76  ent[s/d/p/e] 0.60/1.86/1.61/0.30  emits 2.40  clip 0.14  kl +0.007
upd 2780  steps 45563904  sps 5429  opp frzn  loss -0.019  pg -0.0104  v 0.005  adv_std 0.110  tR +0.74  ent[s/d/p/e] 0.59/1.78/1.58/0.32  emits 2.14  clip 0.13  kl +0.009
upd 2781  steps 45580288  sps 5429  opp frzn  loss -0.017  pg -0.0087  v 0.006  adv_std 0.117  tR +0.69  ent[s/d/p/e] 0.60/1.72/1.60/0.33  emits 2.08  clip 0.12  kl +0.007
upd 2782  steps 45596672  sps 5429  opp rand  loss -0.016  pg -0.0083  v 0.009  adv_std 0.138  tR +0.68  ent[s/d/p/e] 0.63/1.82/1.61/0.31  emits 2.36  clip 0.13  kl +0.007
upd 2783  steps 45613056  sps 5429  opp frzn  loss -0.018  pg -0.0093  v 0.006  adv_std 0.112  tR +0.68  ent[s/d/p/e] 0.60/1.76/1.61/0.32  emits 2.14  clip 0.14  kl +0.010
upd 2784  steps 45629440  sps 5430  opp frzn  loss -0.017  pg -0.0086  v 0.005  adv_std 0.101  tR +0.78  ent[s/d/p/e] 0.59/1.74/1.60/0.34  emits 1.97  clip 0.13  kl +0.007
upd 2785  steps 45645824  sps 5430  opp frzn  loss -0.018  pg -0.0094  v 0.005  adv_std 0.101  tR +0.82  ent[s/d/p/e] 0.61/1.74/1.62/0.36  emits 2.02  clip 0.12  kl +0.007
upd 2786  steps 45662208  sps 5430  opp frzn  loss -0.017  pg -0.0084  v 0.006  adv_std 0.113  tR +0.76  ent[s/d/p/e] 0.64/1.75/1.58/0.35  emits 2.04  clip 0.13  kl +0.008
upd 2787  steps 45678592  sps 5430  opp rand  loss -0.016  pg -0.0076  v 0.006  adv_std 0.114  tR +0.79  ent[s/d/p/e] 0.58/1.81/1.62/0.30  emits 2.30  clip 0.12  kl +0.007
upd 2788  steps 45694976  sps 5431  opp frzn  loss -0.017  pg -0.0092  v 0.005  adv_std 0.108  tR +0.69  ent[s/d/p/e] 0.57/1.76/1.62/0.31  emits 2.24  clip 0.14  kl +0.010
upd 2789  steps 45711360  sps 5431  opp rand  loss -0.016  pg -0.0083  v 0.007  adv_std 0.119  tR +0.68  ent[s/d/p/e] 0.60/1.75/1.60/0.32  emits 2.15  clip 0.12  kl +0.008
upd 2790  steps 45727744  sps 5431  opp frzn  loss -0.018  pg -0.0093  v 0.004  adv_std 0.096  tR +0.79  ent[s/d/p/e] 0.62/1.72/1.62/0.35  emits 1.99  clip 0.12  kl +0.006
upd 2791  steps 45744128  sps 5431  opp frzn  loss -0.015  pg -0.0069  v 0.004  adv_std 0.094  tR +0.77  ent[s/d/p/e] 0.63/1.74/1.61/0.32  emits 2.15  clip 0.13  kl +0.009
upd 2792  steps 45760512  sps 5432  opp rand  loss -0.016  pg -0.0081  v 0.008  adv_std 0.134  tR +0.68  ent[s/d/p/e] 0.58/1.83/1.61/0.29  emits 2.35  clip 0.13  kl +0.008
upd 2793  steps 45776896  sps 5432  opp frzn  loss -0.016  pg -0.0082  v 0.006  adv_std 0.117  tR +0.70  ent[s/d/p/e] 0.61/1.77/1.62/0.31  emits 2.01  clip 0.11  kl +0.006
upd 2794  steps 45793280  sps 5432  opp rand  loss -0.017  pg -0.0086  v 0.006  adv_std 0.115  tR +0.84  ent[s/d/p/e] 0.61/1.74/1.64/0.33  emits 2.06  clip 0.12  kl +0.006
upd 2795  steps 45809664  sps 5432  opp rand  loss -0.016  pg -0.0079  v 0.007  adv_std 0.120  tR +0.68  ent[s/d/p/e] 0.63/1.74/1.63/0.32  emits 2.17  clip 0.13  kl +0.008
upd 2796  steps 45826048  sps 5433  opp frzn  loss -0.014  pg -0.0062  v 0.006  adv_std 0.108  tR +0.76  ent[s/d/p/e] 0.61/1.75/1.60/0.32  emits 1.98  clip 0.12  kl +0.010
upd 2797  steps 45842432  sps 5433  opp rand  loss -0.017  pg -0.0088  v 0.006  adv_std 0.112  tR +0.68  ent[s/d/p/e] 0.56/1.77/1.60/0.29  emits 2.20  clip 0.12  kl +0.007
upd 2798  steps 45858816  sps 5433  opp frzn  loss -0.016  pg -0.0073  v 0.004  adv_std 0.098  tR +0.82  ent[s/d/p/e] 0.60/1.75/1.63/0.33  emits 2.01  clip 0.12  kl +0.007
upd 2799  steps 45875200  sps 5433  opp frzn  loss -0.017  pg -0.0082  v 0.004  adv_std 0.094  tR +0.80  ent[s/d/p/e] 0.59/1.71/1.61/0.35  emits 1.81  clip 0.12  kl +0.009 WRr 0.84 WRf 0.75
upd 2800  steps 45891584  sps 5428  opp frzn  loss -0.016  pg -0.0077  v 0.005  adv_std 0.105  tR +0.75  ent[s/d/p/e] 0.56/1.75/1.63/0.34  emits 1.96  clip 0.12  kl +0.008
upd 2801  steps 45907968  sps 5428  opp rand  loss -0.016  pg -0.0080  v 0.005  adv_std 0.103  tR +0.80  ent[s/d/p/e] 0.58/1.76/1.61/0.32  emits 2.02  clip 0.13  kl +0.007
upd 2802  steps 45924352  sps 5428  opp rand  loss -0.016  pg -0.0077  v 0.006  adv_std 0.113  tR +0.81  ent[s/d/p/e] 0.60/1.76/1.62/0.34  emits 2.06  clip 0.13  kl +0.007
upd 2803  steps 45940736  sps 5429  opp frzn  loss -0.017  pg -0.0087  v 0.006  adv_std 0.117  tR +0.78  ent[s/d/p/e] 0.60/1.74/1.62/0.32  emits 1.94  clip 0.12  kl +0.007
upd 2804  steps 45957120  sps 5429  opp frzn  loss -0.015  pg -0.0070  v 0.005  adv_std 0.106  tR +0.76  ent[s/d/p/e] 0.58/1.74/1.62/0.33  emits 1.88  clip 0.11  kl +0.007
upd 2805  steps 45973504  sps 5429  opp rand  loss -0.016  pg -0.0078  v 0.004  adv_std 0.098  tR +0.72  ent[s/d/p/e] 0.52/1.77/1.62/0.34  emits 2.08  clip 0.13  kl +0.009
upd 2806  steps 45989888  sps 5429  opp rand  loss -0.016  pg -0.0083  v 0.006  adv_std 0.116  tR +0.69  ent[s/d/p/e] 0.63/1.78/1.59/0.33  emits 1.98  clip 0.13  kl +0.007
upd 2807  steps 46006272  sps 5430  opp frzn  loss -0.016  pg -0.0080  v 0.006  adv_std 0.114  tR +0.75  ent[s/d/p/e] 0.58/1.78/1.61/0.33  emits 1.94  clip 0.11  kl +0.007
upd 2808  steps 46022656  sps 5430  opp rand  loss -0.017  pg -0.0091  v 0.008  adv_std 0.135  tR +0.73  ent[s/d/p/e] 0.58/1.79/1.62/0.31  emits 2.05  clip 0.12  kl +0.006
upd 2809  steps 46039040  sps 5430  opp frzn  loss -0.016  pg -0.0080  v 0.006  adv_std 0.111  tR +0.75  ent[s/d/p/e] 0.62/1.79/1.63/0.33  emits 1.94  clip 0.11  kl +0.007
upd 2810  steps 46055424  sps 5430  opp frzn  loss -0.015  pg -0.0061  v 0.004  adv_std 0.093  tR +0.84  ent[s/d/p/e] 0.61/1.74/1.65/0.34  emits 1.84  clip 0.12  kl +0.007
upd 2811  steps 46071808  sps 5431  opp rand  loss -0.017  pg -0.0082  v 0.005  adv_std 0.102  tR +0.86  ent[s/d/p/e] 0.62/1.80/1.62/0.34  emits 1.96  clip 0.11  kl +0.005
upd 2812  steps 46088192  sps 5431  opp frzn  loss -0.018  pg -0.0097  v 0.005  adv_std 0.106  tR +0.72  ent[s/d/p/e] 0.59/1.78/1.62/0.32  emits 1.98  clip 0.13  kl +0.010
upd 2813  steps 46104576  sps 5431  opp frzn  loss -0.017  pg -0.0082  v 0.005  adv_std 0.102  tR +0.72  ent[s/d/p/e] 0.57/1.76/1.62/0.35  emits 1.86  clip 0.11  kl +0.009
upd 2814  steps 46120960  sps 5432  opp rand  loss -0.016  pg -0.0080  v 0.006  adv_std 0.115  tR +0.81  ent[s/d/p/e] 0.57/1.85/1.61/0.30  emits 2.06  clip 0.14  kl +0.008
upd 2815  steps 46137344  sps 5432  opp frzn  loss -0.017  pg -0.0091  v 0.005  adv_std 0.110  tR +0.81  ent[s/d/p/e] 0.53/1.77/1.63/0.33  emits 1.97  clip 0.11  kl +0.006
upd 2816  steps 46153728  sps 5432  opp frzn  loss -0.016  pg -0.0080  v 0.006  adv_std 0.115  tR +0.78  ent[s/d/p/e] 0.56/1.76/1.63/0.33  emits 1.89  clip 0.12  kl +0.006
upd 2817  steps 46170112  sps 5432  opp rand  loss -0.017  pg -0.0083  v 0.005  adv_std 0.107  tR +0.72  ent[s/d/p/e] 0.60/1.77/1.64/0.34  emits 2.00  clip 0.12  kl +0.006
upd 2818  steps 46186496  sps 5432  opp frzn  loss -0.016  pg -0.0073  v 0.005  adv_std 0.104  tR +0.74  ent[s/d/p/e] 0.58/1.72/1.62/0.35  emits 1.84  clip 0.10  kl +0.006
upd 2819  steps 46202880  sps 5433  opp rand  loss -0.018  pg -0.0091  v 0.004  adv_std 0.092  tR +0.77  ent[s/d/p/e] 0.57/1.77/1.65/0.33  emits 2.06  clip 0.13  kl +0.007
upd 2820  steps 46219264  sps 5433  opp frzn  loss -0.018  pg -0.0096  v 0.006  adv_std 0.114  tR +0.77  ent[s/d/p/e] 0.55/1.74/1.64/0.33  emits 1.99  clip 0.12  kl +0.007
upd 2821  steps 46235648  sps 5433  opp rand  loss -0.015  pg -0.0068  v 0.004  adv_std 0.097  tR +0.74  ent[s/d/p/e] 0.58/1.77/1.65/0.35  emits 2.03  clip 0.15  kl +0.009
upd 2822  steps 46252032  sps 5434  opp frzn  loss -0.014  pg -0.0063  v 0.008  adv_std 0.128  tR +0.75  ent[s/d/p/e] 0.56/1.75/1.64/0.33  emits 1.93  clip 0.13  kl +0.007
upd 2823  steps 46268416  sps 5434  opp frzn  loss -0.015  pg -0.0068  v 0.006  adv_std 0.111  tR +0.75  ent[s/d/p/e] 0.57/1.72/1.64/0.36  emits 1.81  clip 0.11  kl +0.007
upd 2824  steps 46284800  sps 5434  opp frzn  loss -0.017  pg -0.0086  v 0.006  adv_std 0.111  tR +0.72  ent[s/d/p/e] 0.51/1.79/1.62/0.34  emits 1.94  clip 0.12  kl +0.006 WRr 0.81 WRf 0.97
upd 2825  steps 46301184  sps 5428  opp rand  loss -0.017  pg -0.0093  v 0.007  adv_std 0.120  tR +0.71  ent[s/d/p/e] 0.56/1.83/1.65/0.32  emits 2.11  clip 0.14  kl +0.009
upd 2826  steps 46317568  sps 5429  opp rand  loss -0.017  pg -0.0086  v 0.005  adv_std 0.106  tR +0.77  ent[s/d/p/e] 0.57/1.79/1.62/0.32  emits 2.10  clip 0.13  kl +0.007
upd 2827  steps 46333952  sps 5429  opp rand  loss -0.015  pg -0.0076  v 0.008  adv_std 0.133  tR +0.71  ent[s/d/p/e] 0.57/1.77/1.62/0.32  emits 2.06  clip 0.14  kl +0.007
upd 2828  steps 46350336  sps 5429  opp rand  loss -0.017  pg -0.0087  v 0.007  adv_std 0.127  tR +0.65  ent[s/d/p/e] 0.57/1.77/1.63/0.30  emits 2.20  clip 0.14  kl +0.010
upd 2829  steps 46366720  sps 5430  opp frzn  loss -0.016  pg -0.0073  v 0.005  adv_std 0.098  tR +0.79  ent[s/d/p/e] 0.60/1.76/1.62/0.33  emits 1.88  clip 0.11  kl +0.007
upd 2830  steps 46383104  sps 5430  opp frzn  loss -0.016  pg -0.0071  v 0.005  adv_std 0.104  tR +0.84  ent[s/d/p/e] 0.59/1.67/1.63/0.35  emits 1.78  clip 0.11  kl +0.006
upd 2831  steps 46399488  sps 5430  opp rand  loss -0.015  pg -0.0071  v 0.006  adv_std 0.112  tR +0.80  ent[s/d/p/e] 0.57/1.72/1.64/0.34  emits 1.96  clip 0.12  kl +0.005
upd 2832  steps 46415872  sps 5430  opp rand  loss -0.014  pg -0.0064  v 0.007  adv_std 0.125  tR +0.72  ent[s/d/p/e] 0.56/1.75/1.62/0.31  emits 2.05  clip 0.11  kl +0.007
upd 2833  steps 46432256  sps 5431  opp rand  loss -0.017  pg -0.0092  v 0.007  adv_std 0.126  tR +0.74  ent[s/d/p/e] 0.64/1.72/1.64/0.34  emits 1.99  clip 0.10  kl +0.006
upd 2834  steps 46448640  sps 5431  opp rand  loss -0.017  pg -0.0089  v 0.007  adv_std 0.119  tR +0.73  ent[s/d/p/e] 0.61/1.76/1.63/0.31  emits 2.06  clip 0.12  kl +0.008
upd 2835  steps 46465024  sps 5431  opp frzn  loss -0.016  pg -0.0085  v 0.007  adv_std 0.121  tR +0.73  ent[s/d/p/e] 0.57/1.64/1.62/0.36  emits 1.80  clip 0.11  kl +0.007
upd 2836  steps 46481408  sps 5431  opp frzn  loss -0.016  pg -0.0074  v 0.006  adv_std 0.113  tR +0.78  ent[s/d/p/e] 0.57/1.67/1.62/0.36  emits 1.85  clip 0.11  kl +0.006
upd 2837  steps 46497792  sps 5432  opp rand  loss -0.017  pg -0.0086  v 0.004  adv_std 0.096  tR +0.76  ent[s/d/p/e] 0.57/1.74/1.65/0.34  emits 1.96  clip 0.11  kl +0.005
upd 2838  steps 46514176  sps 5432  opp frzn  loss -0.017  pg -0.0085  v 0.007  adv_std 0.121  tR +0.76  ent[s/d/p/e] 0.57/1.70/1.63/0.35  emits 1.93  clip 0.12  kl +0.007
upd 2839  steps 46530560  sps 5432  opp frzn  loss -0.014  pg -0.0062  v 0.007  adv_std 0.119  tR +0.74  ent[s/d/p/e] 0.56/1.67/1.64/0.35  emits 1.86  clip 0.11  kl +0.005
upd 2840  steps 46546944  sps 5432  opp frzn  loss -0.016  pg -0.0085  v 0.006  adv_std 0.115  tR +0.64  ent[s/d/p/e] 0.52/1.68/1.63/0.34  emits 1.93  clip 0.13  kl +0.008
upd 2841  steps 46563328  sps 5433  opp rand  loss -0.017  pg -0.0087  v 0.007  adv_std 0.121  tR +0.67  ent[s/d/p/e] 0.59/1.72/1.64/0.33  emits 2.03  clip 0.14  kl +0.008
upd 2842  steps 46579712  sps 5433  opp rand  loss -0.016  pg -0.0079  v 0.007  adv_std 0.120  tR +0.73  ent[s/d/p/e] 0.62/1.69/1.64/0.35  emits 2.04  clip 0.12  kl +0.007
upd 2843  steps 46596096  sps 5433  opp rand  loss -0.015  pg -0.0079  v 0.009  adv_std 0.140  tR +0.67  ent[s/d/p/e] 0.56/1.70/1.61/0.34  emits 2.09  clip 0.12  kl +0.006
upd 2844  steps 46612480  sps 5434  opp rand  loss -0.016  pg -0.0077  v 0.006  adv_std 0.114  tR +0.72  ent[s/d/p/e] 0.60/1.72/1.63/0.34  emits 2.01  clip 0.11  kl +0.007
upd 2845  steps 46628864  sps 5434  opp frzn  loss -0.017  pg -0.0086  v 0.006  adv_std 0.115  tR +0.77  ent[s/d/p/e] 0.61/1.64/1.66/0.38  emits 1.95  clip 0.11  kl +0.006
upd 2846  steps 46645248  sps 5434  opp frzn  loss -0.016  pg -0.0077  v 0.004  adv_std 0.090  tR +0.82  ent[s/d/p/e] 0.57/1.64/1.63/0.40  emits 1.84  clip 0.11  kl +0.006
upd 2847  steps 46661632  sps 5434  opp frzn  loss -0.015  pg -0.0063  v 0.004  adv_std 0.091  tR +0.75  ent[s/d/p/e] 0.59/1.62/1.63/0.38  emits 1.94  clip 0.12  kl +0.007
upd 2848  steps 46678016  sps 5435  opp rand  loss -0.016  pg -0.0079  v 0.005  adv_std 0.106  tR +0.75  ent[s/d/p/e] 0.57/1.66/1.61/0.37  emits 1.97  clip 0.11  kl +0.005
upd 2849  steps 46694400  sps 5435  opp frzn  loss -0.017  pg -0.0090  v 0.007  adv_std 0.123  tR +0.71  ent[s/d/p/e] 0.59/1.66/1.63/0.38  emits 2.00  clip 0.12  kl +0.009 WRr 0.94 WRf 0.88
upd 2850  steps 46710784  sps 5429  opp rand  loss -0.017  pg -0.0082  v 0.005  adv_std 0.106  tR +0.79  ent[s/d/p/e] 0.60/1.66/1.64/0.39  emits 1.98  clip 0.11  kl +0.006
upd 2851  steps 46727168  sps 5430  opp frzn  loss -0.016  pg -0.0071  v 0.005  adv_std 0.098  tR +0.75  ent[s/d/p/e] 0.61/1.58/1.65/0.41  emits 1.81  clip 0.12  kl +0.008
upd 2852  steps 46743552  sps 5430  opp rand  loss -0.017  pg -0.0083  v 0.006  adv_std 0.111  tR +0.84  ent[s/d/p/e] 0.61/1.70/1.65/0.37  emits 2.08  clip 0.12  kl +0.007
upd 2853  steps 46759936  sps 5430  opp rand  loss -0.018  pg -0.0091  v 0.005  adv_std 0.106  tR +0.72  ent[s/d/p/e] 0.59/1.68/1.65/0.37  emits 2.06  clip 0.11  kl +0.006
upd 2854  steps 46776320  sps 5431  opp rand  loss -0.016  pg -0.0082  v 0.007  adv_std 0.128  tR +0.65  ent[s/d/p/e] 0.58/1.69/1.62/0.35  emits 2.11  clip 0.13  kl +0.006
upd 2855  steps 46792704  sps 5431  opp rand  loss -0.016  pg -0.0083  v 0.009  adv_std 0.136  tR +0.66  ent[s/d/p/e] 0.59/1.66/1.63/0.36  emits 2.14  clip 0.13  kl +0.007
upd 2856  steps 46809088  sps 5431  opp rand  loss -0.015  pg -0.0075  v 0.008  adv_std 0.132  tR +0.69  ent[s/d/p/e] 0.56/1.68/1.64/0.35  emits 2.12  clip 0.13  kl +0.006
upd 2857  steps 46825472  sps 5431  opp frzn  loss -0.017  pg -0.0085  v 0.006  adv_std 0.110  tR +0.81  ent[s/d/p/e] 0.64/1.65/1.66/0.39  emits 1.95  clip 0.12  kl +0.007
upd 2858  steps 46841856  sps 5432  opp frzn  loss -0.016  pg -0.0075  v 0.007  adv_std 0.127  tR +0.73  ent[s/d/p/e] 0.57/1.65/1.65/0.40  emits 1.87  clip 0.13  kl +0.007
upd 2859  steps 46858240  sps 5432  opp rand  loss -0.015  pg -0.0071  v 0.006  adv_std 0.117  tR +0.68  ent[s/d/p/e] 0.60/1.69/1.64/0.35  emits 2.14  clip 0.12  kl +0.010
upd 2860  steps 46874624  sps 5432  opp rand  loss -0.018  pg -0.0091  v 0.005  adv_std 0.105  tR +0.80  ent[s/d/p/e] 0.62/1.67/1.64/0.38  emits 2.00  clip 0.12  kl +0.006
upd 2861  steps 46891008  sps 5432  opp frzn  loss -0.016  pg -0.0078  v 0.005  adv_std 0.106  tR +0.82  ent[s/d/p/e] 0.58/1.67/1.64/0.40  emits 1.90  clip 0.13  kl +0.007
upd 2862  steps 46907392  sps 5433  opp frzn  loss -0.016  pg -0.0081  v 0.006  adv_std 0.110  tR +0.74  ent[s/d/p/e] 0.61/1.65/1.63/0.38  emits 1.96  clip 0.12  kl +0.006
upd 2863  steps 46923776  sps 5433  opp frzn  loss -0.018  pg -0.0093  v 0.006  adv_std 0.109  tR +0.73  ent[s/d/p/e] 0.57/1.65/1.64/0.39  emits 1.89  clip 0.12  kl +0.005
upd 2864  steps 46940160  sps 5433  opp rand  loss -0.016  pg -0.0079  v 0.005  adv_std 0.104  tR +0.74  ent[s/d/p/e] 0.58/1.66/1.64/0.37  emits 2.06  clip 0.13  kl +0.009
upd 2865  steps 46956544  sps 5433  opp frzn  loss -0.018  pg -0.0093  v 0.005  adv_std 0.108  tR +0.77  ent[s/d/p/e] 0.58/1.64/1.64/0.38  emits 1.93  clip 0.13  kl +0.008
upd 2866  steps 46972928  sps 5434  opp rand  loss -0.018  pg -0.0095  v 0.006  adv_std 0.115  tR +0.67  ent[s/d/p/e] 0.61/1.72/1.60/0.33  emits 2.21  clip 0.13  kl +0.006
upd 2867  steps 46989312  sps 5434  opp frzn  loss -0.016  pg -0.0079  v 0.006  adv_std 0.120  tR +0.73  ent[s/d/p/e] 0.61/1.72/1.61/0.35  emits 2.16  clip 0.13  kl +0.007
upd 2868  steps 47005696  sps 5434  opp frzn  loss -0.017  pg -0.0076  v 0.003  adv_std 0.078  tR +0.83  ent[s/d/p/e] 0.58/1.68/1.65/0.38  emits 2.02  clip 0.14  kl +0.008
upd 2869  steps 47022080  sps 5434  opp rand  loss -0.014  pg -0.0065  v 0.008  adv_std 0.130  tR +0.79  ent[s/d/p/e] 0.60/1.69/1.63/0.37  emits 2.04  clip 0.13  kl +0.008
upd 2870  steps 47038464  sps 5435  opp frzn  loss -0.015  pg -0.0067  v 0.007  adv_std 0.122  tR +0.76  ent[s/d/p/e] 0.54/1.67/1.63/0.34  emits 2.01  clip 0.11  kl +0.008
upd 2871  steps 47054848  sps 5435  opp frzn  loss -0.016  pg -0.0080  v 0.006  adv_std 0.117  tR +0.69  ent[s/d/p/e] 0.54/1.68/1.63/0.35  emits 2.03  clip 0.13  kl +0.009
upd 2872  steps 47071232  sps 5435  opp rand  loss -0.015  pg -0.0068  v 0.005  adv_std 0.101  tR +0.79  ent[s/d/p/e] 0.60/1.72/1.64/0.34  emits 2.15  clip 0.12  kl +0.004
upd 2873  steps 47087616  sps 5435  opp frzn  loss -0.016  pg -0.0076  v 0.005  adv_std 0.106  tR +0.72  ent[s/d/p/e] 0.54/1.67/1.64/0.36  emits 2.03  clip 0.13  kl +0.007
upd 2874  steps 47104000  sps 5436  opp rand  loss -0.017  pg -0.0087  v 0.007  adv_std 0.119  tR +0.70  ent[s/d/p/e] 0.55/1.70/1.61/0.35  emits 2.09  clip 0.12  kl +0.007 WRr 0.81 WRf 0.88
upd 2875  steps 47120384  sps 5430  opp rand  loss -0.014  pg -0.0061  v 0.007  adv_std 0.125  tR +0.72  ent[s/d/p/e] 0.55/1.69/1.65/0.36  emits 2.11  clip 0.12  kl +0.007
upd 2876  steps 47136768  sps 5430  opp frzn  loss -0.017  pg -0.0087  v 0.004  adv_std 0.099  tR +0.74  ent[s/d/p/e] 0.60/1.66/1.63/0.38  emits 1.95  clip 0.12  kl +0.007
upd 2877  steps 47153152  sps 5431  opp frzn  loss -0.015  pg -0.0064  v 0.005  adv_std 0.106  tR +0.79  ent[s/d/p/e] 0.59/1.69/1.63/0.37  emits 1.90  clip 0.12  kl +0.006
upd 2878  steps 47169536  sps 5431  opp frzn  loss -0.016  pg -0.0075  v 0.006  adv_std 0.119  tR +0.70  ent[s/d/p/e] 0.55/1.65/1.64/0.37  emits 1.94  clip 0.11  kl +0.007
upd 2879  steps 47185920  sps 5431  opp frzn  loss -0.017  pg -0.0089  v 0.006  adv_std 0.110  tR +0.77  ent[s/d/p/e] 0.59/1.69/1.62/0.35  emits 2.02  clip 0.13  kl +0.007
upd 2880  steps 47202304  sps 5431  opp frzn  loss -0.016  pg -0.0076  v 0.005  adv_std 0.106  tR +0.75  ent[s/d/p/e] 0.62/1.64/1.65/0.37  emits 1.95  clip 0.11  kl +0.005
upd 2881  steps 47218688  sps 5432  opp frzn  loss -0.016  pg -0.0080  v 0.006  adv_std 0.112  tR +0.74  ent[s/d/p/e] 0.59/1.63/1.65/0.37  emits 1.94  clip 0.12  kl +0.008
upd 2882  steps 47235072  sps 5432  opp rand  loss -0.015  pg -0.0072  v 0.006  adv_std 0.116  tR +0.83  ent[s/d/p/e] 0.56/1.66/1.64/0.36  emits 2.06  clip 0.11  kl +0.007
upd 2883  steps 47251456  sps 5432  opp frzn  loss -0.017  pg -0.0085  v 0.005  adv_std 0.101  tR +0.71  ent[s/d/p/e] 0.58/1.61/1.64/0.38  emits 1.97  clip 0.11  kl +0.006
upd 2884  steps 47267840  sps 5432  opp rand  loss -0.017  pg -0.0082  v 0.005  adv_std 0.109  tR +0.78  ent[s/d/p/e] 0.61/1.68/1.63/0.35  emits 2.15  clip 0.13  kl +0.006
upd 2885  steps 47284224  sps 5433  opp rand  loss -0.016  pg -0.0080  v 0.005  adv_std 0.105  tR +0.76  ent[s/d/p/e] 0.58/1.68/1.65/0.35  emits 2.18  clip 0.12  kl +0.004
upd 2886  steps 47300608  sps 5433  opp rand  loss -0.017  pg -0.0084  v 0.006  adv_std 0.112  tR +0.69  ent[s/d/p/e] 0.59/1.71/1.63/0.33  emits 2.21  clip 0.12  kl +0.008
upd 2887  steps 47316992  sps 5433  opp frzn  loss -0.016  pg -0.0076  v 0.004  adv_std 0.098  tR +0.76  ent[s/d/p/e] 0.63/1.62/1.64/0.39  emits 1.90  clip 0.12  kl +0.006
upd 2888  steps 47333376  sps 5433  opp rand  loss -0.016  pg -0.0083  v 0.007  adv_std 0.122  tR +0.64  ent[s/d/p/e] 0.58/1.70/1.64/0.34  emits 2.26  clip 0.12  kl +0.007
upd 2889  steps 47349760  sps 5434  opp frzn  loss -0.017  pg -0.0085  v 0.005  adv_std 0.109  tR +0.74  ent[s/d/p/e] 0.60/1.73/1.60/0.33  emits 2.13  clip 0.12  kl +0.006
upd 2890  steps 47366144  sps 5434  opp frzn  loss -0.016  pg -0.0078  v 0.006  adv_std 0.113  tR +0.70  ent[s/d/p/e] 0.59/1.66/1.63/0.35  emits 2.00  clip 0.14  kl +0.008
upd 2891  steps 47382528  sps 5434  opp rand  loss -0.017  pg -0.0095  v 0.007  adv_std 0.124  tR +0.71  ent[s/d/p/e] 0.57/1.70/1.61/0.33  emits 2.17  clip 0.14  kl +0.009
upd 2892  steps 47398912  sps 5434  opp rand  loss -0.018  pg -0.0100  v 0.007  adv_std 0.121  tR +0.75  ent[s/d/p/e] 0.59/1.69/1.63/0.36  emits 2.16  clip 0.12  kl +0.007
upd 2893  steps 47415296  sps 5435  opp rand  loss -0.016  pg -0.0083  v 0.006  adv_std 0.118  tR +0.72  ent[s/d/p/e] 0.60/1.68/1.62/0.37  emits 2.04  clip 0.12  kl +0.008
upd 2894  steps 47431680  sps 5435  opp frzn  loss -0.016  pg -0.0076  v 0.007  adv_std 0.119  tR +0.67  ent[s/d/p/e] 0.64/1.64/1.62/0.38  emits 1.88  clip 0.11  kl +0.007
upd 2895  steps 47448064  sps 5435  opp frzn  loss -0.016  pg -0.0072  v 0.005  adv_std 0.107  tR +0.70  ent[s/d/p/e] 0.63/1.67/1.61/0.35  emits 2.00  clip 0.11  kl +0.007
upd 2896  steps 47464448  sps 5436  opp rand  loss -0.017  pg -0.0090  v 0.006  adv_std 0.112  tR +0.80  ent[s/d/p/e] 0.61/1.63/1.64/0.37  emits 1.95  clip 0.12  kl +0.007
upd 2897  steps 47480832  sps 5436  opp frzn  loss -0.016  pg -0.0077  v 0.005  adv_std 0.103  tR +0.81  ent[s/d/p/e] 0.61/1.66/1.60/0.36  emits 1.96  clip 0.12  kl +0.006
upd 2898  steps 47497216  sps 5436  opp frzn  loss -0.016  pg -0.0074  v 0.003  adv_std 0.086  tR +0.86  ent[s/d/p/e] 0.58/1.59/1.64/0.42  emits 1.76  clip 0.12  kl +0.007
upd 2899  steps 47513600  sps 5436  opp rand  loss -0.017  pg -0.0089  v 0.006  adv_std 0.117  tR +0.73  ent[s/d/p/e] 0.58/1.68/1.61/0.35  emits 1.96  clip 0.13  kl +0.007 WRr 1.00 WRf 0.88
upd 2900  steps 47529984  sps 5431  opp rand  loss -0.015  pg -0.0076  v 0.008  adv_std 0.135  tR +0.76  ent[s/d/p/e] 0.62/1.69/1.63/0.33  emits 2.12  clip 0.11  kl +0.006
upd 2901  steps 47546368  sps 5431  opp frzn  loss -0.017  pg -0.0089  v 0.004  adv_std 0.098  tR +0.75  ent[s/d/p/e] 0.60/1.67/1.64/0.36  emits 2.04  clip 0.12  kl +0.008
upd 2902  steps 47562752  sps 5431  opp frzn  loss -0.015  pg -0.0066  v 0.005  adv_std 0.108  tR +0.82  ent[s/d/p/e] 0.58/1.65/1.63/0.36  emits 1.86  clip 0.12  kl +0.006
upd 2903  steps 47579136  sps 5432  opp frzn  loss -0.017  pg -0.0084  v 0.005  adv_std 0.101  tR +0.76  ent[s/d/p/e] 0.58/1.67/1.63/0.34  emits 2.00  clip 0.12  kl +0.009
upd 2904  steps 47595520  sps 5432  opp rand  loss -0.016  pg -0.0085  v 0.010  adv_std 0.147  tR +0.74  ent[s/d/p/e] 0.55/1.70/1.60/0.33  emits 2.11  clip 0.13  kl +0.006
upd 2905  steps 47611904  sps 5432  opp frzn  loss -0.016  pg -0.0078  v 0.005  adv_std 0.106  tR +0.71  ent[s/d/p/e] 0.59/1.66/1.61/0.34  emits 2.00  clip 0.11  kl +0.006
upd 2906  steps 47628288  sps 5432  opp rand  loss -0.015  pg -0.0072  v 0.006  adv_std 0.111  tR +0.74  ent[s/d/p/e] 0.62/1.68/1.61/0.35  emits 2.03  clip 0.12  kl +0.007
upd 2907  steps 47644672  sps 5433  opp rand  loss -0.016  pg -0.0084  v 0.008  adv_std 0.130  tR +0.78  ent[s/d/p/e] 0.63/1.69/1.60/0.35  emits 2.03  clip 0.12  kl +0.007
upd 2908  steps 47661056  sps 5433  opp frzn  loss -0.017  pg -0.0082  v 0.005  adv_std 0.107  tR +0.76  ent[s/d/p/e] 0.60/1.62/1.63/0.35  emits 1.91  clip 0.12  kl +0.008
upd 2909  steps 47677440  sps 5433  opp frzn  loss -0.016  pg -0.0072  v 0.003  adv_std 0.078  tR +0.87  ent[s/d/p/e] 0.59/1.64/1.64/0.37  emits 1.88  clip 0.11  kl +0.006
upd 2910  steps 47693824  sps 5433  opp rand  loss -0.015  pg -0.0070  v 0.007  adv_std 0.122  tR +0.71  ent[s/d/p/e] 0.60/1.66/1.64/0.35  emits 2.10  clip 0.12  kl +0.007
upd 2911  steps 47710208  sps 5434  opp rand  loss -0.016  pg -0.0082  v 0.007  adv_std 0.126  tR +0.69  ent[s/d/p/e] 0.62/1.61/1.62/0.35  emits 2.14  clip 0.14  kl +0.008
upd 2912  steps 47726592  sps 5434  opp frzn  loss -0.016  pg -0.0075  v 0.006  adv_std 0.110  tR +0.72  ent[s/d/p/e] 0.62/1.67/1.62/0.32  emits 2.02  clip 0.12  kl +0.007
upd 2913  steps 47742976  sps 5434  opp frzn  loss -0.016  pg -0.0079  v 0.005  adv_std 0.106  tR +0.80  ent[s/d/p/e] 0.59/1.61/1.63/0.37  emits 1.89  clip 0.12  kl +0.007
upd 2914  steps 47759360  sps 5434  opp rand  loss -0.015  pg -0.0077  v 0.008  adv_std 0.128  tR +0.66  ent[s/d/p/e] 0.57/1.64/1.63/0.33  emits 2.01  clip 0.12  kl +0.008
upd 2915  steps 47775744  sps 5435  opp frzn  loss -0.016  pg -0.0073  v 0.004  adv_std 0.093  tR +0.82  ent[s/d/p/e] 0.59/1.64/1.65/0.37  emits 1.99  clip 0.12  kl +0.008
upd 2916  steps 47792128  sps 5435  opp frzn  loss -0.016  pg -0.0078  v 0.005  adv_std 0.108  tR +0.83  ent[s/d/p/e] 0.61/1.60/1.67/0.38  emits 1.89  clip 0.11  kl +0.006
upd 2917  steps 47808512  sps 5435  opp rand  loss -0.017  pg -0.0089  v 0.006  adv_std 0.111  tR +0.78  ent[s/d/p/e] 0.58/1.65/1.64/0.34  emits 2.05  clip 0.11  kl +0.007
upd 2918  steps 47824896  sps 5435  opp frzn  loss -0.016  pg -0.0074  v 0.006  adv_std 0.109  tR +0.78  ent[s/d/p/e] 0.58/1.62/1.65/0.36  emits 1.95  clip 0.12  kl +0.008
upd 2919  steps 47841280  sps 5436  opp frzn  loss -0.017  pg -0.0086  v 0.006  adv_std 0.111  tR +0.70  ent[s/d/p/e] 0.57/1.63/1.64/0.35  emits 1.91  clip 0.12  kl +0.007
upd 2920  steps 47857664  sps 5436  opp rand  loss -0.017  pg -0.0088  v 0.007  adv_std 0.122  tR +0.70  ent[s/d/p/e] 0.62/1.66/1.63/0.32  emits 2.18  clip 0.15  kl +0.008
upd 2921  steps 47874048  sps 5436  opp frzn  loss -0.015  pg -0.0071  v 0.005  adv_std 0.107  tR +0.76  ent[s/d/p/e] 0.56/1.67/1.64/0.34  emits 2.02  clip 0.11  kl +0.007
upd 2922  steps 47890432  sps 5436  opp rand  loss -0.018  pg -0.0099  v 0.005  adv_std 0.107  tR +0.76  ent[s/d/p/e] 0.58/1.69/1.64/0.33  emits 2.06  clip 0.13  kl +0.008
upd 2923  steps 47906816  sps 5437  opp rand  loss -0.017  pg -0.0089  v 0.007  adv_std 0.126  tR +0.66  ent[s/d/p/e] 0.57/1.70/1.63/0.30  emits 2.23  clip 0.12  kl +0.006
upd 2924  steps 47923200  sps 5437  opp rand  loss -0.016  pg -0.0082  v 0.008  adv_std 0.129  tR +0.73  ent[s/d/p/e] 0.55/1.72/1.62/0.31  emits 2.21  clip 0.13  kl +0.007 WRr 0.84 WRf 0.94
upd 2925  steps 47939584  sps 5432  opp rand  loss -0.017  pg -0.0088  v 0.007  adv_std 0.123  tR +0.66  ent[s/d/p/e] 0.56/1.66/1.62/0.33  emits 2.10  clip 0.11  kl +0.007
upd 2926  steps 47955968  sps 5432  opp frzn  loss -0.017  pg -0.0080  v 0.005  adv_std 0.102  tR +0.76  ent[s/d/p/e] 0.59/1.58/1.66/0.37  emits 1.83  clip 0.11  kl +0.005
upd 2927  steps 47972352  sps 5432  opp frzn  loss -0.014  pg -0.0060  v 0.007  adv_std 0.120  tR +0.77  ent[s/d/p/e] 0.53/1.64/1.64/0.35  emits 1.89  clip 0.12  kl +0.008
upd 2928  steps 47988736  sps 5432  opp frzn  loss -0.015  pg -0.0070  v 0.006  adv_std 0.110  tR +0.75  ent[s/d/p/e] 0.62/1.65/1.64/0.35  emits 1.91  clip 0.10  kl +0.006
upd 2929  steps 48005120  sps 5433  opp rand  loss -0.016  pg -0.0083  v 0.006  adv_std 0.116  tR +0.77  ent[s/d/p/e] 0.55/1.65/1.61/0.32  emits 1.93  clip 0.11  kl +0.005
upd 2930  steps 48021504  sps 5433  opp frzn  loss -0.017  pg -0.0080  v 0.004  adv_std 0.094  tR +0.77  ent[s/d/p/e] 0.61/1.66/1.64/0.36  emits 1.86  clip 0.11  kl +0.005
upd 2931  steps 48037888  sps 5433  opp frzn  loss -0.015  pg -0.0065  v 0.005  adv_std 0.099  tR +0.81  ent[s/d/p/e] 0.63/1.64/1.64/0.36  emits 1.90  clip 0.12  kl +0.007
upd 2932  steps 48054272  sps 5433  opp frzn  loss -0.015  pg -0.0070  v 0.005  adv_std 0.109  tR +0.79  ent[s/d/p/e] 0.58/1.62/1.63/0.36  emits 1.80  clip 0.13  kl +0.007
upd 2933  steps 48070656  sps 5433  opp frzn  loss -0.015  pg -0.0067  v 0.007  adv_std 0.123  tR +0.73  ent[s/d/p/e] 0.54/1.56/1.66/0.38  emits 1.77  clip 0.12  kl +0.007
upd 2934  steps 48087040  sps 5434  opp rand  loss -0.017  pg -0.0091  v 0.006  adv_std 0.111  tR +0.77  ent[s/d/p/e] 0.60/1.75/1.62/0.29  emits 2.25  clip 0.11  kl +0.004
upd 2935  steps 48103424  sps 5434  opp frzn  loss -0.017  pg -0.0090  v 0.006  adv_std 0.112  tR +0.69  ent[s/d/p/e] 0.56/1.66/1.63/0.33  emits 2.00  clip 0.11  kl +0.006
upd 2936  steps 48119808  sps 5434  opp frzn  loss -0.016  pg -0.0074  v 0.004  adv_std 0.097  tR +0.78  ent[s/d/p/e] 0.57/1.64/1.62/0.32  emits 1.90  clip 0.12  kl +0.008
upd 2937  steps 48136192  sps 5434  opp rand  loss -0.014  pg -0.0065  v 0.009  adv_std 0.139  tR +0.66  ent[s/d/p/e] 0.57/1.70/1.61/0.31  emits 2.11  clip 0.12  kl +0.008
upd 2938  steps 48152576  sps 5435  opp frzn  loss -0.016  pg -0.0073  v 0.005  adv_std 0.102  tR +0.72  ent[s/d/p/e] 0.57/1.66/1.62/0.33  emits 1.95  clip 0.11  kl +0.005
upd 2939  steps 48168960  sps 5435  opp rand  loss -0.016  pg -0.0076  v 0.005  adv_std 0.101  tR +0.83  ent[s/d/p/e] 0.59/1.65/1.61/0.33  emits 1.99  clip 0.12  kl +0.005
upd 2940  steps 48185344  sps 5435  opp frzn  loss -0.016  pg -0.0080  v 0.004  adv_std 0.091  tR +0.77  ent[s/d/p/e] 0.55/1.68/1.61/0.33  emits 1.91  clip 0.11  kl +0.007
upd 2941  steps 48201728  sps 5435  opp rand  loss -0.016  pg -0.0080  v 0.006  adv_std 0.112  tR +0.75  ent[s/d/p/e] 0.60/1.67/1.62/0.33  emits 2.01  clip 0.13  kl +0.009
upd 2942  steps 48218112  sps 5436  opp frzn  loss -0.015  pg -0.0073  v 0.006  adv_std 0.113  tR +0.80  ent[s/d/p/e] 0.58/1.63/1.62/0.33  emits 1.92  clip 0.12  kl +0.008
upd 2943  steps 48234496  sps 5436  opp frzn  loss -0.017  pg -0.0086  v 0.004  adv_std 0.094  tR +0.84  ent[s/d/p/e] 0.55/1.60/1.64/0.34  emits 1.90  clip 0.13  kl +0.007
upd 2944  steps 48250880  sps 5436  opp rand  loss -0.015  pg -0.0068  v 0.007  adv_std 0.121  tR +0.71  ent[s/d/p/e] 0.57/1.66/1.59/0.31  emits 2.14  clip 0.12  kl +0.006
upd 2945  steps 48267264  sps 5436  opp frzn  loss -0.015  pg -0.0069  v 0.007  adv_std 0.119  tR +0.70  ent[s/d/p/e] 0.57/1.61/1.61/0.34  emits 1.93  clip 0.11  kl +0.006
upd 2946  steps 48283648  sps 5437  opp frzn  loss -0.015  pg -0.0065  v 0.003  adv_std 0.086  tR +0.83  ent[s/d/p/e] 0.58/1.58/1.64/0.39  emits 1.70  clip 0.12  kl +0.006
upd 2947  steps 48300032  sps 5437  opp frzn  loss -0.016  pg -0.0080  v 0.005  adv_std 0.106  tR +0.80  ent[s/d/p/e] 0.57/1.68/1.63/0.34  emits 1.95  clip 0.14  kl +0.008
upd 2948  steps 48316416  sps 5437  opp rand  loss -0.017  pg -0.0089  v 0.006  adv_std 0.116  tR +0.79  ent[s/d/p/e] 0.61/1.63/1.62/0.36  emits 1.95  clip 0.11  kl +0.006
upd 2949  steps 48332800  sps 5437  opp frzn  loss -0.015  pg -0.0072  v 0.007  adv_std 0.119  tR +0.73  ent[s/d/p/e] 0.56/1.61/1.63/0.36  emits 1.78  clip 0.11  kl +0.006 WRr 0.84 WRf 0.75
upd 2950  steps 48349184  sps 5432  opp rand  loss -0.018  pg -0.0098  v 0.005  adv_std 0.107  tR +0.75  ent[s/d/p/e] 0.59/1.64/1.62/0.35  emits 2.01  clip 0.12  kl +0.006
upd 2951  steps 48365568  sps 5432  opp rand  loss -0.018  pg -0.0096  v 0.006  adv_std 0.110  tR +0.75  ent[s/d/p/e] 0.61/1.66/1.62/0.35  emits 2.08  clip 0.13  kl +0.008
upd 2952  steps 48381952  sps 5433  opp frzn  loss -0.016  pg -0.0075  v 0.006  adv_std 0.111  tR +0.79  ent[s/d/p/e] 0.66/1.62/1.63/0.36  emits 1.89  clip 0.11  kl +0.005
upd 2953  steps 48398336  sps 5433  opp frzn  loss -0.015  pg -0.0069  v 0.004  adv_std 0.094  tR +0.80  ent[s/d/p/e] 0.56/1.68/1.65/0.36  emits 1.85  clip 0.11  kl +0.007
upd 2954  steps 48414720  sps 5433  opp frzn  loss -0.015  pg -0.0067  v 0.005  adv_std 0.105  tR +0.82  ent[s/d/p/e] 0.61/1.64/1.62/0.38  emits 1.84  clip 0.10  kl +0.006
upd 2955  steps 48431104  sps 5433  opp rand  loss -0.018  pg -0.0088  v 0.004  adv_std 0.094  tR +0.81  ent[s/d/p/e] 0.61/1.66/1.63/0.37  emits 2.04  clip 0.13  kl +0.007
upd 2956  steps 48447488  sps 5433  opp frzn  loss -0.016  pg -0.0074  v 0.004  adv_std 0.094  tR +0.78  ent[s/d/p/e] 0.56/1.69/1.60/0.33  emits 2.04  clip 0.11  kl +0.006
upd 2957  steps 48463872  sps 5434  opp rand  loss -0.015  pg -0.0067  v 0.006  adv_std 0.110  tR +0.77  ent[s/d/p/e] 0.60/1.67/1.58/0.35  emits 2.06  clip 0.12  kl +0.006
upd 2958  steps 48480256  sps 5434  opp frzn  loss -0.017  pg -0.0082  v 0.005  adv_std 0.106  tR +0.73  ent[s/d/p/e] 0.63/1.65/1.62/0.36  emits 1.88  clip 0.12  kl +0.008
upd 2959  steps 48496640  sps 5434  opp frzn  loss -0.016  pg -0.0081  v 0.005  adv_std 0.108  tR +0.80  ent[s/d/p/e] 0.59/1.65/1.62/0.36  emits 1.86  clip 0.12  kl +0.008
upd 2960  steps 48513024  sps 5434  opp frzn  loss -0.015  pg -0.0062  v 0.003  adv_std 0.084  tR +0.84  ent[s/d/p/e] 0.60/1.67/1.61/0.37  emits 1.83  clip 0.11  kl +0.007
upd 2961  steps 48529408  sps 5435  opp rand  loss -0.016  pg -0.0079  v 0.008  adv_std 0.129  tR +0.74  ent[s/d/p/e] 0.58/1.65/1.58/0.33  emits 2.04  clip 0.10  kl +0.005
upd 2962  steps 48545792  sps 5435  opp rand  loss -0.016  pg -0.0081  v 0.006  adv_std 0.114  tR +0.70  ent[s/d/p/e] 0.61/1.73/1.57/0.31  emits 2.33  clip 0.11  kl +0.005
upd 2963  steps 48562176  sps 5435  opp frzn  loss -0.017  pg -0.0088  v 0.004  adv_std 0.099  tR +0.74  ent[s/d/p/e] 0.56/1.62/1.61/0.36  emits 1.90  clip 0.11  kl +0.006
upd 2964  steps 48578560  sps 5435  opp rand  loss -0.016  pg -0.0085  v 0.008  adv_std 0.128  tR +0.77  ent[s/d/p/e] 0.55/1.66/1.58/0.32  emits 2.12  clip 0.12  kl +0.006
upd 2965  steps 48594944  sps 5436  opp frzn  loss -0.015  pg -0.0070  v 0.006  adv_std 0.112  tR +0.71  ent[s/d/p/e] 0.61/1.66/1.58/0.35  emits 1.97  clip 0.11  kl +0.007
upd 2966  steps 48611328  sps 5436  opp rand  loss -0.015  pg -0.0075  v 0.006  adv_std 0.110  tR +0.75  ent[s/d/p/e] 0.55/1.63/1.60/0.35  emits 1.99  clip 0.12  kl +0.007
upd 2967  steps 48627712  sps 5436  opp rand  loss -0.017  pg -0.0087  v 0.006  adv_std 0.110  tR +0.72  ent[s/d/p/e] 0.60/1.65/1.56/0.37  emits 2.03  clip 0.11  kl +0.005
upd 2968  steps 48644096  sps 5436  opp frzn  loss -0.015  pg -0.0071  v 0.006  adv_std 0.116  tR +0.79  ent[s/d/p/e] 0.64/1.63/1.61/0.37  emits 1.93  clip 0.12  kl +0.006
upd 2969  steps 48660480  sps 5437  opp frzn  loss -0.016  pg -0.0082  v 0.005  adv_std 0.105  tR +0.82  ent[s/d/p/e] 0.56/1.67/1.60/0.37  emits 1.90  clip 0.10  kl +0.005
upd 2970  steps 48676864  sps 5437  opp frzn  loss -0.017  pg -0.0086  v 0.004  adv_std 0.100  tR +0.75  ent[s/d/p/e] 0.57/1.64/1.59/0.37  emits 1.82  clip 0.12  kl +0.008
upd 2971  steps 48693248  sps 5437  opp frzn  loss -0.016  pg -0.0074  v 0.004  adv_std 0.093  tR +0.76  ent[s/d/p/e] 0.56/1.60/1.59/0.36  emits 1.87  clip 0.11  kl +0.007
upd 2972  steps 48709632  sps 5437  opp rand  loss -0.016  pg -0.0082  v 0.005  adv_std 0.107  tR +0.78  ent[s/d/p/e] 0.58/1.60/1.60/0.37  emits 1.86  clip 0.11  kl +0.007
upd 2973  steps 48726016  sps 5438  opp frzn  loss -0.016  pg -0.0084  v 0.005  adv_std 0.105  tR +0.64  ent[s/d/p/e] 0.52/1.61/1.59/0.34  emits 1.90  clip 0.14  kl +0.009
upd 2974  steps 48742400  sps 5438  opp frzn  loss -0.017  pg -0.0091  v 0.006  adv_std 0.110  tR +0.75  ent[s/d/p/e] 0.56/1.61/1.58/0.33  emits 2.04  clip 0.10  kl +0.005 WRr 0.81 WRf 0.88
upd 2975  steps 48758784  sps 5430  opp rand  loss -0.017  pg -0.0089  v 0.006  adv_std 0.114  tR +0.75  ent[s/d/p/e] 0.54/1.63/1.58/0.35  emits 1.95  clip 0.12  kl +0.008
upd 2976  steps 48775168  sps 5430  opp frzn  loss -0.016  pg -0.0074  v 0.006  adv_std 0.114  tR +0.72  ent[s/d/p/e] 0.64/1.62/1.58/0.35  emits 1.89  clip 0.12  kl +0.005
upd 2977  steps 48791552  sps 5430  opp rand  loss -0.016  pg -0.0074  v 0.004  adv_std 0.091  tR +0.86  ent[s/d/p/e] 0.61/1.63/1.61/0.38  emits 1.90  clip 0.12  kl +0.006
upd 2978  steps 48807936  sps 5431  opp frzn  loss -0.016  pg -0.0076  v 0.005  adv_std 0.110  tR +0.79  ent[s/d/p/e] 0.58/1.60/1.59/0.37  emits 1.84  clip 0.11  kl +0.008
upd 2979  steps 48824320  sps 5431  opp frzn  loss -0.015  pg -0.0070  v 0.006  adv_std 0.116  tR +0.78  ent[s/d/p/e] 0.56/1.60/1.59/0.37  emits 1.76  clip 0.12  kl +0.009
upd 2980  steps 48840704  sps 5431  opp frzn  loss -0.016  pg -0.0081  v 0.007  adv_std 0.121  tR +0.66  ent[s/d/p/e] 0.55/1.64/1.58/0.36  emits 1.97  clip 0.11  kl +0.005
upd 2981  steps 48857088  sps 5431  opp rand  loss -0.015  pg -0.0069  v 0.006  adv_std 0.115  tR +0.71  ent[s/d/p/e] 0.60/1.65/1.58/0.36  emits 1.99  clip 0.12  kl +0.006
upd 2982  steps 48873472  sps 5432  opp frzn  loss -0.018  pg -0.0090  v 0.004  adv_std 0.090  tR +0.79  ent[s/d/p/e] 0.60/1.65/1.59/0.37  emits 1.99  clip 0.11  kl +0.006
upd 2983  steps 48889856  sps 5432  opp frzn  loss -0.016  pg -0.0070  v 0.003  adv_std 0.085  tR +0.76  ent[s/d/p/e] 0.59/1.59/1.61/0.40  emits 1.73  clip 0.10  kl +0.006
upd 2984  steps 48906240  sps 5432  opp frzn  loss -0.016  pg -0.0073  v 0.004  adv_std 0.093  tR +0.82  ent[s/d/p/e] 0.62/1.57/1.61/0.42  emits 1.69  clip 0.13  kl +0.008
upd 2985  steps 48922624  sps 5432  opp frzn  loss -0.016  pg -0.0074  v 0.004  adv_std 0.092  tR +0.77  ent[s/d/p/e] 0.64/1.61/1.60/0.37  emits 1.86  clip 0.14  kl +0.008
upd 2986  steps 48939008  sps 5433  opp rand  loss -0.016  pg -0.0083  v 0.007  adv_std 0.122  tR +0.72  ent[s/d/p/e] 0.58/1.66/1.59/0.35  emits 1.99  clip 0.13  kl +0.008
upd 2987  steps 48955392  sps 5433  opp rand  loss -0.015  pg -0.0076  v 0.009  adv_std 0.141  tR +0.72  ent[s/d/p/e] 0.55/1.66/1.58/0.34  emits 2.09  clip 0.13  kl +0.008
upd 2988  steps 48971776  sps 5433  opp rand  loss -0.016  pg -0.0077  v 0.005  adv_std 0.104  tR +0.74  ent[s/d/p/e] 0.56/1.63/1.59/0.36  emits 2.03  clip 0.12  kl +0.005
upd 2989  steps 48988160  sps 5433  opp rand  loss -0.015  pg -0.0072  v 0.007  adv_std 0.120  tR +0.76  ent[s/d/p/e] 0.63/1.66/1.58/0.36  emits 2.02  clip 0.12  kl +0.006
upd 2990  steps 49004544  sps 5434  opp frzn  loss -0.016  pg -0.0072  v 0.005  adv_std 0.102  tR +0.81  ent[s/d/p/e] 0.59/1.63/1.61/0.38  emits 1.92  clip 0.11  kl +0.005
upd 2991  steps 49020928  sps 5434  opp rand  loss -0.017  pg -0.0082  v 0.004  adv_std 0.096  tR +0.82  ent[s/d/p/e] 0.65/1.58/1.61/0.41  emits 1.86  clip 0.11  kl +0.006
upd 2992  steps 49037312  sps 5434  opp frzn  loss -0.016  pg -0.0077  v 0.005  adv_std 0.101  tR +0.80  ent[s/d/p/e] 0.61/1.63/1.59/0.39  emits 1.87  clip 0.11  kl +0.007
upd 2993  steps 49053696  sps 5434  opp frzn  loss -0.017  pg -0.0084  v 0.003  adv_std 0.080  tR +0.86  ent[s/d/p/e] 0.54/1.62/1.62/0.38  emits 1.97  clip 0.10  kl +0.003
upd 2994  steps 49070080  sps 5435  opp frzn  loss -0.015  pg -0.0064  v 0.004  adv_std 0.092  tR +0.80  ent[s/d/p/e] 0.58/1.61/1.59/0.38  emits 1.93  clip 0.11  kl +0.006
upd 2995  steps 49086464  sps 5435  opp rand  loss -0.017  pg -0.0087  v 0.005  adv_std 0.108  tR +0.76  ent[s/d/p/e] 0.58/1.60/1.61/0.40  emits 1.94  clip 0.13  kl +0.008
upd 2996  steps 49102848  sps 5435  opp rand  loss -0.015  pg -0.0072  v 0.007  adv_std 0.124  tR +0.73  ent[s/d/p/e] 0.58/1.65/1.60/0.37  emits 2.11  clip 0.13  kl +0.005
upd 2997  steps 49119232  sps 5435  opp frzn  loss -0.016  pg -0.0075  v 0.006  adv_std 0.114  tR +0.75  ent[s/d/p/e] 0.57/1.61/1.58/0.39  emits 1.95  clip 0.12  kl +0.006
upd 2998  steps 49135616  sps 5436  opp frzn  loss -0.015  pg -0.0073  v 0.006  adv_std 0.109  tR +0.74  ent[s/d/p/e] 0.57/1.63/1.59/0.37  emits 2.03  clip 0.11  kl +0.007
upd 2999  steps 49152000  sps 5436  opp rand  loss -0.015  pg -0.0073  v 0.005  adv_std 0.106  tR +0.80  ent[s/d/p/e] 0.53/1.64/1.57/0.36  emits 2.07  clip 0.11  kl +0.006 WRr 0.84 WRf 0.88
upd 3000  steps 49168384  sps 5431  opp frzn  loss -0.015  pg -0.0072  v 0.007  adv_std 0.122  tR +0.72  ent[s/d/p/e] 0.56/1.60/1.61/0.39  emits 1.94  clip 0.12  kl +0.008
upd 3001  steps 49184768  sps 5431  opp frzn  loss -0.016  pg -0.0068  v 0.004  adv_std 0.091  tR +0.74  ent[s/d/p/e] 0.61/1.61/1.62/0.41  emits 1.94  clip 0.12  kl +0.009
upd 3002  steps 49201152  sps 5431  opp frzn  loss -0.015  pg -0.0066  v 0.004  adv_std 0.091  tR +0.80  ent[s/d/p/e] 0.63/1.63/1.63/0.40  emits 1.99  clip 0.12  kl +0.007
upd 3003  steps 49217536  sps 5431  opp frzn  loss -0.014  pg -0.0056  v 0.005  adv_std 0.100  tR +0.72  ent[s/d/p/e] 0.56/1.63/1.58/0.37  emits 1.92  clip 0.13  kl +0.007
upd 3004  steps 49233920  sps 5431  opp frzn  loss -0.016  pg -0.0078  v 0.005  adv_std 0.107  tR +0.76  ent[s/d/p/e] 0.60/1.58/1.61/0.43  emits 1.81  clip 0.12  kl +0.007
upd 3005  steps 49250304  sps 5432  opp rand  loss -0.016  pg -0.0079  v 0.004  adv_std 0.095  tR +0.91  ent[s/d/p/e] 0.57/1.65/1.61/0.39  emits 2.07  clip 0.12  kl +0.006
upd 3006  steps 49266688  sps 5432  opp rand  loss -0.017  pg -0.0084  v 0.005  adv_std 0.109  tR +0.68  ent[s/d/p/e] 0.58/1.66/1.60/0.38  emits 2.19  clip 0.13  kl +0.008
upd 3007  steps 49283072  sps 5432  opp frzn  loss -0.017  pg -0.0080  v 0.004  adv_std 0.096  tR +0.75  ent[s/d/p/e] 0.62/1.63/1.60/0.42  emits 1.95  clip 0.12  kl +0.006
upd 3008  steps 49299456  sps 5433  opp rand  loss -0.015  pg -0.0066  v 0.005  adv_std 0.109  tR +0.72  ent[s/d/p/e] 0.57/1.67/1.59/0.39  emits 2.09  clip 0.12  kl +0.006
upd 3009  steps 49315840  sps 5433  opp frzn  loss -0.015  pg -0.0076  v 0.006  adv_std 0.116  tR +0.71  ent[s/d/p/e] 0.51/1.66/1.60/0.37  emits 2.02  clip 0.12  kl +0.008
upd 3010  steps 49332224  sps 5433  opp frzn  loss -0.016  pg -0.0077  v 0.005  adv_std 0.107  tR +0.75  ent[s/d/p/e] 0.56/1.68/1.60/0.40  emits 1.98  clip 0.11  kl +0.005
upd 3011  steps 49348608  sps 5433  opp frzn  loss -0.015  pg -0.0071  v 0.006  adv_std 0.118  tR +0.75  ent[s/d/p/e] 0.52/1.69/1.59/0.38  emits 2.01  clip 0.11  kl +0.007
upd 3012  steps 49364992  sps 5433  opp rand  loss -0.015  pg -0.0076  v 0.007  adv_std 0.120  tR +0.69  ent[s/d/p/e] 0.53/1.67/1.56/0.35  emits 2.14  clip 0.12  kl +0.006
upd 3013  steps 49381376  sps 5434  opp rand  loss -0.017  pg -0.0086  v 0.007  adv_std 0.120  tR +0.73  ent[s/d/p/e] 0.60/1.65/1.59/0.39  emits 2.11  clip 0.11  kl +0.007
upd 3014  steps 49397760  sps 5434  opp rand  loss -0.016  pg -0.0088  v 0.007  adv_std 0.122  tR +0.69  ent[s/d/p/e] 0.54/1.68/1.57/0.33  emits 2.23  clip 0.12  kl +0.005
upd 3015  steps 49414144  sps 5434  opp rand  loss -0.017  pg -0.0091  v 0.007  adv_std 0.125  tR +0.67  ent[s/d/p/e] 0.60/1.70/1.57/0.36  emits 2.20  clip 0.12  kl +0.008
upd 3016  steps 49430528  sps 5434  opp frzn  loss -0.017  pg -0.0088  v 0.006  adv_std 0.111  tR +0.74  ent[s/d/p/e] 0.58/1.66/1.61/0.38  emits 2.08  clip 0.12  kl +0.006
upd 3017  steps 49446912  sps 5435  opp frzn  loss -0.016  pg -0.0074  v 0.005  adv_std 0.100  tR +0.75  ent[s/d/p/e] 0.59/1.63/1.58/0.39  emits 2.03  clip 0.11  kl +0.006
upd 3018  steps 49463296  sps 5435  opp frzn  loss -0.015  pg -0.0073  v 0.006  adv_std 0.112  tR +0.72  ent[s/d/p/e] 0.55/1.68/1.59/0.38  emits 2.02  clip 0.11  kl +0.006
upd 3019  steps 49479680  sps 5435  opp frzn  loss -0.015  pg -0.0071  v 0.005  adv_std 0.107  tR +0.70  ent[s/d/p/e] 0.58/1.63/1.58/0.37  emits 2.09  clip 0.11  kl +0.005
upd 3020  steps 49496064  sps 5435  opp frzn  loss -0.016  pg -0.0081  v 0.005  adv_std 0.105  tR +0.82  ent[s/d/p/e] 0.52/1.65/1.58/0.36  emits 2.09  clip 0.11  kl +0.007
upd 3021  steps 49512448  sps 5436  opp frzn  loss -0.016  pg -0.0081  v 0.006  adv_std 0.114  tR +0.81  ent[s/d/p/e] 0.56/1.63/1.60/0.38  emits 2.00  clip 0.11  kl +0.006
upd 3022  steps 49528832  sps 5436  opp frzn  loss -0.017  pg -0.0079  v 0.004  adv_std 0.096  tR +0.78  ent[s/d/p/e] 0.60/1.67/1.61/0.40  emits 1.97  clip 0.10  kl +0.006
upd 3023  steps 49545216  sps 5436  opp frzn  loss -0.015  pg -0.0068  v 0.006  adv_std 0.112  tR +0.81  ent[s/d/p/e] 0.55/1.64/1.60/0.39  emits 1.98  clip 0.12  kl +0.006
upd 3024  steps 49561600  sps 5436  opp rand  loss -0.016  pg -0.0076  v 0.005  adv_std 0.100  tR +0.73  ent[s/d/p/e] 0.56/1.65/1.58/0.39  emits 2.08  clip 0.12  kl +0.007 WRr 0.84 WRf 0.94
upd 3025  steps 49577984  sps 5431  opp frzn  loss -0.015  pg -0.0072  v 0.006  adv_std 0.110  tR +0.79  ent[s/d/p/e] 0.56/1.67/1.60/0.39  emits 2.08  clip 0.11  kl +0.006
upd 3026  steps 49594368  sps 5431  opp rand  loss -0.017  pg -0.0088  v 0.007  adv_std 0.120  tR +0.75  ent[s/d/p/e] 0.62/1.67/1.60/0.38  emits 2.16  clip 0.12  kl +0.007
upd 3027  steps 49610752  sps 5431  opp frzn  loss -0.015  pg -0.0063  v 0.006  adv_std 0.111  tR +0.73  ent[s/d/p/e] 0.58/1.66/1.60/0.41  emits 2.03  clip 0.12  kl +0.008
upd 3028  steps 49627136  sps 5432  opp frzn  loss -0.016  pg -0.0076  v 0.005  adv_std 0.105  tR +0.75  ent[s/d/p/e] 0.56/1.66/1.61/0.39  emits 1.96  clip 0.12  kl +0.008
upd 3029  steps 49643520  sps 5432  opp rand  loss -0.015  pg -0.0073  v 0.007  adv_std 0.125  tR +0.72  ent[s/d/p/e] 0.55/1.69/1.59/0.38  emits 2.18  clip 0.12  kl +0.006
upd 3030  steps 49659904  sps 5432  opp frzn  loss -0.016  pg -0.0085  v 0.005  adv_std 0.103  tR +0.67  ent[s/d/p/e] 0.51/1.71/1.56/0.36  emits 2.18  clip 0.11  kl +0.007
upd 3031  steps 49676288  sps 5432  opp rand  loss -0.016  pg -0.0083  v 0.007  adv_std 0.126  tR +0.76  ent[s/d/p/e] 0.57/1.68/1.58/0.39  emits 2.12  clip 0.13  kl +0.007
upd 3032  steps 49692672  sps 5433  opp frzn  loss -0.016  pg -0.0077  v 0.005  adv_std 0.103  tR +0.78  ent[s/d/p/e] 0.58/1.66/1.61/0.41  emits 2.07  clip 0.13  kl +0.007
upd 3033  steps 49709056  sps 5433  opp rand  loss -0.017  pg -0.0088  v 0.006  adv_std 0.111  tR +0.69  ent[s/d/p/e] 0.57/1.67/1.58/0.38  emits 2.21  clip 0.11  kl +0.007
upd 3034  steps 49725440  sps 5433  opp rand  loss -0.014  pg -0.0059  v 0.006  adv_std 0.114  tR +0.76  ent[s/d/p/e] 0.58/1.68/1.57/0.38  emits 2.22  clip 0.13  kl +0.009
upd 3035  steps 49741824  sps 5434  opp rand  loss -0.014  pg -0.0065  v 0.006  adv_std 0.117  tR +0.74  ent[s/d/p/e] 0.56/1.71/1.58/0.37  emits 2.27  clip 0.13  kl +0.008
upd 3036  steps 49758208  sps 5434  opp rand  loss -0.017  pg -0.0086  v 0.006  adv_std 0.116  tR +0.74  ent[s/d/p/e] 0.59/1.72/1.56/0.38  emits 2.22  clip 0.10  kl +0.005
upd 3037  steps 49774592  sps 5434  opp frzn  loss -0.017  pg -0.0090  v 0.005  adv_std 0.108  tR +0.73  ent[s/d/p/e] 0.57/1.70/1.59/0.40  emits 2.15  clip 0.13  kl +0.008
upd 3038  steps 49790976  sps 5434  opp frzn  loss -0.016  pg -0.0068  v 0.004  adv_std 0.096  tR +0.83  ent[s/d/p/e] 0.60/1.67/1.62/0.42  emits 2.00  clip 0.12  kl +0.006
upd 3039  steps 49807360  sps 5434  opp rand  loss -0.016  pg -0.0082  v 0.005  adv_std 0.103  tR +0.80  ent[s/d/p/e] 0.54/1.65/1.60/0.41  emits 2.03  clip 0.11  kl +0.005
upd 3040  steps 49823744  sps 5435  opp rand  loss -0.016  pg -0.0088  v 0.008  adv_std 0.133  tR +0.75  ent[s/d/p/e] 0.53/1.67/1.57/0.39  emits 2.11  clip 0.11  kl +0.006
upd 3041  steps 49840128  sps 5435  opp rand  loss -0.016  pg -0.0083  v 0.006  adv_std 0.116  tR +0.73  ent[s/d/p/e] 0.56/1.68/1.59/0.38  emits 2.19  clip 0.12  kl +0.005
upd 3042  steps 49856512  sps 5435  opp rand  loss -0.017  pg -0.0091  v 0.007  adv_std 0.126  tR +0.64  ent[s/d/p/e] 0.52/1.71/1.57/0.35  emits 2.27  clip 0.13  kl +0.008
upd 3043  steps 49872896  sps 5436  opp frzn  loss -0.016  pg -0.0082  v 0.006  adv_std 0.113  tR +0.72  ent[s/d/p/e] 0.56/1.70/1.61/0.40  emits 2.13  clip 0.11  kl +0.007
upd 3044  steps 49889280  sps 5436  opp frzn  loss -0.016  pg -0.0078  v 0.004  adv_std 0.093  tR +0.72  ent[s/d/p/e] 0.55/1.69/1.60/0.37  emits 2.12  clip 0.12  kl +0.006
upd 3045  steps 49905664  sps 5436  opp rand  loss -0.015  pg -0.0078  v 0.009  adv_std 0.135  tR +0.73  ent[s/d/p/e] 0.59/1.70/1.59/0.38  emits 2.23  clip 0.13  kl +0.006
upd 3046  steps 49922048  sps 5436  opp rand  loss -0.017  pg -0.0087  v 0.006  adv_std 0.113  tR +0.64  ent[s/d/p/e] 0.55/1.70/1.56/0.34  emits 2.28  clip 0.11  kl +0.005
upd 3047  steps 49938432  sps 5437  opp rand  loss -0.013  pg -0.0061  v 0.009  adv_std 0.141  tR +0.75  ent[s/d/p/e] 0.56/1.70/1.57/0.36  emits 2.26  clip 0.12  kl +0.006
upd 3048  steps 49954816  sps 5437  opp rand  loss -0.015  pg -0.0067  v 0.005  adv_std 0.104  tR +0.77  ent[s/d/p/e] 0.54/1.73/1.60/0.36  emits 2.27  clip 0.12  kl +0.005
upd 3049  steps 49971200  sps 5437  opp rand  loss -0.016  pg -0.0080  v 0.006  adv_std 0.115  tR +0.71  ent[s/d/p/e] 0.54/1.67/1.57/0.36  emits 2.20  clip 0.13  kl +0.007 WRr 0.88 WRf 0.91
upd 3050  steps 49987584  sps 5432  opp rand  loss -0.014  pg -0.0064  v 0.008  adv_std 0.134  tR +0.69  ent[s/d/p/e] 0.58/1.69/1.61/0.38  emits 2.22  clip 0.14  kl +0.008
upd 3051  steps 50003968  sps 5432  opp rand  loss -0.016  pg -0.0079  v 0.006  adv_std 0.111  tR +0.69  ent[s/d/p/e] 0.61/1.66/1.59/0.37  emits 2.27  clip 0.13  kl +0.008
upd 3052  steps 50020352  sps 5432  opp frzn  loss -0.017  pg -0.0084  v 0.005  adv_std 0.103  tR +0.77  ent[s/d/p/e] 0.60/1.68/1.62/0.39  emits 2.18  clip 0.12  kl +0.005
upd 3053  steps 50036736  sps 5433  opp frzn  loss -0.016  pg -0.0073  v 0.004  adv_std 0.099  tR +0.80  ent[s/d/p/e] 0.59/1.69/1.62/0.41  emits 2.12  clip 0.12  kl +0.007
upd 3054  steps 50053120  sps 5433  opp rand  loss -0.016  pg -0.0075  v 0.007  adv_std 0.120  tR +0.70  ent[s/d/p/e] 0.58/1.75/1.60/0.36  emits 2.39  clip 0.13  kl +0.010
upd 3055  steps 50069504  sps 5433  opp rand  loss -0.016  pg -0.0079  v 0.009  adv_std 0.139  tR +0.69  ent[s/d/p/e] 0.57/1.72/1.61/0.38  emits 2.28  clip 0.13  kl +0.008
upd 3056  steps 50085888  sps 5433  opp frzn  loss -0.015  pg -0.0073  v 0.008  adv_std 0.131  tR +0.67  ent[s/d/p/e] 0.49/1.70/1.58/0.36  emits 2.21  clip 0.12  kl +0.007
upd 3057  steps 50102272  sps 5434  opp rand  loss -0.016  pg -0.0079  v 0.005  adv_std 0.100  tR +0.71  ent[s/d/p/e] 0.54/1.70/1.59/0.38  emits 2.22  clip 0.13  kl +0.008
upd 3058  steps 50118656  sps 5434  opp rand  loss -0.016  pg -0.0077  v 0.007  adv_std 0.118  tR +0.71  ent[s/d/p/e] 0.57/1.68/1.60/0.37  emits 2.33  clip 0.11  kl +0.006
upd 3059  steps 50135040  sps 5434  opp rand  loss -0.015  pg -0.0079  v 0.008  adv_std 0.133  tR +0.63  ent[s/d/p/e] 0.55/1.72/1.57/0.34  emits 2.42  clip 0.13  kl +0.007
upd 3060  steps 50151424  sps 5435  opp rand  loss -0.015  pg -0.0067  v 0.006  adv_std 0.111  tR +0.70  ent[s/d/p/e] 0.57/1.64/1.57/0.37  emits 2.20  clip 0.12  kl +0.006
upd 3061  steps 50167808  sps 5435  opp frzn  loss -0.015  pg -0.0076  v 0.007  adv_std 0.124  tR +0.66  ent[s/d/p/e] 0.57/1.70/1.61/0.38  emits 2.17  clip 0.12  kl +0.006
upd 3062  steps 50184192  sps 5435  opp frzn  loss -0.014  pg -0.0063  v 0.008  adv_std 0.128  tR +0.71  ent[s/d/p/e] 0.54/1.71/1.60/0.36  emits 2.23  clip 0.12  kl +0.008
upd 3063  steps 50200576  sps 5435  opp rand  loss -0.014  pg -0.0059  v 0.006  adv_std 0.115  tR +0.76  ent[s/d/p/e] 0.57/1.70/1.63/0.39  emits 2.24  clip 0.13  kl +0.006
upd 3064  steps 50216960  sps 5435  opp frzn  loss -0.016  pg -0.0076  v 0.006  adv_std 0.112  tR +0.72  ent[s/d/p/e] 0.50/1.73/1.61/0.36  emits 2.20  clip 0.12  kl +0.006
upd 3065  steps 50233344  sps 5436  opp rand  loss -0.016  pg -0.0085  v 0.007  adv_std 0.123  tR +0.64  ent[s/d/p/e] 0.50/1.74/1.59/0.32  emits 2.38  clip 0.12  kl +0.006
upd 3066  steps 50249728  sps 5436  opp frzn  loss -0.014  pg -0.0061  v 0.007  adv_std 0.121  tR +0.71  ent[s/d/p/e] 0.55/1.70/1.63/0.36  emits 2.32  clip 0.11  kl +0.006
upd 3067  steps 50266112  sps 5436  opp frzn  loss -0.016  pg -0.0073  v 0.004  adv_std 0.095  tR +0.79  ent[s/d/p/e] 0.55/1.70/1.64/0.39  emits 2.16  clip 0.12  kl +0.006
upd 3068  steps 50282496  sps 5436  opp frzn  loss -0.018  pg -0.0090  v 0.004  adv_std 0.089  tR +0.75  ent[s/d/p/e] 0.59/1.70/1.63/0.38  emits 2.29  clip 0.11  kl +0.007
upd 3069  steps 50298880  sps 5437  opp rand  loss -0.018  pg -0.0089  v 0.003  adv_std 0.084  tR +0.86  ent[s/d/p/e] 0.63/1.67/1.64/0.39  emits 2.29  clip 0.13  kl +0.006
upd 3070  steps 50315264  sps 5437  opp frzn  loss -0.016  pg -0.0079  v 0.008  adv_std 0.133  tR +0.66  ent[s/d/p/e] 0.57/1.69/1.63/0.41  emits 2.17  clip 0.12  kl +0.009
upd 3071  steps 50331648  sps 5437  opp rand  loss -0.017  pg -0.0088  v 0.007  adv_std 0.121  tR +0.76  ent[s/d/p/e] 0.58/1.75/1.61/0.36  emits 2.40  clip 0.13  kl +0.008