nohup: 忽略输入
upd    0  steps    8192  sps 284  opp rand  loss -0.046  pg -0.0020  v 0.009  adv_std 0.131  tR +0.00  ent[s/d/p/e] 0.67/2.96/1.25/0.64  emits 1.90  clip 0.03  kl +0.001
upd    1  steps   16384  sps 556  opp rand  loss -0.033  pg -0.0020  v 0.037  adv_std 0.280  tR -0.42  ent[s/d/p/e] 1.30/2.97/1.27/0.57  emits 2.77  clip 0.07  kl +0.003
upd    2  steps   24576  sps 816  opp rand  loss -0.048  pg -0.0024  v 0.006  adv_std 0.111  tR -0.67  ent[s/d/p/e] 0.88/2.96/1.22/0.64  emits 2.02  clip 0.10  kl +0.004
upd    3  steps   32768  sps 1064  opp rand  loss -0.041  pg -0.0010  v 0.021  adv_std 0.217  tR -0.40  ent[s/d/p/e] 1.38/2.97/1.29/0.58  emits 2.46  clip 0.14  kl +0.007
upd    4  steps   40960  sps 1303  opp rand  loss -0.050  pg -0.0036  v 0.005  adv_std 0.100  tR +0.00  ent[s/d/p/e] 0.89/2.96/1.24/0.63  emits 2.12  clip 0.11  kl +0.006
upd    5  steps   49152  sps 1531  opp rand  loss -0.047  pg -0.0025  v 0.014  adv_std 0.172  tR -0.26  ent[s/d/p/e] 1.29/2.96/1.27/0.60  emits 2.33  clip 0.11  kl +0.004
upd    6  steps   57344  sps 1751  opp rand  loss -0.051  pg -0.0045  v 0.008  adv_std 0.130  tR -0.33  ent[s/d/p/e] 1.03/2.96/1.24/0.65  emits 1.93  clip 0.10  kl +0.003
upd    7  steps   65536  sps 1961  opp rand  loss -0.048  pg -0.0043  v 0.014  adv_std 0.174  tR -0.22  ent[s/d/p/e] 1.14/2.96/1.27/0.62  emits 2.21  clip 0.12  kl +0.007
upd    8  steps   73728  sps 2164  opp rand  loss -0.051  pg -0.0037  v 0.007  adv_std 0.123  tR +0.05  ent[s/d/p/e] 1.13/2.96/1.25/0.65  emits 2.04  clip 0.10  kl +0.005
upd    9  steps   81920  sps 2359  opp rand  loss -0.048  pg -0.0031  v 0.011  adv_std 0.148  tR -0.32  ent[s/d/p/e] 1.15/2.96/1.28/0.62  emits 2.15  clip 0.12  kl +0.006 WRr 0.41
upd   10  steps   90112  sps 2126  opp rand  loss -0.052  pg -0.0044  v 0.007  adv_std 0.124  tR -0.08  ent[s/d/p/e] 1.11/2.96/1.27/0.64  emits 2.02  clip 0.08  kl +0.005
upd   11  steps   98304  sps 2284  opp rand  loss -0.050  pg -0.0051  v 0.011  adv_std 0.154  tR -0.42  ent[s/d/p/e] 1.13/2.96/1.27/0.64  emits 2.09  clip 0.11  kl +0.005
upd   12  steps  106496  sps 2437  opp rand  loss -0.050  pg -0.0037  v 0.008  adv_std 0.129  tR -0.36  ent[s/d/p/e] 1.15/2.96/1.27/0.63  emits 2.19  clip 0.09  kl +0.005
upd   13  steps  114688  sps 2586  opp rand  loss -0.050  pg -0.0041  v 0.011  adv_std 0.149  tR -0.13  ent[s/d/p/e] 1.19/2.96/1.27/0.63  emits 2.14  clip 0.10  kl +0.005
upd   14  steps  122880  sps 2730  opp rand  loss -0.050  pg -0.0027  v 0.008  adv_std 0.125  tR -0.19  ent[s/d/p/e] 1.19/2.96/1.27/0.63  emits 2.13  clip 0.08  kl +0.003
upd   15  steps  131072  sps 2870  opp rand  loss -0.049  pg -0.0029  v 0.009  adv_std 0.137  tR -0.39  ent[s/d/p/e] 1.17/2.96/1.25/0.63  emits 2.16  clip 0.10  kl +0.005
upd   16  steps  139264  sps 3006  opp rand  loss -0.048  pg -0.0011  v 0.008  adv_std 0.128  tR -0.42  ent[s/d/p/e] 1.21/2.96/1.27/0.63  emits 2.09  clip 0.12  kl +0.006
upd   17  steps  147456  sps 3138  opp rand  loss -0.051  pg -0.0042  v 0.009  adv_std 0.135  tR -0.32  ent[s/d/p/e] 1.06/2.94/1.26/0.64  emits 1.91  clip 0.08  kl +0.004
upd   18  steps  155648  sps 3267  opp rand  loss -0.051  pg -0.0033  v 0.007  adv_std 0.123  tR -0.33  ent[s/d/p/e] 1.14/2.95/1.28/0.64  emits 1.88  clip 0.09  kl +0.004
upd   19  steps  163840  sps 3392  opp rand  loss -0.049  pg -0.0026  v 0.009  adv_std 0.135  tR -0.26  ent[s/d/p/e] 1.10/2.95/1.29/0.63  emits 1.91  clip 0.08  kl +0.003 WRr 0.28 WRf 0.59
upd   20  steps  172032  sps 2939  opp rand  loss -0.050  pg -0.0033  v 0.009  adv_std 0.134  tR -0.25  ent[s/d/p/e] 1.10/2.94/1.30/0.64  emits 1.98  clip 0.07  kl +0.003
upd   21  steps  180224  sps 3045  opp rand  loss -0.051  pg -0.0030  v 0.009  adv_std 0.137  tR -0.20  ent[s/d/p/e] 1.24/2.95/1.30/0.65  emits 2.08  clip 0.10  kl +0.005
upd   22  steps  188416  sps 3148  opp rand  loss -0.049  pg -0.0024  v 0.010  adv_std 0.149  tR +0.17  ent[s/d/p/e] 1.19/2.95/1.31/0.63  emits 2.09  clip 0.11  kl +0.005
upd   23  steps  196608  sps 3249  opp rand  loss -0.049  pg -0.0033  v 0.011  adv_std 0.152  tR -0.14  ent[s/d/p/e] 1.08/2.95/1.31/0.63  emits 1.98  clip 0.06  kl +0.002
upd   24  steps  204800  sps 3348  opp rand  loss -0.051  pg -0.0034  v 0.011  adv_std 0.148  tR -0.14  ent[s/d/p/e] 1.19/2.95/1.30/0.65  emits 1.93  clip 0.05  kl +0.003
upd   25  steps  212992  sps 3445  opp rand  loss -0.053  pg -0.0046  v 0.008  adv_std 0.127  tR -0.26  ent[s/d/p/e] 1.22/2.95/1.31/0.65  emits 2.10  clip 0.08  kl +0.003
upd   26  steps  221184  sps 3540  opp rand  loss -0.050  pg -0.0027  v 0.010  adv_std 0.142  tR -0.22  ent[s/d/p/e] 1.15/2.95/1.32/0.63  emits 2.00  clip 0.05  kl +0.002
upd   27  steps  229376  sps 3632  opp rand  loss -0.051  pg -0.0033  v 0.007  adv_std 0.120  tR -0.31  ent[s/d/p/e] 1.02/2.95/1.32/0.64  emits 1.87  clip 0.07  kl +0.004
upd   28  steps  237568  sps 3723  opp rand  loss -0.050  pg -0.0031  v 0.011  adv_std 0.153  tR -0.26  ent[s/d/p/e] 1.18/2.95/1.33/0.64  emits 2.02  clip 0.07  kl +0.003
upd   29  steps  245760  sps 3813  opp rand  loss -0.051  pg -0.0032  v 0.009  adv_std 0.133  tR -0.12  ent[s/d/p/e] 1.12/2.94/1.33/0.65  emits 1.86  clip 0.05  kl +0.002 WRr 0.38 WRf 0.50
upd   30  steps  253952  sps 3460  opp rand  loss -0.050  pg -0.0021  v 0.009  adv_std 0.138  tR -0.03  ent[s/d/p/e] 1.17/2.95/1.33/0.65  emits 1.98  clip 0.05  kl +0.003
upd   31  steps  262144  sps 3540  opp rand  loss -0.051  pg -0.0027  v 0.009  adv_std 0.135  tR -0.12  ent[s/d/p/e] 1.20/2.94/1.33/0.66  emits 1.88  clip 0.06  kl +0.003
upd   32  steps  270336  sps 3618  opp rand  loss -0.049  pg -0.0019  v 0.011  adv_std 0.151  tR -0.10  ent[s/d/p/e] 1.13/2.94/1.33/0.66  emits 1.84  clip 0.03  kl +0.002
upd   33  steps  278528  sps 3696  opp rand  loss -0.052  pg -0.0032  v 0.008  adv_std 0.133  tR -0.27  ent[s/d/p/e] 1.15/2.94/1.33/0.67  emits 1.89  clip 0.03  kl +0.001
upd   34  steps  286720  sps 3771  opp rand  loss -0.052  pg -0.0034  v 0.010  adv_std 0.140  tR +0.02  ent[s/d/p/e] 1.27/2.94/1.33/0.66  emits 1.96  clip 0.06  kl +0.003
upd   35  steps  294912  sps 3846  opp rand  loss -0.052  pg -0.0032  v 0.008  adv_std 0.127  tR +0.06  ent[s/d/p/e] 1.11/2.94/1.32/0.67  emits 1.81  clip 0.04  kl +0.003
upd   36  steps  303104  sps 3919  opp rand  loss -0.051  pg -0.0032  v 0.009  adv_std 0.139  tR -0.08  ent[s/d/p/e] 1.11/2.93/1.32/0.65  emits 1.89  clip 0.05  kl +0.003
upd   37  steps  311296  sps 3991  opp rand  loss -0.052  pg -0.0022  v 0.006  adv_std 0.111  tR -0.53  ent[s/d/p/e] 1.16/2.93/1.32/0.66  emits 1.81  clip 0.04  kl +0.002
upd   38  steps  319488  sps 4062  opp rand  loss -0.052  pg -0.0027  v 0.008  adv_std 0.124  tR -0.18  ent[s/d/p/e] 1.24/2.93/1.31/0.66  emits 1.88  clip 0.04  kl +0.002
upd   39  steps  327680  sps 4131  opp rand  loss -0.050  pg -0.0021  v 0.010  adv_std 0.139  tR -0.23  ent[s/d/p/e] 1.20/2.93/1.30/0.66  emits 1.87  clip 0.02  kl +0.001 WRr 0.38 WRf 0.41
upd   40  steps  335872  sps 3789  opp rand  loss -0.048  pg -0.0020  v 0.011  adv_std 0.151  tR +0.00  ent[s/d/p/e] 1.05/2.92/1.30/0.66  emits 1.91  clip 0.03  kl +0.001
upd   41  steps  344064  sps 3853  opp rand  loss -0.052  pg -0.0024  v 0.008  adv_std 0.125  tR -0.58  ent[s/d/p/e] 1.20/2.92/1.31/0.66  emits 1.89  clip 0.04  kl +0.003
upd   42  steps  352256  sps 3916  opp rand  loss -0.050  pg -0.0012  v 0.009  adv_std 0.135  tR -0.03  ent[s/d/p/e] 1.30/2.92/1.31/0.66  emits 2.02  clip 0.01  kl +0.001
upd   43  steps  360448  sps 3978  opp rand  loss -0.050  pg -0.0014  v 0.011  adv_std 0.151  tR +0.22  ent[s/d/p/e] 1.38/2.92/1.32/0.66  emits 1.96  clip 0.01  kl +0.001
upd   44  steps  368640  sps 4039  opp rand  loss -0.051  pg -0.0009  v 0.007  adv_std 0.121  tR +0.25  ent[s/d/p/e] 1.29/2.91/1.32/0.67  emits 1.83  clip 0.00  kl +0.000
upd   45  steps  376832  sps 4099  opp rand  loss -0.049  pg -0.0012  v 0.012  adv_std 0.154  tR +0.00  ent[s/d/p/e] 1.22/2.92/1.32/0.66  emits 1.88  clip 0.00  kl +0.000
upd   46  steps  385024  sps 4159  opp rand  loss -0.049  pg -0.0007  v 0.011  adv_std 0.148  tR +0.08  ent[s/d/p/e] 1.22/2.92/1.32/0.67  emits 1.89  clip 0.00  kl +0.000
upd   47  steps  393216  sps 4217  opp rand  loss -0.047  pg -0.0009  v 0.013  adv_std 0.163  tR +0.00  ent[s/d/p/e] 1.21/2.92/1.33/0.65  emits 1.93  clip 0.00  kl +0.001
upd   48  steps  401408  sps 4275  opp rand  loss -0.050  pg -0.0006  v 0.009  adv_std 0.132  tR +0.04  ent[s/d/p/e] 1.22/2.92/1.33/0.66  emits 1.88  clip 0.00  kl -0.000
upd   49  steps  409600  sps 4332  opp rand  loss -0.048  pg -0.0007  v 0.012  adv_std 0.153  tR -0.13  ent[s/d/p/e] 1.19/2.91/1.33/0.65  emits 1.94  clip 0.00  kl -0.000 WRr 0.28 WRf 0.50
upd   50  steps  417792  sps 4022  opp rand  loss -0.051  pg -0.0006  v 0.007  adv_std 0.120  tR -0.04  ent[s/d/p/e] 1.23/2.91/1.33/0.67  emits 1.91  clip 0.00  kl +0.000
upd   51  steps  425984  sps 4075  opp rand  loss -0.049  pg -0.0007  v 0.008  adv_std 0.130  tR +0.05  ent[s/d/p/e] 1.15/2.91/1.33/0.66  emits 1.92  clip 0.00  kl +0.000
upd   52  steps  434176  sps 4127  opp rand  loss -0.051  pg -0.0008  v 0.007  adv_std 0.123  tR -0.20  ent[s/d/p/e] 1.22/2.92/1.33/0.67  emits 1.81  clip 0.00  kl +0.001
upd   53  steps  442368  sps 4179  opp rand  loss -0.051  pg -0.0012  v 0.008  adv_std 0.129  tR -0.15  ent[s/d/p/e] 1.22/2.91/1.33/0.67  emits 1.76  clip 0.00  kl +0.000
upd   54  steps  450560  sps 4230  opp rand  loss -0.051  pg -0.0008  v 0.008  adv_std 0.125  tR -0.03  ent[s/d/p/e] 1.31/2.92/1.33/0.67  emits 1.89  clip 0.00  kl +0.001
upd   55  steps  458752  sps 4281  opp rand  loss -0.050  pg -0.0008  v 0.009  adv_std 0.136  tR +0.11  ent[s/d/p/e] 1.33/2.91/1.33/0.66  emits 1.82  clip 0.00  kl -0.000
upd   56  steps  466944  sps 4331  opp rand  loss -0.050  pg -0.0007  v 0.009  adv_std 0.135  tR +0.28  ent[s/d/p/e] 1.25/2.92/1.34/0.67  emits 1.75  clip 0.00  kl +0.000
upd   57  steps  475136  sps 4380  opp rand  loss -0.050  pg -0.0006  v 0.007  adv_std 0.122  tR +0.03  ent[s/d/p/e] 1.09/2.92/1.34/0.66  emits 1.76  clip 0.00  kl +0.000
upd   58  steps  483328  sps 4429  opp rand  loss -0.049  pg -0.0006  v 0.009  adv_std 0.136  tR -0.03  ent[s/d/p/e] 1.08/2.92/1.34/0.67  emits 1.76  clip 0.00  kl -0.000
upd   59  steps  491520  sps 4477  opp rand  loss -0.052  pg -0.0009  v 0.006  adv_std 0.114  tR -0.29  ent[s/d/p/e] 1.27/2.92/1.34/0.67  emits 1.73  clip 0.01  kl +0.000 WRr 0.41 WRf 0.50
upd   60  steps  499712  sps 4207  opp rand  loss -0.050  pg -0.0008  v 0.009  adv_std 0.131  tR +0.00  ent[s/d/p/e] 1.16/2.91/1.34/0.67  emits 1.77  clip 0.00  kl +0.000
upd   61  steps  507904  sps 4253  opp rand  loss -0.050  pg -0.0007  v 0.009  adv_std 0.137  tR -0.07  ent[s/d/p/e] 1.28/2.93/1.35/0.66  emits 1.95  clip 0.00  kl +0.000
upd   62  steps  516096  sps 4298  opp rand  loss -0.049  pg -0.0007  v 0.009  adv_std 0.138  tR -0.17  ent[s/d/p/e] 1.12/2.91/1.34/0.66  emits 1.78  clip 0.00  kl +0.001
upd   63  steps  524288  sps 4342  opp rand  loss -0.050  pg -0.0006  v 0.009  adv_std 0.138  tR +0.07  ent[s/d/p/e] 1.35/2.94/1.35/0.67  emits 1.82  clip 0.00  kl +0.000
upd   64  steps  532480  sps 4386  opp rand  loss -0.051  pg -0.0009  v 0.008  adv_std 0.128  tR +0.16  ent[s/d/p/e] 1.27/2.92/1.35/0.66  emits 1.72  clip 0.00  kl +0.000
upd   65  steps  540672  sps 4430  opp rand  loss -0.052  pg -0.0010  v 0.008  adv_std 0.126  tR -0.19  ent[s/d/p/e] 1.35/2.93/1.35/0.67  emits 1.80  clip 0.00  kl +0.001
upd   66  steps  548864  sps 4473  opp rand  loss -0.049  pg -0.0006  v 0.009  adv_std 0.138  tR -0.47  ent[s/d/p/e] 1.17/2.91/1.34/0.66  emits 1.70  clip 0.00  kl +0.000
upd   67  steps  557056  sps 4515  opp rand  loss -0.050  pg -0.0006  v 0.009  adv_std 0.136  tR +0.12  ent[s/d/p/e] 1.16/2.93/1.35/0.67  emits 1.68  clip 0.00  kl +0.000
upd   68  steps  565248  sps 4557  opp rand  loss -0.050  pg -0.0007  v 0.009  adv_std 0.137  tR +0.19  ent[s/d/p/e] 1.18/2.91/1.34/0.67  emits 1.70  clip 0.00  kl +0.000
upd   69  steps  573440  sps 4599  opp rand  loss -0.050  pg -0.0008  v 0.010  adv_std 0.142  tR -0.05  ent[s/d/p/e] 1.36/2.93/1.35/0.67  emits 1.77  clip 0.00  kl +0.001 WRr 0.56 WRf 0.53
upd   70  steps  581632  sps 4339  opp rand  loss -0.051  pg -0.0008  v 0.007  adv_std 0.121  tR +0.10  ent[s/d/p/e] 1.26/2.93/1.35/0.67  emits 1.75  clip 0.00  kl +0.001
upd   71  steps  589824  sps 4379  opp rand  loss -0.049  pg -0.0011  v 0.010  adv_std 0.144  tR -0.13  ent[s/d/p/e] 1.00/2.92/1.35/0.67  emits 1.71  clip 0.00  kl +0.000
upd   72  steps  598016  sps 4418  opp rand  loss -0.049  pg -0.0011  v 0.010  adv_std 0.142  tR -0.10  ent[s/d/p/e] 0.99/2.92/1.35/0.66  emits 1.76  clip 0.00  kl +0.001
upd   73  steps  606208  sps 4457  opp rand  loss -0.050  pg -0.0006  v 0.008  adv_std 0.128  tR -0.05  ent[s/d/p/e] 1.15/2.91/1.35/0.66  emits 1.71  clip 0.00  kl +0.000
upd   74  steps  614400  sps 4496  opp rand  loss -0.049  pg -0.0008  v 0.012  adv_std 0.157  tR +0.26  ent[s/d/p/e] 1.27/2.92/1.35/0.67  emits 1.71  clip 0.00  kl +0.000
upd   75  steps  622592  sps 4533  opp rand  loss -0.049  pg -0.0006  v 0.010  adv_std 0.145  tR -0.06  ent[s/d/p/e] 1.24/2.91/1.35/0.66  emits 1.70  clip 0.00  kl -0.000
upd   76  steps  630784  sps 4571  opp rand  loss -0.050  pg -0.0007  v 0.011  adv_std 0.146  tR +0.14  ent[s/d/p/e] 1.26/2.91/1.35/0.66  emits 1.66  clip 0.00  kl +0.000
upd   77  steps  638976  sps 4609  opp rand  loss -0.050  pg -0.0009  v 0.009  adv_std 0.132  tR +0.07  ent[s/d/p/e] 1.17/2.91/1.35/0.66  emits 1.65  clip 0.01  kl +0.001
upd   78  steps  647168  sps 4646  opp rand  loss -0.049  pg -0.0009  v 0.011  adv_std 0.150  tR +0.21  ent[s/d/p/e] 1.18/2.90/1.35/0.66  emits 1.55  clip 0.00  kl +0.000
upd   79  steps  655360  sps 4682  opp rand  loss -0.051  pg -0.0009  v 0.009  adv_std 0.130  tR -0.23  ent[s/d/p/e] 1.25/2.92/1.35/0.66  emits 1.59  clip 0.00  kl +0.001 WRr 0.38 WRf 0.53
upd   80  steps  663552  sps 4195  opp frzn  loss -0.049  pg -0.0004  v 0.010  adv_std 0.141  tR +0.03  ent[s/d/p/e] 1.20/2.91/1.35/0.66  emits 1.58  clip 0.00  kl +0.000
upd   81  steps  671744  sps 4227  opp frzn  loss -0.049  pg -0.0004  v 0.010  adv_std 0.141  tR +0.27  ent[s/d/p/e] 1.25/2.91/1.35/0.66  emits 1.57  clip 0.00  kl +0.001
upd   82  steps  679936  sps 4261  opp rand  loss -0.051  pg -0.0006  v 0.007  adv_std 0.116  tR +0.20  ent[s/d/p/e] 1.14/2.91/1.35/0.66  emits 1.59  clip 0.00  kl +0.000
upd   83  steps  688128  sps 4294  opp frzn  loss -0.049  pg -0.0006  v 0.010  adv_std 0.145  tR +0.17  ent[s/d/p/e] 1.13/2.91/1.35/0.66  emits 1.59  clip 0.00  kl -0.000
upd   84  steps  696320  sps 4327  opp rand  loss -0.050  pg -0.0004  v 0.009  adv_std 0.133  tR +0.03  ent[s/d/p/e] 1.18/2.90/1.35/0.66  emits 1.62  clip 0.00  kl +0.000
upd   85  steps  704512  sps 4360  opp rand  loss -0.049  pg -0.0006  v 0.011  adv_std 0.148  tR +0.11  ent[s/d/p/e] 1.23/2.91/1.35/0.66  emits 1.64  clip 0.00  kl +0.000
upd   86  steps  712704  sps 4393  opp rand  loss -0.051  pg -0.0008  v 0.007  adv_std 0.114  tR +0.12  ent[s/d/p/e] 1.08/2.89/1.35/0.66  emits 1.55  clip 0.00  kl +0.000
upd   87  steps  720896  sps 4425  opp rand  loss -0.049  pg -0.0005  v 0.010  adv_std 0.138  tR -0.18  ent[s/d/p/e] 1.11/2.91/1.35/0.66  emits 1.62  clip 0.00  kl +0.000
upd   88  steps  729088  sps 4456  opp frzn  loss -0.050  pg -0.0005  v 0.008  adv_std 0.126  tR +0.26  ent[s/d/p/e] 1.10/2.90/1.35/0.66  emits 1.53  clip 0.00  kl +0.000
upd   89  steps  737280  sps 4487  opp frzn  loss -0.050  pg -0.0004  v 0.009  adv_std 0.134  tR +0.57  ent[s/d/p/e] 1.29/2.90/1.35/0.67  emits 1.56  clip 0.00  kl +0.000 WRr 0.44 WRf 0.50
upd   90  steps  745472  sps 4300  opp rand  loss -0.051  pg -0.0007  v 0.007  adv_std 0.118  tR +0.26  ent[s/d/p/e] 1.23/2.90/1.35/0.66  emits 1.58  clip 0.00  kl +0.000
upd   91  steps  753664  sps 4331  opp rand  loss -0.049  pg -0.0002  v 0.010  adv_std 0.144  tR +0.20  ent[s/d/p/e] 1.23/2.91/1.35/0.66  emits 1.60  clip 0.00  kl +0.000
upd   92  steps  761856  sps 4361  opp rand  loss -0.049  pg -0.0005  v 0.010  adv_std 0.145  tR -0.21  ent[s/d/p/e] 1.22/2.92/1.35/0.66  emits 1.66  clip 0.00  kl +0.000
upd   93  steps  770048  sps 4392  opp rand  loss -0.049  pg -0.0006  v 0.011  adv_std 0.146  tR +0.08  ent[s/d/p/e] 1.13/2.91/1.35/0.66  emits 1.59  clip 0.00  kl +0.000
upd   94  steps  778240  sps 4422  opp rand  loss -0.049  pg -0.0005  v 0.010  adv_std 0.139  tR -0.15  ent[s/d/p/e] 1.20/2.91/1.36/0.66  emits 1.64  clip 0.00  kl -0.000
upd   95  steps  786432  sps 4450  opp frzn  loss -0.049  pg -0.0004  v 0.011  adv_std 0.148  tR +0.14  ent[s/d/p/e] 1.31/2.89/1.35/0.65  emits 1.57  clip 0.00  kl +0.000
upd   96  steps  794624  sps 4480  opp rand  loss -0.051  pg -0.0006  v 0.007  adv_std 0.122  tR +0.06  ent[s/d/p/e] 1.27/2.91/1.35/0.66  emits 1.54  clip 0.00  kl -0.000
upd   97  steps  802816  sps 4510  opp rand  loss -0.050  pg -0.0007  v 0.009  adv_std 0.136  tR -0.14  ent[s/d/p/e] 1.32/2.90/1.35/0.65  emits 1.50  clip 0.00  kl +0.000
upd   98  steps  811008  sps 4538  opp frzn  loss -0.051  pg -0.0012  v 0.009  adv_std 0.134  tR -0.10  ent[s/d/p/e] 1.33/2.91/1.35/0.65  emits 1.46  clip 0.00  kl +0.000
upd   99  steps  819200  sps 4567  opp rand  loss -0.050  pg -0.0002  v 0.008  adv_std 0.130  tR +0.26  ent[s/d/p/e] 1.22/2.90/1.35/0.65  emits 1.54  clip 0.00  kl +0.000 WRr 0.47 WRf 0.34
upd  100  steps  827392  sps 4379  opp frzn  loss -0.050  pg -0.0005  v 0.009  adv_std 0.131  tR -0.07  ent[s/d/p/e] 1.23/2.90/1.35/0.65  emits 1.51  clip 0.00  kl -0.000
upd  101  steps  835584  sps 4406  opp frzn  loss -0.050  pg -0.0004  v 0.008  adv_std 0.128  tR +0.33  ent[s/d/p/e] 1.25/2.90/1.35/0.65  emits 1.50  clip 0.00  kl +0.000
upd  102  steps  843776  sps 4434  opp rand  loss -0.049  pg -0.0004  v 0.010  adv_std 0.144  tR +0.25  ent[s/d/p/e] 1.32/2.92/1.35/0.66  emits 1.54  clip 0.00  kl +0.000
upd  103  steps  851968  sps 4461  opp rand  loss -0.050  pg -0.0005  v 0.008  adv_std 0.130  tR +0.17  ent[s/d/p/e] 1.20/2.91/1.35/0.66  emits 1.53  clip 0.00  kl +0.000
upd  104  steps  860160  sps 4488  opp frzn  loss -0.049  pg -0.0006  v 0.009  adv_std 0.135  tR -0.08  ent[s/d/p/e] 1.15/2.91/1.35/0.66  emits 1.49  clip 0.00  kl -0.000
upd  105  steps  868352  sps 4515  opp rand  loss -0.048  pg -0.0004  v 0.009  adv_std 0.137  tR +0.34  ent[s/d/p/e] 1.02/2.90/1.35/0.66  emits 1.51  clip 0.00  kl +0.000
upd  106  steps  876544  sps 4541  opp frzn  loss -0.048  pg -0.0010  v 0.014  adv_std 0.165  tR +0.35  ent[s/d/p/e] 1.19/2.91/1.35/0.66  emits 1.53  clip 0.00  kl +0.000
upd  107  steps  884736  sps 4568  opp rand  loss -0.050  pg -0.0008  v 0.008  adv_std 0.125  tR +0.20  ent[s/d/p/e] 1.19/2.90/1.35/0.66  emits 1.53  clip 0.00  kl +0.001
upd  108  steps  892928  sps 4594  opp rand  loss -0.048  pg -0.0002  v 0.011  adv_std 0.150  tR +0.21  ent[s/d/p/e] 1.23/2.91/1.35/0.66  emits 1.52  clip 0.00  kl +0.000
upd  109  steps  901120  sps 4620  opp frzn  loss -0.049  pg -0.0004  v 0.011  adv_std 0.147  tR +0.20  ent[s/d/p/e] 1.18/2.91/1.35/0.66  emits 1.51  clip 0.00  kl +0.000 WRr 0.53 WRf 0.44
upd  110  steps  909312  sps 4456  opp frzn  loss -0.050  pg -0.0005  v 0.009  adv_std 0.135  tR +0.33  ent[s/d/p/e] 1.27/2.92/1.35/0.66  emits 1.54  clip 0.00  kl +0.000
upd  111  steps  917504  sps 4480  opp frzn  loss -0.049  pg -0.0005  v 0.009  adv_std 0.136  tR +0.06  ent[s/d/p/e] 1.12/2.90/1.35/0.66  emits 1.49  clip 0.00  kl +0.000
upd  112  steps  925696  sps 4506  opp rand  loss -0.049  pg -0.0005  v 0.010  adv_std 0.144  tR +0.00  ent[s/d/p/e] 1.18/2.92/1.35/0.67  emits 1.56  clip 0.00  kl +0.000
upd  113  steps  933888  sps 4531  opp rand  loss -0.050  pg -0.0007  v 0.008  adv_std 0.123  tR +0.12  ent[s/d/p/e] 1.12/2.91/1.35/0.67  emits 1.58  clip 0.00  kl +0.000
upd  114  steps  942080  sps 4555  opp frzn  loss -0.050  pg -0.0007  v 0.010  adv_std 0.139  tR +0.13  ent[s/d/p/e] 1.31/2.92/1.35/0.67  emits 1.59  clip 0.00  kl +0.000
upd  115  steps  950272  sps 4579  opp frzn  loss -0.051  pg -0.0006  v 0.008  adv_std 0.126  tR +0.07  ent[s/d/p/e] 1.21/2.92/1.35/0.68  emits 1.60  clip 0.00  kl +0.000
upd  116  steps  958464  sps 4603  opp frzn  loss -0.051  pg -0.0005  v 0.009  adv_std 0.132  tR +0.25  ent[s/d/p/e] 1.25/2.92/1.35/0.68  emits 1.60  clip 0.00  kl +0.000
upd  117  steps  966656  sps 4627  opp frzn  loss -0.050  pg -0.0004  v 0.009  adv_std 0.132  tR +0.60  ent[s/d/p/e] 1.11/2.92/1.35/0.68  emits 1.58  clip 0.00  kl +0.000
upd  118  steps  974848  sps 4650  opp frzn  loss -0.050  pg -0.0007  v 0.010  adv_std 0.141  tR +0.49  ent[s/d/p/e] 1.30/2.92/1.34/0.68  emits 1.65  clip 0.00  kl +0.000
upd  119  steps  983040  sps 4674  opp frzn  loss -0.051  pg -0.0004  v 0.008  adv_std 0.126  tR -0.07  ent[s/d/p/e] 1.29/2.92/1.34/0.68  emits 1.70  clip 0.00  kl +0.000 WRr 0.41 WRf 0.69
upd  120  steps  991232  sps 4520  opp rand  loss -0.051  pg -0.0008  v 0.010  adv_std 0.139  tR +0.47  ent[s/d/p/e] 1.33/2.92/1.35/0.68  emits 1.69  clip 0.00  kl +0.000
upd  121  steps  999424  sps 4543  opp rand  loss -0.052  pg -0.0008  v 0.007  adv_std 0.122  tR +0.17  ent[s/d/p/e] 1.29/2.92/1.35/0.68  emits 1.72  clip 0.00  kl +0.000
upd  122  steps 1007616  sps 4567  opp rand  loss -0.050  pg -0.0005  v 0.008  adv_std 0.130  tR -0.05  ent[s/d/p/e] 1.22/2.92/1.35/0.68  emits 1.70  clip 0.00  kl +0.000
upd  123  steps 1015808  sps 4589  opp frzn  loss -0.050  pg -0.0010  v 0.010  adv_std 0.141  tR +0.07  ent[s/d/p/e] 1.14/2.93/1.34/0.68  emits 1.65  clip 0.00  kl +0.000
upd  124  steps 1024000  sps 4612  opp frzn  loss -0.050  pg -0.0007  v 0.010  adv_std 0.141  tR +0.05  ent[s/d/p/e] 1.27/2.92/1.35/0.68  emits 1.65  clip 0.00  kl +0.000
upd  125  steps 1032192  sps 4634  opp frzn  loss -0.051  pg -0.0005  v 0.009  adv_std 0.134  tR +0.86  ent[s/d/p/e] 1.41/2.93/1.35/0.68  emits 1.69  clip 0.00  kl +0.000
upd  126  steps 1040384  sps 4656  opp frzn  loss -0.050  pg -0.0004  v 0.010  adv_std 0.142  tR +0.25  ent[s/d/p/e] 1.30/2.91/1.35/0.68  emits 1.66  clip 0.00  kl +0.000
upd  127  steps 1048576  sps 4677  opp frzn  loss -0.052  pg -0.0009  v 0.007  adv_std 0.117  tR +0.45  ent[s/d/p/e] 1.29/2.93/1.35/0.68  emits 1.63  clip 0.00  kl +0.000
upd  128  steps 1056768  sps 4699  opp frzn  loss -0.049  pg -0.0004  v 0.010  adv_std 0.145  tR +0.38  ent[s/d/p/e] 1.20/2.92/1.35/0.67  emits 1.62  clip 0.00  kl +0.000
upd  129  steps 1064960  sps 4722  opp rand  loss -0.050  pg -0.0006  v 0.009  adv_std 0.133  tR +0.33  ent[s/d/p/e] 1.16/2.92/1.35/0.67  emits 1.56  clip 0.00  kl -0.000 WRr 0.66 WRf 0.44
upd  130  steps 1073152  sps 4564  opp rand  loss -0.049  pg -0.0004  v 0.010  adv_std 0.144  tR +0.37  ent[s/d/p/e] 1.14/2.91/1.35/0.67  emits 1.56  clip 0.00  kl +0.000
upd  131  steps 1081344  sps 4586  opp rand  loss -0.051  pg -0.0008  v 0.008  adv_std 0.127  tR +0.26  ent[s/d/p/e] 1.20/2.91/1.35/0.67  emits 1.58  clip 0.00  kl +0.000
upd  132  steps 1089536  sps 4607  opp frzn  loss -0.050  pg -0.0006  v 0.010  adv_std 0.138  tR +0.33  ent[s/d/p/e] 1.24/2.91/1.35/0.66  emits 1.55  clip 0.00  kl +0.000
upd  133  steps 1097728  sps 4629  opp rand  loss -0.050  pg -0.0009  v 0.008  adv_std 0.124  tR +0.33  ent[s/d/p/e] 1.12/2.91/1.35/0.66  emits 1.47  clip 0.00  kl -0.000
upd  134  steps 1105920  sps 4650  opp frzn  loss -0.050  pg -0.0005  v 0.007  adv_std 0.123  tR +0.15  ent[s/d/p/e] 1.19/2.92/1.34/0.67  emits 1.52  clip 0.00  kl +0.000
upd  135  steps 1114112  sps 4670  opp frzn  loss -0.051  pg -0.0009  v 0.007  adv_std 0.122  tR +0.24  ent[s/d/p/e] 1.16/2.90/1.34/0.66  emits 1.55  clip 0.00  kl +0.000
upd  136  steps 1122304  sps 4692  opp rand  loss -0.050  pg -0.0006  v 0.009  adv_std 0.138  tR +0.00  ent[s/d/p/e] 1.27/2.91/1.34/0.66  emits 1.52  clip 0.00  kl +0.000
upd  137  steps 1130496  sps 4713  opp rand  loss -0.050  pg -0.0007  v 0.009  adv_std 0.137  tR +0.33  ent[s/d/p/e] 1.19/2.91/1.34/0.66  emits 1.48  clip 0.00  kl +0.000
upd  138  steps 1138688  sps 4733  opp frzn  loss -0.050  pg -0.0006  v 0.008  adv_std 0.127  tR +0.06  ent[s/d/p/e] 1.28/2.91/1.34/0.66  emits 1.51  clip 0.00  kl +0.001
upd  139  steps 1146880  sps 4753  opp frzn  loss -0.050  pg -0.0009  v 0.009  adv_std 0.136  tR +0.32  ent[s/d/p/e] 1.22/2.90/1.34/0.65  emits 1.51  clip 0.01  kl +0.000 WRr 0.59 WRf 0.78
upd  140  steps 1155072  sps 4616  opp rand  loss -0.051  pg -0.0008  v 0.008  adv_std 0.129  tR +0.41  ent[s/d/p/e] 1.37/2.92/1.34/0.67  emits 1.59  clip 0.01  kl +0.000
upd  141  steps 1163264  sps 4635  opp frzn  loss -0.050  pg -0.0005  v 0.009  adv_std 0.131  tR +0.08  ent[s/d/p/e] 1.16/2.89/1.34/0.67  emits 1.56  clip 0.00  kl -0.000
upd  142  steps 1171456  sps 4656  opp rand  loss -0.049  pg -0.0008  v 0.012  adv_std 0.153  tR -0.11  ent[s/d/p/e] 1.26/2.92/1.34/0.67  emits 1.60  clip 0.00  kl +0.000
upd  143  steps 1179648  sps 4675  opp frzn  loss -0.050  pg -0.0011  v 0.008  adv_std 0.129  tR +0.06  ent[s/d/p/e] 1.09/2.88/1.33/0.66  emits 1.53  clip 0.00  kl +0.001
upd  144  steps 1187840  sps 4695  opp frzn  loss -0.050  pg -0.0002  v 0.010  adv_std 0.141  tR -0.03  ent[s/d/p/e] 1.39/2.91/1.34/0.67  emits 1.55  clip 0.00  kl +0.000
upd  145  steps 1196032  sps 4715  opp rand  loss -0.050  pg -0.0009  v 0.008  adv_std 0.126  tR +0.17  ent[s/d/p/e] 1.14/2.87/1.34/0.67  emits 1.52  clip 0.01  kl +0.001
upd  146  steps 1204224  sps 4735  opp rand  loss -0.050  pg -0.0007  v 0.008  adv_std 0.127  tR +0.35  ent[s/d/p/e] 1.19/2.90/1.33/0.67  emits 1.61  clip 0.00  kl +0.001
upd  147  steps 1212416  sps 4755  opp rand  loss -0.049  pg -0.0009  v 0.011  adv_std 0.146  tR +0.33  ent[s/d/p/e] 1.10/2.87/1.33/0.67  emits 1.56  clip 0.00  kl -0.000
upd  148  steps 1220608  sps 4774  opp rand  loss -0.050  pg -0.0007  v 0.009  adv_std 0.135  tR +0.18  ent[s/d/p/e] 1.17/2.89/1.33/0.67  emits 1.61  clip 0.00  kl +0.000
upd  149  steps 1228800  sps 4794  opp rand  loss -0.050  pg -0.0007  v 0.009  adv_std 0.132  tR -0.06  ent[s/d/p/e] 1.23/2.87/1.34/0.67  emits 1.59  clip 0.00  kl +0.000 WRr 0.69 WRf 0.75
upd  150  steps 1236992  sps 4662  opp frzn  loss -0.050  pg -0.0002  v 0.008  adv_std 0.125  tR +0.43  ent[s/d/p/e] 1.29/2.88/1.33/0.67  emits 1.57  clip 0.00  kl +0.000
upd  151  steps 1245184  sps 4680  opp frzn  loss -0.051  pg -0.0007  v 0.007  adv_std 0.120  tR +0.21  ent[s/d/p/e] 1.28/2.87/1.34/0.67  emits 1.56  clip 0.00  kl +0.000
upd  152  steps 1253376  sps 4699  opp rand  loss -0.050  pg -0.0006  v 0.009  adv_std 0.136  tR +0.34  ent[s/d/p/e] 1.37/2.88/1.33/0.66  emits 1.55  clip 0.00  kl +0.000
upd  153  steps 1261568  sps 4718  opp frzn  loss -0.050  pg -0.0006  v 0.008  adv_std 0.126  tR -0.03  ent[s/d/p/e] 1.25/2.86/1.33/0.66  emits 1.51  clip 0.00  kl +0.000
upd  154  steps 1269760  sps 4737  opp rand  loss -0.049  pg -0.0009  v 0.009  adv_std 0.133  tR +0.30  ent[s/d/p/e] 1.13/2.86/1.33/0.66  emits 1.46  clip 0.00  kl +0.001
upd  155  steps 1277952  sps 4755  opp rand  loss -0.049  pg -0.0004  v 0.011  adv_std 0.150  tR +0.21  ent[s/d/p/e] 1.28/2.89/1.33/0.67  emits 1.58  clip 0.00  kl +0.000
upd  156  steps 1286144  sps 4774  opp rand  loss -0.048  pg -0.0005  v 0.011  adv_std 0.151  tR +0.26  ent[s/d/p/e] 1.18/2.85/1.33/0.67  emits 1.56  clip 0.00  kl -0.000
upd  157  steps 1294336  sps 4793  opp rand  loss -0.050  pg -0.0008  v 0.009  adv_std 0.131  tR +0.13  ent[s/d/p/e] 1.23/2.86/1.33/0.66  emits 1.52  clip 0.00  kl +0.000
upd  158  steps 1302528  sps 4811  opp frzn  loss -0.049  pg -0.0006  v 0.008  adv_std 0.130  tR -0.13  ent[s/d/p/e] 1.09/2.86/1.33/0.67  emits 1.51  clip 0.00  kl +0.000
upd  159  steps 1310720  sps 4829  opp rand  loss -0.051  pg -0.0003  v 0.007  adv_std 0.120  tR +0.09  ent[s/d/p/e] 1.29/2.87/1.33/0.67  emits 1.56  clip 0.00  kl +0.000 WRr 0.62 WRf 0.62
upd  160  steps 1318912  sps 4693  opp rand  loss -0.051  pg -0.0007  v 0.007  adv_std 0.122  tR +0.25  ent[s/d/p/e] 1.21/2.84/1.33/0.67  emits 1.59  clip 0.00  kl +0.000
upd  161  steps 1327104  sps 4711  opp rand  loss -0.050  pg -0.0004  v 0.008  adv_std 0.125  tR +0.10  ent[s/d/p/e] 1.24/2.87/1.33/0.67  emits 1.54  clip 0.00  kl +0.000
upd  162  steps 1335296  sps 4729  opp rand  loss -0.051  pg -0.0008  v 0.007  adv_std 0.121  tR +0.04  ent[s/d/p/e] 1.20/2.87/1.33/0.68  emits 1.66  clip 0.00  kl +0.001
upd  163  steps 1343488  sps 4746  opp frzn  loss -0.049  pg -0.0009  v 0.011  adv_std 0.151  tR +0.26  ent[s/d/p/e] 1.25/2.89/1.33/0.67  emits 1.57  clip 0.00  kl +0.000
upd  164  steps 1351680  sps 4764  opp rand  loss -0.051  pg -0.0008  v 0.008  adv_std 0.128  tR +0.04  ent[s/d/p/e] 1.18/2.87/1.34/0.68  emits 1.63  clip 0.00  kl +0.001
upd  165  steps 1359872  sps 4782  opp rand  loss -0.049  pg -0.0007  v 0.011  adv_std 0.151  tR +0.26  ent[s/d/p/e] 1.26/2.88/1.34/0.68  emits 1.66  clip 0.00  kl +0.000
upd  166  steps 1368064  sps 4799  opp rand  loss -0.051  pg -0.0005  v 0.006  adv_std 0.113  tR +0.36  ent[s/d/p/e] 1.13/2.86/1.33/0.67  emits 1.58  clip 0.00  kl +0.000
upd  167  steps 1376256  sps 4816  opp frzn  loss -0.049  pg -0.0005  v 0.010  adv_std 0.143  tR -0.10  ent[s/d/p/e] 1.09/2.85/1.34/0.68  emits 1.54  clip 0.00  kl +0.000
upd  168  steps 1384448  sps 4833  opp frzn  loss -0.050  pg -0.0002  v 0.009  adv_std 0.133  tR +0.27  ent[s/d/p/e] 1.23/2.86/1.33/0.68  emits 1.63  clip 0.00  kl +0.000
upd  169  steps 1392640  sps 4850  opp rand  loss -0.050  pg -0.0006  v 0.009  adv_std 0.134  tR +0.28  ent[s/d/p/e] 1.18/2.85/1.33/0.68  emits 1.64  clip 0.00  kl -0.000 WRr 0.72 WRf 0.62
upd  170  steps 1400832  sps 4730  opp frzn  loss -0.050  pg -0.0005  v 0.009  adv_std 0.131  tR +0.24  ent[s/d/p/e] 1.17/2.87/1.33/0.68  emits 1.59  clip 0.00  kl +0.000
upd  171  steps 1409024  sps 4747  opp rand  loss -0.050  pg -0.0008  v 0.009  adv_std 0.138  tR +0.19  ent[s/d/p/e] 1.17/2.85/1.33/0.68  emits 1.61  clip 0.01  kl +0.000
upd  172  steps 1417216  sps 4764  opp rand  loss -0.051  pg -0.0011  v 0.010  adv_std 0.139  tR +0.27  ent[s/d/p/e] 1.37/2.87/1.33/0.68  emits 1.67  clip 0.00  kl +0.001
upd  173  steps 1425408  sps 4781  opp rand  loss -0.051  pg -0.0007  v 0.008  adv_std 0.123  tR +0.28  ent[s/d/p/e] 1.20/2.84/1.33/0.68  emits 1.68  clip 0.00  kl +0.000
upd  174  steps 1433600  sps 4798  opp rand  loss -0.051  pg -0.0005  v 0.008  adv_std 0.128  tR +0.12  ent[s/d/p/e] 1.29/2.85/1.33/0.68  emits 1.69  clip 0.00  kl +0.000
upd  175  steps 1441792  sps 4815  opp rand  loss -0.050  pg -0.0007  v 0.008  adv_std 0.123  tR +0.11  ent[s/d/p/e] 1.09/2.84/1.33/0.68  emits 1.63  clip 0.00  kl -0.000
upd  176  steps 1449984  sps 4831  opp frzn  loss -0.050  pg -0.0004  v 0.009  adv_std 0.132  tR -0.13  ent[s/d/p/e] 1.17/2.86/1.33/0.68  emits 1.62  clip 0.00  kl +0.000
upd  177  steps 1458176  sps 4847  opp rand  loss -0.050  pg -0.0003  v 0.009  adv_std 0.131  tR +0.30  ent[s/d/p/e] 1.16/2.83/1.33/0.68  emits 1.67  clip 0.00  kl +0.000
upd  178  steps 1466368  sps 4864  opp rand  loss -0.052  pg -0.0010  v 0.006  adv_std 0.114  tR +0.47  ent[s/d/p/e] 1.23/2.87/1.33/0.68  emits 1.69  clip 0.00  kl +0.000
upd  179  steps 1474560  sps 4880  opp rand  loss -0.050  pg -0.0010  v 0.009  adv_std 0.133  tR +0.08  ent[s/d/p/e] 1.16/2.83/1.33/0.68  emits 1.66  clip 0.00  kl +0.000 WRr 0.59 WRf 0.59
upd  180  steps 1482752  sps 4765  opp frzn  loss -0.050  pg -0.0005  v 0.011  adv_std 0.149  tR +0.27  ent[s/d/p/e] 1.35/2.85/1.34/0.68  emits 1.69  clip 0.00  kl +0.000
upd  181  steps 1490944  sps 4781  opp frzn  loss -0.051  pg -0.0005  v 0.008  adv_std 0.125  tR +0.31  ent[s/d/p/e] 1.28/2.82/1.34/0.68  emits 1.66  clip 0.00  kl +0.000
upd  182  steps 1499136  sps 4797  opp rand  loss -0.051  pg -0.0004  v 0.009  adv_std 0.133  tR +0.38  ent[s/d/p/e] 1.31/2.82/1.34/0.68  emits 1.71  clip 0.00  kl -0.000
upd  183  steps 1507328  sps 4813  opp rand  loss -0.052  pg -0.0008  v 0.006  adv_std 0.112  tR +0.23  ent[s/d/p/e] 1.25/2.79/1.34/0.68  emits 1.67  clip 0.00  kl +0.000
upd  184  steps 1515520  sps 4828  opp frzn  loss -0.052  pg -0.0007  v 0.008  adv_std 0.123  tR +0.41  ent[s/d/p/e] 1.31/2.82/1.34/0.68  emits 1.70  clip 0.00  kl +0.000
upd  185  steps 1523712  sps 4844  opp rand  loss -0.052  pg -0.0006  v 0.005  adv_std 0.101  tR +0.33  ent[s/d/p/e] 1.20/2.80/1.34/0.68  emits 1.67  clip 0.00  kl +0.000
upd  186  steps 1531904  sps 4859  opp frzn  loss -0.050  pg -0.0007  v 0.011  adv_std 0.146  tR +0.00  ent[s/d/p/e] 1.25/2.82/1.34/0.68  emits 1.60  clip 0.00  kl +0.000
upd  187  steps 1540096  sps 4875  opp rand  loss -0.051  pg -0.0007  v 0.007  adv_std 0.117  tR +0.17  ent[s/d/p/e] 1.09/2.78/1.33/0.68  emits 1.58  clip 0.00  kl +0.000
upd  188  steps 1548288  sps 4891  opp rand  loss -0.050  pg -0.0008  v 0.009  adv_std 0.137  tR +0.21  ent[s/d/p/e] 1.20/2.83/1.34/0.67  emits 1.56  clip 0.00  kl +0.001
upd  189  steps 1556480  sps 4906  opp frzn  loss -0.050  pg -0.0005  v 0.007  adv_std 0.121  tR -0.07  ent[s/d/p/e] 1.08/2.79/1.33/0.67  emits 1.58  clip 0.00  kl +0.000 WRr 0.75 WRf 0.66
upd  190  steps 1564672  sps 4795  opp frzn  loss -0.050  pg -0.0006  v 0.008  adv_std 0.128  tR +0.36  ent[s/d/p/e] 1.28/2.83/1.33/0.67  emits 1.57  clip 0.00  kl +0.000
upd  191  steps 1572864  sps 4811  opp rand  loss -0.050  pg -0.0004  v 0.008  adv_std 0.125  tR +0.00  ent[s/d/p/e] 1.22/2.81/1.33/0.67  emits 1.60  clip 0.00  kl +0.000
upd  192  steps 1581056  sps 4825  opp frzn  loss -0.049  pg -0.0005  v 0.011  adv_std 0.147  tR -0.07  ent[s/d/p/e] 1.30/2.81/1.33/0.67  emits 1.57  clip 0.00  kl +0.000
upd  193  steps 1589248  sps 4841  opp rand  loss -0.051  pg -0.0010  v 0.007  adv_std 0.119  tR +0.38  ent[s/d/p/e] 1.22/2.81/1.33/0.67  emits 1.54  clip 0.00  kl +0.000
upd  194  steps 1597440  sps 4856  opp rand  loss -0.049  pg -0.0003  v 0.009  adv_std 0.137  tR -0.03  ent[s/d/p/e] 1.25/2.83/1.33/0.67  emits 1.60  clip 0.00  kl +0.000
upd  195  steps 1605632  sps 4870  opp frzn  loss -0.050  pg -0.0007  v 0.008  adv_std 0.129  tR +0.25  ent[s/d/p/e] 1.14/2.81/1.32/0.67  emits 1.56  clip 0.00  kl +0.000
upd  196  steps 1613824  sps 4885  opp rand  loss -0.048  pg -0.0007  v 0.011  adv_std 0.147  tR +0.15  ent[s/d/p/e] 1.15/2.80/1.32/0.67  emits 1.51  clip 0.00  kl +0.000
upd  197  steps 1622016  sps 4900  opp rand  loss -0.050  pg -0.0003  v 0.007  adv_std 0.120  tR +0.26  ent[s/d/p/e] 1.16/2.81/1.32/0.67  emits 1.61  clip 0.00  kl +0.000
upd  198  steps 1630208  sps 4915  opp rand  loss -0.049  pg -0.0004  v 0.010  adv_std 0.141  tR +0.22  ent[s/d/p/e] 1.16/2.83/1.32/0.67  emits 1.61  clip 0.00  kl +0.000
upd  199  steps 1638400  sps 4930  opp rand  loss -0.050  pg -0.0004  v 0.007  adv_std 0.116  tR +0.29  ent[s/d/p/e] 1.10/2.82/1.32/0.67  emits 1.58  clip 0.00  kl +0.000 WRr 0.56 WRf 0.81
upd  200  steps 1646592  sps 4812  opp frzn  loss -0.049  pg -0.0006  v 0.010  adv_std 0.139  tR +0.42  ent[s/d/p/e] 1.17/2.81/1.32/0.67  emits 1.57  clip 0.00  kl +0.000
upd  201  steps 1654784  sps 4826  opp frzn  loss -0.050  pg -0.0006  v 0.008  adv_std 0.128  tR +0.12  ent[s/d/p/e] 1.30/2.81/1.32/0.67  emits 1.62  clip 0.00  kl +0.001
upd  202  steps 1662976  sps 4840  opp frzn  loss -0.051  pg -0.0004  v 0.007  adv_std 0.120  tR +0.67  ent[s/d/p/e] 1.37/2.81/1.32/0.67  emits 1.59  clip 0.00  kl +0.000
upd  203  steps 1671168  sps 4854  opp frzn  loss -0.051  pg -0.0002  v 0.005  adv_std 0.104  tR +0.24  ent[s/d/p/e] 1.27/2.80/1.33/0.67  emits 1.52  clip 0.00  kl +0.000
upd  204  steps 1679360  sps 4868  opp rand  loss -0.051  pg -0.0008  v 0.007  adv_std 0.116  tR +0.45  ent[s/d/p/e] 1.24/2.80/1.33/0.66  emits 1.51  clip 0.00  kl -0.000
upd  205  steps 1687552  sps 4882  opp frzn  loss -0.051  pg -0.0005  v 0.007  adv_std 0.118  tR +0.13  ent[s/d/p/e] 1.34/2.82/1.33/0.67  emits 1.56  clip 0.00  kl +0.000
upd  206  steps 1695744  sps 4896  opp frzn  loss -0.049  pg -0.0003  v 0.010  adv_std 0.139  tR +0.18  ent[s/d/p/e] 1.24/2.82/1.32/0.67  emits 1.54  clip 0.00  kl +0.000
upd  207  steps 1703936  sps 4909  opp frzn  loss -0.050  pg -0.0008  v 0.008  adv_std 0.126  tR +0.40  ent[s/d/p/e] 1.14/2.80/1.32/0.67  emits 1.56  clip 0.00  kl +0.001
upd  208  steps 1712128  sps 4924  opp rand  loss -0.050  pg -0.0007  v 0.009  adv_std 0.131  tR +0.19  ent[s/d/p/e] 1.23/2.79/1.32/0.66  emits 1.50  clip 0.00  kl +0.000
upd  209  steps 1720320  sps 4937  opp frzn  loss -0.051  pg -0.0006  v 0.008  adv_std 0.125  tR +0.33  ent[s/d/p/e] 1.31/2.82/1.33/0.66  emits 1.57  clip 0.00  kl -0.000 WRr 0.56 WRf 0.75
upd  210  steps 1728512  sps 4837  opp rand  loss -0.049  pg -0.0005  v 0.008  adv_std 0.130  tR +0.49  ent[s/d/p/e] 1.18/2.78/1.33/0.66  emits 1.52  clip 0.00  kl +0.001
upd  211  steps 1736704  sps 4851  opp rand  loss -0.050  pg -0.0005  v 0.008  adv_std 0.124  tR +0.03  ent[s/d/p/e] 1.32/2.85/1.33/0.65  emits 1.53  clip 0.00  kl +0.000
upd  212  steps 1744896  sps 4865  opp rand  loss -0.049  pg -0.0008  v 0.009  adv_std 0.131  tR +0.00  ent[s/d/p/e] 1.03/2.80/1.33/0.66  emits 1.45  clip 0.00  kl -0.000
upd  213  steps 1753088  sps 4878  opp rand  loss -0.051  pg -0.0007  v 0.006  adv_std 0.112  tR +0.34  ent[s/d/p/e] 1.24/2.85/1.32/0.65  emits 1.49  clip 0.00  kl +0.000
upd  214  steps 1761280  sps 4892  opp rand  loss -0.049  pg -0.0004  v 0.008  adv_std 0.124  tR +0.41  ent[s/d/p/e] 1.13/2.80/1.32/0.66  emits 1.52  clip 0.00  kl +0.000
upd  215  steps 1769472  sps 4906  opp rand  loss -0.049  pg -0.0007  v 0.009  adv_std 0.131  tR +0.28  ent[s/d/p/e] 1.03/2.81/1.32/0.66  emits 1.51  clip 0.00  kl +0.000
upd  216  steps 1777664  sps 4919  opp frzn  loss -0.050  pg -0.0006  v 0.008  adv_std 0.127  tR +0.10  ent[s/d/p/e] 1.22/2.80/1.32/0.67  emits 1.62  clip 0.00  kl +0.000
upd  217  steps 1785856  sps 4932  opp frzn  loss -0.050  pg -0.0006  v 0.008  adv_std 0.125  tR +0.35  ent[s/d/p/e] 1.23/2.81/1.32/0.67  emits 1.59  clip 0.00  kl +0.000
upd  218  steps 1794048  sps 4945  opp frzn  loss -0.052  pg -0.0006  v 0.007  adv_std 0.118  tR +0.38  ent[s/d/p/e] 1.39/2.81/1.32/0.68  emits 1.68  clip 0.00  kl +0.000
upd  219  steps 1802240  sps 4958  opp frzn  loss -0.051  pg -0.0006  v 0.009  adv_std 0.134  tR +0.57  ent[s/d/p/e] 1.41/2.82/1.32/0.68  emits 1.65  clip 0.00  kl +0.001 WRr 0.59 WRf 0.69
upd  220  steps 1810432  sps 4861  opp rand  loss -0.052  pg -0.0008  v 0.006  adv_std 0.111  tR +0.21  ent[s/d/p/e] 1.31/2.80/1.33/0.68  emits 1.69  clip 0.00  kl +0.000
upd  221  steps 1818624  sps 4874  opp rand  loss -0.050  pg -0.0005  v 0.007  adv_std 0.122  tR +0.33  ent[s/d/p/e] 1.22/2.82/1.32/0.67  emits 1.60  clip 0.00  kl +0.000
upd  222  steps 1826816  sps 4888  opp rand  loss -0.051  pg -0.0004  v 0.007  adv_std 0.121  tR -0.26  ent[s/d/p/e] 1.26/2.84/1.32/0.68  emits 1.66  clip 0.00  kl +0.000
upd  223  steps 1835008  sps 4900  opp frzn  loss -0.049  pg -0.0006  v 0.010  adv_std 0.144  tR +0.40  ent[s/d/p/e] 1.09/2.80/1.32/0.68  emits 1.64  clip 0.00  kl +0.001
upd  224  steps 1843200  sps 4913  opp rand  loss -0.052  pg -0.0009  v 0.006  adv_std 0.112  tR +0.42  ent[s/d/p/e] 1.25/2.84/1.32/0.68  emits 1.71  clip 0.00  kl +0.000
upd  225  steps 1851392  sps 4926  opp frzn  loss -0.050  pg -0.0003  v 0.009  adv_std 0.131  tR +0.22  ent[s/d/p/e] 1.24/2.80/1.32/0.68  emits 1.70  clip 0.00  kl +0.000
upd  226  steps 1859584  sps 4939  opp rand  loss -0.052  pg -0.0013  v 0.006  adv_std 0.113  tR +0.43  ent[s/d/p/e] 1.30/2.84/1.32/0.68  emits 1.73  clip 0.01  kl +0.000
upd  227  steps 1867776  sps 4951  opp frzn  loss -0.051  pg -0.0008  v 0.007  adv_std 0.115  tR +0.03  ent[s/d/p/e] 1.22/2.83/1.32/0.68  emits 1.83  clip 0.00  kl +0.000
upd  228  steps 1875968  sps 4964  opp frzn  loss -0.051  pg -0.0006  v 0.008  adv_std 0.127  tR +0.43  ent[s/d/p/e] 1.29/2.84/1.31/0.68  emits 1.75  clip 0.00  kl +0.000
upd  229  steps 1884160  sps 4977  opp rand  loss -0.050  pg -0.0006  v 0.008  adv_std 0.126  tR +0.58  ent[s/d/p/e] 1.13/2.81/1.31/0.68  emits 1.80  clip 0.00  kl +0.000 WRr 0.69 WRf 0.81
upd  230  steps 1892352  sps 4882  opp frzn  loss -0.050  pg -0.0005  v 0.009  adv_std 0.136  tR +0.15  ent[s/d/p/e] 1.31/2.84/1.31/0.68  emits 1.80  clip 0.00  kl -0.000
upd  231  steps 1900544  sps 4894  opp frzn  loss -0.051  pg -0.0008  v 0.007  adv_std 0.122  tR +0.38  ent[s/d/p/e] 1.18/2.81/1.31/0.68  emits 1.79  clip 0.00  kl +0.000
upd  232  steps 1908736  sps 4906  opp frzn  loss -0.051  pg -0.0006  v 0.008  adv_std 0.128  tR +0.42  ent[s/d/p/e] 1.37/2.82/1.31/0.69  emits 1.87  clip 0.00  kl -0.000
upd  233  steps 1916928  sps 4918  opp frzn  loss -0.051  pg -0.0006  v 0.007  adv_std 0.116  tR +0.24  ent[s/d/p/e] 1.27/2.81/1.31/0.68  emits 1.83  clip 0.00  kl +0.000
upd  234  steps 1925120  sps 4930  opp frzn  loss -0.053  pg -0.0010  v 0.006  adv_std 0.106  tR +0.38  ent[s/d/p/e] 1.35/2.81/1.31/0.68  emits 1.78  clip 0.01  kl +0.001
upd  235  steps 1933312  sps 4942  opp frzn  loss -0.051  pg -0.0005  v 0.007  adv_std 0.118  tR +0.24  ent[s/d/p/e] 1.35/2.80/1.31/0.68  emits 1.79  clip 0.00  kl +0.000
upd  236  steps 1941504  sps 4955  opp rand  loss -0.050  pg -0.0009  v 0.009  adv_std 0.134  tR +0.22  ent[s/d/p/e] 1.14/2.81/1.31/0.68  emits 1.69  clip 0.00  kl +0.001
upd  237  steps 1949696  sps 4967  opp frzn  loss -0.051  pg -0.0005  v 0.007  adv_std 0.116  tR +0.20  ent[s/d/p/e] 1.19/2.81/1.30/0.68  emits 1.68  clip 0.00  kl +0.000
upd  238  steps 1957888  sps 4979  opp rand  loss -0.050  pg -0.0005  v 0.008  adv_std 0.127  tR +0.33  ent[s/d/p/e] 1.22/2.81/1.30/0.68  emits 1.70  clip 0.00  kl +0.000
upd  239  steps 1966080  sps 4991  opp frzn  loss -0.049  pg -0.0006  v 0.009  adv_std 0.136  tR +0.03  ent[s/d/p/e] 1.16/2.81/1.30/0.68  emits 1.73  clip 0.00  kl +0.000 WRr 0.75 WRf 0.78
upd  240  steps 1974272  sps 4888  opp frzn  loss -0.053  pg -0.0012  v 0.005  adv_std 0.101  tR +0.59  ent[s/d/p/e] 1.36/2.80/1.30/0.68  emits 1.77  clip 0.01  kl +0.001
upd  241  steps 1982464  sps 4900  opp rand  loss -0.050  pg -0.0007  v 0.009  adv_std 0.134  tR +0.57  ent[s/d/p/e] 1.37/2.79/1.30/0.68  emits 1.75  clip 0.00  kl +0.000
upd  242  steps 1990656  sps 4912  opp frzn  loss -0.050  pg -0.0005  v 0.009  adv_std 0.134  tR +0.06  ent[s/d/p/e] 1.28/2.79/1.30/0.68  emits 1.68  clip 0.00  kl +0.000
upd  243  steps 1998848  sps 4924  opp frzn  loss -0.050  pg -0.0003  v 0.008  adv_std 0.129  tR +0.24  ent[s/d/p/e] 1.20/2.77/1.31/0.68  emits 1.70  clip 0.00  kl +0.000
upd  244  steps 2007040  sps 4936  opp rand  loss -0.052  pg -0.0008  v 0.006  adv_std 0.108  tR -0.16  ent[s/d/p/e] 1.34/2.82/1.30/0.68  emits 1.72  clip 0.00  kl +0.000
upd  245  steps 2015232  sps 4947  opp frzn  loss -0.049  pg -0.0005  v 0.009  adv_std 0.137  tR +0.05  ent[s/d/p/e] 1.19/2.76/1.31/0.68  emits 1.69  clip 0.00  kl +0.000
upd  246  steps 2023424  sps 4959  opp frzn  loss -0.051  pg -0.0009  v 0.007  adv_std 0.119  tR +0.37  ent[s/d/p/e] 1.33/2.79/1.30/0.68  emits 1.81  clip 0.00  kl +0.000
upd  247  steps 2031616  sps 4970  opp frzn  loss -0.049  pg -0.0005  v 0.009  adv_std 0.133  tR +0.29  ent[s/d/p/e] 1.09/2.74/1.30/0.68  emits 1.75  clip 0.00  kl -0.000
upd  248  steps 2039808  sps 4982  opp rand  loss -0.050  pg -0.0011  v 0.009  adv_std 0.134  tR +0.03  ent[s/d/p/e] 1.20/2.75/1.29/0.68  emits 1.73  clip 0.00  kl +0.000
upd  249  steps 2048000  sps 4994  opp frzn  loss -0.050  pg -0.0005  v 0.008  adv_std 0.128  tR +0.52  ent[s/d/p/e] 1.31/2.75/1.29/0.68  emits 1.78  clip 0.00  kl +0.000 WRr 0.59 WRf 0.72
upd  250  steps 2056192  sps 4905  opp frzn  loss -0.051  pg -0.0008  v 0.007  adv_std 0.116  tR +0.28  ent[s/d/p/e] 1.34/2.73/1.30/0.68  emits 1.69  clip 0.00  kl -0.000
upd  251  steps 2064384  sps 4917  opp frzn  loss -0.051  pg -0.0003  v 0.007  adv_std 0.117  tR +0.35  ent[s/d/p/e] 1.31/2.75/1.29/0.68  emits 1.65  clip 0.00  kl +0.000
upd  252  steps 2072576  sps 4928  opp rand  loss -0.051  pg -0.0011  v 0.007  adv_std 0.121  tR +0.26  ent[s/d/p/e] 1.27/2.74/1.29/0.68  emits 1.70  clip 0.00  kl +0.000
upd  253  steps 2080768  sps 4939  opp frzn  loss -0.051  pg -0.0005  v 0.006  adv_std 0.112  tR +0.38  ent[s/d/p/e] 1.36/2.76/1.29/0.68  emits 1.69  clip 0.00  kl +0.000
upd  254  steps 2088960  sps 4951  opp rand  loss -0.050  pg -0.0006  v 0.008  adv_std 0.128  tR +0.29  ent[s/d/p/e] 1.21/2.73/1.29/0.68  emits 1.71  clip 0.00  kl +0.000
upd  255  steps 2097152  sps 4962  opp frzn  loss -0.048  pg -0.0005  v 0.010  adv_std 0.140  tR +0.45  ent[s/d/p/e] 1.17/2.77/1.29/0.68  emits 1.70  clip 0.00  kl +0.000
upd  256  steps 2105344  sps 4974  opp rand  loss -0.050  pg -0.0005  v 0.006  adv_std 0.111  tR +0.14  ent[s/d/p/e] 1.15/2.74/1.30/0.68  emits 1.66  clip 0.00  kl +0.000
upd  257  steps 2113536  sps 4985  opp frzn  loss -0.050  pg -0.0005  v 0.008  adv_std 0.123  tR +0.37  ent[s/d/p/e] 1.18/2.74/1.30/0.68  emits 1.65  clip 0.00  kl +0.000
upd  258  steps 2121728  sps 4997  opp rand  loss -0.051  pg -0.0007  v 0.006  adv_std 0.114  tR +0.34  ent[s/d/p/e] 1.21/2.73/1.30/0.68  emits 1.65  clip 0.00  kl +0.001
upd  259  steps 2129920  sps 5008  opp rand  loss -0.049  pg -0.0004  v 0.010  adv_std 0.138  tR +0.05  ent[s/d/p/e] 1.24/2.73/1.30/0.68  emits 1.70  clip 0.00  kl +0.000 WRr 0.72 WRf 0.75
upd  260  steps 2138112  sps 4924  opp rand  loss -0.051  pg -0.0009  v 0.007  adv_std 0.118  tR +0.41  ent[s/d/p/e] 1.27/2.71/1.30/0.68  emits 1.72  clip 0.00  kl -0.000
upd  261  steps 2146304  sps 4934  opp frzn  loss -0.050  pg -0.0005  v 0.008  adv_std 0.126  tR +0.30  ent[s/d/p/e] 1.27/2.73/1.29/0.68  emits 1.65  clip 0.00  kl +0.000
upd  262  steps 2154496  sps 4945  opp frzn  loss -0.051  pg -0.0013  v 0.006  adv_std 0.111  tR +0.31  ent[s/d/p/e] 1.14/2.70/1.30/0.68  emits 1.70  clip 0.00  kl +0.000
upd  263  steps 2162688  sps 4957  opp rand  loss -0.051  pg -0.0008  v 0.008  adv_std 0.126  tR +0.50  ent[s/d/p/e] 1.34/2.71/1.31/0.68  emits 1.72  clip 0.00  kl +0.000
upd  264  steps 2170880  sps 4967  opp frzn  loss -0.051  pg -0.0008  v 0.008  adv_std 0.125  tR +0.44  ent[s/d/p/e] 1.34/2.73/1.31/0.68  emits 1.68  clip 0.00  kl +0.000
upd  265  steps 2179072  sps 4979  opp rand  loss -0.049  pg -0.0004  v 0.009  adv_std 0.134  tR +0.25  ent[s/d/p/e] 1.24/2.70/1.31/0.68  emits 1.60  clip 0.00  kl +0.000
upd  266  steps 2187264  sps 4990  opp rand  loss -0.051  pg -0.0007  v 0.006  adv_std 0.108  tR +0.53  ent[s/d/p/e] 1.16/2.75/1.31/0.68  emits 1.61  clip 0.00  kl +0.000
upd  267  steps 2195456  sps 5000  opp frzn  loss -0.050  pg -0.0004  v 0.008  adv_std 0.125  tR +0.40  ent[s/d/p/e] 1.15/2.72/1.31/0.67  emits 1.60  clip 0.00  kl -0.000
upd  268  steps 2203648  sps 5011  opp frzn  loss -0.051  pg -0.0005  v 0.008  adv_std 0.123  tR +0.58  ent[s/d/p/e] 1.39/2.75/1.31/0.68  emits 1.62  clip 0.00  kl +0.000
upd  269  steps 2211840  sps 5021  opp frzn  loss -0.050  pg -0.0006  v 0.008  adv_std 0.127  tR +0.30  ent[s/d/p/e] 1.18/2.67/1.31/0.68  emits 1.61  clip 0.00  kl +0.000 WRr 0.66 WRf 0.84
upd  270  steps 2220032  sps 4939  opp frzn  loss -0.051  pg -0.0006  v 0.008  adv_std 0.123  tR +0.33  ent[s/d/p/e] 1.48/2.76/1.31/0.67  emits 1.65  clip 0.00  kl +0.000
upd  271  steps 2228224  sps 4950  opp rand  loss -0.051  pg -0.0011  v 0.007  adv_std 0.119  tR +0.51  ent[s/d/p/e] 1.23/2.66/1.31/0.68  emits 1.63  clip 0.00  kl +0.001
upd  272  steps 2236416  sps 4960  opp frzn  loss -0.050  pg -0.0006  v 0.009  adv_std 0.134  tR +0.32  ent[s/d/p/e] 1.28/2.71/1.31/0.68  emits 1.64  clip 0.00  kl +0.000
upd  273  steps 2244608  sps 4970  opp frzn  loss -0.052  pg -0.0008  v 0.005  adv_std 0.102  tR +0.36  ent[s/d/p/e] 1.17/2.64/1.31/0.68  emits 1.65  clip 0.00  kl -0.000
upd  274  steps 2252800  sps 4981  opp rand  loss -0.051  pg -0.0012  v 0.008  adv_std 0.127  tR +0.50  ent[s/d/p/e] 1.25/2.70/1.31/0.68  emits 1.68  clip 0.00  kl +0.000
upd  275  steps 2260992  sps 4992  opp frzn  loss -0.051  pg -0.0006  v 0.006  adv_std 0.112  tR +0.49  ent[s/d/p/e] 1.21/2.63/1.31/0.68  emits 1.65  clip 0.00  kl +0.000
upd  276  steps 2269184  sps 5002  opp frzn  loss -0.051  pg -0.0008  v 0.007  adv_std 0.117  tR +0.46  ent[s/d/p/e] 1.32/2.68/1.31/0.68  emits 1.64  clip 0.00  kl +0.001
upd  277  steps 2277376  sps 5013  opp rand  loss -0.050  pg -0.0007  v 0.009  adv_std 0.134  tR +0.41  ent[s/d/p/e] 1.24/2.63/1.31/0.68  emits 1.65  clip 0.00  kl -0.000
upd  278  steps 2285568  sps 5023  opp frzn  loss -0.051  pg -0.0007  v 0.007  adv_std 0.120  tR +0.50  ent[s/d/p/e] 1.23/2.68/1.31/0.68  emits 1.67  clip 0.00  kl +0.000
upd  279  steps 2293760  sps 5034  opp rand  loss -0.050  pg -0.0011  v 0.008  adv_std 0.127  tR +0.17  ent[s/d/p/e] 1.11/2.63/1.31/0.68  emits 1.65  clip 0.00  kl +0.000 WRr 0.69 WRf 0.72
upd  280  steps 2301952  sps 4944  opp rand  loss -0.050  pg -0.0005  v 0.009  adv_std 0.134  tR +0.20  ent[s/d/p/e] 1.28/2.67/1.31/0.67  emits 1.60  clip 0.00  kl +0.000
upd  281  steps 2310144  sps 4954  opp frzn  loss -0.050  pg -0.0004  v 0.007  adv_std 0.121  tR +0.37  ent[s/d/p/e] 1.22/2.62/1.31/0.68  emits 1.63  clip 0.00  kl +0.000
upd  282  steps 2318336  sps 4964  opp frzn  loss -0.050  pg -0.0006  v 0.008  adv_std 0.127  tR +0.44  ent[s/d/p/e] 1.27/2.63/1.31/0.68  emits 1.64  clip 0.00  kl +0.000
upd  283  steps 2326528  sps 4975  opp rand  loss -0.052  pg -0.0008  v 0.005  adv_std 0.104  tR +0.35  ent[s/d/p/e] 1.36/2.66/1.31/0.68  emits 1.70  clip 0.00  kl +0.001
upd  284  steps 2334720  sps 4985  opp frzn  loss -0.051  pg -0.0007  v 0.007  adv_std 0.122  tR +0.16  ent[s/d/p/e] 1.33/2.63/1.31/0.68  emits 1.70  clip 0.00  kl +0.000
upd  285  steps 2342912  sps 4995  opp rand  loss -0.051  pg -0.0010  v 0.007  adv_std 0.121  tR +0.26  ent[s/d/p/e] 1.25/2.60/1.31/0.68  emits 1.65  clip 0.00  kl +0.000
upd  286  steps 2351104  sps 5006  opp rand  loss -0.050  pg -0.0005  v 0.010  adv_std 0.139  tR +0.31  ent[s/d/p/e] 1.39/2.62/1.31/0.68  emits 1.68  clip 0.00  kl +0.000
upd  287  steps 2359296  sps 5016  opp rand  loss -0.052  pg -0.0010  v 0.006  adv_std 0.114  tR +0.25  ent[s/d/p/e] 1.34/2.60/1.31/0.68  emits 1.68  clip 0.00  kl +0.000
upd  288  steps 2367488  sps 5026  opp rand  loss -0.049  pg -0.0009  v 0.010  adv_std 0.143  tR +0.27  ent[s/d/p/e] 1.23/2.64/1.30/0.68  emits 1.64  clip 0.00  kl +0.000
upd  289  steps 2375680  sps 5037  opp rand  loss -0.051  pg -0.0007  v 0.007  adv_std 0.115  tR +0.67  ent[s/d/p/e] 1.22/2.59/1.30/0.68  emits 1.65  clip 0.00  kl -0.000 WRr 0.62 WRf 0.78
upd  290  steps 2383872  sps 4960  opp rand  loss -0.050  pg -0.0003  v 0.007  adv_std 0.123  tR +0.42  ent[s/d/p/e] 1.22/2.62/1.30/0.68  emits 1.62  clip 0.00  kl +0.000
upd  291  steps 2392064  sps 4969  opp frzn  loss -0.051  pg -0.0007  v 0.007  adv_std 0.118  tR +0.34  ent[s/d/p/e] 1.33/2.62/1.30/0.68  emits 1.67  clip 0.00  kl -0.000
upd  292  steps 2400256  sps 4980  opp rand  loss -0.051  pg -0.0005  v 0.007  adv_std 0.119  tR +0.07  ent[s/d/p/e] 1.28/2.63/1.31/0.67  emits 1.61  clip 0.00  kl +0.000
upd  293  steps 2408448  sps 4990  opp rand  loss -0.051  pg -0.0008  v 0.007  adv_std 0.117  tR +0.35  ent[s/d/p/e] 1.29/2.58/1.31/0.68  emits 1.62  clip 0.00  kl +0.000
upd  294  steps 2416640  sps 5000  opp rand  loss -0.050  pg -0.0005  v 0.008  adv_std 0.126  tR +0.30  ent[s/d/p/e] 1.22/2.62/1.30/0.68  emits 1.63  clip 0.00  kl +0.000
upd  295  steps 2424832  sps 5010  opp rand  loss -0.049  pg -0.0007  v 0.010  adv_std 0.140  tR +0.44  ent[s/d/p/e] 1.15/2.62/1.30/0.67  emits 1.60  clip 0.00  kl +0.000
upd  296  steps 2433024  sps 5020  opp rand  loss -0.050  pg -0.0006  v 0.008  adv_std 0.124  tR +0.33  ent[s/d/p/e] 1.27/2.63/1.30/0.67  emits 1.65  clip 0.00  kl +0.001
upd  297  steps 2441216  sps 5030  opp frzn  loss -0.051  pg -0.0008  v 0.007  adv_std 0.115  tR +0.37  ent[s/d/p/e] 1.32/2.58/1.31/0.67  emits 1.62  clip 0.00  kl +0.000
upd  298  steps 2449408  sps 5039  opp frzn  loss -0.051  pg -0.0005  v 0.007  adv_std 0.116  tR +0.45  ent[s/d/p/e] 1.31/2.59/1.30/0.67  emits 1.63  clip 0.00  kl +0.000
upd  299  steps 2457600  sps 5049  opp frzn  loss -0.052  pg -0.0005  v 0.007  adv_std 0.116  tR +0.50  ent[s/d/p/e] 1.49/2.62/1.31/0.67  emits 1.67  clip 0.00  kl +0.000 WRr 0.69 WRf 0.84
upd  300  steps 2465792  sps 4974  opp frzn  loss -0.052  pg -0.0007  v 0.005  adv_std 0.101  tR +0.61  ent[s/d/p/e] 1.40/2.62/1.31/0.68  emits 1.69  clip 0.00  kl -0.000
upd  301  steps 2473984  sps 4983  opp frzn  loss -0.051  pg -0.0004  v 0.008  adv_std 0.124  tR +0.51  ent[s/d/p/e] 1.37/2.64/1.31/0.68  emits 1.71  clip 0.00  kl +0.000
upd  302  steps 2482176  sps 4992  opp frzn  loss -0.051  pg -0.0005  v 0.007  adv_std 0.119  tR +0.42  ent[s/d/p/e] 1.26/2.63/1.31/0.68  emits 1.68  clip 0.00  kl +0.000
upd  303  steps 2490368  sps 5002  opp rand  loss -0.050  pg -0.0006  v 0.007  adv_std 0.119  tR +0.51  ent[s/d/p/e] 1.21/2.65/1.31/0.67  emits 1.67  clip 0.00  kl +0.000
upd  304  steps 2498560  sps 5012  opp frzn  loss -0.051  pg -0.0008  v 0.007  adv_std 0.121  tR +0.20  ent[s/d/p/e] 1.36/2.63/1.31/0.68  emits 1.70  clip 0.00  kl +0.000
upd  305  steps 2506752  sps 5021  opp rand  loss -0.051  pg -0.0011  v 0.008  adv_std 0.128  tR +0.56  ent[s/d/p/e] 1.35/2.60/1.31/0.67  emits 1.62  clip 0.00  kl +0.000
upd  306  steps 2514944  sps 5031  opp rand  loss -0.053  pg -0.0005  v 0.005  adv_std 0.097  tR +0.60  ent[s/d/p/e] 1.51/2.66/1.32/0.68  emits 1.64  clip 0.00  kl +0.001
upd  307  steps 2523136  sps 5041  opp rand  loss -0.050  pg -0.0005  v 0.008  adv_std 0.127  tR +0.50  ent[s/d/p/e] 1.27/2.64/1.31/0.67  emits 1.60  clip 0.00  kl -0.000
upd  308  steps 2531328  sps 5050  opp frzn  loss -0.051  pg -0.0005  v 0.007  adv_std 0.116  tR +0.29  ent[s/d/p/e] 1.29/2.63/1.31/0.67  emits 1.68  clip 0.00  kl +0.001
upd  309  steps 2539520  sps 5059  opp frzn  loss -0.049  pg -0.0006  v 0.007  adv_std 0.122  tR +0.32  ent[s/d/p/e] 1.09/2.59/1.32/0.67  emits 1.60  clip 0.00  kl +0.000 WRr 0.78 WRf 0.75
upd  310  steps 2547712  sps 4986  opp frzn  loss -0.051  pg -0.0006  v 0.006  adv_std 0.115  tR +0.30  ent[s/d/p/e] 1.33/2.63/1.31/0.67  emits 1.65  clip 0.00  kl +0.000
upd  311  steps 2555904  sps 4995  opp frzn  loss -0.049  pg -0.0005  v 0.009  adv_std 0.132  tR +0.50  ent[s/d/p/e] 1.19/2.59/1.32/0.67  emits 1.61  clip 0.00  kl -0.000
upd  312  steps 2564096  sps 5005  opp rand  loss -0.051  pg -0.0006  v 0.005  adv_std 0.104  tR +0.50  ent[s/d/p/e] 1.30/2.62/1.31/0.67  emits 1.60  clip 0.00  kl +0.000
upd  313  steps 2572288  sps 5014  opp rand  loss -0.050  pg -0.0010  v 0.008  adv_std 0.124  tR +0.25  ent[s/d/p/e] 1.22/2.60/1.32/0.67  emits 1.61  clip 0.00  kl +0.000
upd  314  steps 2580480  sps 5024  opp rand  loss -0.049  pg -0.0006  v 0.009  adv_std 0.135  tR +0.16  ent[s/d/p/e] 1.26/2.61/1.32/0.66  emits 1.61  clip 0.00  kl +0.000
upd  315  steps 2588672  sps 5033  opp rand  loss -0.051  pg -0.0007  v 0.007  adv_std 0.120  tR +0.38  ent[s/d/p/e] 1.31/2.60/1.32/0.67  emits 1.62  clip 0.00  kl +0.000
upd  316  steps 2596864  sps 5042  opp frzn  loss -0.050  pg -0.0005  v 0.008  adv_std 0.129  tR +0.17  ent[s/d/p/e] 1.27/2.62/1.31/0.67  emits 1.60  clip 0.00  kl +0.000
upd  317  steps 2605056  sps 5052  opp rand  loss -0.052  pg -0.0012  v 0.006  adv_std 0.111  tR +0.52  ent[s/d/p/e] 1.34/2.60/1.31/0.67  emits 1.63  clip 0.00  kl +0.000
upd  318  steps 2613248  sps 5061  opp rand  loss -0.050  pg -0.0008  v 0.008  adv_std 0.124  tR +0.30  ent[s/d/p/e] 1.17/2.59/1.31/0.67  emits 1.59  clip 0.00  kl +0.000
upd  319  steps 2621440  sps 5070  opp frzn  loss -0.050  pg -0.0004  v 0.008  adv_std 0.131  tR +0.18  ent[s/d/p/e] 1.35/2.63/1.30/0.66  emits 1.61  clip 0.00  kl +0.000 WRr 0.94 WRf 0.75
upd  320  steps 2629632  sps 4998  opp frzn  loss -0.052  pg -0.0009  v 0.006  adv_std 0.109  tR +0.11  ent[s/d/p/e] 1.29/2.55/1.31/0.68  emits 1.64  clip 0.01  kl +0.000
upd  321  steps 2637824  sps 5008  opp rand  loss -0.050  pg -0.0004  v 0.007  adv_std 0.122  tR +0.47  ent[s/d/p/e] 1.28/2.62/1.31/0.67  emits 1.64  clip 0.00  kl +0.000
upd  322  steps 2646016  sps 5016  opp frzn  loss -0.050  pg -0.0011  v 0.007  adv_std 0.118  tR +0.16  ent[s/d/p/e] 1.16/2.57/1.31/0.67  emits 1.69  clip 0.00  kl +0.001
upd  323  steps 2654208  sps 5025  opp frzn  loss -0.048  pg -0.0007  v 0.010  adv_std 0.145  tR +0.11  ent[s/d/p/e] 1.20/2.64/1.30/0.67  emits 1.62  clip 0.00  kl +0.000
upd  324  steps 2662400  sps 5034  opp rand  loss -0.048  pg -0.0006  v 0.011  adv_std 0.148  tR +0.48  ent[s/d/p/e] 1.23/2.60/1.30/0.68  emits 1.68  clip 0.00  kl +0.000
upd  325  steps 2670592  sps 5043  opp frzn  loss -0.050  pg -0.0007  v 0.009  adv_std 0.134  tR +0.27  ent[s/d/p/e] 1.38/2.65/1.30/0.67  emits 1.60  clip 0.00  kl +0.001
upd  326  steps 2678784  sps 5052  opp rand  loss -0.049  pg -0.0004  v 0.008  adv_std 0.128  tR +0.21  ent[s/d/p/e] 1.25/2.61/1.30/0.67  emits 1.58  clip 0.00  kl +0.000
upd  327  steps 2686976  sps 5061  opp frzn  loss -0.049  pg -0.0008  v 0.008  adv_std 0.127  tR +0.21  ent[s/d/p/e] 1.18/2.61/1.30/0.66  emits 1.54  clip 0.00  kl +0.000
upd  328  steps 2695168  sps 5070  opp rand  loss -0.050  pg -0.0008  v 0.007  adv_std 0.119  tR +0.33  ent[s/d/p/e] 1.21/2.60/1.30/0.67  emits 1.56  clip 0.00  kl +0.001
upd  329  steps 2703360  sps 5079  opp frzn  loss -0.050  pg -0.0006  v 0.007  adv_std 0.122  tR +0.11  ent[s/d/p/e] 1.22/2.61/1.30/0.66  emits 1.54  clip 0.00  kl +0.000 WRr 0.78 WRf 0.72
upd  330  steps 2711552  sps 4999  opp frzn  loss -0.050  pg -0.0007  v 0.008  adv_std 0.123  tR +0.31  ent[s/d/p/e] 1.32/2.61/1.30/0.67  emits 1.62  clip 0.00  kl +0.000
upd  331  steps 2719744  sps 5008  opp rand  loss -0.049  pg -0.0004  v 0.007  adv_std 0.121  tR +0.70  ent[s/d/p/e] 1.21/2.58/1.30/0.66  emits 1.57  clip 0.00  kl +0.000
upd  332  steps 2727936  sps 5017  opp rand  loss -0.051  pg -0.0009  v 0.006  adv_std 0.113  tR +0.31  ent[s/d/p/e] 1.33/2.57/1.30/0.67  emits 1.59  clip 0.00  kl +0.000
upd  333  steps 2736128  sps 5025  opp frzn  loss -0.049  pg -0.0007  v 0.009  adv_std 0.136  tR +0.54  ent[s/d/p/e] 1.28/2.58/1.30/0.67  emits 1.61  clip 0.00  kl +0.000
upd  334  steps 2744320  sps 5034  opp rand  loss -0.050  pg -0.0007  v 0.007  adv_std 0.115  tR +0.53  ent[s/d/p/e] 1.18/2.59/1.30/0.67  emits 1.64  clip 0.00  kl +0.000
upd  335  steps 2752512  sps 5043  opp rand  loss -0.050  pg -0.0007  v 0.007  adv_std 0.121  tR +0.53  ent[s/d/p/e] 1.23/2.64/1.30/0.67  emits 1.63  clip 0.00  kl +0.000
upd  336  steps 2760704  sps 5052  opp frzn  loss -0.050  pg -0.0007  v 0.008  adv_std 0.126  tR +0.17  ent[s/d/p/e] 1.22/2.61/1.30/0.67  emits 1.65  clip 0.00  kl +0.000
upd  337  steps 2768896  sps 5061  opp rand  loss -0.050  pg -0.0009  v 0.009  adv_std 0.133  tR +0.36  ent[s/d/p/e] 1.21/2.57/1.30/0.67  emits 1.66  clip 0.00  kl -0.000
upd  338  steps 2777088  sps 5069  opp frzn  loss -0.051  pg -0.0009  v 0.007  adv_std 0.122  tR +0.12  ent[s/d/p/e] 1.42/2.64/1.29/0.68  emits 1.66  clip 0.00  kl +0.001
upd  339  steps 2785280  sps 5078  opp rand  loss -0.050  pg -0.0008  v 0.008  adv_std 0.125  tR +0.49  ent[s/d/p/e] 1.23/2.59/1.30/0.67  emits 1.67  clip 0.00  kl +0.000 WRr 0.75 WRf 0.66
upd  340  steps 2793472  sps 5011  opp rand  loss -0.050  pg -0.0008  v 0.008  adv_std 0.126  tR +0.53  ent[s/d/p/e] 1.34/2.64/1.29/0.67  emits 1.65  clip 0.00  kl +0.000
upd  341  steps 2801664  sps 5020  opp rand  loss -0.049  pg -0.0004  v 0.009  adv_std 0.132  tR +0.19  ent[s/d/p/e] 1.23/2.58/1.29/0.67  emits 1.58  clip 0.00  kl +0.000
upd  342  steps 2809856  sps 5028  opp frzn  loss -0.050  pg -0.0005  v 0.008  adv_std 0.125  tR +0.59  ent[s/d/p/e] 1.38/2.62/1.29/0.67  emits 1.62  clip 0.00  kl +0.000
upd  343  steps 2818048  sps 5036  opp frzn  loss -0.051  pg -0.0005  v 0.005  adv_std 0.105  tR +0.03  ent[s/d/p/e] 1.29/2.55/1.29/0.68  emits 1.60  clip 0.00  kl +0.000
upd  344  steps 2826240  sps 5044  opp frzn  loss -0.051  pg -0.0007  v 0.008  adv_std 0.125  tR +0.54  ent[s/d/p/e] 1.47/2.63/1.29/0.68  emits 1.66  clip 0.00  kl -0.000
upd  345  steps 2834432  sps 5053  opp rand  loss -0.052  pg -0.0009  v 0.006  adv_std 0.105  tR +0.58  ent[s/d/p/e] 1.34/2.56/1.30/0.68  emits 1.67  clip 0.00  kl +0.000
upd  346  steps 2842624  sps 5062  opp rand  loss -0.052  pg -0.0008  v 0.006  adv_std 0.106  tR +0.62  ent[s/d/p/e] 1.41/2.63/1.29/0.68  emits 1.68  clip 0.00  kl +0.001
upd  347  steps 2850816  sps 5070  opp frzn  loss -0.050  pg -0.0007  v 0.009  adv_std 0.131  tR +0.43  ent[s/d/p/e] 1.33/2.53/1.29/0.68  emits 1.70  clip 0.00  kl +0.000
upd  348  steps 2859008  sps 5078  opp frzn  loss -0.051  pg -0.0006  v 0.007  adv_std 0.115  tR +0.41  ent[s/d/p/e] 1.33/2.59/1.30/0.68  emits 1.71  clip 0.00  kl +0.000
upd  349  steps 2867200  sps 5086  opp frzn  loss -0.052  pg -0.0010  v 0.006  adv_std 0.109  tR +0.30  ent[s/d/p/e] 1.33/2.56/1.30/0.68  emits 1.77  clip 0.00  kl +0.000 WRr 0.75 WRf 0.75
upd  350  steps 2875392  sps 5021  opp rand  loss -0.051  pg -0.0006  v 0.007  adv_std 0.119  tR +0.27  ent[s/d/p/e] 1.36/2.54/1.30/0.68  emits 1.74  clip 0.00  kl -0.000
upd  351  steps 2883584  sps 5029  opp rand  loss -0.051  pg -0.0009  v 0.008  adv_std 0.124  tR +0.49  ent[s/d/p/e] 1.41/2.55/1.30/0.68  emits 1.77  clip 0.00  kl +0.000
upd  352  steps 2891776  sps 5038  opp rand  loss -0.051  pg -0.0010  v 0.006  adv_std 0.114  tR +0.60  ent[s/d/p/e] 1.25/2.52/1.30/0.68  emits 1.75  clip 0.00  kl +0.001
upd  353  steps 2899968  sps 5046  opp frzn  loss -0.051  pg -0.0013  v 0.008  adv_std 0.124  tR +0.56  ent[s/d/p/e] 1.24/2.50/1.30/0.68  emits 1.78  clip 0.00  kl +0.001
upd  354  steps 2908160  sps 5054  opp rand  loss -0.052  pg -0.0008  v 0.004  adv_std 0.086  tR +0.55  ent[s/d/p/e] 1.24/2.46/1.30/0.68  emits 1.79  clip 0.00  kl +0.000
upd  355  steps 2916352  sps 5063  opp rand  loss -0.051  pg -0.0008  v 0.007  adv_std 0.116  tR +0.49  ent[s/d/p/e] 1.33/2.48/1.30/0.68  emits 1.76  clip 0.00  kl +0.000
upd  356  steps 2924544  sps 5071  opp rand  loss -0.051  pg -0.0005  v 0.006  adv_std 0.112  tR +0.15  ent[s/d/p/e] 1.27/2.44/1.30/0.68  emits 1.76  clip 0.00  kl +0.000
upd  357  steps 2932736  sps 5080  opp rand  loss -0.051  pg -0.0010  v 0.007  adv_std 0.118  tR +0.41  ent[s/d/p/e] 1.31/2.47/1.30/0.68  emits 1.80  clip 0.00  kl +0.001
upd  358  steps 2940928  sps 5088  opp rand  loss -0.052  pg -0.0009  v 0.006  adv_std 0.111  tR +0.73  ent[s/d/p/e] 1.32/2.44/1.31/0.68  emits 1.84  clip 0.00  kl +0.000
upd  359  steps 2949120  sps 5096  opp rand  loss -0.049  pg -0.0005  v 0.011  adv_std 0.145  tR +0.21  ent[s/d/p/e] 1.42/2.50/1.30/0.67  emits 1.83  clip 0.00  kl +0.000 WRr 0.66 WRf 0.59
upd  360  steps 2957312  sps 5033  opp rand  loss -0.049  pg -0.0011  v 0.009  adv_std 0.138  tR +0.28  ent[s/d/p/e] 1.15/2.42/1.30/0.67  emits 1.72  clip 0.00  kl +0.000
upd  361  steps 2965504  sps 5041  opp rand  loss -0.051  pg -0.0010  v 0.008  adv_std 0.126  tR -0.09  ent[s/d/p/e] 1.38/2.48/1.30/0.67  emits 1.74  clip 0.00  kl +0.000
upd  362  steps 2973696  sps 5049  opp frzn  loss -0.050  pg -0.0005  v 0.008  adv_std 0.126  tR +0.76  ent[s/d/p/e] 1.23/2.45/1.30/0.68  emits 1.70  clip 0.00  kl -0.000
upd  363  steps 2981888  sps 5057  opp frzn  loss -0.050  pg -0.0007  v 0.007  adv_std 0.116  tR +0.26  ent[s/d/p/e] 1.23/2.52/1.30/0.67  emits 1.67  clip 0.00  kl +0.000
upd  364  steps 2990080  sps 5065  opp rand  loss -0.052  pg -0.0011  v 0.006  adv_std 0.112  tR +0.38  ent[s/d/p/e] 1.35/2.45/1.31/0.68  emits 1.75  clip 0.01  kl +0.000
upd  365  steps 2998272  sps 5073  opp frzn  loss -0.050  pg -0.0007  v 0.010  adv_std 0.140  tR +0.28  ent[s/d/p/e] 1.34/2.51/1.30/0.67  emits 1.66  clip 0.00  kl -0.000
upd  366  steps 3006464  sps 5081  opp rand  loss -0.050  pg -0.0006  v 0.008  adv_std 0.128  tR +0.32  ent[s/d/p/e] 1.22/2.45/1.31/0.67  emits 1.70  clip 0.00  kl -0.000
upd  367  steps 3014656  sps 5089  opp frzn  loss -0.051  pg -0.0006  v 0.006  adv_std 0.109  tR +0.57  ent[s/d/p/e] 1.31/2.47/1.30/0.67  emits 1.64  clip 0.00  kl +0.000
upd  368  steps 3022848  sps 5096  opp frzn  loss -0.051  pg -0.0007  v 0.007  adv_std 0.120  tR +0.45  ent[s/d/p/e] 1.26/2.41/1.31/0.67  emits 1.70  clip 0.00  kl +0.000
upd  369  steps 3031040  sps 5104  opp rand  loss -0.051  pg -0.0006  v 0.006  adv_std 0.108  tR +0.38  ent[s/d/p/e] 1.19/2.46/1.31/0.67  emits 1.67  clip 0.00  kl +0.000 WRr 0.81 WRf 0.75
upd  370  steps 3039232  sps 5042  opp frzn  loss -0.050  pg -0.0010  v 0.008  adv_std 0.124  tR +0.46  ent[s/d/p/e] 1.25/2.45/1.31/0.67  emits 1.65  clip 0.00  kl +0.001
upd  371  steps 3047424  sps 5049  opp frzn  loss -0.050  pg -0.0008  v 0.007  adv_std 0.120  tR +0.26  ent[s/d/p/e] 1.25/2.44/1.31/0.67  emits 1.62  clip 0.00  kl +0.000
upd  372  steps 3055616  sps 5057  opp rand  loss -0.050  pg -0.0008  v 0.007  adv_std 0.119  tR +0.72  ent[s/d/p/e] 1.14/2.40/1.32/0.67  emits 1.61  clip 0.00  kl +0.000
upd  373  steps 3063808  sps 5065  opp rand  loss -0.049  pg -0.0008  v 0.010  adv_std 0.142  tR +0.44  ent[s/d/p/e] 1.24/2.48/1.31/0.67  emits 1.67  clip 0.00  kl -0.000
upd  374  steps 3072000  sps 5073  opp frzn  loss -0.051  pg -0.0008  v 0.007  adv_std 0.117  tR +0.46  ent[s/d/p/e] 1.23/2.44/1.32/0.67  emits 1.65  clip 0.00  kl +0.000
upd  375  steps 3080192  sps 5081  opp rand  loss -0.051  pg -0.0006  v 0.006  adv_std 0.109  tR +0.28  ent[s/d/p/e] 1.22/2.46/1.32/0.67  emits 1.60  clip 0.00  kl -0.000
upd  376  steps 3088384  sps 5088  opp frzn  loss -0.050  pg -0.0004  v 0.007  adv_std 0.122  tR +0.06  ent[s/d/p/e] 1.19/2.41/1.31/0.67  emits 1.66  clip 0.00  kl +0.000
upd  377  steps 3096576  sps 5096  opp rand  loss -0.051  pg -0.0004  v 0.007  adv_std 0.118  tR +0.47  ent[s/d/p/e] 1.32/2.44/1.32/0.68  emits 1.67  clip 0.00  kl -0.000
upd  378  steps 3104768  sps 5104  opp rand  loss -0.052  pg -0.0006  v 0.007  adv_std 0.124  tR +0.33  ent[s/d/p/e] 1.53/2.45/1.31/0.67  emits 1.69  clip 0.00  kl +0.000
upd  379  steps 3112960  sps 5112  opp frzn  loss -0.054  pg -0.0010  v 0.004  adv_std 0.090  tR +0.72  ent[s/d/p/e] 1.44/2.42/1.32/0.68  emits 1.68  clip 0.00  kl +0.000 WRr 0.69 WRf 0.78
upd  380  steps 3121152  sps 5051  opp frzn  loss -0.052  pg -0.0008  v 0.007  adv_std 0.116  tR +0.64  ent[s/d/p/e] 1.44/2.48/1.31/0.67  emits 1.71  clip 0.00  kl +0.000
upd  381  steps 3129344  sps 5059  opp rand  loss -0.052  pg -0.0007  v 0.006  adv_std 0.110  tR +0.54  ent[s/d/p/e] 1.32/2.39/1.32/0.67  emits 1.66  clip 0.00  kl +0.000
upd  382  steps 3137536  sps 5066  opp frzn  loss -0.050  pg -0.0005  v 0.008  adv_std 0.125  tR +0.36  ent[s/d/p/e] 1.31/2.41/1.32/0.67  emits 1.63  clip 0.00  kl +0.000
upd  383  steps 3145728  sps 5074  opp rand  loss -0.051  pg -0.0003  v 0.007  adv_std 0.117  tR +0.44  ent[s/d/p/e] 1.32/2.40/1.32/0.67  emits 1.67  clip 0.00  kl +0.000
upd  384  steps 3153920  sps 5082  opp rand  loss -0.050  pg -0.0007  v 0.009  adv_std 0.138  tR +0.49  ent[s/d/p/e] 1.30/2.44/1.32/0.67  emits 1.62  clip 0.00  kl +0.000
upd  385  steps 3162112  sps 5090  opp rand  loss -0.051  pg -0.0007  v 0.007  adv_std 0.120  tR +0.39  ent[s/d/p/e] 1.23/2.37/1.32/0.67  emits 1.63  clip 0.00  kl +0.000
upd  386  steps 3170304  sps 5097  opp frzn  loss -0.051  pg -0.0007  v 0.006  adv_std 0.111  tR +0.24  ent[s/d/p/e] 1.24/2.41/1.32/0.68  emits 1.69  clip 0.00  kl +0.000
upd  387  steps 3178496  sps 5104  opp frzn  loss -0.051  pg -0.0008  v 0.008  adv_std 0.125  tR +0.33  ent[s/d/p/e] 1.38/2.37/1.32/0.68  emits 1.76  clip 0.00  kl -0.000
upd  388  steps 3186688  sps 5112  opp rand  loss -0.052  pg -0.0007  v 0.006  adv_std 0.108  tR +0.35  ent[s/d/p/e] 1.31/2.38/1.32/0.68  emits 1.77  clip 0.00  kl +0.000
upd  389  steps 3194880  sps 5120  opp rand  loss -0.051  pg -0.0010  v 0.008  adv_std 0.126  tR +0.39  ent[s/d/p/e] 1.25/2.42/1.32/0.68  emits 1.65  clip 0.00  kl +0.001 WRr 0.81 WRf 0.81
upd  390  steps 3203072  sps 5050  opp frzn  loss -0.050  pg -0.0007  v 0.007  adv_std 0.119  tR +0.03  ent[s/d/p/e] 1.20/2.41/1.31/0.67  emits 1.60  clip 0.00  kl +0.000
upd  391  steps 3211264  sps 5057  opp rand  loss -0.050  pg -0.0008  v 0.008  adv_std 0.127  tR +0.44  ent[s/d/p/e] 1.21/2.37/1.32/0.67  emits 1.64  clip 0.00  kl +0.000
upd  392  steps 3219456  sps 5065  opp rand  loss -0.051  pg -0.0008  v 0.009  adv_std 0.132  tR +0.62  ent[s/d/p/e] 1.38/2.40/1.32/0.68  emits 1.74  clip 0.00  kl +0.000
upd  393  steps 3227648  sps 5073  opp rand  loss -0.051  pg -0.0008  v 0.007  adv_std 0.123  tR +0.68  ent[s/d/p/e] 1.29/2.40/1.32/0.67  emits 1.63  clip 0.00  kl +0.000
upd  394  steps 3235840  sps 5080  opp frzn  loss -0.050  pg -0.0006  v 0.007  adv_std 0.120  tR +0.33  ent[s/d/p/e] 1.22/2.42/1.32/0.67  emits 1.59  clip 0.00  kl +0.000
upd  395  steps 3244032  sps 5088  opp rand  loss -0.051  pg -0.0009  v 0.008  adv_std 0.126  tR +0.39  ent[s/d/p/e] 1.34/2.41/1.32/0.67  emits 1.66  clip 0.00  kl +0.000
upd  396  steps 3252224  sps 5095  opp frzn  loss -0.050  pg -0.0010  v 0.008  adv_std 0.127  tR -0.08  ent[s/d/p/e] 1.20/2.38/1.32/0.67  emits 1.59  clip 0.00  kl +0.000
upd  397  steps 3260416  sps 5102  opp rand  loss -0.051  pg -0.0006  v 0.007  adv_std 0.114  tR +0.35  ent[s/d/p/e] 1.35/2.42/1.32/0.67  emits 1.65  clip 0.00  kl +0.000
upd  398  steps 3268608  sps 5110  opp frzn  loss -0.051  pg -0.0006  v 0.006  adv_std 0.114  tR +0.57  ent[s/d/p/e] 1.22/2.42/1.31/0.67  emits 1.64  clip 0.00  kl +0.000
upd  399  steps 3276800  sps 5117  opp rand  loss -0.051  pg -0.0007  v 0.007  adv_std 0.120  tR +0.11  ent[s/d/p/e] 1.33/2.44/1.32/0.67  emits 1.67  clip 0.00  kl +0.000 WRr 0.72 WRf 0.78
upd  400  steps 3284992  sps 5059  opp frzn  loss -0.052  pg -0.0009  v 0.005  adv_std 0.102  tR +0.52  ent[s/d/p/e] 1.37/2.39/1.31/0.68  emits 1.71  clip 0.00  kl -0.000
upd  401  steps 3293184  sps 5066  opp rand  loss -0.051  pg -0.0009  v 0.007  adv_std 0.121  tR +0.57  ent[s/d/p/e] 1.36/2.39/1.32/0.68  emits 1.70  clip 0.00  kl +0.000
upd  402  steps 3301376  sps 5074  opp rand  loss -0.051  pg -0.0008  v 0.008  adv_std 0.125  tR +0.44  ent[s/d/p/e] 1.32/2.44/1.32/0.67  emits 1.58  clip 0.00  kl +0.000
upd  403  steps 3309568  sps 5081  opp rand  loss -0.050  pg -0.0008  v 0.007  adv_std 0.121  tR +0.28  ent[s/d/p/e] 1.13/2.42/1.32/0.67  emits 1.56  clip 0.00  kl +0.000
upd  404  steps 3317760  sps 5088  opp rand  loss -0.049  pg -0.0006  v 0.008  adv_std 0.127  tR +0.31  ent[s/d/p/e] 1.07/2.39/1.32/0.67  emits 1.62  clip 0.00  kl +0.000
upd  405  steps 3325952  sps 5096  opp rand  loss -0.051  pg -0.0010  v 0.007  adv_std 0.123  tR +0.22  ent[s/d/p/e] 1.22/2.40/1.32/0.68  emits 1.67  clip 0.00  kl +0.000
upd  406  steps 3334144  sps 5103  opp frzn  loss -0.050  pg -0.0006  v 0.008  adv_std 0.126  tR +0.26  ent[s/d/p/e] 1.22/2.37/1.32/0.68  emits 1.74  clip 0.00  kl +0.000
upd  407  steps 3342336  sps 5110  opp rand  loss -0.051  pg -0.0009  v 0.008  adv_std 0.125  tR +0.30  ent[s/d/p/e] 1.23/2.34/1.33/0.67  emits 1.67  clip 0.00  kl +0.000
upd  408  steps 3350528  sps 5117  opp rand  loss -0.051  pg -0.0008  v 0.007  adv_std 0.122  tR +0.25  ent[s/d/p/e] 1.36/2.33/1.33/0.68  emits 1.73  clip 0.00  kl +0.000
upd  409  steps 3358720  sps 5124  opp frzn  loss -0.052  pg -0.0008  v 0.006  adv_std 0.110  tR +0.54  ent[s/d/p/e] 1.28/2.31/1.33/0.68  emits 1.73  clip 0.00  kl +0.000 WRr 0.69 WRf 0.69
upd  410  steps 3366912  sps 5067  opp frzn  loss -0.052  pg -0.0010  v 0.006  adv_std 0.109  tR +0.60  ent[s/d/p/e] 1.38/2.35/1.32/0.67  emits 1.75  clip 0.00  kl +0.001
upd  411  steps 3375104  sps 5074  opp frzn  loss -0.050  pg -0.0012  v 0.007  adv_std 0.122  tR +0.30  ent[s/d/p/e] 1.11/2.31/1.33/0.67  emits 1.62  clip 0.00  kl +0.000
upd  412  steps 3383296  sps 5081  opp rand  loss -0.051  pg -0.0010  v 0.008  adv_std 0.129  tR +0.28  ent[s/d/p/e] 1.32/2.42/1.32/0.67  emits 1.65  clip 0.01  kl +0.000
upd  413  steps 3391488  sps 5088  opp frzn  loss -0.051  pg -0.0011  v 0.007  adv_std 0.117  tR +0.56  ent[s/d/p/e] 1.23/2.31/1.32/0.67  emits 1.63  clip 0.00  kl +0.000
upd  414  steps 3399680  sps 5096  opp rand  loss -0.050  pg -0.0004  v 0.008  adv_std 0.124  tR +0.37  ent[s/d/p/e] 1.31/2.39/1.33/0.67  emits 1.59  clip 0.00  kl +0.000
upd  415  steps 3407872  sps 5102  opp frzn  loss -0.053  pg -0.0013  v 0.006  adv_std 0.109  tR +0.58  ent[s/d/p/e] 1.39/2.39/1.32/0.67  emits 1.69  clip 0.01  kl +0.000
upd  416  steps 3416064  sps 5109  opp frzn  loss -0.051  pg -0.0007  v 0.007  adv_std 0.116  tR +0.41  ent[s/d/p/e] 1.15/2.38/1.32/0.68  emits 1.62  clip 0.00  kl +0.000
upd  417  steps 3424256  sps 5116  opp rand  loss -0.051  pg -0.0006  v 0.007  adv_std 0.120  tR +0.70  ent[s/d/p/e] 1.31/2.39/1.32/0.68  emits 1.74  clip 0.00  kl +0.000
upd  418  steps 3432448  sps 5123  opp frzn  loss -0.050  pg -0.0005  v 0.008  adv_std 0.130  tR +0.23  ent[s/d/p/e] 1.24/2.39/1.32/0.68  emits 1.71  clip 0.00  kl +0.000
upd  419  steps 3440640  sps 5130  opp frzn  loss -0.050  pg -0.0007  v 0.008  adv_std 0.126  tR +0.32  ent[s/d/p/e] 1.15/2.39/1.32/0.67  emits 1.75  clip 0.00  kl +0.001 WRr 0.78 WRf 0.69
upd  420  steps 3448832  sps 5074  opp rand  loss -0.053  pg -0.0007  v 0.005  adv_std 0.101  tR +0.20  ent[s/d/p/e] 1.42/2.37/1.32/0.68  emits 1.84  clip 0.00  kl -0.000
upd  421  steps 3457024  sps 5081  opp frzn  loss -0.052  pg -0.0009  v 0.006  adv_std 0.112  tR +0.45  ent[s/d/p/e] 1.45/2.42/1.31/0.68  emits 1.81  clip 0.00  kl +0.001
upd  422  steps 3465216  sps 5088  opp frzn  loss -0.051  pg -0.0009  v 0.007  adv_std 0.117  tR +0.66  ent[s/d/p/e] 1.18/2.37/1.32/0.68  emits 1.78  clip 0.00  kl +0.000
upd  423  steps 3473408  sps 5095  opp rand  loss -0.051  pg -0.0011  v 0.007  adv_std 0.119  tR +0.28  ent[s/d/p/e] 1.22/2.36/1.32/0.68  emits 1.78  clip 0.00  kl +0.000
upd  424  steps 3481600  sps 5102  opp frzn  loss -0.052  pg -0.0006  v 0.007  adv_std 0.121  tR +0.41  ent[s/d/p/e] 1.52/2.43/1.32/0.68  emits 1.78  clip 0.00  kl +0.000
upd  425  steps 3489792  sps 5109  opp rand  loss -0.051  pg -0.0006  v 0.008  adv_std 0.124  tR +0.37  ent[s/d/p/e] 1.25/2.39/1.32/0.68  emits 1.77  clip 0.00  kl +0.000
upd  426  steps 3497984  sps 5115  opp frzn  loss -0.050  pg -0.0005  v 0.010  adv_std 0.139  tR +0.35  ent[s/d/p/e] 1.39/2.39/1.32/0.68  emits 1.74  clip 0.00  kl +0.000
upd  427  steps 3506176  sps 5123  opp rand  loss -0.052  pg -0.0010  v 0.006  adv_std 0.112  tR +0.53  ent[s/d/p/e] 1.28/2.36/1.33/0.68  emits 1.77  clip 0.00  kl +0.000
upd  428  steps 3514368  sps 5129  opp frzn  loss -0.052  pg -0.0006  v 0.006  adv_std 0.110  tR +0.40  ent[s/d/p/e] 1.39/2.40/1.32/0.68  emits 1.72  clip 0.00  kl +0.000
upd  429  steps 3522560  sps 5136  opp frzn  loss -0.052  pg -0.0011  v 0.007  adv_std 0.118  tR +0.39  ent[s/d/p/e] 1.30/2.40/1.33/0.67  emits 1.71  clip 0.00  kl +0.001 WRr 0.81 WRf 0.78
upd  430  steps 3530752  sps 5081  opp frzn  loss -0.051  pg -0.0009  v 0.009  adv_std 0.132  tR +0.43  ent[s/d/p/e] 1.32/2.42/1.33/0.67  emits 1.70  clip 0.00  kl +0.000
upd  431  steps 3538944  sps 5088  opp rand  loss -0.052  pg -0.0007  v 0.005  adv_std 0.106  tR +0.55  ent[s/d/p/e] 1.31/2.44/1.33/0.67  emits 1.69  clip 0.00  kl +0.000
upd  432  steps 3547136  sps 5094  opp frzn  loss -0.050  pg -0.0010  v 0.009  adv_std 0.134  tR +0.54  ent[s/d/p/e] 1.30/2.43/1.33/0.67  emits 1.63  clip 0.00  kl +0.000
upd  433  steps 3555328  sps 5101  opp frzn  loss -0.052  pg -0.0011  v 0.006  adv_std 0.111  tR +0.46  ent[s/d/p/e] 1.32/2.41/1.33/0.67  emits 1.67  clip 0.00  kl +0.000
upd  434  steps 3563520  sps 5108  opp frzn  loss -0.051  pg -0.0007  v 0.007  adv_std 0.120  tR +0.57  ent[s/d/p/e] 1.22/2.39/1.33/0.67  emits 1.66  clip 0.00  kl +0.000
upd  435  steps 3571712  sps 5114  opp frzn  loss -0.052  pg -0.0010  v 0.006  adv_std 0.107  tR +0.64  ent[s/d/p/e] 1.32/2.45/1.33/0.67  emits 1.65  clip 0.00  kl +0.000
upd  436  steps 3579904  sps 5121  opp frzn  loss -0.051  pg -0.0005  v 0.006  adv_std 0.111  tR +0.47  ent[s/d/p/e] 1.25/2.44/1.33/0.67  emits 1.66  clip 0.00  kl +0.000
upd  437  steps 3588096  sps 5128  opp rand  loss -0.052  pg -0.0011  v 0.006  adv_std 0.107  tR +0.71  ent[s/d/p/e] 1.29/2.47/1.33/0.67  emits 1.67  clip 0.00  kl +0.000
upd  438  steps 3596288  sps 5135  opp rand  loss -0.051  pg -0.0006  v 0.008  adv_std 0.123  tR +0.38  ent[s/d/p/e] 1.25/2.44/1.33/0.67  emits 1.67  clip 0.00  kl +0.000
upd  439  steps 3604480  sps 5141  opp frzn  loss -0.051  pg -0.0008  v 0.007  adv_std 0.122  tR +0.31  ent[s/d/p/e] 1.27/2.43/1.33/0.67  emits 1.70  clip 0.00  kl +0.000 WRr 0.69 WRf 0.75
upd  440  steps 3612672  sps 5088  opp rand  loss -0.052  pg -0.0009  v 0.008  adv_std 0.126  tR +0.41  ent[s/d/p/e] 1.38/2.43/1.34/0.67  emits 1.74  clip 0.00  kl +0.000
upd  441  steps 3620864  sps 5094  opp frzn  loss -0.053  pg -0.0006  v 0.005  adv_std 0.106  tR +0.45  ent[s/d/p/e] 1.44/2.46/1.33/0.67  emits 1.74  clip 0.00  kl +0.000
upd  442  steps 3629056  sps 5101  opp rand  loss -0.051  pg -0.0007  v 0.007  adv_std 0.120  tR +0.27  ent[s/d/p/e] 1.24/2.49/1.33/0.67  emits 1.60  clip 0.00  kl +0.000
upd  443  steps 3637248  sps 5108  opp rand  loss -0.050  pg -0.0004  v 0.008  adv_std 0.130  tR +0.52  ent[s/d/p/e] 1.24/2.53/1.33/0.67  emits 1.70  clip 0.00  kl +0.000
upd  444  steps 3645440  sps 5114  opp rand  loss -0.050  pg -0.0009  v 0.008  adv_std 0.124  tR +0.41  ent[s/d/p/e] 1.12/2.46/1.33/0.67  emits 1.70  clip 0.00  kl +0.000
upd  445  steps 3653632  sps 5121  opp frzn  loss -0.051  pg -0.0006  v 0.007  adv_std 0.119  tR +0.50  ent[s/d/p/e] 1.30/2.51/1.32/0.67  emits 1.75  clip 0.00  kl +0.001
upd  446  steps 3661824  sps 5128  opp rand  loss -0.051  pg -0.0013  v 0.007  adv_std 0.121  tR +0.41  ent[s/d/p/e] 1.14/2.42/1.33/0.68  emits 1.68  clip 0.00  kl +0.001
upd  447  steps 3670016  sps 5134  opp frzn  loss -0.051  pg -0.0008  v 0.008  adv_std 0.128  tR +0.45  ent[s/d/p/e] 1.33/2.50/1.32/0.67  emits 1.67  clip 0.00  kl +0.001
upd  448  steps 3678208  sps 5141  opp rand  loss -0.049  pg -0.0006  v 0.010  adv_std 0.139  tR +0.38  ent[s/d/p/e] 1.16/2.42/1.33/0.67  emits 1.66  clip 0.00  kl +0.000
upd  449  steps 3686400  sps 5147  opp rand  loss -0.052  pg -0.0013  v 0.007  adv_std 0.116  tR +0.55  ent[s/d/p/e] 1.41/2.55/1.32/0.67  emits 1.72  clip 0.00  kl +0.001 WRr 0.84 WRf 0.84
upd  450  steps 3694592  sps 5085  opp rand  loss -0.051  pg -0.0011  v 0.007  adv_std 0.116  tR +0.28  ent[s/d/p/e] 1.14/2.37/1.33/0.67  emits 1.73  clip 0.00  kl +0.001
upd  451  steps 3702784  sps 5091  opp rand  loss -0.052  pg -0.0005  v 0.007  adv_std 0.118  tR +0.57  ent[s/d/p/e] 1.44/2.46/1.33/0.67  emits 1.71  clip 0.00  kl +0.000
upd  452  steps 3710976  sps 5098  opp frzn  loss -0.052  pg -0.0012  v 0.005  adv_std 0.104  tR +0.59  ent[s/d/p/e] 1.21/2.39/1.33/0.67  emits 1.70  clip 0.00  kl +0.000
upd  453  steps 3719168  sps 5104  opp rand  loss -0.052  pg -0.0006  v 0.007  adv_std 0.117  tR +0.41  ent[s/d/p/e] 1.38/2.42/1.34/0.67  emits 1.70  clip 0.00  kl +0.000
upd  454  steps 3727360  sps 5110  opp frzn  loss -0.052  pg -0.0009  v 0.006  adv_std 0.106  tR +0.68  ent[s/d/p/e] 1.22/2.39/1.34/0.67  emits 1.66  clip 0.00  kl +0.000
upd  455  steps 3735552  sps 5117  opp frzn  loss -0.052  pg -0.0009  v 0.006  adv_std 0.110  tR +0.48  ent[s/d/p/e] 1.28/2.40/1.34/0.67  emits 1.67  clip 0.00  kl +0.000
upd  456  steps 3743744  sps 5123  opp rand  loss -0.051  pg -0.0006  v 0.008  adv_std 0.123  tR +0.47  ent[s/d/p/e] 1.35/2.36/1.35/0.67  emits 1.72  clip 0.00  kl -0.000
upd  457  steps 3751936  sps 5130  opp frzn  loss -0.054  pg -0.0011  v 0.004  adv_std 0.089  tR +0.47  ent[s/d/p/e] 1.47/2.46/1.34/0.67  emits 1.68  clip 0.01  kl +0.000
upd  458  steps 3760128  sps 5136  opp rand  loss -0.051  pg -0.0007  v 0.007  adv_std 0.118  tR +0.38  ent[s/d/p/e] 1.22/2.38/1.35/0.67  emits 1.65  clip 0.00  kl +0.000
upd  459  steps 3768320  sps 5143  opp rand  loss -0.052  pg -0.0009  v 0.007  adv_std 0.117  tR +0.62  ent[s/d/p/e] 1.36/2.42/1.34/0.67  emits 1.66  clip 0.00  kl +0.000 WRr 0.88 WRf 0.66
upd  460  steps 3776512  sps 5092  opp rand  loss -0.052  pg -0.0007  v 0.007  adv_std 0.115  tR +0.50  ent[s/d/p/e] 1.28/2.41/1.35/0.67  emits 1.62  clip 0.00  kl +0.000
upd  461  steps 3784704  sps 5098  opp rand  loss -0.049  pg -0.0008  v 0.010  adv_std 0.144  tR +0.24  ent[s/d/p/e] 1.24/2.43/1.34/0.66  emits 1.59  clip 0.00  kl +0.000
upd  462  steps 3792896  sps 5105  opp frzn  loss -0.052  pg -0.0008  v 0.006  adv_std 0.106  tR +0.19  ent[s/d/p/e] 1.34/2.44/1.34/0.67  emits 1.61  clip 0.00  kl +0.000
upd  463  steps 3801088  sps 5111  opp frzn  loss -0.051  pg -0.0005  v 0.005  adv_std 0.101  tR +0.50  ent[s/d/p/e] 1.08/2.40/1.34/0.67  emits 1.61  clip 0.00  kl +0.000
upd  464  steps 3809280  sps 5117  opp frzn  loss -0.051  pg -0.0005  v 0.007  adv_std 0.118  tR +0.57  ent[s/d/p/e] 1.20/2.41/1.34/0.67  emits 1.66  clip 0.00  kl +0.000
upd  465  steps 3817472  sps 5123  opp rand  loss -0.052  pg -0.0007  v 0.007  adv_std 0.118  tR +0.59  ent[s/d/p/e] 1.33/2.45/1.34/0.67  emits 1.64  clip 0.00  kl +0.000
upd  466  steps 3825664  sps 5129  opp frzn  loss -0.052  pg -0.0010  v 0.008  adv_std 0.123  tR +0.53  ent[s/d/p/e] 1.30/2.43/1.34/0.67  emits 1.66  clip 0.01  kl -0.000
upd  467  steps 3833856  sps 5136  opp frzn  loss -0.051  pg -0.0005  v 0.006  adv_std 0.110  tR +0.56  ent[s/d/p/e] 1.24/2.43/1.34/0.67  emits 1.71  clip 0.00  kl +0.000
upd  468  steps 3842048  sps 5142  opp frzn  loss -0.051  pg -0.0006  v 0.006  adv_std 0.114  tR +0.62  ent[s/d/p/e] 1.15/2.43/1.34/0.67  emits 1.73  clip 0.00  kl +0.000
upd  469  steps 3850240  sps 5148  opp rand  loss -0.052  pg -0.0009  v 0.007  adv_std 0.115  tR +0.32  ent[s/d/p/e] 1.27/2.40/1.34/0.67  emits 1.72  clip 0.00  kl +0.000 WRr 0.84 WRf 0.78
upd  470  steps 3858432  sps 5098  opp frzn  loss -0.052  pg -0.0009  v 0.007  adv_std 0.118  tR +0.65  ent[s/d/p/e] 1.38/2.46/1.34/0.67  emits 1.73  clip 0.00  kl +0.001
upd  471  steps 3866624  sps 5104  opp frzn  loss -0.051  pg -0.0009  v 0.007  adv_std 0.119  tR +0.46  ent[s/d/p/e] 1.11/2.40/1.34/0.67  emits 1.69  clip 0.00  kl +0.001
upd  472  steps 3874816  sps 5110  opp frzn  loss -0.051  pg -0.0006  v 0.006  adv_std 0.107  tR +0.40  ent[s/d/p/e] 1.22/2.44/1.34/0.67  emits 1.68  clip 0.00  kl +0.000
upd  473  steps 3883008  sps 5116  opp frzn  loss -0.051  pg -0.0007  v 0.006  adv_std 0.108  tR +0.38  ent[s/d/p/e] 1.17/2.37/1.34/0.68  emits 1.69  clip 0.00  kl +0.000
upd  474  steps 3891200  sps 5122  opp frzn  loss -0.052  pg -0.0008  v 0.006  adv_std 0.112  tR +0.62  ent[s/d/p/e] 1.27/2.44/1.34/0.67  emits 1.80  clip 0.00  kl +0.000
upd  475  steps 3899392  sps 5128  opp rand  loss -0.052  pg -0.0008  v 0.006  adv_std 0.108  tR +0.45  ent[s/d/p/e] 1.30/2.40/1.34/0.67  emits 1.80  clip 0.00  kl +0.000
upd  476  steps 3907584  sps 5134  opp rand  loss -0.051  pg -0.0009  v 0.008  adv_std 0.130  tR +0.55  ent[s/d/p/e] 1.34/2.41/1.34/0.67  emits 1.71  clip 0.00  kl +0.000
upd  477  steps 3915776  sps 5140  opp frzn  loss -0.051  pg -0.0010  v 0.007  adv_std 0.116  tR +0.49  ent[s/d/p/e] 1.23/2.35/1.34/0.67  emits 1.77  clip 0.01  kl +0.001
upd  478  steps 3923968  sps 5146  opp frzn  loss -0.051  pg -0.0010  v 0.006  adv_std 0.111  tR +0.18  ent[s/d/p/e] 1.17/2.39/1.34/0.67  emits 1.77  clip 0.00  kl +0.000
upd  479  steps 3932160  sps 5152  opp frzn  loss -0.051  pg -0.0007  v 0.007  adv_std 0.118  tR +0.58  ent[s/d/p/e] 1.26/2.42/1.34/0.67  emits 1.80  clip 0.00  kl +0.000 WRr 0.56 WRf 0.75
upd  480  steps 3940352  sps 5103  opp frzn  loss -0.051  pg -0.0009  v 0.007  adv_std 0.116  tR +0.39  ent[s/d/p/e] 1.14/2.42/1.33/0.67  emits 1.83  clip 0.00  kl +0.000
upd  481  steps 3948544  sps 5109  opp rand  loss -0.052  pg -0.0007  v 0.006  adv_std 0.107  tR +0.39  ent[s/d/p/e] 1.31/2.51/1.33/0.68  emits 1.78  clip 0.00  kl +0.000
upd  482  steps 3956736  sps 5115  opp frzn  loss -0.051  pg -0.0009  v 0.007  adv_std 0.120  tR +0.58  ent[s/d/p/e] 1.29/2.40/1.33/0.67  emits 1.77  clip 0.00  kl +0.000
upd  483  steps 3964928  sps 5121  opp rand  loss -0.052  pg -0.0012  v 0.006  adv_std 0.108  tR +0.23  ent[s/d/p/e] 1.25/2.43/1.33/0.67  emits 1.74  clip 0.01  kl +0.001
upd  484  steps 3973120  sps 5128  opp rand  loss -0.052  pg -0.0012  v 0.006  adv_std 0.106  tR +0.25  ent[s/d/p/e] 1.25/2.36/1.34/0.68  emits 1.74  clip 0.00  kl +0.001
upd  485  steps 3981312  sps 5133  opp frzn  loss -0.052  pg -0.0007  v 0.007  adv_std 0.115  tR +0.42  ent[s/d/p/e] 1.37/2.42/1.33/0.67  emits 1.72  clip 0.00  kl +0.000
upd  486  steps 3989504  sps 5139  opp frzn  loss -0.051  pg -0.0006  v 0.007  adv_std 0.121  tR +0.20  ent[s/d/p/e] 1.25/2.37/1.34/0.67  emits 1.71  clip 0.00  kl +0.000
upd  487  steps 3997696  sps 5145  opp rand  loss -0.052  pg -0.0009  v 0.006  adv_std 0.112  tR +0.48  ent[s/d/p/e] 1.23/2.39/1.34/0.67  emits 1.61  clip 0.00  kl +0.000
upd  488  steps 4005888  sps 5152  opp rand  loss -0.052  pg -0.0005  v 0.007  adv_std 0.119  tR +0.56  ent[s/d/p/e] 1.46/2.40/1.34/0.67  emits 1.72  clip 0.00  kl +0.000
upd  489  steps 4014080  sps 5158  opp rand  loss -0.050  pg -0.0010  v 0.008  adv_std 0.129  tR +0.68  ent[s/d/p/e] 1.15/2.40/1.34/0.67  emits 1.61  clip 0.00  kl +0.000 WRr 0.59 WRf 0.62
upd  490  steps 4022272  sps 5109  opp frzn  loss -0.051  pg -0.0006  v 0.007  adv_std 0.116  tR +0.38  ent[s/d/p/e] 1.25/2.40/1.33/0.67  emits 1.61  clip 0.00  kl +0.000
upd  491  steps 4030464  sps 5115  opp rand  loss -0.050  pg -0.0010  v 0.009  adv_std 0.133  tR +0.24  ent[s/d/p/e] 1.20/2.34/1.34/0.67  emits 1.68  clip 0.00  kl +0.000
upd  492  steps 4038656  sps 5121  opp rand  loss -0.052  pg -0.0009  v 0.006  adv_std 0.110  tR +0.62  ent[s/d/p/e] 1.39/2.45/1.34/0.66  emits 1.59  clip 0.00  kl +0.000
upd  493  steps 4046848  sps 5127  opp rand  loss -0.052  pg -0.0009  v 0.005  adv_std 0.101  tR +0.66  ent[s/d/p/e] 1.24/2.35/1.34/0.67  emits 1.66  clip 0.00  kl +0.000
upd  494  steps 4055040  sps 5134  opp rand  loss -0.051  pg -0.0006  v 0.006  adv_std 0.115  tR +0.35  ent[s/d/p/e] 1.20/2.41/1.34/0.66  emits 1.56  clip 0.00  kl -0.000
upd  495  steps 4063232  sps 5140  opp rand  loss -0.051  pg -0.0008  v 0.006  adv_std 0.108  tR +0.63  ent[s/d/p/e] 1.14/2.40/1.34/0.66  emits 1.59  clip 0.00  kl +0.000
upd  496  steps 4071424  sps 5146  opp rand  loss -0.049  pg -0.0004  v 0.009  adv_std 0.134  tR +0.51  ent[s/d/p/e] 1.25/2.47/1.34/0.66  emits 1.58  clip 0.00  kl +0.000
upd  497  steps 4079616  sps 5152  opp rand  loss -0.051  pg -0.0009  v 0.007  adv_std 0.121  tR +0.50  ent[s/d/p/e] 1.20/2.37/1.34/0.67  emits 1.59  clip 0.00  kl -0.000
upd  498  steps 4087808  sps 5158  opp rand  loss -0.050  pg -0.0007  v 0.008  adv_std 0.129  tR +0.23  ent[s/d/p/e] 1.27/2.34/1.34/0.67  emits 1.60  clip 0.00  kl +0.000
upd  499  steps 4096000  sps 5164  opp frzn  loss -0.052  pg -0.0006  v 0.008  adv_std 0.124  tR +0.45  ent[s/d/p/e] 1.44/2.37/1.34/0.67  emits 1.63  clip 0.00  kl +0.000 WRr 0.72 WRf 0.88
upd  500  steps 4104192  sps 5116  opp rand  loss -0.052  pg -0.0007  v 0.006  adv_std 0.109  tR +0.49  ent[s/d/p/e] 1.34/2.32/1.34/0.67  emits 1.65  clip 0.00  kl +0.000
upd  501  steps 4112384  sps 5122  opp rand  loss -0.052  pg -0.0010  v 0.007  adv_std 0.116  tR +0.64  ent[s/d/p/e] 1.39/2.41/1.33/0.67  emits 1.63  clip 0.00  kl +0.001
upd  502  steps 4120576  sps 5127  opp frzn  loss -0.052  pg -0.0013  v 0.007  adv_std 0.115  tR +0.68  ent[s/d/p/e] 1.32/2.37/1.33/0.67  emits 1.68  clip 0.00  kl -0.000
upd  503  steps 4128768  sps 5133  opp frzn  loss -0.050  pg -0.0007  v 0.009  adv_std 0.132  tR +0.33  ent[s/d/p/e] 1.20/2.39/1.33/0.67  emits 1.56  clip 0.00  kl +0.000
upd  504  steps 4136960  sps 5139  opp frzn  loss -0.051  pg -0.0009  v 0.007  adv_std 0.118  tR +0.45  ent[s/d/p/e] 1.24/2.39/1.33/0.66  emits 1.64  clip 0.00  kl +0.000
upd  505  steps 4145152  sps 5144  opp frzn  loss -0.050  pg -0.0011  v 0.009  adv_std 0.131  tR +0.23  ent[s/d/p/e] 1.24/2.34/1.33/0.66  emits 1.65  clip 0.00  kl +0.001
upd  506  steps 4153344  sps 5150  opp rand  loss -0.052  pg -0.0007  v 0.006  adv_std 0.108  tR +0.52  ent[s/d/p/e] 1.26/2.38/1.33/0.67  emits 1.66  clip 0.00  kl +0.000
upd  507  steps 4161536  sps 5156  opp rand  loss -0.051  pg -0.0007  v 0.007  adv_std 0.116  tR +0.65  ent[s/d/p/e] 1.31/2.39/1.33/0.67  emits 1.66  clip 0.00  kl +0.000
upd  508  steps 4169728  sps 5162  opp rand  loss -0.051  pg -0.0006  v 0.008  adv_std 0.125  tR +0.56  ent[s/d/p/e] 1.40/2.39/1.33/0.67  emits 1.66  clip 0.00  kl +0.000
upd  509  steps 4177920  sps 5168  opp rand  loss -0.051  pg -0.0007  v 0.007  adv_std 0.121  tR +0.53  ent[s/d/p/e] 1.41/2.39/1.33/0.67  emits 1.68  clip 0.00  kl +0.000 WRr 0.84 WRf 0.69
upd  510  steps 4186112  sps 5122  opp rand  loss -0.051  pg -0.0007  v 0.007  adv_std 0.121  tR +0.35  ent[s/d/p/e] 1.31/2.39/1.32/0.67  emits 1.64  clip 0.00  kl +0.000
upd  511  steps 4194304  sps 5127  opp rand  loss -0.050  pg -0.0007  v 0.008  adv_std 0.127  tR +0.39  ent[s/d/p/e] 1.26/2.35/1.33/0.67  emits 1.61  clip 0.00  kl +0.000
upd  512  steps 4202496  sps 5133  opp frzn  loss -0.052  pg -0.0011  v 0.006  adv_std 0.113  tR +0.39  ent[s/d/p/e] 1.35/2.39/1.32/0.67  emits 1.64  clip 0.01  kl +0.000
upd  513  steps 4210688  sps 5139  opp rand  loss -0.051  pg -0.0007  v 0.007  adv_std 0.122  tR +0.54  ent[s/d/p/e] 1.36/2.32/1.32/0.67  emits 1.64  clip 0.00  kl +0.000
upd  514  steps 4218880  sps 5144  opp frzn  loss -0.052  pg -0.0008  v 0.006  adv_std 0.105  tR +0.50  ent[s/d/p/e] 1.39/2.37/1.32/0.67  emits 1.60  clip 0.00  kl +0.000
upd  515  steps 4227072  sps 5150  opp frzn  loss -0.051  pg -0.0009  v 0.007  adv_std 0.116  tR +0.47  ent[s/d/p/e] 1.24/2.34/1.32/0.67  emits 1.69  clip 0.00  kl +0.000
upd  516  steps 4235264  sps 5156  opp frzn  loss -0.051  pg -0.0009  v 0.007  adv_std 0.118  tR +0.55  ent[s/d/p/e] 1.38/2.37/1.31/0.67  emits 1.67  clip 0.00  kl +0.001
upd  517  steps 4243456  sps 5161  opp frzn  loss -0.052  pg -0.0008  v 0.006  adv_std 0.106  tR +0.39  ent[s/d/p/e] 1.36/2.35/1.32/0.67  emits 1.73  clip 0.01  kl +0.001
upd  518  steps 4251648  sps 5167  opp frzn  loss -0.051  pg -0.0008  v 0.007  adv_std 0.118  tR +0.58  ent[s/d/p/e] 1.22/2.36/1.32/0.68  emits 1.77  clip 0.00  kl +0.000
upd  519  steps 4259840  sps 5172  opp rand  loss -0.051  pg -0.0010  v 0.007  adv_std 0.116  tR +0.57  ent[s/d/p/e] 1.18/2.33/1.33/0.67  emits 1.72  clip 0.00  kl +0.001 WRr 0.88 WRf 0.72
upd  520  steps 4268032  sps 5126  opp frzn  loss -0.052  pg -0.0010  v 0.005  adv_std 0.099  tR +0.41  ent[s/d/p/e] 1.35/2.38/1.32/0.67  emits 1.71  clip 0.00  kl +0.000
upd  521  steps 4276224  sps 5132  opp frzn  loss -0.052  pg -0.0010  v 0.006  adv_std 0.109  tR +0.68  ent[s/d/p/e] 1.30/2.37/1.33/0.66  emits 1.70  clip 0.00  kl +0.000
upd  522  steps 4284416  sps 5137  opp rand  loss -0.051  pg -0.0009  v 0.007  adv_std 0.118  tR +0.39  ent[s/d/p/e] 1.26/2.39/1.32/0.66  emits 1.60  clip 0.00  kl +0.000
upd  523  steps 4292608  sps 5143  opp frzn  loss -0.050  pg -0.0008  v 0.007  adv_std 0.121  tR +0.21  ent[s/d/p/e] 1.24/2.34/1.31/0.67  emits 1.64  clip 0.00  kl +0.001
upd  524  steps 4300800  sps 5148  opp frzn  loss -0.051  pg -0.0014  v 0.008  adv_std 0.129  tR +0.40  ent[s/d/p/e] 1.38/2.35/1.31/0.66  emits 1.65  clip 0.01  kl +0.001
upd  525  steps 4308992  sps 5154  opp frzn  loss -0.051  pg -0.0011  v 0.006  adv_std 0.112  tR +0.57  ent[s/d/p/e] 1.27/2.31/1.32/0.67  emits 1.63  clip 0.00  kl +0.000
upd  526  steps 4317184  sps 5159  opp frzn  loss -0.051  pg -0.0004  v 0.006  adv_std 0.111  tR +0.47  ent[s/d/p/e] 1.45/2.38/1.31/0.66  emits 1.63  clip 0.00  kl +0.000
upd  527  steps 4325376  sps 5165  opp rand  loss -0.051  pg -0.0009  v 0.006  adv_std 0.112  tR +0.50  ent[s/d/p/e] 1.32/2.34/1.32/0.67  emits 1.60  clip 0.00  kl -0.000
upd  528  steps 4333568  sps 5170  opp frzn  loss -0.051  pg -0.0005  v 0.006  adv_std 0.108  tR +0.52  ent[s/d/p/e] 1.39/2.40/1.31/0.66  emits 1.61  clip 0.00  kl +0.000
upd  529  steps 4341760  sps 5176  opp rand  loss -0.052  pg -0.0008  v 0.006  adv_std 0.113  tR +0.60  ent[s/d/p/e] 1.35/2.31/1.32/0.67  emits 1.63  clip 0.00  kl +0.000 WRr 0.75 WRf 0.88
upd  530  steps 4349952  sps 5120  opp rand  loss -0.052  pg -0.0010  v 0.005  adv_std 0.101  tR +0.74  ent[s/d/p/e] 1.34/2.38/1.31/0.67  emits 1.60  clip 0.00  kl -0.000
upd  531  steps 4358144  sps 5126  opp rand  loss -0.050  pg -0.0006  v 0.006  adv_std 0.108  tR +0.44  ent[s/d/p/e] 1.14/2.34/1.31/0.66  emits 1.56  clip 0.00  kl +0.000
upd  532  steps 4366336  sps 5131  opp rand  loss -0.050  pg -0.0004  v 0.008  adv_std 0.125  tR +0.12  ent[s/d/p/e] 1.40/2.38/1.31/0.66  emits 1.54  clip 0.00  kl +0.000
upd  533  steps 4374528  sps 5137  opp frzn  loss -0.053  pg -0.0008  v 0.005  adv_std 0.099  tR +0.69  ent[s/d/p/e] 1.44/2.34/1.31/0.67  emits 1.68  clip 0.00  kl +0.000
upd  534  steps 4382720  sps 5142  opp rand  loss -0.051  pg -0.0007  v 0.007  adv_std 0.115  tR +0.50  ent[s/d/p/e] 1.27/2.40/1.31/0.66  emits 1.59  clip 0.00  kl +0.000
upd  535  steps 4390912  sps 5148  opp frzn  loss -0.051  pg -0.0011  v 0.006  adv_std 0.113  tR +0.24  ent[s/d/p/e] 1.34/2.38/1.31/0.66  emits 1.62  clip 0.01  kl -0.000
upd  536  steps 4399104  sps 5153  opp rand  loss -0.051  pg -0.0009  v 0.007  adv_std 0.119  tR +0.69  ent[s/d/p/e] 1.28/2.37/1.32/0.66  emits 1.64  clip 0.01  kl +0.001
upd  537  steps 4407296  sps 5159  opp frzn  loss -0.050  pg -0.0003  v 0.007  adv_std 0.122  tR +0.30  ent[s/d/p/e] 1.23/2.34/1.32/0.67  emits 1.65  clip 0.00  kl +0.000
upd  538  steps 4415488  sps 5164  opp frzn  loss -0.051  pg -0.0011  v 0.008  adv_std 0.129  tR +0.51  ent[s/d/p/e] 1.29/2.33/1.32/0.67  emits 1.69  clip 0.00  kl +0.001
upd  539  steps 4423680  sps 5170  opp rand  loss -0.051  pg -0.0010  v 0.006  adv_std 0.110  tR +0.52  ent[s/d/p/e] 1.22/2.29/1.33/0.67  emits 1.65  clip 0.01  kl +0.000 WRr 0.72 WRf 0.78
upd  540  steps 4431872  sps 5125  opp rand  loss -0.052  pg -0.0008  v 0.005  adv_std 0.099  tR +0.50  ent[s/d/p/e] 1.34/2.39/1.32/0.66  emits 1.58  clip 0.00  kl +0.001
upd  541  steps 4440064  sps 5131  opp rand  loss -0.051  pg -0.0006  v 0.007  adv_std 0.116  tR +0.39  ent[s/d/p/e] 1.27/2.29/1.32/0.67  emits 1.66  clip 0.00  kl +0.000
upd  542  steps 4448256  sps 5137  opp rand  loss -0.050  pg -0.0005  v 0.007  adv_std 0.120  tR +0.53  ent[s/d/p/e] 1.33/2.37/1.32/0.66  emits 1.59  clip 0.00  kl +0.000
upd  543  steps 4456448  sps 5142  opp frzn  loss -0.051  pg -0.0006  v 0.006  adv_std 0.107  tR +0.39  ent[s/d/p/e] 1.27/2.34/1.32/0.67  emits 1.65  clip 0.00  kl +0.000
upd  544  steps 4464640  sps 5147  opp rand  loss -0.050  pg -0.0007  v 0.006  adv_std 0.114  tR +0.39  ent[s/d/p/e] 1.16/2.31/1.33/0.67  emits 1.63  clip 0.00  kl +0.000
upd  545  steps 4472832  sps 5153  opp frzn  loss -0.051  pg -0.0007  v 0.007  adv_std 0.119  tR +0.16  ent[s/d/p/e] 1.29/2.34/1.32/0.67  emits 1.67  clip 0.00  kl +0.000
upd  546  steps 4481024  sps 5158  opp frzn  loss -0.052  pg -0.0010  v 0.005  adv_std 0.103  tR +0.55  ent[s/d/p/e] 1.34/2.32/1.32/0.68  emits 1.80  clip 0.00  kl +0.000
upd  547  steps 4489216  sps 5163  opp rand  loss -0.053  pg -0.0011  v 0.005  adv_std 0.102  tR +0.50  ent[s/d/p/e] 1.49/2.40/1.32/0.67  emits 1.74  clip 0.00  kl +0.000
upd  548  steps 4497408  sps 5169  opp rand  loss -0.051  pg -0.0010  v 0.007  adv_std 0.117  tR +0.63  ent[s/d/p/e] 1.31/2.36/1.32/0.67  emits 1.70  clip 0.00  kl +0.000
upd  549  steps 4505600  sps 5174  opp rand  loss -0.052  pg -0.0009  v 0.006  adv_std 0.111  tR +0.44  ent[s/d/p/e] 1.29/2.37/1.32/0.67  emits 1.73  clip 0.00  kl +0.000 WRr 0.78 WRf 0.75
upd  550  steps 4513792  sps 5130  opp frzn  loss -0.053  pg -0.0008  v 0.005  adv_std 0.096  tR +0.29  ent[s/d/p/e] 1.40/2.37/1.32/0.67  emits 1.79  clip 0.00  kl -0.000
upd  551  steps 4521984  sps 5136  opp frzn  loss -0.053  pg -0.0006  v 0.004  adv_std 0.093  tR +0.60  ent[s/d/p/e] 1.38/2.31/1.33/0.67  emits 1.77  clip 0.00  kl +0.000
upd  552  steps 4530176  sps 5141  opp frzn  loss -0.052  pg -0.0010  v 0.005  adv_std 0.099  tR +0.58  ent[s/d/p/e] 1.30/2.35/1.33/0.67  emits 1.76  clip 0.00  kl +0.001
upd  553  steps 4538368  sps 5146  opp frzn  loss -0.052  pg -0.0007  v 0.005  adv_std 0.097  tR +0.58  ent[s/d/p/e] 1.27/2.33/1.33/0.67  emits 1.73  clip 0.00  kl +0.001
upd  554  steps 4546560  sps 5151  opp frzn  loss -0.051  pg -0.0006  v 0.006  adv_std 0.113  tR +0.39  ent[s/d/p/e] 1.21/2.36/1.33/0.67  emits 1.71  clip 0.00  kl +0.000
upd  555  steps 4554752  sps 5156  opp frzn  loss -0.052  pg -0.0007  v 0.007  adv_std 0.117  tR +0.33  ent[s/d/p/e] 1.39/2.35/1.33/0.67  emits 1.79  clip 0.00  kl +0.000
upd  556  steps 4562944  sps 5161  opp frzn  loss -0.053  pg -0.0006  v 0.005  adv_std 0.095  tR +0.76  ent[s/d/p/e] 1.41/2.37/1.33/0.67  emits 1.85  clip 0.00  kl +0.000
upd  557  steps 4571136  sps 5167  opp frzn  loss -0.051  pg -0.0008  v 0.006  adv_std 0.112  tR +0.39  ent[s/d/p/e] 1.23/2.39/1.33/0.66  emits 1.73  clip 0.00  kl +0.000
upd  558  steps 4579328  sps 5172  opp frzn  loss -0.050  pg -0.0007  v 0.009  adv_std 0.136  tR +0.30  ent[s/d/p/e] 1.35/2.42/1.32/0.66  emits 1.71  clip 0.00  kl -0.000
upd  559  steps 4587520  sps 5177  opp rand  loss -0.053  pg -0.0011  v 0.005  adv_std 0.101  tR +0.82  ent[s/d/p/e] 1.30/2.37/1.33/0.67  emits 1.77  clip 0.00  kl +0.000 WRr 0.84 WRf 0.84
upd  560  steps 4595712  sps 5134  opp rand  loss -0.051  pg -0.0009  v 0.009  adv_std 0.134  tR +0.64  ent[s/d/p/e] 1.51/2.45/1.33/0.66  emits 1.71  clip 0.00  kl +0.000
upd  561  steps 4603904  sps 5140  opp rand  loss -0.052  pg -0.0006  v 0.006  adv_std 0.108  tR +0.39  ent[s/d/p/e] 1.35/2.33/1.33/0.66  emits 1.65  clip 0.00  kl +0.000
upd  562  steps 4612096  sps 5145  opp rand  loss -0.051  pg -0.0012  v 0.008  adv_std 0.128  tR +0.55  ent[s/d/p/e] 1.33/2.39/1.33/0.66  emits 1.62  clip 0.01  kl -0.000
upd  563  steps 4620288  sps 5150  opp rand  loss -0.052  pg -0.0008  v 0.006  adv_std 0.107  tR +0.74  ent[s/d/p/e] 1.34/2.37/1.33/0.67  emits 1.83  clip 0.00  kl +0.000
upd  564  steps 4628480  sps 5156  opp rand  loss -0.049  pg -0.0009  v 0.011  adv_std 0.150  tR +0.52  ent[s/d/p/e] 1.39/2.36/1.33/0.66  emits 1.74  clip 0.00  kl +0.000
upd  565  steps 4636672  sps 5161  opp rand  loss -0.051  pg -0.0006  v 0.006  adv_std 0.110  tR +0.36  ent[s/d/p/e] 1.30/2.32/1.33/0.66  emits 1.66  clip 0.00  kl +0.000
upd  566  steps 4644864  sps 5166  opp frzn  loss -0.051  pg -0.0007  v 0.007  adv_std 0.120  tR +0.30  ent[s/d/p/e] 1.35/2.32/1.33/0.66  emits 1.72  clip 0.00  kl -0.000
upd  567  steps 4653056  sps 5171  opp frzn  loss -0.053  pg -0.0011  v 0.004  adv_std 0.091  tR +0.60  ent[s/d/p/e] 1.35/2.30/1.33/0.67  emits 1.80  clip 0.00  kl +0.000
upd  568  steps 4661248  sps 5176  opp rand  loss -0.051  pg -0.0007  v 0.006  adv_std 0.111  tR +0.46  ent[s/d/p/e] 1.22/2.34/1.33/0.66  emits 1.68  clip 0.00  kl +0.000
upd  569  steps 4669440  sps 5182  opp rand  loss -0.050  pg -0.0009  v 0.008  adv_std 0.125  tR +0.71  ent[s/d/p/e] 1.29/2.40/1.33/0.66  emits 1.67  clip 0.00  kl +0.000 WRr 0.78 WRf 0.75
upd  570  steps 4677632  sps 5139  opp rand  loss -0.051  pg -0.0009  v 0.006  adv_std 0.113  tR +0.43  ent[s/d/p/e] 1.25/2.32/1.33/0.66  emits 1.67  clip 0.00  kl -0.000
upd  571  steps 4685824  sps 5144  opp frzn  loss -0.053  pg -0.0009  v 0.005  adv_std 0.101  tR +0.33  ent[s/d/p/e] 1.49/2.37/1.32/0.66  emits 1.73  clip 0.00  kl +0.000
upd  572  steps 4694016  sps 5149  opp frzn  loss -0.052  pg -0.0008  v 0.005  adv_std 0.105  tR +0.66  ent[s/d/p/e] 1.27/2.32/1.33/0.67  emits 1.76  clip 0.00  kl -0.000
upd  573  steps 4702208  sps 5155  opp rand  loss -0.051  pg -0.0007  v 0.007  adv_std 0.115  tR +0.47  ent[s/d/p/e] 1.32/2.31/1.33/0.66  emits 1.72  clip 0.00  kl +0.000
upd  574  steps 4710400  sps 5160  opp frzn  loss -0.051  pg -0.0006  v 0.007  adv_std 0.123  tR +0.60  ent[s/d/p/e] 1.49/2.32/1.33/0.66  emits 1.80  clip 0.00  kl +0.000
upd  575  steps 4718592  sps 5165  opp rand  loss -0.051  pg -0.0012  v 0.007  adv_std 0.119  tR +0.43  ent[s/d/p/e] 1.22/2.32/1.32/0.67  emits 1.68  clip 0.00  kl +0.000
upd  576  steps 4726784  sps 5170  opp rand  loss -0.051  pg -0.0007  v 0.007  adv_std 0.121  tR +0.26  ent[s/d/p/e] 1.40/2.35/1.32/0.67  emits 1.70  clip 0.00  kl -0.000
upd  577  steps 4734976  sps 5175  opp frzn  loss -0.052  pg -0.0010  v 0.005  adv_std 0.098  tR +0.62  ent[s/d/p/e] 1.30/2.33/1.32/0.67  emits 1.74  clip 0.00  kl +0.000
upd  578  steps 4743168  sps 5180  opp rand  loss -0.052  pg -0.0006  v 0.004  adv_std 0.095  tR +0.41  ent[s/d/p/e] 1.24/2.34/1.32/0.67  emits 1.73  clip 0.00  kl +0.000
upd  579  steps 4751360  sps 5185  opp frzn  loss -0.052  pg -0.0007  v 0.006  adv_std 0.107  tR +0.68  ent[s/d/p/e] 1.36/2.40/1.31/0.67  emits 1.80  clip 0.00  kl +0.000 WRr 0.62 WRf 0.69
upd  580  steps 4759552  sps 5143  opp frzn  loss -0.051  pg -0.0007  v 0.006  adv_std 0.106  tR +0.49  ent[s/d/p/e] 1.28/2.37/1.32/0.66  emits 1.79  clip 0.00  kl -0.000
upd  581  steps 4767744  sps 5148  opp rand  loss -0.051  pg -0.0007  v 0.006  adv_std 0.112  tR +0.41  ent[s/d/p/e] 1.21/2.34/1.32/0.67  emits 1.73  clip 0.00  kl +0.000
upd  582  steps 4775936  sps 5153  opp frzn  loss -0.050  pg -0.0008  v 0.008  adv_std 0.125  tR +0.28  ent[s/d/p/e] 1.26/2.41/1.31/0.66  emits 1.70  clip 0.00  kl +0.000
upd  583  steps 4784128  sps 5158  opp frzn  loss -0.050  pg -0.0006  v 0.007  adv_std 0.118  tR +0.38  ent[s/d/p/e] 1.14/2.30/1.32/0.67  emits 1.72  clip 0.00  kl +0.000
upd  584  steps 4792320  sps 5163  opp frzn  loss -0.051  pg -0.0011  v 0.007  adv_std 0.121  tR +0.68  ent[s/d/p/e] 1.31/2.32/1.32/0.67  emits 1.84  clip 0.00  kl -0.000
upd  585  steps 4800512  sps 5168  opp frzn  loss -0.052  pg -0.0010  v 0.005  adv_std 0.097  tR +0.47  ent[s/d/p/e] 1.37/2.38/1.32/0.66  emits 1.78  clip 0.00  kl +0.000
upd  586  steps 4808704  sps 5173  opp frzn  loss -0.052  pg -0.0012  v 0.005  adv_std 0.103  tR +0.54  ent[s/d/p/e] 1.24/2.32/1.32/0.67  emits 1.77  clip 0.00  kl +0.000
upd  587  steps 4816896  sps 5178  opp rand  loss -0.049  pg -0.0006  v 0.008  adv_std 0.125  tR +0.31  ent[s/d/p/e] 1.12/2.40/1.30/0.66  emits 1.60  clip 0.00  kl +0.000
upd  588  steps 4825088  sps 5183  opp frzn  loss -0.050  pg -0.0006  v 0.007  adv_std 0.117  tR +0.37  ent[s/d/p/e] 1.21/2.35/1.31/0.67  emits 1.72  clip 0.00  kl +0.000
upd  589  steps 4833280  sps 5188  opp frzn  loss -0.051  pg -0.0007  v 0.005  adv_std 0.102  tR +0.62  ent[s/d/p/e] 1.23/2.34/1.32/0.67  emits 1.71  clip 0.00  kl -0.000 WRr 0.75 WRf 0.78
upd  590  steps 4841472  sps 5147  opp rand  loss -0.053  pg -0.0009  v 0.005  adv_std 0.104  tR +0.50  ent[s/d/p/e] 1.46/2.35/1.32/0.67  emits 1.81  clip 0.01  kl +0.000
upd  591  steps 4849664  sps 5152  opp rand  loss -0.051  pg -0.0008  v 0.007  adv_std 0.123  tR +0.72  ent[s/d/p/e] 1.37/2.33/1.32/0.67  emits 1.75  clip 0.00  kl +0.000
upd  592  steps 4857856  sps 5157  opp frzn  loss -0.051  pg -0.0012  v 0.008  adv_std 0.125  tR +0.58  ent[s/d/p/e] 1.34/2.40/1.30/0.66  emits 1.74  clip 0.00  kl -0.000
upd  593  steps 4866048  sps 5162  opp frzn  loss -0.052  pg -0.0007  v 0.005  adv_std 0.101  tR +0.28  ent[s/d/p/e] 1.32/2.30/1.32/0.67  emits 1.84  clip 0.00  kl +0.001
upd  594  steps 4874240  sps 5167  opp rand  loss -0.053  pg -0.0009  v 0.005  adv_std 0.100  tR +0.75  ent[s/d/p/e] 1.38/2.33/1.32/0.67  emits 1.79  clip 0.00  kl -0.000
upd  595  steps 4882432  sps 5172  opp rand  loss -0.053  pg -0.0010  v 0.005  adv_std 0.098  tR +0.52  ent[s/d/p/e] 1.39/2.29/1.33/0.67  emits 1.80  clip 0.00  kl +0.001
upd  596  steps 4890624  sps 5177  opp frzn  loss -0.052  pg -0.0009  v 0.006  adv_std 0.110  tR +0.45  ent[s/d/p/e] 1.40/2.35/1.32/0.66  emits 1.75  clip 0.00  kl -0.000
upd  597  steps 4898816  sps 5182  opp rand  loss -0.051  pg -0.0005  v 0.006  adv_std 0.106  tR +0.51  ent[s/d/p/e] 1.23/2.25/1.33/0.67  emits 1.82  clip 0.00  kl -0.000
upd  598  steps 4907008  sps 5187  opp frzn  loss -0.052  pg -0.0010  v 0.006  adv_std 0.111  tR +0.44  ent[s/d/p/e] 1.44/2.34/1.32/0.66  emits 1.78  clip 0.01  kl +0.001
upd  599  steps 4915200  sps 5191  opp frzn  loss -0.051  pg -0.0006  v 0.007  adv_std 0.120  tR +0.36  ent[s/d/p/e] 1.31/2.28/1.33/0.66  emits 1.67  clip 0.00  kl +0.000 WRr 0.84 WRf 0.69
upd  600  steps 4923392  sps 5151  opp frzn  loss -0.051  pg -0.0009  v 0.007  adv_std 0.122  tR +0.53  ent[s/d/p/e] 1.38/2.33/1.32/0.67  emits 1.74  clip 0.00  kl -0.000
upd  601  steps 4931584  sps 5156  opp rand  loss -0.051  pg -0.0010  v 0.006  adv_std 0.111  tR +0.53  ent[s/d/p/e] 1.27/2.32/1.33/0.66  emits 1.65  clip 0.00  kl +0.000
upd  602  steps 4939776  sps 5161  opp rand  loss -0.049  pg -0.0006  v 0.010  adv_std 0.139  tR +0.31  ent[s/d/p/e] 1.31/2.33/1.32/0.66  emits 1.68  clip 0.00  kl +0.000
upd  603  steps 4947968  sps 5165  opp frzn  loss -0.052  pg -0.0006  v 0.004  adv_std 0.095  tR +0.58  ent[s/d/p/e] 1.36/2.31/1.32/0.66  emits 1.77  clip 0.00  kl +0.000
upd  604  steps 4956160  sps 5170  opp rand  loss -0.051  pg -0.0007  v 0.007  adv_std 0.118  tR +0.30  ent[s/d/p/e] 1.38/2.28/1.33/0.66  emits 1.72  clip 0.00  kl +0.000
upd  605  steps 4964352  sps 5175  opp rand  loss -0.052  pg -0.0008  v 0.006  adv_std 0.110  tR +0.56  ent[s/d/p/e] 1.48/2.33/1.33/0.66  emits 1.71  clip 0.00  kl +0.000
upd  606  steps 4972544  sps 5180  opp frzn  loss -0.052  pg -0.0008  v 0.006  adv_std 0.109  tR +0.66  ent[s/d/p/e] 1.47/2.29/1.33/0.66  emits 1.80  clip 0.00  kl +0.000
upd  607  steps 4980736  sps 5185  opp frzn  loss -0.052  pg -0.0012  v 0.007  adv_std 0.115  tR +0.36  ent[s/d/p/e] 1.36/2.34/1.33/0.67  emits 1.77  clip 0.01  kl +0.001
upd  608  steps 4988928  sps 5190  opp frzn  loss -0.051  pg -0.0007  v 0.006  adv_std 0.108  tR +0.62  ent[s/d/p/e] 1.29/2.29/1.34/0.66  emits 1.85  clip 0.00  kl +0.000
upd  609  steps 4997120  sps 5195  opp rand  loss -0.053  pg -0.0010  v 0.006  adv_std 0.110  tR +0.51  ent[s/d/p/e] 1.47/2.37/1.32/0.67  emits 1.79  clip 0.00  kl +0.001 WRr 0.75 WRf 0.84
upd  610  steps 5005312  sps 5144  opp frzn  loss -0.051  pg -0.0006  v 0.007  adv_std 0.120  tR +0.50  ent[s/d/p/e] 1.31/2.29/1.33/0.67  emits 1.78  clip 0.00  kl +0.000
upd  611  steps 5013504  sps 5149  opp rand  loss -0.052  pg -0.0009  v 0.005  adv_std 0.102  tR +0.46  ent[s/d/p/e] 1.38/2.32/1.32/0.66  emits 1.77  clip 0.00  kl +0.000
upd  612  steps 5021696  sps 5154  opp frzn  loss -0.052  pg -0.0010  v 0.005  adv_std 0.104  tR +0.59  ent[s/d/p/e] 1.21/2.30/1.32/0.67  emits 1.76  clip 0.00  kl +0.001
upd  613  steps 5029888  sps 5159  opp rand  loss -0.049  pg -0.0006  v 0.007  adv_std 0.122  tR +0.57  ent[s/d/p/e] 1.15/2.35/1.32/0.66  emits 1.65  clip 0.00  kl +0.000
upd  614  steps 5038080  sps 5164  opp frzn  loss -0.050  pg -0.0010  v 0.007  adv_std 0.121  tR +0.24  ent[s/d/p/e] 1.19/2.32/1.32/0.66  emits 1.67  clip 0.00  kl +0.000
upd  615  steps 5046272  sps 5168  opp frzn  loss -0.052  pg -0.0010  v 0.005  adv_std 0.105  tR +0.43  ent[s/d/p/e] 1.33/2.35/1.32/0.67  emits 1.76  clip 0.00  kl +0.000
upd  616  steps 5054464  sps 5173  opp rand  loss -0.051  pg -0.0006  v 0.007  adv_std 0.121  tR +0.53  ent[s/d/p/e] 1.38/2.36/1.31/0.66  emits 1.65  clip 0.00  kl +0.000
upd  617  steps 5062656  sps 5178  opp frzn  loss -0.051  pg -0.0008  v 0.005  adv_std 0.104  tR +0.22  ent[s/d/p/e] 1.29/2.36/1.30/0.65  emits 1.67  clip 0.00  kl +0.000
upd  618  steps 5070848  sps 5183  opp rand  loss -0.050  pg -0.0007  v 0.008  adv_std 0.126  tR +0.28  ent[s/d/p/e] 1.26/2.34/1.32/0.66  emits 1.59  clip 0.00  kl -0.000
upd  619  steps 5079040  sps 5187  opp rand  loss -0.051  pg -0.0006  v 0.006  adv_std 0.106  tR +0.45  ent[s/d/p/e] 1.38/2.34/1.32/0.66  emits 1.60  clip 0.00  kl +0.001 WRr 0.72 WRf 0.75
upd  620  steps 5087232  sps 5148  opp rand  loss -0.051  pg -0.0010  v 0.007  adv_std 0.121  tR +0.37  ent[s/d/p/e] 1.28/2.31/1.32/0.66  emits 1.63  clip 0.00  kl +0.000
upd  621  steps 5095424  sps 5153  opp frzn  loss -0.053  pg -0.0009  v 0.005  adv_std 0.096  tR +0.58  ent[s/d/p/e] 1.49/2.42/1.31/0.67  emits 1.72  clip 0.01  kl +0.001
upd  622  steps 5103616  sps 5158  opp frzn  loss -0.052  pg -0.0009  v 0.006  adv_std 0.108  tR +0.71  ent[s/d/p/e] 1.33/2.29/1.32/0.67  emits 1.87  clip 0.00  kl +0.000
upd  623  steps 5111808  sps 5163  opp rand  loss -0.052  pg -0.0008  v 0.005  adv_std 0.104  tR +0.51  ent[s/d/p/e] 1.44/2.40/1.31/0.66  emits 1.72  clip 0.00  kl -0.000
upd  624  steps 5120000  sps 5167  opp rand  loss -0.049  pg -0.0007  v 0.008  adv_std 0.126  tR +0.29  ent[s/d/p/e] 1.16/2.30/1.31/0.66  emits 1.62  clip 0.00  kl +0.000
upd  625  steps 5128192  sps 5172  opp frzn  loss -0.050  pg -0.0006  v 0.007  adv_std 0.120  tR +0.18  ent[s/d/p/e] 1.19/2.33/1.31/0.66  emits 1.61  clip 0.00  kl +0.000
upd  626  steps 5136384  sps 5177  opp rand  loss -0.051  pg -0.0010  v 0.007  adv_std 0.121  tR +0.59  ent[s/d/p/e] 1.32/2.30/1.32/0.67  emits 1.79  clip 0.01  kl +0.001
upd  627  steps 5144576  sps 5182  opp rand  loss -0.051  pg -0.0006  v 0.007  adv_std 0.119  tR +0.51  ent[s/d/p/e] 1.36/2.31/1.31/0.67  emits 1.77  clip 0.00  kl +0.000
upd  628  steps 5152768  sps 5186  opp frzn  loss -0.052  pg -0.0009  v 0.006  adv_std 0.109  tR +0.49  ent[s/d/p/e] 1.38/2.32/1.30/0.67  emits 1.79  clip 0.00  kl +0.000
upd  629  steps 5160960  sps 5191  opp frzn  loss -0.051  pg -0.0008  v 0.006  adv_std 0.110  tR +0.62  ent[s/d/p/e] 1.25/2.31/1.31/0.67  emits 1.74  clip 0.00  kl +0.000 WRr 0.81 WRf 0.72
upd  630  steps 5169152  sps 5152  opp frzn  loss -0.052  pg -0.0008  v 0.006  adv_std 0.110  tR +0.46  ent[s/d/p/e] 1.34/2.29/1.31/0.67  emits 1.77  clip 0.00  kl +0.000
upd  631  steps 5177344  sps 5157  opp rand  loss -0.051  pg -0.0004  v 0.006  adv_std 0.112  tR +0.61  ent[s/d/p/e] 1.30/2.30/1.32/0.67  emits 1.74  clip 0.00  kl +0.000
upd  632  steps 5185536  sps 5161  opp frzn  loss -0.051  pg -0.0008  v 0.007  adv_std 0.123  tR +0.52  ent[s/d/p/e] 1.33/2.30/1.31/0.67  emits 1.74  clip 0.00  kl +0.001
upd  633  steps 5193728  sps 5166  opp frzn  loss -0.051  pg -0.0006  v 0.007  adv_std 0.117  tR +0.31  ent[s/d/p/e] 1.39/2.31/1.31/0.66  emits 1.76  clip 0.00  kl -0.000
upd  634  steps 5201920  sps 5171  opp rand  loss -0.049  pg -0.0007  v 0.008  adv_std 0.128  tR +0.54  ent[s/d/p/e] 1.16/2.29/1.31/0.66  emits 1.61  clip 0.00  kl -0.000
upd  635  steps 5210112  sps 5175  opp rand  loss -0.050  pg -0.0008  v 0.007  adv_std 0.116  tR +0.20  ent[s/d/p/e] 1.26/2.31/1.31/0.66  emits 1.62  clip 0.00  kl +0.000
upd  636  steps 5218304  sps 5180  opp frzn  loss -0.050  pg -0.0011  v 0.009  adv_std 0.133  tR +0.22  ent[s/d/p/e] 1.26/2.25/1.32/0.66  emits 1.68  clip 0.01  kl +0.001
upd  637  steps 5226496  sps 5184  opp frzn  loss -0.051  pg -0.0011  v 0.007  adv_std 0.120  tR +0.46  ent[s/d/p/e] 1.36/2.29/1.31/0.66  emits 1.73  clip 0.00  kl +0.001
upd  638  steps 5234688  sps 5189  opp rand  loss -0.053  pg -0.0004  v 0.005  adv_std 0.096  tR +0.51  ent[s/d/p/e] 1.49/2.31/1.32/0.67  emits 1.77  clip 0.00  kl +0.000
upd  639  steps 5242880  sps 5194  opp rand  loss -0.052  pg -0.0009  v 0.007  adv_std 0.117  tR +0.60  ent[s/d/p/e] 1.41/2.31/1.32/0.66  emits 1.68  clip 0.00  kl +0.000 WRr 0.66 WRf 0.75
upd  640  steps 5251072  sps 5156  opp frzn  loss -0.050  pg -0.0005  v 0.007  adv_std 0.119  tR +0.53  ent[s/d/p/e] 1.25/2.27/1.32/0.66  emits 1.62  clip 0.00  kl +0.000
upd  641  steps 5259264  sps 5160  opp frzn  loss -0.051  pg -0.0009  v 0.006  adv_std 0.109  tR +0.52  ent[s/d/p/e] 1.23/2.26/1.32/0.65  emits 1.65  clip 0.00  kl +0.000
upd  642  steps 5267456  sps 5165  opp frzn  loss -0.051  pg -0.0007  v 0.006  adv_std 0.112  tR +0.40  ent[s/d/p/e] 1.22/2.32/1.32/0.66  emits 1.61  clip 0.00  kl +0.000
upd  643  steps 5275648  sps 5169  opp frzn  loss -0.052  pg -0.0010  v 0.005  adv_std 0.096  tR +0.50  ent[s/d/p/e] 1.20/2.28/1.32/0.66  emits 1.65  clip 0.00  kl -0.000
upd  644  steps 5283840  sps 5174  opp frzn  loss -0.050  pg -0.0007  v 0.006  adv_std 0.114  tR +0.54  ent[s/d/p/e] 1.23/2.28/1.32/0.65  emits 1.63  clip 0.00  kl +0.000
upd  645  steps 5292032  sps 5178  opp frzn  loss -0.051  pg -0.0007  v 0.006  adv_std 0.114  tR +0.42  ent[s/d/p/e] 1.26/2.27/1.32/0.66  emits 1.63  clip 0.00  kl -0.000
upd  646  steps 5300224  sps 5183  opp rand  loss -0.051  pg -0.0006  v 0.006  adv_std 0.114  tR +0.33  ent[s/d/p/e] 1.36/2.25/1.33/0.65  emits 1.60  clip 0.00  kl +0.000
upd  647  steps 5308416  sps 5187  opp frzn  loss -0.052  pg -0.0010  v 0.005  adv_std 0.105  tR +0.41  ent[s/d/p/e] 1.33/2.25/1.32/0.66  emits 1.62  clip 0.00  kl +0.001
upd  648  steps 5316608  sps 5192  opp rand  loss -0.051  pg -0.0009  v 0.006  adv_std 0.106  tR +0.71  ent[s/d/p/e] 1.17/2.28/1.33/0.66  emits 1.56  clip 0.01  kl +0.001
upd  649  steps 5324800  sps 5197  opp rand  loss -0.051  pg -0.0009  v 0.007  adv_std 0.123  tR +0.43  ent[s/d/p/e] 1.37/2.32/1.33/0.66  emits 1.63  clip 0.00  kl +0.001 WRr 0.75 WRf 0.69
upd  650  steps 5332992  sps 5159  opp rand  loss -0.052  pg -0.0009  v 0.007  adv_std 0.118  tR +0.59  ent[s/d/p/e] 1.44/2.23/1.33/0.66  emits 1.66  clip 0.01  kl +0.000
upd  651  steps 5341184  sps 5164  opp frzn  loss -0.053  pg -0.0011  v 0.007  adv_std 0.115  tR +0.67  ent[s/d/p/e] 1.50/2.24/1.33/0.66  emits 1.72  clip 0.00  kl +0.001
upd  652  steps 5349376  sps 5168  opp frzn  loss -0.053  pg -0.0009  v 0.004  adv_std 0.092  tR +0.61  ent[s/d/p/e] 1.42/2.23/1.33/0.66  emits 1.75  clip 0.00  kl +0.000
upd  653  steps 5357568  sps 5173  opp rand  loss -0.051  pg -0.0009  v 0.008  adv_std 0.126  tR +0.41  ent[s/d/p/e] 1.37/2.26/1.33/0.66  emits 1.65  clip 0.00  kl +0.000
upd  654  steps 5365760  sps 5177  opp frzn  loss -0.051  pg -0.0006  v 0.006  adv_std 0.114  tR +0.22  ent[s/d/p/e] 1.30/2.22/1.32/0.66  emits 1.64  clip 0.00  kl +0.000
upd  655  steps 5373952  sps 5182  opp rand  loss -0.052  pg -0.0009  v 0.006  adv_std 0.105  tR +0.53  ent[s/d/p/e] 1.38/2.24/1.33/0.66  emits 1.76  clip 0.00  kl +0.000
upd  656  steps 5382144  sps 5186  opp rand  loss -0.051  pg -0.0008  v 0.007  adv_std 0.121  tR +0.63  ent[s/d/p/e] 1.35/2.23/1.33/0.67  emits 1.70  clip 0.00  kl +0.000
upd  657  steps 5390336  sps 5190  opp frzn  loss -0.052  pg -0.0007  v 0.005  adv_std 0.100  tR +0.62  ent[s/d/p/e] 1.32/2.24/1.32/0.66  emits 1.69  clip 0.00  kl +0.000
upd  658  steps 5398528  sps 5195  opp rand  loss -0.050  pg -0.0006  v 0.008  adv_std 0.129  tR +0.40  ent[s/d/p/e] 1.20/2.20/1.33/0.66  emits 1.73  clip 0.00  kl +0.000
upd  659  steps 5406720  sps 5200  opp rand  loss -0.052  pg -0.0008  v 0.006  adv_std 0.112  tR +0.39  ent[s/d/p/e] 1.45/2.24/1.33/0.66  emits 1.76  clip 0.00  kl +0.000 WRr 0.78 WRf 0.59
upd  660  steps 5414912  sps 5163  opp rand  loss -0.052  pg -0.0008  v 0.006  adv_std 0.112  tR +0.54  ent[s/d/p/e] 1.36/2.22/1.33/0.66  emits 1.76  clip 0.00  kl +0.000
upd  661  steps 5423104  sps 5167  opp rand  loss -0.051  pg -0.0009  v 0.007  adv_std 0.115  tR +0.40  ent[s/d/p/e] 1.40/2.25/1.32/0.66  emits 1.66  clip 0.00  kl +0.001
upd  662  steps 5431296  sps 5172  opp rand  loss -0.051  pg -0.0006  v 0.007  adv_std 0.121  tR +0.55  ent[s/d/p/e] 1.36/2.24/1.33/0.67  emits 1.75  clip 0.00  kl +0.000
upd  663  steps 5439488  sps 5177  opp rand  loss -0.052  pg -0.0009  v 0.007  adv_std 0.120  tR +0.61  ent[s/d/p/e] 1.45/2.22/1.33/0.66  emits 1.79  clip 0.00  kl +0.001
upd  664  steps 5447680  sps 5181  opp frzn  loss -0.051  pg -0.0011  v 0.007  adv_std 0.118  tR +0.61  ent[s/d/p/e] 1.30/2.18/1.32/0.67  emits 1.69  clip 0.00  kl +0.000
upd  665  steps 5455872  sps 5185  opp frzn  loss -0.051  pg -0.0007  v 0.006  adv_std 0.106  tR +0.46  ent[s/d/p/e] 1.26/2.27/1.32/0.66  emits 1.66  clip 0.00  kl -0.000
upd  666  steps 5464064  sps 5190  opp rand  loss -0.052  pg -0.0008  v 0.005  adv_std 0.101  tR +0.21  ent[s/d/p/e] 1.36/2.17/1.34/0.67  emits 1.66  clip 0.00  kl -0.000
upd  667  steps 5472256  sps 5194  opp rand  loss -0.052  pg -0.0009  v 0.006  adv_std 0.112  tR +0.59  ent[s/d/p/e] 1.35/2.20/1.33/0.66  emits 1.65  clip 0.00  kl +0.001
upd  668  steps 5480448  sps 5199  opp rand  loss -0.051  pg -0.0008  v 0.007  adv_std 0.120  tR +0.29  ent[s/d/p/e] 1.36/2.22/1.32/0.66  emits 1.71  clip 0.00  kl +0.000
upd  669  steps 5488640  sps 5203  opp frzn  loss -0.050  pg -0.0008  v 0.008  adv_std 0.128  tR +0.37  ent[s/d/p/e] 1.27/2.25/1.31/0.66  emits 1.68  clip 0.00  kl +0.000 WRr 0.75 WRf 0.88
upd  670  steps 5496832  sps 5167  opp rand  loss -0.051  pg -0.0007  v 0.005  adv_std 0.105  tR +0.35  ent[s/d/p/e] 1.25/2.23/1.33/0.66  emits 1.69  clip 0.00  kl +0.000
upd  671  steps 5505024  sps 5171  opp rand  loss -0.050  pg -0.0006  v 0.008  adv_std 0.128  tR +0.63  ent[s/d/p/e] 1.33/2.20/1.33/0.65  emits 1.68  clip 0.00  kl +0.000
upd  672  steps 5513216  sps 5176  opp rand  loss -0.051  pg -0.0012  v 0.007  adv_std 0.119  tR +0.34  ent[s/d/p/e] 1.23/2.21/1.33/0.65  emits 1.58  clip 0.00  kl -0.000
upd  673  steps 5521408  sps 5180  opp rand  loss -0.052  pg -0.0009  v 0.005  adv_std 0.102  tR +0.33  ent[s/d/p/e] 1.33/2.21/1.34/0.67  emits 1.67  clip 0.01  kl -0.000
upd  674  steps 5529600  sps 5185  opp frzn  loss -0.052  pg -0.0009  v 0.005  adv_std 0.103  tR +0.67  ent[s/d/p/e] 1.33/2.21/1.33/0.67  emits 1.78  clip 0.00  kl +0.000
upd  675  steps 5537792  sps 5189  opp frzn  loss -0.051  pg -0.0010  v 0.006  adv_std 0.113  tR +0.35  ent[s/d/p/e] 1.23/2.16/1.33/0.67  emits 1.71  clip 0.01  kl +0.000
upd  676  steps 5545984  sps 5193  opp rand  loss -0.052  pg -0.0010  v 0.007  adv_std 0.115  tR +0.49  ent[s/d/p/e] 1.38/2.15/1.34/0.67  emits 1.79  clip 0.00  kl -0.000
upd  677  steps 5554176  sps 5198  opp rand  loss -0.053  pg -0.0010  v 0.006  adv_std 0.108  tR +0.62  ent[s/d/p/e] 1.50/2.18/1.32/0.67  emits 1.78  clip 0.00  kl +0.000
upd  678  steps 5562368  sps 5202  opp frzn  loss -0.050  pg -0.0007  v 0.009  adv_std 0.135  tR +0.31  ent[s/d/p/e] 1.28/2.16/1.33/0.67  emits 1.77  clip 0.00  kl +0.000
upd  679  steps 5570560  sps 5206  opp frzn  loss -0.051  pg -0.0008  v 0.007  adv_std 0.116  tR +0.19  ent[s/d/p/e] 1.37/2.15/1.33/0.66  emits 1.80  clip 0.00  kl +0.000 WRr 0.69 WRf 0.75
upd  680  steps 5578752  sps 5170  opp frzn  loss -0.052  pg -0.0011  v 0.005  adv_std 0.101  tR +0.53  ent[s/d/p/e] 1.21/2.11/1.34/0.67  emits 1.82  clip 0.00  kl +0.000
upd  681  steps 5586944  sps 5174  opp frzn  loss -0.051  pg -0.0012  v 0.007  adv_std 0.122  tR +0.46  ent[s/d/p/e] 1.32/2.13/1.33/0.66  emits 1.89  clip 0.00  kl +0.001
upd  682  steps 5595136  sps 5179  opp rand  loss -0.052  pg -0.0008  v 0.005  adv_std 0.103  tR +0.35  ent[s/d/p/e] 1.27/2.09/1.34/0.67  emits 1.85  clip 0.00  kl +0.001
upd  683  steps 5603328  sps 5183  opp frzn  loss -0.053  pg -0.0012  v 0.006  adv_std 0.106  tR +0.40  ent[s/d/p/e] 1.43/2.13/1.33/0.67  emits 1.82  clip 0.01  kl +0.001
upd  684  steps 5611520  sps 5188  opp rand  loss -0.052  pg -0.0010  v 0.006  adv_std 0.110  tR +0.44  ent[s/d/p/e] 1.36/2.13/1.34/0.67  emits 1.80  clip 0.00  kl +0.001
upd  685  steps 5619712  sps 5192  opp frzn  loss -0.052  pg -0.0007  v 0.006  adv_std 0.106  tR +0.41  ent[s/d/p/e] 1.38/2.15/1.33/0.67  emits 1.78  clip 0.00  kl -0.000
upd  686  steps 5627904  sps 5196  opp frzn  loss -0.053  pg -0.0008  v 0.005  adv_std 0.098  tR +0.53  ent[s/d/p/e] 1.51/2.14/1.33/0.67  emits 1.94  clip 0.00  kl +0.001
upd  687  steps 5636096  sps 5200  opp frzn  loss -0.053  pg -0.0007  v 0.005  adv_std 0.096  tR +0.70  ent[s/d/p/e] 1.51/2.14/1.33/0.67  emits 1.95  clip 0.00  kl +0.001
upd  688  steps 5644288  sps 5204  opp frzn  loss -0.053  pg -0.0012  v 0.005  adv_std 0.103  tR +0.74  ent[s/d/p/e] 1.47/2.16/1.33/0.67  emits 1.86  clip 0.00  kl +0.000
upd  689  steps 5652480  sps 5209  opp rand  loss -0.052  pg -0.0014  v 0.006  adv_std 0.113  tR +0.61  ent[s/d/p/e] 1.26/2.10/1.34/0.67  emits 1.80  clip 0.01  kl +0.001 WRr 0.81 WRf 0.75
upd  690  steps 5660672  sps 5173  opp frzn  loss -0.052  pg -0.0007  v 0.006  adv_std 0.110  tR +0.69  ent[s/d/p/e] 1.36/2.18/1.33/0.67  emits 1.70  clip 0.00  kl +0.000
upd  691  steps 5668864  sps 5177  opp rand  loss -0.052  pg -0.0008  v 0.005  adv_std 0.104  tR +0.56  ent[s/d/p/e] 1.22/2.10/1.34/0.67  emits 1.68  clip 0.00  kl +0.001
upd  692  steps 5677056  sps 5182  opp rand  loss -0.050  pg -0.0006  v 0.008  adv_std 0.123  tR +0.52  ent[s/d/p/e] 1.29/2.21/1.33/0.66  emits 1.65  clip 0.00  kl -0.000
upd  693  steps 5685248  sps 5186  opp rand  loss -0.052  pg -0.0009  v 0.006  adv_std 0.107  tR +0.47  ent[s/d/p/e] 1.29/2.14/1.34/0.67  emits 1.72  clip 0.00  kl -0.000
upd  694  steps 5693440  sps 5190  opp rand  loss -0.050  pg -0.0007  v 0.008  adv_std 0.130  tR +0.57  ent[s/d/p/e] 1.30/2.12/1.33/0.66  emits 1.70  clip 0.00  kl -0.000
upd  695  steps 5701632  sps 5195  opp frzn  loss -0.051  pg -0.0008  v 0.007  adv_std 0.124  tR +0.35  ent[s/d/p/e] 1.35/2.12/1.33/0.66  emits 1.71  clip 0.00  kl +0.000
upd  696  steps 5709824  sps 5199  opp rand  loss -0.050  pg -0.0005  v 0.008  adv_std 0.133  tR +0.14  ent[s/d/p/e] 1.38/2.12/1.33/0.67  emits 1.71  clip 0.00  kl +0.000
upd  697  steps 5718016  sps 5203  opp rand  loss -0.053  pg -0.0010  v 0.006  adv_std 0.110  tR +0.59  ent[s/d/p/e] 1.45/2.14/1.34/0.67  emits 1.72  clip 0.00  kl +0.000
upd  698  steps 5726208  sps 5207  opp frzn  loss -0.053  pg -0.0011  v 0.005  adv_std 0.104  tR +0.69  ent[s/d/p/e] 1.38/2.10/1.34/0.67  emits 1.79  clip 0.00  kl +0.000
upd  699  steps 5734400  sps 5211  opp frzn  loss -0.053  pg -0.0010  v 0.006  adv_std 0.107  tR +0.38  ent[s/d/p/e] 1.42/2.11/1.34/0.67  emits 1.77  clip 0.01  kl -0.000 WRr 0.72 WRf 0.72
upd  700  steps 5742592  sps 5167  opp rand  loss -0.052  pg -0.0010  v 0.007  adv_std 0.116  tR +0.81  ent[s/d/p/e] 1.29/2.09/1.34/0.67  emits 1.73  clip 0.00  kl +0.001
upd  701  steps 5750784  sps 5171  opp rand  loss -0.049  pg -0.0006  v 0.011  adv_std 0.147  tR +0.38  ent[s/d/p/e] 1.32/2.18/1.33/0.66  emits 1.73  clip 0.00  kl -0.000
upd  702  steps 5758976  sps 5175  opp rand  loss -0.053  pg -0.0009  v 0.006  adv_std 0.109  tR +0.40  ent[s/d/p/e] 1.47/2.09/1.34/0.67  emits 1.77  clip 0.00  kl +0.001
upd  703  steps 5767168  sps 5180  opp rand  loss -0.052  pg -0.0011  v 0.006  adv_std 0.106  tR +0.69  ent[s/d/p/e] 1.37/2.16/1.33/0.66  emits 1.68  clip 0.01  kl +0.001
upd  704  steps 5775360  sps 5184  opp rand  loss -0.050  pg -0.0009  v 0.008  adv_std 0.127  tR +0.54  ent[s/d/p/e] 1.20/2.15/1.33/0.66  emits 1.56  clip 0.00  kl +0.000
upd  705  steps 5783552  sps 5188  opp frzn  loss -0.050  pg -0.0006  v 0.008  adv_std 0.126  tR +0.24  ent[s/d/p/e] 1.18/2.09/1.33/0.66  emits 1.61  clip 0.00  kl +0.000
upd  706  steps 5791744  sps 5192  opp rand  loss -0.050  pg -0.0010  v 0.008  adv_std 0.125  tR +0.45  ent[s/d/p/e] 1.22/2.15/1.34/0.65  emits 1.58  clip 0.00  kl +0.000
upd  707  steps 5799936  sps 5196  opp frzn  loss -0.050  pg -0.0007  v 0.007  adv_std 0.119  tR +0.33  ent[s/d/p/e] 1.12/2.10/1.34/0.65  emits 1.55  clip 0.00  kl +0.000
upd  708  steps 5808128  sps 5200  opp frzn  loss -0.051  pg -0.0010  v 0.007  adv_std 0.115  tR +0.35  ent[s/d/p/e] 1.29/2.14/1.34/0.66  emits 1.63  clip 0.00  kl +0.000
upd  709  steps 5816320  sps 5205  opp rand  loss -0.050  pg -0.0009  v 0.007  adv_std 0.114  tR +0.47  ent[s/d/p/e] 1.17/2.13/1.34/0.65  emits 1.59  clip 0.00  kl -0.000 WRr 0.75 WRf 0.75
upd  710  steps 5824512  sps 5170  opp rand  loss -0.051  pg -0.0008  v 0.006  adv_std 0.113  tR +0.32  ent[s/d/p/e] 1.32/2.12/1.34/0.66  emits 1.66  clip 0.00  kl +0.000
upd  711  steps 5832704  sps 5174  opp frzn  loss -0.053  pg -0.0007  v 0.004  adv_std 0.090  tR +0.60  ent[s/d/p/e] 1.37/2.16/1.33/0.66  emits 1.68  clip 0.00  kl -0.000
upd  712  steps 5840896  sps 5178  opp frzn  loss -0.052  pg -0.0008  v 0.006  adv_std 0.115  tR +0.53  ent[s/d/p/e] 1.34/2.10/1.34/0.67  emits 1.74  clip 0.00  kl -0.000
upd  713  steps 5849088  sps 5183  opp rand  loss -0.052  pg -0.0007  v 0.006  adv_std 0.106  tR +0.64  ent[s/d/p/e] 1.32/2.15/1.34/0.66  emits 1.70  clip 0.00  kl -0.000
upd  714  steps 5857280  sps 5187  opp frzn  loss -0.051  pg -0.0010  v 0.007  adv_std 0.116  tR +0.56  ent[s/d/p/e] 1.27/2.16/1.33/0.66  emits 1.61  clip 0.00  kl +0.000
upd  715  steps 5865472  sps 5191  opp rand  loss -0.049  pg -0.0009  v 0.009  adv_std 0.136  tR +0.28  ent[s/d/p/e] 1.07/2.13/1.33/0.65  emits 1.53  clip 0.00  kl +0.000
upd  716  steps 5873664  sps 5195  opp frzn  loss -0.051  pg -0.0006  v 0.007  adv_std 0.116  tR +0.21  ent[s/d/p/e] 1.29/2.09/1.33/0.67  emits 1.63  clip 0.00  kl +0.000
upd  717  steps 5881856  sps 5199  opp frzn  loss -0.052  pg -0.0009  v 0.006  adv_std 0.106  tR +0.56  ent[s/d/p/e] 1.30/2.11/1.33/0.67  emits 1.69  clip 0.00  kl +0.000
upd  718  steps 5890048  sps 5203  opp frzn  loss -0.052  pg -0.0008  v 0.005  adv_std 0.104  tR +0.47  ent[s/d/p/e] 1.29/2.10/1.33/0.67  emits 1.70  clip 0.00  kl +0.000
upd  719  steps 5898240  sps 5207  opp frzn  loss -0.051  pg -0.0009  v 0.008  adv_std 0.127  tR +0.57  ent[s/d/p/e] 1.34/2.07/1.34/0.67  emits 1.83  clip 0.00  kl +0.000 WRr 0.84 WRf 0.66
upd  720  steps 5906432  sps 5173  opp frzn  loss -0.051  pg -0.0009  v 0.007  adv_std 0.117  tR +0.80  ent[s/d/p/e] 1.27/2.10/1.34/0.67  emits 1.76  clip 0.01  kl +0.001
upd  721  steps 5914624  sps 5177  opp rand  loss -0.052  pg -0.0012  v 0.006  adv_std 0.106  tR +0.61  ent[s/d/p/e] 1.21/2.09/1.34/0.67  emits 1.69  clip 0.00  kl +0.000
upd  722  steps 5922816  sps 5181  opp frzn  loss -0.051  pg -0.0010  v 0.008  adv_std 0.126  tR +0.47  ent[s/d/p/e] 1.28/2.10/1.33/0.66  emits 1.70  clip 0.00  kl +0.000
upd  723  steps 5931008  sps 5185  opp rand  loss -0.050  pg -0.0010  v 0.008  adv_std 0.127  tR +0.29  ent[s/d/p/e] 1.24/2.08/1.34/0.66  emits 1.68  clip 0.00  kl +0.000
upd  724  steps 5939200  sps 5189  opp frzn  loss -0.051  pg -0.0006  v 0.007  adv_std 0.122  tR +0.65  ent[s/d/p/e] 1.40/2.10/1.33/0.66  emits 1.66  clip 0.00  kl +0.000
upd  725  steps 5947392  sps 5193  opp frzn  loss -0.052  pg -0.0008  v 0.005  adv_std 0.098  tR +0.51  ent[s/d/p/e] 1.32/2.10/1.34/0.66  emits 1.69  clip 0.00  kl +0.000
upd  726  steps 5955584  sps 5197  opp rand  loss -0.050  pg -0.0008  v 0.008  adv_std 0.127  tR +0.37  ent[s/d/p/e] 1.24/2.08/1.34/0.66  emits 1.67  clip 0.00  kl +0.000
upd  727  steps 5963776  sps 5201  opp frzn  loss -0.052  pg -0.0009  v 0.007  adv_std 0.116  tR +0.54  ent[s/d/p/e] 1.45/2.09/1.33/0.67  emits 1.74  clip 0.00  kl +0.000
upd  728  steps 5971968  sps 5205  opp rand  loss -0.051  pg -0.0008  v 0.008  adv_std 0.124  tR +0.47  ent[s/d/p/e] 1.28/2.05/1.34/0.67  emits 1.70  clip 0.00  kl +0.000
upd  729  steps 5980160  sps 5209  opp rand  loss -0.051  pg -0.0014  v 0.007  adv_std 0.123  tR +0.49  ent[s/d/p/e] 1.25/2.10/1.33/0.66  emits 1.64  clip 0.00  kl +0.001 WRr 0.72 WRf 0.78
upd  730  steps 5988352  sps 5176  opp frzn  loss -0.050  pg -0.0010  v 0.007  adv_std 0.119  tR +0.33  ent[s/d/p/e] 1.25/2.14/1.31/0.66  emits 1.62  clip 0.00  kl +0.000
upd  731  steps 5996544  sps 5180  opp frzn  loss -0.051  pg -0.0009  v 0.007  adv_std 0.117  tR +0.59  ent[s/d/p/e] 1.31/2.08/1.33/0.67  emits 1.69  clip 0.01  kl +0.000
upd  732  steps 6004736  sps 5183  opp frzn  loss -0.053  pg -0.0006  v 0.004  adv_std 0.091  tR +0.33  ent[s/d/p/e] 1.33/2.08/1.33/0.67  emits 1.67  clip 0.00  kl -0.000
upd  733  steps 6012928  sps 5188  opp rand  loss -0.052  pg -0.0008  v 0.007  adv_std 0.116  tR +0.51  ent[s/d/p/e] 1.40/2.09/1.33/0.67  emits 1.71  clip 0.00  kl +0.000
upd  734  steps 6021120  sps 5192  opp rand  loss -0.053  pg -0.0008  v 0.005  adv_std 0.097  tR +0.64  ent[s/d/p/e] 1.45/2.06/1.33/0.67  emits 1.72  clip 0.00  kl +0.000
upd  735  steps 6029312  sps 5196  opp rand  loss -0.052  pg -0.0005  v 0.006  adv_std 0.110  tR +0.47  ent[s/d/p/e] 1.35/2.03/1.33/0.67  emits 1.73  clip 0.00  kl +0.000
upd  736  steps 6037504  sps 5200  opp rand  loss -0.051  pg -0.0009  v 0.008  adv_std 0.126  tR +0.39  ent[s/d/p/e] 1.40/2.06/1.33/0.67  emits 1.71  clip 0.00  kl +0.000
upd  737  steps 6045696  sps 5204  opp frzn  loss -0.052  pg -0.0011  v 0.006  adv_std 0.110  tR +0.76  ent[s/d/p/e] 1.33/2.05/1.33/0.67  emits 1.74  clip 0.00  kl +0.001
upd  738  steps 6053888  sps 5208  opp rand  loss -0.050  pg -0.0011  v 0.007  adv_std 0.115  tR +0.45  ent[s/d/p/e] 1.08/2.03/1.33/0.67  emits 1.64  clip 0.00  kl +0.001
upd  739  steps 6062080  sps 5212  opp frzn  loss -0.052  pg -0.0007  v 0.005  adv_std 0.101  tR +0.47  ent[s/d/p/e] 1.35/2.07/1.32/0.68  emits 1.73  clip 0.00  kl +0.000 WRr 0.75 WRf 0.81
upd  740  steps 6070272  sps 5179  opp rand  loss -0.051  pg -0.0012  v 0.009  adv_std 0.131  tR +0.32  ent[s/d/p/e] 1.26/2.02/1.33/0.67  emits 1.72  clip 0.00  kl +0.001
upd  741  steps 6078464  sps 5183  opp rand  loss -0.052  pg -0.0009  v 0.005  adv_std 0.100  tR +0.56  ent[s/d/p/e] 1.29/2.05/1.33/0.67  emits 1.63  clip 0.00  kl +0.000
upd  742  steps 6086656  sps 5187  opp rand  loss -0.051  pg -0.0008  v 0.007  adv_std 0.119  tR +0.37  ent[s/d/p/e] 1.28/2.04/1.33/0.67  emits 1.66  clip 0.00  kl +0.001
upd  743  steps 6094848  sps 5191  opp rand  loss -0.052  pg -0.0012  v 0.006  adv_std 0.107  tR +0.58  ent[s/d/p/e] 1.32/2.01/1.34/0.67  emits 1.64  clip 0.00  kl -0.000
upd  744  steps 6103040  sps 5195  opp frzn  loss -0.052  pg -0.0006  v 0.005  adv_std 0.104  tR +0.76  ent[s/d/p/e] 1.37/2.01/1.33/0.67  emits 1.66  clip 0.00  kl +0.000
upd  745  steps 6111232  sps 5199  opp frzn  loss -0.052  pg -0.0012  v 0.005  adv_std 0.103  tR +0.44  ent[s/d/p/e] 1.24/2.03/1.33/0.67  emits 1.67  clip 0.01  kl +0.000
upd  746  steps 6119424  sps 5203  opp rand  loss -0.051  pg -0.0012  v 0.006  adv_std 0.111  tR +0.46  ent[s/d/p/e] 1.20/2.02/1.34/0.67  emits 1.69  clip 0.01  kl +0.001
upd  747  steps 6127616  sps 5207  opp frzn  loss -0.052  pg -0.0011  v 0.006  adv_std 0.108  tR +0.55  ent[s/d/p/e] 1.31/2.04/1.33/0.67  emits 1.69  clip 0.00  kl +0.001
upd  748  steps 6135808  sps 5211  opp frzn  loss -0.050  pg -0.0010  v 0.008  adv_std 0.128  tR +0.57  ent[s/d/p/e] 1.25/2.04/1.32/0.67  emits 1.63  clip 0.00  kl +0.000
upd  749  steps 6144000  sps 5215  opp rand  loss -0.051  pg -0.0009  v 0.007  adv_std 0.120  tR +0.53  ent[s/d/p/e] 1.21/2.07/1.33/0.67  emits 1.60  clip 0.00  kl -0.000 WRr 0.78 WRf 0.72
upd  750  steps 6152192  sps 5182  opp frzn  loss -0.050  pg -0.0008  v 0.007  adv_std 0.120  tR +0.29  ent[s/d/p/e] 1.27/2.12/1.31/0.66  emits 1.54  clip 0.00  kl +0.000
upd  751  steps 6160384  sps 5185  opp frzn  loss -0.051  pg -0.0012  v 0.006  adv_std 0.112  tR +0.56  ent[s/d/p/e] 1.10/2.03/1.34/0.66  emits 1.53  clip 0.00  kl +0.001
upd  752  steps 6168576  sps 5189  opp rand  loss -0.052  pg -0.0007  v 0.005  adv_std 0.103  tR +0.40  ent[s/d/p/e] 1.23/2.03/1.34/0.67  emits 1.61  clip 0.00  kl +0.000
upd  753  steps 6176768  sps 5194  opp rand  loss -0.051  pg -0.0009  v 0.007  adv_std 0.120  tR +0.74  ent[s/d/p/e] 1.24/2.03/1.33/0.66  emits 1.51  clip 0.00  kl +0.000
upd  754  steps 6184960  sps 5197  opp frzn  loss -0.051  pg -0.0007  v 0.007  adv_std 0.115  tR +0.71  ent[s/d/p/e] 1.33/2.02/1.33/0.66  emits 1.61  clip 0.00  kl -0.000
upd  755  steps 6193152  sps 5201  opp rand  loss -0.052  pg -0.0013  v 0.006  adv_std 0.112  tR +0.75  ent[s/d/p/e] 1.32/2.01/1.33/0.66  emits 1.64  clip 0.01  kl +0.001
upd  756  steps 6201344  sps 5205  opp frzn  loss -0.052  pg -0.0005  v 0.005  adv_std 0.097  tR +0.52  ent[s/d/p/e] 1.35/2.01/1.33/0.67  emits 1.63  clip 0.00  kl +0.001
upd  757  steps 6209536  sps 5209  opp frzn  loss -0.050  pg -0.0011  v 0.008  adv_std 0.128  tR +0.37  ent[s/d/p/e] 1.24/2.02/1.32/0.67  emits 1.65  clip 0.00  kl +0.000
upd  758  steps 6217728  sps 5213  opp frzn  loss -0.051  pg -0.0009  v 0.007  adv_std 0.118  tR +0.41  ent[s/d/p/e] 1.22/2.01/1.33/0.67  emits 1.63  clip 0.00  kl +0.000
upd  759  steps 6225920  sps 5217  opp rand  loss -0.050  pg -0.0008  v 0.005  adv_std 0.104  tR +0.62  ent[s/d/p/e] 1.08/2.02/1.33/0.66  emits 1.55  clip 0.00  kl +0.000 WRr 0.75 WRf 0.56
upd  760  steps 6234112  sps 5184  opp rand  loss -0.049  pg -0.0011  v 0.009  adv_std 0.135  tR +0.35  ent[s/d/p/e] 1.22/2.04/1.32/0.65  emits 1.54  clip 0.00  kl +0.000
upd  761  steps 6242304  sps 5188  opp rand  loss -0.051  pg -0.0007  v 0.006  adv_std 0.114  tR +0.60  ent[s/d/p/e] 1.26/2.04/1.32/0.66  emits 1.58  clip 0.00  kl +0.000
upd  762  steps 6250496  sps 5192  opp rand  loss -0.050  pg -0.0010  v 0.007  adv_std 0.118  tR +0.43  ent[s/d/p/e] 1.22/2.03/1.32/0.66  emits 1.56  clip 0.00  kl +0.001
upd  763  steps 6258688  sps 5196  opp rand  loss -0.052  pg -0.0007  v 0.005  adv_std 0.100  tR +0.44  ent[s/d/p/e] 1.28/1.99/1.33/0.66  emits 1.56  clip 0.00  kl +0.000
upd  764  steps 6266880  sps 5200  opp frzn  loss -0.050  pg -0.0006  v 0.008  adv_std 0.131  tR +0.37  ent[s/d/p/e] 1.27/2.03/1.31/0.67  emits 1.60  clip 0.00  kl -0.000
upd  765  steps 6275072  sps 5204  opp frzn  loss -0.051  pg -0.0011  v 0.006  adv_std 0.107  tR +0.36  ent[s/d/p/e] 1.19/2.02/1.32/0.67  emits 1.59  clip 0.00  kl +0.000
upd  766  steps 6283264  sps 5208  opp rand  loss -0.050  pg -0.0007  v 0.006  adv_std 0.111  tR +0.23  ent[s/d/p/e] 1.26/2.03/1.31/0.65  emits 1.60  clip 0.00  kl +0.000
upd  767  steps 6291456  sps 5211  opp frzn  loss -0.052  pg -0.0010  v 0.005  adv_std 0.097  tR +0.71  ent[s/d/p/e] 1.20/2.00/1.33/0.67  emits 1.55  clip 0.00  kl +0.000
upd  768  steps 6299648  sps 5215  opp rand  loss -0.050  pg -0.0008  v 0.006  adv_std 0.110  tR +0.47  ent[s/d/p/e] 1.17/2.01/1.33/0.66  emits 1.57  clip 0.00  kl +0.000
upd  769  steps 6307840  sps 5219  opp rand  loss -0.051  pg -0.0010  v 0.005  adv_std 0.102  tR +0.41  ent[s/d/p/e] 1.22/2.01/1.32/0.65  emits 1.55  clip 0.00  kl +0.000 WRr 0.81 WRf 0.75
upd  770  steps 6316032  sps 5187  opp frzn  loss -0.050  pg -0.0009  v 0.006  adv_std 0.108  tR +0.57  ent[s/d/p/e] 1.18/1.99/1.32/0.65  emits 1.54  clip 0.00  kl +0.000
upd  771  steps 6324224  sps 5191  opp rand  loss -0.051  pg -0.0010  v 0.006  adv_std 0.106  tR +0.43  ent[s/d/p/e] 1.25/1.93/1.33/0.66  emits 1.52  clip 0.00  kl +0.001
upd  772  steps 6332416  sps 5195  opp rand  loss -0.051  pg -0.0007  v 0.005  adv_std 0.104  tR +0.38  ent[s/d/p/e] 1.31/1.97/1.34/0.65  emits 1.53  clip 0.00  kl +0.000
upd  773  steps 6340608  sps 5199  opp rand  loss -0.050  pg -0.0010  v 0.007  adv_std 0.122  tR +0.47  ent[s/d/p/e] 1.25/1.96/1.33/0.66  emits 1.54  clip 0.01  kl -0.000
upd  774  steps 6348800  sps 5203  opp frzn  loss -0.052  pg -0.0014  v 0.005  adv_std 0.101  tR +0.82  ent[s/d/p/e] 1.33/1.96/1.33/0.66  emits 1.55  clip 0.01  kl +0.001
upd  775  steps 6356992  sps 5207  opp rand  loss -0.050  pg -0.0009  v 0.007  adv_std 0.118  tR +0.45  ent[s/d/p/e] 1.10/1.96/1.33/0.64  emits 1.46  clip 0.00  kl +0.000
upd  776  steps 6365184  sps 5210  opp rand  loss -0.051  pg -0.0014  v 0.007  adv_std 0.121  tR +0.44  ent[s/d/p/e] 1.37/2.01/1.32/0.64  emits 1.49  clip 0.00  kl +0.001
upd  777  steps 6373376  sps 5214  opp frzn  loss -0.050  pg -0.0004  v 0.007  adv_std 0.123  tR +0.42  ent[s/d/p/e] 1.22/1.95/1.33/0.66  emits 1.60  clip 0.00  kl +0.000
upd  778  steps 6381568  sps 5218  opp frzn  loss -0.051  pg -0.0014  v 0.007  adv_std 0.120  tR +0.51  ent[s/d/p/e] 1.31/2.00/1.32/0.66  emits 1.60  clip 0.00  kl +0.000
upd  779  steps 6389760  sps 5222  opp frzn  loss -0.051  pg -0.0007  v 0.006  adv_std 0.112  tR +0.71  ent[s/d/p/e] 1.20/1.95/1.33/0.67  emits 1.63  clip 0.00  kl -0.000 WRr 0.81 WRf 0.59
upd  780  steps 6397952  sps 5190  opp rand  loss -0.051  pg -0.0009  v 0.006  adv_std 0.113  tR +0.69  ent[s/d/p/e] 1.28/2.01/1.33/0.65  emits 1.56  clip 0.00  kl +0.000
upd  781  steps 6406144  sps 5194  opp frzn  loss -0.051  pg -0.0004  v 0.006  adv_std 0.109  tR +0.50  ent[s/d/p/e] 1.24/2.00/1.33/0.67  emits 1.59  clip 0.00  kl -0.000
upd  782  steps 6414336  sps 5198  opp frzn  loss -0.052  pg -0.0007  v 0.005  adv_std 0.097  tR +0.66  ent[s/d/p/e] 1.26/2.04/1.33/0.67  emits 1.63  clip 0.00  kl +0.000
upd  783  steps 6422528  sps 5201  opp rand  loss -0.051  pg -0.0006  v 0.006  adv_std 0.112  tR +0.55  ent[s/d/p/e] 1.21/2.08/1.32/0.66  emits 1.63  clip 0.00  kl +0.000
upd  784  steps 6430720  sps 5205  opp rand  loss -0.051  pg -0.0009  v 0.006  adv_std 0.110  tR +0.63  ent[s/d/p/e] 1.24/1.98/1.33/0.66  emits 1.59  clip 0.00  kl +0.000
upd  785  steps 6438912  sps 5209  opp rand  loss -0.052  pg -0.0009  v 0.005  adv_std 0.097  tR +0.67  ent[s/d/p/e] 1.27/2.02/1.33/0.66  emits 1.57  clip 0.00  kl +0.001
upd  786  steps 6447104  sps 5213  opp frzn  loss -0.052  pg -0.0011  v 0.006  adv_std 0.106  tR +0.41  ent[s/d/p/e] 1.34/2.01/1.33/0.66  emits 1.67  clip 0.00  kl +0.001
upd  787  steps 6455296  sps 5217  opp rand  loss -0.053  pg -0.0010  v 0.004  adv_std 0.089  tR +0.73  ent[s/d/p/e] 1.28/1.98/1.33/0.66  emits 1.64  clip 0.00  kl +0.000
upd  788  steps 6463488  sps 5220  opp rand  loss -0.052  pg -0.0006  v 0.006  adv_std 0.110  tR +0.68  ent[s/d/p/e] 1.44/2.04/1.33/0.67  emits 1.70  clip 0.00  kl +0.000
upd  789  steps 6471680  sps 5224  opp rand  loss -0.053  pg -0.0008  v 0.004  adv_std 0.094  tR +0.73  ent[s/d/p/e] 1.42/2.00/1.33/0.66  emits 1.67  clip 0.00  kl +0.000 WRr 0.69 WRf 0.69
upd  790  steps 6479872  sps 5193  opp rand  loss -0.051  pg -0.0008  v 0.006  adv_std 0.114  tR +0.51  ent[s/d/p/e] 1.34/1.97/1.33/0.66  emits 1.63  clip 0.00  kl +0.000
upd  791  steps 6488064  sps 5197  opp frzn  loss -0.052  pg -0.0012  v 0.005  adv_std 0.098  tR +0.84  ent[s/d/p/e] 1.35/1.98/1.32/0.66  emits 1.61  clip 0.00  kl +0.001
upd  792  steps 6496256  sps 5201  opp rand  loss -0.052  pg -0.0010  v 0.005  adv_std 0.101  tR +0.64  ent[s/d/p/e] 1.30/1.98/1.33/0.66  emits 1.63  clip 0.00  kl +0.001
upd  793  steps 6504448  sps 5204  opp frzn  loss -0.051  pg -0.0007  v 0.007  adv_std 0.120  tR +0.59  ent[s/d/p/e] 1.32/1.94/1.32/0.66  emits 1.60  clip 0.00  kl +0.000
upd  794  steps 6512640  sps 5208  opp frzn  loss -0.051  pg -0.0011  v 0.005  adv_std 0.105  tR +0.61  ent[s/d/p/e] 1.12/1.93/1.32/0.66  emits 1.61  clip 0.00  kl +0.000
upd  795  steps 6520832  sps 5211  opp frzn  loss -0.051  pg -0.0010  v 0.006  adv_std 0.109  tR +0.38  ent[s/d/p/e] 1.28/1.96/1.33/0.66  emits 1.62  clip 0.00  kl +0.001
upd  796  steps 6529024  sps 5215  opp rand  loss -0.052  pg -0.0007  v 0.005  adv_std 0.105  tR +0.43  ent[s/d/p/e] 1.34/1.92/1.33/0.67  emits 1.69  clip 0.00  kl +0.001
upd  797  steps 6537216  sps 5219  opp rand  loss -0.052  pg -0.0010  v 0.006  adv_std 0.111  tR +0.67  ent[s/d/p/e] 1.41/2.00/1.31/0.66  emits 1.62  clip 0.00  kl +0.000
upd  798  steps 6545408  sps 5223  opp rand  loss -0.052  pg -0.0008  v 0.004  adv_std 0.094  tR +0.56  ent[s/d/p/e] 1.30/1.93/1.33/0.66  emits 1.58  clip 0.00  kl +0.000
upd  799  steps 6553600  sps 5227  opp rand  loss -0.051  pg -0.0005  v 0.006  adv_std 0.109  tR +0.44  ent[s/d/p/e] 1.31/1.99/1.32/0.66  emits 1.55  clip 0.00  kl +0.000 WRr 0.75 WRf 0.62
final eval win_rate vs random: 0.750
