[reward] kaggle-aligned: terminal +1 win/+1 tie>0/-1 loss/-1 double-wipeout; is_terminal at step >= episode_steps-2; SHAPING_SCALE=0.0; v1: KEEP_HOME=0.0 FLEET_SIZE=0.0/norm20.0; v2 (expert-replay calibrated): PROD_SHARE=0.0 PLANET_SHARE=0.005 FLEET_LOG=0.0/ref500.0/floor0.3; v3 (top10-2630ep calibrated): PROD_SHARE_DELTA=1.0 EMIT_LOG=0.0 EMIT_GATED=0.0 RELEASE=0.05/K20.0 CAPTURE=0.02; episode_steps=500 (kaggle=500, mismatch=False)
upd    0  steps   32768  sps 726  opp rand  loss -0.012  pg -0.0013  v 0.014  ev +0.72  adv_std 0.171  tR -0.24  ent[s/d/p/e] 0.96/2.90/1.80/0.65  emits 1.54  spf 9.9  z0 0.02  garr 16.8  tG 115  e2 0.34  nF 26.1  pS 0.17  ptS 0.17  fLog 0.27  pdΔ -0.3254  pkR 23.25  clip 0.02  kl +0.002
upd    1  steps   65536  sps 1309  opp rand  loss -0.012  pg -0.0019  v 0.019  ev +0.65  adv_std 0.243  tR -0.28  ent[s/d/p/e] 1.32/2.92/1.87/0.63  emits 1.43  spf 15.8  z0 0.06  garr 27.1  tG 287  e2 0.30  nF 24.4  pS 0.26  ptS 0.26  fLog 0.32  pdΔ -0.2424  pkR 13.97  clip 0.04  kl +0.003
upd    2  steps   98304  sps 1788  opp rand  loss -0.015  pg -0.0030  v 0.010  ev +0.76  adv_std 0.186  tR -0.21  ent[s/d/p/e] 1.27/2.91/1.82/0.64  emits 1.54  spf 14.5  z0 0.03  garr 26.8  tG 240  e2 0.34  nF 26.8  pS 0.25  ptS 0.25  fLog 0.31  pdΔ -0.2450  pkR 12.76  clip 0.08  kl +0.005
upd    3  steps  131072  sps 2189  opp rand  loss -0.015  pg -0.0035  v 0.013  ev +0.85  adv_std 0.209  tR -0.22  ent[s/d/p/e] 1.35/2.92/1.86/0.63  emits 1.48  spf 17.0  z0 0.05  garr 32.0  tG 339  e2 0.32  nF 24.3  pS 0.28  ptS 0.28  fLog 0.32  pdΔ -0.2173  pkR 11.77  clip 0.11  kl +0.007
upd    4  steps  163840  sps 2528  opp rand  loss -0.015  pg -0.0025  v 0.008  ev +0.89  adv_std 0.169  tR -0.22  ent[s/d/p/e] 1.32/2.91/1.82/0.63  emits 1.48  spf 15.8  z0 0.04  garr 30.5  tG 300  e2 0.31  nF 25.2  pS 0.27  ptS 0.26  fLog 0.32  pdΔ -0.2348  pkR 14.51  clip 0.11  kl +0.007
upd    5  steps  196608  sps 2820  opp rand  loss -0.014  pg -0.0019  v 0.009  ev +0.93  adv_std 0.175  tR -0.17  ent[s/d/p/e] 1.26/2.92/1.84/0.62  emits 1.46  spf 16.2  z0 0.04  garr 33.1  tG 363  e2 0.31  nF 25.8  pS 0.27  ptS 0.27  fLog 0.31  pdΔ -0.2271  pkR 13.62  clip 0.14  kl +0.007
upd    6  steps  229376  sps 3073  opp rand  loss -0.016  pg -0.0038  v 0.008  ev +0.94  adv_std 0.155  tR -0.11  ent[s/d/p/e] 1.34/2.92/1.83/0.61  emits 1.44  spf 16.1  z0 0.04  garr 32.7  tG 323  e2 0.30  nF 26.2  pS 0.28  ptS 0.27  fLog 0.32  pdΔ -0.2237  pkR 15.63  clip 0.14  kl +0.007
upd    7  steps  262144  sps 3295  opp rand  loss -0.015  pg -0.0022  v 0.006  ev +0.96  adv_std 0.133  tR -0.38  ent[s/d/p/e] 1.16/2.92/1.82/0.60  emits 1.42  spf 13.6  z0 0.05  garr 27.6  tG 258  e2 0.29  nF 25.5  pS 0.24  ptS 0.24  fLog 0.30  pdΔ -0.2565  pkR 16.55  clip 0.16  kl +0.008
upd    8  steps  294912  sps 3491  opp rand  loss -0.015  pg -0.0026  v 0.006  ev +0.97  adv_std 0.133  tR -0.20  ent[s/d/p/e] 1.25/2.92/1.81/0.57  emits 1.35  spf 15.6  z0 0.05  garr 31.8  tG 321  e2 0.26  nF 24.9  pS 0.27  ptS 0.26  fLog 0.31  pdΔ -0.2266  pkR 10.80  clip 0.16  kl +0.008
upd    9  steps  327680  sps 3666  opp rand  loss -0.015  pg -0.0029  v 0.007  ev +0.97  adv_std 0.137  tR -0.05  ent[s/d/p/e] 1.14/2.91/1.81/0.57  emits 1.35  spf 15.3  z0 0.04  garr 32.4  tG 353  e2 0.25  nF 24.8  pS 0.27  ptS 0.26  fLog 0.30  pdΔ -0.2318  pkR 10.52  clip 0.18  kl +0.009
upd   10  steps  360448  sps 3822  opp rand  loss -0.016  pg -0.0035  v 0.009  ev +0.97  adv_std 0.149  tR +0.19  ent[s/d/p/e] 1.39/2.91/1.80/0.55  emits 1.32  spf 20.4  z0 0.03  garr 43.5  tG 499  e2 0.24  nF 22.8  pS 0.33  ptS 0.32  fLog 0.34  pdΔ -0.1689  pkR 9.41  clip 0.16  kl +0.008
upd   11  steps  393216  sps 3963  opp rand  loss -0.014  pg -0.0022  v 0.009  ev +0.97  adv_std 0.144  tR +0.00  ent[s/d/p/e] 1.23/2.91/1.81/0.53  emits 1.31  spf 17.1  z0 0.04  garr 36.8  tG 374  e2 0.23  nF 22.7  pS 0.28  ptS 0.28  fLog 0.32  pdΔ -0.2179  pkR 11.32  clip 0.20  kl +0.009
upd   12  steps  425984  sps 4090  opp rand  loss -0.016  pg -0.0042  v 0.009  ev +0.98  adv_std 0.147  tR -0.02  ent[s/d/p/e] 1.30/2.91/1.80/0.51  emits 1.28  spf 20.0  z0 0.04  garr 41.7  tG 481  e2 0.21  nF 22.1  pS 0.31  ptS 0.31  fLog 0.33  pdΔ -0.1864  pkR 10.99  clip 0.18  kl +0.007
upd   13  steps  458752  sps 4206  opp rand  loss -0.014  pg -0.0025  v 0.009  ev +0.97  adv_std 0.146  tR +0.01  ent[s/d/p/e] 1.26/2.91/1.81/0.51  emits 1.28  spf 18.7  z0 0.03  garr 40.2  tG 453  e2 0.21  nF 23.7  pS 0.30  ptS 0.29  fLog 0.32  pdΔ -0.2046  pkR 15.87  clip 0.19  kl +0.008
upd   14  steps  491520  sps 4312  opp rand  loss -0.016  pg -0.0039  v 0.010  ev +0.98  adv_std 0.147  tR -0.10  ent[s/d/p/e] 1.31/2.91/1.79/0.46  emits 1.22  spf 20.5  z0 0.03  garr 42.3  tG 473  e2 0.18  nF 21.1  pS 0.30  ptS 0.30  fLog 0.34  pdΔ -0.1970  pkR 17.14  clip 0.20  kl +0.009
upd   15  steps  524288  sps 4409  opp rand  loss -0.015  pg -0.0038  v 0.010  ev +0.98  adv_std 0.151  tR +0.13  ent[s/d/p/e] 1.32/2.90/1.79/0.45  emits 1.20  spf 20.8  z0 0.02  garr 43.6  tG 491  e2 0.17  nF 21.4  pS 0.31  ptS 0.30  fLog 0.34  pdΔ -0.1913  pkR 11.97  clip 0.21  kl +0.010
upd   16  steps  557056  sps 4498  opp rand  loss -0.016  pg -0.0046  v 0.010  ev +0.98  adv_std 0.149  tR +0.08  ent[s/d/p/e] 1.38/2.90/1.76/0.45  emits 1.20  spf 21.2  z0 0.03  garr 44.5  tG 515  e2 0.17  nF 20.9  pS 0.32  ptS 0.32  fLog 0.35  pdΔ -0.1770  pkR 8.44  clip 0.21  kl +0.009
upd   17  steps  589824  sps 4581  opp rand  loss -0.015  pg -0.0040  v 0.011  ev +0.98  adv_std 0.158  tR +0.06  ent[s/d/p/e] 1.35/2.91/1.75/0.43  emits 1.18  spf 22.9  z0 0.03  garr 47.9  tG 551  e2 0.16  nF 19.2  pS 0.32  ptS 0.32  fLog 0.35  pdΔ -0.1752  pkR 10.52  clip 0.21  kl +0.011
upd   18  steps  622592  sps 4658  opp rand  loss -0.016  pg -0.0052  v 0.011  ev +0.97  adv_std 0.159  tR +0.09  ent[s/d/p/e] 1.24/2.90/1.75/0.45  emits 1.21  spf 20.5  z0 0.02  garr 44.2  tG 470  e2 0.17  nF 19.4  pS 0.29  ptS 0.28  fLog 0.34  pdΔ -0.2083  pkR 10.84  clip 0.21  kl +0.009
upd   19  steps  655360  sps 4729  opp rand  loss -0.016  pg -0.0049  v 0.011  ev +0.98  adv_std 0.159  tR +0.04  ent[s/d/p/e] 1.44/2.90/1.71/0.44  emits 1.21  spf 24.4  z0 0.02  garr 51.9  tG 601  e2 0.17  nF 19.7  pS 0.35  ptS 0.34  fLog 0.38  pdΔ -0.1473  pkR 9.83  clip 0.21  kl +0.009
upd   20  steps  688128  sps 4795  opp rand  loss -0.016  pg -0.0048  v 0.011  ev +0.97  adv_std 0.161  tR +0.27  ent[s/d/p/e] 1.32/2.90/1.76/0.46  emits 1.21  spf 20.9  z0 0.03  garr 43.5  tG 469  e2 0.17  nF 20.4  pS 0.31  ptS 0.30  fLog 0.34  pdΔ -0.1916  pkR 13.01  clip 0.22  kl +0.010
upd   21  steps  720896  sps 4857  opp rand  loss -0.017  pg -0.0060  v 0.010  ev +0.98  adv_std 0.156  tR +0.04  ent[s/d/p/e] 1.38/2.90/1.73/0.46  emits 1.20  spf 22.4  z0 0.03  garr 45.6  tG 512  e2 0.17  nF 19.6  pS 0.33  ptS 0.32  fLog 0.35  pdΔ -0.1700  pkR 9.20  clip 0.21  kl +0.009
upd   22  steps  753664  sps 4914  opp rand  loss -0.018  pg -0.0062  v 0.011  ev +0.97  adv_std 0.158  tR +0.32  ent[s/d/p/e] 1.36/2.90/1.75/0.46  emits 1.19  spf 21.5  z0 0.03  garr 44.3  tG 469  e2 0.17  nF 19.5  pS 0.31  ptS 0.30  fLog 0.35  pdΔ -0.1927  pkR 9.70  clip 0.22  kl +0.011
upd   23  steps  786432  sps 4969  opp rand  loss -0.018  pg -0.0070  v 0.012  ev +0.98  adv_std 0.161  tR +0.00  ent[s/d/p/e] 1.42/2.90/1.71/0.46  emits 1.19  spf 23.8  z0 0.04  garr 48.9  tG 549  e2 0.17  nF 18.4  pS 0.34  ptS 0.33  fLog 0.37  pdΔ -0.1618  pkR 9.81  clip 0.22  kl +0.010
upd   24  steps  819200  sps 5020  opp rand  loss -0.017  pg -0.0055  v 0.012  ev +0.98  adv_std 0.163  tR +0.46  ent[s/d/p/e] 1.35/2.90/1.74/0.48  emits 1.23  spf 22.6  z0 0.02  garr 45.6  tG 528  e2 0.19  nF 19.5  pS 0.32  ptS 0.32  fLog 0.36  pdΔ -0.1754  pkR 8.52  clip 0.22  kl +0.010
upd   25  steps  851968  sps 5068  opp rand  loss -0.019  pg -0.0073  v 0.011  ev +0.98  adv_std 0.167  tR +0.06  ent[s/d/p/e] 1.34/2.90/1.74/0.49  emits 1.23  spf 21.8  z0 0.04  garr 44.1  tG 488  e2 0.20  nF 20.4  pS 0.33  ptS 0.32  fLog 0.36  pdΔ -0.1744  pkR 7.76  clip 0.22  kl +0.009
upd   26  steps  884736  sps 5113  opp rand  loss -0.020  pg -0.0081  v 0.012  ev +0.98  adv_std 0.171  tR +0.22  ent[s/d/p/e] 1.55/2.90/1.67/0.48  emits 1.23  spf 28.0  z0 0.02  garr 55.9  tG 682  e2 0.18  nF 18.8  pS 0.39  ptS 0.37  fLog 0.40  pdΔ -0.1107  pkR 9.38  clip 0.22  kl +0.010
upd   27  steps  917504  sps 5156  opp rand  loss -0.021  pg -0.0090  v 0.011  ev +0.98  adv_std 0.163  tR +0.33  ent[s/d/p/e] 1.46/2.89/1.69/0.49  emits 1.22  spf 24.9  z0 0.04  garr 48.9  tG 557  e2 0.18  nF 18.9  pS 0.35  ptS 0.34  fLog 0.38  pdΔ -0.1544  pkR 6.97  clip 0.23  kl +0.011
upd   28  steps  950272  sps 5196  opp rand  loss -0.020  pg -0.0089  v 0.013  ev +0.98  adv_std 0.175  tR +0.25  ent[s/d/p/e] 1.49/2.89/1.66/0.48  emits 1.24  spf 26.5  z0 0.02  garr 53.1  tG 628  e2 0.18  nF 18.9  pS 0.36  ptS 0.36  fLog 0.38  pdΔ -0.1350  pkR 8.06  clip 0.23  kl +0.010
upd   29  steps  983040  sps 5234  opp rand  loss -0.020  pg -0.0094  v 0.013  ev +0.98  adv_std 0.175  tR +0.38  ent[s/d/p/e] 1.44/2.88/1.68/0.47  emits 1.21  spf 26.8  z0 0.03  garr 52.1  tG 602  e2 0.17  nF 19.3  pS 0.35  ptS 0.34  fLog 0.38  pdΔ -0.1509  pkR 8.14  clip 0.23  kl +0.010
upd   30  steps 1015808  sps 5271  opp rand  loss -0.020  pg -0.0098  v 0.015  ev +0.98  adv_std 0.185  tR +0.44  ent[s/d/p/e] 1.43/2.89/1.69/0.47  emits 1.25  spf 24.8  z0 0.03  garr 49.6  tG 563  e2 0.19  nF 19.6  pS 0.35  ptS 0.34  fLog 0.38  pdΔ -0.1472  pkR 7.54  clip 0.25  kl +0.011
upd   31  steps 1048576  sps 5305  opp rand  loss -0.021  pg -0.0094  v 0.013  ev +0.98  adv_std 0.169  tR +0.17  ent[s/d/p/e] 1.46/2.88/1.66/0.47  emits 1.23  spf 25.3  z0 0.04  garr 49.9  tG 575  e2 0.19  nF 19.7  pS 0.36  ptS 0.35  fLog 0.38  pdΔ -0.1433  pkR 7.91  clip 0.24  kl +0.011
upd   32  steps 1081344  sps 5338  opp rand  loss -0.022  pg -0.0105  v 0.013  ev +0.98  adv_std 0.176  tR +0.43  ent[s/d/p/e] 1.46/2.88/1.69/0.48  emits 1.26  spf 25.5  z0 0.03  garr 49.2  tG 572  e2 0.19  nF 19.4  pS 0.35  ptS 0.35  fLog 0.38  pdΔ -0.1461  pkR 8.39  clip 0.25  kl +0.012
upd   33  steps 1114112  sps 5369  opp rand  loss -0.022  pg -0.0105  v 0.012  ev +0.98  adv_std 0.172  tR +0.24  ent[s/d/p/e] 1.34/2.88/1.70/0.48  emits 1.26  spf 22.7  z0 0.03  garr 44.4  tG 506  e2 0.19  nF 20.2  pS 0.32  ptS 0.32  fLog 0.36  pdΔ -0.1763  pkR 8.72  clip 0.25  kl +0.011
upd   34  steps 1146880  sps 5399  opp rand  loss -0.020  pg -0.0100  v 0.015  ev +0.98  adv_std 0.185  tR +0.30  ent[s/d/p/e] 1.44/2.88/1.66/0.47  emits 1.26  spf 24.5  z0 0.02  garr 47.8  tG 538  e2 0.18  nF 19.6  pS 0.35  ptS 0.34  fLog 0.38  pdΔ -0.1535  pkR 6.97  clip 0.25  kl +0.011
upd   35  steps 1179648  sps 5428  opp rand  loss -0.022  pg -0.0110  v 0.015  ev +0.98  adv_std 0.188  tR +0.13  ent[s/d/p/e] 1.40/2.87/1.66/0.50  emits 1.30  spf 24.1  z0 0.03  garr 47.2  tG 539  e2 0.21  nF 20.1  pS 0.35  ptS 0.33  fLog 0.37  pdΔ -0.1539  pkR 8.04  clip 0.25  kl +0.011
upd   36  steps 1212416  sps 5455  opp rand  loss -0.022  pg -0.0110  v 0.015  ev +0.98  adv_std 0.187  tR +0.33  ent[s/d/p/e] 1.50/2.87/1.63/0.48  emits 1.29  spf 26.5  z0 0.02  garr 53.1  tG 620  e2 0.20  nF 20.0  pS 0.37  ptS 0.36  fLog 0.39  pdΔ -0.1251  pkR 6.97  clip 0.26  kl +0.012
upd   37  steps 1245184  sps 5481  opp rand  loss -0.021  pg -0.0099  v 0.013  ev +0.98  adv_std 0.177  tR +0.38  ent[s/d/p/e] 1.55/2.87/1.60/0.45  emits 1.25  spf 27.9  z0 0.02  garr 55.6  tG 669  e2 0.17  nF 19.4  pS 0.40  ptS 0.39  fLog 0.40  pdΔ -0.1026  pkR 7.22  clip 0.25  kl +0.011
upd   38  steps 1277952  sps 5506  opp rand  loss -0.022  pg -0.0113  v 0.014  ev +0.98  adv_std 0.184  tR +0.67  ent[s/d/p/e] 1.52/2.87/1.63/0.46  emits 1.26  spf 27.7  z0 0.01  garr 53.5  tG 650  e2 0.18  nF 19.4  pS 0.39  ptS 0.38  fLog 0.39  pdΔ -0.1089  pkR 6.44  clip 0.26  kl +0.012
upd   39  steps 1310720  sps 5530  opp rand  loss -0.022  pg -0.0113  v 0.013  ev +0.98  adv_std 0.180  tR +0.44  ent[s/d/p/e] 1.34/2.87/1.65/0.46  emits 1.28  spf 22.7  z0 0.02  garr 46.4  tG 532  e2 0.19  nF 19.6  pS 0.34  ptS 0.33  fLog 0.36  pdΔ -0.1604  pkR 8.34  clip 0.26  kl +0.013
upd   40  steps 1343488  sps 5553  opp rand  loss -0.022  pg -0.0115  v 0.016  ev +0.98  adv_std 0.195  tR +0.62  ent[s/d/p/e] 1.50/2.86/1.60/0.44  emits 1.25  spf 25.9  z0 0.01  garr 51.2  tG 581  e2 0.17  nF 19.1  pS 0.37  ptS 0.36  fLog 0.39  pdΔ -0.1271  pkR 6.79  clip 0.26  kl +0.011
upd   41  steps 1376256  sps 5575  opp rand  loss -0.022  pg -0.0113  v 0.015  ev +0.98  adv_std 0.190  tR +0.36  ent[s/d/p/e] 1.55/2.86/1.59/0.45  emits 1.24  spf 28.8  z0 0.02  garr 55.5  tG 660  e2 0.17  nF 18.6  pS 0.40  ptS 0.38  fLog 0.41  pdΔ -0.1026  pkR 6.19  clip 0.26  kl +0.013
upd   42  steps 1409024  sps 5596  opp rand  loss -0.020  pg -0.0096  v 0.015  ev +0.98  adv_std 0.188  tR +0.54  ent[s/d/p/e] 1.51/2.86/1.62/0.46  emits 1.26  spf 27.4  z0 0.01  garr 52.7  tG 630  e2 0.18  nF 20.0  pS 0.39  ptS 0.38  fLog 0.39  pdΔ -0.1085  pkR 6.78  clip 0.27  kl +0.013
upd   43  steps 1441792  sps 5617  opp rand  loss -0.024  pg -0.0129  v 0.013  ev +0.98  adv_std 0.178  tR +0.38  ent[s/d/p/e] 1.36/2.87/1.66/0.48  emits 1.31  spf 22.6  z0 0.02  garr 44.9  tG 529  e2 0.20  nF 21.8  pS 0.34  ptS 0.34  fLog 0.36  pdΔ -0.1567  pkR 7.69  clip 0.26  kl +0.013
upd   44  steps 1474560  sps 5636  opp rand  loss -0.022  pg -0.0117  v 0.015  ev +0.98  adv_std 0.184  tR +0.17  ent[s/d/p/e] 1.43/2.86/1.62/0.46  emits 1.28  spf 24.8  z0 0.03  garr 47.7  tG 536  e2 0.18  nF 20.9  pS 0.35  ptS 0.34  fLog 0.38  pdΔ -0.1473  pkR 8.75  clip 0.26  kl +0.011
upd   45  steps 1507328  sps 5655  opp rand  loss -0.023  pg -0.0122  v 0.014  ev +0.98  adv_std 0.183  tR +0.47  ent[s/d/p/e] 1.38/2.87/1.61/0.46  emits 1.28  spf 25.6  z0 0.03  garr 50.1  tG 582  e2 0.18  nF 20.7  pS 0.35  ptS 0.34  fLog 0.37  pdΔ -0.1461  pkR 7.29  clip 0.26  kl +0.014
upd   46  steps 1540096  sps 5673  opp rand  loss -0.023  pg -0.0125  v 0.014  ev +0.98  adv_std 0.185  tR +0.33  ent[s/d/p/e] 1.36/2.86/1.60/0.43  emits 1.26  spf 23.1  z0 0.02  garr 47.6  tG 510  e2 0.17  nF 20.9  pS 0.34  ptS 0.33  fLog 0.37  pdΔ -0.1590  pkR 8.87  clip 0.27  kl +0.015
upd   47  steps 1572864  sps 5690  opp rand  loss -0.021  pg -0.0110  v 0.016  ev +0.98  adv_std 0.196  tR +0.45  ent[s/d/p/e] 1.45/2.86/1.56/0.47  emits 1.32  spf 26.4  z0 0.02  garr 52.1  tG 616  e2 0.20  nF 20.9  pS 0.38  ptS 0.37  fLog 0.39  pdΔ -0.1236  pkR 7.79  clip 0.27  kl +0.013
upd   48  steps 1605632  sps 5707  opp rand  loss -0.022  pg -0.0123  v 0.015  ev +0.98  adv_std 0.192  tR +0.38  ent[s/d/p/e] 1.45/2.86/1.55/0.44  emits 1.27  spf 27.7  z0 0.02  garr 54.1  tG 633  e2 0.18  nF 19.2  pS 0.38  ptS 0.36  fLog 0.39  pdΔ -0.1244  pkR 7.03  clip 0.27  kl +0.013
upd   49  steps 1638400  sps 5724  opp rand  loss -0.022  pg -0.0125  v 0.016  ev +0.98  adv_std 0.199  tR +0.55  ent[s/d/p/e] 1.43/2.86/1.55/0.46  emits 1.31  spf 27.8  z0 0.02  garr 55.3  tG 638  e2 0.19  nF 18.7  pS 0.38  ptS 0.37  fLog 0.40  pdΔ -0.1161  pkR 5.73  clip 0.27  kl +0.014 WRr 0.91 WRf 0.72
upd   50  steps 1671168  sps 5217  opp frzn  loss -0.021  pg -0.0117  v 0.016  ev +0.98  adv_std 0.198  tR +0.22  ent[s/d/p/e] 1.34/2.85/1.57/0.44  emits 1.29  spf 25.3  z0 0.04  garr 52.8  tG 550  e2 0.19  nF 19.3  pS 0.35  ptS 0.33  fLog 0.38  pdΔ -0.1533  pkR 6.11  clip 0.28  kl +0.014
upd   51  steps 1703936  sps 5239  opp rand  loss -0.023  pg -0.0130  v 0.015  ev +0.98  adv_std 0.191  tR +0.17  ent[s/d/p/e] 1.38/2.85/1.56/0.43  emits 1.26  spf 25.3  z0 0.04  garr 52.0  tG 552  e2 0.18  nF 19.1  pS 0.35  ptS 0.34  fLog 0.38  pdΔ -0.1484  pkR 7.20  clip 0.28  kl +0.014
upd   52  steps 1736704  sps 5260  opp rand  loss -0.023  pg -0.0127  v 0.014  ev +0.99  adv_std 0.182  tR +0.54  ent[s/d/p/e] 1.45/2.86/1.49/0.45  emits 1.30  spf 28.8  z0 0.02  garr 56.9  tG 714  e2 0.20  nF 19.9  pS 0.40  ptS 0.39  fLog 0.40  pdΔ -0.0957  pkR 5.53  clip 0.27  kl +0.014
upd   53  steps 1769472  sps 5276  opp frzn  loss -0.022  pg -0.0116  v 0.016  ev +0.98  adv_std 0.192  tR +0.42  ent[s/d/p/e] 1.40/2.85/1.55/0.46  emits 1.30  spf 26.5  z0 0.04  garr 51.5  tG 605  e2 0.20  nF 19.8  pS 0.37  ptS 0.36  fLog 0.39  pdΔ -0.1280  pkR 6.19  clip 0.28  kl +0.013
upd   54  steps 1802240  sps 5296  opp rand  loss -0.023  pg -0.0129  v 0.016  ev +0.98  adv_std 0.195  tR +0.37  ent[s/d/p/e] 1.44/2.84/1.55/0.44  emits 1.31  spf 27.6  z0 0.02  garr 55.4  tG 640  e2 0.18  nF 20.4  pS 0.38  ptS 0.37  fLog 0.39  pdΔ -0.1207  pkR 5.62  clip 0.28  kl +0.013
upd   55  steps 1835008  sps 5316  opp rand  loss -0.021  pg -0.0117  v 0.016  ev +0.98  adv_std 0.200  tR +0.40  ent[s/d/p/e] 1.40/2.84/1.53/0.47  emits 1.35  spf 28.9  z0 0.02  garr 57.5  tG 708  e2 0.21  nF 19.6  pS 0.39  ptS 0.38  fLog 0.39  pdΔ -0.1134  pkR 5.89  clip 0.29  kl +0.014
upd   56  steps 1867776  sps 5334  opp rand  loss -0.022  pg -0.0121  v 0.016  ev +0.98  adv_std 0.196  tR +0.48  ent[s/d/p/e] 1.42/2.84/1.51/0.46  emits 1.35  spf 29.2  z0 0.03  garr 56.7  tG 681  e2 0.21  nF 19.7  pS 0.38  ptS 0.37  fLog 0.39  pdΔ -0.1183  pkR 5.43  clip 0.29  kl +0.013
upd   57  steps 1900544  sps 5349  opp frzn  loss -0.022  pg -0.0122  v 0.016  ev +0.98  adv_std 0.197  tR +0.39  ent[s/d/p/e] 1.33/2.84/1.56/0.48  emits 1.37  spf 24.4  z0 0.02  garr 49.2  tG 558  e2 0.22  nF 21.0  pS 0.35  ptS 0.34  fLog 0.37  pdΔ -0.1497  pkR 6.76  clip 0.29  kl +0.014
upd   58  steps 1933312  sps 5362  opp frzn  loss -0.022  pg -0.0123  v 0.014  ev +0.98  adv_std 0.187  tR +0.12  ent[s/d/p/e] 1.26/2.83/1.55/0.45  emits 1.34  spf 22.5  z0 0.03  garr 50.6  tG 524  e2 0.21  nF 21.2  pS 0.33  ptS 0.32  fLog 0.36  pdΔ -0.1675  pkR 5.95  clip 0.28  kl +0.014
upd   59  steps 1966080  sps 5380  opp rand  loss -0.022  pg -0.0123  v 0.015  ev +0.98  adv_std 0.191  tR +0.15  ent[s/d/p/e] 1.25/2.83/1.55/0.46  emits 1.34  spf 22.2  z0 0.03  garr 46.9  tG 515  e2 0.21  nF 21.6  pS 0.33  ptS 0.33  fLog 0.36  pdΔ -0.1661  pkR 6.35  clip 0.30  kl +0.015
upd   60  steps 1998848  sps 5393  opp frzn  loss -0.023  pg -0.0136  v 0.015  ev +0.98  adv_std 0.195  tR +0.50  ent[s/d/p/e] 1.38/2.82/1.50/0.45  emits 1.33  spf 26.3  z0 0.02  garr 53.6  tG 610  e2 0.19  nF 20.6  pS 0.36  ptS 0.35  fLog 0.38  pdΔ -0.1371  pkR 6.56  clip 0.29  kl +0.015
upd   61  steps 2031616  sps 5409  opp rand  loss -0.022  pg -0.0124  v 0.018  ev +0.98  adv_std 0.210  tR +0.32  ent[s/d/p/e] 1.46/2.82/1.49/0.46  emits 1.33  spf 29.1  z0 0.02  garr 57.6  tG 675  e2 0.20  nF 18.8  pS 0.38  ptS 0.37  fLog 0.40  pdΔ -0.1184  pkR 5.96  clip 0.29  kl +0.014
upd   62  steps 2064384  sps 5425  opp rand  loss -0.021  pg -0.0115  v 0.016  ev +0.98  adv_std 0.203  tR +0.64  ent[s/d/p/e] 1.48/2.80/1.44/0.46  emits 1.34  spf 30.3  z0 0.01  garr 59.9  tG 709  e2 0.20  nF 18.8  pS 0.40  ptS 0.38  fLog 0.41  pdΔ -0.1041  pkR 6.24  clip 0.29  kl +0.014
upd   63  steps 2097152  sps 5437  opp frzn  loss -0.020  pg -0.0109  v 0.018  ev +0.98  adv_std 0.212  tR +0.46  ent[s/d/p/e] 1.45/2.81/1.47/0.46  emits 1.30  spf 29.1  z0 0.02  garr 57.9  tG 672  e2 0.19  nF 18.5  pS 0.38  ptS 0.37  fLog 0.40  pdΔ -0.1223  pkR 5.68  clip 0.30  kl +0.015
upd   64  steps 2129920  sps 5452  opp rand  loss -0.023  pg -0.0134  v 0.015  ev +0.98  adv_std 0.193  tR +0.38  ent[s/d/p/e] 1.36/2.80/1.51/0.46  emits 1.30  spf 25.2  z0 0.04  garr 50.6  tG 572  e2 0.19  nF 19.5  pS 0.35  ptS 0.34  fLog 0.38  pdΔ -0.1505  pkR 6.74  clip 0.29  kl +0.014
upd   65  steps 2162688  sps 5467  opp rand  loss -0.022  pg -0.0129  v 0.016  ev +0.98  adv_std 0.202  tR +0.44  ent[s/d/p/e] 1.38/2.79/1.48/0.46  emits 1.32  spf 27.6  z0 0.03  garr 53.8  tG 608  e2 0.20  nF 18.1  pS 0.36  ptS 0.35  fLog 0.39  pdΔ -0.1410  pkR 7.19  clip 0.30  kl +0.016
upd   66  steps 2195456  sps 5482  opp rand  loss -0.022  pg -0.0124  v 0.019  ev +0.98  adv_std 0.215  tR +0.46  ent[s/d/p/e] 1.47/2.79/1.48/0.47  emits 1.35  spf 29.9  z0 0.02  garr 55.9  tG 644  e2 0.20  nF 19.1  pS 0.38  ptS 0.37  fLog 0.40  pdΔ -0.1228  pkR 7.42  clip 0.30  kl +0.015
upd   67  steps 2228224  sps 5496  opp rand  loss -0.023  pg -0.0138  v 0.017  ev +0.98  adv_std 0.204  tR +0.66  ent[s/d/p/e] 1.48/2.79/1.47/0.47  emits 1.36  spf 30.5  z0 0.02  garr 58.8  tG 730  e2 0.20  nF 20.8  pS 0.40  ptS 0.39  fLog 0.41  pdΔ -0.1002  pkR 5.84  clip 0.30  kl +0.016
upd   68  steps 2260992  sps 5510  opp rand  loss -0.023  pg -0.0132  v 0.015  ev +0.99  adv_std 0.195  tR +0.41  ent[s/d/p/e] 1.40/2.79/1.48/0.48  emits 1.40  spf 29.2  z0 0.02  garr 56.6  tG 689  e2 0.23  nF 19.7  pS 0.39  ptS 0.38  fLog 0.40  pdΔ -0.1063  pkR 5.96  clip 0.30  kl +0.015
upd   69  steps 2293760  sps 5520  opp frzn  loss -0.023  pg -0.0138  v 0.017  ev +0.98  adv_std 0.211  tR +0.61  ent[s/d/p/e] 1.43/2.77/1.46/0.45  emits 1.35  spf 30.4  z0 0.01  garr 59.8  tG 693  e2 0.20  nF 19.0  pS 0.39  ptS 0.38  fLog 0.41  pdΔ -0.1080  pkR 5.36  clip 0.31  kl +0.016
upd   70  steps 2326528  sps 5530  opp frzn  loss -0.021  pg -0.0120  v 0.018  ev +0.98  adv_std 0.205  tR +0.32  ent[s/d/p/e] 1.38/2.77/1.52/0.46  emits 1.33  spf 27.8  z0 0.02  garr 55.0  tG 616  e2 0.20  nF 19.5  pS 0.36  ptS 0.35  fLog 0.39  pdΔ -0.1374  pkR 6.75  clip 0.31  kl +0.016
upd   71  steps 2359296  sps 5539  opp frzn  loss -0.022  pg -0.0127  v 0.018  ev +0.98  adv_std 0.207  tR +0.44  ent[s/d/p/e] 1.40/2.76/1.52/0.43  emits 1.32  spf 28.0  z0 0.03  garr 57.9  tG 611  e2 0.19  nF 19.7  pS 0.36  ptS 0.36  fLog 0.40  pdΔ -0.1386  pkR 6.31  clip 0.31  kl +0.015
upd   72  steps 2392064  sps 5548  opp frzn  loss -0.022  pg -0.0124  v 0.017  ev +0.98  adv_std 0.206  tR +0.22  ent[s/d/p/e] 1.39/2.74/1.47/0.42  emits 1.28  spf 30.0  z0 0.03  garr 63.1  tG 658  e2 0.18  nF 18.6  pS 0.37  ptS 0.36  fLog 0.41  pdΔ -0.1262  pkR 5.35  clip 0.32  kl +0.016
upd   73  steps 2424832  sps 5557  opp frzn  loss -0.022  pg -0.0128  v 0.015  ev +0.99  adv_std 0.194  tR +0.32  ent[s/d/p/e] 1.35/2.75/1.50/0.44  emits 1.26  spf 30.0  z0 0.02  garr 60.8  tG 665  e2 0.17  nF 18.8  pS 0.36  ptS 0.35  fLog 0.40  pdΔ -0.1446  pkR 5.98  clip 0.30  kl +0.015
upd   74  steps 2457600  sps 5566  opp frzn  loss -0.023  pg -0.0132  v 0.014  ev +0.99  adv_std 0.193  tR +0.47  ent[s/d/p/e] 1.39/2.75/1.49/0.44  emits 1.29  spf 31.4  z0 0.01  garr 62.5  tG 691  e2 0.18  nF 18.0  pS 0.37  ptS 0.37  fLog 0.41  pdΔ -0.1293  pkR 6.31  clip 0.31  kl +0.016
upd   75  steps 2490368  sps 5578  opp rand  loss -0.024  pg -0.0148  v 0.017  ev +0.98  adv_std 0.206  tR +0.33  ent[s/d/p/e] 1.36/2.76/1.53/0.44  emits 1.30  spf 29.8  z0 0.03  garr 58.5  tG 638  e2 0.18  nF 19.2  pS 0.36  ptS 0.35  fLog 0.40  pdΔ -0.1419  pkR 6.71  clip 0.31  kl +0.016
upd   76  steps 2523136  sps 5590  opp rand  loss -0.022  pg -0.0127  v 0.019  ev +0.98  adv_std 0.218  tR +0.70  ent[s/d/p/e] 1.48/2.75/1.48/0.47  emits 1.37  spf 33.2  z0 0.01  garr 63.1  tG 750  e2 0.21  nF 19.5  pS 0.41  ptS 0.40  fLog 0.42  pdΔ -0.0873  pkR 5.68  clip 0.32  kl +0.015
upd   77  steps 2555904  sps 5601  opp rand  loss -0.021  pg -0.0114  v 0.017  ev +0.98  adv_std 0.204  tR +0.59  ent[s/d/p/e] 1.43/2.76/1.52/0.47  emits 1.38  spf 30.9  z0 0.02  garr 61.2  tG 707  e2 0.21  nF 20.2  pS 0.39  ptS 0.38  fLog 0.41  pdΔ -0.1097  pkR 6.00  clip 0.32  kl +0.016
upd   78  steps 2588672  sps 5609  opp frzn  loss -0.023  pg -0.0138  v 0.018  ev +0.98  adv_std 0.213  tR +0.43  ent[s/d/p/e] 1.41/2.75/1.49/0.46  emits 1.32  spf 30.0  z0 0.02  garr 61.2  tG 676  e2 0.20  nF 19.3  pS 0.38  ptS 0.37  fLog 0.40  pdΔ -0.1229  pkR 6.00  clip 0.31  kl +0.017
upd   79  steps 2621440  sps 5617  opp frzn  loss -0.023  pg -0.0131  v 0.017  ev +0.98  adv_std 0.211  tR +0.56  ent[s/d/p/e] 1.44/2.75/1.49/0.48  emits 1.36  spf 31.8  z0 0.02  garr 59.3  tG 700  e2 0.21  nF 19.5  pS 0.39  ptS 0.38  fLog 0.41  pdΔ -0.1104  pkR 6.36  clip 0.31  kl +0.017
upd   80  steps 2654208  sps 5627  opp rand  loss -0.022  pg -0.0128  v 0.017  ev +0.98  adv_std 0.202  tR +0.56  ent[s/d/p/e] 1.39/2.74/1.51/0.46  emits 1.35  spf 28.7  z0 0.03  garr 58.3  tG 640  e2 0.20  nF 19.2  pS 0.37  ptS 0.36  fLog 0.39  pdΔ -0.1296  pkR 5.77  clip 0.31  kl +0.017
upd   81  steps 2686976  sps 5638  opp rand  loss -0.024  pg -0.0149  v 0.020  ev +0.98  adv_std 0.222  tR +0.66  ent[s/d/p/e] 1.53/2.74/1.48/0.50  emits 1.41  spf 32.7  z0 0.01  garr 61.5  tG 744  e2 0.23  nF 18.7  pS 0.42  ptS 0.41  fLog 0.42  pdΔ -0.0771  pkR 5.61  clip 0.32  kl +0.017
upd   82  steps 2719744  sps 5649  opp rand  loss -0.023  pg -0.0137  v 0.017  ev +0.98  adv_std 0.211  tR +0.71  ent[s/d/p/e] 1.45/2.72/1.50/0.47  emits 1.42  spf 32.8  z0 0.01  garr 62.6  tG 713  e2 0.21  nF 19.5  pS 0.39  ptS 0.38  fLog 0.42  pdΔ -0.1096  pkR 6.92  clip 0.32  kl +0.018
upd   83  steps 2752512  sps 5655  opp frzn  loss -0.022  pg -0.0129  v 0.019  ev +0.98  adv_std 0.222  tR +0.66  ent[s/d/p/e] 1.42/2.74/1.50/0.50  emits 1.48  spf 33.4  z0 0.02  garr 67.2  tG 782  e2 0.24  nF 19.4  pS 0.39  ptS 0.38  fLog 0.41  pdΔ -0.1059  pkR 5.21  clip 0.32  kl +0.020
upd   84  steps 2785280  sps 5665  opp rand  loss -0.022  pg -0.0124  v 0.018  ev +0.98  adv_std 0.216  tR +0.41  ent[s/d/p/e] 1.44/2.71/1.48/0.47  emits 1.43  spf 32.8  z0 0.02  garr 65.7  tG 748  e2 0.22  nF 21.2  pS 0.40  ptS 0.39  fLog 0.41  pdΔ -0.1014  pkR 4.95  clip 0.32  kl +0.017
upd   85  steps 2818048  sps 5672  opp frzn  loss -0.022  pg -0.0131  v 0.018  ev +0.99  adv_std 0.214  tR +0.56  ent[s/d/p/e] 1.39/2.74/1.51/0.49  emits 1.44  spf 30.3  z0 0.02  garr 59.1  tG 696  e2 0.23  nF 19.9  pS 0.38  ptS 0.37  fLog 0.39  pdΔ -0.1225  pkR 7.44  clip 0.32  kl +0.018
upd   86  steps 2850816  sps 5679  opp frzn  loss -0.022  pg -0.0129  v 0.019  ev +0.98  adv_std 0.217  tR +0.23  ent[s/d/p/e] 1.31/2.72/1.51/0.47  emits 1.38  spf 27.7  z0 0.03  garr 57.1  tG 606  e2 0.21  nF 19.6  pS 0.35  ptS 0.34  fLog 0.39  pdΔ -0.1515  pkR 7.96  clip 0.32  kl +0.019
upd   87  steps 2883584  sps 5688  opp rand  loss -0.022  pg -0.0128  v 0.018  ev +0.98  adv_std 0.212  tR +0.51  ent[s/d/p/e] 1.31/2.71/1.53/0.48  emits 1.38  spf 27.4  z0 0.02  garr 55.0  tG 592  e2 0.21  nF 20.3  pS 0.35  ptS 0.34  fLog 0.38  pdΔ -0.1508  pkR 5.98  clip 0.33  kl +0.017
upd   88  steps 2916352  sps 5697  opp rand  loss -0.023  pg -0.0132  v 0.018  ev +0.98  adv_std 0.209  tR +0.46  ent[s/d/p/e] 1.48/2.70/1.49/0.48  emits 1.41  spf 31.8  z0 0.02  garr 64.9  tG 737  e2 0.22  nF 19.3  pS 0.41  ptS 0.39  fLog 0.42  pdΔ -0.0949  pkR 4.56  clip 0.33  kl +0.019
upd   89  steps 2949120  sps 5703  opp frzn  loss -0.023  pg -0.0134  v 0.018  ev +0.99  adv_std 0.211  tR +0.67  ent[s/d/p/e] 1.40/2.70/1.47/0.50  emits 1.42  spf 32.6  z0 0.01  garr 64.1  tG 729  e2 0.23  nF 19.8  pS 0.38  ptS 0.37  fLog 0.41  pdΔ -0.1207  pkR 5.95  clip 0.32  kl +0.016
upd   90  steps 2981888  sps 5712  opp rand  loss -0.021  pg -0.0129  v 0.022  ev +0.98  adv_std 0.231  tR +0.64  ent[s/d/p/e] 1.43/2.68/1.49/0.47  emits 1.39  spf 31.6  z0 0.01  garr 61.0  tG 667  e2 0.21  nF 20.6  pS 0.38  ptS 0.37  fLog 0.41  pdΔ -0.1162  pkR 6.14  clip 0.33  kl +0.019
upd   91  steps 3014656  sps 5718  opp frzn  loss -0.020  pg -0.0113  v 0.020  ev +0.98  adv_std 0.224  tR +0.61  ent[s/d/p/e] 1.45/2.67/1.47/0.48  emits 1.46  spf 32.3  z0 0.01  garr 61.9  tG 737  e2 0.24  nF 20.9  pS 0.40  ptS 0.39  fLog 0.41  pdΔ -0.0975  pkR 6.97  clip 0.34  kl +0.021
upd   92  steps 3047424  sps 5727  opp rand  loss -0.022  pg -0.0142  v 0.021  ev +0.98  adv_std 0.227  tR +0.40  ent[s/d/p/e] 1.39/2.67/1.46/0.45  emits 1.42  spf 30.2  z0 0.02  garr 62.1  tG 694  e2 0.22  nF 20.5  pS 0.39  ptS 0.37  fLog 0.40  pdΔ -0.1136  pkR 6.03  clip 0.33  kl +0.018
upd   93  steps 3080192  sps 5732  opp frzn  loss -0.022  pg -0.0134  v 0.020  ev +0.98  adv_std 0.224  tR +0.49  ent[s/d/p/e] 1.43/2.64/1.41/0.46  emits 1.38  spf 33.2  z0 0.03  garr 65.7  tG 725  e2 0.21  nF 18.5  pS 0.38  ptS 0.37  fLog 0.43  pdΔ -0.1184  pkR 5.79  clip 0.34  kl +0.019
upd   94  steps 3112960  sps 5740  opp rand  loss -0.022  pg -0.0136  v 0.022  ev +0.98  adv_std 0.232  tR +0.51  ent[s/d/p/e] 1.47/2.63/1.44/0.47  emits 1.44  spf 35.6  z0 0.03  garr 68.6  tG 787  e2 0.23  nF 19.2  pS 0.40  ptS 0.39  fLog 0.43  pdΔ -0.1013  pkR 5.58  clip 0.34  kl +0.019
upd   95  steps 3145728  sps 5749  opp rand  loss -0.020  pg -0.0122  v 0.023  ev +0.98  adv_std 0.241  tR +0.63  ent[s/d/p/e] 1.51/2.63/1.46/0.46  emits 1.50  spf 36.6  z0 0.02  garr 72.7  tG 858  e2 0.24  nF 19.7  pS 0.42  ptS 0.40  fLog 0.43  pdΔ -0.0766  pkR 5.42  clip 0.35  kl +0.021
upd   96  steps 3178496  sps 5754  opp frzn  loss -0.023  pg -0.0143  v 0.022  ev +0.99  adv_std 0.232  tR +0.56  ent[s/d/p/e] 1.50/2.58/1.41/0.44  emits 1.41  spf 37.9  z0 0.02  garr 77.9  tG 873  e2 0.20  nF 18.8  pS 0.40  ptS 0.39  fLog 0.44  pdΔ -0.0951  pkR 5.94  clip 0.34  kl +0.020
upd   97  steps 3211264  sps 5759  opp frzn  loss -0.020  pg -0.0121  v 0.024  ev +0.98  adv_std 0.240  tR +0.38  ent[s/d/p/e] 1.45/2.60/1.42/0.45  emits 1.41  spf 36.3  z0 0.02  garr 73.1  tG 811  e2 0.20  nF 18.8  pS 0.38  ptS 0.38  fLog 0.43  pdΔ -0.1158  pkR 6.57  clip 0.34  kl +0.019
upd   98  steps 3244032  sps 5767  opp rand  loss -0.021  pg -0.0127  v 0.021  ev +0.99  adv_std 0.227  tR +0.64  ent[s/d/p/e] 1.42/2.62/1.46/0.45  emits 1.51  spf 31.1  z0 0.02  garr 65.8  tG 749  e2 0.23  nF 20.5  pS 0.39  ptS 0.38  fLog 0.41  pdΔ -0.1097  pkR 6.51  clip 0.35  kl +0.020
upd   99  steps 3276800  sps 5774  opp rand  loss -0.021  pg -0.0129  v 0.024  ev +0.98  adv_std 0.239  tR +0.61  ent[s/d/p/e] 1.47/2.63/1.48/0.47  emits 1.55  spf 30.9  z0 0.02  garr 62.2  tG 706  e2 0.24  nF 20.8  pS 0.38  ptS 0.37  fLog 0.41  pdΔ -0.1151  pkR 7.27  clip 0.35  kl +0.020 WRr 0.81 WRf 0.84
upd  100  steps 3309568  sps 5673  opp frzn  loss -0.020  pg -0.0113  v 0.022  ev +0.99  adv_std 0.235  tR +0.62  ent[s/d/p/e] 1.45/2.63/1.46/0.44  emits 1.58  spf 29.4  z0 0.02  garr 65.2  tG 738  e2 0.24  nF 21.7  pS 0.39  ptS 0.38  fLog 0.40  pdΔ -0.1076  pkR 5.60  clip 0.35  kl +0.022
upd  101  steps 3342336  sps 5682  opp rand  loss -0.021  pg -0.0126  v 0.022  ev +0.98  adv_std 0.232  tR +0.54  ent[s/d/p/e] 1.35/2.60/1.50/0.44  emits 1.49  spf 29.7  z0 0.02  garr 63.2  tG 677  e2 0.22  nF 20.7  pS 0.37  ptS 0.36  fLog 0.40  pdΔ -0.1303  pkR 5.80  clip 0.35  kl +0.022
upd  102  steps 3375104  sps 5687  opp frzn  loss -0.019  pg -0.0110  v 0.020  ev +0.99  adv_std 0.227  tR +0.34  ent[s/d/p/e] 1.39/2.58/1.41/0.48  emits 1.45  spf 34.3  z0 0.02  garr 68.3  tG 767  e2 0.23  nF 20.1  pS 0.38  ptS 0.37  fLog 0.42  pdΔ -0.1191  pkR 6.51  clip 0.34  kl +0.020
upd  103  steps 3407872  sps 5692  opp frzn  loss -0.022  pg -0.0132  v 0.019  ev +0.98  adv_std 0.220  tR +0.47  ent[s/d/p/e] 1.41/2.56/1.45/0.46  emits 1.42  spf 32.6  z0 0.03  garr 68.7  tG 712  e2 0.22  nF 19.0  pS 0.38  ptS 0.36  fLog 0.42  pdΔ -0.1248  pkR 6.69  clip 0.34  kl +0.020
upd  104  steps 3440640  sps 5697  opp frzn  loss -0.021  pg -0.0125  v 0.020  ev +0.99  adv_std 0.220  tR +0.56  ent[s/d/p/e] 1.45/2.54/1.41/0.46  emits 1.44  spf 35.4  z0 0.02  garr 71.4  tG 768  e2 0.22  nF 18.6  pS 0.40  ptS 0.38  fLog 0.43  pdΔ -0.1050  pkR 7.49  clip 0.35  kl +0.021
upd  105  steps 3473408  sps 5703  opp frzn  loss -0.022  pg -0.0133  v 0.020  ev +0.99  adv_std 0.228  tR +0.58  ent[s/d/p/e] 1.56/2.53/1.39/0.48  emits 1.45  spf 39.4  z0 0.01  garr 75.9  tG 859  e2 0.23  nF 18.2  pS 0.42  ptS 0.41  fLog 0.46  pdΔ -0.0783  pkR 4.82  clip 0.36  kl +0.020
upd  106  steps 3506176  sps 5710  opp rand  loss -0.018  pg -0.0103  v 0.027  ev +0.98  adv_std 0.255  tR +0.85  ent[s/d/p/e] 1.58/2.54/1.41/0.49  emits 1.49  spf 39.5  z0 0.00  garr 74.0  tG 858  e2 0.23  nF 18.8  pS 0.42  ptS 0.41  fLog 0.45  pdΔ -0.0761  pkR 5.83  clip 0.36  kl +0.022
upd  107  steps 3538944  sps 5718  opp rand  loss -0.021  pg -0.0129  v 0.021  ev +0.99  adv_std 0.231  tR +0.72  ent[s/d/p/e] 1.47/2.55/1.45/0.49  emits 1.49  spf 36.0  z0 0.01  garr 66.3  tG 777  e2 0.23  nF 19.2  pS 0.40  ptS 0.39  fLog 0.43  pdΔ -0.1022  pkR 5.31  clip 0.34  kl +0.018
upd  108  steps 3571712  sps 5723  opp frzn  loss -0.019  pg -0.0112  v 0.023  ev +0.99  adv_std 0.240  tR +0.57  ent[s/d/p/e] 1.46/2.53/1.37/0.48  emits 1.41  spf 40.0  z0 0.03  garr 72.4  tG 814  e2 0.21  nF 18.3  pS 0.38  ptS 0.37  fLog 0.44  pdΔ -0.1227  pkR 5.82  clip 0.35  kl +0.024
upd  109  steps 3604480  sps 5730  opp rand  loss -0.019  pg -0.0115  v 0.023  ev +0.98  adv_std 0.241  tR +0.45  ent[s/d/p/e] 1.44/2.51/1.43/0.47  emits 1.43  spf 36.4  z0 0.01  garr 71.8  tG 773  e2 0.21  nF 18.7  pS 0.38  ptS 0.37  fLog 0.43  pdΔ -0.1154  pkR 5.23  clip 0.35  kl +0.022
upd  110  steps 3637248  sps 5735  opp frzn  loss -0.020  pg -0.0120  v 0.023  ev +0.98  adv_std 0.244  tR +0.68  ent[s/d/p/e] 1.55/2.53/1.45/0.47  emits 1.54  spf 37.3  z0 0.01  garr 69.0  tG 767  e2 0.24  nF 20.2  pS 0.40  ptS 0.39  fLog 0.44  pdΔ -0.1020  pkR 6.39  clip 0.35  kl +0.021
upd  111  steps 3670016  sps 5742  opp rand  loss -0.021  pg -0.0125  v 0.021  ev +0.98  adv_std 0.228  tR +0.68  ent[s/d/p/e] 1.54/2.48/1.44/0.49  emits 1.51  spf 37.2  z0 0.01  garr 71.2  tG 782  e2 0.25  nF 18.8  pS 0.43  ptS 0.41  fLog 0.45  pdΔ -0.0746  pkR 5.57  clip 0.35  kl +0.020
upd  112  steps 3702784  sps 5749  opp rand  loss -0.021  pg -0.0124  v 0.023  ev +0.98  adv_std 0.237  tR +0.70  ent[s/d/p/e] 1.62/2.52/1.46/0.49  emits 1.54  spf 36.5  z0 0.01  garr 63.9  tG 736  e2 0.24  nF 19.0  pS 0.42  ptS 0.40  fLog 0.45  pdΔ -0.0806  pkR 5.36  clip 0.35  kl +0.021
upd  113  steps 3735552  sps 5755  opp rand  loss -0.020  pg -0.0121  v 0.026  ev +0.98  adv_std 0.254  tR +0.87  ent[s/d/p/e] 1.63/2.47/1.45/0.49  emits 1.56  spf 39.8  z0 0.01  garr 70.1  tG 805  e2 0.25  nF 18.8  pS 0.44  ptS 0.42  fLog 0.47  pdΔ -0.0591  pkR 5.31  clip 0.37  kl +0.023
upd  114  steps 3768320  sps 5762  opp rand  loss -0.019  pg -0.0103  v 0.026  ev +0.98  adv_std 0.252  tR +0.79  ent[s/d/p/e] 1.67/2.49/1.47/0.51  emits 1.62  spf 40.4  z0 0.01  garr 67.7  tG 824  e2 0.27  nF 19.9  pS 0.46  ptS 0.44  fLog 0.47  pdΔ -0.0432  pkR 5.77  clip 0.37  kl +0.022
upd  115  steps 3801088  sps 5769  opp rand  loss -0.021  pg -0.0128  v 0.022  ev +0.98  adv_std 0.234  tR +0.77  ent[s/d/p/e] 1.48/2.52/1.53/0.50  emits 1.54  spf 33.4  z0 0.01  garr 57.4  tG 673  e2 0.25  nF 21.0  pS 0.39  ptS 0.38  fLog 0.42  pdΔ -0.1066  pkR 5.91  clip 0.36  kl +0.023
upd  116  steps 3833856  sps 5776  opp rand  loss -0.020  pg -0.0118  v 0.026  ev +0.98  adv_std 0.258  tR +0.79  ent[s/d/p/e] 1.58/2.50/1.49/0.50  emits 1.63  spf 38.5  z0 0.01  garr 64.0  tG 747  e2 0.27  nF 20.2  pS 0.42  ptS 0.40  fLog 0.45  pdΔ -0.0801  pkR 9.21  clip 0.36  kl +0.023
upd  117  steps 3866624  sps 5782  opp rand  loss -0.021  pg -0.0127  v 0.026  ev +0.98  adv_std 0.256  tR +0.76  ent[s/d/p/e] 1.64/2.48/1.48/0.50  emits 1.63  spf 39.2  z0 0.01  garr 66.2  tG 772  e2 0.27  nF 19.8  pS 0.44  ptS 0.42  fLog 0.46  pdΔ -0.0612  pkR 8.11  clip 0.36  kl +0.023
upd  118  steps 3899392  sps 5788  opp rand  loss -0.019  pg -0.0113  v 0.026  ev +0.98  adv_std 0.254  tR +0.81  ent[s/d/p/e] 1.60/2.50/1.50/0.50  emits 1.58  spf 35.4  z0 0.01  garr 59.0  tG 688  e2 0.25  nF 19.4  pS 0.41  ptS 0.40  fLog 0.45  pdΔ -0.0917  pkR 6.60  clip 0.37  kl +0.023
upd  119  steps 3932160  sps 5792  opp frzn  loss -0.021  pg -0.0130  v 0.023  ev +0.98  adv_std 0.245  tR +0.61  ent[s/d/p/e] 1.54/2.44/1.40/0.47  emits 1.52  spf 37.0  z0 0.01  garr 69.7  tG 746  e2 0.23  nF 18.2  pS 0.40  ptS 0.39  fLog 0.45  pdΔ -0.0963  pkR 6.22  clip 0.37  kl +0.025
upd  120  steps 3964928  sps 5796  opp frzn  loss -0.019  pg -0.0113  v 0.025  ev +0.98  adv_std 0.252  tR +0.44  ent[s/d/p/e] 1.56/2.44/1.40/0.49  emits 1.49  spf 40.1  z0 0.01  garr 73.6  tG 774  e2 0.23  nF 17.1  pS 0.39  ptS 0.39  fLog 0.47  pdΔ -0.1057  pkR 5.95  clip 0.37  kl +0.023
upd  121  steps 3997696  sps 5802  opp rand  loss -0.019  pg -0.0112  v 0.028  ev +0.98  adv_std 0.264  tR +0.62  ent[s/d/p/e] 1.59/2.45/1.48/0.49  emits 1.61  spf 37.0  z0 0.01  garr 64.7  tG 725  e2 0.25  nF 18.5  pS 0.42  ptS 0.40  fLog 0.46  pdΔ -0.0844  pkR 6.05  clip 0.37  kl +0.024
upd  122  steps 4030464  sps 5808  opp rand  loss -0.019  pg -0.0112  v 0.028  ev +0.98  adv_std 0.265  tR +0.68  ent[s/d/p/e] 1.57/2.44/1.46/0.49  emits 1.61  spf 41.7  z0 0.02  garr 67.3  tG 770  e2 0.26  nF 18.7  pS 0.41  ptS 0.39  fLog 0.47  pdΔ -0.0901  pkR 7.04  clip 0.36  kl +0.022
upd  123  steps 4063232  sps 5814  opp rand  loss -0.019  pg -0.0109  v 0.027  ev +0.98  adv_std 0.257  tR +0.76  ent[s/d/p/e] 1.61/2.43/1.45/0.48  emits 1.58  spf 41.4  z0 0.01  garr 68.2  tG 777  e2 0.25  nF 19.1  pS 0.42  ptS 0.41  fLog 0.47  pdΔ -0.0774  pkR 5.67  clip 0.37  kl +0.025
upd  124  steps 4096000  sps 5820  opp rand  loss -0.019  pg -0.0105  v 0.026  ev +0.98  adv_std 0.256  tR +0.73  ent[s/d/p/e] 1.63/2.46/1.50/0.48  emits 1.66  spf 36.6  z0 0.01  garr 61.8  tG 715  e2 0.26  nF 21.2  pS 0.42  ptS 0.41  fLog 0.45  pdΔ -0.0835  pkR 5.81  clip 0.38  kl +0.025
upd  125  steps 4128768  sps 5824  opp frzn  loss -0.018  pg -0.0110  v 0.028  ev +0.98  adv_std 0.266  tR +0.64  ent[s/d/p/e] 1.62/2.40/1.41/0.47  emits 1.59  spf 42.2  z0 0.01  garr 70.9  tG 802  e2 0.24  nF 18.7  pS 0.42  ptS 0.41  fLog 0.48  pdΔ -0.0806  pkR 7.90  clip 0.36  kl +0.026
upd  126  steps 4161536  sps 5829  opp rand  loss -0.019  pg -0.0116  v 0.027  ev +0.98  adv_std 0.259  tR +0.73  ent[s/d/p/e] 1.64/2.41/1.43/0.48  emits 1.61  spf 40.7  z0 0.01  garr 70.7  tG 816  e2 0.25  nF 18.2  pS 0.45  ptS 0.43  fLog 0.48  pdΔ -0.0537  pkR 5.29  clip 0.37  kl +0.024
upd  127  steps 4194304  sps 5833  opp frzn  loss -0.019  pg -0.0114  v 0.028  ev +0.98  adv_std 0.268  tR +0.74  ent[s/d/p/e] 1.68/2.39/1.40/0.49  emits 1.57  spf 44.0  z0 0.01  garr 74.0  tG 842  e2 0.24  nF 17.5  pS 0.44  ptS 0.43  fLog 0.49  pdΔ -0.0556  pkR 5.27  clip 0.37  kl +0.024
upd  128  steps 4227072  sps 5836  opp frzn  loss -0.019  pg -0.0112  v 0.025  ev +0.98  adv_std 0.253  tR +0.46  ent[s/d/p/e] 1.62/2.38/1.37/0.49  emits 1.54  spf 42.8  z0 0.01  garr 76.5  tG 820  e2 0.24  nF 17.7  pS 0.42  ptS 0.40  fLog 0.49  pdΔ -0.0841  pkR 5.61  clip 0.36  kl +0.022
upd  129  steps 4259840  sps 5842  opp rand  loss -0.022  pg -0.0139  v 0.025  ev +0.98  adv_std 0.246  tR +0.55  ent[s/d/p/e] 1.56/2.38/1.39/0.48  emits 1.53  spf 42.6  z0 0.01  garr 76.5  tG 826  e2 0.23  nF 17.5  pS 0.41  ptS 0.40  fLog 0.47  pdΔ -0.0877  pkR 6.76  clip 0.36  kl +0.022
upd  130  steps 4292608  sps 5845  opp frzn  loss -0.020  pg -0.0120  v 0.025  ev +0.98  adv_std 0.248  tR +0.75  ent[s/d/p/e] 1.56/2.41/1.39/0.48  emits 1.56  spf 36.8  z0 0.01  garr 66.3  tG 691  e2 0.23  nF 18.5  pS 0.39  ptS 0.38  fLog 0.46  pdΔ -0.1067  pkR 7.57  clip 0.37  kl +0.025
upd  131  steps 4325376  sps 5848  opp frzn  loss -0.019  pg -0.0118  v 0.026  ev +0.98  adv_std 0.258  tR +0.40  ent[s/d/p/e] 1.57/2.34/1.29/0.47  emits 1.48  spf 42.8  z0 0.01  garr 80.8  tG 792  e2 0.22  nF 15.9  pS 0.41  ptS 0.38  fLog 0.49  pdΔ -0.0940  pkR 6.46  clip 0.36  kl +0.022
upd  132  steps 4358144  sps 5851  opp frzn  loss -0.019  pg -0.0115  v 0.027  ev +0.98  adv_std 0.261  tR +0.34  ent[s/d/p/e] 1.61/2.38/1.34/0.48  emits 1.56  spf 40.0  z0 0.00  garr 77.5  tG 790  e2 0.24  nF 17.9  pS 0.42  ptS 0.40  fLog 0.48  pdΔ -0.0806  pkR 6.08  clip 0.38  kl +0.024
upd  133  steps 4390912  sps 5854  opp frzn  loss -0.018  pg -0.0111  v 0.024  ev +0.98  adv_std 0.243  tR +0.10  ent[s/d/p/e] 1.37/2.41/1.37/0.48  emits 1.46  spf 34.8  z0 0.03  garr 64.0  tG 616  e2 0.22  nF 18.8  pS 0.33  ptS 0.32  fLog 0.43  pdΔ -0.1694  pkR 5.88  clip 0.35  kl +0.022
upd  134  steps 4423680  sps 5859  opp rand  loss -0.020  pg -0.0118  v 0.025  ev +0.98  adv_std 0.246  tR +0.51  ent[s/d/p/e] 1.56/2.41/1.40/0.47  emits 1.60  spf 37.5  z0 0.01  garr 67.6  tG 681  e2 0.23  nF 18.6  pS 0.38  ptS 0.37  fLog 0.46  pdΔ -0.1196  pkR 5.40  clip 0.36  kl +0.023
upd  135  steps 4456448  sps 5864  opp rand  loss -0.018  pg -0.0115  v 0.031  ev +0.98  adv_std 0.268  tR +0.74  ent[s/d/p/e] 1.66/2.36/1.35/0.48  emits 1.64  spf 43.4  z0 0.00  garr 72.0  tG 772  e2 0.25  nF 18.7  pS 0.42  ptS 0.41  fLog 0.49  pdΔ -0.0804  pkR 6.06  clip 0.36  kl +0.022
upd  136  steps 4489216  sps 5867  opp frzn  loss -0.016  pg -0.0101  v 0.033  ev +0.98  adv_std 0.284  tR +0.58  ent[s/d/p/e] 1.64/2.36/1.33/0.49  emits 1.67  spf 45.3  z0 0.01  garr 74.3  tG 806  e2 0.26  nF 18.9  pS 0.42  ptS 0.40  fLog 0.49  pdΔ -0.0840  pkR 7.18  clip 0.37  kl +0.024
upd  137  steps 4521984  sps 5872  opp rand  loss -0.018  pg -0.0112  v 0.031  ev +0.98  adv_std 0.275  tR +0.65  ent[s/d/p/e] 1.66/2.38/1.37/0.49  emits 1.74  spf 39.9  z0 0.01  garr 69.5  tG 756  e2 0.28  nF 20.2  pS 0.44  ptS 0.42  fLog 0.48  pdΔ -0.0625  pkR 5.71  clip 0.36  kl +0.023
upd  138  steps 4554752  sps 5877  opp rand  loss -0.019  pg -0.0126  v 0.030  ev +0.98  adv_std 0.275  tR +0.74  ent[s/d/p/e] 1.66/2.35/1.34/0.47  emits 1.66  spf 40.7  z0 0.01  garr 69.7  tG 748  e2 0.26  nF 18.8  pS 0.43  ptS 0.42  fLog 0.49  pdΔ -0.0665  pkR 7.07  clip 0.37  kl +0.023
upd  139  steps 4587520  sps 5880  opp frzn  loss -0.018  pg -0.0117  v 0.030  ev +0.98  adv_std 0.275  tR +0.83  ent[s/d/p/e] 1.63/2.40/1.35/0.50  emits 1.75  spf 40.4  z0 0.01  garr 68.5  tG 783  e2 0.29  nF 20.2  pS 0.43  ptS 0.42  fLog 0.47  pdΔ -0.0676  pkR 6.67  clip 0.38  kl +0.027
upd  140  steps 4620288  sps 5883  opp frzn  loss -0.018  pg -0.0116  v 0.029  ev +0.98  adv_std 0.270  tR +0.66  ent[s/d/p/e] 1.57/2.36/1.33/0.49  emits 1.69  spf 40.9  z0 0.01  garr 70.0  tG 766  e2 0.28  nF 19.1  pS 0.42  ptS 0.40  fLog 0.47  pdΔ -0.0835  pkR 6.18  clip 0.37  kl +0.025
upd  141  steps 4653056  sps 5888  opp rand  loss -0.019  pg -0.0132  v 0.031  ev +0.98  adv_std 0.279  tR +0.62  ent[s/d/p/e] 1.54/2.32/1.28/0.50  emits 1.63  spf 42.9  z0 0.01  garr 74.4  tG 791  e2 0.27  nF 17.9  pS 0.40  ptS 0.39  fLog 0.48  pdΔ -0.0951  pkR 7.45  clip 0.36  kl +0.024
upd  142  steps 4685824  sps 5892  opp rand  loss -0.015  pg -0.0094  v 0.035  ev +0.98  adv_std 0.296  tR +0.71  ent[s/d/p/e] 1.65/2.36/1.36/0.49  emits 1.78  spf 41.1  z0 0.00  garr 68.2  tG 765  e2 0.29  nF 19.6  pS 0.43  ptS 0.41  fLog 0.48  pdΔ -0.0725  pkR 6.10  clip 0.38  kl +0.028
upd  143  steps 4718592  sps 5895  opp frzn  loss -0.017  pg -0.0113  v 0.033  ev +0.98  adv_std 0.290  tR +0.62  ent[s/d/p/e] 1.62/2.34/1.26/0.50  emits 1.71  spf 44.2  z0 0.02  garr 74.9  tG 820  e2 0.28  nF 19.1  pS 0.42  ptS 0.40  fLog 0.48  pdΔ -0.0825  pkR 7.11  clip 0.37  kl +0.025
upd  144  steps 4751360  sps 5898  opp frzn  loss -0.017  pg -0.0116  v 0.035  ev +0.98  adv_std 0.296  tR +0.61  ent[s/d/p/e] 1.61/2.33/1.30/0.48  emits 1.67  spf 46.2  z0 0.01  garr 79.1  tG 821  e2 0.26  nF 19.0  pS 0.40  ptS 0.39  fLog 0.49  pdΔ -0.0961  pkR 7.09  clip 0.37  kl +0.027
upd  145  steps 4784128  sps 5900  opp frzn  loss -0.017  pg -0.0110  v 0.033  ev +0.98  adv_std 0.284  tR +0.63  ent[s/d/p/e] 1.61/2.32/1.31/0.49  emits 1.67  spf 44.3  z0 0.01  garr 78.5  tG 832  e2 0.27  nF 18.8  pS 0.42  ptS 0.40  fLog 0.48  pdΔ -0.0839  pkR 6.51  clip 0.37  kl +0.026
upd  146  steps 4816896  sps 5903  opp frzn  loss -0.019  pg -0.0125  v 0.030  ev +0.98  adv_std 0.272  tR +0.54  ent[s/d/p/e] 1.51/2.32/1.29/0.47  emits 1.57  spf 42.7  z0 0.01  garr 76.4  tG 763  e2 0.23  nF 18.7  pS 0.38  ptS 0.37  fLog 0.47  pdΔ -0.1179  pkR 6.44  clip 0.36  kl +0.023
upd  147  steps 4849664  sps 5907  opp rand  loss -0.019  pg -0.0126  v 0.031  ev +0.98  adv_std 0.280  tR +0.65  ent[s/d/p/e] 1.55/2.37/1.40/0.48  emits 1.69  spf 36.8  z0 0.01  garr 63.9  tG 665  e2 0.27  nF 19.6  pS 0.39  ptS 0.38  fLog 0.46  pdΔ -0.1096  pkR 5.66  clip 0.37  kl +0.025
upd  148  steps 4882432  sps 5912  opp rand  loss -0.018  pg -0.0118  v 0.033  ev +0.98  adv_std 0.289  tR +0.74  ent[s/d/p/e] 1.63/2.36/1.38/0.48  emits 1.68  spf 37.4  z0 0.01  garr 65.1  tG 695  e2 0.27  nF 20.1  pS 0.42  ptS 0.40  fLog 0.46  pdΔ -0.0773  pkR 7.08  clip 0.38  kl +0.027
upd  149  steps 4915200  sps 5914  opp frzn  loss -0.019  pg -0.0125  v 0.028  ev +0.99  adv_std 0.270  tR +0.51  ent[s/d/p/e] 1.57/2.31/1.31/0.48  emits 1.60  spf 39.3  z0 0.02  garr 71.0  tG 769  e2 0.25  nF 19.8  pS 0.41  ptS 0.39  fLog 0.47  pdΔ -0.0924  pkR 6.47  clip 0.36  kl +0.025 WRr 0.84 WRf 0.94
upd  150  steps 4947968  sps 5847  opp rand  loss -0.013  pg -0.0086  v 0.039  ev +0.98  adv_std 0.306  tR +0.54  ent[s/d/p/e] 1.67/2.27/1.29/0.48  emits 1.63  spf 49.3  z0 0.01  garr 79.3  tG 872  e2 0.25  nF 18.7  pS 0.42  ptS 0.41  fLog 0.50  pdΔ -0.0785  pkR 6.40  clip 0.36  kl +0.025
upd  151  steps 4980736  sps 5849  opp frzn  loss -0.020  pg -0.0132  v 0.029  ev +0.98  adv_std 0.270  tR +0.71  ent[s/d/p/e] 1.58/2.29/1.31/0.48  emits 1.61  spf 45.0  z0 0.02  garr 73.0  tG 783  e2 0.25  nF 19.3  pS 0.39  ptS 0.38  fLog 0.48  pdΔ -0.1077  pkR 11.48  clip 0.37  kl +0.026
upd  152  steps 5013504  sps 5854  opp rand  loss -0.019  pg -0.0128  v 0.030  ev +0.98  adv_std 0.272  tR +0.59  ent[s/d/p/e] 1.55/2.31/1.35/0.49  emits 1.61  spf 42.7  z0 0.01  garr 75.1  tG 781  e2 0.25  nF 18.9  pS 0.40  ptS 0.38  fLog 0.47  pdΔ -0.1035  pkR 5.29  clip 0.35  kl +0.020
upd  153  steps 5046272  sps 5859  opp rand  loss -0.015  pg -0.0103  v 0.036  ev +0.98  adv_std 0.295  tR +0.51  ent[s/d/p/e] 1.55/2.29/1.30/0.47  emits 1.57  spf 46.1  z0 0.01  garr 73.9  tG 779  e2 0.23  nF 17.0  pS 0.39  ptS 0.37  fLog 0.48  pdΔ -0.1114  pkR 8.94  clip 0.35  kl +0.024
upd  154  steps 5079040  sps 5863  opp rand  loss -0.016  pg -0.0106  v 0.036  ev +0.98  adv_std 0.297  tR +0.69  ent[s/d/p/e] 1.61/2.28/1.28/0.50  emits 1.66  spf 51.7  z0 0.01  garr 80.5  tG 900  e2 0.26  nF 17.0  pS 0.41  ptS 0.40  fLog 0.50  pdΔ -0.0881  pkR 7.18  clip 0.36  kl +0.024
upd  155  steps 5111808  sps 5868  opp rand  loss -0.017  pg -0.0119  v 0.038  ev +0.98  adv_std 0.302  tR +0.84  ent[s/d/p/e] 1.61/2.24/1.27/0.51  emits 1.69  spf 50.6  z0 0.01  garr 81.7  tG 932  e2 0.28  nF 17.6  pS 0.43  ptS 0.42  fLog 0.50  pdΔ -0.0670  pkR 7.02  clip 0.37  kl +0.026
upd  156  steps 5144576  sps 5870  opp frzn  loss -0.017  pg -0.0121  v 0.035  ev +0.98  adv_std 0.295  tR +0.73  ent[s/d/p/e] 1.54/2.21/1.25/0.49  emits 1.63  spf 51.9  z0 0.01  garr 85.4  tG 915  e2 0.25  nF 18.3  pS 0.40  ptS 0.39  fLog 0.50  pdΔ -0.0991  pkR 8.93  clip 0.37  kl +0.027
upd  157  steps 5177344  sps 5875  opp rand  loss -0.015  pg -0.0106  v 0.038  ev +0.98  adv_std 0.301  tR +0.81  ent[s/d/p/e] 1.60/2.16/1.23/0.50  emits 1.65  spf 56.6  z0 0.02  garr 93.6  tG 1028  e2 0.27  nF 17.0  pS 0.44  ptS 0.42  fLog 0.53  pdΔ -0.0646  pkR 5.87  clip 0.37  kl +0.025
upd  158  steps 5210112  sps 5879  opp rand  loss -0.014  pg -0.0097  v 0.039  ev +0.98  adv_std 0.306  tR +0.59  ent[s/d/p/e] 1.54/2.20/1.26/0.49  emits 1.69  spf 54.5  z0 0.02  garr 90.4  tG 986  e2 0.27  nF 17.6  pS 0.41  ptS 0.40  fLog 0.50  pdΔ -0.0856  pkR 7.03  clip 0.37  kl +0.028
upd  159  steps 5242880  sps 5881  opp frzn  loss -0.016  pg -0.0127  v 0.042  ev +0.98  adv_std 0.322  tR +0.73  ent[s/d/p/e] 1.52/2.16/1.27/0.49  emits 1.64  spf 51.3  z0 0.01  garr 85.9  tG 933  e2 0.26  nF 17.1  pS 0.41  ptS 0.40  fLog 0.50  pdΔ -0.0883  pkR 6.93  clip 0.37  kl +0.025
upd  160  steps 5275648  sps 5884  opp frzn  loss -0.014  pg -0.0107  v 0.040  ev +0.98  adv_std 0.313  tR +0.31  ent[s/d/p/e] 1.34/2.25/1.34/0.45  emits 1.56  spf 41.6  z0 0.03  garr 76.8  tG 736  e2 0.23  nF 17.6  pS 0.34  ptS 0.33  fLog 0.45  pdΔ -0.1562  pkR 9.63  clip 0.37  kl +0.028
upd  161  steps 5308416  sps 5886  opp frzn  loss -0.017  pg -0.0121  v 0.034  ev +0.98  adv_std 0.290  tR +0.25  ent[s/d/p/e] 1.35/2.16/1.28/0.45  emits 1.48  spf 40.3  z0 0.02  garr 75.1  tG 695  e2 0.21  nF 17.6  pS 0.35  ptS 0.34  fLog 0.45  pdΔ -0.1529  pkR 8.41  clip 0.36  kl +0.025
upd  162  steps 5341184  sps 5889  opp frzn  loss -0.016  pg -0.0121  v 0.037  ev +0.98  adv_std 0.297  tR +0.43  ent[s/d/p/e] 1.45/2.12/1.22/0.47  emits 1.55  spf 48.7  z0 0.01  garr 82.7  tG 837  e2 0.23  nF 16.9  pS 0.39  ptS 0.37  fLog 0.49  pdΔ -0.1150  pkR 10.09  clip 0.38  kl +0.029
upd  163  steps 5373952  sps 5893  opp rand  loss -0.015  pg -0.0110  v 0.041  ev +0.98  adv_std 0.318  tR +0.74  ent[s/d/p/e] 1.60/2.13/1.28/0.50  emits 1.75  spf 53.5  z0 0.01  garr 90.8  tG 963  e2 0.29  nF 17.1  pS 0.43  ptS 0.42  fLog 0.52  pdΔ -0.0694  pkR 6.12  clip 0.37  kl +0.028
upd  164  steps 5406720  sps 5897  opp rand  loss -0.013  pg -0.0103  v 0.043  ev +0.98  adv_std 0.326  tR +0.70  ent[s/d/p/e] 1.49/2.14/1.25/0.48  emits 1.70  spf 57.9  z0 0.01  garr 94.3  tG 1005  e2 0.27  nF 16.7  pS 0.40  ptS 0.39  fLog 0.51  pdΔ -0.0987  pkR 8.26  clip 0.37  kl +0.028
upd  165  steps 5439488  sps 5901  opp rand  loss -0.014  pg -0.0104  v 0.044  ev +0.98  adv_std 0.328  tR +0.71  ent[s/d/p/e] 1.60/2.14/1.27/0.50  emits 1.77  spf 57.9  z0 0.01  garr 90.5  tG 1054  e2 0.29  nF 17.9  pS 0.45  ptS 0.43  fLog 0.52  pdΔ -0.0516  pkR 6.44  clip 0.38  kl +0.029
upd  166  steps 5472256  sps 5903  opp frzn  loss -0.013  pg -0.0091  v 0.038  ev +0.99  adv_std 0.307  tR +0.74  ent[s/d/p/e] 1.58/2.09/1.22/0.51  emits 1.73  spf 61.2  z0 0.01  garr 95.9  tG 1067  e2 0.28  nF 18.2  pS 0.43  ptS 0.41  fLog 0.52  pdΔ -0.0710  pkR 6.89  clip 0.39  kl +0.028
upd  167  steps 5505024  sps 5905  opp frzn  loss -0.012  pg -0.0093  v 0.047  ev +0.98  adv_std 0.343  tR +0.53  ent[s/d/p/e] 1.52/2.10/1.25/0.47  emits 1.73  spf 52.4  z0 0.01  garr 86.6  tG 901  e2 0.27  nF 17.7  pS 0.41  ptS 0.39  fLog 0.50  pdΔ -0.0949  pkR 8.13  clip 0.39  kl +0.030
upd  168  steps 5537792  sps 5909  opp rand  loss -0.010  pg -0.0081  v 0.050  ev +0.98  adv_std 0.343  tR +0.66  ent[s/d/p/e] 1.54/2.14/1.29/0.48  emits 1.82  spf 55.7  z0 0.01  garr 91.5  tG 977  e2 0.29  nF 19.3  pS 0.41  ptS 0.40  fLog 0.50  pdΔ -0.0861  pkR 7.14  clip 0.39  kl +0.029
upd  169  steps 5570560  sps 5911  opp frzn  loss -0.013  pg -0.0097  v 0.042  ev +0.98  adv_std 0.323  tR +0.44  ent[s/d/p/e] 1.49/2.07/1.25/0.50  emits 1.82  spf 55.7  z0 0.01  garr 102.5  tG 1005  e2 0.31  nF 19.1  pS 0.41  ptS 0.39  fLog 0.50  pdΔ -0.0920  pkR 6.84  clip 0.39  kl +0.030
upd  170  steps 5603328  sps 5913  opp frzn  loss -0.012  pg -0.0102  v 0.047  ev +0.98  adv_std 0.337  tR +0.24  ent[s/d/p/e] 1.51/2.00/1.16/0.49  emits 1.76  spf 71.8  z0 0.02  garr 117.1  tG 1153  e2 0.29  nF 17.1  pS 0.40  ptS 0.39  fLog 0.54  pdΔ -0.0999  pkR 8.35  clip 0.37  kl +0.029
upd  171  steps 5636096  sps 5915  opp frzn  loss -0.012  pg -0.0102  v 0.049  ev +0.98  adv_std 0.348  tR +0.54  ent[s/d/p/e] 1.43/2.10/1.26/0.47  emits 1.88  spf 56.2  z0 0.01  garr 103.5  tG 1005  e2 0.30  nF 20.4  pS 0.38  ptS 0.37  fLog 0.49  pdΔ -0.1164  pkR 6.35  clip 0.39  kl +0.034
upd  172  steps 5668864  sps 5918  opp frzn  loss -0.013  pg -0.0100  v 0.047  ev +0.98  adv_std 0.336  tR +0.28  ent[s/d/p/e] 1.45/2.10/1.30/0.47  emits 1.84  spf 50.4  z0 0.03  garr 86.3  tG 897  e2 0.30  nF 20.7  pS 0.37  ptS 0.36  fLog 0.48  pdΔ -0.1254  pkR 7.04  clip 0.39  kl +0.030
upd  173  steps 5701632  sps 5920  opp frzn  loss -0.013  pg -0.0095  v 0.043  ev +0.98  adv_std 0.325  tR +0.51  ent[s/d/p/e] 1.51/2.05/1.23/0.48  emits 1.83  spf 55.4  z0 0.02  garr 96.1  tG 979  e2 0.30  nF 18.4  pS 0.40  ptS 0.39  fLog 0.51  pdΔ -0.1012  pkR 6.75  clip 0.38  kl +0.029
upd  174  steps 5734400  sps 5923  opp rand  loss -0.010  pg -0.0069  v 0.046  ev +0.98  adv_std 0.336  tR +0.59  ent[s/d/p/e] 1.50/2.15/1.35/0.47  emits 1.94  spf 47.4  z0 0.01  garr 83.2  tG 847  e2 0.32  nF 21.1  pS 0.40  ptS 0.39  fLog 0.47  pdΔ -0.0953  pkR 7.83  clip 0.40  kl +0.031
upd  175  steps 5767168  sps 5925  opp frzn  loss -0.011  pg -0.0082  v 0.044  ev +0.99  adv_std 0.330  tR +0.62  ent[s/d/p/e] 1.43/2.02/1.23/0.50  emits 1.82  spf 58.8  z0 0.02  garr 103.1  tG 991  e2 0.31  nF 18.4  pS 0.38  ptS 0.36  fLog 0.50  pdΔ -0.1217  pkR 9.08  clip 0.38  kl +0.033
upd  176  steps 5799936  sps 5927  opp frzn  loss -0.009  pg -0.0081  v 0.055  ev +0.98  adv_std 0.370  tR +0.30  ent[s/d/p/e] 1.37/2.09/1.31/0.48  emits 1.94  spf 56.6  z0 0.02  garr 98.3  tG 918  e2 0.32  nF 20.9  pS 0.36  ptS 0.35  fLog 0.47  pdΔ -0.1425  pkR 12.09  clip 0.40  kl +0.038
upd  177  steps 5832704  sps 5929  opp frzn  loss -0.009  pg -0.0085  v 0.058  ev +0.98  adv_std 0.375  tR +0.07  ent[s/d/p/e] 1.43/2.13/1.36/0.46  emits 2.01  spf 46.5  z0 0.03  garr 82.7  tG 820  e2 0.33  nF 22.7  pS 0.37  ptS 0.36  fLog 0.46  pdΔ -0.1298  pkR 7.64  clip 0.39  kl +0.033
upd  178  steps 5865472  sps 5931  opp frzn  loss -0.003  pg -0.0051  v 0.068  ev +0.98  adv_std 0.404  tR +0.44  ent[s/d/p/e] 1.41/2.09/1.32/0.45  emits 1.99  spf 52.5  z0 0.02  garr 91.4  tG 867  e2 0.32  nF 22.3  pS 0.37  ptS 0.35  fLog 0.47  pdΔ -0.1331  pkR 11.52  clip 0.39  kl +0.036
upd  179  steps 5898240  sps 5935  opp rand  loss -0.004  pg -0.0062  v 0.069  ev +0.98  adv_std 0.406  tR +0.46  ent[s/d/p/e] 1.50/2.06/1.32/0.48  emits 2.03  spf 60.6  z0 0.02  garr 94.9  tG 990  e2 0.34  nF 21.1  pS 0.40  ptS 0.38  fLog 0.50  pdΔ -0.1015  pkR 10.78  clip 0.37  kl +0.031
upd  180  steps 5931008  sps 5936  opp frzn  loss -0.005  pg -0.0071  v 0.067  ev +0.98  adv_std 0.406  tR +0.56  ent[s/d/p/e] 1.38/2.11/1.32/0.45  emits 2.10  spf 55.5  z0 0.02  garr 96.2  tG 923  e2 0.35  nF 23.3  pS 0.37  ptS 0.36  fLog 0.47  pdΔ -0.1295  pkR 8.26  clip 0.40  kl +0.035
upd  181  steps 5963776  sps 5938  opp frzn  loss -0.006  pg -0.0090  v 0.072  ev +0.98  adv_std 0.414  tR -0.03  ent[s/d/p/e] 1.32/2.14/1.37/0.47  emits 2.03  spf 54.0  z0 0.04  garr 89.6  tG 819  e2 0.35  nF 23.1  pS 0.33  ptS 0.32  fLog 0.46  pdΔ -0.1660  pkR 11.11  clip 0.38  kl +0.031
upd  182  steps 5996544  sps 5942  opp rand  loss -0.009  pg -0.0110  v 0.069  ev +0.98  adv_std 0.406  tR +0.32  ent[s/d/p/e] 1.51/2.08/1.34/0.47  emits 2.03  spf 54.4  z0 0.01  garr 92.2  tG 927  e2 0.34  nF 21.6  pS 0.40  ptS 0.38  fLog 0.48  pdΔ -0.1020  pkR 8.05  clip 0.39  kl +0.033
upd  183  steps 6029312  sps 5944  opp frzn  loss -0.006  pg -0.0070  v 0.062  ev +0.98  adv_std 0.386  tR +0.36  ent[s/d/p/e] 1.42/2.03/1.33/0.48  emits 2.02  spf 56.4  z0 0.02  garr 91.6  tG 857  e2 0.34  nF 20.6  pS 0.37  ptS 0.36  fLog 0.49  pdΔ -0.1304  pkR 7.57  clip 0.39  kl +0.031
upd  184  steps 6062080  sps 5945  opp frzn  loss -0.006  pg -0.0098  v 0.076  ev +0.98  adv_std 0.425  tR +0.30  ent[s/d/p/e] 1.44/1.97/1.25/0.49  emits 2.05  spf 69.4  z0 0.02  garr 101.9  tG 1061  e2 0.36  nF 19.7  pS 0.40  ptS 0.39  fLog 0.51  pdΔ -0.0963  pkR 8.08  clip 0.39  kl +0.034
upd  185  steps 6094848  sps 5949  opp rand  loss -0.006  pg -0.0087  v 0.070  ev +0.98  adv_std 0.410  tR +0.48  ent[s/d/p/e] 1.44/2.08/1.33/0.46  emits 2.11  spf 61.3  z0 0.02  garr 95.8  tG 968  e2 0.36  nF 21.6  pS 0.39  ptS 0.37  fLog 0.49  pdΔ -0.1094  pkR 8.22  clip 0.39  kl +0.033
upd  186  steps 6127616  sps 5952  opp rand  loss -0.006  pg -0.0095  v 0.075  ev +0.98  adv_std 0.421  tR +0.62  ent[s/d/p/e] 1.53/2.00/1.29/0.49  emits 2.06  spf 65.0  z0 0.01  garr 103.1  tG 995  e2 0.35  nF 20.8  pS 0.42  ptS 0.39  fLog 0.51  pdΔ -0.0846  pkR 8.83  clip 0.38  kl +0.034
upd  187  steps 6160384  sps 5954  opp frzn  loss -0.003  pg -0.0075  v 0.079  ev +0.98  adv_std 0.436  tR +0.59  ent[s/d/p/e] 1.42/1.95/1.21/0.48  emits 2.12  spf 75.7  z0 0.01  garr 115.3  tG 1144  e2 0.36  nF 20.3  pS 0.41  ptS 0.39  fLog 0.52  pdΔ -0.0870  pkR 7.08  clip 0.38  kl +0.034
upd  188  steps 6193152  sps 5956  opp frzn  loss -0.002  pg -0.0064  v 0.080  ev +0.98  adv_std 0.437  tR +0.25  ent[s/d/p/e] 1.40/2.03/1.29/0.46  emits 2.19  spf 69.5  z0 0.03  garr 106.4  tG 1141  e2 0.38  nF 22.2  pS 0.39  ptS 0.37  fLog 0.50  pdΔ -0.1129  pkR 8.35  clip 0.39  kl +0.034
upd  189  steps 6225920  sps 5959  opp rand  loss -0.007  pg -0.0080  v 0.063  ev +0.99  adv_std 0.389  tR +0.37  ent[s/d/p/e] 1.30/2.08/1.32/0.46  emits 2.03  spf 63.6  z0 0.02  garr 103.2  tG 954  e2 0.35  nF 22.2  pS 0.35  ptS 0.33  fLog 0.46  pdΔ -0.1503  pkR 8.80  clip 0.37  kl +0.033
upd  190  steps 6258688  sps 5962  opp rand  loss -0.004  pg -0.0080  v 0.077  ev +0.98  adv_std 0.423  tR +0.36  ent[s/d/p/e] 1.43/1.97/1.23/0.48  emits 2.01  spf 81.4  z0 0.03  garr 117.4  tG 1109  e2 0.35  nF 19.7  pS 0.38  ptS 0.36  fLog 0.52  pdΔ -0.1194  pkR 8.26  clip 0.36  kl +0.028
upd  191  steps 6291456  sps 5965  opp rand  loss -0.006  pg -0.0094  v 0.074  ev +0.98  adv_std 0.422  tR +0.63  ent[s/d/p/e] 1.43/1.99/1.25/0.48  emits 2.08  spf 69.3  z0 0.01  garr 111.9  tG 1099  e2 0.36  nF 20.3  pS 0.39  ptS 0.38  fLog 0.50  pdΔ -0.1086  pkR 8.15  clip 0.38  kl +0.030
upd  192  steps 6324224  sps 5969  opp rand  loss -0.005  pg -0.0086  v 0.078  ev +0.98  adv_std 0.427  tR +0.61  ent[s/d/p/e] 1.41/2.02/1.32/0.46  emits 2.23  spf 60.0  z0 0.02  garr 100.1  tG 1009  e2 0.39  nF 22.4  pS 0.40  ptS 0.38  fLog 0.48  pdΔ -0.1002  pkR 10.31  clip 0.38  kl +0.032
upd  193  steps 6356992  sps 5972  opp rand  loss -0.004  pg -0.0079  v 0.075  ev +0.98  adv_std 0.423  tR +0.63  ent[s/d/p/e] 1.41/1.97/1.25/0.47  emits 2.11  spf 70.7  z0 0.02  garr 107.7  tG 1050  e2 0.37  nF 21.1  pS 0.39  ptS 0.37  fLog 0.50  pdΔ -0.1146  pkR 14.71  clip 0.38  kl +0.033
upd  194  steps 6389760  sps 5973  opp frzn  loss -0.004  pg -0.0098  v 0.085  ev +0.98  adv_std 0.454  tR +0.64  ent[s/d/p/e] 1.41/1.89/1.21/0.48  emits 2.16  spf 74.1  z0 0.02  garr 114.8  tG 1150  e2 0.39  nF 20.0  pS 0.41  ptS 0.39  fLog 0.52  pdΔ -0.0908  pkR 17.13  clip 0.38  kl +0.036
upd  195  steps 6422528  sps 5977  opp rand  loss -0.005  pg -0.0087  v 0.071  ev +0.98  adv_std 0.403  tR +0.55  ent[s/d/p/e] 1.37/1.89/1.19/0.48  emits 1.99  spf 77.4  z0 0.02  garr 115.0  tG 1057  e2 0.34  nF 19.7  pS 0.37  ptS 0.36  fLog 0.52  pdΔ -0.1292  pkR 8.30  clip 0.37  kl +0.030
upd  196  steps 6455296  sps 5980  opp rand  loss -0.003  pg -0.0071  v 0.074  ev +0.98  adv_std 0.412  tR +0.54  ent[s/d/p/e] 1.39/1.84/1.19/0.48  emits 2.00  spf 73.1  z0 0.01  garr 113.8  tG 1072  e2 0.34  nF 19.4  pS 0.38  ptS 0.37  fLog 0.52  pdΔ -0.1179  pkR 9.47  clip 0.37  kl +0.033
upd  197  steps 6488064  sps 5983  opp rand  loss -0.006  pg -0.0098  v 0.074  ev +0.98  adv_std 0.416  tR +0.55  ent[s/d/p/e] 1.39/1.79/1.19/0.49  emits 2.00  spf 84.4  z0 0.02  garr 131.5  tG 1250  e2 0.35  nF 19.2  pS 0.40  ptS 0.38  fLog 0.54  pdΔ -0.1041  pkR 7.73  clip 0.37  kl +0.031
upd  198  steps 6520832  sps 5986  opp rand  loss -0.004  pg -0.0073  v 0.073  ev +0.99  adv_std 0.417  tR +0.46  ent[s/d/p/e] 1.39/1.78/1.17/0.49  emits 2.03  spf 91.2  z0 0.01  garr 140.7  tG 1279  e2 0.35  nF 18.6  pS 0.39  ptS 0.38  fLog 0.55  pdΔ -0.1114  pkR 7.98  clip 0.37  kl +0.034
upd  199  steps 6553600  sps 5987  opp frzn  loss -0.000  pg -0.0073  v 0.088  ev +0.98  adv_std 0.455  tR +0.46  ent[s/d/p/e] 1.30/1.80/1.18/0.49  emits 2.11  spf 97.8  z0 0.01  garr 139.5  tG 1312  e2 0.37  nF 19.4  pS 0.37  ptS 0.35  fLog 0.54  pdΔ -0.1334  pkR 11.05  clip 0.37  kl +0.031 WRr 0.97 WRf 0.84
upd  200  steps 6586368  sps 5932  opp rand  loss -0.004  pg -0.0079  v 0.074  ev +0.98  adv_std 0.422  tR +0.27  ent[s/d/p/e] 1.25/1.90/1.25/0.46  emits 2.00  spf 78.5  z0 0.02  garr 118.3  tG 1031  e2 0.34  nF 21.0  pS 0.35  ptS 0.33  fLog 0.49  pdΔ -0.1514  pkR 13.20  clip 0.37  kl +0.032
upd  201  steps 6619136  sps 5934  opp frzn  loss -0.005  pg -0.0081  v 0.068  ev +0.99  adv_std 0.406  tR +0.36  ent[s/d/p/e] 1.38/1.67/1.14/0.51  emits 2.00  spf 95.0  z0 0.01  garr 142.6  tG 1314  e2 0.35  nF 17.7  pS 0.40  ptS 0.38  fLog 0.57  pdΔ -0.0961  pkR 7.72  clip 0.37  kl +0.034
upd  202  steps 6651904  sps 5935  opp frzn  loss -0.002  pg -0.0084  v 0.086  ev +0.98  adv_std 0.451  tR +0.39  ent[s/d/p/e] 1.34/1.68/1.15/0.50  emits 2.03  spf 97.8  z0 0.01  garr 146.1  tG 1309  e2 0.36  nF 17.5  pS 0.39  ptS 0.37  fLog 0.56  pdΔ -0.1111  pkR 7.03  clip 0.38  kl +0.034
upd  203  steps 6684672  sps 5939  opp rand  loss -0.006  pg -0.0101  v 0.077  ev +0.98  adv_std 0.423  tR +0.53  ent[s/d/p/e] 1.37/1.73/1.18/0.49  emits 2.01  spf 96.1  z0 0.02  garr 135.1  tG 1196  e2 0.35  nF 18.0  pS 0.38  ptS 0.37  fLog 0.55  pdΔ -0.1209  pkR 7.81  clip 0.37  kl +0.033
upd  204  steps 6717440  sps 5940  opp frzn  loss +0.000  pg -0.0063  v 0.084  ev +0.98  adv_std 0.442  tR +0.28  ent[s/d/p/e] 1.26/1.69/1.17/0.48  emits 1.99  spf 83.7  z0 0.02  garr 124.0  tG 1058  e2 0.34  nF 18.4  pS 0.35  ptS 0.34  fLog 0.54  pdΔ -0.1515  pkR 8.10  clip 0.38  kl +0.033
upd  205  steps 6750208  sps 5943  opp rand  loss -0.005  pg -0.0103  v 0.080  ev +0.99  adv_std 0.436  tR +0.37  ent[s/d/p/e] 1.38/1.64/1.15/0.50  emits 2.06  spf 95.0  z0 0.02  garr 145.3  tG 1343  e2 0.37  nF 18.3  pS 0.40  ptS 0.38  fLog 0.57  pdΔ -0.1000  pkR 8.21  clip 0.36  kl +0.030
upd  206  steps 6782976  sps 5946  opp rand  loss -0.002  pg -0.0078  v 0.082  ev +0.98  adv_std 0.434  tR +0.54  ent[s/d/p/e] 1.39/1.69/1.16/0.49  emits 2.01  spf 95.7  z0 0.01  garr 135.0  tG 1227  e2 0.35  nF 18.5  pS 0.39  ptS 0.37  fLog 0.56  pdΔ -0.1124  pkR 10.05  clip 0.38  kl +0.035
upd  207  steps 6815744  sps 5949  opp rand  loss -0.003  pg -0.0082  v 0.081  ev +0.99  adv_std 0.430  tR +0.66  ent[s/d/p/e] 1.38/1.78/1.19/0.48  emits 2.11  spf 92.3  z0 0.02  garr 135.2  tG 1222  e2 0.37  nF 19.5  pS 0.39  ptS 0.37  fLog 0.53  pdΔ -0.1116  pkR 7.52  clip 0.37  kl +0.035
upd  208  steps 6848512  sps 5952  opp rand  loss -0.008  pg -0.0101  v 0.067  ev +0.99  adv_std 0.399  tR +0.42  ent[s/d/p/e] 1.29/1.80/1.22/0.48  emits 1.91  spf 84.6  z0 0.02  garr 116.1  tG 1049  e2 0.32  nF 19.5  pS 0.35  ptS 0.33  fLog 0.51  pdΔ -0.1539  pkR 8.20  clip 0.35  kl +0.029
upd  209  steps 6881280  sps 5954  opp frzn  loss -0.000  pg -0.0057  v 0.083  ev +0.98  adv_std 0.442  tR +0.62  ent[s/d/p/e] 1.36/1.73/1.20/0.49  emits 2.04  spf 83.4  z0 0.01  garr 124.6  tG 1118  e2 0.36  nF 18.2  pS 0.37  ptS 0.36  fLog 0.54  pdΔ -0.1264  pkR 8.60  clip 0.37  kl +0.036
upd  210  steps 6914048  sps 5956  opp frzn  loss -0.005  pg -0.0097  v 0.078  ev +0.99  adv_std 0.431  tR +0.47  ent[s/d/p/e] 1.31/1.70/1.14/0.50  emits 1.98  spf 103.9  z0 0.01  garr 145.7  tG 1192  e2 0.35  nF 18.1  pS 0.36  ptS 0.35  fLog 0.56  pdΔ -0.1386  pkR 8.18  clip 0.37  kl +0.032
upd  211  steps 6946816  sps 5958  opp rand  loss -0.006  pg -0.0096  v 0.072  ev +0.99  adv_std 0.413  tR +0.43  ent[s/d/p/e] 1.39/1.78/1.25/0.49  emits 2.08  spf 96.3  z0 0.01  garr 130.8  tG 1179  e2 0.36  nF 19.4  pS 0.39  ptS 0.37  fLog 0.54  pdΔ -0.1093  pkR 10.75  clip 0.37  kl +0.031
upd  212  steps 6979584  sps 5961  opp rand  loss +0.001  pg -0.0059  v 0.087  ev +0.98  adv_std 0.454  tR +0.68  ent[s/d/p/e] 1.35/1.65/1.14/0.50  emits 2.01  spf 99.4  z0 0.02  garr 133.4  tG 1183  e2 0.36  nF 17.4  pS 0.37  ptS 0.35  fLog 0.56  pdΔ -0.1274  pkR 11.54  clip 0.37  kl +0.034
upd  213  steps 7012352  sps 5964  opp rand  loss -0.002  pg -0.0083  v 0.087  ev +0.98  adv_std 0.454  tR +0.61  ent[s/d/p/e] 1.39/1.67/1.16/0.49  emits 2.08  spf 102.6  z0 0.01  garr 139.4  tG 1171  e2 0.36  nF 18.6  pS 0.38  ptS 0.36  fLog 0.57  pdΔ -0.1215  pkR 7.98  clip 0.37  kl +0.034
upd  214  steps 7045120  sps 5966  opp frzn  loss +0.003  pg -0.0058  v 0.092  ev +0.98  adv_std 0.475  tR +0.47  ent[s/d/p/e] 1.28/1.54/1.05/0.50  emits 2.06  spf 120.0  z0 0.01  garr 165.2  tG 1282  e2 0.36  nF 16.9  pS 0.36  ptS 0.35  fLog 0.59  pdΔ -0.1364  pkR 8.49  clip 0.36  kl +0.033
upd  215  steps 7077888  sps 5967  opp frzn  loss +0.002  pg -0.0079  v 0.098  ev +0.98  adv_std 0.476  tR +0.08  ent[s/d/p/e] 1.17/1.52/1.08/0.49  emits 2.03  spf 126.7  z0 0.02  garr 164.3  tG 1233  e2 0.36  nF 16.5  pS 0.34  ptS 0.32  fLog 0.58  pdΔ -0.1587  pkR 8.50  clip 0.35  kl +0.031
upd  216  steps 7110656  sps 5970  opp rand  loss -0.000  pg -0.0080  v 0.088  ev +0.98  adv_std 0.453  tR +0.61  ent[s/d/p/e] 1.27/1.60/1.08/0.50  emits 1.98  spf 105.0  z0 0.01  garr 141.8  tG 1134  e2 0.35  nF 18.0  pS 0.35  ptS 0.34  fLog 0.56  pdΔ -0.1460  pkR 7.28  clip 0.34  kl +0.030
upd  217  steps 7143424  sps 5971  opp frzn  loss -0.001  pg -0.0081  v 0.087  ev +0.99  adv_std 0.449  tR +0.36  ent[s/d/p/e] 1.31/1.46/1.00/0.50  emits 2.02  spf 122.9  z0 0.01  garr 150.0  tG 1338  e2 0.35  nF 16.2  pS 0.38  ptS 0.36  fLog 0.61  pdΔ -0.1239  pkR 7.97  clip 0.35  kl +0.031
upd  218  steps 7176192  sps 5974  opp rand  loss -0.002  pg -0.0086  v 0.084  ev +0.98  adv_std 0.442  tR +0.47  ent[s/d/p/e] 1.36/1.60/1.14/0.50  emits 1.98  spf 96.3  z0 0.01  garr 130.4  tG 1115  e2 0.34  nF 18.9  pS 0.37  ptS 0.35  fLog 0.56  pdΔ -0.1339  pkR 7.47  clip 0.36  kl +0.034
upd  219  steps 7208960  sps 5977  opp rand  loss -0.002  pg -0.0079  v 0.082  ev +0.99  adv_std 0.446  tR +0.59  ent[s/d/p/e] 1.32/1.59/1.09/0.49  emits 1.94  spf 106.6  z0 0.01  garr 141.3  tG 1115  e2 0.33  nF 18.1  pS 0.36  ptS 0.34  fLog 0.56  pdΔ -0.1390  pkR 9.93  clip 0.36  kl +0.035
upd  220  steps 7241728  sps 5980  opp rand  loss -0.001  pg -0.0072  v 0.083  ev +0.99  adv_std 0.445  tR +0.62  ent[s/d/p/e] 1.30/1.52/1.04/0.50  emits 2.10  spf 132.3  z0 0.01  garr 172.6  tG 1331  e2 0.38  nF 18.0  pS 0.38  ptS 0.36  fLog 0.59  pdΔ -0.1228  pkR 11.49  clip 0.37  kl +0.040
upd  221  steps 7274496  sps 5981  opp frzn  loss -0.000  pg -0.0083  v 0.091  ev +0.98  adv_std 0.464  tR +0.64  ent[s/d/p/e] 1.27/1.61/1.15/0.47  emits 2.18  spf 109.8  z0 0.02  garr 155.5  tG 1195  e2 0.39  nF 19.8  pS 0.35  ptS 0.33  fLog 0.56  pdΔ -0.1498  pkR 8.14  clip 0.37  kl +0.036
upd  222  steps 7307264  sps 5984  opp rand  loss -0.001  pg -0.0087  v 0.089  ev +0.98  adv_std 0.456  tR +0.47  ent[s/d/p/e] 1.28/1.47/1.03/0.50  emits 1.99  spf 114.7  z0 0.02  garr 157.4  tG 1141  e2 0.35  nF 16.5  pS 0.35  ptS 0.34  fLog 0.59  pdΔ -0.1454  pkR 6.81  clip 0.35  kl +0.033
upd  223  steps 7340032  sps 5985  opp frzn  loss -0.002  pg -0.0094  v 0.090  ev +0.98  adv_std 0.459  tR +0.56  ent[s/d/p/e] 1.29/1.57/1.11/0.48  emits 2.11  spf 107.8  z0 0.01  garr 157.4  tG 1113  e2 0.37  nF 18.0  pS 0.35  ptS 0.34  fLog 0.56  pdΔ -0.1489  pkR 7.20  clip 0.37  kl +0.037
upd  224  steps 7372800  sps 5988  opp rand  loss -0.000  pg -0.0085  v 0.091  ev +0.98  adv_std 0.464  tR +0.50  ent[s/d/p/e] 1.35/1.56/1.06/0.49  emits 2.04  spf 112.7  z0 0.01  garr 156.0  tG 1194  e2 0.36  nF 18.0  pS 0.37  ptS 0.35  fLog 0.58  pdΔ -0.1304  pkR 6.87  clip 0.35  kl +0.033
upd  225  steps 7405568  sps 5991  opp rand  loss +0.000  pg -0.0074  v 0.088  ev +0.98  adv_std 0.458  tR +0.73  ent[s/d/p/e] 1.34/1.56/1.07/0.48  emits 2.13  spf 107.0  z0 0.01  garr 160.2  tG 1136  e2 0.37  nF 18.1  pS 0.37  ptS 0.34  fLog 0.57  pdΔ -0.1329  pkR 6.64  clip 0.37  kl +0.037
upd  226  steps 7438336  sps 5993  opp rand  loss -0.002  pg -0.0097  v 0.090  ev +0.98  adv_std 0.453  tR +0.75  ent[s/d/p/e] 1.42/1.59/1.06/0.49  emits 2.15  spf 112.2  z0 0.01  garr 169.8  tG 1219  e2 0.38  nF 18.0  pS 0.39  ptS 0.37  fLog 0.58  pdΔ -0.1067  pkR 6.60  clip 0.35  kl +0.031
upd  227  steps 7471104  sps 5994  opp frzn  loss -0.001  pg -0.0091  v 0.094  ev +0.98  adv_std 0.471  tR +0.66  ent[s/d/p/e] 1.38/1.57/1.05/0.48  emits 2.22  spf 101.2  z0 0.01  garr 146.9  tG 1139  e2 0.39  nF 18.4  pS 0.38  ptS 0.36  fLog 0.57  pdΔ -0.1202  pkR 8.63  clip 0.37  kl +0.032
upd  228  steps 7503872  sps 5996  opp frzn  loss +0.001  pg -0.0066  v 0.085  ev +0.99  adv_std 0.451  tR +0.49  ent[s/d/p/e] 1.28/1.46/1.01/0.47  emits 2.07  spf 116.9  z0 0.02  garr 160.8  tG 1260  e2 0.36  nF 17.4  pS 0.36  ptS 0.34  fLog 0.59  pdΔ -0.1411  pkR 9.27  clip 0.36  kl +0.033
upd  229  steps 7536640  sps 5998  opp rand  loss -0.004  pg -0.0098  v 0.083  ev +0.98  adv_std 0.438  tR +0.63  ent[s/d/p/e] 1.37/1.61/1.11/0.49  emits 2.09  spf 96.7  z0 0.02  garr 143.2  tG 1065  e2 0.36  nF 19.2  pS 0.36  ptS 0.34  fLog 0.56  pdΔ -0.1439  pkR 6.30  clip 0.36  kl +0.034
upd  230  steps 7569408  sps 6000  opp frzn  loss +0.003  pg -0.0065  v 0.097  ev +0.98  adv_std 0.474  tR +0.56  ent[s/d/p/e] 1.21/1.44/0.99/0.50  emits 2.00  spf 131.4  z0 0.01  garr 188.0  tG 1224  e2 0.36  nF 16.3  pS 0.32  ptS 0.30  fLog 0.59  pdΔ -0.1797  pkR 7.14  clip 0.35  kl +0.035
upd  231  steps 7602176  sps 6002  opp rand  loss -0.001  pg -0.0091  v 0.093  ev +0.98  adv_std 0.466  tR +0.57  ent[s/d/p/e] 1.37/1.51/1.05/0.48  emits 2.16  spf 120.9  z0 0.01  garr 173.7  tG 1231  e2 0.38  nF 17.4  pS 0.36  ptS 0.34  fLog 0.60  pdΔ -0.1388  pkR 6.86  clip 0.34  kl +0.030
upd  232  steps 7634944  sps 6003  opp frzn  loss +0.001  pg -0.0082  v 0.094  ev +0.99  adv_std 0.468  tR +0.43  ent[s/d/p/e] 1.32/1.35/0.95/0.49  emits 2.06  spf 133.3  z0 0.01  garr 179.5  tG 1294  e2 0.36  nF 16.1  pS 0.36  ptS 0.34  fLog 0.62  pdΔ -0.1422  pkR 9.99  clip 0.35  kl +0.031
upd  233  steps 7667712  sps 6004  opp frzn  loss +0.003  pg -0.0063  v 0.100  ev +0.98  adv_std 0.475  tR +0.57  ent[s/d/p/e] 1.45/1.51/1.10/0.47  emits 2.25  spf 113.9  z0 0.01  garr 155.1  tG 1235  e2 0.40  nF 17.7  pS 0.40  ptS 0.38  fLog 0.59  pdΔ -0.1023  pkR 11.30  clip 0.36  kl +0.033
upd  234  steps 7700480  sps 6007  opp rand  loss +0.001  pg -0.0081  v 0.095  ev +0.99  adv_std 0.474  tR +0.56  ent[s/d/p/e] 1.36/1.48/1.03/0.48  emits 2.17  spf 109.0  z0 0.02  garr 164.4  tG 1210  e2 0.38  nF 17.6  pS 0.37  ptS 0.35  fLog 0.59  pdΔ -0.1321  pkR 6.69  clip 0.36  kl +0.037
upd  235  steps 7733248  sps 6009  opp rand  loss +0.001  pg -0.0080  v 0.095  ev +0.99  adv_std 0.477  tR +0.51  ent[s/d/p/e] 1.38/1.47/1.04/0.47  emits 2.16  spf 132.4  z0 0.01  garr 175.1  tG 1331  e2 0.37  nF 17.2  pS 0.37  ptS 0.35  fLog 0.60  pdΔ -0.1286  pkR 8.20  clip 0.36  kl +0.031
upd  236  steps 7766016  sps 6011  opp frzn  loss +0.000  pg -0.0084  v 0.093  ev +0.98  adv_std 0.469  tR +0.60  ent[s/d/p/e] 1.32/1.48/1.07/0.48  emits 2.16  spf 127.1  z0 0.01  garr 171.1  tG 1362  e2 0.39  nF 18.6  pS 0.39  ptS 0.37  fLog 0.58  pdΔ -0.1150  pkR 9.03  clip 0.38  kl +0.038
upd  237  steps 7798784  sps 6013  opp rand  loss +0.003  pg -0.0075  v 0.104  ev +0.98  adv_std 0.487  tR +0.60  ent[s/d/p/e] 1.36/1.48/1.07/0.48  emits 2.15  spf 108.0  z0 0.02  garr 150.8  tG 1201  e2 0.38  nF 17.0  pS 0.37  ptS 0.35  fLog 0.59  pdΔ -0.1264  pkR 9.46  clip 0.36  kl +0.035
upd  238  steps 7831552  sps 6016  opp rand  loss -0.001  pg -0.0099  v 0.094  ev +0.99  adv_std 0.465  tR +0.65  ent[s/d/p/e] 1.35/1.48/1.02/0.49  emits 2.24  spf 130.1  z0 0.01  garr 167.8  tG 1301  e2 0.40  nF 17.7  pS 0.37  ptS 0.35  fLog 0.60  pdΔ -0.1323  pkR 5.92  clip 0.36  kl +0.035
upd  239  steps 7864320  sps 6018  opp rand  loss -0.000  pg -0.0075  v 0.090  ev +0.99  adv_std 0.454  tR +0.69  ent[s/d/p/e] 1.44/1.62/1.11/0.48  emits 2.18  spf 104.1  z0 0.01  garr 136.1  tG 1214  e2 0.38  nF 19.5  pS 0.38  ptS 0.37  fLog 0.56  pdΔ -0.1157  pkR 10.76  clip 0.37  kl +0.035
upd  240  steps 7897088  sps 6020  opp rand  loss +0.000  pg -0.0099  v 0.102  ev +0.98  adv_std 0.488  tR +0.73  ent[s/d/p/e] 1.43/1.51/1.07/0.49  emits 2.25  spf 108.9  z0 0.01  garr 163.4  tG 1267  e2 0.41  nF 17.7  pS 0.40  ptS 0.37  fLog 0.59  pdΔ -0.0980  pkR 7.72  clip 0.36  kl +0.033
upd  241  steps 7929856  sps 6021  opp frzn  loss +0.004  pg -0.0064  v 0.099  ev +0.98  adv_std 0.474  tR +0.59  ent[s/d/p/e] 1.27/1.42/1.04/0.49  emits 2.23  spf 118.7  z0 0.01  garr 160.6  tG 1163  e2 0.40  nF 17.6  pS 0.36  ptS 0.34  fLog 0.59  pdΔ -0.1445  pkR 7.20  clip 0.35  kl +0.034
upd  242  steps 7962624  sps 6022  opp frzn  loss +0.000  pg -0.0091  v 0.097  ev +0.99  adv_std 0.476  tR +0.44  ent[s/d/p/e] 1.27/1.49/1.06/0.48  emits 2.06  spf 111.2  z0 0.02  garr 144.2  tG 1134  e2 0.36  nF 17.4  pS 0.35  ptS 0.33  fLog 0.57  pdΔ -0.1527  pkR 9.97  clip 0.36  kl +0.037
upd  243  steps 7995392  sps 6025  opp rand  loss +0.001  pg -0.0092  v 0.104  ev +0.99  adv_std 0.489  tR +0.66  ent[s/d/p/e] 1.39/1.50/1.07/0.49  emits 2.28  spf 122.1  z0 0.01  garr 171.0  tG 1373  e2 0.41  nF 18.2  pS 0.39  ptS 0.37  fLog 0.59  pdΔ -0.1114  pkR 9.40  clip 0.36  kl +0.033
upd  244  steps 8028160  sps 6027  opp rand  loss +0.003  pg -0.0078  v 0.107  ev +0.98  adv_std 0.501  tR +0.63  ent[s/d/p/e] 1.40/1.53/1.07/0.47  emits 2.24  spf 124.1  z0 0.01  garr 155.1  tG 1327  e2 0.40  nF 18.4  pS 0.38  ptS 0.36  fLog 0.58  pdΔ -0.1217  pkR 10.37  clip 0.37  kl +0.034
upd  245  steps 8060928  sps 6028  opp frzn  loss +0.003  pg -0.0075  v 0.100  ev +0.99  adv_std 0.480  tR +0.50  ent[s/d/p/e] 1.32/1.43/1.03/0.49  emits 2.15  spf 115.4  z0 0.02  garr 156.2  tG 1232  e2 0.39  nF 15.7  pS 0.36  ptS 0.34  fLog 0.59  pdΔ -0.1431  pkR 9.45  clip 0.38  kl +0.036
upd  246  steps 8093696  sps 6029  opp frzn  loss +0.002  pg -0.0071  v 0.094  ev +0.99  adv_std 0.469  tR +0.44  ent[s/d/p/e] 1.17/1.37/1.00/0.49  emits 2.06  spf 142.8  z0 0.01  garr 177.0  tG 1297  e2 0.37  nF 15.2  pS 0.32  ptS 0.31  fLog 0.60  pdΔ -0.1775  pkR 11.40  clip 0.37  kl +0.035
upd  247  steps 8126464  sps 6030  opp frzn  loss +0.002  pg -0.0072  v 0.094  ev +0.99  adv_std 0.464  tR +0.49  ent[s/d/p/e] 1.29/1.40/1.01/0.50  emits 2.09  spf 117.6  z0 0.01  garr 157.7  tG 1222  e2 0.38  nF 15.4  pS 0.36  ptS 0.34  fLog 0.59  pdΔ -0.1426  pkR 7.65  clip 0.36  kl +0.035
upd  248  steps 8159232  sps 6031  opp frzn  loss +0.001  pg -0.0082  v 0.091  ev +0.99  adv_std 0.467  tR +0.44  ent[s/d/p/e] 1.18/1.42/1.06/0.48  emits 2.06  spf 128.3  z0 0.02  garr 169.1  tG 1203  e2 0.37  nF 16.8  pS 0.32  ptS 0.30  fLog 0.57  pdΔ -0.1839  pkR 7.33  clip 0.36  kl +0.035
upd  249  steps 8192000  sps 6034  opp rand  loss -0.001  pg -0.0092  v 0.090  ev +0.99  adv_std 0.455  tR +0.60  ent[s/d/p/e] 1.21/1.38/0.99/0.49  emits 2.08  spf 139.6  z0 0.02  garr 173.4  tG 1316  e2 0.38  nF 15.8  pS 0.34  ptS 0.32  fLog 0.59  pdΔ -0.1598  pkR 9.02  clip 0.34  kl +0.031 WRr 0.97 WRf 0.84
upd  250  steps 8224768  sps 5991  opp rand  loss +0.003  pg -0.0072  v 0.104  ev +0.98  adv_std 0.487  tR +0.64  ent[s/d/p/e] 1.39/1.49/1.04/0.48  emits 2.25  spf 134.5  z0 0.01  garr 176.4  tG 1480  e2 0.40  nF 17.1  pS 0.39  ptS 0.38  fLog 0.60  pdΔ -0.1084  pkR 10.70  clip 0.37  kl +0.036
upd  251  steps 8257536  sps 5992  opp frzn  loss +0.000  pg -0.0086  v 0.092  ev +0.99  adv_std 0.465  tR +0.56  ent[s/d/p/e] 1.29/1.36/0.99/0.48  emits 2.12  spf 128.8  z0 0.01  garr 173.4  tG 1444  e2 0.38  nF 16.2  pS 0.37  ptS 0.35  fLog 0.61  pdΔ -0.1295  pkR 9.00  clip 0.36  kl +0.035
upd  252  steps 8290304  sps 5994  opp rand  loss -0.002  pg -0.0099  v 0.089  ev +0.98  adv_std 0.456  tR +0.54  ent[s/d/p/e] 1.24/1.43/1.06/0.49  emits 2.07  spf 122.9  z0 0.01  garr 163.8  tG 1344  e2 0.38  nF 15.9  pS 0.36  ptS 0.34  fLog 0.58  pdΔ -0.1439  pkR 11.29  clip 0.35  kl +0.031
upd  253  steps 8323072  sps 5996  opp rand  loss -0.001  pg -0.0098  v 0.092  ev +0.99  adv_std 0.463  tR +0.38  ent[s/d/p/e] 1.28/1.30/0.94/0.48  emits 2.03  spf 140.2  z0 0.01  garr 179.6  tG 1419  e2 0.36  nF 14.6  pS 0.36  ptS 0.34  fLog 0.62  pdΔ -0.1381  pkR 7.71  clip 0.34  kl +0.032
upd  254  steps 8355840  sps 5999  opp rand  loss +0.003  pg -0.0059  v 0.093  ev +0.98  adv_std 0.463  tR +0.75  ent[s/d/p/e] 1.26/1.37/1.02/0.47  emits 2.19  spf 139.3  z0 0.00  garr 182.1  tG 1364  e2 0.38  nF 15.6  pS 0.36  ptS 0.34  fLog 0.60  pdΔ -0.1442  pkR 8.02  clip 0.36  kl +0.035
upd  255  steps 8388608  sps 6000  opp frzn  loss +0.003  pg -0.0075  v 0.097  ev +0.99  adv_std 0.476  tR +0.49  ent[s/d/p/e] 1.24/1.28/0.95/0.48  emits 2.09  spf 134.4  z0 0.01  garr 178.1  tG 1396  e2 0.37  nF 15.0  pS 0.36  ptS 0.35  fLog 0.61  pdΔ -0.1386  pkR 7.72  clip 0.36  kl +0.038
upd  256  steps 8421376  sps 6001  opp frzn  loss +0.002  pg -0.0086  v 0.100  ev +0.99  adv_std 0.484  tR +0.32  ent[s/d/p/e] 1.21/1.16/0.91/0.48  emits 2.14  spf 154.0  z0 0.02  garr 203.1  tG 1505  e2 0.39  nF 13.8  pS 0.34  ptS 0.32  fLog 0.65  pdΔ -0.1572  pkR 8.44  clip 0.35  kl +0.033
upd  257  steps 8454144  sps 6002  opp frzn  loss +0.004  pg -0.0091  v 0.112  ev +0.98  adv_std 0.514  tR +0.42  ent[s/d/p/e] 1.16/1.26/0.98/0.49  emits 2.21  spf 154.0  z0 0.01  garr 214.6  tG 1369  e2 0.41  nF 15.2  pS 0.33  ptS 0.31  fLog 0.63  pdΔ -0.1737  pkR 6.73  clip 0.35  kl +0.036
upd  258  steps 8486912  sps 6003  opp frzn  loss +0.003  pg -0.0075  v 0.097  ev +0.99  adv_std 0.475  tR +0.28  ent[s/d/p/e] 1.12/1.22/0.97/0.48  emits 2.18  spf 155.4  z0 0.02  garr 206.1  tG 1390  e2 0.40  nF 15.4  pS 0.31  ptS 0.29  fLog 0.64  pdΔ -0.1949  pkR 7.60  clip 0.34  kl +0.032
upd  259  steps 8519680  sps 6004  opp frzn  loss +0.004  pg -0.0051  v 0.094  ev +0.99  adv_std 0.467  tR +0.11  ent[s/d/p/e] 1.21/1.33/1.03/0.48  emits 2.14  spf 127.2  z0 0.02  garr 174.2  tG 1284  e2 0.39  nF 17.7  pS 0.32  ptS 0.31  fLog 0.60  pdΔ -0.1751  pkR 7.63  clip 0.36  kl +0.037
upd  260  steps 8552448  sps 6006  opp rand  loss +0.001  pg -0.0079  v 0.094  ev +0.99  adv_std 0.471  tR +0.36  ent[s/d/p/e] 1.26/1.48/1.08/0.48  emits 2.25  spf 107.7  z0 0.01  garr 162.6  tG 1254  e2 0.42  nF 18.5  pS 0.35  ptS 0.33  fLog 0.57  pdΔ -0.1532  pkR 8.24  clip 0.37  kl +0.038
upd  261  steps 8585216  sps 6009  opp rand  loss +0.004  pg -0.0079  v 0.110  ev +0.99  adv_std 0.503  tR +0.56  ent[s/d/p/e] 1.36/1.46/1.08/0.45  emits 2.42  spf 137.7  z0 0.01  garr 180.1  tG 1376  e2 0.43  nF 19.0  pS 0.36  ptS 0.35  fLog 0.59  pdΔ -0.1362  pkR 6.55  clip 0.36  kl +0.035
upd  262  steps 8617984  sps 6011  opp rand  loss +0.003  pg -0.0098  v 0.113  ev +0.98  adv_std 0.511  tR +0.71  ent[s/d/p/e] 1.29/1.46/1.06/0.46  emits 2.35  spf 109.6  z0 0.01  garr 161.9  tG 1175  e2 0.42  nF 18.6  pS 0.35  ptS 0.33  fLog 0.57  pdΔ -0.1531  pkR 7.09  clip 0.38  kl +0.038
upd  263  steps 8650752  sps 6012  opp frzn  loss +0.002  pg -0.0086  v 0.099  ev +0.99  adv_std 0.479  tR +0.52  ent[s/d/p/e] 1.19/1.33/1.06/0.47  emits 2.28  spf 126.0  z0 0.02  garr 174.9  tG 1198  e2 0.41  nF 17.9  pS 0.33  ptS 0.31  fLog 0.59  pdΔ -0.1706  pkR 6.98  clip 0.36  kl +0.034
upd  264  steps 8683520  sps 6013  opp frzn  loss +0.002  pg -0.0070  v 0.089  ev +0.99  adv_std 0.457  tR +0.25  ent[s/d/p/e] 1.19/1.30/1.02/0.48  emits 2.25  spf 135.3  z0 0.02  garr 183.0  tG 1360  e2 0.42  nF 17.7  pS 0.33  ptS 0.32  fLog 0.60  pdΔ -0.1698  pkR 7.50  clip 0.37  kl +0.035
upd  265  steps 8716288  sps 6015  opp rand  loss +0.005  pg -0.0078  v 0.113  ev +0.99  adv_std 0.509  tR +0.51  ent[s/d/p/e] 1.33/1.41/1.09/0.44  emits 2.37  spf 124.7  z0 0.02  garr 159.5  tG 1363  e2 0.41  nF 18.4  pS 0.36  ptS 0.35  fLog 0.59  pdΔ -0.1369  pkR 10.78  clip 0.36  kl +0.032
upd  266  steps 8749056  sps 6016  opp frzn  loss +0.007  pg -0.0063  v 0.114  ev +0.99  adv_std 0.513  tR +0.55  ent[s/d/p/e] 1.22/1.25/1.01/0.48  emits 2.32  spf 135.4  z0 0.01  garr 190.5  tG 1374  e2 0.43  nF 17.0  pS 0.35  ptS 0.33  fLog 0.61  pdΔ -0.1469  pkR 6.51  clip 0.35  kl +0.032
upd  267  steps 8781824  sps 6017  opp frzn  loss +0.009  pg -0.0063  v 0.124  ev +0.98  adv_std 0.537  tR +0.49  ent[s/d/p/e] 1.22/1.36/1.11/0.47  emits 2.33  spf 134.1  z0 0.01  garr 182.4  tG 1266  e2 0.42  nF 19.5  pS 0.34  ptS 0.32  fLog 0.58  pdΔ -0.1590  pkR 8.96  clip 0.38  kl +0.035
upd  268  steps 8814592  sps 6019  opp rand  loss +0.002  pg -0.0090  v 0.103  ev +0.99  adv_std 0.485  tR +0.52  ent[s/d/p/e] 1.25/1.37/1.07/0.48  emits 2.33  spf 121.5  z0 0.02  garr 169.0  tG 1238  e2 0.44  nF 18.2  pS 0.35  ptS 0.33  fLog 0.58  pdΔ -0.1489  pkR 7.82  clip 0.36  kl +0.034
upd  269  steps 8847360  sps 6020  opp frzn  loss +0.005  pg -0.0082  v 0.115  ev +0.98  adv_std 0.518  tR +0.69  ent[s/d/p/e] 1.35/1.39/1.10/0.45  emits 2.43  spf 122.5  z0 0.01  garr 160.0  tG 1309  e2 0.44  nF 19.2  pS 0.37  ptS 0.35  fLog 0.58  pdΔ -0.1291  pkR 7.86  clip 0.37  kl +0.035
upd  270  steps 8880128  sps 6021  opp frzn  loss +0.006  pg -0.0068  v 0.114  ev +0.99  adv_std 0.514  tR +0.42  ent[s/d/p/e] 1.24/1.30/1.05/0.49  emits 2.34  spf 115.3  z0 0.01  garr 165.7  tG 1335  e2 0.44  nF 17.3  pS 0.35  ptS 0.34  fLog 0.59  pdΔ -0.1463  pkR 8.92  clip 0.36  kl +0.035
upd  271  steps 8912896  sps 6022  opp frzn  loss +0.005  pg -0.0086  v 0.117  ev +0.98  adv_std 0.521  tR +0.33  ent[s/d/p/e] 1.22/1.35/1.13/0.46  emits 2.45  spf 126.6  z0 0.02  garr 169.9  tG 1268  e2 0.45  nF 18.4  pS 0.34  ptS 0.32  fLog 0.59  pdΔ -0.1599  pkR 8.47  clip 0.37  kl +0.035
upd  272  steps 8945664  sps 6024  opp rand  loss +0.004  pg -0.0081  v 0.114  ev +0.99  adv_std 0.517  tR +0.32  ent[s/d/p/e] 1.29/1.51/1.16/0.47  emits 2.42  spf 101.2  z0 0.02  garr 143.6  tG 1266  e2 0.46  nF 20.0  pS 0.37  ptS 0.35  fLog 0.56  pdΔ -0.1319  pkR 8.52  clip 0.37  kl +0.034
upd  273  steps 8978432  sps 6025  opp frzn  loss +0.008  pg -0.0065  v 0.124  ev +0.99  adv_std 0.535  tR +0.43  ent[s/d/p/e] 1.28/1.41/1.14/0.44  emits 2.54  spf 123.2  z0 0.03  garr 157.2  tG 1366  e2 0.47  nF 18.8  pS 0.36  ptS 0.34  fLog 0.58  pdΔ -0.1418  pkR 8.75  clip 0.37  kl +0.035
upd  274  steps 9011200  sps 6026  opp frzn  loss +0.009  pg -0.0084  v 0.137  ev +0.99  adv_std 0.558  tR +0.15  ent[s/d/p/e] 1.21/1.28/1.06/0.46  emits 2.45  spf 141.6  z0 0.02  garr 182.5  tG 1395  e2 0.45  nF 17.9  pS 0.34  ptS 0.32  fLog 0.62  pdΔ -0.1607  pkR 6.91  clip 0.34  kl +0.029
upd  275  steps 9043968  sps 6028  opp rand  loss +0.009  pg -0.0060  v 0.125  ev +0.99  adv_std 0.539  tR +0.60  ent[s/d/p/e] 1.41/1.40/1.15/0.45  emits 2.58  spf 116.1  z0 0.00  garr 160.6  tG 1324  e2 0.47  nF 19.6  pS 0.39  ptS 0.37  fLog 0.59  pdΔ -0.1104  pkR 7.10  clip 0.39  kl +0.041
upd  276  steps 9076736  sps 6030  opp rand  loss +0.009  pg -0.0072  v 0.129  ev +0.99  adv_std 0.544  tR +0.85  ent[s/d/p/e] 1.35/1.32/1.03/0.46  emits 2.70  spf 147.8  z0 0.00  garr 201.7  tG 1620  e2 0.51  nF 18.0  pS 0.40  ptS 0.38  fLog 0.62  pdΔ -0.1029  pkR 8.31  clip 0.37  kl +0.034
upd  277  steps 9109504  sps 6032  opp rand  loss +0.014  pg -0.0070  v 0.152  ev +0.99  adv_std 0.590  tR +0.73  ent[s/d/p/e] 1.28/1.26/1.03/0.43  emits 2.86  spf 146.9  z0 0.01  garr 203.6  tG 1520  e2 0.52  nF 17.9  pS 0.38  ptS 0.36  fLog 0.63  pdΔ -0.1182  pkR 7.65  clip 0.36  kl +0.038
upd  278  steps 9142272  sps 6033  opp frzn  loss +0.016  pg -0.0065  v 0.156  ev +0.99  adv_std 0.597  tR +0.66  ent[s/d/p/e] 1.22/1.12/0.94/0.44  emits 2.75  spf 177.2  z0 0.02  garr 225.0  tG 1619  e2 0.51  nF 16.9  pS 0.37  ptS 0.35  fLog 0.66  pdΔ -0.1317  pkR 8.02  clip 0.34  kl +0.036
upd  279  steps 9175040  sps 6035  opp rand  loss +0.010  pg -0.0080  v 0.140  ev +0.99  adv_std 0.568  tR +0.56  ent[s/d/p/e] 1.23/1.35/1.08/0.45  emits 2.65  spf 135.1  z0 0.01  garr 180.8  tG 1342  e2 0.49  nF 18.3  pS 0.35  ptS 0.33  fLog 0.60  pdΔ -0.1519  pkR 6.30  clip 0.37  kl +0.039
upd  280  steps 9207808  sps 6037  opp rand  loss +0.010  pg -0.0072  v 0.134  ev +0.99  adv_std 0.553  tR +0.61  ent[s/d/p/e] 1.20/1.29/1.04/0.45  emits 2.63  spf 156.8  z0 0.01  garr 206.5  tG 1349  e2 0.49  nF 18.4  pS 0.34  ptS 0.32  fLog 0.61  pdΔ -0.1642  pkR 8.16  clip 0.37  kl +0.037
upd  281  steps 9240576  sps 6039  opp rand  loss +0.011  pg -0.0064  v 0.135  ev +0.99  adv_std 0.560  tR +0.68  ent[s/d/p/e] 1.22/1.31/1.02/0.46  emits 2.66  spf 136.5  z0 0.00  garr 183.2  tG 1310  e2 0.50  nF 18.9  pS 0.35  ptS 0.33  fLog 0.60  pdΔ -0.1512  pkR 7.89  clip 0.37  kl +0.037
upd  282  steps 9273344  sps 6041  opp rand  loss +0.014  pg -0.0069  v 0.154  ev +0.99  adv_std 0.594  tR +0.75  ent[s/d/p/e] 1.33/1.32/1.07/0.43  emits 2.74  spf 157.2  z0 0.00  garr 192.5  tG 1557  e2 0.50  nF 20.0  pS 0.39  ptS 0.37  fLog 0.61  pdΔ -0.1093  pkR 8.43  clip 0.38  kl +0.038
upd  283  steps 9306112  sps 6043  opp rand  loss +0.008  pg -0.0076  v 0.131  ev +0.99  adv_std 0.550  tR +0.52  ent[s/d/p/e] 1.29/1.40/1.14/0.46  emits 2.45  spf 117.1  z0 0.01  garr 149.7  tG 1213  e2 0.44  nF 20.5  pS 0.36  ptS 0.34  fLog 0.58  pdΔ -0.1374  pkR 10.77  clip 0.38  kl +0.038
upd  284  steps 9338880  sps 6044  opp frzn  loss +0.011  pg -0.0076  v 0.142  ev +0.99  adv_std 0.573  tR +0.61  ent[s/d/p/e] 1.33/1.23/1.02/0.46  emits 2.77  spf 153.9  z0 0.01  garr 199.0  tG 1539  e2 0.52  nF 19.6  pS 0.40  ptS 0.38  fLog 0.64  pdΔ -0.1020  pkR 6.62  clip 0.39  kl +0.043
upd  285  steps 9371648  sps 6046  opp rand  loss +0.012  pg -0.0081  v 0.150  ev +0.99  adv_std 0.578  tR +0.55  ent[s/d/p/e] 1.20/1.29/1.07/0.45  emits 2.66  spf 153.1  z0 0.01  garr 196.1  tG 1359  e2 0.51  nF 19.2  pS 0.34  ptS 0.32  fLog 0.61  pdΔ -0.1570  pkR 10.50  clip 0.36  kl +0.035
upd  286  steps 9404416  sps 6048  opp rand  loss +0.013  pg -0.0090  v 0.157  ev +0.98  adv_std 0.600  tR +0.51  ent[s/d/p/e] 1.31/1.31/1.10/0.44  emits 2.78  spf 148.1  z0 0.00  garr 191.6  tG 1422  e2 0.51  nF 21.0  pS 0.38  ptS 0.36  fLog 0.62  pdΔ -0.1170  pkR 9.21  clip 0.38  kl +0.036
upd  287  steps 9437184  sps 6049  opp frzn  loss +0.013  pg -0.0054  v 0.137  ev +0.99  adv_std 0.571  tR +0.37  ent[s/d/p/e] 1.19/1.32/1.07/0.45  emits 2.58  spf 130.1  z0 0.01  garr 166.9  tG 1211  e2 0.47  nF 20.4  pS 0.34  ptS 0.32  fLog 0.59  pdΔ -0.1646  pkR 10.98  clip 0.39  kl +0.045
upd  288  steps 9469952  sps 6051  opp rand  loss +0.017  pg -0.0073  v 0.170  ev +0.99  adv_std 0.623  tR +0.34  ent[s/d/p/e] 1.25/1.23/1.03/0.44  emits 2.85  spf 157.7  z0 0.01  garr 198.6  tG 1374  e2 0.52  nF 19.3  pS 0.35  ptS 0.33  fLog 0.63  pdΔ -0.1511  pkR 7.63  clip 0.37  kl +0.037
upd  289  steps 9502720  sps 6051  opp frzn  loss +0.015  pg -0.0075  v 0.158  ev +0.99  adv_std 0.597  tR +0.30  ent[s/d/p/e] 1.13/1.10/0.93/0.45  emits 2.60  spf 175.0  z0 0.01  garr 204.3  tG 1306  e2 0.48  nF 18.0  pS 0.32  ptS 0.30  fLog 0.65  pdΔ -0.1818  pkR 8.68  clip 0.35  kl +0.034
upd  290  steps 9535488  sps 6052  opp frzn  loss +0.020  pg -0.0074  v 0.179  ev +0.99  adv_std 0.636  tR +0.30  ent[s/d/p/e] 1.19/1.04/0.94/0.43  emits 2.95  spf 182.6  z0 0.01  garr 221.9  tG 1553  e2 0.54  nF 16.6  pS 0.36  ptS 0.33  fLog 0.67  pdΔ -0.1449  pkR 6.69  clip 0.36  kl +0.034
upd  291  steps 9568256  sps 6053  opp frzn  loss +0.016  pg -0.0061  v 0.155  ev +0.99  adv_std 0.598  tR +0.37  ent[s/d/p/e] 1.14/1.18/1.03/0.43  emits 2.76  spf 164.4  z0 0.02  garr 207.0  tG 1351  e2 0.51  nF 18.3  pS 0.32  ptS 0.30  fLog 0.63  pdΔ -0.1752  pkR 9.85  clip 0.37  kl +0.035
upd  292  steps 9601024  sps 6054  opp frzn  loss +0.017  pg -0.0076  v 0.169  ev +0.99  adv_std 0.623  tR +0.42  ent[s/d/p/e] 1.17/1.26/1.13/0.41  emits 2.85  spf 150.0  z0 0.02  garr 188.6  tG 1254  e2 0.51  nF 18.4  pS 0.32  ptS 0.30  fLog 0.61  pdΔ -0.1823  pkR 7.69  clip 0.36  kl +0.035
upd  293  steps 9633792  sps 6056  opp rand  loss +0.017  pg -0.0060  v 0.162  ev +0.99  adv_std 0.608  tR +0.25  ent[s/d/p/e] 1.13/1.27/1.03/0.44  emits 2.79  spf 131.2  z0 0.02  garr 173.7  tG 1136  e2 0.52  nF 19.5  pS 0.32  ptS 0.30  fLog 0.59  pdΔ -0.1813  pkR 6.99  clip 0.37  kl +0.039
upd  294  steps 9666560  sps 6056  opp frzn  loss +0.017  pg -0.0078  v 0.167  ev +0.99  adv_std 0.618  tR +0.56  ent[s/d/p/e] 1.10/1.09/1.01/0.39  emits 3.03  spf 175.7  z0 0.01  garr 218.4  tG 1380  e2 0.55  nF 16.8  pS 0.33  ptS 0.31  fLog 0.64  pdΔ -0.1707  pkR 9.92  clip 0.36  kl +0.035
upd  295  steps 9699328  sps 6057  opp frzn  loss +0.018  pg -0.0078  v 0.173  ev +0.99  adv_std 0.627  tR +0.14  ent[s/d/p/e] 1.14/1.17/1.06/0.43  emits 2.84  spf 153.6  z0 0.02  garr 202.4  tG 1308  e2 0.52  nF 17.2  pS 0.32  ptS 0.30  fLog 0.62  pdΔ -0.1781  pkR 6.67  clip 0.35  kl +0.033
upd  296  steps 9732096  sps 6058  opp frzn  loss +0.019  pg -0.0076  v 0.178  ev +0.99  adv_std 0.636  tR +0.32  ent[s/d/p/e] 1.09/1.17/1.04/0.43  emits 2.78  spf 152.3  z0 0.01  garr 196.1  tG 1224  e2 0.51  nF 17.0  pS 0.31  ptS 0.29  fLog 0.62  pdΔ -0.1887  pkR 11.38  clip 0.37  kl +0.037
upd  297  steps 9764864  sps 6059  opp frzn  loss +0.016  pg -0.0089  v 0.168  ev +0.99  adv_std 0.616  tR +0.33  ent[s/d/p/e] 1.10/1.13/1.00/0.44  emits 2.81  spf 170.4  z0 0.01  garr 203.7  tG 1434  e2 0.53  nF 18.6  pS 0.32  ptS 0.30  fLog 0.63  pdΔ -0.1805  pkR 8.67  clip 0.35  kl +0.033
upd  298  steps 9797632  sps 6061  opp rand  loss +0.014  pg -0.0073  v 0.152  ev +0.99  adv_std 0.584  tR +0.18  ent[s/d/p/e] 1.11/1.20/1.07/0.43  emits 2.55  spf 154.1  z0 0.01  garr 177.1  tG 1160  e2 0.46  nF 20.4  pS 0.30  ptS 0.29  fLog 0.61  pdΔ -0.1952  pkR 8.00  clip 0.35  kl +0.032
upd  299  steps 9830400  sps 6062  opp rand  loss +0.016  pg -0.0075  v 0.165  ev +0.99  adv_std 0.615  tR +0.28  ent[s/d/p/e] 1.21/1.13/0.97/0.44  emits 2.84  spf 168.1  z0 0.02  garr 211.6  tG 1378  e2 0.53  nF 19.6  pS 0.35  ptS 0.33  fLog 0.64  pdΔ -0.1489  pkR 6.26  clip 0.35  kl +0.033 WRr 0.69 WRf 0.78
upd  300  steps 9863168  sps 6024  opp rand  loss +0.018  pg -0.0075  v 0.173  ev +0.99  adv_std 0.623  tR +0.69  ent[s/d/p/e] 1.19/1.18/1.00/0.40  emits 3.14  spf 174.1  z0 0.00  garr 216.8  tG 1517  e2 0.57  nF 20.6  pS 0.34  ptS 0.32  fLog 0.64  pdΔ -0.1601  pkR 7.49  clip 0.36  kl +0.033
upd  301  steps 9895936  sps 6025  opp frzn  loss +0.022  pg -0.0082  v 0.193  ev +0.99  adv_std 0.655  tR +0.45  ent[s/d/p/e] 1.14/1.10/0.97/0.40  emits 3.00  spf 203.3  z0 0.00  garr 243.0  tG 1642  e2 0.54  nF 18.4  pS 0.34  ptS 0.32  fLog 0.66  pdΔ -0.1645  pkR 7.37  clip 0.34  kl +0.031
upd  302  steps 9928704  sps 6027  opp rand  loss +0.022  pg -0.0066  v 0.188  ev +0.99  adv_std 0.652  tR +0.47  ent[s/d/p/e] 1.16/1.14/1.03/0.41  emits 2.90  spf 188.0  z0 0.01  garr 219.9  tG 1433  e2 0.52  nF 17.8  pS 0.34  ptS 0.32  fLog 0.64  pdΔ -0.1601  pkR 8.40  clip 0.37  kl +0.036
upd  303  steps 9961472  sps 6028  opp frzn  loss +0.016  pg -0.0097  v 0.171  ev +0.99  adv_std 0.621  tR +0.25  ent[s/d/p/e] 1.11/1.16/1.02/0.44  emits 2.78  spf 160.6  z0 0.01  garr 204.0  tG 1286  e2 0.53  nF 19.3  pS 0.31  ptS 0.30  fLog 0.62  pdΔ -0.1864  pkR 7.25  clip 0.36  kl +0.034
upd  304  steps 9994240  sps 6029  opp rand  loss +0.020  pg -0.0085  v 0.186  ev +0.99  adv_std 0.641  tR +0.44  ent[s/d/p/e] 1.13/1.12/0.96/0.40  emits 3.03  spf 193.7  z0 0.01  garr 221.4  tG 1524  e2 0.55  nF 18.9  pS 0.34  ptS 0.32  fLog 0.65  pdΔ -0.1644  pkR 8.47  clip 0.36  kl +0.038
upd  305  steps 10027008  sps 6030  opp frzn  loss +0.024  pg -0.0070  v 0.200  ev +0.99  adv_std 0.676  tR +0.41  ent[s/d/p/e] 1.19/1.15/0.99/0.40  emits 2.99  spf 176.3  z0 0.01  garr 221.4  tG 1520  e2 0.54  nF 18.9  pS 0.34  ptS 0.32  fLog 0.64  pdΔ -0.1601  pkR 9.47  clip 0.38  kl +0.041
upd  306  steps 10059776  sps 6031  opp frzn  loss +0.022  pg -0.0051  v 0.179  ev +0.99  adv_std 0.642  tR +0.28  ent[s/d/p/e] 1.12/1.25/1.04/0.45  emits 2.71  spf 170.6  z0 0.01  garr 213.2  tG 1351  e2 0.52  nF 19.7  pS 0.31  ptS 0.30  fLog 0.59  pdΔ -0.1904  pkR 10.37  clip 0.37  kl +0.040
upd  307  steps 10092544  sps 6033  opp rand  loss +0.026  pg -0.0068  v 0.207  ev +0.99  adv_std 0.673  tR +0.56  ent[s/d/p/e] 1.11/1.07/0.94/0.40  emits 3.09  spf 196.5  z0 0.00  garr 221.7  tG 1519  e2 0.56  nF 19.1  pS 0.33  ptS 0.31  fLog 0.65  pdΔ -0.1694  pkR 7.41  clip 0.35  kl +0.036
upd  308  steps 10125312  sps 6035  opp rand  loss +0.024  pg -0.0062  v 0.195  ev +0.99  adv_std 0.661  tR +0.60  ent[s/d/p/e] 1.14/1.20/1.02/0.38  emits 3.36  spf 157.7  z0 0.01  garr 206.9  tG 1436  e2 0.61  nF 22.9  pS 0.34  ptS 0.32  fLog 0.61  pdΔ -0.1590  pkR 8.97  clip 0.37  kl +0.040
upd  309  steps 10158080  sps 6037  opp rand  loss +0.030  pg -0.0080  v 0.232  ev +0.99  adv_std 0.714  tR +0.65  ent[s/d/p/e] 1.18/1.02/0.90/0.37  emits 3.50  spf 201.2  z0 0.01  garr 250.2  tG 1747  e2 0.61  nF 20.3  pS 0.36  ptS 0.35  fLog 0.68  pdΔ -0.1363  pkR 6.93  clip 0.37  kl +0.043
upd  310  steps 10190848  sps 6037  opp frzn  loss +0.021  pg -0.0064  v 0.178  ev +0.99  adv_std 0.636  tR +0.61  ent[s/d/p/e] 1.14/1.08/0.99/0.38  emits 3.25  spf 189.2  z0 0.01  garr 235.4  tG 1526  e2 0.59  nF 20.5  pS 0.34  ptS 0.33  fLog 0.64  pdΔ -0.1566  pkR 8.15  clip 0.37  kl +0.037
upd  311  steps 10223616  sps 6039  opp rand  loss +0.026  pg -0.0064  v 0.207  ev +0.99  adv_std 0.681  tR +0.48  ent[s/d/p/e] 1.15/1.15/0.97/0.38  emits 3.36  spf 182.7  z0 0.01  garr 240.8  tG 1524  e2 0.62  nF 21.3  pS 0.35  ptS 0.34  fLog 0.64  pdΔ -0.1537  pkR 6.73  clip 0.37  kl +0.040
upd  312  steps 10256384  sps 6041  opp rand  loss +0.022  pg -0.0080  v 0.193  ev +0.99  adv_std 0.660  tR +0.49  ent[s/d/p/e] 1.10/1.10/0.97/0.38  emits 3.20  spf 180.8  z0 0.01  garr 224.9  tG 1439  e2 0.57  nF 20.1  pS 0.33  ptS 0.31  fLog 0.64  pdΔ -0.1738  pkR 8.59  clip 0.37  kl +0.038
upd  313  steps 10289152  sps 6042  opp frzn  loss +0.025  pg -0.0085  v 0.207  ev +0.99  adv_std 0.686  tR +0.33  ent[s/d/p/e] 1.06/1.08/0.97/0.39  emits 3.35  spf 175.3  z0 0.01  garr 236.3  tG 1533  e2 0.63  nF 19.8  pS 0.33  ptS 0.31  fLog 0.64  pdΔ -0.1742  pkR 9.24  clip 0.36  kl +0.036
upd  314  steps 10321920  sps 6043  opp frzn  loss +0.018  pg -0.0102  v 0.183  ev +0.99  adv_std 0.648  tR +0.26  ent[s/d/p/e] 0.98/1.26/1.08/0.36  emits 3.16  spf 170.6  z0 0.03  garr 206.9  tG 1182  e2 0.57  nF 22.9  pS 0.27  ptS 0.25  fLog 0.59  pdΔ -0.2341  pkR 8.97  clip 0.36  kl +0.035
upd  315  steps 10354688  sps 6044  opp rand  loss +0.017  pg -0.0068  v 0.159  ev +0.99  adv_std 0.596  tR -0.03  ent[s/d/p/e] 1.02/1.23/0.97/0.39  emits 2.96  spf 163.2  z0 0.03  garr 189.5  tG 1091  e2 0.55  nF 22.3  pS 0.27  ptS 0.26  fLog 0.60  pdΔ -0.2305  pkR 8.33  clip 0.36  kl +0.033
upd  316  steps 10387456  sps 6046  opp rand  loss +0.028  pg -0.0068  v 0.214  ev +0.99  adv_std 0.689  tR +0.48  ent[s/d/p/e] 1.05/1.04/0.93/0.39  emits 3.29  spf 174.3  z0 0.01  garr 235.7  tG 1399  e2 0.62  nF 19.4  pS 0.31  ptS 0.29  fLog 0.65  pdΔ -0.1937  pkR 7.26  clip 0.36  kl +0.037
upd  317  steps 10420224  sps 6047  opp frzn  loss +0.024  pg -0.0086  v 0.204  ev +0.99  adv_std 0.684  tR +0.47  ent[s/d/p/e] 1.04/1.07/0.97/0.36  emits 3.35  spf 214.0  z0 0.01  garr 252.7  tG 1541  e2 0.61  nF 19.7  pS 0.31  ptS 0.29  fLog 0.65  pdΔ -0.1915  pkR 8.65  clip 0.36  kl +0.037
upd  318  steps 10452992  sps 6048  opp frzn  loss +0.023  pg -0.0068  v 0.192  ev +0.99  adv_std 0.660  tR +0.26  ent[s/d/p/e] 0.98/1.16/1.03/0.38  emits 3.12  spf 175.9  z0 0.03  garr 214.4  tG 1240  e2 0.58  nF 21.0  pS 0.28  ptS 0.27  fLog 0.61  pdΔ -0.2246  pkR 10.02  clip 0.36  kl +0.038
upd  319  steps 10485760  sps 6049  opp rand  loss +0.034  pg -0.0058  v 0.238  ev +0.99  adv_std 0.718  tR +0.32  ent[s/d/p/e] 1.09/1.12/0.93/0.36  emits 3.37  spf 181.1  z0 0.02  garr 228.1  tG 1438  e2 0.61  nF 20.3  pS 0.32  ptS 0.30  fLog 0.64  pdΔ -0.1833  pkR 8.77  clip 0.36  kl +0.032
upd  320  steps 10518528  sps 6050  opp frzn  loss +0.023  pg -0.0094  v 0.203  ev +0.99  adv_std 0.680  tR +0.44  ent[s/d/p/e] 0.98/1.13/0.97/0.38  emits 3.26  spf 185.0  z0 0.00  garr 224.1  tG 1339  e2 0.59  nF 20.7  pS 0.27  ptS 0.26  fLog 0.62  pdΔ -0.2265  pkR 8.90  clip 0.35  kl +0.034
upd  321  steps 10551296  sps 6052  opp rand  loss +0.019  pg -0.0074  v 0.176  ev +0.99  adv_std 0.621  tR +0.17  ent[s/d/p/e] 1.01/1.27/1.08/0.37  emits 3.19  spf 180.3  z0 0.03  garr 207.3  tG 1286  e2 0.58  nF 22.9  pS 0.28  ptS 0.27  fLog 0.58  pdΔ -0.2160  pkR 8.86  clip 0.35  kl +0.031
upd  322  steps 10584064  sps 6052  opp frzn  loss +0.021  pg -0.0084  v 0.192  ev +0.99  adv_std 0.666  tR +0.39  ent[s/d/p/e] 1.14/1.30/1.05/0.40  emits 2.98  spf 148.4  z0 0.02  garr 186.7  tG 1316  e2 0.57  nF 22.2  pS 0.34  ptS 0.32  fLog 0.58  pdΔ -0.1633  pkR 8.13  clip 0.38  kl +0.038
upd  323  steps 10616832  sps 6053  opp frzn  loss +0.027  pg -0.0078  v 0.218  ev +0.99  adv_std 0.707  tR +0.45  ent[s/d/p/e] 1.09/1.20/1.09/0.39  emits 3.29  spf 183.3  z0 0.01  garr 240.7  tG 1453  e2 0.62  nF 21.8  pS 0.31  ptS 0.30  fLog 0.61  pdΔ -0.1879  pkR 8.21  clip 0.38  kl +0.039
upd  324  steps 10649600  sps 6054  opp frzn  loss +0.024  pg -0.0071  v 0.200  ev +0.99  adv_std 0.674  tR +0.10  ent[s/d/p/e] 0.95/1.20/1.06/0.39  emits 3.06  spf 171.5  z0 0.01  garr 239.4  tG 1213  e2 0.57  nF 22.2  pS 0.27  ptS 0.26  fLog 0.59  pdΔ -0.2291  pkR 9.51  clip 0.37  kl +0.036
upd  325  steps 10682368  sps 6055  opp frzn  loss +0.022  pg -0.0072  v 0.189  ev +0.99  adv_std 0.659  tR +0.05  ent[s/d/p/e] 1.03/1.19/1.05/0.38  emits 3.09  spf 169.0  z0 0.02  garr 208.1  tG 1259  e2 0.57  nF 22.0  pS 0.31  ptS 0.29  fLog 0.60  pdΔ -0.1929  pkR 6.55  clip 0.37  kl +0.036
upd  326  steps 10715136  sps 6055  opp frzn  loss +0.022  pg -0.0060  v 0.183  ev +0.99  adv_std 0.645  tR +0.46  ent[s/d/p/e] 1.08/1.23/1.07/0.40  emits 3.05  spf 157.4  z0 0.01  garr 201.3  tG 1247  e2 0.58  nF 25.2  pS 0.31  ptS 0.29  fLog 0.59  pdΔ -0.1912  pkR 7.24  clip 0.38  kl +0.040
upd  327  steps 10747904  sps 6056  opp frzn  loss +0.021  pg -0.0078  v 0.187  ev +0.99  adv_std 0.650  tR +0.25  ent[s/d/p/e] 0.96/1.28/1.13/0.36  emits 3.09  spf 168.9  z0 0.03  garr 194.3  tG 1166  e2 0.57  nF 24.6  pS 0.26  ptS 0.25  fLog 0.57  pdΔ -0.2353  pkR 8.84  clip 0.36  kl +0.036
upd  328  steps 10780672  sps 6058  opp rand  loss +0.023  pg -0.0070  v 0.191  ev +0.99  adv_std 0.659  tR +0.29  ent[s/d/p/e] 1.03/1.18/0.98/0.40  emits 3.22  spf 155.6  z0 0.01  garr 200.2  tG 1294  e2 0.60  nF 21.2  pS 0.32  ptS 0.30  fLog 0.60  pdΔ -0.1832  pkR 7.19  clip 0.36  kl +0.039
upd  329  steps 10813440  sps 6059  opp rand  loss +0.023  pg -0.0070  v 0.196  ev +0.99  adv_std 0.661  tR +0.41  ent[s/d/p/e] 1.15/1.17/1.04/0.36  emits 3.43  spf 186.1  z0 0.02  garr 228.5  tG 1573  e2 0.63  nF 21.4  pS 0.34  ptS 0.32  fLog 0.63  pdΔ -0.1594  pkR 7.16  clip 0.38  kl +0.033
upd  330  steps 10846208  sps 6060  opp frzn  loss +0.023  pg -0.0081  v 0.199  ev +0.99  adv_std 0.667  tR +0.55  ent[s/d/p/e] 1.08/1.16/1.06/0.37  emits 3.19  spf 178.2  z0 0.03  garr 211.0  tG 1509  e2 0.59  nF 22.3  pS 0.33  ptS 0.31  fLog 0.62  pdΔ -0.1739  pkR 8.54  clip 0.35  kl +0.035
upd  331  steps 10878976  sps 6062  opp rand  loss +0.023  pg -0.0063  v 0.193  ev +0.99  adv_std 0.661  tR +0.40  ent[s/d/p/e] 1.07/1.26/1.13/0.36  emits 3.27  spf 165.0  z0 0.02  garr 202.0  tG 1353  e2 0.60  nF 24.3  pS 0.32  ptS 0.30  fLog 0.59  pdΔ -0.1769  pkR 7.64  clip 0.38  kl +0.040
upd  332  steps 10911744  sps 6063  opp rand  loss +0.032  pg -0.0057  v 0.233  ev +0.99  adv_std 0.722  tR +0.40  ent[s/d/p/e] 1.09/1.20/1.06/0.37  emits 3.45  spf 156.3  z0 0.02  garr 204.9  tG 1339  e2 0.63  nF 24.9  pS 0.34  ptS 0.31  fLog 0.60  pdΔ -0.1638  pkR 10.31  clip 0.38  kl +0.040
upd  333  steps 10944512  sps 6065  opp rand  loss +0.027  pg -0.0031  v 0.194  ev +0.99  adv_std 0.663  tR +0.46  ent[s/d/p/e] 1.13/1.20/1.04/0.34  emits 3.39  spf 180.0  z0 0.03  garr 224.8  tG 1276  e2 0.60  nF 24.2  pS 0.32  ptS 0.30  fLog 0.61  pdΔ -0.1776  pkR 7.22  clip 0.36  kl +0.040
upd  334  steps 10977280  sps 6066  opp frzn  loss +0.020  pg -0.0091  v 0.185  ev +0.99  adv_std 0.644  tR +0.62  ent[s/d/p/e] 1.07/1.11/1.00/0.36  emits 3.41  spf 186.7  z0 0.01  garr 240.5  tG 1532  e2 0.63  nF 22.4  pS 0.32  ptS 0.30  fLog 0.63  pdΔ -0.1795  pkR 7.98  clip 0.35  kl +0.033
upd  335  steps 11010048  sps 6067  opp rand  loss +0.017  pg -0.0106  v 0.183  ev +0.99  adv_std 0.637  tR +0.41  ent[s/d/p/e] 1.05/1.21/1.08/0.35  emits 3.19  spf 185.8  z0 0.02  garr 211.3  tG 1345  e2 0.58  nF 22.4  pS 0.30  ptS 0.28  fLog 0.61  pdΔ -0.2035  pkR 10.01  clip 0.34  kl +0.030
upd  336  steps 11042816  sps 6069  opp rand  loss +0.025  pg -0.0066  v 0.205  ev +0.99  adv_std 0.684  tR +0.48  ent[s/d/p/e] 1.17/1.37/1.12/0.36  emits 3.34  spf 131.6  z0 0.01  garr 177.7  tG 1206  e2 0.61  nF 25.5  pS 0.33  ptS 0.32  fLog 0.56  pdΔ -0.1670  pkR 9.11  clip 0.39  kl +0.039
upd  337  steps 11075584  sps 6069  opp frzn  loss +0.027  pg -0.0079  v 0.215  ev +0.99  adv_std 0.698  tR +0.55  ent[s/d/p/e] 1.02/1.23/1.06/0.32  emits 3.55  spf 167.4  z0 0.02  garr 215.4  tG 1188  e2 0.63  nF 25.7  pS 0.29  ptS 0.27  fLog 0.60  pdΔ -0.2106  pkR 11.17  clip 0.37  kl +0.039
upd  338  steps 11108352  sps 6070  opp frzn  loss +0.021  pg -0.0080  v 0.184  ev +0.99  adv_std 0.648  tR +0.25  ent[s/d/p/e] 0.96/1.07/1.00/0.36  emits 3.39  spf 203.8  z0 0.03  garr 260.8  tG 1420  e2 0.62  nF 22.6  pS 0.28  ptS 0.26  fLog 0.64  pdΔ -0.2232  pkR 7.29  clip 0.35  kl +0.035
upd  339  steps 11141120  sps 6072  opp rand  loss +0.026  pg -0.0074  v 0.207  ev +0.99  adv_std 0.682  tR +0.36  ent[s/d/p/e] 1.04/1.20/1.04/0.34  emits 3.39  spf 199.2  z0 0.02  garr 242.7  tG 1407  e2 0.61  nF 24.3  pS 0.30  ptS 0.28  fLog 0.62  pdΔ -0.2022  pkR 7.35  clip 0.35  kl +0.031
upd  340  steps 11173888  sps 6073  opp rand  loss +0.031  pg -0.0048  v 0.222  ev +0.99  adv_std 0.697  tR +0.54  ent[s/d/p/e] 1.03/1.17/1.05/0.35  emits 3.53  spf 185.1  z0 0.01  garr 234.3  tG 1452  e2 0.65  nF 23.7  pS 0.30  ptS 0.28  fLog 0.62  pdΔ -0.2028  pkR 9.44  clip 0.35  kl +0.034
upd  341  steps 11206656  sps 6074  opp frzn  loss +0.028  pg -0.0076  v 0.217  ev +0.99  adv_std 0.704  tR +0.40  ent[s/d/p/e] 0.99/1.07/1.00/0.36  emits 3.31  spf 203.0  z0 0.01  garr 274.4  tG 1442  e2 0.60  nF 21.2  pS 0.28  ptS 0.27  fLog 0.65  pdΔ -0.2154  pkR 9.39  clip 0.35  kl +0.035
upd  342  steps 11239424  sps 6074  opp frzn  loss +0.029  pg -0.0090  v 0.233  ev +0.99  adv_std 0.721  tR +0.26  ent[s/d/p/e] 0.97/1.05/1.08/0.34  emits 3.43  spf 209.7  z0 0.02  garr 246.8  tG 1360  e2 0.61  nF 21.2  pS 0.28  ptS 0.26  fLog 0.64  pdΔ -0.2191  pkR 8.05  clip 0.35  kl +0.033
upd  343  steps 11272192  sps 6075  opp frzn  loss +0.030  pg -0.0077  v 0.227  ev +0.99  adv_std 0.711  tR +0.22  ent[s/d/p/e] 1.02/1.00/0.95/0.37  emits 3.35  spf 175.3  z0 0.02  garr 231.3  tG 1426  e2 0.62  nF 20.0  pS 0.31  ptS 0.30  fLog 0.65  pdΔ -0.1857  pkR 8.71  clip 0.35  kl +0.034
upd  344  steps 11304960  sps 6076  opp frzn  loss +0.021  pg -0.0088  v 0.191  ev +0.99  adv_std 0.659  tR +0.36  ent[s/d/p/e] 1.08/1.13/1.07/0.34  emits 3.46  spf 201.8  z0 0.01  garr 259.8  tG 1532  e2 0.62  nF 22.6  pS 0.31  ptS 0.29  fLog 0.63  pdΔ -0.1930  pkR 7.01  clip 0.36  kl +0.032
upd  345  steps 11337728  sps 6076  opp frzn  loss +0.027  pg -0.0071  v 0.212  ev +0.99  adv_std 0.687  tR +0.39  ent[s/d/p/e] 1.13/1.20/1.04/0.36  emits 3.28  spf 178.2  z0 0.01  garr 211.0  tG 1344  e2 0.59  nF 24.4  pS 0.33  ptS 0.31  fLog 0.61  pdΔ -0.1722  pkR 7.17  clip 0.35  kl +0.033
upd  346  steps 11370496  sps 6078  opp rand  loss +0.023  pg -0.0074  v 0.196  ev +0.99  adv_std 0.665  tR +0.60  ent[s/d/p/e] 1.16/1.31/1.14/0.34  emits 3.49  spf 167.5  z0 0.02  garr 206.3  tG 1418  e2 0.62  nF 25.9  pS 0.34  ptS 0.31  fLog 0.59  pdΔ -0.1632  pkR 9.90  clip 0.38  kl +0.037
upd  347  steps 11403264  sps 6078  opp frzn  loss +0.035  pg -0.0050  v 0.244  ev +0.99  adv_std 0.735  tR +0.60  ent[s/d/p/e] 1.12/1.21/1.10/0.35  emits 3.47  spf 169.1  z0 0.02  garr 208.9  tG 1415  e2 0.63  nF 24.5  pS 0.33  ptS 0.31  fLog 0.61  pdΔ -0.1713  pkR 7.71  clip 0.37  kl +0.040
upd  348  steps 11436032  sps 6080  opp rand  loss +0.031  pg -0.0050  v 0.222  ev +0.99  adv_std 0.703  tR +0.38  ent[s/d/p/e] 1.05/1.03/1.02/0.35  emits 3.34  spf 176.9  z0 0.02  garr 211.5  tG 1341  e2 0.61  nF 21.6  pS 0.32  ptS 0.30  fLog 0.64  pdΔ -0.1780  pkR 8.06  clip 0.36  kl +0.035
upd  349  steps 11468800  sps 6081  opp rand  loss +0.035  pg -0.0065  v 0.250  ev +0.99  adv_std 0.747  tR +0.63  ent[s/d/p/e] 1.25/1.16/1.03/0.33  emits 3.89  spf 170.1  z0 0.01  garr 224.6  tG 1656  e2 0.68  nF 24.8  pS 0.37  ptS 0.35  fLog 0.63  pdΔ -0.1295  pkR 8.74  clip 0.38  kl +0.037 WRr 0.84 WRf 0.88
upd  350  steps 11501568  sps 6047  opp frzn  loss +0.035  pg -0.0067  v 0.248  ev +0.99  adv_std 0.748  tR +0.51  ent[s/d/p/e] 1.05/1.10/1.03/0.32  emits 3.64  spf 180.3  z0 0.02  garr 224.1  tG 1378  e2 0.64  nF 24.1  pS 0.29  ptS 0.27  fLog 0.62  pdΔ -0.2131  pkR 8.23  clip 0.38  kl +0.041
upd  351  steps 11534336  sps 6048  opp frzn  loss +0.033  pg -0.0069  v 0.243  ev +0.99  adv_std 0.739  tR +0.12  ent[s/d/p/e] 1.07/1.10/1.07/0.34  emits 3.53  spf 171.6  z0 0.02  garr 214.1  tG 1331  e2 0.63  nF 23.6  pS 0.30  ptS 0.29  fLog 0.62  pdΔ -0.1971  pkR 9.32  clip 0.37  kl +0.037
upd  352  steps 11567104  sps 6049  opp rand  loss +0.036  pg -0.0085  v 0.264  ev +0.99  adv_std 0.756  tR +0.44  ent[s/d/p/e] 1.01/1.04/0.99/0.33  emits 3.79  spf 159.6  z0 0.00  garr 229.8  tG 1338  e2 0.68  nF 22.5  pS 0.31  ptS 0.29  fLog 0.63  pdΔ -0.1883  pkR 6.95  clip 0.35  kl +0.031
upd  353  steps 11599872  sps 6051  opp rand  loss +0.041  pg -0.0043  v 0.263  ev +0.99  adv_std 0.745  tR +0.40  ent[s/d/p/e] 1.06/0.90/0.92/0.29  emits 3.90  spf 202.8  z0 0.01  garr 274.8  tG 1590  e2 0.66  nF 20.9  pS 0.32  ptS 0.30  fLog 0.68  pdΔ -0.1793  pkR 8.53  clip 0.35  kl +0.037
upd  354  steps 11632640  sps 6052  opp frzn  loss +0.032  pg -0.0060  v 0.230  ev +0.99  adv_std 0.714  tR +0.57  ent[s/d/p/e] 1.02/0.95/0.98/0.32  emits 3.79  spf 198.8  z0 0.01  garr 276.1  tG 1562  e2 0.68  nF 20.8  pS 0.31  ptS 0.30  fLog 0.66  pdΔ -0.1868  pkR 8.75  clip 0.36  kl +0.038
upd  355  steps 11665408  sps 6052  opp frzn  loss +0.030  pg -0.0087  v 0.234  ev +0.99  adv_std 0.721  tR +0.41  ent[s/d/p/e] 0.98/0.98/1.04/0.34  emits 3.34  spf 188.0  z0 0.02  garr 242.9  tG 1324  e2 0.61  nF 20.2  pS 0.29  ptS 0.27  fLog 0.64  pdΔ -0.2145  pkR 10.37  clip 0.35  kl +0.032
upd  356  steps 11698176  sps 6053  opp frzn  loss +0.030  pg -0.0077  v 0.231  ev +0.99  adv_std 0.711  tR +0.00  ent[s/d/p/e] 0.98/0.99/0.98/0.37  emits 3.19  spf 191.2  z0 0.01  garr 240.0  tG 1486  e2 0.60  nF 19.5  pS 0.28  ptS 0.27  fLog 0.65  pdΔ -0.2197  pkR 7.75  clip 0.34  kl +0.032
upd  357  steps 11730944  sps 6054  opp frzn  loss +0.026  pg -0.0073  v 0.207  ev +0.99  adv_std 0.684  tR +0.08  ent[s/d/p/e] 0.99/0.96/0.98/0.40  emits 3.13  spf 195.3  z0 0.01  garr 264.7  tG 1469  e2 0.60  nF 18.9  pS 0.28  ptS 0.28  fLog 0.65  pdΔ -0.2158  pkR 7.77  clip 0.35  kl +0.033
upd  358  steps 11763712  sps 6054  opp frzn  loss +0.034  pg -0.0055  v 0.234  ev +0.99  adv_std 0.719  tR +0.21  ent[s/d/p/e] 0.96/1.00/0.96/0.34  emits 3.42  spf 201.2  z0 0.02  garr 235.5  tG 1391  e2 0.61  nF 20.9  pS 0.27  ptS 0.26  fLog 0.64  pdΔ -0.2277  pkR 8.08  clip 0.35  kl +0.036
upd  359  steps 11796480  sps 6056  opp rand  loss +0.035  pg -0.0094  v 0.261  ev +0.99  adv_std 0.763  tR +0.27  ent[s/d/p/e] 0.99/0.95/0.98/0.33  emits 3.61  spf 189.5  z0 0.01  garr 245.3  tG 1398  e2 0.64  nF 19.7  pS 0.30  ptS 0.29  fLog 0.65  pdΔ -0.1954  pkR 9.26  clip 0.36  kl +0.036
upd  360  steps 11829248  sps 6056  opp frzn  loss +0.032  pg -0.0082  v 0.243  ev +0.99  adv_std 0.732  tR +0.60  ent[s/d/p/e] 1.05/0.96/1.04/0.33  emits 3.64  spf 176.5  z0 0.01  garr 235.0  tG 1408  e2 0.65  nF 22.3  pS 0.32  ptS 0.30  fLog 0.65  pdΔ -0.1825  pkR 9.30  clip 0.35  kl +0.034
upd  361  steps 11862016  sps 6058  opp rand  loss +0.036  pg -0.0053  v 0.250  ev +0.99  adv_std 0.741  tR +0.33  ent[s/d/p/e] 1.04/1.06/1.00/0.31  emits 3.82  spf 180.6  z0 0.02  garr 239.9  tG 1405  e2 0.66  nF 23.4  pS 0.30  ptS 0.28  fLog 0.63  pdΔ -0.1984  pkR 8.31  clip 0.35  kl +0.036
upd  362  steps 11894784  sps 6059  opp rand  loss +0.032  pg -0.0087  v 0.240  ev +0.99  adv_std 0.728  tR +0.65  ent[s/d/p/e] 1.03/1.01/0.95/0.30  emits 3.80  spf 210.3  z0 0.01  garr 269.5  tG 1497  e2 0.65  nF 21.8  pS 0.31  ptS 0.29  fLog 0.65  pdΔ -0.1946  pkR 9.52  clip 0.35  kl +0.033
upd  363  steps 11927552  sps 6060  opp frzn  loss +0.034  pg -0.0074  v 0.248  ev +0.99  adv_std 0.738  tR +0.50  ent[s/d/p/e] 1.06/0.91/0.95/0.30  emits 3.90  spf 207.6  z0 0.01  garr 286.1  tG 1840  e2 0.68  nF 20.9  pS 0.32  ptS 0.30  fLog 0.68  pdΔ -0.1763  pkR 7.25  clip 0.35  kl +0.035
upd  364  steps 11960320  sps 6062  opp rand  loss +0.036  pg -0.0072  v 0.257  ev +0.99  adv_std 0.759  tR +0.59  ent[s/d/p/e] 1.05/1.03/1.00/0.32  emits 3.71  spf 199.8  z0 0.02  garr 257.3  tG 1548  e2 0.66  nF 22.5  pS 0.31  ptS 0.29  fLog 0.64  pdΔ -0.1866  pkR 10.43  clip 0.35  kl +0.036
upd  365  steps 11993088  sps 6063  opp rand  loss +0.037  pg -0.0052  v 0.250  ev +0.99  adv_std 0.736  tR +0.33  ent[s/d/p/e] 1.05/0.99/0.98/0.32  emits 3.73  spf 194.1  z0 0.01  garr 256.3  tG 1538  e2 0.66  nF 20.2  pS 0.31  ptS 0.29  fLog 0.66  pdΔ -0.1901  pkR 7.66  clip 0.35  kl +0.031
upd  366  steps 12025856  sps 6064  opp frzn  loss +0.032  pg -0.0082  v 0.241  ev +0.99  adv_std 0.730  tR +0.64  ent[s/d/p/e] 1.13/1.06/0.99/0.32  emits 3.75  spf 192.2  z0 0.01  garr 264.4  tG 1754  e2 0.66  nF 20.8  pS 0.33  ptS 0.31  fLog 0.64  pdΔ -0.1713  pkR 8.01  clip 0.36  kl +0.030
upd  367  steps 12058624  sps 6064  opp frzn  loss +0.032  pg -0.0084  v 0.242  ev +0.99  adv_std 0.743  tR +0.35  ent[s/d/p/e] 1.01/1.01/0.99/0.33  emits 3.40  spf 215.6  z0 0.02  garr 260.3  tG 1516  e2 0.60  nF 20.8  pS 0.29  ptS 0.27  fLog 0.64  pdΔ -0.2113  pkR 8.32  clip 0.36  kl +0.039
upd  368  steps 12091392  sps 6066  opp rand  loss +0.035  pg -0.0065  v 0.244  ev +0.99  adv_std 0.739  tR +0.24  ent[s/d/p/e] 0.97/1.01/0.97/0.32  emits 3.57  spf 191.9  z0 0.02  garr 251.6  tG 1310  e2 0.64  nF 21.5  pS 0.28  ptS 0.26  fLog 0.63  pdΔ -0.2248  pkR 9.15  clip 0.35  kl +0.035
upd  369  steps 12124160  sps 6066  opp frzn  loss +0.036  pg -0.0078  v 0.258  ev +0.99  adv_std 0.752  tR +0.43  ent[s/d/p/e] 1.04/0.84/0.95/0.28  emits 3.92  spf 193.5  z0 0.01  garr 268.0  tG 1513  e2 0.66  nF 19.6  pS 0.31  ptS 0.29  fLog 0.68  pdΔ -0.1919  pkR 7.13  clip 0.35  kl +0.030
upd  370  steps 12156928  sps 6067  opp frzn  loss +0.038  pg -0.0072  v 0.264  ev +0.99  adv_std 0.765  tR +0.39  ent[s/d/p/e] 1.00/0.86/0.99/0.31  emits 3.68  spf 201.8  z0 0.02  garr 264.3  tG 1514  e2 0.64  nF 19.2  pS 0.30  ptS 0.28  fLog 0.67  pdΔ -0.1980  pkR 9.53  clip 0.35  kl +0.033
upd  371  steps 12189696  sps 6067  opp frzn  loss +0.036  pg -0.0084  v 0.259  ev +0.99  adv_std 0.757  tR +0.28  ent[s/d/p/e] 0.95/0.87/1.00/0.29  emits 3.75  spf 196.5  z0 0.02  garr 250.7  tG 1417  e2 0.64  nF 19.6  pS 0.28  ptS 0.27  fLog 0.66  pdΔ -0.2172  pkR 12.98  clip 0.34  kl +0.034
upd  372  steps 12222464  sps 6068  opp frzn  loss +0.037  pg -0.0083  v 0.264  ev +0.99  adv_std 0.771  tR +0.24  ent[s/d/p/e] 0.94/0.95/1.01/0.32  emits 3.52  spf 171.4  z0 0.01  garr 241.7  tG 1253  e2 0.64  nF 19.2  pS 0.29  ptS 0.27  fLog 0.63  pdΔ -0.2140  pkR 7.10  clip 0.36  kl +0.042
upd  373  steps 12255232  sps 6070  opp rand  loss +0.044  pg -0.0076  v 0.296  ev +0.99  adv_std 0.804  tR +0.32  ent[s/d/p/e] 0.97/0.90/0.99/0.32  emits 3.79  spf 180.4  z0 0.01  garr 256.1  tG 1354  e2 0.69  nF 19.3  pS 0.28  ptS 0.27  fLog 0.65  pdΔ -0.2179  pkR 7.54  clip 0.35  kl +0.036
upd  374  steps 12288000  sps 6070  opp frzn  loss +0.040  pg -0.0077  v 0.274  ev +0.99  adv_std 0.784  tR +0.39  ent[s/d/p/e] 0.99/0.83/0.95/0.31  emits 3.82  spf 192.8  z0 0.01  garr 276.9  tG 1457  e2 0.67  nF 18.7  pS 0.29  ptS 0.27  fLog 0.67  pdΔ -0.2146  pkR 7.50  clip 0.36  kl +0.037
upd  375  steps 12320768  sps 6072  opp rand  loss +0.054  pg -0.0060  v 0.339  ev +0.99  adv_std 0.860  tR +0.34  ent[s/d/p/e] 1.03/0.85/0.92/0.29  emits 3.94  spf 202.6  z0 0.00  garr 282.3  tG 1497  e2 0.67  nF 20.1  pS 0.31  ptS 0.29  fLog 0.68  pdΔ -0.1926  pkR 7.14  clip 0.36  kl +0.036
upd  376  steps 12353536  sps 6072  opp frzn  loss +0.035  pg -0.0067  v 0.248  ev +0.99  adv_std 0.743  tR +0.43  ent[s/d/p/e] 1.02/0.86/0.97/0.27  emits 3.87  spf 189.4  z0 0.01  garr 249.7  tG 1347  e2 0.65  nF 20.6  pS 0.29  ptS 0.27  fLog 0.66  pdΔ -0.2116  pkR 9.33  clip 0.35  kl +0.039
upd  377  steps 12386304  sps 6073  opp frzn  loss +0.028  pg -0.0069  v 0.214  ev +0.99  adv_std 0.693  tR +0.21  ent[s/d/p/e] 0.93/0.93/0.99/0.29  emits 3.57  spf 189.9  z0 0.02  garr 250.2  tG 1194  e2 0.62  nF 21.6  pS 0.27  ptS 0.25  fLog 0.64  pdΔ -0.2333  pkR 8.70  clip 0.34  kl +0.034
upd  378  steps 12419072  sps 6074  opp rand  loss +0.038  pg -0.0072  v 0.262  ev +0.99  adv_std 0.759  tR +0.10  ent[s/d/p/e] 0.96/0.91/0.96/0.31  emits 3.52  spf 203.1  z0 0.02  garr 249.0  tG 1384  e2 0.63  nF 20.7  pS 0.30  ptS 0.28  fLog 0.65  pdΔ -0.2014  pkR 6.24  clip 0.34  kl +0.035
upd  379  steps 12451840  sps 6075  opp rand  loss +0.044  pg -0.0058  v 0.289  ev +0.99  adv_std 0.798  tR +0.61  ent[s/d/p/e] 1.10/0.94/0.95/0.27  emits 4.13  spf 195.2  z0 0.02  garr 265.1  tG 1627  e2 0.69  nF 22.0  pS 0.33  ptS 0.31  fLog 0.66  pdΔ -0.1703  pkR 5.60  clip 0.36  kl +0.037
upd  380  steps 12484608  sps 6077  opp rand  loss +0.030  pg -0.0087  v 0.227  ev +0.99  adv_std 0.712  tR +0.55  ent[s/d/p/e] 1.01/0.88/0.85/0.26  emits 4.06  spf 232.5  z0 0.01  garr 297.1  tG 1604  e2 0.69  nF 21.3  pS 0.30  ptS 0.29  fLog 0.68  pdΔ -0.1953  pkR 7.26  clip 0.34  kl +0.033
upd  381  steps 12517376  sps 6077  opp frzn  loss +0.028  pg -0.0069  v 0.215  ev +0.99  adv_std 0.690  tR +0.64  ent[s/d/p/e] 0.98/1.01/1.05/0.26  emits 4.01  spf 189.1  z0 0.01  garr 259.8  tG 1373  e2 0.69  nF 23.8  pS 0.28  ptS 0.27  fLog 0.62  pdΔ -0.2196  pkR 7.26  clip 0.35  kl +0.032
upd  382  steps 12550144  sps 6079  opp rand  loss +0.035  pg -0.0071  v 0.250  ev +0.99  adv_std 0.743  tR +0.35  ent[s/d/p/e] 1.03/1.07/0.98/0.31  emits 3.83  spf 161.8  z0 0.01  garr 240.2  tG 1379  e2 0.68  nF 24.8  pS 0.31  ptS 0.29  fLog 0.60  pdΔ -0.1925  pkR 11.61  clip 0.36  kl +0.035
upd  383  steps 12582912  sps 6079  opp frzn  loss +0.036  pg -0.0073  v 0.257  ev +0.99  adv_std 0.763  tR +0.50  ent[s/d/p/e] 1.03/0.98/0.96/0.30  emits 3.86  spf 176.0  z0 0.01  garr 253.8  tG 1444  e2 0.68  nF 22.3  pS 0.31  ptS 0.29  fLog 0.63  pdΔ -0.1925  pkR 8.09  clip 0.37  kl +0.035
upd  384  steps 12615680  sps 6080  opp frzn  loss +0.033  pg -0.0076  v 0.242  ev +0.99  adv_std 0.741  tR -0.09  ent[s/d/p/e] 0.97/0.93/0.90/0.33  emits 3.61  spf 213.3  z0 0.02  garr 290.7  tG 1580  e2 0.65  nF 20.7  pS 0.28  ptS 0.26  fLog 0.65  pdΔ -0.2238  pkR 8.07  clip 0.36  kl +0.034
upd  385  steps 12648448  sps 6080  opp frzn  loss +0.042  pg -0.0061  v 0.274  ev +0.99  adv_std 0.774  tR +0.56  ent[s/d/p/e] 0.95/0.82/0.89/0.26  emits 4.14  spf 190.9  z0 0.01  garr 260.1  tG 1318  e2 0.69  nF 20.2  pS 0.28  ptS 0.26  fLog 0.67  pdΔ -0.2206  pkR 8.99  clip 0.35  kl +0.033
upd  386  steps 12681216  sps 6082  opp rand  loss +0.050  pg -0.0049  v 0.311  ev +0.99  adv_std 0.817  tR +0.30  ent[s/d/p/e] 0.96/0.75/0.84/0.25  emits 4.26  spf 218.5  z0 0.01  garr 300.8  tG 1560  e2 0.71  nF 18.9  pS 0.29  ptS 0.27  fLog 0.70  pdΔ -0.2119  pkR 6.59  clip 0.34  kl +0.036
upd  387  steps 12713984  sps 6082  opp frzn  loss +0.034  pg -0.0061  v 0.237  ev +0.99  adv_std 0.728  tR +0.47  ent[s/d/p/e] 0.94/0.74/0.89/0.25  emits 3.93  spf 222.0  z0 0.02  garr 281.7  tG 1529  e2 0.65  nF 18.9  pS 0.27  ptS 0.25  fLog 0.69  pdΔ -0.2312  pkR 7.78  clip 0.34  kl +0.035
upd  388  steps 12746752  sps 6083  opp frzn  loss +0.045  pg -0.0029  v 0.274  ev +0.99  adv_std 0.782  tR +0.21  ent[s/d/p/e] 0.89/0.77/0.94/0.30  emits 3.80  spf 184.0  z0 0.02  garr 274.6  tG 1344  e2 0.66  nF 18.7  pS 0.26  ptS 0.24  fLog 0.66  pdΔ -0.2420  pkR 7.66  clip 0.36  kl +0.039
upd  389  steps 12779520  sps 6084  opp rand  loss +0.040  pg -0.0056  v 0.264  ev +0.99  adv_std 0.763  tR +0.37  ent[s/d/p/e] 1.05/0.86/0.89/0.30  emits 3.85  spf 187.3  z0 0.01  garr 281.9  tG 1434  e2 0.66  nF 21.1  pS 0.30  ptS 0.29  fLog 0.67  pdΔ -0.2012  pkR 5.82  clip 0.35  kl +0.036
upd  390  steps 12812288  sps 6085  opp rand  loss +0.043  pg -0.0075  v 0.289  ev +0.99  adv_std 0.795  tR +0.54  ent[s/d/p/e] 1.00/0.90/0.96/0.29  emits 3.92  spf 161.5  z0 0.01  garr 241.0  tG 1330  e2 0.68  nF 22.1  pS 0.30  ptS 0.28  fLog 0.64  pdΔ -0.2022  pkR 5.89  clip 0.34  kl +0.034
upd  391  steps 12845056  sps 6086  opp frzn  loss +0.042  pg -0.0044  v 0.268  ev +0.99  adv_std 0.769  tR +0.36  ent[s/d/p/e] 0.97/0.80/0.91/0.27  emits 3.97  spf 189.0  z0 0.01  garr 253.1  tG 1413  e2 0.66  nF 21.3  pS 0.29  ptS 0.27  fLog 0.67  pdΔ -0.2118  pkR 6.04  clip 0.35  kl +0.034
upd  392  steps 12877824  sps 6087  opp rand  loss +0.037  pg -0.0073  v 0.257  ev +0.99  adv_std 0.757  tR +0.33  ent[s/d/p/e] 0.99/0.98/0.90/0.27  emits 3.95  spf 208.0  z0 0.01  garr 254.8  tG 1385  e2 0.66  nF 23.9  pS 0.29  ptS 0.28  fLog 0.63  pdΔ -0.2075  pkR 8.69  clip 0.36  kl +0.038
upd  393  steps 12910592  sps 6088  opp frzn  loss +0.032  pg -0.0086  v 0.243  ev +0.99  adv_std 0.740  tR +0.61  ent[s/d/p/e] 0.99/0.96/0.97/0.27  emits 3.97  spf 189.0  z0 0.01  garr 251.7  tG 1481  e2 0.67  nF 22.7  pS 0.29  ptS 0.27  fLog 0.64  pdΔ -0.2118  pkR 9.17  clip 0.35  kl +0.030
upd  394  steps 12943360  sps 6089  opp rand  loss +0.039  pg -0.0069  v 0.264  ev +0.99  adv_std 0.757  tR +0.26  ent[s/d/p/e] 0.94/0.85/0.91/0.27  emits 4.05  spf 189.4  z0 0.01  garr 261.5  tG 1367  e2 0.68  nF 22.4  pS 0.28  ptS 0.26  fLog 0.66  pdΔ -0.2176  pkR 9.43  clip 0.34  kl +0.032
upd  395  steps 12976128  sps 6090  opp rand  loss +0.046  pg -0.0060  v 0.297  ev +0.99  adv_std 0.808  tR +0.44  ent[s/d/p/e] 1.03/0.87/0.94/0.29  emits 3.92  spf 174.9  z0 0.01  garr 237.7  tG 1346  e2 0.67  nF 23.2  pS 0.32  ptS 0.29  fLog 0.65  pdΔ -0.1850  pkR 6.74  clip 0.36  kl +0.040
upd  396  steps 13008896  sps 6091  opp frzn  loss +0.046  pg -0.0051  v 0.292  ev +0.99  adv_std 0.797  tR +0.58  ent[s/d/p/e] 0.99/0.67/0.87/0.25  emits 4.28  spf 209.3  z0 0.01  garr 279.5  tG 1575  e2 0.69  nF 19.7  pS 0.30  ptS 0.28  fLog 0.71  pdΔ -0.1973  pkR 6.10  clip 0.32  kl +0.031
upd  397  steps 13041664  sps 6092  opp rand  loss +0.043  pg -0.0071  v 0.285  ev +0.99  adv_std 0.786  tR +0.31  ent[s/d/p/e] 0.91/0.73/0.86/0.26  emits 4.09  spf 197.8  z0 0.01  garr 279.3  tG 1252  e2 0.68  nF 19.2  pS 0.27  ptS 0.25  fLog 0.68  pdΔ -0.2333  pkR 7.75  clip 0.33  kl +0.033
upd  398  steps 13074432  sps 6093  opp frzn  loss +0.039  pg -0.0094  v 0.281  ev +0.99  adv_std 0.779  tR +0.54  ent[s/d/p/e] 1.05/0.81/0.89/0.26  emits 4.22  spf 205.5  z0 0.01  garr 281.0  tG 1494  e2 0.70  nF 22.0  pS 0.31  ptS 0.28  fLog 0.69  pdΔ -0.1906  pkR 7.29  clip 0.33  kl +0.029
upd  399  steps 13107200  sps 6093  opp frzn  loss +0.034  pg -0.0067  v 0.243  ev +0.99  adv_std 0.739  tR +0.52  ent[s/d/p/e] 0.98/0.82/0.96/0.29  emits 3.71  spf 208.1  z0 0.01  garr 268.2  tG 1400  e2 0.63  nF 21.2  pS 0.28  ptS 0.26  fLog 0.67  pdΔ -0.2200  pkR 9.83  clip 0.33  kl +0.031 WRr 0.97 WRf 0.88
upd  400  steps 13139968  sps 6065  opp frzn  loss +0.039  pg -0.0067  v 0.266  ev +0.99  adv_std 0.771  tR +0.11  ent[s/d/p/e] 0.93/0.79/0.95/0.31  emits 3.65  spf 206.6  z0 0.02  garr 280.7  tG 1380  e2 0.65  nF 19.7  pS 0.26  ptS 0.25  fLog 0.66  pdΔ -0.2389  pkR 6.90  clip 0.34  kl +0.033
upd  401  steps 13172736  sps 6066  opp rand  loss +0.044  pg -0.0021  v 0.266  ev +0.99  adv_std 0.764  tR +0.08  ent[s/d/p/e] 0.95/0.80/0.85/0.27  emits 3.84  spf 195.9  z0 0.01  garr 264.5  tG 1282  e2 0.64  nF 20.6  pS 0.26  ptS 0.25  fLog 0.68  pdΔ -0.2368  pkR 7.64  clip 0.33  kl +0.030
upd  402  steps 13205504  sps 6067  opp rand  loss +0.044  pg -0.0052  v 0.284  ev +0.99  adv_std 0.791  tR +0.33  ent[s/d/p/e] 0.99/0.89/0.95/0.26  emits 3.98  spf 180.1  z0 0.03  garr 245.2  tG 1236  e2 0.66  nF 23.1  pS 0.28  ptS 0.26  fLog 0.64  pdΔ -0.2240  pkR 8.47  clip 0.35  kl +0.036
upd  403  steps 13238272  sps 6069  opp rand  loss +0.047  pg -0.0052  v 0.299  ev +0.99  adv_std 0.804  tR +0.39  ent[s/d/p/e] 0.97/0.83/0.86/0.26  emits 4.19  spf 168.5  z0 0.02  garr 258.4  tG 1214  e2 0.69  nF 22.4  pS 0.29  ptS 0.26  fLog 0.66  pdΔ -0.2145  pkR 6.94  clip 0.33  kl +0.039
upd  404  steps 13271040  sps 6070  opp rand  loss +0.044  pg -0.0053  v 0.284  ev +0.99  adv_std 0.783  tR +0.53  ent[s/d/p/e] 0.95/0.84/0.91/0.24  emits 4.31  spf 198.0  z0 0.02  garr 282.7  tG 1327  e2 0.70  nF 22.8  pS 0.28  ptS 0.26  fLog 0.66  pdΔ -0.2248  pkR 7.70  clip 0.34  kl +0.032
upd  405  steps 13303808  sps 6071  opp frzn  loss +0.042  pg -0.0073  v 0.283  ev +0.99  adv_std 0.783  tR +0.26  ent[s/d/p/e] 0.92/0.73/0.86/0.27  emits 4.07  spf 224.1  z0 0.01  garr 313.8  tG 1483  e2 0.69  nF 19.0  pS 0.27  ptS 0.26  fLog 0.70  pdΔ -0.2268  pkR 7.36  clip 0.31  kl +0.028
upd  406  steps 13336576  sps 6072  opp rand  loss +0.051  pg -0.0046  v 0.314  ev +0.99  adv_std 0.824  tR +0.42  ent[s/d/p/e] 0.93/0.77/0.93/0.24  emits 4.43  spf 201.9  z0 0.01  garr 296.2  tG 1431  e2 0.73  nF 21.3  pS 0.28  ptS 0.26  fLog 0.68  pdΔ -0.2202  pkR 7.67  clip 0.35  kl +0.037
upd  407  steps 13369344  sps 6072  opp frzn  loss +0.045  pg -0.0058  v 0.288  ev +0.99  adv_std 0.806  tR +0.38  ent[s/d/p/e] 0.98/0.74/0.86/0.28  emits 4.05  spf 216.4  z0 0.01  garr 298.3  tG 1592  e2 0.69  nF 19.1  pS 0.30  ptS 0.28  fLog 0.69  pdΔ -0.1991  pkR 8.05  clip 0.37  kl +0.037
upd  408  steps 13402112  sps 6074  opp rand  loss +0.057  pg -0.0035  v 0.338  ev +0.99  adv_std 0.860  tR +0.36  ent[s/d/p/e] 0.99/0.76/0.92/0.23  emits 4.50  spf 205.9  z0 0.01  garr 299.4  tG 1554  e2 0.73  nF 19.3  pS 0.29  ptS 0.28  fLog 0.69  pdΔ -0.2061  pkR 7.91  clip 0.36  kl +0.039
upd  409  steps 13434880  sps 6074  opp frzn  loss +0.053  pg -0.0066  v 0.331  ev +0.99  adv_std 0.853  tR +0.26  ent[s/d/p/e] 0.92/0.79/0.88/0.27  emits 4.15  spf 189.5  z0 0.00  garr 253.8  tG 1419  e2 0.69  nF 20.3  pS 0.27  ptS 0.26  fLog 0.67  pdΔ -0.2255  pkR 12.41  clip 0.33  kl +0.035
upd  410  steps 13467648  sps 6075  opp frzn  loss +0.047  pg -0.0064  v 0.302  ev +0.99  adv_std 0.818  tR +0.42  ent[s/d/p/e] 0.92/0.81/0.97/0.24  emits 4.15  spf 211.2  z0 0.01  garr 286.3  tG 1461  e2 0.68  nF 20.5  pS 0.26  ptS 0.25  fLog 0.68  pdΔ -0.2380  pkR 7.71  clip 0.34  kl +0.032
upd  411  steps 13500416  sps 6076  opp rand  loss +0.034  pg -0.0084  v 0.251  ev +0.99  adv_std 0.746  tR +0.31  ent[s/d/p/e] 0.96/0.91/0.95/0.31  emits 3.78  spf 172.9  z0 0.02  garr 223.0  tG 1259  e2 0.66  nF 23.0  pS 0.27  ptS 0.26  fLog 0.63  pdΔ -0.2268  pkR 8.82  clip 0.35  kl +0.032
upd  412  steps 13533184  sps 6077  opp frzn  loss +0.044  pg -0.0073  v 0.289  ev +0.99  adv_std 0.797  tR +0.28  ent[s/d/p/e] 0.96/0.68/0.91/0.22  emits 4.53  spf 206.7  z0 0.01  garr 275.2  tG 1530  e2 0.73  nF 20.0  pS 0.28  ptS 0.27  fLog 0.70  pdΔ -0.2156  pkR 7.32  clip 0.33  kl +0.029
upd  413  steps 13565952  sps 6078  opp rand  loss +0.048  pg -0.0057  v 0.301  ev +0.99  adv_std 0.808  tR +0.49  ent[s/d/p/e] 0.95/0.72/0.82/0.23  emits 4.47  spf 222.4  z0 0.01  garr 308.9  tG 1504  e2 0.72  nF 21.5  pS 0.28  ptS 0.27  fLog 0.71  pdΔ -0.2196  pkR 6.30  clip 0.33  kl +0.032
upd  414  steps 13598720  sps 6078  opp frzn  loss +0.041  pg -0.0078  v 0.277  ev +0.99  adv_std 0.781  tR +0.44  ent[s/d/p/e] 0.89/0.71/0.88/0.21  emits 4.49  spf 240.8  z0 0.01  garr 330.8  tG 1562  e2 0.71  nF 20.2  pS 0.26  ptS 0.24  fLog 0.70  pdΔ -0.2427  pkR 6.96  clip 0.32  kl +0.028
upd  415  steps 13631488  sps 6079  opp frzn  loss +0.042  pg -0.0084  v 0.288  ev +0.99  adv_std 0.805  tR +0.25  ent[s/d/p/e] 0.93/0.76/0.89/0.26  emits 4.02  spf 231.8  z0 0.01  garr 319.7  tG 1538  e2 0.67  nF 19.9  pS 0.27  ptS 0.26  fLog 0.69  pdΔ -0.2335  pkR 7.89  clip 0.33  kl +0.031
upd  416  steps 13664256  sps 6080  opp rand  loss +0.043  pg -0.0079  v 0.289  ev +0.99  adv_std 0.800  tR +0.37  ent[s/d/p/e] 0.95/0.81/0.93/0.25  emits 4.17  spf 192.3  z0 0.01  garr 275.6  tG 1393  e2 0.70  nF 20.9  pS 0.27  ptS 0.26  fLog 0.66  pdΔ -0.2252  pkR 11.26  clip 0.35  kl +0.031
upd  417  steps 13697024  sps 6081  opp frzn  loss +0.048  pg -0.0043  v 0.294  ev +0.99  adv_std 0.808  tR +0.31  ent[s/d/p/e] 0.94/0.73/0.88/0.25  emits 4.15  spf 197.0  z0 0.01  garr 279.6  tG 1465  e2 0.69  nF 19.0  pS 0.28  ptS 0.27  fLog 0.68  pdΔ -0.2227  pkR 10.83  clip 0.34  kl +0.033
upd  418  steps 13729792  sps 6081  opp frzn  loss +0.050  pg -0.0064  v 0.314  ev +0.99  adv_std 0.833  tR +0.26  ent[s/d/p/e] 0.85/0.73/0.97/0.24  emits 4.21  spf 185.1  z0 0.01  garr 260.0  tG 1205  e2 0.69  nF 20.5  pS 0.24  ptS 0.23  fLog 0.66  pdΔ -0.2586  pkR 8.32  clip 0.32  kl +0.030
upd  419  steps 13762560  sps 6082  opp frzn  loss +0.042  pg -0.0063  v 0.273  ev +0.99  adv_std 0.776  tR +0.42  ent[s/d/p/e] 0.89/0.70/0.87/0.23  emits 4.41  spf 200.7  z0 0.02  garr 284.5  tG 1194  e2 0.72  nF 22.7  pS 0.25  ptS 0.24  fLog 0.68  pdΔ -0.2494  pkR 6.72  clip 0.33  kl +0.034
upd  420  steps 13795328  sps 6083  opp rand  loss +0.049  pg -0.0052  v 0.307  ev +0.99  adv_std 0.819  tR +0.31  ent[s/d/p/e] 0.91/0.65/0.88/0.22  emits 4.52  spf 214.6  z0 0.01  garr 300.6  tG 1453  e2 0.73  nF 20.7  pS 0.27  ptS 0.25  fLog 0.71  pdΔ -0.2324  pkR 7.80  clip 0.33  kl +0.030
upd  421  steps 13828096  sps 6083  opp frzn  loss +0.045  pg -0.0079  v 0.302  ev +0.99  adv_std 0.818  tR +0.54  ent[s/d/p/e] 0.95/0.76/0.98/0.23  emits 4.31  spf 201.2  z0 0.01  garr 289.8  tG 1415  e2 0.71  nF 21.5  pS 0.27  ptS 0.25  fLog 0.67  pdΔ -0.2328  pkR 7.97  clip 0.34  kl +0.031
upd  422  steps 13860864  sps 6084  opp rand  loss +0.052  pg -0.0068  v 0.329  ev +0.99  adv_std 0.848  tR +0.12  ent[s/d/p/e] 0.88/0.77/0.96/0.25  emits 4.00  spf 194.5  z0 0.02  garr 258.4  tG 1239  e2 0.66  nF 22.1  pS 0.25  ptS 0.24  fLog 0.66  pdΔ -0.2454  pkR 9.95  clip 0.33  kl +0.030
upd  423  steps 13893632  sps 6085  opp frzn  loss +0.034  pg -0.0083  v 0.247  ev +0.99  adv_std 0.744  tR +0.23  ent[s/d/p/e] 0.88/0.70/0.91/0.24  emits 4.14  spf 182.1  z0 0.03  garr 260.0  tG 1135  e2 0.68  nF 21.5  pS 0.24  ptS 0.23  fLog 0.67  pdΔ -0.2641  pkR 8.19  clip 0.33  kl +0.031
upd  424  steps 13926400  sps 6085  opp frzn  loss +0.054  pg -0.0069  v 0.334  ev +0.99  adv_std 0.860  tR +0.05  ent[s/d/p/e] 0.86/0.55/0.80/0.26  emits 4.15  spf 231.5  z0 0.01  garr 318.3  tG 1502  e2 0.69  nF 17.4  pS 0.26  ptS 0.24  fLog 0.72  pdΔ -0.2433  pkR 7.45  clip 0.34  kl +0.032
upd  425  steps 13959168  sps 6087  opp rand  loss +0.040  pg -0.0055  v 0.264  ev +0.99  adv_std 0.768  tR +0.30  ent[s/d/p/e] 0.94/0.70/0.88/0.22  emits 4.46  spf 249.0  z0 0.01  garr 343.1  tG 1583  e2 0.71  nF 21.3  pS 0.25  ptS 0.24  fLog 0.71  pdΔ -0.2456  pkR 8.58  clip 0.34  kl +0.032
upd  426  steps 13991936  sps 6088  opp rand  loss +0.055  pg -0.0035  v 0.326  ev +0.99  adv_std 0.847  tR +0.39  ent[s/d/p/e] 0.88/0.69/0.79/0.22  emits 4.36  spf 202.0  z0 0.02  garr 292.9  tG 1222  e2 0.70  nF 20.5  pS 0.23  ptS 0.22  fLog 0.69  pdΔ -0.2695  pkR 11.75  clip 0.34  kl +0.039
upd  427  steps 14024704  sps 6088  opp frzn  loss +0.037  pg -0.0088  v 0.262  ev +0.99  adv_std 0.766  tR +0.46  ent[s/d/p/e] 0.88/0.65/0.91/0.22  emits 4.44  spf 212.0  z0 0.01  garr 315.7  tG 1395  e2 0.71  nF 19.3  pS 0.24  ptS 0.23  fLog 0.70  pdΔ -0.2591  pkR 7.63  clip 0.32  kl +0.032
upd  428  steps 14057472  sps 6089  opp frzn  loss +0.046  pg -0.0068  v 0.299  ev +0.99  adv_std 0.817  tR +0.23  ent[s/d/p/e] 0.94/0.65/0.82/0.23  emits 4.28  spf 200.5  z0 0.01  garr 289.8  tG 1440  e2 0.69  nF 19.2  pS 0.27  ptS 0.26  fLog 0.70  pdΔ -0.2294  pkR 10.03  clip 0.34  kl +0.036
upd  429  steps 14090240  sps 6089  opp frzn  loss +0.044  pg -0.0071  v 0.289  ev +0.99  adv_std 0.802  tR +0.38  ent[s/d/p/e] 0.89/0.68/0.86/0.21  emits 4.54  spf 237.3  z0 0.01  garr 338.4  tG 1524  e2 0.72  nF 19.3  pS 0.25  ptS 0.24  fLog 0.70  pdΔ -0.2459  pkR 7.88  clip 0.33  kl +0.035
upd  430  steps 14123008  sps 6090  opp frzn  loss +0.048  pg -0.0075  v 0.309  ev +0.99  adv_std 0.829  tR +0.25  ent[s/d/p/e] 0.91/0.68/0.87/0.25  emits 4.24  spf 226.3  z0 0.01  garr 313.4  tG 1594  e2 0.70  nF 18.8  pS 0.27  ptS 0.26  fLog 0.70  pdΔ -0.2277  pkR 7.17  clip 0.34  kl +0.036
upd  431  steps 14155776  sps 6091  opp rand  loss +0.049  pg -0.0062  v 0.309  ev +0.99  adv_std 0.823  tR +0.54  ent[s/d/p/e] 0.94/0.66/0.87/0.23  emits 4.46  spf 232.1  z0 0.01  garr 315.0  tG 1556  e2 0.71  nF 21.1  pS 0.27  ptS 0.25  fLog 0.71  pdΔ -0.2277  pkR 7.11  clip 0.33  kl +0.031
upd  432  steps 14188544  sps 6091  opp frzn  loss +0.036  pg -0.0061  v 0.246  ev +0.99  adv_std 0.743  tR +0.33  ent[s/d/p/e] 0.91/0.67/0.87/0.26  emits 4.03  spf 221.7  z0 0.01  garr 304.1  tG 1477  e2 0.68  nF 19.5  pS 0.27  ptS 0.26  fLog 0.70  pdΔ -0.2272  pkR 7.18  clip 0.34  kl +0.031
upd  433  steps 14221312  sps 6093  opp rand  loss +0.050  pg -0.0077  v 0.322  ev +0.99  adv_std 0.842  tR +0.47  ent[s/d/p/e] 1.00/0.76/0.84/0.22  emits 4.45  spf 225.3  z0 0.01  garr 301.2  tG 1498  e2 0.71  nF 21.6  pS 0.29  ptS 0.28  fLog 0.70  pdΔ -0.2065  pkR 6.50  clip 0.34  kl +0.034
upd  434  steps 14254080  sps 6093  opp frzn  loss +0.038  pg -0.0087  v 0.272  ev +0.99  adv_std 0.783  tR +0.34  ent[s/d/p/e] 1.01/0.87/0.89/0.28  emits 4.01  spf 183.4  z0 0.01  garr 265.5  tG 1270  e2 0.70  nF 22.7  pS 0.27  ptS 0.27  fLog 0.65  pdΔ -0.2253  pkR 7.68  clip 0.35  kl +0.033
upd  435  steps 14286848  sps 6093  opp frzn  loss +0.049  pg -0.0043  v 0.300  ev +0.99  adv_std 0.812  tR +0.31  ent[s/d/p/e] 0.88/0.59/0.89/0.22  emits 4.59  spf 225.4  z0 0.01  garr 331.5  tG 1490  e2 0.73  nF 19.2  pS 0.26  ptS 0.24  fLog 0.72  pdΔ -0.2430  pkR 5.64  clip 0.33  kl +0.032
upd  436  steps 14319616  sps 6095  opp rand  loss +0.042  pg -0.0069  v 0.280  ev +0.99  adv_std 0.794  tR +0.49  ent[s/d/p/e] 0.89/0.75/0.88/0.24  emits 4.34  spf 188.2  z0 0.02  garr 273.5  tG 1232  e2 0.71  nF 21.8  pS 0.25  ptS 0.24  fLog 0.67  pdΔ -0.2454  pkR 6.94  clip 0.35  kl +0.034
upd  437  steps 14352384  sps 6096  opp rand  loss +0.053  pg -0.0034  v 0.315  ev +0.99  adv_std 0.834  tR +0.36  ent[s/d/p/e] 0.93/0.72/0.92/0.22  emits 4.45  spf 209.7  z0 0.01  garr 290.3  tG 1470  e2 0.71  nF 21.1  pS 0.28  ptS 0.26  fLog 0.69  pdΔ -0.2215  pkR 7.38  clip 0.35  kl +0.036
upd  438  steps 14385152  sps 6097  opp rand  loss +0.045  pg -0.0064  v 0.293  ev +0.99  adv_std 0.803  tR +0.45  ent[s/d/p/e] 0.99/0.86/0.90/0.23  emits 4.35  spf 190.6  z0 0.01  garr 267.6  tG 1276  e2 0.70  nF 24.8  pS 0.27  ptS 0.26  fLog 0.66  pdΔ -0.2257  pkR 8.82  clip 0.35  kl +0.036
upd  439  steps 14417920  sps 6097  opp frzn  loss +0.048  pg -0.0088  v 0.318  ev +0.99  adv_std 0.839  tR +0.53  ent[s/d/p/e] 0.92/0.72/0.93/0.25  emits 4.46  spf 193.1  z0 0.01  garr 297.7  tG 1379  e2 0.74  nF 22.1  pS 0.27  ptS 0.25  fLog 0.69  pdΔ -0.2292  pkR 8.74  clip 0.33  kl +0.035
upd  440  steps 14450688  sps 6098  opp frzn  loss +0.055  pg -0.0054  v 0.332  ev +0.99  adv_std 0.849  tR +0.06  ent[s/d/p/e] 0.89/0.56/0.84/0.23  emits 4.41  spf 250.4  z0 0.02  garr 348.4  tG 1551  e2 0.71  nF 17.6  pS 0.26  ptS 0.24  fLog 0.73  pdΔ -0.2445  pkR 7.59  clip 0.33  kl +0.030
upd  441  steps 14483456  sps 6098  opp frzn  loss +0.047  pg -0.0084  v 0.311  ev +0.99  adv_std 0.826  tR +0.37  ent[s/d/p/e] 0.95/0.65/0.90/0.25  emits 4.30  spf 214.6  z0 0.01  garr 339.3  tG 1425  e2 0.69  nF 20.1  pS 0.27  ptS 0.25  fLog 0.70  pdΔ -0.2332  pkR 7.73  clip 0.33  kl +0.031
upd  442  steps 14516224  sps 6099  opp rand  loss +0.056  pg -0.0063  v 0.344  ev +0.99  adv_std 0.873  tR +0.29  ent[s/d/p/e] 0.94/0.74/0.87/0.24  emits 4.19  spf 193.7  z0 0.01  garr 270.5  tG 1244  e2 0.67  nF 21.6  pS 0.25  ptS 0.24  fLog 0.67  pdΔ -0.2515  pkR 9.26  clip 0.33  kl +0.035
upd  443  steps 14548992  sps 6100  opp frzn  loss +0.068  pg -0.0081  v 0.415  ev +0.99  adv_std 0.954  tR +0.34  ent[s/d/p/e] 0.96/0.72/0.87/0.23  emits 4.32  spf 205.9  z0 0.02  garr 287.6  tG 1435  e2 0.69  nF 20.4  pS 0.27  ptS 0.26  fLog 0.69  pdΔ -0.2289  pkR 9.53  clip 0.34  kl +0.031
upd  444  steps 14581760  sps 6100  opp frzn  loss +0.058  pg -0.0071  v 0.360  ev +0.99  adv_std 0.888  tR +0.05  ent[s/d/p/e] 0.92/0.71/0.86/0.21  emits 4.41  spf 220.2  z0 0.03  garr 289.4  tG 1377  e2 0.70  nF 19.9  pS 0.24  ptS 0.23  fLog 0.69  pdΔ -0.2585  pkR 10.44  clip 0.34  kl +0.034
upd  445  steps 14614528  sps 6101  opp frzn  loss +0.061  pg -0.0040  v 0.360  ev +0.99  adv_std 0.885  tR +0.09  ent[s/d/p/e] 0.91/0.65/0.86/0.22  emits 4.44  spf 239.7  z0 0.02  garr 337.3  tG 1531  e2 0.70  nF 19.2  pS 0.24  ptS 0.23  fLog 0.72  pdΔ -0.2567  pkR 6.85  clip 0.32  kl +0.034
upd  446  steps 14647296  sps 6102  opp rand  loss +0.060  pg -0.0078  v 0.374  ev +0.99  adv_std 0.904  tR +0.49  ent[s/d/p/e] 0.91/0.71/0.88/0.21  emits 4.36  spf 215.7  z0 0.01  garr 305.2  tG 1295  e2 0.68  nF 20.8  pS 0.24  ptS 0.23  fLog 0.69  pdΔ -0.2552  pkR 7.38  clip 0.34  kl +0.031
upd  447  steps 14680064  sps 6102  opp frzn  loss +0.049  pg -0.0085  v 0.321  ev +0.99  adv_std 0.848  tR +0.41  ent[s/d/p/e] 0.93/0.71/0.87/0.21  emits 4.57  spf 189.5  z0 0.02  garr 290.3  tG 1244  e2 0.71  nF 21.2  pS 0.26  ptS 0.25  fLog 0.68  pdΔ -0.2410  pkR 6.99  clip 0.33  kl +0.032
upd  448  steps 14712832  sps 6103  opp rand  loss +0.077  pg -0.0055  v 0.444  ev +0.99  adv_std 0.976  tR +0.18  ent[s/d/p/e] 0.89/0.60/0.84/0.22  emits 4.45  spf 202.3  z0 0.01  garr 296.7  tG 1266  e2 0.70  nF 19.8  pS 0.25  ptS 0.24  fLog 0.70  pdΔ -0.2484  pkR 9.43  clip 0.33  kl +0.031
upd  449  steps 14745600  sps 6104  opp frzn  loss +0.045  pg -0.0104  v 0.310  ev +0.99  adv_std 0.823  tR +0.42  ent[s/d/p/e] 0.89/0.69/0.92/0.23  emits 4.04  spf 183.7  z0 0.02  garr 257.2  tG 1215  e2 0.65  nF 20.2  pS 0.25  ptS 0.24  fLog 0.66  pdΔ -0.2459  pkR 8.36  clip 0.32  kl +0.030 WRr 0.97 WRf 0.97
upd  450  steps 14778368  sps 6079  opp rand  loss +0.063  pg -0.0068  v 0.379  ev +0.99  adv_std 0.908  tR +0.25  ent[s/d/p/e] 0.87/0.56/0.88/0.22  emits 4.35  spf 188.9  z0 0.02  garr 273.2  tG 1248  e2 0.69  nF 17.2  pS 0.24  ptS 0.23  fLog 0.70  pdΔ -0.2568  pkR 8.18  clip 0.32  kl +0.031
upd  451  steps 14811136  sps 6080  opp rand  loss +0.052  pg -0.0078  v 0.332  ev +0.99  adv_std 0.854  tR +0.26  ent[s/d/p/e] 0.84/0.55/0.83/0.20  emits 4.70  spf 211.9  z0 0.01  garr 309.9  tG 1272  e2 0.73  nF 18.5  pS 0.24  ptS 0.22  fLog 0.70  pdΔ -0.2634  pkR 6.61  clip 0.34  kl +0.034
upd  452  steps 14843904  sps 6081  opp rand  loss +0.046  pg -0.0079  v 0.304  ev +0.99  adv_std 0.817  tR +0.35  ent[s/d/p/e] 0.91/0.60/0.82/0.19  emits 4.86  spf 216.4  z0 0.01  garr 326.9  tG 1365  e2 0.74  nF 20.4  pS 0.26  ptS 0.24  fLog 0.71  pdΔ -0.2438  pkR 6.08  clip 0.33  kl +0.031
upd  453  steps 14876672  sps 6082  opp rand  loss +0.053  pg -0.0066  v 0.331  ev +0.99  adv_std 0.854  tR +0.43  ent[s/d/p/e] 0.89/0.49/0.82/0.19  emits 4.81  spf 227.2  z0 0.01  garr 346.6  tG 1458  e2 0.73  nF 17.6  pS 0.26  ptS 0.24  fLog 0.74  pdΔ -0.2383  pkR 6.88  clip 0.31  kl +0.032
upd  454  steps 14909440  sps 6084  opp rand  loss +0.069  pg -0.0063  v 0.411  ev +0.99  adv_std 0.944  tR +0.59  ent[s/d/p/e] 0.93/0.55/0.86/0.20  emits 4.73  spf 253.7  z0 0.00  garr 365.3  tG 1627  e2 0.73  nF 18.7  pS 0.28  ptS 0.26  fLog 0.74  pdΔ -0.2229  pkR 8.05  clip 0.32  kl +0.030
upd  455  steps 14942208  sps 6085  opp rand  loss +0.041  pg -0.0073  v 0.274  ev +0.99  adv_std 0.781  tR +0.38  ent[s/d/p/e] 0.93/0.72/0.86/0.20  emits 4.33  spf 218.1  z0 0.02  garr 288.1  tG 1329  e2 0.68  nF 21.8  pS 0.26  ptS 0.24  fLog 0.69  pdΔ -0.2444  pkR 7.95  clip 0.34  kl +0.034
upd  456  steps 14974976  sps 6086  opp rand  loss +0.049  pg -0.0028  v 0.289  ev +0.99  adv_std 0.799  tR +0.53  ent[s/d/p/e] 0.92/0.55/0.75/0.19  emits 4.55  spf 238.5  z0 0.01  garr 304.6  tG 1478  e2 0.69  nF 17.8  pS 0.27  ptS 0.25  fLog 0.73  pdΔ -0.2311  pkR 7.08  clip 0.34  kl +0.037
upd  457  steps 15007744  sps 6086  opp frzn  loss +0.064  pg -0.0040  v 0.375  ev +0.99  adv_std 0.904  tR +0.61  ent[s/d/p/e] 0.94/0.57/0.86/0.18  emits 4.79  spf 242.3  z0 0.01  garr 322.8  tG 1580  e2 0.72  nF 19.7  pS 0.27  ptS 0.26  fLog 0.73  pdΔ -0.2260  pkR 7.25  clip 0.34  kl +0.037
upd  458  steps 15040512  sps 6087  opp frzn  loss +0.046  pg -0.0078  v 0.300  ev +0.99  adv_std 0.811  tR +0.25  ent[s/d/p/e] 0.85/0.51/0.84/0.19  emits 4.46  spf 236.7  z0 0.01  garr 323.5  tG 1361  e2 0.68  nF 16.8  pS 0.23  ptS 0.22  fLog 0.73  pdΔ -0.2720  pkR 11.61  clip 0.30  kl +0.025
upd  459  steps 15073280  sps 6088  opp rand  loss +0.072  pg -0.0095  v 0.440  ev +0.99  adv_std 0.982  tR +0.15  ent[s/d/p/e] 0.91/0.58/0.83/0.18  emits 4.83  spf 219.3  z0 0.01  garr 340.1  tG 1336  e2 0.71  nF 19.1  pS 0.25  ptS 0.23  fLog 0.72  pdΔ -0.2534  pkR 5.69  clip 0.31  kl +0.029
upd  460  steps 15106048  sps 6089  opp rand  loss +0.045  pg -0.0084  v 0.294  ev +0.99  adv_std 0.806  tR +0.56  ent[s/d/p/e] 0.90/0.49/0.70/0.17  emits 4.75  spf 262.7  z0 0.01  garr 349.5  tG 1549  e2 0.71  nF 16.2  pS 0.26  ptS 0.25  fLog 0.75  pdΔ -0.2376  pkR 7.08  clip 0.31  kl +0.030
upd  461  steps 15138816  sps 6090  opp rand  loss +0.049  pg -0.0093  v 0.322  ev +0.99  adv_std 0.840  tR +0.48  ent[s/d/p/e] 0.94/0.58/0.87/0.17  emits 4.90  spf 242.5  z0 0.01  garr 355.5  tG 1608  e2 0.73  nF 18.3  pS 0.26  ptS 0.25  fLog 0.73  pdΔ -0.2364  pkR 8.67  clip 0.31  kl +0.029
upd  462  steps 15171584  sps 6091  opp rand  loss +0.059  pg -0.0074  v 0.364  ev +0.99  adv_std 0.895  tR +0.44  ent[s/d/p/e] 0.90/0.60/0.88/0.21  emits 4.48  spf 202.2  z0 0.01  garr 288.3  tG 1350  e2 0.70  nF 20.7  pS 0.27  ptS 0.25  fLog 0.70  pdΔ -0.2340  pkR 8.39  clip 0.31  kl +0.029
upd  463  steps 15204352  sps 6092  opp rand  loss +0.052  pg -0.0074  v 0.327  ev +0.99  adv_std 0.845  tR +0.57  ent[s/d/p/e] 0.92/0.49/0.86/0.17  emits 4.71  spf 220.7  z0 0.01  garr 323.2  tG 1519  e2 0.70  nF 18.8  pS 0.27  ptS 0.25  fLog 0.73  pdΔ -0.2330  pkR 10.52  clip 0.33  kl +0.031
upd  464  steps 15237120  sps 6093  opp frzn  loss +0.047  pg -0.0075  v 0.305  ev +0.99  adv_std 0.819  tR +0.42  ent[s/d/p/e] 0.93/0.60/0.90/0.19  emits 4.37  spf 204.5  z0 0.01  garr 292.6  tG 1372  e2 0.67  nF 19.2  pS 0.26  ptS 0.25  fLog 0.71  pdΔ -0.2377  pkR 6.76  clip 0.32  kl +0.030
upd  465  steps 15269888  sps 6093  opp frzn  loss +0.053  pg -0.0087  v 0.340  ev +0.99  adv_std 0.864  tR +0.02  ent[s/d/p/e] 0.89/0.63/0.92/0.20  emits 4.36  spf 200.1  z0 0.02  garr 285.9  tG 1308  e2 0.67  nF 18.1  pS 0.25  ptS 0.24  fLog 0.69  pdΔ -0.2515  pkR 9.15  clip 0.32  kl +0.026
upd  466  steps 15302656  sps 6094  opp frzn  loss +0.054  pg -0.0084  v 0.343  ev +0.99  adv_std 0.867  tR +0.05  ent[s/d/p/e] 0.84/0.53/0.83/0.22  emits 4.28  spf 244.2  z0 0.01  garr 325.4  tG 1485  e2 0.68  nF 15.4  pS 0.25  ptS 0.23  fLog 0.72  pdΔ -0.2524  pkR 7.61  clip 0.29  kl +0.022
upd  467  steps 15335424  sps 6094  opp frzn  loss +0.053  pg -0.0069  v 0.330  ev +0.99  adv_std 0.849  tR +0.41  ent[s/d/p/e] 0.81/0.47/0.88/0.19  emits 4.56  spf 240.7  z0 0.01  garr 345.2  tG 1388  e2 0.70  nF 15.1  pS 0.23  ptS 0.22  fLog 0.73  pdΔ -0.2669  pkR 7.02  clip 0.32  kl +0.029
upd  468  steps 15368192  sps 6094  opp frzn  loss +0.056  pg -0.0076  v 0.349  ev +0.99  adv_std 0.877  tR -0.02  ent[s/d/p/e] 0.86/0.39/0.78/0.20  emits 4.37  spf 277.1  z0 0.01  garr 388.6  tG 1698  e2 0.67  nF 13.8  pS 0.27  ptS 0.25  fLog 0.78  pdΔ -0.2265  pkR 8.86  clip 0.30  kl +0.028
upd  469  steps 15400960  sps 6095  opp rand  loss +0.074  pg -0.0080  v 0.443  ev +0.99  adv_std 0.974  tR +0.34  ent[s/d/p/e] 0.94/0.56/0.85/0.19  emits 4.52  spf 241.6  z0 0.01  garr 330.9  tG 1502  e2 0.68  nF 18.1  pS 0.27  ptS 0.25  fLog 0.73  pdΔ -0.2328  pkR 9.25  clip 0.31  kl +0.026
upd  470  steps 15433728  sps 6096  opp frzn  loss +0.056  pg -0.0087  v 0.355  ev +0.99  adv_std 0.874  tR +0.28  ent[s/d/p/e] 0.92/0.46/0.80/0.20  emits 4.47  spf 239.5  z0 0.01  garr 358.0  tG 1535  e2 0.68  nF 17.2  pS 0.27  ptS 0.26  fLog 0.75  pdΔ -0.2274  pkR 6.14  clip 0.30  kl +0.024
upd  471  steps 15466496  sps 6096  opp frzn  loss +0.069  pg -0.0065  v 0.406  ev +0.99  adv_std 0.944  tR +0.12  ent[s/d/p/e] 0.85/0.43/0.82/0.18  emits 4.41  spf 247.7  z0 0.01  garr 334.3  tG 1441  e2 0.66  nF 14.8  pS 0.25  ptS 0.23  fLog 0.75  pdΔ -0.2519  pkR 6.55  clip 0.31  kl +0.027
upd  472  steps 15499264  sps 6097  opp rand  loss +0.051  pg -0.0083  v 0.326  ev +0.99  adv_std 0.844  tR +0.19  ent[s/d/p/e] 0.87/0.39/0.76/0.16  emits 4.93  spf 215.0  z0 0.01  garr 344.5  tG 1400  e2 0.72  nF 14.7  pS 0.24  ptS 0.22  fLog 0.75  pdΔ -0.2639  pkR 7.24  clip 0.31  kl +0.027
upd  473  steps 15532032  sps 6098  opp frzn  loss +0.070  pg -0.0059  v 0.408  ev +0.99  adv_std 0.947  tR +0.39  ent[s/d/p/e] 0.82/0.41/0.84/0.18  emits 4.67  spf 202.8  z0 0.01  garr 341.2  tG 1263  e2 0.71  nF 15.1  pS 0.23  ptS 0.22  fLog 0.73  pdΔ -0.2688  pkR 8.35  clip 0.32  kl +0.030
upd  474  steps 15564800  sps 6098  opp frzn  loss +0.043  pg -0.0077  v 0.282  ev +0.99  adv_std 0.784  tR -0.08  ent[s/d/p/e] 0.87/0.36/0.67/0.18  emits 4.73  spf 267.6  z0 0.01  garr 399.0  tG 1629  e2 0.71  nF 14.3  pS 0.25  ptS 0.23  fLog 0.78  pdΔ -0.2518  pkR 6.36  clip 0.30  kl +0.027
upd  475  steps 15597568  sps 6099  opp rand  loss +0.050  pg -0.0061  v 0.310  ev +0.99  adv_std 0.825  tR +0.59  ent[s/d/p/e] 0.90/0.44/0.71/0.15  emits 4.71  spf 264.9  z0 0.01  garr 408.7  tG 1441  e2 0.68  nF 16.2  pS 0.24  ptS 0.22  fLog 0.77  pdΔ -0.2627  pkR 6.49  clip 0.30  kl +0.031
upd  476  steps 15630336  sps 6100  opp frzn  loss +0.070  pg -0.0059  v 0.410  ev +0.99  adv_std 0.938  tR +0.27  ent[s/d/p/e] 0.87/0.39/0.82/0.19  emits 4.45  spf 236.1  z0 0.00  garr 367.7  tG 1403  e2 0.68  nF 15.1  pS 0.25  ptS 0.24  fLog 0.76  pdΔ -0.2531  pkR 6.06  clip 0.31  kl +0.025
upd  477  steps 15663104  sps 6101  opp rand  loss +0.063  pg -0.0067  v 0.377  ev +0.99  adv_std 0.907  tR +0.37  ent[s/d/p/e] 0.92/0.48/0.80/0.18  emits 4.68  spf 212.5  z0 0.01  garr 319.6  tG 1360  e2 0.70  nF 16.8  pS 0.26  ptS 0.24  fLog 0.74  pdΔ -0.2413  pkR 7.12  clip 0.31  kl +0.028
upd  478  steps 15695872  sps 6101  opp frzn  loss +0.055  pg -0.0099  v 0.353  ev +0.99  adv_std 0.883  tR +0.67  ent[s/d/p/e] 0.85/0.45/0.82/0.17  emits 4.55  spf 261.7  z0 0.01  garr 352.9  tG 1504  e2 0.68  nF 16.0  pS 0.24  ptS 0.22  fLog 0.75  pdΔ -0.2618  pkR 7.97  clip 0.30  kl +0.027
upd  479  steps 15728640  sps 6101  opp frzn  loss +0.038  pg -0.0096  v 0.267  ev +0.99  adv_std 0.765  tR +0.19  ent[s/d/p/e] 0.84/0.39/0.78/0.20  emits 4.28  spf 274.1  z0 0.01  garr 347.8  tG 1589  e2 0.66  nF 13.8  pS 0.24  ptS 0.22  fLog 0.76  pdΔ -0.2603  pkR 11.11  clip 0.29  kl +0.022
upd  480  steps 15761408  sps 6102  opp frzn  loss +0.055  pg -0.0078  v 0.346  ev +0.99  adv_std 0.872  tR +0.25  ent[s/d/p/e] 0.87/0.38/0.82/0.16  emits 4.59  spf 252.2  z0 0.02  garr 383.6  tG 1456  e2 0.66  nF 15.0  pS 0.24  ptS 0.22  fLog 0.76  pdΔ -0.2587  pkR 6.34  clip 0.30  kl +0.027
upd  481  steps 15794176  sps 6102  opp frzn  loss +0.068  pg -0.0023  v 0.379  ev +0.99  adv_std 0.898  tR -0.06  ent[s/d/p/e] 0.84/0.37/0.72/0.17  emits 4.64  spf 254.2  z0 0.00  garr 402.8  tG 1529  e2 0.71  nF 12.1  pS 0.23  ptS 0.22  fLog 0.77  pdΔ -0.2658  pkR 7.05  clip 0.28  kl +0.027
upd  482  steps 15826944  sps 6103  opp frzn  loss +0.076  pg -0.0037  v 0.431  ev +0.99  adv_std 0.963  tR +0.42  ent[s/d/p/e] 0.85/0.43/0.87/0.17  emits 4.50  spf 229.1  z0 0.01  garr 354.3  tG 1406  e2 0.67  nF 14.9  pS 0.24  ptS 0.23  fLog 0.75  pdΔ -0.2566  pkR 6.51  clip 0.30  kl +0.024
upd  483  steps 15859712  sps 6104  opp rand  loss +0.061  pg -0.0083  v 0.376  ev +0.99  adv_std 0.908  tR +0.42  ent[s/d/p/e] 0.96/0.52/0.78/0.19  emits 4.29  spf 224.6  z0 0.01  garr 314.1  tG 1377  e2 0.64  nF 17.9  pS 0.27  ptS 0.25  fLog 0.73  pdΔ -0.2298  pkR 8.64  clip 0.30  kl +0.030
upd  484  steps 15892480  sps 6104  opp frzn  loss +0.068  pg -0.0068  v 0.404  ev +0.99  adv_std 0.938  tR +0.31  ent[s/d/p/e] 0.99/0.53/0.79/0.21  emits 4.18  spf 214.0  z0 0.01  garr 297.8  tG 1369  e2 0.65  nF 17.6  pS 0.28  ptS 0.26  fLog 0.72  pdΔ -0.2175  pkR 9.08  clip 0.32  kl +0.031
upd  485  steps 15925248  sps 6104  opp frzn  loss +0.055  pg -0.0075  v 0.340  ev +0.99  adv_std 0.866  tR -0.02  ent[s/d/p/e] 0.86/0.35/0.68/0.18  emits 4.58  spf 270.9  z0 0.01  garr 371.4  tG 1639  e2 0.70  nF 12.9  pS 0.26  ptS 0.24  fLog 0.78  pdΔ -0.2389  pkR 6.58  clip 0.29  kl +0.028
upd  486  steps 15958016  sps 6105  opp frzn  loss +0.067  pg -0.0026  v 0.377  ev +0.99  adv_std 0.903  tR +0.41  ent[s/d/p/e] 0.89/0.48/0.82/0.15  emits 4.49  spf 255.0  z0 0.02  garr 351.7  tG 1432  e2 0.64  nF 15.7  pS 0.22  ptS 0.21  fLog 0.75  pdΔ -0.2785  pkR 8.13  clip 0.31  kl +0.029
upd  487  steps 15990784  sps 6105  opp frzn  loss +0.068  pg -0.0061  v 0.401  ev +0.99  adv_std 0.926  tR +0.21  ent[s/d/p/e] 0.80/0.40/0.79/0.18  emits 4.20  spf 217.3  z0 0.03  garr 308.0  tG 1180  e2 0.62  nF 14.1  pS 0.23  ptS 0.21  fLog 0.74  pdΔ -0.2742  pkR 6.95  clip 0.27  kl +0.024
upd  488  steps 16023552  sps 6106  opp rand  loss +0.051  pg -0.0078  v 0.324  ev +0.99  adv_std 0.845  tR +0.16  ent[s/d/p/e] 0.88/0.45/0.83/0.18  emits 4.12  spf 204.5  z0 0.02  garr 295.7  tG 1187  e2 0.62  nF 15.0  pS 0.24  ptS 0.23  fLog 0.73  pdΔ -0.2590  pkR 7.63  clip 0.31  kl +0.030
upd  489  steps 16056320  sps 6107  opp frzn  loss +0.054  pg -0.0055  v 0.328  ev +0.99  adv_std 0.846  tR +0.39  ent[s/d/p/e] 0.88/0.45/0.82/0.17  emits 4.64  spf 232.0  z0 0.01  garr 347.8  tG 1486  e2 0.69  nF 14.9  pS 0.27  ptS 0.25  fLog 0.75  pdΔ -0.2304  pkR 7.11  clip 0.32  kl +0.031
upd  490  steps 16089088  sps 6107  opp frzn  loss +0.051  pg -0.0076  v 0.321  ev +0.99  adv_std 0.836  tR +0.26  ent[s/d/p/e] 0.87/0.44/0.80/0.20  emits 4.36  spf 227.7  z0 0.01  garr 333.5  tG 1360  e2 0.67  nF 15.1  pS 0.25  ptS 0.23  fLog 0.73  pdΔ -0.2534  pkR 8.19  clip 0.29  kl +0.024
upd  491  steps 16121856  sps 6107  opp frzn  loss +0.067  pg -0.0081  v 0.404  ev +0.99  adv_std 0.935  tR +0.43  ent[s/d/p/e] 0.83/0.34/0.82/0.17  emits 4.74  spf 228.6  z0 0.01  garr 348.0  tG 1448  e2 0.71  nF 13.6  pS 0.23  ptS 0.22  fLog 0.76  pdΔ -0.2688  pkR 8.23  clip 0.28  kl +0.022
upd  492  steps 16154624  sps 6108  opp rand  loss +0.058  pg -0.0096  v 0.368  ev +0.99  adv_std 0.896  tR +0.03  ent[s/d/p/e] 0.86/0.43/0.79/0.17  emits 4.21  spf 207.7  z0 0.01  garr 290.4  tG 1170  e2 0.62  nF 14.4  pS 0.23  ptS 0.22  fLog 0.73  pdΔ -0.2659  pkR 7.31  clip 0.29  kl +0.027
upd  493  steps 16187392  sps 6109  opp rand  loss +0.052  pg -0.0085  v 0.337  ev +0.99  adv_std 0.860  tR +0.50  ent[s/d/p/e] 1.01/0.50/0.83/0.19  emits 4.49  spf 214.6  z0 0.01  garr 313.6  tG 1461  e2 0.68  nF 16.7  pS 0.30  ptS 0.28  fLog 0.74  pdΔ -0.1969  pkR 4.90  clip 0.32  kl +0.029
upd  494  steps 16220160  sps 6110  opp frzn  loss +0.045  pg -0.0072  v 0.291  ev +0.99  adv_std 0.801  tR +0.17  ent[s/d/p/e] 0.93/0.43/0.76/0.18  emits 4.34  spf 228.7  z0 0.01  garr 310.5  tG 1499  e2 0.65  nF 15.4  pS 0.28  ptS 0.26  fLog 0.75  pdΔ -0.2241  pkR 8.11  clip 0.30  kl +0.027
upd  495  steps 16252928  sps 6110  opp frzn  loss +0.056  pg -0.0080  v 0.348  ev +0.99  adv_std 0.875  tR -0.03  ent[s/d/p/e] 0.88/0.41/0.71/0.18  emits 4.26  spf 266.1  z0 0.01  garr 351.7  tG 1570  e2 0.63  nF 13.7  pS 0.25  ptS 0.23  fLog 0.77  pdΔ -0.2494  pkR 5.31  clip 0.30  kl +0.029
upd  496  steps 16285696  sps 6110  opp frzn  loss +0.057  pg -0.0074  v 0.353  ev +0.99  adv_std 0.873  tR +0.32  ent[s/d/p/e] 0.83/0.35/0.81/0.17  emits 4.50  spf 250.2  z0 0.01  garr 356.7  tG 1460  e2 0.68  nF 12.9  pS 0.23  ptS 0.22  fLog 0.77  pdΔ -0.2657  pkR 7.32  clip 0.30  kl +0.026
upd  497  steps 16318464  sps 6111  opp rand  loss +0.064  pg -0.0094  v 0.398  ev +0.99  adv_std 0.934  tR +0.30  ent[s/d/p/e] 0.85/0.43/0.85/0.17  emits 4.60  spf 214.6  z0 0.01  garr 338.1  tG 1408  e2 0.69  nF 14.7  pS 0.24  ptS 0.23  fLog 0.73  pdΔ -0.2592  pkR 10.71  clip 0.29  kl +0.026
upd  498  steps 16351232  sps 6112  opp frzn  loss +0.067  pg -0.0060  v 0.395  ev +0.99  adv_std 0.931  tR +0.21  ent[s/d/p/e] 0.82/0.38/0.81/0.19  emits 4.30  spf 199.4  z0 0.01  garr 311.2  tG 1269  e2 0.66  nF 13.3  pS 0.25  ptS 0.24  fLog 0.73  pdΔ -0.2536  pkR 7.20  clip 0.31  kl +0.034
upd  499  steps 16384000  sps 6113  opp rand  loss +0.047  pg -0.0091  v 0.309  ev +0.99  adv_std 0.818  tR +0.18  ent[s/d/p/e] 0.86/0.37/0.77/0.17  emits 4.51  spf 249.7  z0 0.01  garr 367.2  tG 1480  e2 0.67  nF 13.8  pS 0.24  ptS 0.23  fLog 0.76  pdΔ -0.2586  pkR 5.30  clip 0.27  kl +0.022 WRr 0.88 WRf 0.91
upd  500  steps 16416768  sps 6089  opp rand  loss +0.048  pg -0.0085  v 0.312  ev +0.99  adv_std 0.824  tR +0.38  ent[s/d/p/e] 0.90/0.46/0.79/0.18  emits 4.40  spf 247.6  z0 0.00  garr 327.1  tG 1544  e2 0.66  nF 15.5  pS 0.25  ptS 0.24  fLog 0.76  pdΔ -0.2474  pkR 6.33  clip 0.30  kl +0.023
upd  501  steps 16449536  sps 6090  opp rand  loss +0.051  pg -0.0075  v 0.322  ev +0.99  adv_std 0.836  tR +0.51  ent[s/d/p/e] 0.94/0.39/0.78/0.17  emits 4.63  spf 252.0  z0 0.01  garr 339.2  tG 1758  e2 0.69  nF 14.5  pS 0.27  ptS 0.26  fLog 0.77  pdΔ -0.2292  pkR 6.68  clip 0.30  kl +0.025
upd  502  steps 16482304  sps 6090  opp frzn  loss +0.052  pg -0.0071  v 0.323  ev +0.99  adv_std 0.839  tR +0.68  ent[s/d/p/e] 0.86/0.38/0.82/0.16  emits 4.67  spf 235.3  z0 0.01  garr 371.1  tG 1522  e2 0.69  nF 15.8  pS 0.25  ptS 0.24  fLog 0.76  pdΔ -0.2528  pkR 6.38  clip 0.29  kl +0.026
upd  503  steps 16515072  sps 6091  opp frzn  loss +0.054  pg -0.0072  v 0.334  ev +0.99  adv_std 0.855  tR +0.26  ent[s/d/p/e] 0.82/0.37/0.86/0.18  emits 4.43  spf 213.0  z0 0.01  garr 345.5  tG 1366  e2 0.66  nF 14.4  pS 0.23  ptS 0.22  fLog 0.74  pdΔ -0.2697  pkR 8.64  clip 0.30  kl +0.031
upd  504  steps 16547840  sps 6092  opp rand  loss +0.064  pg -0.0053  v 0.371  ev +0.99  adv_std 0.896  tR +0.06  ent[s/d/p/e] 0.81/0.33/0.73/0.15  emits 4.79  spf 220.5  z0 0.00  garr 341.4  tG 1328  e2 0.70  nF 12.4  pS 0.24  ptS 0.22  fLog 0.75  pdΔ -0.2646  pkR 6.21  clip 0.31  kl +0.032
upd  505  steps 16580608  sps 6092  opp frzn  loss +0.042  pg -0.0071  v 0.275  ev +0.99  adv_std 0.779  tR +0.18  ent[s/d/p/e] 0.84/0.37/0.79/0.15  emits 4.86  spf 249.8  z0 0.00  garr 410.2  tG 1614  e2 0.71  nF 13.5  pS 0.24  ptS 0.22  fLog 0.77  pdΔ -0.2566  pkR 6.10  clip 0.30  kl +0.026
upd  506  steps 16613376  sps 6093  opp frzn  loss +0.050  pg -0.0076  v 0.317  ev +0.99  adv_std 0.841  tR +0.12  ent[s/d/p/e] 0.85/0.43/0.79/0.18  emits 4.29  spf 245.9  z0 0.01  garr 340.5  tG 1537  e2 0.65  nF 13.8  pS 0.25  ptS 0.24  fLog 0.75  pdΔ -0.2533  pkR 6.79  clip 0.32  kl +0.028
upd  507  steps 16646144  sps 6093  opp frzn  loss +0.044  pg -0.0086  v 0.293  ev +0.99  adv_std 0.803  tR +0.06  ent[s/d/p/e] 0.87/0.40/0.77/0.19  emits 4.48  spf 256.2  z0 0.00  garr 381.9  tG 1665  e2 0.69  nF 13.1  pS 0.25  ptS 0.23  fLog 0.77  pdΔ -0.2548  pkR 6.66  clip 0.30  kl +0.024
upd  508  steps 16678912  sps 6093  opp frzn  loss +0.051  pg -0.0085  v 0.329  ev +0.99  adv_std 0.850  tR -0.23  ent[s/d/p/e] 0.90/0.46/0.72/0.21  emits 4.15  spf 282.5  z0 0.00  garr 378.8  tG 1737  e2 0.65  nF 14.2  pS 0.26  ptS 0.24  fLog 0.76  pdΔ -0.2377  pkR 6.00  clip 0.31  kl +0.026
upd  509  steps 16711680  sps 6094  opp frzn  loss +0.052  pg -0.0070  v 0.324  ev +0.99  adv_std 0.837  tR +0.32  ent[s/d/p/e] 0.90/0.39/0.79/0.18  emits 4.32  spf 259.1  z0 0.01  garr 350.8  tG 1653  e2 0.65  nF 14.1  pS 0.25  ptS 0.24  fLog 0.76  pdΔ -0.2460  pkR 7.36  clip 0.29  kl +0.025
upd  510  steps 16744448  sps 6094  opp frzn  loss +0.049  pg -0.0083  v 0.317  ev +0.99  adv_std 0.836  tR +0.11  ent[s/d/p/e] 0.88/0.43/0.81/0.18  emits 4.35  spf 267.6  z0 0.01  garr 349.4  tG 1679  e2 0.67  nF 14.9  pS 0.26  ptS 0.24  fLog 0.76  pdΔ -0.2393  pkR 6.72  clip 0.30  kl +0.025
upd  511  steps 16777216  sps 6095  opp rand  loss +0.065  pg -0.0075  v 0.391  ev +0.99  adv_std 0.918  tR +0.46  ent[s/d/p/e] 0.88/0.39/0.83/0.16  emits 4.55  spf 230.1  z0 0.01  garr 346.4  tG 1555  e2 0.69  nF 15.0  pS 0.25  ptS 0.23  fLog 0.75  pdΔ -0.2499  pkR 7.80  clip 0.29  kl +0.023
upd  512  steps 16809984  sps 6096  opp rand  loss +0.061  pg -0.0079  v 0.374  ev +0.99  adv_std 0.905  tR +0.52  ent[s/d/p/e] 0.89/0.38/0.81/0.15  emits 4.69  spf 240.3  z0 0.01  garr 356.7  tG 1609  e2 0.69  nF 15.1  pS 0.25  ptS 0.24  fLog 0.76  pdΔ -0.2450  pkR 7.15  clip 0.30  kl +0.029
upd  513  steps 16842752  sps 6097  opp rand  loss +0.059  pg -0.0073  v 0.359  ev +0.99  adv_std 0.888  tR +0.51  ent[s/d/p/e] 0.85/0.40/0.82/0.16  emits 4.57  spf 215.2  z0 0.01  garr 315.1  tG 1336  e2 0.68  nF 14.4  pS 0.25  ptS 0.23  fLog 0.74  pdΔ -0.2543  pkR 8.29  clip 0.31  kl +0.023
upd  514  steps 16875520  sps 6097  opp frzn  loss +0.063  pg -0.0070  v 0.379  ev +0.99  adv_std 0.908  tR +0.46  ent[s/d/p/e] 0.85/0.44/0.85/0.17  emits 4.43  spf 227.8  z0 0.01  garr 319.8  tG 1369  e2 0.68  nF 16.2  pS 0.25  ptS 0.23  fLog 0.73  pdΔ -0.2538  pkR 6.14  clip 0.31  kl +0.030
upd  515  steps 16908288  sps 6098  opp rand  loss +0.073  pg -0.0082  v 0.436  ev +0.99  adv_std 0.967  tR +0.44  ent[s/d/p/e] 0.87/0.45/0.82/0.17  emits 4.30  spf 212.9  z0 0.01  garr 288.4  tG 1253  e2 0.65  nF 14.9  pS 0.24  ptS 0.22  fLog 0.73  pdΔ -0.2608  pkR 6.86  clip 0.29  kl +0.025
upd  516  steps 16941056  sps 6099  opp frzn  loss +0.047  pg -0.0080  v 0.303  ev +0.99  adv_std 0.816  tR +0.16  ent[s/d/p/e] 0.79/0.35/0.76/0.17  emits 4.48  spf 228.1  z0 0.01  garr 351.7  tG 1340  e2 0.68  nF 13.1  pS 0.22  ptS 0.21  fLog 0.76  pdΔ -0.2768  pkR 7.65  clip 0.28  kl +0.025
upd  517  steps 16973824  sps 6099  opp frzn  loss +0.051  pg -0.0074  v 0.321  ev +0.99  adv_std 0.841  tR -0.17  ent[s/d/p/e] 0.81/0.31/0.73/0.16  emits 4.42  spf 292.8  z0 0.01  garr 417.8  tG 1666  e2 0.66  nF 11.9  pS 0.24  ptS 0.22  fLog 0.79  pdΔ -0.2612  pkR 5.85  clip 0.29  kl +0.024
upd  518  steps 17006592  sps 6100  opp frzn  loss +0.053  pg -0.0066  v 0.329  ev +0.99  adv_std 0.850  tR -0.03  ent[s/d/p/e] 0.83/0.38/0.75/0.19  emits 4.33  spf 288.8  z0 0.01  garr 387.2  tG 1732  e2 0.69  nF 12.1  pS 0.25  ptS 0.24  fLog 0.77  pdΔ -0.2467  pkR 6.65  clip 0.29  kl +0.024
upd  519  steps 17039360  sps 6101  opp rand  loss +0.046  pg -0.0100  v 0.308  ev +0.99  adv_std 0.821  tR +0.63  ent[s/d/p/e] 0.89/0.40/0.80/0.14  emits 4.89  spf 252.8  z0 0.01  garr 370.7  tG 1737  e2 0.71  nF 13.9  pS 0.26  ptS 0.25  fLog 0.77  pdΔ -0.2394  pkR 7.27  clip 0.28  kl +0.025
upd  520  steps 17072128  sps 6101  opp rand  loss +0.057  pg -0.0083  v 0.354  ev +0.99  adv_std 0.882  tR +0.38  ent[s/d/p/e] 0.85/0.37/0.79/0.15  emits 4.79  spf 225.6  z0 0.01  garr 350.3  tG 1456  e2 0.71  nF 13.9  pS 0.24  ptS 0.22  fLog 0.75  pdΔ -0.2588  pkR 7.26  clip 0.29  kl +0.025
upd  521  steps 17104896  sps 6102  opp frzn  loss +0.043  pg -0.0091  v 0.289  ev +0.99  adv_std 0.796  tR +0.33  ent[s/d/p/e] 0.82/0.33/0.81/0.14  emits 4.87  spf 255.9  z0 0.01  garr 404.9  tG 1589  e2 0.71  nF 13.0  pS 0.24  ptS 0.22  fLog 0.78  pdΔ -0.2618  pkR 5.76  clip 0.27  kl +0.026
upd  522  steps 17137664  sps 6102  opp frzn  loss +0.047  pg -0.0081  v 0.302  ev +0.99  adv_std 0.818  tR +0.04  ent[s/d/p/e] 0.77/0.38/0.81/0.15  emits 4.79  spf 248.1  z0 0.01  garr 385.0  tG 1500  e2 0.73  nF 11.5  pS 0.22  ptS 0.20  fLog 0.75  pdΔ -0.2777  pkR 5.95  clip 0.29  kl +0.024
upd  523  steps 17170432  sps 6103  opp frzn  loss +0.045  pg -0.0084  v 0.294  ev +0.99  adv_std 0.805  tR +0.16  ent[s/d/p/e] 0.81/0.35/0.84/0.14  emits 5.09  spf 240.4  z0 0.00  garr 435.8  tG 1668  e2 0.75  nF 11.2  pS 0.23  ptS 0.22  fLog 0.77  pdΔ -0.2665  pkR 6.03  clip 0.29  kl +0.024
upd  524  steps 17203200  sps 6104  opp rand  loss +0.067  pg -0.0073  v 0.403  ev +0.99  adv_std 0.933  tR +0.36  ent[s/d/p/e] 0.84/0.39/0.83/0.15  emits 4.64  spf 215.6  z0 0.01  garr 354.8  tG 1384  e2 0.69  nF 15.5  pS 0.24  ptS 0.22  fLog 0.75  pdΔ -0.2632  pkR 7.56  clip 0.28  kl +0.026
upd  525  steps 17235968  sps 6104  opp frzn  loss +0.045  pg -0.0078  v 0.295  ev +0.99  adv_std 0.803  tR +0.24  ent[s/d/p/e] 0.86/0.32/0.81/0.15  emits 4.59  spf 264.2  z0 0.00  garr 389.5  tG 1689  e2 0.67  nF 13.3  pS 0.26  ptS 0.24  fLog 0.78  pdΔ -0.2447  pkR 5.24  clip 0.27  kl +0.022
upd  526  steps 17268736  sps 6104  opp frzn  loss +0.051  pg -0.0089  v 0.326  ev +0.99  adv_std 0.845  tR +0.48  ent[s/d/p/e] 0.84/0.36/0.84/0.16  emits 4.41  spf 238.1  z0 0.01  garr 349.7  tG 1448  e2 0.65  nF 14.4  pS 0.24  ptS 0.22  fLog 0.75  pdΔ -0.2601  pkR 6.65  clip 0.28  kl +0.026
upd  527  steps 17301504  sps 6105  opp rand  loss +0.052  pg -0.0077  v 0.328  ev +0.99  adv_std 0.847  tR +0.47  ent[s/d/p/e] 0.91/0.39/0.81/0.13  emits 4.72  spf 231.6  z0 0.01  garr 351.0  tG 1466  e2 0.66  nF 15.4  pS 0.26  ptS 0.24  fLog 0.76  pdΔ -0.2435  pkR 7.05  clip 0.29  kl +0.028
upd  528  steps 17334272  sps 6106  opp frzn  loss +0.044  pg -0.0067  v 0.279  ev +0.99  adv_std 0.782  tR +0.38  ent[s/d/p/e] 0.79/0.34/0.66/0.14  emits 4.64  spf 258.1  z0 0.01  garr 396.1  tG 1485  e2 0.67  nF 12.3  pS 0.22  ptS 0.21  fLog 0.77  pdΔ -0.2819  pkR 6.36  clip 0.28  kl +0.026
upd  529  steps 17367040  sps 6106  opp rand  loss +0.057  pg -0.0078  v 0.355  ev +0.99  adv_std 0.878  tR +0.46  ent[s/d/p/e] 0.84/0.37/0.81/0.12  emits 4.80  spf 252.7  z0 0.01  garr 406.0  tG 1580  e2 0.69  nF 13.2  pS 0.23  ptS 0.22  fLog 0.76  pdΔ -0.2698  pkR 8.05  clip 0.27  kl +0.025
upd  530  steps 17399808  sps 6107  opp rand  loss +0.065  pg -0.0072  v 0.391  ev +0.99  adv_std 0.922  tR +0.43  ent[s/d/p/e] 0.85/0.43/0.74/0.16  emits 4.47  spf 200.6  z0 0.01  garr 286.9  tG 1247  e2 0.67  nF 14.7  pS 0.25  ptS 0.23  fLog 0.72  pdΔ -0.2547  pkR 8.18  clip 0.30  kl +0.025
upd  531  steps 17432576  sps 6108  opp frzn  loss +0.052  pg -0.0086  v 0.336  ev +0.99  adv_std 0.859  tR +0.51  ent[s/d/p/e] 0.87/0.44/0.87/0.15  emits 4.87  spf 214.0  z0 0.01  garr 341.1  tG 1491  e2 0.72  nF 16.0  pS 0.26  ptS 0.24  fLog 0.73  pdΔ -0.2425  pkR 7.71  clip 0.30  kl +0.027
upd  532  steps 17465344  sps 6108  opp frzn  loss +0.049  pg -0.0082  v 0.315  ev +0.99  adv_std 0.836  tR +0.33  ent[s/d/p/e] 0.82/0.46/0.80/0.16  emits 4.26  spf 244.8  z0 0.01  garr 330.6  tG 1475  e2 0.63  nF 15.6  pS 0.23  ptS 0.22  fLog 0.74  pdΔ -0.2668  pkR 7.03  clip 0.28  kl +0.027
upd  533  steps 17498112  sps 6108  opp frzn  loss +0.035  pg -0.0081  v 0.246  ev +0.99  adv_std 0.743  tR -0.01  ent[s/d/p/e] 0.85/0.38/0.73/0.17  emits 4.53  spf 275.1  z0 0.00  garr 376.7  tG 1690  e2 0.67  nF 13.0  pS 0.25  ptS 0.24  fLog 0.77  pdΔ -0.2475  pkR 6.94  clip 0.29  kl +0.026
upd  534  steps 17530880  sps 6109  opp frzn  loss +0.059  pg -0.0090  v 0.366  ev +0.99  adv_std 0.900  tR +0.58  ent[s/d/p/e] 0.78/0.30/0.78/0.15  emits 4.78  spf 251.4  z0 0.01  garr 398.2  tG 1565  e2 0.70  nF 12.2  pS 0.24  ptS 0.22  fLog 0.77  pdΔ -0.2636  pkR 6.89  clip 0.28  kl +0.023
upd  535  steps 17563648  sps 6109  opp frzn  loss +0.048  pg -0.0090  v 0.316  ev +0.99  adv_std 0.829  tR +0.16  ent[s/d/p/e] 0.82/0.37/0.84/0.14  emits 4.66  spf 252.8  z0 0.01  garr 375.1  tG 1617  e2 0.68  nF 12.9  pS 0.23  ptS 0.22  fLog 0.77  pdΔ -0.2667  pkR 5.59  clip 0.29  kl +0.024
upd  536  steps 17596416  sps 6110  opp rand  loss +0.055  pg -0.0098  v 0.349  ev +0.99  adv_std 0.870  tR +0.46  ent[s/d/p/e] 0.81/0.29/0.78/0.15  emits 4.92  spf 223.1  z0 0.00  garr 363.9  tG 1428  e2 0.72  nF 12.9  pS 0.24  ptS 0.22  fLog 0.77  pdΔ -0.2612  pkR 6.38  clip 0.27  kl +0.021
upd  537  steps 17629184  sps 6110  opp frzn  loss +0.044  pg -0.0068  v 0.280  ev +0.99  adv_std 0.784  tR +0.43  ent[s/d/p/e] 0.77/0.37/0.91/0.11  emits 5.06  spf 246.7  z0 0.01  garr 427.5  tG 1559  e2 0.72  nF 14.0  pS 0.22  ptS 0.20  fLog 0.77  pdΔ -0.2809  pkR 4.72  clip 0.29  kl +0.026
upd  538  steps 17661952  sps 6111  opp frzn  loss +0.042  pg -0.0073  v 0.275  ev +0.99  adv_std 0.783  tR +0.16  ent[s/d/p/e] 0.73/0.46/0.81/0.17  emits 4.34  spf 215.8  z0 0.01  garr 346.1  tG 1315  e2 0.67  nF 14.0  pS 0.23  ptS 0.22  fLog 0.72  pdΔ -0.2725  pkR 5.56  clip 0.30  kl +0.037
upd  539  steps 17694720  sps 6112  opp rand  loss +0.051  pg -0.0069  v 0.320  ev +0.99  adv_std 0.835  tR +0.38  ent[s/d/p/e] 0.83/0.37/0.85/0.14  emits 5.09  spf 202.4  z0 0.01  garr 348.9  tG 1434  e2 0.75  nF 14.2  pS 0.24  ptS 0.22  fLog 0.74  pdΔ -0.2648  pkR 7.47  clip 0.28  kl +0.023
upd  540  steps 17727488  sps 6113  opp rand  loss +0.050  pg -0.0079  v 0.316  ev +0.99  adv_std 0.835  tR +0.29  ent[s/d/p/e] 0.82/0.34/0.80/0.12  emits 5.06  spf 234.4  z0 0.01  garr 392.7  tG 1565  e2 0.72  nF 13.3  pS 0.23  ptS 0.22  fLog 0.77  pdΔ -0.2674  pkR 8.94  clip 0.27  kl +0.025
upd  541  steps 17760256  sps 6113  opp rand  loss +0.056  pg -0.0082  v 0.352  ev +0.99  adv_std 0.877  tR +0.50  ent[s/d/p/e] 0.87/0.40/0.85/0.13  emits 4.90  spf 241.9  z0 0.01  garr 383.0  tG 1626  e2 0.71  nF 15.0  pS 0.26  ptS 0.24  fLog 0.76  pdΔ -0.2443  pkR 6.13  clip 0.30  kl +0.027
upd  542  steps 17793024  sps 6114  opp frzn  loss +0.049  pg -0.0073  v 0.312  ev +0.99  adv_std 0.825  tR +0.49  ent[s/d/p/e] 0.87/0.34/0.79/0.14  emits 4.89  spf 244.2  z0 0.01  garr 376.2  tG 1693  e2 0.72  nF 14.6  pS 0.25  ptS 0.24  fLog 0.77  pdΔ -0.2479  pkR 5.37  clip 0.28  kl +0.024
upd  543  steps 17825792  sps 6114  opp frzn  loss +0.060  pg -0.0083  v 0.373  ev +0.99  adv_std 0.904  tR +0.45  ent[s/d/p/e] 0.78/0.40/0.89/0.16  emits 4.63  spf 242.3  z0 0.01  garr 383.4  tG 1447  e2 0.69  nF 15.1  pS 0.21  ptS 0.20  fLog 0.75  pdΔ -0.2873  pkR 5.74  clip 0.29  kl +0.028
upd  544  steps 17858560  sps 6114  opp frzn  loss +0.056  pg -0.0076  v 0.348  ev +0.99  adv_std 0.869  tR +0.16  ent[s/d/p/e] 0.84/0.37/0.86/0.15  emits 4.63  spf 221.8  z0 0.01  garr 376.4  tG 1487  e2 0.68  nF 14.4  pS 0.24  ptS 0.23  fLog 0.75  pdΔ -0.2566  pkR 5.65  clip 0.29  kl +0.028
upd  545  steps 17891328  sps 6115  opp rand  loss +0.060  pg -0.0085  v 0.372  ev +0.99  adv_std 0.901  tR +0.21  ent[s/d/p/e] 0.86/0.41/0.85/0.14  emits 4.82  spf 212.7  z0 0.00  garr 360.6  tG 1483  e2 0.71  nF 14.2  pS 0.24  ptS 0.23  fLog 0.74  pdΔ -0.2618  pkR 6.36  clip 0.30  kl +0.028
upd  546  steps 17924096  sps 6116  opp frzn  loss +0.055  pg -0.0091  v 0.352  ev +0.99  adv_std 0.880  tR +0.42  ent[s/d/p/e] 0.84/0.46/0.88/0.13  emits 4.69  spf 222.2  z0 0.02  garr 352.3  tG 1440  e2 0.68  nF 17.2  pS 0.24  ptS 0.23  fLog 0.73  pdΔ -0.2624  pkR 7.48  clip 0.29  kl +0.023
upd  547  steps 17956864  sps 6117  opp rand  loss +0.047  pg -0.0093  v 0.309  ev +0.99  adv_std 0.821  tR +0.41  ent[s/d/p/e] 0.87/0.47/0.80/0.15  emits 4.42  spf 207.3  z0 0.01  garr 308.1  tG 1296  e2 0.65  nF 17.2  pS 0.25  ptS 0.24  fLog 0.72  pdΔ -0.2501  pkR 9.76  clip 0.28  kl +0.024
upd  548  steps 17989632  sps 6117  opp rand  loss +0.057  pg -0.0069  v 0.350  ev +0.99  adv_std 0.872  tR +0.52  ent[s/d/p/e] 0.93/0.43/0.84/0.14  emits 4.79  spf 236.0  z0 0.01  garr 362.4  tG 1561  e2 0.69  nF 17.3  pS 0.27  ptS 0.26  fLog 0.75  pdΔ -0.2316  pkR 5.01  clip 0.29  kl +0.026
upd  549  steps 18022400  sps 6118  opp frzn  loss +0.048  pg -0.0083  v 0.310  ev +0.99  adv_std 0.829  tR +0.32  ent[s/d/p/e] 0.89/0.45/0.73/0.16  emits 4.32  spf 205.8  z0 0.01  garr 307.5  tG 1343  e2 0.63  nF 16.6  pS 0.25  ptS 0.24  fLog 0.73  pdΔ -0.2471  pkR 8.51  clip 0.28  kl +0.025 WRr 0.81 WRf 0.81
upd  550  steps 18055168  sps 6097  opp rand  loss +0.064  pg -0.0082  v 0.390  ev +0.99  adv_std 0.918  tR +0.43  ent[s/d/p/e] 0.89/0.36/0.85/0.15  emits 4.76  spf 209.7  z0 0.00  garr 352.1  tG 1513  e2 0.70  nF 15.0  pS 0.26  ptS 0.25  fLog 0.75  pdΔ -0.2374  pkR 5.87  clip 0.28  kl +0.024
upd  551  steps 18087936  sps 6098  opp rand  loss +0.056  pg -0.0087  v 0.352  ev +0.99  adv_std 0.875  tR +0.42  ent[s/d/p/e] 0.86/0.41/0.84/0.15  emits 4.85  spf 197.7  z0 0.01  garr 323.0  tG 1361  e2 0.71  nF 17.1  pS 0.25  ptS 0.23  fLog 0.73  pdΔ -0.2517  pkR 7.46  clip 0.28  kl +0.025
upd  552  steps 18120704  sps 6099  opp rand  loss +0.049  pg -0.0092  v 0.322  ev +0.99  adv_std 0.832  tR +0.68  ent[s/d/p/e] 0.84/0.38/0.85/0.12  emits 5.12  spf 230.9  z0 0.00  garr 386.5  tG 1680  e2 0.74  nF 13.6  pS 0.26  ptS 0.24  fLog 0.77  pdΔ -0.2431  pkR 6.83  clip 0.28  kl +0.021
upd  553  steps 18153472  sps 6100  opp rand  loss +0.057  pg -0.0087  v 0.359  ev +0.99  adv_std 0.888  tR +0.47  ent[s/d/p/e] 0.91/0.49/0.83/0.14  emits 4.75  spf 226.5  z0 0.00  garr 346.5  tG 1659  e2 0.70  nF 16.5  pS 0.27  ptS 0.25  fLog 0.73  pdΔ -0.2284  pkR 9.74  clip 0.30  kl +0.024
upd  554  steps 18186240  sps 6101  opp rand  loss +0.059  pg -0.0082  v 0.368  ev +0.99  adv_std 0.898  tR +0.54  ent[s/d/p/e] 0.90/0.43/0.83/0.14  emits 4.86  spf 226.4  z0 0.01  garr 367.3  tG 1593  e2 0.71  nF 16.2  pS 0.27  ptS 0.25  fLog 0.75  pdΔ -0.2304  pkR 5.92  clip 0.31  kl +0.028
upd  555  steps 18219008  sps 6102  opp rand  loss +0.049  pg -0.0101  v 0.323  ev +0.99  adv_std 0.842  tR +0.56  ent[s/d/p/e] 0.85/0.41/0.82/0.14  emits 4.93  spf 242.7  z0 0.01  garr 398.3  tG 1674  e2 0.73  nF 15.0  pS 0.25  ptS 0.24  fLog 0.75  pdΔ -0.2478  pkR 5.40  clip 0.29  kl +0.029
upd  556  steps 18251776  sps 6102  opp frzn  loss +0.042  pg -0.0085  v 0.284  ev +0.99  adv_std 0.786  tR +0.19  ent[s/d/p/e] 0.84/0.46/0.84/0.16  emits 4.38  spf 242.1  z0 0.01  garr 359.1  tG 1606  e2 0.67  nF 15.9  pS 0.24  ptS 0.23  fLog 0.74  pdΔ -0.2593  pkR 6.68  clip 0.27  kl +0.019
upd  557  steps 18284544  sps 6103  opp frzn  loss +0.038  pg -0.0095  v 0.264  ev +0.99  adv_std 0.763  tR +0.00  ent[s/d/p/e] 0.85/0.37/0.69/0.17  emits 4.50  spf 274.4  z0 0.00  garr 375.5  tG 1719  e2 0.68  nF 14.4  pS 0.25  ptS 0.24  fLog 0.77  pdΔ -0.2481  pkR 5.28  clip 0.25  kl +0.017
upd  558  steps 18317312  sps 6104  opp rand  loss +0.056  pg -0.0087  v 0.356  ev +0.99  adv_std 0.882  tR +0.74  ent[s/d/p/e] 0.88/0.44/0.91/0.13  emits 4.77  spf 232.7  z0 0.00  garr 389.5  tG 1618  e2 0.69  nF 16.7  pS 0.24  ptS 0.23  fLog 0.74  pdΔ -0.2591  pkR 6.64  clip 0.28  kl +0.025
upd  559  steps 18350080  sps 6104  opp frzn  loss +0.055  pg -0.0071  v 0.343  ev +0.99  adv_std 0.869  tR +0.53  ent[s/d/p/e] 0.85/0.46/0.93/0.14  emits 4.39  spf 197.9  z0 0.02  garr 318.5  tG 1291  e2 0.63  nF 17.1  pS 0.24  ptS 0.22  fLog 0.72  pdΔ -0.2632  pkR 6.26  clip 0.27  kl +0.025
upd  560  steps 18382848  sps 6104  opp frzn  loss +0.065  pg -0.0068  v 0.390  ev +0.99  adv_std 0.916  tR +0.17  ent[s/d/p/e] 0.81/0.42/0.84/0.17  emits 4.23  spf 191.3  z0 0.01  garr 300.3  tG 1269  e2 0.63  nF 15.7  pS 0.24  ptS 0.22  fLog 0.71  pdΔ -0.2639  pkR 11.55  clip 0.29  kl +0.024
upd  561  steps 18415616  sps 6105  opp rand  loss +0.068  pg -0.0092  v 0.418  ev +0.99  adv_std 0.948  tR +0.31  ent[s/d/p/e] 0.87/0.37/0.84/0.14  emits 4.98  spf 219.2  z0 0.00  garr 362.4  tG 1596  e2 0.73  nF 15.2  pS 0.26  ptS 0.25  fLog 0.74  pdΔ -0.2361  pkR 5.99  clip 0.26  kl +0.021
upd  562  steps 18448384  sps 6106  opp rand  loss +0.052  pg -0.0067  v 0.325  ev +0.99  adv_std 0.844  tR +0.61  ent[s/d/p/e] 0.84/0.51/0.83/0.13  emits 4.84  spf 207.5  z0 0.01  garr 340.3  tG 1440  e2 0.71  nF 16.2  pS 0.24  ptS 0.23  fLog 0.71  pdΔ -0.2589  pkR 6.07  clip 0.30  kl +0.026
upd  563  steps 18481152  sps 6107  opp rand  loss +0.069  pg -0.0084  v 0.416  ev +0.99  adv_std 0.953  tR +0.26  ent[s/d/p/e] 0.85/0.44/0.83/0.14  emits 4.74  spf 223.0  z0 0.01  garr 338.9  tG 1488  e2 0.70  nF 14.5  pS 0.24  ptS 0.23  fLog 0.72  pdΔ -0.2578  pkR 6.62  clip 0.28  kl +0.024
upd  564  steps 18513920  sps 6107  opp frzn  loss +0.056  pg -0.0071  v 0.343  ev +0.99  adv_std 0.863  tR +0.43  ent[s/d/p/e] 0.85/0.43/0.77/0.17  emits 4.43  spf 232.9  z0 0.01  garr 336.4  tG 1534  e2 0.68  nF 15.8  pS 0.24  ptS 0.22  fLog 0.74  pdΔ -0.2598  pkR 6.94  clip 0.24  kl +0.019
upd  565  steps 18546688  sps 6108  opp frzn  loss +0.057  pg -0.0096  v 0.363  ev +0.99  adv_std 0.886  tR +0.44  ent[s/d/p/e] 0.83/0.34/0.86/0.13  emits 5.05  spf 228.9  z0 0.01  garr 389.9  tG 1659  e2 0.73  nF 14.1  pS 0.24  ptS 0.22  fLog 0.75  pdΔ -0.2647  pkR 6.78  clip 0.28  kl +0.021
upd  566  steps 18579456  sps 6108  opp rand  loss +0.063  pg -0.0091  v 0.392  ev +0.99  adv_std 0.916  tR +0.32  ent[s/d/p/e] 0.83/0.36/0.83/0.13  emits 4.91  spf 210.4  z0 0.01  garr 369.8  tG 1445  e2 0.71  nF 13.9  pS 0.23  ptS 0.21  fLog 0.74  pdΔ -0.2734  pkR 6.36  clip 0.26  kl +0.021
upd  567  steps 18612224  sps 6109  opp frzn  loss +0.033  pg -0.0089  v 0.236  ev +0.99  adv_std 0.720  tR +0.49  ent[s/d/p/e] 0.82/0.33/0.83/0.10  emits 5.07  spf 253.3  z0 0.00  garr 409.6  tG 1681  e2 0.70  nF 13.3  pS 0.23  ptS 0.22  fLog 0.76  pdΔ -0.2706  pkR 6.50  clip 0.27  kl +0.024
upd  568  steps 18644992  sps 6110  opp rand  loss +0.054  pg -0.0083  v 0.338  ev +0.99  adv_std 0.851  tR +0.34  ent[s/d/p/e] 0.82/0.38/0.80/0.12  emits 5.12  spf 219.9  z0 0.01  garr 402.5  tG 1475  e2 0.73  nF 14.8  pS 0.23  ptS 0.22  fLog 0.75  pdΔ -0.2662  pkR 7.26  clip 0.26  kl +0.022
upd  569  steps 18677760  sps 6110  opp frzn  loss +0.036  pg -0.0094  v 0.257  ev +0.99  adv_std 0.757  tR +0.22  ent[s/d/p/e] 0.81/0.40/0.80/0.14  emits 4.75  spf 258.1  z0 0.00  garr 403.5  tG 1695  e2 0.70  nF 14.8  pS 0.24  ptS 0.22  fLog 0.76  pdΔ -0.2618  pkR 6.98  clip 0.27  kl +0.021
upd  570  steps 18710528  sps 6110  opp frzn  loss +0.048  pg -0.0073  v 0.305  ev +0.99  adv_std 0.811  tR +0.19  ent[s/d/p/e] 0.84/0.36/0.80/0.14  emits 4.70  spf 268.9  z0 0.01  garr 405.4  tG 1759  e2 0.68  nF 14.3  pS 0.25  ptS 0.24  fLog 0.76  pdΔ -0.2528  pkR 8.28  clip 0.27  kl +0.025
upd  571  steps 18743296  sps 6111  opp rand  loss +0.060  pg -0.0096  v 0.378  ev +0.99  adv_std 0.907  tR +0.67  ent[s/d/p/e] 0.86/0.48/0.85/0.15  emits 4.41  spf 210.3  z0 0.01  garr 324.3  tG 1449  e2 0.64  nF 17.0  pS 0.26  ptS 0.25  fLog 0.72  pdΔ -0.2400  pkR 6.55  clip 0.29  kl +0.023
upd  572  steps 18776064  sps 6112  opp rand  loss +0.059  pg -0.0093  v 0.369  ev +0.99  adv_std 0.895  tR +0.51  ent[s/d/p/e] 0.90/0.38/0.79/0.13  emits 4.94  spf 209.1  z0 0.01  garr 332.8  tG 1545  e2 0.71  nF 16.4  pS 0.26  ptS 0.25  fLog 0.74  pdΔ -0.2371  pkR 8.17  clip 0.28  kl +0.024
upd  573  steps 18808832  sps 6112  opp frzn  loss +0.041  pg -0.0096  v 0.278  ev +0.99  adv_std 0.783  tR +0.17  ent[s/d/p/e] 0.82/0.38/0.78/0.13  emits 4.94  spf 249.6  z0 0.01  garr 401.2  tG 1622  e2 0.72  nF 15.0  pS 0.23  ptS 0.21  fLog 0.76  pdΔ -0.2734  pkR 7.82  clip 0.28  kl +0.022
upd  574  steps 18841600  sps 6113  opp frzn  loss +0.053  pg -0.0054  v 0.318  ev +0.99  adv_std 0.833  tR -0.11  ent[s/d/p/e] 0.81/0.32/0.75/0.13  emits 4.86  spf 272.4  z0 0.01  garr 427.6  tG 1734  e2 0.70  nF 13.0  pS 0.23  ptS 0.21  fLog 0.78  pdΔ -0.2735  pkR 5.57  clip 0.28  kl +0.024
upd  575  steps 18874368  sps 6113  opp frzn  loss +0.055  pg -0.0086  v 0.347  ev +0.99  adv_std 0.865  tR +0.12  ent[s/d/p/e] 0.83/0.41/0.82/0.14  emits 4.56  spf 251.8  z0 0.01  garr 385.8  tG 1658  e2 0.67  nF 15.3  pS 0.24  ptS 0.22  fLog 0.75  pdΔ -0.2599  pkR 9.10  clip 0.29  kl +0.025
upd  576  steps 18907136  sps 6114  opp rand  loss +0.069  pg -0.0087  v 0.416  ev +0.99  adv_std 0.948  tR +0.45  ent[s/d/p/e] 0.88/0.38/0.82/0.16  emits 4.58  spf 205.0  z0 0.01  garr 332.6  tG 1465  e2 0.68  nF 16.9  pS 0.26  ptS 0.24  fLog 0.73  pdΔ -0.2437  pkR 7.20  clip 0.27  kl +0.019
upd  577  steps 18939904  sps 6114  opp frzn  loss +0.062  pg -0.0067  v 0.375  ev +0.99  adv_std 0.895  tR +0.04  ent[s/d/p/e] 0.87/0.42/0.84/0.15  emits 4.57  spf 229.7  z0 0.00  garr 370.6  tG 1609  e2 0.68  nF 15.8  pS 0.26  ptS 0.24  fLog 0.73  pdΔ -0.2431  pkR 6.89  clip 0.26  kl +0.021
upd  578  steps 18972672  sps 6114  opp frzn  loss +0.078  pg -0.0059  v 0.449  ev +0.99  adv_std 0.985  tR +0.40  ent[s/d/p/e] 0.85/0.45/0.83/0.15  emits 4.41  spf 214.5  z0 0.01  garr 309.8  tG 1456  e2 0.65  nF 16.1  pS 0.26  ptS 0.24  fLog 0.72  pdΔ -0.2424  pkR 9.59  clip 0.29  kl +0.024
upd  579  steps 19005440  sps 6115  opp frzn  loss +0.042  pg -0.0111  v 0.295  ev +0.99  adv_std 0.802  tR +0.18  ent[s/d/p/e] 0.86/0.40/0.78/0.15  emits 4.57  spf 239.2  z0 0.01  garr 355.9  tG 1592  e2 0.66  nF 15.7  pS 0.27  ptS 0.25  fLog 0.75  pdΔ -0.2330  pkR 5.95  clip 0.27  kl +0.022
upd  580  steps 19038208  sps 6115  opp frzn  loss +0.056  pg -0.0087  v 0.354  ev +0.99  adv_std 0.879  tR +0.31  ent[s/d/p/e] 0.86/0.40/0.81/0.14  emits 4.74  spf 250.4  z0 0.01  garr 371.3  tG 1698  e2 0.69  nF 16.4  pS 0.25  ptS 0.23  fLog 0.76  pdΔ -0.2544  pkR 7.32  clip 0.27  kl +0.022
upd  581  steps 19070976  sps 6116  opp rand  loss +0.077  pg -0.0090  v 0.462  ev +0.99  adv_std 1.001  tR +0.47  ent[s/d/p/e] 0.90/0.51/0.86/0.16  emits 4.31  spf 200.4  z0 0.01  garr 298.2  tG 1318  e2 0.63  nF 19.5  pS 0.24  ptS 0.23  fLog 0.70  pdΔ -0.2623  pkR 7.23  clip 0.27  kl +0.022
upd  582  steps 19103744  sps 6117  opp rand  loss +0.060  pg -0.0061  v 0.360  ev +0.99  adv_std 0.888  tR +0.58  ent[s/d/p/e] 0.92/0.46/0.82/0.12  emits 5.07  spf 184.7  z0 0.01  garr 299.9  tG 1460  e2 0.72  nF 18.8  pS 0.27  ptS 0.26  fLog 0.71  pdΔ -0.2288  pkR 6.64  clip 0.29  kl +0.029
upd  583  steps 19136512  sps 6118  opp rand  loss +0.081  pg -0.0076  v 0.472  ev +0.99  adv_std 1.009  tR +0.37  ent[s/d/p/e] 0.88/0.43/0.83/0.12  emits 4.97  spf 213.8  z0 0.01  garr 353.7  tG 1447  e2 0.70  nF 17.7  pS 0.24  ptS 0.23  fLog 0.73  pdΔ -0.2594  pkR 7.08  clip 0.28  kl +0.023
upd  584  steps 19169280  sps 6118  opp frzn  loss +0.075  pg -0.0069  v 0.438  ev +0.99  adv_std 0.971  tR +0.24  ent[s/d/p/e] 0.87/0.40/0.83/0.13  emits 4.64  spf 238.5  z0 0.00  garr 365.6  tG 1622  e2 0.67  nF 15.8  pS 0.26  ptS 0.24  fLog 0.75  pdΔ -0.2414  pkR 7.28  clip 0.29  kl +0.022
upd  585  steps 19202048  sps 6119  opp rand  loss +0.062  pg -0.0103  v 0.393  ev +0.99  adv_std 0.928  tR +0.52  ent[s/d/p/e] 0.92/0.53/0.85/0.15  emits 4.60  spf 193.7  z0 0.01  garr 307.4  tG 1445  e2 0.67  nF 19.1  pS 0.27  ptS 0.26  fLog 0.70  pdΔ -0.2281  pkR 6.50  clip 0.28  kl +0.023
upd  586  steps 19234816  sps 6119  opp frzn  loss +0.054  pg -0.0097  v 0.345  ev +0.99  adv_std 0.869  tR +0.15  ent[s/d/p/e] 0.89/0.42/0.75/0.14  emits 4.84  spf 244.3  z0 0.00  garr 362.8  tG 1760  e2 0.70  nF 15.1  pS 0.27  ptS 0.25  fLog 0.75  pdΔ -0.2306  pkR 6.20  clip 0.28  kl +0.021
upd  587  steps 19267584  sps 6119  opp frzn  loss +0.053  pg -0.0079  v 0.336  ev +0.99  adv_std 0.854  tR +0.37  ent[s/d/p/e] 0.84/0.37/0.81/0.12  emits 5.05  spf 262.2  z0 0.01  garr 405.1  tG 1745  e2 0.71  nF 15.3  pS 0.24  ptS 0.23  fLog 0.76  pdΔ -0.2577  pkR 6.94  clip 0.28  kl +0.023
upd  588  steps 19300352  sps 6120  opp frzn  loss +0.043  pg -0.0062  v 0.273  ev +0.99  adv_std 0.776  tR +0.10  ent[s/d/p/e] 0.83/0.36/0.86/0.12  emits 4.76  spf 257.5  z0 0.02  garr 384.8  tG 1654  e2 0.68  nF 16.4  pS 0.23  ptS 0.22  fLog 0.76  pdΔ -0.2706  pkR 6.69  clip 0.26  kl +0.021
upd  589  steps 19333120  sps 6120  opp rand  loss +0.073  pg -0.0072  v 0.429  ev +0.99  adv_std 0.959  tR +0.34  ent[s/d/p/e] 0.88/0.38/0.86/0.13  emits 4.75  spf 206.1  z0 0.02  garr 348.4  tG 1424  e2 0.68  nF 17.2  pS 0.24  ptS 0.22  fLog 0.74  pdΔ -0.2637  pkR 7.68  clip 0.28  kl +0.023
upd  590  steps 19365888  sps 6121  opp rand  loss +0.056  pg -0.0104  v 0.359  ev +0.99  adv_std 0.883  tR +0.44  ent[s/d/p/e] 0.87/0.36/0.85/0.12  emits 5.12  spf 198.2  z0 0.01  garr 372.8  tG 1462  e2 0.73  nF 15.9  pS 0.25  ptS 0.23  fLog 0.73  pdΔ -0.2538  pkR 6.36  clip 0.26  kl +0.021
upd  591  steps 19398656  sps 6121  opp frzn  loss +0.059  pg -0.0070  v 0.359  ev +0.99  adv_std 0.882  tR +0.18  ent[s/d/p/e] 0.86/0.41/0.79/0.13  emits 4.77  spf 227.9  z0 0.01  garr 367.6  tG 1563  e2 0.69  nF 16.3  pS 0.25  ptS 0.23  fLog 0.74  pdΔ -0.2514  pkR 5.68  clip 0.27  kl +0.022
upd  592  steps 19431424  sps 6122  opp rand  loss +0.085  pg -0.0085  v 0.498  ev +0.99  adv_std 1.036  tR +0.36  ent[s/d/p/e] 0.91/0.53/0.87/0.15  emits 4.66  spf 201.4  z0 0.01  garr 334.5  tG 1480  e2 0.68  nF 18.8  pS 0.26  ptS 0.24  fLog 0.70  pdΔ -0.2420  pkR 6.86  clip 0.28  kl +0.024
upd  593  steps 19464192  sps 6123  opp frzn  loss +0.063  pg -0.0087  v 0.388  ev +0.99  adv_std 0.920  tR +0.22  ent[s/d/p/e] 0.87/0.41/0.86/0.13  emits 4.87  spf 200.6  z0 0.01  garr 345.4  tG 1511  e2 0.70  nF 16.2  pS 0.26  ptS 0.25  fLog 0.72  pdΔ -0.2404  pkR 5.67  clip 0.29  kl +0.025
upd  594  steps 19496960  sps 6123  opp frzn  loss +0.093  pg -0.0075  v 0.532  ev +0.99  adv_std 1.068  tR +0.28  ent[s/d/p/e] 0.83/0.42/0.90/0.13  emits 4.95  spf 194.6  z0 0.01  garr 354.8  tG 1392  e2 0.72  nF 16.3  pS 0.23  ptS 0.22  fLog 0.72  pdΔ -0.2671  pkR 6.79  clip 0.28  kl +0.022
upd  595  steps 19529728  sps 6124  opp rand  loss +0.058  pg -0.0095  v 0.366  ev +0.99  adv_std 0.894  tR +0.33  ent[s/d/p/e] 0.90/0.52/0.86/0.13  emits 4.78  spf 182.2  z0 0.01  garr 326.7  tG 1341  e2 0.67  nF 19.1  pS 0.24  ptS 0.23  fLog 0.70  pdΔ -0.2579  pkR 7.27  clip 0.26  kl +0.020
upd  596  steps 19562496  sps 6124  opp frzn  loss +0.060  pg -0.0079  v 0.371  ev +0.99  adv_std 0.894  tR +0.15  ent[s/d/p/e] 0.87/0.45/0.77/0.12  emits 4.95  spf 217.6  z0 0.01  garr 345.7  tG 1505  e2 0.70  nF 16.6  pS 0.26  ptS 0.24  fLog 0.73  pdΔ -0.2426  pkR 7.63  clip 0.28  kl +0.023
upd  597  steps 19595264  sps 6125  opp rand  loss +0.073  pg -0.0088  v 0.439  ev +0.99  adv_std 0.971  tR +0.65  ent[s/d/p/e] 0.92/0.43/0.85/0.11  emits 5.28  spf 232.1  z0 0.00  garr 405.6  tG 1809  e2 0.74  nF 17.0  pS 0.27  ptS 0.25  fLog 0.75  pdΔ -0.2326  pkR 6.89  clip 0.27  kl +0.020
upd  598  steps 19628032  sps 6126  opp rand  loss +0.061  pg -0.0112  v 0.390  ev +0.99  adv_std 0.924  tR +0.48  ent[s/d/p/e] 0.87/0.39/0.86/0.11  emits 5.14  spf 196.8  z0 0.00  garr 364.2  tG 1493  e2 0.71  nF 16.7  pS 0.24  ptS 0.22  fLog 0.73  pdΔ -0.2581  pkR 6.05  clip 0.26  kl +0.021
upd  599  steps 19660800  sps 6126  opp frzn  loss +0.045  pg -0.0069  v 0.290  ev +0.99  adv_std 0.801  tR +0.63  ent[s/d/p/e] 0.93/0.41/0.90/0.11  emits 5.09  spf 207.6  z0 0.01  garr 376.5  tG 1600  e2 0.71  nF 18.3  pS 0.26  ptS 0.24  fLog 0.73  pdΔ -0.2436  pkR 6.78  clip 0.29  kl +0.026 WRr 0.94 WRf 0.91
upd  600  steps 19693568  sps 6106  opp rand  loss +0.084  pg -0.0060  v 0.479  ev +0.99  adv_std 1.015  tR +0.33  ent[s/d/p/e] 0.88/0.37/0.88/0.12  emits 4.68  spf 189.9  z0 0.02  garr 327.4  tG 1373  e2 0.65  nF 17.7  pS 0.23  ptS 0.22  fLog 0.72  pdΔ -0.2672  pkR 8.37  clip 0.27  kl +0.021
upd  601  steps 19726336  sps 6107  opp rand  loss +0.065  pg -0.0103  v 0.404  ev +0.99  adv_std 0.937  tR +0.47  ent[s/d/p/e] 0.90/0.37/0.86/0.11  emits 5.06  spf 201.3  z0 0.00  garr 375.2  tG 1485  e2 0.70  nF 17.6  pS 0.26  ptS 0.24  fLog 0.74  pdΔ -0.2420  pkR 7.75  clip 0.26  kl +0.021
upd  602  steps 19759104  sps 6107  opp frzn  loss +0.077  pg -0.0088  v 0.461  ev +0.99  adv_std 0.996  tR +0.19  ent[s/d/p/e] 0.88/0.41/0.84/0.13  emits 4.94  spf 207.3  z0 0.00  garr 368.5  tG 1550  e2 0.70  nF 16.7  pS 0.25  ptS 0.23  fLog 0.73  pdΔ -0.2525  pkR 6.90  clip 0.28  kl +0.023
upd  603  steps 19791872  sps 6108  opp rand  loss +0.083  pg -0.0064  v 0.477  ev +0.99  adv_std 1.012  tR +0.34  ent[s/d/p/e] 0.89/0.43/0.88/0.12  emits 5.11  spf 206.2  z0 0.01  garr 371.8  tG 1504  e2 0.72  nF 17.0  pS 0.24  ptS 0.23  fLog 0.72  pdΔ -0.2585  pkR 8.40  clip 0.27  kl +0.022
upd  604  steps 19824640  sps 6109  opp rand  loss +0.072  pg -0.0090  v 0.436  ev +0.99  adv_std 0.974  tR +0.45  ent[s/d/p/e] 0.92/0.40/0.87/0.12  emits 4.99  spf 192.5  z0 0.01  garr 363.2  tG 1439  e2 0.70  nF 18.1  pS 0.24  ptS 0.23  fLog 0.72  pdΔ -0.2552  pkR 9.50  clip 0.26  kl +0.020
upd  605  steps 19857408  sps 6110  opp rand  loss +0.105  pg -0.0092  v 0.601  ev +0.99  adv_std 1.136  tR +0.47  ent[s/d/p/e] 0.91/0.39/0.90/0.12  emits 5.13  spf 183.0  z0 0.01  garr 350.3  tG 1493  e2 0.73  nF 16.9  pS 0.25  ptS 0.24  fLog 0.72  pdΔ -0.2489  pkR 6.08  clip 0.28  kl +0.023
upd  606  steps 19890176  sps 6110  opp rand  loss +0.059  pg -0.0085  v 0.367  ev +0.99  adv_std 0.893  tR +0.37  ent[s/d/p/e] 0.84/0.33/0.90/0.11  emits 5.16  spf 177.7  z0 0.00  garr 337.2  tG 1349  e2 0.73  nF 15.7  pS 0.22  ptS 0.21  fLog 0.72  pdΔ -0.2753  pkR 6.96  clip 0.27  kl +0.019
upd  607  steps 19922944  sps 6111  opp frzn  loss +0.057  pg -0.0088  v 0.358  ev +0.99  adv_std 0.879  tR -0.07  ent[s/d/p/e] 0.83/0.33/0.86/0.12  emits 4.91  spf 219.3  z0 0.00  garr 398.9  tG 1555  e2 0.70  nF 13.9  pS 0.23  ptS 0.21  fLog 0.75  pdΔ -0.2735  pkR 5.83  clip 0.26  kl +0.025
upd  608  steps 19955712  sps 6111  opp frzn  loss +0.084  pg -0.0095  v 0.498  ev +0.99  adv_std 1.028  tR -0.03  ent[s/d/p/e] 0.80/0.36/0.87/0.14  emits 4.52  spf 229.1  z0 0.01  garr 369.9  tG 1493  e2 0.66  nF 15.1  pS 0.22  ptS 0.20  fLog 0.74  pdΔ -0.2841  pkR 7.13  clip 0.25  kl +0.020
upd  609  steps 19988480  sps 6111  opp frzn  loss +0.104  pg -0.0090  v 0.593  ev +0.99  adv_std 1.118  tR +0.10  ent[s/d/p/e] 0.80/0.39/0.89/0.15  emits 4.40  spf 202.5  z0 0.02  garr 309.5  tG 1299  e2 0.65  nF 16.8  pS 0.22  ptS 0.20  fLog 0.72  pdΔ -0.2829  pkR 6.52  clip 0.25  kl +0.017
upd  610  steps 20021248  sps 6112  opp rand  loss +0.078  pg -0.0087  v 0.465  ev +0.99  adv_std 1.003  tR +0.31  ent[s/d/p/e] 0.85/0.35/0.87/0.14  emits 4.74  spf 186.9  z0 0.01  garr 327.4  tG 1292  e2 0.67  nF 17.5  pS 0.23  ptS 0.22  fLog 0.73  pdΔ -0.2702  pkR 6.69  clip 0.28  kl +0.022
upd  611  steps 20054016  sps 6112  opp frzn  loss +0.069  pg -0.0036  v 0.395  ev +0.99  adv_std 0.927  tR +0.23  ent[s/d/p/e] 0.87/0.35/0.87/0.12  emits 4.87  spf 217.7  z0 0.00  garr 394.9  tG 1555  e2 0.68  nF 16.4  pS 0.26  ptS 0.24  fLog 0.74  pdΔ -0.2448  pkR 7.19  clip 0.28  kl +0.024
upd  612  steps 20086784  sps 6113  opp frzn  loss +0.055  pg -0.0087  v 0.346  ev +0.99  adv_std 0.869  tR +0.11  ent[s/d/p/e] 0.89/0.37/0.81/0.12  emits 5.04  spf 241.2  z0 0.00  garr 399.3  tG 1761  e2 0.72  nF 16.1  pS 0.27  ptS 0.25  fLog 0.75  pdΔ -0.2323  pkR 6.67  clip 0.27  kl +0.022
upd  613  steps 20119552  sps 6113  opp rand  loss +0.085  pg -0.0081  v 0.494  ev +0.99  adv_std 1.029  tR +0.55  ent[s/d/p/e] 0.86/0.39/0.90/0.12  emits 5.12  spf 206.6  z0 0.01  garr 387.3  tG 1588  e2 0.72  nF 16.7  pS 0.24  ptS 0.23  fLog 0.72  pdΔ -0.2557  pkR 6.53  clip 0.27  kl +0.019
upd  614  steps 20152320  sps 6114  opp rand  loss +0.063  pg -0.0081  v 0.385  ev +0.99  adv_std 0.909  tR +0.46  ent[s/d/p/e] 0.87/0.32/0.88/0.10  emits 5.18  spf 217.8  z0 0.01  garr 392.1  tG 1671  e2 0.71  nF 15.3  pS 0.24  ptS 0.23  fLog 0.75  pdΔ -0.2646  pkR 6.17  clip 0.25  kl +0.019
upd  615  steps 20185088  sps 6115  opp frzn  loss +0.044  pg -0.0092  v 0.295  ev +0.99  adv_std 0.807  tR +0.36  ent[s/d/p/e] 0.83/0.33/0.89/0.11  emits 5.04  spf 194.2  z0 0.01  garr 372.4  tG 1377  e2 0.69  nF 15.5  pS 0.21  ptS 0.20  fLog 0.73  pdΔ -0.2860  pkR 9.44  clip 0.27  kl +0.020
upd  616  steps 20217856  sps 6115  opp frzn  loss +0.053  pg -0.0100  v 0.342  ev +0.99  adv_std 0.866  tR -0.06  ent[s/d/p/e] 0.87/0.37/0.86/0.14  emits 4.75  spf 219.4  z0 0.01  garr 388.9  tG 1565  e2 0.68  nF 16.4  pS 0.25  ptS 0.24  fLog 0.74  pdΔ -0.2495  pkR 6.76  clip 0.26  kl +0.020
upd  617  steps 20250624  sps 6115  opp frzn  loss +0.061  pg -0.0083  v 0.373  ev +0.99  adv_std 0.900  tR +0.40  ent[s/d/p/e] 0.82/0.39/0.86/0.13  emits 4.77  spf 205.7  z0 0.01  garr 341.7  tG 1447  e2 0.69  nF 15.5  pS 0.23  ptS 0.22  fLog 0.72  pdΔ -0.2657  pkR 7.40  clip 0.27  kl +0.021
upd  618  steps 20283392  sps 6115  opp frzn  loss +0.048  pg -0.0099  v 0.315  ev +0.99  adv_std 0.831  tR +0.12  ent[s/d/p/e] 0.78/0.33/0.84/0.11  emits 4.98  spf 219.1  z0 0.01  garr 387.9  tG 1452  e2 0.68  nF 14.9  pS 0.21  ptS 0.20  fLog 0.74  pdΔ -0.2937  pkR 6.16  clip 0.27  kl +0.021
upd  619  steps 20316160  sps 6116  opp frzn  loss +0.056  pg -0.0076  v 0.347  ev +0.99  adv_std 0.870  tR -0.17  ent[s/d/p/e] 0.79/0.28/0.83/0.13  emits 4.84  spf 192.5  z0 0.01  garr 366.5  tG 1400  e2 0.70  nF 12.5  pS 0.22  ptS 0.21  fLog 0.74  pdΔ -0.2780  pkR 7.24  clip 0.25  kl +0.019
upd  620  steps 20348928  sps 6116  opp rand  loss +0.058  pg -0.0078  v 0.356  ev +0.99  adv_std 0.875  tR +0.48  ent[s/d/p/e] 0.84/0.32/0.87/0.11  emits 5.17  spf 196.5  z0 0.00  garr 382.2  tG 1543  e2 0.72  nF 13.8  pS 0.23  ptS 0.22  fLog 0.74  pdΔ -0.2658  pkR 8.72  clip 0.25  kl +0.019
upd  621  steps 20381696  sps 6117  opp frzn  loss +0.080  pg -0.0080  v 0.471  ev +0.99  adv_std 1.007  tR +0.42  ent[s/d/p/e] 0.87/0.42/0.87/0.12  emits 4.75  spf 204.1  z0 0.01  garr 349.9  tG 1502  e2 0.66  nF 16.5  pS 0.25  ptS 0.24  fLog 0.72  pdΔ -0.2497  pkR 8.39  clip 0.28  kl +0.025
upd  622  steps 20414464  sps 6117  opp frzn  loss +0.043  pg -0.0100  v 0.294  ev +0.99  adv_std 0.807  tR +0.24  ent[s/d/p/e] 0.86/0.35/0.81/0.12  emits 4.93  spf 219.7  z0 0.00  garr 367.1  tG 1600  e2 0.69  nF 15.4  pS 0.26  ptS 0.24  fLog 0.74  pdΔ -0.2406  pkR 8.07  clip 0.25  kl +0.021
upd  623  steps 20447232  sps 6118  opp rand  loss +0.070  pg -0.0086  v 0.423  ev +0.99  adv_std 0.959  tR +0.40  ent[s/d/p/e] 0.88/0.43/0.87/0.12  emits 4.97  spf 201.1  z0 0.01  garr 368.9  tG 1483  e2 0.69  nF 18.7  pS 0.24  ptS 0.23  fLog 0.72  pdΔ -0.2572  pkR 6.38  clip 0.28  kl +0.023
upd  624  steps 20480000  sps 6119  opp rand  loss +0.080  pg -0.0107  v 0.486  ev +0.99  adv_std 1.026  tR +0.40  ent[s/d/p/e] 0.94/0.52/0.86/0.15  emits 4.44  spf 188.8  z0 0.01  garr 312.8  tG 1317  e2 0.63  nF 19.1  pS 0.25  ptS 0.24  fLog 0.69  pdΔ -0.2497  pkR 8.39  clip 0.26  kl +0.021
upd  625  steps 20512768  sps 6119  opp rand  loss +0.091  pg -0.0084  v 0.525  ev +0.99  adv_std 1.061  tR +0.36  ent[s/d/p/e] 0.94/0.42/0.84/0.12  emits 5.17  spf 179.1  z0 0.01  garr 330.4  tG 1471  e2 0.72  nF 18.5  pS 0.27  ptS 0.26  fLog 0.71  pdΔ -0.2287  pkR 7.57  clip 0.27  kl +0.020
upd  626  steps 20545536  sps 6120  opp frzn  loss +0.048  pg -0.0101  v 0.316  ev +0.99  adv_std 0.832  tR +0.11  ent[s/d/p/e] 0.80/0.31/0.78/0.11  emits 5.13  spf 220.1  z0 0.00  garr 403.2  tG 1563  e2 0.72  nF 13.7  pS 0.23  ptS 0.22  fLog 0.75  pdΔ -0.2716  pkR 8.58  clip 0.25  kl +0.021
upd  627  steps 20578304  sps 6120  opp frzn  loss +0.053  pg -0.0100  v 0.340  ev +0.99  adv_std 0.859  tR +0.31  ent[s/d/p/e] 0.84/0.27/0.79/0.11  emits 5.32  spf 255.4  z0 0.00  garr 454.7  tG 1825  e2 0.74  nF 13.3  pS 0.24  ptS 0.23  fLog 0.78  pdΔ -0.2569  pkR 6.57  clip 0.24  kl +0.018
upd  628  steps 20611072  sps 6120  opp frzn  loss +0.059  pg -0.0098  v 0.371  ev +0.99  adv_std 0.900  tR +0.16  ent[s/d/p/e] 0.82/0.29/0.76/0.11  emits 4.94  spf 221.8  z0 0.01  garr 389.4  tG 1518  e2 0.68  nF 13.2  pS 0.22  ptS 0.21  fLog 0.75  pdΔ -0.2764  pkR 6.61  clip 0.23  kl +0.018
upd  629  steps 20643840  sps 6120  opp frzn  loss +0.065  pg -0.0088  v 0.397  ev +0.99  adv_std 0.925  tR +0.29  ent[s/d/p/e] 0.82/0.28/0.85/0.12  emits 5.03  spf 215.6  z0 0.01  garr 439.9  tG 1607  e2 0.71  nF 13.9  pS 0.24  ptS 0.23  fLog 0.75  pdΔ -0.2627  pkR 7.09  clip 0.26  kl +0.022
upd  630  steps 20676608  sps 6121  opp frzn  loss +0.053  pg -0.0093  v 0.339  ev +0.99  adv_std 0.862  tR +0.11  ent[s/d/p/e] 0.81/0.37/0.76/0.13  emits 4.82  spf 220.7  z0 0.01  garr 377.3  tG 1466  e2 0.69  nF 15.9  pS 0.23  ptS 0.22  fLog 0.73  pdΔ -0.2743  pkR 6.32  clip 0.26  kl +0.021
upd  631  steps 20709376  sps 6121  opp frzn  loss +0.038  pg -0.0078  v 0.258  ev +0.99  adv_std 0.749  tR +0.01  ent[s/d/p/e] 0.81/0.35/0.80/0.12  emits 5.01  spf 256.5  z0 0.01  garr 443.0  tG 1792  e2 0.70  nF 14.6  pS 0.23  ptS 0.22  fLog 0.76  pdΔ -0.2710  pkR 6.54  clip 0.25  kl +0.017
upd  632  steps 20742144  sps 6122  opp rand  loss +0.061  pg -0.0091  v 0.379  ev +0.99  adv_std 0.910  tR +0.47  ent[s/d/p/e] 0.83/0.40/0.83/0.11  emits 5.01  spf 198.1  z0 0.00  garr 354.1  tG 1416  e2 0.69  nF 16.7  pS 0.23  ptS 0.21  fLog 0.71  pdΔ -0.2748  pkR 6.82  clip 0.26  kl +0.023
upd  633  steps 20774912  sps 6122  opp frzn  loss +0.054  pg -0.0072  v 0.337  ev +0.99  adv_std 0.855  tR +0.36  ent[s/d/p/e] 0.87/0.36/0.85/0.11  emits 5.38  spf 217.2  z0 0.01  garr 401.2  tG 1686  e2 0.74  nF 17.8  pS 0.24  ptS 0.23  fLog 0.73  pdΔ -0.2622  pkR 7.35  clip 0.25  kl +0.020
upd  634  steps 20807680  sps 6122  opp frzn  loss +0.049  pg -0.0119  v 0.334  ev +0.99  adv_std 0.857  tR +0.03  ent[s/d/p/e] 0.83/0.31/0.77/0.11  emits 5.09  spf 217.2  z0 0.00  garr 378.4  tG 1584  e2 0.71  nF 14.4  pS 0.24  ptS 0.23  fLog 0.74  pdΔ -0.2596  pkR 8.39  clip 0.26  kl +0.023
upd  635  steps 20840448  sps 6123  opp rand  loss +0.066  pg -0.0087  v 0.400  ev +0.99  adv_std 0.931  tR +0.36  ent[s/d/p/e] 0.83/0.36/0.85/0.11  emits 5.20  spf 210.2  z0 0.01  garr 380.5  tG 1551  e2 0.72  nF 16.2  pS 0.23  ptS 0.22  fLog 0.73  pdΔ -0.2660  pkR 5.50  clip 0.25  kl +0.023
upd  636  steps 20873216  sps 6124  opp rand  loss +0.065  pg -0.0087  v 0.398  ev +0.99  adv_std 0.931  tR +0.62  ent[s/d/p/e] 0.87/0.34/0.80/0.11  emits 5.12  spf 207.8  z0 0.00  garr 382.4  tG 1498  e2 0.71  nF 17.0  pS 0.24  ptS 0.23  fLog 0.73  pdΔ -0.2553  pkR 6.54  clip 0.26  kl +0.021
upd  637  steps 20905984  sps 6124  opp frzn  loss +0.058  pg -0.0089  v 0.361  ev +0.99  adv_std 0.882  tR +0.44  ent[s/d/p/e] 0.84/0.36/0.84/0.11  emits 5.30  spf 209.5  z0 0.01  garr 404.9  tG 1624  e2 0.73  nF 17.1  pS 0.24  ptS 0.23  fLog 0.73  pdΔ -0.2622  pkR 5.85  clip 0.26  kl +0.018
upd  638  steps 20938752  sps 6125  opp rand  loss +0.063  pg -0.0105  v 0.394  ev +0.99  adv_std 0.927  tR +0.44  ent[s/d/p/e] 0.83/0.36/0.82/0.11  emits 5.05  spf 193.0  z0 0.01  garr 365.7  tG 1393  e2 0.69  nF 17.6  pS 0.23  ptS 0.22  fLog 0.72  pdΔ -0.2694  pkR 7.95  clip 0.24  kl +0.020
upd  639  steps 20971520  sps 6126  opp rand  loss +0.064  pg -0.0089  v 0.393  ev +0.99  adv_std 0.920  tR +0.31  ent[s/d/p/e] 0.85/0.36/0.88/0.11  emits 5.23  spf 172.8  z0 0.00  garr 360.4  tG 1352  e2 0.72  nF 18.2  pS 0.23  ptS 0.21  fLog 0.70  pdΔ -0.2718  pkR 8.02  clip 0.26  kl +0.020
upd  640  steps 21004288  sps 6126  opp frzn  loss +0.063  pg -0.0091  v 0.388  ev +0.99  adv_std 0.917  tR +0.15  ent[s/d/p/e] 0.78/0.40/0.86/0.12  emits 4.73  spf 174.9  z0 0.02  garr 335.0  tG 1227  e2 0.66  nF 17.2  pS 0.21  ptS 0.20  fLog 0.69  pdΔ -0.2923  pkR 9.33  clip 0.26  kl +0.021
upd  641  steps 21037056  sps 6126  opp frzn  loss +0.048  pg -0.0098  v 0.318  ev +0.99  adv_std 0.837  tR +0.03  ent[s/d/p/e] 0.83/0.33/0.84/0.13  emits 4.82  spf 206.2  z0 0.01  garr 368.1  tG 1497  e2 0.67  nF 16.0  pS 0.25  ptS 0.23  fLog 0.73  pdΔ -0.2536  pkR 10.47  clip 0.25  kl +0.024
upd  642  steps 21069824  sps 6126  opp frzn  loss +0.057  pg -0.0075  v 0.348  ev +0.99  adv_std 0.868  tR -0.09  ent[s/d/p/e] 0.79/0.27/0.76/0.13  emits 5.00  spf 220.9  z0 0.00  garr 383.7  tG 1615  e2 0.72  nF 14.9  pS 0.24  ptS 0.22  fLog 0.75  pdΔ -0.2632  pkR 6.23  clip 0.25  kl +0.018
upd  643  steps 21102592  sps 6127  opp frzn  loss +0.061  pg -0.0057  v 0.358  ev +0.99  adv_std 0.880  tR +0.07  ent[s/d/p/e] 0.78/0.25/0.79/0.11  emits 5.22  spf 264.2  z0 0.01  garr 450.5  tG 1798  e2 0.73  nF 13.0  pS 0.23  ptS 0.21  fLog 0.77  pdΔ -0.2701  pkR 7.66  clip 0.25  kl +0.019
upd  644  steps 21135360  sps 6127  opp rand  loss +0.073  pg -0.0098  v 0.445  ev +0.99  adv_std 0.976  tR +0.64  ent[s/d/p/e] 0.92/0.38/0.79/0.12  emits 5.22  spf 203.6  z0 0.01  garr 399.0  tG 1629  e2 0.73  nF 17.8  pS 0.26  ptS 0.24  fLog 0.73  pdΔ -0.2391  pkR 6.89  clip 0.25  kl +0.021
upd  645  steps 21168128  sps 6128  opp frzn  loss +0.063  pg -0.0094  v 0.391  ev +0.99  adv_std 0.919  tR +0.48  ent[s/d/p/e] 0.84/0.30/0.82/0.11  emits 5.44  spf 208.7  z0 0.01  garr 404.5  tG 1684  e2 0.75  nF 16.9  pS 0.25  ptS 0.23  fLog 0.73  pdΔ -0.2549  pkR 8.04  clip 0.26  kl +0.019
upd  646  steps 21200896  sps 6128  opp rand  loss +0.056  pg -0.0083  v 0.349  ev +0.99  adv_std 0.867  tR +0.28  ent[s/d/p/e] 0.81/0.31/0.81/0.10  emits 5.23  spf 213.0  z0 0.01  garr 410.2  tG 1566  e2 0.71  nF 16.0  pS 0.23  ptS 0.22  fLog 0.74  pdΔ -0.2687  pkR 9.16  clip 0.24  kl +0.022
upd  647  steps 21233664  sps 6129  opp rand  loss +0.053  pg -0.0085  v 0.336  ev +0.99  adv_std 0.856  tR +0.51  ent[s/d/p/e] 0.92/0.46/0.83/0.12  emits 4.74  spf 194.2  z0 0.00  garr 357.8  tG 1431  e2 0.66  nF 21.0  pS 0.25  ptS 0.23  fLog 0.70  pdΔ -0.2498  pkR 7.06  clip 0.26  kl +0.022
upd  648  steps 21266432  sps 6130  opp rand  loss +0.092  pg -0.0098  v 0.538  ev +0.99  adv_std 1.075  tR +0.31  ent[s/d/p/e] 0.93/0.45/0.78/0.15  emits 4.67  spf 175.8  z0 0.01  garr 307.4  tG 1384  e2 0.67  nF 19.8  pS 0.26  ptS 0.25  fLog 0.68  pdΔ -0.2406  pkR 8.53  clip 0.25  kl +0.019
upd  649  steps 21299200  sps 6131  opp rand  loss +0.059  pg -0.0082  v 0.365  ev +0.99  adv_std 0.887  tR +0.52  ent[s/d/p/e] 0.86/0.31/0.79/0.11  emits 5.31  spf 209.1  z0 0.01  garr 361.2  tG 1717  e2 0.74  nF 15.5  pS 0.25  ptS 0.24  fLog 0.73  pdΔ -0.2455  pkR 8.43  clip 0.24  kl +0.020 WRr 0.94 WRf 0.84
upd  650  steps 21331968  sps 6113  opp frzn  loss +0.062  pg -0.0097  v 0.388  ev +0.99  adv_std 0.913  tR +0.18  ent[s/d/p/e] 0.82/0.30/0.79/0.11  emits 5.13  spf 221.0  z0 0.00  garr 412.5  tG 1659  e2 0.72  nF 14.0  pS 0.23  ptS 0.22  fLog 0.74  pdΔ -0.2679  pkR 6.48  clip 0.24  kl +0.020
upd  651  steps 21364736  sps 6113  opp frzn  loss +0.071  pg -0.0109  v 0.437  ev +0.99  adv_std 0.971  tR -0.11  ent[s/d/p/e] 0.85/0.31/0.76/0.14  emits 4.77  spf 231.9  z0 0.01  garr 380.6  tG 1633  e2 0.68  nF 14.8  pS 0.25  ptS 0.23  fLog 0.75  pdΔ -0.2545  pkR 7.39  clip 0.22  kl +0.016
upd  652  steps 21397504  sps 6114  opp rand  loss +0.081  pg -0.0090  v 0.480  ev +0.99  adv_std 1.016  tR +0.69  ent[s/d/p/e] 0.88/0.31/0.82/0.12  emits 5.15  spf 209.9  z0 0.00  garr 353.4  tG 1701  e2 0.72  nF 17.0  pS 0.27  ptS 0.25  fLog 0.75  pdΔ -0.2302  pkR 5.61  clip 0.23  kl +0.017
upd  653  steps 21430272  sps 6114  opp rand  loss +0.077  pg -0.0089  v 0.456  ev +0.99  adv_std 0.990  tR +0.43  ent[s/d/p/e] 0.82/0.34/0.83/0.11  emits 4.98  spf 182.5  z0 0.01  garr 355.5  tG 1356  e2 0.68  nF 16.3  pS 0.23  ptS 0.21  fLog 0.71  pdΔ -0.2738  pkR 6.28  clip 0.24  kl +0.021
upd  654  steps 21463040  sps 6115  opp frzn  loss +0.078  pg -0.0067  v 0.449  ev +0.99  adv_std 0.981  tR +0.52  ent[s/d/p/e] 0.81/0.34/0.78/0.11  emits 5.04  spf 207.6  z0 0.01  garr 385.0  tG 1508  e2 0.70  nF 16.1  pS 0.24  ptS 0.22  fLog 0.73  pdΔ -0.2616  pkR 5.11  clip 0.24  kl +0.021
upd  655  steps 21495808  sps 6115  opp frzn  loss +0.058  pg -0.0075  v 0.355  ev +0.99  adv_std 0.880  tR +0.35  ent[s/d/p/e] 0.86/0.36/0.76/0.11  emits 4.89  spf 228.4  z0 0.01  garr 388.5  tG 1735  e2 0.67  nF 17.1  pS 0.25  ptS 0.24  fLog 0.73  pdΔ -0.2490  pkR 7.56  clip 0.25  kl +0.020
upd  656  steps 21528576  sps 6116  opp rand  loss +0.081  pg -0.0091  v 0.481  ev +0.99  adv_std 1.019  tR +0.28  ent[s/d/p/e] 0.87/0.37/0.79/0.12  emits 4.89  spf 190.3  z0 0.01  garr 348.3  tG 1446  e2 0.69  nF 16.9  pS 0.24  ptS 0.23  fLog 0.71  pdΔ -0.2556  pkR 7.07  clip 0.25  kl +0.020
upd  657  steps 21561344  sps 6116  opp frzn  loss +0.061  pg -0.0104  v 0.384  ev +0.99  adv_std 0.912  tR +0.35  ent[s/d/p/e] 0.81/0.32/0.79/0.11  emits 5.15  spf 192.1  z0 0.01  garr 384.7  tG 1442  e2 0.71  nF 14.9  pS 0.23  ptS 0.21  fLog 0.73  pdΔ -0.2748  pkR 5.65  clip 0.23  kl +0.018
upd  658  steps 21594112  sps 6116  opp frzn  loss +0.061  pg -0.0089  v 0.376  ev +0.99  adv_std 0.903  tR +0.06  ent[s/d/p/e] 0.82/0.32/0.77/0.11  emits 5.02  spf 218.5  z0 0.00  garr 395.6  tG 1636  e2 0.71  nF 13.8  pS 0.24  ptS 0.23  fLog 0.74  pdΔ -0.2596  pkR 5.76  clip 0.24  kl +0.017
upd  659  steps 21626880  sps 6117  opp rand  loss +0.067  pg -0.0107  v 0.414  ev +0.99  adv_std 0.951  tR +0.49  ent[s/d/p/e] 0.82/0.37/0.79/0.11  emits 4.89  spf 205.3  z0 0.00  garr 374.2  tG 1483  e2 0.68  nF 16.0  pS 0.23  ptS 0.22  fLog 0.73  pdΔ -0.2657  pkR 6.19  clip 0.24  kl +0.019
upd  660  steps 21659648  sps 6117  opp frzn  loss +0.048  pg -0.0093  v 0.316  ev +0.99  adv_std 0.831  tR +0.23  ent[s/d/p/e] 0.85/0.34/0.80/0.12  emits 4.74  spf 215.2  z0 0.00  garr 362.6  tG 1636  e2 0.66  nF 17.0  pS 0.24  ptS 0.23  fLog 0.72  pdΔ -0.2602  pkR 7.28  clip 0.23  kl +0.017
upd  661  steps 21692416  sps 6118  opp frzn  loss +0.050  pg -0.0097  v 0.326  ev +0.99  adv_std 0.843  tR -0.12  ent[s/d/p/e] 0.80/0.30/0.69/0.13  emits 4.52  spf 212.0  z0 0.01  garr 339.4  tG 1432  e2 0.64  nF 14.9  pS 0.23  ptS 0.22  fLog 0.74  pdΔ -0.2677  pkR 7.18  clip 0.22  kl +0.017
upd  662  steps 21725184  sps 6118  opp rand  loss +0.056  pg -0.0093  v 0.352  ev +0.99  adv_std 0.875  tR +0.60  ent[s/d/p/e] 0.82/0.27/0.79/0.11  emits 4.91  spf 210.0  z0 0.01  garr 392.6  tG 1468  e2 0.67  nF 14.7  pS 0.22  ptS 0.21  fLog 0.74  pdΔ -0.2778  pkR 5.36  clip 0.21  kl +0.016
upd  663  steps 21757952  sps 6119  opp frzn  loss +0.050  pg -0.0089  v 0.322  ev +0.99  adv_std 0.843  tR +0.05  ent[s/d/p/e] 0.80/0.27/0.75/0.11  emits 4.90  spf 216.6  z0 0.01  garr 390.6  tG 1489  e2 0.68  nF 14.9  pS 0.22  ptS 0.21  fLog 0.74  pdΔ -0.2810  pkR 7.28  clip 0.22  kl +0.016
upd  664  steps 21790720  sps 6119  opp rand  loss +0.060  pg -0.0094  v 0.374  ev +0.99  adv_std 0.894  tR +0.62  ent[s/d/p/e] 0.78/0.19/0.80/0.10  emits 5.24  spf 200.9  z0 0.00  garr 394.6  tG 1482  e2 0.70  nF 12.3  pS 0.21  ptS 0.20  fLog 0.76  pdΔ -0.2857  pkR 6.49  clip 0.23  kl +0.017
upd  665  steps 21823488  sps 6120  opp rand  loss +0.053  pg -0.0094  v 0.337  ev +0.99  adv_std 0.858  tR +0.25  ent[s/d/p/e] 0.80/0.25/0.81/0.10  emits 5.00  spf 211.5  z0 0.00  garr 417.3  tG 1504  e2 0.67  nF 14.0  pS 0.23  ptS 0.21  fLog 0.76  pdΔ -0.2748  pkR 5.85  clip 0.22  kl +0.016
upd  666  steps 21856256  sps 6120  opp frzn  loss +0.044  pg -0.0094  v 0.293  ev +0.99  adv_std 0.800  tR +0.21  ent[s/d/p/e] 0.79/0.21/0.75/0.10  emits 5.24  spf 241.9  z0 0.00  garr 436.6  tG 1843  e2 0.71  nF 11.5  pS 0.25  ptS 0.23  fLog 0.77  pdΔ -0.2540  pkR 5.88  clip 0.22  kl +0.016
upd  667  steps 21889024  sps 6121  opp rand  loss +0.088  pg -0.0094  v 0.515  ev +0.99  adv_std 1.052  tR +0.47  ent[s/d/p/e] 0.83/0.32/0.81/0.12  emits 5.01  spf 225.3  z0 0.00  garr 397.9  tG 1688  e2 0.71  nF 13.8  pS 0.24  ptS 0.23  fLog 0.74  pdΔ -0.2589  pkR 8.08  clip 0.24  kl +0.020
upd  668  steps 21921792  sps 6121  opp frzn  loss +0.047  pg -0.0104  v 0.314  ev +0.99  adv_std 0.828  tR +0.10  ent[s/d/p/e] 0.83/0.34/0.76/0.11  emits 4.62  spf 184.0  z0 0.00  garr 325.0  tG 1402  e2 0.63  nF 15.0  pS 0.23  ptS 0.22  fLog 0.72  pdΔ -0.2693  pkR 8.09  clip 0.23  kl +0.017
upd  669  steps 21954560  sps 6122  opp frzn  loss +0.044  pg -0.0107  v 0.299  ev +0.99  adv_std 0.808  tR +0.07  ent[s/d/p/e] 0.83/0.33/0.70/0.12  emits 4.85  spf 250.4  z0 0.01  garr 382.0  tG 1691  e2 0.68  nF 14.3  pS 0.25  ptS 0.23  fLog 0.75  pdΔ -0.2510  pkR 5.77  clip 0.21  kl +0.017
upd  670  steps 21987328  sps 6122  opp frzn  loss +0.044  pg -0.0104  v 0.300  ev +0.99  adv_std 0.812  tR +0.19  ent[s/d/p/e] 0.78/0.28/0.73/0.11  emits 4.70  spf 282.2  z0 0.01  garr 410.2  tG 1821  e2 0.64  nF 13.5  pS 0.23  ptS 0.22  fLog 0.77  pdΔ -0.2713  pkR 6.79  clip 0.23  kl +0.018
upd  671  steps 22020096  sps 6123  opp rand  loss +0.044  pg -0.0075  v 0.284  ev +0.99  adv_std 0.787  tR +0.51  ent[s/d/p/e] 0.82/0.25/0.78/0.09  emits 5.32  spf 212.1  z0 0.01  garr 416.4  tG 1601  e2 0.72  nF 13.6  pS 0.23  ptS 0.21  fLog 0.75  pdΔ -0.2733  pkR 6.87  clip 0.23  kl +0.019
upd  672  steps 22052864  sps 6123  opp rand  loss +0.060  pg -0.0103  v 0.381  ev +0.99  adv_std 0.911  tR +0.59  ent[s/d/p/e] 0.85/0.33/0.81/0.10  emits 5.13  spf 191.6  z0 0.00  garr 414.5  tG 1447  e2 0.70  nF 16.5  pS 0.24  ptS 0.22  fLog 0.73  pdΔ -0.2591  pkR 5.57  clip 0.22  kl +0.019
upd  673  steps 22085632  sps 6123  opp frzn  loss +0.060  pg -0.0094  v 0.374  ev +0.99  adv_std 0.900  tR +0.36  ent[s/d/p/e] 0.83/0.30/0.76/0.11  emits 5.14  spf 216.6  z0 0.01  garr 415.6  tG 1700  e2 0.72  nF 14.3  pS 0.24  ptS 0.22  fLog 0.74  pdΔ -0.2559  pkR 6.08  clip 0.22  kl +0.016
upd  674  steps 22118400  sps 6124  opp frzn  loss +0.051  pg -0.0085  v 0.322  ev +0.99  adv_std 0.833  tR +0.44  ent[s/d/p/e] 0.79/0.25/0.74/0.09  emits 5.19  spf 229.0  z0 0.01  garr 426.1  tG 1751  e2 0.70  nF 13.4  pS 0.23  ptS 0.22  fLog 0.76  pdΔ -0.2691  pkR 10.27  clip 0.23  kl +0.018
upd  675  steps 22151168  sps 6124  opp rand  loss +0.052  pg -0.0115  v 0.342  ev +0.99  adv_std 0.866  tR +0.42  ent[s/d/p/e] 0.82/0.29/0.77/0.10  emits 5.17  spf 205.4  z0 0.00  garr 403.1  tG 1557  e2 0.70  nF 14.4  pS 0.24  ptS 0.22  fLog 0.74  pdΔ -0.2637  pkR 6.82  clip 0.23  kl +0.020
upd  676  steps 22183936  sps 6125  opp frzn  loss +0.062  pg -0.0101  v 0.390  ev +0.99  adv_std 0.924  tR +0.25  ent[s/d/p/e] 0.87/0.30/0.79/0.12  emits 4.84  spf 209.4  z0 0.01  garr 396.0  tG 1626  e2 0.68  nF 16.3  pS 0.26  ptS 0.25  fLog 0.74  pdΔ -0.2436  pkR 5.86  clip 0.23  kl +0.019
upd  677  steps 22216704  sps 6125  opp frzn  loss +0.055  pg -0.0111  v 0.359  ev +0.99  adv_std 0.886  tR +0.40  ent[s/d/p/e] 0.86/0.30/0.75/0.12  emits 4.93  spf 223.4  z0 0.01  garr 372.6  tG 1730  e2 0.68  nF 16.9  pS 0.26  ptS 0.25  fLog 0.74  pdΔ -0.2403  pkR 7.27  clip 0.23  kl +0.019
upd  678  steps 22249472  sps 6126  opp rand  loss +0.058  pg -0.0105  v 0.371  ev +0.99  adv_std 0.896  tR +0.58  ent[s/d/p/e] 0.85/0.28/0.80/0.11  emits 4.88  spf 193.2  z0 0.01  garr 349.3  tG 1495  e2 0.67  nF 15.6  pS 0.25  ptS 0.24  fLog 0.73  pdΔ -0.2466  pkR 7.55  clip 0.22  kl +0.016
upd  679  steps 22282240  sps 6126  opp rand  loss +0.058  pg -0.0084  v 0.357  ev +0.99  adv_std 0.878  tR +0.49  ent[s/d/p/e] 0.83/0.28/0.83/0.10  emits 5.24  spf 182.4  z0 0.00  garr 381.2  tG 1524  e2 0.71  nF 15.6  pS 0.25  ptS 0.23  fLog 0.73  pdΔ -0.2548  pkR 5.36  clip 0.23  kl +0.018
upd  680  steps 22315008  sps 6127  opp rand  loss +0.067  pg -0.0102  v 0.414  ev +0.99  adv_std 0.949  tR +0.58  ent[s/d/p/e] 0.80/0.29/0.80/0.09  emits 5.13  spf 188.4  z0 0.00  garr 372.1  tG 1441  e2 0.69  nF 14.9  pS 0.22  ptS 0.21  fLog 0.73  pdΔ -0.2751  pkR 7.55  clip 0.22  kl +0.016
upd  681  steps 22347776  sps 6127  opp frzn  loss +0.064  pg -0.0088  v 0.390  ev +0.99  adv_std 0.921  tR +0.03  ent[s/d/p/e] 0.81/0.25/0.76/0.12  emits 5.02  spf 194.9  z0 0.00  garr 364.8  tG 1548  e2 0.70  nF 14.2  pS 0.24  ptS 0.23  fLog 0.74  pdΔ -0.2584  pkR 6.45  clip 0.23  kl +0.019
upd  682  steps 22380544  sps 6128  opp frzn  loss +0.046  pg -0.0079  v 0.295  ev +0.99  adv_std 0.803  tR -0.02  ent[s/d/p/e] 0.79/0.25/0.72/0.10  emits 5.20  spf 235.8  z0 0.00  garr 438.2  tG 1704  e2 0.72  nF 14.1  pS 0.23  ptS 0.22  fLog 0.76  pdΔ -0.2706  pkR 5.50  clip 0.23  kl +0.018
upd  683  steps 22413312  sps 6128  opp frzn  loss +0.048  pg -0.0099  v 0.316  ev +0.99  adv_std 0.832  tR +0.43  ent[s/d/p/e] 0.81/0.31/0.77/0.10  emits 4.99  spf 226.6  z0 0.01  garr 423.3  tG 1623  e2 0.67  nF 16.0  pS 0.22  ptS 0.21  fLog 0.74  pdΔ -0.2799  pkR 7.43  clip 0.22  kl +0.018
upd  684  steps 22446080  sps 6128  opp frzn  loss +0.049  pg -0.0089  v 0.316  ev +0.99  adv_std 0.831  tR +0.30  ent[s/d/p/e] 0.78/0.32/0.77/0.11  emits 4.80  spf 184.9  z0 0.00  garr 359.0  tG 1402  e2 0.66  nF 15.6  pS 0.21  ptS 0.20  fLog 0.71  pdΔ -0.2881  pkR 8.78  clip 0.23  kl +0.017
upd  685  steps 22478848  sps 6129  opp rand  loss +0.042  pg -0.0078  v 0.274  ev +1.00  adv_std 0.772  tR +0.36  ent[s/d/p/e] 0.82/0.34/0.80/0.09  emits 4.99  spf 182.3  z0 0.01  garr 373.0  tG 1310  e2 0.66  nF 17.3  pS 0.21  ptS 0.20  fLog 0.71  pdΔ -0.2892  pkR 5.53  clip 0.23  kl +0.019
upd  686  steps 22511616  sps 6129  opp frzn  loss +0.055  pg -0.0096  v 0.348  ev +0.99  adv_std 0.872  tR +0.41  ent[s/d/p/e] 0.80/0.31/0.76/0.10  emits 4.83  spf 196.2  z0 0.01  garr 391.4  tG 1412  e2 0.65  nF 16.2  pS 0.22  ptS 0.21  fLog 0.73  pdΔ -0.2765  pkR 6.09  clip 0.22  kl +0.018
upd  687  steps 22544384  sps 6130  opp rand  loss +0.061  pg -0.0087  v 0.376  ev +0.99  adv_std 0.899  tR +0.49  ent[s/d/p/e] 0.82/0.24/0.79/0.10  emits 5.46  spf 211.1  z0 0.00  garr 421.2  tG 1714  e2 0.75  nF 14.8  pS 0.24  ptS 0.23  fLog 0.75  pdΔ -0.2570  pkR 7.42  clip 0.22  kl +0.016
upd  688  steps 22577152  sps 6130  opp frzn  loss +0.046  pg -0.0099  v 0.306  ev +0.99  adv_std 0.817  tR +0.31  ent[s/d/p/e] 0.75/0.30/0.78/0.08  emits 5.13  spf 220.5  z0 0.00  garr 411.1  tG 1665  e2 0.69  nF 13.9  pS 0.22  ptS 0.20  fLog 0.74  pdΔ -0.2840  pkR 7.10  clip 0.22  kl +0.014
upd  689  steps 22609920  sps 6130  opp frzn  loss +0.053  pg -0.0094  v 0.336  ev +0.99  adv_std 0.856  tR -0.04  ent[s/d/p/e] 0.78/0.31/0.76/0.10  emits 4.99  spf 228.4  z0 0.00  garr 399.4  tG 1675  e2 0.70  nF 13.8  pS 0.22  ptS 0.21  fLog 0.74  pdΔ -0.2775  pkR 7.49  clip 0.22  kl +0.014
upd  690  steps 22642688  sps 6131  opp rand  loss +0.088  pg -0.0090  v 0.511  ev +0.99  adv_std 1.043  tR +0.56  ent[s/d/p/e] 0.75/0.32/0.79/0.10  emits 5.28  spf 198.9  z0 0.00  garr 388.1  tG 1522  e2 0.73  nF 14.3  pS 0.22  ptS 0.20  fLog 0.72  pdΔ -0.2816  pkR 7.25  clip 0.22  kl +0.017
upd  691  steps 22675456  sps 6132  opp rand  loss +0.063  pg -0.0088  v 0.388  ev +0.99  adv_std 0.919  tR +0.45  ent[s/d/p/e] 0.83/0.38/0.83/0.10  emits 5.25  spf 198.2  z0 0.01  garr 424.5  tG 1565  e2 0.72  nF 17.4  pS 0.24  ptS 0.22  fLog 0.72  pdΔ -0.2645  pkR 7.36  clip 0.23  kl +0.019
upd  692  steps 22708224  sps 6132  opp rand  loss +0.077  pg -0.0090  v 0.456  ev +0.99  adv_std 0.986  tR +0.37  ent[s/d/p/e] 0.84/0.35/0.80/0.12  emits 4.94  spf 174.0  z0 0.01  garr 344.1  tG 1445  e2 0.70  nF 18.2  pS 0.25  ptS 0.24  fLog 0.70  pdΔ -0.2461  pkR 6.48  clip 0.22  kl +0.013
upd  693  steps 22740992  sps 6132  opp frzn  loss +0.054  pg -0.0101  v 0.349  ev +0.99  adv_std 0.874  tR +0.31  ent[s/d/p/e] 0.83/0.32/0.79/0.10  emits 5.21  spf 202.2  z0 0.00  garr 383.5  tG 1696  e2 0.71  nF 16.9  pS 0.26  ptS 0.25  fLog 0.73  pdΔ -0.2401  pkR 7.73  clip 0.22  kl +0.017
upd  694  steps 22773760  sps 6133  opp rand  loss +0.080  pg -0.0103  v 0.477  ev +0.99  adv_std 1.014  tR +0.29  ent[s/d/p/e] 0.82/0.29/0.78/0.10  emits 4.94  spf 196.9  z0 0.01  garr 354.4  tG 1532  e2 0.68  nF 14.8  pS 0.25  ptS 0.24  fLog 0.73  pdΔ -0.2541  pkR 7.64  clip 0.22  kl +0.018
upd  695  steps 22806528  sps 6133  opp frzn  loss +0.049  pg -0.0086  v 0.314  ev +0.99  adv_std 0.829  tR +0.48  ent[s/d/p/e] 0.86/0.29/0.79/0.10  emits 5.16  spf 214.2  z0 0.00  garr 393.6  tG 1709  e2 0.71  nF 16.1  pS 0.26  ptS 0.25  fLog 0.74  pdΔ -0.2407  pkR 6.48  clip 0.21  kl +0.014
upd  696  steps 22839296  sps 6134  opp frzn  loss +0.047  pg -0.0103  v 0.314  ev +0.99  adv_std 0.830  tR +0.18  ent[s/d/p/e] 0.81/0.26/0.77/0.10  emits 5.22  spf 229.9  z0 0.00  garr 415.5  tG 1793  e2 0.70  nF 15.7  pS 0.25  ptS 0.23  fLog 0.76  pdΔ -0.2523  pkR 6.30  clip 0.22  kl +0.017
upd  697  steps 22872064  sps 6134  opp rand  loss +0.082  pg -0.0094  v 0.483  ev +0.99  adv_std 1.022  tR +0.70  ent[s/d/p/e] 0.83/0.32/0.81/0.11  emits 5.16  spf 194.6  z0 0.01  garr 394.0  tG 1588  e2 0.71  nF 16.7  pS 0.25  ptS 0.23  fLog 0.72  pdΔ -0.2527  pkR 5.89  clip 0.23  kl +0.018
upd  698  steps 22904832  sps 6135  opp frzn  loss +0.063  pg -0.0103  v 0.393  ev +0.99  adv_std 0.926  tR +0.13  ent[s/d/p/e] 0.78/0.31/0.81/0.10  emits 5.27  spf 194.8  z0 0.00  garr 384.8  tG 1560  e2 0.73  nF 15.1  pS 0.24  ptS 0.22  fLog 0.73  pdΔ -0.2644  pkR 5.69  clip 0.22  kl +0.017
upd  699  steps 22937600  sps 6135  opp rand  loss +0.061  pg -0.0081  v 0.370  ev +0.99  adv_std 0.891  tR +0.45  ent[s/d/p/e] 0.79/0.27/0.84/0.08  emits 5.39  spf 209.9  z0 0.00  garr 412.3  tG 1708  e2 0.72  nF 15.0  pS 0.24  ptS 0.22  fLog 0.74  pdΔ -0.2631  pkR 6.15  clip 0.20  kl +0.014 WRr 0.94 WRf 0.91
upd  700  steps 22970368  sps 6119  opp frzn  loss +0.051  pg -0.0101  v 0.329  ev +0.99  adv_std 0.850  tR +0.21  ent[s/d/p/e] 0.78/0.22/0.80/0.09  emits 5.21  spf 209.3  z0 0.01  garr 393.9  tG 1705  e2 0.71  nF 13.8  pS 0.25  ptS 0.23  fLog 0.75  pdΔ -0.2487  pkR 6.75  clip 0.21  kl +0.014
upd  701  steps 23003136  sps 6119  opp frzn  loss +0.048  pg -0.0091  v 0.311  ev +0.99  adv_std 0.825  tR +0.01  ent[s/d/p/e] 0.76/0.24/0.80/0.09  emits 5.30  spf 246.9  z0 0.01  garr 454.0  tG 1898  e2 0.72  nF 14.7  pS 0.23  ptS 0.21  fLog 0.77  pdΔ -0.2728  pkR 5.24  clip 0.21  kl +0.015
upd  702  steps 23035904  sps 6119  opp frzn  loss +0.053  pg -0.0105  v 0.341  ev +0.99  adv_std 0.861  tR +0.26  ent[s/d/p/e] 0.79/0.27/0.74/0.10  emits 5.09  spf 245.7  z0 0.00  garr 438.9  tG 1805  e2 0.69  nF 14.3  pS 0.24  ptS 0.22  fLog 0.76  pdΔ -0.2615  pkR 7.25  clip 0.22  kl +0.015
upd  703  steps 23068672  sps 6119  opp frzn  loss +0.078  pg -0.0089  v 0.460  ev +0.99  adv_std 0.996  tR +0.40  ent[s/d/p/e] 0.78/0.36/0.81/0.10  emits 4.86  spf 228.3  z0 0.00  garr 384.2  tG 1676  e2 0.67  nF 15.5  pS 0.23  ptS 0.22  fLog 0.72  pdΔ -0.2675  pkR 7.37  clip 0.22  kl +0.018
upd  704  steps 23101440  sps 6120  opp frzn  loss +0.066  pg -0.0096  v 0.406  ev +0.99  adv_std 0.936  tR +0.15  ent[s/d/p/e] 0.79/0.29/0.80/0.11  emits 4.85  spf 202.5  z0 0.01  garr 348.8  tG 1593  e2 0.68  nF 14.9  pS 0.24  ptS 0.23  fLog 0.73  pdΔ -0.2619  pkR 6.71  clip 0.23  kl +0.020
upd  705  steps 23134208  sps 6120  opp rand  loss +0.056  pg -0.0103  v 0.356  ev +0.99  adv_std 0.882  tR +0.45  ent[s/d/p/e] 0.79/0.27/0.82/0.10  emits 5.02  spf 199.8  z0 0.01  garr 375.6  tG 1546  e2 0.68  nF 15.2  pS 0.22  ptS 0.21  fLog 0.73  pdΔ -0.2770  pkR 6.58  clip 0.21  kl +0.018
upd  706  steps 23166976  sps 6121  opp rand  loss +0.053  pg -0.0103  v 0.346  ev +0.99  adv_std 0.869  tR +0.51  ent[s/d/p/e] 0.79/0.33/0.84/0.09  emits 5.22  spf 188.4  z0 0.01  garr 370.6  tG 1522  e2 0.71  nF 16.0  pS 0.24  ptS 0.22  fLog 0.71  pdΔ -0.2638  pkR 7.72  clip 0.23  kl +0.018
upd  707  steps 23199744  sps 6122  opp rand  loss +0.070  pg -0.0097  v 0.429  ev +0.99  adv_std 0.962  tR +0.43  ent[s/d/p/e] 0.85/0.36/0.80/0.10  emits 5.09  spf 194.4  z0 0.01  garr 382.5  tG 1562  e2 0.69  nF 17.2  pS 0.25  ptS 0.23  fLog 0.72  pdΔ -0.2462  pkR 6.40  clip 0.23  kl +0.018
upd  708  steps 23232512  sps 6122  opp rand  loss +0.055  pg -0.0098  v 0.351  ev +0.99  adv_std 0.869  tR +0.53  ent[s/d/p/e] 0.89/0.35/0.85/0.09  emits 5.17  spf 181.9  z0 0.01  garr 389.4  tG 1542  e2 0.69  nF 18.5  pS 0.25  ptS 0.24  fLog 0.71  pdΔ -0.2465  pkR 6.95  clip 0.21  kl +0.016
upd  709  steps 23265280  sps 6123  opp rand  loss +0.063  pg -0.0092  v 0.389  ev +0.99  adv_std 0.915  tR +0.41  ent[s/d/p/e] 0.87/0.32/0.79/0.10  emits 4.98  spf 178.7  z0 0.00  garr 353.1  tG 1472  e2 0.67  nF 17.6  pS 0.25  ptS 0.24  fLog 0.72  pdΔ -0.2460  pkR 6.00  clip 0.22  kl +0.017
upd  710  steps 23298048  sps 6124  opp rand  loss +0.071  pg -0.0088  v 0.428  ev +0.99  adv_std 0.961  tR +0.51  ent[s/d/p/e] 0.84/0.34/0.81/0.09  emits 5.04  spf 205.4  z0 0.01  garr 382.1  tG 1667  e2 0.67  nF 16.6  pS 0.25  ptS 0.24  fLog 0.73  pdΔ -0.2475  pkR 6.38  clip 0.23  kl +0.018
upd  711  steps 23330816  sps 6124  opp frzn  loss +0.063  pg -0.0085  v 0.386  ev +0.99  adv_std 0.916  tR +0.08  ent[s/d/p/e] 0.80/0.32/0.73/0.11  emits 4.87  spf 214.7  z0 0.00  garr 371.5  tG 1598  e2 0.66  nF 14.8  pS 0.24  ptS 0.22  fLog 0.74  pdΔ -0.2634  pkR 11.54  clip 0.20  kl +0.015
upd  712  steps 23363584  sps 6125  opp rand  loss +0.089  pg -0.0081  v 0.511  ev +0.99  adv_std 1.043  tR +0.48  ent[s/d/p/e] 0.81/0.23/0.81/0.09  emits 5.23  spf 214.2  z0 0.01  garr 423.0  tG 1691  e2 0.70  nF 14.6  pS 0.24  ptS 0.22  fLog 0.75  pdΔ -0.2637  pkR 6.45  clip 0.21  kl +0.014
upd  713  steps 23396352  sps 6125  opp rand  loss +0.076  pg -0.0082  v 0.450  ev +0.99  adv_std 0.982  tR +0.47  ent[s/d/p/e] 0.81/0.35/0.79/0.09  emits 5.19  spf 178.9  z0 0.01  garr 371.9  tG 1421  e2 0.70  nF 17.9  pS 0.23  ptS 0.21  fLog 0.71  pdΔ -0.2722  pkR 5.72  clip 0.22  kl +0.017
upd  714  steps 23429120  sps 6126  opp frzn  loss +0.066  pg -0.0104  v 0.406  ev +0.99  adv_std 0.940  tR +0.12  ent[s/d/p/e] 0.78/0.28/0.78/0.10  emits 4.97  spf 197.9  z0 0.01  garr 375.3  tG 1562  e2 0.68  nF 14.5  pS 0.24  ptS 0.22  fLog 0.74  pdΔ -0.2617  pkR 6.44  clip 0.21  kl +0.015
upd  715  steps 23461888  sps 6126  opp frzn  loss +0.054  pg -0.0097  v 0.347  ev +0.99  adv_std 0.869  tR -0.16  ent[s/d/p/e] 0.79/0.31/0.76/0.11  emits 4.79  spf 232.8  z0 0.01  garr 376.1  tG 1628  e2 0.65  nF 13.9  pS 0.24  ptS 0.22  fLog 0.74  pdΔ -0.2599  pkR 6.07  clip 0.22  kl +0.017
upd  716  steps 23494656  sps 6126  opp frzn  loss +0.061  pg -0.0085  v 0.372  ev +0.99  adv_std 0.894  tR +0.03  ent[s/d/p/e] 0.77/0.23/0.76/0.10  emits 5.22  spf 239.8  z0 0.00  garr 432.6  tG 1801  e2 0.71  nF 12.5  pS 0.23  ptS 0.21  fLog 0.76  pdΔ -0.2711  pkR 6.09  clip 0.22  kl +0.014
upd  717  steps 23527424  sps 6126  opp rand  loss +0.058  pg -0.0087  v 0.362  ev +0.99  adv_std 0.886  tR +0.65  ent[s/d/p/e] 0.80/0.26/0.80/0.08  emits 5.41  spf 215.6  z0 0.00  garr 444.2  tG 1680  e2 0.72  nF 14.1  pS 0.23  ptS 0.21  fLog 0.75  pdΔ -0.2713  pkR 6.20  clip 0.22  kl +0.017
upd  718  steps 23560192  sps 6127  opp frzn  loss +0.038  pg -0.0111  v 0.272  ev +0.99  adv_std 0.773  tR +0.25  ent[s/d/p/e] 0.78/0.26/0.78/0.10  emits 5.09  spf 197.1  z0 0.00  garr 409.8  tG 1532  e2 0.70  nF 14.9  pS 0.23  ptS 0.21  fLog 0.74  pdΔ -0.2673  pkR 7.20  clip 0.21  kl +0.016
upd  719  steps 23592960  sps 6127  opp rand  loss +0.053  pg -0.0096  v 0.339  ev +0.99  adv_std 0.861  tR +0.48  ent[s/d/p/e] 0.84/0.32/0.80/0.09  emits 5.05  spf 201.3  z0 0.00  garr 402.9  tG 1558  e2 0.67  nF 16.6  pS 0.24  ptS 0.22  fLog 0.72  pdΔ -0.2583  pkR 6.46  clip 0.21  kl +0.016
upd  720  steps 23625728  sps 6128  opp frzn  loss +0.060  pg -0.0093  v 0.372  ev +0.99  adv_std 0.904  tR +0.33  ent[s/d/p/e] 0.83/0.34/0.75/0.11  emits 5.03  spf 176.7  z0 0.00  garr 364.8  tG 1431  e2 0.69  nF 17.0  pS 0.24  ptS 0.23  fLog 0.70  pdΔ -0.2573  pkR 7.18  clip 0.22  kl +0.016
upd  721  steps 23658496  sps 6128  opp rand  loss +0.074  pg -0.0089  v 0.441  ev +0.99  adv_std 0.971  tR +0.45  ent[s/d/p/e] 0.87/0.29/0.78/0.09  emits 5.29  spf 196.4  z0 0.00  garr 379.6  tG 1660  e2 0.71  nF 17.2  pS 0.26  ptS 0.24  fLog 0.73  pdΔ -0.2445  pkR 7.42  clip 0.21  kl +0.015
upd  722  steps 23691264  sps 6129  opp frzn  loss +0.046  pg -0.0103  v 0.308  ev +0.99  adv_std 0.818  tR +0.21  ent[s/d/p/e] 0.79/0.24/0.81/0.08  emits 5.31  spf 203.1  z0 0.00  garr 395.6  tG 1690  e2 0.71  nF 14.1  pS 0.24  ptS 0.23  fLog 0.74  pdΔ -0.2623  pkR 6.30  clip 0.21  kl +0.016
upd  723  steps 23724032  sps 6129  opp rand  loss +0.107  pg -0.0088  v 0.606  ev +0.99  adv_std 1.138  tR +0.36  ent[s/d/p/e] 0.85/0.35/0.74/0.10  emits 4.96  spf 194.1  z0 0.01  garr 361.3  tG 1558  e2 0.68  nF 17.1  pS 0.25  ptS 0.24  fLog 0.71  pdΔ -0.2538  pkR 6.61  clip 0.21  kl +0.016
upd  724  steps 23756800  sps 6129  opp frzn  loss +0.055  pg -0.0096  v 0.349  ev +0.99  adv_std 0.870  tR +0.38  ent[s/d/p/e] 0.80/0.32/0.77/0.09  emits 5.13  spf 197.9  z0 0.00  garr 341.6  tG 1551  e2 0.70  nF 15.3  pS 0.24  ptS 0.23  fLog 0.72  pdΔ -0.2627  pkR 6.45  clip 0.22  kl +0.016
upd  725  steps 23789568  sps 6130  opp rand  loss +0.077  pg -0.0087  v 0.455  ev +0.99  adv_std 0.989  tR +0.43  ent[s/d/p/e] 0.77/0.26/0.80/0.08  emits 5.24  spf 213.5  z0 0.00  garr 435.3  tG 1616  e2 0.70  nF 13.9  pS 0.21  ptS 0.20  fLog 0.75  pdΔ -0.2872  pkR 6.70  clip 0.18  kl +0.014
upd  726  steps 23822336  sps 6130  opp frzn  loss +0.054  pg -0.0103  v 0.350  ev +0.99  adv_std 0.869  tR +0.15  ent[s/d/p/e] 0.78/0.26/0.78/0.09  emits 5.14  spf 217.2  z0 0.01  garr 421.1  tG 1603  e2 0.70  nF 14.0  pS 0.23  ptS 0.21  fLog 0.75  pdΔ -0.2717  pkR 6.25  clip 0.21  kl +0.014
upd  727  steps 23855104  sps 6131  opp rand  loss +0.054  pg -0.0082  v 0.339  ev +0.99  adv_std 0.854  tR +0.61  ent[s/d/p/e] 0.82/0.28/0.78/0.08  emits 5.39  spf 216.9  z0 0.00  garr 439.2  tG 1757  e2 0.72  nF 13.6  pS 0.24  ptS 0.22  fLog 0.75  pdΔ -0.2611  pkR 5.12  clip 0.21  kl +0.015
upd  728  steps 23887872  sps 6131  opp frzn  loss +0.047  pg -0.0100  v 0.311  ev +0.99  adv_std 0.826  tR +0.35  ent[s/d/p/e] 0.82/0.33/0.77/0.09  emits 5.14  spf 200.1  z0 0.00  garr 384.5  tG 1616  e2 0.71  nF 15.9  pS 0.24  ptS 0.23  fLog 0.72  pdΔ -0.2606  pkR 7.33  clip 0.21  kl +0.016
upd  729  steps 23920640  sps 6132  opp rand  loss +0.060  pg -0.0076  v 0.366  ev +0.99  adv_std 0.887  tR +0.53  ent[s/d/p/e] 0.80/0.31/0.82/0.09  emits 5.37  spf 202.8  z0 0.00  garr 420.1  tG 1691  e2 0.73  nF 16.1  pS 0.24  ptS 0.22  fLog 0.73  pdΔ -0.2626  pkR 7.60  clip 0.21  kl +0.017
upd  730  steps 23953408  sps 6132  opp frzn  loss +0.053  pg -0.0096  v 0.337  ev +0.99  adv_std 0.856  tR +0.23  ent[s/d/p/e] 0.78/0.30/0.78/0.10  emits 5.08  spf 186.6  z0 0.01  garr 389.9  tG 1458  e2 0.69  nF 15.2  pS 0.22  ptS 0.21  fLog 0.72  pdΔ -0.2779  pkR 6.52  clip 0.20  kl +0.014
upd  731  steps 23986176  sps 6133  opp rand  loss +0.047  pg -0.0105  v 0.316  ev +0.99  adv_std 0.829  tR +0.36  ent[s/d/p/e] 0.83/0.29/0.78/0.08  emits 5.61  spf 202.1  z0 0.01  garr 436.7  tG 1686  e2 0.76  nF 15.7  pS 0.23  ptS 0.22  fLog 0.74  pdΔ -0.2684  pkR 6.03  clip 0.21  kl +0.014
upd  732  steps 24018944  sps 6133  opp rand  loss +0.043  pg -0.0107  v 0.295  ev +0.99  adv_std 0.803  tR +0.35  ent[s/d/p/e] 0.79/0.28/0.79/0.08  emits 5.17  spf 185.4  z0 0.00  garr 403.6  tG 1443  e2 0.69  nF 15.2  pS 0.22  ptS 0.20  fLog 0.73  pdΔ -0.2824  pkR 7.22  clip 0.21  kl +0.015
upd  733  steps 24051712  sps 6134  opp rand  loss +0.046  pg -0.0108  v 0.311  ev +0.99  adv_std 0.826  tR +0.24  ent[s/d/p/e] 0.85/0.30/0.78/0.09  emits 5.21  spf 190.6  z0 0.01  garr 423.9  tG 1577  e2 0.69  nF 16.5  pS 0.24  ptS 0.22  fLog 0.73  pdΔ -0.2573  pkR 6.74  clip 0.21  kl +0.014
upd  734  steps 24084480  sps 6135  opp rand  loss +0.056  pg -0.0082  v 0.348  ev +0.99  adv_std 0.870  tR +0.43  ent[s/d/p/e] 0.92/0.40/0.76/0.09  emits 4.80  spf 201.6  z0 0.01  garr 370.0  tG 1494  e2 0.64  nF 19.8  pS 0.26  ptS 0.24  fLog 0.71  pdΔ -0.2450  pkR 5.94  clip 0.21  kl +0.014
upd  735  steps 24117248  sps 6135  opp rand  loss +0.056  pg -0.0091  v 0.353  ev +0.99  adv_std 0.875  tR +0.51  ent[s/d/p/e] 0.89/0.41/0.75/0.11  emits 4.61  spf 200.5  z0 0.01  garr 357.3  tG 1507  e2 0.63  nF 18.8  pS 0.25  ptS 0.24  fLog 0.70  pdΔ -0.2467  pkR 7.95  clip 0.21  kl +0.016
upd  736  steps 24150016  sps 6136  opp frzn  loss +0.041  pg -0.0104  v 0.283  ev +0.99  adv_std 0.793  tR +0.32  ent[s/d/p/e] 0.82/0.30/0.75/0.10  emits 5.19  spf 189.6  z0 0.00  garr 347.5  tG 1479  e2 0.71  nF 15.2  pS 0.24  ptS 0.23  fLog 0.72  pdΔ -0.2615  pkR 7.28  clip 0.22  kl +0.016
upd  737  steps 24182784  sps 6136  opp frzn  loss +0.055  pg -0.0089  v 0.342  ev +0.99  adv_std 0.862  tR +0.06  ent[s/d/p/e] 0.78/0.24/0.76/0.08  emits 5.20  spf 238.4  z0 0.01  garr 442.9  tG 1791  e2 0.70  nF 12.9  pS 0.22  ptS 0.20  fLog 0.75  pdΔ -0.2835  pkR 7.51  clip 0.18  kl +0.013
upd  738  steps 24215552  sps 6136  opp frzn  loss +0.054  pg -0.0095  v 0.341  ev +0.99  adv_std 0.860  tR +0.00  ent[s/d/p/e] 0.75/0.25/0.77/0.10  emits 4.86  spf 200.5  z0 0.01  garr 391.9  tG 1486  e2 0.66  nF 13.1  pS 0.22  ptS 0.20  fLog 0.73  pdΔ -0.2813  pkR 7.57  clip 0.19  kl +0.011
upd  739  steps 24248320  sps 6136  opp frzn  loss +0.044  pg -0.0098  v 0.294  ev +0.99  adv_std 0.802  tR +0.08  ent[s/d/p/e] 0.78/0.26/0.78/0.09  emits 5.06  spf 214.4  z0 0.01  garr 440.5  tG 1628  e2 0.69  nF 15.2  pS 0.22  ptS 0.20  fLog 0.75  pdΔ -0.2788  pkR 6.08  clip 0.21  kl +0.015
upd  740  steps 24281088  sps 6136  opp frzn  loss +0.069  pg -0.0088  v 0.413  ev +0.99  adv_std 0.949  tR +0.03  ent[s/d/p/e] 0.79/0.25/0.73/0.10  emits 4.97  spf 206.4  z0 0.01  garr 385.3  tG 1619  e2 0.69  nF 14.2  pS 0.24  ptS 0.23  fLog 0.75  pdΔ -0.2570  pkR 7.95  clip 0.20  kl +0.015
upd  741  steps 24313856  sps 6137  opp frzn  loss +0.067  pg -0.0098  v 0.409  ev +0.99  adv_std 0.942  tR +0.17  ent[s/d/p/e] 0.77/0.26/0.77/0.09  emits 5.12  spf 217.2  z0 0.00  garr 397.8  tG 1742  e2 0.70  nF 13.0  pS 0.24  ptS 0.23  fLog 0.74  pdΔ -0.2597  pkR 6.00  clip 0.20  kl +0.013
upd  742  steps 24346624  sps 6137  opp frzn  loss +0.052  pg -0.0111  v 0.344  ev +0.99  adv_std 0.864  tR +0.12  ent[s/d/p/e] 0.80/0.30/0.73/0.11  emits 4.73  spf 202.9  z0 0.01  garr 356.4  tG 1485  e2 0.66  nF 14.8  pS 0.24  ptS 0.22  fLog 0.73  pdΔ -0.2617  pkR 7.17  clip 0.20  kl +0.016
upd  743  steps 24379392  sps 6137  opp rand  loss +0.059  pg -0.0098  v 0.370  ev +0.99  adv_std 0.895  tR +0.49  ent[s/d/p/e] 0.82/0.32/0.79/0.09  emits 5.06  spf 212.4  z0 0.01  garr 415.2  tG 1694  e2 0.70  nF 15.4  pS 0.24  ptS 0.22  fLog 0.74  pdΔ -0.2621  pkR 6.04  clip 0.20  kl +0.013
upd  744  steps 24412160  sps 6138  opp rand  loss +0.073  pg -0.0099  v 0.443  ev +0.99  adv_std 0.979  tR +0.59  ent[s/d/p/e] 0.82/0.33/0.78/0.09  emits 4.93  spf 192.7  z0 0.01  garr 340.2  tG 1454  e2 0.66  nF 17.6  pS 0.24  ptS 0.22  fLog 0.72  pdΔ -0.2637  pkR 7.08  clip 0.20  kl +0.014
upd  745  steps 24444928  sps 6139  opp rand  loss +0.075  pg -0.0095  v 0.449  ev +0.99  adv_std 0.983  tR +0.38  ent[s/d/p/e] 0.85/0.32/0.80/0.08  emits 5.22  spf 191.4  z0 0.01  garr 379.6  tG 1565  e2 0.70  nF 16.2  pS 0.24  ptS 0.23  fLog 0.72  pdΔ -0.2569  pkR 7.41  clip 0.21  kl +0.014
upd  746  steps 24477696  sps 6139  opp frzn  loss +0.050  pg -0.0107  v 0.331  ev +0.99  adv_std 0.855  tR +0.08  ent[s/d/p/e] 0.79/0.26/0.76/0.09  emits 5.19  spf 224.6  z0 0.00  garr 434.9  tG 1794  e2 0.70  nF 13.9  pS 0.25  ptS 0.23  fLog 0.76  pdΔ -0.2488  pkR 5.79  clip 0.19  kl +0.014
upd  747  steps 24510464  sps 6140  opp rand  loss +0.063  pg -0.0088  v 0.388  ev +0.99  adv_std 0.918  tR +0.66  ent[s/d/p/e] 0.83/0.34/0.78/0.08  emits 5.32  spf 193.4  z0 0.00  garr 390.8  tG 1592  e2 0.70  nF 16.8  pS 0.24  ptS 0.22  fLog 0.72  pdΔ -0.2601  pkR 6.33  clip 0.20  kl +0.016
upd  748  steps 24543232  sps 6140  opp frzn  loss +0.064  pg -0.0094  v 0.392  ev +0.99  adv_std 0.921  tR +0.15  ent[s/d/p/e] 0.80/0.30/0.76/0.10  emits 4.80  spf 188.2  z0 0.01  garr 366.2  tG 1452  e2 0.66  nF 15.3  pS 0.24  ptS 0.22  fLog 0.73  pdΔ -0.2633  pkR 5.63  clip 0.19  kl +0.012
upd  749  steps 24576000  sps 6140  opp frzn  loss +0.059  pg -0.0099  v 0.372  ev +0.99  adv_std 0.902  tR +0.41  ent[s/d/p/e] 0.80/0.33/0.78/0.09  emits 5.21  spf 227.5  z0 0.00  garr 385.3  tG 1792  e2 0.71  nF 15.2  pS 0.25  ptS 0.24  fLog 0.73  pdΔ -0.2504  pkR 6.43  clip 0.21  kl +0.017 WRr 1.00 WRf 0.94
upd  750  steps 24608768  sps 6123  opp frzn  loss +0.063  pg -0.0075  v 0.380  ev +0.99  adv_std 0.905  tR +0.17  ent[s/d/p/e] 0.80/0.32/0.74/0.08  emits 5.28  spf 209.5  z0 0.01  garr 411.9  tG 1636  e2 0.71  nF 14.0  pS 0.23  ptS 0.21  fLog 0.74  pdΔ -0.2721  pkR 7.60  clip 0.20  kl +0.014
upd  751  steps 24641536  sps 6124  opp rand  loss +0.056  pg -0.0077  v 0.344  ev +0.99  adv_std 0.858  tR +0.45  ent[s/d/p/e] 0.79/0.32/0.76/0.07  emits 5.27  spf 204.8  z0 0.01  garr 437.5  tG 1624  e2 0.70  nF 15.0  pS 0.22  ptS 0.20  fLog 0.74  pdΔ -0.2835  pkR 7.36  clip 0.18  kl +0.013
upd  752  steps 24674304  sps 6125  opp rand  loss +0.062  pg -0.0079  v 0.374  ev +0.99  adv_std 0.896  tR +0.69  ent[s/d/p/e] 0.82/0.31/0.76/0.08  emits 5.21  spf 181.0  z0 0.00  garr 358.6  tG 1436  e2 0.70  nF 15.4  pS 0.24  ptS 0.23  fLog 0.72  pdΔ -0.2615  pkR 6.59  clip 0.18  kl +0.012
upd  753  steps 24707072  sps 6125  opp frzn  loss +0.054  pg -0.0088  v 0.342  ev +0.99  adv_std 0.864  tR +0.39  ent[s/d/p/e] 0.86/0.35/0.77/0.08  emits 5.24  spf 190.5  z0 0.00  garr 418.9  tG 1589  e2 0.70  nF 15.9  pS 0.26  ptS 0.24  fLog 0.73  pdΔ -0.2430  pkR 4.74  clip 0.20  kl +0.015
upd  754  steps 24739840  sps 6125  opp frzn  loss +0.064  pg -0.0095  v 0.395  ev +0.99  adv_std 0.927  tR +0.08  ent[s/d/p/e] 0.78/0.29/0.74/0.09  emits 5.08  spf 219.6  z0 0.00  garr 395.2  tG 1703  e2 0.69  nF 14.1  pS 0.25  ptS 0.23  fLog 0.75  pdΔ -0.2470  pkR 6.31  clip 0.20  kl +0.014
upd  755  steps 24772608  sps 6125  opp frzn  loss +0.064  pg -0.0103  v 0.396  ev +0.99  adv_std 0.926  tR +0.15  ent[s/d/p/e] 0.83/0.29/0.77/0.10  emits 4.88  spf 228.7  z0 0.01  garr 401.5  tG 1704  e2 0.66  nF 14.9  pS 0.24  ptS 0.23  fLog 0.75  pdΔ -0.2576  pkR 6.56  clip 0.20  kl +0.014
upd  756  steps 24805376  sps 6126  opp rand  loss +0.066  pg -0.0093  v 0.401  ev +0.99  adv_std 0.932  tR +0.54  ent[s/d/p/e] 0.83/0.31/0.76/0.09  emits 5.17  spf 192.7  z0 0.01  garr 374.0  tG 1518  e2 0.69  nF 17.6  pS 0.24  ptS 0.23  fLog 0.72  pdΔ -0.2588  pkR 7.86  clip 0.19  kl +0.012
upd  757  steps 24838144  sps 6126  opp rand  loss +0.071  pg -0.0104  v 0.435  ev +0.99  adv_std 0.963  tR +0.40  ent[s/d/p/e] 0.82/0.32/0.77/0.08  emits 5.05  spf 191.0  z0 0.01  garr 378.8  tG 1504  e2 0.67  nF 15.6  pS 0.23  ptS 0.22  fLog 0.72  pdΔ -0.2681  pkR 8.48  clip 0.21  kl +0.014
upd  758  steps 24870912  sps 6127  opp frzn  loss +0.054  pg -0.0100  v 0.345  ev +0.99  adv_std 0.867  tR +0.19  ent[s/d/p/e] 0.80/0.27/0.75/0.09  emits 5.10  spf 203.7  z0 0.01  garr 420.3  tG 1609  e2 0.68  nF 13.2  pS 0.24  ptS 0.23  fLog 0.75  pdΔ -0.2619  pkR 6.81  clip 0.19  kl +0.014
upd  759  steps 24903680  sps 6127  opp rand  loss +0.056  pg -0.0083  v 0.346  ev +0.99  adv_std 0.867  tR +0.34  ent[s/d/p/e] 0.79/0.31/0.76/0.08  emits 5.22  spf 206.3  z0 0.00  garr 415.2  tG 1578  e2 0.69  nF 17.0  pS 0.22  ptS 0.21  fLog 0.73  pdΔ -0.2808  pkR 6.50  clip 0.19  kl +0.014
upd  760  steps 24936448  sps 6128  opp rand  loss +0.069  pg -0.0098  v 0.420  ev +0.99  adv_std 0.951  tR +0.61  ent[s/d/p/e] 0.80/0.32/0.74/0.08  emits 5.25  spf 198.0  z0 0.00  garr 394.9  tG 1533  e2 0.70  nF 16.7  pS 0.24  ptS 0.22  fLog 0.73  pdΔ -0.2609  pkR 4.32  clip 0.19  kl +0.014
upd  761  steps 24969216  sps 6128  opp frzn  loss +0.056  pg -0.0100  v 0.359  ev +0.99  adv_std 0.883  tR +0.30  ent[s/d/p/e] 0.84/0.34/0.74/0.08  emits 5.05  spf 205.6  z0 0.00  garr 407.5  tG 1603  e2 0.67  nF 17.3  pS 0.24  ptS 0.22  fLog 0.73  pdΔ -0.2609  pkR 5.59  clip 0.21  kl +0.017
upd  762  steps 25001984  sps 6128  opp frzn  loss +0.062  pg -0.0096  v 0.383  ev +0.99  adv_std 0.911  tR -0.02  ent[s/d/p/e] 0.77/0.25/0.72/0.09  emits 5.10  spf 207.4  z0 0.00  garr 407.2  tG 1582  e2 0.69  nF 13.2  pS 0.23  ptS 0.22  fLog 0.75  pdΔ -0.2699  pkR 5.76  clip 0.18  kl +0.012
upd  763  steps 25034752  sps 6129  opp frzn  loss +0.051  pg -0.0101  v 0.329  ev +0.99  adv_std 0.842  tR +0.26  ent[s/d/p/e] 0.76/0.24/0.73/0.07  emits 5.23  spf 237.0  z0 0.00  garr 452.9  tG 1710  e2 0.71  nF 11.8  pS 0.23  ptS 0.21  fLog 0.77  pdΔ -0.2728  pkR 5.93  clip 0.19  kl +0.012
upd  764  steps 25067520  sps 6129  opp rand  loss +0.090  pg -0.0080  v 0.513  ev +0.99  adv_std 1.043  tR +0.76  ent[s/d/p/e] 0.79/0.26/0.74/0.08  emits 5.23  spf 222.1  z0 0.00  garr 460.0  tG 1704  e2 0.70  nF 14.4  pS 0.23  ptS 0.21  fLog 0.75  pdΔ -0.2671  pkR 7.36  clip 0.18  kl +0.012
upd  765  steps 25100288  sps 6130  opp rand  loss +0.067  pg -0.0082  v 0.403  ev +0.99  adv_std 0.930  tR +0.51  ent[s/d/p/e] 0.79/0.30/0.74/0.08  emits 5.15  spf 202.7  z0 0.00  garr 412.9  tG 1577  e2 0.69  nF 15.1  pS 0.23  ptS 0.21  fLog 0.74  pdΔ -0.2707  pkR 6.31  clip 0.20  kl +0.014
upd  766  steps 25133056  sps 6130  opp frzn  loss +0.045  pg -0.0104  v 0.301  ev +0.99  adv_std 0.806  tR +0.20  ent[s/d/p/e] 0.80/0.25/0.72/0.07  emits 5.44  spf 223.1  z0 0.00  garr 451.2  tG 1857  e2 0.73  nF 14.3  pS 0.24  ptS 0.22  fLog 0.77  pdΔ -0.2625  pkR 5.52  clip 0.18  kl +0.012
upd  767  steps 25165824  sps 6130  opp frzn  loss +0.061  pg -0.0088  v 0.376  ev +0.99  adv_std 0.901  tR +0.15  ent[s/d/p/e] 0.80/0.31/0.75/0.09  emits 4.73  spf 220.6  z0 0.01  garr 366.3  tG 1666  e2 0.64  nF 15.3  pS 0.22  ptS 0.22  fLog 0.73  pdΔ -0.2763  pkR 6.62  clip 0.19  kl +0.013
upd  768  steps 25198592  sps 6131  opp frzn  loss +0.060  pg -0.0090  v 0.370  ev +0.99  adv_std 0.897  tR +0.05  ent[s/d/p/e] 0.78/0.32/0.73/0.10  emits 4.99  spf 197.4  z0 0.01  garr 363.6  tG 1546  e2 0.69  nF 15.7  pS 0.24  ptS 0.23  fLog 0.72  pdΔ -0.2587  pkR 6.56  clip 0.20  kl +0.014
upd  769  steps 25231360  sps 6131  opp frzn  loss +0.060  pg -0.0105  v 0.377  ev +0.99  adv_std 0.904  tR +0.11  ent[s/d/p/e] 0.76/0.30/0.75/0.08  emits 5.40  spf 201.5  z0 0.01  garr 427.4  tG 1583  e2 0.73  nF 14.3  pS 0.22  ptS 0.21  fLog 0.73  pdΔ -0.2800  pkR 6.48  clip 0.19  kl +0.012
upd  770  steps 25264128  sps 6131  opp rand  loss +0.051  pg -0.0113  v 0.336  ev +0.99  adv_std 0.855  tR +0.49  ent[s/d/p/e] 0.82/0.29/0.73/0.07  emits 5.42  spf 221.2  z0 0.00  garr 484.5  tG 1759  e2 0.71  nF 15.3  pS 0.23  ptS 0.22  fLog 0.75  pdΔ -0.2698  pkR 6.09  clip 0.18  kl +0.013
upd  771  steps 25296896  sps 6132  opp frzn  loss +0.043  pg -0.0111  v 0.295  ev +0.99  adv_std 0.802  tR +0.38  ent[s/d/p/e] 0.80/0.29/0.74/0.08  emits 5.20  spf 197.0  z0 0.01  garr 396.0  tG 1570  e2 0.70  nF 15.5  pS 0.24  ptS 0.23  fLog 0.73  pdΔ -0.2619  pkR 8.31  clip 0.20  kl +0.015
upd  772  steps 25329664  sps 6132  opp rand  loss +0.068  pg -0.0088  v 0.407  ev +0.99  adv_std 0.938  tR +0.49  ent[s/d/p/e] 0.79/0.31/0.73/0.07  emits 5.42  spf 203.7  z0 0.00  garr 429.3  tG 1612  e2 0.71  nF 15.7  pS 0.23  ptS 0.22  fLog 0.73  pdΔ -0.2677  pkR 5.48  clip 0.19  kl +0.013
upd  773  steps 25362432  sps 6133  opp rand  loss +0.061  pg -0.0095  v 0.377  ev +0.99  adv_std 0.901  tR +0.44  ent[s/d/p/e] 0.81/0.29/0.73/0.08  emits 5.55  spf 186.7  z0 0.00  garr 384.8  tG 1538  e2 0.74  nF 15.4  pS 0.24  ptS 0.22  fLog 0.73  pdΔ -0.2644  pkR 7.16  clip 0.19  kl +0.012
upd  774  steps 25395200  sps 6133  opp rand  loss +0.059  pg -0.0087  v 0.365  ev +0.99  adv_std 0.887  tR +0.35  ent[s/d/p/e] 0.83/0.28/0.77/0.07  emits 5.64  spf 195.2  z0 0.01  garr 448.8  tG 1728  e2 0.74  nF 16.5  pS 0.24  ptS 0.22  fLog 0.73  pdΔ -0.2633  pkR 8.91  clip 0.19  kl +0.014
upd  775  steps 25427968  sps 6134  opp frzn  loss +0.070  pg -0.0092  v 0.423  ev +0.99  adv_std 0.952  tR +0.05  ent[s/d/p/e] 0.81/0.29/0.71/0.09  emits 5.00  spf 174.0  z0 0.01  garr 375.1  tG 1449  e2 0.67  nF 15.3  pS 0.24  ptS 0.23  fLog 0.72  pdΔ -0.2615  pkR 9.01  clip 0.20  kl +0.015
upd  776  steps 25460736  sps 6134  opp rand  loss +0.053  pg -0.0083  v 0.333  ev +0.99  adv_std 0.844  tR +0.45  ent[s/d/p/e] 0.79/0.29/0.75/0.08  emits 5.05  spf 201.6  z0 0.01  garr 406.7  tG 1510  e2 0.66  nF 16.0  pS 0.22  ptS 0.21  fLog 0.74  pdΔ -0.2814  pkR 6.68  clip 0.21  kl +0.015
upd  777  steps 25493504  sps 6135  opp rand  loss +0.072  pg -0.0098  v 0.437  ev +0.99  adv_std 0.971  tR +0.49  ent[s/d/p/e] 0.83/0.33/0.72/0.09  emits 5.14  spf 187.2  z0 0.01  garr 381.3  tG 1433  e2 0.69  nF 17.3  pS 0.23  ptS 0.22  fLog 0.71  pdΔ -0.2712  pkR 6.70  clip 0.19  kl +0.013
upd  778  steps 25526272  sps 6135  opp rand  loss +0.073  pg -0.0085  v 0.435  ev +0.99  adv_std 0.965  tR +0.34  ent[s/d/p/e] 0.82/0.33/0.74/0.08  emits 5.15  spf 190.1  z0 0.01  garr 392.1  tG 1500  e2 0.69  nF 18.1  pS 0.23  ptS 0.22  fLog 0.71  pdΔ -0.2679  pkR 7.58  clip 0.18  kl +0.011
upd  779  steps 25559040  sps 6136  opp frzn  loss +0.064  pg -0.0108  v 0.399  ev +0.99  adv_std 0.932  tR +0.25  ent[s/d/p/e] 0.87/0.32/0.71/0.10  emits 4.82  spf 191.6  z0 0.01  garr 351.2  tG 1556  e2 0.65  nF 18.7  pS 0.27  ptS 0.25  fLog 0.72  pdΔ -0.2348  pkR 6.92  clip 0.19  kl +0.013
upd  780  steps 25591808  sps 6136  opp frzn  loss +0.047  pg -0.0092  v 0.308  ev +0.99  adv_std 0.819  tR +0.24  ent[s/d/p/e] 0.80/0.27/0.73/0.09  emits 5.01  spf 220.0  z0 0.00  garr 387.4  tG 1719  e2 0.68  nF 14.7  pS 0.25  ptS 0.24  fLog 0.74  pdΔ -0.2473  pkR 6.50  clip 0.19  kl +0.013
upd  781  steps 25624576  sps 6136  opp rand  loss +0.106  pg -0.0090  v 0.603  ev +0.99  adv_std 1.131  tR +0.57  ent[s/d/p/e] 0.78/0.29/0.76/0.08  emits 5.14  spf 207.9  z0 0.00  garr 416.1  tG 1627  e2 0.68  nF 15.2  pS 0.23  ptS 0.21  fLog 0.73  pdΔ -0.2697  pkR 7.20  clip 0.18  kl +0.012
upd  782  steps 25657344  sps 6137  opp frzn  loss +0.070  pg -0.0106  v 0.429  ev +0.99  adv_std 0.964  tR +0.26  ent[s/d/p/e] 0.78/0.29/0.69/0.10  emits 4.93  spf 177.5  z0 0.00  garr 359.0  tG 1421  e2 0.66  nF 15.7  pS 0.24  ptS 0.22  fLog 0.72  pdΔ -0.2630  pkR 7.11  clip 0.17  kl +0.013
upd  783  steps 25690112  sps 6137  opp frzn  loss +0.054  pg -0.0118  v 0.353  ev +0.99  adv_std 0.875  tR -0.02  ent[s/d/p/e] 0.77/0.25/0.74/0.08  emits 5.02  spf 217.6  z0 0.00  garr 397.3  tG 1675  e2 0.67  nF 13.7  pS 0.24  ptS 0.23  fLog 0.76  pdΔ -0.2551  pkR 5.41  clip 0.18  kl +0.013
upd  784  steps 25722880  sps 6137  opp rand  loss +0.075  pg -0.0109  v 0.453  ev +0.99  adv_std 0.991  tR +0.49  ent[s/d/p/e] 0.82/0.34/0.71/0.10  emits 4.89  spf 195.7  z0 0.00  garr 366.2  tG 1532  e2 0.66  nF 15.8  pS 0.25  ptS 0.23  fLog 0.72  pdΔ -0.2502  pkR 7.80  clip 0.18  kl +0.013
upd  785  steps 25755648  sps 6138  opp rand  loss +0.077  pg -0.0105  v 0.465  ev +0.99  adv_std 0.997  tR +0.40  ent[s/d/p/e] 0.87/0.35/0.74/0.10  emits 5.01  spf 179.0  z0 0.01  garr 342.1  tG 1487  e2 0.68  nF 17.0  pS 0.27  ptS 0.25  fLog 0.71  pdΔ -0.2339  pkR 5.69  clip 0.18  kl +0.013
upd  786  steps 25788416  sps 6138  opp frzn  loss +0.054  pg -0.0095  v 0.345  ev +0.99  adv_std 0.868  tR +0.06  ent[s/d/p/e] 0.83/0.28/0.71/0.09  emits 5.12  spf 211.2  z0 0.00  garr 413.3  tG 1696  e2 0.69  nF 16.3  pS 0.25  ptS 0.24  fLog 0.75  pdΔ -0.2452  pkR 6.00  clip 0.18  kl +0.013
upd  787  steps 25821184  sps 6139  opp rand  loss +0.053  pg -0.0093  v 0.338  ev +0.99  adv_std 0.853  tR +0.64  ent[s/d/p/e] 0.81/0.25/0.74/0.08  emits 5.42  spf 203.5  z0 0.00  garr 442.3  tG 1717  e2 0.72  nF 15.1  pS 0.24  ptS 0.23  fLog 0.75  pdΔ -0.2606  pkR 6.48  clip 0.17  kl +0.010
upd  788  steps 25853952  sps 6139  opp frzn  loss +0.060  pg -0.0104  v 0.377  ev +0.99  adv_std 0.903  tR -0.03  ent[s/d/p/e] 0.77/0.27/0.75/0.08  emits 5.21  spf 189.5  z0 0.01  garr 428.2  tG 1553  e2 0.69  nF 15.2  pS 0.22  ptS 0.21  fLog 0.73  pdΔ -0.2756  pkR 7.10  clip 0.19  kl +0.014
upd  789  steps 25886720  sps 6139  opp frzn  loss +0.051  pg -0.0119  v 0.340  ev +0.99  adv_std 0.861  tR -0.09  ent[s/d/p/e] 0.84/0.34/0.71/0.10  emits 4.81  spf 199.8  z0 0.01  garr 375.1  tG 1611  e2 0.65  nF 16.6  pS 0.26  ptS 0.24  fLog 0.73  pdΔ -0.2440  pkR 6.93  clip 0.18  kl +0.013
upd  790  steps 25919488  sps 6139  opp frzn  loss +0.074  pg -0.0101  v 0.449  ev +0.99  adv_std 0.986  tR +0.22  ent[s/d/p/e] 0.84/0.27/0.71/0.09  emits 5.12  spf 226.3  z0 0.01  garr 390.5  tG 1811  e2 0.70  nF 14.4  pS 0.26  ptS 0.24  fLog 0.76  pdΔ -0.2416  pkR 6.95  clip 0.18  kl +0.012
upd  791  steps 25952256  sps 6140  opp frzn  loss +0.058  pg -0.0092  v 0.363  ev +0.99  adv_std 0.883  tR +0.37  ent[s/d/p/e] 0.78/0.22/0.75/0.08  emits 5.36  spf 227.9  z0 0.00  garr 454.1  tG 1868  e2 0.72  nF 13.6  pS 0.24  ptS 0.23  fLog 0.76  pdΔ -0.2562  pkR 7.01  clip 0.16  kl +0.011
upd  792  steps 25985024  sps 6140  opp rand  loss +0.072  pg -0.0102  v 0.439  ev +0.99  adv_std 0.970  tR +0.53  ent[s/d/p/e] 0.82/0.35/0.74/0.08  emits 5.16  spf 165.7  z0 0.00  garr 376.9  tG 1342  e2 0.68  nF 17.5  pS 0.23  ptS 0.22  fLog 0.70  pdΔ -0.2662  pkR 7.56  clip 0.18  kl +0.012
upd  793  steps 26017792  sps 6141  opp rand  loss +0.061  pg -0.0099  v 0.382  ev +0.99  adv_std 0.911  tR +0.34  ent[s/d/p/e] 0.85/0.39/0.72/0.08  emits 5.10  spf 168.8  z0 0.01  garr 346.2  tG 1438  e2 0.68  nF 17.2  pS 0.25  ptS 0.24  fLog 0.70  pdΔ -0.2465  pkR 7.32  clip 0.18  kl +0.012
upd  794  steps 26050560  sps 6141  opp frzn  loss +0.054  pg -0.0094  v 0.341  ev +0.99  adv_std 0.860  tR +0.11  ent[s/d/p/e] 0.76/0.28/0.74/0.07  emits 5.02  spf 199.7  z0 0.01  garr 375.5  tG 1547  e2 0.67  nF 13.1  pS 0.23  ptS 0.21  fLog 0.73  pdΔ -0.2749  pkR 6.65  clip 0.19  kl +0.014
upd  795  steps 26083328  sps 6142  opp rand  loss +0.071  pg -0.0107  v 0.436  ev +0.99  adv_std 0.968  tR +0.24  ent[s/d/p/e] 0.82/0.31/0.71/0.09  emits 5.26  spf 186.6  z0 0.01  garr 397.9  tG 1531  e2 0.72  nF 16.0  pS 0.23  ptS 0.22  fLog 0.72  pdΔ -0.2671  pkR 7.29  clip 0.17  kl +0.011
upd  796  steps 26116096  sps 6142  opp rand  loss +0.063  pg -0.0098  v 0.391  ev +0.99  adv_std 0.919  tR +0.39  ent[s/d/p/e] 0.79/0.28/0.76/0.08  emits 5.57  spf 168.8  z0 0.01  garr 382.8  tG 1464  e2 0.75  nF 14.6  pS 0.23  ptS 0.22  fLog 0.72  pdΔ -0.2678  pkR 8.52  clip 0.18  kl +0.011
upd  797  steps 26148864  sps 6142  opp frzn  loss +0.064  pg -0.0084  v 0.388  ev +0.99  adv_std 0.911  tR +0.23  ent[s/d/p/e] 0.77/0.22/0.74/0.07  emits 5.60  spf 200.0  z0 0.00  garr 466.7  tG 1705  e2 0.75  nF 11.9  pS 0.23  ptS 0.21  fLog 0.75  pdΔ -0.2707  pkR 6.07  clip 0.17  kl +0.012
upd  798  steps 26181632  sps 6143  opp frzn  loss +0.068  pg -0.0089  v 0.409  ev +0.99  adv_std 0.937  tR -0.10  ent[s/d/p/e] 0.73/0.18/0.74/0.07  emits 5.59  spf 223.0  z0 0.00  garr 483.5  tG 1799  e2 0.75  nF 10.9  pS 0.22  ptS 0.20  fLog 0.77  pdΔ -0.2798  pkR 5.80  clip 0.16  kl +0.011
upd  799  steps 26214400  sps 6143  opp frzn  loss +0.066  pg -0.0101  v 0.407  ev +0.99  adv_std 0.937  tR -0.09  ent[s/d/p/e] 0.78/0.23/0.75/0.08  emits 5.35  spf 221.1  z0 0.01  garr 480.4  tG 1772  e2 0.72  nF 13.5  pS 0.23  ptS 0.22  fLog 0.76  pdΔ -0.2678  pkR 5.77  clip 0.17  kl +0.011 WRr 0.84 WRf 0.91
final eval win_rate vs random: 0.844
