[reward] kaggle-aligned: terminal +1 win/+1 tie>0/-1 loss/-1 double-wipeout; is_terminal at step >= episode_steps-2; SHAPING_SCALE=0.0; v1: KEEP_HOME=0.0 FLEET_SIZE=0.0/norm20.0; v2 (expert-replay calibrated): PROD_SHARE=0.0 PLANET_SHARE=0.005 FLEET_LOG=0.0/ref500.0/floor0.3; v3 (top10-2630ep calibrated): PROD_SHARE_DELTA=1.0 EMIT_LOG=0.01 EMIT_GATED=1.0 RELEASE=0.05/K20.0 CAPTURE=0.02; episode_steps=500 (kaggle=500, mismatch=False)
upd    0  steps   32768  sps 725  opp rand  loss -0.012  pg -0.0013  v 0.014  ev +0.69  adv_std 0.180  tR -0.24  ent[s/d/p/e] 0.96/2.90/1.80/0.65  emits 1.54  spf 9.9  z0 0.02  garr 16.8  tG 115  e2 0.34  nF 26.1  pS 0.17  ptS 0.17  fLog 0.27  pdΔ -0.3254  pkR 23.24  clip 0.02  kl +0.002
upd    1  steps   65536  sps 1308  opp rand  loss -0.012  pg -0.0019  v 0.022  ev +0.65  adv_std 0.260  tR -0.29  ent[s/d/p/e] 1.32/2.92/1.87/0.63  emits 1.44  spf 16.0  z0 0.06  garr 27.2  tG 291  e2 0.30  nF 24.6  pS 0.26  ptS 0.26  fLog 0.31  pdΔ -0.2415  pkR 13.71  clip 0.05  kl +0.003
upd    2  steps   98304  sps 1787  opp rand  loss -0.014  pg -0.0025  v 0.010  ev +0.76  adv_std 0.189  tR -0.21  ent[s/d/p/e] 1.23/2.91/1.82/0.65  emits 1.55  spf 13.1  z0 0.03  garr 23.8  tG 199  e2 0.34  nF 27.4  pS 0.24  ptS 0.23  fLog 0.30  pdΔ -0.2613  pkR 12.14  clip 0.07  kl +0.005
upd    3  steps  131072  sps 2187  opp rand  loss -0.014  pg -0.0028  v 0.015  ev +0.86  adv_std 0.219  tR -0.24  ent[s/d/p/e] 1.36/2.92/1.85/0.63  emits 1.48  spf 16.7  z0 0.05  garr 31.3  tG 313  e2 0.32  nF 25.1  pS 0.29  ptS 0.27  fLog 0.33  pdΔ -0.2141  pkR 11.98  clip 0.11  kl +0.007
upd    4  steps  163840  sps 2526  opp rand  loss -0.015  pg -0.0020  v 0.010  ev +0.92  adv_std 0.191  tR -0.19  ent[s/d/p/e] 1.41/2.91/1.82/0.64  emits 1.53  spf 17.5  z0 0.05  garr 33.7  tG 353  e2 0.34  nF 25.2  pS 0.30  ptS 0.29  fLog 0.33  pdΔ -0.2045  pkR 12.12  clip 0.10  kl +0.006
upd    5  steps  196608  sps 2817  opp rand  loss -0.015  pg -0.0033  v 0.011  ev +0.94  adv_std 0.187  tR -0.09  ent[s/d/p/e] 1.33/2.92/1.85/0.63  emits 1.47  spf 16.9  z0 0.04  garr 33.1  tG 361  e2 0.31  nF 24.7  pS 0.28  ptS 0.28  fLog 0.31  pdΔ -0.2176  pkR 14.81  clip 0.13  kl +0.007
upd    6  steps  229376  sps 3070  opp rand  loss -0.015  pg -0.0021  v 0.010  ev +0.95  adv_std 0.169  tR -0.14  ent[s/d/p/e] 1.38/2.92/1.82/0.62  emits 1.44  spf 16.9  z0 0.03  garr 34.2  tG 339  e2 0.30  nF 23.9  pS 0.29  ptS 0.29  fLog 0.33  pdΔ -0.2065  pkR 13.73  clip 0.13  kl +0.006
upd    7  steps  262144  sps 3291  opp rand  loss -0.014  pg -0.0025  v 0.010  ev +0.95  adv_std 0.170  tR -0.17  ent[s/d/p/e] 1.24/2.91/1.81/0.62  emits 1.48  spf 15.7  z0 0.05  garr 32.0  tG 336  e2 0.33  nF 23.8  pS 0.27  ptS 0.27  fLog 0.31  pdΔ -0.2260  pkR 13.87  clip 0.17  kl +0.008
upd    8  steps  294912  sps 3487  opp rand  loss -0.016  pg -0.0037  v 0.009  ev +0.96  adv_std 0.155  tR -0.09  ent[s/d/p/e] 1.29/2.91/1.78/0.60  emits 1.46  spf 15.9  z0 0.04  garr 32.9  tG 326  e2 0.31  nF 24.1  pS 0.28  ptS 0.27  fLog 0.32  pdΔ -0.2203  pkR 12.41  clip 0.16  kl +0.008
upd    9  steps  327680  sps 3661  opp rand  loss -0.015  pg -0.0029  v 0.010  ev +0.97  adv_std 0.163  tR -0.07  ent[s/d/p/e] 1.21/2.90/1.81/0.59  emits 1.48  spf 17.1  z0 0.03  garr 37.4  tG 422  e2 0.31  nF 24.2  pS 0.29  ptS 0.29  fLog 0.31  pdΔ -0.2099  pkR 11.15  clip 0.18  kl +0.009
upd   10  steps  360448  sps 3817  opp rand  loss -0.015  pg -0.0031  v 0.010  ev +0.97  adv_std 0.159  tR -0.11  ent[s/d/p/e] 1.19/2.90/1.83/0.57  emits 1.41  spf 16.6  z0 0.04  garr 35.6  tG 369  e2 0.28  nF 24.4  pS 0.27  ptS 0.27  fLog 0.31  pdΔ -0.2294  pkR 11.98  clip 0.17  kl +0.008
upd   11  steps  393216  sps 3957  opp rand  loss -0.014  pg -0.0027  v 0.010  ev +0.97  adv_std 0.157  tR -0.32  ent[s/d/p/e] 1.10/2.90/1.85/0.58  emits 1.44  spf 15.7  z0 0.04  garr 34.0  tG 354  e2 0.30  nF 25.9  pS 0.26  ptS 0.25  fLog 0.30  pdΔ -0.2431  pkR 15.51  clip 0.18  kl +0.009
upd   12  steps  425984  sps 4085  opp rand  loss -0.014  pg -0.0028  v 0.013  ev +0.97  adv_std 0.177  tR -0.07  ent[s/d/p/e] 1.22/2.89/1.84/0.57  emits 1.42  spf 17.3  z0 0.03  garr 38.0  tG 411  e2 0.28  nF 24.8  pS 0.29  ptS 0.28  fLog 0.31  pdΔ -0.2125  pkR 15.54  clip 0.20  kl +0.010
upd   13  steps  458752  sps 4200  opp rand  loss -0.014  pg -0.0023  v 0.011  ev +0.98  adv_std 0.164  tR -0.16  ent[s/d/p/e] 1.14/2.89/1.83/0.58  emits 1.43  spf 16.5  z0 0.04  garr 36.1  tG 384  e2 0.30  nF 24.5  pS 0.27  ptS 0.27  fLog 0.31  pdΔ -0.2279  pkR 15.29  clip 0.21  kl +0.011
upd   14  steps  491520  sps 4306  opp rand  loss -0.013  pg -0.0021  v 0.013  ev +0.97  adv_std 0.170  tR -0.28  ent[s/d/p/e] 1.20/2.89/1.84/0.57  emits 1.42  spf 16.3  z0 0.04  garr 35.8  tG 383  e2 0.29  nF 26.1  pS 0.28  ptS 0.28  fLog 0.31  pdΔ -0.2185  pkR 13.19  clip 0.22  kl +0.011
upd   15  steps  524288  sps 4403  opp rand  loss -0.014  pg -0.0032  v 0.012  ev +0.98  adv_std 0.168  tR +0.14  ent[s/d/p/e] 1.16/2.89/1.85/0.57  emits 1.36  spf 17.1  z0 0.05  garr 36.0  tG 411  e2 0.26  nF 25.0  pS 0.28  ptS 0.28  fLog 0.30  pdΔ -0.2175  pkR 11.45  clip 0.22  kl +0.009
upd   16  steps  557056  sps 4492  opp rand  loss -0.014  pg -0.0032  v 0.014  ev +0.97  adv_std 0.178  tR +0.15  ent[s/d/p/e] 1.22/2.88/1.83/0.54  emits 1.33  spf 17.5  z0 0.03  garr 36.8  tG 387  e2 0.24  nF 22.8  pS 0.29  ptS 0.28  fLog 0.32  pdΔ -0.2113  pkR 13.98  clip 0.23  kl +0.010
upd   17  steps  589824  sps 4575  opp rand  loss -0.016  pg -0.0045  v 0.012  ev +0.98  adv_std 0.167  tR -0.05  ent[s/d/p/e] 1.25/2.87/1.83/0.53  emits 1.30  spf 18.7  z0 0.05  garr 38.3  tG 410  e2 0.23  nF 21.7  pS 0.30  ptS 0.29  fLog 0.33  pdΔ -0.2036  pkR 9.31  clip 0.21  kl +0.010
upd   18  steps  622592  sps 4651  opp rand  loss -0.016  pg -0.0048  v 0.016  ev +0.97  adv_std 0.188  tR +0.01  ent[s/d/p/e] 1.30/2.87/1.83/0.52  emits 1.29  spf 19.4  z0 0.03  garr 39.3  tG 423  e2 0.22  nF 20.4  pS 0.31  ptS 0.30  fLog 0.34  pdΔ -0.1887  pkR 10.87  clip 0.22  kl +0.010
upd   19  steps  655360  sps 4722  opp rand  loss -0.015  pg -0.0043  v 0.015  ev +0.97  adv_std 0.182  tR -0.03  ent[s/d/p/e] 1.24/2.86/1.81/0.54  emits 1.32  spf 18.9  z0 0.05  garr 38.7  tG 414  e2 0.24  nF 21.2  pS 0.30  ptS 0.29  fLog 0.33  pdΔ -0.1975  pkR 9.56  clip 0.22  kl +0.010
upd   20  steps  688128  sps 4788  opp rand  loss -0.015  pg -0.0041  v 0.017  ev +0.97  adv_std 0.193  tR +0.07  ent[s/d/p/e] 1.30/2.87/1.81/0.54  emits 1.33  spf 19.9  z0 0.04  garr 40.2  tG 429  e2 0.24  nF 21.4  pS 0.30  ptS 0.30  fLog 0.33  pdΔ -0.1979  pkR 14.24  clip 0.22  kl +0.010
upd   21  steps  720896  sps 4850  opp rand  loss -0.016  pg -0.0053  v 0.014  ev +0.98  adv_std 0.176  tR +0.14  ent[s/d/p/e] 1.28/2.87/1.81/0.54  emits 1.33  spf 19.2  z0 0.03  garr 39.1  tG 433  e2 0.24  nF 21.3  pS 0.31  ptS 0.30  fLog 0.33  pdΔ -0.1894  pkR 10.34  clip 0.22  kl +0.009
upd   22  steps  753664  sps 4908  opp rand  loss -0.017  pg -0.0060  v 0.013  ev +0.98  adv_std 0.172  tR +0.14  ent[s/d/p/e] 1.24/2.87/1.84/0.56  emits 1.38  spf 17.6  z0 0.02  garr 36.6  tG 396  e2 0.26  nF 23.6  pS 0.30  ptS 0.29  fLog 0.31  pdΔ -0.2045  pkR 9.72  clip 0.23  kl +0.011
upd   23  steps  786432  sps 4962  opp rand  loss -0.017  pg -0.0063  v 0.013  ev +0.98  adv_std 0.176  tR -0.22  ent[s/d/p/e] 1.13/2.87/1.83/0.54  emits 1.35  spf 15.8  z0 0.04  garr 32.5  tG 326  e2 0.25  nF 24.8  pS 0.27  ptS 0.26  fLog 0.30  pdΔ -0.2330  pkR 15.57  clip 0.23  kl +0.009
upd   24  steps  819200  sps 5013  opp rand  loss -0.017  pg -0.0066  v 0.016  ev +0.98  adv_std 0.193  tR +0.29  ent[s/d/p/e] 1.34/2.86/1.82/0.55  emits 1.39  spf 19.8  z0 0.02  garr 40.6  tG 468  e2 0.27  nF 23.6  pS 0.33  ptS 0.33  fLog 0.33  pdΔ -0.1674  pkR 8.07  clip 0.23  kl +0.010
upd   25  steps  851968  sps 5061  opp rand  loss -0.019  pg -0.0082  v 0.014  ev +0.98  adv_std 0.181  tR +0.02  ent[s/d/p/e] 1.25/2.87/1.81/0.54  emits 1.35  spf 20.0  z0 0.05  garr 40.1  tG 439  e2 0.25  nF 22.5  pS 0.31  ptS 0.30  fLog 0.33  pdΔ -0.1920  pkR 10.43  clip 0.23  kl +0.010
upd   26  steps  884736  sps 5106  opp rand  loss -0.019  pg -0.0083  v 0.016  ev +0.98  adv_std 0.195  tR +0.25  ent[s/d/p/e] 1.44/2.87/1.78/0.53  emits 1.34  spf 25.8  z0 0.04  garr 50.1  tG 627  e2 0.24  nF 20.5  pS 0.38  ptS 0.37  fLog 0.37  pdΔ -0.1182  pkR 9.48  clip 0.24  kl +0.010
upd   27  steps  917504  sps 5148  opp rand  loss -0.019  pg -0.0079  v 0.014  ev +0.98  adv_std 0.185  tR +0.33  ent[s/d/p/e] 1.26/2.86/1.79/0.53  emits 1.39  spf 20.9  z0 0.03  garr 42.4  tG 505  e2 0.26  nF 22.6  pS 0.34  ptS 0.33  fLog 0.34  pdΔ -0.1578  pkR 9.35  clip 0.24  kl +0.010
upd   28  steps  950272  sps 5189  opp rand  loss -0.020  pg -0.0084  v 0.014  ev +0.98  adv_std 0.184  tR +0.44  ent[s/d/p/e] 1.39/2.85/1.77/0.51  emits 1.33  spf 23.6  z0 0.01  garr 46.6  tG 577  e2 0.22  nF 21.4  pS 0.38  ptS 0.36  fLog 0.35  pdΔ -0.1250  pkR 9.56  clip 0.24  kl +0.011
upd   29  steps  983040  sps 5227  opp rand  loss -0.019  pg -0.0086  v 0.016  ev +0.98  adv_std 0.196  tR +0.43  ent[s/d/p/e] 1.34/2.85/1.78/0.53  emits 1.36  spf 22.5  z0 0.03  garr 44.5  tG 537  e2 0.25  nF 21.7  pS 0.35  ptS 0.34  fLog 0.35  pdΔ -0.1490  pkR 9.15  clip 0.25  kl +0.010
upd   30  steps 1015808  sps 5263  opp rand  loss -0.019  pg -0.0084  v 0.016  ev +0.98  adv_std 0.200  tR +0.40  ent[s/d/p/e] 1.42/2.85/1.77/0.54  emits 1.37  spf 25.1  z0 0.02  garr 48.3  tG 586  e2 0.25  nF 21.5  pS 0.37  ptS 0.36  fLog 0.37  pdΔ -0.1327  pkR 7.30  clip 0.25  kl +0.010
upd   31  steps 1048576  sps 5298  opp rand  loss -0.020  pg -0.0090  v 0.017  ev +0.98  adv_std 0.202  tR +0.32  ent[s/d/p/e] 1.40/2.85/1.78/0.55  emits 1.40  spf 23.7  z0 0.02  garr 45.6  tG 540  e2 0.26  nF 22.1  pS 0.37  ptS 0.36  fLog 0.36  pdΔ -0.1302  pkR 8.25  clip 0.25  kl +0.011
upd   32  steps 1081344  sps 5331  opp rand  loss -0.019  pg -0.0095  v 0.018  ev +0.98  adv_std 0.212  tR +0.15  ent[s/d/p/e] 1.27/2.85/1.80/0.53  emits 1.35  spf 20.2  z0 0.03  garr 38.6  tG 419  e2 0.24  nF 22.7  pS 0.32  ptS 0.31  fLog 0.34  pdΔ -0.1845  pkR 9.05  clip 0.25  kl +0.011
upd   33  steps 1114112  sps 5362  opp rand  loss -0.022  pg -0.0113  v 0.018  ev +0.98  adv_std 0.206  tR +0.11  ent[s/d/p/e] 1.41/2.86/1.79/0.53  emits 1.34  spf 23.6  z0 0.03  garr 44.2  tG 491  e2 0.24  nF 21.1  pS 0.35  ptS 0.33  fLog 0.37  pdΔ -0.1544  pkR 9.43  clip 0.25  kl +0.011
upd   34  steps 1146880  sps 5392  opp rand  loss -0.020  pg -0.0093  v 0.018  ev +0.98  adv_std 0.206  tR +0.31  ent[s/d/p/e] 1.42/2.86/1.79/0.52  emits 1.33  spf 26.0  z0 0.02  garr 47.3  tG 555  e2 0.23  nF 21.2  pS 0.36  ptS 0.35  fLog 0.37  pdΔ -0.1364  pkR 9.03  clip 0.25  kl +0.012
upd   35  steps 1179648  sps 5420  opp rand  loss -0.021  pg -0.0112  v 0.018  ev +0.98  adv_std 0.205  tR +0.32  ent[s/d/p/e] 1.28/2.86/1.80/0.52  emits 1.34  spf 21.1  z0 0.03  garr 40.4  tG 455  e2 0.23  nF 21.9  pS 0.32  ptS 0.31  fLog 0.34  pdΔ -0.1772  pkR 9.91  clip 0.25  kl +0.011
upd   36  steps 1212416  sps 5447  opp rand  loss -0.019  pg -0.0096  v 0.020  ev +0.98  adv_std 0.213  tR +0.11  ent[s/d/p/e] 1.30/2.85/1.79/0.51  emits 1.33  spf 21.7  z0 0.03  garr 41.9  tG 477  e2 0.23  nF 20.5  pS 0.33  ptS 0.32  fLog 0.35  pdΔ -0.1708  pkR 9.97  clip 0.25  kl +0.012
upd   37  steps 1245184  sps 5473  opp rand  loss -0.022  pg -0.0112  v 0.019  ev +0.98  adv_std 0.215  tR +0.23  ent[s/d/p/e] 1.45/2.85/1.78/0.51  emits 1.34  spf 23.5  z0 0.02  garr 44.5  tG 479  e2 0.23  nF 19.3  pS 0.35  ptS 0.35  fLog 0.37  pdΔ -0.1451  pkR 7.78  clip 0.26  kl +0.012
upd   38  steps 1277952  sps 5498  opp rand  loss -0.020  pg -0.0100  v 0.018  ev +0.98  adv_std 0.212  tR +0.17  ent[s/d/p/e] 1.33/2.84/1.81/0.51  emits 1.34  spf 23.1  z0 0.03  garr 42.5  tG 471  e2 0.23  nF 20.9  pS 0.34  ptS 0.33  fLog 0.36  pdΔ -0.1643  pkR 8.33  clip 0.26  kl +0.012
upd   39  steps 1310720  sps 5522  opp rand  loss -0.021  pg -0.0106  v 0.019  ev +0.98  adv_std 0.216  tR +0.23  ent[s/d/p/e] 1.40/2.85/1.81/0.52  emits 1.33  spf 24.3  z0 0.04  garr 43.0  tG 496  e2 0.23  nF 20.5  pS 0.35  ptS 0.34  fLog 0.36  pdΔ -0.1492  pkR 7.68  clip 0.26  kl +0.012
upd   40  steps 1343488  sps 5545  opp rand  loss -0.022  pg -0.0117  v 0.018  ev +0.98  adv_std 0.209  tR +0.35  ent[s/d/p/e] 1.40/2.84/1.80/0.54  emits 1.37  spf 23.9  z0 0.02  garr 42.7  tG 514  e2 0.24  nF 21.1  pS 0.36  ptS 0.35  fLog 0.36  pdΔ -0.1374  pkR 6.81  clip 0.27  kl +0.012
upd   41  steps 1376256  sps 5567  opp rand  loss -0.022  pg -0.0111  v 0.018  ev +0.98  adv_std 0.213  tR +0.33  ent[s/d/p/e] 1.44/2.84/1.79/0.52  emits 1.38  spf 24.7  z0 0.01  garr 45.6  tG 520  e2 0.23  nF 21.4  pS 0.36  ptS 0.35  fLog 0.37  pdΔ -0.1386  pkR 6.35  clip 0.27  kl +0.012
upd   42  steps 1409024  sps 5588  opp rand  loss -0.022  pg -0.0113  v 0.018  ev +0.98  adv_std 0.212  tR +0.44  ent[s/d/p/e] 1.53/2.84/1.79/0.52  emits 1.39  spf 27.9  z0 0.01  garr 50.6  tG 606  e2 0.24  nF 20.9  pS 0.40  ptS 0.38  fLog 0.39  pdΔ -0.1042  pkR 6.16  clip 0.28  kl +0.014
upd   43  steps 1441792  sps 5609  opp rand  loss -0.022  pg -0.0115  v 0.020  ev +0.98  adv_std 0.218  tR +0.33  ent[s/d/p/e] 1.41/2.84/1.80/0.50  emits 1.34  spf 22.7  z0 0.02  garr 44.2  tG 473  e2 0.23  nF 20.8  pS 0.35  ptS 0.34  fLog 0.36  pdΔ -0.1482  pkR 8.18  clip 0.27  kl +0.012
upd   44  steps 1474560  sps 5628  opp rand  loss -0.023  pg -0.0124  v 0.017  ev +0.98  adv_std 0.206  tR +0.35  ent[s/d/p/e] 1.36/2.84/1.80/0.54  emits 1.39  spf 23.2  z0 0.02  garr 43.9  tG 513  e2 0.25  nF 21.3  pS 0.35  ptS 0.34  fLog 0.36  pdΔ -0.1476  pkR 7.41  clip 0.27  kl +0.013
upd   45  steps 1507328  sps 5647  opp rand  loss -0.022  pg -0.0122  v 0.019  ev +0.98  adv_std 0.219  tR +0.30  ent[s/d/p/e] 1.43/2.83/1.80/0.53  emits 1.38  spf 24.9  z0 0.02  garr 46.4  tG 515  e2 0.24  nF 21.1  pS 0.36  ptS 0.35  fLog 0.37  pdΔ -0.1352  pkR 7.92  clip 0.27  kl +0.014
upd   46  steps 1540096  sps 5665  opp rand  loss -0.023  pg -0.0128  v 0.018  ev +0.98  adv_std 0.209  tR +0.33  ent[s/d/p/e] 1.37/2.84/1.79/0.53  emits 1.39  spf 22.8  z0 0.03  garr 43.5  tG 481  e2 0.24  nF 21.4  pS 0.34  ptS 0.33  fLog 0.36  pdΔ -0.1566  pkR 8.29  clip 0.27  kl +0.012
upd   47  steps 1572864  sps 5683  opp rand  loss -0.022  pg -0.0119  v 0.018  ev +0.98  adv_std 0.211  tR +0.44  ent[s/d/p/e] 1.43/2.84/1.79/0.54  emits 1.45  spf 23.4  z0 0.02  garr 46.5  tG 512  e2 0.26  nF 20.8  pS 0.36  ptS 0.35  fLog 0.37  pdΔ -0.1427  pkR 7.82  clip 0.28  kl +0.014
upd   48  steps 1605632  sps 5700  opp rand  loss -0.022  pg -0.0122  v 0.019  ev +0.98  adv_std 0.217  tR +0.33  ent[s/d/p/e] 1.45/2.82/1.78/0.52  emits 1.40  spf 25.4  z0 0.02  garr 48.9  tG 553  e2 0.25  nF 20.6  pS 0.37  ptS 0.36  fLog 0.37  pdΔ -0.1328  pkR 7.84  clip 0.28  kl +0.012
upd   49  steps 1638400  sps 5716  opp rand  loss -0.022  pg -0.0117  v 0.019  ev +0.98  adv_std 0.218  tR +0.42  ent[s/d/p/e] 1.43/2.82/1.78/0.56  emits 1.47  spf 25.2  z0 0.03  garr 46.6  tG 572  e2 0.28  nF 22.0  pS 0.37  ptS 0.36  fLog 0.37  pdΔ -0.1322  pkR 7.45  clip 0.28  kl +0.012 WRr 0.72 WRf 0.88
upd   50  steps 1671168  sps 5211  opp frzn  loss -0.022  pg -0.0117  v 0.019  ev +0.98  adv_std 0.216  tR +0.12  ent[s/d/p/e] 1.31/2.81/1.79/0.53  emits 1.43  spf 23.0  z0 0.04  garr 46.0  tG 505  e2 0.27  nF 22.2  pS 0.33  ptS 0.33  fLog 0.35  pdΔ -0.1660  pkR 6.42  clip 0.28  kl +0.013
upd   51  steps 1703936  sps 5233  opp rand  loss -0.023  pg -0.0126  v 0.019  ev +0.98  adv_std 0.213  tR +0.14  ent[s/d/p/e] 1.34/2.81/1.78/0.50  emits 1.32  spf 23.7  z0 0.04  garr 46.0  tG 500  e2 0.22  nF 20.3  pS 0.33  ptS 0.32  fLog 0.36  pdΔ -0.1694  pkR 8.68  clip 0.28  kl +0.013
upd   52  steps 1736704  sps 5254  opp rand  loss -0.021  pg -0.0119  v 0.022  ev +0.98  adv_std 0.228  tR +0.35  ent[s/d/p/e] 1.40/2.81/1.78/0.51  emits 1.37  spf 25.2  z0 0.02  garr 49.4  tG 554  e2 0.24  nF 19.8  pS 0.36  ptS 0.35  fLog 0.37  pdΔ -0.1401  pkR 7.72  clip 0.29  kl +0.014
upd   53  steps 1769472  sps 5270  opp frzn  loss -0.022  pg -0.0124  v 0.020  ev +0.98  adv_std 0.220  tR +0.35  ent[s/d/p/e] 1.37/2.82/1.77/0.53  emits 1.40  spf 25.9  z0 0.03  garr 51.2  tG 597  e2 0.26  nF 20.8  pS 0.36  ptS 0.35  fLog 0.37  pdΔ -0.1384  pkR 6.36  clip 0.29  kl +0.015
upd   54  steps 1802240  sps 5290  opp rand  loss -0.023  pg -0.0135  v 0.021  ev +0.98  adv_std 0.229  tR +0.35  ent[s/d/p/e] 1.34/2.81/1.77/0.50  emits 1.36  spf 23.3  z0 0.03  garr 47.4  tG 497  e2 0.23  nF 20.1  pS 0.33  ptS 0.32  fLog 0.36  pdΔ -0.1671  pkR 6.88  clip 0.29  kl +0.014
upd   55  steps 1835008  sps 5309  opp rand  loss -0.022  pg -0.0120  v 0.020  ev +0.98  adv_std 0.221  tR +0.36  ent[s/d/p/e] 1.39/2.82/1.75/0.51  emits 1.43  spf 25.5  z0 0.03  garr 50.1  tG 602  e2 0.25  nF 21.9  pS 0.36  ptS 0.35  fLog 0.37  pdΔ -0.1415  pkR 7.91  clip 0.29  kl +0.014
upd   56  steps 1867776  sps 5327  opp rand  loss -0.021  pg -0.0118  v 0.021  ev +0.98  adv_std 0.228  tR +0.54  ent[s/d/p/e] 1.42/2.80/1.74/0.51  emits 1.42  spf 25.6  z0 0.01  garr 52.3  tG 597  e2 0.25  nF 20.8  pS 0.37  ptS 0.36  fLog 0.37  pdΔ -0.1273  pkR 8.09  clip 0.29  kl +0.014
upd   57  steps 1900544  sps 5342  opp frzn  loss -0.023  pg -0.0131  v 0.018  ev +0.98  adv_std 0.215  tR +0.42  ent[s/d/p/e] 1.42/2.81/1.74/0.51  emits 1.45  spf 24.9  z0 0.02  garr 51.9  tG 586  e2 0.25  nF 19.9  pS 0.37  ptS 0.36  fLog 0.38  pdΔ -0.1279  pkR 7.27  clip 0.30  kl +0.014
upd   58  steps 1933312  sps 5355  opp frzn  loss -0.023  pg -0.0139  v 0.019  ev +0.98  adv_std 0.218  tR +0.12  ent[s/d/p/e] 1.28/2.79/1.74/0.49  emits 1.39  spf 22.2  z0 0.04  garr 49.2  tG 499  e2 0.25  nF 21.3  pS 0.32  ptS 0.31  fLog 0.35  pdΔ -0.1782  pkR 8.07  clip 0.30  kl +0.016
upd   59  steps 1966080  sps 5373  opp rand  loss -0.021  pg -0.0120  v 0.020  ev +0.98  adv_std 0.221  tR -0.10  ent[s/d/p/e] 1.27/2.78/1.75/0.51  emits 1.41  spf 21.4  z0 0.04  garr 44.3  tG 474  e2 0.25  nF 22.2  pS 0.31  ptS 0.31  fLog 0.34  pdΔ -0.1861  pkR 8.45  clip 0.30  kl +0.014
upd   60  steps 1998848  sps 5386  opp frzn  loss -0.023  pg -0.0133  v 0.019  ev +0.98  adv_std 0.221  tR +0.26  ent[s/d/p/e] 1.32/2.80/1.74/0.52  emits 1.49  spf 23.4  z0 0.05  garr 46.4  tG 541  e2 0.28  nF 22.9  pS 0.34  ptS 0.33  fLog 0.36  pdΔ -0.1621  pkR 9.80  clip 0.30  kl +0.014
upd   61  steps 2031616  sps 5402  opp rand  loss -0.023  pg -0.0138  v 0.022  ev +0.98  adv_std 0.235  tR +0.33  ent[s/d/p/e] 1.33/2.78/1.74/0.49  emits 1.43  spf 24.3  z0 0.03  garr 48.1  tG 518  e2 0.25  nF 21.7  pS 0.34  ptS 0.33  fLog 0.36  pdΔ -0.1648  pkR 10.34  clip 0.31  kl +0.016
upd   62  steps 2064384  sps 5418  opp rand  loss -0.022  pg -0.0117  v 0.020  ev +0.99  adv_std 0.219  tR +0.56  ent[s/d/p/e] 1.57/2.79/1.72/0.51  emits 1.50  spf 31.2  z0 0.01  garr 58.9  tG 738  e2 0.27  nF 20.9  pS 0.42  ptS 0.41  fLog 0.41  pdΔ -0.0812  pkR 6.53  clip 0.30  kl +0.015
upd   63  steps 2097152  sps 5430  opp frzn  loss -0.023  pg -0.0130  v 0.019  ev +0.99  adv_std 0.215  tR +0.49  ent[s/d/p/e] 1.41/2.79/1.74/0.52  emits 1.47  spf 24.7  z0 0.04  garr 48.8  tG 574  e2 0.27  nF 22.4  pS 0.36  ptS 0.35  fLog 0.37  pdΔ -0.1359  pkR 6.69  clip 0.30  kl +0.015
upd   64  steps 2129920  sps 5445  opp rand  loss -0.023  pg -0.0142  v 0.022  ev +0.98  adv_std 0.233  tR +0.27  ent[s/d/p/e] 1.38/2.78/1.73/0.51  emits 1.44  spf 23.6  z0 0.03  garr 48.1  tG 527  e2 0.26  nF 21.3  pS 0.35  ptS 0.33  fLog 0.37  pdΔ -0.1533  pkR 7.89  clip 0.29  kl +0.014
upd   65  steps 2162688  sps 5460  opp rand  loss -0.023  pg -0.0142  v 0.024  ev +0.98  adv_std 0.242  tR +0.43  ent[s/d/p/e] 1.43/2.76/1.73/0.51  emits 1.43  spf 26.1  z0 0.03  garr 49.4  tG 550  e2 0.25  nF 21.6  pS 0.35  ptS 0.34  fLog 0.38  pdΔ -0.1468  pkR 8.98  clip 0.30  kl +0.015
upd   66  steps 2195456  sps 5475  opp rand  loss -0.023  pg -0.0139  v 0.021  ev +0.98  adv_std 0.226  tR +0.43  ent[s/d/p/e] 1.42/2.76/1.73/0.50  emits 1.43  spf 24.4  z0 0.02  garr 48.3  tG 530  e2 0.24  nF 22.0  pS 0.35  ptS 0.34  fLog 0.37  pdΔ -0.1492  pkR 7.53  clip 0.30  kl +0.015
upd   67  steps 2228224  sps 5489  opp rand  loss -0.025  pg -0.0148  v 0.018  ev +0.99  adv_std 0.213  tR +0.40  ent[s/d/p/e] 1.48/2.75/1.71/0.51  emits 1.44  spf 25.2  z0 0.02  garr 51.5  tG 587  e2 0.25  nF 20.8  pS 0.37  ptS 0.36  fLog 0.38  pdΔ -0.1282  pkR 5.89  clip 0.30  kl +0.014
upd   68  steps 2260992  sps 5503  opp rand  loss -0.023  pg -0.0125  v 0.020  ev +0.99  adv_std 0.224  tR +0.48  ent[s/d/p/e] 1.56/2.75/1.71/0.52  emits 1.48  spf 28.5  z0 0.02  garr 55.3  tG 664  e2 0.26  nF 21.2  pS 0.41  ptS 0.39  fLog 0.40  pdΔ -0.0947  pkR 6.23  clip 0.31  kl +0.015
upd   69  steps 2293760  sps 5513  opp frzn  loss -0.023  pg -0.0135  v 0.024  ev +0.98  adv_std 0.245  tR +0.47  ent[s/d/p/e] 1.62/2.76/1.71/0.50  emits 1.50  spf 29.8  z0 0.02  garr 58.8  tG 690  e2 0.25  nF 20.5  pS 0.39  ptS 0.39  fLog 0.41  pdΔ -0.1050  pkR 7.04  clip 0.31  kl +0.016
upd   70  steps 2326528  sps 5522  opp frzn  loss -0.023  pg -0.0133  v 0.017  ev +0.99  adv_std 0.210  tR +0.23  ent[s/d/p/e] 1.33/2.75/1.71/0.49  emits 1.40  spf 23.4  z0 0.03  garr 49.9  tG 519  e2 0.23  nF 20.9  pS 0.31  ptS 0.31  fLog 0.36  pdΔ -0.1850  pkR 10.33  clip 0.31  kl +0.015
upd   71  steps 2359296  sps 5532  opp frzn  loss -0.023  pg -0.0134  v 0.020  ev +0.98  adv_std 0.226  tR +0.19  ent[s/d/p/e] 1.30/2.76/1.71/0.51  emits 1.42  spf 22.1  z0 0.03  garr 49.1  tG 513  e2 0.24  nF 20.4  pS 0.32  ptS 0.31  fLog 0.36  pdΔ -0.1819  pkR 7.74  clip 0.31  kl +0.017
upd   72  steps 2392064  sps 5541  opp frzn  loss -0.023  pg -0.0138  v 0.018  ev +0.98  adv_std 0.214  tR +0.16  ent[s/d/p/e] 1.26/2.76/1.71/0.50  emits 1.38  spf 18.9  z0 0.05  garr 43.9  tG 410  e2 0.23  nF 20.4  pS 0.29  ptS 0.29  fLog 0.34  pdΔ -0.2093  pkR 9.40  clip 0.31  kl +0.016
upd   73  steps 2424832  sps 5550  opp frzn  loss -0.022  pg -0.0128  v 0.021  ev +0.98  adv_std 0.224  tR +0.28  ent[s/d/p/e] 1.37/2.76/1.69/0.51  emits 1.44  spf 21.7  z0 0.03  garr 51.1  tG 523  e2 0.25  nF 21.6  pS 0.33  ptS 0.33  fLog 0.36  pdΔ -0.1684  pkR 7.76  clip 0.32  kl +0.016
upd   74  steps 2457600  sps 5559  opp frzn  loss -0.023  pg -0.0142  v 0.020  ev +0.98  adv_std 0.226  tR +0.11  ent[s/d/p/e] 1.31/2.75/1.68/0.51  emits 1.40  spf 21.0  z0 0.06  garr 48.9  tG 483  e2 0.25  nF 21.9  pS 0.31  ptS 0.30  fLog 0.35  pdΔ -0.1926  pkR 9.12  clip 0.31  kl +0.017
upd   75  steps 2490368  sps 5571  opp rand  loss -0.023  pg -0.0139  v 0.021  ev +0.99  adv_std 0.233  tR +0.12  ent[s/d/p/e] 1.32/2.73/1.69/0.50  emits 1.41  spf 23.5  z0 0.03  garr 54.0  tG 575  e2 0.24  nF 20.8  pS 0.34  ptS 0.33  fLog 0.36  pdΔ -0.1638  pkR 6.86  clip 0.32  kl +0.015
upd   76  steps 2523136  sps 5582  opp rand  loss -0.022  pg -0.0127  v 0.023  ev +0.98  adv_std 0.235  tR +0.63  ent[s/d/p/e] 1.53/2.74/1.69/0.52  emits 1.59  spf 26.8  z0 0.02  garr 54.8  tG 651  e2 0.29  nF 21.7  pS 0.39  ptS 0.38  fLog 0.39  pdΔ -0.1121  pkR 6.55  clip 0.31  kl +0.015
upd   77  steps 2555904  sps 5594  opp rand  loss -0.023  pg -0.0143  v 0.022  ev +0.98  adv_std 0.237  tR +0.39  ent[s/d/p/e] 1.44/2.73/1.68/0.50  emits 1.49  spf 24.7  z0 0.02  garr 52.8  tG 576  e2 0.26  nF 21.4  pS 0.36  ptS 0.35  fLog 0.38  pdΔ -0.1406  pkR 6.61  clip 0.32  kl +0.015
upd   78  steps 2588672  sps 5602  opp frzn  loss -0.022  pg -0.0125  v 0.020  ev +0.98  adv_std 0.229  tR +0.31  ent[s/d/p/e] 1.37/2.76/1.67/0.50  emits 1.51  spf 22.6  z0 0.02  garr 54.4  tG 557  e2 0.27  nF 21.0  pS 0.34  ptS 0.33  fLog 0.37  pdΔ -0.1589  pkR 6.85  clip 0.32  kl +0.016
upd   79  steps 2621440  sps 5609  opp frzn  loss -0.023  pg -0.0138  v 0.017  ev +0.99  adv_std 0.212  tR -0.05  ent[s/d/p/e] 1.17/2.75/1.68/0.50  emits 1.45  spf 18.9  z0 0.05  garr 47.6  tG 454  e2 0.26  nF 21.7  pS 0.29  ptS 0.28  fLog 0.33  pdΔ -0.2093  pkR 6.83  clip 0.31  kl +0.018
upd   80  steps 2654208  sps 5620  opp rand  loss -0.022  pg -0.0130  v 0.020  ev +0.99  adv_std 0.222  tR +0.19  ent[s/d/p/e] 1.35/2.73/1.68/0.50  emits 1.50  spf 23.0  z0 0.03  garr 50.9  tG 543  e2 0.27  nF 21.1  pS 0.34  ptS 0.33  fLog 0.37  pdΔ -0.1587  pkR 6.54  clip 0.31  kl +0.015
upd   81  steps 2686976  sps 5631  opp rand  loss -0.022  pg -0.0123  v 0.021  ev +0.99  adv_std 0.231  tR +0.62  ent[s/d/p/e] 1.53/2.73/1.68/0.51  emits 1.58  spf 25.8  z0 0.01  garr 56.9  tG 648  e2 0.28  nF 21.0  pS 0.40  ptS 0.38  fLog 0.39  pdΔ -0.1040  pkR 6.63  clip 0.34  kl +0.018
upd   82  steps 2719744  sps 5641  opp rand  loss -0.023  pg -0.0136  v 0.022  ev +0.99  adv_std 0.236  tR +0.59  ent[s/d/p/e] 1.44/2.73/1.68/0.51  emits 1.62  spf 26.5  z0 0.02  garr 57.0  tG 665  e2 0.30  nF 20.9  pS 0.38  ptS 0.37  fLog 0.39  pdΔ -0.1166  pkR 9.92  clip 0.32  kl +0.015
upd   83  steps 2752512  sps 5648  opp frzn  loss -0.023  pg -0.0143  v 0.022  ev +0.98  adv_std 0.237  tR +0.59  ent[s/d/p/e] 1.46/2.72/1.67/0.50  emits 1.60  spf 25.4  z0 0.01  garr 58.0  tG 664  e2 0.29  nF 21.7  pS 0.39  ptS 0.38  fLog 0.39  pdΔ -0.1069  pkR 9.66  clip 0.32  kl +0.017
upd   84  steps 2785280  sps 5658  opp rand  loss -0.024  pg -0.0151  v 0.024  ev +0.98  adv_std 0.245  tR +0.32  ent[s/d/p/e] 1.42/2.72/1.66/0.50  emits 1.57  spf 25.2  z0 0.04  garr 55.9  tG 618  e2 0.29  nF 22.3  pS 0.36  ptS 0.35  fLog 0.39  pdΔ -0.1370  pkR 6.17  clip 0.32  kl +0.017
upd   85  steps 2818048  sps 5665  opp frzn  loss -0.021  pg -0.0127  v 0.026  ev +0.98  adv_std 0.255  tR +0.37  ent[s/d/p/e] 1.45/2.70/1.65/0.49  emits 1.55  spf 25.5  z0 0.03  garr 56.1  tG 611  e2 0.28  nF 21.6  pS 0.37  ptS 0.36  fLog 0.39  pdΔ -0.1322  pkR 6.10  clip 0.33  kl +0.017
upd   86  steps 2850816  sps 5671  opp frzn  loss -0.024  pg -0.0159  v 0.025  ev +0.98  adv_std 0.248  tR +0.33  ent[s/d/p/e] 1.43/2.70/1.64/0.48  emits 1.52  spf 25.2  z0 0.02  garr 60.0  tG 627  e2 0.26  nF 20.9  pS 0.36  ptS 0.35  fLog 0.39  pdΔ -0.1404  pkR 7.42  clip 0.34  kl +0.018
upd   87  steps 2883584  sps 5681  opp rand  loss -0.023  pg -0.0144  v 0.021  ev +0.99  adv_std 0.231  tR +0.37  ent[s/d/p/e] 1.40/2.70/1.65/0.51  emits 1.57  spf 26.9  z0 0.03  garr 57.6  tG 666  e2 0.28  nF 21.6  pS 0.36  ptS 0.35  fLog 0.38  pdΔ -0.1424  pkR 11.31  clip 0.32  kl +0.019
upd   88  steps 2916352  sps 5690  opp rand  loss -0.021  pg -0.0128  v 0.025  ev +0.98  adv_std 0.250  tR +0.46  ent[s/d/p/e] 1.46/2.69/1.67/0.51  emits 1.63  spf 25.4  z0 0.03  garr 52.4  tG 599  e2 0.30  nF 22.2  pS 0.37  ptS 0.36  fLog 0.38  pdΔ -0.1268  pkR 6.99  clip 0.34  kl +0.019
upd   89  steps 2949120  sps 5696  opp frzn  loss -0.023  pg -0.0143  v 0.025  ev +0.99  adv_std 0.250  tR +0.51  ent[s/d/p/e] 1.48/2.69/1.64/0.51  emits 1.66  spf 26.9  z0 0.02  garr 57.7  tG 683  e2 0.31  nF 22.4  pS 0.39  ptS 0.38  fLog 0.40  pdΔ -0.1091  pkR 6.62  clip 0.34  kl +0.018
upd   90  steps 2981888  sps 5705  opp rand  loss -0.021  pg -0.0127  v 0.026  ev +0.98  adv_std 0.253  tR +0.47  ent[s/d/p/e] 1.42/2.67/1.63/0.51  emits 1.61  spf 25.2  z0 0.02  garr 57.2  tG 632  e2 0.30  nF 22.5  pS 0.37  ptS 0.36  fLog 0.38  pdΔ -0.1321  pkR 7.00  clip 0.34  kl +0.019
upd   91  steps 3014656  sps 5711  opp frzn  loss -0.020  pg -0.0119  v 0.026  ev +0.99  adv_std 0.258  tR +0.36  ent[s/d/p/e] 1.44/2.67/1.64/0.53  emits 1.70  spf 27.2  z0 0.03  garr 57.7  tG 697  e2 0.33  nF 21.7  pS 0.39  ptS 0.38  fLog 0.39  pdΔ -0.1123  pkR 6.13  clip 0.34  kl +0.018
upd   92  steps 3047424  sps 5719  opp rand  loss -0.023  pg -0.0144  v 0.026  ev +0.98  adv_std 0.259  tR +0.34  ent[s/d/p/e] 1.40/2.67/1.64/0.52  emits 1.67  spf 24.0  z0 0.03  garr 54.2  tG 613  e2 0.32  nF 22.0  pS 0.37  ptS 0.36  fLog 0.38  pdΔ -0.1329  pkR 7.58  clip 0.33  kl +0.019
upd   93  steps 3080192  sps 5725  opp frzn  loss -0.022  pg -0.0135  v 0.024  ev +0.99  adv_std 0.248  tR +0.36  ent[s/d/p/e] 1.36/2.68/1.63/0.53  emits 1.64  spf 24.3  z0 0.03  garr 53.7  tG 608  e2 0.31  nF 22.0  pS 0.37  ptS 0.35  fLog 0.38  pdΔ -0.1348  pkR 7.30  clip 0.34  kl +0.017
upd   94  steps 3112960  sps 5733  opp rand  loss -0.023  pg -0.0142  v 0.026  ev +0.98  adv_std 0.252  tR +0.50  ent[s/d/p/e] 1.48/2.66/1.62/0.53  emits 1.63  spf 29.2  z0 0.02  garr 62.7  tG 705  e2 0.31  nF 20.9  pS 0.40  ptS 0.39  fLog 0.41  pdΔ -0.0993  pkR 6.04  clip 0.33  kl +0.018
upd   95  steps 3145728  sps 5742  opp rand  loss -0.021  pg -0.0131  v 0.028  ev +0.98  adv_std 0.266  tR +0.50  ent[s/d/p/e] 1.35/2.68/1.64/0.54  emits 1.73  spf 24.1  z0 0.03  garr 52.6  tG 624  e2 0.34  nF 24.5  pS 0.37  ptS 0.36  fLog 0.37  pdΔ -0.1308  pkR 7.11  clip 0.34  kl +0.019
upd   96  steps 3178496  sps 5747  opp frzn  loss -0.022  pg -0.0137  v 0.025  ev +0.98  adv_std 0.250  tR +0.47  ent[s/d/p/e] 1.38/2.66/1.63/0.51  emits 1.60  spf 24.6  z0 0.03  garr 55.8  tG 613  e2 0.30  nF 23.0  pS 0.37  ptS 0.36  fLog 0.38  pdΔ -0.1275  pkR 7.20  clip 0.35  kl +0.020
upd   97  steps 3211264  sps 5752  opp frzn  loss -0.021  pg -0.0133  v 0.024  ev +0.98  adv_std 0.247  tR +0.39  ent[s/d/p/e] 1.31/2.67/1.61/0.51  emits 1.62  spf 24.2  z0 0.03  garr 59.9  tG 608  e2 0.31  nF 22.7  pS 0.35  ptS 0.34  fLog 0.38  pdΔ -0.1491  pkR 6.87  clip 0.34  kl +0.020
upd   98  steps 3244032  sps 5760  opp rand  loss -0.022  pg -0.0137  v 0.025  ev +0.98  adv_std 0.250  tR +0.30  ent[s/d/p/e] 1.32/2.65/1.59/0.49  emits 1.54  spf 24.3  z0 0.03  garr 63.9  tG 660  e2 0.28  nF 21.7  pS 0.36  ptS 0.35  fLog 0.38  pdΔ -0.1389  pkR 5.73  clip 0.35  kl +0.018
upd   99  steps 3276800  sps 5767  opp rand  loss -0.021  pg -0.0130  v 0.024  ev +0.98  adv_std 0.242  tR +0.42  ent[s/d/p/e] 1.38/2.66/1.60/0.52  emits 1.68  spf 25.9  z0 0.02  garr 61.1  tG 699  e2 0.32  nF 23.1  pS 0.38  ptS 0.37  fLog 0.38  pdΔ -0.1162  pkR 7.46  clip 0.34  kl +0.018 WRr 0.66 WRf 0.72
upd  100  steps 3309568  sps 5664  opp frzn  loss -0.022  pg -0.0135  v 0.023  ev +0.98  adv_std 0.244  tR +0.44  ent[s/d/p/e] 1.30/2.67/1.60/0.51  emits 1.70  spf 21.6  z0 0.03  garr 58.7  tG 614  e2 0.33  nF 24.0  pS 0.35  ptS 0.34  fLog 0.36  pdΔ -0.1496  pkR 6.20  clip 0.35  kl +0.020
upd  101  steps 3342336  sps 5673  opp rand  loss -0.022  pg -0.0137  v 0.024  ev +0.99  adv_std 0.245  tR +0.39  ent[s/d/p/e] 1.32/2.66/1.59/0.52  emits 1.65  spf 23.4  z0 0.03  garr 58.6  tG 634  e2 0.32  nF 22.8  pS 0.36  ptS 0.35  fLog 0.37  pdΔ -0.1418  pkR 5.61  clip 0.34  kl +0.018
upd  102  steps 3375104  sps 5678  opp frzn  loss -0.020  pg -0.0116  v 0.024  ev +0.98  adv_std 0.244  tR +0.37  ent[s/d/p/e] 1.27/2.67/1.60/0.50  emits 1.68  spf 21.4  z0 0.04  garr 58.1  tG 591  e2 0.32  nF 23.1  pS 0.33  ptS 0.33  fLog 0.36  pdΔ -0.1672  pkR 5.59  clip 0.35  kl +0.021
upd  103  steps 3407872  sps 5683  opp frzn  loss -0.021  pg -0.0131  v 0.023  ev +0.98  adv_std 0.242  tR +0.17  ent[s/d/p/e] 1.16/2.66/1.60/0.53  emits 1.69  spf 19.3  z0 0.03  garr 54.5  tG 534  e2 0.34  nF 23.9  pS 0.31  ptS 0.31  fLog 0.34  pdΔ -0.1857  pkR 5.78  clip 0.35  kl +0.020
upd  104  steps 3440640  sps 5688  opp frzn  loss -0.022  pg -0.0139  v 0.022  ev +0.99  adv_std 0.234  tR +0.12  ent[s/d/p/e] 1.25/2.65/1.57/0.50  emits 1.61  spf 20.4  z0 0.04  garr 56.2  tG 527  e2 0.30  nF 24.2  pS 0.32  ptS 0.31  fLog 0.36  pdΔ -0.1842  pkR 7.22  clip 0.35  kl +0.020
upd  105  steps 3473408  sps 5694  opp frzn  loss -0.021  pg -0.0129  v 0.026  ev +0.99  adv_std 0.258  tR +0.22  ent[s/d/p/e] 1.29/2.65/1.58/0.52  emits 1.79  spf 21.9  z0 0.04  garr 58.4  tG 606  e2 0.36  nF 23.9  pS 0.34  ptS 0.33  fLog 0.36  pdΔ -0.1563  pkR 6.81  clip 0.36  kl +0.021
upd  106  steps 3506176  sps 5701  opp rand  loss -0.021  pg -0.0135  v 0.027  ev +0.98  adv_std 0.260  tR +0.35  ent[s/d/p/e] 1.39/2.64/1.56/0.52  emits 1.72  spf 23.8  z0 0.03  garr 58.3  tG 634  e2 0.34  nF 22.4  pS 0.38  ptS 0.36  fLog 0.38  pdΔ -0.1242  pkR 6.80  clip 0.36  kl +0.021
upd  107  steps 3538944  sps 5709  opp rand  loss -0.020  pg -0.0121  v 0.027  ev +0.98  adv_std 0.257  tR +0.51  ent[s/d/p/e] 1.50/2.66/1.58/0.53  emits 1.87  spf 26.6  z0 0.02  garr 60.4  tG 708  e2 0.37  nF 22.7  pS 0.40  ptS 0.39  fLog 0.40  pdΔ -0.0965  pkR 6.07  clip 0.36  kl +0.021
upd  108  steps 3571712  sps 5714  opp frzn  loss -0.022  pg -0.0142  v 0.027  ev +0.99  adv_std 0.266  tR +0.41  ent[s/d/p/e] 1.37/2.67/1.57/0.51  emits 1.79  spf 23.9  z0 0.02  garr 63.9  tG 671  e2 0.34  nF 23.2  pS 0.37  ptS 0.35  fLog 0.38  pdΔ -0.1330  pkR 7.57  clip 0.35  kl +0.022
upd  109  steps 3604480  sps 5721  opp rand  loss -0.020  pg -0.0132  v 0.030  ev +0.98  adv_std 0.270  tR +0.24  ent[s/d/p/e] 1.32/2.66/1.57/0.52  emits 1.83  spf 22.0  z0 0.03  garr 56.9  tG 580  e2 0.36  nF 24.9  pS 0.35  ptS 0.34  fLog 0.37  pdΔ -0.1528  pkR 6.38  clip 0.36  kl +0.022
upd  110  steps 3637248  sps 5725  opp frzn  loss -0.020  pg -0.0116  v 0.025  ev +0.99  adv_std 0.253  tR +0.39  ent[s/d/p/e] 1.41/2.66/1.59/0.51  emits 1.82  spf 25.9  z0 0.03  garr 57.8  tG 673  e2 0.35  nF 24.1  pS 0.38  ptS 0.37  fLog 0.39  pdΔ -0.1226  pkR 5.76  clip 0.36  kl +0.021
upd  111  steps 3670016  sps 5732  opp rand  loss -0.022  pg -0.0135  v 0.026  ev +0.98  adv_std 0.255  tR +0.53  ent[s/d/p/e] 1.47/2.67/1.59/0.51  emits 1.80  spf 25.3  z0 0.03  garr 60.6  tG 659  e2 0.34  nF 25.1  pS 0.38  ptS 0.37  fLog 0.39  pdΔ -0.1202  pkR 5.50  clip 0.35  kl +0.022
upd  112  steps 3702784  sps 5739  opp rand  loss -0.021  pg -0.0128  v 0.027  ev +0.98  adv_std 0.261  tR +0.51  ent[s/d/p/e] 1.38/2.67/1.61/0.51  emits 1.84  spf 22.9  z0 0.02  garr 53.9  tG 580  e2 0.37  nF 26.1  pS 0.36  ptS 0.35  fLog 0.37  pdΔ -0.1358  pkR 9.18  clip 0.37  kl +0.023
upd  113  steps 3735552  sps 5746  opp rand  loss -0.020  pg -0.0120  v 0.030  ev +0.98  adv_std 0.273  tR +0.52  ent[s/d/p/e] 1.59/2.65/1.60/0.53  emits 1.92  spf 26.5  z0 0.02  garr 58.6  tG 714  e2 0.38  nF 25.5  pS 0.43  ptS 0.42  fLog 0.40  pdΔ -0.0699  pkR 6.72  clip 0.36  kl +0.021
upd  114  steps 3768320  sps 5753  opp rand  loss -0.019  pg -0.0120  v 0.032  ev +0.98  adv_std 0.283  tR +0.69  ent[s/d/p/e] 1.39/2.67/1.62/0.51  emits 2.01  spf 22.7  z0 0.02  garr 53.9  tG 616  e2 0.40  nF 26.7  pS 0.38  ptS 0.38  fLog 0.37  pdΔ -0.1156  pkR 6.80  clip 0.37  kl +0.024
upd  115  steps 3801088  sps 5760  opp rand  loss -0.019  pg -0.0118  v 0.033  ev +0.99  adv_std 0.285  tR +0.45  ent[s/d/p/e] 1.42/2.65/1.62/0.52  emits 1.95  spf 26.1  z0 0.03  garr 56.8  tG 681  e2 0.40  nF 26.7  pS 0.39  ptS 0.38  fLog 0.38  pdΔ -0.1090  pkR 7.90  clip 0.36  kl +0.023
upd  116  steps 3833856  sps 5766  opp rand  loss -0.021  pg -0.0130  v 0.029  ev +0.98  adv_std 0.272  tR +0.58  ent[s/d/p/e] 1.46/2.65/1.60/0.51  emits 1.95  spf 27.0  z0 0.02  garr 60.8  tG 703  e2 0.39  nF 25.7  pS 0.40  ptS 0.39  fLog 0.39  pdΔ -0.0961  pkR 7.44  clip 0.36  kl +0.022
upd  117  steps 3866624  sps 5773  opp rand  loss -0.020  pg -0.0128  v 0.030  ev +0.98  adv_std 0.272  tR +0.51  ent[s/d/p/e] 1.32/2.66/1.62/0.50  emits 1.92  spf 22.7  z0 0.03  garr 53.5  tG 581  e2 0.38  nF 25.8  pS 0.35  ptS 0.34  fLog 0.36  pdΔ -0.1498  pkR 6.36  clip 0.36  kl +0.022
upd  118  steps 3899392  sps 5779  opp rand  loss -0.020  pg -0.0122  v 0.028  ev +0.99  adv_std 0.262  tR +0.52  ent[s/d/p/e] 1.47/2.65/1.59/0.53  emits 1.97  spf 24.7  z0 0.03  garr 60.2  tG 720  e2 0.40  nF 26.5  pS 0.40  ptS 0.39  fLog 0.38  pdΔ -0.0991  pkR 5.56  clip 0.35  kl +0.020
upd  119  steps 3932160  sps 5783  opp frzn  loss -0.018  pg -0.0115  v 0.034  ev +0.98  adv_std 0.295  tR +0.48  ent[s/d/p/e] 1.32/2.66/1.62/0.51  emits 2.05  spf 21.7  z0 0.03  garr 57.0  tG 635  e2 0.42  nF 27.2  pS 0.36  ptS 0.35  fLog 0.36  pdΔ -0.1375  pkR 6.48  clip 0.38  kl +0.026
upd  120  steps 3964928  sps 5787  opp frzn  loss -0.016  pg -0.0098  v 0.032  ev +0.98  adv_std 0.281  tR +0.15  ent[s/d/p/e] 1.22/2.64/1.61/0.49  emits 2.01  spf 19.0  z0 0.06  garr 55.3  tG 537  e2 0.40  nF 27.7  pS 0.31  ptS 0.31  fLog 0.34  pdΔ -0.1855  pkR 6.17  clip 0.37  kl +0.024
upd  121  steps 3997696  sps 5793  opp rand  loss -0.018  pg -0.0119  v 0.034  ev +0.98  adv_std 0.291  tR +0.20  ent[s/d/p/e] 1.33/2.62/1.57/0.50  emits 1.92  spf 24.7  z0 0.02  garr 61.4  tG 670  e2 0.37  nF 25.7  pS 0.37  ptS 0.37  fLog 0.38  pdΔ -0.1253  pkR 5.60  clip 0.37  kl +0.023
upd  122  steps 4030464  sps 5799  opp rand  loss -0.019  pg -0.0121  v 0.032  ev +0.98  adv_std 0.281  tR +0.65  ent[s/d/p/e] 1.38/2.64/1.61/0.52  emits 2.05  spf 22.1  z0 0.02  garr 56.6  tG 646  e2 0.42  nF 27.5  pS 0.39  ptS 0.38  fLog 0.37  pdΔ -0.1078  pkR 6.11  clip 0.37  kl +0.022
upd  123  steps 4063232  sps 5805  opp rand  loss -0.018  pg -0.0108  v 0.033  ev +0.99  adv_std 0.286  tR +0.59  ent[s/d/p/e] 1.52/2.61/1.59/0.52  emits 2.04  spf 27.3  z0 0.02  garr 64.9  tG 800  e2 0.40  nF 26.5  pS 0.44  ptS 0.43  fLog 0.40  pdΔ -0.0614  pkR 4.61  clip 0.38  kl +0.024
upd  124  steps 4096000  sps 5811  opp rand  loss -0.019  pg -0.0121  v 0.032  ev +0.98  adv_std 0.280  tR +0.66  ent[s/d/p/e] 1.51/2.63/1.61/0.50  emits 2.16  spf 24.1  z0 0.02  garr 56.5  tG 672  e2 0.43  nF 29.7  pS 0.41  ptS 0.40  fLog 0.38  pdΔ -0.0874  pkR 5.59  clip 0.36  kl +0.023
upd  125  steps 4128768  sps 5814  opp frzn  loss -0.020  pg -0.0129  v 0.033  ev +0.99  adv_std 0.289  tR +0.67  ent[s/d/p/e] 1.47/2.61/1.59/0.51  emits 2.09  spf 24.2  z0 0.03  garr 62.6  tG 710  e2 0.42  nF 27.3  pS 0.41  ptS 0.40  fLog 0.38  pdΔ -0.0935  pkR 5.18  clip 0.37  kl +0.024
upd  126  steps 4161536  sps 5820  opp rand  loss -0.018  pg -0.0113  v 0.033  ev +0.98  adv_std 0.284  tR +0.44  ent[s/d/p/e] 1.28/2.65/1.57/0.51  emits 2.00  spf 19.9  z0 0.03  garr 54.1  tG 564  e2 0.41  nF 25.8  pS 0.35  ptS 0.34  fLog 0.35  pdΔ -0.1501  pkR 7.04  clip 0.37  kl +0.025
upd  127  steps 4194304  sps 5824  opp frzn  loss -0.018  pg -0.0117  v 0.031  ev +0.99  adv_std 0.280  tR +0.42  ent[s/d/p/e] 1.36/2.60/1.59/0.51  emits 2.02  spf 24.7  z0 0.02  garr 60.8  tG 692  e2 0.40  nF 24.8  pS 0.38  ptS 0.37  fLog 0.38  pdΔ -0.1169  pkR 5.39  clip 0.37  kl +0.024
upd  128  steps 4227072  sps 5827  opp frzn  loss -0.015  pg -0.0095  v 0.034  ev +0.99  adv_std 0.291  tR +0.29  ent[s/d/p/e] 1.23/2.63/1.58/0.49  emits 1.99  spf 21.1  z0 0.05  garr 58.7  tG 628  e2 0.41  nF 26.1  pS 0.34  ptS 0.33  fLog 0.35  pdΔ -0.1638  pkR 6.95  clip 0.36  kl +0.024
upd  129  steps 4259840  sps 5832  opp rand  loss -0.019  pg -0.0123  v 0.031  ev +0.98  adv_std 0.280  tR +0.31  ent[s/d/p/e] 1.33/2.63/1.55/0.50  emits 1.89  spf 20.4  z0 0.03  garr 59.5  tG 595  e2 0.37  nF 25.1  pS 0.35  ptS 0.34  fLog 0.37  pdΔ -0.1481  pkR 5.75  clip 0.36  kl +0.022
upd  130  steps 4292608  sps 5836  opp frzn  loss -0.016  pg -0.0103  v 0.036  ev +0.98  adv_std 0.301  tR +0.48  ent[s/d/p/e] 1.39/2.61/1.58/0.50  emits 2.02  spf 23.8  z0 0.02  garr 57.8  tG 658  e2 0.40  nF 25.8  pS 0.38  ptS 0.37  fLog 0.37  pdΔ -0.1238  pkR 7.10  clip 0.36  kl +0.022
upd  131  steps 4325376  sps 5839  opp frzn  loss -0.018  pg -0.0117  v 0.030  ev +0.99  adv_std 0.273  tR +0.21  ent[s/d/p/e] 1.22/2.62/1.55/0.49  emits 1.82  spf 18.5  z0 0.03  garr 56.9  tG 556  e2 0.35  nF 25.9  pS 0.33  ptS 0.31  fLog 0.34  pdΔ -0.1731  pkR 6.72  clip 0.36  kl +0.022
upd  132  steps 4358144  sps 5842  opp frzn  loss -0.016  pg -0.0101  v 0.030  ev +0.99  adv_std 0.276  tR +0.07  ent[s/d/p/e] 1.17/2.64/1.54/0.49  emits 1.97  spf 17.8  z0 0.05  garr 53.4  tG 532  e2 0.40  nF 25.3  pS 0.31  ptS 0.30  fLog 0.33  pdΔ -0.1907  pkR 8.06  clip 0.36  kl +0.023
upd  133  steps 4390912  sps 5845  opp frzn  loss -0.016  pg -0.0104  v 0.035  ev +0.99  adv_std 0.297  tR -0.01  ent[s/d/p/e] 1.17/2.61/1.55/0.48  emits 1.88  spf 19.4  z0 0.06  garr 55.9  tG 558  e2 0.38  nF 24.6  pS 0.31  ptS 0.31  fLog 0.34  pdΔ -0.1904  pkR 9.76  clip 0.37  kl +0.027
upd  134  steps 4423680  sps 5850  opp rand  loss -0.017  pg -0.0115  v 0.034  ev +0.98  adv_std 0.293  tR +0.32  ent[s/d/p/e] 1.32/2.62/1.53/0.51  emits 1.94  spf 21.8  z0 0.03  garr 60.6  tG 641  e2 0.40  nF 25.7  pS 0.35  ptS 0.35  fLog 0.37  pdΔ -0.1465  pkR 6.34  clip 0.37  kl +0.023
upd  135  steps 4456448  sps 5855  opp rand  loss -0.019  pg -0.0130  v 0.036  ev +0.99  adv_std 0.296  tR +0.51  ent[s/d/p/e] 1.46/2.62/1.55/0.51  emits 1.97  spf 24.1  z0 0.02  garr 56.9  tG 658  e2 0.39  nF 25.5  pS 0.40  ptS 0.39  fLog 0.38  pdΔ -0.1045  pkR 6.51  clip 0.36  kl +0.023
upd  136  steps 4489216  sps 5858  opp frzn  loss -0.020  pg -0.0130  v 0.032  ev +0.98  adv_std 0.287  tR +0.64  ent[s/d/p/e] 1.42/2.63/1.52/0.51  emits 2.02  spf 20.1  z0 0.01  garr 56.3  tG 596  e2 0.41  nF 27.2  pS 0.37  ptS 0.36  fLog 0.36  pdΔ -0.1324  pkR 6.57  clip 0.38  kl +0.027
upd  137  steps 4521984  sps 5863  opp rand  loss -0.020  pg -0.0129  v 0.030  ev +0.99  adv_std 0.273  tR +0.46  ent[s/d/p/e] 1.41/2.63/1.51/0.51  emits 2.03  spf 19.4  z0 0.03  garr 58.3  tG 615  e2 0.41  nF 28.2  pS 0.37  ptS 0.36  fLog 0.36  pdΔ -0.1308  pkR 5.49  clip 0.37  kl +0.022
upd  138  steps 4554752  sps 5868  opp rand  loss -0.016  pg -0.0110  v 0.038  ev +0.98  adv_std 0.305  tR +0.54  ent[s/d/p/e] 1.39/2.60/1.55/0.50  emits 2.02  spf 22.3  z0 0.02  garr 56.2  tG 612  e2 0.40  nF 26.7  pS 0.36  ptS 0.35  fLog 0.37  pdΔ -0.1357  pkR 5.75  clip 0.38  kl +0.026
upd  139  steps 4587520  sps 5871  opp frzn  loss -0.020  pg -0.0131  v 0.035  ev +0.98  adv_std 0.296  tR +0.58  ent[s/d/p/e] 1.58/2.57/1.53/0.51  emits 2.04  spf 26.0  z0 0.02  garr 66.8  tG 734  e2 0.40  nF 25.8  pS 0.42  ptS 0.41  fLog 0.41  pdΔ -0.0807  pkR 5.04  clip 0.39  kl +0.026
upd  140  steps 4620288  sps 5874  opp frzn  loss -0.016  pg -0.0094  v 0.032  ev +0.98  adv_std 0.286  tR +0.40  ent[s/d/p/e] 1.45/2.58/1.53/0.50  emits 2.02  spf 22.0  z0 0.02  garr 61.6  tG 625  e2 0.40  nF 26.8  pS 0.37  ptS 0.36  fLog 0.38  pdΔ -0.1293  pkR 5.90  clip 0.39  kl +0.028
upd  141  steps 4653056  sps 5879  opp rand  loss -0.017  pg -0.0120  v 0.040  ev +0.98  adv_std 0.312  tR +0.68  ent[s/d/p/e] 1.55/2.57/1.54/0.52  emits 2.08  spf 26.8  z0 0.02  garr 65.5  tG 727  e2 0.41  nF 27.0  pS 0.41  ptS 0.40  fLog 0.40  pdΔ -0.0926  pkR 7.66  clip 0.38  kl +0.025
upd  142  steps 4685824  sps 5883  opp rand  loss -0.016  pg -0.0108  v 0.039  ev +0.98  adv_std 0.314  tR +0.60  ent[s/d/p/e] 1.54/2.55/1.55/0.52  emits 2.02  spf 28.6  z0 0.02  garr 63.5  tG 739  e2 0.40  nF 25.4  pS 0.41  ptS 0.40  fLog 0.41  pdΔ -0.0870  pkR 6.28  clip 0.37  kl +0.024
upd  143  steps 4718592  sps 5886  opp frzn  loss -0.017  pg -0.0111  v 0.039  ev +0.99  adv_std 0.310  tR +0.56  ent[s/d/p/e] 1.50/2.54/1.55/0.51  emits 2.08  spf 27.6  z0 0.02  garr 65.4  tG 749  e2 0.41  nF 25.7  pS 0.41  ptS 0.39  fLog 0.40  pdΔ -0.0948  pkR 6.85  clip 0.38  kl +0.027
upd  144  steps 4751360  sps 5889  opp frzn  loss -0.018  pg -0.0124  v 0.035  ev +0.98  adv_std 0.298  tR +0.49  ent[s/d/p/e] 1.32/2.56/1.57/0.51  emits 2.04  spf 21.7  z0 0.03  garr 56.3  tG 589  e2 0.42  nF 26.5  pS 0.34  ptS 0.33  fLog 0.36  pdΔ -0.1578  pkR 8.72  clip 0.37  kl +0.022
upd  145  steps 4784128  sps 5891  opp frzn  loss -0.020  pg -0.0137  v 0.034  ev +0.99  adv_std 0.297  tR +0.28  ent[s/d/p/e] 1.37/2.56/1.54/0.51  emits 1.90  spf 22.8  z0 0.02  garr 61.4  tG 628  e2 0.38  nF 24.2  pS 0.36  ptS 0.35  fLog 0.38  pdΔ -0.1424  pkR 7.32  clip 0.37  kl +0.026
upd  146  steps 4816896  sps 5894  opp frzn  loss -0.017  pg -0.0113  v 0.039  ev +0.99  adv_std 0.310  tR +0.46  ent[s/d/p/e] 1.41/2.55/1.56/0.51  emits 2.08  spf 25.2  z0 0.02  garr 61.1  tG 682  e2 0.42  nF 26.8  pS 0.38  ptS 0.37  fLog 0.39  pdΔ -0.1225  pkR 6.17  clip 0.38  kl +0.028
upd  147  steps 4849664  sps 5898  opp rand  loss -0.016  pg -0.0111  v 0.043  ev +0.98  adv_std 0.317  tR +0.53  ent[s/d/p/e] 1.54/2.54/1.56/0.50  emits 2.11  spf 26.7  z0 0.02  garr 61.5  tG 711  e2 0.42  nF 26.6  pS 0.41  ptS 0.41  fLog 0.41  pdΔ -0.0854  pkR 5.12  clip 0.38  kl +0.025
upd  148  steps 4882432  sps 5903  opp rand  loss -0.016  pg -0.0112  v 0.042  ev +0.98  adv_std 0.320  tR +0.75  ent[s/d/p/e] 1.51/2.56/1.55/0.50  emits 2.08  spf 23.5  z0 0.02  garr 57.4  tG 616  e2 0.41  nF 27.5  pS 0.38  ptS 0.37  fLog 0.39  pdΔ -0.1170  pkR 5.18  clip 0.38  kl +0.026
upd  149  steps 4915200  sps 5905  opp frzn  loss -0.016  pg -0.0114  v 0.040  ev +0.98  adv_std 0.315  tR +0.46  ent[s/d/p/e] 1.45/2.56/1.55/0.51  emits 2.06  spf 21.3  z0 0.03  garr 61.2  tG 601  e2 0.41  nF 27.6  pS 0.37  ptS 0.36  fLog 0.38  pdΔ -0.1319  pkR 6.08  clip 0.40  kl +0.028 WRr 0.88 WRf 0.66
upd  150  steps 4947968  sps 5836  opp rand  loss -0.015  pg -0.0107  v 0.043  ev +0.98  adv_std 0.323  tR +0.46  ent[s/d/p/e] 1.56/2.55/1.52/0.51  emits 2.14  spf 24.3  z0 0.02  garr 62.0  tG 667  e2 0.42  nF 27.2  pS 0.40  ptS 0.39  fLog 0.40  pdΔ -0.1015  pkR 5.63  clip 0.39  kl +0.028
upd  151  steps 4980736  sps 5839  opp frzn  loss -0.017  pg -0.0120  v 0.042  ev +0.98  adv_std 0.325  tR +0.52  ent[s/d/p/e] 1.41/2.56/1.56/0.49  emits 2.17  spf 21.6  z0 0.03  garr 57.1  tG 600  e2 0.42  nF 27.6  pS 0.36  ptS 0.36  fLog 0.37  pdΔ -0.1358  pkR 6.49  clip 0.40  kl +0.026
upd  152  steps 5013504  sps 5844  opp rand  loss -0.014  pg -0.0100  v 0.043  ev +0.98  adv_std 0.326  tR +0.33  ent[s/d/p/e] 1.44/2.55/1.56/0.50  emits 2.14  spf 22.6  z0 0.03  garr 57.0  tG 598  e2 0.42  nF 27.4  pS 0.37  ptS 0.36  fLog 0.38  pdΔ -0.1291  pkR 5.50  clip 0.38  kl +0.028
upd  153  steps 5046272  sps 5848  opp rand  loss -0.017  pg -0.0112  v 0.039  ev +0.98  adv_std 0.313  tR +0.53  ent[s/d/p/e] 1.49/2.53/1.57/0.51  emits 2.11  spf 23.0  z0 0.03  garr 53.6  tG 590  e2 0.42  nF 27.0  pS 0.38  ptS 0.37  fLog 0.39  pdΔ -0.1154  pkR 5.32  clip 0.39  kl +0.027
upd  154  steps 5079040  sps 5853  opp rand  loss -0.017  pg -0.0126  v 0.042  ev +0.98  adv_std 0.320  tR +0.63  ent[s/d/p/e] 1.55/2.51/1.54/0.49  emits 2.14  spf 25.2  z0 0.01  garr 58.9  tG 661  e2 0.40  nF 27.2  pS 0.40  ptS 0.39  fLog 0.40  pdΔ -0.0983  pkR 5.71  clip 0.38  kl +0.024
upd  155  steps 5111808  sps 5857  opp rand  loss -0.015  pg -0.0100  v 0.040  ev +0.98  adv_std 0.311  tR +0.63  ent[s/d/p/e] 1.54/2.53/1.54/0.51  emits 2.23  spf 23.4  z0 0.01  garr 58.6  tG 671  e2 0.43  nF 28.9  pS 0.40  ptS 0.39  fLog 0.39  pdΔ -0.0992  pkR 6.08  clip 0.39  kl +0.029
upd  156  steps 5144576  sps 5860  opp frzn  loss -0.017  pg -0.0119  v 0.040  ev +0.99  adv_std 0.318  tR +0.56  ent[s/d/p/e] 1.48/2.50/1.54/0.52  emits 2.12  spf 24.3  z0 0.03  garr 59.4  tG 709  e2 0.43  nF 28.5  pS 0.40  ptS 0.39  fLog 0.39  pdΔ -0.0998  pkR 6.92  clip 0.38  kl +0.026
upd  157  steps 5177344  sps 5864  opp rand  loss -0.017  pg -0.0129  v 0.043  ev +0.98  adv_std 0.328  tR +0.59  ent[s/d/p/e] 1.48/2.52/1.54/0.50  emits 2.12  spf 24.3  z0 0.02  garr 58.3  tG 653  e2 0.42  nF 28.1  pS 0.39  ptS 0.38  fLog 0.39  pdΔ -0.1144  pkR 6.56  clip 0.38  kl +0.026
upd  158  steps 5210112  sps 5869  opp rand  loss -0.017  pg -0.0116  v 0.040  ev +0.98  adv_std 0.312  tR +0.62  ent[s/d/p/e] 1.59/2.53/1.52/0.51  emits 2.21  spf 24.7  z0 0.02  garr 61.9  tG 694  e2 0.44  nF 27.0  pS 0.41  ptS 0.41  fLog 0.41  pdΔ -0.0882  pkR 5.04  clip 0.39  kl +0.025
upd  159  steps 5242880  sps 5871  opp frzn  loss -0.015  pg -0.0109  v 0.045  ev +0.98  adv_std 0.338  tR +0.51  ent[s/d/p/e] 1.39/2.55/1.53/0.50  emits 2.25  spf 21.5  z0 0.02  garr 60.3  tG 624  e2 0.45  nF 28.3  pS 0.36  ptS 0.35  fLog 0.37  pdΔ -0.1371  pkR 7.94  clip 0.40  kl +0.027
upd  160  steps 5275648  sps 5873  opp frzn  loss -0.016  pg -0.0116  v 0.040  ev +0.98  adv_std 0.317  tR -0.15  ent[s/d/p/e] 1.27/2.57/1.47/0.50  emits 2.17  spf 15.9  z0 0.06  garr 54.5  tG 499  e2 0.44  nF 29.3  pS 0.29  ptS 0.29  fLog 0.33  pdΔ -0.2052  pkR 8.82  clip 0.38  kl +0.028
upd  161  steps 5308416  sps 5876  opp frzn  loss -0.015  pg -0.0108  v 0.041  ev +0.99  adv_std 0.320  tR +0.01  ent[s/d/p/e] 1.30/2.54/1.51/0.51  emits 2.09  spf 18.7  z0 0.04  garr 54.2  tG 541  e2 0.42  nF 26.8  pS 0.32  ptS 0.31  fLog 0.35  pdΔ -0.1831  pkR 6.50  clip 0.38  kl +0.024
upd  162  steps 5341184  sps 5878  opp frzn  loss -0.018  pg -0.0126  v 0.038  ev +0.99  adv_std 0.309  tR +0.30  ent[s/d/p/e] 1.40/2.51/1.54/0.51  emits 2.14  spf 24.7  z0 0.03  garr 65.6  tG 700  e2 0.43  nF 26.6  pS 0.37  ptS 0.36  fLog 0.39  pdΔ -0.1340  pkR 8.78  clip 0.38  kl +0.024
upd  163  steps 5373952  sps 5882  opp rand  loss -0.017  pg -0.0123  v 0.042  ev +0.99  adv_std 0.324  tR +0.57  ent[s/d/p/e] 1.47/2.47/1.52/0.52  emits 2.10  spf 26.0  z0 0.02  garr 66.3  tG 702  e2 0.42  nF 26.6  pS 0.39  ptS 0.37  fLog 0.40  pdΔ -0.1143  pkR 6.05  clip 0.38  kl +0.027
upd  164  steps 5406720  sps 5886  opp rand  loss -0.015  pg -0.0111  v 0.046  ev +0.98  adv_std 0.335  tR +0.69  ent[s/d/p/e] 1.45/2.50/1.55/0.49  emits 2.26  spf 25.8  z0 0.02  garr 58.2  tG 667  e2 0.46  nF 29.3  pS 0.38  ptS 0.38  fLog 0.39  pdΔ -0.1155  pkR 7.15  clip 0.39  kl +0.027
upd  165  steps 5439488  sps 5890  opp rand  loss -0.015  pg -0.0102  v 0.041  ev +0.99  adv_std 0.320  tR +0.44  ent[s/d/p/e] 1.49/2.49/1.55/0.51  emits 2.14  spf 25.0  z0 0.03  garr 62.6  tG 714  e2 0.43  nF 27.5  pS 0.40  ptS 0.39  fLog 0.39  pdΔ -0.1014  pkR 7.66  clip 0.39  kl +0.028
upd  166  steps 5472256  sps 5893  opp frzn  loss -0.014  pg -0.0102  v 0.043  ev +0.99  adv_std 0.325  tR +0.52  ent[s/d/p/e] 1.45/2.46/1.54/0.49  emits 2.15  spf 26.9  z0 0.03  garr 70.9  tG 763  e2 0.43  nF 25.4  pS 0.38  ptS 0.37  fLog 0.40  pdΔ -0.1198  pkR 8.22  clip 0.40  kl +0.029
upd  167  steps 5505024  sps 5895  opp frzn  loss -0.015  pg -0.0114  v 0.046  ev +0.99  adv_std 0.338  tR +0.51  ent[s/d/p/e] 1.45/2.47/1.53/0.49  emits 2.33  spf 26.0  z0 0.03  garr 69.6  tG 767  e2 0.47  nF 27.4  pS 0.39  ptS 0.38  fLog 0.40  pdΔ -0.1149  pkR 6.64  clip 0.38  kl +0.027
upd  168  steps 5537792  sps 5899  opp rand  loss -0.015  pg -0.0111  v 0.046  ev +0.98  adv_std 0.340  tR +0.39  ent[s/d/p/e] 1.46/2.47/1.50/0.49  emits 2.27  spf 23.6  z0 0.02  garr 63.6  tG 683  e2 0.46  nF 27.4  pS 0.39  ptS 0.38  fLog 0.39  pdΔ -0.1109  pkR 4.89  clip 0.40  kl +0.030
upd  169  steps 5570560  sps 5901  opp frzn  loss -0.016  pg -0.0122  v 0.043  ev +0.99  adv_std 0.330  tR +0.51  ent[s/d/p/e] 1.43/2.49/1.50/0.50  emits 2.25  spf 22.0  z0 0.02  garr 62.9  tG 667  e2 0.45  nF 27.1  pS 0.37  ptS 0.36  fLog 0.38  pdΔ -0.1327  pkR 5.68  clip 0.39  kl +0.026
upd  170  steps 5603328  sps 5903  opp frzn  loss -0.013  pg -0.0092  v 0.043  ev +0.98  adv_std 0.328  tR +0.01  ent[s/d/p/e] 1.26/2.54/1.50/0.48  emits 2.23  spf 17.5  z0 0.05  garr 56.7  tG 530  e2 0.45  nF 29.0  pS 0.30  ptS 0.29  fLog 0.34  pdΔ -0.1992  pkR 7.62  clip 0.41  kl +0.034
upd  171  steps 5636096  sps 5905  opp frzn  loss -0.014  pg -0.0095  v 0.039  ev +0.99  adv_std 0.312  tR -0.11  ent[s/d/p/e] 1.19/2.55/1.53/0.49  emits 2.23  spf 16.4  z0 0.04  garr 48.8  tG 476  e2 0.45  nF 31.1  pS 0.30  ptS 0.29  fLog 0.32  pdΔ -0.2039  pkR 10.16  clip 0.40  kl +0.030
upd  172  steps 5668864  sps 5907  opp frzn  loss -0.017  pg -0.0119  v 0.039  ev +0.99  adv_std 0.312  tR +0.23  ent[s/d/p/e] 1.38/2.48/1.49/0.49  emits 2.21  spf 20.5  z0 0.04  garr 63.1  tG 624  e2 0.44  nF 28.6  pS 0.34  ptS 0.33  fLog 0.36  pdΔ -0.1583  pkR 6.70  clip 0.39  kl +0.028
upd  173  steps 5701632  sps 5909  opp frzn  loss -0.014  pg -0.0111  v 0.051  ev +0.98  adv_std 0.358  tR +0.32  ent[s/d/p/e] 1.38/2.47/1.50/0.50  emits 2.25  spf 22.9  z0 0.03  garr 65.1  tG 636  e2 0.45  nF 28.0  pS 0.34  ptS 0.33  fLog 0.38  pdΔ -0.1617  pkR 5.91  clip 0.40  kl +0.030
upd  174  steps 5734400  sps 5913  opp rand  loss -0.015  pg -0.0116  v 0.045  ev +0.99  adv_std 0.337  tR +0.46  ent[s/d/p/e] 1.33/2.47/1.53/0.49  emits 2.35  spf 21.8  z0 0.02  garr 64.5  tG 669  e2 0.47  nF 28.6  pS 0.37  ptS 0.36  fLog 0.37  pdΔ -0.1265  pkR 6.71  clip 0.41  kl +0.031
upd  175  steps 5767168  sps 5915  opp frzn  loss -0.014  pg -0.0100  v 0.043  ev +0.99  adv_std 0.326  tR +0.30  ent[s/d/p/e] 1.35/2.49/1.53/0.49  emits 2.17  spf 22.3  z0 0.04  garr 60.1  tG 637  e2 0.45  nF 26.4  pS 0.35  ptS 0.34  fLog 0.37  pdΔ -0.1474  pkR 7.44  clip 0.40  kl +0.028
upd  176  steps 5799936  sps 5917  opp frzn  loss -0.015  pg -0.0101  v 0.039  ev +0.99  adv_std 0.316  tR +0.12  ent[s/d/p/e] 1.28/2.49/1.46/0.49  emits 2.17  spf 19.1  z0 0.04  garr 60.0  tG 548  e2 0.43  nF 28.1  pS 0.30  ptS 0.30  fLog 0.34  pdΔ -0.1966  pkR 10.07  clip 0.39  kl +0.028
upd  177  steps 5832704  sps 5919  opp frzn  loss -0.017  pg -0.0124  v 0.037  ev +0.98  adv_std 0.305  tR +0.24  ent[s/d/p/e] 1.28/2.48/1.48/0.51  emits 2.10  spf 18.0  z0 0.03  garr 63.4  tG 576  e2 0.43  nF 28.0  pS 0.31  ptS 0.31  fLog 0.34  pdΔ -0.1865  pkR 5.48  clip 0.39  kl +0.028
upd  178  steps 5865472  sps 5921  opp frzn  loss -0.013  pg -0.0096  v 0.047  ev +0.99  adv_std 0.340  tR +0.37  ent[s/d/p/e] 1.36/2.48/1.51/0.49  emits 2.27  spf 22.9  z0 0.03  garr 61.4  tG 698  e2 0.46  nF 29.2  pS 0.37  ptS 0.36  fLog 0.37  pdΔ -0.1346  pkR 13.95  clip 0.39  kl +0.030
upd  179  steps 5898240  sps 5925  opp rand  loss -0.013  pg -0.0089  v 0.043  ev +0.99  adv_std 0.325  tR +0.34  ent[s/d/p/e] 1.39/2.47/1.51/0.49  emits 2.16  spf 24.9  z0 0.04  garr 62.8  tG 692  e2 0.43  nF 26.9  pS 0.37  ptS 0.36  fLog 0.38  pdΔ -0.1347  pkR 9.37  clip 0.39  kl +0.027
upd  180  steps 5931008  sps 5926  opp frzn  loss -0.014  pg -0.0109  v 0.049  ev +0.99  adv_std 0.343  tR +0.55  ent[s/d/p/e] 1.40/2.48/1.50/0.50  emits 2.28  spf 23.8  z0 0.02  garr 69.5  tG 748  e2 0.46  nF 28.4  pS 0.38  ptS 0.37  fLog 0.38  pdΔ -0.1239  pkR 6.03  clip 0.40  kl +0.028
upd  181  steps 5963776  sps 5928  opp frzn  loss -0.014  pg -0.0106  v 0.044  ev +0.98  adv_std 0.331  tR +0.05  ent[s/d/p/e] 1.26/2.47/1.45/0.50  emits 2.08  spf 18.5  z0 0.05  garr 63.7  tG 582  e2 0.43  nF 27.5  pS 0.31  ptS 0.30  fLog 0.35  pdΔ -0.1888  pkR 6.58  clip 0.38  kl +0.027
upd  182  steps 5996544  sps 5932  opp rand  loss -0.014  pg -0.0111  v 0.047  ev +0.98  adv_std 0.337  tR +0.38  ent[s/d/p/e] 1.40/2.47/1.45/0.52  emits 2.15  spf 23.2  z0 0.02  garr 65.1  tG 653  e2 0.43  nF 28.0  pS 0.35  ptS 0.35  fLog 0.37  pdΔ -0.1451  pkR 7.48  clip 0.38  kl +0.027
upd  183  steps 6029312  sps 5934  opp frzn  loss -0.014  pg -0.0106  v 0.048  ev +0.99  adv_std 0.347  tR +0.17  ent[s/d/p/e] 1.39/2.47/1.47/0.51  emits 2.12  spf 21.6  z0 0.03  garr 63.0  tG 665  e2 0.43  nF 27.2  pS 0.35  ptS 0.34  fLog 0.37  pdΔ -0.1499  pkR 6.77  clip 0.39  kl +0.031
upd  184  steps 6062080  sps 5935  opp frzn  loss -0.015  pg -0.0117  v 0.045  ev +0.99  adv_std 0.331  tR +0.18  ent[s/d/p/e] 1.38/2.49/1.49/0.50  emits 2.24  spf 21.7  z0 0.04  garr 60.8  tG 651  e2 0.45  nF 30.5  pS 0.35  ptS 0.34  fLog 0.36  pdΔ -0.1532  pkR 8.43  clip 0.39  kl +0.028
upd  185  steps 6094848  sps 5939  opp rand  loss -0.013  pg -0.0107  v 0.051  ev +0.99  adv_std 0.359  tR +0.47  ent[s/d/p/e] 1.42/2.46/1.50/0.49  emits 2.35  spf 25.3  z0 0.02  garr 68.0  tG 767  e2 0.47  nF 30.2  pS 0.39  ptS 0.38  fLog 0.39  pdΔ -0.1116  pkR 7.96  clip 0.40  kl +0.028
upd  186  steps 6127616  sps 5942  opp rand  loss -0.014  pg -0.0107  v 0.047  ev +0.99  adv_std 0.338  tR +0.49  ent[s/d/p/e] 1.42/2.44/1.49/0.49  emits 2.18  spf 24.6  z0 0.03  garr 63.3  tG 700  e2 0.44  nF 27.5  pS 0.38  ptS 0.37  fLog 0.39  pdΔ -0.1237  pkR 8.31  clip 0.40  kl +0.030
upd  187  steps 6160384  sps 5944  opp frzn  loss -0.015  pg -0.0113  v 0.043  ev +0.99  adv_std 0.327  tR +0.60  ent[s/d/p/e] 1.48/2.40/1.46/0.50  emits 2.18  spf 26.1  z0 0.02  garr 65.2  tG 738  e2 0.44  nF 27.5  pS 0.39  ptS 0.38  fLog 0.40  pdΔ -0.1067  pkR 10.03  clip 0.39  kl +0.028
upd  188  steps 6193152  sps 5946  opp frzn  loss -0.011  pg -0.0088  v 0.053  ev +0.98  adv_std 0.362  tR +0.34  ent[s/d/p/e] 1.36/2.44/1.47/0.49  emits 2.26  spf 23.8  z0 0.03  garr 68.2  tG 700  e2 0.45  nF 28.1  pS 0.36  ptS 0.35  fLog 0.38  pdΔ -0.1385  pkR 5.99  clip 0.42  kl +0.037
upd  189  steps 6225920  sps 5949  opp rand  loss -0.011  pg -0.0103  v 0.058  ev +0.98  adv_std 0.376  tR +0.22  ent[s/d/p/e] 1.35/2.38/1.44/0.52  emits 2.11  spf 27.1  z0 0.03  garr 69.9  tG 732  e2 0.42  nF 26.2  pS 0.35  ptS 0.35  fLog 0.39  pdΔ -0.1465  pkR 7.02  clip 0.40  kl +0.029
upd  190  steps 6258688  sps 5952  opp rand  loss -0.009  pg -0.0082  v 0.058  ev +0.99  adv_std 0.374  tR +0.59  ent[s/d/p/e] 1.46/2.37/1.47/0.51  emits 2.23  spf 33.1  z0 0.03  garr 74.5  tG 880  e2 0.45  nF 26.4  pS 0.41  ptS 0.39  fLog 0.42  pdΔ -0.0929  pkR 7.37  clip 0.39  kl +0.029
upd  191  steps 6291456  sps 5955  opp rand  loss -0.011  pg -0.0095  v 0.057  ev +0.98  adv_std 0.371  tR +0.50  ent[s/d/p/e] 1.46/2.37/1.45/0.50  emits 2.23  spf 29.9  z0 0.02  garr 71.3  tG 829  e2 0.44  nF 27.3  pS 0.40  ptS 0.39  fLog 0.41  pdΔ -0.1007  pkR 7.49  clip 0.41  kl +0.032
upd  192  steps 6324224  sps 5959  opp rand  loss -0.013  pg -0.0102  v 0.050  ev +0.99  adv_std 0.349  tR +0.57  ent[s/d/p/e] 1.52/2.37/1.43/0.51  emits 2.23  spf 28.3  z0 0.02  garr 69.0  tG 805  e2 0.45  nF 26.6  pS 0.40  ptS 0.40  fLog 0.41  pdΔ -0.0955  pkR 7.54  clip 0.39  kl +0.029
upd  193  steps 6356992  sps 5962  opp rand  loss -0.013  pg -0.0102  v 0.050  ev +0.99  adv_std 0.354  tR +0.68  ent[s/d/p/e] 1.51/2.38/1.46/0.50  emits 2.27  spf 27.0  z0 0.01  garr 69.7  tG 810  e2 0.46  nF 26.5  pS 0.41  ptS 0.40  fLog 0.41  pdΔ -0.0868  pkR 6.56  clip 0.40  kl +0.029
upd  194  steps 6389760  sps 5963  opp frzn  loss -0.013  pg -0.0101  v 0.049  ev +0.99  adv_std 0.348  tR +0.54  ent[s/d/p/e] 1.40/2.39/1.49/0.48  emits 2.26  spf 25.5  z0 0.03  garr 65.9  tG 762  e2 0.46  nF 27.1  pS 0.38  ptS 0.38  fLog 0.39  pdΔ -0.1157  pkR 7.24  clip 0.40  kl +0.031
upd  195  steps 6422528  sps 5967  opp rand  loss -0.015  pg -0.0113  v 0.046  ev +0.99  adv_std 0.338  tR +0.55  ent[s/d/p/e] 1.55/2.36/1.42/0.49  emits 2.23  spf 28.3  z0 0.02  garr 74.9  tG 867  e2 0.44  nF 27.0  pS 0.41  ptS 0.40  fLog 0.41  pdΔ -0.0887  pkR 5.46  clip 0.39  kl +0.029
upd  196  steps 6455296  sps 5970  opp rand  loss -0.009  pg -0.0081  v 0.058  ev +0.98  adv_std 0.374  tR +0.71  ent[s/d/p/e] 1.57/2.35/1.44/0.49  emits 2.37  spf 29.3  z0 0.01  garr 72.1  tG 874  e2 0.46  nF 27.3  pS 0.43  ptS 0.42  fLog 0.42  pdΔ -0.0656  pkR 6.78  clip 0.41  kl +0.032
upd  197  steps 6488064  sps 5973  opp rand  loss -0.011  pg -0.0092  v 0.054  ev +0.99  adv_std 0.365  tR +0.68  ent[s/d/p/e] 1.52/2.32/1.42/0.50  emits 2.22  spf 32.8  z0 0.03  garr 76.6  tG 910  e2 0.44  nF 25.1  pS 0.42  ptS 0.41  fLog 0.43  pdΔ -0.0767  pkR 6.44  clip 0.40  kl +0.031
upd  198  steps 6520832  sps 5976  opp rand  loss -0.009  pg -0.0090  v 0.062  ev +0.98  adv_std 0.388  tR +0.70  ent[s/d/p/e] 1.52/2.32/1.41/0.49  emits 2.22  spf 31.4  z0 0.01  garr 74.3  tG 862  e2 0.43  nF 24.0  pS 0.42  ptS 0.40  fLog 0.42  pdΔ -0.0828  pkR 9.03  clip 0.40  kl +0.028
upd  199  steps 6553600  sps 5977  opp frzn  loss -0.012  pg -0.0110  v 0.055  ev +0.98  adv_std 0.368  tR +0.53  ent[s/d/p/e] 1.46/2.35/1.39/0.49  emits 2.19  spf 27.1  z0 0.03  garr 72.3  tG 758  e2 0.42  nF 25.8  pS 0.38  ptS 0.37  fLog 0.40  pdΔ -0.1243  pkR 6.39  clip 0.40  kl +0.031 WRr 0.94 WRf 0.72
upd  200  steps 6586368  sps 5921  opp rand  loss -0.011  pg -0.0089  v 0.050  ev +0.99  adv_std 0.345  tR +0.40  ent[s/d/p/e] 1.45/2.38/1.38/0.50  emits 2.23  spf 25.5  z0 0.02  garr 73.1  tG 761  e2 0.44  nF 26.3  pS 0.38  ptS 0.37  fLog 0.40  pdΔ -0.1179  pkR 7.11  clip 0.40  kl +0.031
upd  201  steps 6619136  sps 5923  opp frzn  loss -0.009  pg -0.0080  v 0.059  ev +0.99  adv_std 0.374  tR +0.39  ent[s/d/p/e] 1.44/2.35/1.41/0.50  emits 2.28  spf 29.9  z0 0.02  garr 81.3  tG 876  e2 0.46  nF 26.5  pS 0.39  ptS 0.38  fLog 0.41  pdΔ -0.1119  pkR 6.61  clip 0.42  kl +0.033
upd  202  steps 6651904  sps 5925  opp frzn  loss -0.009  pg -0.0096  v 0.062  ev +0.98  adv_std 0.388  tR +0.10  ent[s/d/p/e] 1.37/2.41/1.37/0.47  emits 2.34  spf 22.5  z0 0.04  garr 68.3  tG 666  e2 0.46  nF 30.2  pS 0.33  ptS 0.32  fLog 0.38  pdΔ -0.1663  pkR 7.76  clip 0.41  kl +0.032
upd  203  steps 6684672  sps 5928  opp rand  loss -0.014  pg -0.0120  v 0.051  ev +0.99  adv_std 0.354  tR +0.19  ent[s/d/p/e] 1.42/2.37/1.38/0.49  emits 2.23  spf 26.1  z0 0.03  garr 72.0  tG 757  e2 0.44  nF 28.2  pS 0.37  ptS 0.36  fLog 0.39  pdΔ -0.1272  pkR 8.43  clip 0.39  kl +0.027
upd  204  steps 6717440  sps 5930  opp frzn  loss -0.011  pg -0.0092  v 0.052  ev +0.99  adv_std 0.354  tR +0.44  ent[s/d/p/e] 1.43/2.39/1.44/0.49  emits 2.28  spf 26.5  z0 0.03  garr 65.8  tG 742  e2 0.45  nF 27.7  pS 0.37  ptS 0.36  fLog 0.39  pdΔ -0.1271  pkR 8.63  clip 0.41  kl +0.033
upd  205  steps 6750208  sps 5933  opp rand  loss -0.012  pg -0.0106  v 0.053  ev +0.99  adv_std 0.357  tR +0.49  ent[s/d/p/e] 1.45/2.37/1.40/0.49  emits 2.32  spf 27.4  z0 0.03  garr 67.1  tG 718  e2 0.46  nF 29.8  pS 0.38  ptS 0.37  fLog 0.39  pdΔ -0.1239  pkR 8.06  clip 0.40  kl +0.030
upd  206  steps 6782976  sps 5936  opp rand  loss -0.010  pg -0.0087  v 0.058  ev +0.98  adv_std 0.373  tR +0.57  ent[s/d/p/e] 1.49/2.34/1.42/0.49  emits 2.30  spf 27.7  z0 0.01  garr 65.3  tG 730  e2 0.45  nF 28.6  pS 0.40  ptS 0.39  fLog 0.40  pdΔ -0.0999  pkR 8.02  clip 0.41  kl +0.032
upd  207  steps 6815744  sps 5939  opp rand  loss -0.009  pg -0.0086  v 0.059  ev +0.99  adv_std 0.377  tR +0.67  ent[s/d/p/e] 1.57/2.29/1.40/0.49  emits 2.41  spf 33.9  z0 0.02  garr 74.3  tG 902  e2 0.47  nF 26.5  pS 0.45  ptS 0.43  fLog 0.44  pdΔ -0.0499  pkR 7.60  clip 0.41  kl +0.032
upd  208  steps 6848512  sps 5942  opp rand  loss -0.009  pg -0.0096  v 0.066  ev +0.99  adv_std 0.401  tR +0.63  ent[s/d/p/e] 1.50/2.29/1.42/0.49  emits 2.44  spf 35.5  z0 0.02  garr 73.0  tG 890  e2 0.48  nF 27.1  pS 0.43  ptS 0.41  fLog 0.43  pdΔ -0.0729  pkR 7.19  clip 0.41  kl +0.030
upd  209  steps 6881280  sps 5943  opp frzn  loss -0.009  pg -0.0096  v 0.067  ev +0.99  adv_std 0.402  tR +0.56  ent[s/d/p/e] 1.42/2.28/1.44/0.49  emits 2.37  spf 39.8  z0 0.03  garr 76.0  tG 880  e2 0.48  nF 27.9  pS 0.39  ptS 0.38  fLog 0.42  pdΔ -0.1118  pkR 11.72  clip 0.40  kl +0.034
upd  210  steps 6914048  sps 5945  opp frzn  loss -0.008  pg -0.0066  v 0.057  ev +0.99  adv_std 0.372  tR +0.38  ent[s/d/p/e] 1.46/2.29/1.39/0.51  emits 2.38  spf 29.6  z0 0.03  garr 76.0  tG 814  e2 0.48  nF 26.8  pS 0.39  ptS 0.38  fLog 0.42  pdΔ -0.1097  pkR 8.87  clip 0.41  kl +0.031
upd  211  steps 6946816  sps 5948  opp rand  loss -0.012  pg -0.0105  v 0.055  ev +0.99  adv_std 0.366  tR +0.49  ent[s/d/p/e] 1.49/2.31/1.39/0.50  emits 2.46  spf 29.3  z0 0.02  garr 72.8  tG 842  e2 0.50  nF 28.2  pS 0.41  ptS 0.41  fLog 0.42  pdΔ -0.0859  pkR 7.44  clip 0.40  kl +0.030
upd  212  steps 6979584  sps 5951  opp rand  loss -0.010  pg -0.0096  v 0.063  ev +0.99  adv_std 0.389  tR +0.69  ent[s/d/p/e] 1.49/2.31/1.42/0.50  emits 2.31  spf 34.3  z0 0.01  garr 72.4  tG 844  e2 0.45  nF 28.3  pS 0.40  ptS 0.39  fLog 0.42  pdΔ -0.0954  pkR 7.66  clip 0.41  kl +0.030
upd  213  steps 7012352  sps 5954  opp rand  loss -0.011  pg -0.0104  v 0.061  ev +0.99  adv_std 0.381  tR +0.70  ent[s/d/p/e] 1.69/2.26/1.34/0.51  emits 2.42  spf 36.2  z0 0.01  garr 79.3  tG 978  e2 0.47  nF 28.2  pS 0.46  ptS 0.45  fLog 0.45  pdΔ -0.0398  pkR 6.16  clip 0.40  kl +0.032
upd  214  steps 7045120  sps 5955  opp frzn  loss -0.011  pg -0.0097  v 0.054  ev +0.99  adv_std 0.364  tR +0.51  ent[s/d/p/e] 1.48/2.32/1.36/0.49  emits 2.28  spf 28.2  z0 0.02  garr 71.3  tG 769  e2 0.45  nF 27.3  pS 0.37  ptS 0.37  fLog 0.40  pdΔ -0.1253  pkR 7.26  clip 0.41  kl +0.034
upd  215  steps 7077888  sps 5957  opp frzn  loss -0.008  pg -0.0083  v 0.059  ev +0.99  adv_std 0.381  tR +0.12  ent[s/d/p/e] 1.32/2.36/1.35/0.49  emits 2.39  spf 23.7  z0 0.04  garr 71.8  tG 693  e2 0.48  nF 29.1  pS 0.34  ptS 0.33  fLog 0.38  pdΔ -0.1614  pkR 7.94  clip 0.41  kl +0.033
upd  216  steps 7110656  sps 5960  opp rand  loss -0.011  pg -0.0106  v 0.060  ev +0.99  adv_std 0.384  tR +0.54  ent[s/d/p/e] 1.45/2.36/1.36/0.49  emits 2.43  spf 26.9  z0 0.02  garr 71.8  tG 771  e2 0.48  nF 30.5  pS 0.38  ptS 0.37  fLog 0.40  pdΔ -0.1199  pkR 9.19  clip 0.40  kl +0.032
upd  217  steps 7143424  sps 5961  opp frzn  loss -0.006  pg -0.0064  v 0.061  ev +0.99  adv_std 0.388  tR +0.36  ent[s/d/p/e] 1.40/2.35/1.41/0.48  emits 2.47  spf 26.8  z0 0.04  garr 65.7  tG 768  e2 0.50  nF 29.4  pS 0.37  ptS 0.37  fLog 0.39  pdΔ -0.1281  pkR 6.86  clip 0.41  kl +0.036
upd  218  steps 7176192  sps 5964  opp rand  loss -0.009  pg -0.0090  v 0.059  ev +0.98  adv_std 0.377  tR +0.49  ent[s/d/p/e] 1.45/2.34/1.38/0.48  emits 2.44  spf 24.1  z0 0.04  garr 68.2  tG 729  e2 0.49  nF 29.4  pS 0.38  ptS 0.37  fLog 0.39  pdΔ -0.1154  pkR 6.64  clip 0.41  kl +0.032
upd  219  steps 7208960  sps 5966  opp rand  loss -0.007  pg -0.0076  v 0.067  ev +0.98  adv_std 0.401  tR +0.45  ent[s/d/p/e] 1.52/2.31/1.36/0.49  emits 2.43  spf 29.5  z0 0.02  garr 70.8  tG 826  e2 0.48  nF 29.3  pS 0.41  ptS 0.40  fLog 0.41  pdΔ -0.0877  pkR 11.75  clip 0.42  kl +0.035
upd  220  steps 7241728  sps 5969  opp rand  loss -0.006  pg -0.0068  v 0.068  ev +0.99  adv_std 0.405  tR +0.68  ent[s/d/p/e] 1.54/2.30/1.35/0.48  emits 2.48  spf 32.5  z0 0.01  garr 74.7  tG 904  e2 0.48  nF 29.5  pS 0.41  ptS 0.41  fLog 0.42  pdΔ -0.0854  pkR 9.25  clip 0.41  kl +0.033
upd  221  steps 7274496  sps 5971  opp frzn  loss -0.006  pg -0.0065  v 0.065  ev +0.99  adv_std 0.396  tR +0.22  ent[s/d/p/e] 1.43/2.32/1.32/0.50  emits 2.37  spf 29.8  z0 0.04  garr 78.0  tG 843  e2 0.47  nF 29.0  pS 0.36  ptS 0.36  fLog 0.40  pdΔ -0.1370  pkR 13.60  clip 0.41  kl +0.034
upd  222  steps 7307264  sps 5973  opp rand  loss -0.004  pg -0.0066  v 0.073  ev +0.98  adv_std 0.415  tR +0.23  ent[s/d/p/e] 1.46/2.32/1.30/0.50  emits 2.38  spf 26.9  z0 0.02  garr 74.2  tG 788  e2 0.47  nF 28.8  pS 0.38  ptS 0.37  fLog 0.40  pdΔ -0.1224  pkR 8.04  clip 0.41  kl +0.033
upd  223  steps 7340032  sps 5975  opp frzn  loss -0.006  pg -0.0077  v 0.069  ev +0.99  adv_std 0.408  tR +0.40  ent[s/d/p/e] 1.48/2.28/1.30/0.50  emits 2.42  spf 30.8  z0 0.03  garr 83.0  tG 926  e2 0.49  nF 27.3  pS 0.39  ptS 0.38  fLog 0.42  pdΔ -0.1108  pkR 9.01  clip 0.41  kl +0.034
upd  224  steps 7372800  sps 5977  opp rand  loss -0.005  pg -0.0083  v 0.075  ev +0.98  adv_std 0.423  tR +0.35  ent[s/d/p/e] 1.44/2.28/1.28/0.49  emits 2.36  spf 29.5  z0 0.03  garr 75.3  tG 781  e2 0.46  nF 28.2  pS 0.35  ptS 0.35  fLog 0.40  pdΔ -0.1452  pkR 11.23  clip 0.40  kl +0.035
upd  225  steps 7405568  sps 5980  opp rand  loss -0.007  pg -0.0090  v 0.069  ev +0.98  adv_std 0.408  tR +0.64  ent[s/d/p/e] 1.50/2.30/1.34/0.49  emits 2.43  spf 26.7  z0 0.01  garr 76.4  tG 846  e2 0.47  nF 28.3  pS 0.40  ptS 0.39  fLog 0.41  pdΔ -0.1023  pkR 7.80  clip 0.41  kl +0.034
upd  226  steps 7438336  sps 5983  opp rand  loss -0.011  pg -0.0102  v 0.056  ev +0.99  adv_std 0.370  tR +0.56  ent[s/d/p/e] 1.58/2.21/1.28/0.51  emits 2.30  spf 30.9  z0 0.02  garr 83.2  tG 930  e2 0.44  nF 26.8  pS 0.42  ptS 0.41  fLog 0.44  pdΔ -0.0792  pkR 4.95  clip 0.39  kl +0.029
upd  227  steps 7471104  sps 5984  opp frzn  loss -0.006  pg -0.0081  v 0.070  ev +0.99  adv_std 0.412  tR +0.66  ent[s/d/p/e] 1.52/2.24/1.34/0.49  emits 2.55  spf 30.9  z0 0.01  garr 80.1  tG 924  e2 0.49  nF 29.4  pS 0.42  ptS 0.41  fLog 0.42  pdΔ -0.0841  pkR 5.65  clip 0.43  kl +0.035
upd  228  steps 7503872  sps 5985  opp frzn  loss -0.009  pg -0.0096  v 0.061  ev +0.99  adv_std 0.390  tR +0.42  ent[s/d/p/e] 1.41/2.25/1.33/0.49  emits 2.51  spf 29.8  z0 0.03  garr 80.7  tG 920  e2 0.51  nF 28.6  pS 0.38  ptS 0.38  fLog 0.41  pdΔ -0.1199  pkR 6.84  clip 0.41  kl +0.036
upd  229  steps 7536640  sps 5988  opp rand  loss -0.008  pg -0.0092  v 0.067  ev +0.99  adv_std 0.404  tR +0.34  ent[s/d/p/e] 1.39/2.29/1.30/0.48  emits 2.37  spf 26.3  z0 0.03  garr 73.0  tG 728  e2 0.46  nF 29.9  pS 0.35  ptS 0.34  fLog 0.40  pdΔ -0.1498  pkR 5.94  clip 0.40  kl +0.034
upd  230  steps 7569408  sps 5989  opp frzn  loss -0.003  pg -0.0067  v 0.077  ev +0.99  adv_std 0.430  tR +0.44  ent[s/d/p/e] 1.42/2.32/1.32/0.49  emits 2.52  spf 28.7  z0 0.02  garr 77.5  tG 830  e2 0.50  nF 30.6  pS 0.37  ptS 0.36  fLog 0.39  pdΔ -0.1281  pkR 11.48  clip 0.41  kl +0.037
upd  231  steps 7602176  sps 5992  opp rand  loss -0.005  pg -0.0079  v 0.075  ev +0.99  adv_std 0.421  tR +0.29  ent[s/d/p/e] 1.35/2.26/1.32/0.47  emits 2.44  spf 31.4  z0 0.03  garr 75.3  tG 846  e2 0.48  nF 29.3  pS 0.36  ptS 0.35  fLog 0.39  pdΔ -0.1398  pkR 15.89  clip 0.40  kl +0.034
upd  232  steps 7634944  sps 5993  opp frzn  loss -0.007  pg -0.0088  v 0.068  ev +0.99  adv_std 0.405  tR +0.53  ent[s/d/p/e] 1.48/2.23/1.30/0.47  emits 2.54  spf 32.6  z0 0.03  garr 76.2  tG 924  e2 0.50  nF 29.4  pS 0.39  ptS 0.39  fLog 0.41  pdΔ -0.1070  pkR 12.88  clip 0.40  kl +0.032
upd  233  steps 7667712  sps 5994  opp frzn  loss -0.009  pg -0.0108  v 0.067  ev +0.99  adv_std 0.405  tR +0.59  ent[s/d/p/e] 1.41/2.27/1.30/0.48  emits 2.42  spf 30.2  z0 0.03  garr 70.7  tG 784  e2 0.47  nF 28.9  pS 0.36  ptS 0.35  fLog 0.40  pdΔ -0.1419  pkR 9.90  clip 0.39  kl +0.033
upd  234  steps 7700480  sps 5997  opp rand  loss -0.006  pg -0.0084  v 0.072  ev +0.99  adv_std 0.413  tR +0.25  ent[s/d/p/e] 1.36/2.21/1.29/0.48  emits 2.44  spf 34.4  z0 0.03  garr 80.3  tG 850  e2 0.48  nF 26.9  pS 0.36  ptS 0.35  fLog 0.41  pdΔ -0.1364  pkR 10.29  clip 0.39  kl +0.032
upd  235  steps 7733248  sps 5999  opp rand  loss -0.007  pg -0.0096  v 0.070  ev +0.99  adv_std 0.404  tR +0.60  ent[s/d/p/e] 1.50/2.16/1.24/0.49  emits 2.43  spf 37.5  z0 0.02  garr 89.1  tG 992  e2 0.47  nF 27.3  pS 0.40  ptS 0.39  fLog 0.44  pdΔ -0.0975  pkR 7.90  clip 0.39  kl +0.030
upd  236  steps 7766016  sps 6000  opp frzn  loss -0.002  pg -0.0052  v 0.077  ev +0.99  adv_std 0.432  tR +0.47  ent[s/d/p/e] 1.43/2.26/1.26/0.48  emits 2.70  spf 30.9  z0 0.02  garr 86.4  tG 867  e2 0.52  nF 30.4  pS 0.36  ptS 0.35  fLog 0.40  pdΔ -0.1370  pkR 9.42  clip 0.42  kl +0.036
upd  237  steps 7798784  sps 6003  opp rand  loss -0.004  pg -0.0086  v 0.080  ev +0.99  adv_std 0.439  tR +0.26  ent[s/d/p/e] 1.42/2.21/1.22/0.49  emits 2.47  spf 32.6  z0 0.04  garr 79.1  tG 817  e2 0.49  nF 28.8  pS 0.36  ptS 0.35  fLog 0.40  pdΔ -0.1409  pkR 13.18  clip 0.39  kl +0.032
upd  238  steps 7831552  sps 6005  opp rand  loss -0.006  pg -0.0101  v 0.077  ev +0.99  adv_std 0.435  tR +0.47  ent[s/d/p/e] 1.48/2.26/1.24/0.47  emits 2.55  spf 32.7  z0 0.02  garr 81.1  tG 904  e2 0.49  nF 29.7  pS 0.39  ptS 0.37  fLog 0.41  pdΔ -0.1150  pkR 14.86  clip 0.40  kl +0.030
upd  239  steps 7864320  sps 6007  opp rand  loss -0.003  pg -0.0080  v 0.085  ev +0.98  adv_std 0.449  tR +0.61  ent[s/d/p/e] 1.60/2.15/1.21/0.48  emits 2.60  spf 39.1  z0 0.02  garr 93.2  tG 1103  e2 0.51  nF 28.6  pS 0.44  ptS 0.42  fLog 0.45  pdΔ -0.0640  pkR 8.81  clip 0.40  kl +0.032
upd  240  steps 7897088  sps 6010  opp rand  loss -0.008  pg -0.0104  v 0.070  ev +0.99  adv_std 0.408  tR +0.54  ent[s/d/p/e] 1.49/2.23/1.24/0.47  emits 2.50  spf 30.2  z0 0.02  garr 79.3  tG 875  e2 0.47  nF 29.5  pS 0.39  ptS 0.38  fLog 0.41  pdΔ -0.1141  pkR 11.13  clip 0.40  kl +0.031
upd  241  steps 7929856  sps 6011  opp frzn  loss -0.006  pg -0.0079  v 0.071  ev +0.99  adv_std 0.411  tR +0.56  ent[s/d/p/e] 1.58/2.24/1.18/0.48  emits 2.66  spf 30.4  z0 0.01  garr 83.1  tG 946  e2 0.51  nF 30.5  pS 0.41  ptS 0.40  fLog 0.42  pdΔ -0.0921  pkR 9.67  clip 0.41  kl +0.034
upd  242  steps 7962624  sps 6012  opp frzn  loss -0.008  pg -0.0100  v 0.069  ev +0.99  adv_std 0.407  tR +0.57  ent[s/d/p/e] 1.48/2.24/1.20/0.49  emits 2.54  spf 27.5  z0 0.02  garr 76.6  tG 802  e2 0.50  nF 31.0  pS 0.37  ptS 0.36  fLog 0.40  pdΔ -0.1276  pkR 9.18  clip 0.41  kl +0.033
upd  243  steps 7995392  sps 6014  opp rand  loss -0.006  pg -0.0103  v 0.082  ev +0.99  adv_std 0.444  tR +0.44  ent[s/d/p/e] 1.52/2.19/1.23/0.46  emits 2.62  spf 35.2  z0 0.02  garr 80.2  tG 959  e2 0.49  nF 31.1  pS 0.40  ptS 0.40  fLog 0.42  pdΔ -0.0993  pkR 9.48  clip 0.40  kl +0.034
upd  244  steps 8028160  sps 6017  opp rand  loss -0.005  pg -0.0080  v 0.075  ev +0.99  adv_std 0.425  tR +0.56  ent[s/d/p/e] 1.55/2.18/1.22/0.47  emits 2.55  spf 33.1  z0 0.02  garr 84.1  tG 961  e2 0.48  nF 29.3  pS 0.41  ptS 0.40  fLog 0.43  pdΔ -0.0917  pkR 6.76  clip 0.39  kl +0.032
upd  245  steps 8060928  sps 6018  opp frzn  loss -0.009  pg -0.0105  v 0.067  ev +0.99  adv_std 0.403  tR +0.51  ent[s/d/p/e] 1.46/2.22/1.22/0.48  emits 2.48  spf 31.8  z0 0.03  garr 83.8  tG 879  e2 0.48  nF 28.7  pS 0.36  ptS 0.35  fLog 0.42  pdΔ -0.1392  pkR 12.34  clip 0.40  kl +0.033
upd  246  steps 8093696  sps 6019  opp frzn  loss -0.006  pg -0.0099  v 0.075  ev +0.99  adv_std 0.427  tR +0.29  ent[s/d/p/e] 1.43/2.21/1.16/0.50  emits 2.53  spf 30.1  z0 0.02  garr 85.4  tG 854  e2 0.50  nF 29.9  pS 0.36  ptS 0.35  fLog 0.41  pdΔ -0.1380  pkR 15.65  clip 0.41  kl +0.033
upd  247  steps 8126464  sps 6020  opp frzn  loss -0.005  pg -0.0093  v 0.077  ev +0.98  adv_std 0.430  tR +0.37  ent[s/d/p/e] 1.48/2.22/1.15/0.49  emits 2.52  spf 29.6  z0 0.03  garr 80.2  tG 834  e2 0.50  nF 30.0  pS 0.37  ptS 0.36  fLog 0.41  pdΔ -0.1347  pkR 17.96  clip 0.41  kl +0.034
upd  248  steps 8159232  sps 6021  opp frzn  loss -0.006  pg -0.0081  v 0.067  ev +0.99  adv_std 0.404  tR +0.30  ent[s/d/p/e] 1.43/2.26/1.24/0.48  emits 2.61  spf 28.6  z0 0.02  garr 79.1  tG 861  e2 0.52  nF 32.2  pS 0.37  ptS 0.36  fLog 0.39  pdΔ -0.1349  pkR 11.65  clip 0.41  kl +0.035
upd  249  steps 8192000  sps 6023  opp rand  loss -0.005  pg -0.0084  v 0.072  ev +0.99  adv_std 0.416  tR +0.19  ent[s/d/p/e] 1.40/2.23/1.19/0.47  emits 2.44  spf 28.6  z0 0.03  garr 73.9  tG 759  e2 0.48  nF 30.8  pS 0.35  ptS 0.34  fLog 0.39  pdΔ -0.1504  pkR 20.04  clip 0.40  kl +0.032 WRr 0.81 WRf 0.72
upd  250  steps 8224768  sps 5977  opp rand  loss -0.005  pg -0.0088  v 0.078  ev +0.99  adv_std 0.432  tR +0.58  ent[s/d/p/e] 1.60/2.07/1.13/0.50  emits 2.53  spf 36.6  z0 0.01  garr 93.7  tG 1044  e2 0.49  nF 28.0  pS 0.44  ptS 0.42  fLog 0.45  pdΔ -0.0618  pkR 5.65  clip 0.41  kl +0.034
upd  251  steps 8257536  sps 5978  opp frzn  loss -0.004  pg -0.0067  v 0.073  ev +0.99  adv_std 0.420  tR +0.53  ent[s/d/p/e] 1.53/2.10/1.16/0.47  emits 2.51  spf 39.2  z0 0.02  garr 91.8  tG 1036  e2 0.47  nF 27.2  pS 0.39  ptS 0.38  fLog 0.44  pdΔ -0.1107  pkR 7.53  clip 0.40  kl +0.036
upd  252  steps 8290304  sps 5981  opp rand  loss -0.006  pg -0.0108  v 0.081  ev +0.99  adv_std 0.442  tR +0.45  ent[s/d/p/e] 1.58/2.14/1.15/0.47  emits 2.59  spf 37.7  z0 0.02  garr 92.8  tG 1012  e2 0.48  nF 30.3  pS 0.41  ptS 0.39  fLog 0.44  pdΔ -0.0916  pkR 7.65  clip 0.40  kl +0.032
upd  253  steps 8323072  sps 5983  opp rand  loss -0.003  pg -0.0083  v 0.084  ev +0.99  adv_std 0.447  tR +0.72  ent[s/d/p/e] 1.51/2.17/1.19/0.46  emits 2.59  spf 35.3  z0 0.01  garr 87.3  tG 943  e2 0.50  nF 30.1  pS 0.39  ptS 0.38  fLog 0.43  pdΔ -0.1072  pkR 9.74  clip 0.40  kl +0.034
upd  254  steps 8355840  sps 5986  opp rand  loss -0.004  pg -0.0089  v 0.081  ev +0.99  adv_std 0.437  tR +0.61  ent[s/d/p/e] 1.53/2.15/1.17/0.45  emits 2.70  spf 36.4  z0 0.02  garr 92.4  tG 1044  e2 0.51  nF 30.3  pS 0.41  ptS 0.40  fLog 0.44  pdΔ -0.0884  pkR 6.82  clip 0.40  kl +0.034
upd  255  steps 8388608  sps 5987  opp frzn  loss -0.004  pg -0.0070  v 0.073  ev +0.99  adv_std 0.420  tR +0.59  ent[s/d/p/e] 1.42/2.24/1.19/0.46  emits 2.55  spf 29.1  z0 0.02  garr 75.4  tG 788  e2 0.48  nF 32.2  pS 0.34  ptS 0.33  fLog 0.38  pdΔ -0.1620  pkR 10.67  clip 0.41  kl +0.036
upd  256  steps 8421376  sps 5988  opp frzn  loss -0.006  pg -0.0101  v 0.076  ev +0.99  adv_std 0.426  tR +0.03  ent[s/d/p/e] 1.35/2.22/1.18/0.49  emits 2.43  spf 27.5  z0 0.04  garr 79.6  tG 804  e2 0.47  nF 29.7  pS 0.33  ptS 0.32  fLog 0.38  pdΔ -0.1675  pkR 9.66  clip 0.40  kl +0.033
upd  257  steps 8454144  sps 5989  opp frzn  loss -0.006  pg -0.0088  v 0.072  ev +0.99  adv_std 0.416  tR +0.27  ent[s/d/p/e] 1.44/2.18/1.12/0.50  emits 2.46  spf 30.0  z0 0.03  garr 89.5  tG 883  e2 0.49  nF 29.7  pS 0.35  ptS 0.34  fLog 0.40  pdΔ -0.1515  pkR 9.80  clip 0.41  kl +0.033
upd  258  steps 8486912  sps 5990  opp frzn  loss -0.007  pg -0.0094  v 0.070  ev +0.99  adv_std 0.411  tR +0.09  ent[s/d/p/e] 1.36/2.20/1.13/0.49  emits 2.45  spf 26.3  z0 0.03  garr 86.7  tG 786  e2 0.49  nF 30.3  pS 0.33  ptS 0.31  fLog 0.38  pdΔ -0.1719  pkR 7.19  clip 0.40  kl +0.033
upd  259  steps 8519680  sps 5991  opp frzn  loss -0.005  pg -0.0091  v 0.078  ev +0.99  adv_std 0.432  tR +0.23  ent[s/d/p/e] 1.37/2.21/1.16/0.47  emits 2.53  spf 43.0  z0 0.03  garr 96.8  tG 966  e2 0.49  nF 30.7  pS 0.34  ptS 0.33  fLog 0.41  pdΔ -0.1625  pkR 12.37  clip 0.40  kl +0.034
upd  260  steps 8552448  sps 5993  opp rand  loss -0.001  pg -0.0086  v 0.093  ev +0.99  adv_std 0.469  tR +0.18  ent[s/d/p/e] 1.43/2.13/1.14/0.49  emits 2.37  spf 37.9  z0 0.04  garr 92.1  tG 926  e2 0.46  nF 29.2  pS 0.35  ptS 0.34  fLog 0.42  pdΔ -0.1461  pkR 11.08  clip 0.41  kl +0.037
upd  261  steps 8585216  sps 5996  opp rand  loss -0.006  pg -0.0092  v 0.076  ev +0.99  adv_std 0.425  tR +0.59  ent[s/d/p/e] 1.64/2.07/1.12/0.48  emits 2.55  spf 38.3  z0 0.02  garr 99.2  tG 1156  e2 0.49  nF 29.1  pS 0.44  ptS 0.43  fLog 0.45  pdΔ -0.0630  pkR 7.27  clip 0.41  kl +0.034
upd  262  steps 8617984  sps 5998  opp rand  loss -0.004  pg -0.0099  v 0.088  ev +0.99  adv_std 0.458  tR +0.81  ent[s/d/p/e] 1.66/2.05/1.14/0.46  emits 2.64  spf 40.4  z0 0.01  garr 96.2  tG 1171  e2 0.49  nF 28.2  pS 0.44  ptS 0.43  fLog 0.46  pdΔ -0.0554  pkR 8.60  clip 0.39  kl +0.028
upd  263  steps 8650752  sps 5999  opp frzn  loss -0.005  pg -0.0086  v 0.075  ev +0.99  adv_std 0.428  tR +0.59  ent[s/d/p/e] 1.51/2.04/1.13/0.50  emits 2.50  spf 35.1  z0 0.01  garr 94.7  tG 1027  e2 0.50  nF 27.7  pS 0.40  ptS 0.39  fLog 0.44  pdΔ -0.0970  pkR 9.86  clip 0.41  kl +0.033
upd  264  steps 8683520  sps 6000  opp frzn  loss -0.005  pg -0.0089  v 0.074  ev +0.99  adv_std 0.422  tR +0.34  ent[s/d/p/e] 1.41/2.09/1.08/0.50  emits 2.43  spf 30.4  z0 0.02  garr 88.0  tG 845  e2 0.48  nF 28.7  pS 0.35  ptS 0.33  fLog 0.40  pdΔ -0.1545  pkR 12.24  clip 0.40  kl +0.035
upd  265  steps 8716288  sps 6002  opp rand  loss -0.002  pg -0.0070  v 0.083  ev +0.98  adv_std 0.440  tR +0.58  ent[s/d/p/e] 1.58/2.09/1.08/0.49  emits 2.58  spf 33.2  z0 0.02  garr 86.3  tG 934  e2 0.49  nF 30.6  pS 0.39  ptS 0.39  fLog 0.42  pdΔ -0.1071  pkR 12.69  clip 0.41  kl +0.033
upd  266  steps 8749056  sps 6003  opp frzn  loss -0.007  pg -0.0109  v 0.077  ev +0.99  adv_std 0.438  tR +0.43  ent[s/d/p/e] 1.48/2.02/1.13/0.50  emits 2.51  spf 40.9  z0 0.01  garr 95.3  tG 1045  e2 0.50  nF 28.8  pS 0.39  ptS 0.38  fLog 0.44  pdΔ -0.1094  pkR 10.99  clip 0.42  kl +0.036
upd  267  steps 8781824  sps 6004  opp frzn  loss -0.004  pg -0.0091  v 0.080  ev +0.99  adv_std 0.434  tR +0.38  ent[s/d/p/e] 1.46/2.01/1.11/0.49  emits 2.64  spf 43.6  z0 0.02  garr 103.4  tG 1099  e2 0.53  nF 28.6  pS 0.37  ptS 0.36  fLog 0.45  pdΔ -0.1278  pkR 12.04  clip 0.39  kl +0.032
upd  268  steps 8814592  sps 6006  opp rand  loss -0.005  pg -0.0102  v 0.081  ev +0.99  adv_std 0.439  tR +0.19  ent[s/d/p/e] 1.40/1.97/1.12/0.49  emits 2.39  spf 37.3  z0 0.02  garr 94.4  tG 962  e2 0.46  nF 27.6  pS 0.37  ptS 0.35  fLog 0.43  pdΔ -0.1342  pkR 7.30  clip 0.39  kl +0.031
upd  269  steps 8847360  sps 6007  opp frzn  loss -0.001  pg -0.0065  v 0.083  ev +0.99  adv_std 0.445  tR +0.56  ent[s/d/p/e] 1.53/1.99/1.11/0.49  emits 2.66  spf 37.3  z0 0.02  garr 97.0  tG 1121  e2 0.52  nF 29.4  pS 0.40  ptS 0.39  fLog 0.44  pdΔ -0.0962  pkR 7.50  clip 0.41  kl +0.038
upd  270  steps 8880128  sps 6008  opp frzn  loss -0.001  pg -0.0059  v 0.078  ev +0.99  adv_std 0.431  tR +0.18  ent[s/d/p/e] 1.35/1.97/1.12/0.50  emits 2.42  spf 36.7  z0 0.04  garr 87.1  tG 865  e2 0.48  nF 28.1  pS 0.33  ptS 0.33  fLog 0.42  pdΔ -0.1656  pkR 8.92  clip 0.41  kl +0.040
upd  271  steps 8912896  sps 6009  opp frzn  loss -0.001  pg -0.0056  v 0.078  ev +0.99  adv_std 0.433  tR +0.36  ent[s/d/p/e] 1.39/1.99/1.08/0.51  emits 2.51  spf 33.8  z0 0.02  garr 91.1  tG 859  e2 0.50  nF 28.1  pS 0.34  ptS 0.33  fLog 0.42  pdΔ -0.1649  pkR 7.89  clip 0.41  kl +0.038
upd  272  steps 8945664  sps 6011  opp rand  loss -0.005  pg -0.0098  v 0.082  ev +0.99  adv_std 0.439  tR +0.42  ent[s/d/p/e] 1.49/2.00/1.06/0.49  emits 2.55  spf 32.3  z0 0.02  garr 86.6  tG 888  e2 0.49  nF 30.2  pS 0.37  ptS 0.35  fLog 0.42  pdΔ -0.1324  pkR 11.46  clip 0.40  kl +0.031
upd  273  steps 8978432  sps 6012  opp frzn  loss -0.006  pg -0.0106  v 0.080  ev +0.99  adv_std 0.440  tR +0.51  ent[s/d/p/e] 1.51/1.99/1.10/0.49  emits 2.64  spf 31.0  z0 0.02  garr 89.2  tG 899  e2 0.51  nF 30.0  pS 0.38  ptS 0.36  fLog 0.43  pdΔ -0.1249  pkR 8.05  clip 0.41  kl +0.035
upd  274  steps 9011200  sps 6013  opp frzn  loss -0.003  pg -0.0082  v 0.081  ev +0.99  adv_std 0.438  tR +0.29  ent[s/d/p/e] 1.45/1.98/1.06/0.50  emits 2.60  spf 33.9  z0 0.03  garr 93.7  tG 893  e2 0.51  nF 30.2  pS 0.35  ptS 0.34  fLog 0.42  pdΔ -0.1501  pkR 9.57  clip 0.41  kl +0.034
upd  275  steps 9043968  sps 6015  opp rand  loss -0.004  pg -0.0101  v 0.085  ev +0.99  adv_std 0.449  tR +0.41  ent[s/d/p/e] 1.51/1.98/1.05/0.48  emits 2.53  spf 32.2  z0 0.02  garr 88.0  tG 857  e2 0.48  nF 29.3  pS 0.37  ptS 0.35  fLog 0.43  pdΔ -0.1317  pkR 6.72  clip 0.40  kl +0.033
upd  276  steps 9076736  sps 6017  opp rand  loss -0.001  pg -0.0083  v 0.092  ev +0.99  adv_std 0.465  tR +0.57  ent[s/d/p/e] 1.61/1.90/1.08/0.47  emits 2.67  spf 42.0  z0 0.01  garr 95.1  tG 1091  e2 0.50  nF 29.3  pS 0.43  ptS 0.42  fLog 0.47  pdΔ -0.0687  pkR 6.49  clip 0.39  kl +0.034
upd  277  steps 9109504  sps 6019  opp rand  loss +0.001  pg -0.0078  v 0.100  ev +0.99  adv_std 0.491  tR +0.68  ent[s/d/p/e] 1.57/2.02/1.14/0.43  emits 2.90  spf 39.0  z0 0.01  garr 91.4  tG 1078  e2 0.53  nF 31.7  pS 0.41  ptS 0.40  fLog 0.44  pdΔ -0.0894  pkR 7.35  clip 0.41  kl +0.034
upd  278  steps 9142272  sps 6020  opp frzn  loss +0.001  pg -0.0060  v 0.090  ev +0.99  adv_std 0.460  tR +0.37  ent[s/d/p/e] 1.52/1.97/1.10/0.48  emits 2.60  spf 36.1  z0 0.02  garr 93.3  tG 970  e2 0.50  nF 29.0  pS 0.38  ptS 0.37  fLog 0.43  pdΔ -0.1192  pkR 11.17  clip 0.39  kl +0.033
upd  279  steps 9175040  sps 6022  opp rand  loss -0.007  pg -0.0109  v 0.077  ev +0.99  adv_std 0.430  tR +0.49  ent[s/d/p/e] 1.52/1.96/1.09/0.46  emits 2.70  spf 29.7  z0 0.01  garr 88.0  tG 927  e2 0.52  nF 30.5  pS 0.39  ptS 0.38  fLog 0.43  pdΔ -0.1067  pkR 4.87  clip 0.40  kl +0.032
upd  280  steps 9207808  sps 6024  opp rand  loss -0.004  pg -0.0085  v 0.078  ev +0.99  adv_std 0.432  tR +0.60  ent[s/d/p/e] 1.62/1.94/1.10/0.46  emits 2.69  spf 32.5  z0 0.02  garr 88.7  tG 946  e2 0.51  nF 30.3  pS 0.40  ptS 0.39  fLog 0.44  pdΔ -0.0961  pkR 6.75  clip 0.40  kl +0.033
upd  281  steps 9240576  sps 6026  opp rand  loss +0.000  pg -0.0082  v 0.098  ev +0.99  adv_std 0.483  tR +0.71  ent[s/d/p/e] 1.49/1.93/1.11/0.46  emits 2.74  spf 37.0  z0 0.01  garr 90.2  tG 925  e2 0.51  nF 29.7  pS 0.38  ptS 0.36  fLog 0.44  pdΔ -0.1204  pkR 7.90  clip 0.40  kl +0.035
upd  282  steps 9273344  sps 6028  opp rand  loss -0.001  pg -0.0076  v 0.087  ev +0.99  adv_std 0.447  tR +0.77  ent[s/d/p/e] 1.55/1.94/1.07/0.45  emits 2.76  spf 38.7  z0 0.01  garr 94.9  tG 1003  e2 0.51  nF 31.7  pS 0.40  ptS 0.38  fLog 0.44  pdΔ -0.1047  pkR 8.40  clip 0.39  kl +0.033
upd  283  steps 9306112  sps 6030  opp rand  loss +0.001  pg -0.0076  v 0.101  ev +0.99  adv_std 0.483  tR +0.69  ent[s/d/p/e] 1.56/1.94/1.09/0.44  emits 2.78  spf 43.8  z0 0.02  garr 100.7  tG 1049  e2 0.52  nF 30.3  pS 0.41  ptS 0.39  fLog 0.45  pdΔ -0.0918  pkR 9.17  clip 0.40  kl +0.034
upd  284  steps 9338880  sps 6031  opp frzn  loss +0.001  pg -0.0073  v 0.099  ev +0.99  adv_std 0.487  tR +0.56  ent[s/d/p/e] 1.56/1.89/1.11/0.46  emits 2.97  spf 42.7  z0 0.01  garr 105.2  tG 1217  e2 0.57  nF 30.2  pS 0.45  ptS 0.43  fLog 0.46  pdΔ -0.0531  pkR 7.21  clip 0.42  kl +0.038
upd  285  steps 9371648  sps 6033  opp rand  loss -0.000  pg -0.0078  v 0.094  ev +0.99  adv_std 0.472  tR +0.67  ent[s/d/p/e] 1.53/2.01/1.14/0.43  emits 2.94  spf 36.9  z0 0.01  garr 92.7  tG 1066  e2 0.55  nF 33.6  pS 0.40  ptS 0.39  fLog 0.43  pdΔ -0.0958  pkR 9.13  clip 0.41  kl +0.036
upd  286  steps 9404416  sps 6034  opp rand  loss -0.001  pg -0.0067  v 0.086  ev +0.99  adv_std 0.451  tR +0.53  ent[s/d/p/e] 1.61/1.97/1.07/0.44  emits 2.87  spf 38.3  z0 0.01  garr 94.4  tG 1038  e2 0.53  nF 32.1  pS 0.42  ptS 0.41  fLog 0.44  pdΔ -0.0784  pkR 9.00  clip 0.40  kl +0.035
upd  287  steps 9437184  sps 6035  opp frzn  loss -0.003  pg -0.0094  v 0.089  ev +0.99  adv_std 0.465  tR +0.58  ent[s/d/p/e] 1.51/1.94/1.11/0.45  emits 2.83  spf 42.3  z0 0.02  garr 98.2  tG 1072  e2 0.54  nF 31.8  pS 0.39  ptS 0.38  fLog 0.44  pdΔ -0.1072  pkR 10.80  clip 0.41  kl +0.034
upd  288  steps 9469952  sps 6037  opp rand  loss -0.002  pg -0.0092  v 0.094  ev +0.99  adv_std 0.469  tR +0.38  ent[s/d/p/e] 1.49/1.99/1.09/0.45  emits 2.82  spf 38.4  z0 0.02  garr 97.6  tG 975  e2 0.53  nF 31.2  pS 0.38  ptS 0.37  fLog 0.43  pdΔ -0.1248  pkR 9.28  clip 0.40  kl +0.036
upd  289  steps 9502720  sps 6038  opp frzn  loss +0.001  pg -0.0092  v 0.104  ev +0.99  adv_std 0.503  tR +0.52  ent[s/d/p/e] 1.45/1.91/1.09/0.46  emits 2.85  spf 45.3  z0 0.01  garr 104.4  tG 1039  e2 0.55  nF 31.0  pS 0.38  ptS 0.37  fLog 0.44  pdΔ -0.1162  pkR 6.17  clip 0.41  kl +0.036
upd  290  steps 9535488  sps 6039  opp frzn  loss +0.000  pg -0.0094  v 0.102  ev +0.99  adv_std 0.493  tR +0.51  ent[s/d/p/e] 1.47/1.98/1.08/0.45  emits 2.89  spf 31.7  z0 0.02  garr 87.6  tG 868  e2 0.56  nF 32.2  pS 0.37  ptS 0.35  fLog 0.42  pdΔ -0.1347  pkR 6.93  clip 0.41  kl +0.038
upd  291  steps 9568256  sps 6039  opp frzn  loss -0.000  pg -0.0079  v 0.094  ev +0.99  adv_std 0.477  tR +0.29  ent[s/d/p/e] 1.45/1.92/1.10/0.48  emits 2.72  spf 36.9  z0 0.02  garr 94.1  tG 924  e2 0.53  nF 30.7  pS 0.37  ptS 0.35  fLog 0.43  pdΔ -0.1306  pkR 11.05  clip 0.41  kl +0.038
upd  292  steps 9601024  sps 6040  opp frzn  loss -0.005  pg -0.0115  v 0.087  ev +0.99  adv_std 0.455  tR +0.12  ent[s/d/p/e] 1.40/2.02/1.11/0.46  emits 2.73  spf 27.6  z0 0.03  garr 74.8  tG 719  e2 0.53  nF 33.4  pS 0.33  ptS 0.32  fLog 0.39  pdΔ -0.1677  pkR 10.81  clip 0.40  kl +0.035
upd  293  steps 9633792  sps 6042  opp rand  loss -0.003  pg -0.0104  v 0.091  ev +0.99  adv_std 0.465  tR +0.51  ent[s/d/p/e] 1.60/2.00/1.04/0.45  emits 2.90  spf 29.4  z0 0.01  garr 89.0  tG 942  e2 0.54  nF 33.9  pS 0.40  ptS 0.40  fLog 0.42  pdΔ -0.0951  pkR 7.14  clip 0.40  kl +0.033
upd  294  steps 9666560  sps 6043  opp frzn  loss -0.001  pg -0.0107  v 0.100  ev +0.99  adv_std 0.489  tR +0.53  ent[s/d/p/e] 1.40/1.91/1.11/0.45  emits 2.76  spf 42.2  z0 0.02  garr 97.7  tG 961  e2 0.53  nF 29.7  pS 0.35  ptS 0.34  fLog 0.44  pdΔ -0.1462  pkR 10.77  clip 0.41  kl +0.036
upd  295  steps 9699328  sps 6044  opp frzn  loss +0.003  pg -0.0067  v 0.103  ev +0.99  adv_std 0.495  tR +0.32  ent[s/d/p/e] 1.46/1.85/1.04/0.48  emits 2.83  spf 42.3  z0 0.03  garr 110.7  tG 1060  e2 0.55  nF 29.5  pS 0.37  ptS 0.36  fLog 0.46  pdΔ -0.1262  pkR 8.49  clip 0.41  kl +0.037
upd  296  steps 9732096  sps 6044  opp frzn  loss +0.003  pg -0.0069  v 0.104  ev +0.99  adv_std 0.496  tR +0.37  ent[s/d/p/e] 1.39/1.94/1.10/0.45  emits 2.86  spf 40.8  z0 0.03  garr 91.3  tG 926  e2 0.55  nF 31.9  pS 0.36  ptS 0.35  fLog 0.42  pdΔ -0.1410  pkR 9.03  clip 0.42  kl +0.039
upd  297  steps 9764864  sps 6045  opp frzn  loss +0.000  pg -0.0088  v 0.101  ev +0.99  adv_std 0.494  tR +0.37  ent[s/d/p/e] 1.54/1.92/1.08/0.44  emits 2.90  spf 43.5  z0 0.03  garr 100.3  tG 1043  e2 0.54  nF 30.4  pS 0.40  ptS 0.38  fLog 0.45  pdΔ -0.1006  pkR 10.61  clip 0.41  kl +0.037
upd  298  steps 9797632  sps 6047  opp rand  loss -0.001  pg -0.0087  v 0.094  ev +0.99  adv_std 0.467  tR +0.35  ent[s/d/p/e] 1.52/1.89/1.04/0.46  emits 2.85  spf 35.3  z0 0.02  garr 98.6  tG 1025  e2 0.56  nF 30.6  pS 0.41  ptS 0.39  fLog 0.44  pdΔ -0.0947  pkR 8.16  clip 0.41  kl +0.036
upd  299  steps 9830400  sps 6049  opp rand  loss -0.000  pg -0.0081  v 0.094  ev +0.99  adv_std 0.468  tR +0.61  ent[s/d/p/e] 1.53/1.88/1.06/0.40  emits 2.96  spf 41.7  z0 0.01  garr 101.0  tG 1067  e2 0.55  nF 30.1  pS 0.39  ptS 0.38  fLog 0.45  pdΔ -0.1053  pkR 6.35  clip 0.39  kl +0.033 WRr 0.69 WRf 0.81
upd  300  steps 9863168  sps 6012  opp rand  loss +0.001  pg -0.0097  v 0.108  ev +0.99  adv_std 0.500  tR +0.76  ent[s/d/p/e] 1.54/1.85/1.07/0.44  emits 2.92  spf 43.1  z0 0.01  garr 106.9  tG 1092  e2 0.55  nF 29.6  pS 0.42  ptS 0.40  fLog 0.46  pdΔ -0.0818  pkR 7.09  clip 0.38  kl +0.031
upd  301  steps 9895936  sps 6013  opp frzn  loss +0.001  pg -0.0078  v 0.101  ev +0.99  adv_std 0.490  tR +0.72  ent[s/d/p/e] 1.49/1.97/1.12/0.42  emits 3.01  spf 34.1  z0 0.01  garr 90.2  tG 984  e2 0.57  nF 33.5  pS 0.39  ptS 0.38  fLog 0.42  pdΔ -0.1088  pkR 9.15  clip 0.42  kl +0.040
upd  302  steps 9928704  sps 6015  opp rand  loss +0.002  pg -0.0066  v 0.096  ev +0.99  adv_std 0.478  tR +0.40  ent[s/d/p/e] 1.51/1.89/1.02/0.44  emits 2.95  spf 36.6  z0 0.03  garr 94.4  tG 974  e2 0.56  nF 32.4  pS 0.38  ptS 0.38  fLog 0.43  pdΔ -0.1153  pkR 8.76  clip 0.40  kl +0.036
upd  303  steps 9961472  sps 6015  opp frzn  loss +0.004  pg -0.0078  v 0.116  ev +0.99  adv_std 0.525  tR +0.55  ent[s/d/p/e] 1.43/1.90/1.09/0.44  emits 2.97  spf 45.1  z0 0.01  garr 99.7  tG 1049  e2 0.56  nF 32.4  pS 0.37  ptS 0.36  fLog 0.44  pdΔ -0.1282  pkR 9.52  clip 0.42  kl +0.040
upd  304  steps 9994240  sps 6017  opp rand  loss +0.001  pg -0.0090  v 0.102  ev +0.99  adv_std 0.491  tR +0.37  ent[s/d/p/e] 1.42/1.95/1.09/0.41  emits 3.04  spf 38.9  z0 0.02  garr 88.6  tG 885  e2 0.57  nF 35.2  pS 0.36  ptS 0.35  fLog 0.41  pdΔ -0.1407  pkR 12.23  clip 0.41  kl +0.036
upd  305  steps 10027008  sps 6018  opp frzn  loss +0.001  pg -0.0076  v 0.099  ev +0.99  adv_std 0.491  tR +0.35  ent[s/d/p/e] 1.40/1.92/1.12/0.45  emits 2.79  spf 33.1  z0 0.02  garr 85.8  tG 803  e2 0.53  nF 32.1  pS 0.34  ptS 0.33  fLog 0.41  pdΔ -0.1561  pkR 8.44  clip 0.42  kl +0.039
upd  306  steps 10059776  sps 6019  opp frzn  loss +0.004  pg -0.0070  v 0.110  ev +0.99  adv_std 0.508  tR -0.01  ent[s/d/p/e] 1.45/1.91/1.06/0.45  emits 3.01  spf 39.4  z0 0.02  garr 104.3  tG 970  e2 0.58  nF 33.7  pS 0.37  ptS 0.36  fLog 0.43  pdΔ -0.1301  pkR 7.28  clip 0.41  kl +0.037
upd  307  steps 10092544  sps 6021  opp rand  loss +0.003  pg -0.0109  v 0.121  ev +0.99  adv_std 0.531  tR +0.46  ent[s/d/p/e] 1.46/1.87/1.00/0.42  emits 2.98  spf 45.0  z0 0.02  garr 97.9  tG 964  e2 0.55  nF 32.1  pS 0.37  ptS 0.35  fLog 0.44  pdΔ -0.1345  pkR 12.64  clip 0.39  kl +0.033
upd  308  steps 10125312  sps 6023  opp rand  loss +0.011  pg -0.0063  v 0.140  ev +0.99  adv_std 0.572  tR +0.32  ent[s/d/p/e] 1.52/1.80/1.02/0.41  emits 3.04  spf 56.8  z0 0.02  garr 112.2  tG 1075  e2 0.55  nF 29.8  pS 0.39  ptS 0.38  fLog 0.47  pdΔ -0.1068  pkR 7.95  clip 0.40  kl +0.036
upd  309  steps 10158080  sps 6024  opp rand  loss +0.005  pg -0.0089  v 0.123  ev +0.99  adv_std 0.538  tR +0.65  ent[s/d/p/e] 1.54/1.74/1.03/0.41  emits 3.05  spf 62.1  z0 0.01  garr 119.5  tG 1215  e2 0.55  nF 28.1  pS 0.41  ptS 0.40  fLog 0.50  pdΔ -0.0875  pkR 6.92  clip 0.39  kl +0.034
upd  310  steps 10190848  sps 6025  opp frzn  loss +0.009  pg -0.0071  v 0.133  ev +0.99  adv_std 0.561  tR +0.66  ent[s/d/p/e] 1.47/1.87/1.07/0.42  emits 3.22  spf 53.9  z0 0.01  garr 115.9  tG 1156  e2 0.59  nF 33.2  pS 0.39  ptS 0.37  fLog 0.47  pdΔ -0.1136  pkR 9.62  clip 0.42  kl +0.041
upd  311  steps 10223616  sps 6027  opp rand  loss +0.002  pg -0.0092  v 0.108  ev +0.99  adv_std 0.503  tR +0.42  ent[s/d/p/e] 1.43/1.98/1.03/0.42  emits 3.02  spf 37.1  z0 0.02  garr 86.3  tG 838  e2 0.57  nF 35.2  pS 0.34  ptS 0.33  fLog 0.42  pdΔ -0.1593  pkR 12.92  clip 0.41  kl +0.038
upd  312  steps 10256384  sps 6029  opp rand  loss +0.006  pg -0.0080  v 0.126  ev +0.99  adv_std 0.547  tR +0.32  ent[s/d/p/e] 1.54/1.95/1.03/0.42  emits 3.01  spf 34.8  z0 0.01  garr 83.2  tG 864  e2 0.56  nF 35.2  pS 0.39  ptS 0.38  fLog 0.43  pdΔ -0.1069  pkR 9.48  clip 0.40  kl +0.034
upd  313  steps 10289152  sps 6030  opp frzn  loss +0.005  pg -0.0094  v 0.125  ev +0.99  adv_std 0.544  tR +0.59  ent[s/d/p/e] 1.47/2.00/1.10/0.39  emits 3.25  spf 44.3  z0 0.01  garr 94.2  tG 977  e2 0.59  nF 34.8  pS 0.37  ptS 0.37  fLog 0.43  pdΔ -0.1257  pkR 10.78  clip 0.41  kl +0.037
upd  314  steps 10321920  sps 6030  opp frzn  loss +0.007  pg -0.0070  v 0.124  ev +0.99  adv_std 0.542  tR +0.16  ent[s/d/p/e] 1.32/1.92/1.06/0.45  emits 2.95  spf 44.5  z0 0.03  garr 100.9  tG 846  e2 0.56  nF 32.9  pS 0.33  ptS 0.31  fLog 0.42  pdΔ -0.1747  pkR 10.39  clip 0.41  kl +0.037
upd  315  steps 10354688  sps 6032  opp rand  loss +0.005  pg -0.0079  v 0.117  ev +0.99  adv_std 0.521  tR +0.12  ent[s/d/p/e] 1.35/1.90/1.07/0.42  emits 2.87  spf 41.4  z0 0.02  garr 95.7  tG 824  e2 0.54  nF 30.6  pS 0.32  ptS 0.32  fLog 0.43  pdΔ -0.1752  pkR 7.70  clip 0.39  kl +0.033
upd  316  steps 10387456  sps 6034  opp rand  loss +0.009  pg -0.0075  v 0.134  ev +0.99  adv_std 0.562  tR +0.38  ent[s/d/p/e] 1.52/1.86/1.03/0.40  emits 3.06  spf 49.7  z0 0.02  garr 105.6  tG 1084  e2 0.55  nF 31.5  pS 0.39  ptS 0.38  fLog 0.46  pdΔ -0.1067  pkR 8.63  clip 0.41  kl +0.038
upd  317  steps 10420224  sps 6035  opp frzn  loss +0.009  pg -0.0071  v 0.132  ev +0.99  adv_std 0.560  tR +0.53  ent[s/d/p/e] 1.43/1.90/1.08/0.40  emits 3.13  spf 42.1  z0 0.02  garr 97.4  tG 929  e2 0.57  nF 35.0  pS 0.36  ptS 0.35  fLog 0.44  pdΔ -0.1360  pkR 7.68  clip 0.42  kl +0.040
upd  318  steps 10452992  sps 6035  opp frzn  loss +0.007  pg -0.0072  v 0.122  ev +0.99  adv_std 0.540  tR +0.11  ent[s/d/p/e] 1.40/1.83/1.05/0.44  emits 2.96  spf 44.7  z0 0.03  garr 100.4  tG 886  e2 0.55  nF 31.7  pS 0.34  ptS 0.33  fLog 0.45  pdΔ -0.1596  pkR 7.49  clip 0.40  kl +0.040
upd  319  steps 10485760  sps 6037  opp rand  loss +0.011  pg -0.0070  v 0.139  ev +0.99  adv_std 0.569  tR +0.33  ent[s/d/p/e] 1.40/1.82/1.02/0.43  emits 3.10  spf 48.5  z0 0.01  garr 112.1  tG 982  e2 0.58  nF 31.4  pS 0.38  ptS 0.36  fLog 0.45  pdΔ -0.1249  pkR 6.23  clip 0.41  kl +0.039
upd  320  steps 10518528  sps 6038  opp frzn  loss +0.008  pg -0.0092  v 0.139  ev +0.99  adv_std 0.574  tR +0.41  ent[s/d/p/e] 1.42/1.83/1.03/0.41  emits 3.19  spf 50.0  z0 0.02  garr 110.8  tG 1029  e2 0.59  nF 30.4  pS 0.37  ptS 0.35  fLog 0.46  pdΔ -0.1290  pkR 7.07  clip 0.41  kl +0.038
upd  321  steps 10551296  sps 6040  opp rand  loss +0.010  pg -0.0067  v 0.134  ev +0.99  adv_std 0.557  tR +0.19  ent[s/d/p/e] 1.33/1.81/1.07/0.42  emits 3.01  spf 50.7  z0 0.02  garr 104.8  tG 932  e2 0.56  nF 31.1  pS 0.34  ptS 0.33  fLog 0.45  pdΔ -0.1556  pkR 8.55  clip 0.40  kl +0.040
upd  322  steps 10584064  sps 6040  opp frzn  loss +0.008  pg -0.0078  v 0.130  ev +0.99  adv_std 0.551  tR +0.41  ent[s/d/p/e] 1.47/1.84/1.06/0.41  emits 3.18  spf 59.1  z0 0.01  garr 116.4  tG 1148  e2 0.58  nF 31.9  pS 0.38  ptS 0.37  fLog 0.47  pdΔ -0.1169  pkR 9.70  clip 0.40  kl +0.037
upd  323  steps 10616832  sps 6041  opp frzn  loss +0.011  pg -0.0056  v 0.135  ev +0.98  adv_std 0.560  tR +0.29  ent[s/d/p/e] 1.40/1.90/1.04/0.45  emits 2.87  spf 39.6  z0 0.01  garr 96.5  tG 833  e2 0.55  nF 31.3  pS 0.34  ptS 0.33  fLog 0.43  pdΔ -0.1581  pkR 9.55  clip 0.42  kl +0.042
upd  324  steps 10649600  sps 6042  opp frzn  loss +0.005  pg -0.0086  v 0.122  ev +0.99  adv_std 0.535  tR -0.05  ent[s/d/p/e] 1.32/1.83/1.04/0.47  emits 2.80  spf 48.2  z0 0.02  garr 108.5  tG 878  e2 0.55  nF 28.8  pS 0.32  ptS 0.31  fLog 0.45  pdΔ -0.1774  pkR 8.90  clip 0.39  kl +0.035
upd  325  steps 10682368  sps 6043  opp frzn  loss +0.007  pg -0.0088  v 0.129  ev +0.99  adv_std 0.551  tR +0.03  ent[s/d/p/e] 1.34/1.87/1.04/0.45  emits 2.85  spf 47.8  z0 0.02  garr 103.8  tG 851  e2 0.54  nF 30.5  pS 0.32  ptS 0.31  fLog 0.44  pdΔ -0.1830  pkR 12.18  clip 0.40  kl +0.034
upd  326  steps 10715136  sps 6043  opp frzn  loss +0.008  pg -0.0079  v 0.130  ev +0.99  adv_std 0.550  tR +0.01  ent[s/d/p/e] 1.33/1.80/1.06/0.46  emits 2.86  spf 47.2  z0 0.01  garr 108.4  tG 843  e2 0.56  nF 30.6  pS 0.33  ptS 0.31  fLog 0.45  pdΔ -0.1745  pkR 9.29  clip 0.41  kl +0.040
upd  327  steps 10747904  sps 6044  opp frzn  loss +0.006  pg -0.0104  v 0.136  ev +0.98  adv_std 0.564  tR +0.51  ent[s/d/p/e] 1.43/1.85/1.00/0.44  emits 2.98  spf 43.5  z0 0.01  garr 103.0  tG 869  e2 0.56  nF 31.7  pS 0.36  ptS 0.34  fLog 0.44  pdΔ -0.1416  pkR 6.96  clip 0.39  kl +0.036
upd  328  steps 10780672  sps 6046  opp rand  loss +0.005  pg -0.0101  v 0.130  ev +0.99  adv_std 0.552  tR +0.48  ent[s/d/p/e] 1.53/1.76/0.99/0.43  emits 2.99  spf 44.9  z0 0.02  garr 107.8  tG 1065  e2 0.56  nF 31.0  pS 0.40  ptS 0.39  fLog 0.47  pdΔ -0.0960  pkR 6.21  clip 0.39  kl +0.034
upd  329  steps 10813440  sps 6047  opp rand  loss +0.012  pg -0.0065  v 0.146  ev +0.98  adv_std 0.586  tR +0.82  ent[s/d/p/e] 1.57/1.74/1.02/0.40  emits 3.23  spf 46.2  z0 0.01  garr 106.7  tG 1143  e2 0.59  nF 33.2  pS 0.44  ptS 0.42  fLog 0.48  pdΔ -0.0645  pkR 5.66  clip 0.41  kl +0.040
upd  330  steps 10846208  sps 6048  opp frzn  loss +0.009  pg -0.0081  v 0.137  ev +0.98  adv_std 0.563  tR +0.58  ent[s/d/p/e] 1.46/1.72/1.07/0.42  emits 2.95  spf 45.9  z0 0.02  garr 103.9  tG 968  e2 0.54  nF 31.3  pS 0.38  ptS 0.36  fLog 0.46  pdΔ -0.1250  pkR 6.04  clip 0.40  kl +0.037
upd  331  steps 10878976  sps 6050  opp rand  loss +0.009  pg -0.0083  v 0.137  ev +0.98  adv_std 0.563  tR +0.30  ent[s/d/p/e] 1.54/1.71/0.96/0.42  emits 3.07  spf 43.2  z0 0.02  garr 111.3  tG 1006  e2 0.56  nF 30.5  pS 0.40  ptS 0.39  fLog 0.47  pdΔ -0.0994  pkR 5.92  clip 0.40  kl +0.038
upd  332  steps 10911744  sps 6051  opp rand  loss +0.012  pg -0.0080  v 0.153  ev +0.98  adv_std 0.600  tR +0.62  ent[s/d/p/e] 1.48/1.63/1.01/0.40  emits 3.07  spf 55.5  z0 0.01  garr 121.9  tG 1123  e2 0.56  nF 27.8  pS 0.40  ptS 0.38  fLog 0.50  pdΔ -0.1032  pkR 7.32  clip 0.39  kl +0.037
upd  333  steps 10944512  sps 6053  opp rand  loss +0.016  pg -0.0074  v 0.168  ev +0.98  adv_std 0.622  tR +0.67  ent[s/d/p/e] 1.55/1.70/1.01/0.38  emits 3.31  spf 52.2  z0 0.02  garr 112.6  tG 1132  e2 0.59  nF 31.3  pS 0.42  ptS 0.40  fLog 0.48  pdΔ -0.0832  pkR 7.26  clip 0.41  kl +0.035
upd  334  steps 10977280  sps 6053  opp frzn  loss +0.012  pg -0.0097  v 0.159  ev +0.99  adv_std 0.611  tR +0.63  ent[s/d/p/e] 1.35/1.53/1.09/0.40  emits 3.07  spf 63.1  z0 0.02  garr 119.9  tG 1118  e2 0.56  nF 27.9  pS 0.38  ptS 0.36  fLog 0.51  pdΔ -0.1247  pkR 6.70  clip 0.39  kl +0.037
upd  335  steps 11010048  sps 6055  opp rand  loss +0.017  pg -0.0059  v 0.165  ev +0.99  adv_std 0.616  tR +0.40  ent[s/d/p/e] 1.38/1.59/1.04/0.39  emits 3.19  spf 66.6  z0 0.03  garr 124.7  tG 1124  e2 0.56  nF 29.4  pS 0.37  ptS 0.36  fLog 0.51  pdΔ -0.1315  pkR 5.94  clip 0.39  kl +0.039
upd  336  steps 11042816  sps 6057  opp rand  loss +0.010  pg -0.0081  v 0.144  ev +0.99  adv_std 0.580  tR +0.62  ent[s/d/p/e] 1.46/1.64/1.00/0.40  emits 3.06  spf 61.6  z0 0.01  garr 123.3  tG 1079  e2 0.55  nF 30.1  pS 0.38  ptS 0.37  fLog 0.49  pdΔ -0.1197  pkR 7.49  clip 0.40  kl +0.037
upd  337  steps 11075584  sps 6057  opp frzn  loss +0.010  pg -0.0085  v 0.145  ev +0.99  adv_std 0.584  tR +0.69  ent[s/d/p/e] 1.42/1.64/1.03/0.39  emits 3.19  spf 68.8  z0 0.01  garr 133.4  tG 1120  e2 0.57  nF 31.1  pS 0.37  ptS 0.36  fLog 0.49  pdΔ -0.1264  pkR 6.27  clip 0.39  kl +0.037
upd  338  steps 11108352  sps 6058  opp frzn  loss +0.011  pg -0.0059  v 0.133  ev +0.99  adv_std 0.560  tR +0.21  ent[s/d/p/e] 1.30/1.56/1.02/0.46  emits 2.79  spf 61.0  z0 0.02  garr 133.2  tG 1006  e2 0.54  nF 26.4  pS 0.33  ptS 0.32  fLog 0.49  pdΔ -0.1698  pkR 9.51  clip 0.40  kl +0.038
upd  339  steps 11141120  sps 6060  opp rand  loss +0.012  pg -0.0113  v 0.164  ev +0.99  adv_std 0.614  tR +0.36  ent[s/d/p/e] 1.35/1.53/0.99/0.40  emits 3.14  spf 75.1  z0 0.01  garr 141.5  tG 1139  e2 0.57  nF 28.9  pS 0.36  ptS 0.34  fLog 0.51  pdΔ -0.1424  pkR 7.75  clip 0.38  kl +0.035
upd  340  steps 11173888  sps 6061  opp rand  loss +0.014  pg -0.0092  v 0.167  ev +0.99  adv_std 0.629  tR +0.57  ent[s/d/p/e] 1.35/1.61/1.04/0.40  emits 3.16  spf 70.0  z0 0.01  garr 131.1  tG 1131  e2 0.58  nF 30.1  pS 0.36  ptS 0.35  fLog 0.49  pdΔ -0.1412  pkR 8.43  clip 0.39  kl +0.038
upd  341  steps 11206656  sps 6062  opp frzn  loss +0.015  pg -0.0076  v 0.161  ev +0.99  adv_std 0.613  tR +0.39  ent[s/d/p/e] 1.36/1.53/1.04/0.41  emits 2.96  spf 76.8  z0 0.02  garr 139.7  tG 1212  e2 0.54  nF 26.8  pS 0.36  ptS 0.35  fLog 0.52  pdΔ -0.1398  pkR 10.25  clip 0.40  kl +0.037
upd  342  steps 11239424  sps 6062  opp frzn  loss +0.012  pg -0.0086  v 0.152  ev +0.99  adv_std 0.598  tR +0.21  ent[s/d/p/e] 1.32/1.56/1.02/0.42  emits 2.95  spf 73.3  z0 0.02  garr 134.9  tG 1139  e2 0.54  nF 27.0  pS 0.35  ptS 0.33  fLog 0.50  pdΔ -0.1500  pkR 9.05  clip 0.39  kl +0.037
upd  343  steps 11272192  sps 6063  opp frzn  loss +0.009  pg -0.0095  v 0.140  ev +0.99  adv_std 0.574  tR +0.15  ent[s/d/p/e] 1.26/1.58/1.03/0.41  emits 2.88  spf 67.8  z0 0.02  garr 127.8  tG 988  e2 0.54  nF 26.5  pS 0.32  ptS 0.31  fLog 0.48  pdΔ -0.1768  pkR 11.76  clip 0.38  kl +0.033
upd  344  steps 11304960  sps 6064  opp frzn  loss +0.011  pg -0.0072  v 0.139  ev +0.99  adv_std 0.570  tR +0.08  ent[s/d/p/e] 1.36/1.53/1.01/0.44  emits 2.91  spf 58.0  z0 0.01  garr 130.8  tG 1085  e2 0.55  nF 26.6  pS 0.36  ptS 0.35  fLog 0.50  pdΔ -0.1444  pkR 7.89  clip 0.39  kl +0.037
upd  345  steps 11337728  sps 6064  opp frzn  loss +0.011  pg -0.0086  v 0.148  ev +0.99  adv_std 0.583  tR +0.32  ent[s/d/p/e] 1.32/1.57/1.01/0.41  emits 3.04  spf 64.0  z0 0.01  garr 130.1  tG 1030  e2 0.55  nF 27.0  pS 0.34  ptS 0.33  fLog 0.49  pdΔ -0.1587  pkR 9.23  clip 0.39  kl +0.037
upd  346  steps 11370496  sps 6066  opp rand  loss +0.022  pg -0.0074  v 0.196  ev +0.99  adv_std 0.663  tR +0.57  ent[s/d/p/e] 1.33/1.44/0.99/0.39  emits 3.28  spf 79.3  z0 0.01  garr 142.9  tG 1171  e2 0.58  nF 26.1  pS 0.36  ptS 0.35  fLog 0.53  pdΔ -0.1359  pkR 12.42  clip 0.38  kl +0.034
upd  347  steps 11403264  sps 6066  opp frzn  loss +0.016  pg -0.0096  v 0.176  ev +0.99  adv_std 0.641  tR +0.45  ent[s/d/p/e] 1.30/1.45/1.03/0.41  emits 3.13  spf 85.8  z0 0.01  garr 150.8  tG 1232  e2 0.58  nF 26.1  pS 0.35  ptS 0.34  fLog 0.53  pdΔ -0.1501  pkR 9.37  clip 0.39  kl +0.036
upd  348  steps 11436032  sps 6068  opp rand  loss +0.018  pg -0.0079  v 0.177  ev +0.99  adv_std 0.639  tR +0.37  ent[s/d/p/e] 1.36/1.59/1.02/0.38  emits 3.28  spf 68.6  z0 0.01  garr 133.2  tG 1055  e2 0.59  nF 28.8  pS 0.34  ptS 0.33  fLog 0.49  pdΔ -0.1611  pkR 8.06  clip 0.38  kl +0.035
upd  349  steps 11468800  sps 6069  opp rand  loss +0.016  pg -0.0078  v 0.170  ev +0.99  adv_std 0.627  tR +0.44  ent[s/d/p/e] 1.42/1.55/0.99/0.40  emits 3.17  spf 76.1  z0 0.02  garr 138.6  tG 1196  e2 0.58  nF 29.1  pS 0.39  ptS 0.37  fLog 0.51  pdΔ -0.1127  pkR 7.89  clip 0.39  kl +0.036 WRr 0.84 WRf 0.88
upd  350  steps 11501568  sps 6035  opp frzn  loss +0.014  pg -0.0091  v 0.167  ev +0.99  adv_std 0.619  tR +0.56  ent[s/d/p/e] 1.41/1.48/0.98/0.38  emits 3.25  spf 75.8  z0 0.01  garr 137.7  tG 1201  e2 0.57  nF 27.7  pS 0.38  ptS 0.36  fLog 0.53  pdΔ -0.1189  pkR 7.38  clip 0.38  kl +0.033
upd  351  steps 11534336  sps 6036  opp frzn  loss +0.015  pg -0.0078  v 0.163  ev +0.99  adv_std 0.617  tR +0.38  ent[s/d/p/e] 1.35/1.55/0.98/0.42  emits 3.14  spf 81.4  z0 0.01  garr 139.5  tG 1064  e2 0.58  nF 29.2  pS 0.35  ptS 0.33  fLog 0.50  pdΔ -0.1477  pkR 7.99  clip 0.40  kl +0.039
upd  352  steps 11567104  sps 6037  opp rand  loss +0.011  pg -0.0093  v 0.152  ev +0.99  adv_std 0.592  tR +0.35  ent[s/d/p/e] 1.40/1.61/0.96/0.39  emits 3.22  spf 64.7  z0 0.01  garr 124.7  tG 998  e2 0.58  nF 31.3  pS 0.36  ptS 0.34  fLog 0.49  pdΔ -0.1370  pkR 7.94  clip 0.39  kl +0.038
upd  353  steps 11599872  sps 6039  opp rand  loss +0.023  pg -0.0085  v 0.207  ev +0.99  adv_std 0.682  tR +0.69  ent[s/d/p/e] 1.47/1.53/0.94/0.36  emits 3.51  spf 77.2  z0 0.01  garr 132.1  tG 1264  e2 0.60  nF 32.6  pS 0.41  ptS 0.39  fLog 0.52  pdΔ -0.0923  pkR 9.23  clip 0.38  kl +0.035
upd  354  steps 11632640  sps 6039  opp frzn  loss +0.014  pg -0.0072  v 0.154  ev +0.99  adv_std 0.602  tR +0.55  ent[s/d/p/e] 1.32/1.61/1.04/0.37  emits 3.13  spf 64.5  z0 0.01  garr 122.4  tG 1004  e2 0.56  nF 28.6  pS 0.33  ptS 0.32  fLog 0.49  pdΔ -0.1721  pkR 8.36  clip 0.39  kl +0.039
upd  355  steps 11665408  sps 6040  opp frzn  loss +0.021  pg -0.0066  v 0.185  ev +0.99  adv_std 0.653  tR +0.28  ent[s/d/p/e] 1.31/1.48/1.02/0.40  emits 3.13  spf 76.5  z0 0.01  garr 146.6  tG 1104  e2 0.56  nF 26.9  pS 0.35  ptS 0.33  fLog 0.51  pdΔ -0.1549  pkR 6.29  clip 0.39  kl +0.042
upd  356  steps 11698176  sps 6041  opp frzn  loss +0.018  pg -0.0084  v 0.180  ev +0.99  adv_std 0.649  tR +0.22  ent[s/d/p/e] 1.28/1.58/1.04/0.41  emits 3.05  spf 64.7  z0 0.01  garr 132.1  tG 1041  e2 0.56  nF 29.2  pS 0.35  ptS 0.33  fLog 0.48  pdΔ -0.1515  pkR 8.69  clip 0.40  kl +0.038
upd  357  steps 11730944  sps 6041  opp frzn  loss +0.017  pg -0.0075  v 0.174  ev +0.98  adv_std 0.633  tR +0.00  ent[s/d/p/e] 1.41/1.60/0.99/0.43  emits 3.08  spf 60.4  z0 0.01  garr 136.7  tG 1096  e2 0.57  nF 29.4  pS 0.36  ptS 0.36  fLog 0.48  pdΔ -0.1356  pkR 6.97  clip 0.40  kl +0.035
upd  358  steps 11763712  sps 6042  opp frzn  loss +0.016  pg -0.0076  v 0.168  ev +0.99  adv_std 0.627  tR +0.30  ent[s/d/p/e] 1.35/1.64/0.99/0.40  emits 3.10  spf 56.2  z0 0.02  garr 113.1  tG 967  e2 0.57  nF 30.9  pS 0.35  ptS 0.34  fLog 0.47  pdΔ -0.1497  pkR 7.86  clip 0.40  kl +0.042
upd  359  steps 11796480  sps 6043  opp rand  loss +0.025  pg -0.0076  v 0.211  ev +0.99  adv_std 0.690  tR +0.42  ent[s/d/p/e] 1.37/1.58/0.95/0.37  emits 3.37  spf 74.6  z0 0.01  garr 135.5  tG 1095  e2 0.59  nF 32.3  pS 0.35  ptS 0.35  fLog 0.50  pdΔ -0.1457  pkR 7.29  clip 0.39  kl +0.036
upd  360  steps 11829248  sps 6044  opp frzn  loss +0.016  pg -0.0077  v 0.166  ev +0.99  adv_std 0.621  tR +0.61  ent[s/d/p/e] 1.37/1.61/0.98/0.36  emits 3.30  spf 71.0  z0 0.01  garr 129.6  tG 1077  e2 0.58  nF 30.8  pS 0.35  ptS 0.34  fLog 0.49  pdΔ -0.1501  pkR 6.46  clip 0.39  kl +0.039
upd  361  steps 11862016  sps 6046  opp rand  loss +0.016  pg -0.0078  v 0.166  ev +0.99  adv_std 0.618  tR +0.57  ent[s/d/p/e] 1.38/1.59/0.97/0.37  emits 3.34  spf 78.0  z0 0.01  garr 139.7  tG 1091  e2 0.59  nF 32.9  pS 0.37  ptS 0.35  fLog 0.50  pdΔ -0.1337  pkR 7.29  clip 0.38  kl +0.036
upd  362  steps 11894784  sps 6047  opp rand  loss +0.017  pg -0.0091  v 0.179  ev +0.99  adv_std 0.637  tR +0.73  ent[s/d/p/e] 1.33/1.49/0.97/0.36  emits 3.37  spf 79.8  z0 0.02  garr 152.3  tG 1120  e2 0.59  nF 30.7  pS 0.35  ptS 0.34  fLog 0.51  pdΔ -0.1455  pkR 8.09  clip 0.37  kl +0.036
upd  363  steps 11927552  sps 6048  opp frzn  loss +0.018  pg -0.0083  v 0.181  ev +0.99  adv_std 0.647  tR +0.43  ent[s/d/p/e] 1.36/1.45/0.99/0.37  emits 3.40  spf 89.7  z0 0.01  garr 159.6  tG 1295  e2 0.60  nF 29.5  pS 0.37  ptS 0.36  fLog 0.53  pdΔ -0.1279  pkR 7.72  clip 0.39  kl +0.038
upd  364  steps 11960320  sps 6049  opp rand  loss +0.028  pg -0.0058  v 0.217  ev +0.99  adv_std 0.690  tR +0.43  ent[s/d/p/e] 1.36/1.41/0.98/0.36  emits 3.49  spf 77.1  z0 0.01  garr 139.3  tG 1166  e2 0.61  nF 29.1  pS 0.37  ptS 0.36  fLog 0.53  pdΔ -0.1317  pkR 8.77  clip 0.37  kl +0.035
upd  365  steps 11993088  sps 6051  opp rand  loss +0.034  pg -0.0045  v 0.237  ev +0.99  adv_std 0.726  tR +0.66  ent[s/d/p/e] 1.32/1.43/0.98/0.34  emits 3.59  spf 89.5  z0 0.01  garr 155.6  tG 1231  e2 0.62  nF 28.8  pS 0.36  ptS 0.35  fLog 0.53  pdΔ -0.1360  pkR 10.76  clip 0.39  kl +0.037
upd  366  steps 12025856  sps 6051  opp frzn  loss +0.019  pg -0.0097  v 0.190  ev +0.99  adv_std 0.661  tR +0.49  ent[s/d/p/e] 1.29/1.46/1.03/0.38  emits 3.25  spf 84.6  z0 0.01  garr 160.2  tG 1294  e2 0.58  nF 27.5  pS 0.35  ptS 0.33  fLog 0.52  pdΔ -0.1548  pkR 8.93  clip 0.38  kl +0.033
upd  367  steps 12058624  sps 6052  opp frzn  loss +0.022  pg -0.0072  v 0.196  ev +0.99  adv_std 0.671  tR +0.18  ent[s/d/p/e] 1.34/1.50/0.99/0.39  emits 3.27  spf 65.2  z0 0.01  garr 145.0  tG 1093  e2 0.59  nF 29.2  pS 0.35  ptS 0.34  fLog 0.50  pdΔ -0.1535  pkR 5.65  clip 0.39  kl +0.037
upd  368  steps 12091392  sps 6053  opp rand  loss +0.020  pg -0.0086  v 0.189  ev +0.99  adv_std 0.662  tR +0.59  ent[s/d/p/e] 1.35/1.58/0.96/0.36  emits 3.46  spf 64.7  z0 0.01  garr 127.9  tG 960  e2 0.61  nF 32.7  pS 0.35  ptS 0.33  fLog 0.48  pdΔ -0.1518  pkR 7.65  clip 0.39  kl +0.041
upd  369  steps 12124160  sps 6054  opp frzn  loss +0.026  pg -0.0068  v 0.213  ev +0.99  adv_std 0.702  tR +0.59  ent[s/d/p/e] 1.34/1.52/0.99/0.35  emits 3.51  spf 82.1  z0 0.01  garr 136.3  tG 1128  e2 0.62  nF 31.2  pS 0.37  ptS 0.35  fLog 0.51  pdΔ -0.1284  pkR 8.65  clip 0.40  kl +0.040
upd  370  steps 12156928  sps 6055  opp frzn  loss +0.018  pg -0.0064  v 0.171  ev +0.99  adv_std 0.631  tR +0.45  ent[s/d/p/e] 1.33/1.55/1.01/0.35  emits 3.41  spf 77.8  z0 0.02  garr 134.2  tG 1151  e2 0.59  nF 31.5  pS 0.35  ptS 0.34  fLog 0.50  pdΔ -0.1498  pkR 7.68  clip 0.39  kl +0.035
upd  371  steps 12189696  sps 6055  opp frzn  loss +0.021  pg -0.0082  v 0.193  ev +0.99  adv_std 0.667  tR +0.36  ent[s/d/p/e] 1.26/1.46/0.99/0.39  emits 3.27  spf 74.5  z0 0.02  garr 139.6  tG 1048  e2 0.59  nF 29.6  pS 0.33  ptS 0.32  fLog 0.50  pdΔ -0.1683  pkR 8.49  clip 0.39  kl +0.036
upd  372  steps 12222464  sps 6056  opp frzn  loss +0.024  pg -0.0086  v 0.212  ev +0.99  adv_std 0.701  tR +0.20  ent[s/d/p/e] 1.23/1.45/1.04/0.37  emits 3.28  spf 78.1  z0 0.02  garr 140.1  tG 1102  e2 0.59  nF 28.4  pS 0.33  ptS 0.32  fLog 0.50  pdΔ -0.1688  pkR 7.98  clip 0.39  kl +0.036
upd  373  steps 12255232  sps 6057  opp rand  loss +0.033  pg -0.0060  v 0.244  ev +0.99  adv_std 0.744  tR +0.43  ent[s/d/p/e] 1.36/1.53/0.99/0.34  emits 3.51  spf 79.2  z0 0.03  garr 138.4  tG 1125  e2 0.62  nF 31.9  pS 0.36  ptS 0.35  fLog 0.50  pdΔ -0.1416  pkR 7.40  clip 0.39  kl +0.042
upd  374  steps 12288000  sps 6058  opp frzn  loss +0.018  pg -0.0100  v 0.185  ev +0.99  adv_std 0.654  tR +0.58  ent[s/d/p/e] 1.27/1.51/1.01/0.39  emits 3.13  spf 67.8  z0 0.01  garr 127.4  tG 1080  e2 0.58  nF 27.9  pS 0.34  ptS 0.33  fLog 0.49  pdΔ -0.1572  pkR 8.27  clip 0.38  kl +0.038
upd  375  steps 12320768  sps 6059  opp rand  loss +0.035  pg -0.0060  v 0.250  ev +0.99  adv_std 0.751  tR +0.32  ent[s/d/p/e] 1.34/1.46/0.96/0.34  emits 3.57  spf 83.2  z0 0.02  garr 144.0  tG 1210  e2 0.62  nF 30.6  pS 0.36  ptS 0.35  fLog 0.52  pdΔ -0.1358  pkR 11.00  clip 0.39  kl +0.039
upd  376  steps 12353536  sps 6060  opp frzn  loss +0.021  pg -0.0075  v 0.188  ev +0.99  adv_std 0.662  tR +0.40  ent[s/d/p/e] 1.27/1.49/1.01/0.39  emits 3.18  spf 73.7  z0 0.02  garr 133.5  tG 1093  e2 0.59  nF 30.5  pS 0.34  ptS 0.33  fLog 0.50  pdΔ -0.1575  pkR 12.61  clip 0.39  kl +0.040
upd  377  steps 12386304  sps 6060  opp frzn  loss +0.028  pg -0.0075  v 0.223  ev +0.99  adv_std 0.714  tR +0.25  ent[s/d/p/e] 1.25/1.44/1.00/0.35  emits 3.43  spf 94.6  z0 0.02  garr 166.9  tG 1234  e2 0.61  nF 28.9  pS 0.34  ptS 0.32  fLog 0.52  pdΔ -0.1607  pkR 11.18  clip 0.38  kl +0.037
upd  378  steps 12419072  sps 6062  opp rand  loss +0.025  pg -0.0072  v 0.208  ev +0.99  adv_std 0.689  tR +0.46  ent[s/d/p/e] 1.30/1.58/1.00/0.35  emits 3.43  spf 69.4  z0 0.02  garr 124.4  tG 970  e2 0.61  nF 33.6  pS 0.33  ptS 0.32  fLog 0.48  pdΔ -0.1682  pkR 7.69  clip 0.39  kl +0.036
upd  379  steps 12451840  sps 6063  opp rand  loss +0.031  pg -0.0061  v 0.236  ev +0.98  adv_std 0.731  tR +0.43  ent[s/d/p/e] 1.45/1.52/0.93/0.35  emits 3.49  spf 71.8  z0 0.01  garr 134.1  tG 1120  e2 0.60  nF 31.8  pS 0.38  ptS 0.37  fLog 0.51  pdΔ -0.1207  pkR 7.41  clip 0.39  kl +0.039
upd  380  steps 12484608  sps 6065  opp rand  loss +0.027  pg -0.0097  v 0.231  ev +0.99  adv_std 0.724  tR +0.65  ent[s/d/p/e] 1.33/1.39/0.94/0.34  emits 3.66  spf 94.4  z0 0.00  garr 170.1  tG 1227  e2 0.64  nF 30.0  pS 0.36  ptS 0.35  fLog 0.54  pdΔ -0.1358  pkR 8.20  clip 0.37  kl +0.035
upd  381  steps 12517376  sps 6065  opp frzn  loss +0.036  pg -0.0072  v 0.260  ev +0.99  adv_std 0.771  tR +0.51  ent[s/d/p/e] 1.20/1.39/1.01/0.32  emits 3.61  spf 100.6  z0 0.01  garr 172.3  tG 1132  e2 0.62  nF 30.0  pS 0.32  ptS 0.30  fLog 0.53  pdΔ -0.1847  pkR 6.94  clip 0.38  kl +0.039
upd  382  steps 12550144  sps 6067  opp rand  loss +0.032  pg -0.0097  v 0.256  ev +0.99  adv_std 0.753  tR +0.27  ent[s/d/p/e] 1.27/1.40/0.92/0.36  emits 3.54  spf 94.6  z0 0.02  garr 158.7  tG 1116  e2 0.62  nF 31.1  pS 0.34  ptS 0.33  fLog 0.53  pdΔ -0.1580  pkR 8.57  clip 0.37  kl +0.037
upd  383  steps 12582912  sps 6067  opp frzn  loss +0.034  pg -0.0071  v 0.250  ev +0.99  adv_std 0.755  tR +0.51  ent[s/d/p/e] 1.23/1.31/0.99/0.34  emits 3.41  spf 100.7  z0 0.01  garr 180.1  tG 1313  e2 0.59  nF 26.4  pS 0.33  ptS 0.32  fLog 0.54  pdΔ -0.1730  pkR 13.41  clip 0.37  kl +0.035
upd  384  steps 12615680  sps 6068  opp frzn  loss +0.033  pg -0.0074  v 0.249  ev +0.99  adv_std 0.753  tR +0.11  ent[s/d/p/e] 1.16/1.27/0.97/0.39  emits 3.15  spf 104.7  z0 0.01  garr 197.5  tG 1262  e2 0.56  nF 23.6  pS 0.31  ptS 0.30  fLog 0.55  pdΔ -0.1915  pkR 11.61  clip 0.37  kl +0.035
upd  385  steps 12648448  sps 6068  opp frzn  loss +0.036  pg -0.0073  v 0.261  ev +0.99  adv_std 0.765  tR +0.28  ent[s/d/p/e] 1.28/1.33/0.93/0.33  emits 3.55  spf 115.8  z0 0.02  garr 184.3  tG 1258  e2 0.60  nF 27.4  pS 0.33  ptS 0.32  fLog 0.56  pdΔ -0.1657  pkR 9.60  clip 0.36  kl +0.036
upd  386  steps 12681216  sps 6070  opp rand  loss +0.031  pg -0.0081  v 0.241  ev +0.99  adv_std 0.741  tR +0.44  ent[s/d/p/e] 1.34/1.44/0.93/0.33  emits 3.51  spf 78.5  z0 0.01  garr 148.1  tG 1034  e2 0.59  nF 30.5  pS 0.35  ptS 0.33  fLog 0.52  pdΔ -0.1513  pkR 8.09  clip 0.37  kl +0.037
upd  387  steps 12713984  sps 6070  opp frzn  loss +0.024  pg -0.0094  v 0.210  ev +0.99  adv_std 0.698  tR +0.66  ent[s/d/p/e] 1.28/1.36/0.95/0.34  emits 3.54  spf 94.7  z0 0.01  garr 162.8  tG 1141  e2 0.61  nF 29.6  pS 0.34  ptS 0.33  fLog 0.53  pdΔ -0.1597  pkR 7.01  clip 0.38  kl +0.035
upd  388  steps 12746752  sps 6071  opp frzn  loss +0.027  pg -0.0082  v 0.222  ev +0.99  adv_std 0.716  tR +0.03  ent[s/d/p/e] 1.20/1.32/0.96/0.39  emits 3.13  spf 88.2  z0 0.02  garr 164.4  tG 1116  e2 0.56  nF 25.4  pS 0.32  ptS 0.31  fLog 0.53  pdΔ -0.1808  pkR 8.02  clip 0.37  kl +0.036
upd  389  steps 12779520  sps 6072  opp rand  loss +0.032  pg -0.0097  v 0.253  ev +0.99  adv_std 0.753  tR +0.23  ent[s/d/p/e] 1.25/1.36/0.93/0.33  emits 3.57  spf 108.5  z0 0.02  garr 171.0  tG 1188  e2 0.61  nF 28.5  pS 0.31  ptS 0.30  fLog 0.55  pdΔ -0.1852  pkR 7.31  clip 0.36  kl +0.034
upd  390  steps 12812288  sps 6073  opp rand  loss +0.035  pg -0.0085  v 0.264  ev +0.99  adv_std 0.773  tR +0.53  ent[s/d/p/e] 1.31/1.38/0.95/0.32  emits 3.63  spf 90.2  z0 0.01  garr 149.7  tG 1152  e2 0.61  nF 31.2  pS 0.35  ptS 0.34  fLog 0.53  pdΔ -0.1464  pkR 6.29  clip 0.39  kl +0.041
upd  391  steps 12845056  sps 6074  opp frzn  loss +0.032  pg -0.0080  v 0.245  ev +0.99  adv_std 0.751  tR +0.65  ent[s/d/p/e] 1.24/1.37/0.99/0.32  emits 3.60  spf 99.9  z0 0.01  garr 171.5  tG 1220  e2 0.61  nF 29.9  pS 0.33  ptS 0.31  fLog 0.53  pdΔ -0.1681  pkR 8.92  clip 0.37  kl +0.035
upd  392  steps 12877824  sps 6075  opp rand  loss +0.033  pg -0.0096  v 0.257  ev +0.99  adv_std 0.764  tR +0.19  ent[s/d/p/e] 1.24/1.38/0.93/0.34  emits 3.45  spf 104.8  z0 0.02  garr 177.1  tG 1207  e2 0.60  nF 28.4  pS 0.32  ptS 0.30  fLog 0.54  pdΔ -0.1789  pkR 10.79  clip 0.37  kl +0.035
upd  393  steps 12910592  sps 6076  opp frzn  loss +0.023  pg -0.0087  v 0.202  ev +0.99  adv_std 0.684  tR +0.42  ent[s/d/p/e] 1.27/1.40/0.97/0.33  emits 3.48  spf 101.7  z0 0.02  garr 172.9  tG 1229  e2 0.60  nF 29.7  pS 0.33  ptS 0.32  fLog 0.53  pdΔ -0.1683  pkR 11.06  clip 0.39  kl +0.040
upd  394  steps 12943360  sps 6077  opp rand  loss +0.029  pg -0.0100  v 0.238  ev +0.99  adv_std 0.731  tR +0.41  ent[s/d/p/e] 1.25/1.45/0.91/0.35  emits 3.35  spf 85.0  z0 0.03  garr 146.0  tG 1016  e2 0.58  nF 29.3  pS 0.31  ptS 0.30  fLog 0.51  pdΔ -0.1884  pkR 7.99  clip 0.36  kl +0.036
upd  395  steps 12976128  sps 6078  opp rand  loss +0.042  pg -0.0096  v 0.301  ev +0.99  adv_std 0.819  tR +0.40  ent[s/d/p/e] 1.23/1.28/0.92/0.33  emits 3.67  spf 104.7  z0 0.01  garr 167.6  tG 1185  e2 0.62  nF 27.1  pS 0.34  ptS 0.32  fLog 0.55  pdΔ -0.1596  pkR 7.98  clip 0.37  kl +0.036
upd  396  steps 13008896  sps 6079  opp frzn  loss +0.032  pg -0.0113  v 0.262  ev +0.99  adv_std 0.766  tR +0.44  ent[s/d/p/e] 1.22/1.32/0.94/0.34  emits 3.50  spf 94.7  z0 0.02  garr 167.9  tG 1174  e2 0.61  nF 27.0  pS 0.32  ptS 0.31  fLog 0.54  pdΔ -0.1759  pkR 7.55  clip 0.36  kl +0.033
upd  397  steps 13041664  sps 6080  opp rand  loss +0.027  pg -0.0074  v 0.220  ev +0.99  adv_std 0.705  tR +0.32  ent[s/d/p/e] 1.34/1.51/0.85/0.37  emits 3.18  spf 76.0  z0 0.01  garr 138.4  tG 962  e2 0.57  nF 29.7  pS 0.32  ptS 0.31  fLog 0.50  pdΔ -0.1773  pkR 8.74  clip 0.37  kl +0.036
upd  398  steps 13074432  sps 6081  opp frzn  loss +0.028  pg -0.0089  v 0.230  ev +0.99  adv_std 0.721  tR +0.46  ent[s/d/p/e] 1.32/1.44/0.91/0.33  emits 3.52  spf 86.4  z0 0.01  garr 149.4  tG 1140  e2 0.61  nF 30.0  pS 0.34  ptS 0.33  fLog 0.52  pdΔ -0.1559  pkR 7.69  clip 0.38  kl +0.035
upd  399  steps 13107200  sps 6081  opp frzn  loss +0.037  pg -0.0079  v 0.269  ev +0.99  adv_std 0.777  tR +0.48  ent[s/d/p/e] 1.24/1.19/0.91/0.35  emits 3.63  spf 103.9  z0 0.00  garr 191.7  tG 1340  e2 0.63  nF 25.9  pS 0.36  ptS 0.34  fLog 0.57  pdΔ -0.1444  pkR 5.84  clip 0.37  kl +0.034 WRr 0.88 WRf 0.97
upd  400  steps 13139968  sps 6052  opp frzn  loss +0.025  pg -0.0106  v 0.223  ev +0.99  adv_std 0.714  tR +0.18  ent[s/d/p/e] 1.26/1.31/0.94/0.36  emits 3.35  spf 104.4  z0 0.01  garr 181.2  tG 1242  e2 0.60  nF 26.2  pS 0.34  ptS 0.32  fLog 0.55  pdΔ -0.1620  pkR 6.83  clip 0.37  kl +0.035
upd  401  steps 13172736  sps 6053  opp rand  loss +0.042  pg -0.0091  v 0.302  ev +0.98  adv_std 0.809  tR +0.59  ent[s/d/p/e] 1.37/1.37/0.85/0.34  emits 3.71  spf 82.5  z0 0.01  garr 161.1  tG 1181  e2 0.64  nF 30.2  pS 0.37  ptS 0.35  fLog 0.54  pdΔ -0.1302  pkR 7.31  clip 0.37  kl +0.036
upd  402  steps 13205504  sps 6054  opp rand  loss +0.041  pg -0.0073  v 0.287  ev +0.99  adv_std 0.793  tR +0.60  ent[s/d/p/e] 1.35/1.39/0.88/0.29  emits 3.96  spf 87.2  z0 0.01  garr 166.7  tG 1220  e2 0.66  nF 30.6  pS 0.36  ptS 0.35  fLog 0.54  pdΔ -0.1350  pkR 6.01  clip 0.37  kl +0.035
upd  403  steps 13238272  sps 6056  opp rand  loss +0.038  pg -0.0084  v 0.276  ev +0.99  adv_std 0.782  tR +0.51  ent[s/d/p/e] 1.31/1.36/0.91/0.32  emits 3.72  spf 92.8  z0 0.01  garr 171.8  tG 1196  e2 0.63  nF 31.5  pS 0.35  ptS 0.34  fLog 0.54  pdΔ -0.1505  pkR 5.61  clip 0.36  kl +0.033
upd  404  steps 13271040  sps 6057  opp rand  loss +0.034  pg -0.0088  v 0.258  ev +0.99  adv_std 0.761  tR +0.48  ent[s/d/p/e] 1.38/1.42/0.91/0.32  emits 3.64  spf 80.9  z0 0.01  garr 151.7  tG 1108  e2 0.62  nF 32.3  pS 0.36  ptS 0.35  fLog 0.52  pdΔ -0.1367  pkR 7.43  clip 0.39  kl +0.040
upd  405  steps 13303808  sps 6058  opp frzn  loss +0.040  pg -0.0092  v 0.289  ev +0.99  adv_std 0.808  tR +0.33  ent[s/d/p/e] 1.25/1.31/0.92/0.34  emits 3.51  spf 95.0  z0 0.02  garr 184.0  tG 1205  e2 0.62  nF 28.1  pS 0.33  ptS 0.32  fLog 0.54  pdΔ -0.1657  pkR 6.63  clip 0.37  kl +0.038
upd  406  steps 13336576  sps 6059  opp rand  loss +0.041  pg -0.0102  v 0.298  ev +0.99  adv_std 0.811  tR +0.41  ent[s/d/p/e] 1.20/1.26/0.89/0.32  emits 3.75  spf 112.3  z0 0.01  garr 185.8  tG 1179  e2 0.64  nF 28.4  pS 0.32  ptS 0.30  fLog 0.56  pdΔ -0.1806  pkR 7.73  clip 0.35  kl +0.033
upd  407  steps 13369344  sps 6059  opp frzn  loss +0.035  pg -0.0086  v 0.265  ev +0.99  adv_std 0.780  tR +0.15  ent[s/d/p/e] 1.25/1.30/0.93/0.35  emits 3.42  spf 97.5  z0 0.02  garr 172.9  tG 1224  e2 0.60  nF 26.8  pS 0.34  ptS 0.32  fLog 0.54  pdΔ -0.1648  pkR 7.44  clip 0.37  kl +0.034
upd  408  steps 13402112  sps 6061  opp rand  loss +0.045  pg -0.0076  v 0.307  ev +0.99  adv_std 0.826  tR +0.59  ent[s/d/p/e] 1.29/1.24/0.84/0.33  emits 3.71  spf 93.9  z0 0.00  garr 178.1  tG 1160  e2 0.63  nF 26.9  pS 0.35  ptS 0.34  fLog 0.55  pdΔ -0.1451  pkR 10.82  clip 0.38  kl +0.039
upd  409  steps 13434880  sps 6061  opp frzn  loss +0.047  pg -0.0074  v 0.316  ev +0.99  adv_std 0.846  tR +0.56  ent[s/d/p/e] 1.22/1.20/0.93/0.29  emits 3.95  spf 101.9  z0 0.01  garr 193.6  tG 1264  e2 0.65  nF 28.1  pS 0.35  ptS 0.33  fLog 0.57  pdΔ -0.1510  pkR 6.20  clip 0.38  kl +0.040
upd  410  steps 13467648  sps 6062  opp frzn  loss +0.033  pg -0.0088  v 0.251  ev +0.99  adv_std 0.759  tR +0.36  ent[s/d/p/e] 1.18/1.19/0.91/0.34  emits 3.53  spf 117.1  z0 0.01  garr 191.2  tG 1155  e2 0.61  nF 28.5  pS 0.33  ptS 0.31  fLog 0.55  pdΔ -0.1714  pkR 7.80  clip 0.38  kl +0.041
upd  411  steps 13500416  sps 6063  opp rand  loss +0.046  pg -0.0083  v 0.316  ev +0.99  adv_std 0.832  tR +0.39  ent[s/d/p/e] 1.26/1.24/0.89/0.34  emits 3.53  spf 87.0  z0 0.01  garr 147.2  tG 1049  e2 0.61  nF 27.7  pS 0.33  ptS 0.32  fLog 0.54  pdΔ -0.1707  pkR 7.20  clip 0.36  kl +0.034
upd  412  steps 13533184  sps 6064  opp frzn  loss +0.042  pg -0.0071  v 0.289  ev +0.99  adv_std 0.803  tR +0.49  ent[s/d/p/e] 1.13/1.17/0.96/0.32  emits 3.64  spf 123.8  z0 0.01  garr 186.7  tG 1238  e2 0.61  nF 25.9  pS 0.31  ptS 0.30  fLog 0.57  pdΔ -0.1858  pkR 8.15  clip 0.37  kl +0.035
upd  413  steps 13565952  sps 6065  opp rand  loss +0.043  pg -0.0085  v 0.297  ev +0.99  adv_std 0.806  tR +0.45  ent[s/d/p/e] 1.15/1.11/0.89/0.31  emits 3.69  spf 120.5  z0 0.01  garr 181.7  tG 1182  e2 0.62  nF 26.1  pS 0.31  ptS 0.30  fLog 0.58  pdΔ -0.1890  pkR 7.56  clip 0.35  kl +0.035
upd  414  steps 13598720  sps 6065  opp frzn  loss +0.048  pg -0.0066  v 0.314  ev +0.99  adv_std 0.839  tR +0.48  ent[s/d/p/e] 1.21/1.13/0.91/0.33  emits 3.61  spf 117.4  z0 0.01  garr 210.4  tG 1235  e2 0.61  nF 26.7  pS 0.33  ptS 0.32  fLog 0.58  pdΔ -0.1713  pkR 5.55  clip 0.36  kl +0.034
upd  415  steps 13631488  sps 6066  opp frzn  loss +0.046  pg -0.0059  v 0.300  ev +0.99  adv_std 0.822  tR +0.19  ent[s/d/p/e] 1.17/1.11/0.93/0.34  emits 3.61  spf 118.7  z0 0.01  garr 215.4  tG 1327  e2 0.63  nF 24.1  pS 0.33  ptS 0.31  fLog 0.59  pdΔ -0.1684  pkR 5.72  clip 0.37  kl +0.036
upd  416  steps 13664256  sps 6067  opp rand  loss +0.040  pg -0.0074  v 0.281  ev +0.99  adv_std 0.796  tR +0.39  ent[s/d/p/e] 1.24/1.24/0.90/0.31  emits 3.64  spf 122.0  z0 0.01  garr 182.7  tG 1255  e2 0.61  nF 27.0  pS 0.33  ptS 0.31  fLog 0.57  pdΔ -0.1720  pkR 7.57  clip 0.37  kl +0.036
upd  417  steps 13697024  sps 6068  opp frzn  loss +0.038  pg -0.0067  v 0.268  ev +0.99  adv_std 0.780  tR +0.32  ent[s/d/p/e] 1.23/1.27/0.95/0.35  emits 3.33  spf 105.4  z0 0.01  garr 166.4  tG 1188  e2 0.58  nF 25.6  pS 0.32  ptS 0.31  fLog 0.55  pdΔ -0.1785  pkR 7.42  clip 0.38  kl +0.036
upd  418  steps 13729792  sps 6068  opp frzn  loss +0.043  pg -0.0076  v 0.298  ev +0.99  adv_std 0.818  tR +0.39  ent[s/d/p/e] 1.18/1.25/0.94/0.31  emits 3.73  spf 106.9  z0 0.01  garr 176.1  tG 1139  e2 0.64  nF 27.3  pS 0.31  ptS 0.30  fLog 0.55  pdΔ -0.1893  pkR 6.49  clip 0.37  kl +0.037
upd  419  steps 13762560  sps 6069  opp frzn  loss +0.044  pg -0.0080  v 0.300  ev +0.99  adv_std 0.812  tR +0.42  ent[s/d/p/e] 1.12/1.12/0.91/0.31  emits 3.61  spf 126.8  z0 0.02  garr 195.2  tG 1210  e2 0.61  nF 25.3  pS 0.31  ptS 0.29  fLog 0.59  pdΔ -0.1946  pkR 6.64  clip 0.36  kl +0.035
upd  420  steps 13795328  sps 6070  opp rand  loss +0.034  pg -0.0092  v 0.259  ev +0.99  adv_std 0.759  tR +0.48  ent[s/d/p/e] 1.26/1.25/0.90/0.30  emits 3.72  spf 125.1  z0 0.01  garr 196.0  tG 1242  e2 0.62  nF 29.5  pS 0.33  ptS 0.32  fLog 0.56  pdΔ -0.1729  pkR 9.86  clip 0.38  kl +0.037
upd  421  steps 13828096  sps 6070  opp frzn  loss +0.045  pg -0.0078  v 0.306  ev +0.99  adv_std 0.833  tR +0.55  ent[s/d/p/e] 1.22/1.16/0.92/0.33  emits 3.69  spf 98.9  z0 0.01  garr 186.0  tG 1274  e2 0.63  nF 26.0  pS 0.35  ptS 0.34  fLog 0.57  pdΔ -0.1463  pkR 7.31  clip 0.38  kl +0.038
upd  422  steps 13860864  sps 6072  opp rand  loss +0.045  pg -0.0067  v 0.298  ev +0.99  adv_std 0.805  tR +0.36  ent[s/d/p/e] 1.17/1.15/0.91/0.29  emits 3.81  spf 133.4  z0 0.02  garr 192.8  tG 1275  e2 0.63  nF 26.6  pS 0.32  ptS 0.30  fLog 0.58  pdΔ -0.1826  pkR 7.30  clip 0.35  kl +0.033
upd  423  steps 13893632  sps 6072  opp frzn  loss +0.036  pg -0.0082  v 0.265  ev +0.99  adv_std 0.778  tR +0.34  ent[s/d/p/e] 1.14/1.16/0.95/0.31  emits 3.59  spf 128.0  z0 0.03  garr 191.3  tG 1159  e2 0.61  nF 26.4  pS 0.30  ptS 0.29  fLog 0.57  pdΔ -0.1978  pkR 7.07  clip 0.37  kl +0.040
upd  424  steps 13926400  sps 6073  opp frzn  loss +0.026  pg -0.0088  v 0.217  ev +0.99  adv_std 0.705  tR -0.01  ent[s/d/p/e] 1.09/1.20/0.95/0.32  emits 3.42  spf 130.5  z0 0.02  garr 197.4  tG 1099  e2 0.59  nF 26.7  pS 0.28  ptS 0.27  fLog 0.56  pdΔ -0.2182  pkR 7.91  clip 0.37  kl +0.034
upd  425  steps 13959168  sps 6074  opp rand  loss +0.051  pg -0.0095  v 0.344  ev +0.99  adv_std 0.867  tR +0.34  ent[s/d/p/e] 1.24/1.19/0.87/0.29  emits 3.81  spf 101.9  z0 0.01  garr 170.9  tG 1164  e2 0.64  nF 27.9  pS 0.35  ptS 0.33  fLog 0.56  pdΔ -0.1540  pkR 6.20  clip 0.36  kl +0.034
upd  426  steps 13991936  sps 6075  opp rand  loss +0.045  pg -0.0089  v 0.308  ev +0.99  adv_std 0.825  tR +0.64  ent[s/d/p/e] 1.19/1.09/0.86/0.26  emits 3.90  spf 140.6  z0 0.02  garr 213.9  tG 1270  e2 0.63  nF 27.5  pS 0.32  ptS 0.31  fLog 0.60  pdΔ -0.1759  pkR 6.16  clip 0.36  kl +0.039
upd  427  steps 14024704  sps 6076  opp frzn  loss +0.035  pg -0.0087  v 0.259  ev +0.99  adv_std 0.765  tR +0.49  ent[s/d/p/e] 1.22/1.14/0.89/0.27  emits 4.00  spf 148.2  z0 0.01  garr 234.0  tG 1422  e2 0.65  nF 27.7  pS 0.34  ptS 0.32  fLog 0.60  pdΔ -0.1625  pkR 6.72  clip 0.37  kl +0.037
upd  428  steps 14057472  sps 6076  opp frzn  loss +0.040  pg -0.0102  v 0.291  ev +0.99  adv_std 0.809  tR +0.55  ent[s/d/p/e] 1.11/1.02/0.92/0.30  emits 3.75  spf 151.5  z0 0.01  garr 236.6  tG 1435  e2 0.63  nF 23.4  pS 0.32  ptS 0.30  fLog 0.61  pdΔ -0.1845  pkR 6.56  clip 0.36  kl +0.037
upd  429  steps 14090240  sps 6076  opp frzn  loss +0.036  pg -0.0093  v 0.269  ev +0.99  adv_std 0.781  tR +0.24  ent[s/d/p/e] 1.08/1.17/0.92/0.31  emits 3.52  spf 136.6  z0 0.02  garr 204.3  tG 1142  e2 0.60  nF 25.9  pS 0.28  ptS 0.27  fLog 0.57  pdΔ -0.2220  pkR 6.68  clip 0.34  kl +0.033
upd  430  steps 14123008  sps 6077  opp frzn  loss +0.036  pg -0.0105  v 0.276  ev +0.99  adv_std 0.789  tR -0.06  ent[s/d/p/e] 1.07/1.19/0.95/0.34  emits 3.42  spf 118.4  z0 0.01  garr 182.7  tG 1113  e2 0.60  nF 25.2  pS 0.28  ptS 0.27  fLog 0.55  pdΔ -0.2205  pkR 7.10  clip 0.36  kl +0.035
upd  431  steps 14155776  sps 6078  opp rand  loss +0.058  pg -0.0075  v 0.371  ev +0.99  adv_std 0.888  tR +0.36  ent[s/d/p/e] 1.20/1.13/0.87/0.29  emits 3.89  spf 122.5  z0 0.01  garr 186.1  tG 1264  e2 0.64  nF 26.9  pS 0.32  ptS 0.31  fLog 0.58  pdΔ -0.1781  pkR 10.49  clip 0.34  kl +0.030
upd  432  steps 14188544  sps 6079  opp frzn  loss +0.046  pg -0.0086  v 0.313  ev +0.99  adv_std 0.837  tR +0.36  ent[s/d/p/e] 1.14/1.14/0.93/0.31  emits 3.63  spf 132.2  z0 0.03  garr 207.0  tG 1310  e2 0.61  nF 26.2  pS 0.31  ptS 0.30  fLog 0.58  pdΔ -0.1903  pkR 8.52  clip 0.36  kl +0.032
upd  433  steps 14221312  sps 6080  opp rand  loss +0.058  pg -0.0098  v 0.380  ev +0.99  adv_std 0.897  tR +0.54  ent[s/d/p/e] 1.19/1.10/0.84/0.27  emits 3.99  spf 136.6  z0 0.01  garr 209.1  tG 1304  e2 0.65  nF 27.4  pS 0.33  ptS 0.31  fLog 0.59  pdΔ -0.1730  pkR 7.99  clip 0.35  kl +0.032
upd  434  steps 14254080  sps 6080  opp frzn  loss +0.046  pg -0.0090  v 0.317  ev +0.99  adv_std 0.839  tR +0.37  ent[s/d/p/e] 1.21/1.07/0.87/0.29  emits 4.03  spf 153.6  z0 0.01  garr 246.3  tG 1516  e2 0.66  nF 25.7  pS 0.34  ptS 0.33  fLog 0.62  pdΔ -0.1570  pkR 9.43  clip 0.36  kl +0.034
upd  435  steps 14286848  sps 6081  opp frzn  loss +0.048  pg -0.0092  v 0.325  ev +0.99  adv_std 0.847  tR +0.35  ent[s/d/p/e] 1.18/1.10/0.89/0.27  emits 4.09  spf 143.6  z0 0.01  garr 221.1  tG 1342  e2 0.65  nF 28.6  pS 0.33  ptS 0.32  fLog 0.59  pdΔ -0.1711  pkR 7.30  clip 0.37  kl +0.038
upd  436  steps 14319616  sps 6082  opp rand  loss +0.062  pg -0.0087  v 0.394  ev +0.99  adv_std 0.916  tR +0.51  ent[s/d/p/e] 1.22/1.06/0.83/0.26  emits 4.22  spf 123.5  z0 0.00  garr 212.0  tG 1374  e2 0.68  nF 27.3  pS 0.35  ptS 0.33  fLog 0.61  pdΔ -0.1540  pkR 7.19  clip 0.35  kl +0.033
upd  437  steps 14352384  sps 6083  opp rand  loss +0.064  pg -0.0060  v 0.389  ev +0.99  adv_std 0.909  tR +0.57  ent[s/d/p/e] 1.22/1.08/0.84/0.26  emits 4.01  spf 144.3  z0 0.01  garr 209.5  tG 1340  e2 0.64  nF 27.3  pS 0.33  ptS 0.32  fLog 0.60  pdΔ -0.1720  pkR 9.02  clip 0.36  kl +0.037
upd  438  steps 14385152  sps 6084  opp rand  loss +0.056  pg -0.0080  v 0.358  ev +0.99  adv_std 0.884  tR +0.68  ent[s/d/p/e] 1.23/1.04/0.81/0.25  emits 4.28  spf 142.5  z0 0.01  garr 242.9  tG 1439  e2 0.68  nF 28.5  pS 0.35  ptS 0.33  fLog 0.61  pdΔ -0.1538  pkR 6.84  clip 0.37  kl +0.036
upd  439  steps 14417920  sps 6085  opp frzn  loss +0.043  pg -0.0118  v 0.316  ev +0.99  adv_std 0.846  tR +0.54  ent[s/d/p/e] 1.11/1.18/0.93/0.26  emits 3.91  spf 133.6  z0 0.01  garr 203.0  tG 1238  e2 0.64  nF 29.9  pS 0.30  ptS 0.29  fLog 0.57  pdΔ -0.1979  pkR 7.55  clip 0.35  kl +0.035
upd  440  steps 14450688  sps 6085  opp frzn  loss +0.042  pg -0.0095  v 0.300  ev +0.99  adv_std 0.820  tR +0.16  ent[s/d/p/e] 1.12/1.21/0.89/0.31  emits 3.59  spf 136.9  z0 0.01  garr 195.5  tG 1246  e2 0.61  nF 27.7  pS 0.29  ptS 0.28  fLog 0.57  pdΔ -0.2091  pkR 9.78  clip 0.36  kl +0.035
upd  441  steps 14483456  sps 6086  opp frzn  loss +0.050  pg -0.0103  v 0.344  ev +0.99  adv_std 0.874  tR +0.12  ent[s/d/p/e] 1.10/1.15/0.88/0.31  emits 3.54  spf 126.7  z0 0.02  garr 177.9  tG 1108  e2 0.61  nF 25.4  pS 0.28  ptS 0.27  fLog 0.56  pdΔ -0.2193  pkR 9.39  clip 0.36  kl +0.035
upd  442  steps 14516224  sps 6087  opp rand  loss +0.049  pg -0.0084  v 0.327  ev +0.99  adv_std 0.851  tR +0.38  ent[s/d/p/e] 1.21/1.13/0.81/0.26  emits 4.02  spf 116.7  z0 0.02  garr 188.9  tG 1156  e2 0.65  nF 29.9  pS 0.31  ptS 0.30  fLog 0.58  pdΔ -0.1879  pkR 6.47  clip 0.36  kl +0.035
upd  443  steps 14548992  sps 6087  opp frzn  loss +0.055  pg -0.0086  v 0.358  ev +0.99  adv_std 0.894  tR +0.45  ent[s/d/p/e] 1.10/1.14/0.91/0.28  emits 3.68  spf 132.0  z0 0.02  garr 193.0  tG 1155  e2 0.60  nF 27.6  pS 0.29  ptS 0.28  fLog 0.57  pdΔ -0.2142  pkR 9.73  clip 0.36  kl +0.034
upd  444  steps 14581760  sps 6088  opp frzn  loss +0.051  pg -0.0083  v 0.339  ev +0.99  adv_std 0.875  tR +0.04  ent[s/d/p/e] 1.15/1.21/0.83/0.30  emits 3.75  spf 125.7  z0 0.02  garr 179.4  tG 1097  e2 0.62  nF 28.8  pS 0.29  ptS 0.28  fLog 0.56  pdΔ -0.2076  pkR 10.86  clip 0.37  kl +0.041
upd  445  steps 14614528  sps 6088  opp frzn  loss +0.044  pg -0.0101  v 0.310  ev +0.99  adv_std 0.835  tR +0.20  ent[s/d/p/e] 1.09/1.10/0.91/0.26  emits 3.90  spf 137.9  z0 0.02  garr 211.3  tG 1178  e2 0.63  nF 27.8  pS 0.27  ptS 0.26  fLog 0.58  pdΔ -0.2273  pkR 8.55  clip 0.36  kl +0.039
upd  446  steps 14647296  sps 6089  opp rand  loss +0.067  pg -0.0091  v 0.421  ev +0.99  adv_std 0.951  tR +0.39  ent[s/d/p/e] 1.18/1.06/0.85/0.24  emits 4.16  spf 133.9  z0 0.01  garr 208.4  tG 1241  e2 0.64  nF 29.5  pS 0.31  ptS 0.30  fLog 0.59  pdΔ -0.1909  pkR 8.60  clip 0.34  kl +0.030
upd  447  steps 14680064  sps 6090  opp frzn  loss +0.049  pg -0.0082  v 0.325  ev +0.99  adv_std 0.853  tR +0.35  ent[s/d/p/e] 1.17/1.24/0.90/0.26  emits 3.90  spf 116.0  z0 0.01  garr 189.1  tG 1090  e2 0.63  nF 31.9  pS 0.30  ptS 0.28  fLog 0.54  pdΔ -0.1993  pkR 9.36  clip 0.37  kl +0.035
upd  448  steps 14712832  sps 6091  opp rand  loss +0.063  pg -0.0096  v 0.405  ev +0.99  adv_std 0.942  tR +0.20  ent[s/d/p/e] 1.17/1.23/0.86/0.27  emits 3.96  spf 94.2  z0 0.02  garr 156.4  tG 967  e2 0.64  nF 31.7  pS 0.30  ptS 0.29  fLog 0.53  pdΔ -0.1951  pkR 6.76  clip 0.35  kl +0.032
upd  449  steps 14745600  sps 6091  opp frzn  loss +0.063  pg -0.0085  v 0.397  ev +0.99  adv_std 0.940  tR +0.25  ent[s/d/p/e] 1.10/1.02/0.89/0.27  emits 3.85  spf 131.6  z0 0.02  garr 204.8  tG 1211  e2 0.64  nF 25.4  pS 0.30  ptS 0.29  fLog 0.58  pdΔ -0.2007  pkR 8.40  clip 0.34  kl +0.034 WRr 0.91 WRf 0.97
upd  450  steps 14778368  sps 6066  opp rand  loss +0.056  pg -0.0093  v 0.367  ev +0.99  adv_std 0.897  tR +0.39  ent[s/d/p/e] 1.19/1.04/0.85/0.24  emits 4.03  spf 131.8  z0 0.02  garr 208.0  tG 1217  e2 0.63  nF 28.3  pS 0.31  ptS 0.30  fLog 0.59  pdΔ -0.1896  pkR 8.56  clip 0.34  kl +0.032
upd  451  steps 14811136  sps 6067  opp rand  loss +0.056  pg -0.0081  v 0.362  ev +0.99  adv_std 0.901  tR +0.59  ent[s/d/p/e] 1.26/1.09/0.83/0.24  emits 3.99  spf 133.8  z0 0.01  garr 200.9  tG 1252  e2 0.62  nF 28.1  pS 0.33  ptS 0.32  fLog 0.59  pdΔ -0.1699  pkR 7.05  clip 0.36  kl +0.036
upd  452  steps 14843904  sps 6068  opp rand  loss +0.060  pg -0.0096  v 0.389  ev +0.99  adv_std 0.925  tR +0.64  ent[s/d/p/e] 1.13/1.00/0.86/0.26  emits 3.97  spf 135.9  z0 0.01  garr 213.4  tG 1284  e2 0.64  nF 25.1  pS 0.32  ptS 0.30  fLog 0.60  pdΔ -0.1829  pkR 7.93  clip 0.34  kl +0.032
upd  453  steps 14876672  sps 6069  opp rand  loss +0.070  pg -0.0081  v 0.427  ev +0.99  adv_std 0.975  tR +0.49  ent[s/d/p/e] 1.15/1.05/0.86/0.23  emits 4.13  spf 133.1  z0 0.01  garr 210.7  tG 1357  e2 0.65  nF 27.0  pS 0.33  ptS 0.31  fLog 0.60  pdΔ -0.1741  pkR 8.03  clip 0.36  kl +0.037
upd  454  steps 14909440  sps 6071  opp rand  loss +0.069  pg -0.0107  v 0.437  ev +0.99  adv_std 0.976  tR +0.48  ent[s/d/p/e] 1.21/1.13/0.80/0.23  emits 4.07  spf 121.7  z0 0.01  garr 206.9  tG 1178  e2 0.64  nF 28.5  pS 0.32  ptS 0.30  fLog 0.58  pdΔ -0.1829  pkR 7.41  clip 0.34  kl +0.039
upd  455  steps 14942208  sps 6072  opp rand  loss +0.056  pg -0.0096  v 0.364  ev +0.99  adv_std 0.895  tR +0.51  ent[s/d/p/e] 1.20/1.03/0.80/0.21  emits 4.32  spf 148.3  z0 0.01  garr 239.4  tG 1354  e2 0.66  nF 27.4  pS 0.32  ptS 0.30  fLog 0.61  pdΔ -0.1774  pkR 6.56  clip 0.33  kl +0.032
upd  456  steps 14974976  sps 6073  opp rand  loss +0.079  pg -0.0077  v 0.471  ev +0.99  adv_std 1.009  tR +0.72  ent[s/d/p/e] 1.08/0.86/0.81/0.21  emits 4.47  spf 151.3  z0 0.01  garr 278.1  tG 1402  e2 0.69  nF 24.1  pS 0.31  ptS 0.29  fLog 0.64  pdΔ -0.1915  pkR 7.81  clip 0.32  kl +0.025
upd  457  steps 15007744  sps 6073  opp frzn  loss +0.063  pg -0.0101  v 0.403  ev +0.99  adv_std 0.943  tR +0.47  ent[s/d/p/e] 1.03/0.96/0.89/0.22  emits 4.18  spf 161.7  z0 0.01  garr 251.5  tG 1426  e2 0.66  nF 23.7  pS 0.29  ptS 0.27  fLog 0.62  pdΔ -0.2140  pkR 7.96  clip 0.33  kl +0.031
upd  458  steps 15040512  sps 6074  opp frzn  loss +0.056  pg -0.0093  v 0.364  ev +0.99  adv_std 0.901  tR +0.09  ent[s/d/p/e] 1.01/0.93/0.87/0.24  emits 3.92  spf 142.8  z0 0.01  garr 224.7  tG 1273  e2 0.62  nF 23.4  pS 0.27  ptS 0.27  fLog 0.62  pdΔ -0.2252  pkR 7.72  clip 0.35  kl +0.036
upd  459  steps 15073280  sps 6075  opp rand  loss +0.064  pg -0.0086  v 0.402  ev +0.99  adv_std 0.941  tR +0.28  ent[s/d/p/e] 1.14/0.97/0.83/0.22  emits 4.06  spf 151.7  z0 0.01  garr 225.6  tG 1319  e2 0.62  nF 26.3  pS 0.31  ptS 0.30  fLog 0.62  pdΔ -0.1918  pkR 6.06  clip 0.33  kl +0.030
upd  460  steps 15106048  sps 6076  opp rand  loss +0.070  pg -0.0091  v 0.431  ev +0.99  adv_std 0.978  tR +0.45  ent[s/d/p/e] 1.14/0.92/0.80/0.23  emits 4.09  spf 144.4  z0 0.01  garr 232.7  tG 1335  e2 0.64  nF 25.0  pS 0.32  ptS 0.31  fLog 0.63  pdΔ -0.1785  pkR 7.77  clip 0.34  kl +0.033
upd  461  steps 15138816  sps 6077  opp rand  loss +0.057  pg -0.0085  v 0.363  ev +0.99  adv_std 0.898  tR +0.59  ent[s/d/p/e] 1.15/1.01/0.82/0.21  emits 4.20  spf 143.7  z0 0.01  garr 238.9  tG 1292  e2 0.65  nF 27.1  pS 0.31  ptS 0.29  fLog 0.61  pdΔ -0.1900  pkR 6.87  clip 0.34  kl +0.036
upd  462  steps 15171584  sps 6078  opp rand  loss +0.067  pg -0.0077  v 0.410  ev +0.99  adv_std 0.946  tR +0.60  ent[s/d/p/e] 1.16/0.92/0.77/0.20  emits 4.20  spf 144.4  z0 0.02  garr 245.5  tG 1354  e2 0.64  nF 25.3  pS 0.32  ptS 0.30  fLog 0.64  pdΔ -0.1829  pkR 5.75  clip 0.34  kl +0.032
upd  463  steps 15204352  sps 6079  opp rand  loss +0.064  pg -0.0087  v 0.401  ev +0.99  adv_std 0.931  tR +0.57  ent[s/d/p/e] 1.09/0.89/0.82/0.18  emits 4.45  spf 177.5  z0 0.01  garr 264.6  tG 1559  e2 0.66  nF 24.8  pS 0.32  ptS 0.30  fLog 0.65  pdΔ -0.1790  pkR 5.38  clip 0.33  kl +0.031
upd  464  steps 15237120  sps 6080  opp frzn  loss +0.080  pg -0.0079  v 0.479  ev +0.99  adv_std 1.025  tR +0.63  ent[s/d/p/e] 1.11/0.99/0.87/0.23  emits 3.88  spf 156.3  z0 0.02  garr 225.3  tG 1388  e2 0.61  nF 24.2  pS 0.32  ptS 0.30  fLog 0.62  pdΔ -0.1850  pkR 8.19  clip 0.35  kl +0.035
upd  465  steps 15269888  sps 6080  opp frzn  loss +0.070  pg -0.0094  v 0.433  ev +0.99  adv_std 0.971  tR +0.19  ent[s/d/p/e] 1.12/1.00/0.81/0.27  emits 3.58  spf 140.3  z0 0.01  garr 222.0  tG 1254  e2 0.57  nF 24.6  pS 0.30  ptS 0.29  fLog 0.60  pdΔ -0.2008  pkR 7.31  clip 0.30  kl +0.026
upd  466  steps 15302656  sps 6081  opp frzn  loss +0.079  pg -0.0108  v 0.483  ev +0.99  adv_std 1.033  tR +0.11  ent[s/d/p/e] 1.05/0.84/0.82/0.25  emits 4.01  spf 134.5  z0 0.01  garr 253.4  tG 1363  e2 0.63  nF 22.0  pS 0.31  ptS 0.29  fLog 0.64  pdΔ -0.1928  pkR 4.56  clip 0.32  kl +0.028
upd  467  steps 15335424  sps 6081  opp frzn  loss +0.064  pg -0.0105  v 0.406  ev +0.99  adv_std 0.952  tR +0.34  ent[s/d/p/e] 1.02/0.87/0.82/0.23  emits 4.10  spf 165.7  z0 0.01  garr 246.6  tG 1412  e2 0.65  nF 23.6  pS 0.30  ptS 0.28  fLog 0.64  pdΔ -0.2039  pkR 6.34  clip 0.32  kl +0.031
upd  468  steps 15368192  sps 6082  opp frzn  loss +0.056  pg -0.0088  v 0.360  ev +0.99  adv_std 0.893  tR +0.02  ent[s/d/p/e] 1.02/0.86/0.81/0.27  emits 3.68  spf 162.6  z0 0.01  garr 242.8  tG 1363  e2 0.59  nF 21.6  pS 0.29  ptS 0.28  fLog 0.63  pdΔ -0.2087  pkR 7.19  clip 0.32  kl +0.029
upd  469  steps 15400960  sps 6083  opp rand  loss +0.065  pg -0.0084  v 0.405  ev +0.99  adv_std 0.940  tR +0.35  ent[s/d/p/e] 1.19/0.98/0.78/0.22  emits 4.31  spf 148.7  z0 0.00  garr 244.7  tG 1406  e2 0.66  nF 26.5  pS 0.32  ptS 0.31  fLog 0.62  pdΔ -0.1759  pkR 7.24  clip 0.34  kl +0.035
upd  470  steps 15433728  sps 6083  opp frzn  loss +0.062  pg -0.0103  v 0.396  ev +0.99  adv_std 0.944  tR +0.46  ent[s/d/p/e] 1.06/0.82/0.82/0.22  emits 3.99  spf 170.3  z0 0.01  garr 264.9  tG 1515  e2 0.61  nF 20.2  pS 0.30  ptS 0.28  fLog 0.66  pdΔ -0.2029  pkR 6.47  clip 0.32  kl +0.028
upd  471  steps 15466496  sps 6083  opp frzn  loss +0.066  pg -0.0103  v 0.415  ev +0.99  adv_std 0.955  tR +0.48  ent[s/d/p/e] 1.04/0.82/0.80/0.22  emits 4.22  spf 174.6  z0 0.01  garr 292.8  tG 1453  e2 0.65  nF 22.3  pS 0.29  ptS 0.27  fLog 0.65  pdΔ -0.2134  pkR 6.39  clip 0.33  kl +0.030
upd  472  steps 15499264  sps 6085  opp rand  loss +0.059  pg -0.0101  v 0.380  ev +0.99  adv_std 0.912  tR +0.17  ent[s/d/p/e] 1.03/0.81/0.75/0.20  emits 4.15  spf 156.4  z0 0.02  garr 263.3  tG 1292  e2 0.63  nF 22.4  pS 0.28  ptS 0.26  fLog 0.65  pdΔ -0.2229  pkR 6.54  clip 0.31  kl +0.028
upd  473  steps 15532032  sps 6085  opp frzn  loss +0.074  pg -0.0063  v 0.435  ev +0.99  adv_std 0.981  tR +0.40  ent[s/d/p/e] 1.05/0.89/0.79/0.24  emits 4.07  spf 145.2  z0 0.01  garr 258.4  tG 1365  e2 0.65  nF 23.1  pS 0.28  ptS 0.28  fLog 0.63  pdΔ -0.2156  pkR 6.29  clip 0.33  kl +0.030
upd  474  steps 15564800  sps 6085  opp frzn  loss +0.080  pg -0.0092  v 0.482  ev +0.99  adv_std 1.021  tR +0.20  ent[s/d/p/e] 1.01/0.87/0.80/0.28  emits 3.47  spf 137.0  z0 0.01  garr 234.5  tG 1249  e2 0.57  nF 20.7  pS 0.27  ptS 0.26  fLog 0.62  pdΔ -0.2276  pkR 7.65  clip 0.32  kl +0.028
upd  475  steps 15597568  sps 6086  opp rand  loss +0.082  pg -0.0080  v 0.484  ev +0.99  adv_std 1.031  tR +0.23  ent[s/d/p/e] 1.09/0.87/0.76/0.21  emits 4.10  spf 149.5  z0 0.01  garr 236.5  tG 1298  e2 0.62  nF 23.6  pS 0.28  ptS 0.27  fLog 0.63  pdΔ -0.2161  pkR 7.26  clip 0.35  kl +0.034
upd  476  steps 15630336  sps 6087  opp frzn  loss +0.067  pg -0.0105  v 0.425  ev +0.99  adv_std 0.969  tR +0.38  ent[s/d/p/e] 1.08/0.89/0.82/0.28  emits 3.57  spf 135.9  z0 0.01  garr 234.2  tG 1321  e2 0.58  nF 20.8  pS 0.31  ptS 0.29  fLog 0.61  pdΔ -0.1931  pkR 7.30  clip 0.33  kl +0.029
upd  477  steps 15663104  sps 6088  opp rand  loss +0.085  pg -0.0081  v 0.499  ev +0.99  adv_std 1.039  tR +0.42  ent[s/d/p/e] 1.07/0.76/0.78/0.18  emits 4.59  spf 160.5  z0 0.01  garr 288.2  tG 1608  e2 0.68  nF 21.7  pS 0.31  ptS 0.29  fLog 0.67  pdΔ -0.1905  pkR 7.10  clip 0.31  kl +0.026
upd  478  steps 15695872  sps 6088  opp frzn  loss +0.071  pg -0.0078  v 0.428  ev +0.99  adv_std 0.973  tR +0.51  ent[s/d/p/e] 1.02/0.96/0.84/0.25  emits 3.70  spf 127.5  z0 0.01  garr 205.6  tG 1145  e2 0.59  nF 23.0  pS 0.27  ptS 0.26  fLog 0.59  pdΔ -0.2283  pkR 8.59  clip 0.34  kl +0.034
upd  479  steps 15728640  sps 6089  opp frzn  loss +0.069  pg -0.0095  v 0.425  ev +0.99  adv_std 0.969  tR +0.03  ent[s/d/p/e] 0.98/0.76/0.80/0.26  emits 3.66  spf 139.6  z0 0.02  garr 245.7  tG 1385  e2 0.59  nF 19.5  pS 0.27  ptS 0.25  fLog 0.64  pdΔ -0.2328  pkR 6.66  clip 0.32  kl +0.028
upd  480  steps 15761408  sps 6089  opp frzn  loss +0.064  pg -0.0102  v 0.407  ev +0.99  adv_std 0.950  tR +0.41  ent[s/d/p/e] 0.98/0.77/0.83/0.22  emits 3.81  spf 157.1  z0 0.01  garr 241.3  tG 1324  e2 0.59  nF 19.7  pS 0.27  ptS 0.26  fLog 0.64  pdΔ -0.2264  pkR 7.18  clip 0.33  kl +0.031
upd  481  steps 15794176  sps 6090  opp frzn  loss +0.076  pg -0.0035  v 0.434  ev +0.99  adv_std 0.977  tR +0.27  ent[s/d/p/e] 1.04/0.79/0.78/0.23  emits 3.76  spf 137.6  z0 0.01  garr 241.1  tG 1318  e2 0.58  nF 20.0  pS 0.29  ptS 0.27  fLog 0.63  pdΔ -0.2143  pkR 7.83  clip 0.33  kl +0.030
upd  482  steps 15826944  sps 6090  opp frzn  loss +0.086  pg -0.0067  v 0.500  ev +0.99  adv_std 1.047  tR +0.30  ent[s/d/p/e] 1.05/0.85/0.81/0.22  emits 4.09  spf 166.8  z0 0.02  garr 263.9  tG 1432  e2 0.63  nF 22.5  pS 0.29  ptS 0.27  fLog 0.64  pdΔ -0.2115  pkR 7.37  clip 0.33  kl +0.031
upd  483  steps 15859712  sps 6090  opp rand  loss +0.068  pg -0.0082  v 0.414  ev +0.99  adv_std 0.948  tR +0.40  ent[s/d/p/e] 1.02/0.85/0.79/0.21  emits 4.01  spf 142.0  z0 0.01  garr 238.7  tG 1273  e2 0.62  nF 22.7  pS 0.28  ptS 0.26  fLog 0.63  pdΔ -0.2242  pkR 8.23  clip 0.31  kl +0.027
upd  484  steps 15892480  sps 6091  opp frzn  loss +0.059  pg -0.0092  v 0.376  ev +0.99  adv_std 0.911  tR +0.49  ent[s/d/p/e] 1.07/0.80/0.80/0.20  emits 4.29  spf 173.8  z0 0.01  garr 282.4  tG 1642  e2 0.65  nF 21.8  pS 0.30  ptS 0.29  fLog 0.66  pdΔ -0.1960  pkR 6.93  clip 0.31  kl +0.027
upd  485  steps 15925248  sps 6091  opp frzn  loss +0.077  pg -0.0087  v 0.465  ev +0.99  adv_std 1.006  tR +0.50  ent[s/d/p/e] 1.08/0.88/0.81/0.24  emits 3.66  spf 159.4  z0 0.01  garr 251.9  tG 1407  e2 0.58  nF 21.4  pS 0.29  ptS 0.28  fLog 0.63  pdΔ -0.2095  pkR 6.98  clip 0.32  kl +0.025
upd  486  steps 15958016  sps 6091  opp frzn  loss +0.062  pg -0.0077  v 0.383  ev +0.99  adv_std 0.916  tR +0.35  ent[s/d/p/e] 1.00/0.75/0.78/0.21  emits 3.95  spf 153.0  z0 0.02  garr 245.6  tG 1322  e2 0.60  nF 21.1  pS 0.28  ptS 0.26  fLog 0.65  pdΔ -0.2237  pkR 9.04  clip 0.32  kl +0.028
upd  487  steps 15990784  sps 6092  opp frzn  loss +0.077  pg -0.0072  v 0.455  ev +0.99  adv_std 0.994  tR +0.10  ent[s/d/p/e] 0.98/0.81/0.76/0.24  emits 3.70  spf 130.8  z0 0.02  garr 238.7  tG 1082  e2 0.58  nF 21.3  pS 0.26  ptS 0.24  fLog 0.61  pdΔ -0.2412  pkR 8.08  clip 0.31  kl +0.026
upd  488  steps 16023552  sps 6093  opp rand  loss +0.077  pg -0.0067  v 0.454  ev +0.99  adv_std 0.999  tR +0.19  ent[s/d/p/e] 1.05/0.83/0.78/0.21  emits 4.03  spf 137.0  z0 0.01  garr 233.2  tG 1189  e2 0.61  nF 23.4  pS 0.28  ptS 0.27  fLog 0.62  pdΔ -0.2196  pkR 6.88  clip 0.33  kl +0.032
upd  489  steps 16056320  sps 6093  opp frzn  loss +0.081  pg -0.0083  v 0.481  ev +0.99  adv_std 1.029  tR +0.36  ent[s/d/p/e] 1.10/0.94/0.78/0.24  emits 3.61  spf 109.9  z0 0.02  garr 190.9  tG 1111  e2 0.56  nF 24.3  pS 0.29  ptS 0.27  fLog 0.59  pdΔ -0.2136  pkR 12.10  clip 0.33  kl +0.028
upd  490  steps 16089088  sps 6094  opp frzn  loss +0.069  pg -0.0076  v 0.418  ev +0.99  adv_std 0.962  tR +0.06  ent[s/d/p/e] 1.05/0.80/0.79/0.23  emits 3.84  spf 137.6  z0 0.01  garr 238.3  tG 1326  e2 0.60  nF 20.7  pS 0.29  ptS 0.27  fLog 0.63  pdΔ -0.2128  pkR 8.07  clip 0.33  kl +0.028
upd  491  steps 16121856  sps 6094  opp frzn  loss +0.066  pg -0.0090  v 0.411  ev +0.99  adv_std 0.955  tR +0.34  ent[s/d/p/e] 0.98/0.74/0.79/0.20  emits 4.09  spf 161.3  z0 0.01  garr 268.8  tG 1339  e2 0.62  nF 20.3  pS 0.27  ptS 0.26  fLog 0.65  pdΔ -0.2293  pkR 7.82  clip 0.33  kl +0.029
upd  492  steps 16154624  sps 6095  opp rand  loss +0.084  pg -0.0081  v 0.494  ev +0.99  adv_std 1.042  tR +0.44  ent[s/d/p/e] 1.05/0.77/0.72/0.17  emits 4.24  spf 159.3  z0 0.01  garr 288.6  tG 1286  e2 0.63  nF 22.1  pS 0.28  ptS 0.26  fLog 0.65  pdΔ -0.2222  pkR 9.82  clip 0.31  kl +0.028
upd  493  steps 16187392  sps 6096  opp rand  loss +0.070  pg -0.0085  v 0.424  ev +0.99  adv_std 0.964  tR +0.42  ent[s/d/p/e] 1.08/0.74/0.73/0.19  emits 4.23  spf 155.3  z0 0.01  garr 283.4  tG 1372  e2 0.63  nF 21.7  pS 0.30  ptS 0.28  fLog 0.66  pdΔ -0.1968  pkR 6.17  clip 0.31  kl +0.026
upd  494  steps 16220160  sps 6096  opp frzn  loss +0.069  pg -0.0078  v 0.417  ev +0.99  adv_std 0.956  tR +0.56  ent[s/d/p/e] 1.11/0.87/0.78/0.18  emits 4.10  spf 184.5  z0 0.01  garr 296.4  tG 1585  e2 0.61  nF 23.2  pS 0.31  ptS 0.29  fLog 0.65  pdΔ -0.1927  pkR 7.37  clip 0.31  kl +0.025
upd  495  steps 16252928  sps 6097  opp frzn  loss +0.071  pg -0.0102  v 0.442  ev +0.99  adv_std 0.982  tR +0.05  ent[s/d/p/e] 1.07/0.82/0.79/0.26  emits 3.58  spf 157.5  z0 0.01  garr 250.3  tG 1374  e2 0.57  nF 20.7  pS 0.29  ptS 0.28  fLog 0.64  pdΔ -0.2054  pkR 6.93  clip 0.30  kl +0.023
upd  496  steps 16285696  sps 6097  opp frzn  loss +0.088  pg -0.0094  v 0.519  ev +0.99  adv_std 1.066  tR +0.32  ent[s/d/p/e] 1.00/0.77/0.77/0.20  emits 3.97  spf 167.9  z0 0.01  garr 283.7  tG 1384  e2 0.60  nF 21.0  pS 0.27  ptS 0.26  fLog 0.66  pdΔ -0.2264  pkR 6.81  clip 0.31  kl +0.029
upd  497  steps 16318464  sps 6098  opp rand  loss +0.067  pg -0.0071  v 0.407  ev +0.99  adv_std 0.949  tR +0.31  ent[s/d/p/e] 1.15/0.93/0.71/0.21  emits 3.91  spf 147.5  z0 0.01  garr 235.2  tG 1289  e2 0.58  nF 25.4  pS 0.30  ptS 0.28  fLog 0.62  pdΔ -0.2019  pkR 9.24  clip 0.33  kl +0.030
upd  498  steps 16351232  sps 6099  opp frzn  loss +0.068  pg -0.0053  v 0.401  ev +0.99  adv_std 0.935  tR +0.28  ent[s/d/p/e] 1.05/0.82/0.78/0.18  emits 4.06  spf 169.0  z0 0.01  garr 281.7  tG 1417  e2 0.59  nF 22.1  pS 0.28  ptS 0.26  fLog 0.65  pdΔ -0.2211  pkR 7.01  clip 0.33  kl +0.033
upd  499  steps 16384000  sps 6100  opp rand  loss +0.073  pg -0.0080  v 0.437  ev +0.99  adv_std 0.974  tR +0.34  ent[s/d/p/e] 0.93/0.65/0.77/0.17  emits 4.21  spf 187.7  z0 0.01  garr 307.9  tG 1448  e2 0.61  nF 20.3  pS 0.26  ptS 0.25  fLog 0.69  pdΔ -0.2385  pkR 5.91  clip 0.29  kl +0.025 WRr 0.88 WRf 0.91
upd  500  steps 16416768  sps 6075  opp rand  loss +0.084  pg -0.0051  v 0.478  ev +0.99  adv_std 1.021  tR +0.53  ent[s/d/p/e] 1.07/0.83/0.79/0.18  emits 4.08  spf 177.7  z0 0.01  garr 269.9  tG 1485  e2 0.60  nF 23.4  pS 0.29  ptS 0.28  fLog 0.65  pdΔ -0.2075  pkR 10.39  clip 0.34  kl +0.030
upd  501  steps 16449536  sps 6076  opp rand  loss +0.083  pg -0.0094  v 0.495  ev +0.99  adv_std 1.028  tR +0.48  ent[s/d/p/e] 1.12/0.82/0.71/0.18  emits 4.25  spf 150.2  z0 0.00  garr 239.0  tG 1325  e2 0.62  nF 25.0  pS 0.30  ptS 0.28  fLog 0.64  pdΔ -0.2015  pkR 6.79  clip 0.31  kl +0.026
upd  502  steps 16482304  sps 6077  opp frzn  loss +0.049  pg -0.0072  v 0.316  ev +0.99  adv_std 0.836  tR +0.63  ent[s/d/p/e] 1.05/0.81/0.79/0.16  emits 4.30  spf 166.7  z0 0.01  garr 269.2  tG 1365  e2 0.62  nF 24.9  pS 0.28  ptS 0.26  fLog 0.64  pdΔ -0.2213  pkR 6.93  clip 0.33  kl +0.031
upd  503  steps 16515072  sps 6077  opp frzn  loss +0.073  pg -0.0088  v 0.441  ev +0.99  adv_std 0.983  tR +0.20  ent[s/d/p/e] 0.97/0.77/0.80/0.18  emits 4.09  spf 160.2  z0 0.01  garr 298.9  tG 1286  e2 0.61  nF 22.9  pS 0.26  ptS 0.24  fLog 0.65  pdΔ -0.2411  pkR 6.35  clip 0.32  kl +0.027
upd  504  steps 16547840  sps 6078  opp rand  loss +0.055  pg -0.0080  v 0.349  ev +0.99  adv_std 0.873  tR +0.32  ent[s/d/p/e] 1.00/0.84/0.75/0.19  emits 4.07  spf 157.0  z0 0.02  garr 257.1  tG 1232  e2 0.61  nF 24.2  pS 0.26  ptS 0.24  fLog 0.62  pdΔ -0.2443  pkR 7.87  clip 0.31  kl +0.030
upd  505  steps 16580608  sps 6079  opp frzn  loss +0.086  pg -0.0071  v 0.497  ev +0.99  adv_std 1.038  tR +0.35  ent[s/d/p/e] 1.02/0.77/0.75/0.20  emits 4.04  spf 141.8  z0 0.01  garr 268.2  tG 1313  e2 0.61  nF 20.9  pS 0.28  ptS 0.26  fLog 0.64  pdΔ -0.2235  pkR 6.14  clip 0.30  kl +0.023
upd  506  steps 16613376  sps 6079  opp frzn  loss +0.069  pg -0.0094  v 0.422  ev +0.99  adv_std 0.963  tR +0.29  ent[s/d/p/e] 0.89/0.57/0.80/0.16  emits 4.48  spf 173.6  z0 0.01  garr 333.4  tG 1460  e2 0.65  nF 18.7  pS 0.25  ptS 0.24  fLog 0.69  pdΔ -0.2479  pkR 6.23  clip 0.29  kl +0.030
upd  507  steps 16646144  sps 6079  opp frzn  loss +0.073  pg -0.0093  v 0.447  ev +0.99  adv_std 0.989  tR +0.19  ent[s/d/p/e] 1.03/0.73/0.78/0.21  emits 4.12  spf 167.3  z0 0.01  garr 317.6  tG 1493  e2 0.62  nF 22.0  pS 0.28  ptS 0.27  fLog 0.66  pdΔ -0.2206  pkR 6.87  clip 0.31  kl +0.026
upd  508  steps 16678912  sps 6080  opp frzn  loss +0.071  pg -0.0096  v 0.437  ev +0.99  adv_std 0.972  tR -0.04  ent[s/d/p/e] 1.11/0.87/0.78/0.22  emits 3.87  spf 166.9  z0 0.01  garr 278.3  tG 1523  e2 0.59  nF 23.6  pS 0.29  ptS 0.28  fLog 0.63  pdΔ -0.2127  pkR 7.17  clip 0.30  kl +0.024
upd  509  steps 16711680  sps 6080  opp frzn  loss +0.083  pg -0.0050  v 0.475  ev +0.99  adv_std 1.020  tR +0.35  ent[s/d/p/e] 1.02/0.87/0.78/0.22  emits 4.00  spf 147.6  z0 0.01  garr 250.7  tG 1270  e2 0.61  nF 24.1  pS 0.27  ptS 0.26  fLog 0.62  pdΔ -0.2300  pkR 6.48  clip 0.33  kl +0.032
upd  510  steps 16744448  sps 6081  opp frzn  loss +0.065  pg -0.0074  v 0.396  ev +0.99  adv_std 0.934  tR -0.18  ent[s/d/p/e] 1.03/0.83/0.78/0.22  emits 3.87  spf 157.9  z0 0.01  garr 263.1  tG 1318  e2 0.59  nF 22.8  pS 0.27  ptS 0.26  fLog 0.63  pdΔ -0.2312  pkR 9.34  clip 0.34  kl +0.030
upd  511  steps 16777216  sps 6082  opp rand  loss +0.095  pg -0.0074  v 0.547  ev +0.99  adv_std 1.092  tR +0.34  ent[s/d/p/e] 1.15/0.92/0.73/0.18  emits 4.27  spf 137.0  z0 0.01  garr 243.1  tG 1279  e2 0.63  nF 27.9  pS 0.29  ptS 0.29  fLog 0.61  pdΔ -0.2056  pkR 7.13  clip 0.33  kl +0.030
upd  512  steps 16809984  sps 6083  opp rand  loss +0.067  pg -0.0116  v 0.426  ev +0.99  adv_std 0.959  tR +0.59  ent[s/d/p/e] 1.08/0.83/0.73/0.17  emits 4.15  spf 169.6  z0 0.01  garr 262.2  tG 1377  e2 0.60  nF 25.0  pS 0.28  ptS 0.27  fLog 0.64  pdΔ -0.2179  pkR 10.76  clip 0.31  kl +0.028
upd  513  steps 16842752  sps 6084  opp rand  loss +0.069  pg -0.0081  v 0.420  ev +0.99  adv_std 0.960  tR +0.61  ent[s/d/p/e] 1.11/0.81/0.75/0.16  emits 4.45  spf 175.1  z0 0.01  garr 268.8  tG 1549  e2 0.65  nF 25.3  pS 0.30  ptS 0.29  fLog 0.64  pdΔ -0.1987  pkR 8.73  clip 0.33  kl +0.031
upd  514  steps 16875520  sps 6084  opp frzn  loss +0.082  pg -0.0100  v 0.493  ev +0.99  adv_std 1.038  tR +0.53  ent[s/d/p/e] 1.11/0.83/0.76/0.18  emits 4.28  spf 145.1  z0 0.01  garr 244.7  tG 1389  e2 0.64  nF 24.7  pS 0.31  ptS 0.29  fLog 0.63  pdΔ -0.1932  pkR 11.00  clip 0.33  kl +0.030
upd  515  steps 16908288  sps 6085  opp rand  loss +0.084  pg -0.0094  v 0.499  ev +0.99  adv_std 1.038  tR +0.24  ent[s/d/p/e] 1.07/0.73/0.73/0.16  emits 4.56  spf 184.2  z0 0.01  garr 302.5  tG 1586  e2 0.65  nF 24.0  pS 0.31  ptS 0.29  fLog 0.67  pdΔ -0.1906  pkR 6.79  clip 0.31  kl +0.026
upd  516  steps 16941056  sps 6085  opp frzn  loss +0.077  pg -0.0089  v 0.463  ev +0.99  adv_std 1.007  tR +0.37  ent[s/d/p/e] 1.02/0.63/0.76/0.18  emits 4.02  spf 172.6  z0 0.01  garr 299.3  tG 1524  e2 0.59  nF 18.8  pS 0.29  ptS 0.27  fLog 0.68  pdΔ -0.2111  pkR 8.20  clip 0.29  kl +0.023
upd  517  steps 16973824  sps 6086  opp frzn  loss +0.066  pg -0.0081  v 0.401  ev +0.99  adv_std 0.936  tR +0.16  ent[s/d/p/e] 1.04/0.64/0.77/0.18  emits 4.36  spf 181.2  z0 0.00  garr 335.9  tG 1676  e2 0.64  nF 19.8  pS 0.30  ptS 0.28  fLog 0.69  pdΔ -0.1965  pkR 6.32  clip 0.31  kl +0.027
upd  518  steps 17006592  sps 6086  opp frzn  loss +0.071  pg -0.0100  v 0.439  ev +0.99  adv_std 0.982  tR +0.55  ent[s/d/p/e] 1.00/0.79/0.82/0.19  emits 4.10  spf 169.7  z0 0.00  garr 307.7  tG 1412  e2 0.62  nF 21.9  pS 0.27  ptS 0.26  fLog 0.64  pdΔ -0.2254  pkR 6.69  clip 0.32  kl +0.027
upd  519  steps 17039360  sps 6087  opp rand  loss +0.088  pg -0.0088  v 0.517  ev +0.99  adv_std 1.059  tR +0.51  ent[s/d/p/e] 1.04/0.71/0.77/0.16  emits 4.49  spf 188.4  z0 0.00  garr 310.3  tG 1517  e2 0.66  nF 23.1  pS 0.29  ptS 0.27  fLog 0.67  pdΔ -0.2130  pkR 6.50  clip 0.30  kl +0.025
upd  520  steps 17072128  sps 6088  opp rand  loss +0.106  pg -0.0054  v 0.590  ev +0.99  adv_std 1.128  tR +0.61  ent[s/d/p/e] 1.13/0.88/0.70/0.18  emits 4.34  spf 138.4  z0 0.01  garr 237.6  tG 1235  e2 0.63  nF 26.8  pS 0.30  ptS 0.28  fLog 0.61  pdΔ -0.2049  pkR 11.66  clip 0.32  kl +0.032
upd  521  steps 17104896  sps 6088  opp frzn  loss +0.080  pg -0.0090  v 0.476  ev +0.99  adv_std 1.019  tR +0.38  ent[s/d/p/e] 1.03/0.76/0.77/0.17  emits 4.11  spf 159.1  z0 0.01  garr 256.9  tG 1383  e2 0.60  nF 22.1  pS 0.28  ptS 0.27  fLog 0.65  pdΔ -0.2240  pkR 8.09  clip 0.29  kl +0.027
upd  522  steps 17137664  sps 6089  opp frzn  loss +0.075  pg -0.0081  v 0.448  ev +0.99  adv_std 0.988  tR +0.08  ent[s/d/p/e] 0.97/0.75/0.76/0.20  emits 3.80  spf 170.3  z0 0.02  garr 261.1  tG 1312  e2 0.57  nF 21.4  pS 0.26  ptS 0.25  fLog 0.65  pdΔ -0.2361  pkR 9.46  clip 0.30  kl +0.026
upd  523  steps 17170432  sps 6089  opp frzn  loss +0.068  pg -0.0083  v 0.417  ev +0.99  adv_std 0.956  tR +0.14  ent[s/d/p/e] 1.06/0.82/0.78/0.19  emits 4.05  spf 155.6  z0 0.01  garr 268.8  tG 1375  e2 0.60  nF 23.1  pS 0.28  ptS 0.27  fLog 0.63  pdΔ -0.2217  pkR 11.82  clip 0.32  kl +0.032
upd  524  steps 17203200  sps 6090  opp rand  loss +0.101  pg -0.0072  v 0.574  ev +0.99  adv_std 1.109  tR +0.25  ent[s/d/p/e] 1.09/0.84/0.73/0.17  emits 4.21  spf 128.1  z0 0.01  garr 238.6  tG 1168  e2 0.61  nF 25.4  pS 0.28  ptS 0.26  fLog 0.62  pdΔ -0.2230  pkR 8.13  clip 0.32  kl +0.030
upd  525  steps 17235968  sps 6090  opp frzn  loss +0.059  pg -0.0070  v 0.361  ev +0.99  adv_std 0.888  tR +0.49  ent[s/d/p/e] 0.98/0.65/0.77/0.16  emits 4.28  spf 168.2  z0 0.01  garr 290.7  tG 1430  e2 0.62  nF 20.9  pS 0.27  ptS 0.26  fLog 0.67  pdΔ -0.2263  pkR 6.69  clip 0.30  kl +0.026
upd  526  steps 17268736  sps 6091  opp frzn  loss +0.091  pg -0.0087  v 0.527  ev +0.99  adv_std 1.068  tR +0.57  ent[s/d/p/e] 0.93/0.61/0.78/0.16  emits 4.16  spf 163.5  z0 0.01  garr 279.1  tG 1304  e2 0.59  nF 18.6  pS 0.26  ptS 0.25  fLog 0.67  pdΔ -0.2386  pkR 7.72  clip 0.29  kl +0.023
upd  527  steps 17301504  sps 6092  opp rand  loss +0.085  pg -0.0094  v 0.503  ev +0.99  adv_std 1.036  tR +0.28  ent[s/d/p/e] 1.00/0.64/0.74/0.15  emits 4.46  spf 176.4  z0 0.01  garr 288.2  tG 1460  e2 0.64  nF 20.5  pS 0.28  ptS 0.26  fLog 0.67  pdΔ -0.2203  pkR 8.10  clip 0.29  kl +0.027
upd  528  steps 17334272  sps 6092  opp frzn  loss +0.081  pg -0.0072  v 0.476  ev +0.99  adv_std 1.022  tR +0.42  ent[s/d/p/e] 1.04/0.68/0.74/0.17  emits 4.28  spf 172.8  z0 0.01  garr 302.5  tG 1502  e2 0.62  nF 20.0  pS 0.28  ptS 0.27  fLog 0.67  pdΔ -0.2164  pkR 8.12  clip 0.31  kl +0.031
upd  529  steps 17367040  sps 6093  opp rand  loss +0.103  pg -0.0090  v 0.591  ev +0.99  adv_std 1.127  tR +0.42  ent[s/d/p/e] 1.08/0.78/0.69/0.15  emits 4.55  spf 180.6  z0 0.00  garr 302.1  tG 1480  e2 0.65  nF 24.5  pS 0.28  ptS 0.27  fLog 0.66  pdΔ -0.2156  pkR 6.06  clip 0.31  kl +0.029
upd  530  steps 17399808  sps 6094  opp rand  loss +0.075  pg -0.0091  v 0.454  ev +0.99  adv_std 0.986  tR +0.40  ent[s/d/p/e] 1.01/0.72/0.73/0.15  emits 4.56  spf 168.8  z0 0.01  garr 302.3  tG 1421  e2 0.66  nF 24.0  pS 0.27  ptS 0.26  fLog 0.66  pdΔ -0.2313  pkR 7.72  clip 0.28  kl +0.021
upd  531  steps 17432576  sps 6094  opp frzn  loss +0.085  pg -0.0090  v 0.499  ev +0.99  adv_std 1.042  tR +0.39  ent[s/d/p/e] 0.93/0.61/0.75/0.15  emits 4.21  spf 173.0  z0 0.01  garr 286.4  tG 1345  e2 0.60  nF 20.1  pS 0.26  ptS 0.24  fLog 0.68  pdΔ -0.2440  pkR 6.72  clip 0.30  kl +0.027
upd  532  steps 17465344  sps 6095  opp frzn  loss +0.079  pg -0.0084  v 0.471  ev +0.99  adv_std 1.013  tR +0.32  ent[s/d/p/e] 1.00/0.72/0.74/0.18  emits 3.97  spf 152.2  z0 0.01  garr 273.6  tG 1307  e2 0.58  nF 19.6  pS 0.28  ptS 0.26  fLog 0.65  pdΔ -0.2243  pkR 6.67  clip 0.30  kl +0.026
upd  533  steps 17498112  sps 6095  opp frzn  loss +0.090  pg -0.0098  v 0.533  ev +0.99  adv_std 1.075  tR +0.10  ent[s/d/p/e] 0.99/0.71/0.76/0.18  emits 4.17  spf 141.1  z0 0.00  garr 276.8  tG 1268  e2 0.61  nF 18.9  pS 0.27  ptS 0.25  fLog 0.64  pdΔ -0.2308  pkR 6.66  clip 0.28  kl +0.022
upd  534  steps 17530880  sps 6095  opp frzn  loss +0.101  pg -0.0076  v 0.573  ev +0.99  adv_std 1.108  tR +0.35  ent[s/d/p/e] 0.91/0.59/0.74/0.16  emits 4.32  spf 168.2  z0 0.01  garr 300.7  tG 1353  e2 0.62  nF 18.8  pS 0.25  ptS 0.24  fLog 0.68  pdΔ -0.2481  pkR 6.25  clip 0.28  kl +0.023
upd  535  steps 17563648  sps 6096  opp frzn  loss +0.090  pg -0.0092  v 0.530  ev +0.99  adv_std 1.075  tR +0.13  ent[s/d/p/e] 0.95/0.64/0.79/0.17  emits 4.00  spf 168.2  z0 0.01  garr 276.2  tG 1464  e2 0.58  nF 19.8  pS 0.28  ptS 0.26  fLog 0.66  pdΔ -0.2202  pkR 11.07  clip 0.28  kl +0.024
upd  536  steps 17596416  sps 6097  opp rand  loss +0.085  pg -0.0073  v 0.495  ev +0.99  adv_std 1.033  tR +0.42  ent[s/d/p/e] 1.07/0.74/0.74/0.13  emits 4.87  spf 181.0  z0 0.00  garr 305.8  tG 1648  e2 0.69  nF 24.0  pS 0.31  ptS 0.29  fLog 0.67  pdΔ -0.1944  pkR 7.42  clip 0.31  kl +0.030
upd  537  steps 17629184  sps 6097  opp frzn  loss +0.083  pg -0.0104  v 0.497  ev +0.99  adv_std 1.045  tR +0.47  ent[s/d/p/e] 0.97/0.72/0.77/0.16  emits 4.24  spf 156.7  z0 0.01  garr 282.4  tG 1378  e2 0.62  nF 22.0  pS 0.27  ptS 0.26  fLog 0.65  pdΔ -0.2313  pkR 8.22  clip 0.31  kl +0.025
upd  538  steps 17661952  sps 6097  opp frzn  loss +0.081  pg -0.0077  v 0.475  ev +0.99  adv_std 1.017  tR +0.04  ent[s/d/p/e] 0.97/0.74/0.78/0.16  emits 4.12  spf 153.6  z0 0.02  garr 280.2  tG 1300  e2 0.59  nF 21.9  pS 0.25  ptS 0.24  fLog 0.64  pdΔ -0.2459  pkR 8.71  clip 0.30  kl +0.026
upd  539  steps 17694720  sps 6098  opp rand  loss +0.091  pg -0.0088  v 0.530  ev +0.99  adv_std 1.064  tR +0.22  ent[s/d/p/e] 1.01/0.73/0.71/0.15  emits 4.50  spf 142.3  z0 0.01  garr 261.6  tG 1287  e2 0.64  nF 23.5  pS 0.28  ptS 0.26  fLog 0.64  pdΔ -0.2227  pkR 7.11  clip 0.29  kl +0.026
upd  540  steps 17727488  sps 6099  opp rand  loss +0.094  pg -0.0079  v 0.542  ev +0.99  adv_std 1.082  tR +0.53  ent[s/d/p/e] 1.03/0.74/0.73/0.13  emits 4.70  spf 161.6  z0 0.01  garr 293.5  tG 1431  e2 0.66  nF 24.3  pS 0.28  ptS 0.27  fLog 0.65  pdΔ -0.2187  pkR 6.92  clip 0.29  kl +0.024
upd  541  steps 17760256  sps 6100  opp rand  loss +0.094  pg -0.0093  v 0.547  ev +0.99  adv_std 1.091  tR +0.52  ent[s/d/p/e] 1.00/0.67/0.74/0.13  emits 4.71  spf 183.8  z0 0.01  garr 332.4  tG 1580  e2 0.65  nF 22.6  pS 0.28  ptS 0.26  fLog 0.67  pdΔ -0.2218  pkR 7.83  clip 0.28  kl +0.023
upd  542  steps 17793024  sps 6100  opp frzn  loss +0.083  pg -0.0091  v 0.492  ev +0.99  adv_std 1.034  tR +0.29  ent[s/d/p/e] 0.95/0.75/0.77/0.16  emits 3.92  spf 164.6  z0 0.02  garr 268.9  tG 1303  e2 0.56  nF 20.6  pS 0.26  ptS 0.25  fLog 0.64  pdΔ -0.2387  pkR 8.22  clip 0.30  kl +0.027
upd  543  steps 17825792  sps 6101  opp frzn  loss +0.082  pg -0.0092  v 0.488  ev +0.99  adv_std 1.031  tR +0.28  ent[s/d/p/e] 1.01/0.69/0.73/0.16  emits 4.34  spf 172.7  z0 0.01  garr 303.8  tG 1478  e2 0.62  nF 21.3  pS 0.28  ptS 0.27  fLog 0.66  pdΔ -0.2176  pkR 7.56  clip 0.28  kl +0.026
upd  544  steps 17858560  sps 6101  opp frzn  loss +0.089  pg -0.0085  v 0.518  ev +0.99  adv_std 1.063  tR +0.27  ent[s/d/p/e] 0.91/0.68/0.79/0.17  emits 4.07  spf 168.8  z0 0.01  garr 291.1  tG 1364  e2 0.60  nF 19.5  pS 0.26  ptS 0.24  fLog 0.65  pdΔ -0.2441  pkR 6.91  clip 0.27  kl +0.024
upd  545  steps 17891328  sps 6102  opp rand  loss +0.083  pg -0.0097  v 0.496  ev +0.99  adv_std 1.033  tR +0.38  ent[s/d/p/e] 1.06/0.84/0.76/0.14  emits 4.66  spf 171.8  z0 0.02  garr 299.7  tG 1542  e2 0.67  nF 25.6  pS 0.29  ptS 0.28  fLog 0.64  pdΔ -0.2073  pkR 7.05  clip 0.30  kl +0.024
upd  546  steps 17924096  sps 6102  opp frzn  loss +0.094  pg -0.0076  v 0.540  ev +0.99  adv_std 1.086  tR +0.41  ent[s/d/p/e] 1.05/0.82/0.74/0.16  emits 4.18  spf 147.7  z0 0.02  garr 252.6  tG 1304  e2 0.60  nF 23.9  pS 0.28  ptS 0.27  fLog 0.62  pdΔ -0.2168  pkR 8.07  clip 0.31  kl +0.028
upd  547  steps 17956864  sps 6103  opp rand  loss +0.100  pg -0.0078  v 0.570  ev +0.99  adv_std 1.107  tR +0.23  ent[s/d/p/e] 1.10/0.79/0.70/0.14  emits 4.65  spf 160.6  z0 0.01  garr 284.8  tG 1512  e2 0.66  nF 25.6  pS 0.31  ptS 0.29  fLog 0.65  pdΔ -0.1946  pkR 8.56  clip 0.29  kl +0.026
upd  548  steps 17989632  sps 6104  opp rand  loss +0.079  pg -0.0085  v 0.470  ev +0.99  adv_std 1.013  tR +0.67  ent[s/d/p/e] 1.15/0.92/0.73/0.16  emits 4.44  spf 141.2  z0 0.00  garr 249.2  tG 1354  e2 0.64  nF 27.8  pS 0.31  ptS 0.29  fLog 0.61  pdΔ -0.1947  pkR 8.89  clip 0.32  kl +0.028
upd  549  steps 18022400  sps 6105  opp frzn  loss +0.082  pg -0.0081  v 0.482  ev +0.99  adv_std 1.025  tR +0.36  ent[s/d/p/e] 1.10/0.78/0.75/0.14  emits 4.58  spf 152.4  z0 0.01  garr 290.1  tG 1499  e2 0.65  nF 25.3  pS 0.31  ptS 0.29  fLog 0.64  pdΔ -0.1914  pkR 9.08  clip 0.29  kl +0.026 WRr 0.88 WRf 0.94
upd  550  steps 18055168  sps 6084  opp rand  loss +0.124  pg -0.0084  v 0.696  ev +0.99  adv_std 1.222  tR +0.34  ent[s/d/p/e] 1.04/0.71/0.71/0.14  emits 4.46  spf 155.4  z0 0.01  garr 287.3  tG 1337  e2 0.63  nF 22.2  pS 0.27  ptS 0.26  fLog 0.65  pdΔ -0.2288  pkR 8.92  clip 0.27  kl +0.025
upd  551  steps 18087936  sps 6085  opp rand  loss +0.084  pg -0.0098  v 0.500  ev +0.99  adv_std 1.039  tR +0.26  ent[s/d/p/e] 1.02/0.70/0.75/0.12  emits 4.79  spf 158.9  z0 0.01  garr 317.8  tG 1385  e2 0.68  nF 23.8  pS 0.27  ptS 0.25  fLog 0.65  pdΔ -0.2313  pkR 8.56  clip 0.28  kl +0.024
upd  552  steps 18120704  sps 6086  opp rand  loss +0.102  pg -0.0101  v 0.590  ev +0.99  adv_std 1.132  tR +0.36  ent[s/d/p/e] 0.97/0.62/0.72/0.12  emits 4.71  spf 164.6  z0 0.01  garr 329.3  tG 1374  e2 0.65  nF 21.1  pS 0.26  ptS 0.25  fLog 0.67  pdΔ -0.2376  pkR 6.78  clip 0.29  kl +0.026
upd  553  steps 18153472  sps 6087  opp rand  loss +0.085  pg -0.0092  v 0.503  ev +0.99  adv_std 1.044  tR +0.36  ent[s/d/p/e] 1.08/0.73/0.73/0.12  emits 4.79  spf 179.9  z0 0.01  garr 352.1  tG 1586  e2 0.67  nF 24.7  pS 0.30  ptS 0.28  fLog 0.67  pdΔ -0.2039  pkR 7.12  clip 0.30  kl +0.029
upd  554  steps 18186240  sps 6088  opp rand  loss +0.107  pg -0.0067  v 0.603  ev +0.99  adv_std 1.132  tR +0.62  ent[s/d/p/e] 1.03/0.71/0.74/0.13  emits 4.61  spf 152.2  z0 0.00  garr 290.0  tG 1357  e2 0.65  nF 24.2  pS 0.27  ptS 0.26  fLog 0.64  pdΔ -0.2292  pkR 7.96  clip 0.28  kl +0.025
upd  555  steps 18219008  sps 6088  opp rand  loss +0.084  pg -0.0080  v 0.492  ev +0.99  adv_std 1.032  tR +0.36  ent[s/d/p/e] 0.94/0.55/0.75/0.12  emits 4.71  spf 170.6  z0 0.02  garr 340.4  tG 1512  e2 0.65  nF 19.3  pS 0.26  ptS 0.25  fLog 0.69  pdΔ -0.2378  pkR 6.57  clip 0.27  kl +0.027
upd  556  steps 18251776  sps 6089  opp frzn  loss +0.069  pg -0.0098  v 0.425  ev +0.99  adv_std 0.962  tR +0.38  ent[s/d/p/e] 1.00/0.74/0.75/0.14  emits 4.20  spf 162.8  z0 0.01  garr 285.2  tG 1442  e2 0.58  nF 22.2  pS 0.26  ptS 0.25  fLog 0.64  pdΔ -0.2366  pkR 6.28  clip 0.27  kl +0.024
upd  557  steps 18284544  sps 6089  opp frzn  loss +0.095  pg -0.0083  v 0.549  ev +0.99  adv_std 1.095  tR +0.16  ent[s/d/p/e] 1.03/0.72/0.73/0.16  emits 4.13  spf 167.6  z0 0.01  garr 309.5  tG 1510  e2 0.59  nF 21.3  pS 0.28  ptS 0.27  fLog 0.65  pdΔ -0.2219  pkR 6.64  clip 0.28  kl +0.023
upd  558  steps 18317312  sps 6090  opp rand  loss +0.102  pg -0.0090  v 0.586  ev +0.99  adv_std 1.123  tR +0.44  ent[s/d/p/e] 0.99/0.64/0.73/0.13  emits 4.92  spf 164.5  z0 0.01  garr 332.6  tG 1437  e2 0.69  nF 21.9  pS 0.27  ptS 0.25  fLog 0.67  pdΔ -0.2342  pkR 6.30  clip 0.29  kl +0.027
upd  559  steps 18350080  sps 6090  opp frzn  loss +0.088  pg -0.0082  v 0.514  ev +0.99  adv_std 1.058  tR +0.59  ent[s/d/p/e] 0.94/0.62/0.74/0.11  emits 4.95  spf 192.1  z0 0.01  garr 390.0  tG 1643  e2 0.68  nF 20.4  pS 0.26  ptS 0.24  fLog 0.69  pdΔ -0.2369  pkR 6.56  clip 0.30  kl +0.032
upd  560  steps 18382848  sps 6091  opp frzn  loss +0.065  pg -0.0107  v 0.411  ev +0.99  adv_std 0.949  tR +0.29  ent[s/d/p/e] 0.95/0.78/0.78/0.16  emits 4.17  spf 171.2  z0 0.02  garr 281.7  tG 1417  e2 0.60  nF 24.7  pS 0.26  ptS 0.25  fLog 0.64  pdΔ -0.2369  pkR 8.67  clip 0.29  kl +0.030
upd  561  steps 18415616  sps 6092  opp rand  loss +0.091  pg -0.0101  v 0.538  ev +0.99  adv_std 1.077  tR +0.32  ent[s/d/p/e] 1.12/0.96/0.74/0.14  emits 4.58  spf 147.2  z0 0.01  garr 253.9  tG 1340  e2 0.65  nF 30.1  pS 0.29  ptS 0.27  fLog 0.60  pdΔ -0.2121  pkR 10.55  clip 0.31  kl +0.029
upd  562  steps 18448384  sps 6093  opp rand  loss +0.078  pg -0.0100  v 0.475  ev +0.99  adv_std 1.013  tR +0.51  ent[s/d/p/e] 1.08/0.84/0.71/0.13  emits 4.66  spf 142.1  z0 0.01  garr 279.2  tG 1336  e2 0.65  nF 26.9  pS 0.29  ptS 0.28  fLog 0.63  pdΔ -0.2080  pkR 6.81  clip 0.29  kl +0.022
upd  563  steps 18481152  sps 6093  opp rand  loss +0.113  pg -0.0075  v 0.635  ev +0.99  adv_std 1.169  tR +0.54  ent[s/d/p/e] 1.03/0.84/0.74/0.15  emits 4.47  spf 143.7  z0 0.01  garr 282.8  tG 1286  e2 0.65  nF 25.9  pS 0.28  ptS 0.26  fLog 0.62  pdΔ -0.2228  pkR 7.41  clip 0.30  kl +0.025
upd  564  steps 18513920  sps 6094  opp frzn  loss +0.077  pg -0.0099  v 0.466  ev +0.99  adv_std 1.008  tR +0.43  ent[s/d/p/e] 0.97/0.66/0.74/0.13  emits 4.51  spf 168.6  z0 0.01  garr 313.0  tG 1530  e2 0.63  nF 21.5  pS 0.27  ptS 0.26  fLog 0.66  pdΔ -0.2252  pkR 7.71  clip 0.27  kl +0.024
upd  565  steps 18546688  sps 6094  opp frzn  loss +0.095  pg -0.0081  v 0.544  ev +0.99  adv_std 1.083  tR +0.61  ent[s/d/p/e] 0.86/0.54/0.79/0.13  emits 4.49  spf 172.6  z0 0.01  garr 339.7  tG 1498  e2 0.64  nF 18.8  pS 0.25  ptS 0.24  fLog 0.68  pdΔ -0.2457  pkR 10.25  clip 0.27  kl +0.023
upd  566  steps 18579456  sps 6095  opp rand  loss +0.066  pg -0.0105  v 0.414  ev +0.99  adv_std 0.948  tR +0.19  ent[s/d/p/e] 0.92/0.71/0.79/0.13  emits 4.53  spf 140.0  z0 0.01  garr 297.0  tG 1188  e2 0.65  nF 24.9  pS 0.24  ptS 0.22  fLog 0.63  pdΔ -0.2591  pkR 8.19  clip 0.28  kl +0.023
upd  567  steps 18612224  sps 6095  opp frzn  loss +0.090  pg -0.0071  v 0.515  ev +0.99  adv_std 1.059  tR +0.39  ent[s/d/p/e] 0.91/0.69/0.78/0.14  emits 4.46  spf 148.3  z0 0.01  garr 313.7  tG 1335  e2 0.64  nF 22.0  pS 0.25  ptS 0.24  fLog 0.63  pdΔ -0.2478  pkR 8.41  clip 0.30  kl +0.026
upd  568  steps 18644992  sps 6096  opp rand  loss +0.088  pg -0.0102  v 0.523  ev +0.99  adv_std 1.059  tR +0.36  ent[s/d/p/e] 0.96/0.68/0.76/0.11  emits 4.97  spf 160.0  z0 0.01  garr 342.7  tG 1476  e2 0.70  nF 22.7  pS 0.27  ptS 0.26  fLog 0.66  pdΔ -0.2298  pkR 7.87  clip 0.28  kl +0.023
upd  569  steps 18677760  sps 6097  opp frzn  loss +0.067  pg -0.0110  v 0.422  ev +0.99  adv_std 0.965  tR +0.37  ent[s/d/p/e] 0.96/0.68/0.76/0.14  emits 4.28  spf 170.5  z0 0.00  garr 304.2  tG 1505  e2 0.61  nF 21.2  pS 0.27  ptS 0.25  fLog 0.66  pdΔ -0.2339  pkR 5.90  clip 0.26  kl +0.018
upd  570  steps 18710528  sps 6097  opp frzn  loss +0.072  pg -0.0087  v 0.434  ev +0.99  adv_std 0.971  tR +0.32  ent[s/d/p/e] 0.87/0.58/0.77/0.13  emits 4.53  spf 184.7  z0 0.01  garr 364.0  tG 1557  e2 0.65  nF 19.7  pS 0.24  ptS 0.23  fLog 0.67  pdΔ -0.2552  pkR 7.21  clip 0.30  kl +0.029
upd  571  steps 18743296  sps 6098  opp rand  loss +0.107  pg -0.0092  v 0.616  ev +0.99  adv_std 1.152  tR +0.29  ent[s/d/p/e] 1.06/0.84/0.71/0.15  emits 4.59  spf 131.0  z0 0.01  garr 287.5  tG 1267  e2 0.66  nF 27.9  pS 0.28  ptS 0.26  fLog 0.61  pdΔ -0.2230  pkR 5.33  clip 0.30  kl +0.029
upd  572  steps 18776064  sps 6099  opp rand  loss +0.096  pg -0.0077  v 0.550  ev +0.99  adv_std 1.088  tR +0.38  ent[s/d/p/e] 0.99/0.69/0.71/0.11  emits 4.77  spf 146.8  z0 0.02  garr 296.8  tG 1423  e2 0.67  nF 24.8  pS 0.27  ptS 0.25  fLog 0.64  pdΔ -0.2342  pkR 7.76  clip 0.27  kl +0.021
upd  573  steps 18808832  sps 6099  opp frzn  loss +0.065  pg -0.0092  v 0.398  ev +0.99  adv_std 0.935  tR +0.06  ent[s/d/p/e] 0.92/0.58/0.69/0.13  emits 4.43  spf 180.1  z0 0.01  garr 332.5  tG 1587  e2 0.63  nF 19.2  pS 0.26  ptS 0.25  fLog 0.68  pdΔ -0.2386  pkR 6.69  clip 0.27  kl +0.022
upd  574  steps 18841600  sps 6099  opp frzn  loss +0.106  pg -0.0082  v 0.600  ev +0.99  adv_std 1.130  tR +0.09  ent[s/d/p/e] 0.91/0.61/0.76/0.15  emits 4.23  spf 202.8  z0 0.01  garr 328.7  tG 1696  e2 0.61  nF 19.5  pS 0.27  ptS 0.25  fLog 0.68  pdΔ -0.2341  pkR 6.47  clip 0.25  kl +0.020
upd  575  steps 18874368  sps 6100  opp frzn  loss +0.101  pg -0.0091  v 0.583  ev +0.99  adv_std 1.119  tR +0.19  ent[s/d/p/e] 1.01/0.72/0.72/0.18  emits 4.11  spf 141.9  z0 0.00  garr 283.0  tG 1425  e2 0.60  nF 22.2  pS 0.28  ptS 0.26  fLog 0.63  pdΔ -0.2233  pkR 8.23  clip 0.26  kl +0.017
upd  576  steps 18907136  sps 6100  opp rand  loss +0.129  pg -0.0096  v 0.726  ev +0.99  adv_std 1.247  tR +0.50  ent[s/d/p/e] 1.05/0.82/0.68/0.13  emits 4.70  spf 144.3  z0 0.01  garr 304.2  tG 1314  e2 0.66  nF 26.3  pS 0.26  ptS 0.25  fLog 0.62  pdΔ -0.2390  pkR 7.97  clip 0.27  kl +0.023
upd  577  steps 18939904  sps 6101  opp frzn  loss +0.111  pg -0.0094  v 0.630  ev +0.99  adv_std 1.167  tR +0.29  ent[s/d/p/e] 0.96/0.58/0.70/0.13  emits 4.50  spf 166.3  z0 0.01  garr 346.2  tG 1650  e2 0.63  nF 18.1  pS 0.28  ptS 0.26  fLog 0.68  pdΔ -0.2242  pkR 5.52  clip 0.28  kl +0.022
upd  578  steps 18972672  sps 6101  opp frzn  loss +0.086  pg -0.0076  v 0.500  ev +0.99  adv_std 1.042  tR +0.25  ent[s/d/p/e] 0.91/0.61/0.74/0.13  emits 4.32  spf 174.7  z0 0.01  garr 333.5  tG 1526  e2 0.61  nF 18.8  pS 0.26  ptS 0.24  fLog 0.67  pdΔ -0.2445  pkR 7.61  clip 0.28  kl +0.025
upd  579  steps 19005440  sps 6101  opp frzn  loss +0.099  pg -0.0087  v 0.569  ev +0.99  adv_std 1.105  tR +0.18  ent[s/d/p/e] 0.88/0.60/0.73/0.13  emits 4.41  spf 153.9  z0 0.01  garr 317.9  tG 1464  e2 0.64  nF 19.7  pS 0.25  ptS 0.24  fLog 0.66  pdΔ -0.2497  pkR 7.14  clip 0.26  kl +0.023
upd  580  steps 19038208  sps 6102  opp frzn  loss +0.097  pg -0.0099  v 0.566  ev +0.99  adv_std 1.106  tR +0.19  ent[s/d/p/e] 0.86/0.61/0.74/0.14  emits 4.13  spf 182.3  z0 0.01  garr 313.1  tG 1442  e2 0.58  nF 19.2  pS 0.24  ptS 0.22  fLog 0.66  pdΔ -0.2629  pkR 7.27  clip 0.25  kl +0.022
upd  581  steps 19070976  sps 6103  opp rand  loss +0.081  pg -0.0107  v 0.490  ev +0.99  adv_std 1.032  tR +0.25  ent[s/d/p/e] 1.04/0.78/0.66/0.14  emits 4.44  spf 139.1  z0 0.02  garr 275.3  tG 1285  e2 0.63  nF 24.3  pS 0.27  ptS 0.26  fLog 0.62  pdΔ -0.2262  pkR 10.11  clip 0.28  kl +0.026
upd  582  steps 19103744  sps 6103  opp rand  loss +0.115  pg -0.0087  v 0.652  ev +0.99  adv_std 1.185  tR +0.48  ent[s/d/p/e] 1.03/0.84/0.69/0.12  emits 4.70  spf 152.1  z0 0.01  garr 294.3  tG 1362  e2 0.65  nF 25.4  pS 0.26  ptS 0.25  fLog 0.62  pdΔ -0.2386  pkR 6.97  clip 0.29  kl +0.025
upd  583  steps 19136512  sps 6104  opp rand  loss +0.120  pg -0.0020  v 0.644  ev +0.99  adv_std 1.172  tR +0.34  ent[s/d/p/e] 1.11/0.74/0.67/0.13  emits 4.66  spf 132.3  z0 0.01  garr 264.3  tG 1351  e2 0.65  nF 26.1  pS 0.30  ptS 0.28  fLog 0.63  pdΔ -0.2003  pkR 6.85  clip 0.29  kl +0.024
upd  584  steps 19169280  sps 6105  opp frzn  loss +0.075  pg -0.0089  v 0.451  ev +0.99  adv_std 0.990  tR +0.33  ent[s/d/p/e] 0.98/0.62/0.70/0.12  emits 4.61  spf 153.5  z0 0.01  garr 305.3  tG 1545  e2 0.64  nF 21.3  pS 0.27  ptS 0.26  fLog 0.66  pdΔ -0.2255  pkR 7.22  clip 0.28  kl +0.022
upd  585  steps 19202048  sps 6105  opp rand  loss +0.126  pg -0.0070  v 0.694  ev +0.99  adv_std 1.219  tR +0.60  ent[s/d/p/e] 0.95/0.59/0.69/0.11  emits 4.85  spf 194.3  z0 0.01  garr 351.8  tG 1704  e2 0.66  nF 21.4  pS 0.26  ptS 0.25  fLog 0.68  pdΔ -0.2378  pkR 7.42  clip 0.27  kl +0.025
upd  586  steps 19234816  sps 6106  opp frzn  loss +0.077  pg -0.0098  v 0.463  ev +0.99  adv_std 1.004  tR +0.46  ent[s/d/p/e] 0.99/0.63/0.69/0.12  emits 4.37  spf 140.4  z0 0.01  garr 299.7  tG 1343  e2 0.60  nF 20.4  pS 0.26  ptS 0.25  fLog 0.65  pdΔ -0.2384  pkR 7.13  clip 0.27  kl +0.021
upd  587  steps 19267584  sps 6106  opp frzn  loss +0.080  pg -0.0084  v 0.472  ev +0.99  adv_std 1.008  tR +0.29  ent[s/d/p/e] 0.92/0.58/0.71/0.12  emits 4.31  spf 165.8  z0 0.01  garr 352.5  tG 1372  e2 0.59  nF 19.6  pS 0.24  ptS 0.23  fLog 0.67  pdΔ -0.2593  pkR 6.22  clip 0.24  kl +0.019
upd  588  steps 19300352  sps 6106  opp frzn  loss +0.095  pg -0.0063  v 0.533  ev +0.99  adv_std 1.073  tR +0.09  ent[s/d/p/e] 0.91/0.54/0.67/0.13  emits 4.35  spf 129.4  z0 0.02  garr 290.7  tG 1206  e2 0.60  nF 19.8  pS 0.25  ptS 0.23  fLog 0.65  pdΔ -0.2464  pkR 8.81  clip 0.26  kl +0.021
upd  589  steps 19333120  sps 6107  opp rand  loss +0.087  pg -0.0102  v 0.517  ev +0.99  adv_std 1.061  tR +0.36  ent[s/d/p/e] 0.96/0.63/0.71/0.12  emits 4.80  spf 151.1  z0 0.01  garr 326.0  tG 1386  e2 0.67  nF 23.1  pS 0.26  ptS 0.24  fLog 0.65  pdΔ -0.2444  pkR 7.83  clip 0.26  kl +0.025
upd  590  steps 19365888  sps 6108  opp rand  loss +0.111  pg -0.0110  v 0.640  ev +0.99  adv_std 1.173  tR +0.54  ent[s/d/p/e] 0.94/0.62/0.69/0.13  emits 4.51  spf 140.1  z0 0.01  garr 286.9  tG 1244  e2 0.63  nF 21.9  pS 0.25  ptS 0.23  fLog 0.64  pdΔ -0.2464  pkR 7.05  clip 0.27  kl +0.024
upd  591  steps 19398656  sps 6108  opp frzn  loss +0.076  pg -0.0088  v 0.453  ev +0.99  adv_std 0.995  tR +0.31  ent[s/d/p/e] 0.96/0.63/0.69/0.12  emits 4.67  spf 148.3  z0 0.01  garr 334.7  tG 1533  e2 0.65  nF 21.2  pS 0.28  ptS 0.26  fLog 0.65  pdΔ -0.2237  pkR 6.59  clip 0.28  kl +0.024
upd  592  steps 19431424  sps 6109  opp rand  loss +0.130  pg -0.0092  v 0.728  ev +0.99  adv_std 1.250  tR +0.63  ent[s/d/p/e] 0.98/0.64/0.70/0.12  emits 4.61  spf 156.9  z0 0.01  garr 299.3  tG 1491  e2 0.65  nF 23.1  pS 0.28  ptS 0.27  fLog 0.65  pdΔ -0.2223  pkR 8.71  clip 0.27  kl +0.024
upd  593  steps 19464192  sps 6109  opp frzn  loss +0.091  pg -0.0066  v 0.516  ev +0.99  adv_std 1.053  tR +0.30  ent[s/d/p/e] 0.87/0.57/0.75/0.12  emits 4.40  spf 154.4  z0 0.02  garr 300.1  tG 1394  e2 0.62  nF 19.9  pS 0.25  ptS 0.23  fLog 0.66  pdΔ -0.2546  pkR 7.71  clip 0.27  kl +0.022
upd  594  steps 19496960  sps 6110  opp frzn  loss +0.099  pg -0.0085  v 0.567  ev +0.99  adv_std 1.102  tR +0.27  ent[s/d/p/e] 0.87/0.62/0.71/0.15  emits 4.08  spf 138.7  z0 0.02  garr 279.5  tG 1233  e2 0.59  nF 19.6  pS 0.24  ptS 0.22  fLog 0.64  pdΔ -0.2606  pkR 7.30  clip 0.24  kl +0.019
upd  595  steps 19529728  sps 6111  opp rand  loss +0.100  pg -0.0085  v 0.569  ev +0.99  adv_std 1.107  tR +0.32  ent[s/d/p/e] 0.91/0.54/0.69/0.11  emits 4.56  spf 156.9  z0 0.01  garr 300.2  tG 1408  e2 0.63  nF 20.0  pS 0.24  ptS 0.23  fLog 0.66  pdΔ -0.2551  pkR 9.22  clip 0.27  kl +0.026
upd  596  steps 19562496  sps 6111  opp frzn  loss +0.081  pg -0.0096  v 0.481  ev +0.99  adv_std 1.024  tR +0.19  ent[s/d/p/e] 0.92/0.45/0.66/0.12  emits 4.75  spf 142.5  z0 0.01  garr 352.0  tG 1446  e2 0.65  nF 17.5  pS 0.26  ptS 0.24  fLog 0.68  pdΔ -0.2385  pkR 7.43  clip 0.25  kl +0.019
upd  597  steps 19595264  sps 6112  opp rand  loss +0.124  pg -0.0085  v 0.689  ev +0.99  adv_std 1.219  tR +0.55  ent[s/d/p/e] 0.95/0.59/0.68/0.11  emits 4.65  spf 160.5  z0 0.01  garr 347.8  tG 1423  e2 0.64  nF 20.6  pS 0.25  ptS 0.24  fLog 0.66  pdΔ -0.2504  pkR 6.56  clip 0.26  kl +0.023
upd  598  steps 19628032  sps 6112  opp rand  loss +0.117  pg -0.0081  v 0.652  ev +0.99  adv_std 1.177  tR +0.26  ent[s/d/p/e] 0.92/0.64/0.69/0.12  emits 4.67  spf 133.8  z0 0.00  garr 279.3  tG 1211  e2 0.67  nF 21.4  pS 0.24  ptS 0.23  fLog 0.63  pdΔ -0.2601  pkR 6.69  clip 0.28  kl +0.026
upd  599  steps 19660800  sps 6113  opp frzn  loss +0.092  pg -0.0087  v 0.533  ev +0.99  adv_std 1.069  tR +0.52  ent[s/d/p/e] 0.91/0.52/0.68/0.11  emits 4.62  spf 157.4  z0 0.01  garr 326.2  tG 1453  e2 0.63  nF 17.9  pS 0.26  ptS 0.24  fLog 0.68  pdΔ -0.2447  pkR 8.18  clip 0.25  kl +0.019 WRr 0.94 WRf 0.94
upd  600  steps 19693568  sps 6092  opp rand  loss +0.112  pg -0.0107  v 0.643  ev +0.99  adv_std 1.177  tR +0.47  ent[s/d/p/e] 0.91/0.52/0.68/0.13  emits 4.67  spf 164.4  z0 0.01  garr 325.1  tG 1525  e2 0.66  nF 19.1  pS 0.28  ptS 0.25  fLog 0.68  pdΔ -0.2245  pkR 5.68  clip 0.25  kl +0.024
upd  601  steps 19726336  sps 6093  opp rand  loss +0.101  pg -0.0095  v 0.583  ev +0.99  adv_std 1.119  tR +0.37  ent[s/d/p/e] 0.98/0.71/0.67/0.12  emits 4.54  spf 152.7  z0 0.02  garr 305.5  tG 1425  e2 0.65  nF 23.6  pS 0.26  ptS 0.25  fLog 0.64  pdΔ -0.2356  pkR 9.74  clip 0.27  kl +0.023
upd  602  steps 19759104  sps 6094  opp frzn  loss +0.097  pg -0.0081  v 0.555  ev +0.99  adv_std 1.091  tR +0.11  ent[s/d/p/e] 0.97/0.59/0.65/0.11  emits 4.59  spf 145.7  z0 0.01  garr 314.2  tG 1461  e2 0.63  nF 19.1  pS 0.26  ptS 0.25  fLog 0.66  pdΔ -0.2361  pkR 7.85  clip 0.24  kl +0.020
upd  603  steps 19791872  sps 6094  opp rand  loss +0.084  pg -0.0078  v 0.488  ev +0.99  adv_std 1.025  tR +0.56  ent[s/d/p/e] 0.92/0.54/0.64/0.09  emits 4.87  spf 185.8  z0 0.01  garr 377.4  tG 1621  e2 0.65  nF 18.5  pS 0.25  ptS 0.24  fLog 0.69  pdΔ -0.2486  pkR 5.41  clip 0.23  kl +0.019
upd  604  steps 19824640  sps 6095  opp rand  loss +0.102  pg -0.0092  v 0.588  ev +0.99  adv_std 1.125  tR +0.73  ent[s/d/p/e] 1.02/0.60/0.65/0.10  emits 4.95  spf 161.5  z0 0.00  garr 342.4  tG 1571  e2 0.67  nF 20.3  pS 0.28  ptS 0.27  fLog 0.67  pdΔ -0.2182  pkR 6.55  clip 0.27  kl +0.023
upd  605  steps 19857408  sps 6096  opp rand  loss +0.108  pg -0.0101  v 0.618  ev +0.99  adv_std 1.151  tR +0.49  ent[s/d/p/e] 0.98/0.56/0.65/0.10  emits 4.80  spf 163.2  z0 0.00  garr 345.0  tG 1590  e2 0.65  nF 19.8  pS 0.27  ptS 0.25  fLog 0.67  pdΔ -0.2300  pkR 10.18  clip 0.23  kl +0.018
upd  606  steps 19890176  sps 6097  opp rand  loss +0.116  pg -0.0084  v 0.649  ev +0.99  adv_std 1.177  tR +0.55  ent[s/d/p/e] 0.86/0.49/0.70/0.12  emits 4.52  spf 152.4  z0 0.01  garr 328.2  tG 1368  e2 0.63  nF 17.6  pS 0.24  ptS 0.22  fLog 0.67  pdΔ -0.2613  pkR 8.28  clip 0.23  kl +0.019
upd  607  steps 19922944  sps 6097  opp frzn  loss +0.102  pg -0.0086  v 0.583  ev +0.99  adv_std 1.123  tR +0.06  ent[s/d/p/e] 0.88/0.47/0.68/0.14  emits 4.15  spf 144.1  z0 0.01  garr 301.3  tG 1378  e2 0.58  nF 16.8  pS 0.24  ptS 0.23  fLog 0.67  pdΔ -0.2571  pkR 6.29  clip 0.24  kl +0.019
upd  608  steps 19955712  sps 6098  opp frzn  loss +0.091  pg -0.0097  v 0.533  ev +0.99  adv_std 1.065  tR +0.56  ent[s/d/p/e] 0.89/0.54/0.68/0.10  emits 4.55  spf 183.2  z0 0.00  garr 338.1  tG 1651  e2 0.62  nF 19.5  pS 0.26  ptS 0.25  fLog 0.68  pdΔ -0.2381  pkR 7.16  clip 0.23  kl +0.018
upd  609  steps 19988480  sps 6098  opp frzn  loss +0.086  pg -0.0089  v 0.503  ev +0.99  adv_std 1.046  tR +0.31  ent[s/d/p/e] 0.82/0.55/0.70/0.14  emits 4.14  spf 133.8  z0 0.01  garr 298.0  tG 1245  e2 0.58  nF 17.3  pS 0.24  ptS 0.22  fLog 0.64  pdΔ -0.2585  pkR 8.58  clip 0.26  kl +0.021
upd  610  steps 20021248  sps 6099  opp rand  loss +0.132  pg -0.0073  v 0.725  ev +0.99  adv_std 1.242  tR +0.29  ent[s/d/p/e] 0.92/0.58/0.66/0.11  emits 4.68  spf 138.2  z0 0.01  garr 323.5  tG 1358  e2 0.64  nF 19.8  pS 0.25  ptS 0.24  fLog 0.66  pdΔ -0.2468  pkR 8.93  clip 0.25  kl +0.019
upd  611  steps 20054016  sps 6099  opp frzn  loss +0.088  pg -0.0091  v 0.515  ev +0.99  adv_std 1.058  tR +0.21  ent[s/d/p/e] 0.89/0.48/0.63/0.12  emits 4.38  spf 165.4  z0 0.01  garr 309.0  tG 1543  e2 0.60  nF 17.2  pS 0.27  ptS 0.25  fLog 0.68  pdΔ -0.2287  pkR 7.43  clip 0.25  kl +0.018
upd  612  steps 20086784  sps 6099  opp frzn  loss +0.081  pg -0.0094  v 0.480  ev +0.99  adv_std 1.017  tR +0.40  ent[s/d/p/e] 1.05/0.58/0.62/0.12  emits 4.61  spf 170.9  z0 0.00  garr 333.7  tG 1751  e2 0.63  nF 20.8  pS 0.30  ptS 0.29  fLog 0.68  pdΔ -0.1954  pkR 7.99  clip 0.26  kl +0.021
upd  613  steps 20119552  sps 6100  opp rand  loss +0.113  pg -0.0097  v 0.642  ev +0.99  adv_std 1.175  tR +0.34  ent[s/d/p/e] 0.86/0.46/0.65/0.12  emits 4.50  spf 175.1  z0 0.01  garr 339.8  tG 1493  e2 0.62  nF 17.4  pS 0.25  ptS 0.23  fLog 0.69  pdΔ -0.2527  pkR 6.86  clip 0.25  kl +0.020
upd  614  steps 20152320  sps 6101  opp rand  loss +0.097  pg -0.0091  v 0.557  ev +0.99  adv_std 1.093  tR +0.41  ent[s/d/p/e] 0.93/0.57/0.65/0.11  emits 4.69  spf 157.2  z0 0.02  garr 343.8  tG 1417  e2 0.65  nF 20.9  pS 0.24  ptS 0.23  fLog 0.66  pdΔ -0.2566  pkR 7.56  clip 0.26  kl +0.024
upd  615  steps 20185088  sps 6101  opp frzn  loss +0.097  pg -0.0091  v 0.555  ev +0.99  adv_std 1.098  tR +0.28  ent[s/d/p/e] 0.84/0.46/0.66/0.11  emits 4.58  spf 144.1  z0 0.01  garr 335.7  tG 1332  e2 0.63  nF 17.3  pS 0.24  ptS 0.22  fLog 0.67  pdΔ -0.2626  pkR 6.55  clip 0.25  kl +0.023
upd  616  steps 20217856  sps 6102  opp frzn  loss +0.093  pg -0.0077  v 0.530  ev +0.99  adv_std 1.073  tR +0.04  ent[s/d/p/e] 0.83/0.49/0.68/0.12  emits 4.18  spf 161.1  z0 0.02  garr 327.4  tG 1355  e2 0.57  nF 16.7  pS 0.22  ptS 0.21  fLog 0.68  pdΔ -0.2756  pkR 6.16  clip 0.25  kl +0.021
upd  617  steps 20250624  sps 6102  opp frzn  loss +0.106  pg -0.0086  v 0.599  ev +0.99  adv_std 1.128  tR +0.19  ent[s/d/p/e] 0.88/0.50/0.64/0.13  emits 4.11  spf 157.7  z0 0.00  garr 304.3  tG 1383  e2 0.56  nF 16.8  pS 0.25  ptS 0.23  fLog 0.67  pdΔ -0.2464  pkR 8.02  clip 0.24  kl +0.018
upd  618  steps 20283392  sps 6102  opp frzn  loss +0.095  pg -0.0105  v 0.557  ev +0.99  adv_std 1.099  tR +0.16  ent[s/d/p/e] 0.91/0.55/0.64/0.13  emits 3.96  spf 142.9  z0 0.01  garr 280.4  tG 1279  e2 0.55  nF 17.5  pS 0.25  ptS 0.24  fLog 0.65  pdΔ -0.2487  pkR 9.55  clip 0.25  kl +0.021
upd  619  steps 20316160  sps 6102  opp frzn  loss +0.110  pg -0.0103  v 0.628  ev +0.99  adv_std 1.166  tR -0.10  ent[s/d/p/e] 0.92/0.47/0.62/0.14  emits 4.33  spf 130.5  z0 0.01  garr 282.0  tG 1322  e2 0.60  nF 17.1  pS 0.26  ptS 0.25  fLog 0.66  pdΔ -0.2381  pkR 6.43  clip 0.24  kl +0.021
upd  620  steps 20348928  sps 6103  opp rand  loss +0.084  pg -0.0089  v 0.489  ev +0.99  adv_std 1.029  tR +0.30  ent[s/d/p/e] 0.88/0.45/0.65/0.10  emits 4.72  spf 173.2  z0 0.01  garr 343.5  tG 1479  e2 0.63  nF 17.4  pS 0.24  ptS 0.23  fLog 0.69  pdΔ -0.2600  pkR 6.32  clip 0.25  kl +0.022
upd  621  steps 20381696  sps 6103  opp frzn  loss +0.085  pg -0.0095  v 0.500  ev +0.99  adv_std 1.045  tR +0.24  ent[s/d/p/e] 0.89/0.49/0.64/0.11  emits 4.55  spf 130.7  z0 0.01  garr 309.7  tG 1275  e2 0.61  nF 19.1  pS 0.25  ptS 0.23  fLog 0.66  pdΔ -0.2518  pkR 8.51  clip 0.27  kl +0.023
upd  622  steps 20414464  sps 6104  opp frzn  loss +0.077  pg -0.0088  v 0.455  ev +0.99  adv_std 0.999  tR +0.26  ent[s/d/p/e] 0.84/0.49/0.66/0.11  emits 4.26  spf 151.4  z0 0.01  garr 328.5  tG 1329  e2 0.58  nF 16.8  pS 0.23  ptS 0.21  fLog 0.67  pdΔ -0.2697  pkR 9.72  clip 0.26  kl +0.023
upd  623  steps 20447232  sps 6105  opp rand  loss +0.127  pg -0.0070  v 0.700  ev +0.99  adv_std 1.220  tR +0.36  ent[s/d/p/e] 0.93/0.55/0.63/0.11  emits 4.64  spf 164.5  z0 0.01  garr 335.6  tG 1470  e2 0.63  nF 19.9  pS 0.25  ptS 0.24  fLog 0.67  pdΔ -0.2469  pkR 7.72  clip 0.25  kl +0.025
upd  624  steps 20480000  sps 6105  opp rand  loss +0.089  pg -0.0104  v 0.523  ev +0.99  adv_std 1.059  tR +0.33  ent[s/d/p/e] 1.00/0.66/0.58/0.10  emits 4.70  spf 141.4  z0 0.00  garr 309.8  tG 1272  e2 0.63  nF 23.6  pS 0.24  ptS 0.23  fLog 0.64  pdΔ -0.2566  pkR 9.47  clip 0.24  kl +0.023
upd  625  steps 20512768  sps 6106  opp rand  loss +0.103  pg -0.0084  v 0.587  ev +0.99  adv_std 1.122  tR +0.44  ent[s/d/p/e] 0.96/0.54/0.60/0.09  emits 5.03  spf 156.9  z0 0.01  garr 352.3  tG 1526  e2 0.68  nF 19.7  pS 0.27  ptS 0.25  fLog 0.68  pdΔ -0.2344  pkR 6.12  clip 0.25  kl +0.022
upd  626  steps 20545536  sps 6106  opp frzn  loss +0.071  pg -0.0109  v 0.439  ev +0.99  adv_std 0.981  tR +0.42  ent[s/d/p/e] 0.94/0.58/0.64/0.12  emits 4.12  spf 162.0  z0 0.01  garr 302.1  tG 1390  e2 0.57  nF 18.8  pS 0.24  ptS 0.23  fLog 0.66  pdΔ -0.2588  pkR 8.42  clip 0.25  kl +0.023
upd  627  steps 20578304  sps 6107  opp frzn  loss +0.084  pg -0.0107  v 0.498  ev +0.99  adv_std 1.041  tR +0.21  ent[s/d/p/e] 0.89/0.50/0.62/0.11  emits 4.49  spf 160.3  z0 0.01  garr 332.3  tG 1490  e2 0.61  nF 18.9  pS 0.26  ptS 0.25  fLog 0.68  pdΔ -0.2392  pkR 6.84  clip 0.25  kl +0.022
upd  628  steps 20611072  sps 6107  opp frzn  loss +0.107  pg -0.0099  v 0.612  ev +0.99  adv_std 1.152  tR +0.23  ent[s/d/p/e] 0.85/0.51/0.63/0.14  emits 4.04  spf 150.2  z0 0.00  garr 290.5  tG 1290  e2 0.56  nF 16.4  pS 0.24  ptS 0.22  fLog 0.66  pdΔ -0.2649  pkR 7.38  clip 0.25  kl +0.023
upd  629  steps 20643840  sps 6107  opp frzn  loss +0.099  pg -0.0071  v 0.557  ev +0.99  adv_std 1.091  tR +0.00  ent[s/d/p/e] 0.81/0.45/0.61/0.12  emits 4.27  spf 165.5  z0 0.01  garr 330.1  tG 1390  e2 0.58  nF 15.6  pS 0.23  ptS 0.21  fLog 0.69  pdΔ -0.2720  pkR 6.09  clip 0.23  kl +0.022
upd  630  steps 20676608  sps 6108  opp frzn  loss +0.105  pg -0.0090  v 0.596  ev +0.99  adv_std 1.135  tR +0.04  ent[s/d/p/e] 0.82/0.50/0.63/0.12  emits 3.98  spf 150.7  z0 0.01  garr 298.3  tG 1293  e2 0.54  nF 16.0  pS 0.22  ptS 0.21  fLog 0.66  pdΔ -0.2760  pkR 6.62  clip 0.23  kl +0.017
upd  631  steps 20709376  sps 6108  opp frzn  loss +0.079  pg -0.0089  v 0.464  ev +0.99  adv_std 1.009  tR -0.20  ent[s/d/p/e] 0.85/0.43/0.60/0.11  emits 4.55  spf 185.6  z0 0.00  garr 384.7  tG 1704  e2 0.62  nF 14.0  pS 0.25  ptS 0.23  fLog 0.71  pdΔ -0.2547  pkR 6.06  clip 0.22  kl +0.018
upd  632  steps 20742144  sps 6109  opp rand  loss +0.126  pg -0.0102  v 0.712  ev +0.99  adv_std 1.236  tR +0.35  ent[s/d/p/e] 0.99/0.70/0.62/0.12  emits 4.44  spf 156.3  z0 0.01  garr 315.4  tG 1353  e2 0.61  nF 22.3  pS 0.25  ptS 0.24  fLog 0.64  pdΔ -0.2469  pkR 7.52  clip 0.24  kl +0.020
upd  633  steps 20774912  sps 6109  opp frzn  loss +0.088  pg -0.0097  v 0.516  ev +0.99  adv_std 1.060  tR +0.59  ent[s/d/p/e] 1.02/0.62/0.60/0.11  emits 4.65  spf 144.6  z0 0.00  garr 318.1  tG 1482  e2 0.63  nF 21.4  pS 0.29  ptS 0.27  fLog 0.66  pdΔ -0.2106  pkR 6.60  clip 0.24  kl +0.019
upd  634  steps 20807680  sps 6109  opp frzn  loss +0.085  pg -0.0088  v 0.494  ev +0.99  adv_std 1.032  tR +0.13  ent[s/d/p/e] 0.86/0.47/0.60/0.11  emits 4.36  spf 150.3  z0 0.00  garr 339.9  tG 1373  e2 0.58  nF 15.4  pS 0.24  ptS 0.22  fLog 0.67  pdΔ -0.2622  pkR 7.59  clip 0.23  kl +0.019
upd  635  steps 20840448  sps 6110  opp rand  loss +0.093  pg -0.0095  v 0.541  ev +0.99  adv_std 1.077  tR +0.30  ent[s/d/p/e] 0.95/0.54/0.59/0.10  emits 4.92  spf 144.1  z0 0.00  garr 339.6  tG 1383  e2 0.66  nF 20.0  pS 0.25  ptS 0.23  fLog 0.67  pdΔ -0.2544  pkR 5.70  clip 0.25  kl +0.021
upd  636  steps 20873216  sps 6111  opp rand  loss +0.082  pg -0.0100  v 0.488  ev +0.99  adv_std 1.032  tR +0.38  ent[s/d/p/e] 0.87/0.50/0.60/0.09  emits 4.65  spf 174.3  z0 0.01  garr 361.4  tG 1448  e2 0.61  nF 18.5  pS 0.22  ptS 0.21  fLog 0.69  pdΔ -0.2778  pkR 6.83  clip 0.24  kl +0.022
upd  637  steps 20905984  sps 6111  opp frzn  loss +0.105  pg -0.0086  v 0.595  ev +0.99  adv_std 1.126  tR +0.29  ent[s/d/p/e] 0.94/0.54/0.58/0.10  emits 4.53  spf 159.2  z0 0.01  garr 364.7  tG 1435  e2 0.60  nF 20.4  pS 0.25  ptS 0.23  fLog 0.68  pdΔ -0.2497  pkR 7.57  clip 0.23  kl +0.020
upd  638  steps 20938752  sps 6112  opp rand  loss +0.107  pg -0.0105  v 0.615  ev +0.99  adv_std 1.150  tR +0.13  ent[s/d/p/e] 0.94/0.52/0.56/0.12  emits 4.47  spf 138.2  z0 0.01  garr 313.0  tG 1253  e2 0.61  nF 18.6  pS 0.24  ptS 0.23  fLog 0.66  pdΔ -0.2559  pkR 6.52  clip 0.23  kl +0.018
upd  639  steps 20971520  sps 6112  opp rand  loss +0.089  pg -0.0100  v 0.521  ev +0.99  adv_std 1.063  tR +0.29  ent[s/d/p/e] 0.97/0.52/0.54/0.09  emits 4.95  spf 162.8  z0 0.00  garr 359.9  tG 1617  e2 0.66  nF 18.9  pS 0.27  ptS 0.26  fLog 0.69  pdΔ -0.2259  pkR 7.81  clip 0.24  kl +0.020
upd  640  steps 21004288  sps 6113  opp frzn  loss +0.114  pg -0.0093  v 0.644  ev +0.99  adv_std 1.177  tR +0.52  ent[s/d/p/e] 0.97/0.67/0.57/0.12  emits 4.15  spf 142.5  z0 0.00  garr 292.9  tG 1365  e2 0.56  nF 21.1  pS 0.27  ptS 0.25  fLog 0.64  pdΔ -0.2336  pkR 9.01  clip 0.25  kl +0.023
upd  641  steps 21037056  sps 6113  opp frzn  loss +0.082  pg -0.0102  v 0.486  ev +0.99  adv_std 1.026  tR +0.13  ent[s/d/p/e] 0.89/0.52/0.58/0.11  emits 4.31  spf 160.7  z0 0.01  garr 336.2  tG 1435  e2 0.57  nF 18.3  pS 0.25  ptS 0.23  fLog 0.67  pdΔ -0.2537  pkR 7.63  clip 0.23  kl +0.018
upd  642  steps 21069824  sps 6113  opp frzn  loss +0.121  pg -0.0098  v 0.681  ev +0.99  adv_std 1.209  tR -0.05  ent[s/d/p/e] 0.87/0.44/0.57/0.14  emits 4.00  spf 148.2  z0 0.00  garr 318.9  tG 1361  e2 0.54  nF 15.0  pS 0.24  ptS 0.23  fLog 0.68  pdΔ -0.2600  pkR 7.11  clip 0.22  kl +0.021
upd  643  steps 21102592  sps 6114  opp frzn  loss +0.125  pg -0.0108  v 0.706  ev +0.99  adv_std 1.225  tR +0.19  ent[s/d/p/e] 0.87/0.51/0.59/0.11  emits 4.32  spf 181.3  z0 0.01  garr 350.7  tG 1540  e2 0.58  nF 17.4  pS 0.23  ptS 0.22  fLog 0.68  pdΔ -0.2681  pkR 8.43  clip 0.24  kl +0.021
upd  644  steps 21135360  sps 6114  opp rand  loss +0.120  pg -0.0097  v 0.679  ev +0.99  adv_std 1.205  tR +0.24  ent[s/d/p/e] 0.97/0.67/0.57/0.13  emits 4.11  spf 135.5  z0 0.01  garr 283.2  tG 1198  e2 0.56  nF 21.3  pS 0.24  ptS 0.23  fLog 0.62  pdΔ -0.2631  pkR 9.11  clip 0.24  kl +0.020
upd  645  steps 21168128  sps 6115  opp frzn  loss +0.118  pg -0.0093  v 0.664  ev +0.99  adv_std 1.198  tR +0.16  ent[s/d/p/e] 0.95/0.60/0.57/0.12  emits 4.12  spf 135.3  z0 0.01  garr 288.2  tG 1256  e2 0.54  nF 19.4  pS 0.25  ptS 0.23  fLog 0.65  pdΔ -0.2486  pkR 5.46  clip 0.23  kl +0.019
upd  646  steps 21200896  sps 6115  opp rand  loss +0.105  pg -0.0092  v 0.598  ev +0.99  adv_std 1.134  tR +0.30  ent[s/d/p/e] 0.94/0.49/0.57/0.09  emits 4.72  spf 148.7  z0 0.01  garr 348.4  tG 1410  e2 0.62  nF 19.8  pS 0.25  ptS 0.23  fLog 0.68  pdΔ -0.2468  pkR 5.81  clip 0.23  kl +0.018
upd  647  steps 21233664  sps 6116  opp rand  loss +0.091  pg -0.0101  v 0.532  ev +0.99  adv_std 1.080  tR +0.13  ent[s/d/p/e] 1.03/0.67/0.55/0.09  emits 4.90  spf 143.0  z0 0.01  garr 354.2  tG 1336  e2 0.65  nF 24.2  pS 0.26  ptS 0.24  fLog 0.64  pdΔ -0.2425  pkR 8.83  clip 0.25  kl +0.021
upd  648  steps 21266432  sps 6117  opp rand  loss +0.107  pg -0.0084  v 0.605  ev +0.99  adv_std 1.143  tR +0.54  ent[s/d/p/e] 0.96/0.55/0.59/0.10  emits 4.83  spf 145.3  z0 0.01  garr 365.9  tG 1430  e2 0.65  nF 22.0  pS 0.26  ptS 0.24  fLog 0.67  pdΔ -0.2386  pkR 5.91  clip 0.24  kl +0.020
upd  649  steps 21299200  sps 6118  opp rand  loss +0.105  pg -0.0084  v 0.595  ev +0.99  adv_std 1.133  tR +0.31  ent[s/d/p/e] 0.91/0.48/0.57/0.09  emits 4.78  spf 165.5  z0 0.01  garr 351.0  tG 1579  e2 0.63  nF 19.8  pS 0.25  ptS 0.23  fLog 0.68  pdΔ -0.2520  pkR 10.10  clip 0.23  kl +0.022 WRr 0.97 WRf 0.91
upd  650  steps 21331968  sps 6099  opp frzn  loss +0.096  pg -0.0077  v 0.543  ev +0.99  adv_std 1.078  tR +0.21  ent[s/d/p/e] 0.91/0.44/0.58/0.10  emits 4.65  spf 164.3  z0 0.00  garr 379.2  tG 1579  e2 0.61  nF 18.0  pS 0.25  ptS 0.23  fLog 0.70  pdΔ -0.2533  pkR 6.61  clip 0.21  kl +0.016
upd  651  steps 21364736  sps 6100  opp frzn  loss +0.078  pg -0.0115  v 0.473  ev +0.99  adv_std 1.010  tR -0.04  ent[s/d/p/e] 0.88/0.50/0.56/0.11  emits 4.46  spf 176.3  z0 0.00  garr 380.5  tG 1570  e2 0.60  nF 17.9  pS 0.23  ptS 0.22  fLog 0.69  pdΔ -0.2656  pkR 6.38  clip 0.20  kl +0.014
upd  652  steps 21397504  sps 6100  opp rand  loss +0.089  pg -0.0092  v 0.521  ev +0.99  adv_std 1.058  tR +0.52  ent[s/d/p/e] 1.06/0.70/0.53/0.09  emits 4.92  spf 153.5  z0 0.01  garr 363.9  tG 1468  e2 0.65  nF 25.7  pS 0.27  ptS 0.25  fLog 0.65  pdΔ -0.2303  pkR 6.30  clip 0.23  kl +0.017
upd  653  steps 21430272  sps 6101  opp rand  loss +0.106  pg -0.0074  v 0.596  ev +0.99  adv_std 1.134  tR +0.37  ent[s/d/p/e] 1.08/0.81/0.60/0.10  emits 4.65  spf 115.6  z0 0.01  garr 272.5  tG 1201  e2 0.62  nF 27.7  pS 0.27  ptS 0.25  fLog 0.60  pdΔ -0.2275  pkR 8.18  clip 0.26  kl +0.022
upd  654  steps 21463040  sps 6102  opp frzn  loss +0.116  pg -0.0101  v 0.658  ev +0.99  adv_std 1.189  tR +0.28  ent[s/d/p/e] 0.89/0.55/0.59/0.11  emits 4.25  spf 149.2  z0 0.01  garr 316.6  tG 1395  e2 0.56  nF 19.8  pS 0.25  ptS 0.24  fLog 0.66  pdΔ -0.2496  pkR 8.70  clip 0.23  kl +0.019
upd  655  steps 21495808  sps 6102  opp frzn  loss +0.138  pg -0.0110  v 0.770  ev +0.98  adv_std 1.281  tR +0.21  ent[s/d/p/e] 0.84/0.44/0.57/0.11  emits 4.57  spf 128.8  z0 0.01  garr 300.4  tG 1299  e2 0.62  nF 17.2  pS 0.24  ptS 0.22  fLog 0.66  pdΔ -0.2581  pkR 7.38  clip 0.18  kl +0.015
upd  656  steps 21528576  sps 6103  opp rand  loss +0.104  pg -0.0107  v 0.598  ev +0.99  adv_std 1.133  tR +0.15  ent[s/d/p/e] 0.90/0.49/0.53/0.08  emits 4.96  spf 158.8  z0 0.00  garr 372.8  tG 1493  e2 0.65  nF 18.0  pS 0.25  ptS 0.22  fLog 0.69  pdΔ -0.2534  pkR 7.03  clip 0.22  kl +0.020
upd  657  steps 21561344  sps 6103  opp frzn  loss +0.109  pg -0.0084  v 0.616  ev +0.99  adv_std 1.150  tR +0.32  ent[s/d/p/e] 0.89/0.56/0.59/0.12  emits 4.31  spf 151.5  z0 0.01  garr 310.9  tG 1386  e2 0.58  nF 19.3  pS 0.24  ptS 0.23  fLog 0.65  pdΔ -0.2577  pkR 8.53  clip 0.22  kl +0.017
upd  658  steps 21594112  sps 6103  opp frzn  loss +0.103  pg -0.0105  v 0.594  ev +0.99  adv_std 1.133  tR +0.22  ent[s/d/p/e] 0.89/0.50/0.58/0.11  emits 4.37  spf 135.4  z0 0.01  garr 290.4  tG 1347  e2 0.59  nF 18.3  pS 0.24  ptS 0.23  fLog 0.65  pdΔ -0.2579  pkR 9.77  clip 0.23  kl +0.018
upd  659  steps 21626880  sps 6104  opp rand  loss +0.091  pg -0.0092  v 0.528  ev +0.99  adv_std 1.068  tR +0.42  ent[s/d/p/e] 0.92/0.64/0.61/0.10  emits 4.60  spf 153.3  z0 0.01  garr 306.0  tG 1383  e2 0.62  nF 21.9  pS 0.24  ptS 0.23  fLog 0.64  pdΔ -0.2568  pkR 10.82  clip 0.25  kl +0.021
upd  660  steps 21659648  sps 6104  opp frzn  loss +0.084  pg -0.0096  v 0.492  ev +0.99  adv_std 1.034  tR +0.18  ent[s/d/p/e] 0.96/0.58/0.56/0.09  emits 4.68  spf 176.5  z0 0.00  garr 352.0  tG 1716  e2 0.62  nF 19.6  pS 0.27  ptS 0.26  fLog 0.68  pdΔ -0.2260  pkR 6.06  clip 0.23  kl +0.019
upd  661  steps 21692416  sps 6104  opp frzn  loss +0.083  pg -0.0086  v 0.486  ev +0.99  adv_std 1.030  tR +0.10  ent[s/d/p/e] 0.90/0.56/0.59/0.11  emits 4.68  spf 164.4  z0 0.00  garr 343.6  tG 1604  e2 0.64  nF 18.8  pS 0.25  ptS 0.24  fLog 0.67  pdΔ -0.2486  pkR 6.78  clip 0.22  kl +0.018
upd  662  steps 21725184  sps 6105  opp rand  loss +0.091  pg -0.0082  v 0.522  ev +0.99  adv_std 1.059  tR +0.53  ent[s/d/p/e] 0.96/0.63/0.57/0.09  emits 4.87  spf 148.1  z0 0.00  garr 319.0  tG 1400  e2 0.65  nF 22.7  pS 0.26  ptS 0.24  fLog 0.65  pdΔ -0.2430  pkR 7.54  clip 0.22  kl +0.017
upd  663  steps 21757952  sps 6105  opp frzn  loss +0.082  pg -0.0086  v 0.480  ev +0.99  adv_std 1.018  tR +0.28  ent[s/d/p/e] 0.94/0.67/0.56/0.10  emits 4.52  spf 126.6  z0 0.00  garr 305.5  tG 1241  e2 0.61  nF 21.5  pS 0.24  ptS 0.23  fLog 0.63  pdΔ -0.2618  pkR 7.63  clip 0.24  kl +0.020
upd  664  steps 21790720  sps 6106  opp rand  loss +0.106  pg -0.0097  v 0.605  ev +0.99  adv_std 1.140  tR +0.09  ent[s/d/p/e] 0.96/0.61/0.57/0.09  emits 4.82  spf 155.0  z0 0.01  garr 356.1  tG 1458  e2 0.64  nF 22.1  pS 0.25  ptS 0.24  fLog 0.66  pdΔ -0.2528  pkR 6.32  clip 0.22  kl +0.018
upd  665  steps 21823488  sps 6107  opp rand  loss +0.129  pg -0.0095  v 0.722  ev +0.99  adv_std 1.241  tR +0.40  ent[s/d/p/e] 0.95/0.61/0.61/0.10  emits 4.72  spf 132.5  z0 0.01  garr 329.7  tG 1294  e2 0.63  nF 22.3  pS 0.25  ptS 0.23  fLog 0.64  pdΔ -0.2512  pkR 7.33  clip 0.22  kl +0.019
upd  666  steps 21856256  sps 6107  opp frzn  loss +0.090  pg -0.0105  v 0.530  ev +0.99  adv_std 1.068  tR +0.00  ent[s/d/p/e] 0.96/0.53/0.56/0.09  emits 4.55  spf 147.2  z0 0.00  garr 341.1  tG 1447  e2 0.60  nF 20.3  pS 0.26  ptS 0.24  fLog 0.67  pdΔ -0.2419  pkR 7.03  clip 0.22  kl +0.018
upd  667  steps 21889024  sps 6108  opp rand  loss +0.104  pg -0.0096  v 0.598  ev +0.99  adv_std 1.134  tR +0.29  ent[s/d/p/e] 1.01/0.72/0.57/0.10  emits 4.50  spf 139.9  z0 0.01  garr 296.4  tG 1315  e2 0.61  nF 25.2  pS 0.26  ptS 0.25  fLog 0.63  pdΔ -0.2409  pkR 7.88  clip 0.23  kl +0.017
upd  668  steps 21921792  sps 6108  opp frzn  loss +0.087  pg -0.0095  v 0.508  ev +0.99  adv_std 1.049  tR +0.29  ent[s/d/p/e] 0.92/0.59/0.55/0.10  emits 4.54  spf 133.9  z0 0.01  garr 290.7  tG 1369  e2 0.60  nF 21.3  pS 0.26  ptS 0.25  fLog 0.64  pdΔ -0.2435  pkR 7.25  clip 0.23  kl +0.020
upd  669  steps 21954560  sps 6108  opp frzn  loss +0.100  pg -0.0107  v 0.583  ev +0.99  adv_std 1.125  tR +0.08  ent[s/d/p/e] 1.01/0.70/0.56/0.11  emits 4.64  spf 152.1  z0 0.00  garr 311.0  tG 1529  e2 0.62  nF 23.3  pS 0.27  ptS 0.26  fLog 0.64  pdΔ -0.2291  pkR 7.18  clip 0.24  kl +0.018
upd  670  steps 21987328  sps 6109  opp frzn  loss +0.107  pg -0.0086  v 0.603  ev +0.99  adv_std 1.142  tR -0.06  ent[s/d/p/e] 0.93/0.62/0.55/0.13  emits 4.32  spf 160.4  z0 0.00  garr 301.5  tG 1543  e2 0.60  nF 20.5  pS 0.26  ptS 0.25  fLog 0.65  pdΔ -0.2353  pkR 8.01  clip 0.21  kl +0.015
upd  671  steps 22020096  sps 6109  opp rand  loss +0.102  pg -0.0107  v 0.590  ev +0.99  adv_std 1.129  tR +0.28  ent[s/d/p/e] 0.99/0.69/0.55/0.09  emits 4.68  spf 153.9  z0 0.01  garr 303.4  tG 1429  e2 0.63  nF 24.2  pS 0.26  ptS 0.24  fLog 0.64  pdΔ -0.2427  pkR 6.69  clip 0.23  kl +0.019
upd  672  steps 22052864  sps 6110  opp rand  loss +0.117  pg -0.0091  v 0.659  ev +0.99  adv_std 1.181  tR +0.43  ent[s/d/p/e] 0.99/0.67/0.54/0.09  emits 4.88  spf 142.2  z0 0.01  garr 322.8  tG 1415  e2 0.65  nF 23.7  pS 0.26  ptS 0.24  fLog 0.64  pdΔ -0.2406  pkR 9.08  clip 0.21  kl +0.018
upd  673  steps 22085632  sps 6110  opp frzn  loss +0.103  pg -0.0087  v 0.585  ev +0.99  adv_std 1.122  tR +0.23  ent[s/d/p/e] 0.92/0.52/0.54/0.09  emits 4.96  spf 145.4  z0 0.01  garr 355.3  tG 1581  e2 0.66  nF 19.0  pS 0.25  ptS 0.23  fLog 0.67  pdΔ -0.2461  pkR 8.98  clip 0.22  kl +0.019
upd  674  steps 22118400  sps 6111  opp frzn  loss +0.110  pg -0.0076  v 0.615  ev +0.99  adv_std 1.146  tR +0.30  ent[s/d/p/e] 0.81/0.46/0.57/0.08  emits 4.87  spf 179.8  z0 0.00  garr 403.1  tG 1672  e2 0.64  nF 17.1  pS 0.22  ptS 0.21  fLog 0.69  pdΔ -0.2774  pkR 7.70  clip 0.20  kl +0.016
upd  675  steps 22151168  sps 6111  opp rand  loss +0.090  pg -0.0098  v 0.526  ev +0.99  adv_std 1.064  tR +0.32  ent[s/d/p/e] 0.89/0.76/0.63/0.10  emits 4.38  spf 132.7  z0 0.01  garr 294.7  tG 1170  e2 0.60  nF 22.9  pS 0.22  ptS 0.21  fLog 0.61  pdΔ -0.2812  pkR 7.54  clip 0.24  kl +0.019
upd  676  steps 22183936  sps 6112  opp frzn  loss +0.125  pg -0.0088  v 0.694  ev +0.99  adv_std 1.215  tR +0.25  ent[s/d/p/e] 0.95/0.61/0.55/0.13  emits 4.32  spf 127.6  z0 0.01  garr 281.9  tG 1403  e2 0.60  nF 20.3  pS 0.27  ptS 0.26  fLog 0.64  pdΔ -0.2270  pkR 5.81  clip 0.22  kl +0.018
upd  677  steps 22216704  sps 6112  opp frzn  loss +0.086  pg -0.0088  v 0.499  ev +0.99  adv_std 1.043  tR +0.30  ent[s/d/p/e] 0.92/0.54/0.57/0.09  emits 4.92  spf 143.3  z0 0.00  garr 319.5  tG 1512  e2 0.65  nF 20.7  pS 0.26  ptS 0.24  fLog 0.67  pdΔ -0.2385  pkR 5.93  clip 0.23  kl +0.019
upd  678  steps 22249472  sps 6113  opp rand  loss +0.086  pg -0.0106  v 0.512  ev +0.99  adv_std 1.050  tR +0.40  ent[s/d/p/e] 0.95/0.69/0.59/0.10  emits 4.88  spf 142.5  z0 0.00  garr 344.5  tG 1362  e2 0.66  nF 25.9  pS 0.25  ptS 0.23  fLog 0.63  pdΔ -0.2482  pkR 5.22  clip 0.24  kl +0.018
upd  679  steps 22282240  sps 6113  opp rand  loss +0.096  pg -0.0107  v 0.565  ev +0.99  adv_std 1.102  tR +0.37  ent[s/d/p/e] 1.03/0.85/0.61/0.10  emits 4.75  spf 126.6  z0 0.01  garr 291.9  tG 1329  e2 0.64  nF 27.7  pS 0.27  ptS 0.26  fLog 0.59  pdΔ -0.2264  pkR 8.40  clip 0.23  kl +0.019
upd  680  steps 22315008  sps 6114  opp rand  loss +0.110  pg -0.0088  v 0.626  ev +0.99  adv_std 1.160  tR +0.22  ent[s/d/p/e] 1.06/0.75/0.60/0.10  emits 4.80  spf 131.1  z0 0.00  garr 298.6  tG 1480  e2 0.64  nF 26.2  pS 0.29  ptS 0.27  fLog 0.63  pdΔ -0.2077  pkR 8.65  clip 0.23  kl +0.019
upd  681  steps 22347776  sps 6114  opp frzn  loss +0.085  pg -0.0087  v 0.498  ev +0.99  adv_std 1.037  tR +0.26  ent[s/d/p/e] 0.96/0.64/0.59/0.09  emits 4.46  spf 140.2  z0 0.00  garr 313.5  tG 1456  e2 0.58  nF 23.3  pS 0.26  ptS 0.25  fLog 0.65  pdΔ -0.2377  pkR 7.33  clip 0.22  kl +0.017
upd  682  steps 22380544  sps 6115  opp frzn  loss +0.101  pg -0.0105  v 0.585  ev +0.99  adv_std 1.121  tR +0.31  ent[s/d/p/e] 0.96/0.65/0.56/0.11  emits 4.51  spf 150.8  z0 0.00  garr 349.8  tG 1588  e2 0.61  nF 22.3  pS 0.28  ptS 0.26  fLog 0.66  pdΔ -0.2239  pkR 6.15  clip 0.21  kl +0.016
upd  683  steps 22413312  sps 6115  opp frzn  loss +0.107  pg -0.0085  v 0.605  ev +0.99  adv_std 1.140  tR +0.22  ent[s/d/p/e] 0.92/0.61/0.56/0.09  emits 4.78  spf 152.6  z0 0.01  garr 350.5  tG 1542  e2 0.64  nF 21.6  pS 0.25  ptS 0.24  fLog 0.65  pdΔ -0.2481  pkR 6.53  clip 0.23  kl +0.019
upd  684  steps 22446080  sps 6115  opp frzn  loss +0.102  pg -0.0063  v 0.566  ev +0.99  adv_std 1.097  tR +0.01  ent[s/d/p/e] 0.82/0.49/0.55/0.09  emits 4.59  spf 163.5  z0 0.01  garr 355.8  tG 1541  e2 0.61  nF 18.4  pS 0.23  ptS 0.22  fLog 0.68  pdΔ -0.2655  pkR 5.80  clip 0.21  kl +0.017
upd  685  steps 22478848  sps 6116  opp rand  loss +0.104  pg -0.0089  v 0.593  ev +0.99  adv_std 1.126  tR +0.26  ent[s/d/p/e] 0.86/0.59/0.56/0.10  emits 4.81  spf 152.7  z0 0.00  garr 336.5  tG 1424  e2 0.64  nF 20.9  pS 0.24  ptS 0.22  fLog 0.65  pdΔ -0.2615  pkR 6.74  clip 0.22  kl +0.018
upd  686  steps 22511616  sps 6116  opp frzn  loss +0.106  pg -0.0100  v 0.607  ev +0.99  adv_std 1.144  tR +0.29  ent[s/d/p/e] 0.88/0.60/0.55/0.10  emits 4.57  spf 146.6  z0 0.01  garr 344.7  tG 1423  e2 0.61  nF 19.7  pS 0.25  ptS 0.23  fLog 0.66  pdΔ -0.2545  pkR 7.17  clip 0.22  kl +0.018
upd  687  steps 22544384  sps 6117  opp rand  loss +0.137  pg -0.0105  v 0.764  ev +0.99  adv_std 1.274  tR +0.04  ent[s/d/p/e] 0.92/0.68/0.58/0.10  emits 4.88  spf 131.6  z0 0.01  garr 305.3  tG 1309  e2 0.66  nF 24.1  pS 0.25  ptS 0.23  fLog 0.62  pdΔ -0.2516  pkR 6.59  clip 0.21  kl +0.017
upd  688  steps 22577152  sps 6117  opp frzn  loss +0.096  pg -0.0103  v 0.560  ev +0.99  adv_std 1.101  tR +0.42  ent[s/d/p/e] 0.97/0.59/0.57/0.10  emits 4.58  spf 152.2  z0 0.00  garr 323.4  tG 1569  e2 0.61  nF 20.5  pS 0.27  ptS 0.26  fLog 0.66  pdΔ -0.2276  pkR 7.92  clip 0.21  kl +0.015
upd  689  steps 22609920  sps 6117  opp frzn  loss +0.077  pg -0.0105  v 0.465  ev +0.99  adv_std 1.011  tR +0.04  ent[s/d/p/e] 0.98/0.61/0.57/0.09  emits 4.87  spf 162.1  z0 0.01  garr 363.1  tG 1692  e2 0.65  nF 22.3  pS 0.27  ptS 0.25  fLog 0.67  pdΔ -0.2312  pkR 7.21  clip 0.22  kl +0.015
upd  690  steps 22642688  sps 6118  opp rand  loss +0.102  pg -0.0113  v 0.595  ev +0.99  adv_std 1.131  tR +0.32  ent[s/d/p/e] 0.94/0.60/0.57/0.09  emits 5.03  spf 157.6  z0 0.00  garr 365.7  tG 1578  e2 0.67  nF 22.9  pS 0.25  ptS 0.23  fLog 0.66  pdΔ -0.2489  pkR 9.87  clip 0.21  kl +0.019
upd  691  steps 22675456  sps 6119  opp rand  loss +0.085  pg -0.0109  v 0.506  ev +0.99  adv_std 1.048  tR +0.31  ent[s/d/p/e] 0.98/0.68/0.57/0.09  emits 4.81  spf 136.1  z0 0.01  garr 316.8  tG 1360  e2 0.64  nF 23.7  pS 0.26  ptS 0.24  fLog 0.64  pdΔ -0.2411  pkR 5.38  clip 0.22  kl +0.017
upd  692  steps 22708224  sps 6119  opp rand  loss +0.097  pg -0.0085  v 0.552  ev +0.99  adv_std 1.087  tR +0.43  ent[s/d/p/e] 0.90/0.59/0.58/0.09  emits 4.91  spf 156.1  z0 0.01  garr 341.2  tG 1520  e2 0.67  nF 22.7  pS 0.24  ptS 0.23  fLog 0.66  pdΔ -0.2576  pkR 8.88  clip 0.22  kl +0.016
upd  693  steps 22740992  sps 6120  opp frzn  loss +0.093  pg -0.0098  v 0.541  ev +0.99  adv_std 1.079  tR +0.30  ent[s/d/p/e] 0.91/0.59/0.57/0.10  emits 4.63  spf 141.5  z0 0.00  garr 322.8  tG 1483  e2 0.62  nF 21.1  pS 0.26  ptS 0.24  fLog 0.64  pdΔ -0.2450  pkR 7.08  clip 0.20  kl +0.015
upd  694  steps 22773760  sps 6120  opp rand  loss +0.097  pg -0.0095  v 0.562  ev +0.99  adv_std 1.101  tR +0.19  ent[s/d/p/e] 0.96/0.68/0.58/0.09  emits 5.13  spf 140.1  z0 0.01  garr 331.1  tG 1474  e2 0.69  nF 24.5  pS 0.26  ptS 0.25  fLog 0.64  pdΔ -0.2399  pkR 7.35  clip 0.23  kl +0.019
upd  695  steps 22806528  sps 6120  opp frzn  loss +0.080  pg -0.0105  v 0.481  ev +0.99  adv_std 1.025  tR +0.28  ent[s/d/p/e] 0.92/0.72/0.57/0.09  emits 4.55  spf 138.5  z0 0.00  garr 314.5  tG 1380  e2 0.61  nF 24.3  pS 0.25  ptS 0.24  fLog 0.62  pdΔ -0.2501  pkR 8.07  clip 0.23  kl +0.018
upd  696  steps 22839296  sps 6121  opp frzn  loss +0.091  pg -0.0102  v 0.532  ev +0.99  adv_std 1.066  tR +0.21  ent[s/d/p/e] 0.95/0.66/0.56/0.10  emits 4.80  spf 159.7  z0 0.00  garr 329.6  tG 1669  e2 0.65  nF 22.8  pS 0.27  ptS 0.26  fLog 0.65  pdΔ -0.2290  pkR 6.09  clip 0.20  kl +0.016
upd  697  steps 22872064  sps 6121  opp rand  loss +0.098  pg -0.0100  v 0.570  ev +0.99  adv_std 1.107  tR +0.39  ent[s/d/p/e] 1.00/0.85/0.56/0.09  emits 4.79  spf 147.4  z0 0.01  garr 305.1  tG 1404  e2 0.64  nF 27.5  pS 0.26  ptS 0.24  fLog 0.61  pdΔ -0.2440  pkR 7.24  clip 0.23  kl +0.019
upd  698  steps 22904832  sps 6122  opp frzn  loss +0.102  pg -0.0106  v 0.592  ev +0.99  adv_std 1.130  tR +0.15  ent[s/d/p/e] 0.99/0.67/0.54/0.09  emits 4.90  spf 132.2  z0 0.00  garr 341.0  tG 1480  e2 0.66  nF 24.1  pS 0.27  ptS 0.25  fLog 0.64  pdΔ -0.2347  pkR 6.34  clip 0.21  kl +0.013
upd  699  steps 22937600  sps 6122  opp rand  loss +0.099  pg -0.0104  v 0.573  ev +0.99  adv_std 1.110  tR +0.58  ent[s/d/p/e] 1.01/0.64/0.54/0.08  emits 5.24  spf 151.0  z0 0.00  garr 367.9  tG 1628  e2 0.70  nF 25.2  pS 0.28  ptS 0.26  fLog 0.66  pdΔ -0.2161  pkR 5.32  clip 0.22  kl +0.017 WRr 0.91 WRf 0.88
upd  700  steps 22970368  sps 6105  opp frzn  loss +0.095  pg -0.0098  v 0.553  ev +0.99  adv_std 1.092  tR +0.29  ent[s/d/p/e] 0.93/0.59/0.56/0.09  emits 4.74  spf 138.6  z0 0.00  garr 345.3  tG 1532  e2 0.63  nF 21.6  pS 0.27  ptS 0.25  fLog 0.65  pdΔ -0.2298  pkR 8.09  clip 0.21  kl +0.016
upd  701  steps 23003136  sps 6106  opp frzn  loss +0.087  pg -0.0101  v 0.513  ev +0.99  adv_std 1.050  tR +0.11  ent[s/d/p/e] 0.93/0.67/0.63/0.11  emits 4.59  spf 156.7  z0 0.01  garr 330.4  tG 1636  e2 0.63  nF 23.2  pS 0.26  ptS 0.25  fLog 0.64  pdΔ -0.2353  pkR 6.29  clip 0.21  kl +0.016
upd  702  steps 23035904  sps 6106  opp frzn  loss +0.111  pg -0.0085  v 0.625  ev +0.99  adv_std 1.157  tR +0.16  ent[s/d/p/e] 1.01/0.68/0.60/0.10  emits 4.78  spf 131.6  z0 0.00  garr 291.5  tG 1548  e2 0.65  nF 25.0  pS 0.28  ptS 0.27  fLog 0.62  pdΔ -0.2206  pkR 7.25  clip 0.22  kl +0.018
upd  703  steps 23068672  sps 6106  opp frzn  loss +0.089  pg -0.0093  v 0.519  ev +0.99  adv_std 1.057  tR +0.51  ent[s/d/p/e] 0.88/0.55/0.59/0.10  emits 4.80  spf 173.1  z0 0.00  garr 401.3  tG 1672  e2 0.65  nF 20.7  pS 0.25  ptS 0.23  fLog 0.68  pdΔ -0.2507  pkR 6.51  clip 0.22  kl +0.019
upd  704  steps 23101440  sps 6106  opp frzn  loss +0.111  pg -0.0098  v 0.631  ev +0.99  adv_std 1.163  tR -0.05  ent[s/d/p/e] 0.92/0.55/0.56/0.10  emits 4.75  spf 126.5  z0 0.00  garr 324.5  tG 1425  e2 0.64  nF 20.6  pS 0.26  ptS 0.24  fLog 0.64  pdΔ -0.2381  pkR 6.30  clip 0.19  kl +0.017
upd  705  steps 23134208  sps 6107  opp rand  loss +0.097  pg -0.0108  v 0.569  ev +0.99  adv_std 1.105  tR +0.59  ent[s/d/p/e] 0.98/0.68/0.60/0.09  emits 5.01  spf 145.3  z0 0.00  garr 335.2  tG 1432  e2 0.67  nF 25.6  pS 0.26  ptS 0.24  fLog 0.63  pdΔ -0.2431  pkR 7.76  clip 0.22  kl +0.017
upd  706  steps 23166976  sps 6108  opp rand  loss +0.108  pg -0.0106  v 0.620  ev +0.99  adv_std 1.155  tR +0.41  ent[s/d/p/e] 1.05/0.70/0.60/0.08  emits 5.11  spf 122.2  z0 0.01  garr 321.4  tG 1343  e2 0.68  nF 27.1  pS 0.28  ptS 0.26  fLog 0.62  pdΔ -0.2210  pkR 7.62  clip 0.23  kl +0.020
upd  707  steps 23199744  sps 6109  opp rand  loss +0.100  pg -0.0103  v 0.579  ev +0.99  adv_std 1.118  tR +0.42  ent[s/d/p/e] 1.01/0.79/0.63/0.10  emits 4.90  spf 114.3  z0 0.00  garr 283.0  tG 1240  e2 0.66  nF 28.9  pS 0.27  ptS 0.26  fLog 0.60  pdΔ -0.2271  pkR 6.15  clip 0.24  kl +0.021
upd  708  steps 23232512  sps 6109  opp rand  loss +0.106  pg -0.0083  v 0.602  ev +0.99  adv_std 1.137  tR +0.39  ent[s/d/p/e] 1.08/0.78/0.56/0.09  emits 4.96  spf 126.9  z0 0.00  garr 282.3  tG 1433  e2 0.67  nF 27.6  pS 0.30  ptS 0.29  fLog 0.61  pdΔ -0.2000  pkR 7.15  clip 0.23  kl +0.019
upd  709  steps 23265280  sps 6110  opp rand  loss +0.117  pg -0.0101  v 0.666  ev +0.99  adv_std 1.197  tR +0.52  ent[s/d/p/e] 1.01/0.74/0.60/0.10  emits 5.04  spf 128.7  z0 0.00  garr 295.4  tG 1416  e2 0.68  nF 27.4  pS 0.28  ptS 0.27  fLog 0.61  pdΔ -0.2212  pkR 7.79  clip 0.23  kl +0.018
upd  710  steps 23298048  sps 6111  opp rand  loss +0.122  pg -0.0090  v 0.684  ev +0.99  adv_std 1.213  tR +0.40  ent[s/d/p/e] 0.98/0.69/0.59/0.09  emits 4.97  spf 135.5  z0 0.01  garr 321.1  tG 1360  e2 0.67  nF 25.4  pS 0.26  ptS 0.24  fLog 0.62  pdΔ -0.2443  pkR 11.65  clip 0.23  kl +0.020
upd  711  steps 23330816  sps 6111  opp frzn  loss +0.071  pg -0.0102  v 0.436  ev +0.99  adv_std 0.972  tR +0.04  ent[s/d/p/e] 1.06/0.86/0.58/0.11  emits 4.35  spf 104.2  z0 0.01  garr 274.2  tG 1153  e2 0.59  nF 26.3  pS 0.26  ptS 0.25  fLog 0.59  pdΔ -0.2420  pkR 6.23  clip 0.22  kl +0.017
upd  712  steps 23363584  sps 6112  opp rand  loss +0.098  pg -0.0092  v 0.564  ev +0.99  adv_std 1.092  tR +0.21  ent[s/d/p/e] 1.01/0.76/0.59/0.09  emits 5.03  spf 130.6  z0 0.01  garr 302.4  tG 1446  e2 0.69  nF 27.2  pS 0.27  ptS 0.26  fLog 0.61  pdΔ -0.2285  pkR 8.44  clip 0.20  kl +0.015
upd  713  steps 23396352  sps 6112  opp rand  loss +0.112  pg -0.0099  v 0.638  ev +0.99  adv_std 1.173  tR +0.58  ent[s/d/p/e] 1.05/0.83/0.62/0.09  emits 5.05  spf 119.3  z0 0.01  garr 299.7  tG 1376  e2 0.69  nF 30.0  pS 0.28  ptS 0.26  fLog 0.59  pdΔ -0.2211  pkR 11.35  clip 0.24  kl +0.020
upd  714  steps 23429120  sps 6112  opp frzn  loss +0.082  pg -0.0090  v 0.479  ev +0.99  adv_std 1.018  tR -0.03  ent[s/d/p/e] 0.90/0.55/0.55/0.09  emits 4.91  spf 145.5  z0 0.01  garr 342.6  tG 1612  e2 0.66  nF 19.9  pS 0.26  ptS 0.25  fLog 0.67  pdΔ -0.2350  pkR 9.01  clip 0.18  kl +0.012
upd  715  steps 23461888  sps 6113  opp frzn  loss +0.086  pg -0.0084  v 0.499  ev +0.99  adv_std 1.044  tR -0.03  ent[s/d/p/e] 0.91/0.56/0.58/0.08  emits 5.00  spf 158.9  z0 0.00  garr 369.7  tG 1706  e2 0.67  nF 20.4  pS 0.27  ptS 0.25  fLog 0.67  pdΔ -0.2324  pkR 6.61  clip 0.20  kl +0.017
upd  716  steps 23494656  sps 6113  opp frzn  loss +0.101  pg -0.0111  v 0.587  ev +0.99  adv_std 1.125  tR +0.29  ent[s/d/p/e] 0.92/0.57/0.56/0.09  emits 5.02  spf 159.7  z0 0.00  garr 362.2  tG 1739  e2 0.68  nF 20.9  pS 0.27  ptS 0.26  fLog 0.66  pdΔ -0.2252  pkR 7.18  clip 0.21  kl +0.016
upd  717  steps 23527424  sps 6114  opp rand  loss +0.088  pg -0.0105  v 0.520  ev +0.99  adv_std 1.061  tR +0.42  ent[s/d/p/e] 0.91/0.66/0.57/0.09  emits 4.95  spf 151.4  z0 0.01  garr 347.7  tG 1524  e2 0.67  nF 24.2  pS 0.26  ptS 0.24  fLog 0.64  pdΔ -0.2421  pkR 8.25  clip 0.21  kl +0.017
upd  718  steps 23560192  sps 6114  opp frzn  loss +0.078  pg -0.0111  v 0.474  ev +0.99  adv_std 1.011  tR +0.06  ent[s/d/p/e] 1.02/0.71/0.56/0.09  emits 4.77  spf 139.6  z0 0.01  garr 311.9  tG 1530  e2 0.64  nF 26.0  pS 0.28  ptS 0.27  fLog 0.63  pdΔ -0.2219  pkR 8.33  clip 0.21  kl +0.015
upd  719  steps 23592960  sps 6115  opp rand  loss +0.109  pg -0.0083  v 0.616  ev +0.99  adv_std 1.144  tR +0.61  ent[s/d/p/e] 1.02/0.74/0.59/0.08  emits 5.04  spf 139.0  z0 0.00  garr 320.7  tG 1452  e2 0.67  nF 26.6  pS 0.27  ptS 0.25  fLog 0.61  pdΔ -0.2329  pkR 10.34  clip 0.22  kl +0.018
upd  720  steps 23625728  sps 6115  opp frzn  loss +0.110  pg -0.0094  v 0.626  ev +0.99  adv_std 1.160  tR +0.44  ent[s/d/p/e] 0.94/0.68/0.54/0.09  emits 4.67  spf 132.5  z0 0.00  garr 320.3  tG 1344  e2 0.62  nF 22.2  pS 0.25  ptS 0.23  fLog 0.63  pdΔ -0.2544  pkR 6.38  clip 0.22  kl +0.018
upd  721  steps 23658496  sps 6115  opp rand  loss +0.114  pg -0.0084  v 0.640  ev +0.99  adv_std 1.170  tR +0.31  ent[s/d/p/e] 0.98/0.74/0.56/0.10  emits 4.99  spf 136.4  z0 0.00  garr 325.6  tG 1390  e2 0.68  nF 25.9  pS 0.26  ptS 0.24  fLog 0.61  pdΔ -0.2433  pkR 7.78  clip 0.21  kl +0.015
upd  722  steps 23691264  sps 6116  opp frzn  loss +0.081  pg -0.0083  v 0.474  ev +0.99  adv_std 1.015  tR +0.29  ent[s/d/p/e] 0.96/0.69/0.57/0.08  emits 4.89  spf 139.3  z0 0.01  garr 333.1  tG 1480  e2 0.65  nF 24.2  pS 0.26  ptS 0.24  fLog 0.63  pdΔ -0.2429  pkR 6.51  clip 0.22  kl +0.018
upd  723  steps 23724032  sps 6116  opp rand  loss +0.118  pg -0.0095  v 0.666  ev +0.99  adv_std 1.189  tR +0.31  ent[s/d/p/e] 1.00/0.71/0.57/0.08  emits 5.27  spf 152.1  z0 0.01  garr 382.0  tG 1512  e2 0.71  nF 26.9  pS 0.26  ptS 0.24  fLog 0.64  pdΔ -0.2423  pkR 7.70  clip 0.21  kl +0.019
upd  724  steps 23756800  sps 6117  opp frzn  loss +0.110  pg -0.0116  v 0.637  ev +0.99  adv_std 1.169  tR +0.26  ent[s/d/p/e] 1.05/0.79/0.54/0.10  emits 4.82  spf 129.5  z0 0.01  garr 323.6  tG 1400  e2 0.65  nF 27.8  pS 0.28  ptS 0.26  fLog 0.61  pdΔ -0.2190  pkR 6.44  clip 0.23  kl +0.017
upd  725  steps 23789568  sps 6117  opp rand  loss +0.096  pg -0.0103  v 0.563  ev +0.99  adv_std 1.100  tR +0.35  ent[s/d/p/e] 1.07/0.81/0.56/0.09  emits 5.15  spf 127.1  z0 0.00  garr 329.3  tG 1362  e2 0.69  nF 28.0  pS 0.27  ptS 0.25  fLog 0.61  pdΔ -0.2343  pkR 6.11  clip 0.23  kl +0.021
upd  726  steps 23822336  sps 6117  opp frzn  loss +0.107  pg -0.0092  v 0.610  ev +0.99  adv_std 1.144  tR +0.26  ent[s/d/p/e] 0.96/0.61/0.52/0.09  emits 5.16  spf 115.7  z0 0.00  garr 337.8  tG 1402  e2 0.69  nF 22.9  pS 0.26  ptS 0.24  fLog 0.62  pdΔ -0.2383  pkR 7.31  clip 0.21  kl +0.015
upd  727  steps 23855104  sps 6118  opp rand  loss +0.123  pg -0.0076  v 0.682  ev +0.99  adv_std 1.203  tR +0.48  ent[s/d/p/e] 0.97/0.71/0.56/0.07  emits 5.45  spf 140.2  z0 0.00  garr 401.7  tG 1431  e2 0.73  nF 28.0  pS 0.24  ptS 0.22  fLog 0.63  pdΔ -0.2594  pkR 8.12  clip 0.23  kl +0.019
upd  728  steps 23887872  sps 6118  opp frzn  loss +0.121  pg -0.0087  v 0.674  ev +0.99  adv_std 1.199  tR +0.39  ent[s/d/p/e] 1.02/0.73/0.52/0.09  emits 4.94  spf 121.5  z0 0.00  garr 326.1  tG 1355  e2 0.66  nF 26.2  pS 0.27  ptS 0.25  fLog 0.61  pdΔ -0.2274  pkR 6.36  clip 0.22  kl +0.016
upd  729  steps 23920640  sps 6119  opp rand  loss +0.085  pg -0.0099  v 0.501  ev +0.99  adv_std 1.037  tR +0.55  ent[s/d/p/e] 1.02/0.75/0.56/0.07  emits 5.40  spf 140.6  z0 0.00  garr 373.8  tG 1491  e2 0.73  nF 28.3  pS 0.26  ptS 0.24  fLog 0.63  pdΔ -0.2412  pkR 8.75  clip 0.20  kl +0.014
upd  730  steps 23953408  sps 6119  opp frzn  loss +0.081  pg -0.0091  v 0.475  ev +0.99  adv_std 1.011  tR +0.28  ent[s/d/p/e] 0.92/0.63/0.55/0.09  emits 4.60  spf 126.4  z0 0.01  garr 313.1  tG 1306  e2 0.61  nF 21.4  pS 0.24  ptS 0.23  fLog 0.63  pdΔ -0.2551  pkR 6.09  clip 0.21  kl +0.015
upd  731  steps 23986176  sps 6120  opp rand  loss +0.093  pg -0.0105  v 0.545  ev +0.99  adv_std 1.079  tR +0.28  ent[s/d/p/e] 1.07/0.85/0.53/0.08  emits 5.07  spf 130.8  z0 0.00  garr 335.9  tG 1357  e2 0.69  nF 28.4  pS 0.27  ptS 0.26  fLog 0.60  pdΔ -0.2336  pkR 6.16  clip 0.22  kl +0.016
upd  732  steps 24018944  sps 6121  opp rand  loss +0.113  pg -0.0112  v 0.653  ev +0.99  adv_std 1.185  tR +0.28  ent[s/d/p/e] 1.03/0.85/0.58/0.09  emits 4.88  spf 129.4  z0 0.00  garr 283.6  tG 1293  e2 0.66  nF 29.5  pS 0.26  ptS 0.25  fLog 0.60  pdΔ -0.2400  pkR 8.83  clip 0.23  kl +0.017
upd  733  steps 24051712  sps 6121  opp rand  loss +0.093  pg -0.0069  v 0.527  ev +0.99  adv_std 1.063  tR +0.38  ent[s/d/p/e] 1.00/0.85/0.58/0.08  emits 4.88  spf 144.7  z0 0.01  garr 338.2  tG 1359  e2 0.66  nF 26.6  pS 0.25  ptS 0.23  fLog 0.61  pdΔ -0.2488  pkR 7.98  clip 0.22  kl +0.017
upd  734  steps 24084480  sps 6122  opp rand  loss +0.115  pg -0.0086  v 0.646  ev +0.99  adv_std 1.174  tR +0.25  ent[s/d/p/e] 1.03/0.88/0.54/0.10  emits 4.97  spf 117.6  z0 0.00  garr 294.9  tG 1257  e2 0.68  nF 29.1  pS 0.26  ptS 0.25  fLog 0.58  pdΔ -0.2423  pkR 9.45  clip 0.22  kl +0.017
upd  735  steps 24117248  sps 6123  opp rand  loss +0.109  pg -0.0076  v 0.616  ev +0.99  adv_std 1.150  tR +0.30  ent[s/d/p/e] 1.10/0.97/0.56/0.08  emits 5.14  spf 124.4  z0 0.02  garr 308.7  tG 1333  e2 0.69  nF 31.4  pS 0.27  ptS 0.26  fLog 0.58  pdΔ -0.2284  pkR 7.65  clip 0.23  kl +0.020
upd  736  steps 24150016  sps 6123  opp frzn  loss +0.142  pg -0.0090  v 0.785  ev +0.99  adv_std 1.288  tR +0.30  ent[s/d/p/e] 1.00/0.91/0.60/0.10  emits 4.93  spf 117.2  z0 0.01  garr 311.4  tG 1236  e2 0.68  nF 29.0  pS 0.25  ptS 0.23  fLog 0.58  pdΔ -0.2495  pkR 7.66  clip 0.22  kl +0.017
upd  737  steps 24182784  sps 6123  opp frzn  loss +0.096  pg -0.0095  v 0.556  ev +0.99  adv_std 1.091  tR +0.05  ent[s/d/p/e] 0.89/0.69/0.56/0.10  emits 4.68  spf 137.0  z0 0.01  garr 349.4  tG 1334  e2 0.64  nF 22.8  pS 0.23  ptS 0.22  fLog 0.62  pdΔ -0.2727  pkR 9.40  clip 0.21  kl +0.015
upd  738  steps 24215552  sps 6123  opp frzn  loss +0.113  pg -0.0094  v 0.637  ev +0.99  adv_std 1.165  tR -0.11  ent[s/d/p/e] 0.92/0.63/0.52/0.08  emits 5.07  spf 141.3  z0 0.01  garr 366.1  tG 1521  e2 0.69  nF 22.4  pS 0.25  ptS 0.24  fLog 0.65  pdΔ -0.2506  pkR 7.89  clip 0.18  kl +0.014
upd  739  steps 24248320  sps 6123  opp frzn  loss +0.113  pg -0.0087  v 0.638  ev +0.99  adv_std 1.164  tR +0.26  ent[s/d/p/e] 0.91/0.69/0.57/0.09  emits 4.91  spf 158.9  z0 0.01  garr 381.9  tG 1579  e2 0.66  nF 23.3  pS 0.25  ptS 0.23  fLog 0.64  pdΔ -0.2529  pkR 8.59  clip 0.21  kl +0.015
upd  740  steps 24281088  sps 6124  opp frzn  loss +0.108  pg -0.0090  v 0.615  ev +0.99  adv_std 1.148  tR -0.11  ent[s/d/p/e] 1.04/0.68/0.49/0.08  emits 5.04  spf 139.0  z0 0.00  garr 367.5  tG 1538  e2 0.67  nF 26.0  pS 0.28  ptS 0.26  fLog 0.64  pdΔ -0.2223  pkR 6.39  clip 0.20  kl +0.013
upd  741  steps 24313856  sps 6124  opp frzn  loss +0.100  pg -0.0107  v 0.584  ev +0.99  adv_std 1.122  tR -0.10  ent[s/d/p/e] 1.01/0.66/0.53/0.08  emits 5.02  spf 143.4  z0 0.00  garr 370.6  tG 1573  e2 0.68  nF 23.3  pS 0.27  ptS 0.25  fLog 0.64  pdΔ -0.2327  pkR 7.53  clip 0.19  kl +0.013
upd  742  steps 24346624  sps 6124  opp frzn  loss +0.087  pg -0.0103  v 0.511  ev +0.99  adv_std 1.052  tR -0.05  ent[s/d/p/e] 0.97/0.51/0.51/0.07  emits 5.08  spf 143.4  z0 0.00  garr 383.0  tG 1586  e2 0.67  nF 20.7  pS 0.26  ptS 0.25  fLog 0.67  pdΔ -0.2417  pkR 8.69  clip 0.18  kl +0.012
upd  743  steps 24379392  sps 6125  opp rand  loss +0.085  pg -0.0092  v 0.499  ev +0.99  adv_std 1.037  tR +0.40  ent[s/d/p/e] 0.99/0.79/0.53/0.07  emits 5.08  spf 153.6  z0 0.00  garr 363.6  tG 1475  e2 0.69  nF 26.8  pS 0.24  ptS 0.23  fLog 0.63  pdΔ -0.2632  pkR 9.95  clip 0.20  kl +0.015
upd  744  steps 24412160  sps 6125  opp rand  loss +0.093  pg -0.0105  v 0.548  ev +0.99  adv_std 1.087  tR +0.44  ent[s/d/p/e] 1.03/0.78/0.57/0.07  emits 5.26  spf 128.9  z0 0.00  garr 345.7  tG 1365  e2 0.70  nF 26.2  pS 0.26  ptS 0.24  fLog 0.62  pdΔ -0.2446  pkR 6.56  clip 0.22  kl +0.018
upd  745  steps 24444928  sps 6126  opp rand  loss +0.107  pg -0.0091  v 0.612  ev +0.99  adv_std 1.144  tR +0.44  ent[s/d/p/e] 1.05/0.88/0.60/0.08  emits 4.74  spf 122.5  z0 0.01  garr 299.4  tG 1232  e2 0.63  nF 28.6  pS 0.25  ptS 0.24  fLog 0.59  pdΔ -0.2500  pkR 8.73  clip 0.22  kl +0.017
upd  746  steps 24477696  sps 6126  opp frzn  loss +0.084  pg -0.0100  v 0.498  ev +0.99  adv_std 1.036  tR +0.33  ent[s/d/p/e] 1.00/0.72/0.55/0.09  emits 4.84  spf 143.4  z0 0.00  garr 330.8  tG 1511  e2 0.65  nF 24.4  pS 0.26  ptS 0.25  fLog 0.63  pdΔ -0.2360  pkR 6.97  clip 0.20  kl +0.014
upd  747  steps 24510464  sps 6127  opp rand  loss +0.112  pg -0.0093  v 0.634  ev +0.99  adv_std 1.164  tR +0.38  ent[s/d/p/e] 0.94/0.80/0.58/0.09  emits 4.97  spf 131.5  z0 0.00  garr 325.8  tG 1308  e2 0.69  nF 24.8  pS 0.24  ptS 0.23  fLog 0.60  pdΔ -0.2607  pkR 7.32  clip 0.22  kl +0.018
upd  748  steps 24543232  sps 6127  opp frzn  loss +0.097  pg -0.0106  v 0.567  ev +0.99  adv_std 1.101  tR +0.31  ent[s/d/p/e] 0.96/0.65/0.54/0.07  emits 4.94  spf 152.5  z0 0.00  garr 379.8  tG 1632  e2 0.66  nF 22.3  pS 0.26  ptS 0.24  fLog 0.66  pdΔ -0.2417  pkR 6.48  clip 0.18  kl +0.013
upd  749  steps 24576000  sps 6127  opp frzn  loss +0.132  pg -0.0060  v 0.719  ev +0.99  adv_std 1.228  tR +0.26  ent[s/d/p/e] 0.96/0.75/0.55/0.09  emits 4.63  spf 125.8  z0 0.01  garr 320.9  tG 1282  e2 0.62  nF 23.7  pS 0.24  ptS 0.23  fLog 0.61  pdΔ -0.2595  pkR 9.43  clip 0.20  kl +0.013 WRr 1.00 WRf 0.97
upd  750  steps 24608768  sps 6110  opp frzn  loss +0.078  pg -0.0106  v 0.469  ev +0.99  adv_std 1.011  tR +0.00  ent[s/d/p/e] 0.91/0.73/0.55/0.10  emits 4.74  spf 138.7  z0 0.01  garr 344.4  tG 1357  e2 0.66  nF 22.9  pS 0.23  ptS 0.22  fLog 0.62  pdΔ -0.2672  pkR 12.81  clip 0.20  kl +0.016
upd  751  steps 24641536  sps 6111  opp rand  loss +0.117  pg -0.0103  v 0.666  ev +0.99  adv_std 1.195  tR +0.22  ent[s/d/p/e] 0.91/0.73/0.57/0.10  emits 4.77  spf 139.4  z0 0.01  garr 346.6  tG 1298  e2 0.66  nF 23.3  pS 0.23  ptS 0.21  fLog 0.62  pdΔ -0.2716  pkR 6.90  clip 0.20  kl +0.015
upd  752  steps 24674304  sps 6112  opp rand  loss +0.097  pg -0.0098  v 0.564  ev +0.99  adv_std 1.100  tR +0.38  ent[s/d/p/e] 1.04/0.88/0.54/0.08  emits 5.05  spf 112.8  z0 0.01  garr 318.0  tG 1238  e2 0.68  nF 28.5  pS 0.26  ptS 0.24  fLog 0.59  pdΔ -0.2444  pkR 6.28  clip 0.19  kl +0.014
upd  753  steps 24707072  sps 6112  opp frzn  loss +0.116  pg -0.0101  v 0.658  ev +0.99  adv_std 1.189  tR -0.10  ent[s/d/p/e] 0.94/0.67/0.54/0.09  emits 5.02  spf 119.3  z0 0.00  garr 316.2  tG 1410  e2 0.69  nF 23.0  pS 0.26  ptS 0.25  fLog 0.62  pdΔ -0.2410  pkR 7.08  clip 0.19  kl +0.012
upd  754  steps 24739840  sps 6112  opp frzn  loss +0.101  pg -0.0100  v 0.582  ev +0.99  adv_std 1.117  tR -0.14  ent[s/d/p/e] 0.96/0.65/0.55/0.09  emits 5.09  spf 150.4  z0 0.00  garr 368.9  tG 1739  e2 0.69  nF 24.0  pS 0.27  ptS 0.26  fLog 0.65  pdΔ -0.2267  pkR 5.85  clip 0.19  kl +0.013
upd  755  steps 24772608  sps 6112  opp frzn  loss +0.096  pg -0.0098  v 0.558  ev +0.99  adv_std 1.094  tR +0.32  ent[s/d/p/e] 1.03/0.66/0.52/0.08  emits 4.98  spf 143.4  z0 0.00  garr 345.3  tG 1644  e2 0.66  nF 23.7  pS 0.28  ptS 0.27  fLog 0.65  pdΔ -0.2207  pkR 6.83  clip 0.18  kl +0.011
upd  756  steps 24805376  sps 6113  opp rand  loss +0.102  pg -0.0094  v 0.586  ev +0.99  adv_std 1.120  tR +0.49  ent[s/d/p/e] 0.95/0.65/0.52/0.07  emits 5.52  spf 156.9  z0 0.00  garr 392.1  tG 1627  e2 0.74  nF 26.0  pS 0.25  ptS 0.24  fLog 0.65  pdΔ -0.2509  pkR 8.82  clip 0.19  kl +0.015
upd  757  steps 24838144  sps 6114  opp rand  loss +0.135  pg -0.0113  v 0.761  ev +0.99  adv_std 1.277  tR +0.45  ent[s/d/p/e] 0.92/0.73/0.62/0.10  emits 4.91  spf 120.9  z0 0.01  garr 325.9  tG 1178  e2 0.69  nF 25.3  pS 0.23  ptS 0.21  fLog 0.59  pdΔ -0.2734  pkR 11.12  clip 0.22  kl +0.019
upd  758  steps 24870912  sps 6114  opp frzn  loss +0.098  pg -0.0096  v 0.567  ev +0.99  adv_std 1.106  tR +0.10  ent[s/d/p/e] 0.98/0.69/0.54/0.09  emits 5.15  spf 129.9  z0 0.01  garr 338.1  tG 1485  e2 0.69  nF 26.0  pS 0.26  ptS 0.25  fLog 0.63  pdΔ -0.2378  pkR 7.10  clip 0.20  kl +0.014
upd  759  steps 24903680  sps 6114  opp rand  loss +0.096  pg -0.0105  v 0.559  ev +0.99  adv_std 1.097  tR +0.36  ent[s/d/p/e] 0.95/0.70/0.57/0.08  emits 4.83  spf 158.2  z0 0.01  garr 338.6  tG 1503  e2 0.64  nF 24.7  pS 0.25  ptS 0.24  fLog 0.64  pdΔ -0.2494  pkR 9.94  clip 0.20  kl +0.014
upd  760  steps 24936448  sps 6115  opp rand  loss +0.090  pg -0.0101  v 0.531  ev +0.99  adv_std 1.071  tR +0.43  ent[s/d/p/e] 1.08/0.81/0.52/0.08  emits 5.21  spf 122.1  z0 0.00  garr 311.3  tG 1382  e2 0.70  nF 30.6  pS 0.28  ptS 0.27  fLog 0.61  pdΔ -0.2152  pkR 5.60  clip 0.21  kl +0.015
upd  761  steps 24969216  sps 6115  opp frzn  loss +0.103  pg -0.0094  v 0.590  ev +0.99  adv_std 1.122  tR +0.30  ent[s/d/p/e] 0.95/0.68/0.57/0.09  emits 4.48  spf 136.1  z0 0.01  garr 317.1  tG 1408  e2 0.61  nF 22.9  pS 0.26  ptS 0.24  fLog 0.63  pdΔ -0.2450  pkR 8.23  clip 0.21  kl +0.017
upd  762  steps 25001984  sps 6116  opp frzn  loss +0.118  pg -0.0107  v 0.670  ev +0.99  adv_std 1.197  tR -0.13  ent[s/d/p/e] 0.93/0.68/0.53/0.11  emits 4.60  spf 135.6  z0 0.01  garr 316.8  tG 1452  e2 0.63  nF 21.8  pS 0.26  ptS 0.24  fLog 0.63  pdΔ -0.2388  pkR 6.85  clip 0.18  kl +0.014
upd  763  steps 25034752  sps 6116  opp frzn  loss +0.083  pg -0.0108  v 0.497  ev +0.99  adv_std 1.034  tR +0.10  ent[s/d/p/e] 0.93/0.75/0.58/0.10  emits 4.64  spf 141.5  z0 0.01  garr 305.7  tG 1429  e2 0.65  nF 24.2  pS 0.25  ptS 0.24  fLog 0.61  pdΔ -0.2475  pkR 7.14  clip 0.20  kl +0.014
upd  764  steps 25067520  sps 6116  opp rand  loss +0.082  pg -0.0101  v 0.492  ev +0.99  adv_std 1.029  tR +0.19  ent[s/d/p/e] 1.07/0.89/0.52/0.08  emits 5.19  spf 129.0  z0 0.01  garr 307.0  tG 1376  e2 0.70  nF 31.4  pS 0.27  ptS 0.25  fLog 0.59  pdΔ -0.2348  pkR 6.69  clip 0.21  kl +0.015
upd  765  steps 25100288  sps 6117  opp rand  loss +0.106  pg -0.0098  v 0.606  ev +0.99  adv_std 1.141  tR +0.25  ent[s/d/p/e] 0.97/0.71/0.55/0.09  emits 5.19  spf 120.8  z0 0.01  garr 345.1  tG 1274  e2 0.69  nF 26.8  pS 0.24  ptS 0.23  fLog 0.61  pdΔ -0.2592  pkR 7.85  clip 0.19  kl +0.013
upd  766  steps 25133056  sps 6117  opp frzn  loss +0.097  pg -0.0103  v 0.561  ev +0.99  adv_std 1.096  tR -0.08  ent[s/d/p/e] 0.89/0.54/0.55/0.07  emits 5.18  spf 147.1  z0 0.01  garr 392.9  tG 1596  e2 0.70  nF 19.1  pS 0.25  ptS 0.23  fLog 0.67  pdΔ -0.2535  pkR 6.89  clip 0.18  kl +0.012
upd  767  steps 25165824  sps 6117  opp frzn  loss +0.105  pg -0.0102  v 0.601  ev +0.99  adv_std 1.132  tR +0.07  ent[s/d/p/e] 0.91/0.56/0.55/0.09  emits 4.81  spf 156.5  z0 0.00  garr 353.8  tG 1656  e2 0.65  nF 20.7  pS 0.26  ptS 0.24  fLog 0.66  pdΔ -0.2410  pkR 8.65  clip 0.18  kl +0.012
upd  768  steps 25198592  sps 6118  opp frzn  loss +0.116  pg -0.0086  v 0.650  ev +0.99  adv_std 1.181  tR +0.30  ent[s/d/p/e] 0.99/0.69/0.52/0.09  emits 4.94  spf 139.3  z0 0.01  garr 315.7  tG 1539  e2 0.67  nF 24.7  pS 0.27  ptS 0.26  fLog 0.63  pdΔ -0.2288  pkR 8.52  clip 0.20  kl +0.015
upd  769  steps 25231360  sps 6118  opp frzn  loss +0.086  pg -0.0098  v 0.503  ev +0.99  adv_std 1.039  tR +0.15  ent[s/d/p/e] 0.88/0.61/0.54/0.09  emits 4.70  spf 141.1  z0 0.00  garr 334.8  tG 1440  e2 0.63  nF 22.2  pS 0.24  ptS 0.23  fLog 0.63  pdΔ -0.2644  pkR 7.71  clip 0.19  kl +0.015
upd  770  steps 25264128  sps 6119  opp rand  loss +0.111  pg -0.0097  v 0.630  ev +0.99  adv_std 1.164  tR +0.26  ent[s/d/p/e] 0.95/0.77/0.58/0.09  emits 4.75  spf 127.0  z0 0.01  garr 315.4  tG 1273  e2 0.64  nF 26.4  pS 0.24  ptS 0.22  fLog 0.60  pdΔ -0.2628  pkR 7.18  clip 0.18  kl +0.014
upd  771  steps 25296896  sps 6119  opp frzn  loss +0.107  pg -0.0114  v 0.621  ev +0.99  adv_std 1.153  tR +0.26  ent[s/d/p/e] 0.97/0.68/0.53/0.09  emits 4.77  spf 107.4  z0 0.01  garr 291.7  tG 1254  e2 0.64  nF 24.4  pS 0.25  ptS 0.24  fLog 0.61  pdΔ -0.2488  pkR 8.89  clip 0.19  kl +0.014
upd  772  steps 25329664  sps 6119  opp rand  loss +0.090  pg -0.0100  v 0.527  ev +0.99  adv_std 1.063  tR +0.25  ent[s/d/p/e] 0.96/0.69/0.57/0.06  emits 5.43  spf 136.6  z0 0.01  garr 393.6  tG 1432  e2 0.72  nF 25.8  pS 0.24  ptS 0.23  fLog 0.63  pdΔ -0.2554  pkR 8.27  clip 0.19  kl +0.014
upd  773  steps 25362432  sps 6120  opp rand  loss +0.112  pg -0.0105  v 0.641  ev +0.99  adv_std 1.173  tR +0.40  ent[s/d/p/e] 0.95/0.64/0.58/0.07  emits 5.24  spf 129.8  z0 0.01  garr 357.9  tG 1439  e2 0.70  nF 25.1  pS 0.26  ptS 0.24  fLog 0.63  pdΔ -0.2374  pkR 7.85  clip 0.19  kl +0.014
upd  774  steps 25395200  sps 6121  opp rand  loss +0.118  pg -0.0089  v 0.664  ev +0.99  adv_std 1.187  tR +0.33  ent[s/d/p/e] 0.93/0.62/0.58/0.07  emits 5.18  spf 136.4  z0 0.01  garr 354.6  tG 1466  e2 0.69  nF 23.4  pS 0.25  ptS 0.23  fLog 0.64  pdΔ -0.2501  pkR 11.17  clip 0.19  kl +0.014
upd  775  steps 25427968  sps 6121  opp frzn  loss +0.080  pg -0.0107  v 0.477  ev +0.99  adv_std 1.017  tR +0.24  ent[s/d/p/e] 0.83/0.51/0.58/0.08  emits 4.94  spf 143.5  z0 0.01  garr 368.0  tG 1468  e2 0.65  nF 17.9  pS 0.23  ptS 0.22  fLog 0.65  pdΔ -0.2703  pkR 6.18  clip 0.17  kl +0.013
upd  776  steps 25460736  sps 6121  opp rand  loss +0.093  pg -0.0101  v 0.542  ev +0.99  adv_std 1.081  tR +0.26  ent[s/d/p/e] 0.88/0.57/0.57/0.07  emits 5.12  spf 157.2  z0 0.01  garr 390.5  tG 1576  e2 0.68  nF 21.3  pS 0.25  ptS 0.23  fLog 0.66  pdΔ -0.2529  pkR 5.81  clip 0.18  kl +0.014
upd  777  steps 25493504  sps 6122  opp rand  loss +0.116  pg -0.0095  v 0.652  ev +0.99  adv_std 1.178  tR +0.49  ent[s/d/p/e] 0.93/0.59/0.55/0.08  emits 5.01  spf 146.3  z0 0.00  garr 351.0  tG 1570  e2 0.66  nF 23.1  pS 0.26  ptS 0.25  fLog 0.65  pdΔ -0.2357  pkR 7.81  clip 0.17  kl +0.011
upd  778  steps 25526272  sps 6123  opp rand  loss +0.093  pg -0.0109  v 0.547  ev +0.99  adv_std 1.080  tR +0.27  ent[s/d/p/e] 0.90/0.59/0.59/0.08  emits 5.09  spf 149.7  z0 0.01  garr 348.1  tG 1620  e2 0.68  nF 22.8  pS 0.26  ptS 0.25  fLog 0.65  pdΔ -0.2357  pkR 9.82  clip 0.19  kl +0.013
upd  779  steps 25559040  sps 6123  opp frzn  loss +0.073  pg -0.0104  v 0.441  ev +0.99  adv_std 0.971  tR +0.30  ent[s/d/p/e] 0.89/0.44/0.55/0.07  emits 5.22  spf 149.6  z0 0.01  garr 378.5  tG 1675  e2 0.69  nF 19.8  pS 0.25  ptS 0.23  fLog 0.67  pdΔ -0.2497  pkR 7.65  clip 0.17  kl +0.011
upd  780  steps 25591808  sps 6123  opp frzn  loss +0.068  pg -0.0091  v 0.408  ev +0.99  adv_std 0.943  tR -0.15  ent[s/d/p/e] 0.80/0.41/0.57/0.07  emits 5.05  spf 174.1  z0 0.00  garr 441.1  tG 1711  e2 0.68  nF 15.8  pS 0.22  ptS 0.21  fLog 0.70  pdΔ -0.2777  pkR 6.89  clip 0.18  kl +0.013
upd  781  steps 25624576  sps 6124  opp rand  loss +0.074  pg -0.0106  v 0.447  ev +0.99  adv_std 0.985  tR +0.84  ent[s/d/p/e] 0.89/0.55/0.56/0.07  emits 5.15  spf 161.8  z0 0.00  garr 386.1  tG 1582  e2 0.69  nF 19.5  pS 0.25  ptS 0.23  fLog 0.66  pdΔ -0.2477  pkR 7.99  clip 0.18  kl +0.014
upd  782  steps 25657344  sps 6124  opp frzn  loss +0.123  pg -0.0106  v 0.693  ev +0.99  adv_std 1.216  tR +0.47  ent[s/d/p/e] 0.93/0.62/0.55/0.09  emits 4.68  spf 142.4  z0 0.01  garr 332.8  tG 1502  e2 0.63  nF 21.4  pS 0.26  ptS 0.25  fLog 0.64  pdΔ -0.2350  pkR 6.61  clip 0.19  kl +0.014
upd  783  steps 25690112  sps 6124  opp frzn  loss +0.089  pg -0.0099  v 0.517  ev +0.99  adv_std 1.053  tR +0.28  ent[s/d/p/e] 0.87/0.45/0.53/0.08  emits 4.81  spf 164.3  z0 0.00  garr 357.5  tG 1726  e2 0.65  nF 18.2  pS 0.26  ptS 0.25  fLog 0.68  pdΔ -0.2368  pkR 7.00  clip 0.17  kl +0.011
upd  784  steps 25722880  sps 6125  opp rand  loss +0.087  pg -0.0099  v 0.512  ev +0.99  adv_std 1.049  tR +0.32  ent[s/d/p/e] 0.90/0.67/0.57/0.09  emits 4.97  spf 141.9  z0 0.01  garr 338.5  tG 1330  e2 0.67  nF 24.7  pS 0.22  ptS 0.21  fLog 0.62  pdΔ -0.2785  pkR 7.69  clip 0.20  kl +0.019
upd  785  steps 25755648  sps 6125  opp rand  loss +0.084  pg -0.0098  v 0.496  ev +0.99  adv_std 1.032  tR +0.41  ent[s/d/p/e] 1.00/0.65/0.54/0.07  emits 5.16  spf 127.0  z0 0.01  garr 337.3  tG 1376  e2 0.69  nF 26.3  pS 0.27  ptS 0.26  fLog 0.63  pdΔ -0.2342  pkR 7.32  clip 0.19  kl +0.015
upd  786  steps 25788416  sps 6126  opp frzn  loss +0.108  pg -0.0100  v 0.619  ev +0.99  adv_std 1.150  tR +0.40  ent[s/d/p/e] 0.95/0.69/0.53/0.08  emits 4.79  spf 120.8  z0 0.00  garr 317.9  tG 1362  e2 0.64  nF 24.3  pS 0.25  ptS 0.24  fLog 0.62  pdΔ -0.2461  pkR 8.68  clip 0.17  kl +0.012
upd  787  steps 25821184  sps 6126  opp rand  loss +0.115  pg -0.0094  v 0.651  ev +0.99  adv_std 1.176  tR +0.48  ent[s/d/p/e] 0.97/0.61/0.50/0.07  emits 5.35  spf 149.2  z0 0.00  garr 351.4  tG 1611  e2 0.70  nF 23.8  pS 0.27  ptS 0.26  fLog 0.65  pdΔ -0.2295  pkR 7.63  clip 0.17  kl +0.013
upd  788  steps 25853952  sps 6126  opp frzn  loss +0.084  pg -0.0115  v 0.504  ev +0.99  adv_std 1.043  tR +0.22  ent[s/d/p/e] 0.91/0.57/0.54/0.07  emits 5.04  spf 134.7  z0 0.01  garr 358.1  tG 1446  e2 0.67  nF 21.2  pS 0.24  ptS 0.23  fLog 0.65  pdΔ -0.2588  pkR 8.67  clip 0.16  kl +0.011
upd  789  steps 25886720  sps 6127  opp frzn  loss +0.088  pg -0.0092  v 0.510  ev +0.99  adv_std 1.048  tR +0.05  ent[s/d/p/e] 0.87/0.48/0.55/0.07  emits 5.02  spf 169.0  z0 0.00  garr 393.1  tG 1718  e2 0.66  nF 20.3  pS 0.25  ptS 0.24  fLog 0.69  pdΔ -0.2534  pkR 7.27  clip 0.18  kl +0.013
upd  790  steps 25919488  sps 6127  opp frzn  loss +0.104  pg -0.0115  v 0.606  ev +0.99  adv_std 1.142  tR +0.16  ent[s/d/p/e] 0.95/0.65/0.54/0.08  emits 4.81  spf 151.2  z0 0.00  garr 344.7  tG 1615  e2 0.63  nF 23.7  pS 0.27  ptS 0.25  fLog 0.64  pdΔ -0.2334  pkR 6.69  clip 0.18  kl +0.013
upd  791  steps 25952256  sps 6127  opp frzn  loss +0.089  pg -0.0111  v 0.529  ev +0.99  adv_std 1.070  tR +0.28  ent[s/d/p/e] 0.97/0.65/0.52/0.07  emits 5.01  spf 151.5  z0 0.01  garr 359.7  tG 1601  e2 0.65  nF 23.0  pS 0.26  ptS 0.25  fLog 0.65  pdΔ -0.2358  pkR 8.04  clip 0.16  kl +0.012
upd  792  steps 25985024  sps 6128  opp rand  loss +0.098  pg -0.0104  v 0.568  ev +0.99  adv_std 1.101  tR +0.36  ent[s/d/p/e] 0.97/0.77/0.54/0.09  emits 4.67  spf 134.4  z0 0.00  garr 310.8  tG 1276  e2 0.63  nF 25.7  pS 0.25  ptS 0.23  fLog 0.61  pdΔ -0.2545  pkR 7.13  clip 0.18  kl +0.014
upd  793  steps 26017792  sps 6128  opp rand  loss +0.100  pg -0.0120  v 0.589  ev +0.99  adv_std 1.127  tR +0.21  ent[s/d/p/e] 1.12/0.94/0.50/0.09  emits 5.12  spf 105.8  z0 0.00  garr 278.9  tG 1260  e2 0.69  nF 33.2  pS 0.30  ptS 0.27  fLog 0.57  pdΔ -0.2041  pkR 6.63  clip 0.19  kl +0.014
upd  794  steps 26050560  sps 6128  opp frzn  loss +0.120  pg -0.0104  v 0.678  ev +0.99  adv_std 1.205  tR +0.30  ent[s/d/p/e] 0.97/0.64/0.51/0.07  emits 5.42  spf 137.0  z0 0.00  garr 351.1  tG 1657  e2 0.73  nF 24.6  pS 0.28  ptS 0.26  fLog 0.64  pdΔ -0.2188  pkR 6.35  clip 0.18  kl +0.013
upd  795  steps 26083328  sps 6129  opp rand  loss +0.100  pg -0.0123  v 0.589  ev +0.99  adv_std 1.124  tR +0.36  ent[s/d/p/e] 0.93/0.57/0.54/0.07  emits 5.44  spf 152.0  z0 0.00  garr 400.7  tG 1564  e2 0.73  nF 23.9  pS 0.25  ptS 0.23  fLog 0.65  pdΔ -0.2500  pkR 7.96  clip 0.17  kl +0.013
upd  796  steps 26116096  sps 6130  opp rand  loss +0.111  pg -0.0102  v 0.634  ev +0.99  adv_std 1.164  tR +0.41  ent[s/d/p/e] 0.96/0.65/0.58/0.07  emits 5.37  spf 134.8  z0 0.00  garr 372.7  tG 1441  e2 0.72  nF 25.8  pS 0.24  ptS 0.23  fLog 0.64  pdΔ -0.2562  pkR 6.37  clip 0.17  kl +0.012
upd  797  steps 26148864  sps 6130  opp frzn  loss +0.104  pg -0.0097  v 0.593  ev +0.99  adv_std 1.130  tR +0.39  ent[s/d/p/e] 0.91/0.59/0.51/0.08  emits 4.95  spf 141.4  z0 0.01  garr 331.9  tG 1500  e2 0.66  nF 22.1  pS 0.25  ptS 0.24  fLog 0.65  pdΔ -0.2468  pkR 7.11  clip 0.17  kl +0.013
upd  798  steps 26181632  sps 6130  opp frzn  loss +0.094  pg -0.0087  v 0.541  ev +0.99  adv_std 1.078  tR -0.16  ent[s/d/p/e] 0.91/0.59/0.53/0.08  emits 4.78  spf 169.6  z0 0.00  garr 368.8  tG 1661  e2 0.63  nF 21.7  pS 0.25  ptS 0.23  fLog 0.65  pdΔ -0.2492  pkR 8.19  clip 0.17  kl +0.013
upd  799  steps 26214400  sps 6130  opp frzn  loss +0.098  pg -0.0100  v 0.569  ev +0.99  adv_std 1.104  tR -0.06  ent[s/d/p/e] 0.96/0.69/0.53/0.08  emits 4.92  spf 150.4  z0 0.01  garr 330.8  tG 1587  e2 0.67  nF 24.7  pS 0.26  ptS 0.25  fLog 0.63  pdΔ -0.2373  pkR 9.13  clip 0.17  kl +0.014 WRr 0.84 WRf 0.91
final eval win_rate vs random: 0.844
