[2026-05-28 23:27:26] parity smoke (fresh-init)
parity_check multi-action (ckpt=fresh-init; tol=0.005; states=16; K=8)
  arch: d_model=64 n_layers=2 n_heads=4 ff_dim=128
  [OK ] whole-turn action list match: 16/16
  [INFO] emit count match: 16/16
  [INFO] value drift max=4.768e-07 mean=1.751e-07
[2026-05-28 23:27:41] === TRACK f29 ===
[2026-05-28 23:27:41] train start cfg=orbit_wars_rl/configs/multi_action_v11_f29.yaml -> logs/v11_f29.log
[reward] kaggle-aligned: terminal +1 win/+1 tie>0/-1 loss/-1 double-wipeout; is_terminal at step >= episode_steps-2; SHAPING_SCALE=0.0; v1: KEEP_HOME=0.0 FLEET_SIZE=0.0/norm20.0; v2 (expert-replay calibrated): PROD_SHARE=0.0 PLANET_SHARE=0.005 FLEET_LOG=0.0/ref500.0/floor0.3; v3 (top10-2630ep calibrated): PROD_SHARE_DELTA=1.0 EMIT_LOG=0.0 EMIT_GATED=0.0 RELEASE=0.05/K20.0 CAPTURE=0.02; episode_steps=500 (kaggle=500, mismatch=False)
upd    0  steps   32768  sps 665  opp rand  loss -0.009  pg -0.0014  v 0.011  ev +0.30  adv_std 0.166  tR -0.11  ent[s/d/p/e] 1.13/2.83/0.33/0.60  emits 1.26  spf 14.5  z0 0.03  garr 15.9  tG 137  e2 0.21  nF 22.8  pS 0.22  ptS 0.21  fLog 0.34  pdΔ -0.2807  pkR 17.79  clip 0.01  kl +0.001
upd    1  steps   65536  sps 1209  opp rand  loss -0.009  pg -0.0023  v 0.022  ev +0.45  adv_std 0.259  tR -0.25  ent[s/d/p/e] 1.44/2.83/0.38/0.61  emits 1.25  spf 22.9  z0 0.07  garr 26.2  tG 319  e2 0.22  nF 23.0  pS 0.29  ptS 0.29  fLog 0.37  pdΔ -0.2059  pkR 12.29  clip 0.03  kl +0.001
upd    2  steps   98304  sps 1661  opp rand  loss -0.012  pg -0.0031  v 0.009  ev +0.70  adv_std 0.165  tR -0.41  ent[s/d/p/e] 1.30/2.83/0.34/0.60  emits 1.27  spf 17.9  z0 0.05  garr 20.1  tG 199  e2 0.23  nF 23.4  pS 0.25  ptS 0.25  fLog 0.35  pdΔ -0.2500  pkR 15.05  clip 0.05  kl +0.003
upd    3  steps  131072  sps 2043  opp rand  loss -0.012  pg -0.0028  v 0.012  ev +0.81  adv_std 0.195  tR -0.24  ent[s/d/p/e] 1.38/2.83/0.38/0.60  emits 1.25  spf 20.3  z0 0.05  garr 24.9  tG 281  e2 0.22  nF 23.3  pS 0.29  ptS 0.28  fLog 0.36  pdΔ -0.2137  pkR 10.81  clip 0.06  kl +0.002
upd    4  steps  163840  sps 2370  opp rand  loss -0.013  pg -0.0034  v 0.008  ev +0.90  adv_std 0.162  tR -0.21  ent[s/d/p/e] 1.46/2.83/0.40/0.58  emits 1.25  spf 22.5  z0 0.04  garr 28.1  tG 317  e2 0.22  nF 23.0  pS 0.30  ptS 0.30  fLog 0.37  pdΔ -0.1976  pkR 9.87  clip 0.07  kl +0.004
upd    5  steps  196608  sps 2653  opp rand  loss -0.013  pg -0.0030  v 0.008  ev +0.93  adv_std 0.159  tR -0.18  ent[s/d/p/e] 1.42/2.82/0.39/0.55  emits 1.20  spf 23.3  z0 0.05  garr 30.3  tG 363  e2 0.19  nF 22.3  pS 0.30  ptS 0.29  fLog 0.37  pdΔ -0.2009  pkR 14.03  clip 0.08  kl +0.005
upd    6  steps  229376  sps 2901  opp rand  loss -0.013  pg -0.0032  v 0.009  ev +0.93  adv_std 0.158  tR -0.22  ent[s/d/p/e] 1.43/2.82/0.37/0.57  emits 1.25  spf 20.9  z0 0.04  garr 27.3  tG 303  e2 0.21  nF 23.0  pS 0.30  ptS 0.29  fLog 0.36  pdΔ -0.2008  pkR 12.64  clip 0.09  kl +0.004
upd    7  steps  262144  sps 3119  opp rand  loss -0.012  pg -0.0027  v 0.008  ev +0.96  adv_std 0.148  tR -0.07  ent[s/d/p/e] 1.35/2.81/0.37/0.52  emits 1.18  spf 22.4  z0 0.03  garr 30.5  tG 382  e2 0.17  nF 21.5  pS 0.30  ptS 0.29  fLog 0.36  pdΔ -0.2017  pkR 12.06  clip 0.09  kl +0.003
upd    8  steps  294912  sps 3312  opp rand  loss -0.013  pg -0.0034  v 0.009  ev +0.95  adv_std 0.144  tR -0.26  ent[s/d/p/e] 1.44/2.81/0.41/0.52  emits 1.18  spf 22.7  z0 0.05  garr 30.1  tG 335  e2 0.17  nF 21.9  pS 0.30  ptS 0.30  fLog 0.37  pdΔ -0.1957  pkR 11.53  clip 0.08  kl +0.004
upd    9  steps  327680  sps 3486  opp rand  loss -0.013  pg -0.0039  v 0.009  ev +0.95  adv_std 0.145  tR -0.10  ent[s/d/p/e] 1.38/2.82/0.38/0.50  emits 1.17  spf 23.0  z0 0.03  garr 31.8  tG 368  e2 0.16  nF 21.9  pS 0.29  ptS 0.29  fLog 0.36  pdΔ -0.2059  pkR 15.97  clip 0.11  kl +0.005
upd   10  steps  360448  sps 3642  opp rand  loss -0.014  pg -0.0040  v 0.009  ev +0.96  adv_std 0.145  tR -0.23  ent[s/d/p/e] 1.55/2.82/0.47/0.49  emits 1.16  spf 26.5  z0 0.04  garr 36.0  tG 429  e2 0.16  nF 21.0  pS 0.34  ptS 0.34  fLog 0.39  pdΔ -0.1573  pkR 8.77  clip 0.11  kl +0.005
upd   11  steps  393216  sps 3783  opp rand  loss -0.013  pg -0.0034  v 0.009  ev +0.97  adv_std 0.143  tR +0.12  ent[s/d/p/e] 1.44/2.80/0.42/0.49  emits 1.14  spf 25.5  z0 0.04  garr 33.8  tG 428  e2 0.15  nF 20.9  pS 0.33  ptS 0.32  fLog 0.38  pdΔ -0.1747  pkR 15.53  clip 0.12  kl +0.005
upd   12  steps  425984  sps 3911  opp rand  loss -0.013  pg -0.0033  v 0.009  ev +0.97  adv_std 0.147  tR +0.06  ent[s/d/p/e] 1.44/2.80/0.43/0.47  emits 1.15  spf 26.6  z0 0.04  garr 35.4  tG 437  e2 0.15  nF 20.3  pS 0.32  ptS 0.32  fLog 0.38  pdΔ -0.1783  pkR 15.07  clip 0.13  kl +0.006
upd   13  steps  458752  sps 4027  opp rand  loss -0.014  pg -0.0040  v 0.009  ev +0.97  adv_std 0.148  tR -0.08  ent[s/d/p/e] 1.43/2.80/0.43/0.48  emits 1.15  spf 25.5  z0 0.04  garr 33.1  tG 382  e2 0.16  nF 20.0  pS 0.31  ptS 0.31  fLog 0.39  pdΔ -0.1881  pkR 11.17  clip 0.14  kl +0.006
upd   14  steps  491520  sps 4135  opp rand  loss -0.015  pg -0.0053  v 0.011  ev +0.96  adv_std 0.156  tR +0.00  ent[s/d/p/e] 1.43/2.80/0.44/0.46  emits 1.13  spf 25.8  z0 0.04  garr 33.9  tG 399  e2 0.14  nF 19.7  pS 0.32  ptS 0.31  fLog 0.39  pdΔ -0.1800  pkR 9.73  clip 0.14  kl +0.005
upd   15  steps  524288  sps 4233  opp rand  loss -0.015  pg -0.0052  v 0.012  ev +0.96  adv_std 0.164  tR -0.04  ent[s/d/p/e] 1.48/2.80/0.47/0.45  emits 1.13  spf 27.5  z0 0.03  garr 36.3  tG 424  e2 0.14  nF 20.1  pS 0.33  ptS 0.32  fLog 0.39  pdΔ -0.1654  pkR 11.46  clip 0.16  kl +0.007
upd   16  steps  557056  sps 4324  opp rand  loss -0.016  pg -0.0060  v 0.012  ev +0.97  adv_std 0.167  tR +0.05  ent[s/d/p/e] 1.55/2.80/0.50/0.46  emits 1.13  spf 30.8  z0 0.03  garr 40.1  tG 504  e2 0.14  nF 18.8  pS 0.36  ptS 0.35  fLog 0.40  pdΔ -0.1376  pkR 8.31  clip 0.15  kl +0.006
upd   17  steps  589824  sps 4408  opp rand  loss -0.016  pg -0.0065  v 0.011  ev +0.97  adv_std 0.159  tR +0.24  ent[s/d/p/e] 1.36/2.80/0.44/0.48  emits 1.14  spf 29.4  z0 0.03  garr 37.1  tG 472  e2 0.14  nF 20.3  pS 0.32  ptS 0.32  fLog 0.38  pdΔ -0.1763  pkR 12.43  clip 0.15  kl +0.005
upd   18  steps  622592  sps 4486  opp rand  loss -0.017  pg -0.0071  v 0.012  ev +0.97  adv_std 0.167  tR -0.01  ent[s/d/p/e] 1.48/2.80/0.48/0.48  emits 1.16  spf 28.4  z0 0.03  garr 35.6  tG 431  e2 0.16  nF 19.8  pS 0.34  ptS 0.33  fLog 0.40  pdΔ -0.1562  pkR 10.66  clip 0.16  kl +0.006
upd   19  steps  655360  sps 4559  opp rand  loss -0.017  pg -0.0075  v 0.012  ev +0.97  adv_std 0.167  tR +0.18  ent[s/d/p/e] 1.46/2.79/0.48/0.46  emits 1.15  spf 27.7  z0 0.03  garr 33.2  tG 414  e2 0.15  nF 20.4  pS 0.35  ptS 0.34  fLog 0.39  pdΔ -0.1526  pkR 10.58  clip 0.17  kl +0.007
upd   20  steps  688128  sps 4627  opp rand  loss -0.018  pg -0.0086  v 0.011  ev +0.97  adv_std 0.161  tR +0.08  ent[s/d/p/e] 1.43/2.78/0.47/0.47  emits 1.13  spf 27.8  z0 0.04  garr 32.8  tG 406  e2 0.14  nF 21.0  pS 0.33  ptS 0.32  fLog 0.39  pdΔ -0.1691  pkR 10.87  clip 0.17  kl +0.006
upd   21  steps  720896  sps 4690  opp rand  loss -0.018  pg -0.0082  v 0.012  ev +0.97  adv_std 0.168  tR +0.19  ent[s/d/p/e] 1.54/2.78/0.52/0.46  emits 1.15  spf 29.0  z0 0.03  garr 34.4  tG 408  e2 0.15  nF 20.7  pS 0.36  ptS 0.35  fLog 0.41  pdΔ -0.1390  pkR 11.64  clip 0.19  kl +0.008
upd   22  steps  753664  sps 4749  opp rand  loss -0.019  pg -0.0093  v 0.010  ev +0.97  adv_std 0.157  tR +0.20  ent[s/d/p/e] 1.46/2.78/0.48/0.45  emits 1.14  spf 26.4  z0 0.03  garr 31.3  tG 379  e2 0.14  nF 20.0  pS 0.34  ptS 0.33  fLog 0.39  pdΔ -0.1597  pkR 10.11  clip 0.19  kl +0.009
upd   23  steps  786432  sps 4805  opp rand  loss -0.019  pg -0.0098  v 0.012  ev +0.97  adv_std 0.166  tR +0.08  ent[s/d/p/e] 1.42/2.77/0.50/0.44  emits 1.12  spf 26.8  z0 0.04  garr 30.7  tG 354  e2 0.13  nF 20.2  pS 0.33  ptS 0.32  fLog 0.39  pdΔ -0.1710  pkR 8.60  clip 0.19  kl +0.009
upd   24  steps  819200  sps 4858  opp rand  loss -0.020  pg -0.0100  v 0.010  ev +0.97  adv_std 0.158  tR +0.03  ent[s/d/p/e] 1.39/2.76/0.50/0.44  emits 1.13  spf 29.1  z0 0.03  garr 32.0  tG 387  e2 0.13  nF 20.0  pS 0.34  ptS 0.33  fLog 0.39  pdΔ -0.1648  pkR 8.67  clip 0.19  kl +0.006
upd   25  steps  851968  sps 4907  opp rand  loss -0.020  pg -0.0102  v 0.011  ev +0.97  adv_std 0.167  tR +0.26  ent[s/d/p/e] 1.41/2.76/0.52/0.43  emits 1.13  spf 29.8  z0 0.03  garr 33.0  tG 404  e2 0.13  nF 19.2  pS 0.34  ptS 0.33  fLog 0.40  pdΔ -0.1578  pkR 9.53  clip 0.19  kl +0.008
upd   26  steps  884736  sps 4954  opp rand  loss -0.020  pg -0.0101  v 0.011  ev +0.98  adv_std 0.168  tR +0.29  ent[s/d/p/e] 1.48/2.76/0.56/0.43  emits 1.11  spf 31.5  z0 0.04  garr 35.1  tG 444  e2 0.13  nF 18.7  pS 0.36  ptS 0.35  fLog 0.41  pdΔ -0.1382  pkR 8.25  clip 0.19  kl +0.008
upd   27  steps  917504  sps 4998  opp rand  loss -0.022  pg -0.0121  v 0.012  ev +0.97  adv_std 0.169  tR +0.35  ent[s/d/p/e] 1.43/2.75/0.54/0.41  emits 1.11  spf 29.5  z0 0.03  garr 32.9  tG 392  e2 0.12  nF 19.2  pS 0.35  ptS 0.34  fLog 0.40  pdΔ -0.1540  pkR 8.20  clip 0.20  kl +0.007
upd   28  steps  950272  sps 5040  opp rand  loss -0.021  pg -0.0115  v 0.013  ev +0.97  adv_std 0.179  tR +0.22  ent[s/d/p/e] 1.40/2.74/0.54/0.40  emits 1.10  spf 30.9  z0 0.03  garr 34.7  tG 418  e2 0.11  nF 18.0  pS 0.35  ptS 0.34  fLog 0.40  pdΔ -0.1545  pkR 9.01  clip 0.21  kl +0.008
upd   29  steps  983040  sps 5080  opp rand  loss -0.022  pg -0.0115  v 0.014  ev +0.97  adv_std 0.186  tR +0.31  ent[s/d/p/e] 1.56/2.74/0.58/0.41  emits 1.14  spf 35.4  z0 0.02  garr 38.7  tG 484  e2 0.13  nF 18.8  pS 0.39  ptS 0.38  fLog 0.43  pdΔ -0.1150  pkR 7.51  clip 0.21  kl +0.009
upd   30  steps 1015808  sps 5118  opp rand  loss -0.021  pg -0.0114  v 0.013  ev +0.97  adv_std 0.180  tR +0.31  ent[s/d/p/e] 1.47/2.72/0.56/0.39  emits 1.12  spf 33.0  z0 0.02  garr 36.3  tG 451  e2 0.11  nF 18.3  pS 0.37  ptS 0.36  fLog 0.42  pdΔ -0.1265  pkR 6.75  clip 0.21  kl +0.009
upd   31  steps 1048576  sps 5153  opp rand  loss -0.022  pg -0.0117  v 0.013  ev +0.98  adv_std 0.181  tR +0.51  ent[s/d/p/e] 1.52/2.71/0.58/0.40  emits 1.13  spf 36.1  z0 0.02  garr 38.8  tG 500  e2 0.12  nF 17.9  pS 0.40  ptS 0.38  fLog 0.43  pdΔ -0.1044  pkR 7.78  clip 0.22  kl +0.010
upd   32  steps 1081344  sps 5188  opp rand  loss -0.022  pg -0.0123  v 0.015  ev +0.97  adv_std 0.190  tR +0.48  ent[s/d/p/e] 1.58/2.71/0.62/0.38  emits 1.12  spf 36.5  z0 0.03  garr 38.4  tG 465  e2 0.12  nF 18.1  pS 0.39  ptS 0.38  fLog 0.44  pdΔ -0.1089  pkR 8.57  clip 0.24  kl +0.011
upd   33  steps 1114112  sps 5220  opp rand  loss -0.023  pg -0.0129  v 0.015  ev +0.97  adv_std 0.190  tR +0.34  ent[s/d/p/e] 1.49/2.70/0.58/0.40  emits 1.13  spf 35.2  z0 0.03  garr 37.6  tG 460  e2 0.12  nF 18.4  pS 0.37  ptS 0.37  fLog 0.42  pdΔ -0.1280  pkR 7.94  clip 0.23  kl +0.010
upd   34  steps 1146880  sps 5251  opp rand  loss -0.023  pg -0.0128  v 0.016  ev +0.97  adv_std 0.196  tR +0.50  ent[s/d/p/e] 1.57/2.69/0.61/0.40  emits 1.13  spf 36.3  z0 0.03  garr 39.3  tG 482  e2 0.12  nF 17.8  pS 0.40  ptS 0.39  fLog 0.44  pdΔ -0.1032  pkR 7.93  clip 0.24  kl +0.011
upd   35  steps 1179648  sps 5281  opp rand  loss -0.023  pg -0.0131  v 0.013  ev +0.98  adv_std 0.180  tR +0.16  ent[s/d/p/e] 1.40/2.69/0.55/0.40  emits 1.11  spf 32.2  z0 0.04  garr 32.6  tG 389  e2 0.11  nF 17.8  pS 0.35  ptS 0.34  fLog 0.41  pdΔ -0.1532  pkR 7.75  clip 0.21  kl +0.008
upd   36  steps 1212416  sps 5309  opp rand  loss -0.023  pg -0.0136  v 0.015  ev +0.97  adv_std 0.190  tR +0.48  ent[s/d/p/e] 1.50/2.68/0.58/0.41  emits 1.16  spf 33.8  z0 0.02  garr 35.6  tG 427  e2 0.13  nF 19.5  pS 0.38  ptS 0.36  fLog 0.42  pdΔ -0.1217  pkR 7.67  clip 0.24  kl +0.011
upd   37  steps 1245184  sps 5337  opp rand  loss -0.024  pg -0.0141  v 0.015  ev +0.97  adv_std 0.190  tR +0.30  ent[s/d/p/e] 1.57/2.67/0.63/0.38  emits 1.13  spf 36.4  z0 0.03  garr 38.6  tG 469  e2 0.12  nF 17.8  pS 0.40  ptS 0.39  fLog 0.44  pdΔ -0.0965  pkR 6.65  clip 0.24  kl +0.010
upd   38  steps 1277952  sps 5363  opp rand  loss -0.024  pg -0.0140  v 0.014  ev +0.98  adv_std 0.187  tR +0.42  ent[s/d/p/e] 1.47/2.67/0.60/0.39  emits 1.14  spf 37.2  z0 0.02  garr 36.8  tG 457  e2 0.12  nF 17.7  pS 0.38  ptS 0.37  fLog 0.43  pdΔ -0.1186  pkR 7.58  clip 0.25  kl +0.011
upd   39  steps 1310720  sps 5388  opp rand  loss -0.024  pg -0.0137  v 0.015  ev +0.97  adv_std 0.193  tR +0.29  ent[s/d/p/e] 1.50/2.67/0.62/0.38  emits 1.13  spf 36.6  z0 0.03  garr 37.3  tG 449  e2 0.11  nF 17.8  pS 0.39  ptS 0.37  fLog 0.44  pdΔ -0.1142  pkR 7.38  clip 0.24  kl +0.011
upd   40  steps 1343488  sps 5412  opp rand  loss -0.024  pg -0.0143  v 0.016  ev +0.97  adv_std 0.197  tR +0.42  ent[s/d/p/e] 1.43/2.65/0.60/0.38  emits 1.13  spf 34.2  z0 0.03  garr 34.7  tG 411  e2 0.12  nF 18.2  pS 0.36  ptS 0.35  fLog 0.43  pdΔ -0.1354  pkR 9.15  clip 0.26  kl +0.013
upd   41  steps 1376256  sps 5435  opp rand  loss -0.024  pg -0.0135  v 0.015  ev +0.98  adv_std 0.197  tR +0.29  ent[s/d/p/e] 1.55/2.66/0.67/0.35  emits 1.11  spf 41.5  z0 0.03  garr 42.3  tG 528  e2 0.10  nF 16.4  pS 0.40  ptS 0.40  fLog 0.46  pdΔ -0.0954  pkR 8.57  clip 0.25  kl +0.010
upd   42  steps 1409024  sps 5457  opp rand  loss -0.024  pg -0.0141  v 0.016  ev +0.98  adv_std 0.202  tR +0.52  ent[s/d/p/e] 1.49/2.65/0.63/0.40  emits 1.15  spf 42.7  z0 0.02  garr 42.2  tG 565  e2 0.12  nF 16.8  pS 0.41  ptS 0.40  fLog 0.45  pdΔ -0.0928  pkR 7.59  clip 0.26  kl +0.011
upd   43  steps 1441792  sps 5478  opp rand  loss -0.024  pg -0.0147  v 0.016  ev +0.97  adv_std 0.200  tR +0.38  ent[s/d/p/e] 1.42/2.64/0.59/0.37  emits 1.11  spf 34.2  z0 0.03  garr 34.9  tG 420  e2 0.10  nF 18.4  pS 0.37  ptS 0.36  fLog 0.42  pdΔ -0.1342  pkR 7.81  clip 0.25  kl +0.011
upd   44  steps 1474560  sps 5499  opp rand  loss -0.025  pg -0.0150  v 0.015  ev +0.97  adv_std 0.193  tR +0.53  ent[s/d/p/e] 1.43/2.63/0.62/0.38  emits 1.12  spf 35.9  z0 0.02  garr 37.3  tG 456  e2 0.11  nF 17.8  pS 0.38  ptS 0.37  fLog 0.43  pdΔ -0.1218  pkR 7.98  clip 0.27  kl +0.013
upd   45  steps 1507328  sps 5519  opp rand  loss -0.026  pg -0.0150  v 0.015  ev +0.98  adv_std 0.190  tR +0.55  ent[s/d/p/e] 1.56/2.63/0.69/0.36  emits 1.12  spf 42.7  z0 0.02  garr 43.7  tG 565  e2 0.10  nF 16.7  pS 0.42  ptS 0.42  fLog 0.46  pdΔ -0.0760  pkR 6.16  clip 0.27  kl +0.012
upd   46  steps 1540096  sps 5538  opp rand  loss -0.023  pg -0.0137  v 0.016  ev +0.97  adv_std 0.199  tR +0.49  ent[s/d/p/e] 1.42/2.61/0.64/0.38  emits 1.12  spf 37.3  z0 0.03  garr 38.0  tG 482  e2 0.11  nF 17.8  pS 0.38  ptS 0.37  fLog 0.44  pdΔ -0.1201  pkR 6.82  clip 0.27  kl +0.014
upd   47  steps 1572864  sps 5556  opp rand  loss -0.025  pg -0.0145  v 0.014  ev +0.98  adv_std 0.191  tR +0.56  ent[s/d/p/e] 1.48/2.61/0.64/0.35  emits 1.11  spf 37.0  z0 0.02  garr 39.5  tG 502  e2 0.10  nF 19.3  pS 0.40  ptS 0.39  fLog 0.43  pdΔ -0.0965  pkR 6.36  clip 0.27  kl +0.012
upd   48  steps 1605632  sps 5574  opp rand  loss -0.026  pg -0.0160  v 0.015  ev +0.98  adv_std 0.194  tR +0.65  ent[s/d/p/e] 1.55/2.62/0.68/0.37  emits 1.13  spf 41.1  z0 0.01  garr 43.7  tG 575  e2 0.11  nF 17.6  pS 0.43  ptS 0.42  fLog 0.45  pdΔ -0.0726  pkR 7.67  clip 0.27  kl +0.012
upd   49  steps 1638400  sps 5591  opp rand  loss -0.026  pg -0.0157  v 0.016  ev +0.98  adv_std 0.202  tR +0.58  ent[s/d/p/e] 1.53/2.59/0.69/0.39  emits 1.14  spf 43.3  z0 0.02  garr 43.1  tG 578  e2 0.12  nF 17.5  pS 0.43  ptS 0.42  fLog 0.46  pdΔ -0.0723  pkR 7.01  clip 0.28  kl +0.013 WRr 0.94 WRf 0.78
upd   50  steps 1671168  sps 5049  opp frzn  loss -0.027  pg -0.0163  v 0.017  ev +0.98  adv_std 0.211  tR +0.70  ent[s/d/p/e] 1.56/2.58/0.72/0.37  emits 1.13  spf 44.7  z0 0.02  garr 47.7  tG 622  e2 0.11  nF 16.7  pS 0.44  ptS 0.43  fLog 0.47  pdΔ -0.0625  pkR 5.57  clip 0.28  kl +0.015
upd   51  steps 1703936  sps 5067  opp frzn  loss -0.025  pg -0.0155  v 0.017  ev +0.98  adv_std 0.214  tR +0.29  ent[s/d/p/e] 1.41/2.58/0.65/0.38  emits 1.11  spf 40.6  z0 0.04  garr 41.9  tG 518  e2 0.10  nF 17.6  pS 0.37  ptS 0.36  fLog 0.44  pdΔ -0.1287  pkR 8.02  clip 0.27  kl +0.014
upd   52  steps 1736704  sps 5085  opp frzn  loss -0.024  pg -0.0152  v 0.018  ev +0.97  adv_std 0.215  tR +0.25  ent[s/d/p/e] 1.42/2.57/0.65/0.35  emits 1.11  spf 35.4  z0 0.03  garr 37.4  tG 438  e2 0.10  nF 18.4  pS 0.36  ptS 0.35  fLog 0.43  pdΔ -0.1352  pkR 8.02  clip 0.28  kl +0.014
upd   53  steps 1769472  sps 5107  opp rand  loss -0.025  pg -0.0152  v 0.015  ev +0.98  adv_std 0.195  tR +0.49  ent[s/d/p/e] 1.46/2.58/0.65/0.37  emits 1.13  spf 39.4  z0 0.03  garr 38.7  tG 505  e2 0.11  nF 17.8  pS 0.40  ptS 0.39  fLog 0.44  pdΔ -0.0991  pkR 6.75  clip 0.27  kl +0.013
upd   54  steps 1802240  sps 5128  opp rand  loss -0.026  pg -0.0160  v 0.015  ev +0.98  adv_std 0.194  tR +0.55  ent[s/d/p/e] 1.48/2.56/0.64/0.36  emits 1.12  spf 39.3  z0 0.02  garr 40.5  tG 521  e2 0.10  nF 17.6  pS 0.40  ptS 0.39  fLog 0.44  pdΔ -0.1043  pkR 7.27  clip 0.28  kl +0.012
upd   55  steps 1835008  sps 5148  opp rand  loss -0.024  pg -0.0143  v 0.016  ev +0.98  adv_std 0.204  tR +0.73  ent[s/d/p/e] 1.52/2.54/0.69/0.39  emits 1.18  spf 44.7  z0 0.01  garr 45.9  tG 583  e2 0.13  nF 17.6  pS 0.42  ptS 0.41  fLog 0.47  pdΔ -0.0815  pkR 8.58  clip 0.31  kl +0.016
upd   56  steps 1867776  sps 5163  opp frzn  loss -0.025  pg -0.0160  v 0.019  ev +0.97  adv_std 0.218  tR +0.50  ent[s/d/p/e] 1.41/2.53/0.65/0.35  emits 1.11  spf 37.3  z0 0.03  garr 40.7  tG 487  e2 0.10  nF 17.7  pS 0.36  ptS 0.35  fLog 0.43  pdΔ -0.1353  pkR 8.25  clip 0.29  kl +0.014
upd   57  steps 1900544  sps 5178  opp frzn  loss -0.026  pg -0.0169  v 0.019  ev +0.97  adv_std 0.227  tR +0.44  ent[s/d/p/e] 1.40/2.54/0.65/0.36  emits 1.11  spf 37.6  z0 0.03  garr 39.9  tG 478  e2 0.10  nF 17.5  pS 0.37  ptS 0.36  fLog 0.43  pdΔ -0.1345  pkR 8.87  clip 0.28  kl +0.013
upd   58  steps 1933312  sps 5197  opp rand  loss -0.025  pg -0.0157  v 0.017  ev +0.98  adv_std 0.209  tR +0.24  ent[s/d/p/e] 1.40/2.54/0.63/0.37  emits 1.11  spf 35.4  z0 0.04  garr 40.2  tG 475  e2 0.11  nF 18.0  pS 0.37  ptS 0.36  fLog 0.43  pdΔ -0.1334  pkR 7.14  clip 0.28  kl +0.013
upd   59  steps 1966080  sps 5215  opp rand  loss -0.026  pg -0.0165  v 0.017  ev +0.98  adv_std 0.209  tR +0.50  ent[s/d/p/e] 1.40/2.53/0.62/0.37  emits 1.13  spf 37.1  z0 0.02  garr 38.5  tG 486  e2 0.11  nF 18.4  pS 0.38  ptS 0.37  fLog 0.43  pdΔ -0.1181  pkR 7.53  clip 0.29  kl +0.014
upd   60  steps 1998848  sps 5233  opp rand  loss -0.026  pg -0.0168  v 0.017  ev +0.98  adv_std 0.208  tR +0.51  ent[s/d/p/e] 1.50/2.53/0.67/0.35  emits 1.13  spf 40.8  z0 0.02  garr 41.9  tG 550  e2 0.10  nF 17.4  pS 0.41  ptS 0.40  fLog 0.45  pdΔ -0.0857  pkR 8.19  clip 0.29  kl +0.012
upd   61  steps 2031616  sps 5247  opp frzn  loss -0.027  pg -0.0174  v 0.016  ev +0.98  adv_std 0.202  tR +0.61  ent[s/d/p/e] 1.45/2.53/0.68/0.38  emits 1.16  spf 39.1  z0 0.02  garr 40.2  tG 531  e2 0.12  nF 18.6  pS 0.40  ptS 0.39  fLog 0.44  pdΔ -0.0953  pkR 7.37  clip 0.29  kl +0.014
upd   62  steps 2064384  sps 5260  opp frzn  loss -0.026  pg -0.0169  v 0.020  ev +0.98  adv_std 0.228  tR +0.53  ent[s/d/p/e] 1.50/2.52/0.70/0.34  emits 1.13  spf 39.3  z0 0.02  garr 44.5  tG 546  e2 0.10  nF 17.4  pS 0.41  ptS 0.39  fLog 0.46  pdΔ -0.0917  pkR 7.34  clip 0.31  kl +0.016
upd   63  steps 2097152  sps 5272  opp frzn  loss -0.027  pg -0.0176  v 0.018  ev +0.98  adv_std 0.216  tR +0.31  ent[s/d/p/e] 1.39/2.49/0.64/0.36  emits 1.11  spf 38.7  z0 0.04  garr 41.7  tG 497  e2 0.10  nF 17.7  pS 0.36  ptS 0.35  fLog 0.44  pdΔ -0.1398  pkR 7.46  clip 0.28  kl +0.015
upd   64  steps 2129920  sps 5285  opp frzn  loss -0.028  pg -0.0185  v 0.018  ev +0.98  adv_std 0.214  tR +0.50  ent[s/d/p/e] 1.45/2.48/0.67/0.32  emits 1.11  spf 40.8  z0 0.02  garr 43.5  tG 528  e2 0.09  nF 18.0  pS 0.39  ptS 0.38  fLog 0.45  pdΔ -0.1105  pkR 6.76  clip 0.30  kl +0.015
upd   65  steps 2162688  sps 5301  opp rand  loss -0.025  pg -0.0157  v 0.018  ev +0.98  adv_std 0.217  tR +0.58  ent[s/d/p/e] 1.52/2.49/0.69/0.35  emits 1.15  spf 45.6  z0 0.02  garr 44.7  tG 580  e2 0.11  nF 17.6  pS 0.42  ptS 0.41  fLog 0.47  pdΔ -0.0766  pkR 7.16  clip 0.31  kl +0.016
upd   66  steps 2195456  sps 5312  opp frzn  loss -0.028  pg -0.0182  v 0.018  ev +0.98  adv_std 0.218  tR +0.62  ent[s/d/p/e] 1.48/2.46/0.69/0.36  emits 1.16  spf 41.5  z0 0.02  garr 41.9  tG 534  e2 0.11  nF 17.4  pS 0.41  ptS 0.39  fLog 0.46  pdΔ -0.0946  pkR 6.76  clip 0.31  kl +0.014
upd   67  steps 2228224  sps 5324  opp frzn  loss -0.027  pg -0.0176  v 0.018  ev +0.98  adv_std 0.214  tR +0.45  ent[s/d/p/e] 1.45/2.47/0.66/0.33  emits 1.14  spf 40.6  z0 0.02  garr 44.2  tG 543  e2 0.10  nF 17.9  pS 0.39  ptS 0.38  fLog 0.45  pdΔ -0.1087  pkR 8.09  clip 0.30  kl +0.015
upd   68  steps 2260992  sps 5339  opp rand  loss -0.027  pg -0.0170  v 0.017  ev +0.98  adv_std 0.211  tR +0.55  ent[s/d/p/e] 1.49/2.46/0.67/0.34  emits 1.15  spf 43.7  z0 0.01  garr 46.3  tG 582  e2 0.10  nF 17.5  pS 0.41  ptS 0.40  fLog 0.46  pdΔ -0.0929  pkR 7.39  clip 0.31  kl +0.015
upd   69  steps 2293760  sps 5353  opp rand  loss -0.027  pg -0.0165  v 0.018  ev +0.98  adv_std 0.213  tR +0.66  ent[s/d/p/e] 1.58/2.44/0.74/0.35  emits 1.17  spf 49.5  z0 0.01  garr 50.2  tG 671  e2 0.11  nF 16.4  pS 0.46  ptS 0.44  fLog 0.49  pdΔ -0.0416  pkR 6.68  clip 0.31  kl +0.015
upd   70  steps 2326528  sps 5364  opp frzn  loss -0.027  pg -0.0167  v 0.020  ev +0.98  adv_std 0.235  tR +0.61  ent[s/d/p/e] 1.58/2.43/0.77/0.37  emits 1.20  spf 53.1  z0 0.02  garr 52.5  tG 709  e2 0.12  nF 16.3  pS 0.45  ptS 0.43  fLog 0.50  pdΔ -0.0512  pkR 8.04  clip 0.32  kl +0.017
upd   71  steps 2359296  sps 5378  opp rand  loss -0.026  pg -0.0166  v 0.021  ev +0.98  adv_std 0.231  tR +0.82  ent[s/d/p/e] 1.54/2.43/0.73/0.37  emits 1.22  spf 51.6  z0 0.01  garr 50.0  tG 655  e2 0.13  nF 17.6  pS 0.44  ptS 0.42  fLog 0.48  pdΔ -0.0616  pkR 9.79  clip 0.32  kl +0.017
upd   72  steps 2392064  sps 5391  opp rand  loss -0.026  pg -0.0160  v 0.018  ev +0.98  adv_std 0.215  tR +0.69  ent[s/d/p/e] 1.57/2.42/0.75/0.37  emits 1.21  spf 51.1  z0 0.01  garr 51.9  tG 710  e2 0.12  nF 17.4  pS 0.46  ptS 0.44  fLog 0.49  pdΔ -0.0379  pkR 7.00  clip 0.32  kl +0.015
upd   73  steps 2424832  sps 5404  opp rand  loss -0.027  pg -0.0166  v 0.020  ev +0.98  adv_std 0.222  tR +0.71  ent[s/d/p/e] 1.59/2.40/0.77/0.35  emits 1.20  spf 57.7  z0 0.01  garr 54.5  tG 746  e2 0.12  nF 16.3  pS 0.47  ptS 0.45  fLog 0.51  pdΔ -0.0298  pkR 6.52  clip 0.32  kl +0.016
upd   74  steps 2457600  sps 5417  opp rand  loss -0.025  pg -0.0156  v 0.021  ev +0.98  adv_std 0.233  tR +0.73  ent[s/d/p/e] 1.57/2.38/0.79/0.35  emits 1.19  spf 53.8  z0 0.01  garr 52.7  tG 711  e2 0.11  nF 15.4  pS 0.47  ptS 0.46  fLog 0.51  pdΔ -0.0326  pkR 5.62  clip 0.32  kl +0.017
upd   75  steps 2490368  sps 5430  opp rand  loss -0.027  pg -0.0166  v 0.017  ev +0.98  adv_std 0.209  tR +0.94  ent[s/d/p/e] 1.58/2.39/0.78/0.36  emits 1.21  spf 50.7  z0 0.01  garr 51.7  tG 704  e2 0.12  nF 16.1  pS 0.47  ptS 0.46  fLog 0.50  pdΔ -0.0260  pkR 6.01  clip 0.34  kl +0.019
upd   76  steps 2523136  sps 5442  opp rand  loss -0.027  pg -0.0174  v 0.020  ev +0.97  adv_std 0.232  tR +0.68  ent[s/d/p/e] 1.50/2.38/0.74/0.37  emits 1.19  spf 46.0  z0 0.02  garr 46.6  tG 584  e2 0.12  nF 16.9  pS 0.42  ptS 0.41  fLog 0.48  pdΔ -0.0829  pkR 6.68  clip 0.33  kl +0.016
upd   77  steps 2555904  sps 5454  opp rand  loss -0.027  pg -0.0171  v 0.018  ev +0.98  adv_std 0.217  tR +0.76  ent[s/d/p/e] 1.56/2.37/0.78/0.36  emits 1.19  spf 52.5  z0 0.01  garr 54.1  tG 713  e2 0.12  nF 16.8  pS 0.46  ptS 0.45  fLog 0.50  pdΔ -0.0400  pkR 7.02  clip 0.33  kl +0.017
upd   78  steps 2588672  sps 5463  opp frzn  loss -0.027  pg -0.0178  v 0.019  ev +0.98  adv_std 0.226  tR +0.67  ent[s/d/p/e] 1.44/2.40/0.72/0.37  emits 1.17  spf 46.0  z0 0.02  garr 47.0  tG 615  e2 0.11  nF 17.9  pS 0.42  ptS 0.40  fLog 0.47  pdΔ -0.0847  pkR 8.61  clip 0.32  kl +0.017
upd   79  steps 2621440  sps 5471  opp frzn  loss -0.026  pg -0.0173  v 0.020  ev +0.98  adv_std 0.230  tR +0.65  ent[s/d/p/e] 1.43/2.38/0.71/0.37  emits 1.19  spf 50.2  z0 0.02  garr 48.2  tG 631  e2 0.11  nF 17.3  pS 0.41  ptS 0.40  fLog 0.47  pdΔ -0.0895  pkR 11.53  clip 0.33  kl +0.019
upd   80  steps 2654208  sps 5479  opp frzn  loss -0.026  pg -0.0170  v 0.020  ev +0.98  adv_std 0.222  tR +0.58  ent[s/d/p/e] 1.39/2.41/0.66/0.37  emits 1.16  spf 43.7  z0 0.03  garr 42.8  tG 555  e2 0.11  nF 18.4  pS 0.40  ptS 0.38  fLog 0.45  pdΔ -0.1040  pkR 7.12  clip 0.32  kl +0.019
upd   81  steps 2686976  sps 5487  opp frzn  loss -0.026  pg -0.0164  v 0.018  ev +0.98  adv_std 0.220  tR +0.52  ent[s/d/p/e] 1.42/2.38/0.70/0.36  emits 1.17  spf 45.1  z0 0.02  garr 46.8  tG 577  e2 0.11  nF 18.4  pS 0.41  ptS 0.40  fLog 0.46  pdΔ -0.0898  pkR 6.32  clip 0.34  kl +0.017
upd   82  steps 2719744  sps 5495  opp frzn  loss -0.028  pg -0.0191  v 0.021  ev +0.98  adv_std 0.233  tR +0.49  ent[s/d/p/e] 1.46/2.36/0.74/0.36  emits 1.16  spf 52.0  z0 0.03  garr 52.1  tG 654  e2 0.12  nF 16.3  pS 0.42  ptS 0.41  fLog 0.49  pdΔ -0.0758  pkR 6.33  clip 0.33  kl +0.018
upd   83  steps 2752512  sps 5506  opp rand  loss -0.027  pg -0.0173  v 0.021  ev +0.98  adv_std 0.232  tR +0.67  ent[s/d/p/e] 1.53/2.33/0.76/0.38  emits 1.21  spf 53.1  z0 0.01  garr 54.8  tG 678  e2 0.13  nF 15.6  pS 0.45  ptS 0.43  fLog 0.50  pdΔ -0.0520  pkR 7.98  clip 0.34  kl +0.018
upd   84  steps 2785280  sps 5513  opp frzn  loss -0.027  pg -0.0176  v 0.022  ev +0.98  adv_std 0.240  tR +0.69  ent[s/d/p/e] 1.52/2.35/0.75/0.38  emits 1.21  spf 52.6  z0 0.02  garr 53.5  tG 695  e2 0.13  nF 16.4  pS 0.45  ptS 0.44  fLog 0.49  pdΔ -0.0464  pkR 6.84  clip 0.34  kl +0.017
upd   85  steps 2818048  sps 5524  opp rand  loss -0.026  pg -0.0171  v 0.021  ev +0.98  adv_std 0.233  tR +0.59  ent[s/d/p/e] 1.43/2.37/0.70/0.39  emits 1.20  spf 54.4  z0 0.02  garr 51.2  tG 675  e2 0.12  nF 17.2  pS 0.42  ptS 0.41  fLog 0.48  pdΔ -0.0792  pkR 8.67  clip 0.33  kl +0.017
upd   86  steps 2850816  sps 5534  opp rand  loss -0.026  pg -0.0172  v 0.020  ev +0.98  adv_std 0.225  tR +0.53  ent[s/d/p/e] 1.43/2.33/0.71/0.37  emits 1.19  spf 49.6  z0 0.02  garr 47.8  tG 610  e2 0.12  nF 16.3  pS 0.41  ptS 0.40  fLog 0.48  pdΔ -0.0891  pkR 7.09  clip 0.33  kl +0.020
upd   87  steps 2883584  sps 5541  opp frzn  loss -0.027  pg -0.0178  v 0.022  ev +0.98  adv_std 0.237  tR +0.79  ent[s/d/p/e] 1.52/2.33/0.77/0.35  emits 1.19  spf 59.5  z0 0.01  garr 57.1  tG 752  e2 0.12  nF 16.1  pS 0.47  ptS 0.46  fLog 0.51  pdΔ -0.0297  pkR 6.46  clip 0.35  kl +0.018
upd   88  steps 2916352  sps 5551  opp rand  loss -0.026  pg -0.0166  v 0.020  ev +0.98  adv_std 0.223  tR +0.77  ent[s/d/p/e] 1.50/2.32/0.75/0.40  emits 1.22  spf 55.2  z0 0.01  garr 52.7  tG 712  e2 0.13  nF 15.9  pS 0.46  ptS 0.45  fLog 0.50  pdΔ -0.0387  pkR 8.28  clip 0.34  kl +0.019
upd   89  steps 2949120  sps 5561  opp rand  loss -0.026  pg -0.0174  v 0.021  ev +0.98  adv_std 0.232  tR +0.82  ent[s/d/p/e] 1.43/2.33/0.72/0.38  emits 1.19  spf 53.9  z0 0.01  garr 51.3  tG 657  e2 0.12  nF 16.3  pS 0.42  ptS 0.41  fLog 0.49  pdΔ -0.0759  pkR 8.85  clip 0.33  kl +0.018
upd   90  steps 2981888  sps 5570  opp rand  loss -0.028  pg -0.0189  v 0.020  ev +0.98  adv_std 0.224  tR +0.77  ent[s/d/p/e] 1.49/2.32/0.75/0.39  emits 1.21  spf 53.4  z0 0.01  garr 50.1  tG 660  e2 0.13  nF 16.7  pS 0.45  ptS 0.44  fLog 0.50  pdΔ -0.0484  pkR 5.89  clip 0.34  kl +0.019
upd   91  steps 3014656  sps 5577  opp frzn  loss -0.027  pg -0.0176  v 0.021  ev +0.98  adv_std 0.229  tR +0.81  ent[s/d/p/e] 1.52/2.30/0.78/0.40  emits 1.23  spf 54.2  z0 0.01  garr 52.5  tG 675  e2 0.14  nF 16.6  pS 0.46  ptS 0.44  fLog 0.50  pdΔ -0.0427  pkR 6.36  clip 0.35  kl +0.019
upd   92  steps 3047424  sps 5586  opp rand  loss -0.028  pg -0.0185  v 0.019  ev +0.98  adv_std 0.224  tR +0.71  ent[s/d/p/e] 1.45/2.31/0.73/0.39  emits 1.20  spf 56.6  z0 0.02  garr 55.3  tG 692  e2 0.12  nF 16.3  pS 0.43  ptS 0.42  fLog 0.50  pdΔ -0.0652  pkR 6.18  clip 0.34  kl +0.019
upd   93  steps 3080192  sps 5595  opp rand  loss -0.027  pg -0.0178  v 0.021  ev +0.98  adv_std 0.229  tR +0.70  ent[s/d/p/e] 1.44/2.31/0.74/0.42  emits 1.25  spf 61.9  z0 0.01  garr 58.3  tG 731  e2 0.14  nF 16.5  pS 0.44  ptS 0.42  fLog 0.50  pdΔ -0.0623  pkR 9.95  clip 0.34  kl +0.018
upd   94  steps 3112960  sps 5604  opp rand  loss -0.026  pg -0.0172  v 0.021  ev +0.98  adv_std 0.234  tR +0.66  ent[s/d/p/e] 1.48/2.29/0.76/0.40  emits 1.22  spf 58.3  z0 0.02  garr 54.3  tG 714  e2 0.13  nF 16.7  pS 0.45  ptS 0.44  fLog 0.51  pdΔ -0.0509  pkR 7.39  clip 0.34  kl +0.019
upd   95  steps 3145728  sps 5609  opp frzn  loss -0.027  pg -0.0174  v 0.021  ev +0.98  adv_std 0.230  tR +0.63  ent[s/d/p/e] 1.48/2.28/0.76/0.40  emits 1.23  spf 57.4  z0 0.01  garr 54.6  tG 719  e2 0.13  nF 16.3  pS 0.45  ptS 0.44  fLog 0.50  pdΔ -0.0494  pkR 7.74  clip 0.35  kl +0.021
upd   96  steps 3178496  sps 5618  opp rand  loss -0.027  pg -0.0177  v 0.022  ev +0.98  adv_std 0.238  tR +0.74  ent[s/d/p/e] 1.51/2.26/0.76/0.38  emits 1.25  spf 62.1  z0 0.01  garr 59.6  tG 745  e2 0.13  nF 16.2  pS 0.46  ptS 0.44  fLog 0.52  pdΔ -0.0439  pkR 6.36  clip 0.35  kl +0.021
upd   97  steps 3211264  sps 5623  opp frzn  loss -0.027  pg -0.0178  v 0.024  ev +0.98  adv_std 0.250  tR +0.76  ent[s/d/p/e] 1.50/2.25/0.78/0.41  emits 1.28  spf 62.6  z0 0.01  garr 55.2  tG 725  e2 0.14  nF 16.0  pS 0.46  ptS 0.45  fLog 0.52  pdΔ -0.0406  pkR 7.72  clip 0.35  kl +0.019
upd   98  steps 3244032  sps 5629  opp frzn  loss -0.027  pg -0.0185  v 0.024  ev +0.98  adv_std 0.250  tR +0.63  ent[s/d/p/e] 1.44/2.24/0.76/0.38  emits 1.23  spf 55.8  z0 0.02  garr 55.5  tG 682  e2 0.13  nF 15.4  pS 0.43  ptS 0.41  fLog 0.51  pdΔ -0.0702  pkR 7.88  clip 0.35  kl +0.018
upd   99  steps 3276800  sps 5637  opp rand  loss -0.026  pg -0.0169  v 0.026  ev +0.98  adv_std 0.254  tR +0.71  ent[s/d/p/e] 1.53/2.21/0.81/0.40  emits 1.31  spf 65.4  z0 0.01  garr 58.0  tG 754  e2 0.15  nF 15.9  pS 0.47  ptS 0.45  fLog 0.53  pdΔ -0.0332  pkR 6.25  clip 0.35  kl +0.021 WRr 0.88 WRf 0.88
[ckpt] saved ./ckpt_multi_action_v11_f29/ckpt_000099.pkl
upd  100  steps 3309568  sps 5521  opp frzn  loss -0.025  pg -0.0164  v 0.025  ev +0.98  adv_std 0.250  tR +0.69  ent[s/d/p/e] 1.49/2.20/0.78/0.38  emits 1.25  spf 59.3  z0 0.02  garr 55.5  tG 670  e2 0.13  nF 14.9  pS 0.44  ptS 0.42  fLog 0.52  pdΔ -0.0629  pkR 7.02  clip 0.36  kl +0.021
upd  101  steps 3342336  sps 5527  opp frzn  loss -0.024  pg -0.0161  v 0.029  ev +0.98  adv_std 0.272  tR +0.69  ent[s/d/p/e] 1.48/2.22/0.78/0.40  emits 1.28  spf 66.3  z0 0.01  garr 63.5  tG 761  e2 0.14  nF 15.3  pS 0.44  ptS 0.43  fLog 0.53  pdΔ -0.0593  pkR 6.68  clip 0.35  kl +0.021
upd  102  steps 3375104  sps 5536  opp rand  loss -0.024  pg -0.0167  v 0.026  ev +0.98  adv_std 0.258  tR +0.34  ent[s/d/p/e] 1.39/2.21/0.70/0.37  emits 1.23  spf 56.3  z0 0.03  garr 50.6  tG 608  e2 0.12  nF 17.6  pS 0.40  ptS 0.39  fLog 0.49  pdΔ -0.1025  pkR 7.56  clip 0.34  kl +0.020
upd  103  steps 3407872  sps 5545  opp rand  loss -0.024  pg -0.0155  v 0.026  ev +0.98  adv_std 0.253  tR +0.76  ent[s/d/p/e] 1.47/2.20/0.78/0.42  emits 1.31  spf 61.1  z0 0.01  garr 52.8  tG 698  e2 0.15  nF 16.3  pS 0.46  ptS 0.44  fLog 0.52  pdΔ -0.0419  pkR 7.71  clip 0.36  kl +0.021
upd  104  steps 3440640  sps 5553  opp rand  loss -0.024  pg -0.0160  v 0.028  ev +0.98  adv_std 0.264  tR +0.72  ent[s/d/p/e] 1.49/2.17/0.79/0.42  emits 1.33  spf 67.7  z0 0.01  garr 58.0  tG 779  e2 0.16  nF 16.1  pS 0.47  ptS 0.46  fLog 0.54  pdΔ -0.0272  pkR 7.62  clip 0.36  kl +0.021
upd  105  steps 3473408  sps 5561  opp rand  loss -0.024  pg -0.0159  v 0.029  ev +0.98  adv_std 0.268  tR +0.83  ent[s/d/p/e] 1.54/2.17/0.82/0.44  emits 1.37  spf 76.8  z0 0.02  garr 65.0  tG 861  e2 0.17  nF 15.2  pS 0.49  ptS 0.47  fLog 0.56  pdΔ -0.0129  pkR 9.18  clip 0.36  kl +0.023
upd  106  steps 3506176  sps 5567  opp frzn  loss -0.025  pg -0.0174  v 0.029  ev +0.98  adv_std 0.274  tR +0.70  ent[s/d/p/e] 1.42/2.18/0.75/0.41  emits 1.27  spf 68.5  z0 0.01  garr 63.0  tG 753  e2 0.14  nF 16.9  pS 0.42  ptS 0.42  fLog 0.52  pdΔ -0.0770  pkR 7.77  clip 0.36  kl +0.024
upd  107  steps 3538944  sps 5575  opp rand  loss -0.022  pg -0.0150  v 0.030  ev +0.98  adv_std 0.273  tR +0.57  ent[s/d/p/e] 1.44/2.17/0.77/0.42  emits 1.29  spf 71.4  z0 0.02  garr 63.0  tG 786  e2 0.15  nF 16.1  pS 0.44  ptS 0.43  fLog 0.53  pdΔ -0.0607  pkR 7.76  clip 0.35  kl +0.021
upd  108  steps 3571712  sps 5583  opp rand  loss -0.023  pg -0.0154  v 0.028  ev +0.98  adv_std 0.266  tR +0.65  ent[s/d/p/e] 1.39/2.15/0.75/0.42  emits 1.29  spf 64.7  z0 0.01  garr 54.7  tG 704  e2 0.15  nF 16.0  pS 0.43  ptS 0.42  fLog 0.52  pdΔ -0.0686  pkR 9.39  clip 0.36  kl +0.020
upd  109  steps 3604480  sps 5590  opp rand  loss -0.025  pg -0.0167  v 0.027  ev +0.98  adv_std 0.262  tR +0.84  ent[s/d/p/e] 1.51/2.14/0.81/0.44  emits 1.34  spf 63.9  z0 0.01  garr 57.7  tG 741  e2 0.17  nF 15.6  pS 0.48  ptS 0.47  fLog 0.54  pdΔ -0.0237  pkR 6.10  clip 0.37  kl +0.022
upd  110  steps 3637248  sps 5598  opp rand  loss -0.025  pg -0.0169  v 0.027  ev +0.98  adv_std 0.260  tR +0.57  ent[s/d/p/e] 1.45/2.11/0.80/0.42  emits 1.32  spf 69.4  z0 0.01  garr 59.3  tG 762  e2 0.16  nF 15.4  pS 0.45  ptS 0.44  fLog 0.54  pdΔ -0.0453  pkR 6.13  clip 0.37  kl +0.022
upd  111  steps 3670016  sps 5605  opp rand  loss -0.022  pg -0.0144  v 0.033  ev +0.98  adv_std 0.285  tR +0.79  ent[s/d/p/e] 1.53/2.11/0.85/0.45  emits 1.43  spf 77.8  z0 0.01  garr 66.3  tG 877  e2 0.19  nF 15.1  pS 0.50  ptS 0.48  fLog 0.57  pdΔ -0.0029  pkR 5.48  clip 0.37  kl +0.022
upd  112  steps 3702784  sps 5613  opp rand  loss -0.024  pg -0.0164  v 0.032  ev +0.98  adv_std 0.279  tR +0.80  ent[s/d/p/e] 1.53/2.10/0.83/0.42  emits 1.36  spf 80.2  z0 0.01  garr 70.8  tG 906  e2 0.17  nF 14.9  pS 0.49  ptS 0.48  fLog 0.57  pdΔ -0.0074  pkR 8.05  clip 0.37  kl +0.021
upd  113  steps 3735552  sps 5620  opp rand  loss -0.021  pg -0.0145  v 0.037  ev +0.97  adv_std 0.299  tR +0.84  ent[s/d/p/e] 1.50/2.10/0.83/0.45  emits 1.44  spf 82.3  z0 0.01  garr 67.6  tG 894  e2 0.19  nF 16.2  pS 0.49  ptS 0.47  fLog 0.57  pdΔ -0.0124  pkR 7.46  clip 0.36  kl +0.024
upd  114  steps 3768320  sps 5627  opp rand  loss -0.026  pg -0.0180  v 0.030  ev +0.98  adv_std 0.276  tR +0.78  ent[s/d/p/e] 1.46/2.09/0.80/0.43  emits 1.38  spf 66.9  z0 0.01  garr 59.3  tG 730  e2 0.18  nF 17.0  pS 0.46  ptS 0.44  fLog 0.54  pdΔ -0.0420  pkR 6.77  clip 0.37  kl +0.022
upd  115  steps 3801088  sps 5634  opp rand  loss -0.022  pg -0.0147  v 0.037  ev +0.97  adv_std 0.294  tR +0.78  ent[s/d/p/e] 1.53/2.06/0.84/0.43  emits 1.42  spf 78.5  z0 0.01  garr 67.0  tG 857  e2 0.18  nF 15.3  pS 0.49  ptS 0.47  fLog 0.57  pdΔ -0.0104  pkR 7.13  clip 0.38  kl +0.024
upd  116  steps 3833856  sps 5641  opp rand  loss -0.022  pg -0.0150  v 0.035  ev +0.98  adv_std 0.293  tR +0.85  ent[s/d/p/e] 1.46/2.04/0.81/0.44  emits 1.40  spf 81.8  z0 0.01  garr 69.3  tG 875  e2 0.18  nF 15.2  pS 0.47  ptS 0.45  fLog 0.56  pdΔ -0.0310  pkR 8.30  clip 0.37  kl +0.025
upd  117  steps 3866624  sps 5648  opp rand  loss -0.021  pg -0.0144  v 0.036  ev +0.98  adv_std 0.296  tR +0.78  ent[s/d/p/e] 1.50/2.01/0.82/0.43  emits 1.38  spf 79.1  z0 0.01  garr 68.2  tG 847  e2 0.18  nF 14.9  pS 0.48  ptS 0.46  fLog 0.57  pdΔ -0.0217  pkR 7.31  clip 0.38  kl +0.024
upd  118  steps 3899392  sps 5652  opp frzn  loss -0.022  pg -0.0161  v 0.039  ev +0.98  adv_std 0.307  tR +0.72  ent[s/d/p/e] 1.50/2.04/0.83/0.44  emits 1.43  spf 87.8  z0 0.01  garr 73.8  tG 936  e2 0.19  nF 15.7  pS 0.48  ptS 0.46  fLog 0.57  pdΔ -0.0248  pkR 10.10  clip 0.37  kl +0.025
upd  119  steps 3932160  sps 5659  opp rand  loss -0.022  pg -0.0154  v 0.037  ev +0.98  adv_std 0.297  tR +0.72  ent[s/d/p/e] 1.45/2.01/0.80/0.43  emits 1.37  spf 77.8  z0 0.01  garr 65.9  tG 820  e2 0.17  nF 15.0  pS 0.46  ptS 0.45  fLog 0.56  pdΔ -0.0367  pkR 10.17  clip 0.37  kl +0.024
upd  120  steps 3964928  sps 5663  opp frzn  loss -0.024  pg -0.0184  v 0.039  ev +0.98  adv_std 0.308  tR +0.81  ent[s/d/p/e] 1.41/2.00/0.79/0.41  emits 1.35  spf 74.6  z0 0.01  garr 66.1  tG 790  e2 0.16  nF 14.7  pS 0.44  ptS 0.42  fLog 0.55  pdΔ -0.0628  pkR 8.34  clip 0.37  kl +0.024
upd  121  steps 3997696  sps 5667  opp frzn  loss -0.023  pg -0.0174  v 0.038  ev +0.98  adv_std 0.301  tR +0.55  ent[s/d/p/e] 1.39/1.95/0.80/0.41  emits 1.29  spf 79.5  z0 0.02  garr 73.5  tG 834  e2 0.15  nF 15.1  pS 0.43  ptS 0.41  fLog 0.55  pdΔ -0.0720  pkR 7.45  clip 0.37  kl +0.025
upd  122  steps 4030464  sps 5671  opp frzn  loss -0.024  pg -0.0179  v 0.036  ev +0.98  adv_std 0.300  tR +0.60  ent[s/d/p/e] 1.39/1.95/0.79/0.42  emits 1.34  spf 73.6  z0 0.02  garr 64.6  tG 775  e2 0.16  nF 15.6  pS 0.43  ptS 0.42  fLog 0.55  pdΔ -0.0708  pkR 7.21  clip 0.37  kl +0.023
upd  123  steps 4063232  sps 5678  opp rand  loss -0.020  pg -0.0141  v 0.039  ev +0.98  adv_std 0.308  tR +0.47  ent[s/d/p/e] 1.38/1.96/0.78/0.44  emits 1.35  spf 72.0  z0 0.02  garr 60.7  tG 754  e2 0.17  nF 15.2  pS 0.44  ptS 0.42  fLog 0.54  pdΔ -0.0646  pkR 9.54  clip 0.38  kl +0.023
upd  124  steps 4096000  sps 5684  opp rand  loss -0.018  pg -0.0141  v 0.046  ev +0.98  adv_std 0.338  tR +0.70  ent[s/d/p/e] 1.43/1.96/0.80/0.45  emits 1.42  spf 93.4  z0 0.01  garr 75.2  tG 965  e2 0.19  nF 15.4  pS 0.46  ptS 0.44  fLog 0.57  pdΔ -0.0365  pkR 11.99  clip 0.37  kl +0.024
upd  125  steps 4128768  sps 5688  opp frzn  loss -0.022  pg -0.0163  v 0.039  ev +0.98  adv_std 0.314  tR +0.65  ent[s/d/p/e] 1.38/1.97/0.78/0.43  emits 1.36  spf 83.0  z0 0.02  garr 65.8  tG 811  e2 0.17  nF 15.5  pS 0.42  ptS 0.41  fLog 0.55  pdΔ -0.0754  pkR 7.15  clip 0.37  kl +0.025
upd  126  steps 4161536  sps 5692  opp frzn  loss -0.022  pg -0.0183  v 0.043  ev +0.98  adv_std 0.327  tR +0.61  ent[s/d/p/e] 1.34/1.95/0.75/0.41  emits 1.29  spf 80.1  z0 0.01  garr 71.4  tG 826  e2 0.15  nF 15.5  pS 0.41  ptS 0.40  fLog 0.54  pdΔ -0.0887  pkR 6.59  clip 0.36  kl +0.025
upd  127  steps 4194304  sps 5698  opp rand  loss -0.019  pg -0.0156  v 0.052  ev +0.98  adv_std 0.351  tR +0.39  ent[s/d/p/e] 1.42/1.90/0.79/0.45  emits 1.41  spf 92.6  z0 0.02  garr 71.5  tG 883  e2 0.19  nF 14.4  pS 0.44  ptS 0.42  fLog 0.57  pdΔ -0.0625  pkR 8.79  clip 0.36  kl +0.024
upd  128  steps 4227072  sps 5701  opp frzn  loss -0.022  pg -0.0173  v 0.042  ev +0.97  adv_std 0.322  tR +0.69  ent[s/d/p/e] 1.40/1.86/0.80/0.41  emits 1.35  spf 78.1  z0 0.01  garr 68.4  tG 785  e2 0.17  nF 14.3  pS 0.44  ptS 0.42  fLog 0.56  pdΔ -0.0612  pkR 6.92  clip 0.38  kl +0.023
upd  129  steps 4259840  sps 5707  opp rand  loss -0.021  pg -0.0161  v 0.046  ev +0.98  adv_std 0.334  tR +0.50  ent[s/d/p/e] 1.47/1.87/0.82/0.45  emits 1.42  spf 91.4  z0 0.01  garr 76.8  tG 930  e2 0.20  nF 13.7  pS 0.47  ptS 0.45  fLog 0.58  pdΔ -0.0340  pkR 11.03  clip 0.37  kl +0.024
upd  130  steps 4292608  sps 5711  opp frzn  loss -0.021  pg -0.0159  v 0.046  ev +0.98  adv_std 0.328  tR +0.78  ent[s/d/p/e] 1.47/1.87/0.83/0.46  emits 1.46  spf 113.7  z0 0.01  garr 88.9  tG 1103  e2 0.20  nF 14.0  pS 0.48  ptS 0.46  fLog 0.60  pdΔ -0.0209  pkR 14.35  clip 0.37  kl +0.025
upd  131  steps 4325376  sps 5714  opp frzn  loss -0.019  pg -0.0149  v 0.047  ev +0.98  adv_std 0.339  tR +0.75  ent[s/d/p/e] 1.43/1.85/0.82/0.45  emits 1.45  spf 107.1  z0 0.01  garr 90.0  tG 1011  e2 0.20  nF 14.0  pS 0.46  ptS 0.44  fLog 0.58  pdΔ -0.0446  pkR 9.47  clip 0.37  kl +0.024
upd  132  steps 4358144  sps 5718  opp frzn  loss -0.019  pg -0.0152  v 0.046  ev +0.98  adv_std 0.337  tR +0.44  ent[s/d/p/e] 1.35/1.86/0.76/0.44  emits 1.35  spf 100.8  z0 0.02  garr 79.7  tG 885  e2 0.17  nF 14.9  pS 0.40  ptS 0.39  fLog 0.56  pdΔ -0.0954  pkR 11.53  clip 0.36  kl +0.026
upd  133  steps 4390912  sps 5721  opp frzn  loss -0.018  pg -0.0145  v 0.049  ev +0.98  adv_std 0.344  tR +0.57  ent[s/d/p/e] 1.39/1.86/0.80/0.47  emits 1.43  spf 117.8  z0 0.02  garr 88.5  tG 1062  e2 0.20  nF 14.2  pS 0.43  ptS 0.42  fLog 0.59  pdΔ -0.0658  pkR 8.75  clip 0.37  kl +0.028
upd  134  steps 4423680  sps 5727  opp rand  loss -0.017  pg -0.0131  v 0.050  ev +0.98  adv_std 0.346  tR +0.77  ent[s/d/p/e] 1.41/1.81/0.81/0.48  emits 1.49  spf 123.8  z0 0.01  garr 87.8  tG 1084  e2 0.21  nF 13.7  pS 0.47  ptS 0.46  fLog 0.60  pdΔ -0.0274  pkR 7.11  clip 0.38  kl +0.026
upd  135  steps 4456448  sps 5730  opp frzn  loss -0.019  pg -0.0153  v 0.052  ev +0.98  adv_std 0.353  tR +0.79  ent[s/d/p/e] 1.43/1.82/0.82/0.49  emits 1.51  spf 110.0  z0 0.01  garr 77.9  tG 970  e2 0.22  nF 14.5  pS 0.46  ptS 0.44  fLog 0.58  pdΔ -0.0415  pkR 8.38  clip 0.37  kl +0.026
upd  136  steps 4489216  sps 5736  opp rand  loss -0.018  pg -0.0148  v 0.051  ev +0.98  adv_std 0.342  tR +0.63  ent[s/d/p/e] 1.43/1.79/0.81/0.49  emits 1.45  spf 118.2  z0 0.01  garr 89.1  tG 1129  e2 0.21  nF 14.3  pS 0.47  ptS 0.45  fLog 0.60  pdΔ -0.0336  pkR 8.04  clip 0.37  kl +0.027
upd  137  steps 4521984  sps 5739  opp frzn  loss -0.018  pg -0.0162  v 0.057  ev +0.98  adv_std 0.374  tR +0.63  ent[s/d/p/e] 1.37/1.78/0.78/0.49  emits 1.45  spf 119.7  z0 0.02  garr 84.2  tG 1042  e2 0.20  nF 14.7  pS 0.42  ptS 0.40  fLog 0.58  pdΔ -0.0817  pkR 12.13  clip 0.37  kl +0.029
upd  138  steps 4554752  sps 5744  opp rand  loss -0.016  pg -0.0139  v 0.055  ev +0.98  adv_std 0.359  tR +0.41  ent[s/d/p/e] 1.40/1.77/0.80/0.49  emits 1.45  spf 132.4  z0 0.02  garr 92.1  tG 1082  e2 0.22  nF 13.9  pS 0.45  ptS 0.44  fLog 0.60  pdΔ -0.0453  pkR 12.74  clip 0.37  kl +0.025
upd  139  steps 4587520  sps 5747  opp frzn  loss -0.020  pg -0.0167  v 0.051  ev +0.98  adv_std 0.349  tR +0.61  ent[s/d/p/e] 1.38/1.75/0.80/0.49  emits 1.46  spf 115.9  z0 0.02  garr 80.4  tG 974  e2 0.21  nF 14.2  pS 0.44  ptS 0.42  fLog 0.59  pdΔ -0.0599  pkR 8.34  clip 0.37  kl +0.026
upd  140  steps 4620288  sps 5753  opp rand  loss -0.017  pg -0.0155  v 0.061  ev +0.98  adv_std 0.379  tR +0.82  ent[s/d/p/e] 1.44/1.72/0.84/0.51  emits 1.59  spf 136.0  z0 0.01  garr 95.5  tG 1170  e2 0.26  nF 13.3  pS 0.49  ptS 0.47  fLog 0.63  pdΔ -0.0105  pkR 6.99  clip 0.38  kl +0.026
upd  141  steps 4653056  sps 5758  opp rand  loss -0.016  pg -0.0144  v 0.063  ev +0.98  adv_std 0.382  tR +0.80  ent[s/d/p/e] 1.45/1.72/0.84/0.51  emits 1.61  spf 140.7  z0 0.00  garr 94.6  tG 1219  e2 0.26  nF 13.7  pS 0.50  ptS 0.48  fLog 0.63  pdΔ +0.0024  pkR 8.87  clip 0.38  kl +0.025
upd  142  steps 4685824  sps 5761  opp frzn  loss -0.012  pg -0.0123  v 0.071  ev +0.98  adv_std 0.405  tR +0.83  ent[s/d/p/e] 1.43/1.74/0.82/0.48  emits 1.57  spf 128.1  z0 0.01  garr 87.5  tG 1103  e2 0.23  nF 14.3  pS 0.47  ptS 0.45  fLog 0.62  pdΔ -0.0270  pkR 9.95  clip 0.37  kl +0.025
upd  143  steps 4718592  sps 5766  opp rand  loss -0.017  pg -0.0157  v 0.060  ev +0.98  adv_std 0.378  tR +0.52  ent[s/d/p/e] 1.38/1.74/0.80/0.50  emits 1.55  spf 117.8  z0 0.01  garr 81.5  tG 994  e2 0.23  nF 14.5  pS 0.45  ptS 0.44  fLog 0.59  pdΔ -0.0454  pkR 12.83  clip 0.38  kl +0.026
upd  144  steps 4751360  sps 5771  opp rand  loss -0.013  pg -0.0140  v 0.072  ev +0.98  adv_std 0.410  tR +0.66  ent[s/d/p/e] 1.40/1.72/0.83/0.52  emits 1.62  spf 148.5  z0 0.02  garr 96.9  tG 1143  e2 0.26  nF 13.9  pS 0.49  ptS 0.47  fLog 0.62  pdΔ -0.0108  pkR 15.59  clip 0.38  kl +0.027
upd  145  steps 4784128  sps 5774  opp frzn  loss -0.015  pg -0.0151  v 0.065  ev +0.98  adv_std 0.395  tR +0.71  ent[s/d/p/e] 1.32/1.71/0.76/0.49  emits 1.51  spf 158.6  z0 0.01  garr 107.1  tG 1163  e2 0.22  nF 13.6  pS 0.43  ptS 0.41  fLog 0.62  pdΔ -0.0739  pkR 9.04  clip 0.37  kl +0.028
upd  146  steps 4816896  sps 5778  opp rand  loss -0.012  pg -0.0135  v 0.072  ev +0.98  adv_std 0.410  tR +0.70  ent[s/d/p/e] 1.36/1.69/0.81/0.51  emits 1.63  spf 158.1  z0 0.01  garr 103.4  tG 1220  e2 0.26  nF 13.7  pS 0.45  ptS 0.44  fLog 0.63  pdΔ -0.0460  pkR 7.19  clip 0.37  kl +0.026
upd  147  steps 4849664  sps 5783  opp rand  loss -0.010  pg -0.0112  v 0.075  ev +0.98  adv_std 0.419  tR +0.72  ent[s/d/p/e] 1.42/1.66/0.84/0.49  emits 1.61  spf 147.5  z0 0.01  garr 95.6  tG 1222  e2 0.25  nF 14.3  pS 0.48  ptS 0.46  fLog 0.63  pdΔ -0.0221  pkR 8.22  clip 0.39  kl +0.029
upd  148  steps 4882432  sps 5788  opp rand  loss -0.014  pg -0.0145  v 0.071  ev +0.98  adv_std 0.407  tR +0.69  ent[s/d/p/e] 1.38/1.63/0.82/0.50  emits 1.63  spf 156.7  z0 0.02  garr 100.5  tG 1178  e2 0.26  nF 13.6  pS 0.46  ptS 0.44  fLog 0.64  pdΔ -0.0381  pkR 8.90  clip 0.37  kl +0.028
upd  149  steps 4915200  sps 5793  opp rand  loss -0.014  pg -0.0155  v 0.073  ev +0.98  adv_std 0.414  tR +0.74  ent[s/d/p/e] 1.38/1.65/0.83/0.49  emits 1.63  spf 141.0  z0 0.01  garr 93.7  tG 1128  e2 0.25  nF 13.4  pS 0.46  ptS 0.44  fLog 0.63  pdΔ -0.0398  pkR 9.63  clip 0.38  kl +0.027 WRr 0.91 WRf 0.88
upd  150  steps 4947968  sps 5710  opp rand  loss -0.018  pg -0.0175  v 0.064  ev +0.98  adv_std 0.390  tR +0.76  ent[s/d/p/e] 1.38/1.68/0.83/0.51  emits 1.59  spf 117.8  z0 0.02  garr 81.4  tG 994  e2 0.25  nF 13.9  pS 0.48  ptS 0.45  fLog 0.61  pdΔ -0.0236  pkR 14.14  clip 0.37  kl +0.026
upd  151  steps 4980736  sps 5715  opp rand  loss -0.017  pg -0.0166  v 0.066  ev +0.98  adv_std 0.395  tR +0.83  ent[s/d/p/e] 1.39/1.64/0.83/0.49  emits 1.58  spf 124.1  z0 0.01  garr 87.3  tG 1016  e2 0.24  nF 13.7  pS 0.48  ptS 0.46  fLog 0.62  pdΔ -0.0216  pkR 7.48  clip 0.39  kl +0.028
upd  152  steps 5013504  sps 5720  opp rand  loss -0.011  pg -0.0150  v 0.092  ev +0.98  adv_std 0.460  tR +0.87  ent[s/d/p/e] 1.45/1.61/0.87/0.51  emits 1.73  spf 162.2  z0 0.01  garr 107.6  tG 1323  e2 0.29  nF 12.2  pS 0.51  ptS 0.50  fLog 0.66  pdΔ +0.0149  pkR 6.87  clip 0.38  kl +0.028
upd  153  steps 5046272  sps 5723  opp frzn  loss -0.011  pg -0.0132  v 0.077  ev +0.98  adv_std 0.423  tR +0.67  ent[s/d/p/e] 1.37/1.59/0.80/0.51  emits 1.60  spf 187.5  z0 0.01  garr 125.5  tG 1390  e2 0.25  nF 11.1  pS 0.49  ptS 0.46  fLog 0.68  pdΔ -0.0146  pkR 6.47  clip 0.38  kl +0.030
upd  154  steps 5079040  sps 5728  opp rand  loss -0.010  pg -0.0141  v 0.085  ev +0.98  adv_std 0.443  tR +0.75  ent[s/d/p/e] 1.35/1.60/0.78/0.50  emits 1.66  spf 173.7  z0 0.01  garr 109.7  tG 1236  e2 0.26  nF 13.4  pS 0.47  ptS 0.45  fLog 0.65  pdΔ -0.0280  pkR 6.88  clip 0.38  kl +0.028
upd  155  steps 5111808  sps 5733  opp rand  loss -0.013  pg -0.0149  v 0.073  ev +0.98  adv_std 0.412  tR +0.81  ent[s/d/p/e] 1.37/1.58/0.79/0.52  emits 1.64  spf 171.9  z0 0.01  garr 115.8  tG 1375  e2 0.27  nF 12.7  pS 0.49  ptS 0.47  fLog 0.66  pdΔ -0.0087  pkR 6.72  clip 0.38  kl +0.030
upd  156  steps 5144576  sps 5738  opp rand  loss -0.008  pg -0.0125  v 0.087  ev +0.98  adv_std 0.442  tR +0.84  ent[s/d/p/e] 1.40/1.56/0.79/0.49  emits 1.71  spf 209.0  z0 0.01  garr 123.8  tG 1487  e2 0.27  nF 13.0  pS 0.48  ptS 0.47  fLog 0.67  pdΔ -0.0180  pkR 7.21  clip 0.38  kl +0.028
upd  157  steps 5177344  sps 5742  opp rand  loss -0.013  pg -0.0145  v 0.076  ev +0.98  adv_std 0.421  tR +0.81  ent[s/d/p/e] 1.43/1.61/0.83/0.50  emits 1.69  spf 146.9  z0 0.01  garr 99.1  tG 1269  e2 0.27  nF 13.9  pS 0.51  ptS 0.49  fLog 0.64  pdΔ +0.0105  pkR 7.74  clip 0.39  kl +0.029
upd  158  steps 5210112  sps 5747  opp rand  loss -0.016  pg -0.0164  v 0.069  ev +0.98  adv_std 0.404  tR +0.78  ent[s/d/p/e] 1.37/1.56/0.80/0.48  emits 1.57  spf 178.5  z0 0.01  garr 114.4  tG 1368  e2 0.24  nF 13.1  pS 0.48  ptS 0.46  fLog 0.65  pdΔ -0.0187  pkR 7.16  clip 0.38  kl +0.026
upd  159  steps 5242880  sps 5750  opp frzn  loss -0.012  pg -0.0145  v 0.077  ev +0.98  adv_std 0.424  tR +0.72  ent[s/d/p/e] 1.37/1.59/0.82/0.50  emits 1.65  spf 170.2  z0 0.01  garr 119.4  tG 1412  e2 0.26  nF 12.8  pS 0.49  ptS 0.47  fLog 0.66  pdΔ -0.0080  pkR 5.74  clip 0.38  kl +0.029
upd  160  steps 5275648  sps 5754  opp rand  loss -0.013  pg -0.0158  v 0.076  ev +0.98  adv_std 0.422  tR +0.76  ent[s/d/p/e] 1.33/1.57/0.79/0.46  emits 1.60  spf 178.6  z0 0.01  garr 121.3  tG 1251  e2 0.24  nF 12.5  pS 0.45  ptS 0.43  fLog 0.65  pdΔ -0.0482  pkR 7.98  clip 0.38  kl +0.029
upd  161  steps 5308416  sps 5759  opp rand  loss -0.010  pg -0.0139  v 0.085  ev +0.98  adv_std 0.445  tR +0.80  ent[s/d/p/e] 1.33/1.56/0.82/0.50  emits 1.77  spf 172.8  z0 0.01  garr 117.0  tG 1338  e2 0.28  nF 12.8  pS 0.48  ptS 0.46  fLog 0.67  pdΔ -0.0196  pkR 6.49  clip 0.38  kl +0.028
upd  162  steps 5341184  sps 5761  opp frzn  loss -0.011  pg -0.0140  v 0.075  ev +0.98  adv_std 0.422  tR +0.85  ent[s/d/p/e] 1.28/1.57/0.77/0.46  emits 1.63  spf 171.0  z0 0.00  garr 108.3  tG 1194  e2 0.24  nF 13.9  pS 0.45  ptS 0.43  fLog 0.64  pdΔ -0.0510  pkR 7.36  clip 0.38  kl +0.029
upd  163  steps 5373952  sps 5766  opp rand  loss -0.013  pg -0.0159  v 0.078  ev +0.98  adv_std 0.427  tR +0.69  ent[s/d/p/e] 1.26/1.53/0.76/0.47  emits 1.64  spf 170.6  z0 0.00  garr 109.2  tG 1172  e2 0.25  nF 13.0  pS 0.44  ptS 0.42  fLog 0.65  pdΔ -0.0574  pkR 8.45  clip 0.38  kl +0.027
upd  164  steps 5406720  sps 5768  opp frzn  loss -0.010  pg -0.0130  v 0.078  ev +0.98  adv_std 0.425  tR +0.78  ent[s/d/p/e] 1.31/1.52/0.78/0.48  emits 1.67  spf 186.2  z0 0.01  garr 120.2  tG 1337  e2 0.25  nF 12.4  pS 0.45  ptS 0.44  fLog 0.66  pdΔ -0.0471  pkR 8.35  clip 0.36  kl +0.026
upd  165  steps 5439488  sps 5773  opp rand  loss -0.011  pg -0.0138  v 0.078  ev +0.98  adv_std 0.428  tR +0.51  ent[s/d/p/e] 1.31/1.54/0.77/0.47  emits 1.63  spf 197.0  z0 0.01  garr 120.3  tG 1279  e2 0.24  nF 13.0  pS 0.44  ptS 0.42  fLog 0.65  pdΔ -0.0638  pkR 10.44  clip 0.38  kl +0.030
upd  166  steps 5472256  sps 5775  opp frzn  loss -0.005  pg -0.0122  v 0.098  ev +0.98  adv_std 0.475  tR +0.73  ent[s/d/p/e] 1.29/1.51/0.78/0.47  emits 1.64  spf 192.5  z0 0.01  garr 118.5  tG 1277  e2 0.24  nF 12.6  pS 0.43  ptS 0.41  fLog 0.65  pdΔ -0.0730  pkR 10.51  clip 0.38  kl +0.029
upd  167  steps 5505024  sps 5779  opp rand  loss -0.010  pg -0.0147  v 0.088  ev +0.98  adv_std 0.447  tR +0.70  ent[s/d/p/e] 1.34/1.50/0.79/0.47  emits 1.69  spf 198.9  z0 0.01  garr 125.0  tG 1344  e2 0.25  nF 13.0  pS 0.45  ptS 0.44  fLog 0.66  pdΔ -0.0459  pkR 10.40  clip 0.37  kl +0.027
upd  168  steps 5537792  sps 5783  opp rand  loss -0.010  pg -0.0137  v 0.083  ev +0.98  adv_std 0.439  tR +0.66  ent[s/d/p/e] 1.32/1.49/0.82/0.48  emits 1.70  spf 210.2  z0 0.01  garr 128.3  tG 1482  e2 0.26  nF 11.6  pS 0.47  ptS 0.45  fLog 0.67  pdΔ -0.0272  pkR 10.75  clip 0.37  kl +0.028
upd  169  steps 5570560  sps 5788  opp rand  loss -0.008  pg -0.0126  v 0.087  ev +0.98  adv_std 0.449  tR +0.75  ent[s/d/p/e] 1.35/1.48/0.81/0.47  emits 1.71  spf 193.8  z0 0.01  garr 123.9  tG 1424  e2 0.26  nF 12.9  pS 0.46  ptS 0.44  fLog 0.66  pdΔ -0.0377  pkR 8.88  clip 0.38  kl +0.030
upd  170  steps 5603328  sps 5792  opp rand  loss -0.008  pg -0.0136  v 0.091  ev +0.98  adv_std 0.456  tR +0.86  ent[s/d/p/e] 1.32/1.44/0.81/0.47  emits 1.68  spf 199.3  z0 0.01  garr 115.6  tG 1334  e2 0.25  nF 12.8  pS 0.47  ptS 0.45  fLog 0.67  pdΔ -0.0300  pkR 9.03  clip 0.39  kl +0.031
upd  171  steps 5636096  sps 5794  opp frzn  loss -0.011  pg -0.0154  v 0.087  ev +0.98  adv_std 0.456  tR +0.81  ent[s/d/p/e] 1.33/1.44/0.83/0.48  emits 1.73  spf 203.6  z0 0.01  garr 123.7  tG 1517  e2 0.27  nF 12.4  pS 0.47  ptS 0.46  fLog 0.68  pdΔ -0.0273  pkR 8.28  clip 0.38  kl +0.030
upd  172  steps 5668864  sps 5796  opp frzn  loss -0.010  pg -0.0163  v 0.093  ev +0.98  adv_std 0.467  tR +0.68  ent[s/d/p/e] 1.29/1.43/0.78/0.46  emits 1.60  spf 203.7  z0 0.01  garr 128.4  tG 1382  e2 0.23  nF 12.0  pS 0.42  ptS 0.41  fLog 0.66  pdΔ -0.0782  pkR 10.67  clip 0.37  kl +0.029
upd  173  steps 5701632  sps 5800  opp rand  loss -0.008  pg -0.0159  v 0.101  ev +0.98  adv_std 0.474  tR +0.49  ent[s/d/p/e] 1.29/1.37/0.80/0.47  emits 1.77  spf 258.8  z0 0.01  garr 153.0  tG 1665  e2 0.27  nF 10.6  pS 0.46  ptS 0.44  fLog 0.71  pdΔ -0.0408  pkR 8.50  clip 0.36  kl +0.026
upd  174  steps 5734400  sps 5802  opp frzn  loss -0.007  pg -0.0138  v 0.097  ev +0.98  adv_std 0.472  tR +0.82  ent[s/d/p/e] 1.28/1.40/0.81/0.46  emits 1.70  spf 207.2  z0 0.01  garr 120.7  tG 1323  e2 0.25  nF 11.6  pS 0.46  ptS 0.44  fLog 0.68  pdΔ -0.0415  pkR 7.43  clip 0.37  kl +0.028
upd  175  steps 5767168  sps 5806  opp rand  loss -0.006  pg -0.0141  v 0.103  ev +0.98  adv_std 0.484  tR +0.60  ent[s/d/p/e] 1.33/1.37/0.82/0.46  emits 1.76  spf 207.2  z0 0.01  garr 121.9  tG 1457  e2 0.27  nF 11.9  pS 0.47  ptS 0.45  fLog 0.68  pdΔ -0.0294  pkR 8.97  clip 0.37  kl +0.029
upd  176  steps 5799936  sps 5809  opp frzn  loss -0.012  pg -0.0166  v 0.089  ev +0.98  adv_std 0.457  tR +0.73  ent[s/d/p/e] 1.32/1.41/0.81/0.44  emits 1.61  spf 167.4  z0 0.01  garr 115.4  tG 1254  e2 0.23  nF 12.4  pS 0.44  ptS 0.42  fLog 0.66  pdΔ -0.0620  pkR 9.40  clip 0.37  kl +0.027
upd  177  steps 5832704  sps 5811  opp frzn  loss -0.008  pg -0.0153  v 0.099  ev +0.98  adv_std 0.482  tR +0.48  ent[s/d/p/e] 1.30/1.43/0.79/0.45  emits 1.61  spf 192.8  z0 0.02  garr 116.2  tG 1184  e2 0.23  nF 11.8  pS 0.42  ptS 0.40  fLog 0.65  pdΔ -0.0830  pkR 8.78  clip 0.37  kl +0.028
upd  178  steps 5865472  sps 5813  opp frzn  loss -0.010  pg -0.0171  v 0.097  ev +0.98  adv_std 0.478  tR +0.47  ent[s/d/p/e] 1.26/1.37/0.76/0.46  emits 1.54  spf 191.4  z0 0.02  garr 116.9  tG 1285  e2 0.22  nF 11.1  pS 0.42  ptS 0.40  fLog 0.66  pdΔ -0.0770  pkR 8.34  clip 0.37  kl +0.028
upd  179  steps 5898240  sps 5815  opp frzn  loss -0.009  pg -0.0159  v 0.096  ev +0.98  adv_std 0.475  tR +0.71  ent[s/d/p/e] 1.28/1.42/0.78/0.47  emits 1.66  spf 222.3  z0 0.01  garr 131.7  tG 1374  e2 0.25  nF 11.6  pS 0.42  ptS 0.40  fLog 0.67  pdΔ -0.0812  pkR 10.01  clip 0.37  kl +0.028
upd  180  steps 5931008  sps 5819  opp rand  loss -0.006  pg -0.0138  v 0.101  ev +0.98  adv_std 0.480  tR +0.53  ent[s/d/p/e] 1.31/1.42/0.78/0.48  emits 1.68  spf 218.8  z0 0.01  garr 120.8  tG 1397  e2 0.26  nF 11.7  pS 0.44  ptS 0.43  fLog 0.68  pdΔ -0.0569  pkR 10.05  clip 0.37  kl +0.030
upd  181  steps 5963776  sps 5821  opp frzn  loss -0.000  pg -0.0123  v 0.124  ev +0.98  adv_std 0.535  tR +0.65  ent[s/d/p/e] 1.37/1.35/0.81/0.46  emits 1.81  spf 274.6  z0 0.01  garr 140.8  tG 1757  e2 0.27  nF 11.8  pS 0.47  ptS 0.46  fLog 0.71  pdΔ -0.0294  pkR 8.67  clip 0.38  kl +0.031
upd  182  steps 5996544  sps 5824  opp rand  loss -0.004  pg -0.0150  v 0.118  ev +0.98  adv_std 0.518  tR +0.78  ent[s/d/p/e] 1.35/1.36/0.82/0.49  emits 1.76  spf 230.5  z0 0.01  garr 138.1  tG 1563  e2 0.28  nF 11.7  pS 0.48  ptS 0.46  fLog 0.70  pdΔ -0.0155  pkR 6.56  clip 0.38  kl +0.031
upd  183  steps 6029312  sps 5826  opp frzn  loss -0.011  pg -0.0179  v 0.099  ev +0.98  adv_std 0.478  tR +0.79  ent[s/d/p/e] 1.30/1.40/0.79/0.46  emits 1.73  spf 213.3  z0 0.01  garr 122.3  tG 1353  e2 0.26  nF 13.4  pS 0.44  ptS 0.42  fLog 0.67  pdΔ -0.0613  pkR 8.35  clip 0.37  kl +0.028
upd  184  steps 6062080  sps 5828  opp frzn  loss -0.007  pg -0.0152  v 0.106  ev +0.98  adv_std 0.496  tR +0.65  ent[s/d/p/e] 1.32/1.32/0.80/0.49  emits 1.73  spf 241.6  z0 0.01  garr 141.7  tG 1564  e2 0.28  nF 11.7  pS 0.46  ptS 0.44  fLog 0.70  pdΔ -0.0400  pkR 7.85  clip 0.37  kl +0.031
upd  185  steps 6094848  sps 5832  opp rand  loss -0.005  pg -0.0151  v 0.109  ev +0.98  adv_std 0.498  tR +0.69  ent[s/d/p/e] 1.24/1.30/0.74/0.46  emits 1.73  spf 253.2  z0 0.01  garr 123.3  tG 1371  e2 0.26  nF 12.0  pS 0.43  ptS 0.42  fLog 0.68  pdΔ -0.0692  pkR 10.05  clip 0.38  kl +0.029
upd  186  steps 6127616  sps 5836  opp rand  loss -0.006  pg -0.0145  v 0.104  ev +0.98  adv_std 0.490  tR +0.78  ent[s/d/p/e] 1.27/1.32/0.78/0.48  emits 1.75  spf 192.7  z0 0.00  garr 106.4  tG 1190  e2 0.27  nF 13.1  pS 0.45  ptS 0.43  fLog 0.66  pdΔ -0.0527  pkR 8.08  clip 0.37  kl +0.028
upd  187  steps 6160384  sps 5839  opp rand  loss -0.003  pg -0.0132  v 0.113  ev +0.98  adv_std 0.511  tR +0.75  ent[s/d/p/e] 1.27/1.25/0.79/0.48  emits 1.74  spf 199.2  z0 0.00  garr 107.7  tG 1285  e2 0.28  nF 11.4  pS 0.47  ptS 0.45  fLog 0.68  pdΔ -0.0305  pkR 11.35  clip 0.37  kl +0.029
upd  188  steps 6193152  sps 5841  opp frzn  loss -0.006  pg -0.0156  v 0.111  ev +0.98  adv_std 0.509  tR +0.83  ent[s/d/p/e] 1.23/1.27/0.78/0.48  emits 1.73  spf 252.7  z0 0.01  garr 137.4  tG 1521  e2 0.27  nF 11.9  pS 0.43  ptS 0.41  fLog 0.70  pdΔ -0.0746  pkR 10.24  clip 0.36  kl +0.029
upd  189  steps 6225920  sps 5845  opp rand  loss -0.005  pg -0.0141  v 0.107  ev +0.98  adv_std 0.491  tR +0.55  ent[s/d/p/e] 1.22/1.23/0.77/0.48  emits 1.82  spf 242.0  z0 0.01  garr 128.0  tG 1391  e2 0.29  nF 12.2  pS 0.43  ptS 0.42  fLog 0.70  pdΔ -0.0686  pkR 13.23  clip 0.36  kl +0.028
upd  190  steps 6258688  sps 5846  opp frzn  loss -0.002  pg -0.0131  v 0.114  ev +0.98  adv_std 0.512  tR +0.71  ent[s/d/p/e] 1.26/1.19/0.78/0.48  emits 1.79  spf 277.3  z0 0.01  garr 148.8  tG 1598  e2 0.29  nF 10.2  pS 0.45  ptS 0.43  fLog 0.71  pdΔ -0.0485  pkR 9.63  clip 0.37  kl +0.030
upd  191  steps 6291456  sps 5850  opp rand  loss -0.002  pg -0.0140  v 0.118  ev +0.98  adv_std 0.515  tR +0.68  ent[s/d/p/e] 1.20/1.21/0.77/0.49  emits 1.95  spf 295.5  z0 0.01  garr 164.5  tG 1526  e2 0.33  nF 10.0  pS 0.44  ptS 0.41  fLog 0.72  pdΔ -0.0633  pkR 10.94  clip 0.37  kl +0.031
upd  192  steps 6324224  sps 5853  opp rand  loss +0.005  pg -0.0116  v 0.143  ev +0.98  adv_std 0.568  tR +0.73  ent[s/d/p/e] 1.20/1.16/0.76/0.49  emits 1.94  spf 300.1  z0 0.01  garr 163.9  tG 1622  e2 0.33  nF 10.1  pS 0.44  ptS 0.42  fLog 0.73  pdΔ -0.0592  pkR 11.82  clip 0.37  kl +0.035
upd  193  steps 6356992  sps 5857  opp rand  loss +0.000  pg -0.0137  v 0.127  ev +0.98  adv_std 0.541  tR +0.78  ent[s/d/p/e] 1.16/1.10/0.74/0.49  emits 2.01  spf 335.3  z0 0.01  garr 177.8  tG 1741  e2 0.35  nF 9.6  pS 0.43  ptS 0.41  fLog 0.75  pdΔ -0.0664  pkR 11.32  clip 0.36  kl +0.034
upd  194  steps 6389760  sps 5860  opp rand  loss -0.001  pg -0.0149  v 0.125  ev +0.98  adv_std 0.535  tR +0.58  ent[s/d/p/e] 1.20/1.17/0.75/0.47  emits 1.98  spf 294.2  z0 0.01  garr 140.4  tG 1552  e2 0.32  nF 11.3  pS 0.43  ptS 0.41  fLog 0.72  pdΔ -0.0679  pkR 10.77  clip 0.37  kl +0.030
upd  195  steps 6422528  sps 5863  opp rand  loss -0.004  pg -0.0163  v 0.124  ev +0.98  adv_std 0.533  tR +0.70  ent[s/d/p/e] 1.27/1.20/0.78/0.49  emits 1.99  spf 295.7  z0 0.01  garr 150.0  tG 1695  e2 0.33  nF 11.1  pS 0.47  ptS 0.45  fLog 0.72  pdΔ -0.0349  pkR 10.53  clip 0.37  kl +0.032
upd  196  steps 6455296  sps 5866  opp rand  loss -0.003  pg -0.0156  v 0.120  ev +0.98  adv_std 0.529  tR +0.70  ent[s/d/p/e] 1.20/1.18/0.73/0.48  emits 1.93  spf 317.9  z0 0.01  garr 158.2  tG 1610  e2 0.32  nF 11.2  pS 0.43  ptS 0.41  fLog 0.72  pdΔ -0.0679  pkR 12.67  clip 0.37  kl +0.032
upd  197  steps 6488064  sps 5870  opp rand  loss +0.000  pg -0.0144  v 0.132  ev +0.98  adv_std 0.549  tR +0.73  ent[s/d/p/e] 1.19/1.20/0.73/0.48  emits 1.95  spf 285.1  z0 0.01  garr 154.1  tG 1523  e2 0.33  nF 11.8  pS 0.42  ptS 0.40  fLog 0.71  pdΔ -0.0836  pkR 12.91  clip 0.37  kl +0.029
upd  198  steps 6520832  sps 5871  opp frzn  loss +0.000  pg -0.0150  v 0.135  ev +0.98  adv_std 0.554  tR +0.67  ent[s/d/p/e] 1.20/1.21/0.73/0.49  emits 1.91  spf 231.2  z0 0.01  garr 126.6  tG 1254  e2 0.32  nF 12.3  pS 0.41  ptS 0.39  fLog 0.69  pdΔ -0.0940  pkR 16.03  clip 0.37  kl +0.033
upd  199  steps 6553600  sps 5875  opp rand  loss -0.002  pg -0.0149  v 0.119  ev +0.98  adv_std 0.522  tR +0.42  ent[s/d/p/e] 1.19/1.16/0.71/0.51  emits 2.00  spf 254.1  z0 0.01  garr 146.2  tG 1442  e2 0.36  nF 11.9  pS 0.44  ptS 0.42  fLog 0.71  pdΔ -0.0551  pkR 8.49  clip 0.38  kl +0.033 WRr 0.97 WRf 0.84
[ckpt] saved ./ckpt_multi_action_v11_f29/ckpt_000199.pkl
upd  200  steps 6586368  sps 5813  opp rand  loss +0.005  pg -0.0136  v 0.150  ev +0.98  adv_std 0.582  tR +0.71  ent[s/d/p/e] 1.21/1.19/0.71/0.47  emits 2.13  spf 314.4  z0 0.01  garr 159.7  tG 1653  e2 0.36  nF 13.4  pS 0.43  ptS 0.41  fLog 0.72  pdΔ -0.0742  pkR 9.79  clip 0.37  kl +0.032
upd  201  steps 6619136  sps 5816  opp rand  loss +0.002  pg -0.0147  v 0.142  ev +0.98  adv_std 0.564  tR +0.66  ent[s/d/p/e] 1.15/1.19/0.71/0.48  emits 2.13  spf 290.0  z0 0.01  garr 154.3  tG 1500  e2 0.36  nF 13.1  pS 0.42  ptS 0.40  fLog 0.72  pdΔ -0.0766  pkR 11.88  clip 0.37  kl +0.033
upd  202  steps 6651904  sps 5819  opp rand  loss +0.001  pg -0.0147  v 0.136  ev +0.98  adv_std 0.552  tR +0.73  ent[s/d/p/e] 1.17/1.15/0.72/0.49  emits 2.11  spf 301.5  z0 0.01  garr 161.2  tG 1539  e2 0.37  nF 11.8  pS 0.44  ptS 0.42  fLog 0.73  pdΔ -0.0634  pkR 8.70  clip 0.37  kl +0.032
upd  203  steps 6684672  sps 5823  opp rand  loss +0.007  pg -0.0138  v 0.162  ev +0.98  adv_std 0.602  tR +0.86  ent[s/d/p/e] 1.13/1.06/0.70/0.48  emits 2.24  spf 343.6  z0 0.00  garr 192.2  tG 1631  e2 0.40  nF 11.1  pS 0.44  ptS 0.42  fLog 0.75  pdΔ -0.0625  pkR 10.92  clip 0.37  kl +0.033
upd  204  steps 6717440  sps 5825  opp frzn  loss +0.001  pg -0.0157  v 0.134  ev +0.98  adv_std 0.556  tR +0.59  ent[s/d/p/e] 1.08/1.18/0.66/0.47  emits 2.02  spf 326.9  z0 0.02  garr 157.3  tG 1285  e2 0.33  nF 13.8  pS 0.37  ptS 0.36  fLog 0.69  pdΔ -0.1321  pkR 8.37  clip 0.36  kl +0.029
upd  205  steps 6750208  sps 5828  opp rand  loss -0.001  pg -0.0131  v 0.116  ev +0.98  adv_std 0.508  tR +0.54  ent[s/d/p/e] 1.10/1.19/0.66/0.50  emits 1.93  spf 286.2  z0 0.02  garr 151.7  tG 1257  e2 0.33  nF 13.7  pS 0.39  ptS 0.38  fLog 0.69  pdΔ -0.1103  pkR 10.58  clip 0.36  kl +0.030
upd  206  steps 6782976  sps 5830  opp frzn  loss +0.004  pg -0.0139  v 0.146  ev +0.98  adv_std 0.582  tR +0.50  ent[s/d/p/e] 1.10/1.14/0.70/0.48  emits 2.01  spf 298.2  z0 0.01  garr 158.2  tG 1432  e2 0.35  nF 12.4  pS 0.38  ptS 0.37  fLog 0.70  pdΔ -0.1157  pkR 10.48  clip 0.37  kl +0.033
upd  207  steps 6815744  sps 5831  opp frzn  loss +0.005  pg -0.0155  v 0.154  ev +0.98  adv_std 0.595  tR +0.28  ent[s/d/p/e] 1.03/1.05/0.68/0.49  emits 2.08  spf 331.1  z0 0.02  garr 183.4  tG 1511  e2 0.38  nF 10.9  pS 0.39  ptS 0.37  fLog 0.74  pdΔ -0.1147  pkR 10.57  clip 0.36  kl +0.030
upd  208  steps 6848512  sps 5835  opp rand  loss +0.006  pg -0.0146  v 0.157  ev +0.98  adv_std 0.594  tR +0.51  ent[s/d/p/e] 1.08/1.06/0.68/0.46  emits 2.20  spf 372.2  z0 0.01  garr 196.7  tG 1701  e2 0.39  nF 12.6  pS 0.41  ptS 0.39  fLog 0.74  pdΔ -0.0941  pkR 8.85  clip 0.36  kl +0.029
upd  209  steps 6881280  sps 5836  opp frzn  loss +0.008  pg -0.0146  v 0.167  ev +0.98  adv_std 0.612  tR +0.69  ent[s/d/p/e] 1.08/1.06/0.69/0.47  emits 2.10  spf 331.5  z0 0.02  garr 166.4  tG 1458  e2 0.36  nF 11.9  pS 0.38  ptS 0.36  fLog 0.73  pdΔ -0.1160  pkR 10.84  clip 0.35  kl +0.030
upd  210  steps 6914048  sps 5838  opp frzn  loss +0.003  pg -0.0156  v 0.147  ev +0.98  adv_std 0.581  tR +0.32  ent[s/d/p/e] 1.03/1.09/0.67/0.47  emits 1.97  spf 282.6  z0 0.02  garr 149.0  tG 1157  e2 0.34  nF 12.8  pS 0.36  ptS 0.35  fLog 0.69  pdΔ -0.1358  pkR 9.27  clip 0.36  kl +0.031
upd  211  steps 6946816  sps 5841  opp rand  loss +0.008  pg -0.0118  v 0.153  ev +0.98  adv_std 0.580  tR +0.53  ent[s/d/p/e] 1.03/1.05/0.66/0.48  emits 2.19  spf 306.2  z0 0.01  garr 180.9  tG 1385  e2 0.40  nF 12.5  pS 0.38  ptS 0.37  fLog 0.72  pdΔ -0.1188  pkR 11.34  clip 0.36  kl +0.034
upd  212  steps 6979584  sps 5843  opp frzn  loss +0.013  pg -0.0138  v 0.185  ev +0.98  adv_std 0.647  tR +0.42  ent[s/d/p/e] 0.99/1.03/0.64/0.49  emits 2.19  spf 408.2  z0 0.01  garr 210.6  tG 1719  e2 0.40  nF 12.0  pS 0.37  ptS 0.35  fLog 0.74  pdΔ -0.1330  pkR 9.92  clip 0.36  kl +0.031
upd  213  steps 7012352  sps 5844  opp frzn  loss +0.005  pg -0.0150  v 0.149  ev +0.98  adv_std 0.581  tR +0.27  ent[s/d/p/e] 0.91/1.10/0.62/0.48  emits 2.06  spf 314.1  z0 0.02  garr 173.6  tG 1162  e2 0.37  nF 13.7  pS 0.32  ptS 0.30  fLog 0.70  pdΔ -0.1836  pkR 8.73  clip 0.36  kl +0.033
upd  214  steps 7045120  sps 5848  opp rand  loss +0.000  pg -0.0171  v 0.139  ev +0.98  adv_std 0.565  tR +0.21  ent[s/d/p/e] 1.02/1.13/0.64/0.49  emits 2.05  spf 301.3  z0 0.01  garr 152.5  tG 1231  e2 0.36  nF 14.3  pS 0.37  ptS 0.36  fLog 0.69  pdΔ -0.1294  pkR 8.06  clip 0.36  kl +0.033
upd  215  steps 7077888  sps 5849  opp frzn  loss +0.005  pg -0.0153  v 0.154  ev +0.98  adv_std 0.595  tR +0.43  ent[s/d/p/e] 1.02/1.09/0.66/0.48  emits 2.05  spf 309.2  z0 0.02  garr 172.1  tG 1286  e2 0.37  nF 13.4  pS 0.34  ptS 0.33  fLog 0.70  pdΔ -0.1566  pkR 8.99  clip 0.37  kl +0.033
upd  216  steps 7110656  sps 5851  opp frzn  loss +0.005  pg -0.0148  v 0.144  ev +0.98  adv_std 0.574  tR +0.06  ent[s/d/p/e] 0.86/1.15/0.58/0.49  emits 1.91  spf 407.2  z0 0.02  garr 224.5  tG 1323  e2 0.34  nF 15.1  pS 0.29  ptS 0.29  fLog 0.68  pdΔ -0.2076  pkR 10.44  clip 0.36  kl +0.033
upd  217  steps 7143424  sps 5854  opp rand  loss +0.001  pg -0.0150  v 0.132  ev +0.98  adv_std 0.553  tR +0.43  ent[s/d/p/e] 1.05/1.28/0.63/0.47  emits 2.05  spf 281.2  z0 0.02  garr 139.6  tG 1072  e2 0.35  nF 17.2  pS 0.35  ptS 0.34  fLog 0.64  pdΔ -0.1506  pkR 10.03  clip 0.37  kl +0.033
upd  218  steps 7176192  sps 5857  opp rand  loss +0.006  pg -0.0130  v 0.145  ev +0.99  adv_std 0.564  tR +0.52  ent[s/d/p/e] 0.98/1.01/0.65/0.46  emits 2.21  spf 345.4  z0 0.01  garr 187.0  tG 1455  e2 0.40  nF 12.5  pS 0.37  ptS 0.35  fLog 0.74  pdΔ -0.1285  pkR 9.10  clip 0.36  kl +0.032
upd  219  steps 7208960  sps 5860  opp rand  loss +0.016  pg -0.0127  v 0.191  ev +0.98  adv_std 0.649  tR +0.71  ent[s/d/p/e] 0.98/0.99/0.65/0.46  emits 2.53  spf 410.4  z0 0.01  garr 226.4  tG 1692  e2 0.47  nF 11.9  pS 0.38  ptS 0.36  fLog 0.75  pdΔ -0.1199  pkR 11.40  clip 0.35  kl +0.031
upd  220  steps 7241728  sps 5862  opp rand  loss +0.012  pg -0.0138  v 0.178  ev +0.98  adv_std 0.621  tR +0.47  ent[s/d/p/e] 0.94/0.94/0.62/0.46  emits 2.39  spf 429.1  z0 0.01  garr 230.4  tG 1692  e2 0.45  nF 11.2  pS 0.37  ptS 0.35  fLog 0.77  pdΔ -0.1298  pkR 7.73  clip 0.35  kl +0.032
upd  221  steps 7274496  sps 5865  opp rand  loss +0.015  pg -0.0137  v 0.193  ev +0.98  adv_std 0.644  tR +0.61  ent[s/d/p/e] 0.93/0.94/0.62/0.46  emits 2.67  spf 450.4  z0 0.01  garr 258.3  tG 1883  e2 0.51  nF 12.0  pS 0.38  ptS 0.36  fLog 0.78  pdΔ -0.1224  pkR 10.55  clip 0.34  kl +0.030
upd  222  steps 7307264  sps 5867  opp frzn  loss +0.014  pg -0.0142  v 0.185  ev +0.98  adv_std 0.646  tR +0.51  ent[s/d/p/e] 0.88/1.00/0.59/0.46  emits 2.41  spf 403.2  z0 0.01  garr 205.5  tG 1533  e2 0.44  nF 13.4  pS 0.34  ptS 0.32  fLog 0.74  pdΔ -0.1625  pkR 9.94  clip 0.36  kl +0.036
upd  223  steps 7340032  sps 5868  opp frzn  loss +0.014  pg -0.0154  v 0.195  ev +0.98  adv_std 0.667  tR +0.10  ent[s/d/p/e] 0.93/1.08/0.60/0.46  emits 2.24  spf 344.6  z0 0.03  garr 177.7  tG 1333  e2 0.40  nF 14.3  pS 0.32  ptS 0.31  fLog 0.70  pdΔ -0.1785  pkR 9.73  clip 0.36  kl +0.039
upd  224  steps 7372800  sps 5870  opp frzn  loss +0.014  pg -0.0124  v 0.179  ev +0.98  adv_std 0.642  tR +0.27  ent[s/d/p/e] 0.89/1.13/0.58/0.47  emits 2.37  spf 348.8  z0 0.01  garr 200.8  tG 1282  e2 0.44  nF 15.2  pS 0.32  ptS 0.31  fLog 0.71  pdΔ -0.1796  pkR 8.67  clip 0.38  kl +0.037
upd  225  steps 7405568  sps 5873  opp rand  loss +0.019  pg -0.0135  v 0.211  ev +0.98  adv_std 0.693  tR +0.48  ent[s/d/p/e] 0.99/1.11/0.60/0.45  emits 2.58  spf 362.1  z0 0.01  garr 200.9  tG 1459  e2 0.48  nF 15.6  pS 0.35  ptS 0.34  fLog 0.71  pdΔ -0.1453  pkR 9.35  clip 0.37  kl +0.035
upd  226  steps 7438336  sps 5874  opp frzn  loss +0.015  pg -0.0149  v 0.197  ev +0.98  adv_std 0.670  tR +0.22  ent[s/d/p/e] 0.96/1.13/0.58/0.47  emits 2.33  spf 363.4  z0 0.02  garr 219.8  tG 1373  e2 0.45  nF 16.6  pS 0.32  ptS 0.31  fLog 0.69  pdΔ -0.1795  pkR 10.47  clip 0.37  kl +0.040
upd  227  steps 7471104  sps 5876  opp frzn  loss +0.015  pg -0.0113  v 0.180  ev +0.98  adv_std 0.642  tR +0.00  ent[s/d/p/e] 0.96/1.23/0.55/0.45  emits 2.35  spf 293.1  z0 0.04  garr 181.4  tG 1060  e2 0.44  nF 19.6  pS 0.29  ptS 0.28  fLog 0.65  pdΔ -0.2064  pkR 8.18  clip 0.36  kl +0.041
upd  228  steps 7503872  sps 5877  opp frzn  loss +0.018  pg -0.0126  v 0.198  ev +0.98  adv_std 0.671  tR +0.26  ent[s/d/p/e] 0.94/1.17/0.56/0.45  emits 2.26  spf 281.3  z0 0.03  garr 189.3  tG 1012  e2 0.45  nF 18.0  pS 0.29  ptS 0.28  fLog 0.65  pdΔ -0.2051  pkR 12.09  clip 0.38  kl +0.041
upd  229  steps 7536640  sps 5880  opp rand  loss +0.015  pg -0.0121  v 0.183  ev +0.98  adv_std 0.643  tR -0.08  ent[s/d/p/e] 0.94/1.17/0.57/0.47  emits 2.38  spf 300.2  z0 0.02  garr 181.9  tG 1179  e2 0.47  nF 18.6  pS 0.33  ptS 0.32  fLog 0.66  pdΔ -0.1652  pkR 9.23  clip 0.36  kl +0.034
upd  230  steps 7569408  sps 5882  opp rand  loss +0.019  pg -0.0122  v 0.205  ev +0.98  adv_std 0.681  tR +0.30  ent[s/d/p/e] 1.02/1.11/0.60/0.45  emits 2.52  spf 331.9  z0 0.01  garr 185.2  tG 1394  e2 0.47  nF 16.8  pS 0.37  ptS 0.35  fLog 0.70  pdΔ -0.1287  pkR 10.15  clip 0.36  kl +0.035
upd  231  steps 7602176  sps 5885  opp rand  loss +0.014  pg -0.0137  v 0.187  ev +0.98  adv_std 0.654  tR +0.46  ent[s/d/p/e] 1.02/1.09/0.61/0.45  emits 2.36  spf 345.4  z0 0.01  garr 189.8  tG 1339  e2 0.44  nF 16.0  pS 0.35  ptS 0.33  fLog 0.70  pdΔ -0.1513  pkR 11.41  clip 0.35  kl +0.030
upd  232  steps 7634944  sps 5886  opp frzn  loss +0.020  pg -0.0121  v 0.210  ev +0.98  adv_std 0.689  tR +0.31  ent[s/d/p/e] 0.94/1.07/0.59/0.47  emits 2.38  spf 334.8  z0 0.02  garr 220.1  tG 1279  e2 0.47  nF 16.0  pS 0.32  ptS 0.30  fLog 0.70  pdΔ -0.1824  pkR 12.03  clip 0.35  kl +0.034
upd  233  steps 7667712  sps 5889  opp rand  loss +0.021  pg -0.0106  v 0.203  ev +0.98  adv_std 0.675  tR +0.06  ent[s/d/p/e] 0.89/1.17/0.54/0.44  emits 2.44  spf 331.5  z0 0.02  garr 207.1  tG 1122  e2 0.48  nF 18.5  pS 0.30  ptS 0.28  fLog 0.67  pdΔ -0.2005  pkR 12.04  clip 0.36  kl +0.036
upd  234  steps 7700480  sps 5890  opp frzn  loss +0.019  pg -0.0126  v 0.206  ev +0.98  adv_std 0.682  tR +0.21  ent[s/d/p/e] 0.91/1.09/0.57/0.45  emits 2.37  spf 322.0  z0 0.03  garr 190.0  tG 1152  e2 0.46  nF 16.9  pS 0.30  ptS 0.29  fLog 0.69  pdΔ -0.2032  pkR 9.70  clip 0.35  kl +0.034
upd  235  steps 7733248  sps 5893  opp rand  loss +0.021  pg -0.0143  v 0.220  ev +0.98  adv_std 0.700  tR +0.04  ent[s/d/p/e] 0.90/1.08/0.57/0.44  emits 2.41  spf 321.8  z0 0.02  garr 193.4  tG 1184  e2 0.46  nF 16.3  pS 0.30  ptS 0.29  fLog 0.70  pdΔ -0.2027  pkR 9.95  clip 0.35  kl +0.031
upd  236  steps 7766016  sps 5894  opp frzn  loss +0.031  pg -0.0131  v 0.269  ev +0.98  adv_std 0.773  tR +0.32  ent[s/d/p/e] 0.91/1.08/0.58/0.44  emits 2.40  spf 301.5  z0 0.03  garr 152.2  tG 1136  e2 0.44  nF 16.0  pS 0.31  ptS 0.30  fLog 0.69  pdΔ -0.1897  pkR 11.34  clip 0.35  kl +0.033
upd  237  steps 7798784  sps 5897  opp rand  loss +0.024  pg -0.0109  v 0.221  ev +0.98  adv_std 0.701  tR +0.20  ent[s/d/p/e] 1.00/1.11/0.60/0.47  emits 2.40  spf 287.7  z0 0.02  garr 172.5  tG 1132  e2 0.47  nF 17.3  pS 0.33  ptS 0.32  fLog 0.68  pdΔ -0.1668  pkR 12.14  clip 0.35  kl +0.035
upd  238  steps 7831552  sps 5898  opp frzn  loss +0.023  pg -0.0114  v 0.219  ev +0.98  adv_std 0.705  tR +0.41  ent[s/d/p/e] 0.95/1.05/0.58/0.44  emits 2.44  spf 319.3  z0 0.02  garr 200.7  tG 1127  e2 0.46  nF 14.6  pS 0.30  ptS 0.29  fLog 0.69  pdΔ -0.1960  pkR 11.23  clip 0.36  kl +0.038
upd  239  steps 7864320  sps 5901  opp rand  loss +0.027  pg -0.0136  v 0.250  ev +0.98  adv_std 0.738  tR +0.37  ent[s/d/p/e] 0.92/0.95/0.60/0.43  emits 2.62  spf 365.4  z0 0.02  garr 208.9  tG 1351  e2 0.49  nF 12.7  pS 0.33  ptS 0.31  fLog 0.74  pdΔ -0.1690  pkR 8.71  clip 0.35  kl +0.031
upd  240  steps 7897088  sps 5903  opp rand  loss +0.024  pg -0.0125  v 0.232  ev +0.98  adv_std 0.711  tR +0.47  ent[s/d/p/e] 1.00/0.96/0.63/0.43  emits 2.74  spf 344.9  z0 0.01  garr 207.6  tG 1454  e2 0.52  nF 13.6  pS 0.36  ptS 0.34  fLog 0.74  pdΔ -0.1429  pkR 6.59  clip 0.36  kl +0.036
upd  241  steps 7929856  sps 5906  opp rand  loss +0.026  pg -0.0105  v 0.229  ev +0.98  adv_std 0.713  tR +0.54  ent[s/d/p/e] 0.98/0.96/0.61/0.42  emits 2.74  spf 390.5  z0 0.01  garr 237.1  tG 1536  e2 0.53  nF 15.4  pS 0.35  ptS 0.33  fLog 0.75  pdΔ -0.1477  pkR 7.07  clip 0.36  kl +0.040
upd  242  steps 7962624  sps 5908  opp rand  loss +0.023  pg -0.0129  v 0.230  ev +0.98  adv_std 0.718  tR +0.61  ent[s/d/p/e] 1.01/1.01/0.62/0.43  emits 2.57  spf 354.5  z0 0.02  garr 199.3  tG 1375  e2 0.48  nF 15.8  pS 0.34  ptS 0.33  fLog 0.72  pdΔ -0.1585  pkR 8.65  clip 0.37  kl +0.038
upd  243  steps 7995392  sps 5911  opp rand  loss +0.021  pg -0.0121  v 0.214  ev +0.98  adv_std 0.694  tR +0.47  ent[s/d/p/e] 0.97/0.96/0.60/0.45  emits 2.52  spf 368.9  z0 0.01  garr 212.7  tG 1411  e2 0.50  nF 14.7  pS 0.34  ptS 0.33  fLog 0.72  pdΔ -0.1573  pkR 10.53  clip 0.36  kl +0.034
upd  244  steps 8028160  sps 5913  opp rand  loss +0.023  pg -0.0103  v 0.216  ev +0.98  adv_std 0.697  tR +0.43  ent[s/d/p/e] 0.96/0.95/0.63/0.43  emits 2.65  spf 371.1  z0 0.01  garr 236.3  tG 1398  e2 0.53  nF 13.3  pS 0.34  ptS 0.33  fLog 0.74  pdΔ -0.1574  pkR 9.00  clip 0.36  kl +0.042
upd  245  steps 8060928  sps 5915  opp frzn  loss +0.024  pg -0.0149  v 0.239  ev +0.98  adv_std 0.731  tR +0.31  ent[s/d/p/e] 0.86/0.88/0.61/0.46  emits 2.39  spf 402.0  z0 0.01  garr 276.9  tG 1500  e2 0.50  nF 11.2  pS 0.30  ptS 0.29  fLog 0.76  pdΔ -0.1982  pkR 7.16  clip 0.35  kl +0.032
upd  246  steps 8093696  sps 5916  opp frzn  loss +0.033  pg -0.0110  v 0.268  ev +0.98  adv_std 0.767  tR +0.25  ent[s/d/p/e] 0.88/0.91/0.62/0.43  emits 2.54  spf 356.1  z0 0.02  garr 227.6  tG 1306  e2 0.50  nF 13.1  pS 0.31  ptS 0.29  fLog 0.74  pdΔ -0.1921  pkR 8.79  clip 0.36  kl +0.033
upd  247  steps 8126464  sps 5917  opp frzn  loss +0.026  pg -0.0107  v 0.232  ev +0.98  adv_std 0.718  tR +0.26  ent[s/d/p/e] 0.90/0.89/0.62/0.42  emits 2.54  spf 335.3  z0 0.02  garr 232.4  tG 1215  e2 0.51  nF 12.6  pS 0.31  ptS 0.29  fLog 0.74  pdΔ -0.1890  pkR 10.19  clip 0.35  kl +0.036
upd  248  steps 8159232  sps 5918  opp frzn  loss +0.025  pg -0.0117  v 0.230  ev +0.98  adv_std 0.708  tR +0.11  ent[s/d/p/e] 0.84/0.86/0.63/0.45  emits 2.47  spf 326.3  z0 0.02  garr 211.8  tG 1158  e2 0.50  nF 11.1  pS 0.30  ptS 0.28  fLog 0.74  pdΔ -0.1964  pkR 9.52  clip 0.34  kl +0.034
upd  249  steps 8192000  sps 5920  opp rand  loss +0.024  pg -0.0139  v 0.237  ev +0.98  adv_std 0.722  tR +0.37  ent[s/d/p/e] 0.88/0.85/0.63/0.41  emits 2.75  spf 376.7  z0 0.01  garr 243.1  tG 1438  e2 0.54  nF 10.7  pS 0.32  ptS 0.30  fLog 0.78  pdΔ -0.1753  pkR 8.10  clip 0.35  kl +0.034 WRr 0.88 WRf 0.75
upd  250  steps 8224768  sps 5868  opp rand  loss +0.022  pg -0.0124  v 0.218  ev +0.98  adv_std 0.694  tR +0.34  ent[s/d/p/e] 0.87/0.85/0.61/0.41  emits 2.62  spf 374.5  z0 0.01  garr 251.6  tG 1327  e2 0.52  nF 11.8  pS 0.31  ptS 0.29  fLog 0.76  pdΔ -0.1909  pkR 8.57  clip 0.34  kl +0.032
upd  251  steps 8257536  sps 5869  opp frzn  loss +0.028  pg -0.0112  v 0.242  ev +0.98  adv_std 0.738  tR +0.08  ent[s/d/p/e] 0.85/0.87/0.59/0.44  emits 2.42  spf 359.1  z0 0.02  garr 224.7  tG 1276  e2 0.48  nF 12.4  pS 0.30  ptS 0.28  fLog 0.74  pdΔ -0.2040  pkR 9.56  clip 0.36  kl +0.039
upd  252  steps 8290304  sps 5871  opp frzn  loss +0.027  pg -0.0127  v 0.248  ev +0.98  adv_std 0.744  tR +0.24  ent[s/d/p/e] 0.90/0.94/0.61/0.43  emits 2.46  spf 339.1  z0 0.02  garr 200.7  tG 1213  e2 0.48  nF 13.7  pS 0.31  ptS 0.29  fLog 0.73  pdΔ -0.1949  pkR 12.00  clip 0.35  kl +0.031
upd  253  steps 8323072  sps 5873  opp rand  loss +0.022  pg -0.0129  v 0.222  ev +0.98  adv_std 0.697  tR +0.13  ent[s/d/p/e] 0.91/0.88/0.63/0.43  emits 2.45  spf 329.8  z0 0.02  garr 202.1  tG 1265  e2 0.48  nF 12.5  pS 0.32  ptS 0.30  fLog 0.74  pdΔ -0.1815  pkR 7.62  clip 0.34  kl +0.030
upd  254  steps 8355840  sps 5876  opp rand  loss +0.026  pg -0.0125  v 0.238  ev +0.98  adv_std 0.729  tR +0.44  ent[s/d/p/e] 0.88/0.80/0.62/0.42  emits 2.76  spf 428.1  z0 0.01  garr 285.4  tG 1650  e2 0.55  nF 11.4  pS 0.33  ptS 0.31  fLog 0.78  pdΔ -0.1749  pkR 9.21  clip 0.35  kl +0.032
upd  255  steps 8388608  sps 5878  opp rand  loss +0.023  pg -0.0140  v 0.232  ev +0.98  adv_std 0.722  tR +0.58  ent[s/d/p/e] 0.91/0.92/0.58/0.39  emits 2.53  spf 413.4  z0 0.01  garr 244.6  tG 1415  e2 0.48  nF 13.8  pS 0.32  ptS 0.30  fLog 0.73  pdΔ -0.1842  pkR 9.14  clip 0.36  kl +0.033
upd  256  steps 8421376  sps 5879  opp frzn  loss +0.026  pg -0.0129  v 0.245  ev +0.98  adv_std 0.742  tR +0.42  ent[s/d/p/e] 0.96/0.89/0.63/0.44  emits 2.55  spf 319.2  z0 0.02  garr 182.5  tG 1308  e2 0.49  nF 12.6  pS 0.35  ptS 0.33  fLog 0.74  pdΔ -0.1516  pkR 8.41  clip 0.37  kl +0.033
upd  257  steps 8454144  sps 5882  opp rand  loss +0.026  pg -0.0127  v 0.242  ev +0.98  adv_std 0.731  tR +0.45  ent[s/d/p/e] 0.91/0.86/0.62/0.41  emits 2.59  spf 335.5  z0 0.00  garr 216.6  tG 1278  e2 0.51  nF 12.5  pS 0.33  ptS 0.31  fLog 0.74  pdΔ -0.1748  pkR 9.87  clip 0.35  kl +0.033
upd  258  steps 8486912  sps 5884  opp rand  loss +0.022  pg -0.0121  v 0.216  ev +0.99  adv_std 0.693  tR +0.34  ent[s/d/p/e] 0.87/0.76/0.58/0.43  emits 2.67  spf 427.0  z0 0.01  garr 301.9  tG 1618  e2 0.56  nF 10.6  pS 0.32  ptS 0.30  fLog 0.79  pdΔ -0.1796  pkR 7.15  clip 0.34  kl +0.029
upd  259  steps 8519680  sps 5887  opp rand  loss +0.026  pg -0.0148  v 0.250  ev +0.98  adv_std 0.749  tR +0.62  ent[s/d/p/e] 0.84/0.77/0.59/0.39  emits 2.68  spf 464.7  z0 0.00  garr 281.0  tG 1687  e2 0.51  nF 10.7  pS 0.31  ptS 0.30  fLog 0.79  pdΔ -0.1856  pkR 7.91  clip 0.35  kl +0.032
upd  260  steps 8552448  sps 5889  opp rand  loss +0.029  pg -0.0106  v 0.246  ev +0.98  adv_std 0.739  tR +0.56  ent[s/d/p/e] 0.93/0.79/0.65/0.42  emits 2.66  spf 376.2  z0 0.01  garr 238.6  tG 1593  e2 0.52  nF 11.4  pS 0.36  ptS 0.34  fLog 0.77  pdΔ -0.1439  pkR 8.37  clip 0.37  kl +0.036
upd  261  steps 8585216  sps 5890  opp frzn  loss +0.024  pg -0.0129  v 0.228  ev +0.98  adv_std 0.716  tR +0.39  ent[s/d/p/e] 0.83/0.78/0.59/0.42  emits 2.45  spf 366.7  z0 0.01  garr 242.8  tG 1314  e2 0.49  nF 11.5  pS 0.29  ptS 0.28  fLog 0.76  pdΔ -0.2098  pkR 9.73  clip 0.35  kl +0.032
upd  262  steps 8617984  sps 5891  opp frzn  loss +0.026  pg -0.0142  v 0.246  ev +0.98  adv_std 0.741  tR +0.28  ent[s/d/p/e] 0.83/0.84/0.58/0.39  emits 2.58  spf 379.8  z0 0.02  garr 236.6  tG 1268  e2 0.49  nF 12.1  pS 0.29  ptS 0.28  fLog 0.75  pdΔ -0.2133  pkR 9.13  clip 0.35  kl +0.032
upd  263  steps 8650752  sps 5894  opp rand  loss +0.022  pg -0.0147  v 0.231  ev +0.98  adv_std 0.721  tR +0.13  ent[s/d/p/e] 0.87/0.86/0.59/0.42  emits 2.36  spf 331.7  z0 0.02  garr 205.2  tG 1194  e2 0.46  nF 11.6  pS 0.31  ptS 0.30  fLog 0.74  pdΔ -0.1862  pkR 11.25  clip 0.36  kl +0.033
upd  264  steps 8683520  sps 5895  opp frzn  loss +0.031  pg -0.0112  v 0.255  ev +0.99  adv_std 0.756  tR +0.41  ent[s/d/p/e] 0.92/0.88/0.59/0.37  emits 2.71  spf 369.1  z0 0.01  garr 224.3  tG 1397  e2 0.49  nF 12.6  pS 0.32  ptS 0.30  fLog 0.75  pdΔ -0.1806  pkR 9.01  clip 0.36  kl +0.033
upd  265  steps 8716288  sps 5897  opp rand  loss +0.025  pg -0.0133  v 0.236  ev +0.98  adv_std 0.723  tR +0.39  ent[s/d/p/e] 0.83/0.75/0.56/0.43  emits 2.43  spf 371.6  z0 0.01  garr 237.3  tG 1335  e2 0.50  nF 11.2  pS 0.31  ptS 0.29  fLog 0.77  pdΔ -0.1902  pkR 8.18  clip 0.34  kl +0.029
upd  266  steps 8749056  sps 5900  opp rand  loss +0.031  pg -0.0129  v 0.266  ev +0.98  adv_std 0.769  tR +0.45  ent[s/d/p/e] 0.88/0.76/0.60/0.37  emits 2.76  spf 387.9  z0 0.01  garr 243.7  tG 1410  e2 0.52  nF 11.5  pS 0.33  ptS 0.31  fLog 0.77  pdΔ -0.1731  pkR 7.46  clip 0.35  kl +0.032
upd  267  steps 8781824  sps 5902  opp rand  loss +0.024  pg -0.0140  v 0.233  ev +0.99  adv_std 0.717  tR +0.31  ent[s/d/p/e] 0.91/0.78/0.59/0.42  emits 2.57  spf 399.0  z0 0.01  garr 232.0  tG 1537  e2 0.48  nF 12.0  pS 0.34  ptS 0.32  fLog 0.76  pdΔ -0.1580  pkR 7.89  clip 0.35  kl +0.027
upd  268  steps 8814592  sps 5903  opp frzn  loss +0.027  pg -0.0156  v 0.259  ev +0.98  adv_std 0.762  tR +0.53  ent[s/d/p/e] 0.88/0.80/0.60/0.37  emits 2.66  spf 411.2  z0 0.01  garr 220.1  tG 1497  e2 0.48  nF 11.7  pS 0.33  ptS 0.30  fLog 0.76  pdΔ -0.1747  pkR 9.50  clip 0.36  kl +0.032
upd  269  steps 8847360  sps 5905  opp rand  loss +0.027  pg -0.0153  v 0.251  ev +0.98  adv_std 0.740  tR +0.44  ent[s/d/p/e] 0.77/0.75/0.54/0.40  emits 2.67  spf 412.1  z0 0.01  garr 249.6  tG 1454  e2 0.52  nF 10.6  pS 0.31  ptS 0.29  fLog 0.78  pdΔ -0.1883  pkR 6.48  clip 0.34  kl +0.028
upd  270  steps 8880128  sps 5907  opp rand  loss +0.030  pg -0.0133  v 0.259  ev +0.98  adv_std 0.762  tR +0.42  ent[s/d/p/e] 0.83/0.77/0.58/0.38  emits 2.48  spf 358.4  z0 0.01  garr 210.8  tG 1219  e2 0.46  nF 11.1  pS 0.30  ptS 0.28  fLog 0.75  pdΔ -0.1959  pkR 8.42  clip 0.35  kl +0.033
upd  271  steps 8912896  sps 5910  opp rand  loss +0.024  pg -0.0143  v 0.237  ev +0.99  adv_std 0.727  tR +0.51  ent[s/d/p/e] 0.94/0.83/0.60/0.40  emits 2.65  spf 363.6  z0 0.00  garr 214.3  tG 1479  e2 0.49  nF 13.3  pS 0.35  ptS 0.33  fLog 0.76  pdΔ -0.1479  pkR 9.25  clip 0.36  kl +0.034
upd  272  steps 8945664  sps 5912  opp rand  loss +0.024  pg -0.0148  v 0.242  ev +0.98  adv_std 0.732  tR +0.45  ent[s/d/p/e] 0.89/0.80/0.61/0.40  emits 2.34  spf 334.1  z0 0.01  garr 181.0  tG 1217  e2 0.43  nF 12.7  pS 0.32  ptS 0.30  fLog 0.73  pdΔ -0.1761  pkR 11.72  clip 0.35  kl +0.032
upd  273  steps 8978432  sps 5914  opp rand  loss +0.031  pg -0.0126  v 0.266  ev +0.98  adv_std 0.762  tR +0.58  ent[s/d/p/e] 0.88/0.73/0.62/0.40  emits 2.90  spf 417.2  z0 0.00  garr 252.8  tG 1790  e2 0.56  nF 10.4  pS 0.38  ptS 0.35  fLog 0.80  pdΔ -0.1221  pkR 8.08  clip 0.36  kl +0.033
upd  274  steps 9011200  sps 5916  opp rand  loss +0.034  pg -0.0117  v 0.270  ev +0.98  adv_std 0.772  tR +0.49  ent[s/d/p/e] 0.81/0.71/0.60/0.38  emits 2.74  spf 367.1  z0 0.01  garr 222.2  tG 1419  e2 0.53  nF 9.8  pS 0.31  ptS 0.29  fLog 0.78  pdΔ -0.1859  pkR 9.24  clip 0.35  kl +0.033
upd  275  steps 9043968  sps 5918  opp rand  loss +0.030  pg -0.0123  v 0.254  ev +0.98  adv_std 0.751  tR +0.48  ent[s/d/p/e] 0.86/0.73/0.59/0.39  emits 2.98  spf 386.4  z0 0.01  garr 268.4  tG 1568  e2 0.59  nF 9.9  pS 0.34  ptS 0.32  fLog 0.79  pdΔ -0.1613  pkR 6.07  clip 0.35  kl +0.032
upd  276  steps 9076736  sps 5919  opp frzn  loss +0.022  pg -0.0148  v 0.226  ev +0.98  adv_std 0.720  tR +0.39  ent[s/d/p/e] 0.80/0.78/0.58/0.42  emits 2.31  spf 360.7  z0 0.01  garr 209.4  tG 1203  e2 0.44  nF 10.7  pS 0.27  ptS 0.26  fLog 0.75  pdΔ -0.2252  pkR 8.20  clip 0.36  kl +0.033
upd  277  steps 9109504  sps 5922  opp rand  loss +0.039  pg -0.0112  v 0.292  ev +0.98  adv_std 0.807  tR +0.32  ent[s/d/p/e] 0.82/0.76/0.57/0.39  emits 2.85  spf 433.0  z0 0.01  garr 282.7  tG 1566  e2 0.56  nF 10.0  pS 0.31  ptS 0.29  fLog 0.79  pdΔ -0.1861  pkR 8.83  clip 0.35  kl +0.033
upd  278  steps 9142272  sps 5924  opp rand  loss +0.021  pg -0.0135  v 0.211  ev +0.99  adv_std 0.685  tR +0.32  ent[s/d/p/e] 0.73/0.76/0.53/0.37  emits 2.50  spf 390.4  z0 0.01  garr 248.1  tG 1211  e2 0.49  nF 11.3  pS 0.27  ptS 0.25  fLog 0.77  pdΔ -0.2344  pkR 10.02  clip 0.33  kl +0.029
upd  279  steps 9175040  sps 5926  opp rand  loss +0.025  pg -0.0145  v 0.242  ev +0.98  adv_std 0.723  tR +0.50  ent[s/d/p/e] 0.86/0.76/0.58/0.39  emits 2.81  spf 394.3  z0 0.01  garr 254.4  tG 1489  e2 0.55  nF 11.0  pS 0.34  ptS 0.33  fLog 0.78  pdΔ -0.1601  pkR 8.40  clip 0.33  kl +0.028
upd  280  steps 9207808  sps 5928  opp rand  loss +0.024  pg -0.0133  v 0.230  ev +0.99  adv_std 0.715  tR +0.60  ent[s/d/p/e] 0.83/0.76/0.56/0.36  emits 2.80  spf 397.7  z0 0.00  garr 252.8  tG 1416  e2 0.54  nF 10.5  pS 0.33  ptS 0.31  fLog 0.79  pdΔ -0.1672  pkR 5.94  clip 0.35  kl +0.032
upd  281  steps 9240576  sps 5929  opp frzn  loss +0.033  pg -0.0133  v 0.274  ev +0.99  adv_std 0.779  tR +0.63  ent[s/d/p/e] 0.86/0.74/0.59/0.34  emits 3.04  spf 448.8  z0 0.00  garr 280.2  tG 1780  e2 0.57  nF 10.6  pS 0.35  ptS 0.32  fLog 0.80  pdΔ -0.1547  pkR 7.67  clip 0.35  kl +0.033
upd  282  steps 9273344  sps 5931  opp rand  loss +0.033  pg -0.0125  v 0.267  ev +0.98  adv_std 0.760  tR +0.42  ent[s/d/p/e] 0.79/0.73/0.56/0.36  emits 2.94  spf 422.0  z0 0.01  garr 278.3  tG 1512  e2 0.57  nF 10.3  pS 0.31  ptS 0.29  fLog 0.80  pdΔ -0.1947  pkR 7.45  clip 0.33  kl +0.030
upd  283  steps 9306112  sps 5933  opp rand  loss +0.030  pg -0.0136  v 0.260  ev +0.98  adv_std 0.761  tR +0.51  ent[s/d/p/e] 0.80/0.74/0.53/0.35  emits 2.85  spf 433.5  z0 0.01  garr 295.9  tG 1466  e2 0.57  nF 11.0  pS 0.29  ptS 0.28  fLog 0.79  pdΔ -0.2099  pkR 7.46  clip 0.33  kl +0.032
upd  284  steps 9338880  sps 5934  opp frzn  loss +0.027  pg -0.0147  v 0.246  ev +0.99  adv_std 0.742  tR +0.38  ent[s/d/p/e] 0.74/0.74/0.52/0.37  emits 2.72  spf 404.6  z0 0.02  garr 259.0  tG 1324  e2 0.54  nF 10.7  pS 0.27  ptS 0.25  fLog 0.78  pdΔ -0.2340  pkR 8.61  clip 0.33  kl +0.030
upd  285  steps 9371648  sps 5935  opp frzn  loss +0.025  pg -0.0140  v 0.232  ev +0.98  adv_std 0.723  tR +0.09  ent[s/d/p/e] 0.72/0.78/0.50/0.34  emits 2.67  spf 436.8  z0 0.01  garr 273.7  tG 1360  e2 0.53  nF 11.1  pS 0.25  ptS 0.24  fLog 0.77  pdΔ -0.2489  pkR 10.00  clip 0.33  kl +0.034
upd  286  steps 9404416  sps 5936  opp frzn  loss +0.036  pg -0.0114  v 0.275  ev +0.98  adv_std 0.786  tR +0.08  ent[s/d/p/e] 0.75/0.86/0.51/0.39  emits 2.40  spf 309.6  z0 0.03  garr 199.8  tG 932  e2 0.51  nF 12.9  pS 0.26  ptS 0.25  fLog 0.72  pdΔ -0.2427  pkR 10.57  clip 0.36  kl +0.040
upd  287  steps 9437184  sps 5937  opp frzn  loss +0.038  pg -0.0126  v 0.294  ev +0.98  adv_std 0.812  tR +0.43  ent[s/d/p/e] 0.82/0.86/0.55/0.38  emits 2.61  spf 325.7  z0 0.02  garr 204.4  tG 1112  e2 0.51  nF 13.6  pS 0.29  ptS 0.28  fLog 0.74  pdΔ -0.2058  pkR 12.37  clip 0.34  kl +0.035
upd  288  steps 9469952  sps 5939  opp rand  loss +0.037  pg -0.0137  v 0.294  ev +0.98  adv_std 0.809  tR +0.32  ent[s/d/p/e] 0.86/0.81/0.56/0.38  emits 2.70  spf 324.8  z0 0.02  garr 206.6  tG 1170  e2 0.53  nF 12.1  pS 0.31  ptS 0.30  fLog 0.75  pdΔ -0.1852  pkR 9.67  clip 0.34  kl +0.033
upd  289  steps 9502720  sps 5940  opp frzn  loss +0.034  pg -0.0157  v 0.290  ev +0.98  adv_std 0.805  tR +0.22  ent[s/d/p/e] 0.81/0.77/0.54/0.37  emits 2.74  spf 395.0  z0 0.01  garr 255.7  tG 1361  e2 0.54  nF 12.0  pS 0.29  ptS 0.28  fLog 0.76  pdΔ -0.2077  pkR 7.37  clip 0.34  kl +0.033
upd  290  steps 9535488  sps 5942  opp rand  loss +0.045  pg -0.0138  v 0.336  ev +0.98  adv_std 0.859  tR +0.35  ent[s/d/p/e] 0.85/0.84/0.57/0.39  emits 2.79  spf 355.3  z0 0.01  garr 203.6  tG 1292  e2 0.53  nF 13.3  pS 0.31  ptS 0.30  fLog 0.75  pdΔ -0.1915  pkR 8.59  clip 0.35  kl +0.031
upd  291  steps 9568256  sps 5944  opp rand  loss +0.039  pg -0.0145  v 0.312  ev +0.99  adv_std 0.832  tR +0.41  ent[s/d/p/e] 0.94/0.83/0.57/0.36  emits 2.98  spf 407.8  z0 0.01  garr 226.2  tG 1623  e2 0.55  nF 13.0  pS 0.35  ptS 0.34  fLog 0.77  pdΔ -0.1478  pkR 10.92  clip 0.37  kl +0.036
upd  292  steps 9601024  sps 5945  opp frzn  loss +0.037  pg -0.0124  v 0.292  ev +0.99  adv_std 0.803  tR +0.51  ent[s/d/p/e] 0.90/0.77/0.57/0.36  emits 2.99  spf 408.6  z0 0.02  garr 236.4  tG 1649  e2 0.55  nF 11.6  pS 0.35  ptS 0.33  fLog 0.78  pdΔ -0.1515  pkR 8.59  clip 0.35  kl +0.034
upd  293  steps 9633792  sps 5946  opp frzn  loss +0.041  pg -0.0153  v 0.326  ev +0.98  adv_std 0.849  tR +0.58  ent[s/d/p/e] 0.89/0.82/0.58/0.39  emits 2.69  spf 375.1  z0 0.01  garr 225.0  tG 1412  e2 0.51  nF 12.4  pS 0.32  ptS 0.30  fLog 0.76  pdΔ -0.1827  pkR 7.63  clip 0.35  kl +0.031
upd  294  steps 9666560  sps 5947  opp frzn  loss +0.041  pg -0.0115  v 0.307  ev +0.98  adv_std 0.824  tR +0.14  ent[s/d/p/e] 0.86/0.83/0.56/0.37  emits 2.81  spf 374.2  z0 0.02  garr 239.2  tG 1308  e2 0.55  nF 12.8  pS 0.31  ptS 0.30  fLog 0.76  pdΔ -0.1882  pkR 7.09  clip 0.37  kl +0.036
upd  295  steps 9699328  sps 5949  opp rand  loss +0.039  pg -0.0141  v 0.307  ev +0.98  adv_std 0.823  tR +0.36  ent[s/d/p/e] 0.83/0.76/0.55/0.37  emits 2.75  spf 380.2  z0 0.01  garr 252.0  tG 1321  e2 0.56  nF 11.7  pS 0.31  ptS 0.29  fLog 0.78  pdΔ -0.1908  pkR 7.55  clip 0.34  kl +0.033
upd  296  steps 9732096  sps 5950  opp rand  loss +0.034  pg -0.0143  v 0.282  ev +0.99  adv_std 0.787  tR +0.38  ent[s/d/p/e] 0.84/0.75/0.54/0.36  emits 2.98  spf 397.2  z0 0.01  garr 262.7  tG 1438  e2 0.58  nF 12.6  pS 0.31  ptS 0.29  fLog 0.79  pdΔ -0.1911  pkR 7.81  clip 0.34  kl +0.031
upd  297  steps 9764864  sps 5952  opp rand  loss +0.035  pg -0.0143  v 0.287  ev +0.99  adv_std 0.795  tR +0.44  ent[s/d/p/e] 0.80/0.76/0.53/0.34  emits 2.88  spf 426.5  z0 0.01  garr 256.8  tG 1436  e2 0.53  nF 13.4  pS 0.29  ptS 0.28  fLog 0.78  pdΔ -0.2071  pkR 6.50  clip 0.32  kl +0.028
upd  298  steps 9797632  sps 5954  opp rand  loss +0.040  pg -0.0143  v 0.312  ev +0.98  adv_std 0.832  tR +0.47  ent[s/d/p/e] 0.85/0.77/0.55/0.38  emits 2.74  spf 361.7  z0 0.01  garr 222.7  tG 1229  e2 0.54  nF 12.8  pS 0.33  ptS 0.31  fLog 0.76  pdΔ -0.1741  pkR 8.47  clip 0.36  kl +0.034
upd  299  steps 9830400  sps 5956  opp rand  loss +0.046  pg -0.0133  v 0.338  ev +0.98  adv_std 0.845  tR +0.54  ent[s/d/p/e] 0.88/0.70/0.56/0.33  emits 3.22  spf 413.2  z0 0.01  garr 276.7  tG 1656  e2 0.60  nF 10.0  pS 0.35  ptS 0.33  fLog 0.81  pdΔ -0.1516  pkR 5.71  clip 0.34  kl +0.028 WRr 0.91 WRf 0.81
[ckpt] saved ./ckpt_multi_action_v11_f29/ckpt_000299.pkl
upd  300  steps 9863168  sps 5914  opp rand  loss +0.044  pg -0.0136  v 0.332  ev +0.98  adv_std 0.851  tR +0.61  ent[s/d/p/e] 0.86/0.77/0.57/0.34  emits 3.13  spf 397.1  z0 0.00  garr 244.5  tG 1494  e2 0.56  nF 11.6  pS 0.33  ptS 0.31  fLog 0.79  pdΔ -0.1741  pkR 6.65  clip 0.36  kl +0.035
upd  301  steps 9895936  sps 5916  opp rand  loss +0.041  pg -0.0158  v 0.328  ev +0.98  adv_std 0.842  tR +0.48  ent[s/d/p/e] 0.89/0.74/0.59/0.34  emits 3.17  spf 431.8  z0 0.01  garr 264.9  tG 1727  e2 0.58  nF 11.6  pS 0.35  ptS 0.33  fLog 0.80  pdΔ -0.1478  pkR 6.79  clip 0.35  kl +0.029
upd  302  steps 9928704  sps 5918  opp rand  loss +0.040  pg -0.0140  v 0.312  ev +0.99  adv_std 0.826  tR +0.51  ent[s/d/p/e] 0.86/0.72/0.56/0.35  emits 3.05  spf 379.1  z0 0.01  garr 232.0  tG 1500  e2 0.56  nF 13.1  pS 0.34  ptS 0.32  fLog 0.78  pdΔ -0.1615  pkR 7.18  clip 0.35  kl +0.033
upd  303  steps 9961472  sps 5919  opp frzn  loss +0.045  pg -0.0138  v 0.334  ev +0.98  adv_std 0.858  tR +0.51  ent[s/d/p/e] 0.85/0.79/0.53/0.37  emits 2.90  spf 385.8  z0 0.02  garr 225.4  tG 1445  e2 0.55  nF 14.2  pS 0.31  ptS 0.29  fLog 0.76  pdΔ -0.1918  pkR 7.14  clip 0.37  kl +0.035
upd  304  steps 9994240  sps 5920  opp frzn  loss +0.033  pg -0.0142  v 0.281  ev +0.98  adv_std 0.791  tR +0.12  ent[s/d/p/e] 0.86/0.81/0.56/0.40  emits 2.62  spf 406.5  z0 0.01  garr 249.1  tG 1412  e2 0.53  nF 13.6  pS 0.30  ptS 0.28  fLog 0.75  pdΔ -0.2029  pkR 9.54  clip 0.38  kl +0.037
upd  305  steps 10027008  sps 5922  opp rand  loss +0.054  pg -0.0142  v 0.385  ev +0.98  adv_std 0.916  tR +0.31  ent[s/d/p/e] 0.86/0.69/0.57/0.38  emits 3.00  spf 386.8  z0 0.01  garr 247.2  tG 1472  e2 0.59  nF 11.6  pS 0.34  ptS 0.32  fLog 0.79  pdΔ -0.1591  pkR 9.87  clip 0.33  kl +0.027
upd  306  steps 10059776  sps 5922  opp frzn  loss +0.044  pg -0.0115  v 0.319  ev +0.99  adv_std 0.841  tR +0.42  ent[s/d/p/e] 0.84/0.71/0.55/0.33  emits 3.15  spf 412.4  z0 0.01  garr 258.9  tG 1569  e2 0.59  nF 12.1  pS 0.32  ptS 0.30  fLog 0.79  pdΔ -0.1800  pkR 6.46  clip 0.37  kl +0.037
upd  307  steps 10092544  sps 5924  opp rand  loss +0.035  pg -0.0133  v 0.283  ev +0.99  adv_std 0.785  tR +0.40  ent[s/d/p/e] 0.81/0.73/0.53/0.34  emits 3.01  spf 413.5  z0 0.01  garr 257.3  tG 1468  e2 0.58  nF 12.5  pS 0.31  ptS 0.29  fLog 0.79  pdΔ -0.1908  pkR 8.34  clip 0.35  kl +0.032
upd  308  steps 10125312  sps 5926  opp rand  loss +0.036  pg -0.0125  v 0.283  ev +0.99  adv_std 0.782  tR +0.54  ent[s/d/p/e] 0.75/0.66/0.52/0.33  emits 3.11  spf 439.2  z0 0.01  garr 277.2  tG 1564  e2 0.60  nF 10.6  pS 0.31  ptS 0.28  fLog 0.80  pdΔ -0.1909  pkR 7.83  clip 0.34  kl +0.030
upd  309  steps 10158080  sps 5928  opp rand  loss +0.038  pg -0.0136  v 0.301  ev +0.99  adv_std 0.809  tR +0.54  ent[s/d/p/e] 0.83/0.66/0.55/0.32  emits 3.35  spf 431.1  z0 0.01  garr 285.5  tG 1713  e2 0.62  nF 10.5  pS 0.31  ptS 0.29  fLog 0.81  pdΔ -0.1855  pkR 8.17  clip 0.34  kl +0.030
upd  310  steps 10190848  sps 5929  opp frzn  loss +0.041  pg -0.0135  v 0.314  ev +0.99  adv_std 0.832  tR +0.43  ent[s/d/p/e] 0.78/0.66/0.54/0.33  emits 3.12  spf 416.6  z0 0.01  garr 268.8  tG 1544  e2 0.60  nF 10.8  pS 0.30  ptS 0.28  fLog 0.80  pdΔ -0.2030  pkR 8.06  clip 0.36  kl +0.035
upd  311  steps 10223616  sps 5930  opp frzn  loss +0.037  pg -0.0148  v 0.300  ev +0.99  adv_std 0.810  tR +0.35  ent[s/d/p/e] 0.80/0.71/0.54/0.34  emits 2.94  spf 462.1  z0 0.01  garr 286.3  tG 1662  e2 0.57  nF 12.6  pS 0.28  ptS 0.27  fLog 0.79  pdΔ -0.2201  pkR 7.47  clip 0.35  kl +0.035
upd  312  steps 10256384  sps 5932  opp rand  loss +0.042  pg -0.0132  v 0.318  ev +0.98  adv_std 0.836  tR +0.34  ent[s/d/p/e] 0.78/0.72/0.54/0.34  emits 2.89  spf 401.6  z0 0.01  garr 236.6  tG 1344  e2 0.56  nF 12.5  pS 0.29  ptS 0.28  fLog 0.77  pdΔ -0.2103  pkR 9.50  clip 0.34  kl +0.032
upd  313  steps 10289152  sps 5933  opp frzn  loss +0.040  pg -0.0140  v 0.314  ev +0.99  adv_std 0.835  tR +0.17  ent[s/d/p/e] 0.82/0.71/0.57/0.37  emits 2.87  spf 425.0  z0 0.01  garr 250.8  tG 1531  e2 0.55  nF 11.8  pS 0.29  ptS 0.27  fLog 0.78  pdΔ -0.2077  pkR 8.26  clip 0.36  kl +0.039
upd  314  steps 10321920  sps 5935  opp rand  loss +0.043  pg -0.0140  v 0.328  ev +0.99  adv_std 0.850  tR +0.38  ent[s/d/p/e] 0.83/0.66/0.55/0.32  emits 3.19  spf 436.8  z0 0.01  garr 255.5  tG 1618  e2 0.58  nF 11.8  pS 0.31  ptS 0.30  fLog 0.80  pdΔ -0.1858  pkR 7.98  clip 0.34  kl +0.031
upd  315  steps 10354688  sps 5935  opp frzn  loss +0.040  pg -0.0136  v 0.311  ev +0.99  adv_std 0.828  tR +0.42  ent[s/d/p/e] 0.85/0.73/0.54/0.34  emits 2.88  spf 422.6  z0 0.01  garr 252.9  tG 1471  e2 0.55  nF 12.8  pS 0.30  ptS 0.28  fLog 0.77  pdΔ -0.2041  pkR 9.41  clip 0.36  kl +0.037
upd  316  steps 10387456  sps 5936  opp frzn  loss +0.049  pg -0.0139  v 0.353  ev +0.98  adv_std 0.884  tR +0.10  ent[s/d/p/e] 0.78/0.76/0.51/0.36  emits 2.83  spf 335.2  z0 0.02  garr 212.3  tG 1141  e2 0.55  nF 13.6  pS 0.27  ptS 0.26  fLog 0.75  pdΔ -0.2321  pkR 9.40  clip 0.34  kl +0.032
upd  317  steps 10420224  sps 5938  opp rand  loss +0.044  pg -0.0134  v 0.326  ev +0.99  adv_std 0.844  tR +0.20  ent[s/d/p/e] 0.82/0.71/0.53/0.34  emits 3.11  spf 400.5  z0 0.02  garr 232.7  tG 1490  e2 0.58  nF 12.7  pS 0.30  ptS 0.28  fLog 0.79  pdΔ -0.1987  pkR 11.62  clip 0.35  kl +0.031
upd  318  steps 10452992  sps 5939  opp frzn  loss +0.037  pg -0.0154  v 0.304  ev +0.99  adv_std 0.824  tR +0.36  ent[s/d/p/e] 0.80/0.71/0.54/0.33  emits 3.08  spf 454.3  z0 0.01  garr 279.4  tG 1624  e2 0.58  nF 12.0  pS 0.29  ptS 0.27  fLog 0.80  pdΔ -0.2133  pkR 12.21  clip 0.35  kl +0.034
upd  319  steps 10485760  sps 5940  opp frzn  loss +0.036  pg -0.0149  v 0.295  ev +0.99  adv_std 0.810  tR +0.01  ent[s/d/p/e] 0.83/0.74/0.55/0.35  emits 2.89  spf 459.9  z0 0.02  garr 294.3  tG 1564  e2 0.56  nF 13.2  pS 0.28  ptS 0.27  fLog 0.78  pdΔ -0.2196  pkR 6.32  clip 0.35  kl +0.032
upd  320  steps 10518528  sps 5942  opp rand  loss +0.053  pg -0.0136  v 0.375  ev +0.98  adv_std 0.909  tR +0.40  ent[s/d/p/e] 0.83/0.63/0.52/0.35  emits 3.20  spf 416.0  z0 0.01  garr 266.4  tG 1596  e2 0.62  nF 10.7  pS 0.32  ptS 0.30  fLog 0.80  pdΔ -0.1793  pkR 6.66  clip 0.35  kl +0.031
upd  321  steps 10551296  sps 5943  opp rand  loss +0.048  pg -0.0135  v 0.351  ev +0.99  adv_std 0.878  tR +0.59  ent[s/d/p/e] 0.90/0.64/0.55/0.30  emits 3.49  spf 435.8  z0 0.01  garr 272.0  tG 1796  e2 0.64  nF 11.1  pS 0.33  ptS 0.31  fLog 0.81  pdΔ -0.1699  pkR 9.86  clip 0.35  kl +0.030
upd  322  steps 10584064  sps 5945  opp rand  loss +0.051  pg -0.0146  v 0.369  ev +0.99  adv_std 0.892  tR +0.51  ent[s/d/p/e] 0.83/0.63/0.53/0.32  emits 3.31  spf 392.1  z0 0.01  garr 248.2  tG 1527  e2 0.61  nF 10.5  pS 0.31  ptS 0.29  fLog 0.80  pdΔ -0.1880  pkR 7.21  clip 0.34  kl +0.026
upd  323  steps 10616832  sps 5946  opp frzn  loss +0.037  pg -0.0166  v 0.312  ev +0.99  adv_std 0.830  tR +0.55  ent[s/d/p/e] 0.86/0.61/0.57/0.32  emits 3.29  spf 492.4  z0 0.00  garr 305.9  tG 1931  e2 0.60  nF 9.5  pS 0.31  ptS 0.30  fLog 0.82  pdΔ -0.1866  pkR 6.83  clip 0.34  kl +0.033
upd  324  steps 10649600  sps 5948  opp rand  loss +0.053  pg -0.0136  v 0.373  ev +0.98  adv_std 0.906  tR +0.22  ent[s/d/p/e] 0.79/0.65/0.53/0.34  emits 3.09  spf 385.3  z0 0.01  garr 236.2  tG 1380  e2 0.60  nF 10.3  pS 0.29  ptS 0.27  fLog 0.79  pdΔ -0.2116  pkR 8.90  clip 0.34  kl +0.034
upd  325  steps 10682368  sps 5950  opp rand  loss +0.052  pg -0.0108  v 0.351  ev +0.98  adv_std 0.874  tR +0.35  ent[s/d/p/e] 0.80/0.58/0.52/0.30  emits 3.44  spf 415.2  z0 0.01  garr 281.5  tG 1610  e2 0.66  nF 9.4  pS 0.33  ptS 0.31  fLog 0.82  pdΔ -0.1721  pkR 5.63  clip 0.34  kl +0.032
upd  326  steps 10715136  sps 5950  opp frzn  loss +0.054  pg -0.0157  v 0.389  ev +0.98  adv_std 0.926  tR +0.52  ent[s/d/p/e] 0.80/0.63/0.53/0.32  emits 3.23  spf 418.9  z0 0.00  garr 295.0  tG 1506  e2 0.64  nF 10.4  pS 0.29  ptS 0.27  fLog 0.80  pdΔ -0.2081  pkR 6.49  clip 0.35  kl +0.035
upd  327  steps 10747904  sps 5951  opp frzn  loss +0.065  pg -0.0121  v 0.425  ev +0.98  adv_std 0.970  tR +0.21  ent[s/d/p/e] 0.77/0.67/0.51/0.30  emits 3.31  spf 365.2  z0 0.02  garr 239.1  tG 1340  e2 0.61  nF 11.2  pS 0.29  ptS 0.27  fLog 0.79  pdΔ -0.2134  pkR 6.31  clip 0.36  kl +0.036
upd  328  steps 10780672  sps 5952  opp frzn  loss +0.040  pg -0.0142  v 0.311  ev +0.99  adv_std 0.829  tR +0.21  ent[s/d/p/e] 0.83/0.68/0.55/0.33  emits 3.09  spf 432.8  z0 0.01  garr 282.9  tG 1541  e2 0.60  nF 10.8  pS 0.29  ptS 0.28  fLog 0.80  pdΔ -0.2097  pkR 6.17  clip 0.35  kl +0.033
upd  329  steps 10813440  sps 5954  opp rand  loss +0.057  pg -0.0128  v 0.388  ev +0.98  adv_std 0.918  tR +0.36  ent[s/d/p/e] 0.85/0.71/0.55/0.30  emits 3.28  spf 420.8  z0 0.01  garr 271.0  tG 1531  e2 0.58  nF 12.2  pS 0.31  ptS 0.29  fLog 0.79  pdΔ -0.1949  pkR 8.50  clip 0.37  kl +0.036
upd  330  steps 10846208  sps 5954  opp frzn  loss +0.041  pg -0.0149  v 0.324  ev +0.99  adv_std 0.849  tR +0.38  ent[s/d/p/e] 0.87/0.73/0.57/0.35  emits 3.03  spf 402.2  z0 0.01  garr 244.1  tG 1478  e2 0.57  nF 12.8  pS 0.31  ptS 0.29  fLog 0.78  pdΔ -0.1903  pkR 7.88  clip 0.37  kl +0.037
upd  331  steps 10878976  sps 5955  opp frzn  loss +0.049  pg -0.0141  v 0.358  ev +0.98  adv_std 0.885  tR +0.44  ent[s/d/p/e] 0.90/0.80/0.55/0.30  emits 3.09  spf 371.8  z0 0.02  garr 222.8  tG 1306  e2 0.55  nF 15.1  pS 0.30  ptS 0.29  fLog 0.75  pdΔ -0.1965  pkR 9.08  clip 0.35  kl +0.033
upd  332  steps 10911744  sps 5956  opp frzn  loss +0.054  pg -0.0132  v 0.376  ev +0.98  adv_std 0.911  tR +0.37  ent[s/d/p/e] 0.93/0.70/0.54/0.37  emits 2.83  spf 347.2  z0 0.01  garr 208.8  tG 1315  e2 0.55  nF 13.0  pS 0.32  ptS 0.30  fLog 0.76  pdΔ -0.1772  pkR 7.73  clip 0.36  kl +0.036
upd  333  steps 10944512  sps 5958  opp rand  loss +0.054  pg -0.0125  v 0.378  ev +0.98  adv_std 0.907  tR +0.45  ent[s/d/p/e] 0.95/0.71/0.57/0.32  emits 3.26  spf 357.1  z0 0.00  garr 224.8  tG 1432  e2 0.61  nF 12.4  pS 0.35  ptS 0.32  fLog 0.77  pdΔ -0.1545  pkR 6.40  clip 0.37  kl +0.036
upd  334  steps 10977280  sps 5958  opp frzn  loss +0.064  pg -0.0142  v 0.431  ev +0.98  adv_std 0.968  tR +0.47  ent[s/d/p/e] 0.91/0.67/0.54/0.32  emits 3.27  spf 356.6  z0 0.00  garr 222.8  tG 1470  e2 0.61  nF 11.7  pS 0.33  ptS 0.31  fLog 0.78  pdΔ -0.1673  pkR 10.58  clip 0.35  kl +0.033
upd  335  steps 11010048  sps 5960  opp rand  loss +0.043  pg -0.0144  v 0.332  ev +0.99  adv_std 0.851  tR +0.52  ent[s/d/p/e] 0.92/0.67/0.56/0.29  emits 3.36  spf 387.7  z0 0.01  garr 242.4  tG 1546  e2 0.61  nF 11.7  pS 0.33  ptS 0.31  fLog 0.78  pdΔ -0.1734  pkR 12.18  clip 0.35  kl +0.030
upd  336  steps 11042816  sps 5961  opp frzn  loss +0.049  pg -0.0148  v 0.362  ev +0.99  adv_std 0.892  tR +0.66  ent[s/d/p/e] 0.91/0.67/0.56/0.30  emits 3.36  spf 415.0  z0 0.00  garr 256.1  tG 1657  e2 0.63  nF 11.2  pS 0.32  ptS 0.31  fLog 0.80  pdΔ -0.1770  pkR 8.05  clip 0.36  kl +0.032
upd  337  steps 11075584  sps 5962  opp frzn  loss +0.054  pg -0.0161  v 0.393  ev +0.99  adv_std 0.924  tR +0.43  ent[s/d/p/e] 0.94/0.71/0.57/0.27  emits 3.41  spf 393.8  z0 0.02  garr 239.0  tG 1575  e2 0.60  nF 11.6  pS 0.31  ptS 0.30  fLog 0.79  pdΔ -0.1865  pkR 9.99  clip 0.35  kl +0.028
upd  338  steps 11108352  sps 5963  opp rand  loss +0.057  pg -0.0160  v 0.409  ev +0.99  adv_std 0.946  tR +0.42  ent[s/d/p/e] 0.97/0.70/0.57/0.33  emits 3.31  spf 391.8  z0 0.01  garr 241.1  tG 1655  e2 0.62  nF 12.1  pS 0.36  ptS 0.33  fLog 0.80  pdΔ -0.1447  pkR 7.46  clip 0.34  kl +0.028
upd  339  steps 11141120  sps 5964  opp frzn  loss +0.048  pg -0.0160  v 0.362  ev +0.99  adv_std 0.895  tR +0.49  ent[s/d/p/e] 0.97/0.72/0.56/0.28  emits 3.35  spf 414.4  z0 0.01  garr 234.6  tG 1696  e2 0.59  nF 13.9  pS 0.32  ptS 0.31  fLog 0.79  pdΔ -0.1756  pkR 9.24  clip 0.35  kl +0.033
upd  340  steps 11173888  sps 5965  opp frzn  loss +0.062  pg -0.0138  v 0.423  ev +0.98  adv_std 0.965  tR +0.25  ent[s/d/p/e] 0.90/0.82/0.54/0.34  emits 2.93  spf 313.0  z0 0.02  garr 190.7  tG 1129  e2 0.56  nF 14.9  pS 0.31  ptS 0.29  fLog 0.74  pdΔ -0.1908  pkR 9.03  clip 0.36  kl +0.035
upd  341  steps 11206656  sps 5966  opp rand  loss +0.060  pg -0.0142  v 0.414  ev +0.99  adv_std 0.952  tR +0.45  ent[s/d/p/e] 1.00/0.71/0.57/0.30  emits 3.47  spf 375.4  z0 0.01  garr 223.6  tG 1580  e2 0.63  nF 13.4  pS 0.37  ptS 0.35  fLog 0.79  pdΔ -0.1304  pkR 7.00  clip 0.36  kl +0.035
upd  342  steps 11239424  sps 5967  opp frzn  loss +0.045  pg -0.0153  v 0.343  ev +0.99  adv_std 0.867  tR +0.51  ent[s/d/p/e] 0.87/0.66/0.52/0.27  emits 3.24  spf 388.3  z0 0.01  garr 248.0  tG 1447  e2 0.59  nF 11.7  pS 0.29  ptS 0.28  fLog 0.79  pdΔ -0.2106  pkR 8.03  clip 0.34  kl +0.028
upd  343  steps 11272192  sps 5968  opp frzn  loss +0.058  pg -0.0116  v 0.390  ev +0.99  adv_std 0.925  tR +0.18  ent[s/d/p/e] 0.88/0.67/0.54/0.31  emits 3.13  spf 387.6  z0 0.01  garr 251.8  tG 1481  e2 0.59  nF 11.0  pS 0.29  ptS 0.28  fLog 0.79  pdΔ -0.2127  pkR 10.30  clip 0.36  kl +0.037
upd  344  steps 11304960  sps 5968  opp frzn  loss +0.050  pg -0.0156  v 0.369  ev +0.99  adv_std 0.891  tR -0.03  ent[s/d/p/e] 0.87/0.69/0.53/0.33  emits 3.06  spf 394.5  z0 0.01  garr 241.9  tG 1474  e2 0.58  nF 12.6  pS 0.29  ptS 0.28  fLog 0.79  pdΔ -0.2126  pkR 12.96  clip 0.32  kl +0.026
upd  345  steps 11337728  sps 5970  opp rand  loss +0.051  pg -0.0154  v 0.372  ev +0.99  adv_std 0.893  tR +0.26  ent[s/d/p/e] 0.88/0.65/0.52/0.29  emits 3.28  spf 382.2  z0 0.01  garr 239.8  tG 1474  e2 0.60  nF 12.5  pS 0.29  ptS 0.28  fLog 0.79  pdΔ -0.2080  pkR 6.92  clip 0.32  kl +0.027
upd  346  steps 11370496  sps 5972  opp rand  loss +0.056  pg -0.0145  v 0.392  ev +0.99  adv_std 0.921  tR +0.52  ent[s/d/p/e] 0.90/0.58/0.53/0.28  emits 3.53  spf 378.5  z0 0.00  garr 254.9  tG 1597  e2 0.67  nF 10.2  pS 0.32  ptS 0.30  fLog 0.81  pdΔ -0.1783  pkR 8.76  clip 0.35  kl +0.031
upd  347  steps 11403264  sps 5973  opp rand  loss +0.055  pg -0.0141  v 0.387  ev +0.99  adv_std 0.919  tR +0.32  ent[s/d/p/e] 0.90/0.60/0.52/0.27  emits 3.64  spf 404.4  z0 0.01  garr 277.9  tG 1684  e2 0.68  nF 10.4  pS 0.33  ptS 0.31  fLog 0.81  pdΔ -0.1744  pkR 6.01  clip 0.37  kl +0.037
upd  348  steps 11436032  sps 5975  opp rand  loss +0.050  pg -0.0121  v 0.350  ev +0.99  adv_std 0.880  tR +0.69  ent[s/d/p/e] 0.87/0.64/0.51/0.26  emits 3.49  spf 401.3  z0 0.01  garr 268.9  tG 1536  e2 0.65  nF 11.8  pS 0.30  ptS 0.29  fLog 0.80  pdΔ -0.1997  pkR 7.14  clip 0.36  kl +0.036
upd  349  steps 11468800  sps 5976  opp rand  loss +0.078  pg -0.0115  v 0.486  ev +0.98  adv_std 1.027  tR +0.35  ent[s/d/p/e] 0.86/0.63/0.51/0.31  emits 3.31  spf 363.0  z0 0.01  garr 229.6  tG 1405  e2 0.63  nF 12.2  pS 0.30  ptS 0.29  fLog 0.79  pdΔ -0.1952  pkR 7.84  clip 0.36  kl +0.036 WRr 0.88 WRf 0.88
upd  350  steps 11501568  sps 5936  opp frzn  loss +0.059  pg -0.0161  v 0.416  ev +0.99  adv_std 0.952  tR +0.32  ent[s/d/p/e] 0.88/0.61/0.52/0.29  emits 3.37  spf 400.0  z0 0.01  garr 246.5  tG 1574  e2 0.62  nF 12.1  pS 0.32  ptS 0.29  fLog 0.80  pdΔ -0.1828  pkR 8.58  clip 0.34  kl +0.030
upd  351  steps 11534336  sps 5937  opp frzn  loss +0.067  pg -0.0159  v 0.455  ev +0.98  adv_std 1.000  tR +0.46  ent[s/d/p/e] 0.92/0.60/0.55/0.31  emits 3.26  spf 429.2  z0 0.01  garr 271.6  tG 1734  e2 0.60  nF 11.4  pS 0.31  ptS 0.29  fLog 0.81  pdΔ -0.1891  pkR 7.76  clip 0.36  kl +0.031
upd  352  steps 11567104  sps 5938  opp frzn  loss +0.062  pg -0.0122  v 0.410  ev +0.99  adv_std 0.946  tR +0.28  ent[s/d/p/e] 0.88/0.66/0.53/0.32  emits 3.25  spf 366.6  z0 0.02  garr 230.0  tG 1401  e2 0.61  nF 11.9  pS 0.31  ptS 0.29  fLog 0.78  pdΔ -0.1935  pkR 9.68  clip 0.37  kl +0.036
upd  353  steps 11599872  sps 5940  opp rand  loss +0.070  pg -0.0141  v 0.459  ev +0.98  adv_std 1.003  tR +0.39  ent[s/d/p/e] 0.90/0.61/0.52/0.29  emits 3.42  spf 404.5  z0 0.01  garr 239.8  tG 1615  e2 0.61  nF 11.9  pS 0.32  ptS 0.30  fLog 0.80  pdΔ -0.1796  pkR 7.58  clip 0.36  kl +0.034
upd  354  steps 11632640  sps 5941  opp rand  loss +0.051  pg -0.0147  v 0.366  ev +0.99  adv_std 0.899  tR +0.40  ent[s/d/p/e] 0.87/0.64/0.51/0.30  emits 3.33  spf 380.4  z0 0.01  garr 235.1  tG 1480  e2 0.62  nF 12.0  pS 0.31  ptS 0.29  fLog 0.79  pdΔ -0.1908  pkR 7.23  clip 0.35  kl +0.032
upd  355  steps 11665408  sps 5942  opp frzn  loss +0.055  pg -0.0106  v 0.369  ev +0.99  adv_std 0.910  tR +0.38  ent[s/d/p/e] 0.92/0.64/0.53/0.29  emits 3.22  spf 429.9  z0 0.01  garr 256.4  tG 1638  e2 0.58  nF 11.8  pS 0.30  ptS 0.29  fLog 0.79  pdΔ -0.1967  pkR 9.34  clip 0.37  kl +0.039
upd  356  steps 11698176  sps 5944  opp rand  loss +0.063  pg -0.0139  v 0.422  ev +0.98  adv_std 0.964  tR +0.24  ent[s/d/p/e] 0.87/0.63/0.52/0.31  emits 3.16  spf 375.6  z0 0.00  garr 231.0  tG 1390  e2 0.60  nF 11.6  pS 0.30  ptS 0.29  fLog 0.78  pdΔ -0.1951  pkR 8.19  clip 0.34  kl +0.034
upd  357  steps 11730944  sps 5944  opp frzn  loss +0.063  pg -0.0142  v 0.426  ev +0.99  adv_std 0.963  tR +0.49  ent[s/d/p/e] 0.94/0.61/0.51/0.27  emits 3.44  spf 408.0  z0 0.01  garr 249.5  tG 1660  e2 0.61  nF 12.4  pS 0.33  ptS 0.31  fLog 0.80  pdΔ -0.1700  pkR 8.41  clip 0.33  kl +0.033
upd  358  steps 11763712  sps 5945  opp frzn  loss +0.053  pg -0.0154  v 0.378  ev +0.99  adv_std 0.910  tR +0.33  ent[s/d/p/e] 0.85/0.61/0.48/0.30  emits 3.20  spf 393.8  z0 0.02  garr 235.2  tG 1470  e2 0.59  nF 12.0  pS 0.28  ptS 0.27  fLog 0.79  pdΔ -0.2163  pkR 10.08  clip 0.34  kl +0.030
upd  359  steps 11796480  sps 5946  opp frzn  loss +0.055  pg -0.0162  v 0.393  ev +0.99  adv_std 0.925  tR +0.18  ent[s/d/p/e] 0.84/0.60/0.48/0.27  emits 3.34  spf 424.4  z0 0.01  garr 272.1  tG 1562  e2 0.61  nF 11.2  pS 0.28  ptS 0.27  fLog 0.80  pdΔ -0.2155  pkR 6.88  clip 0.34  kl +0.031
upd  360  steps 11829248  sps 5947  opp frzn  loss +0.052  pg -0.0143  v 0.372  ev +0.99  adv_std 0.898  tR +0.25  ent[s/d/p/e] 0.89/0.67/0.51/0.32  emits 2.97  spf 386.9  z0 0.01  garr 229.2  tG 1339  e2 0.55  nF 12.2  pS 0.29  ptS 0.28  fLog 0.77  pdΔ -0.2088  pkR 7.44  clip 0.37  kl +0.037
upd  361  steps 11862016  sps 5948  opp rand  loss +0.060  pg -0.0148  v 0.415  ev +0.98  adv_std 0.955  tR +0.42  ent[s/d/p/e] 0.89/0.65/0.50/0.31  emits 3.15  spf 355.7  z0 0.00  garr 220.1  tG 1313  e2 0.60  nF 12.6  pS 0.31  ptS 0.30  fLog 0.77  pdΔ -0.1858  pkR 9.92  clip 0.36  kl +0.037
upd  362  steps 11894784  sps 5949  opp frzn  loss +0.059  pg -0.0144  v 0.406  ev +0.99  adv_std 0.946  tR +0.55  ent[s/d/p/e] 0.89/0.56/0.47/0.28  emits 3.47  spf 394.5  z0 0.01  garr 249.9  tG 1565  e2 0.66  nF 10.2  pS 0.33  ptS 0.31  fLog 0.81  pdΔ -0.1726  pkR 6.54  clip 0.34  kl +0.029
upd  363  steps 11927552  sps 5950  opp frzn  loss +0.043  pg -0.0173  v 0.343  ev +0.99  adv_std 0.875  tR +0.36  ent[s/d/p/e] 0.94/0.60/0.53/0.28  emits 3.17  spf 435.9  z0 0.00  garr 266.6  tG 1678  e2 0.59  nF 10.7  pS 0.31  ptS 0.30  fLog 0.81  pdΔ -0.1881  pkR 6.53  clip 0.36  kl +0.034
upd  364  steps 11960320  sps 5951  opp rand  loss +0.077  pg -0.0117  v 0.483  ev +0.98  adv_std 1.013  tR +0.28  ent[s/d/p/e] 0.91/0.55/0.52/0.29  emits 3.66  spf 411.4  z0 0.01  garr 266.1  tG 1708  e2 0.67  nF 10.5  pS 0.35  ptS 0.33  fLog 0.81  pdΔ -0.1468  pkR 10.25  clip 0.33  kl +0.030
upd  365  steps 11993088  sps 5952  opp frzn  loss +0.052  pg -0.0145  v 0.374  ev +0.99  adv_std 0.909  tR +0.57  ent[s/d/p/e] 0.91/0.58/0.51/0.29  emits 3.33  spf 452.3  z0 0.00  garr 293.3  tG 1762  e2 0.63  nF 10.2  pS 0.32  ptS 0.30  fLog 0.82  pdΔ -0.1810  pkR 8.07  clip 0.36  kl +0.033
upd  366  steps 12025856  sps 5953  opp frzn  loss +0.049  pg -0.0149  v 0.361  ev +0.99  adv_std 0.885  tR +0.22  ent[s/d/p/e] 0.93/0.60/0.53/0.30  emits 3.20  spf 454.1  z0 0.00  garr 307.6  tG 1771  e2 0.62  nF 9.4  pS 0.31  ptS 0.30  fLog 0.81  pdΔ -0.1933  pkR 6.82  clip 0.35  kl +0.031
upd  367  steps 12058624  sps 5954  opp rand  loss +0.060  pg -0.0127  v 0.401  ev +0.99  adv_std 0.932  tR +0.64  ent[s/d/p/e] 0.88/0.57/0.51/0.27  emits 3.65  spf 396.1  z0 0.00  garr 271.0  tG 1689  e2 0.66  nF 10.0  pS 0.32  ptS 0.30  fLog 0.81  pdΔ -0.1811  pkR 9.93  clip 0.35  kl +0.031
upd  368  steps 12091392  sps 5956  opp rand  loss +0.059  pg -0.0159  v 0.416  ev +0.99  adv_std 0.934  tR +0.46  ent[s/d/p/e] 0.91/0.52/0.51/0.25  emits 3.86  spf 436.0  z0 0.01  garr 284.2  tG 1954  e2 0.68  nF 9.8  pS 0.34  ptS 0.32  fLog 0.84  pdΔ -0.1599  pkR 6.49  clip 0.32  kl +0.025
upd  369  steps 12124160  sps 5957  opp rand  loss +0.052  pg -0.0151  v 0.372  ev +0.99  adv_std 0.904  tR +0.72  ent[s/d/p/e] 0.87/0.54/0.49/0.23  emits 3.67  spf 461.5  z0 0.01  garr 299.2  tG 1843  e2 0.65  nF 10.3  pS 0.32  ptS 0.30  fLog 0.83  pdΔ -0.1764  pkR 6.61  clip 0.34  kl +0.030
upd  370  steps 12156928  sps 5959  opp rand  loss +0.063  pg -0.0155  v 0.430  ev +0.98  adv_std 0.964  tR +0.65  ent[s/d/p/e] 0.86/0.54/0.52/0.27  emits 3.71  spf 411.3  z0 0.00  garr 275.8  tG 1708  e2 0.67  nF 9.6  pS 0.34  ptS 0.32  fLog 0.82  pdΔ -0.1644  pkR 6.30  clip 0.35  kl +0.030
upd  371  steps 12189696  sps 5959  opp frzn  loss +0.053  pg -0.0163  v 0.385  ev +0.99  adv_std 0.918  tR +0.44  ent[s/d/p/e] 0.90/0.57/0.53/0.24  emits 3.68  spf 373.2  z0 0.01  garr 249.5  tG 1598  e2 0.65  nF 9.7  pS 0.32  ptS 0.31  fLog 0.81  pdΔ -0.1761  pkR 8.64  clip 0.33  kl +0.027
upd  372  steps 12222464  sps 5961  opp rand  loss +0.066  pg -0.0142  v 0.440  ev +0.99  adv_std 0.972  tR +0.41  ent[s/d/p/e] 0.85/0.56/0.51/0.26  emits 3.61  spf 407.9  z0 0.01  garr 273.9  tG 1687  e2 0.67  nF 10.2  pS 0.32  ptS 0.30  fLog 0.83  pdΔ -0.1783  pkR 7.17  clip 0.35  kl +0.032
upd  373  steps 12255232  sps 5962  opp frzn  loss +0.056  pg -0.0131  v 0.382  ev +0.99  adv_std 0.915  tR +0.43  ent[s/d/p/e] 0.86/0.56/0.50/0.26  emits 3.65  spf 421.5  z0 0.01  garr 273.8  tG 1715  e2 0.64  nF 10.9  pS 0.32  ptS 0.30  fLog 0.82  pdΔ -0.1804  pkR 7.09  clip 0.38  kl +0.037
upd  374  steps 12288000  sps 5962  opp frzn  loss +0.054  pg -0.0150  v 0.383  ev +0.99  adv_std 0.916  tR +0.24  ent[s/d/p/e] 0.83/0.53/0.49/0.27  emits 3.63  spf 398.9  z0 0.01  garr 264.8  tG 1610  e2 0.66  nF 9.8  pS 0.30  ptS 0.28  fLog 0.82  pdΔ -0.1986  pkR 6.15  clip 0.35  kl +0.027
upd  375  steps 12320768  sps 5963  opp frzn  loss +0.066  pg -0.0162  v 0.453  ev +0.98  adv_std 0.996  tR +0.44  ent[s/d/p/e] 0.88/0.58/0.52/0.26  emits 3.55  spf 391.7  z0 0.01  garr 241.5  tG 1580  e2 0.61  nF 10.0  pS 0.32  ptS 0.30  fLog 0.81  pdΔ -0.1775  pkR 7.50  clip 0.35  kl +0.031
upd  376  steps 12353536  sps 5964  opp rand  loss +0.067  pg -0.0147  v 0.449  ev +0.99  adv_std 0.986  tR +0.41  ent[s/d/p/e] 0.91/0.54/0.52/0.26  emits 3.74  spf 416.7  z0 0.01  garr 252.7  tG 1781  e2 0.64  nF 9.5  pS 0.35  ptS 0.33  fLog 0.82  pdΔ -0.1493  pkR 6.93  clip 0.33  kl +0.027
upd  377  steps 12386304  sps 5966  opp rand  loss +0.049  pg -0.0142  v 0.354  ev +0.99  adv_std 0.882  tR +0.46  ent[s/d/p/e] 0.90/0.56/0.52/0.24  emits 3.54  spf 430.6  z0 0.00  garr 255.6  tG 1719  e2 0.62  nF 9.6  pS 0.32  ptS 0.30  fLog 0.82  pdΔ -0.1783  pkR 7.31  clip 0.36  kl +0.035
upd  378  steps 12419072  sps 5967  opp rand  loss +0.058  pg -0.0141  v 0.397  ev +0.99  adv_std 0.926  tR +0.48  ent[s/d/p/e] 0.87/0.58/0.48/0.24  emits 3.58  spf 432.5  z0 0.00  garr 279.4  tG 1730  e2 0.64  nF 10.8  pS 0.30  ptS 0.29  fLog 0.82  pdΔ -0.1963  pkR 6.96  clip 0.34  kl +0.030
upd  379  steps 12451840  sps 5969  opp rand  loss +0.053  pg -0.0143  v 0.375  ev +0.99  adv_std 0.909  tR +0.54  ent[s/d/p/e] 0.89/0.53/0.50/0.24  emits 3.66  spf 436.7  z0 0.01  garr 268.4  tG 1836  e2 0.63  nF 10.5  pS 0.32  ptS 0.30  fLog 0.82  pdΔ -0.1839  pkR 7.70  clip 0.36  kl +0.036
upd  380  steps 12484608  sps 5970  opp rand  loss +0.060  pg -0.0142  v 0.411  ev +0.99  adv_std 0.945  tR +0.58  ent[s/d/p/e] 0.89/0.51/0.50/0.25  emits 3.80  spf 432.8  z0 0.01  garr 266.4  tG 1926  e2 0.64  nF 10.8  pS 0.34  ptS 0.32  fLog 0.83  pdΔ -0.1618  pkR 6.01  clip 0.35  kl +0.032
upd  381  steps 12517376  sps 5971  opp frzn  loss +0.046  pg -0.0150  v 0.343  ev +0.99  adv_std 0.857  tR +0.59  ent[s/d/p/e] 0.90/0.54/0.53/0.27  emits 3.21  spf 440.0  z0 0.00  garr 269.5  tG 1694  e2 0.59  nF 11.1  pS 0.30  ptS 0.29  fLog 0.81  pdΔ -0.1989  pkR 10.15  clip 0.31  kl +0.027
upd  382  steps 12550144  sps 5971  opp frzn  loss +0.068  pg -0.0142  v 0.446  ev +0.98  adv_std 0.977  tR +0.43  ent[s/d/p/e] 0.80/0.54/0.50/0.30  emits 3.15  spf 404.4  z0 0.01  garr 281.1  tG 1453  e2 0.62  nF 10.2  pS 0.28  ptS 0.27  fLog 0.80  pdΔ -0.2181  pkR 6.03  clip 0.32  kl +0.027
upd  383  steps 12582912  sps 5973  opp rand  loss +0.057  pg -0.0132  v 0.388  ev +0.99  adv_std 0.923  tR +0.24  ent[s/d/p/e] 0.84/0.56/0.50/0.27  emits 3.33  spf 377.3  z0 0.01  garr 242.1  tG 1434  e2 0.61  nF 10.0  pS 0.29  ptS 0.28  fLog 0.80  pdΔ -0.2067  pkR 5.84  clip 0.36  kl +0.037
upd  384  steps 12615680  sps 5974  opp rand  loss +0.069  pg -0.0132  v 0.452  ev +0.99  adv_std 0.986  tR +0.41  ent[s/d/p/e] 0.85/0.50/0.52/0.26  emits 3.78  spf 408.8  z0 0.01  garr 275.4  tG 1750  e2 0.69  nF 8.4  pS 0.33  ptS 0.31  fLog 0.83  pdΔ -0.1662  pkR 8.15  clip 0.34  kl +0.031
upd  385  steps 12648448  sps 5976  opp rand  loss +0.053  pg -0.0165  v 0.387  ev +0.99  adv_std 0.920  tR +0.50  ent[s/d/p/e] 0.88/0.50/0.53/0.22  emits 3.73  spf 428.9  z0 0.01  garr 287.6  tG 1801  e2 0.65  nF 9.9  pS 0.33  ptS 0.30  fLog 0.83  pdΔ -0.1730  pkR 7.68  clip 0.36  kl +0.035
upd  386  steps 12681216  sps 5976  opp frzn  loss +0.062  pg -0.0150  v 0.423  ev +0.99  adv_std 0.959  tR +0.45  ent[s/d/p/e] 0.84/0.51/0.52/0.26  emits 3.41  spf 464.7  z0 0.01  garr 300.9  tG 1752  e2 0.62  nF 9.2  pS 0.30  ptS 0.28  fLog 0.83  pdΔ -0.1962  pkR 6.94  clip 0.33  kl +0.028
upd  387  steps 12713984  sps 5978  opp rand  loss +0.052  pg -0.0136  v 0.364  ev +0.99  adv_std 0.893  tR +0.41  ent[s/d/p/e] 0.80/0.54/0.51/0.24  emits 3.49  spf 442.9  z0 0.01  garr 290.3  tG 1675  e2 0.62  nF 9.8  pS 0.28  ptS 0.27  fLog 0.83  pdΔ -0.2165  pkR 6.77  clip 0.34  kl +0.030
upd  388  steps 12746752  sps 5979  opp rand  loss +0.060  pg -0.0147  v 0.411  ev +0.99  adv_std 0.947  tR +0.30  ent[s/d/p/e] 0.88/0.54/0.50/0.22  emits 3.76  spf 462.4  z0 0.01  garr 286.0  tG 1920  e2 0.63  nF 10.6  pS 0.32  ptS 0.29  fLog 0.83  pdΔ -0.1847  pkR 7.75  clip 0.35  kl +0.031
upd  389  steps 12779520  sps 5981  opp rand  loss +0.061  pg -0.0151  v 0.421  ev +0.99  adv_std 0.963  tR +0.65  ent[s/d/p/e] 0.86/0.52/0.52/0.25  emits 3.56  spf 421.9  z0 0.01  garr 269.1  tG 1742  e2 0.63  nF 9.1  pS 0.31  ptS 0.29  fLog 0.83  pdΔ -0.1852  pkR 8.00  clip 0.35  kl +0.031
upd  390  steps 12812288  sps 5982  opp rand  loss +0.082  pg -0.0131  v 0.518  ev +0.99  adv_std 1.057  tR +0.63  ent[s/d/p/e] 0.89/0.51/0.56/0.24  emits 4.09  spf 425.4  z0 0.01  garr 288.2  tG 1981  e2 0.69  nF 9.0  pS 0.35  ptS 0.32  fLog 0.84  pdΔ -0.1536  pkR 7.92  clip 0.37  kl +0.032
upd  391  steps 12845056  sps 5983  opp frzn  loss +0.073  pg -0.0156  v 0.480  ev +0.99  adv_std 1.017  tR +0.60  ent[s/d/p/e] 0.86/0.56/0.52/0.23  emits 3.65  spf 409.2  z0 0.01  garr 260.2  tG 1695  e2 0.62  nF 9.4  pS 0.30  ptS 0.28  fLog 0.82  pdΔ -0.2002  pkR 8.08  clip 0.35  kl +0.035
upd  392  steps 12877824  sps 5984  opp rand  loss +0.059  pg -0.0142  v 0.408  ev +0.99  adv_std 0.940  tR +0.26  ent[s/d/p/e] 0.86/0.56/0.52/0.25  emits 3.41  spf 404.2  z0 0.01  garr 249.4  tG 1582  e2 0.60  nF 10.0  pS 0.31  ptS 0.29  fLog 0.82  pdΔ -0.1896  pkR 7.27  clip 0.35  kl +0.029
upd  393  steps 12910592  sps 5985  opp rand  loss +0.064  pg -0.0147  v 0.433  ev +0.99  adv_std 0.968  tR +0.38  ent[s/d/p/e] 0.83/0.54/0.53/0.29  emits 3.43  spf 379.6  z0 0.01  garr 230.6  tG 1504  e2 0.63  nF 10.2  pS 0.32  ptS 0.29  fLog 0.81  pdΔ -0.1838  pkR 8.48  clip 0.35  kl +0.034
upd  394  steps 12943360  sps 5986  opp frzn  loss +0.066  pg -0.0141  v 0.437  ev +0.99  adv_std 0.977  tR +0.47  ent[s/d/p/e] 0.83/0.55/0.52/0.25  emits 3.71  spf 402.4  z0 0.01  garr 264.3  tG 1688  e2 0.66  nF 9.4  pS 0.30  ptS 0.29  fLog 0.82  pdΔ -0.1952  pkR 7.01  clip 0.36  kl +0.034
upd  395  steps 12976128  sps 5987  opp frzn  loss +0.058  pg -0.0170  v 0.413  ev +0.99  adv_std 0.945  tR +0.36  ent[s/d/p/e] 0.80/0.54/0.52/0.23  emits 3.99  spf 405.6  z0 0.01  garr 284.5  tG 1734  e2 0.71  nF 8.7  pS 0.29  ptS 0.28  fLog 0.83  pdΔ -0.2077  pkR 6.49  clip 0.34  kl +0.028
upd  396  steps 13008896  sps 5987  opp frzn  loss +0.054  pg -0.0140  v 0.381  ev +0.99  adv_std 0.913  tR +0.30  ent[s/d/p/e] 0.86/0.51/0.53/0.23  emits 3.88  spf 471.2  z0 0.01  garr 314.8  tG 2011  e2 0.69  nF 8.1  pS 0.30  ptS 0.29  fLog 0.85  pdΔ -0.1957  pkR 5.92  clip 0.36  kl +0.034
upd  397  steps 13041664  sps 5988  opp frzn  loss +0.064  pg -0.0152  v 0.434  ev +0.99  adv_std 0.969  tR +0.30  ent[s/d/p/e] 0.84/0.54/0.53/0.26  emits 3.48  spf 480.3  z0 0.01  garr 310.4  tG 1885  e2 0.65  nF 9.2  pS 0.29  ptS 0.28  fLog 0.83  pdΔ -0.2067  pkR 6.35  clip 0.33  kl +0.027
upd  398  steps 13074432  sps 5989  opp rand  loss +0.058  pg -0.0173  v 0.414  ev +0.99  adv_std 0.951  tR +0.38  ent[s/d/p/e] 0.80/0.53/0.52/0.25  emits 3.67  spf 431.0  z0 0.01  garr 271.7  tG 1717  e2 0.66  nF 10.0  pS 0.31  ptS 0.29  fLog 0.82  pdΔ -0.1943  pkR 7.96  clip 0.34  kl +0.033
upd  399  steps 13107200  sps 5990  opp rand  loss +0.062  pg -0.0139  v 0.419  ev +0.99  adv_std 0.952  tR +0.26  ent[s/d/p/e] 0.85/0.52/0.52/0.24  emits 3.79  spf 432.7  z0 0.01  garr 271.5  tG 1810  e2 0.67  nF 9.7  pS 0.33  ptS 0.31  fLog 0.83  pdΔ -0.1706  pkR 6.71  clip 0.33  kl +0.028 WRr 0.88 WRf 0.88
[ckpt] saved ./ckpt_multi_action_v11_f29/ckpt_000399.pkl
upd  400  steps 13139968  sps 5957  opp frzn  loss +0.063  pg -0.0160  v 0.437  ev +0.99  adv_std 0.974  tR +0.52  ent[s/d/p/e] 0.91/0.51/0.56/0.25  emits 3.80  spf 460.2  z0 0.01  garr 280.9  tG 2024  e2 0.66  nF 9.6  pS 0.34  ptS 0.32  fLog 0.84  pdΔ -0.1646  pkR 10.01  clip 0.36  kl +0.032
upd  401  steps 13172736  sps 5958  opp rand  loss +0.064  pg -0.0152  v 0.436  ev +0.99  adv_std 0.974  tR +0.54  ent[s/d/p/e] 0.87/0.55/0.53/0.23  emits 3.86  spf 421.6  z0 0.00  garr 275.5  tG 1801  e2 0.68  nF 10.6  pS 0.33  ptS 0.32  fLog 0.82  pdΔ -0.1684  pkR 7.43  clip 0.36  kl +0.030
upd  402  steps 13205504  sps 5959  opp frzn  loss +0.057  pg -0.0156  v 0.405  ev +0.99  adv_std 0.941  tR +0.30  ent[s/d/p/e] 0.95/0.56/0.58/0.25  emits 3.69  spf 470.2  z0 0.00  garr 299.3  tG 2018  e2 0.65  nF 10.1  pS 0.34  ptS 0.33  fLog 0.84  pdΔ -0.1620  pkR 6.55  clip 0.36  kl +0.031
upd  403  steps 13238272  sps 5960  opp rand  loss +0.060  pg -0.0149  v 0.413  ev +0.99  adv_std 0.950  tR +0.52  ent[s/d/p/e] 0.88/0.54/0.52/0.23  emits 3.60  spf 473.2  z0 0.01  garr 274.6  tG 1903  e2 0.62  nF 11.2  pS 0.32  ptS 0.31  fLog 0.82  pdΔ -0.1797  pkR 6.98  clip 0.34  kl +0.031
upd  404  steps 13271040  sps 5961  opp frzn  loss +0.056  pg -0.0141  v 0.392  ev +0.99  adv_std 0.922  tR +0.42  ent[s/d/p/e] 0.87/0.50/0.52/0.24  emits 3.61  spf 448.6  z0 0.00  garr 291.4  tG 1882  e2 0.66  nF 9.1  pS 0.32  ptS 0.29  fLog 0.84  pdΔ -0.1833  pkR 6.71  clip 0.33  kl +0.029
upd  405  steps 13303808  sps 5962  opp rand  loss +0.059  pg -0.0136  v 0.400  ev +0.99  adv_std 0.928  tR +0.50  ent[s/d/p/e] 0.84/0.52/0.49/0.21  emits 3.95  spf 475.1  z0 0.01  garr 321.0  tG 2044  e2 0.69  nF 8.7  pS 0.32  ptS 0.30  fLog 0.84  pdΔ -0.1810  pkR 7.79  clip 0.34  kl +0.028
upd  406  steps 13336576  sps 5964  opp rand  loss +0.056  pg -0.0124  v 0.377  ev +0.99  adv_std 0.907  tR +0.43  ent[s/d/p/e] 0.83/0.46/0.49/0.21  emits 3.95  spf 468.1  z0 0.00  garr 312.8  tG 2025  e2 0.70  nF 8.8  pS 0.31  ptS 0.30  fLog 0.85  pdΔ -0.1852  pkR 5.46  clip 0.35  kl +0.031
upd  407  steps 13369344  sps 5964  opp frzn  loss +0.068  pg -0.0133  v 0.443  ev +0.99  adv_std 0.989  tR +0.59  ent[s/d/p/e] 0.85/0.46/0.51/0.25  emits 3.63  spf 464.0  z0 0.00  garr 291.9  tG 1906  e2 0.65  nF 9.3  pS 0.30  ptS 0.29  fLog 0.83  pdΔ -0.1968  pkR 9.11  clip 0.35  kl +0.032
upd  408  steps 13402112  sps 5966  opp rand  loss +0.062  pg -0.0135  v 0.415  ev +0.99  adv_std 0.948  tR +0.20  ent[s/d/p/e] 0.83/0.47/0.48/0.23  emits 3.61  spf 461.2  z0 0.01  garr 281.8  tG 1859  e2 0.64  nF 9.9  pS 0.31  ptS 0.29  fLog 0.83  pdΔ -0.1913  pkR 9.42  clip 0.33  kl +0.029
upd  409  steps 13434880  sps 5966  opp frzn  loss +0.064  pg -0.0134  v 0.426  ev +0.99  adv_std 0.959  tR +0.33  ent[s/d/p/e] 0.87/0.51/0.53/0.26  emits 3.42  spf 445.1  z0 0.00  garr 262.3  tG 1728  e2 0.62  nF 10.0  pS 0.32  ptS 0.30  fLog 0.82  pdΔ -0.1848  pkR 8.82  clip 0.36  kl +0.033
upd  410  steps 13467648  sps 5968  opp rand  loss +0.057  pg -0.0143  v 0.394  ev +0.99  adv_std 0.926  tR +0.48  ent[s/d/p/e] 0.87/0.54/0.51/0.22  emits 3.75  spf 452.8  z0 0.00  garr 290.6  tG 1881  e2 0.65  nF 10.7  pS 0.32  ptS 0.30  fLog 0.83  pdΔ -0.1810  pkR 6.80  clip 0.35  kl +0.029
upd  411  steps 13500416  sps 5968  opp frzn  loss +0.066  pg -0.0109  v 0.423  ev +0.99  adv_std 0.962  tR +0.43  ent[s/d/p/e] 0.87/0.54/0.52/0.25  emits 3.38  spf 420.1  z0 0.01  garr 244.4  tG 1662  e2 0.60  nF 11.8  pS 0.31  ptS 0.29  fLog 0.81  pdΔ -0.1873  pkR 10.37  clip 0.37  kl +0.040
upd  412  steps 13533184  sps 5969  opp frzn  loss +0.060  pg -0.0145  v 0.412  ev +0.99  adv_std 0.950  tR +0.25  ent[s/d/p/e] 0.90/0.54/0.55/0.26  emits 3.55  spf 459.1  z0 0.00  garr 277.4  tG 1898  e2 0.63  nF 11.2  pS 0.32  ptS 0.30  fLog 0.83  pdΔ -0.1801  pkR 8.30  clip 0.36  kl +0.030
upd  413  steps 13565952  sps 5969  opp frzn  loss +0.050  pg -0.0153  v 0.366  ev +0.99  adv_std 0.903  tR +0.00  ent[s/d/p/e] 0.89/0.51/0.54/0.26  emits 3.40  spf 477.3  z0 0.00  garr 296.7  tG 1879  e2 0.62  nF 9.5  pS 0.31  ptS 0.29  fLog 0.83  pdΔ -0.1878  pkR 7.88  clip 0.36  kl +0.033
upd  414  steps 13598720  sps 5971  opp rand  loss +0.064  pg -0.0131  v 0.422  ev +0.99  adv_std 0.961  tR +0.57  ent[s/d/p/e] 0.87/0.51/0.53/0.21  emits 3.81  spf 456.5  z0 0.01  garr 282.1  tG 1898  e2 0.65  nF 10.0  pS 0.33  ptS 0.31  fLog 0.83  pdΔ -0.1721  pkR 6.61  clip 0.34  kl +0.031
upd  415  steps 13631488  sps 5972  opp rand  loss +0.073  pg -0.0136  v 0.471  ev +0.99  adv_std 1.012  tR +0.48  ent[s/d/p/e] 0.87/0.51/0.52/0.21  emits 3.66  spf 410.3  z0 0.02  garr 242.5  tG 1705  e2 0.61  nF 10.6  pS 0.32  ptS 0.30  fLog 0.82  pdΔ -0.1798  pkR 9.97  clip 0.35  kl +0.030
upd  416  steps 13664256  sps 5973  opp frzn  loss +0.060  pg -0.0157  v 0.414  ev +0.99  adv_std 0.949  tR +0.47  ent[s/d/p/e] 0.82/0.44/0.51/0.25  emits 4.00  spf 460.8  z0 0.01  garr 306.1  tG 2004  e2 0.72  nF 8.0  pS 0.32  ptS 0.30  fLog 0.85  pdΔ -0.1770  pkR 8.67  clip 0.33  kl +0.028
upd  417  steps 13697024  sps 5973  opp frzn  loss +0.059  pg -0.0144  v 0.402  ev +0.99  adv_std 0.939  tR +0.45  ent[s/d/p/e] 0.81/0.51/0.51/0.21  emits 3.72  spf 474.6  z0 0.01  garr 302.4  tG 1841  e2 0.63  nF 10.6  pS 0.29  ptS 0.27  fLog 0.83  pdΔ -0.2135  pkR 6.04  clip 0.33  kl +0.027
upd  418  steps 13729792  sps 5974  opp frzn  loss +0.068  pg -0.0162  v 0.457  ev +0.99  adv_std 1.001  tR +0.22  ent[s/d/p/e] 0.80/0.50/0.51/0.24  emits 3.53  spf 429.9  z0 0.01  garr 259.5  tG 1664  e2 0.62  nF 10.4  pS 0.29  ptS 0.28  fLog 0.82  pdΔ -0.2090  pkR 7.25  clip 0.32  kl +0.027
upd  419  steps 13762560  sps 5974  opp frzn  loss +0.074  pg -0.0133  v 0.472  ev +0.99  adv_std 1.017  tR +0.41  ent[s/d/p/e] 0.77/0.48/0.47/0.22  emits 3.50  spf 405.5  z0 0.02  garr 249.4  tG 1533  e2 0.61  nF 9.8  pS 0.28  ptS 0.27  fLog 0.82  pdΔ -0.2185  pkR 7.40  clip 0.33  kl +0.031
upd  420  steps 13795328  sps 5976  opp rand  loss +0.069  pg -0.0149  v 0.454  ev +0.99  adv_std 0.991  tR +0.25  ent[s/d/p/e] 0.83/0.44/0.47/0.23  emits 3.82  spf 446.8  z0 0.01  garr 273.0  tG 1894  e2 0.69  nF 9.1  pS 0.34  ptS 0.32  fLog 0.84  pdΔ -0.1640  pkR 6.50  clip 0.33  kl +0.031
upd  421  steps 13828096  sps 5977  opp rand  loss +0.062  pg -0.0164  v 0.430  ev +0.99  adv_std 0.970  tR +0.62  ent[s/d/p/e] 0.85/0.47/0.51/0.22  emits 3.67  spf 465.4  z0 0.01  garr 278.3  tG 1910  e2 0.65  nF 9.8  pS 0.33  ptS 0.31  fLog 0.83  pdΔ -0.1739  pkR 7.98  clip 0.32  kl +0.025
upd  422  steps 13860864  sps 5978  opp rand  loss +0.080  pg -0.0131  v 0.500  ev +0.99  adv_std 1.034  tR +0.39  ent[s/d/p/e] 0.83/0.48/0.49/0.24  emits 3.72  spf 437.7  z0 0.01  garr 266.9  tG 1810  e2 0.68  nF 10.6  pS 0.34  ptS 0.32  fLog 0.83  pdΔ -0.1600  pkR 9.23  clip 0.32  kl +0.030
upd  423  steps 13893632  sps 5980  opp rand  loss +0.066  pg -0.0165  v 0.452  ev +0.99  adv_std 0.984  tR +0.42  ent[s/d/p/e] 0.86/0.44/0.51/0.22  emits 3.91  spf 462.9  z0 0.01  garr 276.5  tG 2055  e2 0.67  nF 9.0  pS 0.35  ptS 0.32  fLog 0.85  pdΔ -0.1530  pkR 6.96  clip 0.34  kl +0.030
upd  424  steps 13926400  sps 5980  opp frzn  loss +0.048  pg -0.0154  v 0.354  ev +0.99  adv_std 0.883  tR +0.48  ent[s/d/p/e] 0.87/0.44/0.50/0.21  emits 3.90  spf 484.0  z0 0.00  garr 296.5  tG 2129  e2 0.65  nF 9.3  pS 0.32  ptS 0.30  fLog 0.84  pdΔ -0.1790  pkR 7.69  clip 0.32  kl +0.029
upd  425  steps 13959168  sps 5981  opp rand  loss +0.058  pg -0.0154  v 0.406  ev +0.99  adv_std 0.944  tR +0.56  ent[s/d/p/e] 0.81/0.52/0.50/0.22  emits 3.74  spf 448.6  z0 0.01  garr 251.7  tG 1806  e2 0.62  nF 9.9  pS 0.30  ptS 0.28  fLog 0.82  pdΔ -0.1975  pkR 6.73  clip 0.34  kl +0.029
upd  426  steps 13991936  sps 5983  opp rand  loss +0.054  pg -0.0147  v 0.382  ev +0.99  adv_std 0.911  tR +0.43  ent[s/d/p/e] 0.87/0.46/0.49/0.20  emits 3.91  spf 457.9  z0 0.01  garr 273.8  tG 1981  e2 0.64  nF 9.2  pS 0.33  ptS 0.31  fLog 0.84  pdΔ -0.1693  pkR 6.42  clip 0.34  kl +0.028
upd  427  steps 14024704  sps 5983  opp frzn  loss +0.054  pg -0.0143  v 0.381  ev +0.99  adv_std 0.913  tR +0.60  ent[s/d/p/e] 0.95/0.50/0.56/0.23  emits 3.82  spf 488.2  z0 0.01  garr 282.0  tG 2163  e2 0.63  nF 10.6  pS 0.35  ptS 0.33  fLog 0.84  pdΔ -0.1457  pkR 7.48  clip 0.36  kl +0.035
upd  428  steps 14057472  sps 5984  opp rand  loss +0.053  pg -0.0140  v 0.373  ev +0.99  adv_std 0.905  tR +0.49  ent[s/d/p/e] 0.89/0.49/0.53/0.23  emits 3.69  spf 420.6  z0 0.01  garr 244.8  tG 1825  e2 0.61  nF 10.7  pS 0.33  ptS 0.31  fLog 0.82  pdΔ -0.1705  pkR 8.17  clip 0.36  kl +0.036
upd  429  steps 14090240  sps 5986  opp rand  loss +0.055  pg -0.0145  v 0.382  ev +0.99  adv_std 0.915  tR +0.51  ent[s/d/p/e] 0.87/0.45/0.51/0.21  emits 3.84  spf 418.2  z0 0.01  garr 268.1  tG 1802  e2 0.66  nF 9.5  pS 0.32  ptS 0.31  fLog 0.83  pdΔ -0.1753  pkR 8.41  clip 0.34  kl +0.033
upd  430  steps 14123008  sps 5986  opp frzn  loss +0.067  pg -0.0136  v 0.438  ev +0.99  adv_std 0.970  tR +0.42  ent[s/d/p/e] 0.83/0.44/0.49/0.26  emits 3.74  spf 455.1  z0 0.00  garr 288.4  tG 1921  e2 0.67  nF 9.0  pS 0.33  ptS 0.32  fLog 0.84  pdΔ -0.1705  pkR 6.08  clip 0.33  kl +0.027
upd  431  steps 14155776  sps 5987  opp frzn  loss +0.071  pg -0.0153  v 0.470  ev +0.99  adv_std 1.013  tR +0.49  ent[s/d/p/e] 0.85/0.54/0.51/0.23  emits 3.74  spf 402.2  z0 0.01  garr 241.6  tG 1647  e2 0.65  nF 10.9  pS 0.34  ptS 0.32  fLog 0.81  pdΔ -0.1624  pkR 6.14  clip 0.36  kl +0.033
upd  432  steps 14188544  sps 5988  opp rand  loss +0.079  pg -0.0139  v 0.503  ev +0.99  adv_std 1.047  tR +0.29  ent[s/d/p/e] 0.85/0.50/0.52/0.25  emits 3.53  spf 419.0  z0 0.01  garr 243.7  tG 1735  e2 0.63  nF 9.8  pS 0.34  ptS 0.32  fLog 0.82  pdΔ -0.1571  pkR 8.83  clip 0.35  kl +0.029
upd  433  steps 14221312  sps 5989  opp frzn  loss +0.069  pg -0.0151  v 0.457  ev +0.99  adv_std 0.995  tR +0.48  ent[s/d/p/e] 0.84/0.49/0.51/0.25  emits 3.70  spf 418.1  z0 0.01  garr 241.4  tG 1765  e2 0.65  nF 10.3  pS 0.33  ptS 0.31  fLog 0.82  pdΔ -0.1696  pkR 9.06  clip 0.34  kl +0.028
upd  434  steps 14254080  sps 5990  opp rand  loss +0.059  pg -0.0133  v 0.396  ev +0.99  adv_std 0.906  tR +0.24  ent[s/d/p/e] 0.78/0.45/0.48/0.24  emits 3.76  spf 417.2  z0 0.01  garr 260.1  tG 1732  e2 0.67  nF 8.7  pS 0.32  ptS 0.29  fLog 0.84  pdΔ -0.1844  pkR 7.45  clip 0.33  kl +0.031
upd  435  steps 14286848  sps 5990  opp frzn  loss +0.062  pg -0.0145  v 0.423  ev +0.99  adv_std 0.961  tR +0.38  ent[s/d/p/e] 0.88/0.44/0.53/0.21  emits 4.02  spf 524.8  z0 0.01  garr 341.4  tG 2393  e2 0.69  nF 7.3  pS 0.32  ptS 0.30  fLog 0.87  pdΔ -0.1788  pkR 6.58  clip 0.34  kl +0.027
upd  436  steps 14319616  sps 5991  opp frzn  loss +0.052  pg -0.0163  v 0.383  ev +0.99  adv_std 0.914  tR -0.03  ent[s/d/p/e] 0.86/0.46/0.55/0.27  emits 3.42  spf 467.5  z0 0.01  garr 290.1  tG 1852  e2 0.63  nF 8.7  pS 0.30  ptS 0.29  fLog 0.84  pdΔ -0.2015  pkR 9.02  clip 0.32  kl +0.029
upd  437  steps 14352384  sps 5991  opp frzn  loss +0.059  pg -0.0147  v 0.407  ev +0.99  adv_std 0.944  tR +0.51  ent[s/d/p/e] 0.76/0.46/0.51/0.27  emits 3.43  spf 390.3  z0 0.01  garr 237.9  tG 1476  e2 0.64  nF 9.3  pS 0.30  ptS 0.28  fLog 0.81  pdΔ -0.2005  pkR 8.82  clip 0.33  kl +0.031
upd  438  steps 14385152  sps 5992  opp rand  loss +0.072  pg -0.0142  v 0.466  ev +0.99  adv_std 0.997  tR +0.29  ent[s/d/p/e] 0.78/0.44/0.49/0.24  emits 3.98  spf 425.8  z0 0.01  garr 280.3  tG 1864  e2 0.73  nF 8.9  pS 0.33  ptS 0.31  fLog 0.84  pdΔ -0.1651  pkR 6.90  clip 0.33  kl +0.028
upd  439  steps 14417920  sps 5993  opp frzn  loss +0.049  pg -0.0149  v 0.356  ev +0.99  adv_std 0.876  tR +0.47  ent[s/d/p/e] 0.80/0.46/0.48/0.22  emits 3.90  spf 463.0  z0 0.00  garr 311.4  tG 1956  e2 0.69  nF 9.7  pS 0.31  ptS 0.29  fLog 0.85  pdΔ -0.1908  pkR 6.94  clip 0.33  kl +0.029
upd  440  steps 14450688  sps 5994  opp rand  loss +0.061  pg -0.0149  v 0.416  ev +0.99  adv_std 0.943  tR +0.45  ent[s/d/p/e] 0.79/0.48/0.50/0.22  emits 3.86  spf 457.8  z0 0.00  garr 295.8  tG 1886  e2 0.69  nF 10.1  pS 0.34  ptS 0.32  fLog 0.84  pdΔ -0.1595  pkR 6.24  clip 0.35  kl +0.029
upd  441  steps 14483456  sps 5995  opp frzn  loss +0.052  pg -0.0152  v 0.372  ev +0.99  adv_std 0.900  tR +0.54  ent[s/d/p/e] 0.85/0.45/0.51/0.23  emits 3.74  spf 470.6  z0 0.01  garr 293.5  tG 1971  e2 0.67  nF 9.6  pS 0.31  ptS 0.30  fLog 0.84  pdΔ -0.1861  pkR 9.12  clip 0.33  kl +0.027
upd  442  steps 14516224  sps 5995  opp frzn  loss +0.039  pg -0.0138  v 0.301  ev +0.99  adv_std 0.812  tR +0.04  ent[s/d/p/e] 0.85/0.47/0.52/0.25  emits 3.64  spf 523.0  z0 0.01  garr 313.5  tG 2119  e2 0.64  nF 10.0  pS 0.30  ptS 0.29  fLog 0.84  pdΔ -0.1973  pkR 7.31  clip 0.33  kl +0.026
upd  443  steps 14548992  sps 5996  opp rand  loss +0.056  pg -0.0161  v 0.399  ev +0.99  adv_std 0.928  tR +0.54  ent[s/d/p/e] 0.81/0.51/0.49/0.23  emits 3.75  spf 440.7  z0 0.00  garr 256.0  tG 1799  e2 0.64  nF 10.6  pS 0.31  ptS 0.30  fLog 0.83  pdΔ -0.1861  pkR 6.90  clip 0.34  kl +0.029
upd  444  steps 14581760  sps 5997  opp frzn  loss +0.053  pg -0.0162  v 0.386  ev +0.99  adv_std 0.921  tR +0.49  ent[s/d/p/e] 0.87/0.46/0.54/0.23  emits 3.83  spf 461.3  z0 0.00  garr 287.7  tG 2004  e2 0.67  nF 8.6  pS 0.33  ptS 0.31  fLog 0.85  pdΔ -0.1683  pkR 6.15  clip 0.34  kl +0.026
upd  445  steps 14614528  sps 5998  opp rand  loss +0.065  pg -0.0163  v 0.443  ev +0.99  adv_std 0.970  tR +0.62  ent[s/d/p/e] 0.80/0.48/0.50/0.21  emits 4.03  spf 444.6  z0 0.00  garr 284.4  tG 1948  e2 0.67  nF 9.1  pS 0.32  ptS 0.30  fLog 0.84  pdΔ -0.1783  pkR 8.73  clip 0.34  kl +0.027
upd  446  steps 14647296  sps 5999  opp rand  loss +0.052  pg -0.0140  v 0.367  ev +0.99  adv_std 0.890  tR +0.65  ent[s/d/p/e] 0.86/0.46/0.50/0.19  emits 3.99  spf 469.4  z0 0.00  garr 278.1  tG 2060  e2 0.66  nF 9.0  pS 0.34  ptS 0.32  fLog 0.85  pdΔ -0.1572  pkR 6.13  clip 0.33  kl +0.031
upd  447  steps 14680064  sps 6000  opp rand  loss +0.055  pg -0.0129  v 0.374  ev +0.99  adv_std 0.895  tR +0.45  ent[s/d/p/e] 0.82/0.43/0.49/0.22  emits 3.69  spf 449.6  z0 0.01  garr 258.9  tG 1868  e2 0.65  nF 8.6  pS 0.33  ptS 0.31  fLog 0.84  pdΔ -0.1679  pkR 9.27  clip 0.34  kl +0.031
upd  448  steps 14712832  sps 6002  opp rand  loss +0.067  pg -0.0150  v 0.445  ev +0.99  adv_std 0.981  tR +0.59  ent[s/d/p/e] 0.81/0.42/0.48/0.21  emits 3.94  spf 461.7  z0 0.01  garr 276.6  tG 1981  e2 0.67  nF 9.2  pS 0.33  ptS 0.32  fLog 0.84  pdΔ -0.1653  pkR 9.51  clip 0.34  kl +0.029
upd  449  steps 14745600  sps 6003  opp rand  loss +0.060  pg -0.0149  v 0.410  ev +0.99  adv_std 0.936  tR +0.62  ent[s/d/p/e] 0.82/0.46/0.49/0.20  emits 3.88  spf 437.8  z0 0.01  garr 257.2  tG 1865  e2 0.64  nF 9.2  pS 0.32  ptS 0.30  fLog 0.84  pdΔ -0.1798  pkR 8.05  clip 0.35  kl +0.031 WRr 0.84 WRf 0.94
upd  450  steps 14778368  sps 5972  opp rand  loss +0.064  pg -0.0119  v 0.416  ev +0.99  adv_std 0.929  tR +0.68  ent[s/d/p/e] 0.81/0.43/0.48/0.22  emits 4.02  spf 456.3  z0 0.01  garr 272.8  tG 2016  e2 0.69  nF 8.3  pS 0.33  ptS 0.31  fLog 0.84  pdΔ -0.1656  pkR 7.30  clip 0.33  kl +0.028
upd  451  steps 14811136  sps 5973  opp rand  loss +0.058  pg -0.0130  v 0.391  ev +0.99  adv_std 0.919  tR +0.53  ent[s/d/p/e] 0.79/0.44/0.49/0.20  emits 3.98  spf 466.8  z0 0.01  garr 297.5  tG 2023  e2 0.71  nF 8.0  pS 0.32  ptS 0.30  fLog 0.85  pdΔ -0.1784  pkR 7.61  clip 0.34  kl +0.029
upd  452  steps 14843904  sps 5974  opp rand  loss +0.052  pg -0.0147  v 0.368  ev +0.99  adv_std 0.891  tR +0.42  ent[s/d/p/e] 0.81/0.44/0.47/0.18  emits 4.11  spf 450.9  z0 0.01  garr 304.9  tG 1997  e2 0.71  nF 7.9  pS 0.32  ptS 0.30  fLog 0.85  pdΔ -0.1836  pkR 7.81  clip 0.33  kl +0.026
upd  453  steps 14876672  sps 5975  opp rand  loss +0.058  pg -0.0135  v 0.394  ev +0.99  adv_std 0.915  tR +0.51  ent[s/d/p/e] 0.89/0.43/0.51/0.18  emits 4.26  spf 467.9  z0 0.01  garr 317.4  tG 2306  e2 0.71  nF 8.3  pS 0.34  ptS 0.32  fLog 0.86  pdΔ -0.1642  pkR 5.98  clip 0.35  kl +0.031
upd  454  steps 14909440  sps 5976  opp frzn  loss +0.058  pg -0.0147  v 0.398  ev +0.99  adv_std 0.922  tR +0.58  ent[s/d/p/e] 0.82/0.43/0.48/0.18  emits 4.20  spf 440.8  z0 0.00  garr 292.6  tG 2003  e2 0.70  nF 9.0  pS 0.32  ptS 0.29  fLog 0.85  pdΔ -0.1830  pkR 5.61  clip 0.33  kl +0.027
upd  455  steps 14942208  sps 5976  opp frzn  loss +0.051  pg -0.0157  v 0.369  ev +0.99  adv_std 0.898  tR +0.45  ent[s/d/p/e] 0.85/0.48/0.52/0.18  emits 4.03  spf 441.0  z0 0.01  garr 286.8  tG 1953  e2 0.67  nF 10.0  pS 0.30  ptS 0.28  fLog 0.84  pdΔ -0.2005  pkR 6.83  clip 0.34  kl +0.027
upd  456  steps 14974976  sps 5978  opp rand  loss +0.059  pg -0.0144  v 0.402  ev +0.99  adv_std 0.936  tR +0.30  ent[s/d/p/e] 0.76/0.47/0.47/0.21  emits 3.83  spf 414.6  z0 0.01  garr 265.1  tG 1691  e2 0.67  nF 9.7  pS 0.30  ptS 0.28  fLog 0.83  pdΔ -0.1970  pkR 7.30  clip 0.35  kl +0.034
upd  457  steps 15007744  sps 5979  opp rand  loss +0.060  pg -0.0151  v 0.409  ev +0.99  adv_std 0.946  tR +0.74  ent[s/d/p/e] 0.82/0.47/0.48/0.22  emits 4.05  spf 433.3  z0 0.01  garr 262.6  tG 1884  e2 0.69  nF 9.4  pS 0.34  ptS 0.31  fLog 0.83  pdΔ -0.1639  pkR 6.68  clip 0.36  kl +0.031
upd  458  steps 15040512  sps 5979  opp frzn  loss +0.059  pg -0.0147  v 0.406  ev +0.99  adv_std 0.942  tR +0.53  ent[s/d/p/e] 0.83/0.47/0.48/0.20  emits 3.98  spf 449.1  z0 0.01  garr 279.4  tG 1973  e2 0.68  nF 9.2  pS 0.32  ptS 0.30  fLog 0.84  pdΔ -0.1819  pkR 7.09  clip 0.36  kl +0.034
upd  459  steps 15073280  sps 5980  opp frzn  loss +0.053  pg -0.0149  v 0.376  ev +0.99  adv_std 0.911  tR +0.43  ent[s/d/p/e] 0.88/0.50/0.50/0.19  emits 3.88  spf 429.1  z0 0.01  garr 271.0  tG 1837  e2 0.65  nF 9.9  pS 0.30  ptS 0.29  fLog 0.83  pdΔ -0.1988  pkR 7.10  clip 0.32  kl +0.031
upd  460  steps 15106048  sps 5980  opp frzn  loss +0.061  pg -0.0146  v 0.414  ev +0.99  adv_std 0.960  tR +0.29  ent[s/d/p/e] 0.85/0.46/0.51/0.23  emits 3.62  spf 424.0  z0 0.01  garr 272.7  tG 1742  e2 0.65  nF 9.1  pS 0.30  ptS 0.29  fLog 0.83  pdΔ -0.1968  pkR 7.45  clip 0.34  kl +0.034
upd  461  steps 15138816  sps 5982  opp rand  loss +0.089  pg -0.0132  v 0.549  ev +0.99  adv_std 1.084  tR +0.54  ent[s/d/p/e] 0.87/0.46/0.51/0.19  emits 4.12  spf 468.4  z0 0.00  garr 295.3  tG 2146  e2 0.70  nF 9.1  pS 0.33  ptS 0.32  fLog 0.84  pdΔ -0.1670  pkR 6.81  clip 0.33  kl +0.026
upd  462  steps 15171584  sps 5983  opp rand  loss +0.078  pg -0.0148  v 0.502  ev +0.99  adv_std 1.039  tR +0.61  ent[s/d/p/e] 0.81/0.46/0.49/0.21  emits 4.05  spf 399.8  z0 0.00  garr 261.4  tG 1781  e2 0.72  nF 9.8  pS 0.34  ptS 0.32  fLog 0.84  pdΔ -0.1633  pkR 6.81  clip 0.33  kl +0.027
upd  463  steps 15204352  sps 5984  opp rand  loss +0.067  pg -0.0140  v 0.440  ev +0.99  adv_std 0.977  tR +0.63  ent[s/d/p/e] 0.84/0.47/0.48/0.20  emits 4.04  spf 430.6  z0 0.01  garr 263.8  tG 1886  e2 0.69  nF 10.1  pS 0.33  ptS 0.31  fLog 0.83  pdΔ -0.1669  pkR 7.46  clip 0.32  kl +0.028
upd  464  steps 15237120  sps 5985  opp rand  loss +0.080  pg -0.0127  v 0.501  ev +0.99  adv_std 1.036  tR +0.58  ent[s/d/p/e] 0.84/0.46/0.47/0.22  emits 4.00  spf 418.1  z0 0.00  garr 258.7  tG 1845  e2 0.70  nF 10.4  pS 0.34  ptS 0.32  fLog 0.83  pdΔ -0.1566  pkR 7.57  clip 0.32  kl +0.029
upd  465  steps 15269888  sps 5986  opp rand  loss +0.073  pg -0.0141  v 0.472  ev +0.99  adv_std 1.009  tR +0.63  ent[s/d/p/e] 0.84/0.48/0.46/0.19  emits 3.96  spf 436.2  z0 0.01  garr 253.1  tG 1829  e2 0.66  nF 10.8  pS 0.33  ptS 0.31  fLog 0.83  pdΔ -0.1748  pkR 7.38  clip 0.32  kl +0.030
upd  466  steps 15302656  sps 5987  opp frzn  loss +0.054  pg -0.0147  v 0.379  ev +0.99  adv_std 0.914  tR +0.28  ent[s/d/p/e] 0.78/0.45/0.46/0.23  emits 3.58  spf 411.5  z0 0.01  garr 260.7  tG 1563  e2 0.64  nF 9.7  pS 0.29  ptS 0.28  fLog 0.82  pdΔ -0.2065  pkR 7.87  clip 0.33  kl +0.034
upd  467  steps 15335424  sps 5988  opp rand  loss +0.066  pg -0.0135  v 0.433  ev +0.99  adv_std 0.969  tR +0.58  ent[s/d/p/e] 0.81/0.43/0.44/0.19  emits 3.95  spf 439.1  z0 0.01  garr 268.7  tG 1828  e2 0.67  nF 8.8  pS 0.32  ptS 0.30  fLog 0.84  pdΔ -0.1789  pkR 5.38  clip 0.34  kl +0.030
upd  468  steps 15368192  sps 5989  opp rand  loss +0.075  pg -0.0138  v 0.478  ev +0.99  adv_std 1.023  tR +0.65  ent[s/d/p/e] 0.81/0.43/0.44/0.20  emits 3.97  spf 421.4  z0 0.01  garr 251.9  tG 1807  e2 0.69  nF 9.0  pS 0.33  ptS 0.31  fLog 0.83  pdΔ -0.1731  pkR 7.10  clip 0.36  kl +0.036
upd  469  steps 15400960  sps 5990  opp rand  loss +0.073  pg -0.0132  v 0.466  ev +0.99  adv_std 1.012  tR +0.53  ent[s/d/p/e] 0.90/0.47/0.48/0.18  emits 4.07  spf 444.2  z0 0.01  garr 283.1  tG 1985  e2 0.69  nF 10.3  pS 0.34  ptS 0.32  fLog 0.83  pdΔ -0.1578  pkR 6.59  clip 0.34  kl +0.032
upd  470  steps 15433728  sps 5991  opp rand  loss +0.076  pg -0.0138  v 0.485  ev +0.99  adv_std 1.028  tR +0.38  ent[s/d/p/e] 0.85/0.47/0.45/0.19  emits 3.90  spf 423.1  z0 0.01  garr 264.0  tG 1811  e2 0.68  nF 10.9  pS 0.32  ptS 0.30  fLog 0.82  pdΔ -0.1778  pkR 6.77  clip 0.33  kl +0.031
upd  471  steps 15466496  sps 5992  opp frzn  loss +0.077  pg -0.0145  v 0.490  ev +0.99  adv_std 1.034  tR +0.61  ent[s/d/p/e] 0.82/0.48/0.45/0.20  emits 3.71  spf 405.8  z0 0.01  garr 235.0  tG 1646  e2 0.64  nF 11.0  pS 0.31  ptS 0.30  fLog 0.81  pdΔ -0.1852  pkR 10.44  clip 0.34  kl +0.034
upd  472  steps 15499264  sps 5992  opp frzn  loss +0.071  pg -0.0165  v 0.476  ev +0.99  adv_std 1.020  tR +0.16  ent[s/d/p/e] 0.82/0.52/0.48/0.24  emits 3.48  spf 419.5  z0 0.01  garr 248.9  tG 1645  e2 0.63  nF 11.3  pS 0.30  ptS 0.28  fLog 0.81  pdΔ -0.1981  pkR 9.77  clip 0.32  kl +0.029
upd  473  steps 15532032  sps 5993  opp rand  loss +0.072  pg -0.0135  v 0.461  ev +0.99  adv_std 1.004  tR +0.45  ent[s/d/p/e] 0.85/0.47/0.46/0.19  emits 4.08  spf 441.7  z0 0.00  garr 279.6  tG 1978  e2 0.70  nF 10.4  pS 0.33  ptS 0.32  fLog 0.83  pdΔ -0.1666  pkR 8.15  clip 0.34  kl +0.031
upd  474  steps 15564800  sps 5994  opp frzn  loss +0.061  pg -0.0179  v 0.430  ev +0.99  adv_std 0.964  tR +0.48  ent[s/d/p/e] 0.83/0.42/0.44/0.17  emits 4.26  spf 451.3  z0 0.01  garr 308.6  tG 2053  e2 0.72  nF 9.2  pS 0.32  ptS 0.30  fLog 0.84  pdΔ -0.1822  pkR 7.18  clip 0.30  kl +0.026
upd  475  steps 15597568  sps 5994  opp frzn  loss +0.058  pg -0.0156  v 0.401  ev +0.99  adv_std 0.940  tR +0.34  ent[s/d/p/e] 0.82/0.47/0.45/0.17  emits 3.87  spf 448.6  z0 0.01  garr 294.9  tG 1873  e2 0.66  nF 10.2  pS 0.28  ptS 0.27  fLog 0.83  pdΔ -0.2165  pkR 6.99  clip 0.31  kl +0.026
upd  476  steps 15630336  sps 5995  opp rand  loss +0.061  pg -0.0133  v 0.406  ev +0.99  adv_std 0.938  tR +0.38  ent[s/d/p/e] 0.83/0.45/0.46/0.17  emits 3.98  spf 406.4  z0 0.02  garr 265.9  tG 1744  e2 0.67  nF 9.0  pS 0.30  ptS 0.28  fLog 0.83  pdΔ -0.2006  pkR 7.49  clip 0.33  kl +0.028
upd  477  steps 15663104  sps 5997  opp rand  loss +0.077  pg -0.0137  v 0.492  ev +0.99  adv_std 1.033  tR +0.51  ent[s/d/p/e] 0.86/0.50/0.46/0.17  emits 3.99  spf 407.8  z0 0.01  garr 271.4  tG 1777  e2 0.67  nF 10.5  pS 0.31  ptS 0.29  fLog 0.82  pdΔ -0.1904  pkR 6.93  clip 0.34  kl +0.030
upd  478  steps 15695872  sps 5997  opp frzn  loss +0.072  pg -0.0157  v 0.475  ev +0.99  adv_std 1.016  tR +0.26  ent[s/d/p/e] 0.85/0.46/0.50/0.22  emits 3.72  spf 413.5  z0 0.01  garr 254.8  tG 1730  e2 0.66  nF 10.0  pS 0.31  ptS 0.30  fLog 0.82  pdΔ -0.1885  pkR 7.23  clip 0.31  kl +0.026
upd  479  steps 15728640  sps 5997  opp frzn  loss +0.074  pg -0.0130  v 0.470  ev +0.99  adv_std 1.009  tR +0.41  ent[s/d/p/e] 0.85/0.47/0.49/0.21  emits 3.98  spf 475.3  z0 0.00  garr 289.1  tG 2077  e2 0.66  nF 9.8  pS 0.32  ptS 0.31  fLog 0.84  pdΔ -0.1783  pkR 8.60  clip 0.35  kl +0.033
upd  480  steps 15761408  sps 5999  opp rand  loss +0.069  pg -0.0132  v 0.448  ev +0.99  adv_std 0.989  tR +0.55  ent[s/d/p/e] 0.88/0.54/0.48/0.19  emits 3.76  spf 431.6  z0 0.01  garr 239.2  tG 1782  e2 0.61  nF 12.4  pS 0.32  ptS 0.31  fLog 0.81  pdΔ -0.1759  pkR 7.59  clip 0.37  kl +0.037
upd  481  steps 15794176  sps 6000  opp rand  loss +0.054  pg -0.0165  v 0.389  ev +0.99  adv_std 0.923  tR +0.44  ent[s/d/p/e] 0.84/0.48/0.48/0.19  emits 4.07  spf 423.0  z0 0.01  garr 254.7  tG 1841  e2 0.68  nF 11.1  pS 0.33  ptS 0.31  fLog 0.83  pdΔ -0.1742  pkR 6.98  clip 0.35  kl +0.029
upd  482  steps 15826944  sps 6001  opp rand  loss +0.056  pg -0.0132  v 0.382  ev +0.99  adv_std 0.909  tR +0.42  ent[s/d/p/e] 0.85/0.50/0.50/0.17  emits 3.93  spf 445.9  z0 0.01  garr 258.0  tG 1939  e2 0.63  nF 10.0  pS 0.31  ptS 0.29  fLog 0.82  pdΔ -0.1866  pkR 8.32  clip 0.34  kl +0.027
upd  483  steps 15859712  sps 6002  opp rand  loss +0.061  pg -0.0149  v 0.414  ev +0.99  adv_std 0.949  tR +0.51  ent[s/d/p/e] 0.81/0.45/0.50/0.19  emits 4.11  spf 420.0  z0 0.01  garr 256.2  tG 1838  e2 0.68  nF 9.7  pS 0.33  ptS 0.31  fLog 0.84  pdΔ -0.1682  pkR 7.92  clip 0.33  kl +0.025
upd  484  steps 15892480  sps 6003  opp rand  loss +0.066  pg -0.0148  v 0.442  ev +0.99  adv_std 0.983  tR +0.84  ent[s/d/p/e] 0.88/0.42/0.52/0.17  emits 4.25  spf 454.0  z0 0.01  garr 284.6  tG 2092  e2 0.70  nF 9.2  pS 0.35  ptS 0.33  fLog 0.85  pdΔ -0.1503  pkR 5.17  clip 0.34  kl +0.028
upd  485  steps 15925248  sps 6004  opp rand  loss +0.051  pg -0.0136  v 0.358  ev +0.99  adv_std 0.889  tR +0.53  ent[s/d/p/e] 0.86/0.48/0.48/0.17  emits 3.86  spf 451.3  z0 0.01  garr 258.4  tG 1918  e2 0.65  nF 11.2  pS 0.30  ptS 0.29  fLog 0.82  pdΔ -0.1961  pkR 7.56  clip 0.34  kl +0.036
upd  486  steps 15958016  sps 6005  opp rand  loss +0.081  pg -0.0139  v 0.511  ev +0.99  adv_std 1.051  tR +0.53  ent[s/d/p/e] 0.82/0.45/0.48/0.21  emits 3.73  spf 408.8  z0 0.01  garr 234.2  tG 1702  e2 0.64  nF 11.2  pS 0.32  ptS 0.30  fLog 0.81  pdΔ -0.1803  pkR 7.62  clip 0.35  kl +0.033
upd  487  steps 15990784  sps 6006  opp rand  loss +0.076  pg -0.0129  v 0.478  ev +0.99  adv_std 1.009  tR +0.51  ent[s/d/p/e] 0.82/0.42/0.46/0.19  emits 4.01  spf 434.8  z0 0.01  garr 253.0  tG 1901  e2 0.68  nF 9.9  pS 0.33  ptS 0.31  fLog 0.83  pdΔ -0.1723  pkR 6.79  clip 0.29  kl +0.024
upd  488  steps 16023552  sps 6007  opp frzn  loss +0.058  pg -0.0132  v 0.395  ev +0.99  adv_std 0.932  tR +0.54  ent[s/d/p/e] 0.90/0.49/0.52/0.19  emits 4.05  spf 462.3  z0 0.00  garr 266.4  tG 2052  e2 0.66  nF 11.3  pS 0.34  ptS 0.32  fLog 0.83  pdΔ -0.1642  pkR 7.04  clip 0.37  kl +0.032
upd  489  steps 16056320  sps 6008  opp rand  loss +0.071  pg -0.0149  v 0.467  ev +0.99  adv_std 1.010  tR +0.62  ent[s/d/p/e] 0.83/0.48/0.48/0.19  emits 4.04  spf 435.0  z0 0.00  garr 266.8  tG 1899  e2 0.68  nF 11.0  pS 0.34  ptS 0.31  fLog 0.83  pdΔ -0.1595  pkR 7.49  clip 0.35  kl +0.032
upd  490  steps 16089088  sps 6008  opp frzn  loss +0.065  pg -0.0161  v 0.444  ev +0.99  adv_std 0.986  tR +0.43  ent[s/d/p/e] 0.89/0.47/0.51/0.19  emits 3.97  spf 471.1  z0 0.00  garr 284.2  tG 2027  e2 0.66  nF 10.9  pS 0.33  ptS 0.31  fLog 0.83  pdΔ -0.1676  pkR 7.80  clip 0.33  kl +0.027
upd  491  steps 16121856  sps 6009  opp rand  loss +0.084  pg -0.0163  v 0.535  ev +0.99  adv_std 1.079  tR +0.46  ent[s/d/p/e] 0.84/0.47/0.48/0.20  emits 3.86  spf 426.1  z0 0.01  garr 252.6  tG 1838  e2 0.65  nF 11.5  pS 0.33  ptS 0.32  fLog 0.82  pdΔ -0.1661  pkR 7.74  clip 0.33  kl +0.030
upd  492  steps 16154624  sps 6010  opp rand  loss +0.086  pg -0.0135  v 0.535  ev +0.99  adv_std 1.075  tR +0.65  ent[s/d/p/e] 0.89/0.41/0.50/0.19  emits 4.31  spf 453.2  z0 0.01  garr 261.7  tG 2141  e2 0.70  nF 10.2  pS 0.37  ptS 0.34  fLog 0.84  pdΔ -0.1281  pkR 6.49  clip 0.34  kl +0.032
upd  493  steps 16187392  sps 6011  opp frzn  loss +0.079  pg -0.0160  v 0.514  ev +0.99  adv_std 1.052  tR +0.62  ent[s/d/p/e] 0.89/0.41/0.51/0.20  emits 4.26  spf 473.6  z0 0.01  garr 296.7  tG 2239  e2 0.73  nF 9.1  pS 0.36  ptS 0.33  fLog 0.85  pdΔ -0.1423  pkR 7.40  clip 0.31  kl +0.025
upd  494  steps 16220160  sps 6011  opp frzn  loss +0.065  pg -0.0148  v 0.436  ev +0.99  adv_std 0.973  tR +0.36  ent[s/d/p/e] 0.82/0.45/0.52/0.21  emits 4.03  spf 500.3  z0 0.00  garr 303.4  tG 2117  e2 0.69  nF 9.5  pS 0.32  ptS 0.30  fLog 0.84  pdΔ -0.1836  pkR 9.19  clip 0.35  kl +0.032
upd  495  steps 16252928  sps 6012  opp frzn  loss +0.074  pg -0.0150  v 0.484  ev +0.99  adv_std 1.028  tR +0.35  ent[s/d/p/e] 0.81/0.45/0.51/0.18  emits 4.16  spf 483.2  z0 0.00  garr 302.6  tG 2106  e2 0.69  nF 9.6  pS 0.30  ptS 0.29  fLog 0.84  pdΔ -0.1963  pkR 7.38  clip 0.33  kl +0.025
upd  496  steps 16285696  sps 6012  opp frzn  loss +0.077  pg -0.0137  v 0.490  ev +0.99  adv_std 1.035  tR +0.62  ent[s/d/p/e] 0.78/0.47/0.47/0.18  emits 4.00  spf 412.3  z0 0.01  garr 266.8  tG 1738  e2 0.68  nF 10.1  pS 0.29  ptS 0.27  fLog 0.82  pdΔ -0.2068  pkR 9.31  clip 0.33  kl +0.029
upd  497  steps 16318464  sps 6012  opp frzn  loss +0.063  pg -0.0154  v 0.431  ev +0.99  adv_std 0.971  tR +0.08  ent[s/d/p/e] 0.83/0.48/0.51/0.19  emits 3.87  spf 447.9  z0 0.01  garr 279.2  tG 1866  e2 0.66  nF 10.4  pS 0.30  ptS 0.29  fLog 0.83  pdΔ -0.2012  pkR 6.81  clip 0.32  kl +0.028
upd  498  steps 16351232  sps 6013  opp rand  loss +0.064  pg -0.0145  v 0.429  ev +0.99  adv_std 0.969  tR +0.49  ent[s/d/p/e] 0.82/0.47/0.49/0.18  emits 4.26  spf 460.2  z0 0.01  garr 287.1  tG 2069  e2 0.71  nF 9.8  pS 0.33  ptS 0.31  fLog 0.84  pdΔ -0.1706  pkR 7.00  clip 0.34  kl +0.032
upd  499  steps 16384000  sps 6014  opp rand  loss +0.075  pg -0.0145  v 0.485  ev +0.99  adv_std 1.025  tR +0.55  ent[s/d/p/e] 0.87/0.49/0.48/0.17  emits 4.17  spf 452.2  z0 0.01  garr 279.4  tG 2025  e2 0.70  nF 11.1  pS 0.33  ptS 0.31  fLog 0.83  pdΔ -0.1698  pkR 7.09  clip 0.34  kl +0.032 WRr 0.81 WRf 0.81
[ckpt] saved ./ckpt_multi_action_v11_f29/ckpt_000499.pkl
upd  500  steps 16416768  sps 5987  opp frzn  loss +0.074  pg -0.0156  v 0.484  ev +0.99  adv_std 1.025  tR +0.63  ent[s/d/p/e] 0.81/0.46/0.45/0.18  emits 4.04  spf 451.7  z0 0.01  garr 286.9  tG 1917  e2 0.70  nF 10.7  pS 0.31  ptS 0.29  fLog 0.83  pdΔ -0.1917  pkR 7.67  clip 0.32  kl +0.027
upd  501  steps 16449536  sps 5988  opp rand  loss +0.071  pg -0.0139  v 0.459  ev +0.99  adv_std 1.003  tR +0.44  ent[s/d/p/e] 0.80/0.48/0.44/0.18  emits 4.00  spf 423.5  z0 0.01  garr 278.3  tG 1767  e2 0.70  nF 11.1  pS 0.31  ptS 0.29  fLog 0.82  pdΔ -0.1948  pkR 9.26  clip 0.34  kl +0.031
upd  502  steps 16482304  sps 5989  opp rand  loss +0.077  pg -0.0134  v 0.483  ev +0.99  adv_std 1.025  tR +0.57  ent[s/d/p/e] 0.79/0.46/0.43/0.18  emits 4.30  spf 421.1  z0 0.01  garr 290.6  tG 1832  e2 0.74  nF 9.6  pS 0.32  ptS 0.30  fLog 0.84  pdΔ -0.1813  pkR 5.85  clip 0.33  kl +0.027
upd  503  steps 16515072  sps 5990  opp rand  loss +0.074  pg -0.0160  v 0.482  ev +0.99  adv_std 1.025  tR +0.56  ent[s/d/p/e] 0.81/0.42/0.44/0.17  emits 4.45  spf 474.6  z0 0.00  garr 314.1  tG 2223  e2 0.74  nF 9.4  pS 0.33  ptS 0.31  fLog 0.84  pdΔ -0.1746  pkR 9.25  clip 0.34  kl +0.034
upd  504  steps 16547840  sps 5991  opp frzn  loss +0.063  pg -0.0161  v 0.434  ev +0.99  adv_std 0.965  tR +0.57  ent[s/d/p/e] 0.88/0.47/0.48/0.20  emits 3.96  spf 489.4  z0 0.01  garr 277.4  tG 2088  e2 0.66  nF 12.4  pS 0.32  ptS 0.30  fLog 0.82  pdΔ -0.1802  pkR 7.57  clip 0.33  kl +0.033
upd  505  steps 16580608  sps 5992  opp rand  loss +0.070  pg -0.0141  v 0.455  ev +0.99  adv_std 0.998  tR +0.54  ent[s/d/p/e] 0.77/0.50/0.43/0.19  emits 3.73  spf 400.6  z0 0.01  garr 243.5  tG 1551  e2 0.64  nF 11.7  pS 0.30  ptS 0.28  fLog 0.80  pdΔ -0.1998  pkR 7.46  clip 0.33  kl +0.034
upd  506  steps 16613376  sps 5993  opp rand  loss +0.063  pg -0.0133  v 0.411  ev +0.99  adv_std 0.950  tR +0.48  ent[s/d/p/e] 0.81/0.43/0.41/0.16  emits 4.12  spf 453.8  z0 0.01  garr 268.7  tG 1978  e2 0.68  nF 11.1  pS 0.32  ptS 0.31  fLog 0.83  pdΔ -0.1765  pkR 6.79  clip 0.32  kl +0.030
upd  507  steps 16646144  sps 5994  opp rand  loss +0.080  pg -0.0136  v 0.500  ev +0.99  adv_std 1.040  tR +0.63  ent[s/d/p/e] 0.82/0.40/0.42/0.17  emits 4.15  spf 449.6  z0 0.01  garr 286.0  tG 2005  e2 0.73  nF 9.6  pS 0.32  ptS 0.30  fLog 0.84  pdΔ -0.1801  pkR 7.19  clip 0.32  kl +0.030
upd  508  steps 16678912  sps 5995  opp frzn  loss +0.058  pg -0.0163  v 0.408  ev +0.99  adv_std 0.951  tR +0.50  ent[s/d/p/e] 0.86/0.45/0.49/0.19  emits 4.30  spf 482.9  z0 0.01  garr 300.7  tG 2234  e2 0.73  nF 10.7  pS 0.35  ptS 0.33  fLog 0.85  pdΔ -0.1533  pkR 7.73  clip 0.34  kl +0.031
upd  509  steps 16711680  sps 5995  opp frzn  loss +0.076  pg -0.0140  v 0.488  ev +0.99  adv_std 1.031  tR +0.32  ent[s/d/p/e] 0.87/0.49/0.53/0.19  emits 4.07  spf 490.1  z0 0.01  garr 280.6  tG 2090  e2 0.66  nF 11.6  pS 0.33  ptS 0.32  fLog 0.83  pdΔ -0.1682  pkR 6.86  clip 0.35  kl +0.035
upd  510  steps 16744448  sps 5996  opp rand  loss +0.083  pg -0.0161  v 0.528  ev +0.99  adv_std 1.072  tR +0.45  ent[s/d/p/e] 0.79/0.47/0.46/0.21  emits 3.93  spf 426.6  z0 0.01  garr 244.8  tG 1770  e2 0.67  nF 12.5  pS 0.32  ptS 0.30  fLog 0.81  pdΔ -0.1814  pkR 7.93  clip 0.33  kl +0.031
upd  511  steps 16777216  sps 5997  opp rand  loss +0.081  pg -0.0148  v 0.511  ev +0.99  adv_std 1.055  tR +0.58  ent[s/d/p/e] 0.81/0.44/0.44/0.20  emits 4.00  spf 398.2  z0 0.01  garr 249.4  tG 1701  e2 0.70  nF 12.2  pS 0.33  ptS 0.31  fLog 0.82  pdΔ -0.1745  pkR 6.74  clip 0.33  kl +0.029
upd  512  steps 16809984  sps 5998  opp rand  loss +0.065  pg -0.0155  v 0.436  ev +0.99  adv_std 0.974  tR +0.45  ent[s/d/p/e] 0.84/0.46/0.46/0.18  emits 4.19  spf 456.9  z0 0.00  garr 296.5  tG 2034  e2 0.72  nF 11.3  pS 0.34  ptS 0.32  fLog 0.83  pdΔ -0.1605  pkR 6.65  clip 0.31  kl +0.026
upd  513  steps 16842752  sps 5999  opp rand  loss +0.068  pg -0.0163  v 0.459  ev +0.99  adv_std 1.001  tR +0.52  ent[s/d/p/e] 0.83/0.48/0.48/0.19  emits 3.89  spf 403.2  z0 0.01  garr 236.3  tG 1751  e2 0.65  nF 11.5  pS 0.32  ptS 0.30  fLog 0.81  pdΔ -0.1832  pkR 8.09  clip 0.32  kl +0.026
upd  514  steps 16875520  sps 6000  opp frzn  loss +0.066  pg -0.0148  v 0.438  ev +0.99  adv_std 0.975  tR +0.52  ent[s/d/p/e] 0.85/0.42/0.49/0.19  emits 4.11  spf 463.2  z0 0.01  garr 285.8  tG 2096  e2 0.70  nF 9.9  pS 0.34  ptS 0.32  fLog 0.84  pdΔ -0.1635  pkR 6.94  clip 0.33  kl +0.027
upd  515  steps 16908288  sps 6001  opp rand  loss +0.076  pg -0.0145  v 0.488  ev +0.99  adv_std 1.031  tR +0.43  ent[s/d/p/e] 0.80/0.45/0.45/0.17  emits 4.11  spf 439.4  z0 0.00  garr 285.4  tG 1927  e2 0.69  nF 10.6  pS 0.32  ptS 0.30  fLog 0.83  pdΔ -0.1844  pkR 8.16  clip 0.33  kl +0.028
upd  516  steps 16941056  sps 6002  opp rand  loss +0.058  pg -0.0147  v 0.394  ev +0.99  adv_std 0.922  tR +0.56  ent[s/d/p/e] 0.74/0.40/0.41/0.17  emits 4.14  spf 434.7  z0 0.01  garr 304.7  tG 1876  e2 0.73  nF 9.4  pS 0.29  ptS 0.28  fLog 0.84  pdΔ -0.2065  pkR 7.53  clip 0.30  kl +0.023
upd  517  steps 16973824  sps 6003  opp rand  loss +0.072  pg -0.0131  v 0.457  ev +0.99  adv_std 0.999  tR +0.59  ent[s/d/p/e] 0.75/0.43/0.40/0.18  emits 3.98  spf 434.4  z0 0.01  garr 280.8  tG 1781  e2 0.69  nF 10.8  pS 0.30  ptS 0.28  fLog 0.82  pdΔ -0.2049  pkR 5.98  clip 0.31  kl +0.025
upd  518  steps 17006592  sps 6003  opp frzn  loss +0.073  pg -0.0142  v 0.473  ev +0.99  adv_std 1.013  tR +0.38  ent[s/d/p/e] 0.78/0.46/0.48/0.20  emits 4.04  spf 441.8  z0 0.01  garr 273.5  tG 1874  e2 0.70  nF 9.9  pS 0.32  ptS 0.30  fLog 0.83  pdΔ -0.1845  pkR 8.77  clip 0.33  kl +0.029
upd  519  steps 17039360  sps 6003  opp frzn  loss +0.065  pg -0.0157  v 0.437  ev +0.99  adv_std 0.974  tR +0.31  ent[s/d/p/e] 0.77/0.45/0.52/0.20  emits 4.05  spf 452.1  z0 0.01  garr 275.9  tG 1875  e2 0.69  nF 9.4  pS 0.31  ptS 0.29  fLog 0.83  pdΔ -0.1946  pkR 7.94  clip 0.31  kl +0.024
upd  520  steps 17072128  sps 6004  opp frzn  loss +0.062  pg -0.0161  v 0.426  ev +0.99  adv_std 0.964  tR +0.19  ent[s/d/p/e] 0.78/0.43/0.50/0.18  emits 4.23  spf 514.0  z0 0.00  garr 337.5  tG 2250  e2 0.73  nF 9.3  pS 0.31  ptS 0.30  fLog 0.86  pdΔ -0.1905  pkR 7.09  clip 0.33  kl +0.027
upd  521  steps 17104896  sps 6004  opp frzn  loss +0.087  pg -0.0154  v 0.547  ev +0.98  adv_std 1.084  tR +0.45  ent[s/d/p/e] 0.75/0.46/0.48/0.20  emits 3.97  spf 454.2  z0 0.01  garr 298.1  tG 1847  e2 0.70  nF 10.6  pS 0.30  ptS 0.28  fLog 0.83  pdΔ -0.2029  pkR 9.17  clip 0.33  kl +0.029
upd  522  steps 17137664  sps 6005  opp frzn  loss +0.052  pg -0.0158  v 0.376  ev +0.99  adv_std 0.910  tR +0.07  ent[s/d/p/e] 0.78/0.45/0.49/0.18  emits 4.04  spf 491.5  z0 0.01  garr 328.9  tG 2052  e2 0.70  nF 10.4  pS 0.29  ptS 0.27  fLog 0.84  pdΔ -0.2087  pkR 6.91  clip 0.30  kl +0.023
upd  523  steps 17170432  sps 6006  opp rand  loss +0.073  pg -0.0155  v 0.478  ev +0.99  adv_std 1.021  tR +0.39  ent[s/d/p/e] 0.81/0.43/0.46/0.18  emits 4.19  spf 441.5  z0 0.01  garr 283.7  tG 1999  e2 0.70  nF 10.6  pS 0.33  ptS 0.30  fLog 0.83  pdΔ -0.1745  pkR 8.23  clip 0.30  kl +0.024
upd  524  steps 17203200  sps 6007  opp rand  loss +0.098  pg -0.0106  v 0.578  ev +0.99  adv_std 1.118  tR +0.61  ent[s/d/p/e] 0.84/0.43/0.43/0.16  emits 4.03  spf 449.9  z0 0.01  garr 274.2  tG 1978  e2 0.67  nF 11.1  pS 0.33  ptS 0.31  fLog 0.82  pdΔ -0.1693  pkR 7.92  clip 0.32  kl +0.025
upd  525  steps 17235968  sps 6008  opp rand  loss +0.067  pg -0.0157  v 0.448  ev +0.99  adv_std 0.991  tR +0.71  ent[s/d/p/e] 0.79/0.41/0.43/0.18  emits 3.85  spf 414.2  z0 0.00  garr 248.5  tG 1776  e2 0.68  nF 10.1  pS 0.31  ptS 0.30  fLog 0.82  pdΔ -0.1883  pkR 9.24  clip 0.30  kl +0.024
upd  526  steps 17268736  sps 6008  opp frzn  loss +0.068  pg -0.0151  v 0.447  ev +0.99  adv_std 0.991  tR +0.24  ent[s/d/p/e] 0.77/0.41/0.44/0.19  emits 3.98  spf 464.8  z0 0.01  garr 288.8  tG 1980  e2 0.71  nF 9.7  pS 0.32  ptS 0.30  fLog 0.84  pdΔ -0.1841  pkR 8.15  clip 0.31  kl +0.026
upd  527  steps 17301504  sps 6009  opp rand  loss +0.070  pg -0.0139  v 0.451  ev +0.99  adv_std 0.993  tR +0.58  ent[s/d/p/e] 0.80/0.44/0.45/0.17  emits 4.16  spf 458.4  z0 0.01  garr 293.7  tG 2036  e2 0.69  nF 10.3  pS 0.33  ptS 0.31  fLog 0.83  pdΔ -0.1682  pkR 9.39  clip 0.34  kl +0.030
upd  528  steps 17334272  sps 6010  opp rand  loss +0.072  pg -0.0155  v 0.469  ev +0.99  adv_std 1.014  tR +0.49  ent[s/d/p/e] 0.78/0.42/0.43/0.18  emits 4.33  spf 430.6  z0 0.01  garr 279.8  tG 1963  e2 0.72  nF 10.0  pS 0.33  ptS 0.31  fLog 0.83  pdΔ -0.1689  pkR 6.13  clip 0.32  kl +0.028
upd  529  steps 17367040  sps 6010  opp frzn  loss +0.065  pg -0.0164  v 0.443  ev +0.99  adv_std 0.990  tR +0.51  ent[s/d/p/e] 0.80/0.44/0.46/0.18  emits 3.99  spf 455.3  z0 0.01  garr 275.7  tG 1928  e2 0.67  nF 10.6  pS 0.31  ptS 0.30  fLog 0.83  pdΔ -0.1914  pkR 8.33  clip 0.31  kl +0.028
upd  530  steps 17399808  sps 6011  opp rand  loss +0.059  pg -0.0159  v 0.406  ev +0.99  adv_std 0.936  tR +0.41  ent[s/d/p/e] 0.78/0.46/0.44/0.18  emits 4.00  spf 406.2  z0 0.01  garr 245.6  tG 1717  e2 0.67  nF 11.2  pS 0.32  ptS 0.30  fLog 0.82  pdΔ -0.1807  pkR 6.76  clip 0.31  kl +0.027
upd  531  steps 17432576  sps 6012  opp rand  loss +0.071  pg -0.0150  v 0.465  ev +0.99  adv_std 0.998  tR +0.37  ent[s/d/p/e] 0.81/0.44/0.43/0.16  emits 4.31  spf 441.4  z0 0.01  garr 278.3  tG 2014  e2 0.71  nF 10.6  pS 0.33  ptS 0.31  fLog 0.83  pdΔ -0.1697  pkR 5.92  clip 0.32  kl +0.025
upd  532  steps 17465344  sps 6013  opp rand  loss +0.065  pg -0.0159  v 0.433  ev +0.99  adv_std 0.961  tR +0.70  ent[s/d/p/e] 0.78/0.38/0.40/0.15  emits 4.45  spf 500.8  z0 0.00  garr 303.1  tG 2347  e2 0.72  nF 9.0  pS 0.35  ptS 0.33  fLog 0.85  pdΔ -0.1455  pkR 6.45  clip 0.30  kl +0.023
upd  533  steps 17498112  sps 6014  opp frzn  loss +0.058  pg -0.0161  v 0.410  ev +0.99  adv_std 0.946  tR +0.53  ent[s/d/p/e] 0.84/0.44/0.51/0.18  emits 4.32  spf 487.0  z0 0.01  garr 305.8  tG 2239  e2 0.72  nF 10.0  pS 0.35  ptS 0.33  fLog 0.85  pdΔ -0.1511  pkR 7.10  clip 0.32  kl +0.025
upd  534  steps 17530880  sps 6015  opp rand  loss +0.061  pg -0.0170  v 0.422  ev +0.99  adv_std 0.954  tR +0.85  ent[s/d/p/e] 0.78/0.47/0.45/0.18  emits 4.25  spf 445.4  z0 0.00  garr 287.2  tG 1977  e2 0.73  nF 10.6  pS 0.32  ptS 0.30  fLog 0.84  pdΔ -0.1831  pkR 7.88  clip 0.30  kl +0.020
upd  535  steps 17563648  sps 6015  opp frzn  loss +0.063  pg -0.0162  v 0.430  ev +0.99  adv_std 0.976  tR +0.35  ent[s/d/p/e] 0.74/0.47/0.46/0.19  emits 4.02  spf 417.2  z0 0.01  garr 267.3  tG 1751  e2 0.71  nF 11.0  pS 0.30  ptS 0.28  fLog 0.83  pdΔ -0.2038  pkR 7.02  clip 0.34  kl +0.032
upd  536  steps 17596416  sps 6015  opp frzn  loss +0.069  pg -0.0159  v 0.460  ev +0.99  adv_std 1.000  tR +0.02  ent[s/d/p/e] 0.79/0.49/0.51/0.21  emits 3.88  spf 430.6  z0 0.01  garr 254.2  tG 1801  e2 0.68  nF 11.1  pS 0.31  ptS 0.30  fLog 0.82  pdΔ -0.1855  pkR 6.56  clip 0.31  kl +0.022
upd  537  steps 17629184  sps 6016  opp frzn  loss +0.052  pg -0.0170  v 0.384  ev +0.99  adv_std 0.921  tR +0.25  ent[s/d/p/e] 0.83/0.48/0.52/0.19  emits 4.03  spf 442.2  z0 0.01  garr 257.9  tG 1942  e2 0.67  nF 11.0  pS 0.32  ptS 0.31  fLog 0.82  pdΔ -0.1755  pkR 8.49  clip 0.33  kl +0.026
upd  538  steps 17661952  sps 6017  opp rand  loss +0.067  pg -0.0141  v 0.443  ev +0.99  adv_std 0.969  tR +0.73  ent[s/d/p/e] 0.82/0.47/0.47/0.14  emits 4.64  spf 460.7  z0 0.01  garr 305.0  tG 2261  e2 0.72  nF 10.6  pS 0.33  ptS 0.32  fLog 0.84  pdΔ -0.1685  pkR 7.91  clip 0.35  kl +0.030
upd  539  steps 17694720  sps 6018  opp rand  loss +0.074  pg -0.0160  v 0.483  ev +0.99  adv_std 1.024  tR +0.86  ent[s/d/p/e] 0.82/0.44/0.46/0.15  emits 4.50  spf 457.5  z0 0.00  garr 303.5  tG 2209  e2 0.73  nF 10.4  pS 0.33  ptS 0.32  fLog 0.84  pdΔ -0.1651  pkR 7.26  clip 0.32  kl +0.025
upd  540  steps 17727488  sps 6018  opp frzn  loss +0.061  pg -0.0153  v 0.416  ev +0.99  adv_std 0.956  tR +0.73  ent[s/d/p/e] 0.77/0.46/0.47/0.15  emits 4.20  spf 453.8  z0 0.00  garr 310.4  tG 2004  e2 0.70  nF 10.2  pS 0.29  ptS 0.28  fLog 0.84  pdΔ -0.2062  pkR 7.32  clip 0.32  kl +0.026
upd  541  steps 17760256  sps 6018  opp frzn  loss +0.066  pg -0.0167  v 0.447  ev +0.99  adv_std 0.991  tR +0.25  ent[s/d/p/e] 0.72/0.52/0.44/0.17  emits 3.84  spf 398.3  z0 0.01  garr 262.2  tG 1569  e2 0.68  nF 11.4  pS 0.26  ptS 0.25  fLog 0.81  pdΔ -0.2351  pkR 9.37  clip 0.33  kl +0.032
upd  542  steps 17793024  sps 6019  opp rand  loss +0.069  pg -0.0163  v 0.458  ev +0.99  adv_std 0.996  tR +0.34  ent[s/d/p/e] 0.77/0.48/0.45/0.18  emits 3.96  spf 410.1  z0 0.02  garr 255.5  tG 1689  e2 0.68  nF 10.7  pS 0.31  ptS 0.30  fLog 0.82  pdΔ -0.1908  pkR 6.38  clip 0.32  kl +0.028
upd  543  steps 17825792  sps 6020  opp rand  loss +0.086  pg -0.0141  v 0.533  ev +0.99  adv_std 1.074  tR +0.62  ent[s/d/p/e] 0.83/0.44/0.42/0.18  emits 4.13  spf 482.7  z0 0.00  garr 281.2  tG 2159  e2 0.70  nF 12.3  pS 0.35  ptS 0.33  fLog 0.83  pdΔ -0.1522  pkR 7.54  clip 0.30  kl +0.026
upd  544  steps 17858560  sps 6021  opp rand  loss +0.065  pg -0.0137  v 0.428  ev +0.99  adv_std 0.967  tR +0.50  ent[s/d/p/e] 0.81/0.43/0.41/0.17  emits 4.15  spf 468.9  z0 0.01  garr 291.4  tG 2108  e2 0.70  nF 11.3  pS 0.34  ptS 0.32  fLog 0.83  pdΔ -0.1609  pkR 9.09  clip 0.33  kl +0.028
upd  545  steps 17891328  sps 6022  opp frzn  loss +0.077  pg -0.0162  v 0.501  ev +0.99  adv_std 1.043  tR +0.64  ent[s/d/p/e] 0.77/0.41/0.45/0.15  emits 4.61  spf 497.7  z0 0.01  garr 343.1  tG 2372  e2 0.75  nF 10.1  pS 0.32  ptS 0.30  fLog 0.85  pdΔ -0.1779  pkR 7.74  clip 0.31  kl +0.027
upd  546  steps 17924096  sps 6023  opp rand  loss +0.068  pg -0.0151  v 0.450  ev +0.99  adv_std 0.991  tR +0.50  ent[s/d/p/e] 0.76/0.46/0.44/0.16  emits 3.98  spf 460.6  z0 0.01  garr 287.7  tG 1918  e2 0.65  nF 12.0  pS 0.29  ptS 0.27  fLog 0.82  pdΔ -0.2080  pkR 6.16  clip 0.30  kl +0.026
upd  547  steps 17956864  sps 6023  opp frzn  loss +0.063  pg -0.0162  v 0.433  ev +0.99  adv_std 0.969  tR +0.44  ent[s/d/p/e] 0.77/0.45/0.48/0.20  emits 3.88  spf 467.4  z0 0.00  garr 280.4  tG 1906  e2 0.67  nF 11.0  pS 0.30  ptS 0.29  fLog 0.83  pdΔ -0.1989  pkR 6.98  clip 0.31  kl +0.026
upd  548  steps 17989632  sps 6024  opp rand  loss +0.069  pg -0.0158  v 0.460  ev +0.99  adv_std 1.002  tR +0.48  ent[s/d/p/e] 0.75/0.51/0.46/0.19  emits 3.73  spf 430.1  z0 0.01  garr 251.0  tG 1703  e2 0.63  nF 12.6  pS 0.30  ptS 0.29  fLog 0.81  pdΔ -0.1999  pkR 7.32  clip 0.31  kl +0.027
upd  549  steps 18022400  sps 6024  opp frzn  loss +0.078  pg -0.0144  v 0.495  ev +0.99  adv_std 1.039  tR +0.45  ent[s/d/p/e] 0.76/0.47/0.46/0.19  emits 3.75  spf 416.1  z0 0.00  garr 255.9  tG 1653  e2 0.65  nF 12.3  pS 0.31  ptS 0.29  fLog 0.81  pdΔ -0.1925  pkR 7.72  clip 0.31  kl +0.026 WRr 0.84 WRf 0.91
upd  550  steps 18055168  sps 5998  opp rand  loss +0.072  pg -0.0168  v 0.473  ev +0.99  adv_std 1.011  tR +0.44  ent[s/d/p/e] 0.72/0.43/0.42/0.18  emits 3.88  spf 442.1  z0 0.01  garr 273.1  tG 1777  e2 0.67  nF 11.3  pS 0.30  ptS 0.28  fLog 0.82  pdΔ -0.1997  pkR 7.13  clip 0.30  kl +0.026
upd  551  steps 18087936  sps 5999  opp rand  loss +0.077  pg -0.0155  v 0.496  ev +0.99  adv_std 1.040  tR +0.59  ent[s/d/p/e] 0.75/0.43/0.42/0.17  emits 4.20  spf 444.9  z0 0.01  garr 277.4  tG 1950  e2 0.71  nF 11.1  pS 0.33  ptS 0.31  fLog 0.83  pdΔ -0.1745  pkR 6.28  clip 0.31  kl +0.025
upd  552  steps 18120704  sps 6000  opp frzn  loss +0.058  pg -0.0172  v 0.413  ev +0.99  adv_std 0.953  tR +0.53  ent[s/d/p/e] 0.80/0.44/0.46/0.16  emits 4.40  spf 516.9  z0 0.01  garr 327.9  tG 2356  e2 0.74  nF 9.8  pS 0.34  ptS 0.32  fLog 0.85  pdΔ -0.1615  pkR 6.26  clip 0.31  kl +0.023
upd  553  steps 18153472  sps 6000  opp frzn  loss +0.064  pg -0.0162  v 0.434  ev +0.99  adv_std 0.982  tR +0.27  ent[s/d/p/e] 0.78/0.44/0.46/0.19  emits 4.31  spf 524.4  z0 0.00  garr 333.2  tG 2312  e2 0.75  nF 9.7  pS 0.33  ptS 0.31  fLog 0.85  pdΔ -0.1728  pkR 5.60  clip 0.33  kl +0.028
upd  554  steps 18186240  sps 6000  opp frzn  loss +0.058  pg -0.0169  v 0.409  ev +0.99  adv_std 0.948  tR +0.21  ent[s/d/p/e] 0.82/0.46/0.49/0.18  emits 4.38  spf 548.1  z0 0.01  garr 328.9  tG 2495  e2 0.73  nF 10.1  pS 0.33  ptS 0.31  fLog 0.85  pdΔ -0.1742  pkR 6.37  clip 0.31  kl +0.023
upd  555  steps 18219008  sps 6001  opp rand  loss +0.068  pg -0.0166  v 0.457  ev +0.99  adv_std 0.999  tR +0.67  ent[s/d/p/e] 0.74/0.45/0.45/0.18  emits 4.06  spf 471.8  z0 0.01  garr 285.8  tG 2015  e2 0.69  nF 10.9  pS 0.31  ptS 0.30  fLog 0.83  pdΔ -0.1879  pkR 8.43  clip 0.30  kl +0.023
upd  556  steps 18251776  sps 6002  opp rand  loss +0.081  pg -0.0138  v 0.508  ev +0.99  adv_std 1.055  tR +0.49  ent[s/d/p/e] 0.80/0.41/0.41/0.17  emits 4.38  spf 499.0  z0 0.01  garr 297.6  tG 2320  e2 0.74  nF 10.4  pS 0.36  ptS 0.33  fLog 0.84  pdΔ -0.1440  pkR 7.36  clip 0.33  kl +0.031
upd  557  steps 18284544  sps 6003  opp frzn  loss +0.063  pg -0.0167  v 0.435  ev +0.99  adv_std 0.976  tR +0.55  ent[s/d/p/e] 0.80/0.40/0.46/0.18  emits 4.33  spf 538.2  z0 0.00  garr 323.3  tG 2494  e2 0.74  nF 9.5  pS 0.34  ptS 0.32  fLog 0.85  pdΔ -0.1598  pkR 10.03  clip 0.31  kl +0.027
upd  558  steps 18317312  sps 6004  opp rand  loss +0.066  pg -0.0153  v 0.439  ev +0.99  adv_std 0.980  tR +0.54  ent[s/d/p/e] 0.76/0.44/0.45/0.17  emits 4.14  spf 474.9  z0 0.00  garr 288.0  tG 2079  e2 0.71  nF 10.6  pS 0.32  ptS 0.31  fLog 0.84  pdΔ -0.1753  pkR 9.71  clip 0.30  kl +0.025
upd  559  steps 18350080  sps 6004  opp frzn  loss +0.071  pg -0.0163  v 0.471  ev +0.99  adv_std 1.018  tR +0.38  ent[s/d/p/e] 0.80/0.43/0.45/0.20  emits 3.96  spf 502.5  z0 0.00  garr 288.9  tG 2174  e2 0.72  nF 10.0  pS 0.33  ptS 0.32  fLog 0.84  pdΔ -0.1687  pkR 8.00  clip 0.31  kl +0.025
upd  560  steps 18382848  sps 6005  opp rand  loss +0.094  pg -0.0164  v 0.585  ev +0.98  adv_std 1.119  tR +0.53  ent[s/d/p/e] 0.78/0.44/0.44/0.19  emits 4.38  spf 440.7  z0 0.00  garr 289.9  tG 2034  e2 0.77  nF 10.5  pS 0.35  ptS 0.33  fLog 0.83  pdΔ -0.1497  pkR 8.12  clip 0.31  kl +0.024
upd  561  steps 18415616  sps 6006  opp rand  loss +0.077  pg -0.0161  v 0.498  ev +0.99  adv_std 1.045  tR +0.50  ent[s/d/p/e] 0.76/0.44/0.44/0.17  emits 4.30  spf 425.2  z0 0.00  garr 290.2  tG 1897  e2 0.74  nF 10.5  pS 0.32  ptS 0.31  fLog 0.83  pdΔ -0.1758  pkR 6.45  clip 0.30  kl +0.023
upd  562  steps 18448384  sps 6007  opp rand  loss +0.070  pg -0.0143  v 0.458  ev +0.99  adv_std 0.997  tR +0.56  ent[s/d/p/e] 0.80/0.40/0.48/0.14  emits 4.49  spf 454.8  z0 0.01  garr 307.5  tG 2181  e2 0.73  nF 9.8  pS 0.32  ptS 0.30  fLog 0.85  pdΔ -0.1789  pkR 6.76  clip 0.31  kl +0.024
upd  563  steps 18481152  sps 6007  opp frzn  loss +0.073  pg -0.0163  v 0.479  ev +0.99  adv_std 1.025  tR +0.39  ent[s/d/p/e] 0.73/0.48/0.47/0.19  emits 3.68  spf 429.3  z0 0.01  garr 259.9  tG 1717  e2 0.64  nF 11.8  pS 0.30  ptS 0.28  fLog 0.82  pdΔ -0.1979  pkR 11.05  clip 0.31  kl +0.027
upd  564  steps 18513920  sps 6008  opp rand  loss +0.107  pg -0.0157  v 0.650  ev +0.98  adv_std 1.186  tR +0.38  ent[s/d/p/e] 0.73/0.44/0.50/0.19  emits 3.96  spf 388.3  z0 0.01  garr 230.5  tG 1620  e2 0.68  nF 10.1  pS 0.32  ptS 0.31  fLog 0.82  pdΔ -0.1780  pkR 7.84  clip 0.32  kl +0.027
upd  565  steps 18546688  sps 6009  opp frzn  loss +0.076  pg -0.0156  v 0.490  ev +0.99  adv_std 1.032  tR +0.49  ent[s/d/p/e] 0.73/0.45/0.47/0.17  emits 3.89  spf 402.4  z0 0.01  garr 239.6  tG 1641  e2 0.66  nF 10.8  pS 0.29  ptS 0.28  fLog 0.82  pdΔ -0.2095  pkR 7.43  clip 0.32  kl +0.029
upd  566  steps 18579456  sps 6009  opp rand  loss +0.065  pg -0.0159  v 0.438  ev +0.99  adv_std 0.980  tR +0.30  ent[s/d/p/e] 0.74/0.40/0.46/0.15  emits 4.18  spf 422.9  z0 0.02  garr 276.6  tG 1860  e2 0.69  nF 10.1  pS 0.30  ptS 0.29  fLog 0.84  pdΔ -0.1962  pkR 6.01  clip 0.32  kl +0.026
upd  567  steps 18612224  sps 6010  opp frzn  loss +0.083  pg -0.0163  v 0.532  ev +0.99  adv_std 1.076  tR +0.44  ent[s/d/p/e] 0.80/0.43/0.53/0.18  emits 4.15  spf 402.6  z0 0.01  garr 253.3  tG 1840  e2 0.69  nF 10.1  pS 0.33  ptS 0.31  fLog 0.83  pdΔ -0.1672  pkR 6.65  clip 0.32  kl +0.025
upd  568  steps 18644992  sps 6010  opp frzn  loss +0.070  pg -0.0170  v 0.472  ev +0.99  adv_std 1.014  tR +0.16  ent[s/d/p/e] 0.81/0.41/0.55/0.17  emits 4.22  spf 521.2  z0 0.01  garr 324.0  tG 2330  e2 0.72  nF 9.5  pS 0.32  ptS 0.30  fLog 0.86  pdΔ -0.1848  pkR 7.14  clip 0.28  kl +0.020
upd  569  steps 18677760  sps 6010  opp frzn  loss +0.085  pg -0.0159  v 0.542  ev +0.99  adv_std 1.083  tR +0.38  ent[s/d/p/e] 0.73/0.44/0.50/0.20  emits 3.90  spf 448.3  z0 0.00  garr 281.2  tG 1812  e2 0.70  nF 10.9  pS 0.31  ptS 0.29  fLog 0.83  pdΔ -0.1939  pkR 7.88  clip 0.30  kl +0.025
upd  570  steps 18710528  sps 6011  opp rand  loss +0.076  pg -0.0132  v 0.478  ev +0.99  adv_std 1.023  tR +0.53  ent[s/d/p/e] 0.76/0.42/0.48/0.16  emits 4.30  spf 452.9  z0 0.00  garr 283.8  tG 2048  e2 0.72  nF 10.7  pS 0.33  ptS 0.31  fLog 0.84  pdΔ -0.1742  pkR 6.94  clip 0.31  kl +0.026
upd  571  steps 18743296  sps 6012  opp frzn  loss +0.075  pg -0.0164  v 0.491  ev +0.99  adv_std 1.034  tR +0.42  ent[s/d/p/e] 0.77/0.42/0.46/0.18  emits 4.00  spf 476.4  z0 0.00  garr 282.5  tG 2021  e2 0.69  nF 10.4  pS 0.32  ptS 0.30  fLog 0.84  pdΔ -0.1784  pkR 7.54  clip 0.30  kl +0.023
upd  572  steps 18776064  sps 6013  opp rand  loss +0.082  pg -0.0151  v 0.520  ev +0.99  adv_std 1.058  tR +0.45  ent[s/d/p/e] 0.76/0.45/0.50/0.17  emits 4.27  spf 460.4  z0 0.00  garr 284.6  tG 2113  e2 0.72  nF 10.2  pS 0.33  ptS 0.31  fLog 0.84  pdΔ -0.1689  pkR 7.66  clip 0.28  kl +0.019
upd  573  steps 18808832  sps 6013  opp frzn  loss +0.059  pg -0.0158  v 0.409  ev +0.99  adv_std 0.948  tR +0.49  ent[s/d/p/e] 0.78/0.41/0.49/0.17  emits 4.00  spf 450.1  z0 0.01  garr 272.5  tG 1963  e2 0.69  nF 10.2  pS 0.31  ptS 0.30  fLog 0.84  pdΔ -0.1874  pkR 7.50  clip 0.31  kl +0.023
upd  574  steps 18841600  sps 6014  opp rand  loss +0.079  pg -0.0151  v 0.504  ev +0.99  adv_std 1.046  tR +0.58  ent[s/d/p/e] 0.78/0.42/0.47/0.16  emits 4.21  spf 451.3  z0 0.01  garr 278.8  tG 2015  e2 0.69  nF 10.3  pS 0.33  ptS 0.31  fLog 0.83  pdΔ -0.1738  pkR 8.22  clip 0.31  kl +0.027
upd  575  steps 18874368  sps 6015  opp rand  loss +0.071  pg -0.0156  v 0.466  ev +0.99  adv_std 1.011  tR +0.50  ent[s/d/p/e] 0.78/0.43/0.50/0.17  emits 4.04  spf 441.4  z0 0.01  garr 271.2  tG 1969  e2 0.67  nF 10.1  pS 0.32  ptS 0.30  fLog 0.83  pdΔ -0.1759  pkR 8.57  clip 0.32  kl +0.027
upd  576  steps 18907136  sps 6015  opp frzn  loss +0.057  pg -0.0176  v 0.410  ev +0.99  adv_std 0.948  tR +0.30  ent[s/d/p/e] 0.81/0.41/0.51/0.17  emits 4.27  spf 464.9  z0 0.00  garr 305.4  tG 2164  e2 0.72  nF 10.2  pS 0.33  ptS 0.31  fLog 0.85  pdΔ -0.1726  pkR 8.60  clip 0.31  kl +0.025
upd  577  steps 18939904  sps 6016  opp frzn  loss +0.059  pg -0.0182  v 0.420  ev +0.99  adv_std 0.959  tR +0.34  ent[s/d/p/e] 0.75/0.45/0.52/0.19  emits 3.80  spf 466.5  z0 0.01  garr 279.2  tG 1881  e2 0.66  nF 10.1  pS 0.30  ptS 0.28  fLog 0.83  pdΔ -0.2048  pkR 7.94  clip 0.30  kl +0.023
upd  578  steps 18972672  sps 6016  opp rand  loss +0.069  pg -0.0150  v 0.455  ev +0.99  adv_std 0.998  tR +0.54  ent[s/d/p/e] 0.71/0.41/0.46/0.16  emits 4.05  spf 453.3  z0 0.01  garr 290.9  tG 1930  e2 0.70  nF 9.7  pS 0.30  ptS 0.28  fLog 0.83  pdΔ -0.2043  pkR 9.42  clip 0.31  kl +0.028
upd  579  steps 19005440  sps 6017  opp rand  loss +0.059  pg -0.0160  v 0.409  ev +0.99  adv_std 0.948  tR +0.51  ent[s/d/p/e] 0.70/0.42/0.48/0.16  emits 3.80  spf 405.8  z0 0.00  garr 253.2  tG 1640  e2 0.66  nF 10.6  pS 0.29  ptS 0.27  fLog 0.82  pdΔ -0.2149  pkR 11.91  clip 0.30  kl +0.023
upd  580  steps 19038208  sps 6018  opp rand  loss +0.069  pg -0.0147  v 0.451  ev +0.99  adv_std 0.996  tR +0.33  ent[s/d/p/e] 0.74/0.41/0.50/0.16  emits 3.99  spf 418.0  z0 0.01  garr 269.1  tG 1798  e2 0.68  nF 10.2  pS 0.31  ptS 0.28  fLog 0.83  pdΔ -0.1950  pkR 7.35  clip 0.29  kl +0.024
upd  581  steps 19070976  sps 6019  opp frzn  loss +0.063  pg -0.0153  v 0.428  ev +0.99  adv_std 0.962  tR +0.45  ent[s/d/p/e] 0.81/0.40/0.51/0.16  emits 4.23  spf 469.8  z0 0.01  garr 297.3  tG 2136  e2 0.70  nF 9.6  pS 0.33  ptS 0.31  fLog 0.85  pdΔ -0.1703  pkR 7.01  clip 0.30  kl +0.021
upd  582  steps 19103744  sps 6019  opp rand  loss +0.073  pg -0.0153  v 0.477  ev +0.99  adv_std 1.014  tR +0.62  ent[s/d/p/e] 0.82/0.43/0.52/0.14  emits 4.23  spf 465.4  z0 0.01  garr 291.0  tG 2110  e2 0.68  nF 10.1  pS 0.32  ptS 0.30  fLog 0.84  pdΔ -0.1812  pkR 6.33  clip 0.31  kl +0.024
upd  583  steps 19136512  sps 6020  opp frzn  loss +0.062  pg -0.0176  v 0.436  ev +0.99  adv_std 0.975  tR +0.35  ent[s/d/p/e] 0.81/0.40/0.51/0.16  emits 4.21  spf 463.8  z0 0.01  garr 280.4  tG 2158  e2 0.69  nF 9.5  pS 0.34  ptS 0.31  fLog 0.85  pdΔ -0.1626  pkR 7.51  clip 0.30  kl +0.022
upd  584  steps 19169280  sps 6021  opp rand  loss +0.075  pg -0.0156  v 0.486  ev +0.99  adv_std 1.027  tR +0.59  ent[s/d/p/e] 0.77/0.39/0.48/0.17  emits 4.35  spf 439.6  z0 0.01  garr 270.1  tG 2042  e2 0.72  nF 9.9  pS 0.34  ptS 0.32  fLog 0.84  pdΔ -0.1554  pkR 8.76  clip 0.30  kl +0.025
upd  585  steps 19202048  sps 6021  opp frzn  loss +0.067  pg -0.0169  v 0.454  ev +0.99  adv_std 0.999  tR +0.52  ent[s/d/p/e] 0.79/0.40/0.47/0.17  emits 4.06  spf 482.0  z0 0.00  garr 304.0  tG 2153  e2 0.72  nF 10.2  pS 0.32  ptS 0.30  fLog 0.85  pdΔ -0.1755  pkR 6.66  clip 0.30  kl +0.025
upd  586  steps 19234816  sps 6021  opp frzn  loss +0.073  pg -0.0160  v 0.483  ev +0.99  adv_std 1.017  tR +0.29  ent[s/d/p/e] 0.78/0.37/0.51/0.20  emits 4.05  spf 492.4  z0 0.01  garr 301.7  tG 2185  e2 0.71  nF 9.6  pS 0.33  ptS 0.31  fLog 0.85  pdΔ -0.1740  pkR 6.93  clip 0.28  kl +0.022
upd  587  steps 19267584  sps 6022  opp frzn  loss +0.082  pg -0.0179  v 0.540  ev +0.99  adv_std 1.077  tR +0.35  ent[s/d/p/e] 0.80/0.39/0.57/0.20  emits 4.14  spf 453.3  z0 0.01  garr 290.0  tG 2060  e2 0.73  nF 9.3  pS 0.34  ptS 0.32  fLog 0.85  pdΔ -0.1646  pkR 8.38  clip 0.30  kl +0.022
upd  588  steps 19300352  sps 6022  opp rand  loss +0.081  pg -0.0171  v 0.531  ev +0.99  adv_std 1.075  tR +0.63  ent[s/d/p/e] 0.83/0.41/0.55/0.17  emits 4.32  spf 424.2  z0 0.01  garr 276.2  tG 2052  e2 0.69  nF 10.4  pS 0.36  ptS 0.33  fLog 0.84  pdΔ -0.1435  pkR 7.33  clip 0.31  kl +0.024
upd  589  steps 19333120  sps 6023  opp frzn  loss +0.076  pg -0.0150  v 0.494  ev +0.99  adv_std 1.029  tR +0.48  ent[s/d/p/e] 0.81/0.41/0.51/0.16  emits 4.31  spf 447.9  z0 0.01  garr 286.0  tG 2108  e2 0.71  nF 9.7  pS 0.33  ptS 0.31  fLog 0.84  pdΔ -0.1685  pkR 5.84  clip 0.32  kl +0.026
upd  590  steps 19365888  sps 6024  opp rand  loss +0.082  pg -0.0146  v 0.519  ev +0.99  adv_std 1.060  tR +0.44  ent[s/d/p/e] 0.76/0.43/0.47/0.17  emits 3.83  spf 415.8  z0 0.01  garr 238.0  tG 1728  e2 0.66  nF 10.3  pS 0.30  ptS 0.28  fLog 0.82  pdΔ -0.2035  pkR 8.16  clip 0.31  kl +0.028
upd  591  steps 19398656  sps 6024  opp frzn  loss +0.087  pg -0.0155  v 0.550  ev +0.99  adv_std 1.088  tR +0.28  ent[s/d/p/e] 0.82/0.46/0.54/0.17  emits 3.97  spf 440.2  z0 0.01  garr 264.2  tG 1980  e2 0.68  nF 9.6  pS 0.32  ptS 0.31  fLog 0.84  pdΔ -0.1778  pkR 9.09  clip 0.29  kl +0.022
upd  592  steps 19431424  sps 6025  opp rand  loss +0.077  pg -0.0162  v 0.502  ev +0.99  adv_std 1.043  tR +0.47  ent[s/d/p/e] 0.81/0.46/0.49/0.15  emits 4.24  spf 445.7  z0 0.00  garr 267.6  tG 2104  e2 0.66  nF 10.5  pS 0.34  ptS 0.31  fLog 0.84  pdΔ -0.1643  pkR 8.75  clip 0.31  kl +0.024
upd  593  steps 19464192  sps 6026  opp rand  loss +0.066  pg -0.0162  v 0.449  ev +0.99  adv_std 0.991  tR +0.63  ent[s/d/p/e] 0.80/0.42/0.50/0.15  emits 4.31  spf 421.1  z0 0.01  garr 268.2  tG 1982  e2 0.71  nF 9.2  pS 0.33  ptS 0.31  fLog 0.84  pdΔ -0.1673  pkR 6.17  clip 0.30  kl +0.023
upd  594  steps 19496960  sps 6027  opp rand  loss +0.075  pg -0.0151  v 0.484  ev +0.99  adv_std 1.023  tR +0.61  ent[s/d/p/e] 0.79/0.40/0.49/0.15  emits 4.42  spf 426.8  z0 0.01  garr 274.4  tG 2120  e2 0.72  nF 9.4  pS 0.33  ptS 0.32  fLog 0.85  pdΔ -0.1674  pkR 8.08  clip 0.30  kl +0.024
upd  595  steps 19529728  sps 6027  opp rand  loss +0.064  pg -0.0157  v 0.431  ev +0.99  adv_std 0.969  tR +0.46  ent[s/d/p/e] 0.80/0.38/0.49/0.15  emits 4.12  spf 429.9  z0 0.01  garr 265.4  tG 2026  e2 0.67  nF 9.6  pS 0.32  ptS 0.30  fLog 0.84  pdΔ -0.1792  pkR 9.79  clip 0.30  kl +0.022
upd  596  steps 19562496  sps 6028  opp rand  loss +0.080  pg -0.0159  v 0.513  ev +0.99  adv_std 1.050  tR +0.64  ent[s/d/p/e] 0.75/0.35/0.45/0.16  emits 4.32  spf 410.3  z0 0.00  garr 256.0  tG 1947  e2 0.73  nF 8.4  pS 0.33  ptS 0.31  fLog 0.84  pdΔ -0.1657  pkR 7.93  clip 0.30  kl +0.022
upd  597  steps 19595264  sps 6029  opp rand  loss +0.087  pg -0.0144  v 0.539  ev +0.99  adv_std 1.083  tR +0.54  ent[s/d/p/e] 0.77/0.40/0.47/0.15  emits 4.43  spf 399.7  z0 0.01  garr 262.7  tG 1916  e2 0.73  nF 9.9  pS 0.34  ptS 0.32  fLog 0.84  pdΔ -0.1622  pkR 6.32  clip 0.34  kl +0.031
upd  598  steps 19628032  sps 6029  opp frzn  loss +0.066  pg -0.0161  v 0.448  ev +0.99  adv_std 0.989  tR +0.31  ent[s/d/p/e] 0.78/0.40/0.50/0.16  emits 4.18  spf 450.6  z0 0.00  garr 281.8  tG 2061  e2 0.71  nF 8.7  pS 0.33  ptS 0.32  fLog 0.85  pdΔ -0.1666  pkR 6.25  clip 0.31  kl +0.021
upd  599  steps 19660800  sps 6030  opp rand  loss +0.083  pg -0.0156  v 0.529  ev +0.99  adv_std 1.074  tR +0.65  ent[s/d/p/e] 0.75/0.40/0.49/0.15  emits 4.45  spf 439.4  z0 0.01  garr 299.0  tG 2070  e2 0.74  nF 9.7  pS 0.32  ptS 0.30  fLog 0.84  pdΔ -0.1815  pkR 7.26  clip 0.29  kl +0.023 WRr 0.88 WRf 0.91
[ckpt] saved ./ckpt_multi_action_v11_f29/ckpt_000599.pkl
final eval win_rate vs random: 0.875
[2026-05-29 00:22:33] train done cfg=orbit_wars_rl/configs/multi_action_v11_f29.yaml
[2026-05-29 00:22:33] replay v11_f29_u299 (ckpt_multi_action_v11_f29/ckpt_000299.pkl)
[quick_replay] ckpt=ckpt_multi_action_v11_f29/ckpt_000299.pkl  template=submission_rl_v11_f29.py  out=submission_rl_v11_f29_u299.py  json=logs/replay_analyze/v11_f29_u299_vs_v20.json
[export] loaded 80 param tensors; total floats = 679,757
[export] arch: planet=28 global=17 K=8 d_model=128
[export] running parity test against ckpt_multi_action_v11_f29/ckpt_000299.pkl (tol=0.005, num_states=16)
parity_check multi-action (ckpt=ckpt_multi_action_v11_f29/ckpt_000299.pkl; tol=0.005; states=16; K=8)
  arch: d_model=128 n_layers=2 n_heads=4 ff_dim=512
  [OK ] whole-turn action list match: 16/16
  [INFO] emit count match: 16/16
  [INFO] value drift max=4.292e-06 mean=1.362e-06
[export] raw weights ~2655.3KB, compressed+base64 ~3293.4KB
[export] wrote submission_rl_v11_f29_u299.py
[export] importing and smoke-testing agent()...
[export] smoke forward: 1 launch(es) src=[0] dst=[2] pct=[7]
[export] smoke agent() moves: [[0, 1.5707963267948966, 120]]
[92m00:22:52 - LiteLLM:WARNING[0m: get_model_cost_map.py:271 - LiteLLM: Failed to fetch remote model cost map from https://raw.githubusercontent.com/BerriAI/litellm/main/model_prices_and_context_window.json: The read operation timed out. Falling back to local backup.
[kaggle_environments.envs.open_spiel_env.open_spiel_env] INFO: Successfully loaded OpenSpiel environments: 23.
[kaggle_environments.envs.open_spiel_env.open_spiel_env] INFO:    open_spiel_amazons
[kaggle_environments.envs.open_spiel_env.open_spiel_env] INFO:    open_spiel_backgammon
[kaggle_environments.envs.open_spiel_env.open_spiel_env] INFO:    open_spiel_checkers
[kaggle_environments.envs.open_spiel_env.open_spiel_env] INFO:    open_spiel_chess
[kaggle_environments.envs.open_spiel_env.open_spiel_env] INFO:    open_spiel_clobber
[kaggle_environments.envs.open_spiel_env.open_spiel_env] INFO:    open_spiel_coin_game
[kaggle_environments.envs.open_spiel_env.open_spiel_env] INFO:    open_spiel_connect_four
[kaggle_environments.envs.open_spiel_env.open_spiel_env] INFO:    open_spiel_dark_hex
[kaggle_environments.envs.open_spiel_env.open_spiel_env] INFO:    open_spiel_gin_rummy
[kaggle_environments.envs.open_spiel_env.open_spiel_env] INFO:    open_spiel_go
[kaggle_environments.envs.open_spiel_env.open_spiel_env] INFO:    open_spiel_goofspiel
[kaggle_environments.envs.open_spiel_env.open_spiel_env] INFO:    open_spiel_hearts
[kaggle_environments.envs.open_spiel_env.open_spiel_env] INFO:    open_spiel_hex
[kaggle_environments.envs.open_spiel_env.open_spiel_env] INFO:    open_spiel_lines_of_action
[kaggle_environments.envs.open_spiel_env.open_spiel_env] INFO:    open_spiel_matching_pennies_3p
[kaggle_environments.envs.open_spiel_env.open_spiel_env] INFO:    open_spiel_oshi_zumo
[kaggle_environments.envs.open_spiel_env.open_spiel_env] INFO:    open_spiel_othello
[kaggle_environments.envs.open_spiel_env.open_spiel_env] INFO:    open_spiel_repeated_game
[kaggle_environments.envs.open_spiel_env.open_spiel_env] INFO:    open_spiel_tic_tac_toe
[kaggle_environments.envs.open_spiel_env.open_spiel_env] INFO:    open_spiel_y
[kaggle_environments.envs.open_spiel_env.open_spiel_env] INFO:    open_spiel_universal_poker
[kaggle_environments.envs.open_spiel_env.open_spiel_env] INFO:    open_spiel_repeated_poker
[kaggle_environments.envs.open_spiel_env.open_spiel_env] INFO:    open_spiel_python_repeated_pokerkit
[kaggle_environments.envs.open_spiel_env.open_spiel_env] INFO: OpenSpiel games skipped: 1.
[kaggle_environments.envs.open_spiel_env.open_spiel_env] INFO:    snake
agent A (player 0): submission_rl_v11_f29_u299.py
agent B (player 1): submission_v20_0513.py
running 5 games, seed_base=0...

  [game 1/5] seed=0 steps=153 p0_outcome=loss elapsed=32.8s
  [game 2/5] seed=1 steps=137 p0_outcome=loss elapsed=17.1s
  [game 3/5] seed=2 steps=88 p0_outcome=loss elapsed=9.3s
  [game 4/5] seed=3 steps=209 p0_outcome=loss elapsed=42.5s
  [game 5/5] seed=4 steps=180 p0_outcome=loss elapsed=14.7s

################ WINDOW = first_80turns ################
=== A = submission_rl_v11_f29_u299.py (player 0) (5 games, 767 turns) ===
  outcome              W/L/D = 0/5/0
  mean_emits_per_turn  = 1.20
  zero_emit_rate       = 0.65%
  mean_ships_per_fleet = 14.99
  mean_garrison_my     = 56.07
  p95_garrison_my      = 196
  fleets_launched      = 827
  fleet_flip_rate      = 2.78%   (fleets whose arrival flipped a planet)
  fleet_nonflip_rate   = 94.44%   (crude proxy; see source for caveat)
  captures             = 23
  pct_bin_distribution (bin@val: pct):
      bin0 @ 0.10: 10.0%
      bin1 @ 0.20: 3.8%
      bin2 @ 0.30: 2.7%
      bin3 @ 0.40: 3.1%
      bin4 @ 0.55: 9.8%
      bin5 @ 0.70: 0.6%
      bin6 @ 0.85: 0.8%
      bin7 @ 1.00: 69.1%
  emit_count_distribution (n_emits per turn: pct):
      0: 1.2%
      1: 89.8%
      2: 5.0%
      3: 1.5%
      4: 0.5%
      5: 0.8%
      6: 0.0%
      7: 0.2%
      8: 1.0%

=== B = submission_v20_0513.py (player 1) (5 games, 767 turns) ===
  outcome              W/L/D = 5/0/0
  mean_emits_per_turn  = 0.71
  zero_emit_rate       = 31.29%
  mean_ships_per_fleet = 16.76
  mean_garrison_my     = 183.29
  p95_garrison_my      = 714
  fleets_launched      = 624
  fleet_flip_rate      = 17.31%   (fleets whose arrival flipped a planet)
  fleet_nonflip_rate   = 73.88%   (crude proxy; see source for caveat)
  captures             = 108
  pct_bin_distribution (bin@val: pct):
      bin0 @ 0.10: 2.1%
      bin1 @ 0.20: 2.5%
      bin2 @ 0.30: 4.2%
      bin3 @ 0.40: 15.8%
      bin4 @ 0.55: 12.6%
      bin5 @ 0.70: 23.9%
      bin6 @ 0.85: 7.7%
      bin7 @ 1.00: 31.2%
  emit_count_distribution (n_emits per turn: pct):
      0: 60.0%
      1: 24.2%
      2: 8.5%
      3: 4.0%
      4: 1.5%
      5: 0.5%
      6: 0.5%
      7: 0.2%
      8: 0.5%


################ WINDOW = full_game ################
=== A = submission_rl_v11_f29_u299.py (player 0) (5 games, 767 turns) ===
  outcome              W/L/D = 0/5/0
  mean_emits_per_turn  = 1.08
  zero_emit_rate       = 29.73%
  mean_ships_per_fleet = 14.56
  mean_garrison_my     = 37.14
  p95_garrison_my      = 164
  fleets_launched      = 827
  fleet_flip_rate      = 2.78%   (fleets whose arrival flipped a planet)
  fleet_nonflip_rate   = 94.44%   (crude proxy; see source for caveat)
  captures             = 23
  pct_bin_distribution (bin@val: pct):
      bin0 @ 0.10: 11.7%
      bin1 @ 0.20: 4.7%
      bin2 @ 0.30: 3.7%
      bin3 @ 0.40: 4.8%
      bin4 @ 0.55: 8.2%
      bin5 @ 0.70: 1.7%
      bin6 @ 0.85: 2.2%
      bin7 @ 1.00: 62.9%
  emit_count_distribution (n_emits per turn: pct):
      0: 29.7%
      1: 57.1%
      2: 4.2%
      3: 2.6%
      4: 2.5%
      5: 1.7%
      6: 0.5%
      7: 0.5%
      8: 1.2%

=== B = submission_v20_0513.py (player 1) (5 games, 767 turns) ===
  outcome              W/L/D = 5/0/0
  mean_emits_per_turn  = 0.81
  zero_emit_rate       = 62.06%
  mean_ships_per_fleet = 20.42
  mean_garrison_my     = 1442.65
  p95_garrison_my      = 6368
  fleets_launched      = 624
  fleet_flip_rate      = 17.31%   (fleets whose arrival flipped a planet)
  fleet_nonflip_rate   = 73.88%   (crude proxy; see source for caveat)
  captures             = 108
  pct_bin_distribution (bin@val: pct):
      bin0 @ 0.10: 10.9%
      bin1 @ 0.20: 7.4%
      bin2 @ 0.30: 6.9%
      bin3 @ 0.40: 14.3%
      bin4 @ 0.55: 13.1%
      bin5 @ 0.70: 15.9%
      bin6 @ 0.85: 7.2%
      bin7 @ 1.00: 24.4%
  emit_count_distribution (n_emits per turn: pct):
      0: 62.1%
      1: 20.3%
      2: 7.2%
      3: 4.8%
      4: 2.1%
      5: 1.3%
      6: 0.4%
      7: 0.5%
      8: 1.3%

[saved] logs/replay_analyze/v11_f29_u299_vs_v20.json

================================================================
tag=v11_f29_u299  spf=14.99  garr=56.07  flip=2.78%  z0=0.7%  e2+=9.0%  WLD=0/5/0

Day5 first-80 gate (Top10 calibrated):
  spf  > 10    actual 14.99    OK
  garr > 60    actual 56.07   FAIL
  flip > 6%    actual 2.78%  FAIL
  e2+  > 5%    actual 9.0% OK
================================================================
[2026-05-29 00:24:49] replay v11_f29_u599 (ckpt_multi_action_v11_f29/ckpt_000599.pkl)
[quick_replay] ckpt=ckpt_multi_action_v11_f29/ckpt_000599.pkl  template=submission_rl_v11_f29.py  out=submission_rl_v11_f29_u599.py  json=logs/replay_analyze/v11_f29_u599_vs_v20.json
[export] loaded 80 param tensors; total floats = 679,757
[export] arch: planet=28 global=17 K=8 d_model=128
[export] running parity test against ckpt_multi_action_v11_f29/ckpt_000599.pkl (tol=0.005, num_states=16)
parity_check multi-action (ckpt=ckpt_multi_action_v11_f29/ckpt_000599.pkl; tol=0.005; states=16; K=8)
  arch: d_model=128 n_layers=2 n_heads=4 ff_dim=512
  [OK ] whole-turn action list match: 16/16
  [INFO] emit count match: 16/16
  [INFO] value drift max=4.768e-06 mean=2.000e-06
[export] raw weights ~2655.3KB, compressed+base64 ~3294.1KB
[export] wrote submission_rl_v11_f29_u599.py
[export] importing and smoke-testing agent()...
[export] smoke forward: 1 launch(es) src=[0] dst=[2] pct=[6]
[export] smoke agent() moves: [[0, 1.5707963267948966, 102]]
[92m00:25:12 - LiteLLM:WARNING[0m: get_model_cost_map.py:271 - LiteLLM: Failed to fetch remote model cost map from https://raw.githubusercontent.com/BerriAI/litellm/main/model_prices_and_context_window.json: The read operation timed out. Falling back to local backup.
[kaggle_environments.envs.open_spiel_env.open_spiel_env] INFO: Successfully loaded OpenSpiel environments: 23.
[kaggle_environments.envs.open_spiel_env.open_spiel_env] INFO:    open_spiel_amazons
[kaggle_environments.envs.open_spiel_env.open_spiel_env] INFO:    open_spiel_backgammon
[kaggle_environments.envs.open_spiel_env.open_spiel_env] INFO:    open_spiel_checkers
[kaggle_environments.envs.open_spiel_env.open_spiel_env] INFO:    open_spiel_chess
[kaggle_environments.envs.open_spiel_env.open_spiel_env] INFO:    open_spiel_clobber
[kaggle_environments.envs.open_spiel_env.open_spiel_env] INFO:    open_spiel_coin_game
[kaggle_environments.envs.open_spiel_env.open_spiel_env] INFO:    open_spiel_connect_four
[kaggle_environments.envs.open_spiel_env.open_spiel_env] INFO:    open_spiel_dark_hex
[kaggle_environments.envs.open_spiel_env.open_spiel_env] INFO:    open_spiel_gin_rummy
[kaggle_environments.envs.open_spiel_env.open_spiel_env] INFO:    open_spiel_go
[kaggle_environments.envs.open_spiel_env.open_spiel_env] INFO:    open_spiel_goofspiel
[kaggle_environments.envs.open_spiel_env.open_spiel_env] INFO:    open_spiel_hearts
[kaggle_environments.envs.open_spiel_env.open_spiel_env] INFO:    open_spiel_hex
[kaggle_environments.envs.open_spiel_env.open_spiel_env] INFO:    open_spiel_lines_of_action
[kaggle_environments.envs.open_spiel_env.open_spiel_env] INFO:    open_spiel_matching_pennies_3p
[kaggle_environments.envs.open_spiel_env.open_spiel_env] INFO:    open_spiel_oshi_zumo
[kaggle_environments.envs.open_spiel_env.open_spiel_env] INFO:    open_spiel_othello
[kaggle_environments.envs.open_spiel_env.open_spiel_env] INFO:    open_spiel_repeated_game
[kaggle_environments.envs.open_spiel_env.open_spiel_env] INFO:    open_spiel_tic_tac_toe
[kaggle_environments.envs.open_spiel_env.open_spiel_env] INFO:    open_spiel_y
[kaggle_environments.envs.open_spiel_env.open_spiel_env] INFO:    open_spiel_universal_poker
[kaggle_environments.envs.open_spiel_env.open_spiel_env] INFO:    open_spiel_repeated_poker
[kaggle_environments.envs.open_spiel_env.open_spiel_env] INFO:    open_spiel_python_repeated_pokerkit
[kaggle_environments.envs.open_spiel_env.open_spiel_env] INFO: OpenSpiel games skipped: 1.
[kaggle_environments.envs.open_spiel_env.open_spiel_env] INFO:    snake
agent A (player 0): submission_rl_v11_f29_u599.py
agent B (player 1): submission_v20_0513.py
running 5 games, seed_base=0...

  [game 1/5] seed=0 steps=146 p0_outcome=loss elapsed=33.4s
  [game 2/5] seed=1 steps=126 p0_outcome=loss elapsed=5.5s
  [game 3/5] seed=2 steps=95 p0_outcome=loss elapsed=10.2s
  [game 4/5] seed=3 steps=173 p0_outcome=loss elapsed=33.9s
  [game 5/5] seed=4 steps=139 p0_outcome=loss elapsed=6.7s

################ WINDOW = first_80turns ################
=== A = submission_rl_v11_f29_u599.py (player 0) (5 games, 679 turns) ===
  outcome              W/L/D = 0/5/0
  mean_emits_per_turn  = 1.57
  zero_emit_rate       = 1.03%
  mean_ships_per_fleet = 13.15
  mean_garrison_my     = 44.60
  p95_garrison_my      = 194
  fleets_launched      = 791
  fleet_flip_rate      = 3.03%   (fleets whose arrival flipped a planet)
  fleet_nonflip_rate   = 96.84%   (crude proxy; see source for caveat)
  captures             = 24
  pct_bin_distribution (bin@val: pct):
      bin0 @ 0.10: 9.7%
      bin1 @ 0.20: 4.6%
      bin2 @ 0.30: 4.8%
      bin3 @ 0.40: 2.9%
      bin4 @ 0.55: 6.4%
      bin5 @ 0.70: 2.2%
      bin6 @ 0.85: 3.3%
      bin7 @ 1.00: 66.0%
  emit_count_distribution (n_emits per turn: pct):
      0: 1.8%
      1: 68.0%
      2: 14.0%
      3: 7.2%
      4: 7.0%
      5: 1.5%
      6: 0.2%
      7: 0.0%
      8: 0.2%

=== B = submission_v20_0513.py (player 1) (5 games, 679 turns) ===
  outcome              W/L/D = 5/0/0
  mean_emits_per_turn  = 0.71
  zero_emit_rate       = 36.52%
  mean_ships_per_fleet = 18.89
  mean_garrison_my     = 199.73
  p95_garrison_my      = 878
  fleets_launched      = 509
  fleet_flip_rate      = 20.63%   (fleets whose arrival flipped a planet)
  fleet_nonflip_rate   = 71.71%   (crude proxy; see source for caveat)
  captures             = 105
  pct_bin_distribution (bin@val: pct):
      bin0 @ 0.10: 1.1%
      bin1 @ 0.20: 2.8%
      bin2 @ 0.30: 3.9%
      bin3 @ 0.40: 19.8%
      bin4 @ 0.55: 12.7%
      bin5 @ 0.70: 20.5%
      bin6 @ 0.85: 8.1%
      bin7 @ 1.00: 31.1%
  emit_count_distribution (n_emits per turn: pct):
      0: 62.0%
      1: 22.5%
      2: 7.8%
      3: 3.5%
      4: 3.0%
      5: 0.2%
      6: 0.0%
      7: 0.2%
      8: 0.8%


################ WINDOW = full_game ################
=== A = submission_rl_v11_f29_u599.py (player 0) (5 games, 679 turns) ===
  outcome              W/L/D = 0/5/0
  mean_emits_per_turn  = 1.16
  zero_emit_rate       = 26.36%
  mean_ships_per_fleet = 12.05
  mean_garrison_my     = 33.02
  p95_garrison_my      = 161
  fleets_launched      = 791
  fleet_flip_rate      = 3.03%   (fleets whose arrival flipped a planet)
  fleet_nonflip_rate   = 96.84%   (crude proxy; see source for caveat)
  captures             = 24
  pct_bin_distribution (bin@val: pct):
      bin0 @ 0.10: 10.1%
      bin1 @ 0.20: 4.3%
      bin2 @ 0.30: 4.3%
      bin3 @ 0.40: 2.7%
      bin4 @ 0.55: 5.6%
      bin5 @ 0.70: 2.3%
      bin6 @ 0.85: 3.3%
      bin7 @ 1.00: 67.5%
  emit_count_distribution (n_emits per turn: pct):
      0: 26.4%
      1: 51.1%
      2: 10.9%
      3: 4.9%
      4: 5.4%
      5: 1.0%
      6: 0.1%
      7: 0.0%
      8: 0.1%

=== B = submission_v20_0513.py (player 1) (5 games, 679 turns) ===
  outcome              W/L/D = 5/0/0
  mean_emits_per_turn  = 0.75
  zero_emit_rate       = 66.57%
  mean_ships_per_fleet = 20.75
  mean_garrison_my     = 955.65
  p95_garrison_my      = 4109
  fleets_launched      = 509
  fleet_flip_rate      = 20.63%   (fleets whose arrival flipped a planet)
  fleet_nonflip_rate   = 71.71%   (crude proxy; see source for caveat)
  captures             = 105
  pct_bin_distribution (bin@val: pct):
      bin0 @ 0.10: 7.3%
      bin1 @ 0.20: 5.3%
      bin2 @ 0.30: 4.7%
      bin3 @ 0.40: 17.7%
      bin4 @ 0.55: 14.5%
      bin5 @ 0.70: 14.9%
      bin6 @ 0.85: 7.1%
      bin7 @ 1.00: 28.5%
  emit_count_distribution (n_emits per turn: pct):
      0: 66.6%
      1: 18.6%
      2: 5.7%
      3: 3.2%
      4: 2.7%
      5: 0.9%
      6: 0.6%
      7: 0.3%
      8: 1.5%

[saved] logs/replay_analyze/v11_f29_u599_vs_v20.json

================================================================
tag=v11_f29_u599  spf=13.15  garr=44.60  flip=3.03%  z0=1.0%  e2+=30.2%  WLD=0/5/0

Day5 first-80 gate (Top10 calibrated):
  spf  > 10    actual 13.15    OK
  garr > 60    actual 44.60   FAIL
  flip > 6%    actual 3.03%  FAIL
  e2+  > 5%    actual 30.2% OK
================================================================
[2026-05-29 00:26:43] === TRACK f29_buf ===
[2026-05-29 00:26:43] train start cfg=orbit_wars_rl/configs/multi_action_v11_f29_buf.yaml -> logs/v11_f29_buf.log
[reward] kaggle-aligned: terminal +1 win/+1 tie>0/-1 loss/-1 double-wipeout; is_terminal at step >= episode_steps-2; SHAPING_SCALE=0.0; v1: KEEP_HOME=0.0 FLEET_SIZE=0.0/norm20.0; v2 (expert-replay calibrated): PROD_SHARE=0.0 PLANET_SHARE=0.005 FLEET_LOG=0.0/ref500.0/floor0.3; v3 (top10-2630ep calibrated): PROD_SHARE_DELTA=1.0 EMIT_LOG=0.0 EMIT_GATED=0.0 RELEASE=0.05/K20.0 CAPTURE=0.02; episode_steps=500 (kaggle=500, mismatch=False)
[buffer-curriculum] buffer_path=data/mixed_v20_top10.npz buffer_reset_ratio=0.5
[buffer-curriculum] loaded 113776 states from data/mixed_v20_top10.npz
upd    0  steps   32768  sps 676  opp rand  loss -0.004  pg -0.0021  v 0.034  ev +0.47  adv_std 0.192  tR -0.28  ent[s/d/p/e] 1.06/2.84/0.21/0.62  emits 1.92  spf 8.9  z0 0.03  garr 7.5  tG 56  e2 0.44  nF 35.7  pS 0.18  ptS 0.18  fLog 0.29  pdΔ -0.3151  pkR 27.27  clip 0.03  kl +0.003
upd    1  steps   65536  sps 1227  opp rand  loss -0.006  pg -0.0029  v 0.031  ev +0.45  adv_std 0.235  tR -0.60  ent[s/d/p/e] 1.25/2.85/0.22/0.61  emits 2.09  spf 10.6  z0 0.05  garr 9.6  tG 100  e2 0.49  nF 42.2  pS 0.23  ptS 0.23  fLog 0.30  pdΔ -0.2742  pkR 23.51  clip 0.04  kl +0.003
upd    2  steps   98304  sps 1684  opp rand  loss -0.009  pg -0.0037  v 0.020  ev +0.59  adv_std 0.197  tR -0.40  ent[s/d/p/e] 1.10/2.84/0.22/0.63  emits 1.88  spf 10.1  z0 0.04  garr 9.0  tG 75  e2 0.44  nF 36.6  pS 0.19  ptS 0.19  fLog 0.30  pdΔ -0.3071  pkR 30.92  clip 0.06  kl +0.004
upd    3  steps  131072  sps 2069  opp rand  loss -0.009  pg -0.0030  v 0.014  ev +0.72  adv_std 0.182  tR -0.68  ent[s/d/p/e] 1.13/2.84/0.21/0.63  emits 1.81  spf 10.0  z0 0.07  garr 9.0  tG 81  e2 0.42  nF 36.9  pS 0.20  ptS 0.20  fLog 0.30  pdΔ -0.3019  pkR 18.45  clip 0.06  kl +0.004
upd    4  steps  163840  sps 2399  opp rand  loss -0.010  pg -0.0031  v 0.014  ev +0.79  adv_std 0.184  tR -0.54  ent[s/d/p/e] 1.26/2.83/0.24/0.62  emits 1.98  spf 10.9  z0 0.07  garr 9.9  tG 92  e2 0.46  nF 37.7  pS 0.23  ptS 0.23  fLog 0.31  pdΔ -0.2745  pkR 15.89  clip 0.07  kl +0.005
upd    5  steps  196608  sps 2684  opp rand  loss -0.010  pg -0.0032  v 0.011  ev +0.84  adv_std 0.178  tR -0.59  ent[s/d/p/e] 1.10/2.83/0.20/0.62  emits 1.82  spf 10.0  z0 0.06  garr 9.5  tG 92  e2 0.42  nF 35.5  pS 0.19  ptS 0.20  fLog 0.29  pdΔ -0.3066  pkR 20.03  clip 0.09  kl +0.006
upd    6  steps  229376  sps 2933  opp rand  loss -0.010  pg -0.0021  v 0.011  ev +0.88  adv_std 0.169  tR -0.64  ent[s/d/p/e] 1.22/2.84/0.23/0.62  emits 1.96  spf 10.9  z0 0.07  garr 11.1  tG 109  e2 0.47  nF 38.2  pS 0.23  ptS 0.23  fLog 0.31  pdΔ -0.2685  pkR 22.63  clip 0.11  kl +0.006
upd    7  steps  262144  sps 3152  opp rand  loss -0.009  pg -0.0020  v 0.012  ev +0.90  adv_std 0.186  tR -0.46  ent[s/d/p/e] 1.25/2.84/0.24/0.64  emits 1.85  spf 13.1  z0 0.06  garr 13.6  tG 152  e2 0.43  nF 35.6  pS 0.25  ptS 0.24  fLog 0.32  pdΔ -0.2549  pkR 15.46  clip 0.12  kl +0.007
upd    8  steps  294912  sps 3346  opp rand  loss -0.010  pg -0.0025  v 0.012  ev +0.93  adv_std 0.183  tR -0.30  ent[s/d/p/e] 1.34/2.83/0.26/0.65  emits 1.77  spf 14.9  z0 0.06  garr 16.5  tG 199  e2 0.40  nF 33.8  pS 0.27  ptS 0.27  fLog 0.34  pdΔ -0.2267  pkR 14.01  clip 0.14  kl +0.008
upd    9  steps  327680  sps 3520  opp rand  loss -0.011  pg -0.0036  v 0.012  ev +0.94  adv_std 0.176  tR -0.35  ent[s/d/p/e] 1.30/2.83/0.25/0.64  emits 1.74  spf 14.9  z0 0.06  garr 16.6  tG 191  e2 0.40  nF 33.2  pS 0.27  ptS 0.27  fLog 0.33  pdΔ -0.2350  pkR 14.47  clip 0.14  kl +0.007
upd   10  steps  360448  sps 3676  opp rand  loss -0.010  pg -0.0029  v 0.013  ev +0.94  adv_std 0.183  tR -0.39  ent[s/d/p/e] 1.29/2.83/0.25/0.64  emits 1.69  spf 15.6  z0 0.06  garr 17.8  tG 217  e2 0.37  nF 33.1  pS 0.27  ptS 0.27  fLog 0.34  pdΔ -0.2315  pkR 13.46  clip 0.14  kl +0.007
upd   11  steps  393216  sps 3817  opp rand  loss -0.010  pg -0.0031  v 0.013  ev +0.94  adv_std 0.178  tR -0.37  ent[s/d/p/e] 1.18/2.83/0.22/0.64  emits 1.73  spf 13.6  z0 0.06  garr 15.0  tG 161  e2 0.40  nF 33.2  pS 0.24  ptS 0.24  fLog 0.32  pdΔ -0.2609  pkR 20.65  clip 0.13  kl +0.006
upd   12  steps  425984  sps 3945  opp rand  loss -0.011  pg -0.0033  v 0.014  ev +0.95  adv_std 0.179  tR -0.45  ent[s/d/p/e] 1.32/2.82/0.25/0.64  emits 1.70  spf 16.3  z0 0.05  garr 19.0  tG 227  e2 0.38  nF 31.7  pS 0.28  ptS 0.28  fLog 0.34  pdΔ -0.2244  pkR 12.14  clip 0.14  kl +0.007
upd   13  steps  458752  sps 4062  opp rand  loss -0.010  pg -0.0035  v 0.015  ev +0.95  adv_std 0.183  tR -0.29  ent[s/d/p/e] 1.29/2.81/0.25/0.65  emits 1.61  spf 16.7  z0 0.05  garr 19.4  tG 232  e2 0.36  nF 30.6  pS 0.27  ptS 0.27  fLog 0.34  pdΔ -0.2268  pkR 15.77  clip 0.16  kl +0.008
upd   14  steps  491520  sps 4169  opp rand  loss -0.011  pg -0.0043  v 0.016  ev +0.95  adv_std 0.186  tR -0.15  ent[s/d/p/e] 1.31/2.81/0.25/0.64  emits 1.71  spf 16.0  z0 0.04  garr 19.9  tG 222  e2 0.39  nF 31.7  pS 0.28  ptS 0.27  fLog 0.34  pdΔ -0.2191  pkR 16.74  clip 0.17  kl +0.008
upd   15  steps  524288  sps 4268  opp rand  loss -0.010  pg -0.0032  v 0.012  ev +0.95  adv_std 0.170  tR -0.53  ent[s/d/p/e] 1.13/2.81/0.23/0.64  emits 1.55  spf 14.8  z0 0.06  garr 18.4  tG 201  e2 0.35  nF 31.5  pS 0.24  ptS 0.24  fLog 0.32  pdΔ -0.2628  pkR 16.51  clip 0.16  kl +0.008
upd   16  steps  557056  sps 4358  opp rand  loss -0.010  pg -0.0037  v 0.014  ev +0.95  adv_std 0.180  tR -0.24  ent[s/d/p/e] 1.17/2.81/0.24/0.63  emits 1.47  spf 16.5  z0 0.06  garr 21.0  tG 237  e2 0.31  nF 29.3  pS 0.25  ptS 0.25  fLog 0.33  pdΔ -0.2496  pkR 15.05  clip 0.15  kl +0.008
upd   17  steps  589824  sps 4442  opp rand  loss -0.010  pg -0.0029  v 0.015  ev +0.96  adv_std 0.184  tR -0.19  ent[s/d/p/e] 1.25/2.81/0.25/0.63  emits 1.53  spf 17.0  z0 0.04  garr 22.3  tG 258  e2 0.33  nF 29.6  pS 0.28  ptS 0.27  fLog 0.33  pdΔ -0.2223  pkR 17.69  clip 0.16  kl +0.008
upd   18  steps  622592  sps 4520  opp rand  loss -0.011  pg -0.0044  v 0.014  ev +0.95  adv_std 0.182  tR -0.21  ent[s/d/p/e] 1.28/2.81/0.25/0.64  emits 1.52  spf 17.5  z0 0.04  garr 22.9  tG 252  e2 0.33  nF 29.0  pS 0.28  ptS 0.27  fLog 0.34  pdΔ -0.2249  pkR 13.13  clip 0.16  kl +0.007
upd   19  steps  655360  sps 4593  opp rand  loss -0.012  pg -0.0048  v 0.013  ev +0.96  adv_std 0.172  tR -0.12  ent[s/d/p/e] 1.31/2.81/0.26/0.63  emits 1.45  spf 19.4  z0 0.03  garr 25.2  tG 292  e2 0.30  nF 26.9  pS 0.29  ptS 0.29  fLog 0.35  pdΔ -0.2098  pkR 11.73  clip 0.15  kl +0.007
upd   20  steps  688128  sps 4660  opp rand  loss -0.013  pg -0.0047  v 0.011  ev +0.96  adv_std 0.159  tR -0.33  ent[s/d/p/e] 1.29/2.82/0.26/0.61  emits 1.40  spf 18.9  z0 0.04  garr 25.2  tG 287  e2 0.28  nF 26.3  pS 0.28  ptS 0.28  fLog 0.35  pdΔ -0.2160  pkR 14.15  clip 0.15  kl +0.007
upd   21  steps  720896  sps 4724  opp rand  loss -0.013  pg -0.0052  v 0.010  ev +0.97  adv_std 0.154  tR -0.25  ent[s/d/p/e] 1.28/2.81/0.26/0.61  emits 1.33  spf 20.1  z0 0.05  garr 27.2  tG 323  e2 0.25  nF 25.8  pS 0.29  ptS 0.28  fLog 0.34  pdΔ -0.2149  pkR 13.04  clip 0.14  kl +0.007
upd   22  steps  753664  sps 4783  opp rand  loss -0.014  pg -0.0065  v 0.012  ev +0.96  adv_std 0.163  tR -0.31  ent[s/d/p/e] 1.34/2.79/0.29/0.59  emits 1.38  spf 19.3  z0 0.04  garr 27.6  tG 295  e2 0.28  nF 25.9  pS 0.30  ptS 0.29  fLog 0.36  pdΔ -0.1975  pkR 11.50  clip 0.16  kl +0.007
upd   23  steps  786432  sps 4838  opp rand  loss -0.015  pg -0.0065  v 0.011  ev +0.97  adv_std 0.159  tR -0.08  ent[s/d/p/e] 1.44/2.78/0.29/0.58  emits 1.33  spf 24.5  z0 0.04  garr 32.8  tG 398  e2 0.25  nF 23.8  pS 0.33  ptS 0.33  fLog 0.38  pdΔ -0.1691  pkR 10.06  clip 0.16  kl +0.007
upd   24  steps  819200  sps 4891  opp rand  loss -0.015  pg -0.0075  v 0.011  ev +0.97  adv_std 0.158  tR +0.01  ent[s/d/p/e] 1.33/2.76/0.27/0.58  emits 1.35  spf 20.8  z0 0.04  garr 28.2  tG 313  e2 0.26  nF 24.6  pS 0.30  ptS 0.30  fLog 0.36  pdΔ -0.1994  pkR 9.97  clip 0.18  kl +0.008
upd   25  steps  851968  sps 4940  opp rand  loss -0.016  pg -0.0079  v 0.010  ev +0.97  adv_std 0.156  tR -0.20  ent[s/d/p/e] 1.33/2.77/0.28/0.58  emits 1.30  spf 23.6  z0 0.05  garr 30.6  tG 361  e2 0.25  nF 24.4  pS 0.30  ptS 0.30  fLog 0.37  pdΔ -0.2012  pkR 12.61  clip 0.17  kl +0.007
upd   26  steps  884736  sps 4987  opp rand  loss -0.016  pg -0.0083  v 0.011  ev +0.97  adv_std 0.165  tR -0.05  ent[s/d/p/e] 1.32/2.75/0.30/0.58  emits 1.31  spf 22.9  z0 0.05  garr 30.5  tG 357  e2 0.25  nF 23.4  pS 0.30  ptS 0.29  fLog 0.37  pdΔ -0.2011  pkR 12.98  clip 0.18  kl +0.007
upd   27  steps  917504  sps 5031  opp rand  loss -0.017  pg -0.0083  v 0.009  ev +0.97  adv_std 0.146  tR +0.05  ent[s/d/p/e] 1.30/2.75/0.28/0.58  emits 1.33  spf 21.4  z0 0.04  garr 28.4  tG 333  e2 0.26  nF 25.5  pS 0.30  ptS 0.29  fLog 0.36  pdΔ -0.2048  pkR 13.33  clip 0.18  kl +0.008
upd   28  steps  950272  sps 5072  opp rand  loss -0.018  pg -0.0093  v 0.010  ev +0.97  adv_std 0.157  tR -0.24  ent[s/d/p/e] 1.36/2.75/0.29/0.57  emits 1.29  spf 22.6  z0 0.05  garr 28.6  tG 317  e2 0.23  nF 22.9  pS 0.30  ptS 0.29  fLog 0.37  pdΔ -0.1973  pkR 11.80  clip 0.18  kl +0.007
upd   29  steps  983040  sps 5112  opp rand  loss -0.018  pg -0.0093  v 0.011  ev +0.97  adv_std 0.163  tR +0.14  ent[s/d/p/e] 1.42/2.75/0.31/0.57  emits 1.33  spf 23.5  z0 0.03  garr 30.7  tG 352  e2 0.25  nF 23.5  pS 0.32  ptS 0.31  fLog 0.37  pdΔ -0.1828  pkR 14.69  clip 0.19  kl +0.008
upd   30  steps 1015808  sps 5149  opp rand  loss -0.018  pg -0.0097  v 0.010  ev +0.97  adv_std 0.158  tR +0.01  ent[s/d/p/e] 1.39/2.74/0.32/0.56  emits 1.30  spf 22.3  z0 0.03  garr 28.3  tG 325  e2 0.24  nF 23.3  pS 0.32  ptS 0.31  fLog 0.37  pdΔ -0.1847  pkR 11.29  clip 0.20  kl +0.008
upd   31  steps 1048576  sps 5185  opp rand  loss -0.018  pg -0.0098  v 0.011  ev +0.97  adv_std 0.161  tR +0.05  ent[s/d/p/e] 1.35/2.73/0.30/0.57  emits 1.29  spf 22.2  z0 0.04  garr 28.2  tG 327  e2 0.24  nF 23.8  pS 0.31  ptS 0.30  fLog 0.37  pdΔ -0.1907  pkR 11.15  clip 0.19  kl +0.009
upd   32  steps 1081344  sps 5219  opp rand  loss -0.019  pg -0.0103  v 0.011  ev +0.97  adv_std 0.161  tR +0.25  ent[s/d/p/e] 1.45/2.74/0.33/0.55  emits 1.29  spf 26.3  z0 0.03  garr 33.6  tG 388  e2 0.22  nF 21.2  pS 0.34  ptS 0.33  fLog 0.39  pdΔ -0.1628  pkR 8.31  clip 0.19  kl +0.008
upd   33  steps 1114112  sps 5252  opp rand  loss -0.021  pg -0.0120  v 0.011  ev +0.97  adv_std 0.166  tR +0.19  ent[s/d/p/e] 1.46/2.73/0.33/0.52  emits 1.28  spf 28.4  z0 0.03  garr 36.2  tG 428  e2 0.22  nF 21.7  pS 0.34  ptS 0.33  fLog 0.40  pdΔ -0.1579  pkR 8.13  clip 0.20  kl +0.009
upd   34  steps 1146880  sps 5283  opp rand  loss -0.020  pg -0.0115  v 0.010  ev +0.97  adv_std 0.160  tR +0.15  ent[s/d/p/e] 1.42/2.73/0.32/0.52  emits 1.25  spf 25.2  z0 0.04  garr 30.5  tG 357  e2 0.21  nF 22.0  pS 0.32  ptS 0.31  fLog 0.38  pdΔ -0.1782  pkR 11.94  clip 0.20  kl +0.008
upd   35  steps 1179648  sps 5312  opp rand  loss -0.020  pg -0.0115  v 0.011  ev +0.97  adv_std 0.161  tR +0.20  ent[s/d/p/e] 1.42/2.73/0.32/0.53  emits 1.26  spf 23.9  z0 0.03  garr 29.8  tG 346  e2 0.21  nF 23.2  pS 0.33  ptS 0.32  fLog 0.38  pdΔ -0.1690  pkR 12.03  clip 0.19  kl +0.009
upd   36  steps 1212416  sps 5340  opp rand  loss -0.020  pg -0.0111  v 0.009  ev +0.97  adv_std 0.151  tR +0.18  ent[s/d/p/e] 1.37/2.72/0.32/0.54  emits 1.27  spf 24.5  z0 0.04  garr 29.6  tG 341  e2 0.22  nF 23.4  pS 0.32  ptS 0.31  fLog 0.38  pdΔ -0.1797  pkR 8.64  clip 0.21  kl +0.010
upd   37  steps 1245184  sps 5367  opp rand  loss -0.021  pg -0.0127  v 0.010  ev +0.97  adv_std 0.161  tR +0.16  ent[s/d/p/e] 1.41/2.71/0.34/0.53  emits 1.24  spf 27.2  z0 0.05  garr 32.9  tG 392  e2 0.20  nF 20.9  pS 0.33  ptS 0.32  fLog 0.39  pdΔ -0.1655  pkR 10.06  clip 0.21  kl +0.010
upd   38  steps 1277952  sps 5393  opp rand  loss -0.021  pg -0.0120  v 0.011  ev +0.97  adv_std 0.164  tR +0.06  ent[s/d/p/e] 1.44/2.71/0.34/0.53  emits 1.26  spf 28.1  z0 0.03  garr 33.5  tG 383  e2 0.20  nF 20.6  pS 0.34  ptS 0.33  fLog 0.40  pdΔ -0.1639  pkR 9.91  clip 0.21  kl +0.009
upd   39  steps 1310720  sps 5418  opp rand  loss -0.022  pg -0.0132  v 0.011  ev +0.97  adv_std 0.164  tR +0.21  ent[s/d/p/e] 1.53/2.69/0.36/0.50  emits 1.25  spf 30.9  z0 0.02  garr 37.4  tG 456  e2 0.19  nF 20.8  pS 0.37  ptS 0.36  fLog 0.41  pdΔ -0.1289  pkR 8.84  clip 0.22  kl +0.008
upd   40  steps 1343488  sps 5442  opp rand  loss -0.023  pg -0.0132  v 0.010  ev +0.98  adv_std 0.161  tR +0.49  ent[s/d/p/e] 1.56/2.70/0.39/0.50  emits 1.24  spf 33.7  z0 0.03  garr 39.5  tG 484  e2 0.19  nF 20.2  pS 0.37  ptS 0.37  fLog 0.42  pdΔ -0.1251  pkR 8.79  clip 0.22  kl +0.010
upd   41  steps 1376256  sps 5465  opp rand  loss -0.022  pg -0.0130  v 0.012  ev +0.97  adv_std 0.173  tR +0.26  ent[s/d/p/e] 1.48/2.67/0.37/0.49  emits 1.21  spf 32.4  z0 0.03  garr 37.9  tG 463  e2 0.18  nF 20.9  pS 0.36  ptS 0.35  fLog 0.41  pdΔ -0.1425  pkR 9.32  clip 0.22  kl +0.010
upd   42  steps 1409024  sps 5487  opp rand  loss -0.023  pg -0.0136  v 0.011  ev +0.97  adv_std 0.169  tR +0.24  ent[s/d/p/e] 1.60/2.68/0.40/0.49  emits 1.24  spf 32.7  z0 0.03  garr 38.3  tG 470  e2 0.19  nF 19.7  pS 0.40  ptS 0.38  fLog 0.43  pdΔ -0.1022  pkR 8.33  clip 0.23  kl +0.010
upd   43  steps 1441792  sps 5508  opp rand  loss -0.022  pg -0.0128  v 0.011  ev +0.97  adv_std 0.168  tR +0.61  ent[s/d/p/e] 1.47/2.67/0.38/0.50  emits 1.24  spf 29.3  z0 0.03  garr 34.0  tG 408  e2 0.19  nF 20.6  pS 0.36  ptS 0.35  fLog 0.41  pdΔ -0.1418  pkR 7.71  clip 0.23  kl +0.010
upd   44  steps 1474560  sps 5529  opp rand  loss -0.023  pg -0.0136  v 0.010  ev +0.98  adv_std 0.162  tR +0.28  ent[s/d/p/e] 1.46/2.67/0.37/0.49  emits 1.22  spf 31.3  z0 0.03  garr 33.4  tG 398  e2 0.18  nF 20.3  pS 0.34  ptS 0.34  fLog 0.41  pdΔ -0.1562  pkR 7.23  clip 0.22  kl +0.010
upd   45  steps 1507328  sps 5548  opp rand  loss -0.022  pg -0.0128  v 0.013  ev +0.97  adv_std 0.181  tR +0.40  ent[s/d/p/e] 1.53/2.65/0.41/0.51  emits 1.26  spf 34.2  z0 0.02  garr 36.6  tG 452  e2 0.20  nF 20.0  pS 0.38  ptS 0.37  fLog 0.43  pdΔ -0.1188  pkR 10.52  clip 0.24  kl +0.010
upd   46  steps 1540096  sps 5567  opp rand  loss -0.022  pg -0.0132  v 0.012  ev +0.98  adv_std 0.173  tR +0.39  ent[s/d/p/e] 1.58/2.67/0.40/0.49  emits 1.24  spf 36.1  z0 0.03  garr 37.3  tG 479  e2 0.18  nF 19.8  pS 0.39  ptS 0.38  fLog 0.43  pdΔ -0.1112  pkR 7.35  clip 0.23  kl +0.010
upd   47  steps 1572864  sps 5585  opp rand  loss -0.023  pg -0.0141  v 0.012  ev +0.97  adv_std 0.177  tR +0.38  ent[s/d/p/e] 1.55/2.65/0.42/0.48  emits 1.24  spf 33.2  z0 0.02  garr 37.2  tG 455  e2 0.18  nF 19.1  pS 0.38  ptS 0.37  fLog 0.42  pdΔ -0.1170  pkR 7.53  clip 0.25  kl +0.012
upd   48  steps 1605632  sps 5603  opp rand  loss -0.023  pg -0.0135  v 0.012  ev +0.98  adv_std 0.173  tR +0.51  ent[s/d/p/e] 1.54/2.64/0.43/0.49  emits 1.24  spf 35.2  z0 0.03  garr 37.1  tG 468  e2 0.18  nF 19.1  pS 0.39  ptS 0.38  fLog 0.44  pdΔ -0.1085  pkR 6.42  clip 0.25  kl +0.012
upd   49  steps 1638400  sps 5620  opp rand  loss -0.023  pg -0.0143  v 0.013  ev +0.97  adv_std 0.180  tR +0.44  ent[s/d/p/e] 1.53/2.62/0.43/0.50  emits 1.26  spf 32.5  z0 0.03  garr 35.2  tG 425  e2 0.18  nF 19.5  pS 0.38  ptS 0.36  fLog 0.43  pdΔ -0.1221  pkR 8.00  clip 0.24  kl +0.012 WRr 0.78 WRf 0.69
upd   50  steps 1671168  sps 5038  opp buf  loss -0.025  pg -0.0149  v 0.015  ev +0.98  adv_std 0.200  tR +0.45  ent[s/d/p/e] 1.85/2.72/0.50/0.48  emits 1.26  spf 43.5  z0 0.03  garr 47.3  tG 691  e2 0.19  nF 19.7  pS 0.45  ptS 0.43  fLog 0.47  pdΔ -0.0516  pkR 13.10  clip 0.26  kl +0.012
upd   51  steps 1703936  sps 4893  opp frzn  loss -0.023  pg -0.0140  v 0.014  ev +0.98  adv_std 0.192  tR +0.09  ent[s/d/p/e] 1.55/2.73/0.42/0.48  emits 1.18  spf 40.6  z0 0.07  garr 39.8  tG 654  e2 0.17  nF 20.6  pS 0.34  ptS 0.33  fLog 0.43  pdΔ -0.1583  pkR 13.38  clip 0.23  kl +0.012
upd   52  steps 1736704  sps 4912  opp buf  loss -0.024  pg -0.0142  v 0.014  ev +0.98  adv_std 0.189  tR +0.08  ent[s/d/p/e] 1.63/2.71/0.44/0.45  emits 1.17  spf 35.6  z0 0.06  garr 38.4  tG 547  e2 0.16  nF 20.5  pS 0.36  ptS 0.35  fLog 0.43  pdΔ -0.1447  pkR 24.63  clip 0.26  kl +0.013
upd   53  steps 1769472  sps 4931  opp buf  loss -0.024  pg -0.0143  v 0.014  ev +0.98  adv_std 0.195  tR +0.02  ent[s/d/p/e] 1.73/2.76/0.46/0.49  emits 1.19  spf 46.1  z0 0.08  garr 45.0  tG 831  e2 0.18  nF 20.3  pS 0.39  ptS 0.38  fLog 0.45  pdΔ -0.1123  pkR 18.04  clip 0.25  kl +0.013
upd   54  steps 1802240  sps 4949  opp frzn  loss -0.023  pg -0.0133  v 0.014  ev +0.98  adv_std 0.191  tR +0.28  ent[s/d/p/e] 1.61/2.69/0.46/0.47  emits 1.17  spf 43.6  z0 0.07  garr 41.3  tG 703  e2 0.16  nF 20.1  pS 0.36  ptS 0.36  fLog 0.44  pdΔ -0.1386  pkR 14.07  clip 0.25  kl +0.012
upd   55  steps 1835008  sps 4967  opp buf  loss -0.025  pg -0.0152  v 0.015  ev +0.98  adv_std 0.197  tR +0.16  ent[s/d/p/e] 1.66/2.67/0.47/0.46  emits 1.21  spf 37.2  z0 0.06  garr 39.3  tG 553  e2 0.17  nF 19.7  pS 0.38  ptS 0.37  fLog 0.44  pdΔ -0.1246  pkR 13.50  clip 0.27  kl +0.014
upd   56  steps 1867776  sps 4984  opp buf  loss -0.024  pg -0.0145  v 0.016  ev +0.98  adv_std 0.204  tR +0.20  ent[s/d/p/e] 1.85/2.79/0.49/0.48  emits 1.21  spf 54.0  z0 0.06  garr 51.6  tG 1000  e2 0.18  nF 20.5  pS 0.42  ptS 0.41  fLog 0.47  pdΔ -0.0819  pkR 11.61  clip 0.26  kl +0.013
upd   57  steps 1900544  sps 5001  opp buf  loss -0.025  pg -0.0142  v 0.017  ev +0.98  adv_std 0.210  tR +0.38  ent[s/d/p/e] 2.04/2.82/0.51/0.47  emits 1.25  spf 64.7  z0 0.03  garr 60.3  tG 1262  e2 0.17  nF 20.4  pS 0.48  ptS 0.47  fLog 0.51  pdΔ -0.0158  pkR 8.87  clip 0.27  kl +0.013
upd   58  steps 1933312  sps 5018  opp buf  loss -0.023  pg -0.0139  v 0.017  ev +0.98  adv_std 0.210  tR +0.40  ent[s/d/p/e] 1.81/2.79/0.45/0.48  emits 1.23  spf 53.7  z0 0.06  garr 49.1  tG 986  e2 0.18  nF 21.0  pS 0.41  ptS 0.40  fLog 0.47  pdΔ -0.0930  pkR 10.02  clip 0.26  kl +0.013
upd   59  steps 1966080  sps 5034  opp buf  loss -0.025  pg -0.0146  v 0.015  ev +0.99  adv_std 0.199  tR +0.12  ent[s/d/p/e] 1.85/2.78/0.46/0.46  emits 1.19  spf 50.4  z0 0.08  garr 47.3  tG 873  e2 0.16  nF 20.6  pS 0.41  ptS 0.40  fLog 0.47  pdΔ -0.0911  pkR 11.06  clip 0.26  kl +0.013
upd   60  steps 1998848  sps 5049  opp buf  loss -0.023  pg -0.0139  v 0.016  ev +0.99  adv_std 0.205  tR +0.10  ent[s/d/p/e] 1.71/2.76/0.45/0.48  emits 1.19  spf 49.1  z0 0.09  garr 41.3  tG 767  e2 0.17  nF 21.2  pS 0.37  ptS 0.36  fLog 0.45  pdΔ -0.1334  pkR 13.18  clip 0.25  kl +0.013
upd   61  steps 2031616  sps 5064  opp buf  loss -0.021  pg -0.0118  v 0.018  ev +0.99  adv_std 0.212  tR +0.13  ent[s/d/p/e] 1.75/2.79/0.44/0.48  emits 1.19  spf 52.9  z0 0.10  garr 45.4  tG 904  e2 0.17  nF 22.1  pS 0.37  ptS 0.36  fLog 0.46  pdΔ -0.1299  pkR 10.89  clip 0.27  kl +0.014
upd   62  steps 2064384  sps 5079  opp buf  loss -0.023  pg -0.0137  v 0.018  ev +0.98  adv_std 0.216  tR +0.09  ent[s/d/p/e] 1.75/2.75/0.45/0.46  emits 1.16  spf 50.4  z0 0.10  garr 43.2  tG 759  e2 0.16  nF 20.7  pS 0.36  ptS 0.36  fLog 0.46  pdΔ -0.1372  pkR 19.06  clip 0.26  kl +0.014
upd   63  steps 2097152  sps 5093  opp buf  loss -0.024  pg -0.0145  v 0.016  ev +0.99  adv_std 0.202  tR +0.13  ent[s/d/p/e] 1.68/2.72/0.45/0.47  emits 1.18  spf 50.9  z0 0.09  garr 43.8  tG 787  e2 0.16  nF 19.9  pS 0.36  ptS 0.36  fLog 0.46  pdΔ -0.1390  pkR 16.89  clip 0.26  kl +0.015
upd   64  steps 2129920  sps 5107  opp buf  loss -0.023  pg -0.0144  v 0.017  ev +0.98  adv_std 0.204  tR +0.15  ent[s/d/p/e] 1.70/2.69/0.46/0.42  emits 1.16  spf 50.7  z0 0.06  garr 46.2  tG 788  e2 0.14  nF 19.0  pS 0.37  ptS 0.37  fLog 0.46  pdΔ -0.1261  pkR 25.86  clip 0.27  kl +0.013
upd   65  steps 2162688  sps 5121  opp buf  loss -0.024  pg -0.0143  v 0.016  ev +0.99  adv_std 0.202  tR +0.16  ent[s/d/p/e] 1.77/2.71/0.49/0.44  emits 1.17  spf 50.3  z0 0.07  garr 47.4  tG 787  e2 0.15  nF 19.7  pS 0.40  ptS 0.39  fLog 0.47  pdΔ -0.1027  pkR 11.08  clip 0.27  kl +0.012
upd   66  steps 2195456  sps 5134  opp buf  loss -0.024  pg -0.0144  v 0.016  ev +0.99  adv_std 0.201  tR +0.21  ent[s/d/p/e] 1.77/2.72/0.47/0.44  emits 1.16  spf 54.3  z0 0.09  garr 47.3  tG 847  e2 0.15  nF 19.7  pS 0.39  ptS 0.38  fLog 0.47  pdΔ -0.1055  pkR 12.43  clip 0.27  kl +0.014
upd   67  steps 2228224  sps 5147  opp buf  loss -0.024  pg -0.0148  v 0.015  ev +0.98  adv_std 0.199  tR +0.17  ent[s/d/p/e] 1.68/2.68/0.47/0.42  emits 1.14  spf 44.8  z0 0.08  garr 42.4  tG 664  e2 0.14  nF 19.7  pS 0.36  ptS 0.35  fLog 0.45  pdΔ -0.1415  pkR 15.30  clip 0.27  kl +0.015
upd   68  steps 2260992  sps 5160  opp buf  loss -0.023  pg -0.0145  v 0.017  ev +0.98  adv_std 0.212  tR +0.07  ent[s/d/p/e] 1.68/2.68/0.46/0.43  emits 1.15  spf 45.5  z0 0.09  garr 43.0  tG 695  e2 0.14  nF 20.2  pS 0.36  ptS 0.36  fLog 0.45  pdΔ -0.1393  pkR 13.11  clip 0.26  kl +0.013
upd   69  steps 2293760  sps 5172  opp buf  loss -0.023  pg -0.0136  v 0.018  ev +0.99  adv_std 0.214  tR +0.25  ent[s/d/p/e] 1.77/2.68/0.47/0.44  emits 1.19  spf 60.2  z0 0.07  garr 52.2  tG 1014  e2 0.15  nF 19.6  pS 0.40  ptS 0.40  fLog 0.49  pdΔ -0.0953  pkR 11.58  clip 0.28  kl +0.015
upd   70  steps 2326528  sps 5184  opp buf  loss -0.022  pg -0.0131  v 0.018  ev +0.99  adv_std 0.217  tR -0.02  ent[s/d/p/e] 1.78/2.73/0.46/0.42  emits 1.14  spf 61.2  z0 0.09  garr 52.1  tG 1033  e2 0.13  nF 19.0  pS 0.39  ptS 0.39  fLog 0.49  pdΔ -0.1079  pkR 11.55  clip 0.27  kl +0.014
upd   71  steps 2359296  sps 5196  opp buf  loss -0.024  pg -0.0149  v 0.017  ev +0.99  adv_std 0.208  tR +0.07  ent[s/d/p/e] 1.82/2.71/0.48/0.41  emits 1.16  spf 67.5  z0 0.08  garr 57.5  tG 1134  e2 0.13  nF 18.2  pS 0.41  ptS 0.40  fLog 0.50  pdΔ -0.0936  pkR 9.05  clip 0.27  kl +0.014
upd   72  steps 2392064  sps 5208  opp buf  loss -0.024  pg -0.0143  v 0.020  ev +0.99  adv_std 0.226  tR +0.17  ent[s/d/p/e] 1.90/2.71/0.50/0.42  emits 1.19  spf 67.0  z0 0.08  garr 55.2  tG 1118  e2 0.15  nF 18.7  pS 0.44  ptS 0.43  fLog 0.51  pdΔ -0.0633  pkR 11.23  clip 0.28  kl +0.014
upd   73  steps 2424832  sps 5219  opp frzn  loss -0.022  pg -0.0137  v 0.019  ev +0.98  adv_std 0.218  tR +0.40  ent[s/d/p/e] 1.71/2.62/0.49/0.41  emits 1.20  spf 52.7  z0 0.06  garr 43.8  tG 786  e2 0.14  nF 19.0  pS 0.38  ptS 0.37  fLog 0.47  pdΔ -0.1203  pkR 11.20  clip 0.28  kl +0.015
upd   74  steps 2457600  sps 5230  opp buf  loss -0.024  pg -0.0154  v 0.018  ev +0.98  adv_std 0.217  tR +0.44  ent[s/d/p/e] 1.65/2.58/0.50/0.38  emits 1.18  spf 47.1  z0 0.04  garr 44.8  tG 657  e2 0.13  nF 19.1  pS 0.39  ptS 0.38  fLog 0.46  pdΔ -0.1145  pkR 12.26  clip 0.28  kl +0.015
upd   75  steps 2490368  sps 5241  opp frzn  loss -0.023  pg -0.0146  v 0.018  ev +0.98  adv_std 0.213  tR +0.11  ent[s/d/p/e] 1.54/2.53/0.48/0.35  emits 1.11  spf 49.2  z0 0.07  garr 43.9  tG 668  e2 0.10  nF 16.3  pS 0.34  ptS 0.34  fLog 0.46  pdΔ -0.1568  pkR 19.07  clip 0.27  kl +0.013
upd   76  steps 2523136  sps 5251  opp buf  loss -0.025  pg -0.0163  v 0.021  ev +0.98  adv_std 0.226  tR +0.33  ent[s/d/p/e] 1.72/2.52/0.55/0.37  emits 1.17  spf 51.6  z0 0.04  garr 51.7  tG 713  e2 0.12  nF 16.1  pS 0.43  ptS 0.42  fLog 0.50  pdΔ -0.0669  pkR 11.09  clip 0.30  kl +0.014
upd   77  steps 2555904  sps 5261  opp buf  loss -0.024  pg -0.0153  v 0.023  ev +0.98  adv_std 0.243  tR +0.32  ent[s/d/p/e] 1.85/2.63/0.54/0.42  emits 1.22  spf 64.3  z0 0.05  garr 56.2  tG 1060  e2 0.15  nF 18.0  pS 0.45  ptS 0.44  fLog 0.51  pdΔ -0.0531  pkR 12.28  clip 0.29  kl +0.015
upd   78  steps 2588672  sps 5271  opp buf  loss -0.022  pg -0.0133  v 0.020  ev +0.99  adv_std 0.225  tR +0.19  ent[s/d/p/e] 1.69/2.65/0.50/0.40  emits 1.16  spf 52.6  z0 0.07  garr 45.5  tG 808  e2 0.13  nF 20.5  pS 0.36  ptS 0.36  fLog 0.47  pdΔ -0.1380  pkR 10.54  clip 0.28  kl +0.015
upd   79  steps 2621440  sps 5281  opp frzn  loss -0.022  pg -0.0141  v 0.019  ev +0.99  adv_std 0.222  tR +0.12  ent[s/d/p/e] 1.51/2.52/0.48/0.40  emits 1.14  spf 50.0  z0 0.07  garr 43.3  tG 724  e2 0.12  nF 18.6  pS 0.35  ptS 0.34  fLog 0.46  pdΔ -0.1513  pkR 12.74  clip 0.29  kl +0.016
upd   80  steps 2654208  sps 5291  opp buf  loss -0.024  pg -0.0160  v 0.021  ev +0.98  adv_std 0.232  tR +0.49  ent[s/d/p/e] 1.69/2.51/0.54/0.37  emits 1.19  spf 49.5  z0 0.04  garr 49.7  tG 669  e2 0.13  nF 17.8  pS 0.42  ptS 0.41  fLog 0.49  pdΔ -0.0809  pkR 12.60  clip 0.30  kl +0.016
upd   81  steps 2686976  sps 5300  opp buf  loss -0.024  pg -0.0154  v 0.020  ev +0.99  adv_std 0.223  tR +0.18  ent[s/d/p/e] 1.70/2.59/0.52/0.41  emits 1.19  spf 52.4  z0 0.06  garr 48.8  tG 855  e2 0.14  nF 18.9  pS 0.41  ptS 0.40  fLog 0.48  pdΔ -0.0932  pkR 13.37  clip 0.29  kl +0.017
upd   82  steps 2719744  sps 5310  opp buf  loss -0.023  pg -0.0142  v 0.021  ev +0.99  adv_std 0.232  tR +0.14  ent[s/d/p/e] 1.75/2.63/0.51/0.42  emits 1.18  spf 61.6  z0 0.08  garr 50.5  tG 962  e2 0.14  nF 19.8  pS 0.39  ptS 0.39  fLog 0.49  pdΔ -0.1069  pkR 15.46  clip 0.29  kl +0.017
upd   83  steps 2752512  sps 5319  opp buf  loss -0.022  pg -0.0140  v 0.026  ev +0.98  adv_std 0.254  tR +0.16  ent[s/d/p/e] 1.78/2.60/0.53/0.42  emits 1.20  spf 61.8  z0 0.09  garr 50.5  tG 898  e2 0.15  nF 19.4  pS 0.40  ptS 0.40  fLog 0.50  pdΔ -0.0959  pkR 14.16  clip 0.30  kl +0.018
upd   84  steps 2785280  sps 5328  opp buf  loss -0.021  pg -0.0129  v 0.022  ev +0.99  adv_std 0.236  tR +0.11  ent[s/d/p/e] 1.78/2.62/0.52/0.42  emits 1.22  spf 66.0  z0 0.09  garr 50.3  tG 910  e2 0.15  nF 19.0  pS 0.39  ptS 0.39  fLog 0.51  pdΔ -0.1059  pkR 12.35  clip 0.29  kl +0.015
upd   85  steps 2818048  sps 5336  opp buf  loss -0.021  pg -0.0124  v 0.019  ev +0.99  adv_std 0.221  tR +0.08  ent[s/d/p/e] 1.73/2.61/0.50/0.40  emits 1.17  spf 64.1  z0 0.09  garr 51.5  tG 1017  e2 0.13  nF 19.0  pS 0.38  ptS 0.38  fLog 0.50  pdΔ -0.1154  pkR 14.41  clip 0.29  kl +0.016
upd   86  steps 2850816  sps 5345  opp frzn  loss -0.020  pg -0.0117  v 0.024  ev +0.99  adv_std 0.241  tR +0.33  ent[s/d/p/e] 1.82/2.55/0.55/0.38  emits 1.29  spf 70.1  z0 0.04  garr 55.7  tG 1085  e2 0.14  nF 18.3  pS 0.45  ptS 0.44  fLog 0.52  pdΔ -0.0515  pkR 12.90  clip 0.30  kl +0.015
upd   87  steps 2883584  sps 5353  opp buf  loss -0.025  pg -0.0164  v 0.021  ev +0.98  adv_std 0.228  tR +0.45  ent[s/d/p/e] 1.62/2.47/0.54/0.38  emits 1.20  spf 50.3  z0 0.04  garr 48.0  tG 692  e2 0.13  nF 17.2  pS 0.40  ptS 0.39  fLog 0.48  pdΔ -0.0985  pkR 11.23  clip 0.29  kl +0.015
upd   88  steps 2916352  sps 5361  opp frzn  loss -0.022  pg -0.0144  v 0.022  ev +0.98  adv_std 0.239  tR +0.38  ent[s/d/p/e] 1.64/2.47/0.55/0.37  emits 1.21  spf 55.6  z0 0.03  garr 48.4  tG 827  e2 0.12  nF 17.2  pS 0.41  ptS 0.41  fLog 0.49  pdΔ -0.0891  pkR 13.20  clip 0.29  kl +0.013
upd   89  steps 2949120  sps 5370  opp buf  loss -0.024  pg -0.0164  v 0.024  ev +0.98  adv_std 0.245  tR +0.41  ent[s/d/p/e] 1.63/2.46/0.56/0.36  emits 1.18  spf 52.3  z0 0.04  garr 48.5  tG 701  e2 0.12  nF 17.5  pS 0.40  ptS 0.39  fLog 0.49  pdΔ -0.1029  pkR 13.44  clip 0.30  kl +0.015
upd   90  steps 2981888  sps 5377  opp buf  loss -0.023  pg -0.0150  v 0.021  ev +0.99  adv_std 0.232  tR +0.03  ent[s/d/p/e] 1.71/2.55/0.52/0.39  emits 1.18  spf 63.9  z0 0.08  garr 50.9  tG 954  e2 0.13  nF 18.4  pS 0.40  ptS 0.40  fLog 0.50  pdΔ -0.0993  pkR 12.27  clip 0.30  kl +0.019
upd   91  steps 3014656  sps 5385  opp buf  loss -0.022  pg -0.0135  v 0.024  ev +0.99  adv_std 0.247  tR +0.12  ent[s/d/p/e] 1.77/2.54/0.55/0.39  emits 1.23  spf 76.5  z0 0.08  garr 57.0  tG 1061  e2 0.15  nF 18.1  pS 0.41  ptS 0.40  fLog 0.53  pdΔ -0.0872  pkR 15.15  clip 0.30  kl +0.018
upd   92  steps 3047424  sps 5393  opp buf  loss -0.021  pg -0.0124  v 0.023  ev +0.99  adv_std 0.238  tR +0.02  ent[s/d/p/e] 1.75/2.54/0.56/0.38  emits 1.19  spf 60.8  z0 0.08  garr 49.3  tG 819  e2 0.13  nF 18.3  pS 0.40  ptS 0.38  fLog 0.50  pdΔ -0.1049  pkR 10.92  clip 0.30  kl +0.017
upd   93  steps 3080192  sps 5400  opp frzn  loss -0.022  pg -0.0141  v 0.023  ev +0.98  adv_std 0.240  tR +0.32  ent[s/d/p/e] 1.62/2.44/0.54/0.39  emits 1.23  spf 55.6  z0 0.06  garr 44.4  tG 708  e2 0.14  nF 17.8  pS 0.39  ptS 0.38  fLog 0.49  pdΔ -0.1114  pkR 11.31  clip 0.30  kl +0.015
upd   94  steps 3112960  sps 5408  opp buf  loss -0.024  pg -0.0165  v 0.022  ev +0.98  adv_std 0.236  tR +0.34  ent[s/d/p/e] 1.59/2.41/0.55/0.34  emits 1.17  spf 51.1  z0 0.04  garr 48.9  tG 664  e2 0.11  nF 17.6  pS 0.40  ptS 0.39  fLog 0.48  pdΔ -0.1001  pkR 10.10  clip 0.31  kl +0.017
upd   95  steps 3145728  sps 5415  opp buf  loss -0.022  pg -0.0136  v 0.024  ev +0.99  adv_std 0.246  tR +0.09  ent[s/d/p/e] 1.72/2.48/0.54/0.38  emits 1.16  spf 60.3  z0 0.07  garr 50.3  tG 870  e2 0.13  nF 18.2  pS 0.41  ptS 0.40  fLog 0.50  pdΔ -0.0941  pkR 14.34  clip 0.31  kl +0.018
upd   96  steps 3178496  sps 5422  opp buf  loss -0.020  pg -0.0124  v 0.028  ev +0.99  adv_std 0.262  tR +0.28  ent[s/d/p/e] 1.82/2.53/0.56/0.41  emits 1.28  spf 72.8  z0 0.05  garr 55.5  tG 1071  e2 0.15  nF 19.1  pS 0.44  ptS 0.43  fLog 0.53  pdΔ -0.0581  pkR 9.63  clip 0.32  kl +0.021
upd   97  steps 3211264  sps 5429  opp buf  loss -0.021  pg -0.0126  v 0.026  ev +0.99  adv_std 0.256  tR +0.18  ent[s/d/p/e] 1.88/2.54/0.56/0.41  emits 1.26  spf 78.6  z0 0.08  garr 57.2  tG 1107  e2 0.15  nF 18.1  pS 0.44  ptS 0.43  fLog 0.55  pdΔ -0.0568  pkR 11.77  clip 0.31  kl +0.019
upd   98  steps 3244032  sps 5436  opp frzn  loss -0.018  pg -0.0119  v 0.032  ev +0.98  adv_std 0.279  tR +0.37  ent[s/d/p/e] 1.73/2.45/0.57/0.39  emits 1.25  spf 80.8  z0 0.05  garr 57.2  tG 1087  e2 0.14  nF 17.1  pS 0.43  ptS 0.42  fLog 0.53  pdΔ -0.0744  pkR 17.08  clip 0.32  kl +0.017
upd   99  steps 3276800  sps 5442  opp buf  loss -0.020  pg -0.0122  v 0.027  ev +0.98  adv_std 0.260  tR +0.59  ent[s/d/p/e] 1.74/2.44/0.58/0.40  emits 1.27  spf 66.0  z0 0.03  garr 55.5  tG 896  e2 0.15  nF 16.7  pS 0.46  ptS 0.45  fLog 0.53  pdΔ -0.0440  pkR 14.10  clip 0.31  kl +0.017 WRr 0.84 WRf 0.84
[ckpt] saved ./ckpt_multi_action_v11_f29_buf/ckpt_000099.pkl
upd  100  steps 3309568  sps 5335  opp buf  loss -0.021  pg -0.0137  v 0.031  ev +0.99  adv_std 0.278  tR +0.11  ent[s/d/p/e] 1.76/2.51/0.57/0.41  emits 1.27  spf 76.2  z0 0.07  garr 53.7  tG 1010  e2 0.15  nF 18.4  pS 0.41  ptS 0.40  fLog 0.52  pdΔ -0.0940  pkR 9.68  clip 0.30  kl +0.016
upd  101  steps 3342336  sps 5342  opp frzn  loss -0.022  pg -0.0141  v 0.027  ev +0.99  adv_std 0.262  tR +0.33  ent[s/d/p/e] 1.74/2.44/0.57/0.40  emits 1.28  spf 73.5  z0 0.06  garr 52.3  tG 963  e2 0.15  nF 17.8  pS 0.43  ptS 0.42  fLog 0.53  pdΔ -0.0720  pkR 9.48  clip 0.32  kl +0.019
upd  102  steps 3375104  sps 5349  opp buf  loss -0.024  pg -0.0160  v 0.025  ev +0.99  adv_std 0.254  tR +0.38  ent[s/d/p/e] 1.73/2.40/0.61/0.40  emits 1.25  spf 57.5  z0 0.05  garr 49.6  tG 768  e2 0.15  nF 18.0  pS 0.43  ptS 0.42  fLog 0.51  pdΔ -0.0670  pkR 15.30  clip 0.33  kl +0.020
upd  103  steps 3407872  sps 5356  opp buf  loss -0.020  pg -0.0124  v 0.028  ev +0.99  adv_std 0.263  tR +0.30  ent[s/d/p/e] 1.78/2.49/0.58/0.41  emits 1.31  spf 79.5  z0 0.06  garr 55.9  tG 1052  e2 0.16  nF 19.4  pS 0.42  ptS 0.41  fLog 0.52  pdΔ -0.0815  pkR 18.06  clip 0.32  kl +0.021
upd  104  steps 3440640  sps 5363  opp buf  loss -0.022  pg -0.0144  v 0.026  ev +0.99  adv_std 0.254  tR -0.08  ent[s/d/p/e] 1.70/2.44/0.58/0.37  emits 1.17  spf 60.7  z0 0.09  garr 45.5  tG 755  e2 0.12  nF 18.2  pS 0.38  ptS 0.37  fLog 0.50  pdΔ -0.1220  pkR 10.91  clip 0.31  kl +0.018
upd  105  steps 3473408  sps 5370  opp buf  loss -0.023  pg -0.0145  v 0.026  ev +0.99  adv_std 0.256  tR +0.17  ent[s/d/p/e] 1.79/2.45/0.60/0.40  emits 1.26  spf 68.9  z0 0.07  garr 51.4  tG 891  e2 0.15  nF 18.5  pS 0.41  ptS 0.41  fLog 0.53  pdΔ -0.0892  pkR 10.07  clip 0.32  kl +0.019
upd  106  steps 3506176  sps 5377  opp buf  loss -0.020  pg -0.0126  v 0.032  ev +0.99  adv_std 0.285  tR +0.12  ent[s/d/p/e] 1.82/2.50/0.58/0.39  emits 1.27  spf 64.2  z0 0.08  garr 45.4  tG 814  e2 0.14  nF 19.2  pS 0.39  ptS 0.39  fLog 0.52  pdΔ -0.1095  pkR 11.10  clip 0.32  kl +0.018
upd  107  steps 3538944  sps 5383  opp buf  loss -0.019  pg -0.0125  v 0.033  ev +0.99  adv_std 0.286  tR +0.14  ent[s/d/p/e] 1.78/2.43/0.60/0.40  emits 1.25  spf 76.1  z0 0.07  garr 54.4  tG 978  e2 0.15  nF 18.1  pS 0.40  ptS 0.40  fLog 0.53  pdΔ -0.0963  pkR 14.48  clip 0.33  kl +0.020
upd  108  steps 3571712  sps 5390  opp buf  loss -0.022  pg -0.0140  v 0.028  ev +0.99  adv_std 0.266  tR +0.06  ent[s/d/p/e] 1.76/2.42/0.60/0.38  emits 1.26  spf 69.7  z0 0.08  garr 50.3  tG 817  e2 0.14  nF 17.3  pS 0.40  ptS 0.40  fLog 0.53  pdΔ -0.0956  pkR 13.06  clip 0.31  kl +0.016
upd  109  steps 3604480  sps 5396  opp buf  loss -0.021  pg -0.0142  v 0.029  ev +0.99  adv_std 0.270  tR +0.20  ent[s/d/p/e] 1.73/2.45/0.58/0.39  emits 1.27  spf 64.7  z0 0.08  garr 45.4  tG 768  e2 0.14  nF 17.2  pS 0.37  ptS 0.36  fLog 0.52  pdΔ -0.1292  pkR 16.40  clip 0.30  kl +0.016
upd  110  steps 3637248  sps 5402  opp buf  loss -0.025  pg -0.0165  v 0.024  ev +0.99  adv_std 0.248  tR +0.09  ent[s/d/p/e] 1.70/2.42/0.56/0.41  emits 1.27  spf 61.0  z0 0.07  garr 48.6  tG 801  e2 0.15  nF 18.5  pS 0.39  ptS 0.38  fLog 0.51  pdΔ -0.1123  pkR 21.19  clip 0.31  kl +0.018
upd  111  steps 3670016  sps 5409  opp frzn  loss -0.022  pg -0.0155  v 0.029  ev +0.98  adv_std 0.268  tR +0.03  ent[s/d/p/e] 1.54/2.31/0.58/0.35  emits 1.20  spf 57.5  z0 0.08  garr 42.8  tG 600  e2 0.12  nF 17.5  pS 0.33  ptS 0.33  fLog 0.49  pdΔ -0.1693  pkR 30.66  clip 0.30  kl +0.017
upd  112  steps 3702784  sps 5415  opp frzn  loss -0.022  pg -0.0146  v 0.029  ev +0.97  adv_std 0.267  tR +0.31  ent[s/d/p/e] 1.61/2.21/0.64/0.37  emits 1.22  spf 51.6  z0 0.03  garr 51.0  tG 598  e2 0.13  nF 15.3  pS 0.42  ptS 0.41  fLog 0.51  pdΔ -0.0843  pkR 12.21  clip 0.34  kl +0.019
upd  113  steps 3735552  sps 5421  opp buf  loss -0.025  pg -0.0171  v 0.027  ev +0.98  adv_std 0.261  tR +0.35  ent[s/d/p/e] 1.68/2.30/0.60/0.40  emits 1.26  spf 58.3  z0 0.05  garr 49.6  tG 713  e2 0.15  nF 17.2  pS 0.42  ptS 0.41  fLog 0.52  pdΔ -0.0795  pkR 11.24  clip 0.32  kl +0.017
upd  114  steps 3768320  sps 5427  opp frzn  loss -0.019  pg -0.0125  v 0.030  ev +0.98  adv_std 0.276  tR +0.37  ent[s/d/p/e] 1.67/2.34/0.59/0.41  emits 1.29  spf 58.7  z0 0.05  garr 45.3  tG 714  e2 0.15  nF 18.1  pS 0.40  ptS 0.39  fLog 0.50  pdΔ -0.0994  pkR 12.59  clip 0.33  kl +0.021
upd  115  steps 3801088  sps 5433  opp buf  loss -0.024  pg -0.0158  v 0.029  ev +0.98  adv_std 0.275  tR +0.34  ent[s/d/p/e] 1.84/2.36/0.65/0.43  emits 1.35  spf 65.6  z0 0.05  garr 54.1  tG 822  e2 0.17  nF 17.3  pS 0.45  ptS 0.45  fLog 0.55  pdΔ -0.0454  pkR 10.91  clip 0.34  kl +0.019
upd  116  steps 3833856  sps 5438  opp frzn  loss -0.022  pg -0.0152  v 0.031  ev +0.98  adv_std 0.275  tR +0.42  ent[s/d/p/e] 1.73/2.34/0.61/0.41  emits 1.33  spf 64.5  z0 0.06  garr 47.2  tG 774  e2 0.16  nF 16.8  pS 0.41  ptS 0.41  fLog 0.53  pdΔ -0.0851  pkR 11.09  clip 0.32  kl +0.018
upd  117  steps 3866624  sps 5444  opp buf  loss -0.022  pg -0.0141  v 0.030  ev +0.98  adv_std 0.277  tR +0.63  ent[s/d/p/e] 1.77/2.30/0.64/0.42  emits 1.38  spf 63.7  z0 0.03  garr 51.8  tG 797  e2 0.18  nF 17.9  pS 0.45  ptS 0.44  fLog 0.53  pdΔ -0.0481  pkR 18.54  clip 0.34  kl +0.021
upd  118  steps 3899392  sps 5449  opp buf  loss -0.019  pg -0.0123  v 0.036  ev +0.99  adv_std 0.299  tR +0.32  ent[s/d/p/e] 1.87/2.45/0.65/0.44  emits 1.41  spf 71.3  z0 0.07  garr 50.7  tG 919  e2 0.19  nF 18.9  pS 0.43  ptS 0.42  fLog 0.54  pdΔ -0.0742  pkR 14.62  clip 0.33  kl +0.019
upd  119  steps 3932160  sps 5455  opp frzn  loss -0.024  pg -0.0153  v 0.026  ev +0.99  adv_std 0.259  tR +0.36  ent[s/d/p/e] 1.72/2.34/0.64/0.42  emits 1.37  spf 67.1  z0 0.06  garr 48.7  tG 798  e2 0.17  nF 17.5  pS 0.40  ptS 0.39  fLog 0.53  pdΔ -0.0992  pkR 13.85  clip 0.32  kl +0.018
upd  120  steps 3964928  sps 5460  opp buf  loss -0.024  pg -0.0166  v 0.029  ev +0.98  adv_std 0.272  tR +0.50  ent[s/d/p/e] 1.69/2.24/0.66/0.39  emits 1.27  spf 55.0  z0 0.03  garr 51.8  tG 646  e2 0.15  nF 16.6  pS 0.42  ptS 0.41  fLog 0.51  pdΔ -0.0807  pkR 15.88  clip 0.34  kl +0.022
upd  121  steps 3997696  sps 5466  opp buf  loss -0.022  pg -0.0147  v 0.034  ev +0.99  adv_std 0.294  tR +0.12  ent[s/d/p/e] 1.81/2.34/0.65/0.41  emits 1.31  spf 72.3  z0 0.06  garr 54.5  tG 845  e2 0.16  nF 17.0  pS 0.42  ptS 0.41  fLog 0.54  pdΔ -0.0796  pkR 9.62  clip 0.33  kl +0.021
upd  122  steps 4030464  sps 5471  opp buf  loss -0.022  pg -0.0151  v 0.034  ev +0.99  adv_std 0.294  tR +0.18  ent[s/d/p/e] 1.79/2.37/0.63/0.42  emits 1.36  spf 80.5  z0 0.06  garr 55.7  tG 969  e2 0.17  nF 18.8  pS 0.40  ptS 0.39  fLog 0.53  pdΔ -0.1016  pkR 14.08  clip 0.33  kl +0.020
upd  123  steps 4063232  sps 5476  opp buf  loss -0.019  pg -0.0130  v 0.034  ev +0.99  adv_std 0.295  tR -0.05  ent[s/d/p/e] 1.76/2.35/0.61/0.42  emits 1.27  spf 77.3  z0 0.11  garr 48.8  tG 845  e2 0.15  nF 18.9  pS 0.37  ptS 0.36  fLog 0.52  pdΔ -0.1337  pkR 17.88  clip 0.32  kl +0.021
upd  124  steps 4096000  sps 5481  opp buf  loss -0.021  pg -0.0148  v 0.036  ev +0.99  adv_std 0.303  tR +0.12  ent[s/d/p/e] 1.87/2.33/0.64/0.41  emits 1.35  spf 86.9  z0 0.07  garr 58.7  tG 1020  e2 0.17  nF 17.6  pS 0.42  ptS 0.42  fLog 0.56  pdΔ -0.0770  pkR 11.30  clip 0.33  kl +0.021
upd  125  steps 4128768  sps 5486  opp frzn  loss -0.019  pg -0.0135  v 0.042  ev +0.98  adv_std 0.318  tR +0.39  ent[s/d/p/e] 1.80/2.29/0.66/0.41  emits 1.35  spf 84.8  z0 0.04  garr 58.2  tG 1016  e2 0.16  nF 16.2  pS 0.44  ptS 0.43  fLog 0.56  pdΔ -0.0645  pkR 10.00  clip 0.33  kl +0.019
upd  126  steps 4161536  sps 5491  opp frzn  loss -0.022  pg -0.0154  v 0.030  ev +0.98  adv_std 0.272  tR +0.38  ent[s/d/p/e] 1.50/2.18/0.63/0.38  emits 1.22  spf 53.8  z0 0.04  garr 45.0  tG 570  e2 0.12  nF 16.6  pS 0.37  ptS 0.36  fLog 0.49  pdΔ -0.1290  pkR 13.96  clip 0.32  kl +0.017
upd  127  steps 4194304  sps 5496  opp frzn  loss -0.022  pg -0.0150  v 0.030  ev +0.97  adv_std 0.272  tR +0.51  ent[s/d/p/e] 1.55/2.13/0.68/0.40  emits 1.25  spf 53.6  z0 0.03  garr 50.0  tG 608  e2 0.14  nF 15.9  pS 0.42  ptS 0.41  fLog 0.51  pdΔ -0.0800  pkR 6.79  clip 0.35  kl +0.020
upd  128  steps 4227072  sps 5501  opp frzn  loss -0.024  pg -0.0164  v 0.027  ev +0.97  adv_std 0.262  tR +0.73  ent[s/d/p/e] 1.55/2.15/0.69/0.42  emits 1.31  spf 59.1  z0 0.01  garr 53.4  tG 657  e2 0.16  nF 15.3  pS 0.43  ptS 0.42  fLog 0.52  pdΔ -0.0673  pkR 7.95  clip 0.35  kl +0.020
upd  129  steps 4259840  sps 5506  opp buf  loss -0.026  pg -0.0189  v 0.033  ev +0.98  adv_std 0.291  tR +0.57  ent[s/d/p/e] 1.65/2.19/0.68/0.43  emits 1.29  spf 67.5  z0 0.02  garr 59.8  tG 778  e2 0.16  nF 15.9  pS 0.43  ptS 0.42  fLog 0.54  pdΔ -0.0727  pkR 9.53  clip 0.35  kl +0.022
upd  130  steps 4292608  sps 5510  opp frzn  loss -0.023  pg -0.0165  v 0.034  ev +0.98  adv_std 0.292  tR +0.39  ent[s/d/p/e] 1.65/2.21/0.65/0.43  emits 1.31  spf 70.7  z0 0.05  garr 52.4  tG 821  e2 0.16  nF 16.5  pS 0.41  ptS 0.40  fLog 0.53  pdΔ -0.0910  pkR 12.37  clip 0.33  kl +0.017
upd  131  steps 4325376  sps 5515  opp buf  loss -0.024  pg -0.0172  v 0.034  ev +0.98  adv_std 0.295  tR +0.54  ent[s/d/p/e] 1.70/2.18/0.70/0.41  emits 1.31  spf 65.4  z0 0.02  garr 57.3  tG 759  e2 0.16  nF 15.9  pS 0.45  ptS 0.43  fLog 0.54  pdΔ -0.0541  pkR 9.22  clip 0.35  kl +0.021
upd  132  steps 4358144  sps 5520  opp frzn  loss -0.024  pg -0.0163  v 0.031  ev +0.99  adv_std 0.281  tR +0.47  ent[s/d/p/e] 1.69/2.22/0.67/0.45  emits 1.36  spf 71.5  z0 0.05  garr 52.3  tG 879  e2 0.18  nF 17.1  pS 0.42  ptS 0.41  fLog 0.53  pdΔ -0.0786  pkR 11.68  clip 0.33  kl +0.020
upd  133  steps 4390912  sps 5524  opp buf  loss -0.022  pg -0.0161  v 0.037  ev +0.98  adv_std 0.305  tR +0.55  ent[s/d/p/e] 1.67/2.16/0.68/0.39  emits 1.26  spf 59.1  z0 0.04  garr 51.2  tG 683  e2 0.15  nF 16.7  pS 0.42  ptS 0.41  fLog 0.52  pdΔ -0.0823  pkR 13.83  clip 0.35  kl +0.021
upd  134  steps 4423680  sps 5529  opp buf  loss -0.024  pg -0.0175  v 0.034  ev +0.99  adv_std 0.291  tR +0.19  ent[s/d/p/e] 1.69/2.22/0.66/0.43  emits 1.28  spf 77.6  z0 0.07  garr 53.2  tG 839  e2 0.16  nF 17.5  pS 0.42  ptS 0.41  fLog 0.53  pdΔ -0.0849  pkR 13.01  clip 0.34  kl +0.021
upd  135  steps 4456448  sps 5533  opp buf  loss -0.021  pg -0.0151  v 0.037  ev +0.99  adv_std 0.301  tR +0.20  ent[s/d/p/e] 1.78/2.24/0.65/0.41  emits 1.33  spf 88.5  z0 0.06  garr 58.9  tG 1025  e2 0.16  nF 17.7  pS 0.41  ptS 0.41  fLog 0.55  pdΔ -0.0859  pkR 17.98  clip 0.34  kl +0.021
upd  136  steps 4489216  sps 5537  opp buf  loss -0.021  pg -0.0154  v 0.041  ev +0.99  adv_std 0.318  tR +0.08  ent[s/d/p/e] 1.77/2.24/0.67/0.43  emits 1.34  spf 90.3  z0 0.07  garr 59.7  tG 977  e2 0.17  nF 16.5  pS 0.41  ptS 0.40  fLog 0.56  pdΔ -0.0919  pkR 13.90  clip 0.34  kl +0.021
upd  137  steps 4521984  sps 5542  opp buf  loss -0.020  pg -0.0150  v 0.041  ev +0.99  adv_std 0.319  tR +0.28  ent[s/d/p/e] 1.76/2.25/0.66/0.44  emits 1.38  spf 93.6  z0 0.06  garr 62.0  tG 1002  e2 0.18  nF 17.0  pS 0.42  ptS 0.41  fLog 0.57  pdΔ -0.0810  pkR 12.26  clip 0.34  kl +0.021
upd  138  steps 4554752  sps 5546  opp frzn  loss -0.021  pg -0.0153  v 0.034  ev +0.99  adv_std 0.292  tR +0.14  ent[s/d/p/e] 1.52/2.14/0.61/0.41  emits 1.24  spf 76.3  z0 0.06  garr 54.3  tG 803  e2 0.14  nF 16.8  pS 0.37  ptS 0.35  fLog 0.52  pdΔ -0.1347  pkR 15.60  clip 0.32  kl +0.019
upd  139  steps 4587520  sps 5550  opp frzn  loss -0.023  pg -0.0168  v 0.037  ev +0.97  adv_std 0.304  tR +0.39  ent[s/d/p/e] 1.57/2.10/0.70/0.38  emits 1.29  spf 62.6  z0 0.03  garr 55.3  tG 683  e2 0.15  nF 15.8  pS 0.42  ptS 0.40  fLog 0.53  pdΔ -0.0829  pkR 13.53  clip 0.35  kl +0.020
upd  140  steps 4620288  sps 5554  opp buf  loss -0.024  pg -0.0177  v 0.036  ev +0.98  adv_std 0.301  tR +0.26  ent[s/d/p/e] 1.68/2.14/0.70/0.40  emits 1.28  spf 67.7  z0 0.05  garr 60.0  tG 757  e2 0.15  nF 15.2  pS 0.43  ptS 0.42  fLog 0.55  pdΔ -0.0662  pkR 11.68  clip 0.35  kl +0.019
upd  141  steps 4653056  sps 5558  opp buf  loss -0.022  pg -0.0163  v 0.036  ev +0.99  adv_std 0.302  tR +0.01  ent[s/d/p/e] 1.67/2.17/0.66/0.40  emits 1.26  spf 85.4  z0 0.06  garr 59.4  tG 916  e2 0.15  nF 16.3  pS 0.40  ptS 0.39  fLog 0.55  pdΔ -0.1017  pkR 13.22  clip 0.34  kl +0.021
upd  142  steps 4685824  sps 5562  opp buf  loss -0.021  pg -0.0157  v 0.039  ev +0.99  adv_std 0.311  tR +0.08  ent[s/d/p/e] 1.78/2.18/0.64/0.44  emits 1.37  spf 96.3  z0 0.07  garr 59.6  tG 1053  e2 0.18  nF 16.2  pS 0.43  ptS 0.42  fLog 0.57  pdΔ -0.0745  pkR 11.18  clip 0.34  kl +0.021
upd  143  steps 4718592  sps 5566  opp buf  loss -0.019  pg -0.0138  v 0.043  ev +0.99  adv_std 0.327  tR +0.11  ent[s/d/p/e] 1.78/2.15/0.67/0.42  emits 1.39  spf 99.8  z0 0.07  garr 61.5  tG 1096  e2 0.18  nF 16.5  pS 0.43  ptS 0.42  fLog 0.58  pdΔ -0.0728  pkR 12.85  clip 0.35  kl +0.025
upd  144  steps 4751360  sps 5570  opp frzn  loss -0.019  pg -0.0138  v 0.037  ev +0.99  adv_std 0.303  tR +0.21  ent[s/d/p/e] 1.58/2.12/0.61/0.39  emits 1.31  spf 82.7  z0 0.06  garr 50.1  tG 826  e2 0.15  nF 18.1  pS 0.36  ptS 0.36  fLog 0.52  pdΔ -0.1356  pkR 14.06  clip 0.33  kl +0.021
upd  145  steps 4784128  sps 5574  opp buf  loss -0.022  pg -0.0164  v 0.038  ev +0.98  adv_std 0.309  tR +0.29  ent[s/d/p/e] 1.72/2.07/0.69/0.39  emits 1.34  spf 79.5  z0 0.04  garr 58.6  tG 850  e2 0.16  nF 16.7  pS 0.44  ptS 0.42  fLog 0.56  pdΔ -0.0609  pkR 13.51  clip 0.34  kl +0.020
upd  146  steps 4816896  sps 5578  opp buf  loss -0.020  pg -0.0149  v 0.045  ev +0.99  adv_std 0.335  tR +0.25  ent[s/d/p/e] 1.82/2.13/0.67/0.43  emits 1.42  spf 94.7  z0 0.05  garr 61.1  tG 1064  e2 0.19  nF 16.7  pS 0.44  ptS 0.43  fLog 0.57  pdΔ -0.0589  pkR 11.44  clip 0.35  kl +0.021
upd  147  steps 4849664  sps 5581  opp buf  loss -0.018  pg -0.0136  v 0.044  ev +0.99  adv_std 0.327  tR +0.16  ent[s/d/p/e] 1.80/2.12/0.64/0.44  emits 1.32  spf 108.1  z0 0.07  garr 65.4  tG 1269  e2 0.17  nF 16.0  pS 0.43  ptS 0.42  fLog 0.58  pdΔ -0.0724  pkR 9.95  clip 0.34  kl +0.024
upd  148  steps 4882432  sps 5585  opp buf  loss -0.012  pg -0.0102  v 0.058  ev +0.99  adv_std 0.363  tR +0.09  ent[s/d/p/e] 1.83/2.15/0.65/0.42  emits 1.36  spf 110.3  z0 0.08  garr 64.7  tG 1253  e2 0.18  nF 16.6  pS 0.42  ptS 0.41  fLog 0.58  pdΔ -0.0805  pkR 11.85  clip 0.35  kl +0.025
upd  149  steps 4915200  sps 5589  opp frzn  loss -0.016  pg -0.0108  v 0.038  ev +0.99  adv_std 0.304  tR +0.32  ent[s/d/p/e] 1.69/2.05/0.63/0.43  emits 1.39  spf 105.7  z0 0.06  garr 60.7  tG 1140  e2 0.18  nF 16.6  pS 0.41  ptS 0.40  fLog 0.56  pdΔ -0.0883  pkR 12.54  clip 0.35  kl +0.024 WRr 0.88 WRf 0.72
upd  150  steps 4947968  sps 5511  opp buf  loss -0.020  pg -0.0152  v 0.043  ev +0.98  adv_std 0.328  tR +0.53  ent[s/d/p/e] 1.73/2.05/0.69/0.41  emits 1.44  spf 93.4  z0 0.03  garr 61.6  tG 994  e2 0.18  nF 16.6  pS 0.45  ptS 0.43  fLog 0.56  pdΔ -0.0547  pkR 17.37  clip 0.36  kl +0.023
upd  151  steps 4980736  sps 5515  opp frzn  loss -0.018  pg -0.0119  v 0.038  ev +0.99  adv_std 0.303  tR +0.41  ent[s/d/p/e] 1.69/2.04/0.66/0.41  emits 1.37  spf 84.8  z0 0.05  garr 58.0  tG 986  e2 0.16  nF 16.9  pS 0.42  ptS 0.41  fLog 0.54  pdΔ -0.0811  pkR 15.46  clip 0.34  kl +0.020
upd  152  steps 5013504  sps 5519  opp buf  loss -0.021  pg -0.0162  v 0.044  ev +0.98  adv_std 0.325  tR +0.63  ent[s/d/p/e] 1.71/2.04/0.69/0.40  emits 1.38  spf 80.9  z0 0.03  garr 61.3  tG 931  e2 0.17  nF 16.4  pS 0.45  ptS 0.43  fLog 0.55  pdΔ -0.0524  pkR 18.83  clip 0.35  kl +0.024
upd  153  steps 5046272  sps 5523  opp buf  loss -0.018  pg -0.0136  v 0.046  ev +0.99  adv_std 0.334  tR +0.18  ent[s/d/p/e] 1.68/2.05/0.67/0.41  emits 1.39  spf 98.6  z0 0.07  garr 60.7  tG 972  e2 0.17  nF 16.6  pS 0.39  ptS 0.39  fLog 0.56  pdΔ -0.1071  pkR 12.91  clip 0.33  kl +0.022
upd  154  steps 5079040  sps 5527  opp buf  loss -0.018  pg -0.0131  v 0.046  ev +0.99  adv_std 0.336  tR +0.20  ent[s/d/p/e] 1.78/2.03/0.68/0.40  emits 1.45  spf 108.2  z0 0.06  garr 67.4  tG 1095  e2 0.18  nF 16.3  pS 0.43  ptS 0.42  fLog 0.60  pdΔ -0.0690  pkR 12.26  clip 0.35  kl +0.026
upd  155  steps 5111808  sps 5531  opp buf  loss -0.014  pg -0.0115  v 0.058  ev +0.99  adv_std 0.371  tR +0.21  ent[s/d/p/e] 1.78/2.02/0.67/0.43  emits 1.48  spf 107.3  z0 0.06  garr 63.3  tG 1066  e2 0.20  nF 17.4  pS 0.42  ptS 0.41  fLog 0.59  pdΔ -0.0840  pkR 11.30  clip 0.35  kl +0.025
upd  156  steps 5144576  sps 5535  opp frzn  loss -0.017  pg -0.0126  v 0.043  ev +0.99  adv_std 0.329  tR +0.23  ent[s/d/p/e] 1.61/2.01/0.65/0.40  emits 1.39  spf 92.7  z0 0.05  garr 52.4  tG 858  e2 0.16  nF 17.2  pS 0.37  ptS 0.36  fLog 0.54  pdΔ -0.1311  pkR 13.94  clip 0.34  kl +0.021
upd  157  steps 5177344  sps 5539  opp buf  loss -0.021  pg -0.0157  v 0.036  ev +0.99  adv_std 0.295  tR +0.25  ent[s/d/p/e] 1.55/2.01/0.67/0.38  emits 1.30  spf 71.5  z0 0.06  garr 50.0  tG 663  e2 0.14  nF 16.8  pS 0.36  ptS 0.35  fLog 0.52  pdΔ -0.1434  pkR 15.76  clip 0.34  kl +0.023
upd  158  steps 5210112  sps 5542  opp frzn  loss -0.020  pg -0.0161  v 0.043  ev +0.99  adv_std 0.324  tR +0.07  ent[s/d/p/e] 1.53/1.89/0.66/0.40  emits 1.29  spf 92.3  z0 0.06  garr 56.8  tG 869  e2 0.15  nF 14.6  pS 0.38  ptS 0.37  fLog 0.55  pdΔ -0.1215  pkR 16.30  clip 0.35  kl +0.024
upd  159  steps 5242880  sps 5546  opp buf  loss -0.012  pg -0.0112  v 0.060  ev +0.98  adv_std 0.378  tR +0.18  ent[s/d/p/e] 1.63/1.95/0.70/0.40  emits 1.38  spf 108.2  z0 0.05  garr 67.7  tG 1019  e2 0.17  nF 15.4  pS 0.42  ptS 0.41  fLog 0.58  pdΔ -0.0819  pkR 16.44  clip 0.36  kl +0.025
upd  160  steps 5275648  sps 5550  opp buf  loss -0.017  pg -0.0141  v 0.055  ev +0.99  adv_std 0.364  tR +0.23  ent[s/d/p/e] 1.74/2.00/0.66/0.43  emits 1.51  spf 125.3  z0 0.05  garr 68.4  tG 1205  e2 0.20  nF 16.6  pS 0.43  ptS 0.42  fLog 0.60  pdΔ -0.0726  pkR 18.66  clip 0.34  kl +0.023
upd  161  steps 5308416  sps 5553  opp frzn  loss -0.012  pg -0.0105  v 0.061  ev +0.98  adv_std 0.379  tR +0.18  ent[s/d/p/e] 1.68/1.98/0.67/0.39  emits 1.51  spf 113.8  z0 0.05  garr 57.9  tG 984  e2 0.18  nF 17.8  pS 0.40  ptS 0.39  fLog 0.58  pdΔ -0.0998  pkR 18.50  clip 0.34  kl +0.023
upd  162  steps 5341184  sps 5557  opp buf  loss -0.019  pg -0.0154  v 0.047  ev +0.98  adv_std 0.337  tR +0.27  ent[s/d/p/e] 1.63/1.92/0.73/0.40  emits 1.39  spf 80.0  z0 0.05  garr 56.6  tG 750  e2 0.17  nF 15.7  pS 0.41  ptS 0.40  fLog 0.56  pdΔ -0.0917  pkR 18.15  clip 0.35  kl +0.022
upd  163  steps 5373952  sps 5560  opp buf  loss -0.014  pg -0.0121  v 0.054  ev +0.99  adv_std 0.361  tR +0.13  ent[s/d/p/e] 1.69/1.95/0.67/0.42  emits 1.45  spf 111.0  z0 0.06  garr 62.0  tG 1067  e2 0.19  nF 16.0  pS 0.41  ptS 0.39  fLog 0.58  pdΔ -0.0929  pkR 13.35  clip 0.35  kl +0.027
upd  164  steps 5406720  sps 5564  opp frzn  loss -0.015  pg -0.0123  v 0.052  ev +0.99  adv_std 0.350  tR +0.37  ent[s/d/p/e] 1.78/1.91/0.67/0.45  emits 1.60  spf 154.7  z0 0.05  garr 74.0  tG 1538  e2 0.23  nF 16.5  pS 0.45  ptS 0.44  fLog 0.62  pdΔ -0.0471  pkR 14.81  clip 0.35  kl +0.024
upd  165  steps 5439488  sps 5567  opp buf  loss -0.007  pg -0.0089  v 0.075  ev +0.98  adv_std 0.418  tR +0.45  ent[s/d/p/e] 1.73/1.95/0.68/0.42  emits 1.53  spf 134.3  z0 0.04  garr 72.5  tG 1262  e2 0.21  nF 16.6  pS 0.45  ptS 0.44  fLog 0.60  pdΔ -0.0527  pkR 20.61  clip 0.37  kl +0.030
upd  166  steps 5472256  sps 5570  opp buf  loss -0.013  pg -0.0121  v 0.065  ev +0.99  adv_std 0.392  tR +0.28  ent[s/d/p/e] 1.77/1.95/0.69/0.42  emits 1.56  spf 146.3  z0 0.06  garr 76.3  tG 1366  e2 0.21  nF 16.5  pS 0.43  ptS 0.41  fLog 0.62  pdΔ -0.0732  pkR 10.90  clip 0.35  kl +0.024
upd  167  steps 5505024  sps 5574  opp buf  loss -0.008  pg -0.0081  v 0.067  ev +0.99  adv_std 0.389  tR +0.15  ent[s/d/p/e] 1.70/1.91/0.68/0.42  emits 1.42  spf 114.9  z0 0.07  garr 65.8  tG 1050  e2 0.19  nF 16.5  pS 0.40  ptS 0.39  fLog 0.59  pdΔ -0.1025  pkR 14.18  clip 0.36  kl +0.027
upd  168  steps 5537792  sps 5577  opp buf  loss -0.017  pg -0.0144  v 0.052  ev +0.99  adv_std 0.353  tR -0.09  ent[s/d/p/e] 1.64/1.94/0.65/0.44  emits 1.41  spf 128.3  z0 0.07  garr 67.4  tG 1137  e2 0.19  nF 15.9  pS 0.40  ptS 0.39  fLog 0.59  pdΔ -0.1037  pkR 13.32  clip 0.35  kl +0.026
upd  169  steps 5570560  sps 5580  opp frzn  loss -0.008  pg -0.0097  v 0.073  ev +0.99  adv_std 0.405  tR +0.33  ent[s/d/p/e] 1.71/1.92/0.68/0.41  emits 1.57  spf 136.0  z0 0.05  garr 72.8  tG 1248  e2 0.21  nF 15.5  pS 0.43  ptS 0.42  fLog 0.61  pdΔ -0.0737  pkR 11.84  clip 0.35  kl +0.023
upd  170  steps 5603328  sps 5584  opp frzn  loss -0.009  pg -0.0095  v 0.070  ev +0.97  adv_std 0.398  tR +0.66  ent[s/d/p/e] 1.63/1.84/0.74/0.41  emits 1.50  spf 104.9  z0 0.02  garr 70.6  tG 989  e2 0.19  nF 15.6  pS 0.45  ptS 0.43  fLog 0.58  pdΔ -0.0507  pkR 16.06  clip 0.38  kl +0.028
upd  171  steps 5636096  sps 5587  opp frzn  loss -0.019  pg -0.0145  v 0.045  ev +0.97  adv_std 0.330  tR +0.65  ent[s/d/p/e] 1.53/1.83/0.73/0.41  emits 1.44  spf 64.5  z0 0.02  garr 55.9  tG 645  e2 0.18  nF 15.5  pS 0.42  ptS 0.40  fLog 0.53  pdΔ -0.0844  pkR 13.33  clip 0.36  kl +0.025
upd  172  steps 5668864  sps 5590  opp frzn  loss -0.020  pg -0.0159  v 0.042  ev +0.97  adv_std 0.321  tR +0.43  ent[s/d/p/e] 1.40/1.80/0.70/0.36  emits 1.30  spf 68.5  z0 0.03  garr 57.1  tG 599  e2 0.13  nF 14.5  pS 0.36  ptS 0.36  fLog 0.53  pdΔ -0.1354  pkR 12.38  clip 0.35  kl +0.025
upd  173  steps 5701632  sps 5593  opp buf  loss -0.019  pg -0.0160  v 0.054  ev +0.98  adv_std 0.357  tR +0.39  ent[s/d/p/e] 1.62/1.82/0.74/0.41  emits 1.41  spf 86.1  z0 0.03  garr 73.3  tG 857  e2 0.18  nF 14.9  pS 0.43  ptS 0.41  fLog 0.58  pdΔ -0.0748  pkR 13.04  clip 0.36  kl +0.024
upd  174  steps 5734400  sps 5596  opp buf  loss -0.014  pg -0.0121  v 0.058  ev +0.99  adv_std 0.373  tR +0.21  ent[s/d/p/e] 1.71/1.91/0.70/0.42  emits 1.57  spf 118.3  z0 0.04  garr 72.4  tG 1138  e2 0.21  nF 16.8  pS 0.42  ptS 0.41  fLog 0.59  pdΔ -0.0834  pkR 12.75  clip 0.35  kl +0.023
upd  175  steps 5767168  sps 5599  opp buf  loss -0.015  pg -0.0131  v 0.054  ev +0.99  adv_std 0.359  tR +0.07  ent[s/d/p/e] 1.66/1.90/0.67/0.42  emits 1.46  spf 113.3  z0 0.06  garr 66.0  tG 1053  e2 0.19  nF 16.7  pS 0.39  ptS 0.38  fLog 0.58  pdΔ -0.1097  pkR 15.55  clip 0.34  kl +0.023
upd  176  steps 5799936  sps 5602  opp frzn  loss -0.008  pg -0.0086  v 0.070  ev +0.99  adv_std 0.403  tR +0.26  ent[s/d/p/e] 1.69/1.80/0.70/0.42  emits 1.52  spf 147.7  z0 0.05  garr 79.1  tG 1343  e2 0.20  nF 15.5  pS 0.41  ptS 0.40  fLog 0.61  pdΔ -0.0870  pkR 11.59  clip 0.34  kl +0.023
upd  177  steps 5832704  sps 5605  opp frzn  loss -0.010  pg -0.0100  v 0.065  ev +0.97  adv_std 0.391  tR +0.67  ent[s/d/p/e] 1.57/1.79/0.74/0.42  emits 1.48  spf 87.7  z0 0.02  garr 68.1  tG 845  e2 0.19  nF 15.7  pS 0.43  ptS 0.41  fLog 0.56  pdΔ -0.0720  pkR 17.28  clip 0.36  kl +0.025
upd  178  steps 5865472  sps 5608  opp buf  loss -0.020  pg -0.0170  v 0.053  ev +0.98  adv_std 0.358  tR +0.67  ent[s/d/p/e] 1.70/1.78/0.78/0.43  emits 1.54  spf 88.3  z0 0.02  garr 71.2  tG 934  e2 0.22  nF 14.8  pS 0.48  ptS 0.46  fLog 0.60  pdΔ -0.0216  pkR 11.39  clip 0.37  kl +0.024
upd  179  steps 5898240  sps 5611  opp frzn  loss -0.016  pg -0.0134  v 0.055  ev +0.99  adv_std 0.363  tR +0.41  ent[s/d/p/e] 1.74/1.75/0.74/0.46  emits 1.65  spf 135.8  z0 0.04  garr 78.5  tG 1370  e2 0.25  nF 15.8  pS 0.47  ptS 0.46  fLog 0.62  pdΔ -0.0267  pkR 12.94  clip 0.36  kl +0.025
upd  180  steps 5931008  sps 5614  opp buf  loss -0.010  pg -0.0112  v 0.077  ev +0.98  adv_std 0.423  tR +0.63  ent[s/d/p/e] 1.78/1.80/0.76/0.42  emits 1.58  spf 142.4  z0 0.03  garr 88.7  tG 1439  e2 0.22  nF 14.6  pS 0.48  ptS 0.46  fLog 0.64  pdΔ -0.0187  pkR 18.24  clip 0.37  kl +0.026
upd  181  steps 5963776  sps 5617  opp buf  loss -0.011  pg -0.0112  v 0.071  ev +0.99  adv_std 0.407  tR +0.29  ent[s/d/p/e] 1.81/1.76/0.75/0.44  emits 1.67  spf 166.6  z0 0.03  garr 95.2  tG 1633  e2 0.24  nF 14.8  pS 0.47  ptS 0.46  fLog 0.66  pdΔ -0.0263  pkR 11.06  clip 0.36  kl +0.026
upd  182  steps 5996544  sps 5620  opp frzn  loss -0.002  pg -0.0070  v 0.093  ev +0.99  adv_std 0.457  tR +0.29  ent[s/d/p/e] 1.74/1.63/0.71/0.45  emits 1.62  spf 213.7  z0 0.05  garr 103.8  tG 1879  e2 0.24  nF 12.7  pS 0.47  ptS 0.45  fLog 0.67  pdΔ -0.0343  pkR 12.92  clip 0.36  kl +0.027
upd  183  steps 6029312  sps 5623  opp buf  loss +0.004  pg -0.0049  v 0.115  ev +0.98  adv_std 0.506  tR +0.65  ent[s/d/p/e] 1.71/1.74/0.77/0.40  emits 1.62  spf 191.0  z0 0.02  garr 104.7  tG 1616  e2 0.22  nF 14.1  pS 0.45  ptS 0.43  fLog 0.65  pdΔ -0.0536  pkR 14.16  clip 0.37  kl +0.031
upd  184  steps 6062080  sps 5626  opp frzn  loss -0.016  pg -0.0147  v 0.057  ev +0.99  adv_std 0.365  tR +0.13  ent[s/d/p/e] 1.55/1.70/0.73/0.41  emits 1.41  spf 125.2  z0 0.05  garr 77.9  tG 1098  e2 0.17  nF 14.7  pS 0.38  ptS 0.36  fLog 0.58  pdΔ -0.1239  pkR 17.00  clip 0.35  kl +0.026
upd  185  steps 6094848  sps 5628  opp frzn  loss -0.008  pg -0.0109  v 0.079  ev +0.98  adv_std 0.428  tR +0.50  ent[s/d/p/e] 1.58/1.71/0.76/0.39  emits 1.49  spf 132.4  z0 0.02  garr 85.7  tG 1108  e2 0.18  nF 14.5  pS 0.41  ptS 0.40  fLog 0.59  pdΔ -0.0901  pkR 16.32  clip 0.35  kl +0.023
upd  186  steps 6127616  sps 5631  opp buf  loss -0.013  pg -0.0130  v 0.065  ev +0.98  adv_std 0.394  tR +0.31  ent[s/d/p/e] 1.52/1.75/0.76/0.42  emits 1.44  spf 93.9  z0 0.04  garr 76.6  tG 862  e2 0.19  nF 15.5  pS 0.39  ptS 0.38  fLog 0.57  pdΔ -0.1064  pkR 10.18  clip 0.35  kl +0.027
upd  187  steps 6160384  sps 5634  opp buf  loss -0.008  pg -0.0104  v 0.082  ev +0.99  adv_std 0.434  tR +0.31  ent[s/d/p/e] 1.71/1.78/0.72/0.44  emits 1.63  spf 141.6  z0 0.04  garr 84.0  tG 1294  e2 0.24  nF 16.2  pS 0.42  ptS 0.41  fLog 0.61  pdΔ -0.0782  pkR 12.91  clip 0.35  kl +0.027
upd  188  steps 6193152  sps 5637  opp buf  loss -0.004  pg -0.0085  v 0.088  ev +0.99  adv_std 0.447  tR +0.19  ent[s/d/p/e] 1.72/1.73/0.70/0.42  emits 1.60  spf 204.2  z0 0.04  garr 94.3  tG 1763  e2 0.22  nF 16.0  pS 0.41  ptS 0.40  fLog 0.64  pdΔ -0.0877  pkR 12.59  clip 0.35  kl +0.029
upd  189  steps 6225920  sps 5639  opp buf  loss +0.000  pg -0.0058  v 0.099  ev +0.99  adv_std 0.473  tR +0.06  ent[s/d/p/e] 1.76/1.70/0.72/0.43  emits 1.67  spf 221.9  z0 0.03  garr 104.5  tG 1978  e2 0.24  nF 15.9  pS 0.44  ptS 0.43  fLog 0.67  pdΔ -0.0578  pkR 11.29  clip 0.36  kl +0.028
upd  190  steps 6258688  sps 5642  opp buf  loss +0.007  pg -0.0020  v 0.112  ev +0.99  adv_std 0.495  tR +0.19  ent[s/d/p/e] 1.76/1.71/0.69/0.43  emits 1.66  spf 237.5  z0 0.04  garr 102.4  tG 2018  e2 0.24  nF 16.7  pS 0.41  ptS 0.40  fLog 0.65  pdΔ -0.0867  pkR 12.61  clip 0.35  kl +0.031
upd  191  steps 6291456  sps 5645  opp frzn  loss +0.009  pg -0.0027  v 0.123  ev +0.99  adv_std 0.520  tR +0.20  ent[s/d/p/e] 1.73/1.58/0.70/0.44  emits 1.68  spf 244.7  z0 0.05  garr 107.3  tG 2085  e2 0.24  nF 14.4  pS 0.45  ptS 0.43  fLog 0.68  pdΔ -0.0515  pkR 14.14  clip 0.35  kl +0.030
upd  192  steps 6324224  sps 5647  opp buf  loss +0.010  pg -0.0033  v 0.137  ev +0.98  adv_std 0.553  tR +0.69  ent[s/d/p/e] 1.75/1.64/0.77/0.43  emits 1.75  spf 211.5  z0 0.02  garr 113.7  tG 1817  e2 0.26  nF 12.9  pS 0.50  ptS 0.48  fLog 0.69  pdΔ -0.0025  pkR 15.27  clip 0.38  kl +0.033
upd  193  steps 6356992  sps 5650  opp buf  loss -0.013  pg -0.0129  v 0.069  ev +0.99  adv_std 0.402  tR +0.28  ent[s/d/p/e] 1.72/1.71/0.75/0.45  emits 1.66  spf 187.3  z0 0.03  garr 104.7  tG 1662  e2 0.24  nF 14.9  pS 0.44  ptS 0.43  fLog 0.65  pdΔ -0.0621  pkR 12.76  clip 0.35  kl +0.026
upd  194  steps 6389760  sps 5652  opp buf  loss -0.007  pg -0.0097  v 0.077  ev +0.99  adv_std 0.421  tR +0.10  ent[s/d/p/e] 1.67/1.73/0.68/0.44  emits 1.63  spf 218.2  z0 0.04  garr 95.4  tG 1709  e2 0.24  nF 16.8  pS 0.39  ptS 0.38  fLog 0.63  pdΔ -0.1124  pkR 14.41  clip 0.35  kl +0.027
upd  195  steps 6422528  sps 5655  opp frzn  loss +0.009  pg -0.0011  v 0.110  ev +0.99  adv_std 0.487  tR -0.07  ent[s/d/p/e] 1.51/1.65/0.65/0.42  emits 1.44  spf 221.1  z0 0.06  garr 82.8  tG 1526  e2 0.18  nF 15.6  pS 0.35  ptS 0.34  fLog 0.60  pdΔ -0.1515  pkR 16.35  clip 0.33  kl +0.027
upd  196  steps 6455296  sps 5657  opp buf  loss -0.004  pg -0.0088  v 0.091  ev +0.98  adv_std 0.447  tR +0.27  ent[s/d/p/e] 1.56/1.65/0.72/0.44  emits 1.53  spf 166.4  z0 0.04  garr 86.0  tG 1284  e2 0.21  nF 14.7  pS 0.42  ptS 0.40  fLog 0.62  pdΔ -0.0838  pkR 16.37  clip 0.35  kl +0.028
upd  197  steps 6488064  sps 5660  opp buf  loss -0.011  pg -0.0115  v 0.071  ev +0.99  adv_std 0.404  tR +0.14  ent[s/d/p/e] 1.66/1.63/0.73/0.46  emits 1.67  spf 209.4  z0 0.04  garr 103.2  tG 1729  e2 0.25  nF 14.8  pS 0.43  ptS 0.42  fLog 0.66  pdΔ -0.0683  pkR 13.42  clip 0.35  kl +0.025
upd  198  steps 6520832  sps 5662  opp buf  loss +0.000  pg -0.0081  v 0.108  ev +0.99  adv_std 0.491  tR +0.17  ent[s/d/p/e] 1.71/1.58/0.70/0.46  emits 1.78  spf 262.7  z0 0.03  garr 112.9  tG 2070  e2 0.28  nF 15.2  pS 0.46  ptS 0.45  fLog 0.69  pdΔ -0.0372  pkR 10.79  clip 0.36  kl +0.027
upd  199  steps 6553600  sps 5665  opp buf  loss +0.005  pg -0.0057  v 0.119  ev +0.99  adv_std 0.511  tR +0.34  ent[s/d/p/e] 1.78/1.60/0.72/0.47  emits 1.91  spf 322.7  z0 0.03  garr 123.4  tG 2569  e2 0.30  nF 14.9  pS 0.48  ptS 0.47  fLog 0.71  pdΔ -0.0235  pkR 11.58  clip 0.36  kl +0.029 WRr 0.94 WRf 0.84
[ckpt] saved ./ckpt_multi_action_v11_f29_buf/ckpt_000199.pkl
upd  200  steps 6586368  sps 5607  opp buf  loss -0.001  pg -0.0072  v 0.097  ev +0.99  adv_std 0.464  tR +0.13  ent[s/d/p/e] 1.69/1.61/0.70/0.47  emits 1.77  spf 249.1  z0 0.03  garr 103.2  tG 1983  e2 0.28  nF 15.2  pS 0.43  ptS 0.42  fLog 0.67  pdΔ -0.0680  pkR 13.54  clip 0.35  kl +0.027
upd  201  steps 6619136  sps 5610  opp buf  loss -0.002  pg -0.0083  v 0.094  ev +0.99  adv_std 0.458  tR +0.10  ent[s/d/p/e] 1.63/1.64/0.67/0.48  emits 1.82  spf 265.3  z0 0.04  garr 104.2  tG 2077  e2 0.29  nF 17.4  pS 0.40  ptS 0.40  fLog 0.66  pdΔ -0.0960  pkR 11.73  clip 0.34  kl +0.026
upd  202  steps 6651904  sps 5612  opp buf  loss -0.002  pg -0.0073  v 0.093  ev +0.99  adv_std 0.454  tR -0.03  ent[s/d/p/e] 1.68/1.56/0.68/0.44  emits 1.74  spf 294.0  z0 0.05  garr 104.6  tG 2153  e2 0.26  nF 15.8  pS 0.40  ptS 0.40  fLog 0.67  pdΔ -0.0968  pkR 15.14  clip 0.34  kl +0.028
upd  203  steps 6684672  sps 5615  opp frzn  loss +0.001  pg -0.0079  v 0.106  ev +0.99  adv_std 0.482  tR +0.04  ent[s/d/p/e] 1.62/1.49/0.69/0.44  emits 1.65  spf 274.7  z0 0.06  garr 102.7  tG 1927  e2 0.24  nF 13.9  pS 0.39  ptS 0.38  fLog 0.66  pdΔ -0.1073  pkR 15.72  clip 0.33  kl +0.025
upd  204  steps 6717440  sps 5618  opp buf  loss -0.001  pg -0.0084  v 0.103  ev +0.98  adv_std 0.483  tR +0.41  ent[s/d/p/e] 1.63/1.50/0.77/0.45  emits 1.71  spf 209.9  z0 0.01  garr 111.5  tG 1575  e2 0.26  nF 13.7  pS 0.46  ptS 0.44  fLog 0.68  pdΔ -0.0445  pkR 14.75  clip 0.37  kl +0.030
upd  205  steps 6750208  sps 5620  opp buf  loss -0.005  pg -0.0114  v 0.098  ev +0.99  adv_std 0.473  tR +0.10  ent[s/d/p/e] 1.66/1.50/0.71/0.47  emits 1.76  spf 277.0  z0 0.04  garr 111.7  tG 1948  e2 0.28  nF 14.6  pS 0.42  ptS 0.41  fLog 0.68  pdΔ -0.0813  pkR 13.25  clip 0.36  kl +0.030
upd  206  steps 6782976  sps 5623  opp frzn  loss +0.004  pg -0.0076  v 0.126  ev +0.99  adv_std 0.524  tR +0.23  ent[s/d/p/e] 1.76/1.46/0.70/0.44  emits 1.89  spf 350.7  z0 0.06  garr 130.1  tG 2676  e2 0.29  nF 13.4  pS 0.45  ptS 0.44  fLog 0.72  pdΔ -0.0467  pkR 12.65  clip 0.35  kl +0.026
upd  207  steps 6815744  sps 5625  opp buf  loss +0.006  pg -0.0084  v 0.140  ev +0.99  adv_std 0.558  tR +0.52  ent[s/d/p/e] 1.73/1.48/0.75/0.43  emits 1.99  spf 313.7  z0 0.02  garr 116.7  tG 2135  e2 0.30  nF 13.7  pS 0.45  ptS 0.44  fLog 0.70  pdΔ -0.0462  pkR 17.42  clip 0.35  kl +0.028
upd  208  steps 6848512  sps 5628  opp frzn  loss -0.013  pg -0.0141  v 0.064  ev +0.99  adv_std 0.389  tR +0.24  ent[s/d/p/e] 1.39/1.57/0.68/0.46  emits 1.58  spf 180.9  z0 0.03  garr 82.0  tG 1202  e2 0.22  nF 16.1  pS 0.34  ptS 0.34  fLog 0.60  pdΔ -0.1556  pkR 18.43  clip 0.34  kl +0.027
upd  209  steps 6881280  sps 5630  opp frzn  loss -0.000  pg -0.0078  v 0.100  ev +0.98  adv_std 0.470  tR +0.25  ent[s/d/p/e] 1.43/1.46/0.75/0.43  emits 1.54  spf 192.4  z0 0.04  garr 92.8  tG 1180  e2 0.21  nF 14.2  pS 0.38  ptS 0.36  fLog 0.62  pdΔ -0.1234  pkR 19.55  clip 0.35  kl +0.030
upd  210  steps 6914048  sps 5633  opp buf  loss -0.010  pg -0.0135  v 0.085  ev +0.98  adv_std 0.444  tR +0.38  ent[s/d/p/e] 1.59/1.45/0.82/0.48  emits 1.69  spf 156.4  z0 0.02  garr 103.5  tG 1253  e2 0.27  nF 13.3  pS 0.47  ptS 0.45  fLog 0.66  pdΔ -0.0313  pkR 13.30  clip 0.37  kl +0.026
upd  211  steps 6946816  sps 5635  opp buf  loss -0.007  pg -0.0121  v 0.094  ev +0.99  adv_std 0.469  tR +0.27  ent[s/d/p/e] 1.68/1.49/0.74/0.47  emits 1.90  spf 230.2  z0 0.02  garr 99.9  tG 1738  e2 0.30  nF 16.0  pS 0.45  ptS 0.43  fLog 0.66  pdΔ -0.0517  pkR 15.57  clip 0.37  kl +0.032
upd  212  steps 6979584  sps 5637  opp frzn  loss +0.003  pg -0.0069  v 0.114  ev +0.99  adv_std 0.497  tR +0.05  ent[s/d/p/e] 1.62/1.38/0.67/0.45  emits 1.82  spf 322.9  z0 0.06  garr 114.4  tG 2167  e2 0.28  nF 14.9  pS 0.40  ptS 0.39  fLog 0.69  pdΔ -0.1008  pkR 12.55  clip 0.34  kl +0.029
upd  213  steps 7012352  sps 5640  opp buf  loss +0.007  pg -0.0068  v 0.136  ev +0.98  adv_std 0.545  tR +0.42  ent[s/d/p/e] 1.57/1.42/0.77/0.44  emits 1.87  spf 285.4  z0 0.01  garr 128.3  tG 1854  e2 0.29  nF 14.3  pS 0.45  ptS 0.43  fLog 0.69  pdΔ -0.0473  pkR 16.13  clip 0.37  kl +0.034
upd  214  steps 7045120  sps 5642  opp frzn  loss -0.010  pg -0.0123  v 0.075  ev +0.99  adv_std 0.417  tR +0.17  ent[s/d/p/e] 1.47/1.44/0.70/0.46  emits 1.66  spf 217.2  z0 0.05  garr 86.5  tG 1331  e2 0.24  nF 14.5  pS 0.38  ptS 0.37  fLog 0.63  pdΔ -0.1173  pkR 18.57  clip 0.34  kl +0.023
upd  215  steps 7077888  sps 5644  opp buf  loss +0.015  pg -0.0006  v 0.141  ev +0.99  adv_std 0.555  tR +0.25  ent[s/d/p/e] 1.54/1.35/0.74/0.44  emits 1.81  spf 297.3  z0 0.02  garr 123.2  tG 1763  e2 0.27  nF 13.7  pS 0.43  ptS 0.41  fLog 0.69  pdΔ -0.0671  pkR 17.04  clip 0.37  kl +0.034
upd  216  steps 7110656  sps 5647  opp frzn  loss -0.007  pg -0.0123  v 0.090  ev +0.99  adv_std 0.454  tR +0.18  ent[s/d/p/e] 1.61/1.30/0.71/0.47  emits 1.83  spf 301.5  z0 0.04  garr 128.1  tG 2135  e2 0.29  nF 13.2  pS 0.43  ptS 0.41  fLog 0.70  pdΔ -0.0719  pkR 15.28  clip 0.35  kl +0.028
upd  217  steps 7143424  sps 5649  opp buf  loss +0.015  pg -0.0047  v 0.165  ev +0.98  adv_std 0.607  tR +0.44  ent[s/d/p/e] 1.53/1.32/0.77/0.46  emits 1.86  spf 307.2  z0 0.01  garr 147.2  tG 1999  e2 0.30  nF 12.1  pS 0.44  ptS 0.42  fLog 0.71  pdΔ -0.0573  pkR 16.81  clip 0.38  kl +0.038
upd  218  steps 7176192  sps 5651  opp buf  loss -0.004  pg -0.0117  v 0.103  ev +0.99  adv_std 0.484  tR +0.22  ent[s/d/p/e] 1.52/1.40/0.72/0.51  emits 1.99  spf 241.3  z0 0.02  garr 124.0  tG 1705  e2 0.34  nF 15.1  pS 0.42  ptS 0.41  fLog 0.68  pdΔ -0.0780  pkR 13.21  clip 0.37  kl +0.032
upd  219  steps 7208960  sps 5653  opp buf  loss +0.018  pg -0.0011  v 0.161  ev +0.99  adv_std 0.591  tR +0.13  ent[s/d/p/e] 1.66/1.39/0.68/0.45  emits 2.06  spf 346.1  z0 0.02  garr 123.7  tG 2503  e2 0.34  nF 16.4  pS 0.40  ptS 0.39  fLog 0.70  pdΔ -0.1010  pkR 14.24  clip 0.37  kl +0.037
upd  220  steps 7241728  sps 5656  opp buf  loss +0.005  pg -0.0070  v 0.122  ev +0.99  adv_std 0.511  tR +0.00  ent[s/d/p/e] 1.58/1.43/0.70/0.45  emits 1.92  spf 294.3  z0 0.02  garr 103.0  tG 1842  e2 0.31  nF 16.9  pS 0.38  ptS 0.37  fLog 0.66  pdΔ -0.1228  pkR 15.17  clip 0.36  kl +0.031
upd  221  steps 7274496  sps 5658  opp buf  loss -0.000  pg -0.0076  v 0.099  ev +1.00  adv_std 0.466  tR +0.09  ent[s/d/p/e] 1.65/1.34/0.67/0.46  emits 2.12  spf 321.5  z0 0.02  garr 124.7  tG 2276  e2 0.35  nF 16.8  pS 0.43  ptS 0.43  fLog 0.70  pdΔ -0.0654  pkR 14.48  clip 0.36  kl +0.031
upd  222  steps 7307264  sps 5660  opp frzn  loss +0.025  pg +0.0024  v 0.176  ev +0.99  adv_std 0.609  tR +0.30  ent[s/d/p/e] 1.61/1.25/0.68/0.41  emits 2.08  spf 353.3  z0 0.04  garr 125.1  tG 2188  e2 0.31  nF 15.3  pS 0.43  ptS 0.41  fLog 0.72  pdΔ -0.0727  pkR 12.89  clip 0.36  kl +0.038
upd  223  steps 7340032  sps 5662  opp frzn  loss -0.004  pg -0.0104  v 0.099  ev +0.98  adv_std 0.470  tR +0.71  ent[s/d/p/e] 1.49/1.31/0.79/0.43  emits 1.88  spf 232.3  z0 0.01  garr 112.3  tG 1444  e2 0.28  nF 13.5  pS 0.42  ptS 0.41  fLog 0.67  pdΔ -0.0772  pkR 14.02  clip 0.36  kl +0.029
upd  224  steps 7372800  sps 5665  opp buf  loss -0.004  pg -0.0120  v 0.104  ev +0.98  adv_std 0.490  tR +0.53  ent[s/d/p/e] 1.40/1.35/0.81/0.47  emits 1.77  spf 166.3  z0 0.01  garr 109.9  tG 1040  e2 0.28  nF 13.9  pS 0.39  ptS 0.38  fLog 0.65  pdΔ -0.1070  pkR 10.32  clip 0.37  kl +0.031
upd  225  steps 7405568  sps 5667  opp buf  loss -0.003  pg -0.0116  v 0.107  ev +0.99  adv_std 0.491  tR +0.05  ent[s/d/p/e] 1.50/1.26/0.77/0.49  emits 2.05  spf 278.8  z0 0.02  garr 142.4  tG 1762  e2 0.36  nF 13.8  pS 0.41  ptS 0.40  fLog 0.71  pdΔ -0.0948  pkR 12.59  clip 0.36  kl +0.031
upd  226  steps 7438336  sps 5669  opp buf  loss +0.005  pg -0.0096  v 0.138  ev +0.99  adv_std 0.554  tR +0.15  ent[s/d/p/e] 1.63/1.28/0.74/0.45  emits 2.28  spf 322.2  z0 0.02  garr 141.0  tG 2271  e2 0.38  nF 15.8  pS 0.43  ptS 0.42  fLog 0.72  pdΔ -0.0689  pkR 13.76  clip 0.37  kl +0.029
upd  227  steps 7471104  sps 5671  opp buf  loss +0.012  pg -0.0068  v 0.162  ev +0.99  adv_std 0.586  tR +0.19  ent[s/d/p/e] 1.72/1.31/0.74/0.44  emits 2.48  spf 355.9  z0 0.03  garr 151.7  tG 2604  e2 0.42  nF 16.2  pS 0.45  ptS 0.44  fLog 0.74  pdΔ -0.0470  pkR 11.42  clip 0.36  kl +0.029
upd  228  steps 7503872  sps 5673  opp buf  loss +0.006  pg -0.0102  v 0.145  ev +0.99  adv_std 0.562  tR +0.05  ent[s/d/p/e] 1.74/1.24/0.71/0.42  emits 2.45  spf 408.5  z0 0.02  garr 156.2  tG 2937  e2 0.40  nF 15.6  pS 0.44  ptS 0.43  fLog 0.75  pdΔ -0.0625  pkR 9.06  clip 0.36  kl +0.031
upd  229  steps 7536640  sps 5675  opp frzn  loss +0.009  pg -0.0076  v 0.145  ev +0.99  adv_std 0.560  tR +0.09  ent[s/d/p/e] 1.58/1.25/0.71/0.39  emits 2.14  spf 385.0  z0 0.06  garr 130.9  tG 2235  e2 0.32  nF 14.2  pS 0.38  ptS 0.36  fLog 0.73  pdΔ -0.1238  pkR 14.24  clip 0.32  kl +0.025
upd  230  steps 7569408  sps 5677  opp buf  loss +0.001  pg -0.0125  v 0.135  ev +0.99  adv_std 0.550  tR +0.51  ent[s/d/p/e] 1.55/1.35/0.82/0.44  emits 2.19  spf 240.7  z0 0.02  garr 123.6  tG 1535  e2 0.36  nF 14.9  pS 0.44  ptS 0.43  fLog 0.69  pdΔ -0.0619  pkR 15.47  clip 0.36  kl +0.029
upd  231  steps 7602176  sps 5679  opp buf  loss +0.001  pg -0.0098  v 0.117  ev +0.99  adv_std 0.516  tR +0.19  ent[s/d/p/e] 1.53/1.29/0.74/0.48  emits 2.22  spf 289.0  z0 0.02  garr 126.4  tG 1949  e2 0.39  nF 16.6  pS 0.40  ptS 0.39  fLog 0.69  pdΔ -0.1044  pkR 14.35  clip 0.37  kl +0.030
upd  232  steps 7634944  sps 5681  opp frzn  loss +0.005  pg -0.0066  v 0.117  ev +0.99  adv_std 0.506  tR +0.13  ent[s/d/p/e] 1.52/1.31/0.71/0.39  emits 2.15  spf 374.6  z0 0.02  garr 125.5  tG 2161  e2 0.32  nF 17.8  pS 0.34  ptS 0.34  fLog 0.70  pdΔ -0.1573  pkR 20.48  clip 0.34  kl +0.026
upd  233  steps 7667712  sps 5683  opp frzn  loss -0.001  pg -0.0104  v 0.106  ev +0.99  adv_std 0.489  tR +0.24  ent[s/d/p/e] 1.31/1.32/0.76/0.42  emits 1.81  spf 264.2  z0 0.03  garr 122.0  tG 1292  e2 0.27  nF 14.8  pS 0.33  ptS 0.32  fLog 0.67  pdΔ -0.1672  pkR 29.64  clip 0.34  kl +0.029
upd  234  steps 7700480  sps 5685  opp frzn  loss -0.000  pg -0.0105  v 0.115  ev +0.97  adv_std 0.504  tR +0.37  ent[s/d/p/e] 1.30/1.28/0.81/0.49  emits 1.82  spf 160.1  z0 0.02  garr 102.2  tG 937  e2 0.30  nF 13.8  pS 0.39  ptS 0.38  fLog 0.65  pdΔ -0.1084  pkR 7.96  clip 0.37  kl +0.029
upd  235  steps 7733248  sps 5687  opp buf  loss +0.003  pg -0.0125  v 0.144  ev +0.98  adv_std 0.562  tR +0.48  ent[s/d/p/e] 1.38/1.20/0.82/0.50  emits 2.16  spf 217.0  z0 0.01  garr 135.1  tG 1318  e2 0.38  nF 13.7  pS 0.44  ptS 0.42  fLog 0.70  pdΔ -0.0584  pkR 10.12  clip 0.37  kl +0.032
upd  236  steps 7766016  sps 5689  opp buf  loss +0.004  pg -0.0109  v 0.139  ev +0.99  adv_std 0.556  tR +0.10  ent[s/d/p/e] 1.50/1.26/0.76/0.47  emits 2.27  spf 309.4  z0 0.02  garr 153.8  tG 1818  e2 0.40  nF 16.1  pS 0.41  ptS 0.40  fLog 0.71  pdΔ -0.0882  pkR 13.06  clip 0.38  kl +0.034
upd  237  steps 7798784  sps 5691  opp buf  loss +0.005  pg -0.0102  v 0.139  ev +0.99  adv_std 0.555  tR -0.03  ent[s/d/p/e] 1.60/1.24/0.73/0.45  emits 2.41  spf 334.4  z0 0.02  garr 141.1  tG 2253  e2 0.41  nF 15.8  pS 0.44  ptS 0.42  fLog 0.73  pdΔ -0.0647  pkR 10.57  clip 0.37  kl +0.032
upd  238  steps 7831552  sps 5693  opp buf  loss +0.011  pg -0.0083  v 0.158  ev +0.99  adv_std 0.586  tR +0.26  ent[s/d/p/e] 1.60/1.19/0.72/0.43  emits 2.57  spf 426.0  z0 0.01  garr 175.8  tG 2858  e2 0.43  nF 14.9  pS 0.44  ptS 0.43  fLog 0.77  pdΔ -0.0598  pkR 10.66  clip 0.37  kl +0.032
upd  239  steps 7864320  sps 5695  opp buf  loss +0.009  pg -0.0071  v 0.143  ev +0.99  adv_std 0.556  tR +0.20  ent[s/d/p/e] 1.55/1.18/0.73/0.43  emits 2.58  spf 384.0  z0 0.02  garr 162.2  tG 2472  e2 0.44  nF 15.4  pS 0.42  ptS 0.40  fLog 0.76  pdΔ -0.0787  pkR 11.75  clip 0.36  kl +0.032
upd  240  steps 7897088  sps 5697  opp buf  loss +0.004  pg -0.0100  v 0.135  ev +0.99  adv_std 0.551  tR +0.17  ent[s/d/p/e] 1.58/1.22/0.71/0.42  emits 2.56  spf 397.5  z0 0.01  garr 148.9  tG 2492  e2 0.42  nF 17.7  pS 0.40  ptS 0.39  fLog 0.73  pdΔ -0.0996  pkR 12.06  clip 0.36  kl +0.029
upd  241  steps 7929856  sps 5699  opp frzn  loss +0.003  pg -0.0111  v 0.133  ev +0.99  adv_std 0.537  tR +0.06  ent[s/d/p/e] 1.51/1.18/0.70/0.40  emits 2.28  spf 331.2  z0 0.05  garr 116.1  tG 1994  e2 0.35  nF 15.6  pS 0.38  ptS 0.37  fLog 0.71  pdΔ -0.1180  pkR 18.19  clip 0.35  kl +0.028
upd  242  steps 7962624  sps 5701  opp frzn  loss +0.005  pg -0.0116  v 0.146  ev +0.99  adv_std 0.559  tR +0.71  ent[s/d/p/e] 1.45/1.22/0.75/0.42  emits 2.32  spf 273.9  z0 0.02  garr 121.9  tG 1584  e2 0.38  nF 15.0  pS 0.42  ptS 0.40  fLog 0.70  pdΔ -0.0818  pkR 13.70  clip 0.36  kl +0.028
upd  243  steps 7995392  sps 5703  opp buf  loss +0.003  pg -0.0111  v 0.133  ev +0.98  adv_std 0.545  tR +0.47  ent[s/d/p/e] 1.32/1.30/0.79/0.50  emits 2.16  spf 190.3  z0 0.03  garr 118.4  tG 1031  e2 0.38  nF 16.2  pS 0.40  ptS 0.38  fLog 0.66  pdΔ -0.1033  pkR 9.60  clip 0.36  kl +0.034
upd  244  steps 8028160  sps 5705  opp buf  loss +0.008  pg -0.0094  v 0.150  ev +0.99  adv_std 0.575  tR +0.31  ent[s/d/p/e] 1.49/1.23/0.71/0.48  emits 2.60  spf 318.5  z0 0.02  garr 148.4  tG 1986  e2 0.46  nF 17.6  pS 0.44  ptS 0.42  fLog 0.72  pdΔ -0.0590  pkR 12.37  clip 0.39  kl +0.036
upd  245  steps 8060928  sps 5706  opp buf  loss +0.008  pg -0.0094  v 0.146  ev +0.99  adv_std 0.566  tR +0.12  ent[s/d/p/e] 1.59/1.15/0.69/0.39  emits 2.80  spf 450.0  z0 0.02  garr 161.7  tG 2914  e2 0.46  nF 17.9  pS 0.43  ptS 0.42  fLog 0.76  pdΔ -0.0655  pkR 13.49  clip 0.37  kl +0.031
upd  246  steps 8093696  sps 5708  opp buf  loss +0.009  pg -0.0120  v 0.165  ev +0.99  adv_std 0.592  tR +0.07  ent[s/d/p/e] 1.53/1.14/0.70/0.42  emits 2.80  spf 380.8  z0 0.01  garr 165.0  tG 2583  e2 0.49  nF 16.4  pS 0.44  ptS 0.43  fLog 0.76  pdΔ -0.0602  pkR 11.16  clip 0.37  kl +0.032
upd  247  steps 8126464  sps 5710  opp buf  loss +0.016  pg -0.0091  v 0.185  ev +0.99  adv_std 0.637  tR +0.12  ent[s/d/p/e] 1.58/1.14/0.68/0.40  emits 2.93  spf 414.8  z0 0.02  garr 176.4  tG 3033  e2 0.49  nF 16.7  pS 0.44  ptS 0.42  fLog 0.77  pdΔ -0.0600  pkR 11.50  clip 0.38  kl +0.033
upd  248  steps 8159232  sps 5712  opp buf  loss +0.010  pg -0.0103  v 0.163  ev +0.99  adv_std 0.597  tR +0.32  ent[s/d/p/e] 1.51/1.20/0.70/0.40  emits 2.75  spf 410.6  z0 0.02  garr 157.4  tG 2566  e2 0.46  nF 18.8  pS 0.39  ptS 0.38  fLog 0.73  pdΔ -0.1079  pkR 13.91  clip 0.36  kl +0.031
upd  249  steps 8192000  sps 5714  opp buf  loss +0.001  pg -0.0115  v 0.122  ev +0.99  adv_std 0.523  tR -0.17  ent[s/d/p/e] 1.37/1.27/0.70/0.46  emits 2.57  spf 305.2  z0 0.02  garr 133.6  tG 1721  e2 0.47  nF 19.6  pS 0.36  ptS 0.35  fLog 0.68  pdΔ -0.1402  pkR 17.51  clip 0.38  kl +0.030 WRr 0.88 WRf 0.81
upd  250  steps 8224768  sps 5664  opp buf  loss +0.005  pg -0.0110  v 0.141  ev +0.99  adv_std 0.565  tR +0.18  ent[s/d/p/e] 1.51/1.27/0.72/0.44  emits 2.70  spf 327.9  z0 0.02  garr 144.8  tG 2104  e2 0.47  nF 19.4  pS 0.40  ptS 0.39  fLog 0.71  pdΔ -0.1026  pkR 11.21  clip 0.39  kl +0.037
upd  251  steps 8257536  sps 5666  opp buf  loss +0.011  pg -0.0079  v 0.153  ev +0.99  adv_std 0.582  tR +0.16  ent[s/d/p/e] 1.46/1.29/0.70/0.42  emits 2.74  spf 325.1  z0 0.01  garr 141.3  tG 2023  e2 0.47  nF 21.1  pS 0.39  ptS 0.38  fLog 0.70  pdΔ -0.1134  pkR 14.29  clip 0.39  kl +0.036
upd  252  steps 8290304  sps 5668  opp frzn  loss +0.006  pg -0.0103  v 0.140  ev +0.99  adv_std 0.557  tR +0.12  ent[s/d/p/e] 1.42/1.21/0.69/0.41  emits 2.58  spf 330.5  z0 0.02  garr 136.8  tG 1885  e2 0.43  nF 18.6  pS 0.38  ptS 0.37  fLog 0.70  pdΔ -0.1200  pkR 13.04  clip 0.37  kl +0.034
upd  253  steps 8323072  sps 5670  opp buf  loss +0.012  pg -0.0118  v 0.178  ev +0.99  adv_std 0.624  tR +0.30  ent[s/d/p/e] 1.39/1.14/0.77/0.43  emits 2.79  spf 333.8  z0 0.02  garr 170.8  tG 1876  e2 0.49  nF 15.9  pS 0.41  ptS 0.40  fLog 0.73  pdΔ -0.0868  pkR 13.55  clip 0.37  kl +0.034
upd  254  steps 8355840  sps 5672  opp buf  loss +0.011  pg -0.0109  v 0.167  ev +0.99  adv_std 0.609  tR +0.01  ent[s/d/p/e] 1.39/1.12/0.67/0.43  emits 2.89  spf 357.0  z0 0.02  garr 170.8  tG 2112  e2 0.51  nF 17.3  pS 0.40  ptS 0.39  fLog 0.74  pdΔ -0.1041  pkR 10.56  clip 0.38  kl +0.035
upd  255  steps 8388608  sps 5673  opp buf  loss +0.008  pg -0.0098  v 0.148  ev +0.99  adv_std 0.577  tR +0.22  ent[s/d/p/e] 1.49/1.23/0.69/0.39  emits 2.93  spf 358.1  z0 0.01  garr 146.0  tG 2195  e2 0.50  nF 21.7  pS 0.38  ptS 0.37  fLog 0.71  pdΔ -0.1170  pkR 11.07  clip 0.37  kl +0.034
upd  256  steps 8421376  sps 5675  opp frzn  loss +0.010  pg -0.0124  v 0.168  ev +0.99  adv_std 0.609  tR +0.00  ent[s/d/p/e] 1.50/1.10/0.66/0.39  emits 2.77  spf 351.7  z0 0.05  garr 143.4  tG 2267  e2 0.46  nF 17.2  pS 0.41  ptS 0.38  fLog 0.75  pdΔ -0.0947  pkR 15.83  clip 0.36  kl +0.030
upd  257  steps 8454144  sps 5677  opp buf  loss +0.014  pg -0.0111  v 0.184  ev +0.99  adv_std 0.641  tR +0.53  ent[s/d/p/e] 1.51/1.11/0.72/0.39  emits 3.02  spf 378.8  z0 0.02  garr 185.9  tG 2368  e2 0.51  nF 16.4  pS 0.44  ptS 0.41  fLog 0.76  pdΔ -0.0600  pkR 16.81  clip 0.37  kl +0.035
upd  258  steps 8486912  sps 5679  opp buf  loss +0.014  pg -0.0100  v 0.182  ev +0.99  adv_std 0.636  tR +0.19  ent[s/d/p/e] 1.54/1.19/0.67/0.41  emits 3.10  spf 361.9  z0 0.01  garr 176.0  tG 2491  e2 0.54  nF 19.3  pS 0.44  ptS 0.42  fLog 0.73  pdΔ -0.0588  pkR 12.79  clip 0.39  kl +0.033
upd  259  steps 8519680  sps 5681  opp buf  loss +0.011  pg -0.0096  v 0.167  ev +1.00  adv_std 0.613  tR +0.17  ent[s/d/p/e] 1.66/1.23/0.67/0.38  emits 3.24  spf 363.9  z0 0.02  garr 159.7  tG 2818  e2 0.54  nF 22.4  pS 0.45  ptS 0.43  fLog 0.72  pdΔ -0.0487  pkR 16.15  clip 0.40  kl +0.037
upd  260  steps 8552448  sps 5683  opp buf  loss +0.011  pg -0.0074  v 0.152  ev +1.00  adv_std 0.584  tR +0.32  ent[s/d/p/e] 1.60/1.25/0.67/0.39  emits 3.03  spf 352.6  z0 0.01  garr 161.9  tG 2435  e2 0.53  nF 23.0  pS 0.42  ptS 0.40  fLog 0.71  pdΔ -0.0850  pkR 12.76  clip 0.40  kl +0.039
upd  261  steps 8585216  sps 5684  opp buf  loss +0.013  pg -0.0101  v 0.175  ev +0.99  adv_std 0.624  tR +0.00  ent[s/d/p/e] 1.47/1.30/0.67/0.39  emits 2.99  spf 314.1  z0 0.02  garr 141.9  tG 1998  e2 0.53  nF 24.9  pS 0.38  ptS 0.37  fLog 0.68  pdΔ -0.1177  pkR 13.23  clip 0.38  kl +0.030
upd  262  steps 8617984  sps 5686  opp frzn  loss +0.012  pg -0.0105  v 0.170  ev +0.99  adv_std 0.612  tR +0.09  ent[s/d/p/e] 1.37/1.18/0.67/0.42  emits 2.53  spf 263.7  z0 0.06  garr 121.8  tG 1613  e2 0.43  nF 17.7  pS 0.34  ptS 0.33  fLog 0.71  pdΔ -0.1615  pkR 15.06  clip 0.35  kl +0.028
upd  263  steps 8650752  sps 5688  opp buf  loss +0.013  pg -0.0127  v 0.186  ev +0.99  adv_std 0.643  tR +0.29  ent[s/d/p/e] 1.37/1.14/0.73/0.41  emits 2.85  spf 268.7  z0 0.03  garr 144.5  tG 1683  e2 0.51  nF 17.2  pS 0.40  ptS 0.38  fLog 0.72  pdΔ -0.1006  pkR 13.43  clip 0.37  kl +0.033
upd  264  steps 8683520  sps 5690  opp buf  loss +0.012  pg -0.0095  v 0.166  ev +0.99  adv_std 0.610  tR +0.13  ent[s/d/p/e] 1.38/1.25/0.70/0.43  emits 2.81  spf 301.7  z0 0.02  garr 151.1  tG 1876  e2 0.51  nF 21.1  pS 0.38  ptS 0.36  fLog 0.69  pdΔ -0.1229  pkR 17.38  clip 0.38  kl +0.036
upd  265  steps 8716288  sps 5692  opp buf  loss +0.006  pg -0.0127  v 0.153  ev +0.99  adv_std 0.587  tR -0.04  ent[s/d/p/e] 1.43/1.21/0.67/0.43  emits 2.91  spf 301.8  z0 0.02  garr 146.4  tG 1968  e2 0.53  nF 21.4  pS 0.39  ptS 0.38  fLog 0.70  pdΔ -0.1093  pkR 12.30  clip 0.39  kl +0.033
upd  266  steps 8749056  sps 5693  opp frzn  loss +0.009  pg -0.0125  v 0.162  ev +0.99  adv_std 0.605  tR +0.00  ent[s/d/p/e] 1.38/1.11/0.63/0.40  emits 2.64  spf 358.6  z0 0.04  garr 155.6  tG 2126  e2 0.45  nF 16.8  pS 0.35  ptS 0.33  fLog 0.74  pdΔ -0.1544  pkR 12.01  clip 0.36  kl +0.032
upd  267  steps 8781824  sps 5695  opp buf  loss +0.018  pg -0.0133  v 0.214  ev +0.99  adv_std 0.679  tR +0.23  ent[s/d/p/e] 1.25/1.09/0.71/0.43  emits 2.68  spf 355.4  z0 0.03  garr 181.4  tG 1796  e2 0.48  nF 15.1  pS 0.37  ptS 0.36  fLog 0.74  pdΔ -0.1302  pkR 15.29  clip 0.35  kl +0.031
upd  268  steps 8814592  sps 5697  opp frzn  loss +0.019  pg -0.0113  v 0.209  ev +0.99  adv_std 0.681  tR +0.08  ent[s/d/p/e] 1.26/1.19/0.70/0.43  emits 2.59  spf 265.8  z0 0.04  garr 129.9  tG 1291  e2 0.44  nF 17.0  pS 0.36  ptS 0.35  fLog 0.69  pdΔ -0.1412  pkR 12.39  clip 0.36  kl +0.030
upd  269  steps 8847360  sps 5698  opp frzn  loss +0.010  pg -0.0133  v 0.172  ev +0.99  adv_std 0.617  tR +0.57  ent[s/d/p/e] 1.24/1.17/0.71/0.42  emits 2.40  spf 287.2  z0 0.02  garr 150.9  tG 1347  e2 0.41  nF 15.7  pS 0.35  ptS 0.34  fLog 0.70  pdΔ -0.1450  pkR 12.92  clip 0.35  kl +0.032
upd  270  steps 8880128  sps 5700  opp buf  loss +0.011  pg -0.0124  v 0.174  ev +0.98  adv_std 0.621  tR +0.03  ent[s/d/p/e] 1.18/1.19/0.74/0.48  emits 2.49  spf 273.1  z0 0.03  garr 160.6  tG 1202  e2 0.47  nF 16.0  pS 0.37  ptS 0.35  fLog 0.69  pdΔ -0.1344  pkR 8.37  clip 0.36  kl +0.031
upd  271  steps 8912896  sps 5702  opp buf  loss +0.031  pg -0.0082  v 0.254  ev +0.99  adv_std 0.736  tR +0.12  ent[s/d/p/e] 1.37/1.09/0.66/0.42  emits 2.90  spf 321.3  z0 0.03  garr 165.4  tG 1889  e2 0.52  nF 17.7  pS 0.40  ptS 0.38  fLog 0.74  pdΔ -0.0969  pkR 9.56  clip 0.37  kl +0.033
upd  272  steps 8945664  sps 5703  opp buf  loss +0.014  pg -0.0112  v 0.187  ev +0.99  adv_std 0.639  tR +0.23  ent[s/d/p/e] 1.55/1.08/0.68/0.36  emits 3.17  spf 374.6  z0 0.02  garr 168.8  tG 2583  e2 0.54  nF 19.5  pS 0.42  ptS 0.41  fLog 0.75  pdΔ -0.0751  pkR 11.68  clip 0.38  kl +0.034
upd  273  steps 8978432  sps 5705  opp frzn  loss +0.013  pg -0.0136  v 0.191  ev +0.99  adv_std 0.649  tR +0.26  ent[s/d/p/e] 1.49/1.09/0.67/0.37  emits 2.89  spf 311.1  z0 0.04  garr 147.3  tG 2060  e2 0.48  nF 16.7  pS 0.41  ptS 0.39  fLog 0.74  pdΔ -0.0941  pkR 14.37  clip 0.37  kl +0.032
upd  274  steps 9011200  sps 5707  opp buf  loss +0.018  pg -0.0124  v 0.209  ev +0.99  adv_std 0.674  tR +0.65  ent[s/d/p/e] 1.36/1.08/0.72/0.42  emits 2.94  spf 336.4  z0 0.01  garr 185.0  tG 1970  e2 0.52  nF 14.9  pS 0.41  ptS 0.39  fLog 0.75  pdΔ -0.0870  pkR 14.21  clip 0.37  kl +0.036
upd  275  steps 9043968  sps 5708  opp buf  loss +0.016  pg -0.0123  v 0.198  ev +0.99  adv_std 0.655  tR +0.38  ent[s/d/p/e] 1.38/1.14/0.68/0.40  emits 3.01  spf 364.3  z0 0.01  garr 175.7  tG 2055  e2 0.53  nF 19.0  pS 0.38  ptS 0.37  fLog 0.73  pdΔ -0.1209  pkR 11.22  clip 0.37  kl +0.033
upd  276  steps 9076736  sps 5710  opp frzn  loss +0.019  pg -0.0113  v 0.210  ev +0.99  adv_std 0.683  tR +0.14  ent[s/d/p/e] 1.43/1.10/0.67/0.38  emits 2.78  spf 315.4  z0 0.05  garr 155.9  tG 1883  e2 0.46  nF 17.2  pS 0.38  ptS 0.36  fLog 0.73  pdΔ -0.1212  pkR 17.27  clip 0.37  kl +0.038
upd  277  steps 9109504  sps 5712  opp buf  loss +0.017  pg -0.0144  v 0.216  ev +0.99  adv_std 0.690  tR +0.57  ent[s/d/p/e] 1.36/1.08/0.69/0.38  emits 2.99  spf 364.5  z0 0.01  garr 211.1  tG 1972  e2 0.53  nF 16.9  pS 0.40  ptS 0.37  fLog 0.75  pdΔ -0.1036  pkR 11.07  clip 0.36  kl +0.036
upd  278  steps 9142272  sps 5713  opp buf  loss +0.019  pg -0.0112  v 0.209  ev +0.99  adv_std 0.679  tR +0.39  ent[s/d/p/e] 1.39/1.13/0.68/0.40  emits 2.97  spf 286.9  z0 0.02  garr 154.0  tG 1712  e2 0.52  nF 18.0  pS 0.39  ptS 0.38  fLog 0.72  pdΔ -0.1118  pkR 13.47  clip 0.38  kl +0.037
upd  279  steps 9175040  sps 5715  opp buf  loss +0.014  pg -0.0109  v 0.184  ev +1.00  adv_std 0.633  tR +0.09  ent[s/d/p/e] 1.52/1.11/0.66/0.35  emits 3.28  spf 324.1  z0 0.02  garr 161.4  tG 2261  e2 0.56  nF 20.9  pS 0.40  ptS 0.39  fLog 0.73  pdΔ -0.1015  pkR 11.06  clip 0.38  kl +0.032
upd  280  steps 9207808  sps 5716  opp buf  loss +0.025  pg -0.0081  v 0.225  ev +0.99  adv_std 0.695  tR +0.22  ent[s/d/p/e] 1.47/1.11/0.66/0.34  emits 3.20  spf 339.7  z0 0.02  garr 160.7  tG 2353  e2 0.54  nF 20.7  pS 0.38  ptS 0.37  fLog 0.73  pdΔ -0.1227  pkR 12.05  clip 0.38  kl +0.037
upd  281  steps 9240576  sps 5718  opp buf  loss +0.018  pg -0.0118  v 0.205  ev +0.99  adv_std 0.668  tR -0.01  ent[s/d/p/e] 1.35/1.02/0.66/0.36  emits 3.26  spf 366.8  z0 0.02  garr 199.7  tG 2137  e2 0.56  nF 18.1  pS 0.39  ptS 0.37  fLog 0.75  pdΔ -0.1127  pkR 13.43  clip 0.36  kl +0.033
upd  282  steps 9273344  sps 5719  opp buf  loss +0.015  pg -0.0120  v 0.194  ev +0.99  adv_std 0.657  tR -0.01  ent[s/d/p/e] 1.42/1.04/0.66/0.36  emits 3.35  spf 405.4  z0 0.02  garr 212.6  tG 2481  e2 0.57  nF 18.0  pS 0.40  ptS 0.38  fLog 0.77  pdΔ -0.1016  pkR 10.82  clip 0.39  kl +0.035
upd  283  steps 9306112  sps 5721  opp buf  loss +0.018  pg -0.0118  v 0.206  ev +1.00  adv_std 0.674  tR +0.15  ent[s/d/p/e] 1.53/1.13/0.65/0.35  emits 3.51  spf 377.1  z0 0.01  garr 188.3  tG 2651  e2 0.59  nF 22.6  pS 0.43  ptS 0.42  fLog 0.74  pdΔ -0.0697  pkR 11.88  clip 0.39  kl +0.032
upd  284  steps 9338880  sps 5723  opp frzn  loss +0.025  pg -0.0115  v 0.242  ev +0.99  adv_std 0.725  tR +0.11  ent[s/d/p/e] 1.60/1.07/0.62/0.31  emits 3.23  spf 393.8  z0 0.04  garr 187.7  tG 2744  e2 0.51  nF 18.8  pS 0.40  ptS 0.38  fLog 0.76  pdΔ -0.1007  pkR 9.66  clip 0.36  kl +0.033
upd  285  steps 9371648  sps 5724  opp buf  loss +0.022  pg -0.0123  v 0.226  ev +0.99  adv_std 0.703  tR +0.39  ent[s/d/p/e] 1.42/1.08/0.66/0.38  emits 3.09  spf 310.8  z0 0.03  garr 185.6  tG 1944  e2 0.54  nF 18.4  pS 0.40  ptS 0.38  fLog 0.73  pdΔ -0.0954  pkR 13.95  clip 0.36  kl +0.035
upd  286  steps 9404416  sps 5726  opp frzn  loss +0.014  pg -0.0133  v 0.193  ev +0.99  adv_std 0.642  tR +0.28  ent[s/d/p/e] 1.41/1.06/0.60/0.36  emits 2.99  spf 334.9  z0 0.05  garr 176.5  tG 2075  e2 0.51  nF 17.6  pS 0.37  ptS 0.35  fLog 0.75  pdΔ -0.1316  pkR 14.08  clip 0.34  kl +0.026
upd  287  steps 9437184  sps 5727  opp buf  loss +0.021  pg -0.0122  v 0.222  ev +0.99  adv_std 0.695  tR +0.33  ent[s/d/p/e] 1.37/1.07/0.65/0.37  emits 3.02  spf 331.1  z0 0.03  garr 184.7  tG 1952  e2 0.52  nF 16.9  pS 0.37  ptS 0.35  fLog 0.74  pdΔ -0.1298  pkR 13.94  clip 0.36  kl +0.034
upd  288  steps 9469952  sps 5729  opp buf  loss +0.018  pg -0.0137  v 0.215  ev +0.99  adv_std 0.681  tR +0.27  ent[s/d/p/e] 1.42/1.09/0.62/0.37  emits 3.27  spf 398.6  z0 0.02  garr 204.6  tG 2398  e2 0.57  nF 19.5  pS 0.38  ptS 0.37  fLog 0.74  pdΔ -0.1159  pkR 9.78  clip 0.36  kl +0.030
upd  289  steps 9502720  sps 5730  opp frzn  loss +0.016  pg -0.0131  v 0.201  ev +0.99  adv_std 0.669  tR +0.03  ent[s/d/p/e] 1.45/1.05/0.63/0.35  emits 2.95  spf 390.6  z0 0.02  garr 185.2  tG 2417  e2 0.50  nF 17.2  pS 0.36  ptS 0.35  fLog 0.76  pdΔ -0.1393  pkR 11.93  clip 0.36  kl +0.033
upd  290  steps 9535488  sps 5732  opp buf  loss +0.016  pg -0.0137  v 0.205  ev +0.99  adv_std 0.669  tR +0.13  ent[s/d/p/e] 1.33/1.09/0.67/0.38  emits 2.95  spf 387.2  z0 0.02  garr 208.0  tG 2003  e2 0.52  nF 17.6  pS 0.38  ptS 0.36  fLog 0.73  pdΔ -0.1179  pkR 14.60  clip 0.34  kl +0.028
upd  291  steps 9568256  sps 5733  opp buf  loss +0.021  pg -0.0133  v 0.227  ev +0.99  adv_std 0.702  tR +0.03  ent[s/d/p/e] 1.47/1.11/0.63/0.36  emits 3.26  spf 312.9  z0 0.02  garr 167.8  tG 1968  e2 0.56  nF 19.7  pS 0.42  ptS 0.40  fLog 0.72  pdΔ -0.0795  pkR 9.59  clip 0.37  kl +0.031
upd  292  steps 9601024  sps 5734  opp buf  loss +0.022  pg -0.0113  v 0.224  ev +1.00  adv_std 0.703  tR +0.33  ent[s/d/p/e] 1.67/1.08/0.62/0.30  emits 3.69  spf 387.6  z0 0.02  garr 197.4  tG 3038  e2 0.60  nF 20.1  pS 0.47  ptS 0.46  fLog 0.77  pdΔ -0.0293  pkR 9.64  clip 0.38  kl +0.033
upd  293  steps 9633792  sps 5736  opp buf  loss +0.018  pg -0.0124  v 0.211  ev +1.00  adv_std 0.682  tR +0.29  ent[s/d/p/e] 1.67/1.13/0.62/0.31  emits 3.80  spf 376.5  z0 0.01  garr 198.1  tG 3181  e2 0.64  nF 22.5  pS 0.46  ptS 0.45  fLog 0.75  pdΔ -0.0360  pkR 9.34  clip 0.40  kl +0.034
upd  294  steps 9666560  sps 5737  opp buf  loss +0.018  pg -0.0111  v 0.202  ev +1.00  adv_std 0.666  tR +0.18  ent[s/d/p/e] 1.60/1.16/0.62/0.31  emits 3.73  spf 364.4  z0 0.01  garr 187.2  tG 2860  e2 0.61  nF 23.4  pS 0.42  ptS 0.40  fLog 0.74  pdΔ -0.0783  pkR 11.40  clip 0.39  kl +0.035
upd  295  steps 9699328  sps 5739  opp buf  loss +0.013  pg -0.0107  v 0.177  ev +1.00  adv_std 0.617  tR +0.12  ent[s/d/p/e] 1.54/1.10/0.62/0.31  emits 3.59  spf 428.9  z0 0.03  garr 218.8  tG 2872  e2 0.59  nF 23.1  pS 0.39  ptS 0.37  fLog 0.75  pdΔ -0.1123  pkR 10.47  clip 0.37  kl +0.031
upd  296  steps 9732096  sps 5740  opp buf  loss +0.014  pg -0.0122  v 0.186  ev +1.00  adv_std 0.636  tR -0.01  ent[s/d/p/e] 1.55/1.11/0.61/0.31  emits 3.61  spf 396.2  z0 0.01  garr 191.4  tG 2830  e2 0.59  nF 22.8  pS 0.40  ptS 0.39  fLog 0.74  pdΔ -0.0964  pkR 11.59  clip 0.38  kl +0.035
upd  297  steps 9764864  sps 5742  opp frzn  loss +0.017  pg -0.0145  v 0.214  ev +0.99  adv_std 0.686  tR +0.30  ent[s/d/p/e] 1.36/1.07/0.62/0.32  emits 3.12  spf 396.3  z0 0.02  garr 192.0  tG 2189  e2 0.51  nF 18.8  pS 0.33  ptS 0.32  fLog 0.75  pdΔ -0.1653  pkR 16.34  clip 0.35  kl +0.029
upd  298  steps 9797632  sps 5743  opp buf  loss +0.020  pg -0.0116  v 0.212  ev +0.99  adv_std 0.685  tR -0.01  ent[s/d/p/e] 1.33/1.16/0.65/0.37  emits 3.07  spf 313.9  z0 0.03  garr 184.2  tG 1600  e2 0.53  nF 20.3  pS 0.35  ptS 0.34  fLog 0.70  pdΔ -0.1501  pkR 13.88  clip 0.37  kl +0.035
upd  299  steps 9830400  sps 5744  opp frzn  loss +0.027  pg -0.0131  v 0.255  ev +0.99  adv_std 0.748  tR +0.20  ent[s/d/p/e] 1.51/1.12/0.62/0.32  emits 3.26  spf 303.2  z0 0.04  garr 155.2  tG 1880  e2 0.52  nF 20.5  pS 0.37  ptS 0.36  fLog 0.72  pdΔ -0.1294  pkR 14.97  clip 0.37  kl +0.029 WRr 0.78 WRf 0.81
[ckpt] saved ./ckpt_multi_action_v11_f29_buf/ckpt_000299.pkl
upd  300  steps 9863168  sps 5704  opp buf  loss +0.023  pg -0.0146  v 0.245  ev +0.99  adv_std 0.734  tR +0.53  ent[s/d/p/e] 1.45/1.08/0.67/0.34  emits 3.34  spf 325.0  z0 0.01  garr 183.7  tG 2062  e2 0.57  nF 19.8  pS 0.40  ptS 0.38  fLog 0.73  pdΔ -0.0992  pkR 14.43  clip 0.38  kl +0.035
upd  301  steps 9895936  sps 5706  opp frzn  loss +0.029  pg -0.0135  v 0.264  ev +0.99  adv_std 0.760  tR +0.08  ent[s/d/p/e] 1.29/1.10/0.63/0.34  emits 2.95  spf 328.6  z0 0.06  garr 172.2  tG 1593  e2 0.49  nF 18.3  pS 0.33  ptS 0.31  fLog 0.72  pdΔ -0.1716  pkR 15.81  clip 0.34  kl +0.027
upd  302  steps 9928704  sps 5707  opp frzn  loss +0.025  pg -0.0127  v 0.246  ev +0.98  adv_std 0.732  tR +0.34  ent[s/d/p/e] 1.30/1.05/0.67/0.40  emits 2.67  spf 280.6  z0 0.03  garr 166.6  tG 1466  e2 0.48  nF 14.9  pS 0.38  ptS 0.36  fLog 0.72  pdΔ -0.1184  pkR 19.78  clip 0.36  kl +0.032
upd  303  steps 9961472  sps 5709  opp buf  loss +0.026  pg -0.0139  v 0.257  ev +0.99  adv_std 0.745  tR +0.60  ent[s/d/p/e] 1.25/1.09/0.70/0.40  emits 3.07  spf 313.3  z0 0.01  garr 210.8  tG 1535  e2 0.56  nF 18.4  pS 0.37  ptS 0.35  fLog 0.72  pdΔ -0.1337  pkR 6.65  clip 0.35  kl +0.029
upd  304  steps 9994240  sps 5710  opp buf  loss +0.027  pg -0.0098  v 0.242  ev +0.99  adv_std 0.720  tR +0.01  ent[s/d/p/e] 1.46/1.07/0.68/0.34  emits 3.52  spf 306.2  z0 0.03  garr 175.4  tG 1927  e2 0.59  nF 20.0  pS 0.39  ptS 0.38  fLog 0.73  pdΔ -0.1108  pkR 14.33  clip 0.37  kl +0.030
upd  305  steps 10027008  sps 5712  opp buf  loss +0.023  pg -0.0111  v 0.226  ev +0.99  adv_std 0.702  tR +0.08  ent[s/d/p/e] 1.56/1.01/0.67/0.29  emits 3.67  spf 337.6  z0 0.02  garr 180.3  tG 2323  e2 0.59  nF 18.5  pS 0.40  ptS 0.39  fLog 0.76  pdΔ -0.0963  pkR 13.46  clip 0.38  kl +0.032
upd  306  steps 10059776  sps 5713  opp buf  loss +0.021  pg -0.0111  v 0.217  ev +0.99  adv_std 0.690  tR +0.31  ent[s/d/p/e] 1.52/1.07/0.64/0.31  emits 3.63  spf 328.1  z0 0.01  garr 175.2  tG 2367  e2 0.61  nF 22.2  pS 0.40  ptS 0.39  fLog 0.74  pdΔ -0.0995  pkR 13.76  clip 0.38  kl +0.032
upd  307  steps 10092544  sps 5715  opp frzn  loss +0.014  pg -0.0128  v 0.190  ev +0.99  adv_std 0.646  tR -0.01  ent[s/d/p/e] 1.43/1.08/0.60/0.30  emits 3.03  spf 327.4  z0 0.05  garr 154.7  tG 1914  e2 0.49  nF 18.9  pS 0.33  ptS 0.32  fLog 0.73  pdΔ -0.1685  pkR 12.39  clip 0.35  kl +0.030
upd  308  steps 10125312  sps 5716  opp frzn  loss +0.027  pg -0.0147  v 0.262  ev +0.98  adv_std 0.754  tR +0.32  ent[s/d/p/e] 1.31/1.03/0.67/0.39  emits 2.87  spf 335.6  z0 0.03  garr 189.4  tG 1776  e2 0.50  nF 15.1  pS 0.35  ptS 0.34  fLog 0.75  pdΔ -0.1469  pkR 15.12  clip 0.35  kl +0.030
upd  309  steps 10158080  sps 5717  opp frzn  loss +0.025  pg -0.0140  v 0.250  ev +0.98  adv_std 0.749  tR +0.45  ent[s/d/p/e] 1.21/1.18/0.64/0.41  emits 2.73  spf 234.3  z0 0.02  garr 143.2  tG 1074  e2 0.47  nF 19.2  pS 0.33  ptS 0.32  fLog 0.67  pdΔ -0.1660  pkR 12.22  clip 0.35  kl +0.030
upd  310  steps 10190848  sps 5719  opp frzn  loss +0.021  pg -0.0148  v 0.235  ev +0.98  adv_std 0.718  tR +0.46  ent[s/d/p/e] 1.20/1.10/0.66/0.41  emits 2.72  spf 291.7  z0 0.01  garr 163.7  tG 1204  e2 0.48  nF 17.5  pS 0.34  ptS 0.32  fLog 0.70  pdΔ -0.1616  pkR 7.14  clip 0.34  kl +0.030
upd  311  steps 10223616  sps 5720  opp buf  loss +0.028  pg -0.0147  v 0.269  ev +0.99  adv_std 0.769  tR +0.01  ent[s/d/p/e] 1.25/1.08/0.68/0.40  emits 3.05  spf 306.2  z0 0.02  garr 184.0  tG 1387  e2 0.55  nF 19.0  pS 0.36  ptS 0.35  fLog 0.71  pdΔ -0.1358  pkR 7.55  clip 0.34  kl +0.029
upd  312  steps 10256384  sps 5722  opp buf  loss +0.023  pg -0.0129  v 0.235  ev +0.99  adv_std 0.719  tR +0.30  ent[s/d/p/e] 1.49/1.07/0.63/0.32  emits 3.37  spf 305.0  z0 0.02  garr 168.7  tG 1955  e2 0.56  nF 21.6  pS 0.39  ptS 0.37  fLog 0.73  pdΔ -0.1092  pkR 10.48  clip 0.37  kl +0.032
upd  313  steps 10289152  sps 5723  opp frzn  loss +0.019  pg -0.0158  v 0.227  ev +0.99  adv_std 0.704  tR +0.10  ent[s/d/p/e] 1.40/0.96/0.63/0.31  emits 3.30  spf 386.6  z0 0.02  garr 196.2  tG 2366  e2 0.54  nF 17.0  pS 0.37  ptS 0.35  fLog 0.76  pdΔ -0.1349  pkR 11.46  clip 0.35  kl +0.026
upd  314  steps 10321920  sps 5724  opp frzn  loss +0.023  pg -0.0147  v 0.239  ev +0.99  adv_std 0.732  tR +0.41  ent[s/d/p/e] 1.15/1.02/0.63/0.38  emits 2.90  spf 366.1  z0 0.01  garr 210.8  tG 1548  e2 0.52  nF 16.6  pS 0.33  ptS 0.31  fLog 0.72  pdΔ -0.1708  pkR 15.50  clip 0.34  kl +0.033
upd  315  steps 10354688  sps 5726  opp buf  loss +0.021  pg -0.0125  v 0.219  ev +0.99  adv_std 0.702  tR +0.17  ent[s/d/p/e] 1.19/1.11/0.65/0.38  emits 3.08  spf 299.0  z0 0.02  garr 197.1  tG 1312  e2 0.56  nF 19.2  pS 0.34  ptS 0.33  fLog 0.70  pdΔ -0.1574  pkR 8.66  clip 0.36  kl +0.033
upd  316  steps 10387456  sps 5727  opp buf  loss +0.033  pg -0.0125  v 0.281  ev +0.99  adv_std 0.788  tR +0.14  ent[s/d/p/e] 1.39/1.01/0.63/0.33  emits 3.43  spf 280.9  z0 0.02  garr 153.1  tG 1651  e2 0.59  nF 19.9  pS 0.40  ptS 0.38  fLog 0.73  pdΔ -0.1017  pkR 10.75  clip 0.37  kl +0.036
upd  317  steps 10420224  sps 5729  opp frzn  loss +0.027  pg -0.0112  v 0.246  ev +0.99  adv_std 0.740  tR +0.06  ent[s/d/p/e] 1.48/0.98/0.61/0.28  emits 3.33  spf 311.9  z0 0.04  garr 149.6  tG 2031  e2 0.54  nF 18.5  pS 0.36  ptS 0.34  fLog 0.74  pdΔ -0.1434  pkR 13.30  clip 0.36  kl +0.034
upd  318  steps 10452992  sps 5730  opp buf  loss +0.024  pg -0.0112  v 0.232  ev +0.99  adv_std 0.713  tR +0.13  ent[s/d/p/e] 1.31/0.96/0.64/0.34  emits 3.29  spf 343.1  z0 0.04  garr 210.7  tG 1837  e2 0.58  nF 17.0  pS 0.37  ptS 0.35  fLog 0.76  pdΔ -0.1281  pkR 15.25  clip 0.35  kl +0.041
upd  319  steps 10485760  sps 5731  opp frzn  loss +0.021  pg -0.0142  v 0.228  ev +0.99  adv_std 0.710  tR +0.33  ent[s/d/p/e] 1.38/0.97/0.62/0.28  emits 3.57  spf 384.2  z0 0.01  garr 229.8  tG 2084  e2 0.58  nF 17.6  pS 0.38  ptS 0.36  fLog 0.76  pdΔ -0.1248  pkR 10.17  clip 0.36  kl +0.033
upd  320  steps 10518528  sps 5733  opp buf  loss +0.039  pg -0.0104  v 0.302  ev +0.99  adv_std 0.810  tR +0.35  ent[s/d/p/e] 1.34/0.96/0.66/0.32  emits 3.47  spf 380.0  z0 0.01  garr 229.5  tG 2186  e2 0.59  nF 17.2  pS 0.38  ptS 0.36  fLog 0.76  pdΔ -0.1209  pkR 11.85  clip 0.36  kl +0.039
upd  321  steps 10551296  sps 5734  opp buf  loss +0.033  pg -0.0130  v 0.281  ev +0.99  adv_std 0.786  tR +0.15  ent[s/d/p/e] 1.27/1.01/0.63/0.33  emits 3.53  spf 356.5  z0 0.02  garr 220.9  tG 1882  e2 0.61  nF 19.6  pS 0.36  ptS 0.34  fLog 0.74  pdΔ -0.1449  pkR 14.13  clip 0.36  kl +0.032
upd  322  steps 10584064  sps 5735  opp frzn  loss +0.030  pg -0.0125  v 0.264  ev +0.99  adv_std 0.760  tR -0.06  ent[s/d/p/e] 1.30/0.97/0.59/0.30  emits 3.14  spf 353.8  z0 0.05  garr 181.8  tG 1953  e2 0.52  nF 17.7  pS 0.31  ptS 0.30  fLog 0.76  pdΔ -0.1949  pkR 14.45  clip 0.34  kl +0.032
upd  323  steps 10616832  sps 5737  opp buf  loss +0.030  pg -0.0145  v 0.276  ev +0.99  adv_std 0.772  tR +0.20  ent[s/d/p/e] 1.21/0.94/0.67/0.36  emits 3.22  spf 346.3  z0 0.02  garr 207.1  tG 1838  e2 0.57  nF 14.5  pS 0.34  ptS 0.32  fLog 0.76  pdΔ -0.1615  pkR 17.34  clip 0.35  kl +0.031
upd  324  steps 10649600  sps 5738  opp buf  loss +0.027  pg -0.0098  v 0.238  ev +0.99  adv_std 0.725  tR +0.04  ent[s/d/p/e] 1.28/0.99/0.65/0.32  emits 3.57  spf 386.5  z0 0.03  garr 257.9  tG 1872  e2 0.62  nF 18.4  pS 0.34  ptS 0.33  fLog 0.76  pdΔ -0.1599  pkR 9.47  clip 0.37  kl +0.034
upd  325  steps 10682368  sps 5739  opp buf  loss +0.028  pg -0.0100  v 0.246  ev +1.00  adv_std 0.738  tR -0.04  ent[s/d/p/e] 1.55/1.02/0.60/0.27  emits 3.75  spf 325.4  z0 0.02  garr 184.8  tG 2219  e2 0.61  nF 22.4  pS 0.40  ptS 0.39  fLog 0.74  pdΔ -0.0984  pkR 9.46  clip 0.39  kl +0.035
upd  326  steps 10715136  sps 5740  opp buf  loss +0.024  pg -0.0135  v 0.245  ev +1.00  adv_std 0.735  tR +0.11  ent[s/d/p/e] 1.66/0.95/0.65/0.24  emits 3.89  spf 394.4  z0 0.02  garr 211.2  tG 3027  e2 0.62  nF 20.8  pS 0.43  ptS 0.41  fLog 0.77  pdΔ -0.0730  pkR 9.30  clip 0.37  kl +0.030
upd  327  steps 10747904  sps 5742  opp buf  loss +0.029  pg -0.0120  v 0.261  ev +0.99  adv_std 0.758  tR +0.32  ent[s/d/p/e] 1.53/0.95/0.66/0.28  emits 3.82  spf 325.8  z0 0.01  garr 186.4  tG 2381  e2 0.63  nF 19.4  pS 0.41  ptS 0.40  fLog 0.76  pdΔ -0.0900  pkR 10.65  clip 0.39  kl +0.034
upd  328  steps 10780672  sps 5743  opp buf  loss +0.029  pg -0.0096  v 0.246  ev +0.99  adv_std 0.728  tR +0.19  ent[s/d/p/e] 1.41/1.00/0.65/0.27  emits 3.67  spf 367.1  z0 0.01  garr 217.0  tG 2322  e2 0.63  nF 21.4  pS 0.36  ptS 0.35  fLog 0.75  pdΔ -0.1413  pkR 13.35  clip 0.38  kl +0.038
upd  329  steps 10813440  sps 5744  opp buf  loss +0.023  pg -0.0097  v 0.219  ev +1.00  adv_std 0.695  tR +0.19  ent[s/d/p/e] 1.40/0.94/0.63/0.28  emits 3.56  spf 342.1  z0 0.03  garr 214.7  tG 1918  e2 0.61  nF 19.7  pS 0.36  ptS 0.35  fLog 0.75  pdΔ -0.1368  pkR 15.32  clip 0.36  kl +0.032
upd  330  steps 10846208  sps 5745  opp buf  loss +0.030  pg -0.0120  v 0.266  ev +0.99  adv_std 0.767  tR -0.17  ent[s/d/p/e] 1.48/0.92/0.64/0.25  emits 3.90  spf 381.3  z0 0.02  garr 222.4  tG 2550  e2 0.65  nF 19.7  pS 0.40  ptS 0.39  fLog 0.78  pdΔ -0.0979  pkR 9.03  clip 0.38  kl +0.032
upd  331  steps 10878976  sps 5747  opp buf  loss +0.021  pg -0.0116  v 0.220  ev +1.00  adv_std 0.697  tR +0.25  ent[s/d/p/e] 1.49/0.94/0.64/0.25  emits 3.77  spf 361.2  z0 0.02  garr 192.1  tG 2620  e2 0.62  nF 20.0  pS 0.40  ptS 0.38  fLog 0.76  pdΔ -0.1033  pkR 10.66  clip 0.37  kl +0.031
upd  332  steps 10911744  sps 5748  opp frzn  loss +0.034  pg -0.0119  v 0.280  ev +0.99  adv_std 0.790  tR +0.19  ent[s/d/p/e] 1.41/0.86/0.61/0.26  emits 3.48  spf 349.1  z0 0.03  garr 191.3  tG 2179  e2 0.56  nF 16.3  pS 0.37  ptS 0.35  fLog 0.77  pdΔ -0.1251  pkR 12.29  clip 0.36  kl +0.034
upd  333  steps 10944512  sps 5749  opp buf  loss +0.037  pg -0.0129  v 0.302  ev +0.99  adv_std 0.808  tR +0.41  ent[s/d/p/e] 1.30/0.82/0.67/0.31  emits 3.48  spf 405.9  z0 0.02  garr 280.9  tG 2192  e2 0.63  nF 14.4  pS 0.39  ptS 0.37  fLog 0.78  pdΔ -0.1058  pkR 12.93  clip 0.34  kl +0.032
upd  334  steps 10977280  sps 5750  opp buf  loss +0.035  pg -0.0101  v 0.281  ev +0.99  adv_std 0.780  tR -0.03  ent[s/d/p/e] 1.43/0.86/0.63/0.26  emits 3.90  spf 389.1  z0 0.02  garr 243.1  tG 2463  e2 0.65  nF 16.6  pS 0.40  ptS 0.39  fLog 0.79  pdΔ -0.0991  pkR 7.91  clip 0.36  kl +0.030
upd  335  steps 11010048  sps 5752  opp buf  loss +0.024  pg -0.0094  v 0.224  ev +1.00  adv_std 0.701  tR +0.22  ent[s/d/p/e] 1.48/0.88/0.63/0.25  emits 3.82  spf 421.4  z0 0.01  garr 236.7  tG 3009  e2 0.64  nF 17.7  pS 0.39  ptS 0.38  fLog 0.79  pdΔ -0.1058  pkR 11.38  clip 0.38  kl +0.036
upd  336  steps 11042816  sps 5753  opp frzn  loss +0.018  pg -0.0133  v 0.211  ev +1.00  adv_std 0.681  tR +0.13  ent[s/d/p/e] 1.40/0.85/0.63/0.27  emits 3.58  spf 421.1  z0 0.01  garr 237.6  tG 2567  e2 0.59  nF 16.8  pS 0.36  ptS 0.35  fLog 0.78  pdΔ -0.1387  pkR 12.33  clip 0.34  kl +0.026
upd  337  steps 11075584  sps 5754  opp buf  loss +0.033  pg -0.0133  v 0.285  ev +0.99  adv_std 0.789  tR +0.21  ent[s/d/p/e] 1.23/0.86/0.63/0.31  emits 3.40  spf 398.3  z0 0.01  garr 232.6  tG 1990  e2 0.59  nF 16.0  pS 0.35  ptS 0.34  fLog 0.77  pdΔ -0.1475  pkR 11.15  clip 0.35  kl +0.033
upd  338  steps 11108352  sps 5755  opp buf  loss +0.034  pg -0.0107  v 0.276  ev +0.99  adv_std 0.776  tR +0.16  ent[s/d/p/e] 1.27/0.89/0.64/0.29  emits 3.69  spf 384.6  z0 0.01  garr 206.0  tG 1994  e2 0.61  nF 18.7  pS 0.37  ptS 0.35  fLog 0.76  pdΔ -0.1343  pkR 10.69  clip 0.37  kl +0.037
upd  339  steps 11141120  sps 5757  opp buf  loss +0.034  pg -0.0095  v 0.270  ev +0.99  adv_std 0.763  tR +0.18  ent[s/d/p/e] 1.37/0.85/0.64/0.29  emits 3.64  spf 348.5  z0 0.01  garr 181.5  tG 2257  e2 0.62  nF 17.4  pS 0.38  ptS 0.37  fLog 0.77  pdΔ -0.1237  pkR 14.10  clip 0.37  kl +0.034
upd  340  steps 11173888  sps 5758  opp buf  loss +0.033  pg -0.0106  v 0.274  ev +0.99  adv_std 0.778  tR -0.09  ent[s/d/p/e] 1.45/0.82/0.65/0.25  emits 4.06  spf 389.1  z0 0.02  garr 228.4  tG 2871  e2 0.67  nF 16.9  pS 0.40  ptS 0.39  fLog 0.80  pdΔ -0.0962  pkR 13.85  clip 0.38  kl +0.035
upd  341  steps 11206656  sps 5759  opp buf  loss +0.036  pg -0.0075  v 0.273  ev +0.99  adv_std 0.774  tR +0.15  ent[s/d/p/e] 1.37/1.00/0.63/0.28  emits 3.59  spf 348.2  z0 0.01  garr 181.8  tG 2132  e2 0.61  nF 21.2  pS 0.35  ptS 0.34  fLog 0.73  pdΔ -0.1538  pkR 12.23  clip 0.39  kl +0.043
upd  342  steps 11239424  sps 5760  opp buf  loss +0.031  pg -0.0092  v 0.257  ev +0.99  adv_std 0.750  tR -0.09  ent[s/d/p/e] 1.34/1.01/0.62/0.29  emits 3.57  spf 322.3  z0 0.02  garr 169.1  tG 1883  e2 0.60  nF 21.3  pS 0.36  ptS 0.34  fLog 0.72  pdΔ -0.1433  pkR 12.58  clip 0.37  kl +0.036
upd  343  steps 11272192  sps 5761  opp frzn  loss +0.025  pg -0.0123  v 0.238  ev +0.99  adv_std 0.731  tR +0.00  ent[s/d/p/e] 1.34/0.94/0.60/0.27  emits 3.24  spf 346.3  z0 0.02  garr 177.6  tG 1939  e2 0.55  nF 19.3  pS 0.32  ptS 0.31  fLog 0.73  pdΔ -0.1809  pkR 17.24  clip 0.36  kl +0.043
upd  344  steps 11304960  sps 5762  opp buf  loss +0.036  pg -0.0115  v 0.286  ev +0.99  adv_std 0.790  tR -0.07  ent[s/d/p/e] 1.02/0.81/0.60/0.34  emits 3.16  spf 398.4  z0 0.02  garr 258.7  tG 1654  e2 0.60  nF 14.0  pS 0.32  ptS 0.30  fLog 0.75  pdΔ -0.1843  pkR 17.21  clip 0.32  kl +0.035
upd  345  steps 11337728  sps 5764  opp frzn  loss +0.040  pg -0.0141  v 0.320  ev +0.99  adv_std 0.838  tR +0.05  ent[s/d/p/e] 1.13/0.84/0.60/0.30  emits 3.31  spf 341.5  z0 0.03  garr 203.5  tG 1507  e2 0.57  nF 14.7  pS 0.32  ptS 0.30  fLog 0.76  pdΔ -0.1836  pkR 12.84  clip 0.35  kl +0.031
upd  346  steps 11370496  sps 5765  opp buf  loss +0.034  pg -0.0110  v 0.272  ev +0.99  adv_std 0.765  tR -0.08  ent[s/d/p/e] 1.06/0.82/0.62/0.33  emits 3.28  spf 424.7  z0 0.02  garr 247.0  tG 1823  e2 0.58  nF 13.4  pS 0.32  ptS 0.31  fLog 0.77  pdΔ -0.1768  pkR 14.51  clip 0.33  kl +0.027
upd  347  steps 11403264  sps 5766  opp buf  loss +0.037  pg -0.0120  v 0.296  ev +0.99  adv_std 0.805  tR +0.16  ent[s/d/p/e] 1.24/0.84/0.64/0.28  emits 3.89  spf 373.8  z0 0.01  garr 240.4  tG 2103  e2 0.67  nF 15.5  pS 0.37  ptS 0.35  fLog 0.77  pdΔ -0.1305  pkR 12.75  clip 0.37  kl +0.037
upd  348  steps 11436032  sps 5767  opp buf  loss +0.034  pg -0.0091  v 0.269  ev +0.99  adv_std 0.769  tR +0.08  ent[s/d/p/e] 1.37/0.89/0.64/0.26  emits 3.64  spf 344.4  z0 0.02  garr 198.6  tG 2262  e2 0.61  nF 17.4  pS 0.35  ptS 0.34  fLog 0.76  pdΔ -0.1496  pkR 13.98  clip 0.37  kl +0.037
upd  349  steps 11468800  sps 5768  opp frzn  loss +0.022  pg -0.0108  v 0.215  ev +0.99  adv_std 0.692  tR +0.17  ent[s/d/p/e] 1.22/0.90/0.62/0.31  emits 3.19  spf 341.0  z0 0.02  garr 187.8  tG 1735  e2 0.56  nF 16.0  pS 0.32  ptS 0.30  fLog 0.74  pdΔ -0.1836  pkR 15.56  clip 0.35  kl +0.031 WRr 0.81 WRf 0.91
upd  350  steps 11501568  sps 5732  opp buf  loss +0.041  pg -0.0112  v 0.312  ev +0.99  adv_std 0.823  tR +0.17  ent[s/d/p/e] 1.19/0.86/0.64/0.31  emits 3.47  spf 372.7  z0 0.01  garr 230.7  tG 1747  e2 0.61  nF 16.7  pS 0.36  ptS 0.35  fLog 0.76  pdΔ -0.1390  pkR 13.68  clip 0.35  kl +0.032
upd  351  steps 11534336  sps 5733  opp frzn  loss +0.057  pg -0.0109  v 0.391  ev +0.99  adv_std 0.916  tR +0.18  ent[s/d/p/e] 1.17/0.78/0.62/0.28  emits 3.47  spf 397.0  z0 0.03  garr 238.3  tG 1997  e2 0.59  nF 13.0  pS 0.34  ptS 0.32  fLog 0.80  pdΔ -0.1622  pkR 15.22  clip 0.34  kl +0.030
upd  352  steps 11567104  sps 5734  opp buf  loss +0.036  pg -0.0105  v 0.285  ev +0.99  adv_std 0.786  tR +0.12  ent[s/d/p/e] 1.23/0.86/0.67/0.31  emits 3.46  spf 355.5  z0 0.02  garr 227.6  tG 1925  e2 0.61  nF 16.5  pS 0.36  ptS 0.35  fLog 0.77  pdΔ -0.1352  pkR 11.78  clip 0.35  kl +0.034
upd  353  steps 11599872  sps 5735  opp buf  loss +0.043  pg -0.0079  v 0.309  ev +0.99  adv_std 0.817  tR +0.07  ent[s/d/p/e] 1.38/0.86/0.68/0.27  emits 3.94  spf 321.0  z0 0.01  garr 192.6  tG 2105  e2 0.65  nF 18.7  pS 0.40  ptS 0.39  fLog 0.77  pdΔ -0.0967  pkR 10.16  clip 0.38  kl +0.035
upd  354  steps 11632640  sps 5736  opp buf  loss +0.033  pg -0.0093  v 0.268  ev +1.00  adv_std 0.764  tR +0.20  ent[s/d/p/e] 1.51/0.89/0.65/0.23  emits 4.07  spf 341.2  z0 0.01  garr 181.7  tG 2700  e2 0.65  nF 20.9  pS 0.40  ptS 0.39  fLog 0.76  pdΔ -0.0955  pkR 12.24  clip 0.39  kl +0.037
upd  355  steps 11665408  sps 5738  opp buf  loss +0.012  pg -0.0118  v 0.177  ev +1.00  adv_std 0.622  tR +0.17  ent[s/d/p/e] 1.52/0.87/0.65/0.22  emits 3.90  spf 379.6  z0 0.02  garr 194.6  tG 2911  e2 0.62  nF 19.3  pS 0.38  ptS 0.37  fLog 0.77  pdΔ -0.1246  pkR 13.52  clip 0.37  kl +0.030
upd  356  steps 11698176  sps 5739  opp buf  loss +0.028  pg -0.0096  v 0.245  ev +0.99  adv_std 0.740  tR +0.04  ent[s/d/p/e] 1.43/0.90/0.67/0.27  emits 3.69  spf 328.6  z0 0.01  garr 180.0  tG 2302  e2 0.61  nF 18.7  pS 0.38  ptS 0.37  fLog 0.75  pdΔ -0.1214  pkR 15.79  clip 0.40  kl +0.042
upd  357  steps 11730944  sps 5740  opp buf  loss +0.041  pg -0.0086  v 0.304  ev +0.99  adv_std 0.810  tR +0.12  ent[s/d/p/e] 1.37/0.82/0.68/0.26  emits 4.05  spf 328.9  z0 0.01  garr 195.1  tG 2147  e2 0.67  nF 18.8  pS 0.40  ptS 0.39  fLog 0.77  pdΔ -0.0999  pkR 13.19  clip 0.39  kl +0.039
upd  358  steps 11763712  sps 5741  opp buf  loss +0.041  pg -0.0105  v 0.310  ev +0.99  adv_std 0.821  tR +0.20  ent[s/d/p/e] 1.42/0.85/0.66/0.24  emits 4.14  spf 349.5  z0 0.02  garr 211.3  tG 2430  e2 0.67  nF 19.7  pS 0.40  ptS 0.39  fLog 0.77  pdΔ -0.0996  pkR 13.51  clip 0.39  kl +0.036
upd  359  steps 11796480  sps 5742  opp buf  loss +0.031  pg -0.0099  v 0.261  ev +1.00  adv_std 0.751  tR +0.07  ent[s/d/p/e] 1.53/0.87/0.65/0.22  emits 4.14  spf 366.9  z0 0.01  garr 198.3  tG 2800  e2 0.65  nF 20.4  pS 0.40  ptS 0.39  fLog 0.77  pdΔ -0.0955  pkR 9.74  clip 0.39  kl +0.033
upd  360  steps 11829248  sps 5744  opp buf  loss +0.052  pg -0.0073  v 0.351  ev +0.99  adv_std 0.866  tR +0.23  ent[s/d/p/e] 1.45/0.85/0.68/0.25  emits 3.93  spf 332.3  z0 0.02  garr 192.3  tG 2365  e2 0.65  nF 18.4  pS 0.41  ptS 0.39  fLog 0.76  pdΔ -0.0905  pkR 11.53  clip 0.38  kl +0.040
upd  361  steps 11862016  sps 5745  opp buf  loss +0.036  pg -0.0096  v 0.283  ev +0.99  adv_std 0.781  tR +0.15  ent[s/d/p/e] 1.41/0.85/0.66/0.23  emits 3.99  spf 315.3  z0 0.01  garr 185.5  tG 2184  e2 0.64  nF 18.4  pS 0.38  ptS 0.37  fLog 0.77  pdΔ -0.1171  pkR 9.25  clip 0.38  kl +0.032
upd  362  steps 11894784  sps 5746  opp frzn  loss +0.028  pg -0.0118  v 0.252  ev +0.99  adv_std 0.746  tR -0.02  ent[s/d/p/e] 1.37/0.80/0.63/0.22  emits 3.40  spf 341.3  z0 0.05  garr 200.9  tG 2049  e2 0.57  nF 16.2  pS 0.34  ptS 0.32  fLog 0.78  pdΔ -0.1644  pkR 13.05  clip 0.35  kl +0.034
upd  363  steps 11927552  sps 5747  opp buf  loss +0.041  pg -0.0130  v 0.320  ev +0.99  adv_std 0.820  tR +0.09  ent[s/d/p/e] 1.19/0.71/0.62/0.29  emits 3.49  spf 405.2  z0 0.02  garr 273.1  tG 2115  e2 0.63  nF 13.7  pS 0.36  ptS 0.34  fLog 0.80  pdΔ -0.1431  pkR 11.60  clip 0.32  kl +0.026
upd  364  steps 11960320  sps 5748  opp buf  loss +0.027  pg -0.0144  v 0.260  ev +0.99  adv_std 0.739  tR +0.05  ent[s/d/p/e] 1.20/0.74/0.65/0.28  emits 4.00  spf 407.7  z0 0.01  garr 270.5  tG 2269  e2 0.69  nF 14.0  pS 0.37  ptS 0.36  fLog 0.80  pdΔ -0.1251  pkR 11.83  clip 0.34  kl +0.028
upd  365  steps 11993088  sps 5749  opp buf  loss +0.030  pg -0.0132  v 0.266  ev +0.99  adv_std 0.763  tR +0.26  ent[s/d/p/e] 1.26/0.82/0.63/0.27  emits 3.87  spf 344.1  z0 0.01  garr 217.2  tG 2058  e2 0.66  nF 16.6  pS 0.36  ptS 0.35  fLog 0.77  pdΔ -0.1420  pkR 11.24  clip 0.36  kl +0.029
upd  366  steps 12025856  sps 5750  opp frzn  loss +0.026  pg -0.0116  v 0.242  ev +0.99  adv_std 0.729  tR +0.12  ent[s/d/p/e] 1.31/0.80/0.65/0.25  emits 3.58  spf 357.4  z0 0.02  garr 189.2  tG 2114  e2 0.58  nF 16.5  pS 0.33  ptS 0.32  fLog 0.77  pdΔ -0.1742  pkR 15.58  clip 0.37  kl +0.031
upd  367  steps 12058624  sps 5752  opp buf  loss +0.043  pg -0.0096  v 0.316  ev +0.99  adv_std 0.826  tR +0.15  ent[s/d/p/e] 1.16/0.85/0.67/0.33  emits 3.56  spf 304.2  z0 0.01  garr 199.4  tG 1566  e2 0.65  nF 17.9  pS 0.35  ptS 0.34  fLog 0.75  pdΔ -0.1471  pkR 11.13  clip 0.37  kl +0.038
upd  368  steps 12091392  sps 5753  opp frzn  loss +0.046  pg -0.0104  v 0.333  ev +0.99  adv_std 0.844  tR +0.28  ent[s/d/p/e] 1.21/0.82/0.61/0.27  emits 3.55  spf 309.7  z0 0.03  garr 199.2  tG 1624  e2 0.60  nF 16.4  pS 0.33  ptS 0.32  fLog 0.75  pdΔ -0.1651  pkR 13.16  clip 0.33  kl +0.031
upd  369  steps 12124160  sps 5754  opp frzn  loss +0.048  pg -0.0103  v 0.339  ev +0.98  adv_std 0.850  tR +0.32  ent[s/d/p/e] 1.13/0.79/0.60/0.32  emits 3.34  spf 332.4  z0 0.02  garr 209.9  tG 1723  e2 0.61  nF 13.3  pS 0.34  ptS 0.33  fLog 0.77  pdΔ -0.1561  pkR 14.79  clip 0.34  kl +0.035
upd  370  steps 12156928  sps 5755  opp frzn  loss +0.049  pg -0.0110  v 0.348  ev +0.98  adv_std 0.866  tR +0.30  ent[s/d/p/e] 1.03/0.89/0.57/0.32  emits 3.31  spf 354.4  z0 0.02  garr 227.6  tG 1425  e2 0.60  nF 15.0  pS 0.31  ptS 0.30  fLog 0.75  pdΔ -0.1851  pkR 8.32  clip 0.32  kl +0.028
upd  371  steps 12189696  sps 5756  opp buf  loss +0.040  pg -0.0123  v 0.312  ev +0.99  adv_std 0.824  tR +0.36  ent[s/d/p/e] 1.13/0.90/0.64/0.32  emits 3.47  spf 335.0  z0 0.02  garr 231.6  tG 1487  e2 0.64  nF 18.1  pS 0.36  ptS 0.35  fLog 0.74  pdΔ -0.1370  pkR 8.44  clip 0.35  kl +0.034
upd  372  steps 12222464  sps 5757  opp frzn  loss +0.042  pg -0.0119  v 0.318  ev +0.99  adv_std 0.828  tR +0.13  ent[s/d/p/e] 1.20/0.84/0.63/0.27  emits 3.46  spf 301.2  z0 0.03  garr 181.8  tG 1443  e2 0.57  nF 16.6  pS 0.34  ptS 0.33  fLog 0.75  pdΔ -0.1578  pkR 10.37  clip 0.36  kl +0.035
upd  373  steps 12255232  sps 5758  opp frzn  loss +0.047  pg -0.0128  v 0.349  ev +0.98  adv_std 0.873  tR +0.44  ent[s/d/p/e] 1.12/0.84/0.61/0.33  emits 3.19  spf 304.3  z0 0.02  garr 179.0  tG 1491  e2 0.58  nF 14.5  pS 0.34  ptS 0.32  fLog 0.75  pdΔ -0.1646  pkR 15.63  clip 0.35  kl +0.033
upd  374  steps 12288000  sps 5759  opp buf  loss +0.056  pg -0.0120  v 0.393  ev +0.99  adv_std 0.908  tR +0.13  ent[s/d/p/e] 1.16/0.80/0.69/0.33  emits 3.61  spf 287.4  z0 0.02  garr 197.1  tG 1405  e2 0.64  nF 15.5  pS 0.38  ptS 0.36  fLog 0.75  pdΔ -0.1246  pkR 7.04  clip 0.35  kl +0.034
upd  375  steps 12320768  sps 5760  opp buf  loss +0.034  pg -0.0099  v 0.271  ev +0.99  adv_std 0.764  tR +0.45  ent[s/d/p/e] 1.39/0.79/0.67/0.22  emits 4.50  spf 356.5  z0 0.01  garr 251.5  tG 2443  e2 0.73  nF 17.6  pS 0.41  ptS 0.39  fLog 0.79  pdΔ -0.0906  pkR 10.62  clip 0.40  kl +0.039
upd  376  steps 12353536  sps 5761  opp buf  loss +0.044  pg -0.0103  v 0.326  ev +0.99  adv_std 0.842  tR +0.26  ent[s/d/p/e] 1.52/0.88/0.66/0.20  emits 4.53  spf 336.9  z0 0.02  garr 213.4  tG 2652  e2 0.71  nF 21.6  pS 0.41  ptS 0.40  fLog 0.77  pdΔ -0.0894  pkR 10.88  clip 0.41  kl +0.041
upd  377  steps 12386304  sps 5762  opp buf  loss +0.041  pg -0.0079  v 0.298  ev +1.00  adv_std 0.807  tR +0.17  ent[s/d/p/e] 1.53/0.86/0.65/0.18  emits 4.54  spf 357.4  z0 0.01  garr 213.7  tG 2840  e2 0.69  nF 20.6  pS 0.41  ptS 0.40  fLog 0.78  pdΔ -0.0944  pkR 12.05  clip 0.41  kl +0.039
upd  378  steps 12419072  sps 5763  opp buf  loss +0.031  pg -0.0118  v 0.270  ev +1.00  adv_std 0.770  tR +0.17  ent[s/d/p/e] 1.52/0.82/0.67/0.18  emits 4.49  spf 353.6  z0 0.01  garr 218.8  tG 2751  e2 0.70  nF 18.2  pS 0.40  ptS 0.39  fLog 0.78  pdΔ -0.0968  pkR 10.12  clip 0.39  kl +0.031
upd  379  steps 12451840  sps 5765  opp buf  loss +0.028  pg -0.0122  v 0.254  ev +1.00  adv_std 0.749  tR +0.33  ent[s/d/p/e] 1.49/0.83/0.65/0.21  emits 4.11  spf 356.1  z0 0.01  garr 219.4  tG 2682  e2 0.67  nF 18.5  pS 0.38  ptS 0.37  fLog 0.78  pdΔ -0.1173  pkR 8.75  clip 0.38  kl +0.035
upd  380  steps 12484608  sps 5766  opp buf  loss +0.041  pg -0.0100  v 0.310  ev +0.99  adv_std 0.821  tR +0.02  ent[s/d/p/e] 1.38/0.84/0.67/0.24  emits 4.18  spf 332.9  z0 0.02  garr 204.5  tG 2360  e2 0.68  nF 19.4  pS 0.38  ptS 0.36  fLog 0.76  pdΔ -0.1211  pkR 12.30  clip 0.39  kl +0.041
upd  381  steps 12517376  sps 5767  opp frzn  loss +0.031  pg -0.0129  v 0.272  ev +0.99  adv_std 0.766  tR +0.03  ent[s/d/p/e] 1.36/0.81/0.67/0.23  emits 4.01  spf 347.8  z0 0.01  garr 210.5  tG 2303  e2 0.64  nF 19.0  pS 0.37  ptS 0.36  fLog 0.77  pdΔ -0.1260  pkR 16.94  clip 0.37  kl +0.032
upd  382  steps 12550144  sps 5768  opp frzn  loss +0.037  pg -0.0145  v 0.304  ev +0.99  adv_std 0.819  tR +0.02  ent[s/d/p/e] 1.11/0.80/0.59/0.28  emits 3.11  spf 340.9  z0 0.02  garr 202.1  tG 1572  e2 0.55  nF 16.7  pS 0.30  ptS 0.28  fLog 0.74  pdΔ -0.2024  pkR 20.23  clip 0.31  kl +0.029
upd  383  steps 12582912  sps 5769  opp buf  loss +0.054  pg -0.0129  v 0.383  ev +0.99  adv_std 0.912  tR +0.07  ent[s/d/p/e] 1.02/0.75/0.59/0.32  emits 3.53  spf 371.3  z0 0.02  garr 274.4  tG 1556  e2 0.67  nF 14.8  pS 0.33  ptS 0.31  fLog 0.78  pdΔ -0.1671  pkR 9.66  clip 0.32  kl +0.031
upd  384  steps 12615680  sps 5770  opp buf  loss +0.046  pg -0.0081  v 0.324  ev +0.99  adv_std 0.830  tR +0.16  ent[s/d/p/e] 1.30/0.77/0.64/0.24  emits 4.26  spf 349.9  z0 0.02  garr 241.4  tG 2159  e2 0.72  nF 16.9  pS 0.38  ptS 0.37  fLog 0.78  pdΔ -0.1208  pkR 11.28  clip 0.38  kl +0.035
upd  385  steps 12648448  sps 5771  opp buf  loss +0.043  pg -0.0117  v 0.326  ev +0.99  adv_std 0.841  tR +0.16  ent[s/d/p/e] 1.47/0.78/0.64/0.21  emits 4.35  spf 366.2  z0 0.01  garr 241.1  tG 2753  e2 0.71  nF 19.0  pS 0.40  ptS 0.39  fLog 0.79  pdΔ -0.1000  pkR 10.87  clip 0.38  kl +0.034
upd  386  steps 12681216  sps 5772  opp buf  loss +0.062  pg -0.0078  v 0.402  ev +0.99  adv_std 0.930  tR +0.17  ent[s/d/p/e] 1.44/0.79/0.63/0.21  emits 4.37  spf 340.5  z0 0.02  garr 212.7  tG 2572  e2 0.71  nF 19.9  pS 0.41  ptS 0.39  fLog 0.77  pdΔ -0.0916  pkR 10.37  clip 0.39  kl +0.040
upd  387  steps 12713984  sps 5773  opp frzn  loss +0.039  pg -0.0132  v 0.312  ev +0.99  adv_std 0.819  tR +0.05  ent[s/d/p/e] 1.36/0.76/0.64/0.22  emits 3.89  spf 372.6  z0 0.01  garr 225.1  tG 2458  e2 0.63  nF 16.8  pS 0.37  ptS 0.35  fLog 0.79  pdΔ -0.1296  pkR 11.69  clip 0.34  kl +0.027
upd  388  steps 12746752  sps 5774  opp frzn  loss +0.048  pg -0.0117  v 0.345  ev +0.98  adv_std 0.859  tR +0.31  ent[s/d/p/e] 1.06/0.75/0.59/0.29  emits 3.33  spf 334.0  z0 0.02  garr 221.0  tG 1637  e2 0.60  nF 13.5  pS 0.33  ptS 0.31  fLog 0.77  pdΔ -0.1731  pkR 20.09  clip 0.31  kl +0.026
upd  389  steps 12779520  sps 5775  opp buf  loss +0.049  pg -0.0122  v 0.358  ev +0.99  adv_std 0.884  tR +0.53  ent[s/d/p/e] 1.13/0.84/0.66/0.31  emits 3.52  spf 294.8  z0 0.00  garr 205.7  tG 1291  e2 0.63  nF 18.3  pS 0.36  ptS 0.35  fLog 0.74  pdΔ -0.1382  pkR 7.24  clip 0.37  kl +0.037
upd  390  steps 12812288  sps 5776  opp buf  loss +0.040  pg -0.0130  v 0.319  ev +0.99  adv_std 0.835  tR +0.18  ent[s/d/p/e] 1.38/0.85/0.66/0.24  emits 4.11  spf 301.0  z0 0.02  garr 195.4  tG 1888  e2 0.67  nF 19.9  pS 0.39  ptS 0.37  fLog 0.75  pdΔ -0.1142  pkR 13.10  clip 0.38  kl +0.040
upd  391  steps 12845056  sps 5777  opp frzn  loss +0.031  pg -0.0133  v 0.276  ev +0.99  adv_std 0.778  tR +0.29  ent[s/d/p/e] 1.39/0.80/0.66/0.23  emits 3.91  spf 369.9  z0 0.01  garr 206.6  tG 2537  e2 0.63  nF 17.2  pS 0.37  ptS 0.35  fLog 0.78  pdΔ -0.1288  pkR 13.11  clip 0.38  kl +0.036
upd  392  steps 12877824  sps 5778  opp buf  loss +0.055  pg -0.0141  v 0.396  ev +0.99  adv_std 0.930  tR +0.06  ent[s/d/p/e] 1.21/0.78/0.66/0.28  emits 3.72  spf 386.5  z0 0.02  garr 245.0  tG 2112  e2 0.65  nF 15.6  pS 0.36  ptS 0.34  fLog 0.78  pdΔ -0.1414  pkR 18.22  clip 0.34  kl +0.030
upd  393  steps 12910592  sps 5779  opp buf  loss +0.044  pg -0.0111  v 0.328  ev +0.99  adv_std 0.846  tR +0.22  ent[s/d/p/e] 1.32/0.81/0.64/0.25  emits 4.13  spf 325.7  z0 0.01  garr 224.9  tG 1988  e2 0.70  nF 18.8  pS 0.38  ptS 0.37  fLog 0.76  pdΔ -0.1180  pkR 12.59  clip 0.38  kl +0.034
upd  394  steps 12943360  sps 5780  opp buf  loss +0.044  pg -0.0104  v 0.325  ev +0.99  adv_std 0.842  tR -0.09  ent[s/d/p/e] 1.44/0.86/0.65/0.22  emits 4.28  spf 354.4  z0 0.01  garr 227.7  tG 2557  e2 0.70  nF 19.7  pS 0.39  ptS 0.37  fLog 0.77  pdΔ -0.1126  pkR 13.43  clip 0.39  kl +0.039
upd  395  steps 12976128  sps 5781  opp buf  loss +0.047  pg -0.0114  v 0.347  ev +0.99  adv_std 0.875  tR +0.23  ent[s/d/p/e] 1.45/0.88/0.66/0.21  emits 4.25  spf 304.1  z0 0.02  garr 196.6  tG 2199  e2 0.67  nF 21.6  pS 0.38  ptS 0.36  fLog 0.75  pdΔ -0.1217  pkR 12.55  clip 0.38  kl +0.035
upd  396  steps 13008896  sps 5782  opp buf  loss +0.046  pg -0.0115  v 0.340  ev +0.99  adv_std 0.860  tR +0.11  ent[s/d/p/e] 1.46/0.81/0.67/0.21  emits 4.25  spf 317.8  z0 0.01  garr 188.2  tG 2342  e2 0.67  nF 19.6  pS 0.40  ptS 0.39  fLog 0.77  pdΔ -0.1008  pkR 16.08  clip 0.38  kl +0.033
upd  397  steps 13041664  sps 5783  opp frzn  loss +0.050  pg -0.0110  v 0.355  ev +0.99  adv_std 0.879  tR +0.16  ent[s/d/p/e] 1.32/0.75/0.66/0.22  emits 4.05  spf 348.4  z0 0.01  garr 204.5  tG 2292  e2 0.65  nF 15.8  pS 0.37  ptS 0.35  fLog 0.79  pdΔ -0.1321  pkR 11.23  clip 0.37  kl +0.036
upd  398  steps 13074432  sps 5784  opp buf  loss +0.057  pg -0.0122  v 0.398  ev +0.99  adv_std 0.935  tR +0.21  ent[s/d/p/e] 1.24/0.84/0.65/0.25  emits 3.95  spf 343.2  z0 0.01  garr 226.7  tG 1966  e2 0.67  nF 18.1  pS 0.38  ptS 0.36  fLog 0.76  pdΔ -0.1237  pkR 19.17  clip 0.37  kl +0.036
upd  399  steps 13107200  sps 5785  opp buf  loss +0.031  pg -0.0115  v 0.266  ev +1.00  adv_std 0.765  tR +0.22  ent[s/d/p/e] 1.39/0.82/0.60/0.21  emits 4.17  spf 320.2  z0 0.02  garr 214.4  tG 2017  e2 0.69  nF 20.6  pS 0.39  ptS 0.38  fLog 0.76  pdΔ -0.1138  pkR 12.06  clip 0.36  kl +0.032 WRr 0.88 WRf 0.84
[ckpt] saved ./ckpt_multi_action_v11_f29_buf/ckpt_000399.pkl
upd  400  steps 13139968  sps 5754  opp buf  loss +0.055  pg -0.0083  v 0.373  ev +0.99  adv_std 0.904  tR +0.20  ent[s/d/p/e] 1.62/0.83/0.65/0.17  emits 4.48  spf 355.7  z0 0.01  garr 219.4  tG 2944  e2 0.69  nF 21.5  pS 0.43  ptS 0.42  fLog 0.78  pdΔ -0.0695  pkR 8.75  clip 0.40  kl +0.040
upd  401  steps 13172736  sps 5755  opp frzn  loss +0.043  pg -0.0131  v 0.331  ev +0.99  adv_std 0.854  tR +0.12  ent[s/d/p/e] 1.38/0.83/0.62/0.24  emits 3.54  spf 348.0  z0 0.02  garr 198.2  tG 2115  e2 0.58  nF 16.5  pS 0.35  ptS 0.34  fLog 0.77  pdΔ -0.1532  pkR 11.71  clip 0.35  kl +0.035
upd  402  steps 13205504  sps 5756  opp buf  loss +0.046  pg -0.0137  v 0.348  ev +0.99  adv_std 0.872  tR -0.09  ent[s/d/p/e] 1.07/0.77/0.61/0.29  emits 3.60  spf 401.0  z0 0.03  garr 273.5  tG 1910  e2 0.65  nF 14.0  pS 0.32  ptS 0.30  fLog 0.78  pdΔ -0.1847  pkR 13.63  clip 0.32  kl +0.027
upd  403  steps 13238272  sps 5757  opp buf  loss +0.032  pg -0.0127  v 0.272  ev +0.99  adv_std 0.778  tR +0.03  ent[s/d/p/e] 1.27/0.81/0.61/0.22  emits 4.25  spf 343.9  z0 0.02  garr 229.1  tG 1889  e2 0.70  nF 19.4  pS 0.35  ptS 0.34  fLog 0.77  pdΔ -0.1467  pkR 9.32  clip 0.38  kl +0.033
upd  404  steps 13271040  sps 5758  opp buf  loss +0.029  pg -0.0091  v 0.244  ev +1.00  adv_std 0.733  tR +0.04  ent[s/d/p/e] 1.49/0.76/0.63/0.18  emits 4.62  spf 361.1  z0 0.01  garr 242.2  tG 2779  e2 0.74  nF 18.1  pS 0.41  ptS 0.39  fLog 0.80  pdΔ -0.0945  pkR 9.61  clip 0.39  kl +0.035
upd  405  steps 13303808  sps 5759  opp buf  loss +0.029  pg -0.0118  v 0.257  ev +1.00  adv_std 0.754  tR +0.13  ent[s/d/p/e] 1.52/0.78/0.63/0.17  emits 4.55  spf 382.5  z0 0.02  garr 254.0  tG 2944  e2 0.71  nF 18.8  pS 0.40  ptS 0.39  fLog 0.80  pdΔ -0.0985  pkR 11.50  clip 0.39  kl +0.035
upd  406  steps 13336576  sps 5760  opp buf  loss +0.041  pg -0.0113  v 0.314  ev +0.99  adv_std 0.820  tR +0.08  ent[s/d/p/e] 1.48/0.78/0.62/0.18  emits 4.37  spf 420.9  z0 0.01  garr 250.7  tG 2976  e2 0.68  nF 18.1  pS 0.38  ptS 0.37  fLog 0.80  pdΔ -0.1183  pkR 9.12  clip 0.37  kl +0.030
upd  407  steps 13369344  sps 5761  opp buf  loss +0.049  pg -0.0107  v 0.351  ev +0.99  adv_std 0.865  tR +0.00  ent[s/d/p/e] 1.41/0.80/0.63/0.20  emits 4.22  spf 377.6  z0 0.02  garr 227.7  tG 2584  e2 0.68  nF 18.7  pS 0.37  ptS 0.36  fLog 0.78  pdΔ -0.1274  pkR 11.91  clip 0.38  kl +0.036
upd  408  steps 13402112  sps 5762  opp buf  loss +0.030  pg -0.0137  v 0.271  ev +1.00  adv_std 0.777  tR +0.09  ent[s/d/p/e] 1.40/0.76/0.66/0.19  emits 4.20  spf 387.4  z0 0.02  garr 222.5  tG 2637  e2 0.66  nF 17.8  pS 0.37  ptS 0.36  fLog 0.78  pdΔ -0.1312  pkR 11.04  clip 0.37  kl +0.033
upd  409  steps 13434880  sps 5763  opp buf  loss +0.033  pg -0.0143  v 0.288  ev +0.99  adv_std 0.799  tR +0.03  ent[s/d/p/e] 1.34/0.77/0.66/0.22  emits 4.06  spf 341.1  z0 0.01  garr 199.2  tG 2255  e2 0.66  nF 17.0  pS 0.37  ptS 0.36  fLog 0.78  pdΔ -0.1325  pkR 13.58  clip 0.36  kl +0.030
upd  410  steps 13467648  sps 5764  opp buf  loss +0.025  pg -0.0153  v 0.252  ev +0.99  adv_std 0.744  tR +0.09  ent[s/d/p/e] 1.30/0.79/0.64/0.23  emits 4.03  spf 358.8  z0 0.02  garr 199.8  tG 2217  e2 0.66  nF 17.9  pS 0.36  ptS 0.35  fLog 0.78  pdΔ -0.1435  pkR 15.15  clip 0.36  kl +0.030
upd  411  steps 13500416  sps 5765  opp buf  loss +0.047  pg -0.0124  v 0.348  ev +0.99  adv_std 0.873  tR +0.07  ent[s/d/p/e] 1.30/0.78/0.67/0.23  emits 4.27  spf 334.6  z0 0.01  garr 196.1  tG 2015  e2 0.68  nF 18.0  pS 0.38  ptS 0.37  fLog 0.78  pdΔ -0.1234  pkR 10.34  clip 0.38  kl +0.033
upd  412  steps 13533184  sps 5766  opp buf  loss +0.035  pg -0.0152  v 0.306  ev +0.99  adv_std 0.819  tR +0.19  ent[s/d/p/e] 1.33/0.75/0.66/0.22  emits 4.26  spf 342.8  z0 0.01  garr 199.8  tG 2121  e2 0.67  nF 16.8  pS 0.38  ptS 0.37  fLog 0.79  pdΔ -0.1213  pkR 11.28  clip 0.37  kl +0.030
upd  413  steps 13565952  sps 5767  opp buf  loss +0.043  pg -0.0118  v 0.326  ev +0.99  adv_std 0.844  tR +0.26  ent[s/d/p/e] 1.36/0.75/0.66/0.21  emits 4.30  spf 344.0  z0 0.02  garr 208.3  tG 2233  e2 0.68  nF 18.0  pS 0.38  ptS 0.36  fLog 0.78  pdΔ -0.1206  pkR 10.72  clip 0.38  kl +0.034
upd  414  steps 13598720  sps 5768  opp frzn  loss +0.047  pg -0.0135  v 0.352  ev +0.99  adv_std 0.874  tR +0.19  ent[s/d/p/e] 1.42/0.82/0.60/0.18  emits 3.91  spf 363.4  z0 0.04  garr 195.8  tG 2396  e2 0.59  nF 17.5  pS 0.37  ptS 0.35  fLog 0.77  pdΔ -0.1309  pkR 12.39  clip 0.33  kl +0.026
upd  415  steps 13631488  sps 5769  opp buf  loss +0.045  pg -0.0144  v 0.348  ev +0.99  adv_std 0.862  tR +0.50  ent[s/d/p/e] 1.23/0.77/0.62/0.21  emits 3.90  spf 398.7  z0 0.02  garr 237.1  tG 2256  e2 0.63  nF 15.7  pS 0.35  ptS 0.33  fLog 0.79  pdΔ -0.1521  pkR 11.93  clip 0.34  kl +0.028
upd  416  steps 13664256  sps 5770  opp buf  loss +0.041  pg -0.0128  v 0.318  ev +0.99  adv_std 0.834  tR +0.04  ent[s/d/p/e] 1.21/0.75/0.63/0.23  emits 4.08  spf 369.4  z0 0.01  garr 224.5  tG 2019  e2 0.67  nF 17.5  pS 0.36  ptS 0.35  fLog 0.78  pdΔ -0.1393  pkR 14.13  clip 0.35  kl +0.031
upd  417  steps 13697024  sps 5771  opp buf  loss +0.046  pg -0.0130  v 0.350  ev +0.99  adv_std 0.870  tR -0.03  ent[s/d/p/e] 1.36/0.76/0.65/0.22  emits 4.16  spf 343.1  z0 0.01  garr 191.8  tG 2214  e2 0.67  nF 18.3  pS 0.38  ptS 0.37  fLog 0.77  pdΔ -0.1216  pkR 13.80  clip 0.37  kl +0.031
upd  418  steps 13729792  sps 5772  opp buf  loss +0.037  pg -0.0125  v 0.302  ev +0.99  adv_std 0.816  tR +0.23  ent[s/d/p/e] 1.35/0.84/0.65/0.21  emits 4.27  spf 340.8  z0 0.01  garr 192.3  tG 2128  e2 0.66  nF 20.0  pS 0.37  ptS 0.37  fLog 0.77  pdΔ -0.1281  pkR 10.23  clip 0.39  kl +0.039
upd  419  steps 13762560  sps 5773  opp frzn  loss +0.041  pg -0.0110  v 0.309  ev +0.99  adv_std 0.822  tR +0.21  ent[s/d/p/e] 1.21/0.77/0.66/0.25  emits 3.70  spf 376.9  z0 0.01  garr 205.5  tG 1923  e2 0.59  nF 15.4  pS 0.32  ptS 0.31  fLog 0.78  pdΔ -0.1803  pkR 10.14  clip 0.37  kl +0.040
upd  420  steps 13795328  sps 5774  opp buf  loss +0.034  pg -0.0131  v 0.283  ev +0.99  adv_std 0.786  tR -0.01  ent[s/d/p/e] 1.11/0.75/0.63/0.24  emits 3.82  spf 370.6  z0 0.02  garr 223.4  tG 1721  e2 0.62  nF 16.0  pS 0.31  ptS 0.30  fLog 0.77  pdΔ -0.1852  pkR 16.28  clip 0.34  kl +0.030
upd  421  steps 13828096  sps 5774  opp buf  loss +0.039  pg -0.0115  v 0.300  ev +0.99  adv_std 0.807  tR +0.12  ent[s/d/p/e] 1.23/0.73/0.63/0.21  emits 4.19  spf 364.6  z0 0.01  garr 218.0  tG 2021  e2 0.67  nF 17.2  pS 0.36  ptS 0.34  fLog 0.78  pdΔ -0.1421  pkR 9.48  clip 0.37  kl +0.033
upd  422  steps 13860864  sps 5775  opp buf  loss +0.042  pg -0.0085  v 0.307  ev +0.99  adv_std 0.805  tR +0.11  ent[s/d/p/e] 1.39/0.77/0.65/0.19  emits 4.34  spf 369.7  z0 0.01  garr 208.5  tG 2514  e2 0.66  nF 19.5  pS 0.38  ptS 0.37  fLog 0.77  pdΔ -0.1189  pkR 10.24  clip 0.39  kl +0.039
upd  423  steps 13893632  sps 5776  opp buf  loss +0.030  pg -0.0142  v 0.275  ev +1.00  adv_std 0.778  tR +0.00  ent[s/d/p/e] 1.45/0.74/0.67/0.18  emits 4.71  spf 380.5  z0 0.01  garr 215.0  tG 2934  e2 0.70  nF 18.4  pS 0.41  ptS 0.40  fLog 0.80  pdΔ -0.0899  pkR 11.39  clip 0.40  kl +0.034
upd  424  steps 13926400  sps 5777  opp buf  loss +0.033  pg -0.0141  v 0.292  ev +0.99  adv_std 0.799  tR +0.20  ent[s/d/p/e] 1.49/0.79/0.67/0.17  emits 4.54  spf 360.6  z0 0.00  garr 202.3  tG 2573  e2 0.67  nF 19.4  pS 0.41  ptS 0.39  fLog 0.78  pdΔ -0.0924  pkR 12.89  clip 0.40  kl +0.031
upd  425  steps 13959168  sps 5778  opp buf  loss +0.036  pg -0.0123  v 0.294  ev +0.99  adv_std 0.801  tR -0.09  ent[s/d/p/e] 1.42/0.75/0.67/0.21  emits 4.52  spf 338.5  z0 0.01  garr 202.6  tG 2368  e2 0.70  nF 18.5  pS 0.41  ptS 0.39  fLog 0.79  pdΔ -0.0921  pkR 8.83  clip 0.40  kl +0.033
upd  426  steps 13991936  sps 5779  opp frzn  loss +0.034  pg -0.0138  v 0.289  ev +0.99  adv_std 0.797  tR +0.01  ent[s/d/p/e] 1.31/0.73/0.65/0.20  emits 4.05  spf 397.2  z0 0.01  garr 217.9  tG 2371  e2 0.61  nF 16.5  pS 0.35  ptS 0.33  fLog 0.80  pdΔ -0.1547  pkR 11.56  clip 0.37  kl +0.032
upd  427  steps 14024704  sps 5780  opp buf  loss +0.046  pg -0.0142  v 0.350  ev +0.99  adv_std 0.874  tR +0.06  ent[s/d/p/e] 1.17/0.74/0.61/0.25  emits 3.99  spf 378.8  z0 0.01  garr 238.6  tG 1968  e2 0.66  nF 16.0  pS 0.35  ptS 0.33  fLog 0.78  pdΔ -0.1498  pkR 12.75  clip 0.34  kl +0.029
upd  428  steps 14057472  sps 5781  opp buf  loss +0.053  pg -0.0114  v 0.374  ev +0.99  adv_std 0.908  tR +0.14  ent[s/d/p/e] 1.28/0.78/0.62/0.22  emits 4.21  spf 356.1  z0 0.02  garr 224.2  tG 2174  e2 0.69  nF 17.9  pS 0.36  ptS 0.35  fLog 0.76  pdΔ -0.1354  pkR 15.69  clip 0.39  kl +0.043
upd  429  steps 14090240  sps 5782  opp buf  loss +0.023  pg -0.0147  v 0.240  ev +1.00  adv_std 0.730  tR +0.03  ent[s/d/p/e] 1.36/0.76/0.63/0.20  emits 4.49  spf 348.0  z0 0.01  garr 225.0  tG 2370  e2 0.71  nF 18.7  pS 0.37  ptS 0.35  fLog 0.78  pdΔ -0.1297  pkR 14.96  clip 0.37  kl +0.029
upd  430  steps 14123008  sps 5783  opp buf  loss +0.030  pg -0.0143  v 0.276  ev +0.99  adv_std 0.771  tR -0.01  ent[s/d/p/e] 1.36/0.70/0.66/0.18  emits 4.72  spf 382.1  z0 0.02  garr 239.5  tG 2728  e2 0.72  nF 16.3  pS 0.38  ptS 0.36  fLog 0.80  pdΔ -0.1214  pkR 11.09  clip 0.38  kl +0.032
upd  431  steps 14155776  sps 5784  opp frzn  loss +0.046  pg -0.0136  v 0.349  ev +0.99  adv_std 0.873  tR +0.19  ent[s/d/p/e] 1.32/0.72/0.64/0.21  emits 4.10  spf 374.8  z0 0.02  garr 222.7  tG 2305  e2 0.65  nF 15.1  pS 0.35  ptS 0.34  fLog 0.80  pdΔ -0.1499  pkR 12.53  clip 0.38  kl +0.032
upd  432  steps 14188544  sps 5784  opp buf  loss +0.047  pg -0.0129  v 0.350  ev +0.99  adv_std 0.874  tR -0.10  ent[s/d/p/e] 1.24/0.79/0.63/0.23  emits 3.75  spf 360.8  z0 0.02  garr 214.7  tG 1997  e2 0.63  nF 17.4  pS 0.33  ptS 0.32  fLog 0.76  pdΔ -0.1719  pkR 13.82  clip 0.36  kl +0.032
upd  433  steps 14221312  sps 5785  opp buf  loss +0.042  pg -0.0132  v 0.326  ev +0.99  adv_std 0.841  tR -0.23  ent[s/d/p/e] 1.31/0.73/0.62/0.19  emits 4.45  spf 370.0  z0 0.02  garr 241.7  tG 2188  e2 0.70  nF 15.7  pS 0.38  ptS 0.37  fLog 0.81  pdΔ -0.1196  pkR 8.95  clip 0.36  kl +0.029
upd  434  steps 14254080  sps 5786  opp frzn  loss +0.041  pg -0.0145  v 0.327  ev +0.99  adv_std 0.851  tR +0.13  ent[s/d/p/e] 1.21/0.77/0.60/0.19  emits 3.88  spf 399.6  z0 0.04  garr 220.7  tG 2175  e2 0.59  nF 14.9  pS 0.31  ptS 0.30  fLog 0.80  pdΔ -0.1873  pkR 11.89  clip 0.35  kl +0.033
upd  435  steps 14286848  sps 5787  opp buf  loss +0.050  pg -0.0138  v 0.365  ev +0.99  adv_std 0.895  tR +0.03  ent[s/d/p/e] 1.14/0.84/0.61/0.26  emits 3.75  spf 344.9  z0 0.03  garr 211.7  tG 1589  e2 0.63  nF 17.6  pS 0.33  ptS 0.32  fLog 0.75  pdΔ -0.1705  pkR 16.99  clip 0.34  kl +0.032
upd  436  steps 14319616  sps 5788  opp frzn  loss +0.046  pg -0.0134  v 0.341  ev +0.99  adv_std 0.867  tR -0.12  ent[s/d/p/e] 1.07/0.76/0.57/0.23  emits 3.31  spf 336.2  z0 0.04  garr 188.3  tG 1416  e2 0.53  nF 15.3  pS 0.27  ptS 0.26  fLog 0.75  pdΔ -0.2272  pkR 13.99  clip 0.34  kl +0.037
upd  437  steps 14352384  sps 5789  opp buf  loss +0.039  pg -0.0153  v 0.317  ev +0.99  adv_std 0.821  tR +0.00  ent[s/d/p/e] 1.09/0.74/0.60/0.26  emits 3.78  spf 354.8  z0 0.03  garr 228.1  tG 1613  e2 0.65  nF 16.8  pS 0.33  ptS 0.32  fLog 0.77  pdΔ -0.1665  pkR 13.37  clip 0.32  kl +0.025
upd  438  steps 14385152  sps 5790  opp frzn  loss +0.032  pg -0.0144  v 0.281  ev +0.99  adv_std 0.791  tR -0.13  ent[s/d/p/e] 1.25/0.68/0.57/0.18  emits 3.95  spf 392.9  z0 0.03  garr 253.6  tG 2134  e2 0.64  nF 12.9  pS 0.33  ptS 0.32  fLog 0.81  pdΔ -0.1686  pkR 9.31  clip 0.33  kl +0.030
upd  439  steps 14417920  sps 5791  opp buf  loss +0.045  pg -0.0139  v 0.343  ev +0.99  adv_std 0.862  tR +0.37  ent[s/d/p/e] 1.17/0.66/0.61/0.23  emits 4.00  spf 426.8  z0 0.01  garr 294.7  tG 2360  e2 0.70  nF 12.8  pS 0.34  ptS 0.32  fLog 0.82  pdΔ -0.1626  pkR 11.16  clip 0.32  kl +0.024
upd  440  steps 14450688  sps 5791  opp buf  loss +0.048  pg -0.0134  v 0.355  ev +0.99  adv_std 0.880  tR +0.11  ent[s/d/p/e] 1.24/0.74/0.65/0.23  emits 4.26  spf 363.3  z0 0.00  garr 231.6  tG 2020  e2 0.68  nF 17.5  pS 0.38  ptS 0.37  fLog 0.78  pdΔ -0.1184  pkR 9.30  clip 0.38  kl +0.032
upd  441  steps 14483456  sps 5792  opp frzn  loss +0.039  pg -0.0137  v 0.314  ev +0.99  adv_std 0.832  tR +0.03  ent[s/d/p/e] 1.34/0.70/0.57/0.18  emits 3.86  spf 375.4  z0 0.04  garr 209.4  tG 2239  e2 0.60  nF 15.9  pS 0.35  ptS 0.34  fLog 0.79  pdΔ -0.1477  pkR 10.91  clip 0.34  kl +0.031
upd  442  steps 14516224  sps 5793  opp frzn  loss +0.054  pg -0.0133  v 0.381  ev +0.99  adv_std 0.901  tR +0.38  ent[s/d/p/e] 1.15/0.69/0.58/0.23  emits 3.66  spf 381.9  z0 0.02  garr 229.3  tG 2039  e2 0.61  nF 13.5  pS 0.33  ptS 0.31  fLog 0.80  pdΔ -0.1745  pkR 15.88  clip 0.30  kl +0.024
upd  443  steps 14548992  sps 5794  opp buf  loss +0.051  pg -0.0141  v 0.371  ev +0.99  adv_std 0.897  tR +0.06  ent[s/d/p/e] 1.02/0.63/0.58/0.23  emits 4.10  spf 397.5  z0 0.01  garr 269.2  tG 1708  e2 0.67  nF 13.2  pS 0.33  ptS 0.32  fLog 0.81  pdΔ -0.1663  pkR 5.38  clip 0.32  kl +0.025
upd  444  steps 14581760  sps 5795  opp buf  loss +0.042  pg -0.0125  v 0.323  ev +0.99  adv_std 0.841  tR +0.11  ent[s/d/p/e] 1.31/0.76/0.63/0.20  emits 4.13  spf 330.9  z0 0.02  garr 184.1  tG 1904  e2 0.63  nF 18.6  pS 0.36  ptS 0.36  fLog 0.77  pdΔ -0.1358  pkR 10.20  clip 0.39  kl +0.036
upd  445  steps 14614528  sps 5796  opp frzn  loss +0.039  pg -0.0135  v 0.312  ev +0.99  adv_std 0.828  tR +0.07  ent[s/d/p/e] 1.23/0.74/0.64/0.23  emits 3.71  spf 314.1  z0 0.01  garr 168.7  tG 1816  e2 0.59  nF 15.8  pS 0.33  ptS 0.33  fLog 0.77  pdΔ -0.1711  pkR 14.32  clip 0.36  kl +0.032
upd  446  steps 14647296  sps 5796  opp buf  loss +0.048  pg -0.0143  v 0.360  ev +0.99  adv_std 0.884  tR +0.04  ent[s/d/p/e] 1.10/0.71/0.62/0.23  emits 3.84  spf 370.4  z0 0.01  garr 236.3  tG 1831  e2 0.64  nF 15.5  pS 0.33  ptS 0.31  fLog 0.78  pdΔ -0.1719  pkR 14.68  clip 0.32  kl +0.029
upd  447  steps 14680064  sps 5797  opp frzn  loss +0.048  pg -0.0116  v 0.343  ev +0.99  adv_std 0.872  tR +0.45  ent[s/d/p/e] 1.04/0.67/0.59/0.23  emits 3.58  spf 340.6  z0 0.01  garr 202.2  tG 1423  e2 0.60  nF 14.0  pS 0.31  ptS 0.29  fLog 0.78  pdΔ -0.1933  pkR 9.38  clip 0.34  kl +0.036
upd  448  steps 14712832  sps 5798  opp buf  loss +0.051  pg -0.0147  v 0.373  ev +0.99  adv_std 0.903  tR -0.01  ent[s/d/p/e] 1.07/0.70/0.60/0.24  emits 3.94  spf 379.8  z0 0.02  garr 252.4  tG 1742  e2 0.67  nF 15.3  pS 0.35  ptS 0.33  fLog 0.79  pdΔ -0.1520  pkR 9.58  clip 0.34  kl +0.028
upd  449  steps 14745600  sps 5799  opp buf  loss +0.054  pg -0.0123  v 0.379  ev +0.99  adv_std 0.909  tR +0.02  ent[s/d/p/e] 1.25/0.71/0.63/0.19  emits 4.48  spf 352.4  z0 0.01  garr 233.6  tG 2117  e2 0.70  nF 16.8  pS 0.39  ptS 0.37  fLog 0.78  pdΔ -0.1140  pkR 10.15  clip 0.38  kl +0.032 WRr 0.84 WRf 0.78
upd  450  steps 14778368  sps 5770  opp buf  loss +0.059  pg -0.0086  v 0.392  ev +0.99  adv_std 0.928  tR +0.05  ent[s/d/p/e] 1.35/0.66/0.69/0.17  emits 5.02  spf 358.6  z0 0.00  garr 248.3  tG 2579  e2 0.76  nF 16.7  pS 0.42  ptS 0.40  fLog 0.81  pdΔ -0.0844  pkR 9.55  clip 0.41  kl +0.041
upd  451  steps 14811136  sps 5771  opp buf  loss +0.048  pg -0.0118  v 0.351  ev +0.99  adv_std 0.875  tR +0.19  ent[s/d/p/e] 1.33/0.70/0.69/0.18  emits 4.51  spf 322.1  z0 0.01  garr 193.6  tG 2172  e2 0.68  nF 17.7  pS 0.39  ptS 0.38  fLog 0.78  pdΔ -0.1113  pkR 10.40  clip 0.38  kl +0.034
upd  452  steps 14843904  sps 5772  opp buf  loss +0.035  pg -0.0117  v 0.284  ev +0.99  adv_std 0.791  tR -0.03  ent[s/d/p/e] 1.37/0.65/0.67/0.18  emits 4.35  spf 360.7  z0 0.02  garr 219.1  tG 2436  e2 0.67  nF 15.1  pS 0.38  ptS 0.37  fLog 0.81  pdΔ -0.1197  pkR 8.84  clip 0.37  kl +0.033
upd  453  steps 14876672  sps 5773  opp buf  loss +0.032  pg -0.0119  v 0.271  ev +0.99  adv_std 0.779  tR +0.05  ent[s/d/p/e] 1.25/0.66/0.65/0.19  emits 4.33  spf 340.1  z0 0.02  garr 194.3  tG 2166  e2 0.66  nF 16.3  pS 0.35  ptS 0.34  fLog 0.79  pdΔ -0.1508  pkR 10.83  clip 0.38  kl +0.033
upd  454  steps 14909440  sps 5773  opp buf  loss +0.032  pg -0.0137  v 0.283  ev +0.99  adv_std 0.790  tR +0.01  ent[s/d/p/e] 1.30/0.68/0.68/0.19  emits 4.68  spf 350.8  z0 0.02  garr 221.5  tG 2326  e2 0.71  nF 16.5  pS 0.38  ptS 0.36  fLog 0.80  pdΔ -0.1191  pkR 10.56  clip 0.38  kl +0.028
upd  455  steps 14942208  sps 5774  opp frzn  loss +0.043  pg -0.0125  v 0.329  ev +0.99  adv_std 0.854  tR +0.23  ent[s/d/p/e] 1.29/0.69/0.64/0.17  emits 3.99  spf 353.9  z0 0.01  garr 186.5  tG 2074  e2 0.58  nF 14.7  pS 0.34  ptS 0.33  fLog 0.79  pdΔ -0.1627  pkR 12.05  clip 0.36  kl +0.031
upd  456  steps 14974976  sps 5775  opp frzn  loss +0.048  pg -0.0136  v 0.351  ev +0.99  adv_std 0.878  tR -0.11  ent[s/d/p/e] 0.99/0.67/0.53/0.24  emits 3.28  spf 372.4  z0 0.04  garr 209.5  tG 1600  e2 0.55  nF 13.8  pS 0.26  ptS 0.25  fLog 0.78  pdΔ -0.2399  pkR 15.43  clip 0.29  kl +0.027
upd  457  steps 15007744  sps 5776  opp frzn  loss +0.052  pg -0.0145  v 0.370  ev +0.99  adv_std 0.899  tR +0.06  ent[s/d/p/e] 0.79/0.62/0.51/0.26  emits 3.22  spf 397.5  z0 0.02  garr 245.1  tG 1302  e2 0.59  nF 11.5  pS 0.26  ptS 0.25  fLog 0.79  pdΔ -0.2401  pkR 8.49  clip 0.29  kl +0.025
upd  458  steps 15040512  sps 5777  opp buf  loss +0.056  pg -0.0134  v 0.392  ev +0.99  adv_std 0.928  tR +0.14  ent[s/d/p/e] 1.01/0.63/0.59/0.24  emits 4.16  spf 415.5  z0 0.01  garr 304.2  tG 1858  e2 0.72  nF 12.3  pS 0.35  ptS 0.33  fLog 0.81  pdΔ -0.1496  pkR 7.38  clip 0.33  kl +0.026
upd  459  steps 15073280  sps 5778  opp frzn  loss +0.039  pg -0.0150  v 0.318  ev +0.99  adv_std 0.840  tR +0.39  ent[s/d/p/e] 1.18/0.65/0.59/0.19  emits 3.87  spf 396.9  z0 0.01  garr 252.6  tG 1995  e2 0.63  nF 13.8  pS 0.34  ptS 0.32  fLog 0.80  pdΔ -0.1637  pkR 15.30  clip 0.33  kl +0.025
upd  460  steps 15106048  sps 5779  opp frzn  loss +0.055  pg -0.0149  v 0.391  ev +0.99  adv_std 0.923  tR +0.45  ent[s/d/p/e] 0.97/0.59/0.58/0.26  emits 3.43  spf 446.7  z0 0.00  garr 272.3  tG 1857  e2 0.61  nF 11.7  pS 0.31  ptS 0.29  fLog 0.81  pdΔ -0.1940  pkR 14.11  clip 0.29  kl +0.021
upd  461  steps 15138816  sps 5779  opp frzn  loss +0.056  pg -0.0133  v 0.389  ev +0.99  adv_std 0.917  tR +0.23  ent[s/d/p/e] 0.85/0.63/0.56/0.28  emits 3.33  spf 376.7  z0 0.00  garr 226.2  tG 1317  e2 0.59  nF 12.4  pS 0.29  ptS 0.28  fLog 0.79  pdΔ -0.2077  pkR 8.87  clip 0.29  kl +0.023
upd  462  steps 15171584  sps 5780  opp buf  loss +0.054  pg -0.0151  v 0.394  ev +0.99  adv_std 0.923  tR +0.29  ent[s/d/p/e] 1.08/0.68/0.60/0.26  emits 3.99  spf 372.0  z0 0.01  garr 230.6  tG 1654  e2 0.67  nF 16.2  pS 0.36  ptS 0.35  fLog 0.78  pdΔ -0.1404  pkR 6.45  clip 0.33  kl +0.030
upd  463  steps 15204352  sps 5781  opp frzn  loss +0.048  pg -0.0168  v 0.370  ev +0.99  adv_std 0.898  tR +0.35  ent[s/d/p/e] 1.14/0.64/0.58/0.24  emits 3.50  spf 368.9  z0 0.02  garr 215.3  tG 1791  e2 0.58  nF 14.3  pS 0.32  ptS 0.31  fLog 0.78  pdΔ -0.1779  pkR 13.47  clip 0.31  kl +0.028
upd  464  steps 15237120  sps 5782  opp buf  loss +0.065  pg -0.0134  v 0.439  ev +0.99  adv_std 0.972  tR +0.16  ent[s/d/p/e] 1.09/0.62/0.58/0.26  emits 3.87  spf 396.3  z0 0.01  garr 280.5  tG 2087  e2 0.69  nF 14.6  pS 0.34  ptS 0.32  fLog 0.80  pdΔ -0.1558  pkR 14.44  clip 0.30  kl +0.024
upd  465  steps 15269888  sps 5783  opp buf  loss +0.054  pg -0.0138  v 0.389  ev +0.99  adv_std 0.917  tR -0.15  ent[s/d/p/e] 1.26/0.59/0.62/0.18  emits 4.84  spf 392.3  z0 0.01  garr 268.8  tG 2518  e2 0.75  nF 14.3  pS 0.40  ptS 0.38  fLog 0.82  pdΔ -0.0967  pkR 9.14  clip 0.37  kl +0.029
upd  466  steps 15302656  sps 5784  opp buf  loss +0.041  pg -0.0157  v 0.336  ev +0.99  adv_std 0.849  tR +0.14  ent[s/d/p/e] 1.30/0.63/0.66/0.19  emits 4.92  spf 403.6  z0 0.01  garr 257.3  tG 2925  e2 0.76  nF 14.7  pS 0.40  ptS 0.38  fLog 0.83  pdΔ -0.1025  pkR 9.48  clip 0.36  kl +0.027
upd  467  steps 15335424  sps 5784  opp buf  loss +0.048  pg -0.0131  v 0.352  ev +0.99  adv_std 0.875  tR +0.14  ent[s/d/p/e] 1.11/0.64/0.63/0.21  emits 4.36  spf 377.3  z0 0.01  garr 246.2  tG 2053  e2 0.70  nF 15.0  pS 0.32  ptS 0.31  fLog 0.79  pdΔ -0.1786  pkR 14.06  clip 0.36  kl +0.029
upd  468  steps 15368192  sps 5785  opp frzn  loss +0.037  pg -0.0147  v 0.302  ev +0.99  adv_std 0.817  tR -0.03  ent[s/d/p/e] 1.09/0.67/0.59/0.23  emits 3.65  spf 361.9  z0 0.02  garr 224.1  tG 1770  e2 0.61  nF 15.7  pS 0.29  ptS 0.28  fLog 0.78  pdΔ -0.2099  pkR 18.83  clip 0.32  kl +0.027
upd  469  steps 15400960  sps 5786  opp frzn  loss +0.047  pg -0.0116  v 0.339  ev +0.99  adv_std 0.862  tR +0.19  ent[s/d/p/e] 0.97/0.65/0.58/0.28  emits 3.38  spf 369.0  z0 0.01  garr 204.5  tG 1541  e2 0.58  nF 15.4  pS 0.30  ptS 0.29  fLog 0.77  pdΔ -0.1971  pkR 18.68  clip 0.32  kl +0.029
upd  470  steps 15433728  sps 5787  opp buf  loss +0.040  pg -0.0163  v 0.326  ev +0.99  adv_std 0.845  tR +0.34  ent[s/d/p/e] 1.07/0.63/0.62/0.27  emits 3.83  spf 359.6  z0 0.01  garr 223.1  tG 1594  e2 0.65  nF 14.2  pS 0.36  ptS 0.34  fLog 0.78  pdΔ -0.1408  pkR 8.45  clip 0.33  kl +0.025
upd  471  steps 15466496  sps 5788  opp frzn  loss +0.038  pg -0.0150  v 0.315  ev +0.99  adv_std 0.830  tR +0.31  ent[s/d/p/e] 1.18/0.62/0.61/0.22  emits 4.14  spf 363.2  z0 0.00  garr 214.9  tG 2026  e2 0.66  nF 14.1  pS 0.33  ptS 0.33  fLog 0.80  pdΔ -0.1662  pkR 8.83  clip 0.34  kl +0.026
upd  472  steps 15499264  sps 5788  opp buf  loss +0.049  pg -0.0133  v 0.359  ev +0.99  adv_std 0.888  tR +0.14  ent[s/d/p/e] 1.04/0.60/0.63/0.25  emits 3.86  spf 369.4  z0 0.01  garr 232.9  tG 1783  e2 0.65  nF 13.1  pS 0.31  ptS 0.30  fLog 0.80  pdΔ -0.1884  pkR 11.86  clip 0.34  kl +0.027
upd  473  steps 15532032  sps 5789  opp buf  loss +0.044  pg -0.0127  v 0.334  ev +0.99  adv_std 0.860  tR +0.08  ent[s/d/p/e] 1.14/0.62/0.67/0.24  emits 4.24  spf 332.4  z0 0.01  garr 207.9  tG 1783  e2 0.69  nF 15.3  pS 0.36  ptS 0.35  fLog 0.79  pdΔ -0.1377  pkR 9.75  clip 0.38  kl +0.031
upd  474  steps 15564800  sps 5790  opp frzn  loss +0.034  pg -0.0139  v 0.286  ev +0.99  adv_std 0.797  tR -0.09  ent[s/d/p/e] 1.15/0.62/0.64/0.20  emits 3.89  spf 328.1  z0 0.01  garr 188.4  tG 1784  e2 0.60  nF 15.0  pS 0.33  ptS 0.31  fLog 0.79  pdΔ -0.1747  pkR 12.87  clip 0.36  kl +0.031
upd  475  steps 15597568  sps 5791  opp buf  loss +0.044  pg -0.0158  v 0.344  ev +0.99  adv_std 0.870  tR -0.13  ent[s/d/p/e] 1.07/0.63/0.61/0.24  emits 3.93  spf 395.2  z0 0.01  garr 237.5  tG 1976  e2 0.64  nF 14.3  pS 0.34  ptS 0.32  fLog 0.80  pdΔ -0.1629  pkR 13.92  clip 0.32  kl +0.021
upd  476  steps 15630336  sps 5792  opp buf  loss +0.039  pg -0.0118  v 0.305  ev +0.99  adv_std 0.816  tR +0.10  ent[s/d/p/e] 1.26/0.65/0.65/0.20  emits 4.52  spf 371.8  z0 0.01  garr 242.9  tG 2381  e2 0.70  nF 15.0  pS 0.37  ptS 0.36  fLog 0.81  pdΔ -0.1283  pkR 10.58  clip 0.37  kl +0.032
upd  477  steps 15663104  sps 5792  opp buf  loss +0.046  pg -0.0092  v 0.330  ev +0.99  adv_std 0.845  tR +0.25  ent[s/d/p/e] 1.38/0.65/0.67/0.16  emits 4.90  spf 377.6  z0 0.01  garr 238.0  tG 2861  e2 0.73  nF 14.7  pS 0.39  ptS 0.38  fLog 0.82  pdΔ -0.1091  pkR 10.77  clip 0.39  kl +0.032
upd  478  steps 15695872  sps 5793  opp buf  loss +0.050  pg -0.0137  v 0.371  ev +0.99  adv_std 0.905  tR +0.10  ent[s/d/p/e] 1.31/0.67/0.66/0.20  emits 4.48  spf 360.6  z0 0.01  garr 214.5  tG 2465  e2 0.69  nF 16.5  pS 0.37  ptS 0.37  fLog 0.80  pdΔ -0.1267  pkR 9.97  clip 0.37  kl +0.029
upd  479  steps 15728640  sps 5794  opp buf  loss +0.047  pg -0.0127  v 0.350  ev +0.99  adv_std 0.871  tR +0.09  ent[s/d/p/e] 1.24/0.67/0.67/0.22  emits 4.36  spf 315.3  z0 0.02  garr 180.3  tG 1992  e2 0.67  nF 17.8  pS 0.37  ptS 0.36  fLog 0.78  pdΔ -0.1338  pkR 14.04  clip 0.37  kl +0.032
upd  480  steps 15761408  sps 5795  opp buf  loss +0.054  pg -0.0127  v 0.386  ev +0.99  adv_std 0.907  tR +0.15  ent[s/d/p/e] 1.25/0.63/0.65/0.21  emits 4.51  spf 304.1  z0 0.01  garr 173.7  tG 2109  e2 0.70  nF 16.6  pS 0.38  ptS 0.37  fLog 0.79  pdΔ -0.1213  pkR 10.73  clip 0.37  kl +0.035
upd  481  steps 15794176  sps 5795  opp frzn  loss +0.052  pg -0.0147  v 0.384  ev +0.99  adv_std 0.918  tR +0.11  ent[s/d/p/e] 1.27/0.66/0.64/0.18  emits 4.25  spf 356.9  z0 0.01  garr 204.1  tG 2373  e2 0.65  nF 15.1  pS 0.34  ptS 0.34  fLog 0.80  pdΔ -0.1556  pkR 14.06  clip 0.37  kl +0.035
upd  482  steps 15826944  sps 5796  opp buf  loss +0.060  pg -0.0139  v 0.417  ev +0.99  adv_std 0.949  tR +0.33  ent[s/d/p/e] 1.05/0.60/0.61/0.24  emits 4.02  spf 350.5  z0 0.00  garr 231.0  tG 1760  e2 0.68  nF 13.5  pS 0.34  ptS 0.33  fLog 0.80  pdΔ -0.1589  pkR 11.91  clip 0.33  kl +0.027
upd  483  steps 15859712  sps 5797  opp buf  loss +0.044  pg -0.0148  v 0.344  ev +0.99  adv_std 0.864  tR +0.02  ent[s/d/p/e] 1.20/0.58/0.62/0.19  emits 4.42  spf 391.5  z0 0.01  garr 252.8  tG 2340  e2 0.68  nF 13.2  pS 0.35  ptS 0.34  fLog 0.82  pdΔ -0.1454  pkR 10.36  clip 0.35  kl +0.026
upd  484  steps 15892480  sps 5798  opp buf  loss +0.039  pg -0.0154  v 0.319  ev +0.99  adv_std 0.830  tR -0.16  ent[s/d/p/e] 1.25/0.59/0.63/0.19  emits 4.57  spf 377.8  z0 0.01  garr 228.1  tG 2697  e2 0.71  nF 14.4  pS 0.38  ptS 0.37  fLog 0.82  pdΔ -0.1193  pkR 12.59  clip 0.35  kl +0.026
upd  485  steps 15925248  sps 5799  opp frzn  loss +0.036  pg -0.0175  v 0.317  ev +0.99  adv_std 0.830  tR +0.26  ent[s/d/p/e] 1.16/0.61/0.61/0.18  emits 4.33  spf 405.9  z0 0.01  garr 233.1  tG 2469  e2 0.65  nF 14.6  pS 0.34  ptS 0.33  fLog 0.81  pdΔ -0.1616  pkR 12.10  clip 0.34  kl +0.028
upd  486  steps 15958016  sps 5799  opp buf  loss +0.041  pg -0.0134  v 0.318  ev +0.99  adv_std 0.829  tR +0.08  ent[s/d/p/e] 1.04/0.60/0.61/0.22  emits 4.28  spf 402.6  z0 0.01  garr 238.7  tG 1970  e2 0.67  nF 13.2  pS 0.34  ptS 0.33  fLog 0.82  pdΔ -0.1586  pkR 12.47  clip 0.33  kl +0.023
upd  487  steps 15990784  sps 5800  opp buf  loss +0.051  pg -0.0132  v 0.368  ev +0.99  adv_std 0.897  tR +0.05  ent[s/d/p/e] 1.18/0.67/0.62/0.20  emits 4.50  spf 355.2  z0 0.01  garr 202.1  tG 2029  e2 0.69  nF 15.2  pS 0.37  ptS 0.36  fLog 0.80  pdΔ -0.1277  pkR 8.77  clip 0.37  kl +0.033
upd  488  steps 16023552  sps 5801  opp buf  loss +0.042  pg -0.0132  v 0.324  ev +0.99  adv_std 0.833  tR +0.04  ent[s/d/p/e] 1.29/0.62/0.62/0.17  emits 4.78  spf 396.4  z0 0.01  garr 238.3  tG 2614  e2 0.72  nF 15.2  pS 0.39  ptS 0.37  fLog 0.82  pdΔ -0.1127  pkR 11.79  clip 0.37  kl +0.030
upd  489  steps 16056320  sps 5802  opp frzn  loss +0.050  pg -0.0144  v 0.368  ev +0.99  adv_std 0.906  tR +0.31  ent[s/d/p/e] 1.23/0.60/0.59/0.16  emits 4.17  spf 421.3  z0 0.02  garr 248.9  tG 2612  e2 0.63  nF 12.1  pS 0.33  ptS 0.32  fLog 0.82  pdΔ -0.1696  pkR 12.57  clip 0.34  kl +0.030
upd  490  steps 16089088  sps 5802  opp buf  loss +0.057  pg -0.0149  v 0.403  ev +0.99  adv_std 0.927  tR +0.23  ent[s/d/p/e] 1.01/0.57/0.60/0.22  emits 4.27  spf 397.1  z0 0.01  garr 258.5  tG 2080  e2 0.71  nF 12.7  pS 0.33  ptS 0.32  fLog 0.82  pdΔ -0.1674  pkR 16.06  clip 0.31  kl +0.024
upd  491  steps 16121856  sps 5803  opp frzn  loss +0.048  pg -0.0141  v 0.358  ev +0.99  adv_std 0.882  tR -0.14  ent[s/d/p/e] 1.12/0.63/0.61/0.21  emits 4.14  spf 371.4  z0 0.01  garr 212.7  tG 1962  e2 0.66  nF 14.3  pS 0.34  ptS 0.33  fLog 0.80  pdΔ -0.1574  pkR 9.94  clip 0.34  kl +0.031
upd  492  steps 16154624  sps 5804  opp buf  loss +0.074  pg -0.0145  v 0.486  ev +0.99  adv_std 1.017  tR +0.27  ent[s/d/p/e] 1.06/0.60/0.60/0.21  emits 4.41  spf 401.9  z0 0.01  garr 244.3  tG 2082  e2 0.70  nF 15.3  pS 0.37  ptS 0.35  fLog 0.81  pdΔ -0.1304  pkR 9.77  clip 0.33  kl +0.027
upd  493  steps 16187392  sps 5805  opp buf  loss +0.068  pg -0.0122  v 0.446  ev +0.99  adv_std 0.974  tR +0.11  ent[s/d/p/e] 1.20/0.60/0.62/0.18  emits 4.83  spf 400.0  z0 0.00  garr 246.4  tG 2468  e2 0.74  nF 14.2  pS 0.39  ptS 0.38  fLog 0.82  pdΔ -0.1072  pkR 6.88  clip 0.37  kl +0.031
upd  494  steps 16220160  sps 5805  opp buf  loss +0.052  pg -0.0111  v 0.365  ev +0.99  adv_std 0.877  tR +0.11  ent[s/d/p/e] 1.37/0.63/0.64/0.15  emits 5.12  spf 401.5  z0 0.01  garr 251.3  tG 2990  e2 0.76  nF 16.5  pS 0.42  ptS 0.41  fLog 0.82  pdΔ -0.0782  pkR 7.00  clip 0.39  kl +0.031
upd  495  steps 16252928  sps 5806  opp buf  loss +0.055  pg -0.0141  v 0.397  ev +0.99  adv_std 0.927  tR +0.20  ent[s/d/p/e] 1.31/0.64/0.65/0.18  emits 4.70  spf 369.8  z0 0.01  garr 209.2  tG 2617  e2 0.71  nF 16.2  pS 0.40  ptS 0.38  fLog 0.81  pdΔ -0.1014  pkR 9.86  clip 0.39  kl +0.031
upd  496  steps 16285696  sps 5807  opp buf  loss +0.040  pg -0.0133  v 0.317  ev +0.99  adv_std 0.830  tR +0.24  ent[s/d/p/e] 1.39/0.68/0.64/0.17  emits 4.93  spf 349.6  z0 0.01  garr 212.0  tG 2886  e2 0.73  nF 18.5  pS 0.44  ptS 0.42  fLog 0.80  pdΔ -0.0650  pkR 11.12  clip 0.40  kl +0.031
upd  497  steps 16318464  sps 5807  opp buf  loss +0.039  pg -0.0143  v 0.314  ev +0.99  adv_std 0.823  tR +0.21  ent[s/d/p/e] 1.28/0.61/0.63/0.16  emits 4.88  spf 389.5  z0 0.01  garr 233.8  tG 2880  e2 0.73  nF 14.8  pS 0.39  ptS 0.38  fLog 0.82  pdΔ -0.1096  pkR 9.70  clip 0.37  kl +0.027
upd  498  steps 16351232  sps 5808  opp buf  loss +0.035  pg -0.0131  v 0.287  ev +1.00  adv_std 0.792  tR +0.06  ent[s/d/p/e] 1.26/0.61/0.62/0.16  emits 4.73  spf 403.9  z0 0.02  garr 251.9  tG 2779  e2 0.71  nF 15.7  pS 0.36  ptS 0.35  fLog 0.82  pdΔ -0.1393  pkR 9.76  clip 0.36  kl +0.030
upd  499  steps 16384000  sps 5809  opp buf  loss +0.038  pg -0.0147  v 0.312  ev +0.99  adv_std 0.820  tR -0.04  ent[s/d/p/e] 1.28/0.61/0.61/0.17  emits 4.54  spf 357.4  z0 0.02  garr 202.8  tG 2443  e2 0.68  nF 15.9  pS 0.36  ptS 0.35  fLog 0.80  pdΔ -0.1377  pkR 12.43  clip 0.35  kl +0.027 WRr 0.81 WRf 0.91
[ckpt] saved ./ckpt_multi_action_v11_f29_buf/ckpt_000499.pkl
upd  500  steps 16416768  sps 5784  opp buf  loss +0.043  pg -0.0149  v 0.337  ev +0.99  adv_std 0.843  tR +0.20  ent[s/d/p/e] 1.21/0.58/0.64/0.19  emits 4.88  spf 366.9  z0 0.01  garr 230.6  tG 2466  e2 0.76  nF 14.4  pS 0.37  ptS 0.36  fLog 0.82  pdΔ -0.1255  pkR 10.57  clip 0.36  kl +0.029
upd  501  steps 16449536  sps 5785  opp frzn  loss +0.042  pg -0.0138  v 0.324  ev +0.99  adv_std 0.845  tR +0.29  ent[s/d/p/e] 1.08/0.66/0.60/0.20  emits 3.98  spf 323.2  z0 0.00  garr 192.4  tG 1614  e2 0.63  nF 16.6  pS 0.32  ptS 0.30  fLog 0.77  pdΔ -0.1836  pkR 13.70  clip 0.35  kl +0.029
upd  502  steps 16482304  sps 5786  opp frzn  loss +0.045  pg -0.0156  v 0.342  ev +0.99  adv_std 0.860  tR -0.03  ent[s/d/p/e] 0.95/0.58/0.56/0.22  emits 3.84  spf 409.2  z0 0.02  garr 245.6  tG 1858  e2 0.64  nF 13.0  pS 0.32  ptS 0.30  fLog 0.81  pdΔ -0.1847  pkR 17.96  clip 0.30  kl +0.019
upd  503  steps 16515072  sps 5786  opp buf  loss +0.043  pg -0.0168  v 0.343  ev +0.99  adv_std 0.867  tR +0.32  ent[s/d/p/e] 0.96/0.59/0.59/0.25  emits 3.97  spf 384.5  z0 0.01  garr 241.3  tG 1671  e2 0.70  nF 13.5  pS 0.34  ptS 0.32  fLog 0.80  pdΔ -0.1606  pkR 9.19  clip 0.32  kl +0.024
upd  504  steps 16547840  sps 5787  opp buf  loss +0.044  pg -0.0152  v 0.341  ev +0.99  adv_std 0.864  tR +0.19  ent[s/d/p/e] 1.08/0.60/0.63/0.19  emits 4.69  spf 367.6  z0 0.01  garr 235.7  tG 2063  e2 0.74  nF 14.9  pS 0.37  ptS 0.35  fLog 0.81  pdΔ -0.1342  pkR 7.12  clip 0.36  kl +0.027
upd  505  steps 16580608  sps 5788  opp frzn  loss +0.059  pg -0.0138  v 0.409  ev +0.99  adv_std 0.955  tR +0.08  ent[s/d/p/e] 1.14/0.60/0.59/0.18  emits 4.10  spf 377.8  z0 0.02  garr 214.3  tG 2090  e2 0.63  nF 13.9  pS 0.31  ptS 0.30  fLog 0.80  pdΔ -0.1883  pkR 16.40  clip 0.35  kl +0.034
upd  506  steps 16613376  sps 5789  opp buf  loss +0.047  pg -0.0151  v 0.354  ev +0.99  adv_std 0.876  tR +0.04  ent[s/d/p/e] 1.11/0.62/0.59/0.23  emits 4.13  spf 389.8  z0 0.01  garr 238.6  tG 2146  e2 0.68  nF 15.0  pS 0.36  ptS 0.35  fLog 0.79  pdΔ -0.1445  pkR 17.89  clip 0.33  kl +0.025
upd  507  steps 16646144  sps 5789  opp buf  loss +0.042  pg -0.0147  v 0.330  ev +0.99  adv_std 0.841  tR +0.12  ent[s/d/p/e] 1.18/0.60/0.62/0.19  emits 4.64  spf 346.7  z0 0.02  garr 207.6  tG 2164  e2 0.71  nF 15.4  pS 0.38  ptS 0.36  fLog 0.79  pdΔ -0.1242  pkR 17.26  clip 0.34  kl +0.026
upd  508  steps 16678912  sps 5790  opp buf  loss +0.037  pg -0.0135  v 0.303  ev +0.99  adv_std 0.803  tR +0.30  ent[s/d/p/e] 1.29/0.57/0.64/0.15  emits 5.04  spf 396.6  z0 0.00  garr 246.6  tG 2869  e2 0.75  nF 14.5  pS 0.40  ptS 0.39  fLog 0.82  pdΔ -0.1000  pkR 14.07  clip 0.36  kl +0.025
upd  509  steps 16711680  sps 5791  opp buf  loss +0.053  pg -0.0120  v 0.374  ev +0.99  adv_std 0.881  tR +0.19  ent[s/d/p/e] 1.31/0.58/0.62/0.14  emits 5.04  spf 390.4  z0 0.01  garr 250.2  tG 2926  e2 0.75  nF 14.5  pS 0.41  ptS 0.39  fLog 0.82  pdΔ -0.0948  pkR 11.07  clip 0.37  kl +0.028
upd  510  steps 16744448  sps 5792  opp buf  loss +0.031  pg -0.0139  v 0.275  ev +1.00  adv_std 0.773  tR +0.14  ent[s/d/p/e] 1.31/0.57/0.63/0.15  emits 5.08  spf 403.5  z0 0.01  garr 251.6  tG 3089  e2 0.77  nF 14.5  pS 0.40  ptS 0.39  fLog 0.83  pdΔ -0.0991  pkR 9.20  clip 0.36  kl +0.029
upd  511  steps 16777216  sps 5792  opp frzn  loss +0.063  pg -0.0148  v 0.436  ev +0.99  adv_std 0.978  tR +0.27  ent[s/d/p/e] 1.17/0.61/0.59/0.16  emits 4.24  spf 385.0  z0 0.01  garr 220.0  tG 2365  e2 0.64  nF 14.6  pS 0.33  ptS 0.32  fLog 0.80  pdΔ -0.1735  pkR 13.91  clip 0.35  kl +0.030
upd  512  steps 16809984  sps 5793  opp frzn  loss +0.048  pg -0.0147  v 0.351  ev +0.99  adv_std 0.877  tR -0.28  ent[s/d/p/e] 0.90/0.55/0.50/0.22  emits 3.40  spf 394.0  z0 0.05  garr 234.4  tG 1578  e2 0.60  nF 11.5  pS 0.26  ptS 0.25  fLog 0.80  pdΔ -0.2364  pkR 19.26  clip 0.27  kl +0.023
upd  513  steps 16842752  sps 5794  opp frzn  loss +0.055  pg -0.0155  v 0.392  ev +0.99  adv_std 0.922  tR +0.27  ent[s/d/p/e] 0.86/0.52/0.51/0.22  emits 3.84  spf 437.5  z0 0.01  garr 267.3  tG 1745  e2 0.66  nF 11.3  pS 0.31  ptS 0.30  fLog 0.83  pdΔ -0.1896  pkR 7.11  clip 0.28  kl +0.019
upd  514  steps 16875520  sps 5795  opp frzn  loss +0.063  pg -0.0151  v 0.429  ev +0.99  adv_std 0.963  tR +0.43  ent[s/d/p/e] 0.90/0.52/0.53/0.22  emits 3.97  spf 465.3  z0 0.01  garr 286.8  tG 1931  e2 0.67  nF 12.3  pS 0.33  ptS 0.31  fLog 0.82  pdΔ -0.1679  pkR 7.22  clip 0.28  kl +0.021
upd  515  steps 16908288  sps 5795  opp buf  loss +0.056  pg -0.0157  v 0.396  ev +0.99  adv_std 0.930  tR +0.22  ent[s/d/p/e] 0.90/0.53/0.53/0.23  emits 4.32  spf 424.3  z0 0.01  garr 264.6  tG 1876  e2 0.72  nF 13.7  pS 0.35  ptS 0.33  fLog 0.82  pdΔ -0.1511  pkR 6.33  clip 0.32  kl +0.026
upd  516  steps 16941056  sps 5796  opp frzn  loss +0.058  pg -0.0144  v 0.403  ev +0.99  adv_std 0.942  tR +0.40  ent[s/d/p/e] 0.97/0.57/0.55/0.20  emits 4.20  spf 431.2  z0 0.01  garr 250.9  tG 1982  e2 0.66  nF 14.4  pS 0.32  ptS 0.30  fLog 0.81  pdΔ -0.1828  pkR 6.93  clip 0.36  kl +0.039
upd  517  steps 16973824  sps 5797  opp buf  loss +0.051  pg -0.0153  v 0.376  ev +0.99  adv_std 0.912  tR +0.10  ent[s/d/p/e] 1.02/0.59/0.58/0.22  emits 4.23  spf 388.0  z0 0.02  garr 237.6  tG 1934  e2 0.70  nF 14.7  pS 0.35  ptS 0.33  fLog 0.80  pdΔ -0.1528  pkR 9.82  clip 0.35  kl +0.031
upd  518  steps 17006592  sps 5798  opp buf  loss +0.043  pg -0.0145  v 0.334  ev +0.99  adv_std 0.857  tR +0.04  ent[s/d/p/e] 1.17/0.58/0.62/0.18  emits 4.69  spf 372.6  z0 0.01  garr 243.7  tG 2378  e2 0.74  nF 13.7  pS 0.39  ptS 0.37  fLog 0.82  pdΔ -0.1092  pkR 10.07  clip 0.35  kl +0.027
upd  519  steps 17039360  sps 5798  opp frzn  loss +0.055  pg -0.0157  v 0.400  ev +0.99  adv_std 0.927  tR +0.09  ent[s/d/p/e] 1.15/0.59/0.60/0.17  emits 4.16  spf 384.8  z0 0.02  garr 226.9  tG 2278  e2 0.63  nF 13.7  pS 0.33  ptS 0.31  fLog 0.81  pdΔ -0.1700  pkR 12.50  clip 0.32  kl +0.030
upd  520  steps 17072128  sps 5799  opp frzn  loss +0.050  pg -0.0150  v 0.367  ev +0.99  adv_std 0.893  tR +0.23  ent[s/d/p/e] 0.95/0.58/0.57/0.21  emits 3.83  spf 394.2  z0 0.02  garr 236.9  tG 1836  e2 0.62  nF 12.7  pS 0.30  ptS 0.29  fLog 0.80  pdΔ -0.1964  pkR 20.73  clip 0.30  kl +0.025
upd  521  steps 17104896  sps 5800  opp buf  loss +0.050  pg -0.0153  v 0.366  ev +0.99  adv_std 0.890  tR +0.01  ent[s/d/p/e] 0.96/0.55/0.57/0.21  emits 4.26  spf 438.3  z0 0.02  garr 274.2  tG 1982  e2 0.70  nF 11.9  pS 0.34  ptS 0.32  fLog 0.82  pdΔ -0.1649  pkR 7.19  clip 0.31  kl +0.025
upd  522  steps 17137664  sps 5800  opp buf  loss +0.050  pg -0.0151  v 0.375  ev +0.99  adv_std 0.902  tR +0.01  ent[s/d/p/e] 1.21/0.57/0.60/0.17  emits 4.81  spf 383.2  z0 0.01  garr 227.8  tG 2475  e2 0.73  nF 14.7  pS 0.42  ptS 0.40  fLog 0.82  pdΔ -0.0824  pkR 11.35  clip 0.34  kl +0.027
upd  523  steps 17170432  sps 5801  opp buf  loss +0.052  pg -0.0141  v 0.381  ev +0.99  adv_std 0.910  tR +0.31  ent[s/d/p/e] 1.36/0.56/0.63/0.15  emits 5.01  spf 419.0  z0 0.00  garr 257.5  tG 3309  e2 0.75  nF 14.7  pS 0.44  ptS 0.41  fLog 0.84  pdΔ -0.0583  pkR 9.78  clip 0.38  kl +0.032
upd  524  steps 17203200  sps 5802  opp buf  loss +0.052  pg -0.0137  v 0.378  ev +0.99  adv_std 0.905  tR +0.21  ent[s/d/p/e] 1.28/0.55/0.64/0.15  emits 5.03  spf 434.3  z0 0.01  garr 287.4  tG 3392  e2 0.76  nF 13.3  pS 0.42  ptS 0.40  fLog 0.84  pdΔ -0.0820  pkR 9.11  clip 0.37  kl +0.032
upd  525  steps 17235968  sps 5802  opp buf  loss +0.056  pg -0.0147  v 0.404  ev +0.99  adv_std 0.936  tR +0.15  ent[s/d/p/e] 1.25/0.56/0.65/0.15  emits 5.14  spf 403.1  z0 0.01  garr 270.2  tG 2876  e2 0.77  nF 14.3  pS 0.42  ptS 0.40  fLog 0.83  pdΔ -0.0826  pkR 11.78  clip 0.38  kl +0.029
upd  526  steps 17268736  sps 5803  opp frzn  loss +0.056  pg -0.0134  v 0.395  ev +0.99  adv_std 0.932  tR +0.22  ent[s/d/p/e] 1.12/0.61/0.63/0.18  emits 4.08  spf 365.7  z0 0.01  garr 196.0  tG 2144  e2 0.61  nF 14.7  pS 0.33  ptS 0.32  fLog 0.80  pdΔ -0.1695  pkR 13.32  clip 0.34  kl +0.034
upd  527  steps 17301504  sps 5804  opp buf  loss +0.052  pg -0.0146  v 0.375  ev +0.99  adv_std 0.900  tR -0.09  ent[s/d/p/e] 0.95/0.57/0.59/0.22  emits 4.08  spf 359.7  z0 0.01  garr 212.7  tG 1698  e2 0.65  nF 13.7  pS 0.34  ptS 0.32  fLog 0.80  pdΔ -0.1626  pkR 18.13  clip 0.32  kl +0.025
upd  528  steps 17334272  sps 5805  opp frzn  loss +0.061  pg -0.0157  v 0.427  ev +0.99  adv_std 0.968  tR +0.21  ent[s/d/p/e] 1.06/0.57/0.56/0.19  emits 4.03  spf 377.7  z0 0.02  garr 231.8  tG 1954  e2 0.64  nF 13.4  pS 0.33  ptS 0.31  fLog 0.80  pdΔ -0.1715  pkR 11.18  clip 0.32  kl +0.033
upd  529  steps 17367040  sps 5805  opp frzn  loss +0.075  pg -0.0139  v 0.486  ev +0.99  adv_std 1.030  tR +0.15  ent[s/d/p/e] 0.99/0.60/0.55/0.23  emits 3.53  spf 412.9  z0 0.03  garr 245.1  tG 1845  e2 0.61  nF 13.0  pS 0.31  ptS 0.29  fLog 0.80  pdΔ -0.1913  pkR 18.01  clip 0.31  kl +0.028
upd  530  steps 17399808  sps 5806  opp buf  loss +0.058  pg -0.0153  v 0.406  ev +0.99  adv_std 0.938  tR -0.25  ent[s/d/p/e] 0.96/0.56/0.57/0.21  emits 4.19  spf 421.9  z0 0.01  garr 278.3  tG 1906  e2 0.70  nF 13.1  pS 0.35  ptS 0.33  fLog 0.82  pdΔ -0.1514  pkR 5.48  clip 0.31  kl +0.022
upd  531  steps 17432576  sps 5807  opp frzn  loss +0.043  pg -0.0166  v 0.344  ev +0.99  adv_std 0.871  tR +0.12  ent[s/d/p/e] 1.13/0.53/0.58/0.17  emits 4.19  spf 430.2  z0 0.01  garr 248.9  tG 2445  e2 0.66  nF 12.2  pS 0.34  ptS 0.33  fLog 0.82  pdΔ -0.1569  pkR 9.38  clip 0.33  kl +0.032
upd  532  steps 17465344  sps 5807  opp buf  loss +0.039  pg -0.0167  v 0.325  ev +0.99  adv_std 0.844  tR +0.19  ent[s/d/p/e] 1.02/0.58/0.62/0.21  emits 4.16  spf 390.4  z0 0.01  garr 246.5  tG 1977  e2 0.68  nF 13.8  pS 0.33  ptS 0.31  fLog 0.81  pdΔ -0.1726  pkR 13.29  clip 0.32  kl +0.025
upd  533  steps 17498112  sps 5808  opp buf  loss +0.057  pg -0.0124  v 0.396  ev +0.99  adv_std 0.929  tR -0.18  ent[s/d/p/e] 1.12/0.61/0.66/0.18  emits 4.73  spf 331.8  z0 0.02  garr 211.5  tG 1940  e2 0.73  nF 16.6  pS 0.38  ptS 0.37  fLog 0.79  pdΔ -0.1230  pkR 10.55  clip 0.38  kl +0.034
upd  534  steps 17530880  sps 5809  opp buf  loss +0.057  pg -0.0140  v 0.407  ev +0.99  adv_std 0.936  tR +0.03  ent[s/d/p/e] 1.32/0.61/0.66/0.15  emits 5.18  spf 342.4  z0 0.01  garr 213.3  tG 2649  e2 0.76  nF 17.3  pS 0.42  ptS 0.41  fLog 0.81  pdΔ -0.0758  pkR 9.86  clip 0.38  kl +0.028
upd  535  steps 17563648  sps 5809  opp buf  loss +0.041  pg -0.0148  v 0.331  ev +0.99  adv_std 0.847  tR +0.22  ent[s/d/p/e] 1.40/0.59/0.67/0.14  emits 5.12  spf 394.6  z0 0.00  garr 236.5  tG 3346  e2 0.74  nF 15.2  pS 0.43  ptS 0.41  fLog 0.83  pdΔ -0.0698  pkR 11.22  clip 0.36  kl +0.024
upd  536  steps 17596416  sps 5810  opp buf  loss +0.035  pg -0.0119  v 0.288  ev +1.00  adv_std 0.800  tR +0.07  ent[s/d/p/e] 1.33/0.61/0.67/0.14  emits 5.16  spf 388.8  z0 0.02  garr 250.3  tG 3121  e2 0.74  nF 15.4  pS 0.41  ptS 0.39  fLog 0.83  pdΔ -0.0946  pkR 8.91  clip 0.38  kl +0.032
upd  537  steps 17629184  sps 5811  opp buf  loss +0.037  pg -0.0123  v 0.295  ev +0.99  adv_std 0.806  tR +0.06  ent[s/d/p/e] 1.29/0.63/0.67/0.15  emits 4.84  spf 388.4  z0 0.02  garr 233.9  tG 2893  e2 0.71  nF 16.4  pS 0.39  ptS 0.38  fLog 0.81  pdΔ -0.1086  pkR 11.21  clip 0.37  kl +0.031
upd  538  steps 17661952  sps 5811  opp frzn  loss +0.062  pg -0.0129  v 0.421  ev +0.99  adv_std 0.959  tR +0.22  ent[s/d/p/e] 1.13/0.64/0.61/0.19  emits 3.99  spf 344.6  z0 0.01  garr 197.2  tG 2044  e2 0.62  nF 15.6  pS 0.32  ptS 0.30  fLog 0.78  pdΔ -0.1845  pkR 12.35  clip 0.35  kl +0.036
upd  539  steps 17694720  sps 5812  opp frzn  loss +0.057  pg -0.0142  v 0.400  ev +0.99  adv_std 0.931  tR -0.07  ent[s/d/p/e] 0.98/0.60/0.60/0.21  emits 3.71  spf 411.8  z0 0.01  garr 237.8  tG 1875  e2 0.61  nF 14.0  pS 0.29  ptS 0.28  fLog 0.79  pdΔ -0.2105  pkR 13.60  clip 0.30  kl +0.024
upd  540  steps 17727488  sps 5813  opp buf  loss +0.052  pg -0.0139  v 0.375  ev +0.99  adv_std 0.904  tR +0.24  ent[s/d/p/e] 0.97/0.57/0.59/0.24  emits 4.05  spf 342.0  z0 0.00  garr 223.2  tG 1595  e2 0.69  nF 14.4  pS 0.34  ptS 0.33  fLog 0.79  pdΔ -0.1572  pkR 10.79  clip 0.32  kl +0.027
upd  541  steps 17760256  sps 5813  opp buf  loss +0.044  pg -0.0148  v 0.343  ev +0.99  adv_std 0.868  tR +0.16  ent[s/d/p/e] 1.14/0.59/0.64/0.20  emits 4.65  spf 340.4  z0 0.01  garr 226.8  tG 2061  e2 0.73  nF 15.9  pS 0.37  ptS 0.35  fLog 0.79  pdΔ -0.1333  pkR 8.74  clip 0.35  kl +0.028
upd  542  steps 17793024  sps 5814  opp buf  loss +0.034  pg -0.0151  v 0.297  ev +0.99  adv_std 0.807  tR -0.06  ent[s/d/p/e] 1.24/0.58/0.64/0.14  emits 5.03  spf 351.7  z0 0.01  garr 224.8  tG 2547  e2 0.74  nF 15.6  pS 0.38  ptS 0.37  fLog 0.81  pdΔ -0.1163  pkR 9.62  clip 0.36  kl +0.026
upd  543  steps 17825792  sps 5815  opp frzn  loss +0.062  pg -0.0132  v 0.424  ev +0.99  adv_std 0.956  tR +0.24  ent[s/d/p/e] 1.24/0.62/0.64/0.16  emits 4.29  spf 381.2  z0 0.01  garr 227.1  tG 2443  e2 0.64  nF 15.3  pS 0.34  ptS 0.33  fLog 0.81  pdΔ -0.1621  pkR 11.67  clip 0.35  kl +0.034
upd  544  steps 17858560  sps 5815  opp frzn  loss +0.051  pg -0.0143  v 0.369  ev +0.99  adv_std 0.899  tR +0.04  ent[s/d/p/e] 1.00/0.60/0.56/0.22  emits 3.64  spf 405.1  z0 0.03  garr 219.6  tG 1940  e2 0.60  nF 12.7  pS 0.31  ptS 0.29  fLog 0.80  pdΔ -0.1925  pkR 15.98  clip 0.30  kl +0.022
upd  545  steps 17891328  sps 5816  opp buf  loss +0.053  pg -0.0163  v 0.389  ev +0.99  adv_std 0.922  tR +0.19  ent[s/d/p/e] 0.98/0.57/0.60/0.23  emits 4.03  spf 405.6  z0 0.01  garr 271.1  tG 1829  e2 0.69  nF 13.0  pS 0.33  ptS 0.32  fLog 0.81  pdΔ -0.1650  pkR 8.96  clip 0.30  kl +0.024
upd  546  steps 17924096  sps 5817  opp buf  loss +0.049  pg -0.0150  v 0.366  ev +0.99  adv_std 0.890  tR +0.34  ent[s/d/p/e] 1.13/0.62/0.62/0.19  emits 4.60  spf 329.0  z0 0.01  garr 201.8  tG 2084  e2 0.72  nF 18.6  pS 0.37  ptS 0.36  fLog 0.78  pdΔ -0.1342  pkR 10.78  clip 0.35  kl +0.028
upd  547  steps 17956864  sps 5817  opp buf  loss +0.050  pg -0.0150  v 0.371  ev +0.99  adv_std 0.892  tR +0.08  ent[s/d/p/e] 1.20/0.58/0.63/0.16  emits 5.01  spf 375.2  z0 0.01  garr 232.3  tG 2787  e2 0.75  nF 17.4  pS 0.39  ptS 0.38  fLog 0.80  pdΔ -0.1084  pkR 11.06  clip 0.35  kl +0.029
upd  548  steps 17989632  sps 5818  opp frzn  loss +0.052  pg -0.0157  v 0.384  ev +0.99  adv_std 0.915  tR +0.20  ent[s/d/p/e] 1.11/0.60/0.64/0.18  emits 4.33  spf 348.6  z0 0.01  garr 203.1  tG 2084  e2 0.66  nF 15.8  pS 0.34  ptS 0.33  fLog 0.79  pdΔ -0.1639  pkR 18.57  clip 0.35  kl +0.032
upd  549  steps 18022400  sps 5819  opp buf  loss +0.049  pg -0.0160  v 0.372  ev +0.99  adv_std 0.889  tR +0.07  ent[s/d/p/e] 1.14/0.62/0.64/0.19  emits 4.57  spf 362.0  z0 0.01  garr 229.6  tG 2114  e2 0.72  nF 15.5  pS 0.39  ptS 0.37  fLog 0.80  pdΔ -0.1140  pkR 11.73  clip 0.31  kl +0.020 WRr 0.78 WRf 0.84
upd  550  steps 18055168  sps 5796  opp buf  loss +0.053  pg -0.0141  v 0.385  ev +0.99  adv_std 0.906  tR +0.29  ent[s/d/p/e] 1.31/0.58/0.64/0.14  emits 5.26  spf 362.0  z0 0.01  garr 231.9  tG 2813  e2 0.76  nF 15.9  pS 0.43  ptS 0.42  fLog 0.82  pdΔ -0.0714  pkR 10.45  clip 0.36  kl +0.024
upd  551  steps 18087936  sps 5797  opp buf  loss +0.042  pg -0.0144  v 0.335  ev +0.99  adv_std 0.855  tR +0.19  ent[s/d/p/e] 1.34/0.56/0.67/0.12  emits 5.34  spf 413.4  z0 0.01  garr 265.9  tG 3482  e2 0.78  nF 15.9  pS 0.42  ptS 0.41  fLog 0.83  pdΔ -0.0767  pkR 11.22  clip 0.37  kl +0.028
upd  552  steps 18120704  sps 5797  opp buf  loss +0.049  pg -0.0156  v 0.371  ev +0.99  adv_std 0.902  tR +0.40  ent[s/d/p/e] 1.23/0.60/0.64/0.16  emits 4.81  spf 358.1  z0 0.01  garr 229.8  tG 2482  e2 0.73  nF 16.7  pS 0.39  ptS 0.37  fLog 0.80  pdΔ -0.1106  pkR 9.90  clip 0.36  kl +0.028
upd  553  steps 18153472  sps 5798  opp buf  loss +0.043  pg -0.0153  v 0.341  ev +0.99  adv_std 0.864  tR +0.23  ent[s/d/p/e] 1.20/0.60/0.66/0.16  emits 4.78  spf 381.3  z0 0.00  garr 231.3  tG 2551  e2 0.71  nF 17.7  pS 0.38  ptS 0.37  fLog 0.80  pdΔ -0.1158  pkR 9.43  clip 0.36  kl +0.029
upd  554  steps 18186240  sps 5799  opp buf  loss +0.038  pg -0.0164  v 0.322  ev +0.99  adv_std 0.845  tR +0.03  ent[s/d/p/e] 1.16/0.64/0.64/0.19  emits 4.38  spf 340.3  z0 0.01  garr 198.7  tG 1978  e2 0.67  nF 18.4  pS 0.37  ptS 0.36  fLog 0.78  pdΔ -0.1309  pkR 12.45  clip 0.35  kl +0.027
upd  555  steps 18219008  sps 5799  opp buf  loss +0.063  pg -0.0127  v 0.425  ev +0.99  adv_std 0.962  tR +0.22  ent[s/d/p/e] 1.20/0.61/0.64/0.18  emits 4.74  spf 356.1  z0 0.00  garr 220.2  tG 2443  e2 0.73  nF 16.3  pS 0.38  ptS 0.37  fLog 0.80  pdΔ -0.1182  pkR 9.92  clip 0.37  kl +0.031
upd  556  steps 18251776  sps 5800  opp buf  loss +0.058  pg -0.0143  v 0.408  ev +0.99  adv_std 0.937  tR +0.03  ent[s/d/p/e] 1.18/0.59/0.61/0.18  emits 4.81  spf 336.1  z0 0.00  garr 203.2  tG 2339  e2 0.74  nF 17.0  pS 0.39  ptS 0.37  fLog 0.79  pdΔ -0.1144  pkR 12.10  clip 0.36  kl +0.029
upd  557  steps 18284544  sps 5801  opp frzn  loss +0.051  pg -0.0166  v 0.386  ev +0.99  adv_std 0.922  tR +0.22  ent[s/d/p/e] 1.13/0.58/0.61/0.17  emits 4.53  spf 402.9  z0 0.01  garr 238.9  tG 2608  e2 0.70  nF 14.4  pS 0.36  ptS 0.35  fLog 0.81  pdΔ -0.1423  pkR 17.40  clip 0.35  kl +0.029
upd  558  steps 18317312  sps 5801  opp frzn  loss +0.064  pg -0.0165  v 0.445  ev +0.99  adv_std 0.986  tR +0.18  ent[s/d/p/e] 1.04/0.64/0.56/0.21  emits 4.01  spf 379.8  z0 0.01  garr 225.8  tG 1850  e2 0.65  nF 15.1  pS 0.34  ptS 0.32  fLog 0.79  pdΔ -0.1637  pkR 24.14  clip 0.29  kl +0.024
upd  559  steps 18350080  sps 5802  opp buf  loss +0.054  pg -0.0172  v 0.401  ev +0.99  adv_std 0.935  tR +0.23  ent[s/d/p/e] 0.99/0.62/0.56/0.25  emits 4.14  spf 372.7  z0 0.01  garr 217.8  tG 1717  e2 0.69  nF 16.9  pS 0.36  ptS 0.35  fLog 0.78  pdΔ -0.1380  pkR 7.90  clip 0.33  kl +0.026
upd  560  steps 18382848  sps 5803  opp buf  loss +0.060  pg -0.0139  v 0.419  ev +0.99  adv_std 0.951  tR +0.16  ent[s/d/p/e] 1.17/0.62/0.62/0.18  emits 5.03  spf 328.2  z0 0.01  garr 203.4  tG 2154  e2 0.77  nF 18.5  pS 0.42  ptS 0.41  fLog 0.79  pdΔ -0.0785  pkR 10.28  clip 0.37  kl +0.030
upd  561  steps 18415616  sps 5803  opp buf  loss +0.049  pg -0.0149  v 0.368  ev +0.99  adv_std 0.898  tR +0.11  ent[s/d/p/e] 1.16/0.58/0.64/0.15  emits 5.20  spf 368.1  z0 0.00  garr 229.8  tG 2663  e2 0.77  nF 16.8  pS 0.40  ptS 0.38  fLog 0.81  pdΔ -0.0998  pkR 11.62  clip 0.38  kl +0.032
upd  562  steps 18448384  sps 5804  opp frzn  loss +0.047  pg -0.0147  v 0.353  ev +0.99  adv_std 0.878  tR +0.07  ent[s/d/p/e] 1.09/0.59/0.62/0.16  emits 4.70  spf 391.4  z0 0.01  garr 255.2  tG 2354  e2 0.72  nF 15.8  pS 0.35  ptS 0.33  fLog 0.82  pdΔ -0.1518  pkR 12.55  clip 0.34  kl +0.029
upd  563  steps 18481152  sps 5805  opp buf  loss +0.059  pg -0.0159  v 0.417  ev +0.99  adv_std 0.956  tR +0.15  ent[s/d/p/e] 1.05/0.61/0.58/0.20  emits 4.08  spf 356.2  z0 0.01  garr 222.9  tG 1850  e2 0.66  nF 15.7  pS 0.35  ptS 0.33  fLog 0.78  pdΔ -0.1518  pkR 12.43  clip 0.32  kl +0.027
upd  564  steps 18513920  sps 5805  opp buf  loss +0.046  pg -0.0175  v 0.365  ev +0.99  adv_std 0.891  tR +0.01  ent[s/d/p/e] 1.14/0.54/0.59/0.17  emits 4.86  spf 369.8  z0 0.01  garr 246.7  tG 2324  e2 0.75  nF 13.7  pS 0.38  ptS 0.37  fLog 0.82  pdΔ -0.1161  pkR 10.63  clip 0.33  kl +0.025
upd  565  steps 18546688  sps 5806  opp frzn  loss +0.085  pg -0.0150  v 0.542  ev +0.99  adv_std 1.073  tR +0.30  ent[s/d/p/e] 1.09/0.56/0.58/0.17  emits 4.22  spf 393.3  z0 0.02  garr 253.9  tG 2256  e2 0.66  nF 13.7  pS 0.31  ptS 0.30  fLog 0.81  pdΔ -0.1881  pkR 14.76  clip 0.32  kl +0.032
upd  566  steps 18579456  sps 5806  opp frzn  loss +0.059  pg -0.0148  v 0.410  ev +0.99  adv_std 0.931  tR -0.02  ent[s/d/p/e] 0.90/0.58/0.51/0.23  emits 3.74  spf 372.6  z0 0.01  garr 248.1  tG 1600  e2 0.66  nF 13.4  pS 0.30  ptS 0.28  fLog 0.79  pdΔ -0.2010  pkR 12.72  clip 0.26  kl +0.018
upd  567  steps 18612224  sps 5807  opp frzn  loss +0.054  pg -0.0137  v 0.378  ev +0.99  adv_std 0.909  tR +0.30  ent[s/d/p/e] 0.90/0.54/0.51/0.19  emits 3.95  spf 436.5  z0 0.01  garr 288.7  tG 1815  e2 0.67  nF 11.8  pS 0.29  ptS 0.28  fLog 0.82  pdΔ -0.2083  pkR 8.51  clip 0.28  kl +0.022
upd  568  steps 18644992  sps 5808  opp buf  loss +0.054  pg -0.0146  v 0.382  ev +0.99  adv_std 0.909  tR +0.36  ent[s/d/p/e] 0.99/0.58/0.55/0.21  emits 4.16  spf 382.5  z0 0.01  garr 256.4  tG 1828  e2 0.69  nF 14.7  pS 0.33  ptS 0.32  fLog 0.80  pdΔ -0.1663  pkR 7.67  clip 0.30  kl +0.021
upd  569  steps 18677760  sps 5808  opp buf  loss +0.050  pg -0.0152  v 0.371  ev +0.99  adv_std 0.895  tR +0.08  ent[s/d/p/e] 1.15/0.56/0.59/0.15  emits 4.90  spf 354.3  z0 0.01  garr 236.5  tG 2350  e2 0.74  nF 15.6  pS 0.38  ptS 0.37  fLog 0.81  pdΔ -0.1159  pkR 9.34  clip 0.34  kl +0.024
upd  570  steps 18710528  sps 5809  opp frzn  loss +0.039  pg -0.0149  v 0.317  ev +0.99  adv_std 0.835  tR +0.14  ent[s/d/p/e] 1.22/0.58/0.59/0.13  emits 4.57  spf 398.1  z0 0.01  garr 243.4  tG 2620  e2 0.68  nF 15.2  pS 0.35  ptS 0.34  fLog 0.82  pdΔ -0.1474  pkR 9.03  clip 0.32  kl +0.025
upd  571  steps 18743296  sps 5810  opp buf  loss +0.057  pg -0.0153  v 0.404  ev +0.99  adv_std 0.931  tR +0.12  ent[s/d/p/e] 1.08/0.57/0.58/0.18  emits 4.32  spf 405.0  z0 0.01  garr 247.0  tG 2310  e2 0.68  nF 13.8  pS 0.36  ptS 0.34  fLog 0.81  pdΔ -0.1447  pkR 13.62  clip 0.30  kl +0.023
upd  572  steps 18776064  sps 5810  opp buf  loss +0.037  pg -0.0134  v 0.298  ev +1.00  adv_std 0.806  tR -0.04  ent[s/d/p/e] 1.13/0.55/0.58/0.17  emits 4.51  spf 396.1  z0 0.01  garr 252.5  tG 2367  e2 0.70  nF 14.3  pS 0.36  ptS 0.35  fLog 0.81  pdΔ -0.1393  pkR 14.25  clip 0.33  kl +0.027
upd  573  steps 18808832  sps 5811  opp buf  loss +0.037  pg -0.0138  v 0.303  ev +1.00  adv_std 0.818  tR +0.15  ent[s/d/p/e] 1.27/0.51/0.62/0.13  emits 5.30  spf 398.9  z0 0.00  garr 271.1  tG 3204  e2 0.77  nF 14.0  pS 0.41  ptS 0.39  fLog 0.83  pdΔ -0.0926  pkR 11.12  clip 0.35  kl +0.027
upd  574  steps 18841600  sps 5812  opp buf  loss +0.022  pg -0.0155  v 0.239  ev +1.00  adv_std 0.727  tR +0.08  ent[s/d/p/e] 1.33/0.53/0.63/0.12  emits 5.27  spf 407.4  z0 0.00  garr 257.5  tG 3378  e2 0.75  nF 14.4  pS 0.41  ptS 0.39  fLog 0.84  pdΔ -0.0910  pkR 9.59  clip 0.37  kl +0.029
upd  575  steps 18874368  sps 5812  opp buf  loss +0.039  pg -0.0144  v 0.313  ev +0.99  adv_std 0.824  tR +0.15  ent[s/d/p/e] 1.30/0.55/0.63/0.12  emits 5.19  spf 401.3  z0 0.01  garr 257.7  tG 3093  e2 0.74  nF 15.8  pS 0.39  ptS 0.38  fLog 0.82  pdΔ -0.1072  pkR 9.55  clip 0.37  kl +0.028
upd  576  steps 18907136  sps 5813  opp buf  loss +0.051  pg -0.0161  v 0.385  ev +0.99  adv_std 0.915  tR +0.28  ent[s/d/p/e] 1.18/0.51/0.63/0.17  emits 5.10  spf 364.4  z0 0.00  garr 236.0  tG 2727  e2 0.79  nF 13.7  pS 0.39  ptS 0.38  fLog 0.83  pdΔ -0.1091  pkR 8.66  clip 0.34  kl +0.025
upd  577  steps 18939904  sps 5813  opp buf  loss +0.044  pg -0.0159  v 0.346  ev +0.99  adv_std 0.868  tR +0.13  ent[s/d/p/e] 1.20/0.54/0.62/0.15  emits 5.34  spf 401.8  z0 0.01  garr 273.2  tG 2943  e2 0.80  nF 14.3  pS 0.39  ptS 0.38  fLog 0.83  pdΔ -0.1090  pkR 9.01  clip 0.36  kl +0.028
upd  578  steps 18972672  sps 5814  opp frzn  loss +0.052  pg -0.0164  v 0.386  ev +0.99  adv_std 0.913  tR +0.12  ent[s/d/p/e] 1.16/0.56/0.61/0.14  emits 4.62  spf 382.4  z0 0.01  garr 251.6  tG 2472  e2 0.70  nF 15.5  pS 0.34  ptS 0.33  fLog 0.81  pdΔ -0.1575  pkR 10.52  clip 0.32  kl +0.023
upd  579  steps 19005440  sps 5815  opp buf  loss +0.056  pg -0.0143  v 0.393  ev +0.99  adv_std 0.924  tR +0.06  ent[s/d/p/e] 1.04/0.53/0.59/0.20  emits 4.36  spf 385.4  z0 0.00  garr 268.7  tG 2098  e2 0.73  nF 14.0  pS 0.35  ptS 0.34  fLog 0.81  pdΔ -0.1527  pkR 10.29  clip 0.30  kl +0.022
upd  580  steps 19038208  sps 5815  opp buf  loss +0.036  pg -0.0167  v 0.310  ev +0.99  adv_std 0.824  tR +0.20  ent[s/d/p/e] 1.06/0.53/0.59/0.18  emits 4.62  spf 331.8  z0 0.01  garr 220.1  tG 1940  e2 0.71  nF 14.3  pS 0.34  ptS 0.34  fLog 0.81  pdΔ -0.1550  pkR 12.30  clip 0.32  kl +0.022
upd  581  steps 19070976  sps 5816  opp buf  loss +0.039  pg -0.0160  v 0.324  ev +0.99  adv_std 0.843  tR -0.17  ent[s/d/p/e] 1.22/0.52/0.62/0.14  emits 5.11  spf 371.6  z0 0.00  garr 250.5  tG 2693  e2 0.75  nF 14.4  pS 0.37  ptS 0.36  fLog 0.82  pdΔ -0.1260  pkR 9.89  clip 0.34  kl +0.025
upd  582  steps 19103744  sps 5816  opp frzn  loss +0.029  pg -0.0150  v 0.268  ev +0.99  adv_std 0.768  tR +0.25  ent[s/d/p/e] 1.15/0.54/0.61/0.14  emits 4.59  spf 376.2  z0 0.01  garr 232.5  tG 2487  e2 0.67  nF 14.1  pS 0.33  ptS 0.32  fLog 0.82  pdΔ -0.1734  pkR 13.53  clip 0.33  kl +0.024
upd  583  steps 19136512  sps 5817  opp buf  loss +0.056  pg -0.0160  v 0.404  ev +0.99  adv_std 0.928  tR +0.03  ent[s/d/p/e] 1.05/0.53/0.59/0.19  emits 4.25  spf 397.4  z0 0.01  garr 232.5  tG 2248  e2 0.65  nF 13.3  pS 0.35  ptS 0.34  fLog 0.82  pdΔ -0.1523  pkR 13.37  clip 0.30  kl +0.022
upd  584  steps 19169280  sps 5818  opp frzn  loss +0.050  pg -0.0178  v 0.382  ev +0.99  adv_std 0.916  tR +0.38  ent[s/d/p/e] 1.04/0.52/0.57/0.18  emits 4.31  spf 390.9  z0 0.01  garr 227.3  tG 2100  e2 0.67  nF 13.5  pS 0.35  ptS 0.34  fLog 0.82  pdΔ -0.1456  pkR 7.87  clip 0.32  kl +0.024
upd  585  steps 19202048  sps 5818  opp buf  loss +0.050  pg -0.0111  v 0.348  ev +0.99  adv_std 0.869  tR +0.23  ent[s/d/p/e] 1.04/0.50/0.59/0.18  emits 4.53  spf 404.2  z0 0.01  garr 272.7  tG 2291  e2 0.72  nF 13.2  pS 0.36  ptS 0.34  fLog 0.83  pdΔ -0.1424  pkR 9.89  clip 0.32  kl +0.025
upd  586  steps 19234816  sps 5819  opp buf  loss +0.036  pg -0.0141  v 0.296  ev +0.99  adv_std 0.807  tR +0.18  ent[s/d/p/e] 1.13/0.51/0.59/0.17  emits 4.66  spf 377.1  z0 0.01  garr 255.9  tG 2455  e2 0.71  nF 13.2  pS 0.36  ptS 0.34  fLog 0.82  pdΔ -0.1420  pkR 10.38  clip 0.33  kl +0.023
upd  587  steps 19267584  sps 5819  opp frzn  loss +0.043  pg -0.0157  v 0.337  ev +0.99  adv_std 0.860  tR +0.09  ent[s/d/p/e] 1.11/0.52/0.60/0.16  emits 4.55  spf 361.3  z0 0.01  garr 223.5  tG 2376  e2 0.69  nF 13.7  pS 0.34  ptS 0.32  fLog 0.81  pdΔ -0.1646  pkR 12.02  clip 0.34  kl +0.030
upd  588  steps 19300352  sps 5820  opp buf  loss +0.057  pg -0.0155  v 0.406  ev +0.99  adv_std 0.942  tR +0.13  ent[s/d/p/e] 1.03/0.56/0.56/0.20  emits 4.13  spf 349.1  z0 0.01  garr 223.3  tG 1867  e2 0.67  nF 15.5  pS 0.35  ptS 0.33  fLog 0.80  pdΔ -0.1524  pkR 16.02  clip 0.32  kl +0.026
upd  589  steps 19333120  sps 5821  opp frzn  loss +0.058  pg -0.0140  v 0.404  ev +0.99  adv_std 0.940  tR +0.42  ent[s/d/p/e] 1.06/0.55/0.56/0.20  emits 4.23  spf 357.8  z0 0.00  garr 225.7  tG 1959  e2 0.68  nF 14.9  pS 0.34  ptS 0.33  fLog 0.80  pdΔ -0.1573  pkR 15.62  clip 0.32  kl +0.029
upd  590  steps 19365888  sps 5821  opp buf  loss +0.041  pg -0.0143  v 0.319  ev +0.99  adv_std 0.834  tR +0.17  ent[s/d/p/e] 1.07/0.60/0.58/0.20  emits 4.33  spf 365.0  z0 0.01  garr 241.4  tG 1957  e2 0.70  nF 15.9  pS 0.35  ptS 0.33  fLog 0.79  pdΔ -0.1536  pkR 11.45  clip 0.32  kl +0.023
upd  591  steps 19398656  sps 5822  opp frzn  loss +0.082  pg -0.0144  v 0.522  ev +0.99  adv_std 1.061  tR +0.29  ent[s/d/p/e] 1.00/0.55/0.55/0.16  emits 4.12  spf 361.6  z0 0.02  garr 230.9  tG 1847  e2 0.64  nF 13.0  pS 0.30  ptS 0.28  fLog 0.80  pdΔ -0.2045  pkR 15.43  clip 0.31  kl +0.029
upd  592  steps 19431424  sps 5822  opp frzn  loss +0.066  pg -0.0137  v 0.441  ev +0.99  adv_std 0.978  tR +0.11  ent[s/d/p/e] 0.98/0.54/0.53/0.18  emits 3.97  spf 402.2  z0 0.02  garr 278.2  tG 1969  e2 0.66  nF 12.1  pS 0.29  ptS 0.27  fLog 0.82  pdΔ -0.2099  pkR 21.83  clip 0.28  kl +0.026
upd  593  steps 19464192  sps 5823  opp buf  loss +0.055  pg -0.0160  v 0.396  ev +0.99  adv_std 0.926  tR +0.27  ent[s/d/p/e] 0.98/0.53/0.54/0.21  emits 4.20  spf 343.8  z0 0.00  garr 244.4  tG 1722  e2 0.70  nF 14.3  pS 0.33  ptS 0.31  fLog 0.79  pdΔ -0.1664  pkR 9.51  clip 0.29  kl +0.020
upd  594  steps 19496960  sps 5824  opp buf  loss +0.053  pg -0.0130  v 0.374  ev +0.99  adv_std 0.897  tR +0.12  ent[s/d/p/e] 1.19/0.51/0.61/0.15  emits 5.11  spf 395.4  z0 0.01  garr 271.2  tG 2800  e2 0.77  nF 14.9  pS 0.40  ptS 0.38  fLog 0.83  pdΔ -0.1020  pkR 11.13  clip 0.34  kl +0.026
upd  595  steps 19529728  sps 5824  opp buf  loss +0.040  pg -0.0153  v 0.325  ev +0.99  adv_std 0.845  tR -0.12  ent[s/d/p/e] 1.24/0.52/0.62/0.15  emits 5.01  spf 378.2  z0 0.01  garr 248.1  tG 2716  e2 0.75  nF 15.3  pS 0.39  ptS 0.38  fLog 0.82  pdΔ -0.1118  pkR 12.37  clip 0.35  kl +0.023
upd  596  steps 19562496  sps 5825  opp buf  loss +0.032  pg -0.0161  v 0.288  ev +0.99  adv_std 0.796  tR +0.16  ent[s/d/p/e] 1.29/0.53/0.64/0.14  emits 5.27  spf 380.3  z0 0.00  garr 264.2  tG 2936  e2 0.79  nF 15.0  pS 0.40  ptS 0.39  fLog 0.82  pdΔ -0.1000  pkR 7.96  clip 0.33  kl +0.024
upd  597  steps 19595264  sps 5825  opp frzn  loss +0.047  pg -0.0150  v 0.355  ev +0.99  adv_std 0.884  tR +0.19  ent[s/d/p/e] 1.16/0.57/0.61/0.15  emits 4.63  spf 344.1  z0 0.01  garr 222.1  tG 2259  e2 0.70  nF 16.2  pS 0.34  ptS 0.33  fLog 0.79  pdΔ -0.1562  pkR 9.50  clip 0.35  kl +0.032
upd  598  steps 19628032  sps 5826  opp buf  loss +0.061  pg -0.0156  v 0.426  ev +0.99  adv_std 0.960  tR -0.05  ent[s/d/p/e] 1.13/0.56/0.60/0.19  emits 4.76  spf 359.2  z0 0.01  garr 249.6  tG 2201  e2 0.76  nF 15.6  pS 0.38  ptS 0.36  fLog 0.80  pdΔ -0.1173  pkR 8.83  clip 0.32  kl +0.024
upd  599  steps 19660800  sps 5827  opp frzn  loss +0.072  pg -0.0161  v 0.482  ev +0.99  adv_std 1.013  tR +0.46  ent[s/d/p/e] 1.11/0.56/0.57/0.17  emits 4.38  spf 364.3  z0 0.01  garr 228.8  tG 2174  e2 0.68  nF 14.0  pS 0.33  ptS 0.31  fLog 0.81  pdΔ -0.1698  pkR 9.59  clip 0.33  kl +0.029 WRr 0.88 WRf 0.81
[ckpt] saved ./ckpt_multi_action_v11_f29_buf/ckpt_000599.pkl
final eval win_rate vs random: 0.875
[2026-05-29 01:23:31] train done cfg=orbit_wars_rl/configs/multi_action_v11_f29_buf.yaml
[2026-05-29 01:23:31] replay v11_f29_buf_u299 (ckpt_multi_action_v11_f29_buf/ckpt_000299.pkl)
[quick_replay] ckpt=ckpt_multi_action_v11_f29_buf/ckpt_000299.pkl  template=submission_rl_v11_f29.py  out=submission_rl_v11_f29_buf_u299.py  json=logs/replay_analyze/v11_f29_buf_u299_vs_v20.json
[export] loaded 80 param tensors; total floats = 679,757
[export] arch: planet=28 global=17 K=8 d_model=128
[export] running parity test against ckpt_multi_action_v11_f29_buf/ckpt_000299.pkl (tol=0.005, num_states=16)
parity_check multi-action (ckpt=ckpt_multi_action_v11_f29_buf/ckpt_000299.pkl; tol=0.005; states=16; K=8)
  arch: d_model=128 n_layers=2 n_heads=4 ff_dim=512
  [OK ] whole-turn action list match: 16/16
  [INFO] emit count match: 16/16
  [INFO] value drift max=2.623e-06 mean=1.103e-06
[export] raw weights ~2655.3KB, compressed+base64 ~3293.3KB
[export] wrote submission_rl_v11_f29_buf_u299.py
[export] importing and smoke-testing agent()...
[export] smoke forward: 4 launch(es) src=[0, 0, 0] dst=[2, 2, 2] pct=[3, 3, 5]
[export] smoke agent() moves: [[0, 1.5707963267948966, 48], [0, 1.5707963267948966, 28], [0, 1.5707963267948966, 30], [0, 1.5707963267948966, 14]]
[92m01:23:50 - LiteLLM:WARNING[0m: get_model_cost_map.py:271 - LiteLLM: Failed to fetch remote model cost map from https://raw.githubusercontent.com/BerriAI/litellm/main/model_prices_and_context_window.json: The read operation timed out. Falling back to local backup.
[kaggle_environments.envs.open_spiel_env.open_spiel_env] INFO: Successfully loaded OpenSpiel environments: 23.
[kaggle_environments.envs.open_spiel_env.open_spiel_env] INFO:    open_spiel_amazons
[kaggle_environments.envs.open_spiel_env.open_spiel_env] INFO:    open_spiel_backgammon
[kaggle_environments.envs.open_spiel_env.open_spiel_env] INFO:    open_spiel_checkers
[kaggle_environments.envs.open_spiel_env.open_spiel_env] INFO:    open_spiel_chess
[kaggle_environments.envs.open_spiel_env.open_spiel_env] INFO:    open_spiel_clobber
[kaggle_environments.envs.open_spiel_env.open_spiel_env] INFO:    open_spiel_coin_game
[kaggle_environments.envs.open_spiel_env.open_spiel_env] INFO:    open_spiel_connect_four
[kaggle_environments.envs.open_spiel_env.open_spiel_env] INFO:    open_spiel_dark_hex
[kaggle_environments.envs.open_spiel_env.open_spiel_env] INFO:    open_spiel_gin_rummy
[kaggle_environments.envs.open_spiel_env.open_spiel_env] INFO:    open_spiel_go
[kaggle_environments.envs.open_spiel_env.open_spiel_env] INFO:    open_spiel_goofspiel
[kaggle_environments.envs.open_spiel_env.open_spiel_env] INFO:    open_spiel_hearts
[kaggle_environments.envs.open_spiel_env.open_spiel_env] INFO:    open_spiel_hex
[kaggle_environments.envs.open_spiel_env.open_spiel_env] INFO:    open_spiel_lines_of_action
[kaggle_environments.envs.open_spiel_env.open_spiel_env] INFO:    open_spiel_matching_pennies_3p
[kaggle_environments.envs.open_spiel_env.open_spiel_env] INFO:    open_spiel_oshi_zumo
[kaggle_environments.envs.open_spiel_env.open_spiel_env] INFO:    open_spiel_othello
[kaggle_environments.envs.open_spiel_env.open_spiel_env] INFO:    open_spiel_repeated_game
[kaggle_environments.envs.open_spiel_env.open_spiel_env] INFO:    open_spiel_tic_tac_toe
[kaggle_environments.envs.open_spiel_env.open_spiel_env] INFO:    open_spiel_y
[kaggle_environments.envs.open_spiel_env.open_spiel_env] INFO:    open_spiel_universal_poker
[kaggle_environments.envs.open_spiel_env.open_spiel_env] INFO:    open_spiel_repeated_poker
[kaggle_environments.envs.open_spiel_env.open_spiel_env] INFO:    open_spiel_python_repeated_pokerkit
[kaggle_environments.envs.open_spiel_env.open_spiel_env] INFO: OpenSpiel games skipped: 1.
[kaggle_environments.envs.open_spiel_env.open_spiel_env] INFO:    snake
agent A (player 0): submission_rl_v11_f29_buf_u299.py
agent B (player 1): submission_v20_0513.py
running 5 games, seed_base=0...

  [game 1/5] seed=0 steps=160 p0_outcome=loss elapsed=24.3s
  [game 2/5] seed=1 steps=96 p0_outcome=loss elapsed=5.3s
  [game 3/5] seed=2 steps=156 p0_outcome=loss elapsed=7.0s
  [game 4/5] seed=3 steps=157 p0_outcome=loss elapsed=25.7s
  [game 5/5] seed=4 steps=154 p0_outcome=loss elapsed=7.9s

################ WINDOW = first_80turns ################
=== A = submission_rl_v11_f29_buf_u299.py (player 0) (5 games, 723 turns) ===
  outcome              W/L/D = 0/5/0
  mean_emits_per_turn  = 2.81
  zero_emit_rate       = 1.38%
  mean_ships_per_fleet = 4.51
  mean_garrison_my     = 18.69
  p95_garrison_my      = 88
  fleets_launched      = 1360
  fleet_flip_rate      = 0.96%   (fleets whose arrival flipped a planet)
  fleet_nonflip_rate   = 99.04%   (crude proxy; see source for caveat)
  captures             = 13
  pct_bin_distribution (bin@val: pct):
      bin0 @ 0.10: 14.2%
      bin1 @ 0.20: 10.1%
      bin2 @ 0.30: 8.2%
      bin3 @ 0.40: 6.7%
      bin4 @ 0.55: 7.4%
      bin5 @ 0.70: 3.9%
      bin6 @ 0.85: 2.9%
      bin7 @ 1.00: 46.6%
  emit_count_distribution (n_emits per turn: pct):
      0: 2.5%
      1: 32.2%
      2: 23.2%
      3: 12.0%
      4: 14.2%
      5: 2.2%
      6: 3.8%
      7: 2.2%
      8: 7.5%

=== B = submission_v20_0513.py (player 1) (5 games, 723 turns) ===
  outcome              W/L/D = 5/0/0
  mean_emits_per_turn  = 0.66
  zero_emit_rate       = 34.30%
  mean_ships_per_fleet = 15.53
  mean_garrison_my     = 199.42
  p95_garrison_my      = 1022
  fleets_launched      = 523
  fleet_flip_rate      = 17.21%   (fleets whose arrival flipped a planet)
  fleet_nonflip_rate   = 76.10%   (crude proxy; see source for caveat)
  captures             = 90
  pct_bin_distribution (bin@val: pct):
      bin0 @ 0.10: 0.8%
      bin1 @ 0.20: 4.2%
      bin2 @ 0.30: 14.7%
      bin3 @ 0.40: 15.5%
      bin4 @ 0.55: 12.1%
      bin5 @ 0.70: 15.5%
      bin6 @ 0.85: 7.9%
      bin7 @ 1.00: 29.4%
  emit_count_distribution (n_emits per turn: pct):
      0: 62.0%
      1: 22.8%
      2: 9.0%
      3: 4.0%
      4: 0.8%
      5: 0.8%
      6: 0.2%
      7: 0.0%
      8: 0.5%


################ WINDOW = full_game ################
=== A = submission_rl_v11_f29_buf_u299.py (player 0) (5 games, 723 turns) ===
  outcome              W/L/D = 0/5/0
  mean_emits_per_turn  = 1.88
  zero_emit_rate       = 31.95%
  mean_ships_per_fleet = 4.19
  mean_garrison_my     = 11.61
  p95_garrison_my      = 67
  fleets_launched      = 1360
  fleet_flip_rate      = 0.96%   (fleets whose arrival flipped a planet)
  fleet_nonflip_rate   = 99.04%   (crude proxy; see source for caveat)
  captures             = 13
  pct_bin_distribution (bin@val: pct):
      bin0 @ 0.10: 14.2%
      bin1 @ 0.20: 9.0%
      bin2 @ 0.30: 7.6%
      bin3 @ 0.40: 6.4%
      bin4 @ 0.55: 7.2%
      bin5 @ 0.70: 3.5%
      bin6 @ 0.85: 3.5%
      bin7 @ 1.00: 48.5%
  emit_count_distribution (n_emits per turn: pct):
      0: 32.0%
      1: 24.3%
      2: 16.3%
      3: 7.3%
      4: 9.7%
      5: 2.4%
      6: 2.1%
      7: 1.4%
      8: 4.6%

=== B = submission_v20_0513.py (player 1) (5 games, 723 turns) ===
  outcome              W/L/D = 5/0/0
  mean_emits_per_turn  = 0.72
  zero_emit_rate       = 68.33%
  mean_ships_per_fleet = 17.39
  mean_garrison_my     = 1226.40
  p95_garrison_my      = 4992
  fleets_launched      = 523
  fleet_flip_rate      = 17.21%   (fleets whose arrival flipped a planet)
  fleet_nonflip_rate   = 76.10%   (crude proxy; see source for caveat)
  captures             = 90
  pct_bin_distribution (bin@val: pct):
      bin0 @ 0.10: 15.9%
      bin1 @ 0.20: 7.3%
      bin2 @ 0.30: 12.4%
      bin3 @ 0.40: 11.7%
      bin4 @ 0.55: 11.5%
      bin5 @ 0.70: 10.9%
      bin6 @ 0.85: 7.1%
      bin7 @ 1.00: 23.3%
  emit_count_distribution (n_emits per turn: pct):
      0: 68.3%
      1: 17.3%
      2: 7.1%
      3: 3.5%
      4: 0.7%
      5: 0.8%
      6: 0.4%
      7: 0.1%
      8: 1.8%

[saved] logs/replay_analyze/v11_f29_buf_u299_vs_v20.json

================================================================
tag=v11_f29_buf_u299  spf=4.51  garr=18.69  flip=0.96%  z0=1.4%  e2+=65.2%  WLD=0/5/0

Day5 first-80 gate (Top10 calibrated):
  spf  > 10    actual 4.51    FAIL
  garr > 60    actual 18.69   FAIL
  flip > 6%    actual 0.96%  FAIL
  e2+  > 5%    actual 65.2% OK
================================================================
[2026-05-29 01:25:01] replay v11_f29_buf_u599 (ckpt_multi_action_v11_f29_buf/ckpt_000599.pkl)
[quick_replay] ckpt=ckpt_multi_action_v11_f29_buf/ckpt_000599.pkl  template=submission_rl_v11_f29.py  out=submission_rl_v11_f29_buf_u599.py  json=logs/replay_analyze/v11_f29_buf_u599_vs_v20.json
[export] loaded 80 param tensors; total floats = 679,757
[export] arch: planet=28 global=17 K=8 d_model=128
[export] running parity test against ckpt_multi_action_v11_f29_buf/ckpt_000599.pkl (tol=0.005, num_states=16)
parity_check multi-action (ckpt=ckpt_multi_action_v11_f29_buf/ckpt_000599.pkl; tol=0.005; states=16; K=8)
  arch: d_model=128 n_layers=2 n_heads=4 ff_dim=512
  [OK ] whole-turn action list match: 16/16
  [INFO] emit count match: 16/16
  [INFO] value drift max=3.576e-06 mean=1.281e-06
[export] raw weights ~2655.3KB, compressed+base64 ~3293.9KB
[export] wrote submission_rl_v11_f29_buf_u599.py
[export] importing and smoke-testing agent()...
[export] smoke forward: 3 launch(es) src=[0, 0, 0] dst=[2, 2, 2] pct=[3, 3, 5]
[export] smoke agent() moves: [[0, 1.5707963267948966, 48], [0, 1.5707963267948966, 28], [0, 1.5707963267948966, 30]]
[92m01:25:19 - LiteLLM:WARNING[0m: get_model_cost_map.py:271 - LiteLLM: Failed to fetch remote model cost map from https://raw.githubusercontent.com/BerriAI/litellm/main/model_prices_and_context_window.json: The read operation timed out. Falling back to local backup.
[kaggle_environments.envs.open_spiel_env.open_spiel_env] INFO: Successfully loaded OpenSpiel environments: 23.
[kaggle_environments.envs.open_spiel_env.open_spiel_env] INFO:    open_spiel_amazons
[kaggle_environments.envs.open_spiel_env.open_spiel_env] INFO:    open_spiel_backgammon
[kaggle_environments.envs.open_spiel_env.open_spiel_env] INFO:    open_spiel_checkers
[kaggle_environments.envs.open_spiel_env.open_spiel_env] INFO:    open_spiel_chess
[kaggle_environments.envs.open_spiel_env.open_spiel_env] INFO:    open_spiel_clobber
[kaggle_environments.envs.open_spiel_env.open_spiel_env] INFO:    open_spiel_coin_game
[kaggle_environments.envs.open_spiel_env.open_spiel_env] INFO:    open_spiel_connect_four
[kaggle_environments.envs.open_spiel_env.open_spiel_env] INFO:    open_spiel_dark_hex
[kaggle_environments.envs.open_spiel_env.open_spiel_env] INFO:    open_spiel_gin_rummy
[kaggle_environments.envs.open_spiel_env.open_spiel_env] INFO:    open_spiel_go
[kaggle_environments.envs.open_spiel_env.open_spiel_env] INFO:    open_spiel_goofspiel
[kaggle_environments.envs.open_spiel_env.open_spiel_env] INFO:    open_spiel_hearts
[kaggle_environments.envs.open_spiel_env.open_spiel_env] INFO:    open_spiel_hex
[kaggle_environments.envs.open_spiel_env.open_spiel_env] INFO:    open_spiel_lines_of_action
[kaggle_environments.envs.open_spiel_env.open_spiel_env] INFO:    open_spiel_matching_pennies_3p
[kaggle_environments.envs.open_spiel_env.open_spiel_env] INFO:    open_spiel_oshi_zumo
[kaggle_environments.envs.open_spiel_env.open_spiel_env] INFO:    open_spiel_othello
[kaggle_environments.envs.open_spiel_env.open_spiel_env] INFO:    open_spiel_repeated_game
[kaggle_environments.envs.open_spiel_env.open_spiel_env] INFO:    open_spiel_tic_tac_toe
[kaggle_environments.envs.open_spiel_env.open_spiel_env] INFO:    open_spiel_y
[kaggle_environments.envs.open_spiel_env.open_spiel_env] INFO:    open_spiel_universal_poker
[kaggle_environments.envs.open_spiel_env.open_spiel_env] INFO:    open_spiel_repeated_poker
[kaggle_environments.envs.open_spiel_env.open_spiel_env] INFO:    open_spiel_python_repeated_pokerkit
[kaggle_environments.envs.open_spiel_env.open_spiel_env] INFO: OpenSpiel games skipped: 1.
[kaggle_environments.envs.open_spiel_env.open_spiel_env] INFO:    snake
agent A (player 0): submission_rl_v11_f29_buf_u599.py
agent B (player 1): submission_v20_0513.py
running 5 games, seed_base=0...

  [game 1/5] seed=0 steps=149 p0_outcome=loss elapsed=33.1s
  [game 2/5] seed=1 steps=136 p0_outcome=loss elapsed=20.8s
  [game 3/5] seed=2 steps=112 p0_outcome=loss elapsed=11.0s
  [game 4/5] seed=3 steps=141 p0_outcome=loss elapsed=39.9s
  [game 5/5] seed=4 steps=144 p0_outcome=loss elapsed=8.7s

################ WINDOW = first_80turns ################
=== A = submission_rl_v11_f29_buf_u599.py (player 0) (5 games, 682 turns) ===
  outcome              W/L/D = 0/5/0
  mean_emits_per_turn  = 2.40
  zero_emit_rate       = 0.73%
  mean_ships_per_fleet = 10.17
  mean_garrison_my     = 55.31
  p95_garrison_my      = 214
  fleets_launched      = 1553
  fleet_flip_rate      = 3.09%   (fleets whose arrival flipped a planet)
  fleet_nonflip_rate   = 95.94%   (crude proxy; see source for caveat)
  captures             = 48
  pct_bin_distribution (bin@val: pct):
      bin0 @ 0.10: 16.8%
      bin1 @ 0.20: 8.4%
      bin2 @ 0.30: 4.6%
      bin3 @ 0.40: 4.6%
      bin4 @ 0.55: 8.2%
      bin5 @ 0.70: 3.4%
      bin6 @ 0.85: 2.8%
      bin7 @ 1.00: 51.1%
  emit_count_distribution (n_emits per turn: pct):
      0: 1.2%
      1: 69.8%
      2: 0.5%
      3: 2.5%
      4: 6.2%
      5: 4.8%
      6: 2.8%
      7: 1.8%
      8: 10.5%

=== B = submission_v20_0513.py (player 1) (5 games, 682 turns) ===
  outcome              W/L/D = 5/0/0
  mean_emits_per_turn  = 0.94
  zero_emit_rate       = 31.09%
  mean_ships_per_fleet = 18.13
  mean_garrison_my     = 171.18
  p95_garrison_my      = 620
  fleets_launched      = 877
  fleet_flip_rate      = 15.62%   (fleets whose arrival flipped a planet)
  fleet_nonflip_rate   = 75.94%   (crude proxy; see source for caveat)
  captures             = 137
  pct_bin_distribution (bin@val: pct):
      bin0 @ 0.10: 1.3%
      bin1 @ 0.20: 2.4%
      bin2 @ 0.30: 5.3%
      bin3 @ 0.40: 12.8%
      bin4 @ 0.55: 15.7%
      bin5 @ 0.70: 18.4%
      bin6 @ 0.85: 7.7%
      bin7 @ 1.00: 36.3%
  emit_count_distribution (n_emits per turn: pct):
      0: 53.0%
      1: 24.2%
      2: 10.5%
      3: 6.8%
      4: 2.8%
      5: 1.2%
      6: 0.5%
      7: 0.5%
      8: 0.5%


################ WINDOW = full_game ################
=== A = submission_rl_v11_f29_buf_u599.py (player 0) (5 games, 682 turns) ===
  outcome              W/L/D = 0/5/0
  mean_emits_per_turn  = 2.28
  zero_emit_rate       = 23.31%
  mean_ships_per_fleet = 10.13
  mean_garrison_my     = 52.57
  p95_garrison_my      = 261
  fleets_launched      = 1553
  fleet_flip_rate      = 3.09%   (fleets whose arrival flipped a planet)
  fleet_nonflip_rate   = 95.94%   (crude proxy; see source for caveat)
  captures             = 48
  pct_bin_distribution (bin@val: pct):
      bin0 @ 0.10: 17.8%
      bin1 @ 0.20: 10.9%
      bin2 @ 0.30: 5.9%
      bin3 @ 0.40: 5.1%
      bin4 @ 0.55: 6.8%
      bin5 @ 0.70: 3.3%
      bin6 @ 0.85: 2.6%
      bin7 @ 1.00: 47.7%
  emit_count_distribution (n_emits per turn: pct):
      0: 23.3%
      1: 47.8%
      2: 0.9%
      3: 2.9%
      4: 4.1%
      5: 3.2%
      6: 1.8%
      7: 1.6%
      8: 14.4%

=== B = submission_v20_0513.py (player 1) (5 games, 682 turns) ===
  outcome              W/L/D = 5/0/0
  mean_emits_per_turn  = 1.29
  zero_emit_rate       = 49.12%
  mean_ships_per_fleet = 18.12
  mean_garrison_my     = 663.44
  p95_garrison_my      = 2825
  fleets_launched      = 877
  fleet_flip_rate      = 15.62%   (fleets whose arrival flipped a planet)
  fleet_nonflip_rate   = 75.94%   (crude proxy; see source for caveat)
  captures             = 137
  pct_bin_distribution (bin@val: pct):
      bin0 @ 0.10: 4.1%
      bin1 @ 0.20: 6.3%
      bin2 @ 0.30: 7.8%
      bin3 @ 0.40: 13.2%
      bin4 @ 0.55: 15.4%
      bin5 @ 0.70: 14.7%
      bin6 @ 0.85: 8.0%
      bin7 @ 1.00: 30.6%
  emit_count_distribution (n_emits per turn: pct):
      0: 49.1%
      1: 22.6%
      2: 10.9%
      3: 6.0%
      4: 3.5%
      5: 2.8%
      6: 2.1%
      7: 1.0%
      8: 2.1%

[saved] logs/replay_analyze/v11_f29_buf_u599_vs_v20.json

================================================================
tag=v11_f29_buf_u599  spf=10.17  garr=55.31  flip=3.09%  z0=0.7%  e2+=29.0%  WLD=0/5/0

Day5 first-80 gate (Top10 calibrated):
  spf  > 10    actual 10.17    OK
  garr > 60    actual 55.31   FAIL
  flip > 6%    actual 3.09%  FAIL
  e2+  > 5%    actual 29.0% OK
================================================================
[2026-05-29 01:27:14] === TRACK f29b ===
[2026-05-29 01:27:14] train start cfg=orbit_wars_rl/configs/multi_action_v11_f29b.yaml -> logs/v11_f29b.log
[reward] kaggle-aligned: terminal +1 win/+1 tie>0/-1 loss/-1 double-wipeout; is_terminal at step >= episode_steps-2; SHAPING_SCALE=0.0; v1: KEEP_HOME=0.0 FLEET_SIZE=0.0/norm20.0; v2 (expert-replay calibrated): PROD_SHARE=0.0 PLANET_SHARE=0.005 FLEET_LOG=0.0/ref500.0/floor0.3; v3 (top10-2630ep calibrated): PROD_SHARE_DELTA=1.0 EMIT_LOG=0.0 EMIT_GATED=0.0 RELEASE=0.05/K20.0 CAPTURE=0.02; episode_steps=500 (kaggle=500, mismatch=False)
[buffer-curriculum] buffer_path=data/mixed_v20_top10.npz buffer_reset_ratio=0.8
[buffer-curriculum] loaded 113776 states from data/mixed_v20_top10.npz
upd    0  steps   32768  sps 671  opp rand  loss -0.008  pg -0.0018  v 0.017  ev +0.51  adv_std 0.186  tR -0.04  ent[s/d/p/e] 1.18/2.83/0.28/0.56  emits 1.56  spf 12.2  z0 0.03  garr 11.4  tG 94  e2 0.29  nF 26.9  pS 0.20  ptS 0.20  fLog 0.33  pdΔ -0.2962  pkR 28.10  clip 0.02  kl +0.001
upd    1  steps   65536  sps 1218  opp rand  loss -0.009  pg -0.0020  v 0.020  ev +0.58  adv_std 0.233  tR -0.56  ent[s/d/p/e] 1.44/2.83/0.33/0.55  emits 1.62  spf 16.0  z0 0.06  garr 16.4  tG 192  e2 0.30  nF 28.7  pS 0.26  ptS 0.26  fLog 0.35  pdΔ -0.2398  pkR 21.82  clip 0.03  kl +0.002
upd    2  steps   98304  sps 1672  opp rand  loss -0.011  pg -0.0031  v 0.016  ev +0.72  adv_std 0.210  tR -0.25  ent[s/d/p/e] 1.44/2.84/0.34/0.58  emits 1.62  spf 16.2  z0 0.05  garr 18.1  tG 204  e2 0.32  nF 29.2  pS 0.28  ptS 0.27  fLog 0.35  pdΔ -0.2193  pkR 18.75  clip 0.06  kl +0.004
upd    3  steps  131072  sps 2056  opp rand  loss -0.010  pg -0.0022  v 0.015  ev +0.79  adv_std 0.206  tR -0.40  ent[s/d/p/e] 1.47/2.83/0.34/0.57  emits 1.60  spf 17.1  z0 0.04  garr 19.1  tG 225  e2 0.30  nF 29.4  pS 0.28  ptS 0.28  fLog 0.35  pdΔ -0.2238  pkR 21.42  clip 0.07  kl +0.004
upd    4  steps  163840  sps 2384  opp rand  loss -0.011  pg -0.0033  v 0.012  ev +0.85  adv_std 0.184  tR -0.36  ent[s/d/p/e] 1.39/2.83/0.31/0.56  emits 1.59  spf 15.0  z0 0.05  garr 15.7  tG 167  e2 0.30  nF 28.7  pS 0.25  ptS 0.25  fLog 0.34  pdΔ -0.2512  pkR 20.63  clip 0.08  kl +0.005
upd    5  steps  196608  sps 2668  opp rand  loss -0.011  pg -0.0025  v 0.011  ev +0.89  adv_std 0.178  tR -0.47  ent[s/d/p/e] 1.34/2.83/0.31/0.54  emits 1.54  spf 15.6  z0 0.05  garr 16.8  tG 187  e2 0.28  nF 28.4  pS 0.25  ptS 0.25  fLog 0.34  pdΔ -0.2496  pkR 21.73  clip 0.09  kl +0.004
upd    6  steps  229376  sps 2916  opp rand  loss -0.012  pg -0.0042  v 0.010  ev +0.92  adv_std 0.167  tR -0.45  ent[s/d/p/e] 1.31/2.82/0.29/0.54  emits 1.59  spf 14.1  z0 0.04  garr 15.7  tG 170  e2 0.30  nF 30.2  pS 0.24  ptS 0.24  fLog 0.33  pdΔ -0.2571  pkR 18.27  clip 0.10  kl +0.005
upd    7  steps  262144  sps 3135  opp rand  loss -0.011  pg -0.0034  v 0.011  ev +0.92  adv_std 0.169  tR -0.51  ent[s/d/p/e] 1.29/2.82/0.29/0.54  emits 1.45  spf 15.2  z0 0.06  garr 17.7  tG 204  e2 0.26  nF 27.1  pS 0.24  ptS 0.24  fLog 0.33  pdΔ -0.2624  pkR 18.76  clip 0.10  kl +0.006
upd    8  steps  294912  sps 3329  opp rand  loss -0.013  pg -0.0047  v 0.010  ev +0.93  adv_std 0.158  tR -0.46  ent[s/d/p/e] 1.33/2.83/0.32/0.56  emits 1.42  spf 16.5  z0 0.05  garr 21.3  tG 232  e2 0.26  nF 26.4  pS 0.26  ptS 0.26  fLog 0.34  pdΔ -0.2389  pkR 18.76  clip 0.12  kl +0.005
upd    9  steps  327680  sps 3502  opp rand  loss -0.012  pg -0.0037  v 0.012  ev +0.95  adv_std 0.160  tR -0.24  ent[s/d/p/e] 1.44/2.83/0.35/0.56  emits 1.47  spf 19.6  z0 0.05  garr 25.7  tG 303  e2 0.28  nF 25.6  pS 0.29  ptS 0.29  fLog 0.36  pdΔ -0.2086  pkR 14.59  clip 0.12  kl +0.005
upd   10  steps  360448  sps 3658  opp rand  loss -0.011  pg -0.0028  v 0.011  ev +0.94  adv_std 0.160  tR -0.28  ent[s/d/p/e] 1.37/2.83/0.33/0.55  emits 1.37  spf 18.4  z0 0.05  garr 25.0  tG 281  e2 0.24  nF 25.2  pS 0.27  ptS 0.27  fLog 0.35  pdΔ -0.2263  pkR 14.38  clip 0.12  kl +0.006
upd   11  steps  393216  sps 3799  opp rand  loss -0.012  pg -0.0036  v 0.012  ev +0.95  adv_std 0.163  tR -0.18  ent[s/d/p/e] 1.43/2.83/0.35/0.55  emits 1.39  spf 19.8  z0 0.04  garr 28.2  tG 323  e2 0.26  nF 24.6  pS 0.30  ptS 0.29  fLog 0.36  pdΔ -0.2019  pkR 14.95  clip 0.14  kl +0.007
upd   12  steps  425984  sps 3927  opp rand  loss -0.014  pg -0.0045  v 0.011  ev +0.96  adv_std 0.157  tR -0.26  ent[s/d/p/e] 1.44/2.83/0.36/0.54  emits 1.31  spf 22.2  z0 0.04  garr 31.9  tG 368  e2 0.22  nF 23.1  pS 0.30  ptS 0.30  fLog 0.37  pdΔ -0.1966  pkR 15.43  clip 0.14  kl +0.006
upd   13  steps  458752  sps 4044  opp rand  loss -0.012  pg -0.0037  v 0.012  ev +0.95  adv_std 0.163  tR -0.06  ent[s/d/p/e] 1.40/2.83/0.34/0.50  emits 1.27  spf 21.1  z0 0.03  garr 30.5  tG 345  e2 0.20  nF 23.4  pS 0.30  ptS 0.29  fLog 0.36  pdΔ -0.2026  pkR 16.00  clip 0.14  kl +0.007
upd   14  steps  491520  sps 4151  opp rand  loss -0.014  pg -0.0057  v 0.010  ev +0.96  adv_std 0.149  tR -0.18  ent[s/d/p/e] 1.30/2.82/0.33/0.50  emits 1.24  spf 18.8  z0 0.05  garr 26.7  tG 304  e2 0.20  nF 23.0  pS 0.27  ptS 0.26  fLog 0.34  pdΔ -0.2302  pkR 16.53  clip 0.15  kl +0.006
upd   15  steps  524288  sps 4249  opp rand  loss -0.014  pg -0.0054  v 0.011  ev +0.96  adv_std 0.156  tR -0.24  ent[s/d/p/e] 1.44/2.82/0.37/0.52  emits 1.25  spf 21.4  z0 0.05  garr 30.5  tG 349  e2 0.20  nF 23.3  pS 0.30  ptS 0.29  fLog 0.36  pdΔ -0.2009  pkR 14.43  clip 0.15  kl +0.007
upd   16  steps  557056  sps 4340  opp rand  loss -0.015  pg -0.0062  v 0.010  ev +0.97  adv_std 0.154  tR -0.15  ent[s/d/p/e] 1.31/2.82/0.35/0.49  emits 1.23  spf 21.3  z0 0.03  garr 30.0  tG 355  e2 0.18  nF 23.7  pS 0.28  ptS 0.28  fLog 0.35  pdΔ -0.2185  pkR 12.03  clip 0.16  kl +0.008
upd   17  steps  589824  sps 4424  opp rand  loss -0.016  pg -0.0070  v 0.009  ev +0.97  adv_std 0.147  tR -0.28  ent[s/d/p/e] 1.33/2.81/0.36/0.48  emits 1.19  spf 22.6  z0 0.05  garr 32.3  tG 399  e2 0.17  nF 23.2  pS 0.29  ptS 0.28  fLog 0.35  pdΔ -0.2130  pkR 12.97  clip 0.17  kl +0.006
upd   18  steps  622592  sps 4501  opp rand  loss -0.016  pg -0.0071  v 0.011  ev +0.97  adv_std 0.158  tR -0.03  ent[s/d/p/e] 1.44/2.81/0.40/0.48  emits 1.19  spf 24.4  z0 0.03  garr 35.5  tG 432  e2 0.16  nF 22.3  pS 0.32  ptS 0.32  fLog 0.37  pdΔ -0.1764  pkR 13.48  clip 0.17  kl +0.007
upd   19  steps  655360  sps 4574  opp rand  loss -0.017  pg -0.0085  v 0.010  ev +0.97  adv_std 0.151  tR +0.04  ent[s/d/p/e] 1.36/2.80/0.38/0.46  emits 1.20  spf 22.5  z0 0.03  garr 32.6  tG 402  e2 0.17  nF 22.6  pS 0.30  ptS 0.29  fLog 0.36  pdΔ -0.1969  pkR 14.03  clip 0.18  kl +0.008
upd   20  steps  688128  sps 4642  opp rand  loss -0.018  pg -0.0082  v 0.010  ev +0.97  adv_std 0.150  tR +0.01  ent[s/d/p/e] 1.55/2.80/0.44/0.46  emits 1.19  spf 27.3  z0 0.03  garr 40.1  tG 485  e2 0.16  nF 20.8  pS 0.35  ptS 0.35  fLog 0.39  pdΔ -0.1468  pkR 11.35  clip 0.19  kl +0.007
upd   21  steps  720896  sps 4705  opp rand  loss -0.017  pg -0.0085  v 0.011  ev +0.97  adv_std 0.155  tR +0.11  ent[s/d/p/e] 1.42/2.79/0.40/0.43  emits 1.15  spf 26.3  z0 0.03  garr 38.5  tG 458  e2 0.14  nF 21.7  pS 0.33  ptS 0.31  fLog 0.38  pdΔ -0.1746  pkR 13.81  clip 0.18  kl +0.008
upd   22  steps  753664  sps 4764  opp rand  loss -0.019  pg -0.0095  v 0.011  ev +0.97  adv_std 0.155  tR +0.06  ent[s/d/p/e] 1.46/2.79/0.41/0.42  emits 1.14  spf 27.1  z0 0.04  garr 40.2  tG 465  e2 0.14  nF 20.4  pS 0.33  ptS 0.32  fLog 0.39  pdΔ -0.1667  pkR 12.52  clip 0.20  kl +0.009
upd   23  steps  786432  sps 4820  opp rand  loss -0.019  pg -0.0100  v 0.012  ev +0.97  adv_std 0.164  tR +0.05  ent[s/d/p/e] 1.44/2.79/0.41/0.43  emits 1.14  spf 27.0  z0 0.04  garr 38.9  tG 447  e2 0.14  nF 20.2  pS 0.33  ptS 0.32  fLog 0.39  pdΔ -0.1732  pkR 10.92  clip 0.19  kl +0.008
upd   24  steps  819200  sps 4872  opp rand  loss -0.019  pg -0.0106  v 0.010  ev +0.97  adv_std 0.145  tR +0.08  ent[s/d/p/e] 1.32/2.79/0.39/0.40  emits 1.10  spf 25.8  z0 0.04  garr 38.0  tG 420  e2 0.12  nF 20.8  pS 0.29  ptS 0.29  fLog 0.37  pdΔ -0.2059  pkR 14.45  clip 0.20  kl +0.008
upd   25  steps  851968  sps 4921  opp rand  loss -0.019  pg -0.0098  v 0.011  ev +0.96  adv_std 0.154  tR -0.25  ent[s/d/p/e] 1.35/2.78/0.41/0.39  emits 1.11  spf 25.4  z0 0.04  garr 37.0  tG 385  e2 0.11  nF 20.5  pS 0.30  ptS 0.29  fLog 0.38  pdΔ -0.1995  pkR 10.66  clip 0.19  kl +0.007
upd   26  steps  884736  sps 4968  opp rand  loss -0.020  pg -0.0106  v 0.011  ev +0.97  adv_std 0.152  tR +0.11  ent[s/d/p/e] 1.44/2.78/0.45/0.39  emits 1.10  spf 27.7  z0 0.04  garr 38.9  tG 444  e2 0.11  nF 19.3  pS 0.33  ptS 0.32  fLog 0.39  pdΔ -0.1676  pkR 9.33  clip 0.20  kl +0.009
upd   27  steps  917504  sps 5012  opp rand  loss -0.020  pg -0.0108  v 0.012  ev +0.97  adv_std 0.159  tR +0.01  ent[s/d/p/e] 1.50/2.77/0.47/0.38  emits 1.10  spf 29.3  z0 0.04  garr 41.3  tG 476  e2 0.11  nF 19.4  pS 0.35  ptS 0.34  fLog 0.41  pdΔ -0.1471  pkR 8.73  clip 0.20  kl +0.007
upd   28  steps  950272  sps 5054  opp rand  loss -0.021  pg -0.0120  v 0.010  ev +0.97  adv_std 0.155  tR +0.23  ent[s/d/p/e] 1.43/2.76/0.44/0.36  emits 1.10  spf 28.4  z0 0.03  garr 39.8  tG 463  e2 0.11  nF 19.8  pS 0.34  ptS 0.32  fLog 0.39  pdΔ -0.1640  pkR 9.79  clip 0.21  kl +0.009
upd   29  steps  983040  sps 5093  opp rand  loss -0.020  pg -0.0107  v 0.013  ev +0.97  adv_std 0.166  tR +0.23  ent[s/d/p/e] 1.55/2.76/0.51/0.36  emits 1.11  spf 30.8  z0 0.02  garr 42.5  tG 491  e2 0.11  nF 19.0  pS 0.37  ptS 0.36  fLog 0.42  pdΔ -0.1298  pkR 7.51  clip 0.21  kl +0.008
upd   30  steps 1015808  sps 5131  opp rand  loss -0.021  pg -0.0119  v 0.013  ev +0.97  adv_std 0.176  tR +0.22  ent[s/d/p/e] 1.48/2.74/0.50/0.36  emits 1.11  spf 30.5  z0 0.03  garr 41.7  tG 496  e2 0.11  nF 18.9  pS 0.36  ptS 0.34  fLog 0.41  pdΔ -0.1437  pkR 9.23  clip 0.21  kl +0.009
upd   31  steps 1048576  sps 5167  opp rand  loss -0.021  pg -0.0120  v 0.013  ev +0.97  adv_std 0.173  tR +0.26  ent[s/d/p/e] 1.53/2.74/0.50/0.36  emits 1.11  spf 31.0  z0 0.02  garr 41.5  tG 479  e2 0.11  nF 19.4  pS 0.36  ptS 0.35  fLog 0.42  pdΔ -0.1354  pkR 12.07  clip 0.23  kl +0.010
upd   32  steps 1081344  sps 5201  opp rand  loss -0.020  pg -0.0111  v 0.011  ev +0.97  adv_std 0.160  tR +0.19  ent[s/d/p/e] 1.45/2.74/0.48/0.35  emits 1.11  spf 28.8  z0 0.03  garr 37.6  tG 438  e2 0.11  nF 19.1  pS 0.34  ptS 0.34  fLog 0.40  pdΔ -0.1574  pkR 12.14  clip 0.23  kl +0.010
upd   33  steps 1114112  sps 5233  opp rand  loss -0.024  pg -0.0134  v 0.011  ev +0.98  adv_std 0.158  tR +0.15  ent[s/d/p/e] 1.63/2.74/0.57/0.35  emits 1.10  spf 34.5  z0 0.04  garr 45.0  tG 546  e2 0.11  nF 18.1  pS 0.40  ptS 0.38  fLog 0.44  pdΔ -0.1043  pkR 8.19  clip 0.23  kl +0.010
upd   34  steps 1146880  sps 5264  opp rand  loss -0.023  pg -0.0126  v 0.012  ev +0.97  adv_std 0.167  tR +0.33  ent[s/d/p/e] 1.53/2.72/0.54/0.36  emits 1.12  spf 32.9  z0 0.03  garr 43.1  tG 523  e2 0.11  nF 18.1  pS 0.37  ptS 0.36  fLog 0.43  pdΔ -0.1276  pkR 8.85  clip 0.23  kl +0.010
upd   35  steps 1179648  sps 5294  opp rand  loss -0.022  pg -0.0121  v 0.012  ev +0.97  adv_std 0.168  tR +0.33  ent[s/d/p/e] 1.58/2.71/0.55/0.34  emits 1.11  spf 34.4  z0 0.03  garr 46.6  tG 558  e2 0.10  nF 18.0  pS 0.39  ptS 0.38  fLog 0.44  pdΔ -0.1141  pkR 7.59  clip 0.24  kl +0.011
upd   36  steps 1212416  sps 5322  opp rand  loss -0.024  pg -0.0138  v 0.012  ev +0.98  adv_std 0.165  tR +0.57  ent[s/d/p/e] 1.52/2.72/0.54/0.34  emits 1.14  spf 33.6  z0 0.01  garr 45.0  tG 551  e2 0.11  nF 18.8  pS 0.38  ptS 0.37  fLog 0.42  pdΔ -0.1198  pkR 9.66  clip 0.24  kl +0.011
upd   37  steps 1245184  sps 5349  opp rand  loss -0.024  pg -0.0131  v 0.012  ev +0.97  adv_std 0.172  tR +0.43  ent[s/d/p/e] 1.65/2.71/0.60/0.37  emits 1.15  spf 34.6  z0 0.02  garr 46.1  tG 574  e2 0.12  nF 18.7  pS 0.43  ptS 0.40  fLog 0.44  pdΔ -0.0744  pkR 7.28  clip 0.24  kl +0.010
upd   38  steps 1277952  sps 5375  opp rand  loss -0.025  pg -0.0149  v 0.013  ev +0.97  adv_std 0.172  tR +0.51  ent[s/d/p/e] 1.53/2.70/0.53/0.36  emits 1.15  spf 31.4  z0 0.02  garr 42.1  tG 513  e2 0.12  nF 19.7  pS 0.37  ptS 0.36  fLog 0.42  pdΔ -0.1265  pkR 11.44  clip 0.25  kl +0.013
upd   39  steps 1310720  sps 5400  opp rand  loss -0.023  pg -0.0132  v 0.013  ev +0.98  adv_std 0.170  tR +0.44  ent[s/d/p/e] 1.47/2.70/0.52/0.34  emits 1.12  spf 31.4  z0 0.03  garr 41.4  tG 490  e2 0.10  nF 19.0  pS 0.36  ptS 0.35  fLog 0.41  pdΔ -0.1409  pkR 9.94  clip 0.25  kl +0.011
upd   40  steps 1343488  sps 5424  opp rand  loss -0.024  pg -0.0148  v 0.014  ev +0.97  adv_std 0.183  tR +0.36  ent[s/d/p/e] 1.54/2.69/0.53/0.34  emits 1.14  spf 32.3  z0 0.02  garr 43.8  tG 533  e2 0.11  nF 18.6  pS 0.39  ptS 0.38  fLog 0.42  pdΔ -0.1093  pkR 7.84  clip 0.24  kl +0.010
upd   41  steps 1376256  sps 5447  opp rand  loss -0.023  pg -0.0137  v 0.014  ev +0.98  adv_std 0.177  tR +0.49  ent[s/d/p/e] 1.55/2.68/0.55/0.35  emits 1.14  spf 37.5  z0 0.02  garr 48.4  tG 616  e2 0.11  nF 18.1  pS 0.40  ptS 0.39  fLog 0.44  pdΔ -0.0975  pkR 8.29  clip 0.25  kl +0.012
upd   42  steps 1409024  sps 5469  opp rand  loss -0.024  pg -0.0144  v 0.012  ev +0.98  adv_std 0.171  tR +0.33  ent[s/d/p/e] 1.47/2.68/0.52/0.35  emits 1.12  spf 31.6  z0 0.03  garr 41.2  tG 500  e2 0.11  nF 19.7  pS 0.37  ptS 0.35  fLog 0.41  pdΔ -0.1333  pkR 7.62  clip 0.25  kl +0.010
upd   43  steps 1441792  sps 5490  opp rand  loss -0.025  pg -0.0147  v 0.013  ev +0.98  adv_std 0.175  tR +0.43  ent[s/d/p/e] 1.56/2.67/0.56/0.35  emits 1.14  spf 33.6  z0 0.02  garr 44.1  tG 530  e2 0.11  nF 19.3  pS 0.39  ptS 0.38  fLog 0.43  pdΔ -0.1056  pkR 7.30  clip 0.26  kl +0.011
upd   44  steps 1474560  sps 5510  opp rand  loss -0.024  pg -0.0145  v 0.014  ev +0.98  adv_std 0.180  tR +0.52  ent[s/d/p/e] 1.57/2.66/0.57/0.34  emits 1.13  spf 37.9  z0 0.02  garr 48.9  tG 636  e2 0.10  nF 19.2  pS 0.41  ptS 0.40  fLog 0.44  pdΔ -0.0856  pkR 8.08  clip 0.26  kl +0.012
upd   45  steps 1507328  sps 5530  opp rand  loss -0.024  pg -0.0140  v 0.013  ev +0.98  adv_std 0.181  tR +0.45  ent[s/d/p/e] 1.56/2.65/0.58/0.36  emits 1.14  spf 35.9  z0 0.02  garr 45.4  tG 579  e2 0.11  nF 19.3  pS 0.40  ptS 0.39  fLog 0.44  pdΔ -0.0977  pkR 7.81  clip 0.27  kl +0.012
upd   46  steps 1540096  sps 5549  opp rand  loss -0.025  pg -0.0153  v 0.015  ev +0.97  adv_std 0.188  tR +0.63  ent[s/d/p/e] 1.54/2.63/0.57/0.34  emits 1.13  spf 35.5  z0 0.02  garr 46.3  tG 570  e2 0.10  nF 19.1  pS 0.40  ptS 0.38  fLog 0.43  pdΔ -0.1047  pkR 8.05  clip 0.28  kl +0.013
upd   47  steps 1572864  sps 5567  opp rand  loss -0.024  pg -0.0143  v 0.015  ev +0.97  adv_std 0.189  tR +0.53  ent[s/d/p/e] 1.56/2.63/0.57/0.31  emits 1.11  spf 36.3  z0 0.02  garr 50.0  tG 588  e2 0.09  nF 18.2  pS 0.40  ptS 0.39  fLog 0.44  pdΔ -0.1022  pkR 7.27  clip 0.27  kl +0.012
upd   48  steps 1605632  sps 5585  opp rand  loss -0.025  pg -0.0149  v 0.015  ev +0.98  adv_std 0.189  tR +0.41  ent[s/d/p/e] 1.61/2.62/0.62/0.34  emits 1.13  spf 39.9  z0 0.02  garr 53.2  tG 651  e2 0.11  nF 17.4  pS 0.42  ptS 0.40  fLog 0.46  pdΔ -0.0809  pkR 7.99  clip 0.27  kl +0.011
upd   49  steps 1638400  sps 5602  opp rand  loss -0.027  pg -0.0166  v 0.013  ev +0.98  adv_std 0.180  tR +0.51  ent[s/d/p/e] 1.59/2.61/0.61/0.33  emits 1.13  spf 37.3  z0 0.02  garr 49.7  tG 615  e2 0.10  nF 18.0  pS 0.42  ptS 0.40  fLog 0.45  pdΔ -0.0794  pkR 7.28  clip 0.28  kl +0.011 WRr 0.97 WRf 0.75
upd   50  steps 1671168  sps 5019  opp buf  loss -0.025  pg -0.0143  v 0.017  ev +0.98  adv_std 0.202  tR +0.43  ent[s/d/p/e] 1.76/2.73/0.63/0.31  emits 1.09  spf 43.5  z0 0.03  garr 57.8  tG 796  e2 0.09  nF 18.2  pS 0.44  ptS 0.43  fLog 0.46  pdΔ -0.0647  pkR 12.28  clip 0.28  kl +0.013
upd   51  steps 1703936  sps 5037  opp buf  loss -0.024  pg -0.0132  v 0.014  ev +0.98  adv_std 0.197  tR +0.01  ent[s/d/p/e] 1.83/2.89/0.58/0.33  emits 1.04  spf 54.2  z0 0.09  garr 60.7  tG 1123  e2 0.09  nF 19.9  pS 0.41  ptS 0.40  fLog 0.47  pdΔ -0.0915  pkR 10.85  clip 0.27  kl +0.013
upd   52  steps 1736704  sps 5055  opp buf  loss -0.023  pg -0.0111  v 0.014  ev +0.99  adv_std 0.195  tR +0.02  ent[s/d/p/e] 1.97/2.94/0.64/0.31  emits 1.03  spf 72.9  z0 0.08  garr 77.5  tG 1718  e2 0.09  nF 19.5  pS 0.46  ptS 0.45  fLog 0.50  pdΔ -0.0441  pkR 8.02  clip 0.28  kl +0.014
upd   53  steps 1769472  sps 4911  opp frzn  loss -0.024  pg -0.0141  v 0.014  ev +0.98  adv_std 0.195  tR +0.17  ent[s/d/p/e] 1.57/2.79/0.54/0.30  emits 1.01  spf 66.6  z0 0.08  garr 67.3  tG 1533  e2 0.07  nF 18.5  pS 0.38  ptS 0.37  fLog 0.45  pdΔ -0.1230  pkR 10.39  clip 0.27  kl +0.014
upd   54  steps 1802240  sps 4930  opp frzn  loss -0.026  pg -0.0180  v 0.015  ev +0.97  adv_std 0.193  tR +0.01  ent[s/d/p/e] 1.34/2.61/0.51/0.25  emits 1.04  spf 31.3  z0 0.04  garr 45.2  tG 527  e2 0.06  nF 19.2  pS 0.33  ptS 0.32  fLog 0.39  pdΔ -0.1738  pkR 19.42  clip 0.27  kl +0.013
upd   55  steps 1835008  sps 4947  opp buf  loss -0.026  pg -0.0164  v 0.016  ev +0.98  adv_std 0.199  tR -0.04  ent[s/d/p/e] 1.66/2.75/0.58/0.29  emits 1.03  spf 44.5  z0 0.06  garr 55.6  tG 802  e2 0.08  nF 18.4  pS 0.38  ptS 0.37  fLog 0.45  pdΔ -0.1194  pkR 25.10  clip 0.27  kl +0.013
upd   56  steps 1867776  sps 4965  opp frzn  loss -0.026  pg -0.0160  v 0.014  ev +0.99  adv_std 0.190  tR +0.02  ent[s/d/p/e] 1.63/2.78/0.58/0.27  emits 1.02  spf 66.1  z0 0.06  garr 66.9  tG 1396  e2 0.07  nF 18.0  pS 0.39  ptS 0.38  fLog 0.46  pdΔ -0.1079  pkR 12.86  clip 0.27  kl +0.012
upd   57  steps 1900544  sps 4982  opp frzn  loss -0.025  pg -0.0155  v 0.016  ev +0.98  adv_std 0.203  tR +0.30  ent[s/d/p/e] 1.54/2.61/0.61/0.28  emits 1.07  spf 48.0  z0 0.04  garr 58.6  tG 892  e2 0.08  nF 17.6  pS 0.39  ptS 0.38  fLog 0.45  pdΔ -0.1072  pkR 18.77  clip 0.28  kl +0.013
upd   58  steps 1933312  sps 4998  opp buf  loss -0.027  pg -0.0182  v 0.018  ev +0.98  adv_std 0.212  tR +0.22  ent[s/d/p/e] 1.62/2.65/0.60/0.27  emits 1.06  spf 41.5  z0 0.03  garr 59.7  tG 711  e2 0.08  nF 17.3  pS 0.38  ptS 0.37  fLog 0.46  pdΔ -0.1196  pkR 11.98  clip 0.28  kl +0.013
upd   59  steps 1966080  sps 5014  opp buf  loss -0.026  pg -0.0156  v 0.016  ev +0.99  adv_std 0.206  tR -0.01  ent[s/d/p/e] 1.76/2.83/0.60/0.30  emits 1.03  spf 67.7  z0 0.07  garr 69.7  tG 1364  e2 0.08  nF 18.2  pS 0.41  ptS 0.40  fLog 0.48  pdΔ -0.0937  pkR 12.25  clip 0.27  kl +0.012
upd   60  steps 1998848  sps 5030  opp buf  loss -0.025  pg -0.0149  v 0.015  ev +0.99  adv_std 0.202  tR -0.08  ent[s/d/p/e] 1.77/2.85/0.59/0.27  emits 1.02  spf 76.4  z0 0.08  garr 76.0  tG 1628  e2 0.08  nF 18.9  pS 0.42  ptS 0.42  fLog 0.49  pdΔ -0.0765  pkR 9.48  clip 0.29  kl +0.014
upd   61  steps 2031616  sps 5045  opp buf  loss -0.026  pg -0.0145  v 0.015  ev +0.99  adv_std 0.200  tR -0.04  ent[s/d/p/e] 1.87/2.89/0.63/0.30  emits 0.99  spf 76.2  z0 0.10  garr 71.8  tG 1570  e2 0.08  nF 18.4  pS 0.43  ptS 0.43  fLog 0.50  pdΔ -0.0664  pkR 9.96  clip 0.28  kl +0.013
upd   62  steps 2064384  sps 5060  opp buf  loss -0.027  pg -0.0152  v 0.016  ev +0.99  adv_std 0.203  tR -0.05  ent[s/d/p/e] 1.96/2.93/0.66/0.30  emits 1.02  spf 98.4  z0 0.09  garr 88.6  tG 2082  e2 0.08  nF 18.1  pS 0.47  ptS 0.47  fLog 0.54  pdΔ -0.0270  pkR 7.67  clip 0.29  kl +0.013
upd   63  steps 2097152  sps 5074  opp frzn  loss -0.024  pg -0.0154  v 0.019  ev +0.99  adv_std 0.218  tR +0.29  ent[s/d/p/e] 1.57/2.75/0.58/0.30  emits 1.04  spf 76.5  z0 0.06  garr 71.1  tG 1658  e2 0.08  nF 18.2  pS 0.40  ptS 0.40  fLog 0.47  pdΔ -0.1001  pkR 10.29  clip 0.29  kl +0.012
upd   64  steps 2129920  sps 5088  opp buf  loss -0.026  pg -0.0164  v 0.020  ev +0.98  adv_std 0.225  tR +0.13  ent[s/d/p/e] 1.80/2.73/0.62/0.28  emits 1.06  spf 59.7  z0 0.05  garr 68.3  tG 1158  e2 0.09  nF 17.5  pS 0.44  ptS 0.43  fLog 0.49  pdΔ -0.0594  pkR 12.35  clip 0.30  kl +0.013
upd   65  steps 2162688  sps 5102  opp frzn  loss -0.027  pg -0.0173  v 0.014  ev +0.99  adv_std 0.194  tR +0.06  ent[s/d/p/e] 1.54/2.72/0.57/0.33  emits 1.04  spf 69.0  z0 0.08  garr 64.4  tG 1323  e2 0.08  nF 17.7  pS 0.39  ptS 0.38  fLog 0.47  pdΔ -0.1117  pkR 14.30  clip 0.29  kl +0.013
upd   66  steps 2195456  sps 5116  opp buf  loss -0.028  pg -0.0177  v 0.018  ev +0.98  adv_std 0.214  tR +0.25  ent[s/d/p/e] 1.76/2.69/0.62/0.31  emits 1.07  spf 61.2  z0 0.05  garr 68.6  tG 1146  e2 0.09  nF 18.7  pS 0.44  ptS 0.42  fLog 0.49  pdΔ -0.0633  pkR 15.23  clip 0.30  kl +0.013
upd   67  steps 2228224  sps 5129  opp frzn  loss -0.025  pg -0.0166  v 0.017  ev +0.99  adv_std 0.210  tR +0.15  ent[s/d/p/e] 1.47/2.70/0.53/0.33  emits 1.06  spf 64.1  z0 0.06  garr 62.4  tG 1252  e2 0.09  nF 19.3  pS 0.37  ptS 0.36  fLog 0.45  pdΔ -0.1267  pkR 13.34  clip 0.29  kl +0.013
upd   68  steps 2260992  sps 5141  opp buf  loss -0.027  pg -0.0178  v 0.017  ev +0.99  adv_std 0.212  tR +0.13  ent[s/d/p/e] 1.64/2.67/0.59/0.32  emits 1.07  spf 52.7  z0 0.06  garr 58.8  tG 970  e2 0.10  nF 19.3  pS 0.40  ptS 0.39  fLog 0.46  pdΔ -0.0997  pkR 13.28  clip 0.30  kl +0.013
upd   69  steps 2293760  sps 5154  opp buf  loss -0.027  pg -0.0161  v 0.017  ev +0.99  adv_std 0.212  tR +0.19  ent[s/d/p/e] 1.91/2.83/0.66/0.36  emits 1.10  spf 79.8  z0 0.06  garr 77.1  tG 1618  e2 0.12  nF 19.3  pS 0.48  ptS 0.47  fLog 0.52  pdΔ -0.0171  pkR 9.31  clip 0.31  kl +0.016
upd   70  steps 2326528  sps 5166  opp frzn  loss -0.025  pg -0.0147  v 0.017  ev +0.99  adv_std 0.209  tR +0.17  ent[s/d/p/e] 1.72/2.77/0.62/0.33  emits 1.04  spf 105.2  z0 0.08  garr 86.9  tG 2074  e2 0.09  nF 17.4  pS 0.44  ptS 0.43  fLog 0.52  pdΔ -0.0575  pkR 10.70  clip 0.29  kl +0.013
upd   71  steps 2359296  sps 5178  opp buf  loss -0.026  pg -0.0178  v 0.019  ev +0.98  adv_std 0.223  tR +0.05  ent[s/d/p/e] 1.57/2.67/0.56/0.34  emits 1.07  spf 57.3  z0 0.06  garr 59.5  tG 1060  e2 0.10  nF 18.8  pS 0.38  ptS 0.37  fLog 0.45  pdΔ -0.1167  pkR 14.99  clip 0.30  kl +0.015
upd   72  steps 2392064  sps 5189  opp buf  loss -0.027  pg -0.0168  v 0.017  ev +0.99  adv_std 0.212  tR +0.15  ent[s/d/p/e] 1.83/2.82/0.64/0.36  emits 1.09  spf 72.9  z0 0.07  garr 70.6  tG 1423  e2 0.11  nF 19.2  pS 0.44  ptS 0.43  fLog 0.50  pdΔ -0.0649  pkR 12.00  clip 0.32  kl +0.015
upd   73  steps 2424832  sps 5201  opp buf  loss -0.027  pg -0.0157  v 0.016  ev +0.99  adv_std 0.206  tR -0.04  ent[s/d/p/e] 1.86/2.89/0.65/0.37  emits 1.06  spf 110.2  z0 0.09  garr 88.8  tG 2132  e2 0.11  nF 18.8  pS 0.46  ptS 0.45  fLog 0.54  pdΔ -0.0393  pkR 8.68  clip 0.30  kl +0.014
upd   74  steps 2457600  sps 5212  opp buf  loss -0.026  pg -0.0161  v 0.020  ev +0.99  adv_std 0.228  tR +0.14  ent[s/d/p/e] 1.80/2.84/0.64/0.36  emits 1.07  spf 102.3  z0 0.08  garr 84.6  tG 1907  e2 0.11  nF 18.6  pS 0.45  ptS 0.44  fLog 0.52  pdΔ -0.0547  pkR 9.86  clip 0.32  kl +0.017
upd   75  steps 2490368  sps 5223  opp frzn  loss -0.025  pg -0.0168  v 0.023  ev +0.99  adv_std 0.241  tR -0.06  ent[s/d/p/e] 1.60/2.70/0.62/0.34  emits 1.04  spf 97.5  z0 0.08  garr 75.3  tG 1691  e2 0.09  nF 17.4  pS 0.40  ptS 0.40  fLog 0.50  pdΔ -0.0952  pkR 11.87  clip 0.31  kl +0.014
upd   76  steps 2523136  sps 5233  opp buf  loss -0.028  pg -0.0184  v 0.022  ev +0.98  adv_std 0.238  tR +0.48  ent[s/d/p/e] 1.75/2.64/0.66/0.34  emits 1.12  spf 74.2  z0 0.04  garr 72.4  tG 1292  e2 0.11  nF 17.6  pS 0.46  ptS 0.45  fLog 0.51  pdΔ -0.0364  pkR 13.36  clip 0.32  kl +0.017
upd   77  steps 2555904  sps 5244  opp buf  loss -0.027  pg -0.0174  v 0.020  ev +0.99  adv_std 0.225  tR +0.01  ent[s/d/p/e] 1.75/2.76/0.63/0.33  emits 1.07  spf 72.7  z0 0.07  garr 65.6  tG 1270  e2 0.10  nF 18.3  pS 0.43  ptS 0.42  fLog 0.50  pdΔ -0.0740  pkR 11.50  clip 0.32  kl +0.016
upd   78  steps 2588672  sps 5254  opp buf  loss -0.027  pg -0.0161  v 0.018  ev +0.99  adv_std 0.217  tR -0.03  ent[s/d/p/e] 1.78/2.84/0.64/0.35  emits 1.04  spf 99.9  z0 0.10  garr 76.2  tG 1736  e2 0.10  nF 18.2  pS 0.43  ptS 0.42  fLog 0.52  pdΔ -0.0708  pkR 14.43  clip 0.30  kl +0.016
upd   79  steps 2621440  sps 5264  opp buf  loss -0.024  pg -0.0138  v 0.020  ev +0.99  adv_std 0.226  tR +0.12  ent[s/d/p/e] 1.82/2.84/0.68/0.37  emits 1.09  spf 119.0  z0 0.06  garr 85.8  tG 2090  e2 0.11  nF 19.1  pS 0.46  ptS 0.46  fLog 0.55  pdΔ -0.0369  pkR 12.09  clip 0.31  kl +0.015
upd   80  steps 2654208  sps 5273  opp buf  loss -0.024  pg -0.0142  v 0.023  ev +0.99  adv_std 0.244  tR +0.12  ent[s/d/p/e] 1.81/2.82/0.66/0.37  emits 1.07  spf 122.5  z0 0.08  garr 84.8  tG 2043  e2 0.11  nF 18.9  pS 0.45  ptS 0.45  fLog 0.54  pdΔ -0.0488  pkR 8.62  clip 0.31  kl +0.016
upd   81  steps 2686976  sps 5283  opp buf  loss -0.024  pg -0.0145  v 0.023  ev +0.99  adv_std 0.242  tR -0.05  ent[s/d/p/e] 1.82/2.83/0.67/0.36  emits 1.06  spf 109.3  z0 0.09  garr 76.3  tG 1785  e2 0.11  nF 19.3  pS 0.44  ptS 0.44  fLog 0.53  pdΔ -0.0559  pkR 8.96  clip 0.31  kl +0.015
upd   82  steps 2719744  sps 5292  opp buf  loss -0.023  pg -0.0135  v 0.022  ev +0.99  adv_std 0.238  tR +0.16  ent[s/d/p/e] 1.81/2.85/0.67/0.38  emits 1.10  spf 121.5  z0 0.06  garr 82.7  tG 2024  e2 0.12  nF 18.9  pS 0.46  ptS 0.46  fLog 0.54  pdΔ -0.0381  pkR 8.52  clip 0.33  kl +0.019
upd   83  steps 2752512  sps 5301  opp buf  loss -0.025  pg -0.0156  v 0.023  ev +0.99  adv_std 0.239  tR -0.03  ent[s/d/p/e] 1.82/2.83/0.69/0.37  emits 1.08  spf 124.2  z0 0.08  garr 82.5  tG 2014  e2 0.11  nF 18.3  pS 0.45  ptS 0.44  fLog 0.55  pdΔ -0.0516  pkR 7.89  clip 0.32  kl +0.017
upd   84  steps 2785280  sps 5310  opp buf  loss -0.025  pg -0.0145  v 0.021  ev +0.99  adv_std 0.236  tR +0.06  ent[s/d/p/e] 1.76/2.82/0.67/0.40  emits 1.10  spf 126.1  z0 0.07  garr 81.5  tG 1994  e2 0.12  nF 19.7  pS 0.43  ptS 0.43  fLog 0.54  pdΔ -0.0652  pkR 11.01  clip 0.32  kl +0.017
upd   85  steps 2818048  sps 5319  opp buf  loss -0.023  pg -0.0136  v 0.022  ev +0.99  adv_std 0.238  tR -0.09  ent[s/d/p/e] 1.72/2.79/0.67/0.40  emits 1.07  spf 129.7  z0 0.09  garr 80.5  tG 1974  e2 0.12  nF 19.1  pS 0.43  ptS 0.42  fLog 0.54  pdΔ -0.0718  pkR 11.16  clip 0.31  kl +0.015
upd   86  steps 2850816  sps 5328  opp buf  loss -0.023  pg -0.0133  v 0.025  ev +0.99  adv_std 0.253  tR +0.18  ent[s/d/p/e] 1.85/2.74/0.74/0.41  emits 1.14  spf 152.2  z0 0.07  garr 97.4  tG 2400  e2 0.13  nF 18.7  pS 0.50  ptS 0.49  fLog 0.58  pdΔ -0.0020  pkR 7.26  clip 0.33  kl +0.018
upd   87  steps 2883584  sps 5336  opp buf  loss -0.024  pg -0.0138  v 0.025  ev +0.99  adv_std 0.251  tR +0.03  ent[s/d/p/e] 1.80/2.74/0.72/0.42  emits 1.14  spf 156.4  z0 0.07  garr 97.3  tG 2456  e2 0.14  nF 18.4  pS 0.48  ptS 0.47  fLog 0.57  pdΔ -0.0191  pkR 8.43  clip 0.33  kl +0.019
upd   88  steps 2916352  sps 5344  opp buf  loss -0.021  pg -0.0125  v 0.028  ev +0.99  adv_std 0.267  tR +0.09  ent[s/d/p/e] 1.69/2.76/0.67/0.42  emits 1.14  spf 132.1  z0 0.07  garr 79.9  tG 1951  e2 0.13  nF 19.7  pS 0.42  ptS 0.42  fLog 0.53  pdΔ -0.0758  pkR 10.12  clip 0.32  kl +0.017
upd   89  steps 2949120  sps 5352  opp buf  loss -0.024  pg -0.0145  v 0.020  ev +0.99  adv_std 0.229  tR -0.04  ent[s/d/p/e] 1.59/2.71/0.64/0.38  emits 1.10  spf 103.6  z0 0.08  garr 70.5  tG 1562  e2 0.12  nF 20.9  pS 0.40  ptS 0.39  fLog 0.50  pdΔ -0.1020  pkR 9.83  clip 0.32  kl +0.018
upd   90  steps 2981888  sps 5360  opp buf  loss -0.025  pg -0.0151  v 0.025  ev +0.99  adv_std 0.250  tR -0.13  ent[s/d/p/e] 1.74/2.70/0.72/0.41  emits 1.13  spf 128.2  z0 0.07  garr 83.6  tG 1969  e2 0.13  nF 19.2  pS 0.46  ptS 0.45  fLog 0.55  pdΔ -0.0397  pkR 10.00  clip 0.33  kl +0.019
upd   91  steps 3014656  sps 5368  opp frzn  loss -0.021  pg -0.0131  v 0.032  ev +0.99  adv_std 0.282  tR +0.13  ent[s/d/p/e] 1.60/2.59/0.71/0.42  emits 1.12  spf 156.8  z0 0.09  garr 91.5  tG 2256  e2 0.14  nF 16.9  pS 0.44  ptS 0.43  fLog 0.55  pdΔ -0.0608  pkR 9.23  clip 0.31  kl +0.017
upd   92  steps 3047424  sps 5376  opp frzn  loss -0.025  pg -0.0165  v 0.019  ev +0.98  adv_std 0.224  tR +0.33  ent[s/d/p/e] 1.40/2.44/0.66/0.38  emits 1.16  spf 62.3  z0 0.03  garr 55.4  tG 924  e2 0.12  nF 18.4  pS 0.37  ptS 0.37  fLog 0.45  pdΔ -0.1275  pkR 21.66  clip 0.34  kl +0.018
upd   93  steps 3080192  sps 5383  opp buf  loss -0.025  pg -0.0160  v 0.020  ev +0.99  adv_std 0.223  tR +0.18  ent[s/d/p/e] 1.51/2.51/0.64/0.40  emits 1.15  spf 43.8  z0 0.05  garr 47.2  tG 654  e2 0.13  nF 18.8  pS 0.38  ptS 0.37  fLog 0.45  pdΔ -0.1223  pkR 11.77  clip 0.34  kl +0.020
upd   94  steps 3112960  sps 5391  opp frzn  loss -0.025  pg -0.0162  v 0.023  ev +0.99  adv_std 0.245  tR +0.05  ent[s/d/p/e] 1.51/2.52/0.66/0.43  emits 1.15  spf 93.5  z0 0.06  garr 67.6  tG 1449  e2 0.14  nF 18.0  pS 0.39  ptS 0.39  fLog 0.49  pdΔ -0.1060  pkR 13.67  clip 0.32  kl +0.017
upd   95  steps 3145728  sps 5398  opp buf  loss -0.024  pg -0.0162  v 0.028  ev +0.99  adv_std 0.270  tR +0.13  ent[s/d/p/e] 1.60/2.51/0.69/0.41  emits 1.15  spf 107.3  z0 0.06  garr 75.1  tG 1508  e2 0.14  nF 17.9  pS 0.44  ptS 0.43  fLog 0.52  pdΔ -0.0614  pkR 15.82  clip 0.33  kl +0.018
upd   96  steps 3178496  sps 5405  opp frzn  loss -0.024  pg -0.0162  v 0.027  ev +0.99  adv_std 0.265  tR +0.08  ent[s/d/p/e] 1.49/2.50/0.67/0.44  emits 1.16  spf 101.1  z0 0.07  garr 68.5  tG 1418  e2 0.14  nF 17.9  pS 0.40  ptS 0.39  fLog 0.50  pdΔ -0.1005  pkR 12.56  clip 0.33  kl +0.019
upd   97  steps 3211264  sps 5412  opp buf  loss -0.023  pg -0.0142  v 0.027  ev +0.98  adv_std 0.263  tR +0.16  ent[s/d/p/e] 1.66/2.49/0.73/0.41  emits 1.17  spf 78.2  z0 0.05  garr 66.3  tG 1112  e2 0.14  nF 18.6  pS 0.45  ptS 0.44  fLog 0.51  pdΔ -0.0522  pkR 18.02  clip 0.36  kl +0.021
upd   98  steps 3244032  sps 5419  opp buf  loss -0.023  pg -0.0147  v 0.033  ev +0.99  adv_std 0.286  tR +0.31  ent[s/d/p/e] 1.76/2.62/0.72/0.47  emits 1.25  spf 104.1  z0 0.04  garr 72.0  tG 1558  e2 0.17  nF 20.3  pS 0.49  ptS 0.48  fLog 0.55  pdΔ -0.0144  pkR 9.41  clip 0.35  kl +0.020
upd   99  steps 3276800  sps 5425  opp frzn  loss -0.020  pg -0.0133  v 0.034  ev +0.99  adv_std 0.298  tR +0.13  ent[s/d/p/e] 1.60/2.50/0.71/0.47  emits 1.21  spf 170.0  z0 0.08  garr 89.4  tG 2047  e2 0.17  nF 16.7  pS 0.45  ptS 0.44  fLog 0.57  pdΔ -0.0499  pkR 11.76  clip 0.33  kl +0.019 WRr 0.94 WRf 0.78
[ckpt] saved ./ckpt_multi_action_v11_f29b/ckpt_000099.pkl
upd  100  steps 3309568  sps 5317  opp frzn  loss -0.018  pg -0.0120  v 0.033  ev +0.98  adv_std 0.283  tR +0.42  ent[s/d/p/e] 1.45/2.37/0.68/0.41  emits 1.21  spf 89.8  z0 0.03  garr 65.4  tG 1118  e2 0.14  nF 17.7  pS 0.39  ptS 0.38  fLog 0.49  pdΔ -0.1080  pkR 27.89  clip 0.33  kl +0.020
upd  101  steps 3342336  sps 5324  opp buf  loss -0.027  pg -0.0176  v 0.024  ev +0.99  adv_std 0.246  tR +0.12  ent[s/d/p/e] 1.58/2.43/0.70/0.42  emits 1.18  spf 56.7  z0 0.04  garr 59.1  tG 833  e2 0.15  nF 18.2  pS 0.41  ptS 0.39  fLog 0.49  pdΔ -0.0943  pkR 19.32  clip 0.35  kl +0.020
upd  102  steps 3375104  sps 5331  opp buf  loss -0.022  pg -0.0129  v 0.030  ev +0.99  adv_std 0.279  tR +0.05  ent[s/d/p/e] 1.80/2.57/0.76/0.49  emits 1.28  spf 177.2  z0 0.05  garr 103.0  tG 2394  e2 0.19  nF 19.0  pS 0.49  ptS 0.48  fLog 0.60  pdΔ -0.0143  pkR 8.60  clip 0.34  kl +0.018
upd  103  steps 3407872  sps 5339  opp buf  loss -0.013  pg -0.0074  v 0.045  ev +0.99  adv_std 0.333  tR +0.08  ent[s/d/p/e] 1.77/2.65/0.74/0.51  emits 1.30  spf 201.2  z0 0.07  garr 103.5  tG 2639  e2 0.20  nF 20.3  pS 0.47  ptS 0.47  fLog 0.60  pdΔ -0.0283  pkR 8.34  clip 0.34  kl +0.022
upd  104  steps 3440640  sps 5346  opp buf  loss -0.018  pg -0.0117  v 0.041  ev +0.99  adv_std 0.316  tR +0.04  ent[s/d/p/e] 1.74/2.63/0.72/0.51  emits 1.30  spf 188.9  z0 0.05  garr 100.8  tG 2500  e2 0.20  nF 21.2  pS 0.47  ptS 0.46  fLog 0.59  pdΔ -0.0348  pkR 9.37  clip 0.34  kl +0.020
upd  105  steps 3473408  sps 5352  opp buf  loss -0.017  pg -0.0106  v 0.038  ev +0.99  adv_std 0.308  tR -0.03  ent[s/d/p/e] 1.68/2.60/0.71/0.51  emits 1.31  spf 180.6  z0 0.05  garr 90.6  tG 2170  e2 0.20  nF 21.1  pS 0.44  ptS 0.43  fLog 0.58  pdΔ -0.0627  pkR 12.37  clip 0.34  kl +0.023
upd  106  steps 3506176  sps 5359  opp buf  loss -0.014  pg -0.0088  v 0.044  ev +0.99  adv_std 0.325  tR -0.14  ent[s/d/p/e] 1.68/2.59/0.72/0.52  emits 1.34  spf 172.9  z0 0.05  garr 91.8  tG 2173  e2 0.21  nF 20.5  pS 0.45  ptS 0.44  fLog 0.58  pdΔ -0.0526  pkR 7.98  clip 0.35  kl +0.022
upd  107  steps 3538944  sps 5366  opp buf  loss -0.017  pg -0.0110  v 0.038  ev +0.99  adv_std 0.304  tR +0.03  ent[s/d/p/e] 1.61/2.63/0.68/0.51  emits 1.31  spf 169.4  z0 0.06  garr 82.0  tG 1990  e2 0.20  nF 22.4  pS 0.41  ptS 0.41  fLog 0.55  pdΔ -0.0901  pkR 11.88  clip 0.34  kl +0.021
upd  108  steps 3571712  sps 5372  opp buf  loss -0.016  pg -0.0098  v 0.041  ev +0.99  adv_std 0.314  tR -0.08  ent[s/d/p/e] 1.62/2.62/0.67/0.51  emits 1.29  spf 169.6  z0 0.07  garr 82.1  tG 1986  e2 0.20  nF 21.5  pS 0.42  ptS 0.42  fLog 0.56  pdΔ -0.0770  pkR 13.69  clip 0.32  kl +0.020
upd  109  steps 3604480  sps 5379  opp buf  loss -0.017  pg -0.0109  v 0.042  ev +0.99  adv_std 0.319  tR +0.13  ent[s/d/p/e] 1.67/2.57/0.71/0.51  emits 1.38  spf 176.7  z0 0.04  garr 88.2  tG 2044  e2 0.23  nF 21.3  pS 0.45  ptS 0.44  fLog 0.57  pdΔ -0.0489  pkR 9.64  clip 0.35  kl +0.024
upd  110  steps 3637248  sps 5385  opp frzn  loss -0.013  pg -0.0079  v 0.037  ev +0.99  adv_std 0.301  tR -0.01  ent[s/d/p/e] 1.40/2.50/0.62/0.50  emits 1.33  spf 165.2  z0 0.05  garr 73.2  tG 1750  e2 0.19  nF 22.6  pS 0.36  ptS 0.35  fLog 0.51  pdΔ -0.1440  pkR 10.80  clip 0.32  kl +0.020
upd  111  steps 3670016  sps 5391  opp buf  loss -0.018  pg -0.0125  v 0.042  ev +0.99  adv_std 0.318  tR +0.08  ent[s/d/p/e] 1.58/2.43/0.72/0.49  emits 1.32  spf 110.4  z0 0.05  garr 67.4  tG 1270  e2 0.20  nF 20.0  pS 0.42  ptS 0.41  fLog 0.52  pdΔ -0.0803  pkR 12.97  clip 0.36  kl +0.023
upd  112  steps 3702784  sps 5397  opp buf  loss -0.018  pg -0.0118  v 0.041  ev +0.99  adv_std 0.317  tR +0.20  ent[s/d/p/e] 1.66/2.46/0.73/0.51  emits 1.33  spf 183.3  z0 0.05  garr 92.4  tG 2066  e2 0.21  nF 20.3  pS 0.45  ptS 0.45  fLog 0.58  pdΔ -0.0458  pkR 9.47  clip 0.35  kl +0.022
upd  113  steps 3735552  sps 5403  opp buf  loss -0.015  pg -0.0086  v 0.043  ev +0.99  adv_std 0.319  tR +0.00  ent[s/d/p/e] 1.69/2.46/0.73/0.53  emits 1.42  spf 246.9  z0 0.03  garr 109.7  tG 2690  e2 0.24  nF 21.8  pS 0.47  ptS 0.46  fLog 0.62  pdΔ -0.0283  pkR 9.81  clip 0.35  kl +0.024
upd  114  steps 3768320  sps 5409  opp frzn  loss -0.010  pg -0.0069  v 0.057  ev +0.99  adv_std 0.359  tR +0.07  ent[s/d/p/e] 1.63/2.37/0.73/0.56  emits 1.41  spf 312.1  z0 0.08  garr 121.5  tG 3159  e2 0.24  nF 18.8  pS 0.45  ptS 0.44  fLog 0.63  pdΔ -0.0466  pkR 9.54  clip 0.32  kl +0.022
upd  115  steps 3801088  sps 5415  opp buf  loss -0.016  pg -0.0116  v 0.050  ev +0.98  adv_std 0.346  tR +0.58  ent[s/d/p/e] 1.65/2.35/0.77/0.49  emits 1.38  spf 157.3  z0 0.02  garr 83.6  tG 1674  e2 0.22  nF 19.9  pS 0.47  ptS 0.46  fLog 0.55  pdΔ -0.0308  pkR 19.10  clip 0.37  kl +0.025
upd  116  steps 3833856  sps 5421  opp buf  loss -0.021  pg -0.0144  v 0.038  ev +0.99  adv_std 0.303  tR +0.19  ent[s/d/p/e] 1.66/2.42/0.74/0.53  emits 1.42  spf 143.6  z0 0.04  garr 79.1  tG 1646  e2 0.24  nF 20.8  pS 0.45  ptS 0.44  fLog 0.57  pdΔ -0.0465  pkR 10.86  clip 0.36  kl +0.023
upd  117  steps 3866624  sps 5427  opp buf  loss -0.013  pg -0.0093  v 0.052  ev +0.99  adv_std 0.351  tR -0.01  ent[s/d/p/e] 1.67/2.42/0.72/0.54  emits 1.50  spf 246.6  z0 0.03  garr 106.1  tG 2541  e2 0.26  nF 21.8  pS 0.46  ptS 0.45  fLog 0.62  pdΔ -0.0427  pkR 8.58  clip 0.35  kl +0.023
upd  118  steps 3899392  sps 5432  opp frzn  loss -0.011  pg -0.0086  v 0.050  ev +0.99  adv_std 0.342  tR +0.02  ent[s/d/p/e] 1.41/2.38/0.65/0.50  emits 1.36  spf 215.6  z0 0.05  garr 85.2  tG 1989  e2 0.20  nF 21.5  pS 0.37  ptS 0.36  fLog 0.56  pdΔ -0.1312  pkR 10.89  clip 0.32  kl +0.022
upd  119  steps 3932160  sps 5438  opp buf  loss -0.020  pg -0.0130  v 0.037  ev +0.99  adv_std 0.298  tR +0.12  ent[s/d/p/e] 1.60/2.31/0.76/0.50  emits 1.35  spf 132.7  z0 0.04  garr 74.2  tG 1333  e2 0.21  nF 18.7  pS 0.45  ptS 0.44  fLog 0.56  pdΔ -0.0517  pkR 13.75  clip 0.36  kl +0.024
upd  120  steps 3964928  sps 5443  opp frzn  loss -0.020  pg -0.0140  v 0.038  ev +0.99  adv_std 0.303  tR +0.09  ent[s/d/p/e] 1.52/2.30/0.72/0.53  emits 1.40  spf 198.2  z0 0.06  garr 82.3  tG 1841  e2 0.23  nF 18.5  pS 0.42  ptS 0.41  fLog 0.57  pdΔ -0.0849  pkR 11.96  clip 0.34  kl +0.018
upd  121  steps 3997696  sps 5449  opp buf  loss -0.008  pg -0.0065  v 0.062  ev +0.99  adv_std 0.374  tR +0.36  ent[s/d/p/e] 1.62/2.31/0.75/0.51  emits 1.43  spf 176.6  z0 0.03  garr 83.6  tG 1648  e2 0.24  nF 18.7  pS 0.45  ptS 0.44  fLog 0.57  pdΔ -0.0524  pkR 16.31  clip 0.38  kl +0.030
upd  122  steps 4030464  sps 5454  opp buf  loss -0.018  pg -0.0117  v 0.041  ev +0.99  adv_std 0.314  tR +0.11  ent[s/d/p/e] 1.64/2.33/0.74/0.55  emits 1.52  spf 189.7  z0 0.03  garr 92.4  tG 2080  e2 0.28  nF 20.8  pS 0.46  ptS 0.45  fLog 0.59  pdΔ -0.0427  pkR 12.70  clip 0.37  kl +0.025
upd  123  steps 4063232  sps 5459  opp buf  loss -0.004  pg -0.0043  v 0.072  ev +0.99  adv_std 0.404  tR +0.12  ent[s/d/p/e] 1.73/2.35/0.75/0.54  emits 1.66  spf 291.3  z0 0.02  garr 114.7  tG 2844  e2 0.31  nF 22.2  pS 0.47  ptS 0.47  fLog 0.63  pdΔ -0.0300  pkR 10.24  clip 0.38  kl +0.028
upd  124  steps 4096000  sps 5464  opp buf  loss -0.004  pg -0.0043  v 0.071  ev +0.99  adv_std 0.400  tR -0.01  ent[s/d/p/e] 1.63/2.36/0.71/0.55  emits 1.65  spf 257.8  z0 0.02  garr 97.1  tG 2281  e2 0.31  nF 23.6  pS 0.42  ptS 0.42  fLog 0.59  pdΔ -0.0798  pkR 9.46  clip 0.37  kl +0.030
upd  125  steps 4128768  sps 5470  opp buf  loss -0.005  pg -0.0043  v 0.064  ev +0.99  adv_std 0.378  tR -0.17  ent[s/d/p/e] 1.59/2.40/0.70/0.55  emits 1.67  spf 254.6  z0 0.02  garr 93.5  tG 2189  e2 0.32  nF 25.3  pS 0.40  ptS 0.40  fLog 0.58  pdΔ -0.0982  pkR 10.02  clip 0.36  kl +0.027
upd  126  steps 4161536  sps 5475  opp frzn  loss -0.008  pg -0.0058  v 0.048  ev +0.99  adv_std 0.324  tR -0.19  ent[s/d/p/e] 1.33/2.28/0.63/0.50  emits 1.42  spf 236.6  z0 0.05  garr 76.4  tG 1706  e2 0.22  nF 22.4  pS 0.33  ptS 0.33  fLog 0.54  pdΔ -0.1658  pkR 12.76  clip 0.32  kl +0.024
upd  127  steps 4194304  sps 5479  opp buf  loss -0.013  pg -0.0108  v 0.060  ev +0.99  adv_std 0.361  tR +0.04  ent[s/d/p/e] 1.56/2.23/0.74/0.53  emits 1.57  spf 228.9  z0 0.05  garr 79.9  tG 1557  e2 0.28  nF 21.3  pS 0.42  ptS 0.41  fLog 0.57  pdΔ -0.0789  pkR 14.79  clip 0.36  kl +0.027
upd  128  steps 4227072  sps 5484  opp buf  loss -0.016  pg -0.0114  v 0.049  ev +0.99  adv_std 0.341  tR +0.31  ent[s/d/p/e] 1.64/2.25/0.76/0.56  emits 1.63  spf 235.7  z0 0.02  garr 96.1  tG 2050  e2 0.31  nF 22.6  pS 0.45  ptS 0.45  fLog 0.60  pdΔ -0.0451  pkR 9.74  clip 0.36  kl +0.023
upd  129  steps 4259840  sps 5489  opp frzn  loss +0.003  pg -0.0008  v 0.089  ev +0.99  adv_std 0.440  tR -0.05  ent[s/d/p/e] 1.51/2.17/0.73/0.52  emits 1.66  spf 305.0  z0 0.04  garr 102.6  tG 2319  e2 0.29  nF 20.9  pS 0.41  ptS 0.40  fLog 0.62  pdΔ -0.0885  pkR 13.02  clip 0.35  kl +0.031
upd  130  steps 4292608  sps 5494  opp buf  loss -0.006  pg -0.0081  v 0.078  ev +0.99  adv_std 0.413  tR +0.46  ent[s/d/p/e] 1.57/2.18/0.75/0.50  emits 1.52  spf 202.9  z0 0.03  garr 84.7  tG 1574  e2 0.25  nF 20.4  pS 0.45  ptS 0.44  fLog 0.59  pdΔ -0.0466  pkR 12.35  clip 0.37  kl +0.029
upd  131  steps 4325376  sps 5499  opp buf  loss -0.012  pg -0.0088  v 0.055  ev +0.99  adv_std 0.353  tR +0.04  ent[s/d/p/e] 1.59/2.20/0.74/0.55  emits 1.58  spf 264.9  z0 0.03  garr 99.0  tG 2228  e2 0.29  nF 22.6  pS 0.44  ptS 0.43  fLog 0.61  pdΔ -0.0624  pkR 11.52  clip 0.35  kl +0.023
upd  132  steps 4358144  sps 5503  opp buf  loss +0.002  pg -0.0004  v 0.085  ev +0.99  adv_std 0.433  tR -0.06  ent[s/d/p/e] 1.61/2.20/0.75/0.53  emits 1.65  spf 305.0  z0 0.02  garr 108.1  tG 2566  e2 0.29  nF 22.1  pS 0.43  ptS 0.43  fLog 0.63  pdΔ -0.0656  pkR 9.53  clip 0.40  kl +0.035
upd  133  steps 4390912  sps 5508  opp buf  loss -0.000  pg -0.0049  v 0.094  ev +0.99  adv_std 0.448  tR +0.11  ent[s/d/p/e] 1.64/2.16/0.75/0.53  emits 1.73  spf 344.5  z0 0.03  garr 121.4  tG 2902  e2 0.32  nF 21.1  pS 0.45  ptS 0.44  fLog 0.65  pdΔ -0.0497  pkR 11.88  clip 0.36  kl +0.029
upd  134  steps 4423680  sps 5512  opp frzn  loss -0.005  pg -0.0067  v 0.076  ev +0.99  adv_std 0.412  tR -0.02  ent[s/d/p/e] 1.52/2.11/0.75/0.52  emits 1.65  spf 352.9  z0 0.06  garr 105.7  tG 2566  e2 0.28  nF 18.6  pS 0.42  ptS 0.41  fLog 0.65  pdΔ -0.0792  pkR 13.11  clip 0.35  kl +0.027
upd  135  steps 4456448  sps 5517  opp buf  loss -0.008  pg -0.0071  v 0.065  ev +0.99  adv_std 0.376  tR +0.37  ent[s/d/p/e] 1.57/2.18/0.78/0.46  emits 1.54  spf 204.5  z0 0.04  garr 74.3  tG 1387  e2 0.24  nF 19.3  pS 0.42  ptS 0.41  fLog 0.58  pdΔ -0.0803  pkR 15.26  clip 0.36  kl +0.027
upd  136  steps 4489216  sps 5521  opp frzn  loss -0.017  pg -0.0131  v 0.048  ev +0.99  adv_std 0.336  tR +0.16  ent[s/d/p/e] 1.44/2.09/0.72/0.52  emits 1.44  spf 192.5  z0 0.05  garr 75.9  tG 1497  e2 0.24  nF 17.8  pS 0.40  ptS 0.39  fLog 0.57  pdΔ -0.0989  pkR 12.74  clip 0.35  kl +0.021
upd  137  steps 4521984  sps 5525  opp frzn  loss -0.008  pg -0.0087  v 0.074  ev +0.98  adv_std 0.399  tR +0.42  ent[s/d/p/e] 1.49/2.10/0.76/0.49  emits 1.54  spf 216.4  z0 0.04  garr 75.9  tG 1377  e2 0.24  nF 18.5  pS 0.43  ptS 0.41  fLog 0.58  pdΔ -0.0721  pkR 14.36  clip 0.35  kl +0.028
upd  138  steps 4554752  sps 5530  opp buf  loss -0.019  pg -0.0144  v 0.047  ev +0.99  adv_std 0.336  tR +0.40  ent[s/d/p/e] 1.51/2.16/0.75/0.51  emits 1.44  spf 79.8  z0 0.03  garr 56.4  tG 829  e2 0.23  nF 19.4  pS 0.43  ptS 0.43  fLog 0.53  pdΔ -0.0671  pkR 11.84  clip 0.37  kl +0.027
upd  139  steps 4587520  sps 5534  opp frzn  loss -0.012  pg -0.0080  v 0.049  ev +1.00  adv_std 0.337  tR +0.10  ent[s/d/p/e] 1.52/1.98/0.76/0.54  emits 1.61  spf 283.1  z0 0.07  garr 96.0  tG 2030  e2 0.28  nF 18.1  pS 0.45  ptS 0.43  fLog 0.65  pdΔ -0.0544  pkR 10.34  clip 0.35  kl +0.025
upd  140  steps 4620288  sps 5538  opp buf  loss +0.003  pg -0.0050  v 0.107  ev +0.99  adv_std 0.478  tR +0.41  ent[s/d/p/e] 1.58/2.06/0.77/0.47  emits 1.65  spf 275.9  z0 0.03  garr 90.5  tG 1827  e2 0.27  nF 19.1  pS 0.45  ptS 0.44  fLog 0.62  pdΔ -0.0529  pkR 15.41  clip 0.39  kl +0.033
upd  141  steps 4653056  sps 5542  opp buf  loss -0.016  pg -0.0126  v 0.053  ev +1.00  adv_std 0.353  tR +0.04  ent[s/d/p/e] 1.60/2.07/0.75/0.52  emits 1.65  spf 240.1  z0 0.02  garr 88.2  tG 1960  e2 0.29  nF 20.4  pS 0.45  ptS 0.44  fLog 0.62  pdΔ -0.0523  pkR 12.20  clip 0.35  kl +0.025
upd  142  steps 4685824  sps 5546  opp buf  loss -0.003  pg -0.0050  v 0.082  ev +0.99  adv_std 0.422  tR +0.01  ent[s/d/p/e] 1.62/2.03/0.78/0.50  emits 1.87  spf 368.8  z0 0.02  garr 107.8  tG 2582  e2 0.33  nF 21.9  pS 0.45  ptS 0.44  fLog 0.67  pdΔ -0.0536  pkR 11.20  clip 0.36  kl +0.028
upd  143  steps 4718592  sps 5550  opp buf  loss -0.005  pg -0.0075  v 0.081  ev +0.99  adv_std 0.425  tR +0.01  ent[s/d/p/e] 1.57/2.00/0.75/0.50  emits 1.95  spf 390.7  z0 0.03  garr 111.5  tG 2712  e2 0.34  nF 22.1  pS 0.45  ptS 0.44  fLog 0.69  pdΔ -0.0536  pkR 9.97  clip 0.34  kl +0.024
upd  144  steps 4751360  sps 5554  opp buf  loss -0.005  pg -0.0063  v 0.077  ev +1.00  adv_std 0.408  tR +0.00  ent[s/d/p/e] 1.60/2.04/0.76/0.48  emits 1.97  spf 382.6  z0 0.03  garr 110.6  tG 2565  e2 0.34  nF 21.6  pS 0.44  ptS 0.43  fLog 0.68  pdΔ -0.0639  pkR 8.28  clip 0.34  kl +0.025
upd  145  steps 4784128  sps 5558  opp buf  loss -0.003  pg -0.0033  v 0.070  ev +1.00  adv_std 0.397  tR +0.04  ent[s/d/p/e] 1.53/2.07/0.73/0.47  emits 1.85  spf 375.7  z0 0.02  garr 99.1  tG 2244  e2 0.30  nF 24.2  pS 0.37  ptS 0.38  fLog 0.65  pdΔ -0.1263  pkR 11.40  clip 0.33  kl +0.025
upd  146  steps 4816896  sps 5562  opp buf  loss -0.006  pg -0.0081  v 0.079  ev +0.99  adv_std 0.413  tR -0.23  ent[s/d/p/e] 1.53/2.04/0.73/0.48  emits 1.80  spf 335.1  z0 0.03  garr 95.4  tG 2162  e2 0.30  nF 24.0  pS 0.39  ptS 0.39  fLog 0.63  pdΔ -0.1058  pkR 11.88  clip 0.34  kl +0.022
upd  147  steps 4849664  sps 5566  opp buf  loss -0.001  pg -0.0044  v 0.084  ev +0.99  adv_std 0.431  tR -0.06  ent[s/d/p/e] 1.57/1.98/0.75/0.50  emits 1.89  spf 368.6  z0 0.02  garr 107.7  tG 2419  e2 0.33  nF 23.1  pS 0.44  ptS 0.43  fLog 0.67  pdΔ -0.0627  pkR 11.34  clip 0.35  kl +0.025
upd  148  steps 4882432  sps 5569  opp buf  loss -0.004  pg -0.0072  v 0.088  ev +0.99  adv_std 0.443  tR +0.12  ent[s/d/p/e] 1.66/1.94/0.78/0.51  emits 2.11  spf 411.4  z0 0.02  garr 122.4  tG 2914  e2 0.39  nF 22.1  pS 0.49  ptS 0.48  fLog 0.70  pdΔ -0.0108  pkR 9.35  clip 0.36  kl +0.025
upd  149  steps 4915200  sps 5573  opp frzn  loss +0.005  pg -0.0036  v 0.111  ev +0.99  adv_std 0.487  tR +0.05  ent[s/d/p/e] 1.55/1.93/0.75/0.47  emits 2.01  spf 459.2  z0 0.05  garr 122.8  tG 2974  e2 0.33  nF 20.6  pS 0.42  ptS 0.41  fLog 0.69  pdΔ -0.0786  pkR 9.08  clip 0.31  kl +0.025 WRr 0.78 WRf 0.78
upd  150  steps 4947968  sps 5495  opp buf  loss -0.008  pg -0.0088  v 0.070  ev +0.99  adv_std 0.398  tR +0.26  ent[s/d/p/e] 1.49/1.99/0.76/0.47  emits 1.72  spf 276.5  z0 0.03  garr 81.7  tG 1519  e2 0.29  nF 21.0  pS 0.41  ptS 0.40  fLog 0.60  pdΔ -0.0948  pkR 16.48  clip 0.36  kl +0.028
upd  151  steps 4980736  sps 5499  opp frzn  loss -0.015  pg -0.0111  v 0.048  ev +1.00  adv_std 0.337  tR +0.04  ent[s/d/p/e] 1.43/1.94/0.73/0.52  emits 1.73  spf 223.7  z0 0.05  garr 75.8  tG 1443  e2 0.30  nF 21.1  pS 0.40  ptS 0.39  fLog 0.61  pdΔ -0.0998  pkR 13.82  clip 0.35  kl +0.024
upd  152  steps 5013504  sps 5503  opp buf  loss +0.000  pg -0.0045  v 0.093  ev +0.99  adv_std 0.458  tR +0.13  ent[s/d/p/e] 1.50/1.96/0.76/0.49  emits 1.82  spf 263.0  z0 0.04  garr 84.2  tG 1598  e2 0.31  nF 21.3  pS 0.43  ptS 0.42  fLog 0.62  pdΔ -0.0671  pkR 13.83  clip 0.37  kl +0.033
upd  153  steps 5046272  sps 5507  opp buf  loss -0.010  pg -0.0098  v 0.068  ev +1.00  adv_std 0.392  tR +0.12  ent[s/d/p/e] 1.63/1.93/0.77/0.52  emits 1.90  spf 326.8  z0 0.03  garr 104.4  tG 2214  e2 0.34  nF 21.5  pS 0.46  ptS 0.46  fLog 0.66  pdΔ -0.0360  pkR 9.96  clip 0.37  kl +0.027
upd  154  steps 5079040  sps 5511  opp frzn  loss +0.001  pg -0.0058  v 0.104  ev +0.99  adv_std 0.480  tR +0.06  ent[s/d/p/e] 1.55/1.92/0.75/0.47  emits 2.05  spf 430.0  z0 0.03  garr 117.2  tG 2767  e2 0.35  nF 22.0  pS 0.41  ptS 0.41  fLog 0.68  pdΔ -0.0862  pkR 10.11  clip 0.33  kl +0.026
upd  155  steps 5111808  sps 5515  opp buf  loss -0.010  pg -0.0100  v 0.068  ev +0.99  adv_std 0.389  tR +0.11  ent[s/d/p/e] 1.53/1.98/0.77/0.48  emits 1.78  spf 245.8  z0 0.04  garr 79.9  tG 1520  e2 0.31  nF 21.5  pS 0.41  ptS 0.40  fLog 0.60  pdΔ -0.0905  pkR 14.88  clip 0.37  kl +0.029
upd  156  steps 5144576  sps 5518  opp buf  loss -0.006  pg -0.0073  v 0.075  ev +1.00  adv_std 0.411  tR +0.06  ent[s/d/p/e] 1.60/1.92/0.76/0.51  emits 1.89  spf 288.0  z0 0.03  garr 97.2  tG 2093  e2 0.34  nF 22.0  pS 0.44  ptS 0.44  fLog 0.65  pdΔ -0.0562  pkR 10.71  clip 0.36  kl +0.028
upd  157  steps 5177344  sps 5522  opp buf  loss -0.002  pg -0.0068  v 0.091  ev +1.00  adv_std 0.445  tR +0.00  ent[s/d/p/e] 1.56/1.86/0.76/0.47  emits 2.12  spf 382.2  z0 0.02  garr 110.8  tG 2453  e2 0.37  nF 23.3  pS 0.44  ptS 0.43  fLog 0.69  pdΔ -0.0623  pkR 10.91  clip 0.34  kl +0.026
upd  158  steps 5210112  sps 5526  opp buf  loss -0.004  pg -0.0087  v 0.094  ev +1.00  adv_std 0.447  tR -0.05  ent[s/d/p/e] 1.65/1.80/0.80/0.49  emits 2.31  spf 439.7  z0 0.02  garr 135.8  tG 3028  e2 0.42  nF 21.3  pS 0.51  ptS 0.50  fLog 0.73  pdΔ +0.0081  pkR 9.43  clip 0.36  kl +0.026
upd  159  steps 5242880  sps 5530  opp buf  loss +0.005  pg -0.0050  v 0.122  ev +0.99  adv_std 0.521  tR +0.32  ent[s/d/p/e] 1.68/1.83/0.81/0.48  emits 2.42  spf 446.0  z0 0.01  garr 146.2  tG 3439  e2 0.44  nF 22.4  pS 0.52  ptS 0.51  fLog 0.74  pdΔ +0.0187  pkR 9.90  clip 0.37  kl +0.030
upd  160  steps 5275648  sps 5533  opp buf  loss -0.001  pg -0.0077  v 0.107  ev +1.00  adv_std 0.480  tR +0.14  ent[s/d/p/e] 1.70/1.82/0.79/0.48  emits 2.43  spf 442.2  z0 0.01  garr 139.3  tG 3453  e2 0.44  nF 22.4  pS 0.51  ptS 0.50  fLog 0.74  pdΔ +0.0098  pkR 8.65  clip 0.36  kl +0.029
upd  161  steps 5308416  sps 5537  opp frzn  loss +0.004  pg -0.0034  v 0.108  ev +1.00  adv_std 0.484  tR +0.20  ent[s/d/p/e] 1.65/1.82/0.77/0.45  emits 2.44  spf 459.5  z0 0.01  garr 136.8  tG 3455  e2 0.43  nF 21.9  pS 0.47  ptS 0.46  fLog 0.72  pdΔ -0.0299  pkR 9.12  clip 0.34  kl +0.028
upd  162  steps 5341184  sps 5540  opp frzn  loss -0.005  pg -0.0093  v 0.087  ev +0.99  adv_std 0.438  tR +0.36  ent[s/d/p/e] 1.53/1.98/0.77/0.44  emits 1.97  spf 300.2  z0 0.03  garr 80.2  tG 1608  e2 0.33  nF 22.4  pS 0.41  ptS 0.40  fLog 0.60  pdΔ -0.0854  pkR 16.47  clip 0.36  kl +0.030
upd  163  steps 5373952  sps 5544  opp frzn  loss -0.011  pg -0.0094  v 0.056  ev +0.97  adv_std 0.364  tR +0.30  ent[s/d/p/e] 1.37/2.04/0.69/0.51  emits 1.55  spf 52.9  z0 0.03  garr 47.9  tG 556  e2 0.26  nF 21.3  pS 0.38  ptS 0.37  fLog 0.47  pdΔ -0.1207  pkR 14.98  clip 0.39  kl +0.032
upd  164  steps 5406720  sps 5547  opp frzn  loss -0.015  pg -0.0108  v 0.040  ev +0.97  adv_std 0.313  tR +0.29  ent[s/d/p/e] 1.34/2.03/0.69/0.51  emits 1.50  spf 42.5  z0 0.03  garr 46.2  tG 473  e2 0.25  nF 20.8  pS 0.35  ptS 0.34  fLog 0.46  pdΔ -0.1479  pkR 10.89  clip 0.39  kl +0.030
upd  165  steps 5439488  sps 5551  opp frzn  loss -0.015  pg -0.0101  v 0.040  ev +0.97  adv_std 0.306  tR +0.21  ent[s/d/p/e] 1.35/2.06/0.68/0.50  emits 1.46  spf 52.6  z0 0.04  garr 46.3  tG 507  e2 0.23  nF 19.7  pS 0.36  ptS 0.35  fLog 0.47  pdΔ -0.1424  pkR 9.56  clip 0.37  kl +0.027
upd  166  steps 5472256  sps 5554  opp frzn  loss -0.018  pg -0.0132  v 0.041  ev +0.97  adv_std 0.309  tR +0.19  ent[s/d/p/e] 1.38/2.05/0.70/0.51  emits 1.46  spf 48.7  z0 0.04  garr 48.0  tG 509  e2 0.24  nF 20.4  pS 0.36  ptS 0.35  fLog 0.47  pdΔ -0.1378  pkR 11.52  clip 0.36  kl +0.026
upd  167  steps 5505024  sps 5558  opp frzn  loss -0.019  pg -0.0146  v 0.041  ev +0.97  adv_std 0.315  tR +0.27  ent[s/d/p/e] 1.40/2.01/0.71/0.51  emits 1.48  spf 53.7  z0 0.02  garr 51.1  tG 548  e2 0.24  nF 19.6  pS 0.38  ptS 0.37  fLog 0.47  pdΔ -0.1172  pkR 12.96  clip 0.38  kl +0.029
upd  168  steps 5537792  sps 5561  opp buf  loss -0.015  pg -0.0134  v 0.059  ev +0.99  adv_std 0.375  tR +0.00  ent[s/d/p/e] 1.48/1.91/0.74/0.51  emits 1.54  spf 102.3  z0 0.04  garr 65.4  tG 944  e2 0.26  nF 18.8  pS 0.41  ptS 0.40  fLog 0.55  pdΔ -0.0923  pkR 17.34  clip 0.37  kl +0.026
upd  169  steps 5570560  sps 5564  opp buf  loss -0.005  pg -0.0072  v 0.079  ev +1.00  adv_std 0.420  tR +0.22  ent[s/d/p/e] 1.59/1.75/0.78/0.50  emits 2.01  spf 304.2  z0 0.02  garr 105.5  tG 2188  e2 0.35  nF 20.1  pS 0.46  ptS 0.45  fLog 0.68  pdΔ -0.0363  pkR 12.43  clip 0.37  kl +0.024
upd  170  steps 5603328  sps 5568  opp buf  loss +0.007  pg -0.0026  v 0.116  ev +0.99  adv_std 0.505  tR +0.06  ent[s/d/p/e] 1.64/1.76/0.80/0.45  emits 2.30  spf 402.1  z0 0.01  garr 123.0  tG 2780  e2 0.39  nF 21.1  pS 0.47  ptS 0.46  fLog 0.72  pdΔ -0.0295  pkR 12.92  clip 0.38  kl +0.031
upd  171  steps 5636096  sps 5571  opp buf  loss +0.002  pg -0.0039  v 0.095  ev +1.00  adv_std 0.456  tR +0.00  ent[s/d/p/e] 1.57/1.74/0.76/0.46  emits 2.06  spf 418.2  z0 0.03  garr 122.2  tG 2677  e2 0.35  nF 19.8  pS 0.42  ptS 0.42  fLog 0.70  pdΔ -0.0785  pkR 10.03  clip 0.33  kl +0.023
upd  172  steps 5668864  sps 5574  opp buf  loss +0.003  pg -0.0069  v 0.117  ev +0.99  adv_std 0.503  tR -0.02  ent[s/d/p/e] 1.56/1.70/0.77/0.46  emits 2.17  spf 399.8  z0 0.02  garr 116.8  tG 2519  e2 0.37  nF 20.6  pS 0.44  ptS 0.43  fLog 0.71  pdΔ -0.0552  pkR 11.62  clip 0.35  kl +0.027
upd  173  steps 5701632  sps 5577  opp frzn  loss +0.003  pg -0.0041  v 0.100  ev +1.00  adv_std 0.475  tR -0.04  ent[s/d/p/e] 1.52/1.69/0.75/0.46  emits 2.21  spf 419.9  z0 0.04  garr 120.9  tG 2720  e2 0.38  nF 20.5  pS 0.42  ptS 0.40  fLog 0.71  pdΔ -0.0787  pkR 8.79  clip 0.34  kl +0.030
upd  174  steps 5734400  sps 5580  opp buf  loss +0.001  pg -0.0037  v 0.087  ev +0.99  adv_std 0.438  tR +0.32  ent[s/d/p/e] 1.51/1.84/0.75/0.44  emits 1.92  spf 307.6  z0 0.03  garr 88.0  tG 1648  e2 0.31  nF 20.3  pS 0.43  ptS 0.41  fLog 0.64  pdΔ -0.0704  pkR 16.54  clip 0.36  kl +0.031
upd  175  steps 5767168  sps 5583  opp frzn  loss -0.012  pg -0.0115  v 0.065  ev +1.00  adv_std 0.388  tR +0.11  ent[s/d/p/e] 1.49/1.70/0.76/0.51  emits 1.96  spf 283.7  z0 0.06  garr 98.6  tG 1961  e2 0.35  nF 18.6  pS 0.44  ptS 0.43  fLog 0.67  pdΔ -0.0577  pkR 10.84  clip 0.35  kl +0.025
upd  176  steps 5799936  sps 5586  opp buf  loss -0.006  pg -0.0093  v 0.084  ev +0.99  adv_std 0.431  tR +0.34  ent[s/d/p/e] 1.56/1.75/0.80/0.44  emits 2.11  spf 334.2  z0 0.04  garr 103.1  tG 1968  e2 0.36  nF 19.5  pS 0.47  ptS 0.46  fLog 0.69  pdΔ -0.0260  pkR 11.25  clip 0.36  kl +0.027
upd  177  steps 5832704  sps 5589  opp buf  loss -0.015  pg -0.0136  v 0.061  ev +1.00  adv_std 0.376  tR +0.15  ent[s/d/p/e] 1.55/1.62/0.78/0.49  emits 2.13  spf 373.4  z0 0.03  garr 129.1  tG 2507  e2 0.39  nF 18.4  pS 0.47  ptS 0.46  fLog 0.72  pdΔ -0.0269  pkR 8.43  clip 0.37  kl +0.027
upd  178  steps 5865472  sps 5592  opp frzn  loss -0.002  pg -0.0054  v 0.082  ev +1.00  adv_std 0.423  tR +0.12  ent[s/d/p/e] 1.46/1.68/0.77/0.40  emits 2.29  spf 461.4  z0 0.06  garr 120.2  tG 2578  e2 0.37  nF 19.3  pS 0.40  ptS 0.39  fLog 0.73  pdΔ -0.0980  pkR 8.81  clip 0.34  kl +0.027
upd  179  steps 5898240  sps 5595  opp frzn  loss -0.006  pg -0.0070  v 0.069  ev +0.99  adv_std 0.381  tR +0.37  ent[s/d/p/e] 1.39/1.88/0.73/0.44  emits 1.75  spf 230.5  z0 0.03  garr 72.0  tG 1192  e2 0.28  nF 20.0  pS 0.39  ptS 0.38  fLog 0.59  pdΔ -0.1105  pkR 14.34  clip 0.36  kl +0.031
upd  180  steps 5931008  sps 5598  opp buf  loss -0.015  pg -0.0126  v 0.056  ev +0.99  adv_std 0.362  tR +0.27  ent[s/d/p/e] 1.50/1.90/0.78/0.52  emits 1.71  spf 100.2  z0 0.03  garr 64.8  tG 940  e2 0.30  nF 19.8  pS 0.45  ptS 0.43  fLog 0.57  pdΔ -0.0539  pkR 12.78  clip 0.39  kl +0.029
upd  181  steps 5963776  sps 5601  opp buf  loss -0.005  pg -0.0092  v 0.088  ev +1.00  adv_std 0.442  tR +0.12  ent[s/d/p/e] 1.55/1.60/0.79/0.48  emits 2.17  spf 358.9  z0 0.02  garr 125.9  tG 2509  e2 0.39  nF 18.8  pS 0.48  ptS 0.46  fLog 0.72  pdΔ -0.0246  pkR 9.47  clip 0.37  kl +0.029
upd  182  steps 5996544  sps 5604  opp frzn  loss +0.001  pg -0.0070  v 0.105  ev +1.00  adv_std 0.475  tR -0.07  ent[s/d/p/e] 1.43/1.70/0.77/0.38  emits 2.31  spf 423.5  z0 0.04  garr 107.5  tG 2240  e2 0.36  nF 20.3  pS 0.39  ptS 0.37  fLog 0.70  pdΔ -0.1137  pkR 14.81  clip 0.33  kl +0.021
upd  183  steps 6029312  sps 5607  opp buf  loss -0.010  pg -0.0111  v 0.072  ev +0.99  adv_std 0.405  tR +0.44  ent[s/d/p/e] 1.48/1.85/0.79/0.44  emits 1.89  spf 238.4  z0 0.02  garr 84.6  tG 1362  e2 0.31  nF 20.0  pS 0.43  ptS 0.42  fLog 0.62  pdΔ -0.0699  pkR 21.06  clip 0.36  kl +0.024
upd  184  steps 6062080  sps 5610  opp frzn  loss -0.012  pg -0.0119  v 0.064  ev +1.00  adv_std 0.386  tR +0.15  ent[s/d/p/e] 1.49/1.78/0.75/0.49  emits 1.92  spf 247.3  z0 0.02  garr 84.0  tG 1561  e2 0.32  nF 19.3  pS 0.42  ptS 0.40  fLog 0.62  pdΔ -0.0845  pkR 14.41  clip 0.37  kl +0.027
upd  185  steps 6094848  sps 5613  opp buf  loss -0.007  pg -0.0105  v 0.086  ev +0.99  adv_std 0.442  tR +0.22  ent[s/d/p/e] 1.51/1.76/0.78/0.43  emits 1.99  spf 297.6  z0 0.03  garr 94.6  tG 1685  e2 0.32  nF 19.3  pS 0.43  ptS 0.42  fLog 0.65  pdΔ -0.0708  pkR 16.20  clip 0.37  kl +0.026
upd  186  steps 6127616  sps 5615  opp buf  loss -0.009  pg -0.0099  v 0.073  ev +1.00  adv_std 0.404  tR +0.01  ent[s/d/p/e] 1.50/1.59/0.77/0.48  emits 2.13  spf 310.9  z0 0.03  garr 107.1  tG 2004  e2 0.37  nF 19.9  pS 0.44  ptS 0.43  fLog 0.69  pdΔ -0.0625  pkR 10.88  clip 0.37  kl +0.028
upd  187  steps 6160384  sps 5618  opp buf  loss +0.005  pg -0.0064  v 0.125  ev +1.00  adv_std 0.523  tR +0.01  ent[s/d/p/e] 1.52/1.54/0.78/0.42  emits 2.47  spf 423.4  z0 0.02  garr 128.9  tG 2690  e2 0.42  nF 19.5  pS 0.45  ptS 0.44  fLog 0.74  pdΔ -0.0451  pkR 9.35  clip 0.37  kl +0.028
upd  188  steps 6193152  sps 5621  opp buf  loss -0.003  pg -0.0099  v 0.101  ev +1.00  adv_std 0.468  tR +0.07  ent[s/d/p/e] 1.54/1.51/0.78/0.42  emits 2.53  spf 461.7  z0 0.01  garr 139.8  tG 2968  e2 0.43  nF 18.9  pS 0.46  ptS 0.45  fLog 0.76  pdΔ -0.0373  pkR 10.51  clip 0.37  kl +0.028
upd  189  steps 6225920  sps 5624  opp buf  loss +0.005  pg -0.0064  v 0.121  ev +1.00  adv_std 0.511  tR +0.11  ent[s/d/p/e] 1.53/1.50/0.77/0.42  emits 2.52  spf 465.4  z0 0.01  garr 140.8  tG 2996  e2 0.42  nF 20.1  pS 0.45  ptS 0.45  fLog 0.75  pdΔ -0.0456  pkR 8.88  clip 0.36  kl +0.030
upd  190  steps 6258688  sps 5626  opp buf  loss -0.001  pg -0.0083  v 0.103  ev +1.00  adv_std 0.472  tR +0.11  ent[s/d/p/e] 1.53/1.53/0.77/0.42  emits 2.50  spf 488.2  z0 0.02  garr 145.4  tG 3138  e2 0.42  nF 20.3  pS 0.46  ptS 0.45  fLog 0.75  pdΔ -0.0388  pkR 10.62  clip 0.37  kl +0.030
upd  191  steps 6291456  sps 5629  opp buf  loss -0.000  pg -0.0084  v 0.106  ev +1.00  adv_std 0.477  tR +0.11  ent[s/d/p/e] 1.54/1.48/0.78/0.42  emits 2.58  spf 426.7  z0 0.01  garr 140.7  tG 2858  e2 0.44  nF 19.5  pS 0.47  ptS 0.46  fLog 0.76  pdΔ -0.0262  pkR 10.69  clip 0.38  kl +0.027
upd  192  steps 6324224  sps 5632  opp buf  loss -0.004  pg -0.0104  v 0.098  ev +1.00  adv_std 0.459  tR +0.04  ent[s/d/p/e] 1.55/1.56/0.78/0.40  emits 2.73  spf 428.7  z0 0.02  garr 138.7  tG 2982  e2 0.45  nF 22.0  pS 0.46  ptS 0.45  fLog 0.76  pdΔ -0.0393  pkR 9.68  clip 0.35  kl +0.023
upd  193  steps 6356992  sps 5634  opp buf  loss -0.006  pg -0.0097  v 0.085  ev +1.00  adv_std 0.427  tR +0.00  ent[s/d/p/e] 1.51/1.52/0.75/0.42  emits 2.56  spf 458.3  z0 0.02  garr 142.2  tG 3076  e2 0.43  nF 20.0  pS 0.45  ptS 0.45  fLog 0.75  pdΔ -0.0498  pkR 9.40  clip 0.35  kl +0.024
upd  194  steps 6389760  sps 5637  opp buf  loss +0.002  pg -0.0078  v 0.117  ev +1.00  adv_std 0.494  tR -0.02  ent[s/d/p/e] 1.55/1.58/0.78/0.38  emits 2.67  spf 461.5  z0 0.02  garr 144.0  tG 3100  e2 0.44  nF 20.6  pS 0.46  ptS 0.45  fLog 0.76  pdΔ -0.0433  pkR 8.83  clip 0.36  kl +0.027
upd  195  steps 6422528  sps 5639  opp buf  loss -0.003  pg -0.0105  v 0.101  ev +1.00  adv_std 0.464  tR +0.08  ent[s/d/p/e] 1.53/1.60/0.75/0.41  emits 2.54  spf 429.7  z0 0.02  garr 130.5  tG 2762  e2 0.43  nF 21.8  pS 0.44  ptS 0.44  fLog 0.73  pdΔ -0.0577  pkR 9.18  clip 0.36  kl +0.024
upd  196  steps 6455296  sps 5642  opp buf  loss -0.001  pg -0.0095  v 0.109  ev +1.00  adv_std 0.482  tR +0.09  ent[s/d/p/e] 1.51/1.57/0.76/0.40  emits 2.48  spf 426.6  z0 0.02  garr 123.4  tG 2613  e2 0.41  nF 20.9  pS 0.43  ptS 0.43  fLog 0.73  pdΔ -0.0726  pkR 11.08  clip 0.36  kl +0.026
upd  197  steps 6488064  sps 5644  opp buf  loss -0.005  pg -0.0086  v 0.084  ev +1.00  adv_std 0.424  tR -0.06  ent[s/d/p/e] 1.53/1.51/0.76/0.41  emits 2.59  spf 444.2  z0 0.01  garr 136.0  tG 2930  e2 0.44  nF 20.6  pS 0.45  ptS 0.45  fLog 0.75  pdΔ -0.0455  pkR 7.84  clip 0.37  kl +0.026
upd  198  steps 6520832  sps 5647  opp buf  loss +0.001  pg -0.0096  v 0.117  ev +1.00  adv_std 0.504  tR +0.05  ent[s/d/p/e] 1.53/1.53/0.76/0.39  emits 2.63  spf 453.8  z0 0.01  garr 135.1  tG 2871  e2 0.44  nF 21.1  pS 0.47  ptS 0.46  fLog 0.75  pdΔ -0.0330  pkR 9.08  clip 0.37  kl +0.026
upd  199  steps 6553600  sps 5649  opp buf  loss -0.003  pg -0.0088  v 0.094  ev +1.00  adv_std 0.452  tR -0.06  ent[s/d/p/e] 1.50/1.55/0.77/0.41  emits 2.61  spf 414.4  z0 0.02  garr 130.9  tG 2635  e2 0.44  nF 20.6  pS 0.47  ptS 0.46  fLog 0.75  pdΔ -0.0334  pkR 9.49  clip 0.38  kl +0.032 WRr 0.88 WRf 0.62
[ckpt] saved ./ckpt_multi_action_v11_f29b/ckpt_000199.pkl
upd  200  steps 6586368  sps 5591  opp frzn  loss -0.008  pg -0.0120  v 0.081  ev +1.00  adv_std 0.421  tR +0.07  ent[s/d/p/e] 1.42/1.57/0.73/0.37  emits 2.63  spf 427.9  z0 0.03  garr 122.6  tG 2530  e2 0.42  nF 21.2  pS 0.41  ptS 0.40  fLog 0.73  pdΔ -0.0870  pkR 8.92  clip 0.35  kl +0.025
upd  201  steps 6619136  sps 5594  opp buf  loss -0.003  pg -0.0101  v 0.099  ev +0.99  adv_std 0.470  tR +0.13  ent[s/d/p/e] 1.47/1.73/0.75/0.40  emits 2.26  spf 319.1  z0 0.05  garr 98.5  tG 1830  e2 0.38  nF 22.0  pS 0.42  ptS 0.41  fLog 0.67  pdΔ -0.0813  pkR 13.44  clip 0.38  kl +0.031
upd  202  steps 6651904  sps 5597  opp buf  loss -0.006  pg -0.0093  v 0.080  ev +1.00  adv_std 0.419  tR +0.05  ent[s/d/p/e] 1.53/1.46/0.73/0.44  emits 2.54  spf 351.2  z0 0.03  garr 126.6  tG 2563  e2 0.44  nF 19.5  pS 0.48  ptS 0.47  fLog 0.75  pdΔ -0.0172  pkR 10.23  clip 0.38  kl +0.030
upd  203  steps 6684672  sps 5599  opp frzn  loss +0.005  pg -0.0082  v 0.127  ev +1.00  adv_std 0.524  tR +0.12  ent[s/d/p/e] 1.48/1.51/0.74/0.32  emits 2.96  spf 509.4  z0 0.03  garr 141.0  tG 3065  e2 0.46  nF 21.0  pS 0.43  ptS 0.41  fLog 0.76  pdΔ -0.0699  pkR 8.23  clip 0.34  kl +0.024
upd  204  steps 6717440  sps 5602  opp frzn  loss -0.005  pg -0.0084  v 0.082  ev +0.99  adv_std 0.436  tR +0.36  ent[s/d/p/e] 1.44/1.84/0.72/0.39  emits 2.20  spf 249.5  z0 0.04  garr 75.3  tG 1257  e2 0.37  nF 23.8  pS 0.39  ptS 0.37  fLog 0.59  pdΔ -0.1148  pkR 16.80  clip 0.40  kl +0.037
upd  205  steps 6750208  sps 5604  opp buf  loss -0.003  pg -0.0072  v 0.088  ev +0.99  adv_std 0.454  tR +0.20  ent[s/d/p/e] 1.53/1.81/0.74/0.49  emits 2.19  spf 137.8  z0 0.04  garr 71.0  tG 1096  e2 0.40  nF 23.9  pS 0.46  ptS 0.45  fLog 0.57  pdΔ -0.0370  pkR 17.10  clip 0.41  kl +0.037
upd  206  steps 6782976  sps 5607  opp buf  loss -0.002  pg -0.0079  v 0.096  ev +1.00  adv_std 0.463  tR +0.17  ent[s/d/p/e] 1.58/1.42/0.75/0.40  emits 2.84  spf 424.3  z0 0.01  garr 137.7  tG 3056  e2 0.47  nF 20.5  pS 0.50  ptS 0.49  fLog 0.75  pdΔ -0.0013  pkR 10.12  clip 0.39  kl +0.033
upd  207  steps 6815744  sps 5609  opp buf  loss +0.006  pg -0.0056  v 0.123  ev +1.00  adv_std 0.520  tR +0.05  ent[s/d/p/e] 1.57/1.44/0.76/0.36  emits 2.92  spf 501.0  z0 0.02  garr 153.6  tG 3469  e2 0.48  nF 19.6  pS 0.47  ptS 0.47  fLog 0.78  pdΔ -0.0251  pkR 9.67  clip 0.39  kl +0.033
upd  208  steps 6848512  sps 5612  opp frzn  loss +0.004  pg -0.0071  v 0.115  ev +1.00  adv_std 0.508  tR +0.07  ent[s/d/p/e] 1.44/1.49/0.70/0.37  emits 2.80  spf 475.6  z0 0.04  garr 138.7  tG 2952  e2 0.46  nF 21.1  pS 0.43  ptS 0.42  fLog 0.74  pdΔ -0.0690  pkR 10.51  clip 0.37  kl +0.031
upd  209  steps 6881280  sps 5614  opp frzn  loss -0.006  pg -0.0122  v 0.091  ev +0.99  adv_std 0.454  tR +0.21  ent[s/d/p/e] 1.36/1.76/0.68/0.38  emits 2.33  spf 330.9  z0 0.03  garr 87.8  tG 1576  e2 0.38  nF 23.6  pS 0.36  ptS 0.35  fLog 0.61  pdΔ -0.1411  pkR 19.20  clip 0.36  kl +0.031
upd  210  steps 6914048  sps 5617  opp buf  loss -0.008  pg -0.0117  v 0.082  ev +0.99  adv_std 0.438  tR +0.27  ent[s/d/p/e] 1.51/1.85/0.73/0.48  emits 2.12  spf 89.2  z0 0.03  garr 65.4  tG 863  e2 0.38  nF 24.0  pS 0.44  ptS 0.43  fLog 0.54  pdΔ -0.0627  pkR 12.37  clip 0.39  kl +0.037
upd  211  steps 6946816  sps 5619  opp buf  loss -0.003  pg -0.0091  v 0.096  ev +1.00  adv_std 0.459  tR +0.15  ent[s/d/p/e] 1.57/1.57/0.75/0.42  emits 2.47  spf 274.4  z0 0.03  garr 99.2  tG 1905  e2 0.42  nF 22.2  pS 0.44  ptS 0.44  fLog 0.68  pdΔ -0.0625  pkR 10.63  clip 0.40  kl +0.037
upd  212  steps 6979584  sps 5622  opp buf  loss +0.004  pg -0.0072  v 0.118  ev +1.00  adv_std 0.510  tR -0.20  ent[s/d/p/e] 1.50/1.43/0.73/0.38  emits 2.77  spf 407.0  z0 0.01  garr 131.0  tG 2625  e2 0.46  nF 21.3  pS 0.44  ptS 0.43  fLog 0.73  pdΔ -0.0623  pkR 10.06  clip 0.39  kl +0.029
upd  213  steps 7012352  sps 5624  opp buf  loss -0.007  pg -0.0122  v 0.086  ev +1.00  adv_std 0.429  tR +0.11  ent[s/d/p/e] 1.48/1.37/0.72/0.36  emits 3.03  spf 423.0  z0 0.00  garr 135.9  tG 2749  e2 0.49  nF 21.4  pS 0.47  ptS 0.46  fLog 0.76  pdΔ -0.0282  pkR 8.68  clip 0.37  kl +0.026
upd  214  steps 7045120  sps 5627  opp frzn  loss -0.003  pg -0.0113  v 0.102  ev +1.00  adv_std 0.472  tR -0.02  ent[s/d/p/e] 1.41/1.47/0.71/0.32  emits 2.79  spf 499.2  z0 0.01  garr 138.0  tG 2816  e2 0.43  nF 21.2  pS 0.40  ptS 0.40  fLog 0.73  pdΔ -0.1013  pkR 12.08  clip 0.36  kl +0.028
upd  215  steps 7077888  sps 5629  opp buf  loss +0.002  pg -0.0082  v 0.111  ev +0.99  adv_std 0.501  tR +0.07  ent[s/d/p/e] 1.43/1.71/0.69/0.41  emits 2.26  spf 249.7  z0 0.03  garr 79.7  tG 1325  e2 0.38  nF 24.2  pS 0.40  ptS 0.39  fLog 0.59  pdΔ -0.1007  pkR 22.40  clip 0.40  kl +0.036
upd  216  steps 7110656  sps 5631  opp buf  loss -0.002  pg -0.0090  v 0.094  ev +1.00  adv_std 0.460  tR +0.07  ent[s/d/p/e] 1.41/1.47/0.72/0.41  emits 2.38  spf 297.2  z0 0.04  garr 98.9  tG 1804  e2 0.38  nF 21.1  pS 0.42  ptS 0.42  fLog 0.68  pdΔ -0.0826  pkR 14.50  clip 0.37  kl +0.033
upd  217  steps 7143424  sps 5633  opp buf  loss +0.009  pg -0.0081  v 0.147  ev +1.00  adv_std 0.564  tR -0.11  ent[s/d/p/e] 1.45/1.38/0.73/0.38  emits 2.93  spf 399.9  z0 0.01  garr 132.3  tG 2709  e2 0.48  nF 21.5  pS 0.46  ptS 0.45  fLog 0.74  pdΔ -0.0369  pkR 10.11  clip 0.39  kl +0.033
upd  218  steps 7176192  sps 5636  opp buf  loss +0.005  pg -0.0064  v 0.117  ev +1.00  adv_std 0.497  tR +0.15  ent[s/d/p/e] 1.50/1.34/0.73/0.33  emits 3.14  spf 522.2  z0 0.02  garr 162.2  tG 3433  e2 0.50  nF 20.9  pS 0.46  ptS 0.45  fLog 0.78  pdΔ -0.0405  pkR 8.87  clip 0.37  kl +0.031
upd  219  steps 7208960  sps 5638  opp frzn  loss +0.009  pg -0.0066  v 0.135  ev +1.00  adv_std 0.551  tR -0.10  ent[s/d/p/e] 1.43/1.41/0.66/0.31  emits 2.75  spf 505.5  z0 0.07  garr 126.9  tG 2810  e2 0.41  nF 20.9  pS 0.38  ptS 0.37  fLog 0.74  pdΔ -0.1233  pkR 10.79  clip 0.34  kl +0.026
upd  220  steps 7241728  sps 5640  opp buf  loss -0.001  pg -0.0130  v 0.122  ev +0.99  adv_std 0.522  tR +0.38  ent[s/d/p/e] 1.50/1.64/0.72/0.37  emits 2.50  spf 326.6  z0 0.03  garr 98.2  tG 1769  e2 0.41  nF 23.7  pS 0.45  ptS 0.44  fLog 0.65  pdΔ -0.0475  pkR 14.01  clip 0.39  kl +0.033
upd  221  steps 7274496  sps 5643  opp buf  loss +0.011  pg -0.0034  v 0.137  ev +0.99  adv_std 0.551  tR +0.07  ent[s/d/p/e] 1.49/1.57/0.75/0.41  emits 2.40  spf 295.3  z0 0.03  garr 97.8  tG 1803  e2 0.40  nF 22.3  pS 0.42  ptS 0.41  fLog 0.65  pdΔ -0.0839  pkR 14.39  clip 0.41  kl +0.040
upd  222  steps 7307264  sps 5645  opp buf  loss +0.001  pg -0.0094  v 0.112  ev +1.00  adv_std 0.493  tR -0.29  ent[s/d/p/e] 1.44/1.40/0.71/0.38  emits 2.80  spf 392.5  z0 0.03  garr 124.2  tG 2479  e2 0.46  nF 20.7  pS 0.42  ptS 0.42  fLog 0.74  pdΔ -0.0785  pkR 12.94  clip 0.39  kl +0.034
upd  223  steps 7340032  sps 5647  opp buf  loss -0.001  pg -0.0106  v 0.112  ev +1.00  adv_std 0.481  tR +0.05  ent[s/d/p/e] 1.55/1.39/0.74/0.33  emits 3.17  spf 442.1  z0 0.02  garr 143.8  tG 3106  e2 0.50  nF 20.7  pS 0.47  ptS 0.46  fLog 0.78  pdΔ -0.0276  pkR 12.37  clip 0.38  kl +0.031
upd  224  steps 7372800  sps 5649  opp buf  loss +0.013  pg -0.0075  v 0.163  ev +1.00  adv_std 0.594  tR +0.14  ent[s/d/p/e] 1.57/1.36/0.73/0.30  emits 3.27  spf 508.8  z0 0.01  garr 156.6  tG 3501  e2 0.50  nF 21.1  pS 0.49  ptS 0.48  fLog 0.79  pdΔ -0.0084  pkR 7.56  clip 0.38  kl +0.031
upd  225  steps 7405568  sps 5651  opp buf  loss +0.006  pg -0.0066  v 0.125  ev +1.00  adv_std 0.519  tR +0.04  ent[s/d/p/e] 1.51/1.39/0.71/0.32  emits 3.02  spf 436.7  z0 0.01  garr 125.7  tG 2825  e2 0.47  nF 21.7  pS 0.44  ptS 0.44  fLog 0.75  pdΔ -0.0551  pkR 10.31  clip 0.37  kl +0.034
upd  226  steps 7438336  sps 5653  opp frzn  loss +0.001  pg -0.0080  v 0.102  ev +1.00  adv_std 0.472  tR +0.09  ent[s/d/p/e] 1.46/1.46/0.67/0.29  emits 2.98  spf 455.4  z0 0.04  garr 118.8  tG 2679  e2 0.44  nF 22.9  pS 0.40  ptS 0.39  fLog 0.73  pdΔ -0.0987  pkR 9.26  clip 0.35  kl +0.031
upd  227  steps 7471104  sps 5656  opp buf  loss +0.003  pg -0.0078  v 0.115  ev +1.00  adv_std 0.494  tR +0.09  ent[s/d/p/e] 1.46/1.57/0.71/0.37  emits 2.43  spf 354.3  z0 0.04  garr 103.5  tG 1895  e2 0.40  nF 23.3  pS 0.41  ptS 0.40  fLog 0.66  pdΔ -0.0871  pkR 14.32  clip 0.38  kl +0.036
upd  228  steps 7503872  sps 5658  opp buf  loss -0.004  pg -0.0103  v 0.093  ev +1.00  adv_std 0.453  tR +0.02  ent[s/d/p/e] 1.50/1.42/0.72/0.36  emits 2.90  spf 397.1  z0 0.03  garr 128.5  tG 2447  e2 0.47  nF 23.0  pS 0.45  ptS 0.44  fLog 0.72  pdΔ -0.0504  pkR 12.27  clip 0.39  kl +0.032
upd  229  steps 7536640  sps 5660  opp frzn  loss -0.001  pg -0.0102  v 0.105  ev +1.00  adv_std 0.476  tR -0.08  ent[s/d/p/e] 1.43/1.36/0.69/0.30  emits 2.95  spf 476.7  z0 0.05  garr 129.0  tG 2718  e2 0.45  nF 19.9  pS 0.43  ptS 0.41  fLog 0.75  pdΔ -0.0704  pkR 10.69  clip 0.36  kl +0.028
upd  230  steps 7569408  sps 5662  opp buf  loss +0.008  pg -0.0057  v 0.131  ev +0.99  adv_std 0.533  tR +0.40  ent[s/d/p/e] 1.45/1.50/0.74/0.34  emits 2.77  spf 349.1  z0 0.04  garr 109.7  tG 1840  e2 0.46  nF 22.1  pS 0.45  ptS 0.44  fLog 0.69  pdΔ -0.0475  pkR 12.68  clip 0.41  kl +0.038
upd  231  steps 7602176  sps 5664  opp buf  loss -0.004  pg -0.0107  v 0.093  ev +1.00  adv_std 0.453  tR +0.00  ent[s/d/p/e] 1.45/1.36/0.70/0.39  emits 2.83  spf 306.4  z0 0.02  garr 110.2  tG 2033  e2 0.48  nF 21.2  pS 0.45  ptS 0.44  fLog 0.71  pdΔ -0.0452  pkR 12.01  clip 0.41  kl +0.034
upd  232  steps 7634944  sps 5666  opp frzn  loss -0.001  pg -0.0096  v 0.100  ev +1.00  adv_std 0.468  tR +0.08  ent[s/d/p/e] 1.49/1.36/0.69/0.26  emits 3.25  spf 425.2  z0 0.06  garr 126.2  tG 2693  e2 0.50  nF 20.0  pS 0.42  ptS 0.41  fLog 0.75  pdΔ -0.0771  pkR 9.76  clip 0.38  kl +0.030
upd  233  steps 7667712  sps 5668  opp buf  loss +0.005  pg -0.0112  v 0.141  ev +0.99  adv_std 0.560  tR +0.58  ent[s/d/p/e] 1.50/1.57/0.70/0.39  emits 2.65  spf 263.4  z0 0.01  garr 99.5  tG 1754  e2 0.46  nF 23.4  pS 0.48  ptS 0.47  fLog 0.67  pdΔ -0.0175  pkR 12.51  clip 0.41  kl +0.033
upd  234  steps 7700480  sps 5670  opp frzn  loss +0.005  pg -0.0084  v 0.127  ev +1.00  adv_std 0.535  tR +0.06  ent[s/d/p/e] 1.43/1.44/0.67/0.32  emits 2.95  spf 352.0  z0 0.03  garr 115.1  tG 2233  e2 0.46  nF 22.4  pS 0.42  ptS 0.41  fLog 0.71  pdΔ -0.0771  pkR 10.43  clip 0.37  kl +0.031
upd  235  steps 7733248  sps 5672  opp buf  loss +0.001  pg -0.0092  v 0.111  ev +1.00  adv_std 0.499  tR +0.17  ent[s/d/p/e] 1.42/1.51/0.69/0.36  emits 2.57  spf 302.0  z0 0.04  garr 97.3  tG 1763  e2 0.43  nF 22.2  pS 0.41  ptS 0.40  fLog 0.67  pdΔ -0.0931  pkR 13.99  clip 0.39  kl +0.036
upd  236  steps 7766016  sps 5674  opp buf  loss +0.017  pg -0.0052  v 0.170  ev +1.00  adv_std 0.605  tR -0.08  ent[s/d/p/e] 1.50/1.32/0.69/0.34  emits 3.17  spf 386.3  z0 0.02  garr 139.4  tG 2855  e2 0.52  nF 20.4  pS 0.48  ptS 0.47  fLog 0.75  pdΔ -0.0196  pkR 9.50  clip 0.41  kl +0.037
upd  237  steps 7798784  sps 5676  opp frzn  loss -0.002  pg -0.0137  v 0.116  ev +1.00  adv_std 0.496  tR +0.12  ent[s/d/p/e] 1.51/1.41/0.68/0.27  emits 3.14  spf 464.7  z0 0.04  garr 133.5  tG 3062  e2 0.49  nF 21.5  pS 0.42  ptS 0.40  fLog 0.75  pdΔ -0.0799  pkR 9.99  clip 0.35  kl +0.024
upd  238  steps 7831552  sps 5678  opp buf  loss +0.015  pg -0.0085  v 0.178  ev +0.99  adv_std 0.616  tR +0.50  ent[s/d/p/e] 1.51/1.55/0.72/0.36  emits 2.69  spf 274.5  z0 0.01  garr 96.5  tG 1813  e2 0.46  nF 23.6  pS 0.48  ptS 0.46  fLog 0.67  pdΔ -0.0232  pkR 15.03  clip 0.41  kl +0.036
upd  239  steps 7864320  sps 5680  opp buf  loss +0.011  pg -0.0066  v 0.150  ev +1.00  adv_std 0.574  tR +0.18  ent[s/d/p/e] 1.45/1.39/0.71/0.36  emits 2.82  spf 341.6  z0 0.02  garr 109.5  tG 2237  e2 0.45  nF 21.5  pS 0.46  ptS 0.46  fLog 0.70  pdΔ -0.0377  pkR 16.45  clip 0.39  kl +0.032
upd  240  steps 7897088  sps 5682  opp buf  loss +0.011  pg -0.0057  v 0.145  ev +1.00  adv_std 0.553  tR +0.01  ent[s/d/p/e] 1.45/1.32/0.71/0.30  emits 3.03  spf 429.6  z0 0.02  garr 127.7  tG 2671  e2 0.47  nF 21.4  pS 0.43  ptS 0.42  fLog 0.75  pdΔ -0.0655  pkR 15.40  clip 0.37  kl +0.032
upd  241  steps 7929856  sps 5684  opp buf  loss +0.008  pg -0.0091  v 0.143  ev +1.00  adv_std 0.548  tR -0.06  ent[s/d/p/e] 1.46/1.22/0.70/0.32  emits 3.16  spf 427.8  z0 0.02  garr 138.2  tG 2788  e2 0.51  nF 20.5  pS 0.47  ptS 0.46  fLog 0.77  pdΔ -0.0318  pkR 10.63  clip 0.39  kl +0.031
upd  242  steps 7962624  sps 5686  opp buf  loss +0.005  pg -0.0067  v 0.117  ev +1.00  adv_std 0.511  tR +0.01  ent[s/d/p/e] 1.51/1.29/0.72/0.28  emits 3.42  spf 452.7  z0 0.02  garr 140.5  tG 3078  e2 0.53  nF 22.0  pS 0.45  ptS 0.44  fLog 0.76  pdΔ -0.0522  pkR 11.35  clip 0.41  kl +0.038
upd  243  steps 7995392  sps 5687  opp buf  loss +0.008  pg -0.0062  v 0.129  ev +1.00  adv_std 0.530  tR +0.00  ent[s/d/p/e] 1.46/1.26/0.68/0.31  emits 3.25  spf 390.6  z0 0.01  garr 131.0  tG 2783  e2 0.51  nF 22.0  pS 0.43  ptS 0.42  fLog 0.76  pdΔ -0.0703  pkR 13.72  clip 0.38  kl +0.033
upd  244  steps 8028160  sps 5689  opp buf  loss +0.006  pg -0.0086  v 0.132  ev +1.00  adv_std 0.537  tR +0.05  ent[s/d/p/e] 1.45/1.27/0.68/0.29  emits 3.26  spf 437.5  z0 0.01  garr 133.2  tG 2760  e2 0.51  nF 22.7  pS 0.43  ptS 0.42  fLog 0.75  pdΔ -0.0701  pkR 10.42  clip 0.39  kl +0.031
upd  245  steps 8060928  sps 5691  opp buf  loss +0.007  pg -0.0076  v 0.135  ev +1.00  adv_std 0.543  tR -0.10  ent[s/d/p/e] 1.49/1.25/0.69/0.32  emits 3.38  spf 408.8  z0 0.01  garr 136.7  tG 2926  e2 0.54  nF 21.5  pS 0.47  ptS 0.46  fLog 0.77  pdΔ -0.0282  pkR 8.96  clip 0.39  kl +0.036
upd  246  steps 8093696  sps 5693  opp frzn  loss +0.014  pg -0.0093  v 0.174  ev +1.00  adv_std 0.612  tR +0.07  ent[s/d/p/e] 1.51/1.30/0.67/0.25  emits 3.38  spf 467.1  z0 0.05  garr 143.6  tG 3300  e2 0.51  nF 20.2  pS 0.44  ptS 0.43  fLog 0.77  pdΔ -0.0575  pkR 11.37  clip 0.37  kl +0.029
upd  247  steps 8126464  sps 5695  opp buf  loss -0.002  pg -0.0112  v 0.106  ev +1.00  adv_std 0.489  tR +0.44  ent[s/d/p/e] 1.44/1.57/0.67/0.38  emits 2.57  spf 312.2  z0 0.02  garr 108.9  tG 1877  e2 0.44  nF 23.6  pS 0.42  ptS 0.41  fLog 0.65  pdΔ -0.0831  pkR 15.67  clip 0.40  kl +0.034
upd  248  steps 8159232  sps 5697  opp buf  loss -0.001  pg -0.0092  v 0.099  ev +1.00  adv_std 0.473  tR -0.15  ent[s/d/p/e] 1.40/1.37/0.65/0.38  emits 2.88  spf 311.0  z0 0.04  garr 107.3  tG 2072  e2 0.48  nF 23.2  pS 0.42  ptS 0.41  fLog 0.69  pdΔ -0.0754  pkR 12.14  clip 0.40  kl +0.036
upd  249  steps 8192000  sps 5699  opp buf  loss +0.028  pg -0.0042  v 0.219  ev +1.00  adv_std 0.688  tR -0.01  ent[s/d/p/e] 1.47/1.27/0.67/0.29  emits 3.55  spf 470.1  z0 0.02  garr 162.7  tG 3523  e2 0.56  nF 22.0  pS 0.48  ptS 0.46  fLog 0.78  pdΔ -0.0181  pkR 11.84  clip 0.41  kl +0.037 WRr 0.78 WRf 0.59
upd  250  steps 8224768  sps 5648  opp frzn  loss -0.002  pg -0.0095  v 0.094  ev +1.00  adv_std 0.459  tR +0.04  ent[s/d/p/e] 1.42/1.32/0.65/0.29  emits 3.24  spf 429.0  z0 0.01  garr 132.7  tG 2656  e2 0.50  nF 22.5  pS 0.41  ptS 0.40  fLog 0.74  pdΔ -0.0886  pkR 11.16  clip 0.40  kl +0.037
upd  251  steps 8257536  sps 5650  opp buf  loss -0.003  pg -0.0124  v 0.104  ev +1.00  adv_std 0.484  tR +0.03  ent[s/d/p/e] 1.42/1.51/0.66/0.38  emits 2.82  spf 282.0  z0 0.03  garr 94.1  tG 1681  e2 0.49  nF 25.6  pS 0.43  ptS 0.42  fLog 0.65  pdΔ -0.0710  pkR 15.76  clip 0.40  kl +0.037
upd  252  steps 8290304  sps 5652  opp frzn  loss +0.009  pg -0.0088  v 0.141  ev +1.00  adv_std 0.558  tR +0.03  ent[s/d/p/e] 1.34/1.34/0.58/0.32  emits 3.10  spf 378.2  z0 0.04  garr 116.1  tG 2225  e2 0.49  nF 23.8  pS 0.41  ptS 0.39  fLog 0.71  pdΔ -0.0945  pkR 8.96  clip 0.37  kl +0.029
upd  253  steps 8323072  sps 5654  opp frzn  loss -0.001  pg -0.0119  v 0.110  ev +0.99  adv_std 0.490  tR +0.26  ent[s/d/p/e] 1.40/1.60/0.60/0.34  emits 2.60  spf 383.9  z0 0.03  garr 96.8  tG 1811  e2 0.43  nF 26.6  pS 0.37  ptS 0.36  fLog 0.63  pdΔ -0.1266  pkR 14.66  clip 0.39  kl +0.035
upd  254  steps 8355840  sps 5656  opp buf  loss -0.000  pg -0.0103  v 0.112  ev +0.99  adv_std 0.506  tR +0.08  ent[s/d/p/e] 1.38/1.74/0.66/0.48  emits 2.28  spf 87.0  z0 0.05  garr 58.9  tG 779  e2 0.43  nF 26.8  pS 0.40  ptS 0.39  fLog 0.53  pdΔ -0.0967  pkR 12.77  clip 0.40  kl +0.039
upd  255  steps 8388608  sps 5658  opp buf  loss +0.002  pg -0.0088  v 0.110  ev +1.00  adv_std 0.493  tR -0.04  ent[s/d/p/e] 1.40/1.30/0.66/0.35  emits 3.08  spf 320.0  z0 0.04  garr 112.4  tG 2133  e2 0.51  nF 23.6  pS 0.43  ptS 0.42  fLog 0.72  pdΔ -0.0676  pkR 10.20  clip 0.40  kl +0.037
upd  256  steps 8421376  sps 5660  opp buf  loss +0.021  pg -0.0075  v 0.199  ev +1.00  adv_std 0.640  tR +0.05  ent[s/d/p/e] 1.46/1.21/0.66/0.27  emits 3.58  spf 451.6  z0 0.02  garr 153.2  tG 3314  e2 0.56  nF 21.8  pS 0.47  ptS 0.46  fLog 0.78  pdΔ -0.0288  pkR 8.59  clip 0.38  kl +0.031
upd  257  steps 8454144  sps 5662  opp buf  loss +0.012  pg -0.0101  v 0.164  ev +1.00  adv_std 0.585  tR -0.01  ent[s/d/p/e] 1.43/1.22/0.64/0.28  emits 3.43  spf 425.0  z0 0.02  garr 144.6  tG 2868  e2 0.53  nF 21.7  pS 0.44  ptS 0.43  fLog 0.78  pdΔ -0.0625  pkR 9.36  clip 0.36  kl +0.028
upd  258  steps 8486912  sps 5664  opp frzn  loss +0.005  pg -0.0112  v 0.133  ev +1.00  adv_std 0.535  tR -0.01  ent[s/d/p/e] 1.37/1.32/0.62/0.28  emits 3.12  spf 362.5  z0 0.06  garr 111.4  tG 2162  e2 0.48  nF 22.6  pS 0.39  ptS 0.38  fLog 0.72  pdΔ -0.1080  pkR 15.27  clip 0.36  kl +0.025
upd  259  steps 8519680  sps 5665  opp buf  loss -0.000  pg -0.0110  v 0.114  ev +1.00  adv_std 0.509  tR +0.44  ent[s/d/p/e] 1.44/1.48/0.67/0.39  emits 2.73  spf 273.0  z0 0.02  garr 97.1  tG 1695  e2 0.48  nF 22.6  pS 0.45  ptS 0.43  fLog 0.66  pdΔ -0.0537  pkR 15.93  clip 0.41  kl +0.037
upd  260  steps 8552448  sps 5667  opp buf  loss +0.016  pg -0.0072  v 0.175  ev +1.00  adv_std 0.615  tR +0.03  ent[s/d/p/e] 1.42/1.33/0.64/0.35  emits 3.10  spf 294.7  z0 0.03  garr 115.5  tG 2244  e2 0.51  nF 22.1  pS 0.42  ptS 0.42  fLog 0.71  pdΔ -0.0794  pkR 15.62  clip 0.41  kl +0.039
upd  261  steps 8585216  sps 5669  opp frzn  loss -0.004  pg -0.0115  v 0.096  ev +1.00  adv_std 0.459  tR -0.09  ent[s/d/p/e] 1.44/1.28/0.65/0.29  emits 3.31  spf 422.5  z0 0.01  garr 139.2  tG 2828  e2 0.52  nF 21.9  pS 0.41  ptS 0.41  fLog 0.75  pdΔ -0.0863  pkR 12.50  clip 0.40  kl +0.035
upd  262  steps 8617984  sps 5671  opp frzn  loss +0.000  pg -0.0108  v 0.112  ev +0.99  adv_std 0.502  tR +0.12  ent[s/d/p/e] 1.34/1.58/0.63/0.36  emits 2.61  spf 303.5  z0 0.03  garr 93.1  tG 1603  e2 0.44  nF 24.4  pS 0.35  ptS 0.35  fLog 0.62  pdΔ -0.1476  pkR 22.40  clip 0.40  kl +0.035
upd  263  steps 8650752  sps 5673  opp buf  loss +0.002  pg -0.0100  v 0.118  ev +0.99  adv_std 0.522  tR +0.08  ent[s/d/p/e] 1.38/1.61/0.65/0.49  emits 2.33  spf 137.0  z0 0.04  garr 75.8  tG 1039  e2 0.43  nF 22.5  pS 0.42  ptS 0.41  fLog 0.59  pdΔ -0.0789  pkR 18.86  clip 0.41  kl +0.039
upd  264  steps 8683520  sps 5674  opp buf  loss +0.012  pg -0.0081  v 0.160  ev +1.00  adv_std 0.588  tR -0.03  ent[s/d/p/e] 1.48/1.38/0.67/0.33  emits 3.24  spf 340.6  z0 0.02  garr 124.0  tG 2367  e2 0.53  nF 23.4  pS 0.45  ptS 0.44  fLog 0.71  pdΔ -0.0501  pkR 12.48  clip 0.40  kl +0.035
upd  265  steps 8716288  sps 5676  opp frzn  loss +0.003  pg -0.0096  v 0.120  ev +1.00  adv_std 0.517  tR -0.04  ent[s/d/p/e] 1.46/1.36/0.60/0.26  emits 3.09  spf 374.8  z0 0.05  garr 110.0  tG 2378  e2 0.46  nF 23.2  pS 0.40  ptS 0.39  fLog 0.72  pdΔ -0.1007  pkR 12.08  clip 0.36  kl +0.029
upd  266  steps 8749056  sps 5678  opp frzn  loss +0.004  pg -0.0109  v 0.130  ev +0.99  adv_std 0.546  tR +0.40  ent[s/d/p/e] 1.45/1.61/0.63/0.31  emits 2.78  spf 328.9  z0 0.03  garr 95.0  tG 1875  e2 0.45  nF 26.4  pS 0.39  ptS 0.38  fLog 0.64  pdΔ -0.1053  pkR 13.85  clip 0.39  kl +0.033
upd  267  steps 8781824  sps 5680  opp frzn  loss -0.001  pg -0.0107  v 0.106  ev +0.97  adv_std 0.492  tR +0.21  ent[s/d/p/e] 1.29/1.90/0.58/0.53  emits 1.99  spf 65.5  z0 0.03  garr 50.8  tG 561  e2 0.37  nF 25.3  pS 0.37  ptS 0.36  fLog 0.48  pdΔ -0.1344  pkR 12.06  clip 0.38  kl +0.030
upd  268  steps 8814592  sps 5681  opp buf  loss +0.010  pg -0.0098  v 0.159  ev +0.99  adv_std 0.601  tR +0.33  ent[s/d/p/e] 1.39/1.66/0.66/0.50  emits 2.29  spf 102.0  z0 0.03  garr 67.9  tG 875  e2 0.44  nF 23.8  pS 0.44  ptS 0.43  fLog 0.56  pdΔ -0.0624  pkR 11.71  clip 0.40  kl +0.038
upd  269  steps 8847360  sps 5683  opp buf  loss +0.006  pg -0.0085  v 0.129  ev +1.00  adv_std 0.533  tR -0.02  ent[s/d/p/e] 1.41/1.32/0.65/0.34  emits 2.87  spf 256.0  z0 0.02  garr 92.2  tG 1678  e2 0.46  nF 21.5  pS 0.41  ptS 0.41  fLog 0.71  pdΔ -0.0875  pkR 10.33  clip 0.39  kl +0.031
upd  270  steps 8880128  sps 5685  opp buf  loss +0.010  pg -0.0109  v 0.162  ev +1.00  adv_std 0.583  tR -0.16  ent[s/d/p/e] 1.49/1.21/0.68/0.25  emits 3.72  spf 395.6  z0 0.01  garr 139.5  tG 2874  e2 0.57  nF 21.2  pS 0.47  ptS 0.46  fLog 0.78  pdΔ -0.0334  pkR 8.30  clip 0.40  kl +0.032
upd  271  steps 8912896  sps 5687  opp buf  loss +0.012  pg -0.0116  v 0.174  ev +1.00  adv_std 0.605  tR +0.19  ent[s/d/p/e] 1.51/1.19/0.67/0.25  emits 3.94  spf 426.0  z0 0.01  garr 152.3  tG 3239  e2 0.60  nF 22.1  pS 0.51  ptS 0.49  fLog 0.79  pdΔ +0.0089  pkR 9.87  clip 0.40  kl +0.031
upd  272  steps 8945664  sps 5688  opp buf  loss +0.010  pg -0.0115  v 0.165  ev +1.00  adv_std 0.577  tR +0.10  ent[s/d/p/e] 1.51/1.20/0.65/0.21  emits 4.11  spf 469.8  z0 0.01  garr 164.7  tG 3678  e2 0.61  nF 23.1  pS 0.50  ptS 0.48  fLog 0.80  pdΔ +0.0011  pkR 7.17  clip 0.38  kl +0.026
upd  273  steps 8978432  sps 5690  opp buf  loss +0.005  pg -0.0111  v 0.136  ev +1.00  adv_std 0.534  tR +0.19  ent[s/d/p/e] 1.49/1.26/0.63/0.22  emits 4.05  spf 474.6  z0 0.01  garr 165.3  tG 3508  e2 0.61  nF 25.4  pS 0.48  ptS 0.47  fLog 0.79  pdΔ -0.0186  pkR 9.08  clip 0.40  kl +0.031
upd  274  steps 9011200  sps 5692  opp buf  loss -0.001  pg -0.0138  v 0.123  ev +1.00  adv_std 0.502  tR +0.05  ent[s/d/p/e] 1.43/1.24/0.64/0.26  emits 3.72  spf 410.8  z0 0.01  garr 136.5  tG 2754  e2 0.58  nF 24.6  pS 0.45  ptS 0.45  fLog 0.77  pdΔ -0.0458  pkR 8.89  clip 0.39  kl +0.027
upd  275  steps 9043968  sps 5693  opp buf  loss +0.016  pg -0.0078  v 0.175  ev +1.00  adv_std 0.607  tR +0.01  ent[s/d/p/e] 1.42/1.22/0.65/0.26  emits 3.86  spf 398.6  z0 0.01  garr 142.6  tG 2753  e2 0.60  nF 24.8  pS 0.45  ptS 0.45  fLog 0.77  pdΔ -0.0502  pkR 9.54  clip 0.42  kl +0.033
upd  276  steps 9076736  sps 5695  opp buf  loss +0.007  pg -0.0085  v 0.134  ev +1.00  adv_std 0.530  tR -0.03  ent[s/d/p/e] 1.43/1.22/0.66/0.24  emits 3.83  spf 409.7  z0 0.01  garr 134.7  tG 2845  e2 0.59  nF 24.8  pS 0.43  ptS 0.43  fLog 0.77  pdΔ -0.0674  pkR 10.90  clip 0.39  kl +0.031
upd  277  steps 9109504  sps 5696  opp frzn  loss +0.011  pg -0.0082  v 0.152  ev +1.00  adv_std 0.578  tR -0.17  ent[s/d/p/e] 1.38/1.28/0.61/0.22  emits 3.32  spf 442.7  z0 0.04  garr 119.0  tG 2560  e2 0.49  nF 23.9  pS 0.37  ptS 0.36  fLog 0.74  pdΔ -0.1322  pkR 12.50  clip 0.37  kl +0.032
upd  278  steps 9142272  sps 5698  opp buf  loss +0.003  pg -0.0134  v 0.142  ev +1.00  adv_std 0.565  tR +0.12  ent[s/d/p/e] 1.41/1.44/0.64/0.35  emits 2.92  spf 313.3  z0 0.03  garr 113.4  tG 1993  e2 0.50  nF 24.4  pS 0.43  ptS 0.42  fLog 0.68  pdΔ -0.0690  pkR 13.77  clip 0.38  kl +0.032
upd  279  steps 9175040  sps 5700  opp buf  loss +0.007  pg -0.0109  v 0.146  ev +1.00  adv_std 0.555  tR +0.04  ent[s/d/p/e] 1.44/1.22/0.63/0.28  emits 3.89  spf 380.3  z0 0.02  garr 152.1  tG 2818  e2 0.62  nF 23.0  pS 0.47  ptS 0.47  fLog 0.76  pdΔ -0.0267  pkR 9.85  clip 0.41  kl +0.033
upd  280  steps 9207808  sps 5701  opp frzn  loss -0.003  pg -0.0121  v 0.100  ev +1.00  adv_std 0.483  tR -0.07  ent[s/d/p/e] 1.38/1.28/0.62/0.20  emits 3.43  spf 484.2  z0 0.03  garr 137.8  tG 2883  e2 0.50  nF 23.4  pS 0.37  ptS 0.36  fLog 0.75  pdΔ -0.1297  pkR 11.84  clip 0.38  kl +0.032
upd  281  steps 9240576  sps 5703  opp buf  loss +0.008  pg -0.0090  v 0.143  ev +1.00  adv_std 0.569  tR +0.14  ent[s/d/p/e] 1.37/1.56/0.62/0.36  emits 2.86  spf 217.8  z0 0.04  garr 79.4  tG 1348  e2 0.49  nF 29.0  pS 0.40  ptS 0.39  fLog 0.60  pdΔ -0.1047  pkR 20.14  clip 0.41  kl +0.042
upd  282  steps 9273344  sps 5704  opp frzn  loss +0.004  pg -0.0123  v 0.133  ev +1.00  adv_std 0.549  tR -0.23  ent[s/d/p/e] 1.31/1.34/0.61/0.31  emits 3.18  spf 272.2  z0 0.02  garr 95.2  tG 1734  e2 0.52  nF 24.8  pS 0.38  ptS 0.38  fLog 0.68  pdΔ -0.1236  pkR 22.72  clip 0.39  kl +0.034
upd  283  steps 9306112  sps 5706  opp buf  loss +0.012  pg -0.0105  v 0.167  ev +1.00  adv_std 0.608  tR -0.11  ent[s/d/p/e] 1.34/1.41/0.64/0.34  emits 3.07  spf 260.9  z0 0.04  garr 90.9  tG 1623  e2 0.52  nF 26.8  pS 0.40  ptS 0.39  fLog 0.65  pdΔ -0.1021  pkR 12.70  clip 0.40  kl +0.035
upd  284  steps 9338880  sps 5707  opp frzn  loss -0.004  pg -0.0135  v 0.103  ev +1.00  adv_std 0.478  tR -0.12  ent[s/d/p/e] 1.33/1.16/0.63/0.28  emits 3.62  spf 320.2  z0 0.02  garr 121.3  tG 2129  e2 0.58  nF 23.3  pS 0.41  ptS 0.40  fLog 0.74  pdΔ -0.0939  pkR 9.68  clip 0.40  kl +0.033
upd  285  steps 9371648  sps 5709  opp frzn  loss +0.009  pg -0.0087  v 0.142  ev +0.99  adv_std 0.563  tR -0.12  ent[s/d/p/e] 1.27/1.50/0.62/0.31  emits 2.87  spf 257.4  z0 0.03  garr 87.5  tG 1421  e2 0.47  nF 26.4  pS 0.33  ptS 0.32  fLog 0.61  pdΔ -0.1677  pkR 18.10  clip 0.39  kl +0.038
upd  286  steps 9404416  sps 5711  opp buf  loss +0.011  pg -0.0085  v 0.153  ev +0.99  adv_std 0.585  tR +0.19  ent[s/d/p/e] 1.31/1.68/0.62/0.46  emits 2.53  spf 96.1  z0 0.04  garr 62.9  tG 800  e2 0.47  nF 29.3  pS 0.42  ptS 0.41  fLog 0.54  pdΔ -0.0831  pkR 15.35  clip 0.40  kl +0.037
upd  287  steps 9437184  sps 5712  opp buf  loss +0.011  pg -0.0120  v 0.172  ev +1.00  adv_std 0.597  tR -0.10  ent[s/d/p/e] 1.39/1.23/0.65/0.29  emits 3.66  spf 263.3  z0 0.04  garr 114.8  tG 2071  e2 0.58  nF 23.0  pS 0.47  ptS 0.45  fLog 0.73  pdΔ -0.0334  pkR 11.97  clip 0.40  kl +0.031
upd  288  steps 9469952  sps 5714  opp frzn  loss +0.024  pg -0.0085  v 0.219  ev +1.00  adv_std 0.676  tR +0.12  ent[s/d/p/e] 1.43/1.13/0.67/0.20  emits 4.19  spf 422.1  z0 0.03  garr 163.3  tG 3334  e2 0.61  nF 21.0  pS 0.47  ptS 0.45  fLog 0.79  pdΔ -0.0327  pkR 9.45  clip 0.40  kl +0.030
upd  289  steps 9502720  sps 5715  opp frzn  loss +0.009  pg -0.0113  v 0.157  ev +0.99  adv_std 0.589  tR +0.16  ent[s/d/p/e] 1.26/1.45/0.63/0.34  emits 2.72  spf 319.3  z0 0.04  garr 101.6  tG 1729  e2 0.45  nF 24.1  pS 0.38  ptS 0.37  fLog 0.65  pdΔ -0.1227  pkR 23.41  clip 0.37  kl +0.031
upd  290  steps 9535488  sps 5717  opp buf  loss +0.018  pg -0.0104  v 0.198  ev +0.99  adv_std 0.667  tR +0.21  ent[s/d/p/e] 1.32/1.61/0.63/0.46  emits 2.64  spf 117.7  z0 0.04  garr 76.4  tG 956  e2 0.49  nF 27.2  pS 0.44  ptS 0.43  fLog 0.57  pdΔ -0.0585  pkR 12.87  clip 0.40  kl +0.036
upd  291  steps 9568256  sps 5718  opp buf  loss +0.021  pg -0.0099  v 0.210  ev +1.00  adv_std 0.670  tR +0.21  ent[s/d/p/e] 1.32/1.19/0.64/0.28  emits 3.74  spf 289.0  z0 0.03  garr 121.4  tG 2104  e2 0.59  nF 24.1  pS 0.46  ptS 0.45  fLog 0.73  pdΔ -0.0426  pkR 9.45  clip 0.40  kl +0.034
upd  292  steps 9601024  sps 5720  opp buf  loss +0.026  pg -0.0098  v 0.234  ev +1.00  adv_std 0.697  tR +0.12  ent[s/d/p/e] 1.34/1.08/0.65/0.25  emits 3.90  spf 423.9  z0 0.02  garr 157.5  tG 3037  e2 0.60  nF 21.1  pS 0.45  ptS 0.44  fLog 0.78  pdΔ -0.0502  pkR 9.11  clip 0.40  kl +0.028
upd  293  steps 9633792  sps 5721  opp buf  loss +0.026  pg -0.0078  v 0.224  ev +1.00  adv_std 0.686  tR -0.23  ent[s/d/p/e] 1.34/1.13/0.62/0.24  emits 4.09  spf 400.5  z0 0.02  garr 159.5  tG 3089  e2 0.63  nF 23.3  pS 0.45  ptS 0.44  fLog 0.77  pdΔ -0.0507  pkR 12.40  clip 0.41  kl +0.034
upd  294  steps 9666560  sps 5722  opp buf  loss +0.043  pg -0.0064  v 0.301  ev +0.99  adv_std 0.780  tR +0.05  ent[s/d/p/e] 1.39/1.17/0.65/0.23  emits 4.05  spf 397.9  z0 0.02  garr 150.4  tG 3092  e2 0.61  nF 25.9  pS 0.45  ptS 0.44  fLog 0.75  pdΔ -0.0451  pkR 20.57  clip 0.40  kl +0.033
upd  295  steps 9699328  sps 5724  opp buf  loss +0.008  pg -0.0112  v 0.147  ev +1.00  adv_std 0.551  tR -0.03  ent[s/d/p/e] 1.38/1.06/0.63/0.23  emits 4.27  spf 420.7  z0 0.01  garr 164.2  tG 3243  e2 0.65  nF 22.6  pS 0.45  ptS 0.44  fLog 0.78  pdΔ -0.0526  pkR 8.80  clip 0.40  kl +0.032
upd  296  steps 9732096  sps 5725  opp frzn  loss +0.012  pg -0.0097  v 0.160  ev +1.00  adv_std 0.588  tR -0.02  ent[s/d/p/e] 1.32/1.17/0.62/0.21  emits 3.79  spf 410.6  z0 0.02  garr 152.4  tG 2755  e2 0.56  nF 22.6  pS 0.38  ptS 0.37  fLog 0.75  pdΔ -0.1177  pkR 11.74  clip 0.38  kl +0.032
upd  297  steps 9764864  sps 5727  opp frzn  loss +0.013  pg -0.0112  v 0.175  ev +0.99  adv_std 0.633  tR +0.00  ent[s/d/p/e] 1.23/1.54/0.60/0.35  emits 2.82  spf 250.2  z0 0.04  garr 92.9  tG 1297  e2 0.48  nF 26.1  pS 0.36  ptS 0.35  fLog 0.60  pdΔ -0.1391  pkR 24.47  clip 0.38  kl +0.038
upd  298  steps 9797632  sps 5728  opp buf  loss +0.026  pg -0.0104  v 0.236  ev +0.99  adv_std 0.719  tR +0.06  ent[s/d/p/e] 1.25/1.52/0.60/0.41  emits 2.83  spf 153.4  z0 0.05  garr 85.2  tG 1011  e2 0.51  nF 28.0  pS 0.40  ptS 0.39  fLog 0.58  pdΔ -0.1002  pkR 11.98  clip 0.39  kl +0.035
upd  299  steps 9830400  sps 5730  opp buf  loss +0.023  pg -0.0086  v 0.212  ev +1.00  adv_std 0.671  tR -0.06  ent[s/d/p/e] 1.29/1.15/0.65/0.26  emits 3.96  spf 336.1  z0 0.02  garr 142.1  tG 2288  e2 0.62  nF 23.1  pS 0.45  ptS 0.43  fLog 0.75  pdΔ -0.0550  pkR 11.43  clip 0.39  kl +0.034 WRr 0.66 WRf 0.72
[ckpt] saved ./ckpt_multi_action_v11_f29b/ckpt_000299.pkl
upd  300  steps 9863168  sps 5689  opp frzn  loss +0.012  pg -0.0111  v 0.167  ev +1.00  adv_std 0.610  tR +0.04  ent[s/d/p/e] 1.33/1.16/0.65/0.24  emits 3.84  spf 376.0  z0 0.01  garr 137.5  tG 2576  e2 0.58  nF 23.5  pS 0.41  ptS 0.39  fLog 0.74  pdΔ -0.0942  pkR 13.48  clip 0.40  kl +0.034
upd  301  steps 9895936  sps 5691  opp frzn  loss +0.006  pg -0.0112  v 0.143  ev +0.99  adv_std 0.574  tR +0.07  ent[s/d/p/e] 1.32/1.60/0.61/0.34  emits 2.92  spf 225.4  z0 0.04  garr 84.0  tG 1369  e2 0.48  nF 29.8  pS 0.37  ptS 0.36  fLog 0.58  pdΔ -0.1290  pkR 20.72  clip 0.39  kl +0.033
upd  302  steps 9928704  sps 5692  opp buf  loss +0.014  pg -0.0097  v 0.174  ev +0.99  adv_std 0.619  tR +0.15  ent[s/d/p/e] 1.31/1.58/0.63/0.43  emits 2.80  spf 120.6  z0 0.04  garr 69.0  tG 911  e2 0.51  nF 28.6  pS 0.42  ptS 0.41  fLog 0.57  pdΔ -0.0782  pkR 14.86  clip 0.39  kl +0.035
upd  303  steps 9961472  sps 5694  opp buf  loss +0.013  pg -0.0098  v 0.170  ev +1.00  adv_std 0.608  tR +0.07  ent[s/d/p/e] 1.35/1.16/0.63/0.26  emits 3.86  spf 312.3  z0 0.02  garr 138.5  tG 2346  e2 0.60  nF 24.6  pS 0.45  ptS 0.44  fLog 0.74  pdΔ -0.0513  pkR 13.31  clip 0.39  kl +0.035
upd  304  steps 9994240  sps 5695  opp frzn  loss +0.006  pg -0.0091  v 0.125  ev +1.00  adv_std 0.531  tR -0.12  ent[s/d/p/e] 1.31/1.16/0.62/0.20  emits 3.70  spf 401.2  z0 0.03  garr 129.9  tG 2462  e2 0.53  nF 24.7  pS 0.35  ptS 0.35  fLog 0.73  pdΔ -0.1469  pkR 14.64  clip 0.38  kl +0.037
upd  305  steps 10027008  sps 5697  opp buf  loss +0.026  pg -0.0110  v 0.237  ev +0.99  adv_std 0.710  tR +0.09  ent[s/d/p/e] 1.31/1.32/0.61/0.37  emits 2.87  spf 280.5  z0 0.04  garr 97.2  tG 1555  e2 0.50  nF 25.3  pS 0.39  ptS 0.38  fLog 0.65  pdΔ -0.1118  pkR 24.86  clip 0.37  kl +0.032
upd  306  steps 10059776  sps 5698  opp frzn  loss +0.032  pg -0.0067  v 0.246  ev +0.99  adv_std 0.721  tR +0.17  ent[s/d/p/e] 1.25/1.22/0.61/0.30  emits 3.38  spf 280.6  z0 0.03  garr 111.3  tG 1710  e2 0.54  nF 22.9  pS 0.37  ptS 0.36  fLog 0.68  pdΔ -0.1269  pkR 16.91  clip 0.39  kl +0.038
upd  307  steps 10092544  sps 5700  opp frzn  loss +0.008  pg -0.0124  v 0.155  ev +0.99  adv_std 0.591  tR -0.17  ent[s/d/p/e] 1.20/1.46/0.59/0.38  emits 2.70  spf 221.1  z0 0.03  garr 86.1  tG 1130  e2 0.46  nF 25.4  pS 0.31  ptS 0.30  fLog 0.58  pdΔ -0.1874  pkR 27.85  clip 0.37  kl +0.034
upd  308  steps 10125312  sps 5701  opp buf  loss +0.010  pg -0.0105  v 0.158  ev +0.99  adv_std 0.588  tR +0.02  ent[s/d/p/e] 1.35/1.55/0.64/0.44  emits 2.64  spf 123.9  z0 0.04  garr 75.4  tG 884  e2 0.48  nF 26.6  pS 0.41  ptS 0.40  fLog 0.56  pdΔ -0.0931  pkR 9.40  clip 0.38  kl +0.033
upd  309  steps 10158080  sps 5703  opp frzn  loss +0.033  pg -0.0078  v 0.255  ev +1.00  adv_std 0.731  tR +0.30  ent[s/d/p/e] 1.33/1.24/0.60/0.27  emits 3.60  spf 288.5  z0 0.01  garr 111.7  tG 1972  e2 0.56  nF 24.9  pS 0.40  ptS 0.40  fLog 0.70  pdΔ -0.0983  pkR 15.45  clip 0.40  kl +0.031
upd  310  steps 10190848  sps 5704  opp buf  loss +0.020  pg -0.0117  v 0.215  ev +1.00  adv_std 0.685  tR +0.00  ent[s/d/p/e] 1.36/1.23/0.64/0.30  emits 3.61  spf 344.4  z0 0.02  garr 132.3  tG 2319  e2 0.58  nF 24.3  pS 0.42  ptS 0.41  fLog 0.71  pdΔ -0.0760  pkR 14.47  clip 0.41  kl +0.035
upd  311  steps 10223616  sps 5706  opp buf  loss +0.015  pg -0.0104  v 0.177  ev +1.00  adv_std 0.589  tR -0.05  ent[s/d/p/e] 1.33/1.04/0.63/0.22  emits 4.52  spf 390.1  z0 0.02  garr 168.2  tG 3011  e2 0.68  nF 22.8  pS 0.46  ptS 0.44  fLog 0.78  pdΔ -0.0425  pkR 12.73  clip 0.40  kl +0.033
upd  312  steps 10256384  sps 5707  opp buf  loss +0.023  pg -0.0128  v 0.232  ev +1.00  adv_std 0.693  tR +0.12  ent[s/d/p/e] 1.34/1.03/0.65/0.20  emits 4.42  spf 429.9  z0 0.01  garr 178.2  tG 3055  e2 0.65  nF 22.4  pS 0.43  ptS 0.42  fLog 0.79  pdΔ -0.0677  pkR 16.81  clip 0.36  kl +0.027
upd  313  steps 10289152  sps 5708  opp buf  loss +0.022  pg -0.0104  v 0.215  ev +1.00  adv_std 0.672  tR -0.17  ent[s/d/p/e] 1.32/1.02/0.63/0.25  emits 4.17  spf 360.7  z0 0.02  garr 153.7  tG 2612  e2 0.64  nF 22.0  pS 0.43  ptS 0.41  fLog 0.77  pdΔ -0.0736  pkR 8.61  clip 0.39  kl +0.031
upd  314  steps 10321920  sps 5710  opp frzn  loss +0.013  pg -0.0111  v 0.171  ev +1.00  adv_std 0.616  tR -0.08  ent[s/d/p/e] 1.33/1.10/0.63/0.22  emits 4.06  spf 419.2  z0 0.01  garr 161.3  tG 2905  e2 0.61  nF 22.9  pS 0.38  ptS 0.37  fLog 0.76  pdΔ -0.1192  pkR 9.52  clip 0.41  kl +0.037
upd  315  steps 10354688  sps 5711  opp frzn  loss +0.007  pg -0.0136  v 0.157  ev +0.99  adv_std 0.597  tR -0.11  ent[s/d/p/e] 1.25/1.42/0.61/0.37  emits 2.86  spf 335.5  z0 0.04  garr 115.8  tG 1813  e2 0.49  nF 25.4  pS 0.33  ptS 0.31  fLog 0.63  pdΔ -0.1714  pkR 18.80  clip 0.39  kl +0.035
upd  316  steps 10387456  sps 5713  opp buf  loss +0.012  pg -0.0110  v 0.173  ev +0.99  adv_std 0.621  tR -0.12  ent[s/d/p/e] 1.30/1.55/0.63/0.43  emits 2.64  spf 159.1  z0 0.05  garr 78.4  tG 933  e2 0.48  nF 26.9  pS 0.38  ptS 0.37  fLog 0.57  pdΔ -0.1231  pkR 13.69  clip 0.37  kl +0.032
upd  317  steps 10420224  sps 5714  opp frzn  loss +0.010  pg -0.0113  v 0.163  ev +1.00  adv_std 0.609  tR +0.12  ent[s/d/p/e] 1.32/1.34/0.62/0.31  emits 3.04  spf 245.1  z0 0.03  garr 90.2  tG 1512  e2 0.48  nF 25.8  pS 0.37  ptS 0.36  fLog 0.65  pdΔ -0.1318  pkR 15.40  clip 0.38  kl +0.040
upd  318  steps 10452992  sps 5715  opp buf  loss +0.015  pg -0.0118  v 0.191  ev +1.00  adv_std 0.649  tR -0.02  ent[s/d/p/e] 1.30/1.30/0.64/0.35  emits 3.15  spf 242.2  z0 0.03  garr 109.1  tG 1569  e2 0.53  nF 25.9  pS 0.40  ptS 0.38  fLog 0.65  pdΔ -0.1041  pkR 16.37  clip 0.38  kl +0.037
upd  319  steps 10485760  sps 5717  opp buf  loss +0.017  pg -0.0104  v 0.188  ev +1.00  adv_std 0.638  tR +0.05  ent[s/d/p/e] 1.38/1.10/0.61/0.23  emits 4.24  spf 391.7  z0 0.02  garr 164.7  tG 2989  e2 0.65  nF 24.8  pS 0.45  ptS 0.43  fLog 0.76  pdΔ -0.0545  pkR 10.69  clip 0.40  kl +0.035
upd  320  steps 10518528  sps 5718  opp buf  loss +0.042  pg -0.0110  v 0.318  ev +1.00  adv_std 0.755  tR +0.02  ent[s/d/p/e] 1.41/1.03/0.62/0.19  emits 4.51  spf 507.9  z0 0.01  garr 194.0  tG 3794  e2 0.66  nF 24.3  pS 0.47  ptS 0.45  fLog 0.80  pdΔ -0.0315  pkR 10.86  clip 0.35  kl +0.027
upd  321  steps 10551296  sps 5719  opp buf  loss +0.008  pg -0.0100  v 0.142  ev +1.00  adv_std 0.555  tR +0.02  ent[s/d/p/e] 1.42/1.00/0.60/0.19  emits 4.66  spf 460.4  z0 0.01  garr 187.9  tG 3612  e2 0.69  nF 23.4  pS 0.47  ptS 0.46  fLog 0.80  pdΔ -0.0265  pkR 10.54  clip 0.41  kl +0.037
upd  322  steps 10584064  sps 5721  opp frzn  loss +0.008  pg -0.0143  v 0.165  ev +1.00  adv_std 0.601  tR +0.15  ent[s/d/p/e] 1.32/1.08/0.62/0.23  emits 3.82  spf 442.7  z0 0.01  garr 163.8  tG 2898  e2 0.58  nF 21.8  pS 0.37  ptS 0.36  fLog 0.75  pdΔ -0.1258  pkR 14.82  clip 0.38  kl +0.034
upd  323  steps 10616832  sps 5722  opp buf  loss +0.018  pg -0.0121  v 0.205  ev +0.99  adv_std 0.673  tR -0.04  ent[s/d/p/e] 1.39/1.32/0.65/0.35  emits 3.25  spf 275.8  z0 0.03  garr 114.0  tG 1775  e2 0.55  nF 25.3  pS 0.42  ptS 0.41  fLog 0.66  pdΔ -0.0807  pkR 18.29  clip 0.40  kl +0.038
upd  324  steps 10649600  sps 5723  opp buf  loss +0.010  pg -0.0121  v 0.165  ev +1.00  adv_std 0.600  tR +0.07  ent[s/d/p/e] 1.44/1.11/0.62/0.24  emits 4.18  spf 360.4  z0 0.02  garr 152.7  tG 2872  e2 0.65  nF 23.5  pS 0.46  ptS 0.45  fLog 0.76  pdΔ -0.0368  pkR 12.33  clip 0.40  kl +0.035
upd  325  steps 10682368  sps 5725  opp buf  loss +0.013  pg -0.0149  v 0.195  ev +1.00  adv_std 0.629  tR -0.01  ent[s/d/p/e] 1.44/1.02/0.63/0.20  emits 4.71  spf 426.5  z0 0.02  garr 188.1  tG 3500  e2 0.70  nF 22.1  pS 0.47  ptS 0.46  fLog 0.80  pdΔ -0.0307  pkR 11.67  clip 0.37  kl +0.026
upd  326  steps 10715136  sps 5726  opp buf  loss +0.020  pg -0.0091  v 0.198  ev +1.00  adv_std 0.644  tR +0.17  ent[s/d/p/e] 1.39/0.96/0.62/0.19  emits 4.77  spf 385.5  z0 0.01  garr 174.9  tG 3168  e2 0.71  nF 21.2  pS 0.47  ptS 0.46  fLog 0.80  pdΔ -0.0326  pkR 9.10  clip 0.41  kl +0.034
upd  327  steps 10747904  sps 5727  opp buf  loss +0.018  pg -0.0104  v 0.193  ev +1.00  adv_std 0.639  tR -0.02  ent[s/d/p/e] 1.42/0.98/0.64/0.18  emits 4.66  spf 438.5  z0 0.02  garr 186.4  tG 3516  e2 0.68  nF 22.3  pS 0.45  ptS 0.43  fLog 0.80  pdΔ -0.0513  pkR 9.01  clip 0.40  kl +0.034
upd  328  steps 10780672  sps 5728  opp frzn  loss +0.051  pg -0.0089  v 0.354  ev +0.99  adv_std 0.865  tR +0.22  ent[s/d/p/e] 1.30/1.08/0.65/0.23  emits 3.93  spf 343.2  z0 0.01  garr 149.9  tG 2591  e2 0.59  nF 23.6  pS 0.38  ptS 0.37  fLog 0.74  pdΔ -0.1190  pkR 14.57  clip 0.41  kl +0.040
upd  329  steps 10813440  sps 5730  opp frzn  loss +0.016  pg -0.0112  v 0.192  ev +0.99  adv_std 0.660  tR -0.16  ent[s/d/p/e] 1.28/1.46/0.61/0.36  emits 2.78  spf 234.3  z0 0.03  garr 85.6  tG 1200  e2 0.47  nF 26.9  pS 0.33  ptS 0.31  fLog 0.59  pdΔ -0.1750  pkR 24.79  clip 0.39  kl +0.043
upd  330  steps 10846208  sps 5731  opp frzn  loss +0.031  pg -0.0083  v 0.251  ev +0.97  adv_std 0.747  tR -0.04  ent[s/d/p/e] 1.24/1.65/0.61/0.44  emits 2.67  spf 154.5  z0 0.03  garr 80.0  tG 738  e2 0.48  nF 26.5  pS 0.36  ptS 0.36  fLog 0.56  pdΔ -0.1353  pkR 17.93  clip 0.38  kl +0.036
upd  331  steps 10878976  sps 5732  opp buf  loss +0.014  pg -0.0112  v 0.183  ev +0.99  adv_std 0.639  tR +0.08  ent[s/d/p/e] 1.35/1.50/0.63/0.38  emits 3.05  spf 180.1  z0 0.04  garr 88.5  tG 1127  e2 0.53  nF 28.9  pS 0.39  ptS 0.38  fLog 0.58  pdΔ -0.1057  pkR 24.68  clip 0.39  kl +0.039
upd  332  steps 10911744  sps 5733  opp buf  loss +0.036  pg -0.0100  v 0.286  ev +1.00  adv_std 0.765  tR +0.18  ent[s/d/p/e] 1.38/1.09/0.62/0.25  emits 4.29  spf 363.1  z0 0.01  garr 151.7  tG 2743  e2 0.67  nF 22.9  pS 0.46  ptS 0.45  fLog 0.76  pdΔ -0.0379  pkR 17.11  clip 0.42  kl +0.035
upd  333  steps 10944512  sps 5735  opp buf  loss +0.044  pg -0.0102  v 0.324  ev +0.99  adv_std 0.831  tR -0.05  ent[s/d/p/e] 1.44/1.04/0.63/0.21  emits 4.61  spf 395.1  z0 0.02  garr 171.3  tG 3190  e2 0.69  nF 23.1  pS 0.47  ptS 0.46  fLog 0.78  pdΔ -0.0313  pkR 12.34  clip 0.41  kl +0.035
upd  334  steps 10977280  sps 5736  opp buf  loss +0.014  pg -0.0120  v 0.185  ev +1.00  adv_std 0.628  tR +0.00  ent[s/d/p/e] 1.41/0.96/0.62/0.22  emits 4.54  spf 412.8  z0 0.01  garr 181.8  tG 3418  e2 0.69  nF 21.6  pS 0.45  ptS 0.44  fLog 0.79  pdΔ -0.0546  pkR 10.23  clip 0.41  kl +0.033
upd  335  steps 11010048  sps 5737  opp frzn  loss +0.010  pg -0.0132  v 0.169  ev +1.00  adv_std 0.607  tR +0.06  ent[s/d/p/e] 1.29/1.01/0.62/0.21  emits 4.09  spf 383.0  z0 0.01  garr 159.3  tG 2644  e2 0.61  nF 21.3  pS 0.36  ptS 0.35  fLog 0.77  pdΔ -0.1384  pkR 13.87  clip 0.38  kl +0.031
upd  336  steps 11042816  sps 5738  opp buf  loss +0.019  pg -0.0132  v 0.217  ev +0.99  adv_std 0.690  tR -0.21  ent[s/d/p/e] 1.27/1.30/0.62/0.35  emits 3.16  spf 248.9  z0 0.02  garr 116.0  tG 1402  e2 0.54  nF 24.8  pS 0.36  ptS 0.36  fLog 0.66  pdΔ -0.1360  pkR 19.71  clip 0.38  kl +0.035
upd  337  steps 11075584  sps 5740  opp buf  loss +0.022  pg -0.0106  v 0.218  ev +1.00  adv_std 0.675  tR -0.07  ent[s/d/p/e] 1.35/1.04/0.63/0.26  emits 4.09  spf 286.1  z0 0.02  garr 135.5  tG 2123  e2 0.64  nF 22.8  pS 0.48  ptS 0.46  fLog 0.75  pdΔ -0.0196  pkR 13.64  clip 0.38  kl +0.031
upd  338  steps 11108352  sps 5741  opp buf  loss +0.035  pg -0.0100  v 0.280  ev +1.00  adv_std 0.769  tR +0.01  ent[s/d/p/e] 1.45/0.96/0.62/0.15  emits 5.10  spf 478.7  z0 0.01  garr 218.5  tG 4070  e2 0.73  nF 22.5  pS 0.50  ptS 0.48  fLog 0.83  pdΔ +0.0023  pkR 7.81  clip 0.40  kl +0.033
upd  339  steps 11141120  sps 5742  opp buf  loss +0.027  pg -0.0115  v 0.244  ev +1.00  adv_std 0.703  tR +0.17  ent[s/d/p/e] 1.43/0.96/0.60/0.19  emits 4.76  spf 460.3  z0 0.01  garr 207.5  tG 3902  e2 0.71  nF 20.5  pS 0.46  ptS 0.45  fLog 0.81  pdΔ -0.0407  pkR 9.07  clip 0.37  kl +0.028
upd  340  steps 11173888  sps 5743  opp buf  loss +0.021  pg -0.0128  v 0.222  ev +1.00  adv_std 0.685  tR -0.07  ent[s/d/p/e] 1.42/1.02/0.62/0.19  emits 4.80  spf 421.5  z0 0.01  garr 196.4  tG 3404  e2 0.70  nF 23.3  pS 0.43  ptS 0.43  fLog 0.79  pdΔ -0.0693  pkR 10.01  clip 0.37  kl +0.028
upd  341  steps 11206656  sps 5745  opp buf  loss +0.009  pg -0.0136  v 0.163  ev +1.00  adv_std 0.600  tR -0.04  ent[s/d/p/e] 1.37/1.03/0.60/0.23  emits 4.31  spf 362.4  z0 0.01  garr 151.9  tG 2728  e2 0.66  nF 23.5  pS 0.41  ptS 0.41  fLog 0.77  pdΔ -0.0868  pkR 10.73  clip 0.40  kl +0.038
upd  342  steps 11239424  sps 5746  opp buf  loss +0.031  pg -0.0089  v 0.251  ev +1.00  adv_std 0.727  tR +0.00  ent[s/d/p/e] 1.38/1.04/0.62/0.24  emits 4.39  spf 365.8  z0 0.01  garr 166.3  tG 2873  e2 0.68  nF 23.4  pS 0.42  ptS 0.41  fLog 0.76  pdΔ -0.0802  pkR 11.35  clip 0.40  kl +0.037
upd  343  steps 11272192  sps 5747  opp buf  loss +0.029  pg -0.0110  v 0.253  ev +1.00  adv_std 0.735  tR -0.19  ent[s/d/p/e] 1.35/0.97/0.60/0.22  emits 4.64  spf 372.2  z0 0.02  garr 183.4  tG 2908  e2 0.70  nF 21.1  pS 0.43  ptS 0.42  fLog 0.79  pdΔ -0.0732  pkR 9.65  clip 0.42  kl +0.037
upd  344  steps 11304960  sps 5748  opp buf  loss +0.029  pg -0.0085  v 0.241  ev +1.00  adv_std 0.707  tR +0.01  ent[s/d/p/e] 1.39/1.00/0.63/0.21  emits 4.72  spf 435.1  z0 0.01  garr 216.6  tG 3468  e2 0.71  nF 21.0  pS 0.44  ptS 0.44  fLog 0.80  pdΔ -0.0558  pkR 8.48  clip 0.41  kl +0.035
upd  345  steps 11337728  sps 5749  opp buf  loss +0.026  pg -0.0119  v 0.240  ev +1.00  adv_std 0.714  tR -0.14  ent[s/d/p/e] 1.39/0.96/0.61/0.21  emits 4.64  spf 384.5  z0 0.01  garr 189.0  tG 3223  e2 0.70  nF 20.8  pS 0.43  ptS 0.43  fLog 0.80  pdΔ -0.0651  pkR 9.49  clip 0.40  kl +0.033
upd  346  steps 11370496  sps 5750  opp buf  loss +0.044  pg -0.0086  v 0.317  ev +0.99  adv_std 0.810  tR -0.09  ent[s/d/p/e] 1.37/0.98/0.63/0.20  emits 4.71  spf 398.0  z0 0.01  garr 198.0  tG 3348  e2 0.71  nF 22.2  pS 0.44  ptS 0.43  fLog 0.79  pdΔ -0.0637  pkR 9.71  clip 0.39  kl +0.035
upd  347  steps 11403264  sps 5752  opp buf  loss +0.027  pg -0.0114  v 0.245  ev +1.00  adv_std 0.707  tR -0.15  ent[s/d/p/e] 1.38/0.93/0.60/0.20  emits 4.58  spf 440.5  z0 0.02  garr 202.0  tG 3505  e2 0.70  nF 20.2  pS 0.45  ptS 0.44  fLog 0.81  pdΔ -0.0528  pkR 9.56  clip 0.38  kl +0.033
upd  348  steps 11436032  sps 5753  opp buf  loss +0.031  pg -0.0111  v 0.264  ev +1.00  adv_std 0.729  tR -0.06  ent[s/d/p/e] 1.39/0.93/0.62/0.19  emits 4.98  spf 466.9  z0 0.00  garr 235.4  tG 3965  e2 0.74  nF 21.1  pS 0.46  ptS 0.44  fLog 0.81  pdΔ -0.0409  pkR 8.55  clip 0.41  kl +0.034
upd  349  steps 11468800  sps 5754  opp buf  loss +0.018  pg -0.0121  v 0.201  ev +1.00  adv_std 0.650  tR +0.03  ent[s/d/p/e] 1.34/0.96/0.60/0.21  emits 4.55  spf 410.4  z0 0.01  garr 191.8  tG 3131  e2 0.68  nF 20.6  pS 0.42  ptS 0.41  fLog 0.80  pdΔ -0.0817  pkR 8.92  clip 0.38  kl +0.034 WRr 0.69 WRf 0.56
upd  350  steps 11501568  sps 5717  opp buf  loss +0.011  pg -0.0116  v 0.167  ev +1.00  adv_std 0.600  tR -0.06  ent[s/d/p/e] 1.32/0.95/0.62/0.20  emits 4.59  spf 414.6  z0 0.01  garr 195.5  tG 3228  e2 0.69  nF 21.2  pS 0.40  ptS 0.40  fLog 0.79  pdΔ -0.0964  pkR 12.47  clip 0.41  kl +0.035
upd  351  steps 11534336  sps 5718  opp frzn  loss +0.036  pg -0.0090  v 0.276  ev +1.00  adv_std 0.773  tR -0.31  ent[s/d/p/e] 1.24/1.07/0.60/0.21  emits 3.88  spf 271.2  z0 0.03  garr 122.3  tG 1821  e2 0.59  nF 23.1  pS 0.33  ptS 0.32  fLog 0.72  pdΔ -0.1662  pkR 13.21  clip 0.41  kl +0.046
upd  352  steps 11567104  sps 5719  opp buf  loss +0.021  pg -0.0103  v 0.209  ev +0.99  adv_std 0.661  tR -0.08  ent[s/d/p/e] 1.31/1.23/0.63/0.33  emits 3.23  spf 244.3  z0 0.02  garr 114.0  tG 1673  e2 0.54  nF 23.5  pS 0.38  ptS 0.37  fLog 0.67  pdΔ -0.1172  pkR 17.47  clip 0.39  kl +0.038
upd  353  steps 11599872  sps 5720  opp frzn  loss +0.026  pg -0.0095  v 0.226  ev +1.00  adv_std 0.701  tR +0.08  ent[s/d/p/e] 1.23/1.14/0.58/0.27  emits 3.42  spf 244.9  z0 0.02  garr 101.9  tG 1455  e2 0.54  nF 24.0  pS 0.33  ptS 0.33  fLog 0.67  pdΔ -0.1663  pkR 20.19  clip 0.40  kl +0.047
upd  354  steps 11632640  sps 5722  opp buf  loss +0.018  pg -0.0122  v 0.202  ev +1.00  adv_std 0.664  tR -0.20  ent[s/d/p/e] 1.21/1.10/0.61/0.33  emits 3.35  spf 247.5  z0 0.02  garr 114.8  tG 1539  e2 0.57  nF 23.3  pS 0.36  ptS 0.35  fLog 0.67  pdΔ -0.1386  pkR 21.65  clip 0.39  kl +0.036
upd  355  steps 11665408  sps 5723  opp frzn  loss +0.015  pg -0.0112  v 0.180  ev +1.00  adv_std 0.637  tR -0.37  ent[s/d/p/e] 1.25/1.02/0.59/0.23  emits 4.11  spf 351.0  z0 0.02  garr 165.0  tG 2281  e2 0.63  nF 22.3  pS 0.38  ptS 0.37  fLog 0.76  pdΔ -0.1198  pkR 10.07  clip 0.41  kl +0.040
upd  356  steps 11698176  sps 5724  opp buf  loss +0.016  pg -0.0152  v 0.205  ev +0.99  adv_std 0.674  tR -0.17  ent[s/d/p/e] 1.22/1.07/0.62/0.30  emits 3.60  spf 291.5  z0 0.02  garr 144.0  tG 1784  e2 0.59  nF 22.0  pS 0.36  ptS 0.35  fLog 0.71  pdΔ -0.1421  pkR 13.99  clip 0.38  kl +0.034
upd  357  steps 11730944  sps 5725  opp buf  loss +0.020  pg -0.0088  v 0.194  ev +1.00  adv_std 0.645  tR -0.31  ent[s/d/p/e] 1.33/0.98/0.58/0.22  emits 4.46  spf 295.6  z0 0.02  garr 158.4  tG 2251  e2 0.68  nF 22.3  pS 0.40  ptS 0.40  fLog 0.76  pdΔ -0.0975  pkR 9.40  clip 0.39  kl +0.036
upd  358  steps 11763712  sps 5726  opp buf  loss +0.019  pg -0.0112  v 0.203  ev +1.00  adv_std 0.645  tR +0.00  ent[s/d/p/e] 1.38/0.91/0.60/0.19  emits 4.79  spf 391.9  z0 0.01  garr 192.2  tG 3165  e2 0.71  nF 19.6  pS 0.42  ptS 0.41  fLog 0.80  pdΔ -0.0807  pkR 9.66  clip 0.38  kl +0.030
upd  359  steps 11796480  sps 5728  opp buf  loss +0.013  pg -0.0140  v 0.188  ev +1.00  adv_std 0.630  tR +0.05  ent[s/d/p/e] 1.41/0.93/0.60/0.18  emits 5.11  spf 381.9  z0 0.01  garr 202.5  tG 3299  e2 0.76  nF 21.1  pS 0.45  ptS 0.44  fLog 0.81  pdΔ -0.0521  pkR 9.06  clip 0.39  kl +0.028
upd  360  steps 11829248  sps 5729  opp frzn  loss +0.049  pg -0.0101  v 0.343  ev +0.99  adv_std 0.852  tR -0.06  ent[s/d/p/e] 1.28/0.93/0.62/0.18  emits 4.21  spf 421.0  z0 0.02  garr 182.6  tG 2880  e2 0.62  nF 19.9  pS 0.37  ptS 0.36  fLog 0.78  pdΔ -0.1253  pkR 10.56  clip 0.39  kl +0.038
upd  361  steps 11862016  sps 5730  opp buf  loss +0.028  pg -0.0126  v 0.253  ev +0.99  adv_std 0.737  tR -0.01  ent[s/d/p/e] 1.25/1.17/0.60/0.34  emits 3.31  spf 316.2  z0 0.03  garr 142.4  tG 1876  e2 0.56  nF 23.0  pS 0.37  ptS 0.36  fLog 0.69  pdΔ -0.1267  pkR 17.09  clip 0.38  kl +0.035
upd  362  steps 11894784  sps 5731  opp buf  loss +0.029  pg -0.0112  v 0.255  ev +1.00  adv_std 0.737  tR -0.04  ent[s/d/p/e] 1.31/1.00/0.61/0.25  emits 4.30  spf 318.2  z0 0.02  garr 167.8  tG 2366  e2 0.67  nF 21.2  pS 0.42  ptS 0.40  fLog 0.76  pdΔ -0.0831  pkR 10.88  clip 0.41  kl +0.036
upd  363  steps 11927552  sps 5732  opp buf  loss +0.014  pg -0.0112  v 0.175  ev +1.00  adv_std 0.627  tR -0.11  ent[s/d/p/e] 1.32/0.92/0.61/0.18  emits 4.90  spf 396.1  z0 0.02  garr 201.3  tG 3199  e2 0.72  nF 22.4  pS 0.42  ptS 0.40  fLog 0.80  pdΔ -0.0847  pkR 9.70  clip 0.41  kl +0.036
upd  364  steps 11960320  sps 5733  opp frzn  loss +0.020  pg -0.0118  v 0.212  ev +1.00  adv_std 0.676  tR +0.06  ent[s/d/p/e] 1.34/0.97/0.64/0.17  emits 4.10  spf 326.7  z0 0.04  garr 139.0  tG 2371  e2 0.58  nF 22.1  pS 0.39  ptS 0.37  fLog 0.75  pdΔ -0.1137  pkR 13.10  clip 0.37  kl +0.034
upd  365  steps 11993088  sps 5735  opp buf  loss +0.026  pg -0.0136  v 0.253  ev +0.99  adv_std 0.739  tR +0.17  ent[s/d/p/e] 1.30/1.05/0.64/0.28  emits 3.76  spf 285.3  z0 0.03  garr 139.7  tG 1943  e2 0.60  nF 22.3  pS 0.42  ptS 0.40  fLog 0.73  pdΔ -0.0787  pkR 14.56  clip 0.39  kl +0.033
upd  366  steps 12025856  sps 5736  opp frzn  loss +0.035  pg -0.0078  v 0.264  ev +1.00  adv_std 0.760  tR +0.05  ent[s/d/p/e] 1.29/1.05/0.61/0.20  emits 4.19  spf 263.3  z0 0.02  garr 128.7  tG 1810  e2 0.62  nF 24.1  pS 0.39  ptS 0.37  fLog 0.73  pdΔ -0.1145  pkR 9.44  clip 0.42  kl +0.045
upd  367  steps 12058624  sps 5737  opp buf  loss +0.014  pg -0.0141  v 0.196  ev +1.00  adv_std 0.664  tR -0.08  ent[s/d/p/e] 1.36/1.06/0.63/0.27  emits 3.81  spf 302.8  z0 0.03  garr 149.2  tG 2178  e2 0.62  nF 22.8  pS 0.39  ptS 0.38  fLog 0.72  pdΔ -0.1069  pkR 12.12  clip 0.39  kl +0.036
upd  368  steps 12091392  sps 5738  opp frzn  loss +0.045  pg -0.0098  v 0.327  ev +1.00  adv_std 0.830  tR -0.17  ent[s/d/p/e] 1.30/1.03/0.60/0.20  emits 4.04  spf 297.1  z0 0.03  garr 156.0  tG 2278  e2 0.61  nF 22.0  pS 0.34  ptS 0.33  fLog 0.74  pdΔ -0.1595  pkR 15.06  clip 0.39  kl +0.040
upd  369  steps 12124160  sps 5739  opp frzn  loss +0.033  pg -0.0104  v 0.265  ev +0.98  adv_std 0.770  tR -0.22  ent[s/d/p/e] 1.04/1.18/0.59/0.35  emits 2.68  spf 193.9  z0 0.04  garr 100.8  tG 1079  e2 0.45  nF 20.7  pS 0.26  ptS 0.25  fLog 0.62  pdΔ -0.2380  pkR 42.49  clip 0.36  kl +0.044
upd  370  steps 12156928  sps 5740  opp buf  loss +0.028  pg -0.0134  v 0.258  ev +0.99  adv_std 0.752  tR -0.19  ent[s/d/p/e] 1.16/1.22/0.61/0.40  emits 3.17  spf 187.6  z0 0.04  garr 122.1  tG 1040  e2 0.58  nF 22.3  pS 0.37  ptS 0.36  fLog 0.65  pdΔ -0.1300  pkR 12.54  clip 0.37  kl +0.036
upd  371  steps 12189696  sps 5741  opp frzn  loss +0.021  pg -0.0111  v 0.215  ev +1.00  adv_std 0.696  tR -0.15  ent[s/d/p/e] 1.40/1.05/0.61/0.20  emits 4.05  spf 277.6  z0 0.04  garr 144.6  tG 2151  e2 0.59  nF 22.0  pS 0.38  ptS 0.36  fLog 0.73  pdΔ -0.1189  pkR 10.56  clip 0.39  kl +0.036
upd  372  steps 12222464  sps 5742  opp frzn  loss +0.021  pg -0.0130  v 0.224  ev +0.99  adv_std 0.700  tR +0.31  ent[s/d/p/e] 1.41/1.15/0.65/0.26  emits 3.35  spf 310.5  z0 0.02  garr 143.0  tG 2211  e2 0.52  nF 23.4  pS 0.36  ptS 0.35  fLog 0.69  pdΔ -0.1385  pkR 13.10  clip 0.36  kl +0.031
upd  373  steps 12255232  sps 5744  opp frzn  loss +0.031  pg -0.0112  v 0.260  ev +0.97  adv_std 0.758  tR -0.18  ent[s/d/p/e] 1.02/1.27/0.57/0.44  emits 2.39  spf 122.6  z0 0.03  garr 93.1  tG 558  e2 0.43  nF 20.4  pS 0.30  ptS 0.28  fLog 0.58  pdΔ -0.2039  pkR 10.85  clip 0.34  kl +0.035
upd  374  steps 12288000  sps 5745  opp buf  loss +0.031  pg -0.0115  v 0.265  ev +0.99  adv_std 0.759  tR -0.14  ent[s/d/p/e] 1.10/1.20/0.60/0.40  emits 2.93  spf 178.8  z0 0.04  garr 115.6  tG 902  e2 0.52  nF 21.9  pS 0.33  ptS 0.31  fLog 0.64  pdΔ -0.1717  pkR 10.11  clip 0.35  kl +0.032
upd  375  steps 12320768  sps 5746  opp buf  loss +0.022  pg -0.0134  v 0.230  ev +1.00  adv_std 0.705  tR -0.14  ent[s/d/p/e] 1.32/0.98/0.63/0.25  emits 4.19  spf 261.6  z0 0.02  garr 142.2  tG 2100  e2 0.66  nF 21.9  pS 0.40  ptS 0.39  fLog 0.74  pdΔ -0.0965  pkR 10.40  clip 0.37  kl +0.032
upd  376  steps 12353536  sps 5747  opp frzn  loss +0.025  pg -0.0120  v 0.238  ev +1.00  adv_std 0.718  tR -0.08  ent[s/d/p/e] 1.36/0.94/0.67/0.17  emits 4.43  spf 349.1  z0 0.01  garr 176.7  tG 2819  e2 0.63  nF 21.5  pS 0.38  ptS 0.37  fLog 0.78  pdΔ -0.1220  pkR 11.79  clip 0.38  kl +0.031
upd  377  steps 12386304  sps 5748  opp buf  loss +0.033  pg -0.0150  v 0.290  ev +0.99  adv_std 0.789  tR +0.04  ent[s/d/p/e] 1.21/1.02/0.64/0.34  emits 3.51  spf 251.1  z0 0.01  garr 145.2  tG 1626  e2 0.60  nF 20.4  pS 0.38  ptS 0.36  fLog 0.72  pdΔ -0.1223  pkR 16.29  clip 0.37  kl +0.033
upd  378  steps 12419072  sps 5749  opp buf  loss +0.023  pg -0.0123  v 0.229  ev +1.00  adv_std 0.705  tR -0.04  ent[s/d/p/e] 1.35/1.00/0.63/0.23  emits 4.57  spf 309.5  z0 0.01  garr 180.3  tG 2594  e2 0.70  nF 23.1  pS 0.44  ptS 0.42  fLog 0.75  pdΔ -0.0646  pkR 10.37  clip 0.41  kl +0.035
upd  379  steps 12451840  sps 5750  opp buf  loss +0.042  pg -0.0089  v 0.305  ev +1.00  adv_std 0.775  tR +0.16  ent[s/d/p/e] 1.40/0.89/0.65/0.18  emits 4.90  spf 405.6  z0 0.00  garr 212.4  tG 3547  e2 0.72  nF 22.2  pS 0.44  ptS 0.43  fLog 0.80  pdΔ -0.0600  pkR 8.03  clip 0.38  kl +0.030
upd  380  steps 12484608  sps 5751  opp buf  loss +0.028  pg -0.0116  v 0.253  ev +1.00  adv_std 0.730  tR +0.15  ent[s/d/p/e] 1.39/0.94/0.65/0.20  emits 4.79  spf 364.2  z0 0.01  garr 197.3  tG 3124  e2 0.73  nF 23.0  pS 0.42  ptS 0.41  fLog 0.78  pdΔ -0.0841  pkR 11.33  clip 0.41  kl +0.035
upd  381  steps 12517376  sps 5752  opp frzn  loss +0.011  pg -0.0143  v 0.177  ev +1.00  adv_std 0.628  tR +0.02  ent[s/d/p/e] 1.34/0.91/0.63/0.18  emits 4.43  spf 345.2  z0 0.01  garr 179.8  tG 2724  e2 0.66  nF 20.8  pS 0.37  ptS 0.36  fLog 0.78  pdΔ -0.1349  pkR 9.82  clip 0.41  kl +0.037
upd  382  steps 12550144  sps 5753  opp frzn  loss +0.012  pg -0.0145  v 0.183  ev +0.99  adv_std 0.640  tR -0.16  ent[s/d/p/e] 1.18/1.09/0.62/0.29  emits 3.11  spf 295.6  z0 0.02  garr 146.2  tG 1719  e2 0.50  nF 21.5  pS 0.30  ptS 0.29  fLog 0.68  pdΔ -0.1992  pkR 19.86  clip 0.35  kl +0.032
upd  383  steps 12582912  sps 5754  opp buf  loss +0.022  pg -0.0123  v 0.222  ev +0.99  adv_std 0.701  tR -0.08  ent[s/d/p/e] 1.11/1.16/0.59/0.43  emits 2.88  spf 167.5  z0 0.03  garr 124.0  tG 922  e2 0.54  nF 21.6  pS 0.35  ptS 0.34  fLog 0.64  pdΔ -0.1499  pkR 10.52  clip 0.36  kl +0.032
upd  384  steps 12615680  sps 5755  opp buf  loss +0.019  pg -0.0129  v 0.211  ev +1.00  adv_std 0.670  tR -0.25  ent[s/d/p/e] 1.28/0.96/0.62/0.25  emits 4.35  spf 282.0  z0 0.02  garr 163.2  tG 2132  e2 0.69  nF 22.0  pS 0.41  ptS 0.40  fLog 0.75  pdΔ -0.0900  pkR 8.69  clip 0.40  kl +0.034
upd  385  steps 12648448  sps 5756  opp buf  loss +0.022  pg -0.0126  v 0.223  ev +1.00  adv_std 0.675  tR -0.03  ent[s/d/p/e] 1.35/0.85/0.66/0.17  emits 5.12  spf 377.4  z0 0.01  garr 211.0  tG 3277  e2 0.75  nF 21.2  pS 0.44  ptS 0.42  fLog 0.81  pdΔ -0.0643  pkR 8.46  clip 0.40  kl +0.032
upd  386  steps 12681216  sps 5757  opp buf  loss +0.020  pg -0.0099  v 0.202  ev +1.00  adv_std 0.655  tR -0.01  ent[s/d/p/e] 1.35/0.89/0.66/0.17  emits 4.71  spf 363.8  z0 0.01  garr 187.2  tG 2979  e2 0.69  nF 23.2  pS 0.41  ptS 0.40  fLog 0.79  pdΔ -0.0856  pkR 9.05  clip 0.40  kl +0.034
upd  387  steps 12713984  sps 5758  opp frzn  loss +0.028  pg -0.0106  v 0.243  ev +1.00  adv_std 0.733  tR -0.06  ent[s/d/p/e] 1.24/0.97/0.65/0.19  emits 4.03  spf 315.7  z0 0.01  garr 154.5  tG 2428  e2 0.59  nF 24.5  pS 0.33  ptS 0.32  fLog 0.74  pdΔ -0.1670  pkR 11.74  clip 0.38  kl +0.035
upd  388  steps 12746752  sps 5759  opp frzn  loss +0.021  pg -0.0133  v 0.218  ev +0.99  adv_std 0.701  tR -0.27  ent[s/d/p/e] 1.06/1.16/0.60/0.34  emits 2.73  spf 223.3  z0 0.05  garr 107.4  tG 1179  e2 0.46  nF 22.8  pS 0.27  ptS 0.26  fLog 0.63  pdΔ -0.2333  pkR 24.08  clip 0.35  kl +0.036
upd  389  steps 12779520  sps 5760  opp frzn  loss +0.028  pg -0.0113  v 0.242  ev +0.97  adv_std 0.738  tR -0.30  ent[s/d/p/e] 1.02/1.41/0.54/0.42  emits 2.45  spf 132.8  z0 0.04  garr 82.7  tG 552  e2 0.43  nF 25.0  pS 0.28  ptS 0.28  fLog 0.56  pdΔ -0.2208  pkR 19.21  clip 0.34  kl +0.035
upd  390  steps 12812288  sps 5761  opp buf  loss +0.031  pg -0.0120  v 0.264  ev +0.99  adv_std 0.759  tR -0.09  ent[s/d/p/e] 1.07/1.27/0.58/0.39  emits 2.94  spf 161.2  z0 0.03  garr 104.2  tG 821  e2 0.53  nF 24.9  pS 0.32  ptS 0.31  fLog 0.61  pdΔ -0.1805  pkR 12.01  clip 0.35  kl +0.034
upd  391  steps 12845056  sps 5762  opp buf  loss +0.040  pg -0.0084  v 0.291  ev +1.00  adv_std 0.779  tR +0.02  ent[s/d/p/e] 1.23/0.99/0.61/0.26  emits 4.23  spf 286.5  z0 0.01  garr 166.6  tG 2095  e2 0.68  nF 23.6  pS 0.38  ptS 0.38  fLog 0.74  pdΔ -0.1152  pkR 12.49  clip 0.38  kl +0.033
upd  392  steps 12877824  sps 5763  opp buf  loss +0.044  pg -0.0100  v 0.324  ev +1.00  adv_std 0.801  tR -0.21  ent[s/d/p/e] 1.31/0.88/0.64/0.18  emits 4.73  spf 368.3  z0 0.02  garr 209.8  tG 3180  e2 0.70  nF 20.9  pS 0.40  ptS 0.39  fLog 0.79  pdΔ -0.1031  pkR 10.21  clip 0.37  kl +0.027
upd  393  steps 12910592  sps 5764  opp buf  loss +0.042  pg -0.0094  v 0.308  ev +1.00  adv_std 0.778  tR +0.00  ent[s/d/p/e] 1.38/0.90/0.64/0.17  emits 5.08  spf 422.5  z0 0.01  garr 237.9  tG 3952  e2 0.75  nF 22.1  pS 0.42  ptS 0.41  fLog 0.80  pdΔ -0.0799  pkR 9.97  clip 0.40  kl +0.032
upd  394  steps 12943360  sps 5765  opp frzn  loss +0.032  pg -0.0109  v 0.265  ev +0.99  adv_std 0.762  tR +0.08  ent[s/d/p/e] 1.14/0.93/0.62/0.23  emits 3.93  spf 316.9  z0 0.01  garr 157.2  tG 2167  e2 0.62  nF 22.2  pS 0.31  ptS 0.31  fLog 0.73  pdΔ -0.1876  pkR 16.10  clip 0.36  kl +0.034
upd  395  steps 12976128  sps 5766  opp buf  loss +0.043  pg -0.0117  v 0.323  ev +0.99  adv_std 0.818  tR -0.39  ent[s/d/p/e] 1.11/1.04/0.59/0.33  emits 3.61  spf 252.8  z0 0.04  garr 157.7  tG 1506  e2 0.63  nF 23.1  pS 0.34  ptS 0.33  fLog 0.70  pdΔ -0.1570  pkR 13.14  clip 0.35  kl +0.030
upd  396  steps 13008896  sps 5767  opp buf  loss +0.074  pg -0.0089  v 0.465  ev +0.99  adv_std 0.970  tR -0.22  ent[s/d/p/e] 1.28/0.91/0.62/0.21  emits 4.61  spf 343.1  z0 0.02  garr 197.6  tG 2687  e2 0.70  nF 22.9  pS 0.42  ptS 0.41  fLog 0.77  pdΔ -0.0797  pkR 9.77  clip 0.40  kl +0.036
upd  397  steps 13041664  sps 5768  opp frzn  loss +0.023  pg -0.0129  v 0.228  ev +1.00  adv_std 0.713  tR +0.04  ent[s/d/p/e] 1.29/0.86/0.65/0.15  emits 4.51  spf 375.3  z0 0.05  garr 191.4  tG 2951  e2 0.65  nF 20.9  pS 0.37  ptS 0.36  fLog 0.78  pdΔ -0.1300  pkR 13.05  clip 0.38  kl +0.033
upd  398  steps 13074432  sps 5769  opp buf  loss +0.044  pg -0.0121  v 0.331  ev +0.99  adv_std 0.834  tR +0.11  ent[s/d/p/e] 1.23/0.98/0.62/0.28  emits 3.97  spf 292.5  z0 0.02  garr 175.9  tG 1976  e2 0.67  nF 22.5  pS 0.40  ptS 0.38  fLog 0.73  pdΔ -0.0969  pkR 13.92  clip 0.38  kl +0.035
upd  399  steps 13107200  sps 5770  opp buf  loss +0.063  pg -0.0075  v 0.402  ev +0.99  adv_std 0.905  tR +0.08  ent[s/d/p/e] 1.33/0.91/0.62/0.19  emits 4.98  spf 362.7  z0 0.01  garr 206.2  tG 3106  e2 0.75  nF 22.4  pS 0.44  ptS 0.43  fLog 0.78  pdΔ -0.0577  pkR 10.17  clip 0.42  kl +0.036 WRr 0.56 WRf 0.62
[ckpt] saved ./ckpt_multi_action_v11_f29b/ckpt_000399.pkl
upd  400  steps 13139968  sps 5739  opp frzn  loss +0.035  pg -0.0088  v 0.266  ev +1.00  adv_std 0.768  tR -0.15  ent[s/d/p/e] 1.19/0.91/0.61/0.19  emits 4.27  spf 333.7  z0 0.02  garr 166.2  tG 2457  e2 0.64  nF 23.4  pS 0.33  ptS 0.32  fLog 0.74  pdΔ -0.1689  pkR 14.35  clip 0.39  kl +0.040
upd  401  steps 13172736  sps 5740  opp frzn  loss +0.026  pg -0.0113  v 0.235  ev +0.99  adv_std 0.728  tR -0.33  ent[s/d/p/e] 1.02/1.12/0.56/0.31  emits 3.08  spf 240.2  z0 0.04  garr 134.8  tG 1235  e2 0.54  nF 24.9  pS 0.25  ptS 0.25  fLog 0.63  pdΔ -0.2469  pkR 27.12  clip 0.35  kl +0.037
upd  402  steps 13205504  sps 5741  opp buf  loss +0.038  pg -0.0127  v 0.301  ev +0.99  adv_std 0.813  tR -0.24  ent[s/d/p/e] 1.09/1.18/0.56/0.34  emits 3.38  spf 182.9  z0 0.04  garr 122.9  tG 935  e2 0.59  nF 26.2  pS 0.32  ptS 0.31  fLog 0.63  pdΔ -0.1786  pkR 12.54  clip 0.36  kl +0.033
upd  403  steps 13238272  sps 5743  opp buf  loss +0.014  pg -0.0141  v 0.191  ev +1.00  adv_std 0.647  tR -0.22  ent[s/d/p/e] 1.26/0.91/0.62/0.22  emits 4.70  spf 279.8  z0 0.02  garr 175.1  tG 2213  e2 0.73  nF 24.6  pS 0.39  ptS 0.38  fLog 0.75  pdΔ -0.1059  pkR 11.11  clip 0.40  kl +0.033
upd  404  steps 13271040  sps 5744  opp buf  loss +0.018  pg -0.0117  v 0.199  ev +1.00  adv_std 0.645  tR -0.14  ent[s/d/p/e] 1.33/0.84/0.63/0.15  emits 5.29  spf 365.4  z0 0.01  garr 213.4  tG 3305  e2 0.78  nF 24.1  pS 0.43  ptS 0.42  fLog 0.79  pdΔ -0.0690  pkR 9.28  clip 0.40  kl +0.031
upd  405  steps 13303808  sps 5745  opp buf  loss +0.014  pg -0.0097  v 0.169  ev +1.00  adv_std 0.604  tR -0.15  ent[s/d/p/e] 1.38/0.85/0.63/0.14  emits 5.21  spf 442.3  z0 0.01  garr 241.9  tG 3905  e2 0.75  nF 24.4  pS 0.41  ptS 0.39  fLog 0.80  pdΔ -0.0940  pkR 8.47  clip 0.40  kl +0.033
upd  406  steps 13336576  sps 5746  opp frzn  loss +0.026  pg -0.0156  v 0.256  ev +0.99  adv_std 0.748  tR +0.03  ent[s/d/p/e] 1.20/0.94/0.61/0.21  emits 4.25  spf 321.9  z0 0.01  garr 177.6  tG 2260  e2 0.67  nF 23.9  pS 0.32  ptS 0.32  fLog 0.73  pdΔ -0.1755  pkR 14.16  clip 0.37  kl +0.032
upd  407  steps 13369344  sps 5747  opp buf  loss +0.045  pg -0.0125  v 0.335  ev +0.99  adv_std 0.855  tR -0.07  ent[s/d/p/e] 1.15/1.00/0.62/0.30  emits 3.90  spf 250.3  z0 0.02  garr 168.7  tG 1611  e2 0.67  nF 22.0  pS 0.38  ptS 0.37  fLog 0.71  pdΔ -0.1207  pkR 13.41  clip 0.39  kl +0.034
upd  408  steps 13402112  sps 5748  opp frzn  loss +0.028  pg -0.0091  v 0.238  ev +1.00  adv_std 0.730  tR +0.06  ent[s/d/p/e] 1.27/0.96/0.61/0.20  emits 4.37  spf 312.5  z0 0.02  garr 179.7  tG 2219  e2 0.67  nF 24.0  pS 0.38  ptS 0.37  fLog 0.74  pdΔ -0.1208  pkR 11.35  clip 0.40  kl +0.038
upd  409  steps 13434880  sps 5749  opp frzn  loss +0.035  pg -0.0121  v 0.282  ev +0.99  adv_std 0.791  tR -0.20  ent[s/d/p/e] 1.04/1.09/0.58/0.26  emits 3.26  spf 300.1  z0 0.04  garr 142.3  tG 1470  e2 0.54  nF 24.1  pS 0.29  ptS 0.28  fLog 0.66  pdΔ -0.2124  pkR 20.08  clip 0.35  kl +0.036
upd  410  steps 13467648  sps 5750  opp buf  loss +0.057  pg -0.0128  v 0.394  ev +0.99  adv_std 0.918  tR -0.12  ent[s/d/p/e] 1.00/1.02/0.56/0.33  emits 3.35  spf 209.1  z0 0.03  garr 158.0  tG 1023  e2 0.61  nF 21.0  pS 0.34  ptS 0.33  fLog 0.68  pdΔ -0.1553  pkR 9.84  clip 0.35  kl +0.031
upd  411  steps 13500416  sps 5751  opp buf  loss +0.032  pg -0.0112  v 0.268  ev +1.00  adv_std 0.757  tR -0.13  ent[s/d/p/e] 1.25/0.87/0.62/0.20  emits 4.74  spf 341.3  z0 0.01  garr 217.7  tG 2555  e2 0.74  nF 22.1  pS 0.42  ptS 0.40  fLog 0.77  pdΔ -0.0836  pkR 8.67  clip 0.40  kl +0.035
upd  412  steps 13533184  sps 5751  opp buf  loss +0.042  pg -0.0108  v 0.314  ev +1.00  adv_std 0.801  tR +0.11  ent[s/d/p/e] 1.28/0.78/0.64/0.15  emits 5.48  spf 360.6  z0 0.01  garr 205.2  tG 3244  e2 0.79  nF 22.3  pS 0.45  ptS 0.44  fLog 0.79  pdΔ -0.0464  pkR 9.26  clip 0.41  kl +0.033
upd  413  steps 13565952  sps 5752  opp frzn  loss +0.027  pg -0.0103  v 0.236  ev +1.00  adv_std 0.717  tR -0.17  ent[s/d/p/e] 1.33/0.88/0.62/0.11  emits 5.14  spf 399.2  z0 0.01  garr 211.9  tG 3336  e2 0.71  nF 22.7  pS 0.40  ptS 0.38  fLog 0.80  pdΔ -0.1031  pkR 7.85  clip 0.42  kl +0.041
upd  414  steps 13598720  sps 5753  opp buf  loss +0.052  pg -0.0119  v 0.370  ev +0.99  adv_std 0.891  tR -0.03  ent[s/d/p/e] 1.15/1.00/0.60/0.27  emits 3.73  spf 300.3  z0 0.02  garr 168.4  tG 1813  e2 0.63  nF 23.0  pS 0.35  ptS 0.34  fLog 0.70  pdΔ -0.1453  pkR 14.27  clip 0.37  kl +0.035
upd  415  steps 13631488  sps 5754  opp buf  loss +0.042  pg -0.0091  v 0.307  ev +1.00  adv_std 0.815  tR -0.06  ent[s/d/p/e] 1.23/0.96/0.60/0.21  emits 4.39  spf 285.4  z0 0.01  garr 174.0  tG 1990  e2 0.67  nF 24.3  pS 0.39  ptS 0.38  fLog 0.73  pdΔ -0.1147  pkR 10.33  clip 0.41  kl +0.039
upd  416  steps 13664256  sps 5755  opp frzn  loss +0.031  pg -0.0094  v 0.250  ev +1.00  adv_std 0.745  tR -0.09  ent[s/d/p/e] 1.23/0.88/0.63/0.16  emits 4.40  spf 314.5  z0 0.02  garr 144.4  tG 2388  e2 0.63  nF 23.3  pS 0.35  ptS 0.34  fLog 0.74  pdΔ -0.1507  pkR 12.78  clip 0.41  kl +0.041
upd  417  steps 13697024  sps 5756  opp frzn  loss +0.028  pg -0.0126  v 0.249  ev +0.99  adv_std 0.734  tR -0.28  ent[s/d/p/e] 1.07/1.00/0.59/0.27  emits 3.33  spf 283.9  z0 0.03  garr 145.5  tG 1608  e2 0.55  nF 21.9  pS 0.32  ptS 0.30  fLog 0.69  pdΔ -0.1832  pkR 19.04  clip 0.35  kl +0.032
upd  418  steps 13729792  sps 5757  opp frzn  loss +0.047  pg -0.0132  v 0.345  ev +0.98  adv_std 0.873  tR -0.04  ent[s/d/p/e] 0.88/1.14/0.51/0.34  emits 2.90  spf 207.7  z0 0.04  garr 144.5  tG 771  e2 0.52  nF 21.7  pS 0.28  ptS 0.27  fLog 0.63  pdΔ -0.2209  pkR 10.95  clip 0.32  kl +0.030
upd  419  steps 13762560  sps 5758  opp buf  loss +0.041  pg -0.0134  v 0.317  ev +0.99  adv_std 0.837  tR -0.27  ent[s/d/p/e] 1.10/1.07/0.58/0.28  emits 3.53  spf 244.5  z0 0.03  garr 163.1  tG 1246  e2 0.60  nF 23.6  pS 0.35  ptS 0.34  fLog 0.67  pdΔ -0.1459  pkR 9.99  clip 0.34  kl +0.032
upd  420  steps 13795328  sps 5759  opp buf  loss +0.030  pg -0.0095  v 0.247  ev +1.00  adv_std 0.735  tR +0.13  ent[s/d/p/e] 1.24/0.88/0.63/0.19  emits 4.79  spf 316.7  z0 0.01  garr 188.5  tG 2522  e2 0.73  nF 24.2  pS 0.42  ptS 0.41  fLog 0.76  pdΔ -0.0847  pkR 10.70  clip 0.42  kl +0.039
upd  421  steps 13828096  sps 5760  opp buf  loss +0.036  pg -0.0080  v 0.269  ev +1.00  adv_std 0.764  tR -0.07  ent[s/d/p/e] 1.31/0.86/0.64/0.15  emits 5.17  spf 364.3  z0 0.02  garr 202.3  tG 3109  e2 0.75  nF 24.7  pS 0.41  ptS 0.40  fLog 0.78  pdΔ -0.0912  pkR 9.36  clip 0.42  kl +0.040
upd  422  steps 13860864  sps 5761  opp buf  loss +0.026  pg -0.0114  v 0.238  ev +1.00  adv_std 0.714  tR -0.17  ent[s/d/p/e] 1.27/0.82/0.64/0.15  emits 5.25  spf 374.7  z0 0.01  garr 212.9  tG 3173  e2 0.77  nF 23.0  pS 0.41  ptS 0.40  fLog 0.79  pdΔ -0.0905  pkR 11.40  clip 0.41  kl +0.036
upd  423  steps 13893632  sps 5762  opp frzn  loss +0.057  pg -0.0096  v 0.383  ev +0.99  adv_std 0.903  tR -0.16  ent[s/d/p/e] 1.21/0.83/0.64/0.15  emits 4.66  spf 357.3  z0 0.02  garr 181.1  tG 2882  e2 0.68  nF 21.2  pS 0.36  ptS 0.35  fLog 0.76  pdΔ -0.1438  pkR 10.80  clip 0.40  kl +0.041
upd  424  steps 13926400  sps 5763  opp buf  loss +0.043  pg -0.0129  v 0.329  ev +0.99  adv_std 0.826  tR -0.11  ent[s/d/p/e] 1.18/0.89/0.61/0.23  emits 4.06  spf 321.4  z0 0.02  garr 192.4  tG 2385  e2 0.65  nF 20.5  pS 0.37  ptS 0.36  fLog 0.74  pdΔ -0.1257  pkR 15.25  clip 0.37  kl +0.034
upd  425  steps 13959168  sps 5764  opp buf  loss +0.066  pg -0.0044  v 0.404  ev +0.99  adv_std 0.913  tR -0.06  ent[s/d/p/e] 1.30/0.86/0.63/0.16  emits 5.18  spf 342.5  z0 0.02  garr 228.9  tG 3019  e2 0.77  nF 21.4  pS 0.44  ptS 0.43  fLog 0.79  pdΔ -0.0617  pkR 11.27  clip 0.41  kl +0.039
upd  426  steps 13991936  sps 5765  opp buf  loss +0.048  pg -0.0112  v 0.348  ev +1.00  adv_std 0.840  tR +0.11  ent[s/d/p/e] 1.36/0.84/0.65/0.14  emits 5.16  spf 373.5  z0 0.02  garr 204.5  tG 3503  e2 0.73  nF 21.8  pS 0.44  ptS 0.43  fLog 0.80  pdΔ -0.0600  pkR 9.89  clip 0.38  kl +0.029
upd  427  steps 14024704  sps 5766  opp buf  loss +0.025  pg -0.0128  v 0.240  ev +1.00  adv_std 0.715  tR +0.00  ent[s/d/p/e] 1.38/0.84/0.65/0.14  emits 5.27  spf 383.4  z0 0.01  garr 223.4  tG 3695  e2 0.76  nF 21.6  pS 0.45  ptS 0.43  fLog 0.80  pdΔ -0.0538  pkR 9.30  clip 0.38  kl +0.028
upd  428  steps 14057472  sps 5767  opp frzn  loss +0.044  pg -0.0124  v 0.332  ev +0.99  adv_std 0.853  tR +0.09  ent[s/d/p/e] 1.21/0.86/0.63/0.16  emits 4.19  spf 352.2  z0 0.02  garr 177.3  tG 2746  e2 0.62  nF 19.5  pS 0.33  ptS 0.32  fLog 0.75  pdΔ -0.1670  pkR 14.26  clip 0.38  kl +0.035
upd  429  steps 14090240  sps 5767  opp buf  loss +0.034  pg -0.0152  v 0.291  ev +0.99  adv_std 0.787  tR -0.09  ent[s/d/p/e] 1.07/0.87/0.58/0.26  emits 3.83  spf 295.9  z0 0.01  garr 181.3  tG 1927  e2 0.63  nF 18.1  pS 0.35  ptS 0.34  fLog 0.74  pdΔ -0.1454  pkR 14.39  clip 0.35  kl +0.030
upd  430  steps 14123008  sps 5768  opp buf  loss +0.030  pg -0.0109  v 0.255  ev +1.00  adv_std 0.745  tR +0.05  ent[s/d/p/e] 1.27/0.88/0.64/0.20  emits 4.79  spf 318.0  z0 0.01  garr 193.5  tG 2636  e2 0.73  nF 22.9  pS 0.42  ptS 0.41  fLog 0.75  pdΔ -0.0849  pkR 13.94  clip 0.40  kl +0.031
upd  431  steps 14155776  sps 5769  opp buf  loss +0.049  pg -0.0062  v 0.327  ev +1.00  adv_std 0.829  tR +0.00  ent[s/d/p/e] 1.35/0.83/0.68/0.14  emits 5.62  spf 334.8  z0 0.01  garr 205.3  tG 3514  e2 0.81  nF 25.1  pS 0.46  ptS 0.45  fLog 0.78  pdΔ -0.0386  pkR 10.19  clip 0.46  kl +0.042
upd  432  steps 14188544  sps 5770  opp buf  loss +0.056  pg -0.0102  v 0.384  ev +0.99  adv_std 0.890  tR -0.07  ent[s/d/p/e] 1.35/0.82/0.68/0.13  emits 5.33  spf 370.0  z0 0.01  garr 216.1  tG 3646  e2 0.75  nF 22.5  pS 0.44  ptS 0.43  fLog 0.79  pdΔ -0.0568  pkR 7.88  clip 0.41  kl +0.033
upd  433  steps 14221312  sps 5771  opp buf  loss +0.056  pg -0.0070  v 0.367  ev +0.99  adv_std 0.874  tR +0.11  ent[s/d/p/e] 1.30/0.80/0.66/0.14  emits 5.48  spf 339.1  z0 0.01  garr 203.1  tG 3298  e2 0.78  nF 20.8  pS 0.45  ptS 0.44  fLog 0.79  pdΔ -0.0459  pkR 10.91  clip 0.43  kl +0.038
upd  434  steps 14254080  sps 5772  opp buf  loss +0.020  pg -0.0124  v 0.213  ev +1.00  adv_std 0.673  tR +0.14  ent[s/d/p/e] 1.32/0.81/0.65/0.12  emits 5.54  spf 364.4  z0 0.00  garr 221.9  tG 3515  e2 0.78  nF 20.8  pS 0.43  ptS 0.42  fLog 0.80  pdΔ -0.0749  pkR 9.78  clip 0.39  kl +0.034
upd  435  steps 14286848  sps 5773  opp buf  loss +0.019  pg -0.0128  v 0.208  ev +1.00  adv_std 0.678  tR -0.04  ent[s/d/p/e] 1.32/0.82/0.65/0.14  emits 5.37  spf 342.9  z0 0.01  garr 210.9  tG 3319  e2 0.78  nF 22.5  pS 0.43  ptS 0.42  fLog 0.79  pdΔ -0.0694  pkR 8.55  clip 0.41  kl +0.033
upd  436  steps 14319616  sps 5774  opp buf  loss +0.017  pg -0.0135  v 0.201  ev +1.00  adv_std 0.657  tR +0.06  ent[s/d/p/e] 1.31/0.80/0.65/0.14  emits 5.49  spf 364.5  z0 0.01  garr 225.3  tG 3475  e2 0.79  nF 22.4  pS 0.43  ptS 0.42  fLog 0.79  pdΔ -0.0686  pkR 8.86  clip 0.40  kl +0.031
upd  437  steps 14352384  sps 5775  opp buf  loss +0.041  pg -0.0057  v 0.284  ev +1.00  adv_std 0.780  tR -0.05  ent[s/d/p/e] 1.32/0.81/0.67/0.13  emits 5.44  spf 339.1  z0 0.01  garr 202.5  tG 3303  e2 0.77  nF 22.7  pS 0.42  ptS 0.41  fLog 0.78  pdΔ -0.0771  pkR 8.61  clip 0.44  kl +0.043
upd  438  steps 14385152  sps 5775  opp buf  loss +0.038  pg -0.0093  v 0.288  ev +1.00  adv_std 0.781  tR -0.19  ent[s/d/p/e] 1.35/0.81/0.67/0.14  emits 5.47  spf 361.7  z0 0.01  garr 219.8  tG 3680  e2 0.78  nF 23.1  pS 0.46  ptS 0.45  fLog 0.80  pdΔ -0.0403  pkR 8.14  clip 0.41  kl +0.034
upd  439  steps 14417920  sps 5776  opp buf  loss +0.056  pg -0.0107  v 0.383  ev +0.99  adv_std 0.892  tR +0.15  ent[s/d/p/e] 1.32/0.80/0.65/0.15  emits 5.27  spf 378.2  z0 0.00  garr 226.2  tG 3702  e2 0.76  nF 21.4  pS 0.45  ptS 0.43  fLog 0.80  pdΔ -0.0526  pkR 8.63  clip 0.41  kl +0.034
upd  440  steps 14450688  sps 5777  opp frzn  loss +0.048  pg -0.0111  v 0.348  ev +0.99  adv_std 0.862  tR +0.11  ent[s/d/p/e] 1.20/0.87/0.65/0.15  emits 4.26  spf 322.8  z0 0.04  garr 179.1  tG 2494  e2 0.62  nF 20.4  pS 0.34  ptS 0.33  fLog 0.76  pdΔ -0.1589  pkR 15.67  clip 0.37  kl +0.036
upd  441  steps 14483456  sps 5778  opp buf  loss +0.039  pg -0.0130  v 0.307  ev +0.99  adv_std 0.812  tR +0.02  ent[s/d/p/e] 1.07/0.90/0.59/0.28  emits 3.51  spf 228.8  z0 0.01  garr 148.3  tG 1489  e2 0.60  nF 18.9  pS 0.36  ptS 0.35  fLog 0.72  pdΔ -0.1425  pkR 17.68  clip 0.35  kl +0.030
upd  442  steps 14516224  sps 5779  opp buf  loss +0.049  pg -0.0080  v 0.332  ev +0.99  adv_std 0.840  tR -0.04  ent[s/d/p/e] 1.18/0.85/0.63/0.20  emits 4.46  spf 321.2  z0 0.01  garr 216.4  tG 2445  e2 0.71  nF 21.4  pS 0.40  ptS 0.40  fLog 0.76  pdΔ -0.0956  pkR 12.14  clip 0.38  kl +0.032
upd  443  steps 14548992  sps 5780  opp buf  loss +0.030  pg -0.0103  v 0.253  ev +1.00  adv_std 0.735  tR +0.05  ent[s/d/p/e] 1.27/0.78/0.64/0.15  emits 5.13  spf 316.1  z0 0.02  garr 192.3  tG 2872  e2 0.75  nF 21.3  pS 0.43  ptS 0.41  fLog 0.79  pdΔ -0.0749  pkR 9.19  clip 0.41  kl +0.040
upd  444  steps 14581760  sps 5781  opp buf  loss +0.037  pg -0.0112  v 0.295  ev +1.00  adv_std 0.782  tR +0.05  ent[s/d/p/e] 1.35/0.79/0.67/0.12  emits 5.66  spf 388.4  z0 0.01  garr 241.8  tG 3899  e2 0.80  nF 21.2  pS 0.47  ptS 0.46  fLog 0.81  pdΔ -0.0271  pkR 7.34  clip 0.42  kl +0.036
upd  445  steps 14614528  sps 5781  opp frzn  loss +0.031  pg -0.0133  v 0.269  ev +1.00  adv_std 0.765  tR +0.22  ent[s/d/p/e] 1.21/0.77/0.62/0.13  emits 4.89  spf 343.6  z0 0.01  garr 194.8  tG 2997  e2 0.70  nF 19.5  pS 0.39  ptS 0.37  fLog 0.79  pdΔ -0.1131  pkR 10.91  clip 0.40  kl +0.036
upd  446  steps 14647296  sps 5782  opp frzn  loss +0.046  pg -0.0127  v 0.338  ev +0.99  adv_std 0.866  tR -0.06  ent[s/d/p/e] 0.94/0.87/0.56/0.24  emits 3.25  spf 289.9  z0 0.02  garr 155.7  tG 1554  e2 0.53  nF 17.7  pS 0.28  ptS 0.27  fLog 0.72  pdΔ -0.2196  pkR 16.21  clip 0.32  kl +0.033
upd  447  steps 14680064  sps 5783  opp buf  loss +0.041  pg -0.0139  v 0.315  ev +0.99  adv_std 0.823  tR -0.33  ent[s/d/p/e] 0.88/0.92/0.51/0.33  emits 3.12  spf 229.3  z0 0.02  garr 167.0  tG 983  e2 0.57  nF 18.7  pS 0.30  ptS 0.28  fLog 0.69  pdΔ -0.2011  pkR 12.07  clip 0.33  kl +0.028
upd  448  steps 14712832  sps 5784  opp buf  loss +0.043  pg -0.0108  v 0.318  ev +1.00  adv_std 0.825  tR -0.15  ent[s/d/p/e] 1.19/0.86/0.60/0.19  emits 4.73  spf 301.0  z0 0.01  garr 194.6  tG 2275  e2 0.73  nF 22.1  pS 0.40  ptS 0.39  fLog 0.75  pdΔ -0.1028  pkR 10.87  clip 0.39  kl +0.035
upd  449  steps 14745600  sps 5785  opp frzn  loss +0.021  pg -0.0136  v 0.220  ev +1.00  adv_std 0.696  tR +0.10  ent[s/d/p/e] 1.26/0.82/0.61/0.13  emits 4.93  spf 375.6  z0 0.01  garr 209.2  tG 3168  e2 0.70  nF 21.4  pS 0.39  ptS 0.38  fLog 0.79  pdΔ -0.1126  pkR 9.25  clip 0.39  kl +0.031 WRr 0.78 WRf 0.69
upd  450  steps 14778368  sps 5755  opp buf  loss +0.038  pg -0.0139  v 0.307  ev +0.99  adv_std 0.829  tR +0.10  ent[s/d/p/e] 1.12/0.89/0.58/0.22  emits 4.04  spf 354.3  z0 0.00  garr 213.0  tG 2209  e2 0.64  nF 19.6  pS 0.35  ptS 0.35  fLog 0.75  pdΔ -0.1464  pkR 13.97  clip 0.37  kl +0.036
upd  451  steps 14811136  sps 5756  opp buf  loss +0.034  pg -0.0121  v 0.281  ev +1.00  adv_std 0.768  tR -0.03  ent[s/d/p/e] 1.28/0.87/0.61/0.19  emits 4.79  spf 283.5  z0 0.01  garr 185.0  tG 2228  e2 0.72  nF 23.0  pS 0.40  ptS 0.39  fLog 0.76  pdΔ -0.0971  pkR 7.60  clip 0.39  kl +0.032
upd  452  steps 14843904  sps 5757  opp buf  loss +0.076  pg -0.0069  v 0.467  ev +0.99  adv_std 0.984  tR -0.12  ent[s/d/p/e] 1.31/0.80/0.65/0.14  emits 5.09  spf 365.7  z0 0.01  garr 220.6  tG 3364  e2 0.74  nF 22.8  pS 0.42  ptS 0.40  fLog 0.79  pdΔ -0.0820  pkR 9.01  clip 0.40  kl +0.034
upd  453  steps 14876672  sps 5758  opp buf  loss +0.038  pg -0.0127  v 0.300  ev +1.00  adv_std 0.787  tR +0.03  ent[s/d/p/e] 1.22/0.77/0.62/0.16  emits 5.27  spf 354.6  z0 0.01  garr 226.9  tG 3133  e2 0.78  nF 20.7  pS 0.41  ptS 0.40  fLog 0.79  pdΔ -0.0872  pkR 8.25  clip 0.36  kl +0.027
upd  454  steps 14909440  sps 5759  opp buf  loss +0.040  pg -0.0130  v 0.317  ev +1.00  adv_std 0.814  tR -0.10  ent[s/d/p/e] 1.28/0.78/0.64/0.14  emits 5.43  spf 349.0  z0 0.01  garr 214.5  tG 3290  e2 0.78  nF 21.4  pS 0.43  ptS 0.42  fLog 0.79  pdΔ -0.0744  pkR 8.56  clip 0.40  kl +0.033
upd  455  steps 14942208  sps 5760  opp frzn  loss +0.031  pg -0.0112  v 0.258  ev +1.00  adv_std 0.757  tR -0.10  ent[s/d/p/e] 1.18/0.76/0.62/0.14  emits 4.89  spf 366.8  z0 0.01  garr 208.7  tG 3159  e2 0.71  nF 21.4  pS 0.37  ptS 0.36  fLog 0.78  pdΔ -0.1337  pkR 12.16  clip 0.39  kl +0.034
upd  456  steps 14974976  sps 5761  opp buf  loss +0.057  pg -0.0122  v 0.390  ev +0.99  adv_std 0.904  tR -0.28  ent[s/d/p/e] 1.08/0.83/0.59/0.22  emits 4.11  spf 344.2  z0 0.02  garr 202.1  tG 2267  e2 0.65  nF 20.1  pS 0.35  ptS 0.35  fLog 0.75  pdΔ -0.1460  pkR 14.64  clip 0.35  kl +0.030
upd  457  steps 15007744  sps 5762  opp buf  loss +0.022  pg -0.0113  v 0.217  ev +1.00  adv_std 0.680  tR +0.06  ent[s/d/p/e] 1.28/0.80/0.63/0.13  emits 5.50  spf 333.0  z0 0.01  garr 235.2  tG 3001  e2 0.78  nF 20.1  pS 0.45  ptS 0.44  fLog 0.80  pdΔ -0.0466  pkR 6.85  clip 0.42  kl +0.037
upd  458  steps 15040512  sps 5762  opp buf  loss +0.033  pg -0.0136  v 0.287  ev +1.00  adv_std 0.783  tR +0.02  ent[s/d/p/e] 1.35/0.80/0.66/0.11  emits 5.57  spf 408.2  z0 0.02  garr 252.1  tG 3983  e2 0.77  nF 19.9  pS 0.43  ptS 0.42  fLog 0.81  pdΔ -0.0666  pkR 7.19  clip 0.40  kl +0.032
upd  459  steps 15073280  sps 5763  opp buf  loss +0.030  pg -0.0137  v 0.268  ev +1.00  adv_std 0.757  tR +0.08  ent[s/d/p/e] 1.30/0.81/0.65/0.14  emits 5.39  spf 351.2  z0 0.02  garr 204.6  tG 3174  e2 0.77  nF 21.6  pS 0.42  ptS 0.40  fLog 0.79  pdΔ -0.0820  pkR 9.18  clip 0.40  kl +0.034
upd  460  steps 15106048  sps 5764  opp buf  loss +0.042  pg -0.0126  v 0.324  ev +1.00  adv_std 0.820  tR -0.15  ent[s/d/p/e] 1.30/0.79/0.65/0.12  emits 5.57  spf 364.9  z0 0.01  garr 219.4  tG 3335  e2 0.79  nF 21.1  pS 0.43  ptS 0.42  fLog 0.79  pdΔ -0.0674  pkR 8.47  clip 0.40  kl +0.033
upd  461  steps 15138816  sps 5765  opp buf  loss +0.030  pg -0.0112  v 0.254  ev +1.00  adv_std 0.728  tR -0.03  ent[s/d/p/e] 1.30/0.75/0.64/0.12  emits 5.72  spf 380.6  z0 0.01  garr 256.8  tG 3773  e2 0.82  nF 19.8  pS 0.44  ptS 0.43  fLog 0.81  pdΔ -0.0577  pkR 7.69  clip 0.41  kl +0.036
upd  462  steps 15171584  sps 5766  opp frzn  loss +0.037  pg -0.0107  v 0.285  ev +1.00  adv_std 0.781  tR +0.09  ent[s/d/p/e] 1.26/0.79/0.62/0.12  emits 4.92  spf 407.0  z0 0.01  garr 229.1  tG 3403  e2 0.69  nF 19.8  pS 0.38  ptS 0.37  fLog 0.80  pdΔ -0.1190  pkR 10.54  clip 0.39  kl +0.035
upd  463  steps 15204352  sps 5767  opp buf  loss +0.028  pg -0.0154  v 0.264  ev +0.99  adv_std 0.753  tR -0.05  ent[s/d/p/e] 1.06/0.83/0.57/0.23  emits 4.12  spf 327.3  z0 0.02  garr 186.8  tG 2055  e2 0.65  nF 19.6  pS 0.36  ptS 0.35  fLog 0.76  pdΔ -0.1436  pkR 13.65  clip 0.35  kl +0.030
upd  464  steps 15237120  sps 5767  opp buf  loss +0.050  pg -0.0102  v 0.352  ev +1.00  adv_std 0.863  tR +0.12  ent[s/d/p/e] 1.23/0.83/0.60/0.18  emits 4.92  spf 276.1  z0 0.01  garr 169.9  tG 2257  e2 0.74  nF 21.8  pS 0.42  ptS 0.41  fLog 0.76  pdΔ -0.0757  pkR 9.62  clip 0.40  kl +0.036
upd  465  steps 15269888  sps 5768  opp buf  loss +0.059  pg -0.0080  v 0.389  ev +0.99  adv_std 0.884  tR -0.01  ent[s/d/p/e] 1.37/0.80/0.65/0.11  emits 5.59  spf 368.2  z0 0.01  garr 223.8  tG 3572  e2 0.78  nF 21.4  pS 0.44  ptS 0.42  fLog 0.80  pdΔ -0.0610  pkR 8.22  clip 0.41  kl +0.037
upd  466  steps 15302656  sps 5769  opp buf  loss +0.020  pg -0.0112  v 0.210  ev +1.00  adv_std 0.664  tR -0.14  ent[s/d/p/e] 1.42/0.81/0.67/0.11  emits 5.51  spf 362.1  z0 0.01  garr 224.2  tG 3707  e2 0.78  nF 22.6  pS 0.44  ptS 0.43  fLog 0.80  pdΔ -0.0561  pkR 7.69  clip 0.40  kl +0.031
upd  467  steps 15335424  sps 5770  opp frzn  loss +0.047  pg -0.0115  v 0.342  ev +1.00  adv_std 0.851  tR -0.11  ent[s/d/p/e] 1.27/0.84/0.65/0.12  emits 4.31  spf 407.5  z0 0.02  garr 198.4  tG 3340  e2 0.61  nF 20.9  pS 0.34  ptS 0.33  fLog 0.77  pdΔ -0.1649  pkR 10.19  clip 0.38  kl +0.042
upd  468  steps 15368192  sps 5771  opp buf  loss +0.038  pg -0.0137  v 0.301  ev +0.99  adv_std 0.809  tR -0.14  ent[s/d/p/e] 0.99/0.81/0.55/0.26  emits 3.53  spf 271.3  z0 0.02  garr 176.8  tG 1663  e2 0.61  nF 19.4  pS 0.31  ptS 0.30  fLog 0.72  pdΔ -0.1909  pkR 20.65  clip 0.32  kl +0.028
upd  469  steps 15400960  sps 5772  opp frzn  loss +0.022  pg -0.0131  v 0.222  ev +1.00  adv_std 0.706  tR +0.09  ent[s/d/p/e] 1.13/0.85/0.57/0.18  emits 4.13  spf 276.8  z0 0.01  garr 181.5  tG 2015  e2 0.64  nF 21.9  pS 0.34  ptS 0.33  fLog 0.73  pdΔ -0.1627  pkR 23.11  clip 0.37  kl +0.033
upd  470  steps 15433728  sps 5772  opp frzn  loss +0.051  pg -0.0111  v 0.352  ev +0.98  adv_std 0.871  tR -0.20  ent[s/d/p/e] 0.88/0.86/0.53/0.23  emits 2.91  spf 272.9  z0 0.03  garr 157.9  tG 1315  e2 0.48  nF 18.4  pS 0.25  ptS 0.24  fLog 0.69  pdΔ -0.2536  pkR 42.56  clip 0.31  kl +0.034
upd  471  steps 15466496  sps 5773  opp buf  loss +0.040  pg -0.0148  v 0.313  ev +0.99  adv_std 0.815  tR -0.37  ent[s/d/p/e] 0.85/0.78/0.49/0.27  emits 3.47  spf 257.4  z0 0.03  garr 205.4  tG 1107  e2 0.61  nF 16.8  pS 0.30  ptS 0.28  fLog 0.73  pdΔ -0.1984  pkR 7.48  clip 0.31  kl +0.027
upd  472  steps 15499264  sps 5774  opp buf  loss +0.026  pg -0.0116  v 0.236  ev +1.00  adv_std 0.726  tR -0.25  ent[s/d/p/e] 1.21/0.81/0.62/0.16  emits 4.94  spf 315.9  z0 0.01  garr 230.2  tG 2387  e2 0.74  nF 20.7  pS 0.40  ptS 0.38  fLog 0.77  pdΔ -0.1049  pkR 7.62  clip 0.39  kl +0.035
upd  473  steps 15532032  sps 5775  opp buf  loss +0.030  pg -0.0098  v 0.252  ev +1.00  adv_std 0.731  tR +0.03  ent[s/d/p/e] 1.37/0.82/0.67/0.12  emits 5.49  spf 345.5  z0 0.01  garr 232.0  tG 3284  e2 0.77  nF 24.4  pS 0.42  ptS 0.41  fLog 0.78  pdΔ -0.0759  pkR 7.09  clip 0.42  kl +0.035
upd  474  steps 15564800  sps 5776  opp buf  loss +0.032  pg -0.0106  v 0.266  ev +1.00  adv_std 0.758  tR -0.15  ent[s/d/p/e] 1.36/0.81/0.66/0.12  emits 5.36  spf 375.9  z0 0.01  garr 228.9  tG 3648  e2 0.75  nF 23.7  pS 0.42  ptS 0.41  fLog 0.79  pdΔ -0.0831  pkR 9.82  clip 0.40  kl +0.035
upd  475  steps 15597568  sps 5776  opp buf  loss +0.029  pg -0.0114  v 0.254  ev +1.00  adv_std 0.735  tR -0.08  ent[s/d/p/e] 1.31/0.78/0.66/0.11  emits 5.36  spf 369.6  z0 0.01  garr 238.4  tG 3498  e2 0.76  nF 21.8  pS 0.41  ptS 0.40  fLog 0.79  pdΔ -0.0935  pkR 9.26  clip 0.40  kl +0.034
upd  476  steps 15630336  sps 5777  opp buf  loss +0.040  pg -0.0128  v 0.314  ev +1.00  adv_std 0.799  tR -0.06  ent[s/d/p/e] 1.33/0.77/0.67/0.12  emits 5.65  spf 372.6  z0 0.01  garr 243.8  tG 3588  e2 0.80  nF 20.3  pS 0.43  ptS 0.42  fLog 0.80  pdΔ -0.0657  pkR 11.05  clip 0.39  kl +0.034
upd  477  steps 15663104  sps 5778  opp buf  loss +0.031  pg -0.0123  v 0.272  ev +1.00  adv_std 0.770  tR +0.18  ent[s/d/p/e] 1.36/0.78/0.69/0.11  emits 5.92  spf 374.0  z0 0.01  garr 254.2  tG 3805  e2 0.83  nF 22.0  pS 0.46  ptS 0.44  fLog 0.80  pdΔ -0.0428  pkR 9.19  clip 0.41  kl +0.036
upd  478  steps 15695872  sps 5779  opp buf  loss +0.028  pg -0.0120  v 0.255  ev +1.00  adv_std 0.743  tR +0.01  ent[s/d/p/e] 1.36/0.82/0.68/0.12  emits 5.41  spf 357.1  z0 0.01  garr 216.0  tG 3586  e2 0.76  nF 24.9  pS 0.42  ptS 0.41  fLog 0.77  pdΔ -0.0782  pkR 9.70  clip 0.41  kl +0.039
upd  479  steps 15728640  sps 5780  opp frzn  loss +0.018  pg -0.0142  v 0.213  ev +1.00  adv_std 0.690  tR -0.01  ent[s/d/p/e] 1.28/0.79/0.64/0.13  emits 4.78  spf 358.4  z0 0.01  garr 217.5  tG 3111  e2 0.70  nF 20.5  pS 0.36  ptS 0.36  fLog 0.78  pdΔ -0.1358  pkR 10.88  clip 0.37  kl +0.034
upd  480  steps 15761408  sps 5780  opp buf  loss +0.034  pg -0.0130  v 0.283  ev +0.99  adv_std 0.790  tR -0.08  ent[s/d/p/e] 1.12/0.82/0.59/0.22  emits 4.09  spf 311.3  z0 0.01  garr 215.0  tG 1982  e2 0.66  nF 19.6  pS 0.35  ptS 0.34  fLog 0.75  pdΔ -0.1492  pkR 14.65  clip 0.35  kl +0.030
upd  481  steps 15794176  sps 5781  opp buf  loss +0.039  pg -0.0107  v 0.299  ev +1.00  adv_std 0.807  tR -0.12  ent[s/d/p/e] 1.26/0.81/0.64/0.14  emits 5.27  spf 301.0  z0 0.01  garr 197.9  tG 2565  e2 0.77  nF 22.1  pS 0.42  ptS 0.40  fLog 0.77  pdΔ -0.0832  pkR 10.40  clip 0.41  kl +0.038
upd  482  steps 15826944  sps 5782  opp buf  loss +0.038  pg -0.0109  v 0.297  ev +1.00  adv_std 0.794  tR +0.05  ent[s/d/p/e] 1.32/0.80/0.69/0.12  emits 5.68  spf 334.4  z0 0.01  garr 215.7  tG 3115  e2 0.80  nF 24.6  pS 0.43  ptS 0.41  fLog 0.78  pdΔ -0.0716  pkR 11.05  clip 0.42  kl +0.039
upd  483  steps 15859712  sps 5783  opp buf  loss +0.054  pg -0.0086  v 0.364  ev +1.00  adv_std 0.872  tR -0.02  ent[s/d/p/e] 1.35/0.79/0.68/0.10  emits 5.71  spf 314.3  z0 0.00  garr 210.2  tG 3106  e2 0.80  nF 24.2  pS 0.45  ptS 0.43  fLog 0.78  pdΔ -0.0497  pkR 7.30  clip 0.42  kl +0.034
upd  484  steps 15892480  sps 5784  opp frzn  loss +0.017  pg -0.0137  v 0.203  ev +1.00  adv_std 0.670  tR +0.01  ent[s/d/p/e] 1.22/0.79/0.65/0.12  emits 4.77  spf 395.0  z0 0.01  garr 220.8  tG 3092  e2 0.69  nF 21.7  pS 0.36  ptS 0.35  fLog 0.79  pdΔ -0.1401  pkR 9.59  clip 0.36  kl +0.032
upd  485  steps 15925248  sps 5784  opp frzn  loss +0.039  pg -0.0132  v 0.298  ev +0.99  adv_std 0.814  tR +0.04  ent[s/d/p/e] 0.83/0.82/0.49/0.23  emits 3.31  spf 306.8  z0 0.03  garr 195.9  tG 1278  e2 0.54  nF 17.7  pS 0.27  ptS 0.26  fLog 0.73  pdΔ -0.2316  pkR 15.28  clip 0.29  kl +0.027
upd  486  steps 15958016  sps 5785  opp buf  loss +0.035  pg -0.0150  v 0.291  ev +0.99  adv_std 0.795  tR -0.07  ent[s/d/p/e] 0.89/0.79/0.49/0.25  emits 3.65  spf 299.6  z0 0.01  garr 229.5  tG 1336  e2 0.62  nF 16.3  pS 0.32  ptS 0.30  fLog 0.74  pdΔ -0.1801  pkR 7.22  clip 0.31  kl +0.027
upd  487  steps 15990784  sps 5786  opp frzn  loss +0.055  pg -0.0105  v 0.372  ev +0.99  adv_std 0.893  tR +0.15  ent[s/d/p/e] 1.08/0.82/0.55/0.16  emits 4.35  spf 323.0  z0 0.02  garr 204.8  tG 2121  e2 0.66  nF 19.3  pS 0.33  ptS 0.31  fLog 0.76  pdΔ -0.1747  pkR 10.27  clip 0.36  kl +0.034
upd  488  steps 16023552  sps 5787  opp frzn  loss +0.041  pg -0.0155  v 0.322  ev +0.99  adv_std 0.835  tR -0.24  ent[s/d/p/e] 0.89/0.82/0.49/0.23  emits 3.55  spf 317.2  z0 0.02  garr 194.6  tG 1597  e2 0.57  nF 17.8  pS 0.28  ptS 0.27  fLog 0.74  pdΔ -0.2187  pkR 18.01  clip 0.29  kl +0.022
upd  489  steps 16056320  sps 5787  opp frzn  loss +0.060  pg -0.0131  v 0.399  ev +0.98  adv_std 0.928  tR -0.15  ent[s/d/p/e] 0.68/0.87/0.39/0.33  emits 2.97  spf 253.4  z0 0.03  garr 176.0  tG 889  e2 0.54  nF 15.6  pS 0.27  ptS 0.25  fLog 0.70  pdΔ -0.2342  pkR 7.83  clip 0.28  kl +0.024
upd  490  steps 16089088  sps 5788  opp buf  loss +0.047  pg -0.0153  v 0.354  ev +0.99  adv_std 0.876  tR -0.36  ent[s/d/p/e] 0.89/0.79/0.51/0.28  emits 3.75  spf 244.8  z0 0.02  garr 196.6  tG 1223  e2 0.65  nF 16.3  pS 0.34  ptS 0.32  fLog 0.73  pdΔ -0.1595  pkR 7.66  clip 0.34  kl +0.030
upd  491  steps 16121856  sps 5789  opp buf  loss +0.039  pg -0.0100  v 0.295  ev +1.00  adv_std 0.798  tR +0.25  ent[s/d/p/e] 1.21/0.80/0.64/0.16  emits 5.17  spf 302.0  z0 0.00  garr 228.7  tG 2296  e2 0.76  nF 21.7  pS 0.42  ptS 0.40  fLog 0.77  pdΔ -0.0792  pkR 7.04  clip 0.40  kl +0.033
upd  492  steps 16154624  sps 5790  opp buf  loss +0.067  pg -0.0091  v 0.433  ev +0.99  adv_std 0.945  tR +0.03  ent[s/d/p/e] 1.34/0.79/0.68/0.12  emits 5.59  spf 302.3  z0 0.00  garr 197.4  tG 2794  e2 0.79  nF 23.8  pS 0.44  ptS 0.42  fLog 0.78  pdΔ -0.0619  pkR 7.69  clip 0.41  kl +0.033
upd  493  steps 16187392  sps 5790  opp buf  loss +0.026  pg -0.0135  v 0.248  ev +1.00  adv_std 0.728  tR -0.04  ent[s/d/p/e] 1.32/0.77/0.69/0.11  emits 5.83  spf 353.8  z0 0.01  garr 236.3  tG 3487  e2 0.82  nF 23.8  pS 0.44  ptS 0.43  fLog 0.79  pdΔ -0.0558  pkR 6.55  clip 0.40  kl +0.029
upd  494  steps 16220160  sps 5791  opp buf  loss +0.041  pg -0.0126  v 0.320  ev +1.00  adv_std 0.810  tR -0.01  ent[s/d/p/e] 1.27/0.75/0.68/0.12  emits 5.92  spf 339.3  z0 0.01  garr 219.3  tG 3435  e2 0.84  nF 23.0  pS 0.44  ptS 0.43  fLog 0.79  pdΔ -0.0581  pkR 8.67  clip 0.41  kl +0.034
upd  495  steps 16252928  sps 5792  opp buf  loss +0.034  pg -0.0140  v 0.291  ev +1.00  adv_std 0.775  tR +0.04  ent[s/d/p/e] 1.28/0.76/0.67/0.11  emits 5.96  spf 388.9  z0 0.00  garr 256.4  tG 3978  e2 0.84  nF 21.4  pS 0.43  ptS 0.42  fLog 0.80  pdΔ -0.0664  pkR 10.27  clip 0.39  kl +0.030
upd  496  steps 16285696  sps 5793  opp buf  loss +0.044  pg -0.0107  v 0.323  ev +1.00  adv_std 0.824  tR -0.01  ent[s/d/p/e] 1.27/0.76/0.67/0.12  emits 5.65  spf 335.8  z0 0.01  garr 210.1  tG 3278  e2 0.80  nF 23.0  pS 0.42  ptS 0.40  fLog 0.78  pdΔ -0.0837  pkR 9.59  clip 0.43  kl +0.036
upd  497  steps 16318464  sps 5793  opp frzn  loss +0.020  pg -0.0141  v 0.219  ev +1.00  adv_std 0.692  tR -0.19  ent[s/d/p/e] 1.17/0.72/0.63/0.11  emits 5.07  spf 346.5  z0 0.00  garr 209.6  tG 2772  e2 0.72  nF 19.3  pS 0.36  ptS 0.35  fLog 0.80  pdΔ -0.1429  pkR 9.54  clip 0.36  kl +0.028
upd  498  steps 16351232  sps 5794  opp buf  loss +0.050  pg -0.0122  v 0.355  ev +0.99  adv_std 0.868  tR +0.07  ent[s/d/p/e] 1.05/0.77/0.57/0.21  emits 4.13  spf 294.2  z0 0.00  garr 210.4  tG 1831  e2 0.65  nF 18.7  pS 0.35  ptS 0.34  fLog 0.75  pdΔ -0.1484  pkR 11.64  clip 0.33  kl +0.026
upd  499  steps 16384000  sps 5795  opp buf  loss +0.026  pg -0.0136  v 0.246  ev +1.00  adv_std 0.728  tR +0.07  ent[s/d/p/e] 1.24/0.77/0.60/0.16  emits 5.09  spf 303.3  z0 0.01  garr 215.0  tG 2646  e2 0.76  nF 20.0  pS 0.41  ptS 0.39  fLog 0.78  pdΔ -0.0937  pkR 9.17  clip 0.38  kl +0.030 WRr 0.81 WRf 0.81
[ckpt] saved ./ckpt_multi_action_v11_f29b/ckpt_000499.pkl
upd  500  steps 16416768  sps 5770  opp frzn  loss +0.021  pg -0.0140  v 0.222  ev +1.00  adv_std 0.699  tR +0.04  ent[s/d/p/e] 1.20/0.74/0.61/0.12  emits 4.84  spf 390.9  z0 0.01  garr 232.9  tG 3214  e2 0.69  nF 19.6  pS 0.34  ptS 0.33  fLog 0.79  pdΔ -0.1569  pkR 10.42  clip 0.37  kl +0.030
upd  501  steps 16449536  sps 5770  opp frzn  loss +0.044  pg -0.0143  v 0.335  ev +0.99  adv_std 0.848  tR -0.16  ent[s/d/p/e] 0.95/0.77/0.52/0.25  emits 3.46  spf 350.2  z0 0.01  garr 194.1  tG 1863  e2 0.56  nF 17.3  pS 0.31  ptS 0.30  fLog 0.74  pdΔ -0.1887  pkR 15.42  clip 0.29  kl +0.025
upd  502  steps 16482304  sps 5771  opp frzn  loss +0.052  pg -0.0128  v 0.361  ev +0.98  adv_std 0.876  tR +0.34  ent[s/d/p/e] 0.81/0.82/0.44/0.28  emits 3.30  spf 253.9  z0 0.01  garr 189.5  tG 1057  e2 0.56  nF 17.8  pS 0.30  ptS 0.29  fLog 0.71  pdΔ -0.1971  pkR 7.43  clip 0.30  kl +0.026
upd  503  steps 16515072  sps 5772  opp frzn  loss +0.053  pg -0.0124  v 0.361  ev +0.98  adv_std 0.862  tR +0.33  ent[s/d/p/e] 0.72/0.78/0.42/0.26  emits 3.43  spf 306.2  z0 0.02  garr 228.9  tG 1225  e2 0.58  nF 15.2  pS 0.29  ptS 0.28  fLog 0.74  pdΔ -0.2081  pkR 9.32  clip 0.28  kl +0.022
upd  504  steps 16547840  sps 5773  opp frzn  loss +0.054  pg -0.0133  v 0.371  ev +0.98  adv_std 0.899  tR +0.08  ent[s/d/p/e] 0.68/0.75/0.40/0.29  emits 3.11  spf 288.4  z0 0.04  garr 205.5  tG 1054  e2 0.54  nF 14.5  pS 0.26  ptS 0.25  fLog 0.73  pdΔ -0.2368  pkR 10.97  clip 0.30  kl +0.025
upd  505  steps 16580608  sps 5774  opp buf  loss +0.044  pg -0.0156  v 0.340  ev +0.99  adv_std 0.849  tR -0.15  ent[s/d/p/e] 0.91/0.78/0.52/0.26  emits 3.72  spf 227.4  z0 0.02  garr 172.0  tG 1158  e2 0.61  nF 17.7  pS 0.33  ptS 0.32  fLog 0.72  pdΔ -0.1667  pkR 9.95  clip 0.32  kl +0.027
upd  506  steps 16613376  sps 5774  opp buf  loss +0.030  pg -0.0121  v 0.261  ev +1.00  adv_std 0.751  tR +0.05  ent[s/d/p/e] 1.28/0.75/0.64/0.13  emits 5.56  spf 330.0  z0 0.01  garr 245.0  tG 3033  e2 0.81  nF 20.1  pS 0.45  ptS 0.43  fLog 0.79  pdΔ -0.0530  pkR 8.06  clip 0.39  kl +0.031
upd  507  steps 16646144  sps 5775  opp frzn  loss +0.033  pg -0.0154  v 0.294  ev +1.00  adv_std 0.797  tR +0.18  ent[s/d/p/e] 1.29/0.77/0.65/0.13  emits 4.90  spf 425.1  z0 0.00  garr 244.8  tG 3747  e2 0.70  nF 18.9  pS 0.40  ptS 0.39  fLog 0.81  pdΔ -0.0971  pkR 9.65  clip 0.36  kl +0.028
upd  508  steps 16678912  sps 5776  opp buf  loss +0.057  pg -0.0149  v 0.404  ev +0.99  adv_std 0.929  tR +0.10  ent[s/d/p/e] 1.11/0.79/0.58/0.24  emits 4.02  spf 315.4  z0 0.02  garr 189.6  tG 2098  e2 0.64  nF 18.6  pS 0.39  ptS 0.37  fLog 0.75  pdΔ -0.1149  pkR 13.03  clip 0.33  kl +0.026
upd  509  steps 16711680  sps 5777  opp buf  loss +0.044  pg -0.0131  v 0.335  ev +1.00  adv_std 0.838  tR +0.01  ent[s/d/p/e] 1.27/0.74/0.67/0.16  emits 5.25  spf 301.9  z0 0.01  garr 201.4  tG 2763  e2 0.77  nF 20.5  pS 0.45  ptS 0.43  fLog 0.78  pdΔ -0.0503  pkR 9.59  clip 0.39  kl +0.030
upd  510  steps 16744448  sps 5777  opp buf  loss +0.021  pg -0.0110  v 0.214  ev +1.00  adv_std 0.671  tR +0.14  ent[s/d/p/e] 1.29/0.70/0.68/0.10  emits 5.86  spf 385.0  z0 0.01  garr 261.1  tG 3825  e2 0.82  nF 20.6  pS 0.44  ptS 0.42  fLog 0.82  pdΔ -0.0607  pkR 8.70  clip 0.41  kl +0.033
upd  511  steps 16777216  sps 5778  opp frzn  loss +0.040  pg -0.0126  v 0.311  ev +1.00  adv_std 0.814  tR -0.01  ent[s/d/p/e] 1.26/0.74/0.66/0.10  emits 5.06  spf 379.4  z0 0.00  garr 244.9  tG 3358  e2 0.71  nF 19.2  pS 0.38  ptS 0.37  fLog 0.80  pdΔ -0.1170  pkR 10.06  clip 0.38  kl +0.034
upd  512  steps 16809984  sps 5779  opp buf  loss +0.055  pg -0.0109  v 0.378  ev +0.99  adv_std 0.893  tR +0.10  ent[s/d/p/e] 1.10/0.74/0.60/0.17  emits 4.56  spf 337.8  z0 0.01  garr 229.3  tG 2464  e2 0.70  nF 18.3  pS 0.36  ptS 0.35  fLog 0.77  pdΔ -0.1376  pkR 13.21  clip 0.35  kl +0.031
upd  513  steps 16842752  sps 5779  opp buf  loss +0.027  pg -0.0125  v 0.246  ev +1.00  adv_std 0.731  tR -0.07  ent[s/d/p/e] 1.21/0.72/0.65/0.15  emits 5.22  spf 297.6  z0 0.00  garr 220.4  tG 2493  e2 0.78  nF 21.0  pS 0.39  ptS 0.37  fLog 0.77  pdΔ -0.1080  pkR 9.57  clip 0.39  kl +0.030
upd  514  steps 16875520  sps 5780  opp buf  loss +0.043  pg -0.0102  v 0.317  ev +1.00  adv_std 0.814  tR -0.10  ent[s/d/p/e] 1.30/0.72/0.71/0.11  emits 5.55  spf 349.6  z0 0.01  garr 232.8  tG 3308  e2 0.78  nF 21.5  pS 0.42  ptS 0.41  fLog 0.80  pdΔ -0.0811  pkR 8.17  clip 0.41  kl +0.034
upd  515  steps 16908288  sps 5781  opp buf  loss +0.025  pg -0.0129  v 0.241  ev +1.00  adv_std 0.721  tR +0.14  ent[s/d/p/e] 1.32/0.76/0.69/0.10  emits 5.60  spf 330.7  z0 0.01  garr 212.5  tG 3116  e2 0.77  nF 22.3  pS 0.44  ptS 0.42  fLog 0.80  pdΔ -0.0634  pkR 8.91  clip 0.39  kl +0.032
upd  516  steps 16941056  sps 5782  opp buf  loss +0.041  pg -0.0091  v 0.303  ev +1.00  adv_std 0.795  tR +0.12  ent[s/d/p/e] 1.37/0.77/0.69/0.10  emits 5.83  spf 364.2  z0 0.01  garr 244.1  tG 3740  e2 0.81  nF 22.5  pS 0.44  ptS 0.43  fLog 0.80  pdΔ -0.0584  pkR 6.54  clip 0.41  kl +0.036
upd  517  steps 16973824  sps 5782  opp buf  loss +0.042  pg -0.0121  v 0.323  ev +1.00  adv_std 0.820  tR +0.03  ent[s/d/p/e] 1.35/0.75/0.69/0.10  emits 5.96  spf 352.3  z0 0.01  garr 247.0  tG 3672  e2 0.84  nF 22.2  pS 0.45  ptS 0.43  fLog 0.80  pdΔ -0.0535  pkR 7.15  clip 0.41  kl +0.037
upd  518  steps 17006592  sps 5783  opp buf  loss +0.067  pg -0.0100  v 0.437  ev +0.99  adv_std 0.951  tR +0.05  ent[s/d/p/e] 1.34/0.75/0.70/0.11  emits 5.81  spf 369.4  z0 0.01  garr 249.1  tG 3871  e2 0.81  nF 22.8  pS 0.45  ptS 0.44  fLog 0.79  pdΔ -0.0545  pkR 9.86  clip 0.40  kl +0.035
upd  519  steps 17039360  sps 5784  opp buf  loss +0.053  pg -0.0096  v 0.366  ev +1.00  adv_std 0.873  tR +0.12  ent[s/d/p/e] 1.38/0.73/0.69/0.11  emits 5.70  spf 355.5  z0 0.01  garr 237.6  tG 3804  e2 0.81  nF 21.9  pS 0.44  ptS 0.43  fLog 0.80  pdΔ -0.0633  pkR 11.67  clip 0.40  kl +0.032
upd  520  steps 17072128  sps 5785  opp buf  loss +0.023  pg -0.0140  v 0.236  ev +1.00  adv_std 0.710  tR +0.19  ent[s/d/p/e] 1.33/0.76/0.70/0.11  emits 5.63  spf 375.5  z0 0.00  garr 238.0  tG 3652  e2 0.80  nF 22.6  pS 0.43  ptS 0.42  fLog 0.79  pdΔ -0.0727  pkR 8.84  clip 0.38  kl +0.031
upd  521  steps 17104896  sps 5785  opp frzn  loss +0.032  pg -0.0122  v 0.270  ev +1.00  adv_std 0.769  tR -0.18  ent[s/d/p/e] 1.16/0.75/0.64/0.14  emits 4.86  spf 327.6  z0 0.01  garr 200.8  tG 2564  e2 0.71  nF 21.3  pS 0.37  ptS 0.36  fLog 0.77  pdΔ -0.1305  pkR 10.30  clip 0.37  kl +0.032
upd  522  steps 17137664  sps 5786  opp buf  loss +0.049  pg -0.0152  v 0.366  ev +0.99  adv_std 0.890  tR -0.03  ent[s/d/p/e] 1.03/0.76/0.59/0.19  emits 4.53  spf 287.8  z0 0.01  garr 196.0  tG 1861  e2 0.70  nF 19.7  pS 0.36  ptS 0.35  fLog 0.75  pdΔ -0.1395  pkR 13.81  clip 0.35  kl +0.031
upd  523  steps 17170432  sps 5787  opp buf  loss +0.053  pg -0.0088  v 0.359  ev +1.00  adv_std 0.874  tR +0.17  ent[s/d/p/e] 1.22/0.75/0.64/0.15  emits 5.25  spf 301.9  z0 0.02  garr 219.8  tG 2529  e2 0.77  nF 21.4  pS 0.41  ptS 0.40  fLog 0.77  pdΔ -0.0859  pkR 9.74  clip 0.39  kl +0.030
upd  524  steps 17203200  sps 5787  opp frzn  loss +0.035  pg -0.0122  v 0.287  ev +1.00  adv_std 0.786  tR +0.04  ent[s/d/p/e] 1.25/0.78/0.65/0.12  emits 5.01  spf 366.1  z0 0.01  garr 223.4  tG 2956  e2 0.72  nF 20.7  pS 0.38  ptS 0.36  fLog 0.79  pdΔ -0.1211  pkR 8.96  clip 0.36  kl +0.028
upd  525  steps 17235968  sps 5788  opp buf  loss +0.046  pg -0.0150  v 0.346  ev +0.99  adv_std 0.864  tR +0.16  ent[s/d/p/e] 0.99/0.76/0.56/0.19  emits 4.62  spf 329.1  z0 0.01  garr 233.7  tG 2089  e2 0.72  nF 17.5  pS 0.37  ptS 0.36  fLog 0.78  pdΔ -0.1324  pkR 10.15  clip 0.32  kl +0.027
upd  526  steps 17268736  sps 5789  opp buf  loss +0.052  pg -0.0119  v 0.369  ev +0.99  adv_std 0.890  tR +0.08  ent[s/d/p/e] 1.15/0.75/0.64/0.13  emits 5.47  spf 324.8  z0 0.01  garr 229.2  tG 2757  e2 0.79  nF 19.7  pS 0.42  ptS 0.41  fLog 0.79  pdΔ -0.0751  pkR 9.80  clip 0.39  kl +0.032
upd  527  steps 17301504  sps 5790  opp buf  loss +0.026  pg -0.0125  v 0.242  ev +1.00  adv_std 0.726  tR +0.12  ent[s/d/p/e] 1.31/0.74/0.69/0.10  emits 5.79  spf 371.2  z0 0.00  garr 241.1  tG 3670  e2 0.81  nF 21.2  pS 0.45  ptS 0.42  fLog 0.80  pdΔ -0.0542  pkR 10.10  clip 0.41  kl +0.032
upd  528  steps 17334272  sps 5790  opp buf  loss +0.031  pg -0.0146  v 0.277  ev +1.00  adv_std 0.775  tR +0.15  ent[s/d/p/e] 1.28/0.75/0.66/0.12  emits 5.68  spf 342.8  z0 0.01  garr 219.5  tG 3233  e2 0.80  nF 22.6  pS 0.43  ptS 0.42  fLog 0.79  pdΔ -0.0662  pkR 10.27  clip 0.40  kl +0.033
upd  529  steps 17367040  sps 5791  opp buf  loss +0.037  pg -0.0128  v 0.298  ev +1.00  adv_std 0.789  tR -0.07  ent[s/d/p/e] 1.22/0.72/0.66/0.11  emits 5.74  spf 348.1  z0 0.01  garr 233.5  tG 3154  e2 0.80  nF 22.9  pS 0.42  ptS 0.41  fLog 0.79  pdΔ -0.0778  pkR 7.96  clip 0.37  kl +0.027
upd  530  steps 17399808  sps 5792  opp buf  loss +0.033  pg -0.0105  v 0.269  ev +1.00  adv_std 0.756  tR -0.08  ent[s/d/p/e] 1.22/0.73/0.67/0.11  emits 5.63  spf 352.1  z0 0.01  garr 216.9  tG 3139  e2 0.79  nF 24.0  pS 0.42  ptS 0.41  fLog 0.78  pdΔ -0.0821  pkR 8.58  clip 0.39  kl +0.032
upd  531  steps 17432576  sps 5792  opp frzn  loss +0.035  pg -0.0105  v 0.277  ev +1.00  adv_std 0.766  tR -0.15  ent[s/d/p/e] 1.19/0.79/0.65/0.10  emits 4.68  spf 363.9  z0 0.01  garr 193.0  tG 2852  e2 0.64  nF 23.4  pS 0.34  ptS 0.33  fLog 0.76  pdΔ -0.1578  pkR 11.86  clip 0.36  kl +0.030
upd  532  steps 17465344  sps 5793  opp buf  loss +0.066  pg -0.0109  v 0.432  ev +0.99  adv_std 0.961  tR +0.03  ent[s/d/p/e] 1.09/0.83/0.59/0.21  emits 3.97  spf 267.2  z0 0.01  garr 161.1  tG 1741  e2 0.61  nF 21.9  pS 0.36  ptS 0.34  fLog 0.71  pdΔ -0.1422  pkR 17.09  clip 0.35  kl +0.031
upd  533  steps 17498112  sps 5794  opp buf  loss +0.048  pg -0.0097  v 0.341  ev +1.00  adv_std 0.847  tR -0.14  ent[s/d/p/e] 1.28/0.83/0.64/0.16  emits 5.16  spf 275.7  z0 0.02  garr 186.2  tG 2563  e2 0.76  nF 23.4  pS 0.41  ptS 0.39  fLog 0.75  pdΔ -0.0935  pkR 10.82  clip 0.39  kl +0.031
upd  534  steps 17530880  sps 5794  opp buf  loss +0.052  pg -0.0123  v 0.373  ev +0.99  adv_std 0.884  tR +0.10  ent[s/d/p/e] 1.29/0.77/0.68/0.12  emits 5.67  spf 312.9  z0 0.00  garr 209.8  tG 3189  e2 0.80  nF 23.8  pS 0.40  ptS 0.39  fLog 0.77  pdΔ -0.0966  pkR 9.13  clip 0.40  kl +0.031
upd  535  steps 17563648  sps 5795  opp buf  loss +0.029  pg -0.0122  v 0.258  ev +1.00  adv_std 0.747  tR -0.12  ent[s/d/p/e] 1.24/0.77/0.68/0.12  emits 5.56  spf 284.3  z0 0.01  garr 194.5  tG 2639  e2 0.78  nF 23.4  pS 0.39  ptS 0.38  fLog 0.77  pdΔ -0.1104  pkR 8.86  clip 0.40  kl +0.035
upd  536  steps 17596416  sps 5796  opp buf  loss +0.041  pg -0.0105  v 0.311  ev +1.00  adv_std 0.813  tR -0.24  ent[s/d/p/e] 1.32/0.76/0.69/0.11  emits 5.55  spf 322.0  z0 0.00  garr 212.3  tG 3254  e2 0.78  nF 23.5  pS 0.41  ptS 0.40  fLog 0.77  pdΔ -0.0864  pkR 10.21  clip 0.41  kl +0.033
upd  537  steps 17629184  sps 5796  opp frzn  loss +0.019  pg -0.0138  v 0.217  ev +1.00  adv_std 0.695  tR +0.09  ent[s/d/p/e] 1.28/0.74/0.68/0.09  emits 5.31  spf 409.2  z0 0.00  garr 245.8  tG 3827  e2 0.73  nF 20.2  pS 0.40  ptS 0.39  fLog 0.80  pdΔ -0.0976  pkR 13.23  clip 0.37  kl +0.031
upd  538  steps 17661952  sps 5797  opp frzn  loss +0.043  pg -0.0128  v 0.319  ev +0.99  adv_std 0.837  tR +0.04  ent[s/d/p/e] 0.90/0.75/0.51/0.23  emits 3.63  spf 350.1  z0 0.02  garr 189.7  tG 1790  e2 0.56  nF 16.1  pS 0.31  ptS 0.30  fLog 0.76  pdΔ -0.1865  pkR 21.19  clip 0.31  kl +0.028
upd  539  steps 17694720  sps 5798  opp buf  loss +0.064  pg -0.0141  v 0.429  ev +0.99  adv_std 0.952  tR -0.22  ent[s/d/p/e] 0.87/0.75/0.48/0.26  emits 3.92  spf 267.2  z0 0.02  garr 204.5  tG 1407  e2 0.66  nF 16.2  pS 0.35  ptS 0.34  fLog 0.74  pdΔ -0.1469  pkR 9.58  clip 0.28  kl +0.020
upd  540  steps 17727488  sps 5798  opp buf  loss +0.056  pg -0.0124  v 0.390  ev +0.99  adv_std 0.908  tR +0.17  ent[s/d/p/e] 1.14/0.74/0.61/0.18  emits 4.97  spf 269.0  z0 0.01  garr 188.1  tG 2136  e2 0.73  nF 21.3  pS 0.39  ptS 0.38  fLog 0.75  pdΔ -0.1064  pkR 12.51  clip 0.37  kl +0.033
upd  541  steps 17760256  sps 5799  opp buf  loss +0.037  pg -0.0105  v 0.289  ev +1.00  adv_std 0.786  tR -0.04  ent[s/d/p/e] 1.27/0.72/0.68/0.12  emits 5.67  spf 302.0  z0 0.01  garr 186.9  tG 2867  e2 0.79  nF 24.5  pS 0.43  ptS 0.43  fLog 0.77  pdΔ -0.0661  pkR 9.26  clip 0.41  kl +0.036
upd  542  steps 17793024  sps 5800  opp buf  loss +0.070  pg -0.0079  v 0.441  ev +0.99  adv_std 0.951  tR +0.10  ent[s/d/p/e] 1.34/0.71/0.69/0.10  emits 5.78  spf 348.7  z0 0.01  garr 218.7  tG 3640  e2 0.81  nF 22.5  pS 0.45  ptS 0.44  fLog 0.80  pdΔ -0.0502  pkR 7.28  clip 0.41  kl +0.035
upd  543  steps 17825792  sps 5800  opp frzn  loss +0.040  pg -0.0108  v 0.303  ev +1.00  adv_std 0.803  tR +0.16  ent[s/d/p/e] 1.24/0.70/0.65/0.10  emits 5.09  spf 404.8  z0 0.01  garr 250.7  tG 3477  e2 0.71  nF 21.0  pS 0.38  ptS 0.37  fLog 0.80  pdΔ -0.1188  pkR 9.18  clip 0.36  kl +0.027
upd  544  steps 17858560  sps 5801  opp buf  loss +0.038  pg -0.0157  v 0.315  ev +0.99  adv_std 0.832  tR -0.06  ent[s/d/p/e] 1.06/0.78/0.59/0.19  emits 4.42  spf 322.0  z0 0.01  garr 209.5  tG 2165  e2 0.67  nF 21.1  pS 0.37  ptS 0.36  fLog 0.75  pdΔ -0.1296  pkR 14.76  clip 0.34  kl +0.027
upd  545  steps 17891328  sps 5802  opp buf  loss +0.049  pg -0.0131  v 0.361  ev +1.00  adv_std 0.881  tR +0.06  ent[s/d/p/e] 1.21/0.71/0.63/0.14  emits 5.36  spf 309.7  z0 0.01  garr 223.4  tG 2603  e2 0.77  nF 19.6  pS 0.41  ptS 0.40  fLog 0.78  pdΔ -0.0863  pkR 8.48  clip 0.38  kl +0.030
upd  546  steps 17924096  sps 5802  opp frzn  loss +0.037  pg -0.0143  v 0.304  ev +0.99  adv_std 0.817  tR +0.29  ent[s/d/p/e] 1.21/0.71/0.63/0.12  emits 5.20  spf 359.0  z0 0.00  garr 220.3  tG 3107  e2 0.73  nF 19.0  pS 0.38  ptS 0.37  fLog 0.79  pdΔ -0.1156  pkR 8.28  clip 0.36  kl +0.030
upd  547  steps 17956864  sps 5803  opp frzn  loss +0.047  pg -0.0148  v 0.349  ev +0.99  adv_std 0.870  tR -0.03  ent[s/d/p/e] 0.87/0.73/0.48/0.22  emits 3.87  spf 307.3  z0 0.00  garr 188.0  tG 1725  e2 0.59  nF 17.7  pS 0.32  ptS 0.31  fLog 0.74  pdΔ -0.1780  pkR 20.54  clip 0.28  kl +0.022
upd  548  steps 17989632  sps 5804  opp buf  loss +0.053  pg -0.0158  v 0.384  ev +0.99  adv_std 0.909  tR +0.11  ent[s/d/p/e] 0.95/0.75/0.51/0.23  emits 4.35  spf 299.5  z0 0.01  garr 206.5  tG 1719  e2 0.67  nF 18.6  pS 0.39  ptS 0.38  fLog 0.75  pdΔ -0.1060  pkR 13.50  clip 0.32  kl +0.023
upd  549  steps 18022400  sps 5804  opp buf  loss +0.040  pg -0.0119  v 0.306  ev +1.00  adv_std 0.811  tR +0.19  ent[s/d/p/e] 1.21/0.73/0.62/0.12  emits 5.50  spf 318.2  z0 0.01  garr 220.4  tG 2697  e2 0.77  nF 20.7  pS 0.42  ptS 0.40  fLog 0.78  pdΔ -0.0790  pkR 13.48  clip 0.38  kl +0.033 WRr 0.75 WRf 0.72
upd  550  steps 18055168  sps 5781  opp buf  loss +0.047  pg -0.0101  v 0.335  ev +1.00  adv_std 0.838  tR +0.03  ent[s/d/p/e] 1.32/0.70/0.67/0.09  emits 5.94  spf 369.8  z0 0.00  garr 244.7  tG 3590  e2 0.81  nF 20.3  pS 0.44  ptS 0.43  fLog 0.81  pdΔ -0.0566  pkR 8.92  clip 0.41  kl +0.033
upd  551  steps 18087936  sps 5782  opp frzn  loss +0.076  pg -0.0136  v 0.493  ev +0.99  adv_std 1.011  tR +0.03  ent[s/d/p/e] 1.10/0.73/0.60/0.14  emits 4.81  spf 322.2  z0 0.01  garr 186.6  tG 2537  e2 0.69  nF 21.7  pS 0.33  ptS 0.33  fLog 0.75  pdΔ -0.1666  pkR 11.69  clip 0.35  kl +0.032
upd  552  steps 18120704  sps 5783  opp frzn  loss +0.050  pg -0.0134  v 0.352  ev +0.99  adv_std 0.879  tR -0.29  ent[s/d/p/e] 0.82/0.71/0.46/0.21  emits 3.84  spf 265.4  z0 0.02  garr 183.4  tG 1389  e2 0.59  nF 16.9  pS 0.29  ptS 0.27  fLog 0.74  pdΔ -0.2150  pkR 17.14  clip 0.29  kl +0.026
upd  553  steps 18153472  sps 5783  opp buf  loss +0.051  pg -0.0139  v 0.363  ev +0.99  adv_std 0.886  tR -0.03  ent[s/d/p/e] 0.88/0.70/0.47/0.24  emits 4.01  spf 267.4  z0 0.02  garr 190.0  tG 1387  e2 0.64  nF 16.4  pS 0.34  ptS 0.32  fLog 0.73  pdΔ -0.1591  pkR 8.72  clip 0.31  kl +0.027
upd  554  steps 18186240  sps 5784  opp buf  loss +0.022  pg -0.0129  v 0.220  ev +1.00  adv_std 0.692  tR +0.13  ent[s/d/p/e] 1.16/0.71/0.59/0.15  emits 5.19  spf 287.5  z0 0.01  garr 191.8  tG 2354  e2 0.74  nF 21.1  pS 0.38  ptS 0.37  fLog 0.76  pdΔ -0.1168  pkR 9.26  clip 0.37  kl +0.030
upd  555  steps 18219008  sps 5785  opp buf  loss +0.049  pg -0.0092  v 0.341  ev +1.00  adv_std 0.842  tR -0.15  ent[s/d/p/e] 1.28/0.70/0.64/0.11  emits 5.57  spf 337.3  z0 0.01  garr 209.2  tG 3223  e2 0.78  nF 21.8  pS 0.41  ptS 0.40  fLog 0.78  pdΔ -0.0860  pkR 8.00  clip 0.38  kl +0.033
upd  556  steps 18251776  sps 5786  opp frzn  loss +0.043  pg -0.0125  v 0.327  ev +0.99  adv_std 0.834  tR +0.15  ent[s/d/p/e] 1.17/0.71/0.61/0.11  emits 5.07  spf 346.3  z0 0.01  garr 204.2  tG 2972  e2 0.71  nF 20.7  pS 0.36  ptS 0.36  fLog 0.78  pdΔ -0.1355  pkR 8.76  clip 0.34  kl +0.026
upd  557  steps 18284544  sps 5786  opp buf  loss +0.065  pg -0.0120  v 0.428  ev +0.99  adv_std 0.953  tR -0.43  ent[s/d/p/e] 1.04/0.72/0.53/0.20  emits 4.65  spf 295.1  z0 0.01  garr 190.7  tG 2088  e2 0.71  nF 17.7  pS 0.37  ptS 0.36  fLog 0.75  pdΔ -0.1324  pkR 14.81  clip 0.34  kl +0.029
upd  558  steps 18317312  sps 5787  opp buf  loss +0.037  pg -0.0157  v 0.313  ev +1.00  adv_std 0.816  tR +0.21  ent[s/d/p/e] 1.20/0.73/0.61/0.14  emits 5.70  spf 304.2  z0 0.00  garr 213.0  tG 2793  e2 0.82  nF 19.9  pS 0.43  ptS 0.42  fLog 0.77  pdΔ -0.0734  pkR 14.10  clip 0.37  kl +0.031
upd  559  steps 18350080  sps 5788  opp buf  loss +0.028  pg -0.0120  v 0.248  ev +1.00  adv_std 0.728  tR +0.03  ent[s/d/p/e] 1.27/0.71/0.65/0.10  emits 5.95  spf 310.8  z0 0.01  garr 206.2  tG 3131  e2 0.82  nF 21.7  pS 0.42  ptS 0.41  fLog 0.78  pdΔ -0.0776  pkR 8.31  clip 0.40  kl +0.036
upd  560  steps 18382848  sps 5788  opp frzn  loss +0.019  pg -0.0130  v 0.210  ev +1.00  adv_std 0.679  tR +0.00  ent[s/d/p/e] 1.28/0.72/0.63/0.08  emits 5.51  spf 384.6  z0 0.00  garr 235.3  tG 3475  e2 0.74  nF 19.6  pS 0.40  ptS 0.39  fLog 0.82  pdΔ -0.1009  pkR 7.63  clip 0.37  kl +0.029
upd  561  steps 18415616  sps 5789  opp buf  loss +0.046  pg -0.0136  v 0.340  ev +0.99  adv_std 0.858  tR +0.00  ent[s/d/p/e] 1.10/0.74/0.55/0.15  emits 4.99  spf 362.2  z0 0.01  garr 225.3  tG 2683  e2 0.73  nF 18.6  pS 0.40  ptS 0.38  fLog 0.78  pdΔ -0.0983  pkR 9.27  clip 0.33  kl +0.025
upd  562  steps 18448384  sps 5789  opp buf  loss +0.036  pg -0.0128  v 0.293  ev +1.00  adv_std 0.792  tR -0.15  ent[s/d/p/e] 1.27/0.74/0.62/0.12  emits 5.47  spf 331.2  z0 0.01  garr 217.9  tG 2993  e2 0.77  nF 19.7  pS 0.43  ptS 0.42  fLog 0.79  pdΔ -0.0709  pkR 7.36  clip 0.38  kl +0.028
upd  563  steps 18481152  sps 5790  opp buf  loss +0.039  pg -0.0135  v 0.314  ev +1.00  adv_std 0.813  tR -0.09  ent[s/d/p/e] 1.36/0.73/0.66/0.10  emits 5.59  spf 390.7  z0 0.00  garr 229.8  tG 3857  e2 0.78  nF 21.8  pS 0.45  ptS 0.44  fLog 0.79  pdΔ -0.0480  pkR 7.31  clip 0.38  kl +0.027
upd  564  steps 18513920  sps 5791  opp buf  loss +0.038  pg -0.0142  v 0.312  ev +1.00  adv_std 0.810  tR +0.29  ent[s/d/p/e] 1.32/0.71/0.66/0.10  emits 5.90  spf 382.1  z0 0.01  garr 239.4  tG 3805  e2 0.81  nF 22.6  pS 0.47  ptS 0.45  fLog 0.80  pdΔ -0.0334  pkR 8.09  clip 0.37  kl +0.028
upd  565  steps 18546688  sps 5791  opp buf  loss +0.040  pg -0.0122  v 0.312  ev +1.00  adv_std 0.819  tR +0.24  ent[s/d/p/e] 1.25/0.71/0.65/0.11  emits 5.86  spf 337.4  z0 0.00  garr 209.2  tG 3222  e2 0.81  nF 23.7  pS 0.44  ptS 0.43  fLog 0.77  pdΔ -0.0578  pkR 10.94  clip 0.40  kl +0.034
upd  566  steps 18579456  sps 5792  opp frzn  loss +0.025  pg -0.0133  v 0.236  ev +1.00  adv_std 0.718  tR +0.03  ent[s/d/p/e] 1.14/0.69/0.61/0.10  emits 5.45  spf 352.6  z0 0.01  garr 212.4  tG 2924  e2 0.75  nF 20.8  pS 0.38  ptS 0.37  fLog 0.79  pdΔ -0.1193  pkR 7.72  clip 0.35  kl +0.029
upd  567  steps 18612224  sps 5793  opp buf  loss +0.062  pg -0.0137  v 0.420  ev +0.99  adv_std 0.951  tR -0.19  ent[s/d/p/e] 1.06/0.73/0.56/0.18  emits 4.80  spf 292.2  z0 0.02  garr 199.2  tG 2045  e2 0.73  nF 20.1  pS 0.38  ptS 0.36  fLog 0.75  pdΔ -0.1246  pkR 13.04  clip 0.35  kl +0.033
upd  568  steps 18644992  sps 5793  opp frzn  loss +0.058  pg -0.0145  v 0.406  ev +0.99  adv_std 0.929  tR +0.27  ent[s/d/p/e] 1.13/0.75/0.57/0.16  emits 4.78  spf 310.2  z0 0.01  garr 189.9  tG 2342  e2 0.70  nF 21.3  pS 0.37  ptS 0.36  fLog 0.75  pdΔ -0.1293  pkR 10.86  clip 0.34  kl +0.032
upd  569  steps 18677760  sps 5794  opp buf  loss +0.047  pg -0.0168  v 0.361  ev +0.99  adv_std 0.883  tR -0.22  ent[s/d/p/e] 1.04/0.71/0.55/0.19  emits 4.56  spf 285.2  z0 0.01  garr 175.8  tG 2027  e2 0.70  nF 18.5  pS 0.38  ptS 0.36  fLog 0.75  pdΔ -0.1197  pkR 16.46  clip 0.31  kl +0.024
upd  570  steps 18710528  sps 5795  opp buf  loss +0.022  pg -0.0153  v 0.236  ev +1.00  adv_std 0.720  tR -0.13  ent[s/d/p/e] 1.23/0.67/0.61/0.11  emits 5.92  spf 350.5  z0 0.01  garr 249.0  tG 3172  e2 0.83  nF 19.1  pS 0.45  ptS 0.43  fLog 0.80  pdΔ -0.0514  pkR 6.98  clip 0.36  kl +0.028
upd  571  steps 18743296  sps 5795  opp buf  loss +0.030  pg -0.0104  v 0.250  ev +1.00  adv_std 0.734  tR +0.17  ent[s/d/p/e] 1.24/0.66/0.64/0.09  emits 6.07  spf 351.9  z0 0.00  garr 228.1  tG 3368  e2 0.84  nF 20.3  pS 0.43  ptS 0.42  fLog 0.79  pdΔ -0.0652  pkR 9.92  clip 0.39  kl +0.032
upd  572  steps 18776064  sps 5796  opp buf  loss +0.034  pg -0.0128  v 0.286  ev +1.00  adv_std 0.766  tR +0.08  ent[s/d/p/e] 1.27/0.66/0.65/0.07  emits 6.38  spf 379.7  z0 0.00  garr 261.3  tG 3773  e2 0.85  nF 20.7  pS 0.46  ptS 0.44  fLog 0.81  pdΔ -0.0401  pkR 9.44  clip 0.37  kl +0.029
upd  573  steps 18808832  sps 5797  opp buf  loss +0.040  pg -0.0124  v 0.312  ev +1.00  adv_std 0.811  tR +0.13  ent[s/d/p/e] 1.25/0.67/0.65/0.09  emits 5.95  spf 357.6  z0 0.00  garr 221.2  tG 3428  e2 0.81  nF 21.4  pS 0.45  ptS 0.43  fLog 0.79  pdΔ -0.0543  pkR 8.57  clip 0.38  kl +0.029
upd  574  steps 18841600  sps 5797  opp buf  loss +0.034  pg -0.0125  v 0.281  ev +1.00  adv_std 0.774  tR +0.04  ent[s/d/p/e] 1.26/0.67/0.64/0.09  emits 5.93  spf 388.2  z0 0.01  garr 239.3  tG 3755  e2 0.80  nF 21.0  pS 0.43  ptS 0.42  fLog 0.80  pdΔ -0.0695  pkR 10.83  clip 0.37  kl +0.028
upd  575  steps 18874368  sps 5798  opp frzn  loss +0.026  pg -0.0148  v 0.247  ev +1.00  adv_std 0.737  tR +0.04  ent[s/d/p/e] 1.16/0.67/0.59/0.10  emits 4.95  spf 379.8  z0 0.01  garr 207.4  tG 2914  e2 0.68  nF 18.8  pS 0.36  ptS 0.35  fLog 0.79  pdΔ -0.1365  pkR 13.70  clip 0.32  kl +0.027
upd  576  steps 18907136  sps 5798  opp buf  loss +0.041  pg -0.0145  v 0.320  ev +0.99  adv_std 0.823  tR +0.25  ent[s/d/p/e] 1.08/0.67/0.55/0.15  emits 4.87  spf 352.5  z0 0.01  garr 232.1  tG 2456  e2 0.71  nF 18.0  pS 0.40  ptS 0.38  fLog 0.78  pdΔ -0.0980  pkR 9.62  clip 0.29  kl +0.020
upd  577  steps 18939904  sps 5799  opp buf  loss +0.032  pg -0.0145  v 0.276  ev +1.00  adv_std 0.768  tR +0.12  ent[s/d/p/e] 1.19/0.67/0.58/0.11  emits 5.46  spf 317.4  z0 0.01  garr 212.6  tG 2674  e2 0.76  nF 19.6  pS 0.40  ptS 0.39  fLog 0.78  pdΔ -0.0999  pkR 9.22  clip 0.35  kl +0.026
upd  578  steps 18972672  sps 5800  opp buf  loss +0.023  pg -0.0137  v 0.233  ev +1.00  adv_std 0.711  tR +0.00  ent[s/d/p/e] 1.23/0.66/0.62/0.09  emits 5.86  spf 354.9  z0 0.01  garr 236.2  tG 3198  e2 0.80  nF 19.0  pS 0.40  ptS 0.39  fLog 0.81  pdΔ -0.0951  pkR 7.90  clip 0.37  kl +0.027
upd  579  steps 19005440  sps 5800  opp buf  loss +0.014  pg -0.0144  v 0.193  ev +1.00  adv_std 0.643  tR -0.13  ent[s/d/p/e] 1.31/0.65/0.65/0.08  emits 6.08  spf 371.9  z0 0.00  garr 244.5  tG 3559  e2 0.82  nF 19.7  pS 0.45  ptS 0.44  fLog 0.82  pdΔ -0.0479  pkR 6.92  clip 0.37  kl +0.027
upd  580  steps 19038208  sps 5801  opp buf  loss +0.025  pg -0.0143  v 0.246  ev +1.00  adv_std 0.726  tR +0.10  ent[s/d/p/e] 1.30/0.64/0.66/0.09  emits 6.18  spf 391.8  z0 0.00  garr 248.2  tG 3847  e2 0.84  nF 20.4  pS 0.47  ptS 0.46  fLog 0.81  pdΔ -0.0281  pkR 7.79  clip 0.36  kl +0.026
upd  581  steps 19070976  sps 5801  opp buf  loss +0.009  pg -0.0168  v 0.175  ev +1.00  adv_std 0.620  tR +0.12  ent[s/d/p/e] 1.25/0.62/0.65/0.09  emits 6.04  spf 341.1  z0 0.01  garr 215.3  tG 3174  e2 0.82  nF 20.2  pS 0.45  ptS 0.44  fLog 0.80  pdΔ -0.0532  pkR 8.00  clip 0.36  kl +0.025
upd  582  steps 19103744  sps 5802  opp buf  loss +0.015  pg -0.0153  v 0.198  ev +1.00  adv_std 0.650  tR +0.01  ent[s/d/p/e] 1.27/0.66/0.64/0.09  emits 5.92  spf 373.9  z0 0.00  garr 242.6  tG 3403  e2 0.81  nF 20.3  pS 0.42  ptS 0.41  fLog 0.80  pdΔ -0.0818  pkR 7.36  clip 0.36  kl +0.028
upd  583  steps 19136512  sps 5803  opp buf  loss +0.027  pg -0.0119  v 0.245  ev +1.00  adv_std 0.717  tR +0.00  ent[s/d/p/e] 1.25/0.64/0.64/0.08  emits 5.90  spf 360.2  z0 0.01  garr 234.3  tG 3186  e2 0.80  nF 20.2  pS 0.43  ptS 0.42  fLog 0.81  pdΔ -0.0749  pkR 7.61  clip 0.36  kl +0.027
upd  584  steps 19169280  sps 5803  opp buf  loss +0.019  pg -0.0160  v 0.223  ev +1.00  adv_std 0.694  tR -0.01  ent[s/d/p/e] 1.23/0.66/0.63/0.10  emits 5.76  spf 353.9  z0 0.00  garr 218.2  tG 3085  e2 0.79  nF 20.1  pS 0.40  ptS 0.39  fLog 0.80  pdΔ -0.1044  pkR 8.50  clip 0.35  kl +0.026
upd  585  steps 19202048  sps 5804  opp frzn  loss +0.025  pg -0.0167  v 0.256  ev +1.00  adv_std 0.750  tR -0.03  ent[s/d/p/e] 1.18/0.67/0.58/0.12  emits 5.01  spf 370.6  z0 0.00  garr 219.0  tG 3075  e2 0.71  nF 17.8  pS 0.36  ptS 0.35  fLog 0.80  pdΔ -0.1367  pkR 8.67  clip 0.32  kl +0.022
upd  586  steps 19234816  sps 5805  opp frzn  loss +0.049  pg -0.0147  v 0.357  ev +0.99  adv_std 0.881  tR -0.08  ent[s/d/p/e] 0.96/0.71/0.45/0.20  emits 3.92  spf 404.4  z0 0.01  garr 213.2  tG 2430  e2 0.60  nF 17.2  pS 0.32  ptS 0.31  fLog 0.77  pdΔ -0.1752  pkR 14.58  clip 0.26  kl +0.019
upd  587  steps 19267584  sps 5805  opp buf  loss +0.041  pg -0.0157  v 0.322  ev +0.99  adv_std 0.832  tR +0.08  ent[s/d/p/e] 0.89/0.69/0.46/0.24  emits 4.15  spf 266.1  z0 0.01  garr 180.0  tG 1485  e2 0.64  nF 15.9  pS 0.37  ptS 0.35  fLog 0.74  pdΔ -0.1321  pkR 7.39  clip 0.28  kl +0.020
upd  588  steps 19300352  sps 5806  opp buf  loss +0.051  pg -0.0119  v 0.360  ev +1.00  adv_std 0.862  tR +0.09  ent[s/d/p/e] 1.20/0.68/0.62/0.12  emits 5.74  spf 315.8  z0 0.01  garr 211.0  tG 2806  e2 0.80  nF 20.0  pS 0.43  ptS 0.42  fLog 0.79  pdΔ -0.0719  pkR 7.59  clip 0.36  kl +0.028
upd  589  steps 19333120  sps 5806  opp buf  loss +0.032  pg -0.0137  v 0.278  ev +1.00  adv_std 0.766  tR -0.05  ent[s/d/p/e] 1.23/0.67/0.65/0.11  emits 5.68  spf 373.5  z0 0.01  garr 234.7  tG 3415  e2 0.79  nF 21.7  pS 0.41  ptS 0.40  fLog 0.79  pdΔ -0.0883  pkR 7.84  clip 0.37  kl +0.027
upd  590  steps 19365888  sps 5807  opp buf  loss +0.038  pg -0.0118  v 0.296  ev +1.00  adv_std 0.777  tR +0.08  ent[s/d/p/e] 1.24/0.65/0.65/0.09  emits 5.91  spf 330.3  z0 0.01  garr 222.2  tG 3109  e2 0.82  nF 21.6  pS 0.41  ptS 0.40  fLog 0.80  pdΔ -0.0869  pkR 10.96  clip 0.35  kl +0.023
upd  591  steps 19398656  sps 5808  opp buf  loss +0.035  pg -0.0127  v 0.291  ev +1.00  adv_std 0.767  tR -0.19  ent[s/d/p/e] 1.31/0.66/0.67/0.09  emits 5.95  spf 352.1  z0 0.01  garr 227.1  tG 3511  e2 0.81  nF 19.8  pS 0.43  ptS 0.42  fLog 0.81  pdΔ -0.0732  pkR 8.46  clip 0.37  kl +0.024
upd  592  steps 19431424  sps 5808  opp buf  loss +0.021  pg -0.0139  v 0.225  ev +1.00  adv_std 0.689  tR -0.04  ent[s/d/p/e] 1.34/0.66/0.66/0.09  emits 6.00  spf 347.5  z0 0.01  garr 229.5  tG 3489  e2 0.82  nF 19.2  pS 0.43  ptS 0.41  fLog 0.81  pdΔ -0.0740  pkR 8.76  clip 0.36  kl +0.026
upd  593  steps 19464192  sps 5809  opp frzn  loss +0.018  pg -0.0160  v 0.217  ev +1.00  adv_std 0.692  tR +0.19  ent[s/d/p/e] 1.23/0.66/0.62/0.11  emits 5.44  spf 393.5  z0 0.00  garr 241.9  tG 3421  e2 0.76  nF 19.9  pS 0.39  ptS 0.38  fLog 0.81  pdΔ -0.1084  pkR 8.12  clip 0.35  kl +0.028
upd  594  steps 19496960  sps 5809  opp buf  loss +0.039  pg -0.0163  v 0.319  ev +0.99  adv_std 0.818  tR +0.03  ent[s/d/p/e] 1.05/0.64/0.54/0.17  emits 4.87  spf 337.2  z0 0.01  garr 211.3  tG 2424  e2 0.72  nF 17.4  pS 0.39  ptS 0.38  fLog 0.79  pdΔ -0.1068  pkR 9.83  clip 0.29  kl +0.020
upd  595  steps 19529728  sps 5810  opp buf  loss +0.021  pg -0.0150  v 0.228  ev +1.00  adv_std 0.700  tR -0.02  ent[s/d/p/e] 1.20/0.63/0.61/0.11  emits 5.80  spf 354.3  z0 0.01  garr 245.4  tG 3167  e2 0.82  nF 18.3  pS 0.44  ptS 0.42  fLog 0.81  pdΔ -0.0597  pkR 9.16  clip 0.34  kl +0.024
upd  596  steps 19562496  sps 5810  opp buf  loss +0.025  pg -0.0110  v 0.230  ev +1.00  adv_std 0.702  tR +0.13  ent[s/d/p/e] 1.26/0.61/0.66/0.09  emits 6.07  spf 370.0  z0 0.00  garr 238.5  tG 3615  e2 0.83  nF 20.4  pS 0.44  ptS 0.42  fLog 0.81  pdΔ -0.0625  pkR 9.87  clip 0.38  kl +0.028
upd  597  steps 19595264  sps 5811  opp frzn  loss +0.037  pg -0.0119  v 0.294  ev +1.00  adv_std 0.797  tR -0.07  ent[s/d/p/e] 1.21/0.64/0.64/0.09  emits 5.55  spf 388.5  z0 0.00  garr 242.0  tG 3429  e2 0.76  nF 19.1  pS 0.40  ptS 0.39  fLog 0.81  pdΔ -0.0998  pkR 8.44  clip 0.36  kl +0.028
upd  598  steps 19628032  sps 5812  opp frzn  loss +0.051  pg -0.0151  v 0.366  ev +0.99  adv_std 0.887  tR +0.08  ent[s/d/p/e] 0.86/0.67/0.45/0.17  emits 4.12  spf 340.9  z0 0.01  garr 219.6  tG 1865  e2 0.62  nF 15.2  pS 0.30  ptS 0.29  fLog 0.78  pdΔ -0.1956  pkR 12.66  clip 0.27  kl +0.020
upd  599  steps 19660800  sps 5812  opp buf  loss +0.046  pg -0.0158  v 0.343  ev +0.99  adv_std 0.859  tR +0.09  ent[s/d/p/e] 0.81/0.66/0.44/0.19  emits 4.36  spf 297.2  z0 0.02  garr 229.1  tG 1549  e2 0.68  nF 15.1  pS 0.33  ptS 0.31  fLog 0.77  pdΔ -0.1715  pkR 7.00  clip 0.28  kl +0.022 WRr 0.75 WRf 0.78
[ckpt] saved ./ckpt_multi_action_v11_f29b/ckpt_000599.pkl
final eval win_rate vs random: 0.750
[2026-05-29 02:24:11] train done cfg=orbit_wars_rl/configs/multi_action_v11_f29b.yaml
[2026-05-29 02:24:11] replay v11_f29b_u299 (ckpt_multi_action_v11_f29b/ckpt_000299.pkl)
[export] loaded 80 param tensors; total floats = 679,757
[export] arch: planet=28 global=17 K=8 d_model=128
[export] running parity test against ckpt_multi_action_v11_f29b/ckpt_000299.pkl (tol=0.005, num_states=16)
parity_check multi-action (ckpt=ckpt_multi_action_v11_f29b/ckpt_000299.pkl; tol=0.005; states=16; K=8)
  arch: d_model=128 n_layers=2 n_heads=4 ff_dim=512
  [OK ] whole-turn action list match: 16/16
  [INFO] emit count match: 16/16
  [INFO] value drift max=1.431e-06 mean=5.332e-07
[export] raw weights ~2655.3KB, compressed+base64 ~3293.6KB
[export] wrote submission_rl_v11_f29b_u299.py
[export] importing and smoke-testing agent()...
[export] smoke forward: 2 launch(es) src=[0, 0] dst=[1, 1] pct=[3, 5]
[export] smoke agent() moves: [[0, 0.0, 48], [0, 0.0, 50]]
[2026-05-29 02:26:22] replay v11_f29b_u599 (ckpt_multi_action_v11_f29b/ckpt_000599.pkl)
[export] loaded 80 param tensors; total floats = 679,757
[export] arch: planet=28 global=17 K=8 d_model=128
[export] running parity test against ckpt_multi_action_v11_f29b/ckpt_000599.pkl (tol=0.005, num_states=16)
parity_check multi-action (ckpt=ckpt_multi_action_v11_f29b/ckpt_000599.pkl; tol=0.005; states=16; K=8)
  arch: d_model=128 n_layers=2 n_heads=4 ff_dim=512
  [OK ] whole-turn action list match: 16/16
  [INFO] emit count match: 16/16
  [INFO] value drift max=4.292e-06 mean=1.632e-06
[export] raw weights ~2655.3KB, compressed+base64 ~3293.5KB
[export] wrote submission_rl_v11_f29b_u599.py
[export] importing and smoke-testing agent()...
[export] smoke forward: 3 launch(es) src=[0, 0, 0] dst=[2, 2, 2] pct=[2, 4, 6]
[export] smoke agent() moves: [[0, 1.5707963267948966, 36], [0, 1.5707963267948966, 46], [0, 1.5707963267948966, 32]]
[2026-05-29 02:28:49] writing summary -> logs/overnight_f29_summary.txt
f29 overnight replay gate (first-80 vs v20, player_0)
track      tag                  bin0    spf   garr   flip     e8     z0     WLD
------------------------------------------------------------------------------
f29        v11_f29_u299        10.0%  14.99   56.1  2.78%   1.0%   0.7%   0/5/0
f29        v11_f29_u599         9.7%  13.15   44.6  3.03%   0.2%   1.0%   0/5/0
f29_buf    v11_f29_buf_u299    14.2%   4.51   18.7  0.96%   7.5%   1.4%   0/5/0
f29_buf    v11_f29_buf_u599    16.8%  10.17   55.3  3.09%  10.5%   0.7%   0/5/0
f29b       v11_f29b_u299       12.1%  12.28   72.1  3.40%   3.0%   0.6%   0/5/0
f29b       v11_f29b_u599       24.0%   9.47   78.2  2.94%  13.0%   0.7%   0/5/0

Baselines (if present):
  f27@799: bin0=27.0% spf=3.49 flip=1.07% e8=33.5%
  f28@099: bin0=36.7% spf=6.93 flip=1.33% e8=36.8%

Morning decision hints:
  * f29 (no buffer) bin0 down alone -> signals work; f30 = f29_buf long run
  * only buf/f29b bin0 down -> need buffer / distribution
  * f29b e8 down but flip ~1% -> hard stop fixes spam not combat
  * all bin0 >30% -> need turn-start pct or planet-level signals
  * any flip >3% and spf >8 -> promote that track to 800 upd
[2026-05-29 02:28:49] overnight complete
