[reward] kaggle-aligned: terminal +1 win/+1 tie>0/-1 loss/-1 double-wipeout; is_terminal at step >= episode_steps-2; SHAPING_SCALE=0.0; v1: KEEP_HOME=0.0 FLEET_SIZE=0.0/norm20.0; v2 (expert-replay calibrated): PROD_SHARE=0.0 PLANET_SHARE=0.0 FLEET_LOG=0.0/ref500.0/floor0.3; v3 (top10-2630ep calibrated): PROD_SHARE_DELTA=0.005 EMIT_LOG=0.0 EMIT_GATED=0.0 RELEASE=0.0/K20.0 CAPTURE=0.05; episode_steps=500 (kaggle=500, mismatch=False)
[curriculum] strong_ratio=0.25 frozen_ratio=0.25 strong_ckpt=./ckpt_multi_action_v11_f29/ckpt_000599.pkl
[buffer-curriculum] buffer_path=data/f40_mixed_states.npz buffer_reset_ratio=0.8 buffer_rollout_ratio=0.4
[gated-pool] seed_paths=./ckpt_multi_action_v11_f29/ckpt_000599.pkl snapshot_current=False
[resume] loaded params from ckpt_multi_action_v11_f41/ckpt_000049.pkl (step=49)
[buffer-curriculum] loaded 2160 states from data/f40_mixed_states.npz
[shape-adapter] padded tensors:
  emit_head/fc1/kernel: (269, 64) -> (271, 64)
  encoder/global_proj/kernel: (17, 128) -> (18, 128)
  encoder/planet_proj/kernel: (28, 128) -> (33, 128)
[curriculum] shape-adapted strong opponent from ./ckpt_multi_action_v11_f29/ckpt_000599.pkl
[shape-adapter] padded tensors:
  emit_head/fc1/kernel: (269, 64) -> (271, 64)
  encoder/global_proj/kernel: (17, 128) -> (18, 128)
  encoder/planet_proj/kernel: (28, 128) -> (33, 128)
[gated-pool] shape-adapted seed opponent ./ckpt_multi_action_v11_f29/ckpt_000599.pkl
upd    0  steps   32768  sps 655  opp frzn  loss -0.139  pg -0.0000  v 0.002  ev +0.91  adv_std 0.069  tR +0.60  ent[s/d/p/e] 1.35/1.94/0.76/0.47  emits 1.20  spf 23.1  z0 0.00  garr 25.6  tG 217  e2 0.16  nF 20.8  pS 0.26  ptS 0.26  fLog 0.41  pdΔ -0.2353  pkR 9.31  clip 0.00  kl +0.000
upd    1  steps   65536  sps 1263  opp strn  loss -0.173  pg -0.0000  v 0.007  ev +0.89  adv_std 0.123  tR -0.18  ent[s/d/p/e] 2.04/2.22/0.96/0.51  emits 1.27  spf 44.9  z0 0.00  garr 49.9  tG 600  e2 0.22  nF 17.5  pS 0.48  ptS 0.48  fLog 0.51  pdΔ -0.0236  pkR 4.78  clip 0.00  kl +0.000
upd    2  steps   98304  sps 1828  opp frzn  loss -0.146  pg +0.0000  v 0.003  ev +0.93  adv_std 0.075  tR +0.38  ent[s/d/p/e] 1.49/1.98/0.81/0.49  emits 1.22  spf 27.2  z0 0.01  garr 29.5  tG 302  e2 0.18  nF 20.8  pS 0.30  ptS 0.30  fLog 0.42  pdΔ -0.1979  pkR 14.85  clip 0.00  kl -0.000
upd    3  steps  131072  sps 2069  opp rand  loss -0.158  pg -0.0001  v 0.004  ev +0.95  adv_std 0.094  tR +0.24  ent[s/d/p/e] 1.73/2.13/0.80/0.50  emits 1.22  spf 34.3  z0 0.03  garr 35.4  tG 464  e2 0.19  nF 19.3  pS 0.38  ptS 0.39  fLog 0.45  pdΔ -0.1158  pkR 9.16  clip 0.00  kl +0.000
upd    4  steps  163840  sps 2512  opp frzn  loss -0.156  pg -0.0002  v 0.003  ev +0.94  adv_std 0.074  tR +0.10  ent[s/d/p/e] 1.65/2.04/0.86/0.51  emits 1.25  spf 30.8  z0 0.01  garr 33.2  tG 368  e2 0.21  nF 20.3  pS 0.35  ptS 0.35  fLog 0.44  pdΔ -0.1532  pkR 9.42  clip 0.00  kl +0.000
upd    5  steps  196608  sps 2930  opp strn  loss -0.161  pg +0.0002  v 0.005  ev +0.90  adv_std 0.104  tR -0.19  ent[s/d/p/e] 1.77/2.11/0.88/0.52  emits 1.27  spf 40.8  z0 0.01  garr 42.7  tG 520  e2 0.21  nF 18.7  pS 0.40  ptS 0.40  fLog 0.47  pdΔ -0.1014  pkR 6.87  clip 0.00  kl +0.001
upd    6  steps  229376  sps 3340  opp rand  loss -0.158  pg +0.0001  v 0.003  ev +0.95  adv_std 0.079  tR +0.48  ent[s/d/p/e] 1.68/2.10/0.82/0.53  emits 1.30  spf 32.4  z0 0.01  garr 33.6  tG 414  e2 0.23  nF 20.6  pS 0.37  ptS 0.36  fLog 0.44  pdΔ -0.1338  pkR 13.04  clip 0.00  kl -0.000
upd    7  steps  262144  sps 3732  opp rand  loss -0.147  pg +0.0001  v 0.004  ev +0.95  adv_std 0.089  tR +0.30  ent[s/d/p/e] 1.49/2.04/0.76/0.51  emits 1.23  spf 26.3  z0 0.04  garr 26.6  tG 312  e2 0.19  nF 21.3  pS 0.31  ptS 0.30  fLog 0.41  pdΔ -0.1899  pkR 15.36  clip 0.00  kl +0.000
upd    8  steps  294912  sps 4089  opp frzn  loss -0.161  pg +0.0001  v 0.003  ev +0.95  adv_std 0.075  tR +0.09  ent[s/d/p/e] 1.73/2.09/0.87/0.55  emits 1.30  spf 34.3  z0 0.02  garr 35.5  tG 419  e2 0.24  nF 20.4  pS 0.37  ptS 0.37  fLog 0.46  pdΔ -0.1303  pkR 11.75  clip 0.00  kl +0.000
upd    9  steps  327680  sps 3796  opp buf  loss -0.174  pg +0.0001  v 0.005  ev +0.94  adv_std 0.099  tR -0.08  ent[s/d/p/e] 1.98/2.28/0.88/0.55  emits 1.32  spf 38.8  z0 0.07  garr 40.1  tG 698  e2 0.26  nF 21.4  pS 0.41  ptS 0.40  fLog 0.48  pdΔ -0.0932  pkR 15.38  clip 0.00  kl +0.001
upd   10  steps  360448  sps 4086  opp buf  loss -0.183  pg +0.0000  v 0.003  ev +0.96  adv_std 0.082  tR +0.13  ent[s/d/p/e] 2.17/2.46/0.84/0.53  emits 1.30  spf 42.2  z0 0.11  garr 45.7  tG 1065  e2 0.25  nF 23.4  pS 0.41  ptS 0.40  fLog 0.48  pdΔ -0.0883  pkR 10.97  clip 0.00  kl +0.000
upd   11  steps  393216  sps 4365  opp buf  loss -0.186  pg +0.0001  v 0.002  ev +0.98  adv_std 0.070  tR +0.03  ent[s/d/p/e] 2.17/2.53/0.84/0.52  emits 1.28  spf 47.0  z0 0.12  garr 49.8  tG 1333  e2 0.24  nF 23.3  pS 0.41  ptS 0.40  fLog 0.48  pdΔ -0.0907  pkR 9.54  clip 0.00  kl +0.001
upd   12  steps  425984  sps 4632  opp frzn  loss -0.169  pg -0.0001  v 0.002  ev +0.96  adv_std 0.070  tR +0.09  ent[s/d/p/e] 1.87/2.28/0.82/0.53  emits 1.32  spf 36.6  z0 0.05  garr 40.2  tG 902  e2 0.24  nF 23.6  pS 0.35  ptS 0.35  fLog 0.45  pdΔ -0.1475  pkR 14.44  clip 0.01  kl +0.000
upd   13  steps  458752  sps 4888  opp strn  loss -0.168  pg -0.0003  v 0.003  ev +0.94  adv_std 0.075  tR -0.11  ent[s/d/p/e] 1.81/2.18/0.89/0.56  emits 1.37  spf 36.2  z0 0.01  garr 37.3  tG 486  e2 0.27  nF 22.2  pS 0.37  ptS 0.38  fLog 0.46  pdΔ -0.1266  pkR 21.40  clip 0.00  kl +0.001
upd   14  steps  491520  sps 5134  opp strn  loss -0.158  pg +0.0001  v 0.004  ev +0.89  adv_std 0.096  tR -0.21  ent[s/d/p/e] 1.70/2.03/0.87/0.57  emits 1.36  spf 30.4  z0 0.00  garr 32.3  tG 345  e2 0.26  nF 21.1  pS 0.36  ptS 0.36  fLog 0.45  pdΔ -0.1418  pkR 11.97  clip 0.01  kl +0.001
upd   15  steps  524288  sps 5371  opp frzn  loss -0.165  pg +0.0001  v 0.004  ev +0.91  adv_std 0.087  tR -0.17  ent[s/d/p/e] 1.80/2.10/0.91/0.57  emits 1.39  spf 37.2  z0 0.00  garr 39.5  tG 455  e2 0.28  nF 19.0  pS 0.40  ptS 0.40  fLog 0.47  pdΔ -0.1040  pkR 10.73  clip 0.00  kl +0.000
upd   16  steps  557056  sps 5599  opp buf  loss -0.169  pg +0.0004  v 0.004  ev +0.94  adv_std 0.093  tR -0.25  ent[s/d/p/e] 1.85/2.26/0.86/0.57  emits 1.33  spf 32.3  z0 0.08  garr 32.0  tG 524  e2 0.26  nF 21.5  pS 0.35  ptS 0.34  fLog 0.45  pdΔ -0.1517  pkR 22.63  clip 0.01  kl +0.001
upd   17  steps  589824  sps 5818  opp strn  loss -0.162  pg +0.0000  v 0.003  ev +0.96  adv_std 0.072  tR +0.23  ent[s/d/p/e] 1.78/2.19/0.79/0.52  emits 1.33  spf 32.8  z0 0.03  garr 35.7  tG 752  e2 0.24  nF 23.8  pS 0.35  ptS 0.35  fLog 0.43  pdΔ -0.1461  pkR 19.14  clip 0.00  kl +0.001
upd   18  steps  622592  sps 6030  opp frzn  loss -0.165  pg +0.0000  v 0.003  ev +0.94  adv_std 0.073  tR -0.09  ent[s/d/p/e] 1.79/2.14/0.87/0.57  emits 1.37  spf 33.8  z0 0.01  garr 34.9  tG 449  e2 0.27  nF 21.9  pS 0.38  ptS 0.38  fLog 0.45  pdΔ -0.1213  pkR 17.64  clip 0.00  kl +0.001
upd   19  steps  655360  sps 6233  opp frzn  loss -0.154  pg +0.0005  v 0.006  ev +0.86  adv_std 0.106  tR -0.10  ent[s/d/p/e] 1.62/2.04/0.82/0.57  emits 1.35  spf 30.3  z0 0.01  garr 30.6  tG 340  e2 0.26  nF 22.4  pS 0.34  ptS 0.34  fLog 0.43  pdΔ -0.1583  pkR 9.79  clip 0.00  kl +0.001
upd   20  steps  688128  sps 6430  opp frzn  loss -0.160  pg -0.0006  v 0.003  ev +0.93  adv_std 0.082  tR -0.17  ent[s/d/p/e] 1.70/2.03/0.86/0.57  emits 1.40  spf 29.3  z0 0.02  garr 29.9  tG 336  e2 0.29  nF 22.6  pS 0.35  ptS 0.35  fLog 0.44  pdΔ -0.1483  pkR 11.00  clip 0.02  kl +0.003
upd   21  steps  720896  sps 6620  opp frzn  loss -0.162  pg +0.0003  v 0.003  ev +0.91  adv_std 0.083  tR -0.40  ent[s/d/p/e] 1.72/2.10/0.86/0.59  emits 1.43  spf 32.0  z0 0.00  garr 32.8  tG 364  e2 0.30  nF 21.6  pS 0.37  ptS 0.37  fLog 0.45  pdΔ -0.1329  pkR 8.59  clip 0.00  kl +0.001
upd   22  steps  753664  sps 6803  opp buf  loss -0.176  pg +0.0002  v 0.005  ev +0.94  adv_std 0.097  tR -0.03  ent[s/d/p/e] 1.95/2.34/0.88/0.58  emits 1.41  spf 33.9  z0 0.07  garr 33.7  tG 593  e2 0.30  nF 23.4  pS 0.39  ptS 0.39  fLog 0.46  pdΔ -0.1096  pkR 20.10  clip 0.00  kl +0.001
upd   23  steps  786432  sps 6981  opp buf  loss -0.190  pg +0.0003  v 0.003  ev +0.96  adv_std 0.083  tR +0.04  ent[s/d/p/e] 2.25/2.54/0.86/0.55  emits 1.40  spf 45.5  z0 0.12  garr 45.3  tG 1101  e2 0.29  nF 24.0  pS 0.42  ptS 0.41  fLog 0.49  pdΔ -0.0771  pkR 12.40  clip 0.01  kl +0.002
upd   24  steps  819200  sps 7152  opp strn  loss -0.170  pg +0.0004  v 0.002  ev +0.97  adv_std 0.062  tR +0.43  ent[s/d/p/e] 1.92/2.22/0.84/0.54  emits 1.41  spf 35.3  z0 0.02  garr 40.5  tG 904  e2 0.28  nF 25.0  pS 0.38  ptS 0.38  fLog 0.45  pdΔ -0.1213  pkR 17.39  clip 0.00  kl +0.001
upd   25  steps  851968  sps 7318  opp strn  loss -0.162  pg +0.0004  v 0.003  ev +0.94  adv_std 0.077  tR -0.07  ent[s/d/p/e] 1.75/2.08/0.88/0.56  emits 1.37  spf 33.1  z0 0.02  garr 34.7  tG 457  e2 0.27  nF 21.9  pS 0.36  ptS 0.36  fLog 0.45  pdΔ -0.1430  pkR 17.20  clip 0.00  kl +0.001
upd   26  steps  884736  sps 7479  opp buf  loss -0.168  pg +0.0004  v 0.004  ev +0.95  adv_std 0.088  tR -0.14  ent[s/d/p/e] 1.86/2.20/0.85/0.57  emits 1.35  spf 31.5  z0 0.09  garr 30.8  tG 510  e2 0.28  nF 23.0  pS 0.35  ptS 0.35  fLog 0.45  pdΔ -0.1451  pkR 24.46  clip 0.01  kl +0.001
upd   27  steps  917504  sps 7634  opp buf  loss -0.186  pg +0.0002  v 0.003  ev +0.97  adv_std 0.080  tR +0.02  ent[s/d/p/e] 2.19/2.47/0.86/0.55  emits 1.34  spf 43.3  z0 0.13  garr 42.7  tG 988  e2 0.27  nF 24.2  pS 0.42  ptS 0.41  fLog 0.48  pdΔ -0.0784  pkR 16.74  clip 0.01  kl +0.000
upd   28  steps  950272  sps 7785  opp buf  loss -0.187  pg +0.0005  v 0.002  ev +0.98  adv_std 0.067  tR +0.01  ent[s/d/p/e] 2.22/2.51/0.85/0.54  emits 1.30  spf 46.2  z0 0.15  garr 46.8  tG 1170  e2 0.26  nF 24.1  pS 0.41  ptS 0.40  fLog 0.49  pdΔ -0.0908  pkR 20.20  clip 0.01  kl +0.002
upd   29  steps  983040  sps 7931  opp strn  loss -0.173  pg +0.0000  v 0.002  ev +0.97  adv_std 0.064  tR +0.16  ent[s/d/p/e] 1.90/2.34/0.79/0.58  emits 1.40  spf 32.4  z0 0.05  garr 34.2  tG 719  e2 0.29  nF 24.9  pS 0.35  ptS 0.35  fLog 0.44  pdΔ -0.1535  pkR 16.51  clip 0.01  kl +0.002
upd   30  steps 1015808  sps 8092  opp rand  loss -0.163  pg +0.0003  v 0.003  ev +0.96  adv_std 0.077  tR +0.15  ent[s/d/p/e] 1.80/2.12/0.83/0.56  emits 1.37  spf 33.0  z0 0.02  garr 34.3  tG 523  e2 0.27  nF 21.9  pS 0.37  ptS 0.37  fLog 0.45  pdΔ -0.1284  pkR 19.72  clip 0.01  kl +0.001
upd   31  steps 1048576  sps 8230  opp buf  loss -0.167  pg +0.0003  v 0.003  ev +0.96  adv_std 0.080  tR +0.11  ent[s/d/p/e] 1.82/2.22/0.85/0.56  emits 1.33  spf 32.8  z0 0.08  garr 33.4  tG 564  e2 0.26  nF 21.9  pS 0.36  ptS 0.35  fLog 0.45  pdΔ -0.1400  pkR 17.57  clip 0.01  kl +0.001
upd   32  steps 1081344  sps 8363  opp frzn  loss -0.166  pg +0.0004  v 0.002  ev +0.96  adv_std 0.068  tR +0.12  ent[s/d/p/e] 1.78/2.23/0.83/0.56  emits 1.35  spf 32.9  z0 0.04  garr 34.1  tG 622  e2 0.26  nF 22.8  pS 0.34  ptS 0.34  fLog 0.44  pdΔ -0.1606  pkR 17.45  clip 0.00  kl +0.001
upd   33  steps 1114112  sps 8493  opp frzn  loss -0.166  pg -0.0003  v 0.003  ev +0.94  adv_std 0.078  tR -0.01  ent[s/d/p/e] 1.82/2.11/0.88/0.56  emits 1.38  spf 36.7  z0 0.01  garr 38.9  tG 560  e2 0.28  nF 22.0  pS 0.38  ptS 0.38  fLog 0.46  pdΔ -0.1198  pkR 18.00  clip 0.02  kl +0.003
upd   34  steps 1146880  sps 8639  opp rand  loss -0.153  pg +0.0004  v 0.005  ev +0.93  adv_std 0.096  tR +0.07  ent[s/d/p/e] 1.60/2.04/0.79/0.57  emits 1.34  spf 28.1  z0 0.03  garr 29.6  tG 346  e2 0.26  nF 21.3  pS 0.34  ptS 0.33  fLog 0.43  pdΔ -0.1618  pkR 11.50  clip 0.01  kl +0.003
upd   35  steps 1179648  sps 8761  opp buf  loss -0.171  pg +0.0006  v 0.004  ev +0.96  adv_std 0.084  tR +0.11  ent[s/d/p/e] 1.88/2.29/0.84/0.57  emits 1.33  spf 33.4  z0 0.08  garr 34.2  tG 577  e2 0.27  nF 23.3  pS 0.37  ptS 0.36  fLog 0.45  pdΔ -0.1307  pkR 31.95  clip 0.01  kl +0.001
upd   36  steps 1212416  sps 8880  opp frzn  loss -0.166  pg +0.0003  v 0.003  ev +0.96  adv_std 0.077  tR +0.09  ent[s/d/p/e] 1.78/2.26/0.81/0.56  emits 1.33  spf 36.0  z0 0.04  garr 37.0  tG 762  e2 0.25  nF 22.1  pS 0.34  ptS 0.34  fLog 0.44  pdΔ -0.1571  pkR 15.79  clip 0.02  kl +0.002
upd   37  steps 1245184  sps 8996  opp strn  loss -0.170  pg +0.0002  v 0.003  ev +0.94  adv_std 0.073  tR -0.16  ent[s/d/p/e] 1.86/2.16/0.90/0.58  emits 1.37  spf 34.7  z0 0.02  garr 38.2  tG 489  e2 0.29  nF 20.9  pS 0.39  ptS 0.39  fLog 0.46  pdΔ -0.1128  pkR 30.40  clip 0.01  kl +0.002
upd   38  steps 1277952  sps 9110  opp buf  loss -0.171  pg +0.0004  v 0.005  ev +0.94  adv_std 0.097  tR +0.02  ent[s/d/p/e] 1.91/2.28/0.85/0.57  emits 1.37  spf 34.3  z0 0.05  garr 36.6  tG 664  e2 0.28  nF 23.2  pS 0.38  ptS 0.38  fLog 0.45  pdΔ -0.1190  pkR 23.48  clip 0.02  kl +0.002
upd   39  steps 1310720  sps 9219  opp strn  loss -0.163  pg -0.0001  v 0.002  ev +0.97  adv_std 0.068  tR +0.25  ent[s/d/p/e] 1.75/2.20/0.79/0.53  emits 1.33  spf 34.6  z0 0.03  garr 39.2  tG 849  e2 0.24  nF 24.1  pS 0.35  ptS 0.35  fLog 0.43  pdΔ -0.1540  pkR 14.90  clip 0.02  kl +0.003
upd   40  steps 1343488  sps 9326  opp strn  loss -0.157  pg -0.0001  v 0.002  ev +0.94  adv_std 0.072  tR -0.38  ent[s/d/p/e] 1.65/2.01/0.86/0.56  emits 1.34  spf 32.0  z0 0.02  garr 36.8  tG 467  e2 0.26  nF 22.3  pS 0.33  ptS 0.34  fLog 0.43  pdΔ -0.1693  pkR 25.59  clip 0.02  kl +0.002
upd   41  steps 1376256  sps 9430  opp buf  loss -0.163  pg +0.0006  v 0.004  ev +0.95  adv_std 0.093  tR -0.15  ent[s/d/p/e] 1.78/2.16/0.84/0.55  emits 1.30  spf 30.5  z0 0.07  garr 31.0  tG 511  e2 0.25  nF 22.3  pS 0.32  ptS 0.32  fLog 0.43  pdΔ -0.1780  pkR 23.41  clip 0.02  kl +0.002
upd   42  steps 1409024  sps 9532  opp buf  loss -0.180  pg -0.0002  v 0.002  ev +0.98  adv_std 0.070  tR -0.03  ent[s/d/p/e] 2.06/2.39/0.84/0.55  emits 1.29  spf 37.9  z0 0.13  garr 41.2  tG 973  e2 0.27  nF 24.1  pS 0.37  ptS 0.37  fLog 0.46  pdΔ -0.1271  pkR 15.54  clip 0.02  kl +0.003
upd   43  steps 1441792  sps 9631  opp buf  loss -0.192  pg +0.0004  v 0.002  ev +0.98  adv_std 0.062  tR +0.06  ent[s/d/p/e] 2.25/2.59/0.86/0.55  emits 1.32  spf 47.0  z0 0.13  garr 52.0  tG 1362  e2 0.27  nF 24.1  pS 0.42  ptS 0.41  fLog 0.49  pdΔ -0.0787  pkR 13.15  clip 0.02  kl +0.003
upd   44  steps 1474560  sps 9728  opp strn  loss -0.170  pg +0.0002  v 0.001  ev +0.98  adv_std 0.055  tR +0.33  ent[s/d/p/e] 1.87/2.27/0.83/0.56  emits 1.38  spf 39.4  z0 0.04  garr 43.9  tG 1054  e2 0.28  nF 24.6  pS 0.35  ptS 0.36  fLog 0.45  pdΔ -0.1452  pkR 13.66  clip 0.02  kl +0.002
upd   45  steps 1507328  sps 9822  opp frzn  loss -0.165  pg +0.0001  v 0.003  ev +0.94  adv_std 0.077  tR -0.30  ent[s/d/p/e] 1.78/2.11/0.89/0.58  emits 1.41  spf 34.5  z0 0.01  garr 37.5  tG 486  e2 0.29  nF 21.8  pS 0.37  ptS 0.37  fLog 0.46  pdΔ -0.1316  pkR 19.87  clip 0.02  kl +0.003
upd   46  steps 1540096  sps 9913  opp strn  loss -0.156  pg +0.0002  v 0.005  ev +0.87  adv_std 0.098  tR -0.22  ent[s/d/p/e] 1.66/1.98/0.88/0.57  emits 1.39  spf 32.2  z0 0.01  garr 35.3  tG 387  e2 0.29  nF 20.8  pS 0.36  ptS 0.35  fLog 0.45  pdΔ -0.1385  pkR 8.41  clip 0.02  kl +0.001
upd   47  steps 1572864  sps 10003  opp buf  loss -0.179  pg +0.0003  v 0.003  ev +0.96  adv_std 0.083  tR +0.03  ent[s/d/p/e] 2.01/2.36/0.90/0.59  emits 1.40  spf 37.5  z0 0.07  garr 39.7  tG 692  e2 0.30  nF 22.7  pS 0.41  ptS 0.40  fLog 0.47  pdΔ -0.0943  pkR 20.56  clip 0.02  kl +0.002
upd   48  steps 1605632  sps 10091  opp buf  loss -0.188  pg +0.0008  v 0.002  ev +0.98  adv_std 0.063  tR +0.03  ent[s/d/p/e] 2.21/2.54/0.86/0.55  emits 1.31  spf 44.5  z0 0.13  garr 48.7  tG 1178  e2 0.27  nF 23.8  pS 0.41  ptS 0.40  fLog 0.48  pdΔ -0.0902  pkR 11.22  clip 0.03  kl +0.003
upd   49  steps 1638400  sps 10177  opp buf  loss -0.191  pg +0.0004  v 0.002  ev +0.98  adv_std 0.066  tR +0.00  ent[s/d/p/e] 2.25/2.57/0.86/0.55  emits 1.29  spf 46.3  z0 0.14  garr 53.8  tG 1387  e2 0.26  nF 23.2  pS 0.42  ptS 0.42  fLog 0.49  pdΔ -0.0785  pkR 12.11  clip 0.03  kl +0.003 WRr 0.78 WRf 0.56
[ckpt] saved ./ckpt_multi_action_v11_f42/ckpt_000049.pkl
upd   50  steps 1671168  sps 9184  opp rand  loss -0.168  pg +0.0005  v 0.002  ev +0.97  adv_std 0.064  tR +0.02  ent[s/d/p/e] 1.82/2.29/0.78/0.56  emits 1.32  spf 36.7  z0 0.08  garr 41.1  tG 932  e2 0.25  nF 22.5  pS 0.35  ptS 0.35  fLog 0.44  pdΔ -0.1468  pkR 15.75  clip 0.02  kl +0.002
upd   51  steps 1703936  sps 9268  opp buf  loss -0.180  pg +0.0008  v 0.002  ev +0.97  adv_std 0.069  tR +0.13  ent[s/d/p/e] 2.03/2.37/0.90/0.59  emits 1.39  spf 37.8  z0 0.07  garr 41.2  tG 818  e2 0.30  nF 23.2  pS 0.41  ptS 0.40  fLog 0.46  pdΔ -0.0923  pkR 14.44  clip 0.02  kl +0.002
upd   52  steps 1736704  sps 9351  opp frzn  loss -0.169  pg +0.0004  v 0.003  ev +0.96  adv_std 0.076  tR +0.25  ent[s/d/p/e] 1.87/2.26/0.83/0.56  emits 1.39  spf 34.2  z0 0.04  garr 39.8  tG 800  e2 0.28  nF 23.5  pS 0.36  ptS 0.36  fLog 0.44  pdΔ -0.1370  pkR 16.02  clip 0.03  kl +0.003
upd   53  steps 1769472  sps 9448  opp rand  loss -0.163  pg +0.0004  v 0.003  ev +0.96  adv_std 0.077  tR +0.12  ent[s/d/p/e] 1.79/2.14/0.83/0.57  emits 1.40  spf 31.1  z0 0.02  garr 34.5  tG 534  e2 0.28  nF 22.3  pS 0.37  ptS 0.37  fLog 0.44  pdΔ -0.1324  pkR 21.68  clip 0.02  kl +0.003
upd   54  steps 1802240  sps 9527  opp buf  loss -0.174  pg +0.0008  v 0.003  ev +0.96  adv_std 0.078  tR +0.04  ent[s/d/p/e] 1.93/2.30/0.86/0.58  emits 1.41  spf 34.3  z0 0.06  garr 35.5  tG 648  e2 0.29  nF 23.5  pS 0.37  ptS 0.37  fLog 0.46  pdΔ -0.1273  pkR 18.95  clip 0.02  kl +0.003
upd   55  steps 1835008  sps 9604  opp buf  loss -0.188  pg +0.0006  v 0.003  ev +0.97  adv_std 0.077  tR +0.08  ent[s/d/p/e] 2.18/2.52/0.89/0.55  emits 1.37  spf 48.3  z0 0.10  garr 48.6  tG 1122  e2 0.28  nF 23.4  pS 0.41  ptS 0.41  fLog 0.49  pdΔ -0.0868  pkR 12.85  clip 0.03  kl +0.003
upd   56  steps 1867776  sps 9680  opp frzn  loss -0.171  pg +0.0008  v 0.002  ev +0.97  adv_std 0.064  tR +0.24  ent[s/d/p/e] 1.90/2.29/0.84/0.55  emits 1.36  spf 36.6  z0 0.04  garr 40.9  tG 907  e2 0.26  nF 23.9  pS 0.36  ptS 0.36  fLog 0.45  pdΔ -0.1413  pkR 16.32  clip 0.02  kl +0.002
upd   57  steps 1900544  sps 9755  opp buf  loss -0.173  pg +0.0001  v 0.003  ev +0.97  adv_std 0.072  tR -0.11  ent[s/d/p/e] 1.92/2.25/0.91/0.55  emits 1.31  spf 33.4  z0 0.08  garr 33.7  tG 563  e2 0.27  nF 21.7  pS 0.37  ptS 0.36  fLog 0.46  pdΔ -0.1350  pkR 18.35  clip 0.03  kl +0.004
upd   58  steps 1933312  sps 9829  opp frzn  loss -0.167  pg +0.0003  v 0.002  ev +0.96  adv_std 0.072  tR -0.05  ent[s/d/p/e] 1.82/2.25/0.83/0.55  emits 1.35  spf 35.2  z0 0.04  garr 36.0  tG 701  e2 0.25  nF 22.9  pS 0.34  ptS 0.35  fLog 0.44  pdΔ -0.1582  pkR 15.63  clip 0.02  kl +0.002
upd   59  steps 1966080  sps 9901  opp strn  loss -0.164  pg +0.0008  v 0.003  ev +0.93  adv_std 0.080  tR -0.18  ent[s/d/p/e] 1.79/2.13/0.88/0.56  emits 1.33  spf 36.4  z0 0.02  garr 40.3  tG 540  e2 0.25  nF 20.8  pS 0.37  ptS 0.38  fLog 0.46  pdΔ -0.1265  pkR 21.01  clip 0.02  kl +0.002
upd   60  steps 1998848  sps 9972  opp buf  loss -0.172  pg +0.0003  v 0.004  ev +0.95  adv_std 0.091  tR -0.02  ent[s/d/p/e] 1.91/2.32/0.85/0.55  emits 1.32  spf 35.6  z0 0.07  garr 36.4  tG 629  e2 0.25  nF 22.1  pS 0.37  ptS 0.36  fLog 0.46  pdΔ -0.1293  pkR 14.08  clip 0.02  kl +0.002
upd   61  steps 2031616  sps 10042  opp frzn  loss -0.163  pg +0.0006  v 0.002  ev +0.97  adv_std 0.065  tR +0.12  ent[s/d/p/e] 1.77/2.22/0.81/0.52  emits 1.31  spf 33.7  z0 0.03  garr 36.5  tG 750  e2 0.23  nF 23.7  pS 0.34  ptS 0.34  fLog 0.43  pdΔ -0.1649  pkR 16.33  clip 0.03  kl +0.003
upd   62  steps 2064384  sps 10110  opp buf  loss -0.180  pg +0.0009  v 0.002  ev +0.97  adv_std 0.069  tR +0.05  ent[s/d/p/e] 2.05/2.36/0.91/0.56  emits 1.34  spf 39.2  z0 0.06  garr 40.6  tG 804  e2 0.27  nF 23.4  pS 0.42  ptS 0.41  fLog 0.47  pdΔ -0.0821  pkR 13.27  clip 0.02  kl +0.002
upd   63  steps 2097152  sps 10177  opp frzn  loss -0.163  pg +0.0007  v 0.003  ev +0.97  adv_std 0.073  tR +0.13  ent[s/d/p/e] 1.76/2.22/0.80/0.53  emits 1.30  spf 34.7  z0 0.04  garr 37.3  tG 734  e2 0.23  nF 22.8  pS 0.35  ptS 0.35  fLog 0.44  pdΔ -0.1464  pkR 17.74  clip 0.02  kl +0.002
upd   64  steps 2129920  sps 10243  opp frzn  loss -0.163  pg +0.0008  v 0.002  ev +0.95  adv_std 0.070  tR +0.15  ent[s/d/p/e] 1.76/2.13/0.86/0.56  emits 1.33  spf 34.8  z0 0.01  garr 37.8  tG 522  e2 0.25  nF 21.2  pS 0.37  ptS 0.37  fLog 0.45  pdΔ -0.1276  pkR 20.54  clip 0.02  kl +0.002
upd   65  steps 2162688  sps 10307  opp frzn  loss -0.157  pg +0.0008  v 0.004  ev +0.90  adv_std 0.095  tR -0.23  ent[s/d/p/e] 1.65/2.07/0.84/0.56  emits 1.33  spf 31.4  z0 0.00  garr 34.5  tG 388  e2 0.24  nF 21.1  pS 0.35  ptS 0.36  fLog 0.44  pdΔ -0.1474  pkR 8.08  clip 0.04  kl +0.004
upd   66  steps 2195456  sps 10371  opp buf  loss -0.171  pg +0.0008  v 0.004  ev +0.95  adv_std 0.087  tR +0.03  ent[s/d/p/e] 1.90/2.25/0.89/0.56  emits 1.33  spf 35.0  z0 0.06  garr 36.7  tG 558  e2 0.26  nF 21.1  pS 0.38  ptS 0.37  fLog 0.46  pdΔ -0.1227  pkR 19.25  clip 0.02  kl +0.003
upd   67  steps 2228224  sps 10433  opp strn  loss -0.173  pg +0.0002  v 0.002  ev +0.96  adv_std 0.071  tR +0.12  ent[s/d/p/e] 1.92/2.30/0.83/0.57  emits 1.37  spf 37.7  z0 0.03  garr 39.0  tG 800  e2 0.27  nF 24.1  pS 0.37  ptS 0.37  fLog 0.45  pdΔ -0.1318  pkR 14.67  clip 0.02  kl +0.003
upd   68  steps 2260992  sps 10494  opp buf  loss -0.174  pg +0.0002  v 0.002  ev +0.97  adv_std 0.066  tR +0.03  ent[s/d/p/e] 1.91/2.28/0.88/0.58  emits 1.37  spf 38.0  z0 0.08  garr 35.5  tG 651  e2 0.29  nF 23.1  pS 0.36  ptS 0.36  fLog 0.46  pdΔ -0.1383  pkR 17.37  clip 0.03  kl +0.003
upd   69  steps 2293760  sps 10554  opp frzn  loss -0.167  pg +0.0002  v 0.003  ev +0.96  adv_std 0.072  tR +0.19  ent[s/d/p/e] 1.79/2.26/0.81/0.56  emits 1.38  spf 35.0  z0 0.03  garr 36.3  tG 744  e2 0.27  nF 24.2  pS 0.34  ptS 0.35  fLog 0.43  pdΔ -0.1568  pkR 16.70  clip 0.04  kl +0.004
upd   70  steps 2326528  sps 10614  opp buf  loss -0.171  pg +0.0007  v 0.002  ev +0.97  adv_std 0.069  tR -0.13  ent[s/d/p/e] 1.87/2.24/0.87/0.57  emits 1.38  spf 33.1  z0 0.09  garr 33.5  tG 616  e2 0.29  nF 23.6  pS 0.36  ptS 0.35  fLog 0.45  pdΔ -0.1423  pkR 18.02  clip 0.02  kl +0.004
upd   71  steps 2359296  sps 10686  opp rand  loss -0.163  pg +0.0003  v 0.003  ev +0.97  adv_std 0.073  tR +0.16  ent[s/d/p/e] 1.78/2.22/0.77/0.55  emits 1.35  spf 35.4  z0 0.07  garr 37.4  tG 857  e2 0.26  nF 22.9  pS 0.35  ptS 0.34  fLog 0.44  pdΔ -0.1523  pkR 13.91  clip 0.03  kl +0.003
upd   72  steps 2392064  sps 10743  opp buf  loss -0.178  pg +0.0003  v 0.002  ev +0.97  adv_std 0.070  tR +0.13  ent[s/d/p/e] 2.00/2.31/0.89/0.59  emits 1.43  spf 35.3  z0 0.08  garr 35.8  tG 626  e2 0.31  nF 22.4  pS 0.40  ptS 0.39  fLog 0.47  pdΔ -0.0981  pkR 16.49  clip 0.03  kl +0.003
upd   73  steps 2424832  sps 10800  opp strn  loss -0.164  pg -0.0001  v 0.003  ev +0.96  adv_std 0.074  tR +0.21  ent[s/d/p/e] 1.76/2.23/0.79/0.55  emits 1.40  spf 38.2  z0 0.02  garr 41.6  tG 876  e2 0.27  nF 23.5  pS 0.35  ptS 0.36  fLog 0.44  pdΔ -0.1453  pkR 15.01  clip 0.03  kl +0.003
upd   74  steps 2457600  sps 10855  opp frzn  loss -0.167  pg +0.0007  v 0.002  ev +0.96  adv_std 0.064  tR -0.15  ent[s/d/p/e] 1.83/2.12/0.87/0.60  emits 1.48  spf 32.1  z0 0.02  garr 35.0  tG 463  e2 0.33  nF 23.8  pS 0.37  ptS 0.37  fLog 0.45  pdΔ -0.1276  pkR 21.62  clip 0.03  kl +0.003
upd   75  steps 2490368  sps 10909  opp buf  loss -0.176  pg +0.0009  v 0.004  ev +0.95  adv_std 0.094  tR -0.05  ent[s/d/p/e] 1.97/2.32/0.88/0.60  emits 1.50  spf 33.4  z0 0.06  garr 34.4  tG 538  e2 0.33  nF 23.0  pS 0.39  ptS 0.38  fLog 0.47  pdΔ -0.1147  pkR 16.13  clip 0.04  kl +0.004
upd   76  steps 2523136  sps 10962  opp strn  loss -0.169  pg +0.0010  v 0.002  ev +0.97  adv_std 0.060  tR +0.11  ent[s/d/p/e] 1.82/2.27/0.82/0.58  emits 1.45  spf 32.3  z0 0.03  garr 33.4  tG 616  e2 0.29  nF 24.9  pS 0.34  ptS 0.34  fLog 0.44  pdΔ -0.1623  pkR 16.43  clip 0.02  kl +0.003
upd   77  steps 2555904  sps 11015  opp buf  loss -0.172  pg +0.0010  v 0.003  ev +0.97  adv_std 0.081  tR -0.09  ent[s/d/p/e] 1.90/2.30/0.85/0.58  emits 1.36  spf 32.9  z0 0.13  garr 31.5  tG 584  e2 0.28  nF 24.2  pS 0.34  ptS 0.33  fLog 0.45  pdΔ -0.1586  pkR 32.33  clip 0.02  kl +0.003
upd   78  steps 2588672  sps 11067  opp strn  loss -0.170  pg +0.0007  v 0.002  ev +0.97  adv_std 0.059  tR +0.10  ent[s/d/p/e] 1.88/2.26/0.82/0.58  emits 1.45  spf 30.8  z0 0.04  garr 33.0  tG 611  e2 0.30  nF 24.9  pS 0.35  ptS 0.35  fLog 0.44  pdΔ -0.1513  pkR 19.18  clip 0.02  kl +0.003
upd   79  steps 2621440  sps 11118  opp buf  loss -0.178  pg +0.0003  v 0.003  ev +0.96  adv_std 0.080  tR -0.05  ent[s/d/p/e] 2.00/2.34/0.88/0.59  emits 1.42  spf 34.6  z0 0.08  garr 35.8  tG 634  e2 0.30  nF 23.6  pS 0.39  ptS 0.38  fLog 0.46  pdΔ -0.1095  pkR 14.72  clip 0.03  kl +0.003
upd   80  steps 2654208  sps 11168  opp strn  loss -0.169  pg +0.0006  v 0.002  ev +0.96  adv_std 0.071  tR +0.12  ent[s/d/p/e] 1.84/2.28/0.81/0.58  emits 1.45  spf 32.4  z0 0.03  garr 35.2  tG 708  e2 0.29  nF 25.3  pS 0.36  ptS 0.36  fLog 0.44  pdΔ -0.1417  pkR 17.64  clip 0.02  kl +0.003
upd   81  steps 2686976  sps 11217  opp frzn  loss -0.162  pg +0.0009  v 0.003  ev +0.95  adv_std 0.075  tR +0.03  ent[s/d/p/e] 1.76/2.07/0.85/0.59  emits 1.46  spf 30.7  z0 0.01  garr 34.1  tG 438  e2 0.30  nF 23.6  pS 0.35  ptS 0.36  fLog 0.44  pdΔ -0.1451  pkR 24.86  clip 0.02  kl +0.003
upd   82  steps 2719744  sps 11266  opp buf  loss -0.169  pg +0.0009  v 0.004  ev +0.95  adv_std 0.095  tR -0.24  ent[s/d/p/e] 1.84/2.27/0.84/0.58  emits 1.34  spf 29.6  z0 0.10  garr 29.9  tG 518  e2 0.27  nF 23.6  pS 0.33  ptS 0.33  fLog 0.43  pdΔ -0.1679  pkR 20.70  clip 0.04  kl +0.005
upd   83  steps 2752512  sps 11313  opp frzn  loss -0.172  pg +0.0004  v 0.002  ev +0.96  adv_std 0.066  tR +0.14  ent[s/d/p/e] 1.88/2.31/0.84/0.56  emits 1.39  spf 34.0  z0 0.03  garr 38.0  tG 785  e2 0.26  nF 25.0  pS 0.37  ptS 0.37  fLog 0.44  pdΔ -0.1339  pkR 13.07  clip 0.03  kl +0.003
upd   84  steps 2785280  sps 11360  opp frzn  loss -0.167  pg +0.0010  v 0.003  ev +0.95  adv_std 0.075  tR -0.06  ent[s/d/p/e] 1.83/2.16/0.89/0.58  emits 1.40  spf 31.8  z0 0.02  garr 35.8  tG 518  e2 0.28  nF 23.2  pS 0.38  ptS 0.38  fLog 0.45  pdΔ -0.1184  pkR 19.04  clip 0.02  kl +0.002
upd   85  steps 2818048  sps 11407  opp strn  loss -0.159  pg +0.0006  v 0.004  ev +0.90  adv_std 0.087  tR -0.17  ent[s/d/p/e] 1.70/2.05/0.87/0.58  emits 1.40  spf 31.0  z0 0.01  garr 34.1  tG 369  e2 0.28  nF 22.0  pS 0.36  ptS 0.36  fLog 0.45  pdΔ -0.1427  pkR 8.37  clip 0.03  kl +0.003
upd   86  steps 2850816  sps 11452  opp frzn  loss -0.159  pg +0.0002  v 0.004  ev +0.91  adv_std 0.091  tR -0.12  ent[s/d/p/e] 1.69/2.07/0.85/0.57  emits 1.37  spf 32.4  z0 0.00  garr 36.3  tG 403  e2 0.26  nF 22.2  pS 0.36  ptS 0.36  fLog 0.44  pdΔ -0.1397  pkR 12.49  clip 0.03  kl +0.003
upd   87  steps 2883584  sps 11497  opp frzn  loss -0.160  pg +0.0005  v 0.003  ev +0.92  adv_std 0.082  tR -0.21  ent[s/d/p/e] 1.71/2.07/0.87/0.57  emits 1.37  spf 31.2  z0 0.00  garr 35.7  tG 389  e2 0.27  nF 21.6  pS 0.36  ptS 0.36  fLog 0.44  pdΔ -0.1362  pkR 10.37  clip 0.03  kl +0.004
upd   88  steps 2916352  sps 11542  opp frzn  loss -0.164  pg +0.0005  v 0.004  ev +0.91  adv_std 0.089  tR -0.26  ent[s/d/p/e] 1.79/2.11/0.88/0.57  emits 1.38  spf 32.3  z0 0.00  garr 36.1  tG 429  e2 0.27  nF 21.5  pS 0.39  ptS 0.39  fLog 0.45  pdΔ -0.1070  pkR 9.12  clip 0.02  kl +0.002
upd   89  steps 2949120  sps 11599  opp rand  loss -0.158  pg -0.0001  v 0.003  ev +0.94  adv_std 0.086  tR +0.38  ent[s/d/p/e] 1.69/2.06/0.82/0.56  emits 1.38  spf 29.7  z0 0.02  garr 32.2  tG 403  e2 0.27  nF 21.1  pS 0.37  ptS 0.37  fLog 0.44  pdΔ -0.1308  pkR 11.50  clip 0.02  kl +0.003
upd   90  steps 2981888  sps 11642  opp frzn  loss -0.156  pg +0.0009  v 0.002  ev +0.96  adv_std 0.070  tR +0.21  ent[s/d/p/e] 1.65/2.00/0.86/0.57  emits 1.37  spf 29.9  z0 0.01  garr 32.0  tG 340  e2 0.27  nF 21.6  pS 0.34  ptS 0.34  fLog 0.44  pdΔ -0.1583  pkR 13.16  clip 0.02  kl +0.003
upd   91  steps 3014656  sps 11684  opp frzn  loss -0.162  pg -0.0000  v 0.004  ev +0.91  adv_std 0.088  tR -0.31  ent[s/d/p/e] 1.73/2.10/0.89/0.57  emits 1.39  spf 34.2  z0 0.00  garr 37.5  tG 422  e2 0.27  nF 21.2  pS 0.38  ptS 0.38  fLog 0.45  pdΔ -0.1220  pkR 8.29  clip 0.01  kl +0.002
upd   92  steps 3047424  sps 11726  opp buf  loss -0.176  pg +0.0003  v 0.004  ev +0.95  adv_std 0.095  tR +0.21  ent[s/d/p/e] 1.98/2.32/0.90/0.57  emits 1.35  spf 36.7  z0 0.07  garr 38.0  tG 676  e2 0.27  nF 22.3  pS 0.40  ptS 0.39  fLog 0.47  pdΔ -0.1025  pkR 17.53  clip 0.02  kl +0.002
upd   93  steps 3080192  sps 11781  opp rand  loss -0.168  pg +0.0005  v 0.002  ev +0.98  adv_std 0.066  tR +0.08  ent[s/d/p/e] 1.84/2.27/0.81/0.56  emits 1.34  spf 37.7  z0 0.07  garr 38.6  tG 869  e2 0.25  nF 22.3  pS 0.36  ptS 0.35  fLog 0.45  pdΔ -0.1417  pkR 16.34  clip 0.02  kl +0.002
upd   94  steps 3112960  sps 11821  opp frzn  loss -0.166  pg +0.0002  v 0.002  ev +0.97  adv_std 0.064  tR +0.15  ent[s/d/p/e] 1.76/2.17/0.87/0.58  emits 1.41  spf 34.2  z0 0.02  garr 35.5  tG 507  e2 0.28  nF 21.8  pS 0.38  ptS 0.37  fLog 0.45  pdΔ -0.1238  pkR 21.35  clip 0.03  kl +0.002
upd   95  steps 3145728  sps 11861  opp strn  loss -0.164  pg +0.0016  v 0.003  ev +0.94  adv_std 0.080  tR +0.00  ent[s/d/p/e] 1.75/2.13/0.90/0.58  emits 1.39  spf 36.0  z0 0.00  garr 38.1  tG 449  e2 0.27  nF 21.3  pS 0.39  ptS 0.39  fLog 0.46  pdΔ -0.1114  pkR 8.76  clip 0.04  kl +0.004
upd   96  steps 3178496  sps 11901  opp frzn  loss -0.161  pg +0.0001  v 0.003  ev +0.92  adv_std 0.083  tR -0.23  ent[s/d/p/e] 1.68/2.06/0.88/0.59  emits 1.43  spf 28.4  z0 0.01  garr 29.5  tG 314  e2 0.29  nF 23.1  pS 0.35  ptS 0.35  fLog 0.44  pdΔ -0.1525  pkR 9.41  clip 0.03  kl +0.004
upd   97  steps 3211264  sps 11940  opp buf  loss -0.173  pg +0.0007  v 0.004  ev +0.96  adv_std 0.087  tR -0.03  ent[s/d/p/e] 1.92/2.27/0.93/0.57  emits 1.35  spf 35.8  z0 0.07  garr 34.7  tG 576  e2 0.27  nF 22.9  pS 0.38  ptS 0.37  fLog 0.46  pdΔ -0.1191  pkR 19.42  clip 0.03  kl +0.003
upd   98  steps 3244032  sps 11978  opp buf  loss -0.195  pg +0.0009  v 0.002  ev +0.97  adv_std 0.071  tR +0.15  ent[s/d/p/e] 2.28/2.61/0.93/0.57  emits 1.35  spf 47.1  z0 0.11  garr 46.9  tG 1137  e2 0.28  nF 23.9  pS 0.45  ptS 0.44  fLog 0.50  pdΔ -0.0485  pkR 11.59  clip 0.03  kl +0.004
upd   99  steps 3276800  sps 12016  opp buf  loss -0.195  pg +0.0015  v 0.002  ev +0.98  adv_std 0.061  tR +0.11  ent[s/d/p/e] 2.29/2.60/0.93/0.56  emits 1.35  spf 49.5  z0 0.12  garr 50.2  tG 1274  e2 0.27  nF 24.1  pS 0.44  ptS 0.43  fLog 0.50  pdΔ -0.0550  pkR 11.02  clip 0.02  kl +0.003 WRr 0.78 WRf 0.69
[ckpt] saved ./ckpt_multi_action_v11_f42/ckpt_000099.pkl
upd  100  steps 3309568  sps 11511  opp buf  loss -0.196  pg +0.0008  v 0.002  ev +0.98  adv_std 0.062  tR -0.01  ent[s/d/p/e] 2.34/2.60/0.92/0.55  emits 1.34  spf 52.6  z0 0.14  garr 51.2  tG 1385  e2 0.27  nF 24.2  pS 0.44  ptS 0.43  fLog 0.50  pdΔ -0.0570  pkR 10.00  clip 0.03  kl +0.003
upd  101  steps 3342336  sps 11549  opp frzn  loss -0.167  pg +0.0006  v 0.002  ev +0.97  adv_std 0.061  tR +0.30  ent[s/d/p/e] 1.79/2.25/0.83/0.55  emits 1.36  spf 37.5  z0 0.04  garr 38.3  tG 845  e2 0.25  nF 23.7  pS 0.35  ptS 0.35  fLog 0.44  pdΔ -0.1482  pkR 18.94  clip 0.02  kl +0.002
upd  102  steps 3375104  sps 11587  opp strn  loss -0.163  pg +0.0006  v 0.002  ev +0.95  adv_std 0.068  tR -0.15  ent[s/d/p/e] 1.76/2.10/0.87/0.56  emits 1.37  spf 31.9  z0 0.02  garr 34.5  tG 460  e2 0.26  nF 21.7  pS 0.36  ptS 0.36  fLog 0.44  pdΔ -0.1376  pkR 28.88  clip 0.03  kl +0.003
upd  103  steps 3407872  sps 11625  opp buf  loss -0.170  pg +0.0010  v 0.004  ev +0.95  adv_std 0.093  tR +0.00  ent[s/d/p/e] 1.88/2.26/0.88/0.56  emits 1.32  spf 33.1  z0 0.09  garr 32.7  tG 536  e2 0.26  nF 21.6  pS 0.35  ptS 0.35  fLog 0.45  pdΔ -0.1460  pkR 16.16  clip 0.02  kl +0.003
upd  104  steps 3440640  sps 11662  opp frzn  loss -0.164  pg +0.0008  v 0.002  ev +0.97  adv_std 0.067  tR +0.15  ent[s/d/p/e] 1.80/2.14/0.86/0.55  emits 1.36  spf 32.1  z0 0.05  garr 33.3  tG 629  e2 0.26  nF 22.6  pS 0.33  ptS 0.34  fLog 0.44  pdΔ -0.1674  pkR 16.04  clip 0.03  kl +0.002
upd  105  steps 3473408  sps 11699  opp strn  loss -0.166  pg -0.0000  v 0.002  ev +0.95  adv_std 0.069  tR +0.05  ent[s/d/p/e] 1.82/2.10/0.89/0.56  emits 1.36  spf 34.3  z0 0.01  garr 38.5  tG 499  e2 0.26  nF 22.0  pS 0.38  ptS 0.38  fLog 0.46  pdΔ -0.1185  pkR 14.01  clip 0.03  kl +0.004
upd  106  steps 3506176  sps 11735  opp frzn  loss -0.151  pg +0.0009  v 0.004  ev +0.90  adv_std 0.095  tR -0.27  ent[s/d/p/e] 1.58/1.99/0.84/0.55  emits 1.31  spf 29.0  z0 0.01  garr 31.3  tG 341  e2 0.23  nF 21.1  pS 0.32  ptS 0.33  fLog 0.43  pdΔ -0.1757  pkR 11.59  clip 0.02  kl +0.003
upd  107  steps 3538944  sps 11771  opp buf  loss -0.178  pg +0.0002  v 0.003  ev +0.96  adv_std 0.083  tR -0.01  ent[s/d/p/e] 2.01/2.28/0.95/0.57  emits 1.33  spf 35.6  z0 0.09  garr 35.3  tG 526  e2 0.27  nF 22.2  pS 0.41  ptS 0.40  fLog 0.47  pdΔ -0.0913  pkR 13.80  clip 0.02  kl +0.002
upd  108  steps 3571712  sps 11806  opp strn  loss -0.169  pg +0.0008  v 0.002  ev +0.96  adv_std 0.067  tR +0.31  ent[s/d/p/e] 1.84/2.22/0.87/0.57  emits 1.41  spf 32.8  z0 0.04  garr 34.4  tG 676  e2 0.28  nF 23.5  pS 0.35  ptS 0.35  fLog 0.44  pdΔ -0.1467  pkR 16.29  clip 0.02  kl +0.002
upd  109  steps 3604480  sps 11840  opp strn  loss -0.167  pg +0.0004  v 0.002  ev +0.96  adv_std 0.063  tR -0.19  ent[s/d/p/e] 1.80/2.15/0.88/0.58  emits 1.40  spf 31.5  z0 0.02  garr 34.0  tG 426  e2 0.28  nF 21.8  pS 0.37  ptS 0.37  fLog 0.45  pdΔ -0.1344  pkR 18.97  clip 0.03  kl +0.003
upd  110  steps 3637248  sps 11875  opp frzn  loss -0.159  pg +0.0009  v 0.004  ev +0.92  adv_std 0.087  tR -0.08  ent[s/d/p/e] 1.69/2.05/0.87/0.58  emits 1.43  spf 27.7  z0 0.00  garr 29.7  tG 322  e2 0.28  nF 22.5  pS 0.36  ptS 0.36  fLog 0.43  pdΔ -0.1446  pkR 8.98  clip 0.02  kl +0.002
upd  111  steps 3670016  sps 11909  opp buf  loss -0.178  pg +0.0003  v 0.003  ev +0.96  adv_std 0.079  tR -0.05  ent[s/d/p/e] 1.98/2.31/0.93/0.58  emits 1.39  spf 33.4  z0 0.07  garr 33.6  tG 571  e2 0.29  nF 23.0  pS 0.39  ptS 0.39  fLog 0.46  pdΔ -0.1080  pkR 15.79  clip 0.04  kl +0.004
upd  112  steps 3702784  sps 11942  opp buf  loss -0.196  pg +0.0011  v 0.003  ev +0.97  adv_std 0.076  tR +0.22  ent[s/d/p/e] 2.32/2.59/0.95/0.56  emits 1.36  spf 47.2  z0 0.10  garr 51.0  tG 1267  e2 0.27  nF 23.3  pS 0.47  ptS 0.46  fLog 0.50  pdΔ -0.0323  pkR 8.98  clip 0.03  kl +0.003
upd  113  steps 3735552  sps 11976  opp frzn  loss -0.171  pg +0.0003  v 0.002  ev +0.98  adv_std 0.058  tR +0.39  ent[s/d/p/e] 1.86/2.31/0.85/0.54  emits 1.34  spf 37.3  z0 0.04  garr 38.8  tG 919  e2 0.24  nF 24.7  pS 0.35  ptS 0.35  fLog 0.44  pdΔ -0.1454  pkR 13.90  clip 0.03  kl +0.003
upd  114  steps 3768320  sps 12008  opp frzn  loss -0.160  pg +0.0003  v 0.002  ev +0.96  adv_std 0.068  tR -0.08  ent[s/d/p/e] 1.71/2.06/0.89/0.55  emits 1.33  spf 30.7  z0 0.01  garr 33.7  tG 462  e2 0.25  nF 21.5  pS 0.35  ptS 0.35  fLog 0.44  pdΔ -0.1495  pkR 25.92  clip 0.02  kl +0.003
upd  115  steps 3801088  sps 12041  opp buf  loss -0.174  pg +0.0005  v 0.004  ev +0.95  adv_std 0.090  tR -0.03  ent[s/d/p/e] 1.91/2.28/0.93/0.57  emits 1.29  spf 32.9  z0 0.08  garr 33.1  tG 542  e2 0.25  nF 21.8  pS 0.37  ptS 0.36  fLog 0.45  pdΔ -0.1250  pkR 16.32  clip 0.01  kl +0.002
upd  116  steps 3833856  sps 12073  opp buf  loss -0.195  pg +0.0004  v 0.002  ev +0.98  adv_std 0.060  tR +0.08  ent[s/d/p/e] 2.29/2.57/0.93/0.56  emits 1.29  spf 48.5  z0 0.12  garr 49.2  tG 1172  e2 0.26  nF 23.0  pS 0.45  ptS 0.44  fLog 0.50  pdΔ -0.0525  pkR 14.44  clip 0.02  kl +0.002
upd  117  steps 3866624  sps 12105  opp frzn  loss -0.169  pg +0.0002  v 0.002  ev +0.97  adv_std 0.067  tR +0.26  ent[s/d/p/e] 1.85/2.27/0.82/0.54  emits 1.34  spf 37.4  z0 0.04  garr 41.4  tG 986  e2 0.25  nF 23.4  pS 0.37  ptS 0.37  fLog 0.45  pdΔ -0.1330  pkR 13.08  clip 0.02  kl +0.002
upd  118  steps 3899392  sps 12136  opp buf  loss -0.181  pg +0.0004  v 0.002  ev +0.97  adv_std 0.065  tR -0.06  ent[s/d/p/e] 2.05/2.35/0.91/0.58  emits 1.34  spf 36.1  z0 0.09  garr 37.0  tG 679  e2 0.28  nF 23.6  pS 0.40  ptS 0.40  fLog 0.47  pdΔ -0.0967  pkR 16.65  clip 0.02  kl +0.003
upd  119  steps 3932160  sps 12167  opp buf  loss -0.189  pg +0.0011  v 0.003  ev +0.97  adv_std 0.076  tR +0.11  ent[s/d/p/e] 2.19/2.53/0.91/0.56  emits 1.34  spf 45.8  z0 0.11  garr 46.5  tG 1143  e2 0.27  nF 24.0  pS 0.41  ptS 0.40  fLog 0.49  pdΔ -0.0872  pkR 15.11  clip 0.02  kl +0.002
upd  120  steps 3964928  sps 12198  opp buf  loss -0.183  pg -0.0002  v 0.002  ev +0.98  adv_std 0.057  tR +0.02  ent[s/d/p/e] 2.06/2.46/0.87/0.56  emits 1.31  spf 41.1  z0 0.13  garr 40.5  tG 982  e2 0.26  nF 24.2  pS 0.38  ptS 0.37  fLog 0.46  pdΔ -0.1242  pkR 13.00  clip 0.03  kl +0.003
upd  121  steps 3997696  sps 12228  opp strn  loss -0.171  pg +0.0010  v 0.002  ev +0.98  adv_std 0.059  tR +0.23  ent[s/d/p/e] 1.88/2.30/0.83/0.56  emits 1.39  spf 38.0  z0 0.04  garr 41.1  tG 947  e2 0.26  nF 23.0  pS 0.38  ptS 0.38  fLog 0.45  pdΔ -0.1197  pkR 13.19  clip 0.02  kl +0.002
upd  122  steps 4030464  sps 12258  opp buf  loss -0.175  pg +0.0008  v 0.002  ev +0.97  adv_std 0.071  tR +0.03  ent[s/d/p/e] 1.91/2.33/0.86/0.60  emits 1.39  spf 34.6  z0 0.07  garr 36.0  tG 664  e2 0.29  nF 22.5  pS 0.36  ptS 0.36  fLog 0.45  pdΔ -0.1414  pkR 21.79  clip 0.03  kl +0.003
upd  123  steps 4063232  sps 12287  opp buf  loss -0.190  pg +0.0002  v 0.003  ev +0.97  adv_std 0.075  tR -0.07  ent[s/d/p/e] 2.21/2.54/0.88/0.58  emits 1.34  spf 48.1  z0 0.12  garr 50.8  tG 1281  e2 0.28  nF 23.6  pS 0.42  ptS 0.41  fLog 0.49  pdΔ -0.0764  pkR 11.94  clip 0.03  kl +0.003
upd  124  steps 4096000  sps 12316  opp strn  loss -0.169  pg +0.0009  v 0.002  ev +0.97  adv_std 0.061  tR +0.44  ent[s/d/p/e] 1.84/2.26/0.83/0.57  emits 1.41  spf 37.5  z0 0.04  garr 40.6  tG 978  e2 0.27  nF 24.0  pS 0.35  ptS 0.35  fLog 0.44  pdΔ -0.1478  pkR 13.68  clip 0.02  kl +0.002
upd  125  steps 4128768  sps 12345  opp buf  loss -0.174  pg +0.0001  v 0.002  ev +0.98  adv_std 0.062  tR -0.12  ent[s/d/p/e] 1.91/2.26/0.89/0.58  emits 1.37  spf 32.1  z0 0.08  garr 32.7  tG 568  e2 0.28  nF 23.1  pS 0.37  ptS 0.37  fLog 0.45  pdΔ -0.1261  pkR 20.09  clip 0.02  kl +0.002
upd  126  steps 4161536  sps 12374  opp buf  loss -0.192  pg +0.0007  v 0.003  ev +0.97  adv_std 0.079  tR +0.09  ent[s/d/p/e] 2.25/2.56/0.91/0.57  emits 1.42  spf 45.7  z0 0.10  garr 45.7  tG 1139  e2 0.30  nF 24.2  pS 0.42  ptS 0.41  fLog 0.49  pdΔ -0.0784  pkR 15.79  clip 0.02  kl +0.001
upd  127  steps 4194304  sps 12402  opp frzn  loss -0.168  pg +0.0006  v 0.002  ev +0.98  adv_std 0.057  tR +0.27  ent[s/d/p/e] 1.83/2.24/0.84/0.56  emits 1.38  spf 33.5  z0 0.06  garr 36.8  tG 847  e2 0.26  nF 25.1  pS 0.33  ptS 0.33  fLog 0.44  pdΔ -0.1704  pkR 34.26  clip 0.02  kl +0.003
upd  128  steps 4227072  sps 12430  opp buf  loss -0.176  pg +0.0000  v 0.002  ev +0.97  adv_std 0.069  tR -0.08  ent[s/d/p/e] 1.94/2.31/0.87/0.60  emits 1.39  spf 34.0  z0 0.09  garr 33.6  tG 563  e2 0.29  nF 22.8  pS 0.37  ptS 0.36  fLog 0.46  pdΔ -0.1298  pkR 15.10  clip 0.02  kl +0.003
upd  129  steps 4259840  sps 12458  opp strn  loss -0.164  pg -0.0003  v 0.002  ev +0.96  adv_std 0.071  tR +0.32  ent[s/d/p/e] 1.77/2.15/0.83/0.57  emits 1.48  spf 29.6  z0 0.02  garr 31.6  tG 594  e2 0.29  nF 25.8  pS 0.33  ptS 0.33  fLog 0.43  pdΔ -0.1661  pkR 18.08  clip 0.02  kl +0.002
upd  130  steps 4292608  sps 12485  opp frzn  loss -0.166  pg +0.0008  v 0.002  ev +0.96  adv_std 0.066  tR -0.24  ent[s/d/p/e] 1.83/2.10/0.86/0.59  emits 1.46  spf 32.4  z0 0.01  garr 36.2  tG 506  e2 0.30  nF 23.1  pS 0.38  ptS 0.38  fLog 0.45  pdΔ -0.1194  pkR 20.52  clip 0.02  kl +0.002
upd  131  steps 4325376  sps 12512  opp buf  loss -0.180  pg +0.0006  v 0.004  ev +0.95  adv_std 0.094  tR -0.03  ent[s/d/p/e] 2.04/2.38/0.89/0.60  emits 1.46  spf 35.4  z0 0.07  garr 35.9  tG 629  e2 0.31  nF 23.1  pS 0.40  ptS 0.39  fLog 0.47  pdΔ -0.0960  pkR 16.61  clip 0.02  kl +0.002
upd  132  steps 4358144  sps 12539  opp buf  loss -0.187  pg +0.0005  v 0.002  ev +0.98  adv_std 0.067  tR +0.03  ent[s/d/p/e] 2.15/2.51/0.87/0.57  emits 1.36  spf 43.6  z0 0.12  garr 42.0  tG 1027  e2 0.27  nF 23.5  pS 0.40  ptS 0.39  fLog 0.48  pdΔ -0.0970  pkR 11.90  clip 0.03  kl +0.004
upd  133  steps 4390912  sps 12576  opp rand  loss -0.166  pg +0.0008  v 0.002  ev +0.98  adv_std 0.064  tR +0.16  ent[s/d/p/e] 1.81/2.28/0.77/0.55  emits 1.33  spf 38.6  z0 0.06  garr 40.2  tG 910  e2 0.24  nF 23.0  pS 0.36  ptS 0.36  fLog 0.44  pdΔ -0.1370  pkR 14.44  clip 0.02  kl +0.002
upd  134  steps 4423680  sps 12602  opp strn  loss -0.154  pg +0.0005  v 0.002  ev +0.96  adv_std 0.070  tR +0.26  ent[s/d/p/e] 1.61/2.03/0.82/0.56  emits 1.33  spf 28.2  z0 0.02  garr 31.1  tG 434  e2 0.24  nF 22.6  pS 0.32  ptS 0.32  fLog 0.42  pdΔ -0.1796  pkR 28.15  clip 0.02  kl +0.002
upd  135  steps 4456448  sps 12628  opp buf  loss -0.178  pg +0.0006  v 0.004  ev +0.95  adv_std 0.090  tR -0.02  ent[s/d/p/e] 2.01/2.34/0.91/0.58  emits 1.34  spf 35.2  z0 0.07  garr 35.3  tG 593  e2 0.27  nF 21.8  pS 0.40  ptS 0.39  fLog 0.47  pdΔ -0.0988  pkR 16.30  clip 0.03  kl +0.003
upd  136  steps 4489216  sps 12654  opp buf  loss -0.192  pg -0.0001  v 0.003  ev +0.97  adv_std 0.073  tR +0.14  ent[s/d/p/e] 2.20/2.55/0.92/0.57  emits 1.36  spf 50.0  z0 0.11  garr 46.8  tG 1182  e2 0.27  nF 23.3  pS 0.43  ptS 0.42  fLog 0.50  pdΔ -0.0720  pkR 10.42  clip 0.03  kl +0.003
upd  137  steps 4521984  sps 12679  opp strn  loss -0.180  pg +0.0006  v 0.002  ev +0.97  adv_std 0.063  tR +0.24  ent[s/d/p/e] 2.01/2.38/0.90/0.56  emits 1.38  spf 42.8  z0 0.04  garr 43.9  tG 1000  e2 0.26  nF 23.0  pS 0.40  ptS 0.40  fLog 0.47  pdΔ -0.0995  pkR 13.64  clip 0.03  kl +0.003
upd  138  steps 4554752  sps 12704  opp frzn  loss -0.166  pg +0.0007  v 0.003  ev +0.96  adv_std 0.072  tR +0.07  ent[s/d/p/e] 1.81/2.15/0.88/0.56  emits 1.36  spf 40.6  z0 0.01  garr 44.0  tG 775  e2 0.25  nF 21.4  pS 0.38  ptS 0.39  fLog 0.46  pdΔ -0.1186  pkR 19.56  clip 0.02  kl +0.001
upd  139  steps 4587520  sps 12729  opp strn  loss -0.152  pg +0.0001  v 0.003  ev +0.93  adv_std 0.084  tR -0.16  ent[s/d/p/e] 1.58/1.96/0.84/0.56  emits 1.34  spf 29.5  z0 0.01  garr 31.8  tG 351  e2 0.24  nF 21.9  pS 0.33  ptS 0.32  fLog 0.43  pdΔ -0.1746  pkR 11.80  clip 0.03  kl +0.003
upd  140  steps 4620288  sps 12754  opp frzn  loss -0.163  pg +0.0009  v 0.003  ev +0.93  adv_std 0.082  tR -0.03  ent[s/d/p/e] 1.77/2.07/0.88/0.59  emits 1.40  spf 33.0  z0 0.00  garr 36.2  tG 428  e2 0.27  nF 22.5  pS 0.39  ptS 0.39  fLog 0.45  pdΔ -0.1093  pkR 9.14  clip 0.02  kl +0.002
upd  141  steps 4653056  sps 12778  opp buf  loss -0.172  pg +0.0004  v 0.004  ev +0.96  adv_std 0.086  tR -0.03  ent[s/d/p/e] 1.89/2.25/0.90/0.58  emits 1.35  spf 33.7  z0 0.07  garr 32.2  tG 538  e2 0.27  nF 23.8  pS 0.37  ptS 0.36  fLog 0.45  pdΔ -0.1335  pkR 14.05  clip 0.02  kl +0.002
upd  142  steps 4685824  sps 12802  opp strn  loss -0.165  pg +0.0003  v 0.002  ev +0.97  adv_std 0.069  tR +0.22  ent[s/d/p/e] 1.76/2.24/0.82/0.54  emits 1.30  spf 36.1  z0 0.05  garr 36.5  tG 796  e2 0.23  nF 22.6  pS 0.34  ptS 0.34  fLog 0.44  pdΔ -0.1613  pkR 15.27  clip 0.02  kl +0.003
upd  143  steps 4718592  sps 12826  opp buf  loss -0.175  pg +0.0009  v 0.002  ev +0.97  adv_std 0.071  tR -0.05  ent[s/d/p/e] 1.94/2.31/0.90/0.57  emits 1.31  spf 38.9  z0 0.08  garr 38.6  tG 723  e2 0.25  nF 21.3  pS 0.39  ptS 0.38  fLog 0.47  pdΔ -0.1110  pkR 26.16  clip 0.02  kl +0.002
upd  144  steps 4751360  sps 12850  opp buf  loss -0.192  pg +0.0007  v 0.002  ev +0.98  adv_std 0.065  tR +0.10  ent[s/d/p/e] 2.24/2.57/0.92/0.56  emits 1.31  spf 52.8  z0 0.10  garr 52.2  tG 1272  e2 0.26  nF 22.2  pS 0.45  ptS 0.43  fLog 0.50  pdΔ -0.0524  pkR 10.55  clip 0.02  kl +0.003
upd  145  steps 4784128  sps 12873  opp strn  loss -0.173  pg +0.0006  v 0.002  ev +0.98  adv_std 0.060  tR +0.56  ent[s/d/p/e] 1.93/2.31/0.86/0.54  emits 1.34  spf 43.6  z0 0.03  garr 48.1  tG 1162  e2 0.24  nF 23.6  pS 0.38  ptS 0.39  fLog 0.46  pdΔ -0.1186  pkR 16.49  clip 0.01  kl +0.002
upd  146  steps 4816896  sps 12896  opp buf  loss -0.181  pg +0.0003  v 0.003  ev +0.97  adv_std 0.076  tR +0.08  ent[s/d/p/e] 2.05/2.37/0.92/0.57  emits 1.35  spf 40.4  z0 0.07  garr 42.1  tG 817  e2 0.27  nF 22.8  pS 0.41  ptS 0.41  fLog 0.48  pdΔ -0.0859  pkR 13.46  clip 0.02  kl +0.003
upd  147  steps 4849664  sps 12919  opp buf  loss -0.195  pg +0.0008  v 0.002  ev +0.98  adv_std 0.064  tR +0.19  ent[s/d/p/e] 2.27/2.61/0.93/0.56  emits 1.29  spf 55.8  z0 0.11  garr 56.3  tG 1424  e2 0.25  nF 21.8  pS 0.45  ptS 0.44  fLog 0.51  pdΔ -0.0478  pkR 10.10  clip 0.02  kl +0.003
upd  148  steps 4882432  sps 12941  opp buf  loss -0.189  pg +0.0001  v 0.002  ev +0.99  adv_std 0.056  tR +0.14  ent[s/d/p/e] 2.19/2.54/0.90/0.54  emits 1.25  spf 53.1  z0 0.12  garr 53.0  tG 1408  e2 0.23  nF 22.2  pS 0.42  ptS 0.42  fLog 0.49  pdΔ -0.0776  pkR 10.29  clip 0.02  kl +0.002
upd  149  steps 4915200  sps 12974  opp rand  loss -0.161  pg +0.0003  v 0.002  ev +0.97  adv_std 0.068  tR +0.08  ent[s/d/p/e] 1.74/2.17/0.80/0.53  emits 1.25  spf 39.0  z0 0.07  garr 38.3  tG 902  e2 0.21  nF 21.3  pS 0.33  ptS 0.33  fLog 0.44  pdΔ -0.1713  pkR 15.43  clip 0.03  kl +0.003 WRr 0.91 WRf 0.66
[ckpt] saved ./ckpt_multi_action_v11_f42/ckpt_000149.pkl
upd  150  steps 4947968  sps 12550  opp buf  loss -0.175  pg +0.0007  v 0.002  ev +0.97  adv_std 0.065  tR +0.10  ent[s/d/p/e] 1.92/2.35/0.89/0.56  emits 1.27  spf 36.3  z0 0.08  garr 36.9  tG 706  e2 0.23  nF 22.7  pS 0.38  ptS 0.37  fLog 0.46  pdΔ -0.1163  pkR 17.28  clip 0.04  kl +0.005
upd  151  steps 4980736  sps 12574  opp buf  loss -0.183  pg +0.0009  v 0.002  ev +0.98  adv_std 0.068  tR +0.12  ent[s/d/p/e] 2.07/2.49/0.87/0.55  emits 1.22  spf 44.9  z0 0.13  garr 45.6  tG 1110  e2 0.22  nF 22.7  pS 0.39  ptS 0.39  fLog 0.48  pdΔ -0.1067  pkR 11.54  clip 0.02  kl +0.003
upd  152  steps 5013504  sps 12597  opp frzn  loss -0.176  pg -0.0003  v 0.002  ev +0.98  adv_std 0.057  tR +0.19  ent[s/d/p/e] 1.95/2.31/0.87/0.57  emits 1.34  spf 40.9  z0 0.05  garr 44.6  tG 965  e2 0.26  nF 23.0  pS 0.38  ptS 0.38  fLog 0.46  pdΔ -0.1205  pkR 14.97  clip 0.02  kl +0.003
upd  153  steps 5046272  sps 12619  opp buf  loss -0.170  pg +0.0006  v 0.002  ev +0.97  adv_std 0.072  tR +0.04  ent[s/d/p/e] 1.86/2.26/0.87/0.55  emits 1.24  spf 39.7  z0 0.09  garr 41.4  tG 782  e2 0.23  nF 20.6  pS 0.37  ptS 0.36  fLog 0.46  pdΔ -0.1336  pkR 19.25  clip 0.01  kl +0.002
upd  154  steps 5079040  sps 12642  opp buf  loss -0.188  pg +0.0006  v 0.002  ev +0.97  adv_std 0.071  tR +0.03  ent[s/d/p/e] 2.13/2.55/0.89/0.57  emits 1.27  spf 45.0  z0 0.11  garr 43.8  tG 1000  e2 0.24  nF 22.6  pS 0.40  ptS 0.39  fLog 0.48  pdΔ -0.0988  pkR 13.19  clip 0.03  kl +0.004
upd  155  steps 5111808  sps 12664  opp frzn  loss -0.163  pg +0.0004  v 0.002  ev +0.97  adv_std 0.064  tR +0.37  ent[s/d/p/e] 1.75/2.16/0.83/0.55  emits 1.30  spf 33.4  z0 0.04  garr 36.9  tG 779  e2 0.23  nF 22.7  pS 0.33  ptS 0.34  fLog 0.43  pdΔ -0.1677  pkR 16.06  clip 0.01  kl +0.003
upd  156  steps 5144576  sps 12696  opp rand  loss -0.158  pg +0.0008  v 0.003  ev +0.95  adv_std 0.079  tR +0.17  ent[s/d/p/e] 1.71/2.05/0.84/0.56  emits 1.34  spf 29.9  z0 0.02  garr 33.4  tG 434  e2 0.25  nF 20.3  pS 0.36  ptS 0.35  fLog 0.44  pdΔ -0.1444  pkR 23.42  clip 0.02  kl +0.003
upd  157  steps 5177344  sps 12718  opp buf  loss -0.173  pg +0.0004  v 0.003  ev +0.96  adv_std 0.080  tR +0.14  ent[s/d/p/e] 1.92/2.28/0.90/0.56  emits 1.30  spf 36.0  z0 0.07  garr 37.7  tG 631  e2 0.25  nF 20.7  pS 0.39  ptS 0.38  fLog 0.46  pdΔ -0.1102  pkR 17.03  clip 0.01  kl +0.003
upd  158  steps 5210112  sps 12740  opp frzn  loss -0.159  pg -0.0002  v 0.003  ev +0.97  adv_std 0.073  tR +0.28  ent[s/d/p/e] 1.66/2.12/0.83/0.54  emits 1.28  spf 32.1  z0 0.04  garr 34.9  tG 618  e2 0.22  nF 21.7  pS 0.33  ptS 0.33  fLog 0.43  pdΔ -0.1662  pkR 16.17  clip 0.02  kl +0.002
upd  159  steps 5242880  sps 12761  opp frzn  loss -0.164  pg +0.0006  v 0.003  ev +0.94  adv_std 0.076  tR -0.08  ent[s/d/p/e] 1.81/2.06/0.91/0.56  emits 1.33  spf 35.4  z0 0.01  garr 40.9  tG 518  e2 0.25  nF 20.2  pS 0.39  ptS 0.39  fLog 0.46  pdΔ -0.1074  pkR 19.13  clip 0.02  kl +0.002
upd  160  steps 5275648  sps 12783  opp frzn  loss -0.156  pg +0.0005  v 0.004  ev +0.93  adv_std 0.086  tR -0.21  ent[s/d/p/e] 1.65/2.02/0.86/0.56  emits 1.34  spf 32.1  z0 0.00  garr 36.5  tG 411  e2 0.24  nF 20.5  pS 0.36  ptS 0.36  fLog 0.44  pdΔ -0.1396  pkR 11.35  clip 0.02  kl +0.003
upd  161  steps 5308416  sps 12804  opp buf  loss -0.174  pg +0.0001  v 0.003  ev +0.96  adv_std 0.080  tR +0.17  ent[s/d/p/e] 1.91/2.28/0.90/0.57  emits 1.30  spf 36.7  z0 0.07  garr 37.9  tG 625  e2 0.25  nF 20.5  pS 0.39  ptS 0.38  fLog 0.46  pdΔ -0.1055  pkR 14.86  clip 0.02  kl +0.004
upd  162  steps 5341184  sps 12825  opp frzn  loss -0.164  pg +0.0005  v 0.002  ev +0.97  adv_std 0.067  tR +0.15  ent[s/d/p/e] 1.76/2.20/0.84/0.55  emits 1.30  spf 35.2  z0 0.04  garr 39.1  tG 802  e2 0.23  nF 21.7  pS 0.35  ptS 0.35  fLog 0.44  pdΔ -0.1523  pkR 18.47  clip 0.02  kl +0.002
upd  163  steps 5373952  sps 12845  opp buf  loss -0.172  pg +0.0001  v 0.002  ev +0.98  adv_std 0.067  tR -0.17  ent[s/d/p/e] 1.91/2.25/0.91/0.54  emits 1.24  spf 37.1  z0 0.09  garr 38.7  tG 658  e2 0.23  nF 20.7  pS 0.38  ptS 0.38  fLog 0.46  pdΔ -0.1167  pkR 14.67  clip 0.02  kl +0.003
upd  164  steps 5406720  sps 12866  opp strn  loss -0.165  pg +0.0003  v 0.002  ev +0.97  adv_std 0.067  tR +0.14  ent[s/d/p/e] 1.78/2.19/0.84/0.54  emits 1.31  spf 38.8  z0 0.03  garr 41.8  tG 843  e2 0.23  nF 21.8  pS 0.37  ptS 0.37  fLog 0.45  pdΔ -0.1329  pkR 16.01  clip 0.03  kl +0.003
upd  165  steps 5439488  sps 12886  opp buf  loss -0.173  pg +0.0006  v 0.003  ev +0.97  adv_std 0.073  tR +0.12  ent[s/d/p/e] 1.91/2.26/0.92/0.55  emits 1.28  spf 36.9  z0 0.06  garr 40.2  tG 698  e2 0.24  nF 21.5  pS 0.39  ptS 0.39  fLog 0.46  pdΔ -0.1102  pkR 17.13  clip 0.02  kl +0.002
upd  166  steps 5472256  sps 12907  opp buf  loss -0.192  pg +0.0004  v 0.002  ev +0.98  adv_std 0.069  tR -0.03  ent[s/d/p/e] 2.23/2.54/0.93/0.56  emits 1.28  spf 51.2  z0 0.12  garr 51.1  tG 1228  e2 0.26  nF 21.6  pS 0.44  ptS 0.42  fLog 0.50  pdΔ -0.0636  pkR 11.25  clip 0.02  kl +0.002
upd  167  steps 5505024  sps 12927  opp strn  loss -0.174  pg +0.0003  v 0.001  ev +0.98  adv_std 0.055  tR +0.40  ent[s/d/p/e] 1.93/2.32/0.87/0.54  emits 1.34  spf 44.0  z0 0.03  garr 48.7  tG 1187  e2 0.24  nF 23.4  pS 0.39  ptS 0.39  fLog 0.46  pdΔ -0.1131  pkR 16.63  clip 0.03  kl +0.004
upd  168  steps 5537792  sps 12947  opp frzn  loss -0.163  pg +0.0016  v 0.002  ev +0.95  adv_std 0.070  tR -0.13  ent[s/d/p/e] 1.78/2.09/0.90/0.57  emits 1.37  spf 33.2  z0 0.02  garr 35.6  tG 492  e2 0.27  nF 22.1  pS 0.35  ptS 0.36  fLog 0.45  pdΔ -0.1461  pkR 18.00  clip 0.03  kl +0.003
upd  169  steps 5570560  sps 12966  opp buf  loss -0.170  pg +0.0003  v 0.004  ev +0.96  adv_std 0.087  tR -0.06  ent[s/d/p/e] 1.86/2.23/0.89/0.58  emits 1.35  spf 34.0  z0 0.07  garr 33.7  tG 587  e2 0.27  nF 23.1  pS 0.37  ptS 0.37  fLog 0.45  pdΔ -0.1278  pkR 19.60  clip 0.01  kl +0.002
upd  170  steps 5603328  sps 12986  opp strn  loss -0.160  pg +0.0005  v 0.002  ev +0.97  adv_std 0.061  tR +0.23  ent[s/d/p/e] 1.68/2.14/0.83/0.55  emits 1.34  spf 32.5  z0 0.04  garr 34.9  tG 675  e2 0.24  nF 23.5  pS 0.33  ptS 0.33  fLog 0.42  pdΔ -0.1729  pkR 23.96  clip 0.03  kl +0.003
upd  171  steps 5636096  sps 13005  opp frzn  loss -0.164  pg +0.0007  v 0.003  ev +0.95  adv_std 0.077  tR +0.06  ent[s/d/p/e] 1.77/2.09/0.90/0.58  emits 1.41  spf 33.4  z0 0.01  garr 36.7  tG 494  e2 0.28  nF 21.6  pS 0.37  ptS 0.37  fLog 0.45  pdΔ -0.1251  pkR 20.94  clip 0.01  kl +0.002
upd  172  steps 5668864  sps 13025  opp strn  loss -0.156  pg +0.0007  v 0.003  ev +0.93  adv_std 0.083  tR -0.07  ent[s/d/p/e] 1.62/2.01/0.86/0.59  emits 1.45  spf 27.4  z0 0.00  garr 29.9  tG 325  e2 0.29  nF 22.9  pS 0.34  ptS 0.34  fLog 0.43  pdΔ -0.1624  pkR 10.79  clip 0.02  kl +0.002
upd  173  steps 5701632  sps 13044  opp frzn  loss -0.163  pg +0.0006  v 0.003  ev +0.93  adv_std 0.083  tR -0.25  ent[s/d/p/e] 1.76/2.04/0.90/0.59  emits 1.46  spf 31.6  z0 0.01  garr 34.9  tG 388  e2 0.30  nF 21.7  pS 0.38  ptS 0.38  fLog 0.45  pdΔ -0.1220  pkR 8.19  clip 0.02  kl +0.002
upd  174  steps 5734400  sps 13063  opp strn  loss -0.156  pg +0.0009  v 0.004  ev +0.93  adv_std 0.088  tR -0.17  ent[s/d/p/e] 1.66/2.03/0.85/0.57  emits 1.38  spf 27.8  z0 0.01  garr 30.4  tG 339  e2 0.26  nF 22.3  pS 0.35  ptS 0.35  fLog 0.43  pdΔ -0.1497  pkR 10.04  clip 0.02  kl +0.002
upd  175  steps 5767168  sps 13081  opp buf  loss -0.172  pg +0.0004  v 0.002  ev +0.97  adv_std 0.071  tR +0.02  ent[s/d/p/e] 1.90/2.23/0.90/0.56  emits 1.31  spf 35.7  z0 0.07  garr 37.4  tG 706  e2 0.25  nF 23.7  pS 0.39  ptS 0.38  fLog 0.45  pdΔ -0.1124  pkR 45.82  clip 0.02  kl +0.002
upd  176  steps 5799936  sps 13100  opp strn  loss -0.161  pg +0.0003  v 0.003  ev +0.96  adv_std 0.078  tR +0.27  ent[s/d/p/e] 1.72/2.17/0.82/0.54  emits 1.30  spf 31.1  z0 0.03  garr 34.6  tG 685  e2 0.22  nF 23.8  pS 0.33  ptS 0.34  fLog 0.42  pdΔ -0.1653  pkR 19.10  clip 0.02  kl +0.003
upd  177  steps 5832704  sps 13127  opp rand  loss -0.159  pg +0.0004  v 0.002  ev +0.97  adv_std 0.071  tR +0.07  ent[s/d/p/e] 1.71/2.05/0.84/0.55  emits 1.31  spf 29.9  z0 0.04  garr 32.1  tG 474  e2 0.24  nF 21.9  pS 0.33  ptS 0.34  fLog 0.43  pdΔ -0.1666  pkR 27.28  clip 0.02  kl +0.002
upd  178  steps 5865472  sps 13145  opp buf  loss -0.172  pg +0.0005  v 0.003  ev +0.97  adv_std 0.075  tR +0.22  ent[s/d/p/e] 1.89/2.24/0.92/0.57  emits 1.33  spf 34.1  z0 0.07  garr 36.9  tG 639  e2 0.26  nF 22.2  pS 0.38  ptS 0.37  fLog 0.46  pdΔ -0.1229  pkR 15.40  clip 0.02  kl +0.002
upd  179  steps 5898240  sps 13164  opp strn  loss -0.162  pg +0.0005  v 0.002  ev +0.97  adv_std 0.063  tR +0.15  ent[s/d/p/e] 1.70/2.19/0.83/0.55  emits 1.28  spf 32.4  z0 0.05  garr 35.0  tG 661  e2 0.22  nF 22.2  pS 0.33  ptS 0.33  fLog 0.43  pdΔ -0.1655  pkR 18.82  clip 0.02  kl +0.002
upd  180  steps 5931008  sps 13182  opp strn  loss -0.166  pg +0.0001  v 0.002  ev +0.96  adv_std 0.067  tR -0.08  ent[s/d/p/e] 1.82/2.07/0.91/0.57  emits 1.35  spf 36.4  z0 0.02  garr 41.5  tG 550  e2 0.26  nF 20.5  pS 0.39  ptS 0.39  fLog 0.47  pdΔ -0.1090  pkR 17.06  clip 0.02  kl +0.002
upd  181  steps 5963776  sps 13199  opp buf  loss -0.177  pg +0.0002  v 0.004  ev +0.96  adv_std 0.088  tR -0.04  ent[s/d/p/e] 1.96/2.37/0.90/0.56  emits 1.28  spf 42.0  z0 0.08  garr 44.3  tG 829  e2 0.25  nF 20.6  pS 0.38  ptS 0.37  fLog 0.47  pdΔ -0.1165  pkR 30.92  clip 0.02  kl +0.002
upd  182  steps 5996544  sps 13217  opp buf  loss -0.187  pg +0.0004  v 0.002  ev +0.98  adv_std 0.070  tR +0.08  ent[s/d/p/e] 2.13/2.53/0.88/0.57  emits 1.29  spf 48.4  z0 0.10  garr 49.7  tG 1277  e2 0.25  nF 23.6  pS 0.41  ptS 0.40  fLog 0.48  pdΔ -0.0878  pkR 12.85  clip 0.02  kl +0.002
upd  183  steps 6029312  sps 13234  opp frzn  loss -0.171  pg +0.0001  v 0.002  ev +0.97  adv_std 0.062  tR +0.23  ent[s/d/p/e] 1.87/2.26/0.87/0.56  emits 1.34  spf 41.2  z0 0.04  garr 44.9  tG 1045  e2 0.25  nF 23.3  pS 0.37  ptS 0.37  fLog 0.45  pdΔ -0.1265  pkR 16.32  clip 0.02  kl +0.002
upd  184  steps 6062080  sps 13252  opp frzn  loss -0.163  pg -0.0002  v 0.002  ev +0.96  adv_std 0.067  tR +0.08  ent[s/d/p/e] 1.78/2.06/0.90/0.54  emits 1.34  spf 34.7  z0 0.02  garr 37.9  tG 556  e2 0.25  nF 21.6  pS 0.37  ptS 0.38  fLog 0.45  pdΔ -0.1253  pkR 24.94  clip 0.02  kl +0.003
upd  185  steps 6094848  sps 13269  opp strn  loss -0.157  pg +0.0012  v 0.003  ev +0.93  adv_std 0.085  tR -0.02  ent[s/d/p/e] 1.68/1.98/0.90/0.57  emits 1.41  spf 30.3  z0 0.01  garr 33.2  tG 374  e2 0.27  nF 21.3  pS 0.36  ptS 0.36  fLog 0.45  pdΔ -0.1438  pkR 10.32  clip 0.03  kl +0.003
upd  186  steps 6127616  sps 13286  opp strn  loss -0.164  pg -0.0001  v 0.004  ev +0.90  adv_std 0.098  tR -0.26  ent[s/d/p/e] 1.82/2.05/0.93/0.56  emits 1.39  spf 36.2  z0 0.01  garr 39.7  tG 461  e2 0.27  nF 20.0  pS 0.40  ptS 0.40  fLog 0.47  pdΔ -0.0966  pkR 6.81  clip 0.02  kl +0.003
upd  187  steps 6160384  sps 13303  opp buf  loss -0.171  pg +0.0000  v 0.003  ev +0.96  adv_std 0.079  tR +0.06  ent[s/d/p/e] 1.88/2.26/0.89/0.55  emits 1.31  spf 38.6  z0 0.07  garr 37.9  tG 676  e2 0.24  nF 21.2  pS 0.36  ptS 0.36  fLog 0.46  pdΔ -0.1352  pkR 27.04  clip 0.04  kl +0.003
upd  188  steps 6193152  sps 13320  opp frzn  loss -0.168  pg -0.0003  v 0.002  ev +0.97  adv_std 0.069  tR +0.18  ent[s/d/p/e] 1.82/2.27/0.83/0.53  emits 1.29  spf 36.9  z0 0.04  garr 39.4  tG 848  e2 0.22  nF 22.2  pS 0.36  ptS 0.36  fLog 0.44  pdΔ -0.1442  pkR 14.78  clip 0.03  kl +0.002
upd  189  steps 6225920  sps 13337  opp buf  loss -0.168  pg +0.0007  v 0.002  ev +0.97  adv_std 0.070  tR +0.11  ent[s/d/p/e] 1.81/2.22/0.88/0.56  emits 1.30  spf 31.8  z0 0.07  garr 31.5  tG 520  e2 0.24  nF 21.9  pS 0.35  ptS 0.34  fLog 0.44  pdΔ -0.1540  pkR 33.44  clip 0.02  kl +0.003
upd  190  steps 6258688  sps 13353  opp frzn  loss -0.160  pg +0.0008  v 0.002  ev +0.96  adv_std 0.070  tR +0.11  ent[s/d/p/e] 1.75/2.09/0.84/0.54  emits 1.34  spf 32.7  z0 0.04  garr 34.8  tG 648  e2 0.24  nF 22.1  pS 0.34  ptS 0.34  fLog 0.43  pdΔ -0.1600  pkR 34.93  clip 0.03  kl +0.003
upd  191  steps 6291456  sps 13369  opp frzn  loss -0.161  pg +0.0008  v 0.002  ev +0.96  adv_std 0.067  tR +0.11  ent[s/d/p/e] 1.75/2.06/0.87/0.55  emits 1.35  spf 34.2  z0 0.01  garr 37.0  tG 516  e2 0.25  nF 22.3  pS 0.36  ptS 0.37  fLog 0.45  pdΔ -0.1395  pkR 20.38  clip 0.02  kl +0.003
upd  192  steps 6324224  sps 13386  opp buf  loss -0.174  pg +0.0002  v 0.004  ev +0.95  adv_std 0.095  tR +0.00  ent[s/d/p/e] 1.94/2.29/0.92/0.56  emits 1.33  spf 37.3  z0 0.06  garr 36.6  tG 637  e2 0.25  nF 22.8  pS 0.38  ptS 0.38  fLog 0.46  pdΔ -0.1166  pkR 23.03  clip 0.02  kl +0.002
upd  193  steps 6356992  sps 13402  opp frzn  loss -0.171  pg +0.0007  v 0.002  ev +0.97  adv_std 0.067  tR +0.15  ent[s/d/p/e] 1.90/2.25/0.88/0.56  emits 1.32  spf 39.2  z0 0.05  garr 40.3  tG 855  e2 0.24  nF 22.7  pS 0.37  ptS 0.38  fLog 0.46  pdΔ -0.1277  pkR 17.60  clip 0.02  kl +0.003
upd  194  steps 6389760  sps 13426  opp rand  loss -0.161  pg +0.0002  v 0.002  ev +0.97  adv_std 0.070  tR +0.29  ent[s/d/p/e] 1.74/2.11/0.84/0.55  emits 1.33  spf 32.7  z0 0.03  garr 35.0  tG 508  e2 0.24  nF 21.2  pS 0.37  ptS 0.37  fLog 0.45  pdΔ -0.1283  pkR 19.77  clip 0.01  kl +0.002
upd  195  steps 6422528  sps 13442  opp frzn  loss -0.157  pg +0.0002  v 0.003  ev +0.95  adv_std 0.073  tR +0.13  ent[s/d/p/e] 1.65/2.03/0.89/0.54  emits 1.33  spf 29.8  z0 0.01  garr 32.1  tG 381  e2 0.23  nF 21.0  pS 0.36  ptS 0.36  fLog 0.44  pdΔ -0.1405  pkR 14.04  clip 0.02  kl +0.002
upd  196  steps 6455296  sps 13458  opp frzn  loss -0.157  pg +0.0009  v 0.003  ev +0.94  adv_std 0.084  tR -0.17  ent[s/d/p/e] 1.70/2.02/0.88/0.55  emits 1.32  spf 32.2  z0 0.02  garr 33.7  tG 385  e2 0.24  nF 20.8  pS 0.37  ptS 0.37  fLog 0.45  pdΔ -0.1338  pkR 8.18  clip 0.02  kl +0.002
upd  197  steps 6488064  sps 13482  opp rand  loss -0.155  pg +0.0005  v 0.003  ev +0.95  adv_std 0.084  tR +0.38  ent[s/d/p/e] 1.62/2.03/0.82/0.57  emits 1.34  spf 28.6  z0 0.03  garr 29.3  tG 343  e2 0.24  nF 21.0  pS 0.34  ptS 0.34  fLog 0.43  pdΔ -0.1572  pkR 11.92  clip 0.01  kl +0.002
upd  198  steps 6520832  sps 13498  opp frzn  loss -0.155  pg +0.0004  v 0.002  ev +0.96  adv_std 0.067  tR +0.25  ent[s/d/p/e] 1.65/1.96/0.89/0.55  emits 1.36  spf 28.3  z0 0.01  garr 30.5  tG 345  e2 0.26  nF 21.5  pS 0.34  ptS 0.35  fLog 0.43  pdΔ -0.1582  pkR 12.16  clip 0.02  kl +0.002
upd  199  steps 6553600  sps 13513  opp frzn  loss -0.155  pg +0.0004  v 0.003  ev +0.94  adv_std 0.078  tR -0.37  ent[s/d/p/e] 1.66/1.96/0.87/0.56  emits 1.38  spf 31.3  z0 0.01  garr 33.7  tG 393  e2 0.26  nF 20.9  pS 0.36  ptS 0.36  fLog 0.44  pdΔ -0.1419  pkR 10.75  clip 0.01  kl +0.001 WRr 0.84 WRf 0.59
[ckpt] saved ./ckpt_multi_action_v11_f42/ckpt_000199.pkl
upd  200  steps 6586368  sps 13176  opp strn  loss -0.158  pg +0.0001  v 0.003  ev +0.93  adv_std 0.078  tR -0.14  ent[s/d/p/e] 1.69/2.00/0.86/0.57  emits 1.40  spf 30.3  z0 0.01  garr 32.9  tG 376  e2 0.27  nF 21.9  pS 0.36  ptS 0.36  fLog 0.44  pdΔ -0.1375  pkR 12.56  clip 0.02  kl +0.002
upd  201  steps 6619136  sps 13192  opp frzn  loss -0.163  pg +0.0007  v 0.003  ev +0.93  adv_std 0.081  tR -0.33  ent[s/d/p/e] 1.78/2.07/0.88/0.59  emits 1.44  spf 31.3  z0 0.00  garr 33.1  tG 384  e2 0.29  nF 21.8  pS 0.39  ptS 0.39  fLog 0.45  pdΔ -0.1146  pkR 9.71  clip 0.01  kl +0.002
upd  202  steps 6651904  sps 13208  opp buf  loss -0.172  pg +0.0005  v 0.003  ev +0.96  adv_std 0.082  tR -0.01  ent[s/d/p/e] 1.88/2.26/0.88/0.59  emits 1.38  spf 33.9  z0 0.08  garr 32.5  tG 559  e2 0.28  nF 23.5  pS 0.36  ptS 0.36  fLog 0.45  pdΔ -0.1371  pkR 16.50  clip 0.01  kl +0.002
upd  203  steps 6684672  sps 13224  opp buf  loss -0.189  pg -0.0003  v 0.002  ev +0.98  adv_std 0.063  tR -0.07  ent[s/d/p/e] 2.12/2.52/0.87/0.60  emits 1.37  spf 41.4  z0 0.12  garr 40.0  tG 918  e2 0.29  nF 24.4  pS 0.40  ptS 0.39  fLog 0.48  pdΔ -0.1041  pkR 11.62  clip 0.03  kl +0.004
upd  204  steps 6717440  sps 13240  opp buf  loss -0.197  pg +0.0010  v 0.001  ev +0.99  adv_std 0.054  tR +0.07  ent[s/d/p/e] 2.30/2.65/0.90/0.59  emits 1.43  spf 53.8  z0 0.12  garr 52.7  tG 1417  e2 0.30  nF 25.6  pS 0.46  ptS 0.45  fLog 0.50  pdΔ -0.0389  pkR 10.42  clip 0.03  kl +0.004
upd  205  steps 6750208  sps 13255  opp buf  loss -0.191  pg -0.0011  v 0.002  ev +0.98  adv_std 0.056  tR +0.14  ent[s/d/p/e] 2.18/2.54/0.89/0.56  emits 1.39  spf 51.3  z0 0.11  garr 51.1  tG 1369  e2 0.28  nF 24.0  pS 0.43  ptS 0.42  fLog 0.49  pdΔ -0.0685  pkR 12.75  clip 0.04  kl +0.004
upd  206  steps 6782976  sps 13271  opp buf  loss -0.182  pg +0.0002  v 0.002  ev +0.98  adv_std 0.057  tR -0.07  ent[s/d/p/e] 2.01/2.46/0.87/0.57  emits 1.30  spf 44.6  z0 0.15  garr 39.7  tG 933  e2 0.25  nF 23.6  pS 0.37  ptS 0.36  fLog 0.47  pdΔ -0.1333  pkR 17.67  clip 0.02  kl +0.002
upd  207  steps 6815744  sps 13286  opp strn  loss -0.169  pg +0.0003  v 0.002  ev +0.98  adv_std 0.059  tR +0.16  ent[s/d/p/e] 1.82/2.19/0.87/0.58  emits 1.43  spf 35.0  z0 0.05  garr 35.2  tG 735  e2 0.28  nF 23.2  pS 0.35  ptS 0.35  fLog 0.45  pdΔ -0.1546  pkR 16.21  clip 0.02  kl +0.003
upd  208  steps 6848512  sps 13301  opp strn  loss -0.170  pg +0.0007  v 0.003  ev +0.96  adv_std 0.073  tR -0.03  ent[s/d/p/e] 1.89/2.16/0.90/0.60  emits 1.50  spf 36.7  z0 0.02  garr 38.2  tG 516  e2 0.31  nF 23.0  pS 0.41  ptS 0.41  fLog 0.47  pdΔ -0.0942  pkR 16.30  clip 0.02  kl +0.003
upd  209  steps 6881280  sps 13316  opp strn  loss -0.159  pg +0.0001  v 0.004  ev +0.92  adv_std 0.093  tR -0.20  ent[s/d/p/e] 1.66/2.03/0.87/0.60  emits 1.48  spf 30.6  z0 0.01  garr 31.3  tG 349  e2 0.30  nF 22.2  pS 0.35  ptS 0.34  fLog 0.44  pdΔ -0.1504  pkR 10.80  clip 0.01  kl +0.001
upd  210  steps 6914048  sps 13331  opp buf  loss -0.177  pg +0.0008  v 0.003  ev +0.96  adv_std 0.080  tR +0.00  ent[s/d/p/e] 1.96/2.31/0.92/0.60  emits 1.46  spf 36.6  z0 0.07  garr 34.8  tG 612  e2 0.31  nF 22.4  pS 0.40  ptS 0.39  fLog 0.47  pdΔ -0.0954  pkR 17.76  clip 0.02  kl +0.003
upd  211  steps 6946816  sps 13346  opp buf  loss -0.193  pg +0.0002  v 0.002  ev +0.98  adv_std 0.067  tR +0.14  ent[s/d/p/e] 2.22/2.58/0.91/0.57  emits 1.35  spf 49.6  z0 0.11  garr 48.4  tG 1249  e2 0.27  nF 23.3  pS 0.43  ptS 0.43  fLog 0.50  pdΔ -0.0660  pkR 11.91  clip 0.03  kl +0.002
upd  212  steps 6979584  sps 13361  opp frzn  loss -0.171  pg -0.0001  v 0.002  ev +0.98  adv_std 0.058  tR +0.21  ent[s/d/p/e] 1.84/2.30/0.84/0.55  emits 1.35  spf 38.9  z0 0.06  garr 38.0  tG 855  e2 0.24  nF 24.4  pS 0.35  ptS 0.35  fLog 0.45  pdΔ -0.1492  pkR 13.61  clip 0.02  kl +0.002
upd  213  steps 7012352  sps 13383  opp rand  loss -0.162  pg +0.0011  v 0.003  ev +0.96  adv_std 0.077  tR +0.04  ent[s/d/p/e] 1.75/2.12/0.83/0.58  emits 1.40  spf 29.6  z0 0.04  garr 30.3  tG 426  e2 0.27  nF 22.5  pS 0.36  ptS 0.35  fLog 0.44  pdΔ -0.1400  pkR 20.05  clip 0.01  kl +0.002
upd  214  steps 7045120  sps 13398  opp strn  loss -0.159  pg -0.0006  v 0.002  ev +0.96  adv_std 0.072  tR +0.07  ent[s/d/p/e] 1.67/2.01/0.88/0.57  emits 1.41  spf 27.8  z0 0.01  garr 28.6  tG 326  e2 0.27  nF 22.2  pS 0.35  ptS 0.35  fLog 0.44  pdΔ -0.1453  pkR 13.67  clip 0.03  kl +0.004
upd  215  steps 7077888  sps 13412  opp buf  loss -0.180  pg +0.0008  v 0.002  ev +0.98  adv_std 0.070  tR +0.01  ent[s/d/p/e] 2.02/2.34/0.93/0.59  emits 1.35  spf 37.8  z0 0.09  garr 36.6  tG 647  e2 0.27  nF 22.1  pS 0.41  ptS 0.40  fLog 0.47  pdΔ -0.0924  pkR 16.18  clip 0.02  kl +0.003
upd  216  steps 7110656  sps 13427  opp frzn  loss -0.172  pg +0.0004  v 0.002  ev +0.97  adv_std 0.060  tR +0.28  ent[s/d/p/e] 1.86/2.34/0.83/0.56  emits 1.33  spf 34.9  z0 0.03  garr 36.6  tG 735  e2 0.23  nF 22.8  pS 0.37  ptS 0.38  fLog 0.45  pdΔ -0.1279  pkR 17.14  clip 0.01  kl +0.001
upd  217  steps 7143424  sps 13441  opp frzn  loss -0.170  pg +0.0003  v 0.003  ev +0.95  adv_std 0.073  tR +0.03  ent[s/d/p/e] 1.84/2.20/0.89/0.59  emits 1.42  spf 34.8  z0 0.01  garr 37.0  tG 528  e2 0.27  nF 20.7  pS 0.39  ptS 0.39  fLog 0.47  pdΔ -0.1138  pkR 17.50  clip 0.03  kl +0.004
upd  218  steps 7176192  sps 13455  opp frzn  loss -0.160  pg +0.0003  v 0.003  ev +0.93  adv_std 0.079  tR -0.23  ent[s/d/p/e] 1.67/2.08/0.88/0.57  emits 1.38  spf 30.4  z0 0.01  garr 32.5  tG 363  e2 0.26  nF 20.8  pS 0.35  ptS 0.35  fLog 0.45  pdΔ -0.1494  pkR 9.07  clip 0.03  kl +0.003
upd  219  steps 7208960  sps 13469  opp buf  loss -0.179  pg +0.0004  v 0.003  ev +0.96  adv_std 0.083  tR +0.10  ent[s/d/p/e] 1.98/2.35/0.94/0.58  emits 1.36  spf 35.0  z0 0.07  garr 34.6  tG 556  e2 0.27  nF 21.7  pS 0.41  ptS 0.40  fLog 0.47  pdΔ -0.0893  pkR 15.15  clip 0.02  kl +0.002
upd  220  steps 7241728  sps 13483  opp buf  loss -0.187  pg +0.0004  v 0.002  ev +0.98  adv_std 0.066  tR +0.03  ent[s/d/p/e] 2.08/2.53/0.91/0.57  emits 1.29  spf 43.9  z0 0.12  garr 41.9  tG 981  e2 0.24  nF 22.6  pS 0.39  ptS 0.38  fLog 0.48  pdΔ -0.1093  pkR 13.65  clip 0.03  kl +0.004
upd  221  steps 7274496  sps 13497  opp frzn  loss -0.172  pg -0.0004  v 0.002  ev +0.98  adv_std 0.059  tR +0.28  ent[s/d/p/e] 1.87/2.32/0.84/0.54  emits 1.32  spf 37.9  z0 0.05  garr 39.7  tG 923  e2 0.23  nF 23.6  pS 0.36  ptS 0.37  fLog 0.45  pdΔ -0.1384  pkR 14.31  clip 0.03  kl +0.003
upd  222  steps 7307264  sps 13510  opp buf  loss -0.173  pg +0.0001  v 0.002  ev +0.97  adv_std 0.071  tR -0.07  ent[s/d/p/e] 1.87/2.27/0.90/0.57  emits 1.34  spf 38.5  z0 0.09  garr 36.5  tG 691  e2 0.26  nF 22.0  pS 0.37  ptS 0.36  fLog 0.46  pdΔ -0.1345  pkR 30.89  clip 0.02  kl +0.003
upd  223  steps 7340032  sps 13524  opp frzn  loss -0.164  pg +0.0007  v 0.003  ev +0.96  adv_std 0.073  tR +0.18  ent[s/d/p/e] 1.74/2.19/0.85/0.56  emits 1.36  spf 35.6  z0 0.03  garr 37.6  tG 762  e2 0.25  nF 22.8  pS 0.34  ptS 0.34  fLog 0.44  pdΔ -0.1648  pkR 34.20  clip 0.01  kl +0.001
upd  224  steps 7372800  sps 13538  opp buf  loss -0.172  pg +0.0007  v 0.002  ev +0.98  adv_std 0.067  tR -0.19  ent[s/d/p/e] 1.86/2.28/0.88/0.58  emits 1.31  spf 38.7  z0 0.12  garr 36.4  tG 632  e2 0.26  nF 22.5  pS 0.34  ptS 0.34  fLog 0.46  pdΔ -0.1570  pkR 19.29  clip 0.02  kl +0.002
upd  225  steps 7405568  sps 13551  opp strn  loss -0.167  pg -0.0003  v 0.002  ev +0.97  adv_std 0.066  tR +0.02  ent[s/d/p/e] 1.79/2.17/0.87/0.57  emits 1.40  spf 30.9  z0 0.04  garr 32.0  tG 613  e2 0.27  nF 23.5  pS 0.34  ptS 0.34  fLog 0.44  pdΔ -0.1619  pkR 17.83  clip 0.03  kl +0.004
upd  226  steps 7438336  sps 13565  opp buf  loss -0.180  pg +0.0003  v 0.002  ev +0.98  adv_std 0.067  tR +0.05  ent[s/d/p/e] 1.98/2.35/0.92/0.58  emits 1.38  spf 37.4  z0 0.09  garr 36.2  tG 688  e2 0.28  nF 23.2  pS 0.40  ptS 0.39  fLog 0.47  pdΔ -0.1031  pkR 17.51  clip 0.02  kl +0.003
upd  227  steps 7471104  sps 13578  opp buf  loss -0.195  pg +0.0013  v 0.002  ev +0.98  adv_std 0.064  tR +0.19  ent[s/d/p/e] 2.26/2.60/0.96/0.58  emits 1.40  spf 46.9  z0 0.11  garr 47.0  tG 1199  e2 0.28  nF 23.5  pS 0.46  ptS 0.44  fLog 0.50  pdΔ -0.0434  pkR 10.51  clip 0.02  kl +0.003
upd  228  steps 7503872  sps 13591  opp buf  loss -0.195  pg +0.0003  v 0.001  ev +0.99  adv_std 0.055  tR +0.09  ent[s/d/p/e] 2.24/2.61/0.95/0.56  emits 1.31  spf 53.9  z0 0.13  garr 52.0  tG 1369  e2 0.25  nF 22.9  pS 0.44  ptS 0.43  fLog 0.51  pdΔ -0.0582  pkR 11.52  clip 0.02  kl +0.002
upd  229  steps 7536640  sps 13604  opp frzn  loss -0.174  pg +0.0001  v 0.002  ev +0.98  adv_std 0.059  tR +0.37  ent[s/d/p/e] 1.90/2.32/0.87/0.56  emits 1.38  spf 38.7  z0 0.04  garr 40.7  tG 945  e2 0.25  nF 24.2  pS 0.36  ptS 0.36  fLog 0.45  pdΔ -0.1429  pkR 15.97  clip 0.01  kl +0.002
upd  230  steps 7569408  sps 13617  opp frzn  loss -0.158  pg +0.0003  v 0.002  ev +0.96  adv_std 0.064  tR -0.16  ent[s/d/p/e] 1.66/2.01/0.89/0.55  emits 1.37  spf 27.2  z0 0.02  garr 27.9  tG 361  e2 0.25  nF 23.8  pS 0.31  ptS 0.32  fLog 0.42  pdΔ -0.1853  pkR 31.23  clip 0.02  kl +0.003
upd  231  steps 7602176  sps 13630  opp strn  loss -0.152  pg +0.0000  v 0.003  ev +0.92  adv_std 0.081  tR -0.53  ent[s/d/p/e] 1.55/1.93/0.87/0.57  emits 1.36  spf 24.2  z0 0.01  garr 25.1  tG 255  e2 0.25  nF 22.2  pS 0.31  ptS 0.31  fLog 0.42  pdΔ -0.1912  pkR 10.48  clip 0.02  kl +0.002
upd  232  steps 7634944  sps 13643  opp buf  loss -0.176  pg +0.0007  v 0.003  ev +0.96  adv_std 0.082  tR -0.07  ent[s/d/p/e] 1.95/2.30/0.92/0.59  emits 1.41  spf 37.1  z0 0.07  garr 36.0  tG 645  e2 0.29  nF 22.6  pS 0.38  ptS 0.38  fLog 0.47  pdΔ -0.1184  pkR 39.13  clip 0.02  kl +0.003
upd  233  steps 7667712  sps 13656  opp strn  loss -0.171  pg +0.0001  v 0.002  ev +0.97  adv_std 0.065  tR +0.30  ent[s/d/p/e] 1.82/2.29/0.85/0.57  emits 1.38  spf 32.9  z0 0.03  garr 34.0  tG 701  e2 0.26  nF 24.6  pS 0.34  ptS 0.35  fLog 0.44  pdΔ -0.1603  pkR 17.96  clip 0.02  kl +0.002
upd  234  steps 7700480  sps 13668  opp strn  loss -0.167  pg +0.0006  v 0.002  ev +0.97  adv_std 0.063  tR -0.10  ent[s/d/p/e] 1.83/2.14/0.90/0.57  emits 1.41  spf 31.7  z0 0.02  garr 33.7  tG 458  e2 0.27  nF 23.2  pS 0.37  ptS 0.38  fLog 0.45  pdΔ -0.1281  pkR 17.40  clip 0.01  kl +0.002
upd  235  steps 7733248  sps 13681  opp buf  loss -0.174  pg +0.0002  v 0.004  ev +0.96  adv_std 0.085  tR -0.16  ent[s/d/p/e] 1.89/2.32/0.89/0.58  emits 1.34  spf 32.5  z0 0.09  garr 31.3  tG 537  e2 0.25  nF 23.0  pS 0.36  ptS 0.35  fLog 0.45  pdΔ -0.1394  pkR 19.81  clip 0.01  kl +0.001
upd  236  steps 7766016  sps 13694  opp buf  loss -0.187  pg +0.0007  v 0.002  ev +0.98  adv_std 0.061  tR +0.01  ent[s/d/p/e] 2.11/2.51/0.91/0.57  emits 1.32  spf 42.2  z0 0.13  garr 42.4  tG 1012  e2 0.26  nF 23.3  pS 0.40  ptS 0.39  fLog 0.48  pdΔ -0.1027  pkR 13.40  clip 0.02  kl +0.003
upd  237  steps 7798784  sps 13706  opp strn  loss -0.171  pg +0.0002  v 0.002  ev +0.97  adv_std 0.059  tR +0.30  ent[s/d/p/e] 1.87/2.27/0.87/0.56  emits 1.38  spf 37.1  z0 0.04  garr 40.4  tG 866  e2 0.26  nF 23.8  pS 0.36  ptS 0.37  fLog 0.45  pdΔ -0.1396  pkR 16.58  clip 0.02  kl +0.002
upd  238  steps 7831552  sps 13718  opp frzn  loss -0.166  pg +0.0006  v 0.002  ev +0.96  adv_std 0.068  tR +0.00  ent[s/d/p/e] 1.79/2.12/0.90/0.58  emits 1.41  spf 32.9  z0 0.02  garr 35.4  tG 502  e2 0.28  nF 21.8  pS 0.36  ptS 0.37  fLog 0.46  pdΔ -0.1363  pkR 21.82  clip 0.02  kl +0.002
upd  239  steps 7864320  sps 13731  opp frzn  loss -0.159  pg +0.0008  v 0.003  ev +0.94  adv_std 0.078  tR -0.26  ent[s/d/p/e] 1.66/2.05/0.88/0.58  emits 1.41  spf 29.5  z0 0.01  garr 31.3  tG 335  e2 0.27  nF 21.1  pS 0.34  ptS 0.34  fLog 0.44  pdΔ -0.1592  pkR 10.73  clip 0.01  kl +0.002
upd  240  steps 7897088  sps 13743  opp buf  loss -0.176  pg -0.0005  v 0.003  ev +0.97  adv_std 0.077  tR -0.06  ent[s/d/p/e] 1.91/2.30/0.91/0.58  emits 1.35  spf 38.6  z0 0.06  garr 38.1  tG 677  e2 0.26  nF 20.9  pS 0.38  ptS 0.38  fLog 0.47  pdΔ -0.1177  pkR 17.36  clip 0.02  kl +0.003
upd  241  steps 7929856  sps 13755  opp strn  loss -0.169  pg -0.0001  v 0.002  ev +0.96  adv_std 0.070  tR +0.40  ent[s/d/p/e] 1.81/2.27/0.84/0.56  emits 1.35  spf 38.8  z0 0.03  garr 40.7  tG 893  e2 0.24  nF 22.8  pS 0.37  ptS 0.37  fLog 0.45  pdΔ -0.1338  pkR 15.15  clip 0.02  kl +0.002
upd  242  steps 7962624  sps 13767  opp buf  loss -0.172  pg +0.0006  v 0.002  ev +0.98  adv_std 0.066  tR -0.12  ent[s/d/p/e] 1.87/2.25/0.91/0.57  emits 1.32  spf 37.6  z0 0.09  garr 37.2  tG 706  e2 0.26  nF 21.9  pS 0.36  ptS 0.35  fLog 0.46  pdΔ -0.1439  pkR 19.57  clip 0.02  kl +0.002
upd  243  steps 7995392  sps 13779  opp strn  loss -0.166  pg +0.0000  v 0.002  ev +0.97  adv_std 0.057  tR +0.02  ent[s/d/p/e] 1.72/2.24/0.82/0.57  emits 1.39  spf 32.4  z0 0.02  garr 33.9  tG 663  e2 0.26  nF 23.3  pS 0.33  ptS 0.33  fLog 0.44  pdΔ -0.1686  pkR 19.02  clip 0.02  kl +0.002
upd  244  steps 8028160  sps 13791  opp frzn  loss -0.170  pg +0.0007  v 0.002  ev +0.96  adv_std 0.067  tR +0.03  ent[s/d/p/e] 1.85/2.18/0.89/0.60  emits 1.46  spf 37.9  z0 0.01  garr 39.0  tG 536  e2 0.30  nF 22.2  pS 0.39  ptS 0.39  fLog 0.47  pdΔ -0.1111  pkR 17.34  clip 0.03  kl +0.003
upd  245  steps 8060928  sps 13810  opp rand  loss -0.155  pg +0.0001  v 0.003  ev +0.95  adv_std 0.082  tR +0.18  ent[s/d/p/e] 1.61/2.04/0.80/0.58  emits 1.43  spf 27.6  z0 0.02  garr 27.4  tG 316  e2 0.27  nF 21.7  pS 0.34  ptS 0.33  fLog 0.43  pdΔ -0.1646  pkR 12.94  clip 0.02  kl +0.003
upd  246  steps 8093696  sps 13822  opp strn  loss -0.158  pg -0.0000  v 0.002  ev +0.97  adv_std 0.063  tR -0.03  ent[s/d/p/e] 1.63/2.06/0.83/0.58  emits 1.41  spf 27.3  z0 0.02  garr 28.6  tG 327  e2 0.27  nF 21.5  pS 0.33  ptS 0.34  fLog 0.43  pdΔ -0.1684  pkR 14.08  clip 0.02  kl +0.002
upd  247  steps 8126464  sps 13833  opp frzn  loss -0.155  pg +0.0004  v 0.003  ev +0.93  adv_std 0.082  tR -0.30  ent[s/d/p/e] 1.63/2.00/0.84/0.57  emits 1.43  spf 26.4  z0 0.00  garr 27.3  tG 303  e2 0.28  nF 22.6  pS 0.34  ptS 0.34  fLog 0.43  pdΔ -0.1612  pkR 10.14  clip 0.02  kl +0.003
upd  248  steps 8159232  sps 13845  opp frzn  loss -0.163  pg +0.0003  v 0.003  ev +0.94  adv_std 0.080  tR -0.11  ent[s/d/p/e] 1.75/2.07/0.87/0.59  emits 1.46  spf 31.4  z0 0.01  garr 32.4  tG 389  e2 0.30  nF 23.0  pS 0.38  ptS 0.38  fLog 0.45  pdΔ -0.1183  pkR 9.66  clip 0.02  kl +0.002
upd  249  steps 8192000  sps 13856  opp buf  loss -0.174  pg +0.0004  v 0.004  ev +0.95  adv_std 0.089  tR -0.05  ent[s/d/p/e] 1.89/2.25/0.92/0.60  emits 1.42  spf 32.5  z0 0.09  garr 30.8  tG 490  e2 0.30  nF 22.4  pS 0.37  ptS 0.36  fLog 0.46  pdΔ -0.1307  pkR 17.73  clip 0.01  kl +0.002 WRr 0.72 WRf 0.62
[ckpt] saved ./ckpt_multi_action_v11_f42/ckpt_000249.pkl
upd  250  steps 8224768  sps 13554  opp frzn  loss -0.158  pg -0.0004  v 0.002  ev +0.96  adv_std 0.069  tR +0.07  ent[s/d/p/e] 1.64/2.07/0.83/0.55  emits 1.38  spf 27.1  z0 0.04  garr 26.2  tG 482  e2 0.26  nF 24.2  pS 0.30  ptS 0.30  fLog 0.42  pdΔ -0.2036  pkR 22.44  clip 0.02  kl +0.003
upd  251  steps 8257536  sps 13566  opp buf  loss -0.166  pg -0.0002  v 0.002  ev +0.98  adv_std 0.067  tR -0.19  ent[s/d/p/e] 1.77/2.17/0.88/0.56  emits 1.29  spf 30.5  z0 0.11  garr 26.9  tG 456  e2 0.25  nF 22.1  pS 0.32  ptS 0.31  fLog 0.44  pdΔ -0.1788  pkR 22.62  clip 0.02  kl +0.002
upd  252  steps 8290304  sps 13584  opp rand  loss -0.160  pg +0.0006  v 0.002  ev +0.97  adv_std 0.071  tR +0.01  ent[s/d/p/e] 1.68/2.18/0.79/0.56  emits 1.33  spf 29.0  z0 0.06  garr 27.9  tG 526  e2 0.24  nF 22.3  pS 0.32  ptS 0.32  fLog 0.43  pdΔ -0.1814  pkR 17.08  clip 0.02  kl +0.003
upd  253  steps 8323072  sps 13596  opp strn  loss -0.162  pg -0.0003  v 0.002  ev +0.97  adv_std 0.059  tR +0.16  ent[s/d/p/e] 1.70/2.06/0.87/0.59  emits 1.46  spf 29.8  z0 0.02  garr 29.2  tG 413  e2 0.29  nF 23.5  pS 0.35  ptS 0.36  fLog 0.44  pdΔ -0.1498  pkR 30.79  clip 0.02  kl +0.003
upd  254  steps 8355840  sps 13615  opp rand  loss -0.149  pg +0.0001  v 0.004  ev +0.95  adv_std 0.088  tR -0.04  ent[s/d/p/e] 1.54/1.95/0.80/0.55  emits 1.38  spf 27.1  z0 0.03  garr 25.4  tG 312  e2 0.25  nF 22.1  pS 0.32  ptS 0.31  fLog 0.42  pdΔ -0.1848  pkR 21.63  clip 0.03  kl +0.003
upd  255  steps 8388608  sps 13626  opp frzn  loss -0.154  pg +0.0003  v 0.002  ev +0.96  adv_std 0.067  tR -0.04  ent[s/d/p/e] 1.55/2.00/0.84/0.59  emits 1.43  spf 24.7  z0 0.02  garr 22.6  tG 239  e2 0.27  nF 24.9  pS 0.31  ptS 0.31  fLog 0.42  pdΔ -0.1901  pkR 14.37  clip 0.03  kl +0.003
upd  256  steps 8421376  sps 13638  opp buf  loss -0.170  pg +0.0006  v 0.003  ev +0.97  adv_std 0.081  tR -0.10  ent[s/d/p/e] 1.83/2.23/0.90/0.59  emits 1.39  spf 29.9  z0 0.08  garr 27.8  tG 423  e2 0.28  nF 23.5  pS 0.36  ptS 0.35  fLog 0.45  pdΔ -0.1427  pkR 31.85  clip 0.02  kl +0.002
upd  257  steps 8454144  sps 13650  opp frzn  loss -0.166  pg +0.0008  v 0.002  ev +0.97  adv_std 0.067  tR +0.30  ent[s/d/p/e] 1.78/2.24/0.85/0.56  emits 1.42  spf 33.3  z0 0.03  garr 32.7  tG 711  e2 0.26  nF 23.6  pS 0.35  ptS 0.35  fLog 0.44  pdΔ -0.1453  pkR 15.76  clip 0.01  kl +0.002
upd  258  steps 8486912  sps 13661  opp frzn  loss -0.164  pg +0.0001  v 0.002  ev +0.97  adv_std 0.059  tR -0.22  ent[s/d/p/e] 1.74/2.05/0.91/0.60  emits 1.47  spf 29.8  z0 0.02  garr 29.8  tG 342  e2 0.30  nF 22.0  pS 0.36  ptS 0.36  fLog 0.45  pdΔ -0.1439  pkR 19.95  clip 0.02  kl +0.002
upd  259  steps 8519680  sps 13673  opp buf  loss -0.179  pg +0.0005  v 0.004  ev +0.95  adv_std 0.096  tR -0.01  ent[s/d/p/e] 1.98/2.35/0.94/0.60  emits 1.42  spf 35.9  z0 0.07  garr 33.6  tG 643  e2 0.28  nF 22.6  pS 0.40  ptS 0.39  fLog 0.47  pdΔ -0.1033  pkR 15.49  clip 0.01  kl +0.002
upd  260  steps 8552448  sps 13684  opp frzn  loss -0.164  pg +0.0004  v 0.002  ev +0.97  adv_std 0.060  tR +0.20  ent[s/d/p/e] 1.73/2.17/0.87/0.55  emits 1.36  spf 30.2  z0 0.04  garr 31.2  tG 643  e2 0.24  nF 23.8  pS 0.34  ptS 0.34  fLog 0.43  pdΔ -0.1599  pkR 17.07  clip 0.03  kl +0.003
upd  261  steps 8585216  sps 13695  opp strn  loss -0.162  pg +0.0002  v 0.002  ev +0.97  adv_std 0.064  tR -0.11  ent[s/d/p/e] 1.74/2.06/0.88/0.58  emits 1.45  spf 31.0  z0 0.02  garr 30.0  tG 398  e2 0.29  nF 23.2  pS 0.36  ptS 0.37  fLog 0.44  pdΔ -0.1365  pkR 22.35  clip 0.02  kl +0.003
upd  262  steps 8617984  sps 13707  opp buf  loss -0.171  pg +0.0005  v 0.003  ev +0.96  adv_std 0.085  tR -0.04  ent[s/d/p/e] 1.86/2.26/0.90/0.58  emits 1.38  spf 33.3  z0 0.09  garr 29.7  tG 556  e2 0.27  nF 22.8  pS 0.36  ptS 0.35  fLog 0.45  pdΔ -0.1433  pkR 18.18  clip 0.01  kl +0.001
upd  263  steps 8650752  sps 13718  opp buf  loss -0.191  pg +0.0007  v 0.002  ev +0.98  adv_std 0.060  tR -0.02  ent[s/d/p/e] 2.19/2.59/0.89/0.56  emits 1.33  spf 44.6  z0 0.13  garr 43.4  tG 1109  e2 0.25  nF 23.6  pS 0.42  ptS 0.41  fLog 0.48  pdΔ -0.0842  pkR 12.36  clip 0.03  kl +0.003
upd  264  steps 8683520  sps 13729  opp strn  loss -0.166  pg +0.0004  v 0.001  ev +0.98  adv_std 0.054  tR +0.23  ent[s/d/p/e] 1.79/2.25/0.82/0.54  emits 1.36  spf 35.3  z0 0.04  garr 36.0  tG 802  e2 0.24  nF 23.7  pS 0.35  ptS 0.35  fLog 0.44  pdΔ -0.1544  pkR 16.80  clip 0.02  kl +0.002
upd  265  steps 8716288  sps 13740  opp frzn  loss -0.167  pg -0.0001  v 0.002  ev +0.96  adv_std 0.067  tR -0.21  ent[s/d/p/e] 1.80/2.13/0.88/0.58  emits 1.42  spf 35.3  z0 0.02  garr 35.0  tG 433  e2 0.28  nF 21.4  pS 0.38  ptS 0.38  fLog 0.47  pdΔ -0.1200  pkR 21.62  clip 0.03  kl +0.004
upd  266  steps 8749056  sps 13758  opp rand  loss -0.157  pg -0.0002  v 0.004  ev +0.94  adv_std 0.090  tR +0.10  ent[s/d/p/e] 1.67/2.04/0.82/0.58  emits 1.45  spf 29.2  z0 0.01  garr 27.4  tG 310  e2 0.28  nF 19.9  pS 0.35  ptS 0.35  fLog 0.45  pdΔ -0.1502  pkR 16.37  clip 0.02  kl +0.002
upd  267  steps 8781824  sps 13768  opp strn  loss -0.159  pg +0.0007  v 0.002  ev +0.96  adv_std 0.067  tR +0.38  ent[s/d/p/e] 1.68/2.03/0.88/0.56  emits 1.37  spf 31.6  z0 0.02  garr 30.9  tG 373  e2 0.25  nF 21.3  pS 0.36  ptS 0.36  fLog 0.45  pdΔ -0.1446  pkR 10.42  clip 0.01  kl +0.002
upd  268  steps 8814592  sps 13779  opp frzn  loss -0.161  pg +0.0006  v 0.004  ev +0.92  adv_std 0.090  tR -0.24  ent[s/d/p/e] 1.73/2.05/0.89/0.57  emits 1.39  spf 34.7  z0 0.01  garr 34.7  tG 403  e2 0.26  nF 20.5  pS 0.38  ptS 0.38  fLog 0.46  pdΔ -0.1217  pkR 9.64  clip 0.02  kl +0.003
upd  269  steps 8847360  sps 13790  opp buf  loss -0.174  pg +0.0006  v 0.003  ev +0.97  adv_std 0.074  tR -0.01  ent[s/d/p/e] 1.94/2.29/0.91/0.56  emits 1.34  spf 38.4  z0 0.08  garr 35.8  tG 643  e2 0.25  nF 21.8  pS 0.39  ptS 0.39  fLog 0.47  pdΔ -0.1055  pkR 27.33  clip 0.02  kl +0.003
upd  270  steps 8880128  sps 13801  opp strn  loss -0.168  pg -0.0004  v 0.002  ev +0.97  adv_std 0.062  tR +0.23  ent[s/d/p/e] 1.84/2.21/0.85/0.54  emits 1.37  spf 34.9  z0 0.03  garr 36.4  tG 793  e2 0.25  nF 22.3  pS 0.37  ptS 0.37  fLog 0.45  pdΔ -0.1308  pkR 16.23  clip 0.03  kl +0.003
upd  271  steps 8912896  sps 13811  opp buf  loss -0.172  pg +0.0006  v 0.002  ev +0.97  adv_std 0.071  tR -0.07  ent[s/d/p/e] 1.90/2.24/0.91/0.56  emits 1.32  spf 35.0  z0 0.09  garr 32.9  tG 588  e2 0.25  nF 21.6  pS 0.36  ptS 0.36  fLog 0.46  pdΔ -0.1352  pkR 19.52  clip 0.03  kl +0.002
upd  272  steps 8945664  sps 13822  opp buf  loss -0.195  pg +0.0002  v 0.002  ev +0.98  adv_std 0.065  tR +0.10  ent[s/d/p/e] 2.25/2.64/0.89/0.57  emits 1.32  spf 49.8  z0 0.12  garr 51.2  tG 1365  e2 0.25  nF 22.4  pS 0.44  ptS 0.43  fLog 0.50  pdΔ -0.0599  pkR 9.19  clip 0.02  kl +0.003
upd  273  steps 8978432  sps 13832  opp frzn  loss -0.166  pg +0.0010  v 0.001  ev +0.98  adv_std 0.055  tR +0.30  ent[s/d/p/e] 1.81/2.22/0.82/0.55  emits 1.36  spf 37.9  z0 0.04  garr 40.4  tG 949  e2 0.24  nF 22.9  pS 0.36  ptS 0.36  fLog 0.45  pdΔ -0.1428  pkR 17.28  clip 0.01  kl +0.001
upd  274  steps 9011200  sps 13843  opp buf  loss -0.174  pg +0.0000  v 0.002  ev +0.97  adv_std 0.069  tR -0.04  ent[s/d/p/e] 1.91/2.27/0.89/0.58  emits 1.33  spf 37.8  z0 0.09  garr 36.9  tG 665  e2 0.26  nF 21.8  pS 0.37  ptS 0.37  fLog 0.47  pdΔ -0.1255  pkR 31.64  clip 0.02  kl +0.003
upd  275  steps 9043968  sps 13853  opp buf  loss -0.186  pg +0.0004  v 0.002  ev +0.98  adv_std 0.066  tR +0.05  ent[s/d/p/e] 2.10/2.48/0.91/0.57  emits 1.30  spf 44.6  z0 0.13  garr 45.3  tG 1104  e2 0.25  nF 22.4  pS 0.40  ptS 0.39  fLog 0.48  pdΔ -0.1030  pkR 11.23  clip 0.03  kl +0.003
upd  276  steps 9076736  sps 13863  opp frzn  loss -0.167  pg +0.0002  v 0.002  ev +0.97  adv_std 0.061  tR +0.22  ent[s/d/p/e] 1.79/2.19/0.86/0.57  emits 1.39  spf 33.3  z0 0.05  garr 32.8  tG 711  e2 0.26  nF 24.3  pS 0.34  ptS 0.34  fLog 0.44  pdΔ -0.1630  pkR 16.75  clip 0.02  kl +0.003
upd  277  steps 9109504  sps 13880  opp rand  loss -0.157  pg +0.0006  v 0.002  ev +0.97  adv_std 0.070  tR +0.05  ent[s/d/p/e] 1.68/2.04/0.81/0.56  emits 1.37  spf 29.4  z0 0.03  garr 29.3  tG 432  e2 0.25  nF 21.1  pS 0.35  ptS 0.35  fLog 0.44  pdΔ -0.1509  pkR 24.92  clip 0.01  kl +0.002
upd  278  steps 9142272  sps 13890  opp frzn  loss -0.152  pg -0.0002  v 0.003  ev +0.96  adv_std 0.074  tR +0.11  ent[s/d/p/e] 1.55/1.95/0.84/0.56  emits 1.39  spf 25.8  z0 0.01  garr 25.3  tG 284  e2 0.25  nF 20.9  pS 0.32  ptS 0.32  fLog 0.42  pdΔ -0.1806  pkR 14.72  clip 0.01  kl +0.002
upd  279  steps 9175040  sps 13900  opp frzn  loss -0.164  pg +0.0008  v 0.003  ev +0.94  adv_std 0.078  tR -0.04  ent[s/d/p/e] 1.80/2.04/0.90/0.59  emits 1.50  spf 31.3  z0 0.01  garr 32.1  tG 370  e2 0.31  nF 21.7  pS 0.39  ptS 0.39  fLog 0.46  pdΔ -0.1101  pkR 8.78  clip 0.02  kl +0.003
upd  280  steps 9207808  sps 13911  opp buf  loss -0.180  pg -0.0003  v 0.003  ev +0.96  adv_std 0.083  tR -0.03  ent[s/d/p/e] 1.99/2.33/0.93/0.60  emits 1.44  spf 34.4  z0 0.07  garr 33.6  tG 576  e2 0.30  nF 22.7  pS 0.40  ptS 0.39  fLog 0.47  pdΔ -0.1010  pkR 15.51  clip 0.02  kl +0.002
upd  281  steps 9240576  sps 13921  opp buf  loss -0.199  pg +0.0007  v 0.002  ev +0.98  adv_std 0.071  tR +0.20  ent[s/d/p/e] 2.32/2.65/0.95/0.58  emits 1.44  spf 48.2  z0 0.10  garr 50.4  tG 1275  e2 0.29  nF 24.7  pS 0.49  ptS 0.48  fLog 0.51  pdΔ -0.0109  pkR 9.77  clip 0.02  kl +0.003
upd  282  steps 9273344  sps 13931  opp buf  loss -0.196  pg -0.0002  v 0.002  ev +0.98  adv_std 0.058  tR +0.15  ent[s/d/p/e] 2.25/2.60/0.94/0.56  emits 1.33  spf 49.0  z0 0.13  garr 49.5  tG 1288  e2 0.26  nF 22.8  pS 0.45  ptS 0.43  fLog 0.50  pdΔ -0.0535  pkR 10.33  clip 0.03  kl +0.003
upd  283  steps 9306112  sps 13940  opp strn  loss -0.172  pg +0.0008  v 0.002  ev +0.98  adv_std 0.057  tR +0.32  ent[s/d/p/e] 1.88/2.32/0.86/0.54  emits 1.32  spf 40.6  z0 0.04  garr 43.5  tG 1060  e2 0.23  nF 22.7  pS 0.37  ptS 0.38  fLog 0.46  pdΔ -0.1259  pkR 13.06  clip 0.03  kl +0.003
upd  284  steps 9338880  sps 13950  opp strn  loss -0.165  pg -0.0005  v 0.002  ev +0.96  adv_std 0.068  tR +0.13  ent[s/d/p/e] 1.78/2.12/0.88/0.57  emits 1.40  spf 32.3  z0 0.01  garr 32.1  tG 478  e2 0.26  nF 23.2  pS 0.37  ptS 0.38  fLog 0.45  pdΔ -0.1280  pkR 21.27  clip 0.02  kl +0.002
upd  285  steps 9371648  sps 13960  opp strn  loss -0.155  pg -0.0004  v 0.003  ev +0.94  adv_std 0.085  tR -0.17  ent[s/d/p/e] 1.62/2.01/0.86/0.55  emits 1.36  spf 28.8  z0 0.01  garr 28.1  tG 325  e2 0.24  nF 21.3  pS 0.34  ptS 0.35  fLog 0.43  pdΔ -0.1642  pkR 11.05  clip 0.02  kl +0.002
upd  286  steps 9404416  sps 13970  opp buf  loss -0.173  pg +0.0007  v 0.003  ev +0.96  adv_std 0.082  tR -0.01  ent[s/d/p/e] 1.85/2.26/0.94/0.59  emits 1.38  spf 32.2  z0 0.07  garr 29.6  tG 486  e2 0.27  nF 22.6  pS 0.36  ptS 0.36  fLog 0.45  pdΔ -0.1366  pkR 19.15  clip 0.01  kl +0.002
upd  287  steps 9437184  sps 13980  opp frzn  loss -0.166  pg +0.0003  v 0.002  ev +0.97  adv_std 0.069  tR +0.05  ent[s/d/p/e] 1.74/2.19/0.89/0.57  emits 1.36  spf 30.7  z0 0.05  garr 29.9  tG 587  e2 0.25  nF 23.6  pS 0.34  ptS 0.34  fLog 0.44  pdΔ -0.1609  pkR 16.63  clip 0.02  kl +0.002
upd  288  steps 9469952  sps 13996  opp rand  loss -0.159  pg +0.0003  v 0.002  ev +0.97  adv_std 0.069  tR +0.17  ent[s/d/p/e] 1.67/2.05/0.88/0.56  emits 1.37  spf 28.1  z0 0.04  garr 26.8  tG 399  e2 0.25  nF 22.1  pS 0.35  ptS 0.35  fLog 0.44  pdΔ -0.1497  pkR 24.78  clip 0.03  kl +0.002
upd  289  steps 9502720  sps 14005  opp strn  loss -0.158  pg +0.0002  v 0.003  ev +0.95  adv_std 0.072  tR +0.07  ent[s/d/p/e] 1.60/2.05/0.89/0.58  emits 1.40  spf 25.7  z0 0.01  garr 23.4  tG 254  e2 0.25  nF 22.3  pS 0.33  ptS 0.34  fLog 0.43  pdΔ -0.1663  pkR 12.82  clip 0.01  kl +0.002
upd  290  steps 9535488  sps 14015  opp frzn  loss -0.166  pg -0.0005  v 0.003  ev +0.94  adv_std 0.084  tR -0.01  ent[s/d/p/e] 1.76/2.08/0.94/0.59  emits 1.43  spf 31.6  z0 0.01  garr 29.6  tG 353  e2 0.27  nF 21.4  pS 0.39  ptS 0.40  fLog 0.46  pdΔ -0.1060  pkR 8.77  clip 0.02  kl +0.003
upd  291  steps 9568256  sps 14024  opp buf  loss -0.167  pg +0.0003  v 0.003  ev +0.97  adv_std 0.079  tR +0.09  ent[s/d/p/e] 1.78/2.16/0.93/0.56  emits 1.34  spf 31.0  z0 0.06  garr 28.6  tG 488  e2 0.25  nF 22.7  pS 0.36  ptS 0.35  fLog 0.45  pdΔ -0.1431  pkR 34.81  clip 0.02  kl +0.002
upd  292  steps 9601024  sps 14034  opp buf  loss -0.181  pg +0.0009  v 0.002  ev +0.98  adv_std 0.062  tR -0.07  ent[s/d/p/e] 2.00/2.42/0.93/0.56  emits 1.31  spf 39.4  z0 0.12  garr 35.3  tG 781  e2 0.25  nF 23.1  pS 0.37  ptS 0.36  fLog 0.47  pdΔ -0.1299  pkR 18.44  clip 0.03  kl +0.003
upd  293  steps 9633792  sps 14043  opp buf  loss -0.189  pg +0.0008  v 0.002  ev +0.98  adv_std 0.063  tR -0.09  ent[s/d/p/e] 2.13/2.53/0.94/0.57  emits 1.30  spf 45.1  z0 0.15  garr 39.8  tG 980  e2 0.25  nF 22.9  pS 0.40  ptS 0.39  fLog 0.49  pdΔ -0.1022  pkR 17.95  clip 0.02  kl +0.002
upd  294  steps 9666560  sps 14052  opp buf  loss -0.193  pg +0.0008  v 0.002  ev +0.98  adv_std 0.061  tR -0.09  ent[s/d/p/e] 2.20/2.57/0.96/0.57  emits 1.29  spf 54.1  z0 0.16  garr 47.9  tG 1239  e2 0.26  nF 22.0  pS 0.41  ptS 0.40  fLog 0.51  pdΔ -0.0890  pkR 19.92  clip 0.02  kl +0.001
upd  295  steps 9699328  sps 14062  opp strn  loss -0.168  pg +0.0004  v 0.001  ev +0.98  adv_std 0.052  tR +0.38  ent[s/d/p/e] 1.78/2.25/0.88/0.55  emits 1.35  spf 39.8  z0 0.03  garr 39.4  tG 880  e2 0.23  nF 22.9  pS 0.36  ptS 0.36  fLog 0.46  pdΔ -0.1395  pkR 14.78  clip 0.02  kl +0.002
upd  296  steps 9732096  sps 14071  opp strn  loss -0.167  pg +0.0003  v 0.002  ev +0.96  adv_std 0.065  tR -0.25  ent[s/d/p/e] 1.76/2.15/0.91/0.59  emits 1.42  spf 36.9  z0 0.02  garr 35.5  tG 500  e2 0.27  nF 20.8  pS 0.37  ptS 0.38  fLog 0.47  pdΔ -0.1272  pkR 21.53  clip 0.02  kl +0.003
upd  297  steps 9764864  sps 14080  opp frzn  loss -0.156  pg +0.0007  v 0.004  ev +0.92  adv_std 0.090  tR -0.24  ent[s/d/p/e] 1.60/2.03/0.89/0.58  emits 1.42  spf 28.0  z0 0.01  garr 26.6  tG 291  e2 0.26  nF 21.3  pS 0.34  ptS 0.34  fLog 0.44  pdΔ -0.1554  pkR 9.69  clip 0.03  kl +0.003
upd  298  steps 9797632  sps 14095  opp rand  loss -0.163  pg +0.0001  v 0.004  ev +0.95  adv_std 0.089  tR +0.29  ent[s/d/p/e] 1.73/2.11/0.87/0.57  emits 1.42  spf 29.9  z0 0.03  garr 28.4  tG 361  e2 0.27  nF 21.4  pS 0.39  ptS 0.38  fLog 0.45  pdΔ -0.1146  pkR 13.09  clip 0.02  kl +0.003
upd  299  steps 9830400  sps 14104  opp buf  loss -0.175  pg +0.0002  v 0.002  ev +0.97  adv_std 0.071  tR +0.30  ent[s/d/p/e] 1.86/2.31/0.93/0.59  emits 1.41  spf 35.2  z0 0.06  garr 32.8  tG 567  e2 0.27  nF 22.7  pS 0.38  ptS 0.37  fLog 0.46  pdΔ -0.1184  pkR 21.28  clip 0.02  kl +0.002 WRr 0.75 WRf 0.75
[ckpt] saved ./ckpt_multi_action_v11_f42/ckpt_000299.pkl
upd  300  steps 9863168  sps 13843  opp strn  loss -0.169  pg +0.0009  v 0.002  ev +0.97  adv_std 0.064  tR +0.18  ent[s/d/p/e] 1.82/2.23/0.91/0.56  emits 1.37  spf 35.1  z0 0.03  garr 35.5  tG 656  e2 0.24  nF 22.5  pS 0.36  ptS 0.37  fLog 0.46  pdΔ -0.1373  pkR 16.27  clip 0.01  kl +0.002
upd  301  steps 9895936  sps 13852  opp buf  loss -0.171  pg +0.0003  v 0.003  ev +0.97  adv_std 0.074  tR -0.11  ent[s/d/p/e] 1.84/2.25/0.91/0.57  emits 1.29  spf 34.7  z0 0.10  garr 32.3  tG 583  e2 0.23  nF 21.8  pS 0.35  ptS 0.34  fLog 0.45  pdΔ -0.1548  pkR 16.98  clip 0.01  kl +0.002
upd  302  steps 9928704  sps 13862  opp buf  loss -0.186  pg +0.0002  v 0.002  ev +0.98  adv_std 0.062  tR -0.10  ent[s/d/p/e] 2.08/2.45/0.94/0.57  emits 1.29  spf 44.8  z0 0.13  garr 44.4  tG 1093  e2 0.25  nF 22.9  pS 0.40  ptS 0.39  fLog 0.48  pdΔ -0.1018  pkR 10.96  clip 0.03  kl +0.003
upd  303  steps 9961472  sps 13871  opp frzn  loss -0.164  pg +0.0006  v 0.002  ev +0.97  adv_std 0.062  tR +0.26  ent[s/d/p/e] 1.70/2.19/0.87/0.56  emits 1.34  spf 34.4  z0 0.04  garr 35.9  tG 742  e2 0.23  nF 23.5  pS 0.34  ptS 0.34  fLog 0.44  pdΔ -0.1640  pkR 17.28  clip 0.01  kl +0.002
upd  304  steps 9994240  sps 13881  opp strn  loss -0.167  pg +0.0015  v 0.002  ev +0.96  adv_std 0.067  tR +0.01  ent[s/d/p/e] 1.81/2.10/0.95/0.59  emits 1.45  spf 34.1  z0 0.01  garr 35.0  tG 457  e2 0.29  nF 23.3  pS 0.39  ptS 0.38  fLog 0.46  pdΔ -0.1142  pkR 23.10  clip 0.02  kl +0.002
upd  305  steps 10027008  sps 13896  opp rand  loss -0.157  pg +0.0001  v 0.004  ev +0.94  adv_std 0.086  tR +0.21  ent[s/d/p/e] 1.66/2.00/0.86/0.57  emits 1.42  spf 27.2  z0 0.02  garr 27.3  tG 323  e2 0.27  nF 21.6  pS 0.35  ptS 0.35  fLog 0.44  pdΔ -0.1502  pkR 18.10  clip 0.02  kl +0.002
upd  306  steps 10059776  sps 13905  opp buf  loss -0.178  pg +0.0006  v 0.002  ev +0.98  adv_std 0.070  tR +0.15  ent[s/d/p/e] 1.97/2.30/0.93/0.59  emits 1.40  spf 36.8  z0 0.08  garr 36.9  tG 725  e2 0.28  nF 22.3  pS 0.40  ptS 0.39  fLog 0.46  pdΔ -0.1011  pkR 18.71  clip 0.01  kl +0.002
upd  307  steps 10092544  sps 13914  opp buf  loss -0.188  pg +0.0002  v 0.002  ev +0.98  adv_std 0.062  tR -0.01  ent[s/d/p/e] 2.10/2.53/0.90/0.57  emits 1.27  spf 45.2  z0 0.15  garr 46.1  tG 1136  e2 0.24  nF 22.2  pS 0.39  ptS 0.38  fLog 0.48  pdΔ -0.1084  pkR 12.95  clip 0.02  kl +0.002
upd  308  steps 10125312  sps 13923  opp frzn  loss -0.170  pg +0.0004  v 0.001  ev +0.98  adv_std 0.056  tR +0.33  ent[s/d/p/e] 1.84/2.24/0.88/0.57  emits 1.39  spf 33.6  z0 0.04  garr 36.4  tG 746  e2 0.26  nF 23.7  pS 0.36  ptS 0.36  fLog 0.44  pdΔ -0.1411  pkR 13.73  clip 0.02  kl +0.002
upd  309  steps 10158080  sps 13932  opp frzn  loss -0.164  pg +0.0007  v 0.002  ev +0.96  adv_std 0.072  tR -0.21  ent[s/d/p/e] 1.76/2.06/0.92/0.58  emits 1.41  spf 32.6  z0 0.02  garr 34.1  tG 446  e2 0.27  nF 22.4  pS 0.35  ptS 0.36  fLog 0.45  pdΔ -0.1476  pkR 19.73  clip 0.02  kl +0.003
upd  310  steps 10190848  sps 13941  opp buf  loss -0.175  pg +0.0000  v 0.003  ev +0.97  adv_std 0.082  tR +0.08  ent[s/d/p/e] 1.92/2.30/0.93/0.56  emits 1.31  spf 35.0  z0 0.07  garr 37.0  tG 635  e2 0.25  nF 21.3  pS 0.39  ptS 0.38  fLog 0.46  pdΔ -0.1113  pkR 28.47  clip 0.03  kl +0.002
upd  311  steps 10223616  sps 13950  opp buf  loss -0.188  pg +0.0001  v 0.002  ev +0.98  adv_std 0.068  tR +0.13  ent[s/d/p/e] 2.13/2.52/0.91/0.55  emits 1.25  spf 46.3  z0 0.12  garr 46.2  tG 1158  e2 0.23  nF 21.9  pS 0.41  ptS 0.40  fLog 0.49  pdΔ -0.0899  pkR 10.49  clip 0.03  kl +0.003
upd  312  steps 10256384  sps 13959  opp frzn  loss -0.174  pg +0.0002  v 0.002  ev +0.97  adv_std 0.058  tR +0.25  ent[s/d/p/e] 1.88/2.31/0.88/0.56  emits 1.32  spf 39.6  z0 0.05  garr 41.3  tG 920  e2 0.24  nF 22.4  pS 0.38  ptS 0.38  fLog 0.46  pdΔ -0.1215  pkR 13.34  clip 0.02  kl +0.002
upd  313  steps 10289152  sps 13968  opp buf  loss -0.173  pg +0.0003  v 0.002  ev +0.98  adv_std 0.069  tR +0.16  ent[s/d/p/e] 1.91/2.26/0.92/0.55  emits 1.28  spf 36.6  z0 0.08  garr 37.6  tG 661  e2 0.23  nF 21.7  pS 0.38  ptS 0.38  fLog 0.46  pdΔ -0.1163  pkR 17.90  clip 0.02  kl +0.003
upd  314  steps 10321920  sps 13977  opp buf  loss -0.185  pg +0.0002  v 0.002  ev +0.98  adv_std 0.066  tR +0.06  ent[s/d/p/e] 2.11/2.44/0.91/0.55  emits 1.29  spf 43.8  z0 0.12  garr 45.6  tG 1104  e2 0.24  nF 22.4  pS 0.40  ptS 0.39  fLog 0.48  pdΔ -0.0987  pkR 15.69  clip 0.02  kl +0.002
upd  315  steps 10354688  sps 13986  opp frzn  loss -0.167  pg +0.0004  v 0.002  ev +0.98  adv_std 0.058  tR +0.28  ent[s/d/p/e] 1.82/2.19/0.86/0.54  emits 1.31  spf 38.9  z0 0.05  garr 42.4  tG 957  e2 0.23  nF 21.8  pS 0.36  ptS 0.36  fLog 0.46  pdΔ -0.1357  pkR 24.69  clip 0.02  kl +0.002
upd  316  steps 10387456  sps 13995  opp buf  loss -0.171  pg +0.0004  v 0.002  ev +0.98  adv_std 0.064  tR -0.03  ent[s/d/p/e] 1.84/2.22/0.92/0.57  emits 1.29  spf 35.2  z0 0.09  garr 34.9  tG 580  e2 0.24  nF 21.6  pS 0.37  ptS 0.36  fLog 0.46  pdΔ -0.1329  pkR 29.96  clip 0.01  kl +0.002
upd  317  steps 10420224  sps 14003  opp strn  loss -0.168  pg -0.0000  v 0.002  ev +0.97  adv_std 0.068  tR +0.23  ent[s/d/p/e] 1.81/2.19/0.88/0.56  emits 1.36  spf 36.2  z0 0.03  garr 39.1  tG 775  e2 0.24  nF 21.9  pS 0.38  ptS 0.38  fLog 0.46  pdΔ -0.1187  pkR 13.86  clip 0.03  kl +0.003
upd  318  steps 10452992  sps 14012  opp frzn  loss -0.164  pg +0.0005  v 0.002  ev +0.95  adv_std 0.069  tR +0.21  ent[s/d/p/e] 1.79/2.05/0.93/0.57  emits 1.40  spf 36.4  z0 0.01  garr 37.8  tG 549  e2 0.27  nF 21.9  pS 0.38  ptS 0.39  fLog 0.46  pdΔ -0.1190  pkR 23.46  clip 0.02  kl +0.003
upd  319  steps 10485760  sps 14026  opp rand  loss -0.150  pg +0.0003  v 0.005  ev +0.93  adv_std 0.099  tR +0.03  ent[s/d/p/e] 1.58/1.97/0.83/0.53  emits 1.31  spf 28.6  z0 0.01  garr 28.7  tG 334  e2 0.22  nF 20.3  pS 0.34  ptS 0.34  fLog 0.43  pdΔ -0.1601  pkR 9.86  clip 0.02  kl +0.003
upd  320  steps 10518528  sps 14035  opp frzn  loss -0.159  pg +0.0000  v 0.002  ev +0.96  adv_std 0.062  tR +0.32  ent[s/d/p/e] 1.67/2.03/0.90/0.56  emits 1.34  spf 32.4  z0 0.01  garr 33.3  tG 397  e2 0.24  nF 21.9  pS 0.37  ptS 0.36  fLog 0.44  pdΔ -0.1335  pkR 8.92  clip 0.02  kl +0.003
upd  321  steps 10551296  sps 14044  opp buf  loss -0.171  pg +0.0003  v 0.003  ev +0.97  adv_std 0.078  tR -0.05  ent[s/d/p/e] 1.85/2.27/0.89/0.56  emits 1.28  spf 38.1  z0 0.08  garr 38.6  tG 674  e2 0.24  nF 22.1  pS 0.37  ptS 0.36  fLog 0.46  pdΔ -0.1315  pkR 33.57  clip 0.01  kl +0.002
upd  322  steps 10584064  sps 14052  opp frzn  loss -0.165  pg +0.0006  v 0.002  ev +0.97  adv_std 0.063  tR +0.14  ent[s/d/p/e] 1.76/2.18/0.88/0.55  emits 1.32  spf 33.5  z0 0.04  garr 35.3  tG 699  e2 0.24  nF 22.2  pS 0.34  ptS 0.34  fLog 0.44  pdΔ -0.1595  pkR 16.27  clip 0.02  kl +0.003
upd  323  steps 10616832  sps 14061  opp frzn  loss -0.167  pg +0.0000  v 0.002  ev +0.97  adv_std 0.059  tR +0.02  ent[s/d/p/e] 1.81/2.08/0.93/0.57  emits 1.41  spf 34.1  z0 0.01  garr 36.7  tG 519  e2 0.28  nF 21.6  pS 0.39  ptS 0.40  fLog 0.46  pdΔ -0.1064  pkR 20.87  clip 0.02  kl +0.004
upd  324  steps 10649600  sps 14075  opp rand  loss -0.152  pg +0.0006  v 0.003  ev +0.95  adv_std 0.084  tR +0.22  ent[s/d/p/e] 1.59/1.97/0.84/0.55  emits 1.34  spf 27.0  z0 0.02  garr 27.6  tG 322  e2 0.24  nF 20.7  pS 0.34  ptS 0.34  fLog 0.43  pdΔ -0.1579  pkR 15.75  clip 0.01  kl +0.002
upd  325  steps 10682368  sps 14083  opp buf  loss -0.178  pg +0.0009  v 0.003  ev +0.97  adv_std 0.078  tR +0.20  ent[s/d/p/e] 1.96/2.31/0.94/0.58  emits 1.34  spf 39.6  z0 0.08  garr 39.1  tG 698  e2 0.27  nF 21.0  pS 0.41  ptS 0.40  fLog 0.48  pdΔ -0.0940  pkR 16.10  clip 0.02  kl +0.003
upd  326  steps 10715136  sps 14097  opp rand  loss -0.166  pg +0.0006  v 0.002  ev +0.98  adv_std 0.068  tR +0.33  ent[s/d/p/e] 1.76/2.26/0.83/0.56  emits 1.31  spf 38.8  z0 0.06  garr 39.8  tG 872  e2 0.23  nF 21.7  pS 0.36  ptS 0.36  fLog 0.45  pdΔ -0.1361  pkR 16.11  clip 0.02  kl +0.002
upd  327  steps 10747904  sps 14105  opp strn  loss -0.164  pg +0.0004  v 0.002  ev +0.97  adv_std 0.065  tR +0.33  ent[s/d/p/e] 1.70/2.13/0.89/0.59  emits 1.41  spf 32.6  z0 0.01  garr 33.1  tG 462  e2 0.27  nF 21.7  pS 0.37  ptS 0.37  fLog 0.45  pdΔ -0.1268  pkR 22.83  clip 0.02  kl +0.002
upd  328  steps 10780672  sps 14113  opp buf  loss -0.174  pg +0.0009  v 0.003  ev +0.97  adv_std 0.081  tR +0.11  ent[s/d/p/e] 1.91/2.25/0.95/0.58  emits 1.34  spf 35.4  z0 0.07  garr 34.5  tG 611  e2 0.26  nF 21.7  pS 0.40  ptS 0.39  fLog 0.47  pdΔ -0.1019  pkR 22.88  clip 0.01  kl +0.003
upd  329  steps 10813440  sps 14127  opp rand  loss -0.166  pg +0.0001  v 0.002  ev +0.97  adv_std 0.071  tR +0.17  ent[s/d/p/e] 1.78/2.23/0.83/0.55  emits 1.31  spf 36.3  z0 0.06  garr 36.1  tG 757  e2 0.23  nF 21.7  pS 0.35  ptS 0.35  fLog 0.45  pdΔ -0.1494  pkR 20.88  clip 0.02  kl +0.002
upd  330  steps 10846208  sps 14135  opp frzn  loss -0.153  pg +0.0003  v 0.002  ev +0.97  adv_std 0.063  tR +0.19  ent[s/d/p/e] 1.54/1.99/0.85/0.56  emits 1.36  spf 27.2  z0 0.02  garr 28.0  tG 366  e2 0.25  nF 22.3  pS 0.32  ptS 0.32  fLog 0.42  pdΔ -0.1845  pkR 21.30  clip 0.02  kl +0.003
upd  331  steps 10878976  sps 14143  opp buf  loss -0.170  pg +0.0006  v 0.003  ev +0.97  adv_std 0.076  tR -0.09  ent[s/d/p/e] 1.86/2.20/0.92/0.57  emits 1.32  spf 33.6  z0 0.08  garr 31.6  tG 552  e2 0.25  nF 21.2  pS 0.36  ptS 0.35  fLog 0.46  pdΔ -0.1414  pkR 17.10  clip 0.02  kl +0.002
upd  332  steps 10911744  sps 14151  opp frzn  loss -0.163  pg -0.0003  v 0.002  ev +0.98  adv_std 0.058  tR +0.23  ent[s/d/p/e] 1.72/2.11/0.89/0.55  emits 1.32  spf 31.0  z0 0.05  garr 30.9  tG 572  e2 0.24  nF 22.6  pS 0.33  ptS 0.33  fLog 0.44  pdΔ -0.1731  pkR 18.97  clip 0.01  kl +0.002
upd  333  steps 10944512  sps 14160  opp strn  loss -0.167  pg +0.0001  v 0.002  ev +0.95  adv_std 0.070  tR -0.13  ent[s/d/p/e] 1.82/2.07/0.93/0.59  emits 1.42  spf 35.5  z0 0.01  garr 36.3  tG 466  e2 0.29  nF 20.8  pS 0.39  ptS 0.39  fLog 0.48  pdΔ -0.1128  pkR 15.31  clip 0.02  kl +0.002
upd  334  steps 10977280  sps 14168  opp strn  loss -0.161  pg +0.0002  v 0.004  ev +0.93  adv_std 0.088  tR -0.13  ent[s/d/p/e] 1.71/2.08/0.90/0.57  emits 1.37  spf 37.1  z0 0.00  garr 36.6  tG 431  e2 0.26  nF 19.7  pS 0.39  ptS 0.39  fLog 0.47  pdΔ -0.1089  pkR 14.51  clip 0.01  kl +0.001
upd  335  steps 11010048  sps 14176  opp buf  loss -0.171  pg -0.0001  v 0.002  ev +0.97  adv_std 0.072  tR +0.08  ent[s/d/p/e] 1.84/2.23/0.92/0.57  emits 1.31  spf 35.8  z0 0.06  garr 33.2  tG 563  e2 0.25  nF 21.3  pS 0.39  ptS 0.38  fLog 0.47  pdΔ -0.1094  pkR 15.20  clip 0.01  kl +0.002
upd  336  steps 11042816  sps 14189  opp rand  loss -0.156  pg +0.0009  v 0.002  ev +0.97  adv_std 0.071  tR +0.09  ent[s/d/p/e] 1.60/2.19/0.77/0.52  emits 1.21  spf 34.9  z0 0.06  garr 32.7  tG 714  e2 0.19  nF 21.3  pS 0.32  ptS 0.32  fLog 0.43  pdΔ -0.1782  pkR 17.79  clip 0.01  kl +0.001
upd  337  steps 11075584  sps 14197  opp frzn  loss -0.159  pg -0.0003  v 0.002  ev +0.97  adv_std 0.063  tR +0.34  ent[s/d/p/e] 1.68/2.03/0.90/0.54  emits 1.32  spf 33.4  z0 0.02  garr 32.6  tG 486  e2 0.24  nF 20.9  pS 0.36  ptS 0.36  fLog 0.45  pdΔ -0.1398  pkR 22.80  clip 0.02  kl +0.003
upd  338  steps 11108352  sps 14210  opp rand  loss -0.156  pg +0.0004  v 0.004  ev +0.94  adv_std 0.091  tR +0.18  ent[s/d/p/e] 1.65/2.04/0.85/0.56  emits 1.30  spf 30.4  z0 0.03  garr 29.6  tG 358  e2 0.23  nF 19.3  pS 0.36  ptS 0.36  fLog 0.45  pdΔ -0.1356  pkR 13.64  clip 0.02  kl +0.002
upd  339  steps 11141120  sps 14223  opp rand  loss -0.154  pg +0.0002  v 0.002  ev +0.96  adv_std 0.071  tR +0.46  ent[s/d/p/e] 1.58/2.03/0.84/0.55  emits 1.33  spf 28.7  z0 0.02  garr 28.4  tG 346  e2 0.24  nF 20.3  pS 0.35  ptS 0.34  fLog 0.44  pdΔ -0.1512  pkR 13.06  clip 0.01  kl +0.002
upd  340  steps 11173888  sps 14231  opp frzn  loss -0.154  pg -0.0000  v 0.003  ev +0.95  adv_std 0.082  tR +0.19  ent[s/d/p/e] 1.57/2.03/0.86/0.55  emits 1.31  spf 30.8  z0 0.02  garr 29.6  tG 362  e2 0.23  nF 21.9  pS 0.34  ptS 0.34  fLog 0.43  pdΔ -0.1594  pkR 11.26  clip 0.01  kl +0.001
upd  341  steps 11206656  sps 14239  opp strn  loss -0.162  pg +0.0006  v 0.003  ev +0.94  adv_std 0.076  tR -0.04  ent[s/d/p/e] 1.72/2.07/0.89/0.58  emits 1.36  spf 33.3  z0 0.01  garr 33.6  tG 393  e2 0.25  nF 20.6  pS 0.38  ptS 0.38  fLog 0.46  pdΔ -0.1219  pkR 7.44  clip 0.02  kl +0.003
upd  342  steps 11239424  sps 14247  opp buf  loss -0.174  pg +0.0005  v 0.003  ev +0.96  adv_std 0.084  tR +0.17  ent[s/d/p/e] 1.93/2.25/0.96/0.56  emits 1.31  spf 39.0  z0 0.07  garr 36.9  tG 653  e2 0.25  nF 20.8  pS 0.41  ptS 0.39  fLog 0.48  pdΔ -0.0912  pkR 15.97  clip 0.03  kl +0.003
upd  343  steps 11272192  sps 14254  opp strn  loss -0.167  pg +0.0005  v 0.002  ev +0.97  adv_std 0.061  tR +0.32  ent[s/d/p/e] 1.80/2.21/0.88/0.53  emits 1.30  spf 37.1  z0 0.03  garr 37.8  tG 800  e2 0.22  nF 21.9  pS 0.37  ptS 0.37  fLog 0.45  pdΔ -0.1305  pkR 13.30  clip 0.01  kl +0.002
upd  344  steps 11304960  sps 14262  opp strn  loss -0.161  pg +0.0009  v 0.002  ev +0.96  adv_std 0.067  tR +0.13  ent[s/d/p/e] 1.72/2.10/0.88/0.56  emits 1.33  spf 35.0  z0 0.02  garr 36.0  tG 484  e2 0.24  nF 20.6  pS 0.38  ptS 0.37  fLog 0.46  pdΔ -0.1236  pkR 21.72  clip 0.01  kl +0.003
upd  345  steps 11337728  sps 14270  opp frzn  loss -0.158  pg +0.0004  v 0.003  ev +0.94  adv_std 0.083  tR -0.26  ent[s/d/p/e] 1.66/2.03/0.89/0.57  emits 1.35  spf 32.0  z0 0.01  garr 33.5  tG 366  e2 0.25  nF 20.1  pS 0.36  ptS 0.36  fLog 0.45  pdΔ -0.1414  pkR 8.09  clip 0.02  kl +0.003
upd  346  steps 11370496  sps 14277  opp buf  loss -0.175  pg +0.0000  v 0.003  ev +0.97  adv_std 0.077  tR +0.08  ent[s/d/p/e] 1.93/2.27/0.93/0.56  emits 1.30  spf 37.8  z0 0.08  garr 38.9  tG 667  e2 0.25  nF 21.1  pS 0.39  ptS 0.39  fLog 0.47  pdΔ -0.1052  pkR 26.29  clip 0.03  kl +0.002
upd  347  steps 11403264  sps 14285  opp buf  loss -0.191  pg +0.0001  v 0.002  ev +0.99  adv_std 0.057  tR -0.10  ent[s/d/p/e] 2.18/2.53/0.92/0.57  emits 1.23  spf 44.5  z0 0.14  garr 43.4  tG 1042  e2 0.24  nF 22.3  pS 0.40  ptS 0.39  fLog 0.49  pdΔ -0.0958  pkR 10.31  clip 0.02  kl +0.003
upd  348  steps 11436032  sps 14292  opp strn  loss -0.173  pg +0.0004  v 0.002  ev +0.98  adv_std 0.058  tR +0.39  ent[s/d/p/e] 1.91/2.29/0.86/0.55  emits 1.33  spf 38.6  z0 0.05  garr 42.0  tG 958  e2 0.25  nF 23.2  pS 0.39  ptS 0.39  fLog 0.46  pdΔ -0.1132  pkR 11.83  clip 0.02  kl +0.002
upd  349  steps 11468800  sps 14299  opp frzn  loss -0.168  pg +0.0004  v 0.002  ev +0.96  adv_std 0.064  tR -0.09  ent[s/d/p/e] 1.85/2.13/0.90/0.58  emits 1.41  spf 35.2  z0 0.01  garr 39.1  tG 532  e2 0.28  nF 21.7  pS 0.40  ptS 0.40  fLog 0.47  pdΔ -0.1025  pkR 17.26  clip 0.02  kl +0.002 WRr 0.69 WRf 0.56
[ckpt] saved ./ckpt_multi_action_v11_f42/ckpt_000349.pkl
upd  350  steps 11501568  sps 14079  opp strn  loss -0.157  pg +0.0001  v 0.003  ev +0.93  adv_std 0.084  tR -0.20  ent[s/d/p/e] 1.67/2.00/0.87/0.56  emits 1.37  spf 30.9  z0 0.00  garr 33.8  tG 383  e2 0.26  nF 21.3  pS 0.36  ptS 0.37  fLog 0.45  pdΔ -0.1352  pkR 9.10  clip 0.02  kl +0.002
upd  351  steps 11534336  sps 14087  opp buf  loss -0.169  pg +0.0010  v 0.003  ev +0.97  adv_std 0.078  tR +0.19  ent[s/d/p/e] 1.84/2.19/0.93/0.56  emits 1.29  spf 35.3  z0 0.07  garr 36.9  tG 558  e2 0.25  nF 21.2  pS 0.38  ptS 0.37  fLog 0.46  pdΔ -0.1227  pkR 19.54  clip 0.02  kl +0.002
upd  352  steps 11567104  sps 14095  opp strn  loss -0.162  pg -0.0001  v 0.002  ev +0.97  adv_std 0.066  tR +0.18  ent[s/d/p/e] 1.73/2.09/0.89/0.54  emits 1.33  spf 32.3  z0 0.03  garr 35.1  tG 663  e2 0.25  nF 23.8  pS 0.34  ptS 0.34  fLog 0.44  pdΔ -0.1637  pkR 16.22  clip 0.01  kl +0.002
upd  353  steps 11599872  sps 14103  opp frzn  loss -0.163  pg +0.0004  v 0.002  ev +0.97  adv_std 0.062  tR -0.10  ent[s/d/p/e] 1.78/2.06/0.89/0.55  emits 1.33  spf 34.7  z0 0.01  garr 39.9  tG 589  e2 0.24  nF 21.5  pS 0.38  ptS 0.39  fLog 0.45  pdΔ -0.1163  pkR 17.50  clip 0.02  kl +0.003
upd  354  steps 11632640  sps 14110  opp strn  loss -0.158  pg +0.0003  v 0.003  ev +0.95  adv_std 0.076  tR -0.07  ent[s/d/p/e] 1.65/2.03/0.89/0.56  emits 1.33  spf 32.1  z0 0.01  garr 35.5  tG 404  e2 0.24  nF 20.6  pS 0.36  ptS 0.35  fLog 0.45  pdΔ -0.1394  pkR 9.96  clip 0.02  kl +0.002
upd  355  steps 11665408  sps 14118  opp buf  loss -0.174  pg +0.0003  v 0.003  ev +0.97  adv_std 0.075  tR -0.10  ent[s/d/p/e] 1.90/2.26/0.95/0.57  emits 1.28  spf 34.9  z0 0.08  garr 36.5  tG 549  e2 0.25  nF 20.3  pS 0.40  ptS 0.38  fLog 0.47  pdΔ -0.1046  pkR 14.61  clip 0.01  kl +0.002
upd  356  steps 11698176  sps 14126  opp strn  loss -0.168  pg +0.0006  v 0.002  ev +0.97  adv_std 0.064  tR +0.20  ent[s/d/p/e] 1.84/2.23/0.87/0.55  emits 1.31  spf 40.7  z0 0.03  garr 42.7  tG 887  e2 0.23  nF 21.4  pS 0.38  ptS 0.38  fLog 0.46  pdΔ -0.1178  pkR 10.82  clip 0.01  kl +0.002
upd  357  steps 11730944  sps 14133  opp buf  loss -0.166  pg +0.0006  v 0.002  ev +0.98  adv_std 0.070  tR -0.16  ent[s/d/p/e] 1.77/2.21/0.88/0.54  emits 1.19  spf 35.6  z0 0.11  garr 34.5  tG 594  e2 0.21  nF 19.8  pS 0.34  ptS 0.33  fLog 0.45  pdΔ -0.1642  pkR 18.59  clip 0.01  kl +0.002
upd  358  steps 11763712  sps 14146  opp rand  loss -0.167  pg +0.0001  v 0.002  ev +0.97  adv_std 0.070  tR +0.20  ent[s/d/p/e] 1.77/2.30/0.82/0.53  emits 1.25  spf 38.0  z0 0.06  garr 39.6  tG 843  e2 0.21  nF 20.4  pS 0.36  ptS 0.36  fLog 0.46  pdΔ -0.1369  pkR 12.44  clip 0.01  kl +0.003
upd  359  steps 11796480  sps 14153  opp buf  loss -0.168  pg +0.0004  v 0.002  ev +0.98  adv_std 0.065  tR +0.17  ent[s/d/p/e] 1.80/2.20/0.92/0.54  emits 1.22  spf 39.0  z0 0.10  garr 38.4  tG 765  e2 0.22  nF 20.1  pS 0.36  ptS 0.35  fLog 0.46  pdΔ -0.1406  pkR 28.46  clip 0.01  kl +0.002
upd  360  steps 11829248  sps 14161  opp frzn  loss -0.161  pg +0.0005  v 0.002  ev +0.97  adv_std 0.064  tR +0.03  ent[s/d/p/e] 1.70/2.14/0.87/0.53  emits 1.27  spf 34.7  z0 0.05  garr 35.6  tG 710  e2 0.22  nF 21.4  pS 0.34  ptS 0.34  fLog 0.44  pdΔ -0.1618  pkR 15.33  clip 0.02  kl +0.002
upd  361  steps 11862016  sps 14168  opp buf  loss -0.176  pg +0.0006  v 0.003  ev +0.97  adv_std 0.073  tR +0.04  ent[s/d/p/e] 1.95/2.29/0.96/0.56  emits 1.29  spf 38.1  z0 0.07  garr 39.5  tG 699  e2 0.25  nF 20.6  pS 0.40  ptS 0.39  fLog 0.48  pdΔ -0.1017  pkR 15.36  clip 0.02  kl +0.002
upd  362  steps 11894784  sps 14176  opp buf  loss -0.193  pg +0.0002  v 0.002  ev +0.98  adv_std 0.068  tR +0.01  ent[s/d/p/e] 2.19/2.58/0.96/0.56  emits 1.24  spf 50.3  z0 0.11  garr 49.9  tG 1229  e2 0.24  nF 21.6  pS 0.44  ptS 0.43  fLog 0.50  pdΔ -0.0601  pkR 10.07  clip 0.02  kl +0.002
upd  363  steps 11927552  sps 14183  opp buf  loss -0.195  pg +0.0006  v 0.001  ev +0.99  adv_std 0.055  tR +0.20  ent[s/d/p/e] 2.26/2.61/0.95/0.55  emits 1.26  spf 53.7  z0 0.12  garr 55.5  tG 1455  e2 0.24  nF 22.6  pS 0.46  ptS 0.45  fLog 0.51  pdΔ -0.0367  pkR 8.97  clip 0.02  kl +0.002
upd  364  steps 11960320  sps 14190  opp frzn  loss -0.156  pg +0.0005  v 0.002  ev +0.97  adv_std 0.060  tR +0.31  ent[s/d/p/e] 1.63/2.14/0.82/0.50  emits 1.24  spf 32.6  z0 0.05  garr 35.3  tG 791  e2 0.20  nF 22.9  pS 0.31  ptS 0.32  fLog 0.42  pdΔ -0.1883  pkR 18.87  clip 0.02  kl +0.003
upd  365  steps 11993088  sps 14203  opp rand  loss -0.155  pg +0.0009  v 0.003  ev +0.96  adv_std 0.079  tR -0.05  ent[s/d/p/e] 1.66/2.05/0.82/0.54  emits 1.31  spf 26.7  z0 0.03  garr 28.5  tG 378  e2 0.23  nF 21.3  pS 0.34  ptS 0.35  fLog 0.43  pdΔ -0.1560  pkR 16.31  clip 0.02  kl +0.002
upd  366  steps 12025856  sps 14210  opp frzn  loss -0.154  pg +0.0006  v 0.002  ev +0.96  adv_std 0.068  tR +0.24  ent[s/d/p/e] 1.61/1.99/0.84/0.56  emits 1.38  spf 26.4  z0 0.00  garr 27.6  tG 320  e2 0.26  nF 22.1  pS 0.34  ptS 0.34  fLog 0.42  pdΔ -0.1627  pkR 13.91  clip 0.01  kl +0.001
upd  367  steps 12058624  sps 14217  opp frzn  loss -0.159  pg +0.0001  v 0.003  ev +0.95  adv_std 0.074  tR -0.27  ent[s/d/p/e] 1.72/1.98/0.89/0.56  emits 1.37  spf 32.8  z0 0.01  garr 35.2  tG 424  e2 0.26  nF 20.8  pS 0.38  ptS 0.38  fLog 0.45  pdΔ -0.1213  pkR 7.95  clip 0.02  kl +0.002
upd  368  steps 12091392  sps 14224  opp frzn  loss -0.155  pg +0.0002  v 0.003  ev +0.95  adv_std 0.077  tR +0.01  ent[s/d/p/e] 1.60/1.99/0.86/0.57  emits 1.40  spf 27.7  z0 0.01  garr 30.0  tG 333  e2 0.27  nF 21.6  pS 0.34  ptS 0.34  fLog 0.43  pdΔ -0.1619  pkR 9.62  clip 0.02  kl +0.003
upd  369  steps 12124160  sps 14232  opp strn  loss -0.160  pg +0.0003  v 0.002  ev +0.96  adv_std 0.066  tR -0.15  ent[s/d/p/e] 1.71/2.04/0.88/0.57  emits 1.37  spf 32.6  z0 0.01  garr 34.7  tG 408  e2 0.26  nF 20.5  pS 0.38  ptS 0.38  fLog 0.45  pdΔ -0.1238  pkR 9.41  clip 0.02  kl +0.002
upd  370  steps 12156928  sps 14239  opp buf  loss -0.170  pg +0.0005  v 0.003  ev +0.97  adv_std 0.080  tR +0.15  ent[s/d/p/e] 1.82/2.23/0.89/0.58  emits 1.33  spf 31.1  z0 0.07  garr 30.7  tG 514  e2 0.26  nF 22.5  pS 0.37  ptS 0.36  fLog 0.45  pdΔ -0.1278  pkR 20.08  clip 0.02  kl +0.002
upd  371  steps 12189696  sps 14246  opp frzn  loss -0.156  pg +0.0003  v 0.002  ev +0.97  adv_std 0.062  tR +0.06  ent[s/d/p/e] 1.65/2.03/0.86/0.53  emits 1.31  spf 29.0  z0 0.05  garr 29.1  tG 578  e2 0.24  nF 23.5  pS 0.31  ptS 0.31  fLog 0.42  pdΔ -0.1910  pkR 19.71  clip 0.03  kl +0.003
upd  372  steps 12222464  sps 14253  opp buf  loss -0.166  pg +0.0002  v 0.002  ev +0.97  adv_std 0.069  tR -0.18  ent[s/d/p/e] 1.77/2.17/0.90/0.55  emits 1.25  spf 31.9  z0 0.10  garr 30.7  tG 568  e2 0.24  nF 22.4  pS 0.33  ptS 0.33  fLog 0.44  pdΔ -0.1690  pkR 21.26  clip 0.02  kl +0.002
upd  373  steps 12255232  sps 14260  opp frzn  loss -0.159  pg +0.0002  v 0.002  ev +0.97  adv_std 0.065  tR +0.15  ent[s/d/p/e] 1.69/2.10/0.85/0.54  emits 1.31  spf 33.3  z0 0.04  garr 36.3  tG 731  e2 0.23  nF 21.4  pS 0.34  ptS 0.34  fLog 0.44  pdΔ -0.1598  pkR 18.56  clip 0.02  kl +0.002
upd  374  steps 12288000  sps 14267  opp buf  loss -0.168  pg +0.0007  v 0.002  ev +0.98  adv_std 0.067  tR -0.03  ent[s/d/p/e] 1.81/2.23/0.90/0.55  emits 1.25  spf 34.4  z0 0.09  garr 35.0  tG 598  e2 0.23  nF 21.0  pS 0.36  ptS 0.36  fLog 0.46  pdΔ -0.1398  pkR 28.85  clip 0.01  kl +0.001
upd  375  steps 12320768  sps 14279  opp rand  loss -0.157  pg -0.0001  v 0.003  ev +0.97  adv_std 0.075  tR +0.19  ent[s/d/p/e] 1.63/2.17/0.77/0.52  emits 1.24  spf 34.3  z0 0.06  garr 36.1  tG 725  e2 0.20  nF 20.5  pS 0.34  ptS 0.33  fLog 0.43  pdΔ -0.1648  pkR 14.81  clip 0.02  kl +0.001
upd  376  steps 12353536  sps 14286  opp strn  loss -0.155  pg +0.0006  v 0.002  ev +0.97  adv_std 0.060  tR +0.38  ent[s/d/p/e] 1.58/2.03/0.86/0.55  emits 1.31  spf 28.5  z0 0.02  garr 30.1  tG 389  e2 0.23  nF 21.2  pS 0.33  ptS 0.33  fLog 0.43  pdΔ -0.1700  pkR 25.07  clip 0.01  kl +0.002
upd  377  steps 12386304  sps 14293  opp strn  loss -0.156  pg +0.0001  v 0.003  ev +0.95  adv_std 0.077  tR -0.23  ent[s/d/p/e] 1.66/1.98/0.88/0.55  emits 1.34  spf 31.0  z0 0.01  garr 33.3  tG 375  e2 0.24  nF 20.7  pS 0.36  ptS 0.36  fLog 0.45  pdΔ -0.1428  pkR 9.52  clip 0.01  kl +0.001
upd  378  steps 12419072  sps 14300  opp buf  loss -0.168  pg -0.0002  v 0.003  ev +0.97  adv_std 0.076  tR +0.02  ent[s/d/p/e] 1.81/2.22/0.90/0.54  emits 1.26  spf 32.9  z0 0.08  garr 33.6  tG 581  e2 0.23  nF 21.7  pS 0.36  ptS 0.36  fLog 0.45  pdΔ -0.1352  pkR 23.67  clip 0.01  kl +0.002
upd  379  steps 12451840  sps 14306  opp strn  loss -0.160  pg +0.0004  v 0.002  ev +0.97  adv_std 0.061  tR +0.16  ent[s/d/p/e] 1.70/2.15/0.82/0.53  emits 1.28  spf 32.1  z0 0.04  garr 35.9  tG 749  e2 0.22  nF 22.2  pS 0.34  ptS 0.35  fLog 0.43  pdΔ -0.1566  pkR 16.37  clip 0.02  kl +0.002
upd  380  steps 12484608  sps 14318  opp rand  loss -0.159  pg +0.0005  v 0.002  ev +0.97  adv_std 0.069  tR +0.28  ent[s/d/p/e] 1.72/2.08/0.83/0.55  emits 1.34  spf 33.4  z0 0.02  garr 37.4  tG 552  e2 0.24  nF 19.9  pS 0.38  ptS 0.38  fLog 0.45  pdΔ -0.1192  pkR 18.14  clip 0.01  kl +0.002
upd  381  steps 12517376  sps 14325  opp frzn  loss -0.160  pg -0.0002  v 0.003  ev +0.95  adv_std 0.074  tR +0.34  ent[s/d/p/e] 1.68/2.04/0.87/0.60  emits 1.42  spf 30.0  z0 0.01  garr 34.4  tG 393  e2 0.29  nF 19.4  pS 0.37  ptS 0.36  fLog 0.45  pdΔ -0.1329  pkR 12.84  clip 0.02  kl +0.002
upd  382  steps 12550144  sps 14331  opp frzn  loss -0.167  pg +0.0005  v 0.002  ev +0.95  adv_std 0.072  tR -0.14  ent[s/d/p/e] 1.84/2.12/0.89/0.58  emits 1.42  spf 38.5  z0 0.01  garr 44.2  tG 518  e2 0.29  nF 19.3  pS 0.42  ptS 0.41  fLog 0.48  pdΔ -0.0813  pkR 8.82  clip 0.01  kl +0.001
upd  383  steps 12582912  sps 14343  opp rand  loss -0.158  pg -0.0003  v 0.003  ev +0.96  adv_std 0.079  tR +0.22  ent[s/d/p/e] 1.67/2.07/0.82/0.57  emits 1.37  spf 32.5  z0 0.02  garr 35.2  tG 428  e2 0.26  nF 20.0  pS 0.37  ptS 0.36  fLog 0.45  pdΔ -0.1336  pkR 8.76  clip 0.01  kl +0.002
upd  384  steps 12615680  sps 14350  opp strn  loss -0.151  pg +0.0008  v 0.002  ev +0.97  adv_std 0.061  tR +0.40  ent[s/d/p/e] 1.57/1.96/0.83/0.55  emits 1.35  spf 26.6  z0 0.01  garr 28.3  tG 330  e2 0.25  nF 21.4  pS 0.34  ptS 0.33  fLog 0.42  pdΔ -0.1641  pkR 16.72  clip 0.01  kl +0.002
upd  385  steps 12648448  sps 14356  opp strn  loss -0.158  pg +0.0004  v 0.003  ev +0.94  adv_std 0.080  tR -0.08  ent[s/d/p/e] 1.70/2.02/0.87/0.56  emits 1.37  spf 31.8  z0 0.01  garr 34.4  tG 401  e2 0.26  nF 20.1  pS 0.37  ptS 0.37  fLog 0.45  pdΔ -0.1269  pkR 8.26  clip 0.01  kl +0.002
upd  386  steps 12681216  sps 14363  opp frzn  loss -0.153  pg +0.0003  v 0.003  ev +0.93  adv_std 0.085  tR -0.04  ent[s/d/p/e] 1.63/1.96/0.86/0.54  emits 1.35  spf 30.7  z0 0.01  garr 33.7  tG 390  e2 0.25  nF 20.8  pS 0.35  ptS 0.35  fLog 0.44  pdΔ -0.1536  pkR 9.46  clip 0.02  kl +0.003
upd  387  steps 12713984  sps 14370  opp frzn  loss -0.155  pg +0.0002  v 0.002  ev +0.96  adv_std 0.071  tR -0.22  ent[s/d/p/e] 1.61/2.03/0.85/0.55  emits 1.33  spf 32.7  z0 0.01  garr 36.6  tG 423  e2 0.24  nF 19.7  pS 0.35  ptS 0.35  fLog 0.44  pdΔ -0.1506  pkR 10.15  clip 0.02  kl +0.002
upd  388  steps 12746752  sps 14376  opp strn  loss -0.160  pg +0.0005  v 0.002  ev +0.95  adv_std 0.070  tR -0.03  ent[s/d/p/e] 1.71/2.03/0.90/0.57  emits 1.37  spf 32.3  z0 0.01  garr 35.5  tG 405  e2 0.26  nF 19.9  pS 0.36  ptS 0.37  fLog 0.46  pdΔ -0.1353  pkR 9.07  clip 0.01  kl +0.002
upd  389  steps 12779520  sps 14383  opp buf  loss -0.173  pg +0.0007  v 0.003  ev +0.97  adv_std 0.074  tR +0.04  ent[s/d/p/e] 1.92/2.23/0.93/0.56  emits 1.30  spf 35.1  z0 0.07  garr 36.3  tG 579  e2 0.25  nF 21.4  pS 0.41  ptS 0.40  fLog 0.47  pdΔ -0.0941  pkR 12.69  clip 0.01  kl +0.002
upd  390  steps 12812288  sps 14389  opp frzn  loss -0.162  pg +0.0004  v 0.002  ev +0.97  adv_std 0.065  tR +0.37  ent[s/d/p/e] 1.72/2.13/0.87/0.54  emits 1.32  spf 31.4  z0 0.03  garr 35.2  tG 691  e2 0.24  nF 21.5  pS 0.36  ptS 0.36  fLog 0.44  pdΔ -0.1365  pkR 16.06  clip 0.02  kl +0.003
upd  391  steps 12845056  sps 14396  opp frzn  loss -0.161  pg +0.0002  v 0.002  ev +0.96  adv_std 0.066  tR +0.13  ent[s/d/p/e] 1.74/2.01/0.90/0.56  emits 1.38  spf 31.3  z0 0.01  garr 36.1  tG 526  e2 0.27  nF 22.3  pS 0.37  ptS 0.37  fLog 0.44  pdΔ -0.1299  pkR 21.76  clip 0.01  kl +0.002
upd  392  steps 12877824  sps 14402  opp frzn  loss -0.151  pg +0.0002  v 0.003  ev +0.94  adv_std 0.084  tR -0.19  ent[s/d/p/e] 1.57/1.96/0.84/0.55  emits 1.35  spf 27.8  z0 0.00  garr 30.9  tG 349  e2 0.24  nF 20.8  pS 0.34  ptS 0.34  fLog 0.43  pdΔ -0.1620  pkR 11.69  clip 0.01  kl +0.002
upd  393  steps 12910592  sps 14409  opp frzn  loss -0.160  pg +0.0006  v 0.002  ev +0.95  adv_std 0.067  tR +0.00  ent[s/d/p/e] 1.76/2.02/0.88/0.55  emits 1.37  spf 32.0  z0 0.01  garr 37.8  tG 444  e2 0.27  nF 20.6  pS 0.39  ptS 0.39  fLog 0.45  pdΔ -0.1135  pkR 10.27  clip 0.02  kl +0.003
upd  394  steps 12943360  sps 14415  opp buf  loss -0.168  pg -0.0004  v 0.004  ev +0.95  adv_std 0.092  tR +0.06  ent[s/d/p/e] 1.82/2.21/0.90/0.54  emits 1.31  spf 32.9  z0 0.06  garr 35.5  tG 602  e2 0.25  nF 20.8  pS 0.37  ptS 0.36  fLog 0.45  pdΔ -0.1337  pkR 15.66  clip 0.01  kl +0.002
upd  395  steps 12976128  sps 14426  opp rand  loss -0.155  pg +0.0001  v 0.003  ev +0.96  adv_std 0.081  tR +0.15  ent[s/d/p/e] 1.60/2.11/0.80/0.53  emits 1.24  spf 25.6  z0 0.07  garr 26.0  tG 492  e2 0.21  nF 21.8  pS 0.29  ptS 0.29  fLog 0.41  pdΔ -0.2109  pkR 20.54  clip 0.02  kl +0.002
upd  396  steps 13008896  sps 14437  opp rand  loss -0.153  pg +0.0003  v 0.002  ev +0.97  adv_std 0.067  tR +0.25  ent[s/d/p/e] 1.57/2.04/0.82/0.54  emits 1.29  spf 26.8  z0 0.04  garr 28.9  tG 409  e2 0.22  nF 21.2  pS 0.33  ptS 0.33  fLog 0.43  pdΔ -0.1690  pkR 25.05  clip 0.02  kl +0.003
upd  397  steps 13041664  sps 14444  opp frzn  loss -0.156  pg +0.0004  v 0.003  ev +0.95  adv_std 0.072  tR +0.25  ent[s/d/p/e] 1.62/2.01/0.90/0.55  emits 1.34  spf 29.0  z0 0.01  garr 33.1  tG 366  e2 0.24  nF 19.9  pS 0.35  ptS 0.34  fLog 0.44  pdΔ -0.1531  pkR 11.47  clip 0.02  kl +0.002
upd  398  steps 13074432  sps 14450  opp frzn  loss -0.163  pg +0.0002  v 0.002  ev +0.96  adv_std 0.071  tR -0.12  ent[s/d/p/e] 1.77/2.04/0.92/0.56  emits 1.38  spf 35.5  z0 0.00  garr 42.0  tG 492  e2 0.26  nF 19.7  pS 0.39  ptS 0.39  fLog 0.46  pdΔ -0.1136  pkR 8.04  clip 0.02  kl +0.002
upd  399  steps 13107200  sps 14456  opp frzn  loss -0.158  pg +0.0006  v 0.003  ev +0.95  adv_std 0.079  tR -0.11  ent[s/d/p/e] 1.69/1.97/0.91/0.56  emits 1.37  spf 32.3  z0 0.01  garr 36.2  tG 412  e2 0.26  nF 20.6  pS 0.36  ptS 0.36  fLog 0.45  pdΔ -0.1426  pkR 7.84  clip 0.02  kl +0.002 WRr 0.81 WRf 0.56
[ckpt] saved ./ckpt_multi_action_v11_f42/ckpt_000399.pkl
upd  400  steps 13139968  sps 14258  opp frzn  loss -0.164  pg +0.0004  v 0.002  ev +0.96  adv_std 0.068  tR +0.11  ent[s/d/p/e] 1.77/2.05/0.92/0.58  emits 1.41  spf 34.1  z0 0.01  garr 39.6  tG 458  e2 0.27  nF 20.2  pS 0.40  ptS 0.39  fLog 0.46  pdΔ -0.1043  pkR 8.48  clip 0.02  kl +0.002
upd  401  steps 13172736  sps 14264  opp buf  loss -0.182  pg +0.0006  v 0.003  ev +0.97  adv_std 0.073  tR +0.17  ent[s/d/p/e] 2.05/2.32/0.97/0.58  emits 1.43  spf 36.7  z0 0.05  garr 40.1  tG 702  e2 0.29  nF 21.6  pS 0.43  ptS 0.43  fLog 0.48  pdΔ -0.0657  pkR 15.55  clip 0.01  kl +0.002
upd  402  steps 13205504  sps 14271  opp buf  loss -0.190  pg +0.0007  v 0.002  ev +0.98  adv_std 0.068  tR +0.11  ent[s/d/p/e] 2.18/2.53/0.95/0.56  emits 1.31  spf 46.4  z0 0.13  garr 48.3  tG 1241  e2 0.26  nF 23.0  pS 0.43  ptS 0.41  fLog 0.49  pdΔ -0.0744  pkR 11.14  clip 0.01  kl +0.002
upd  403  steps 13238272  sps 14277  opp strn  loss -0.174  pg +0.0007  v 0.002  ev +0.97  adv_std 0.063  tR +0.33  ent[s/d/p/e] 1.92/2.27/0.91/0.56  emits 1.35  spf 36.2  z0 0.05  garr 37.2  tG 869  e2 0.25  nF 23.1  pS 0.38  ptS 0.38  fLog 0.46  pdΔ -0.1222  pkR 12.12  clip 0.02  kl +0.003
upd  404  steps 13271040  sps 14284  opp strn  loss -0.166  pg -0.0009  v 0.002  ev +0.96  adv_std 0.065  tR +0.19  ent[s/d/p/e] 1.79/2.07/0.94/0.55  emits 1.37  spf 34.3  z0 0.01  garr 38.6  tG 616  e2 0.26  nF 21.2  pS 0.38  ptS 0.38  fLog 0.46  pdΔ -0.1213  pkR 22.58  clip 0.02  kl +0.003
upd  405  steps 13303808  sps 14290  opp buf  loss -0.173  pg +0.0003  v 0.003  ev +0.97  adv_std 0.080  tR -0.02  ent[s/d/p/e] 1.89/2.26/0.94/0.55  emits 1.32  spf 32.7  z0 0.08  garr 33.1  tG 594  e2 0.25  nF 22.3  pS 0.36  ptS 0.36  fLog 0.45  pdΔ -0.1366  pkR 18.92  clip 0.01  kl +0.002
upd  406  steps 13336576  sps 14297  opp buf  loss -0.184  pg +0.0005  v 0.002  ev +0.98  adv_std 0.066  tR +0.05  ent[s/d/p/e] 2.09/2.47/0.92/0.54  emits 1.25  spf 42.5  z0 0.13  garr 43.6  tG 1067  e2 0.23  nF 23.4  pS 0.38  ptS 0.38  fLog 0.48  pdΔ -0.1157  pkR 13.29  clip 0.02  kl +0.001
upd  407  steps 13369344  sps 14303  opp frzn  loss -0.170  pg +0.0005  v 0.002  ev +0.98  adv_std 0.057  tR +0.22  ent[s/d/p/e] 1.84/2.25/0.88/0.55  emits 1.32  spf 35.9  z0 0.05  garr 39.2  tG 845  e2 0.24  nF 22.7  pS 0.35  ptS 0.36  fLog 0.45  pdΔ -0.1486  pkR 15.80  clip 0.01  kl +0.002
upd  408  steps 13402112  sps 14310  opp buf  loss -0.172  pg +0.0003  v 0.002  ev +0.98  adv_std 0.069  tR -0.13  ent[s/d/p/e] 1.88/2.25/0.92/0.54  emits 1.27  spf 34.7  z0 0.09  garr 35.9  tG 640  e2 0.24  nF 21.3  pS 0.36  ptS 0.36  fLog 0.46  pdΔ -0.1360  pkR 16.88  clip 0.01  kl +0.001
upd  409  steps 13434880  sps 14320  opp rand  loss -0.161  pg -0.0003  v 0.002  ev +0.98  adv_std 0.065  tR +0.18  ent[s/d/p/e] 1.71/2.20/0.78/0.53  emits 1.31  spf 33.0  z0 0.04  garr 36.1  tG 750  e2 0.22  nF 21.8  pS 0.33  ptS 0.33  fLog 0.44  pdΔ -0.1669  pkR 18.42  clip 0.01  kl +0.002
upd  410  steps 13467648  sps 14331  opp rand  loss -0.160  pg +0.0003  v 0.002  ev +0.97  adv_std 0.070  tR +0.43  ent[s/d/p/e] 1.70/2.10/0.86/0.55  emits 1.35  spf 31.2  z0 0.03  garr 34.8  tG 546  e2 0.24  nF 20.8  pS 0.38  ptS 0.37  fLog 0.44  pdΔ -0.1247  pkR 25.61  clip 0.02  kl +0.003
upd  411  steps 13500416  sps 14338  opp strn  loss -0.158  pg +0.0011  v 0.002  ev +0.97  adv_std 0.062  tR +0.36  ent[s/d/p/e] 1.69/2.01/0.90/0.55  emits 1.36  spf 29.6  z0 0.01  garr 34.3  tG 385  e2 0.25  nF 20.7  pS 0.36  ptS 0.36  fLog 0.44  pdΔ -0.1414  pkR 10.84  clip 0.02  kl +0.003
upd  412  steps 13533184  sps 14344  opp frzn  loss -0.158  pg +0.0007  v 0.003  ev +0.94  adv_std 0.079  tR -0.32  ent[s/d/p/e] 1.72/2.00/0.92/0.53  emits 1.32  spf 35.9  z0 0.00  garr 43.0  tG 473  e2 0.23  nF 19.4  pS 0.37  ptS 0.37  fLog 0.46  pdΔ -0.1268  pkR 7.73  clip 0.01  kl +0.001
upd  413  steps 13565952  sps 14350  opp buf  loss -0.173  pg -0.0001  v 0.002  ev +0.97  adv_std 0.071  tR +0.07  ent[s/d/p/e] 1.88/2.28/0.91/0.54  emits 1.28  spf 37.3  z0 0.07  garr 40.9  tG 684  e2 0.23  nF 20.4  pS 0.38  ptS 0.37  fLog 0.47  pdΔ -0.1169  pkR 37.95  clip 0.02  kl +0.002
upd  414  steps 13598720  sps 14356  opp strn  loss -0.167  pg +0.0009  v 0.002  ev +0.97  adv_std 0.065  tR +0.06  ent[s/d/p/e] 1.81/2.24/0.85/0.54  emits 1.28  spf 35.5  z0 0.04  garr 39.8  tG 789  e2 0.22  nF 20.7  pS 0.34  ptS 0.35  fLog 0.45  pdΔ -0.1573  pkR 14.40  clip 0.01  kl +0.002
upd  415  steps 13631488  sps 14362  opp buf  loss -0.175  pg +0.0001  v 0.002  ev +0.98  adv_std 0.065  tR -0.03  ent[s/d/p/e] 1.91/2.31/0.91/0.54  emits 1.22  spf 37.4  z0 0.09  garr 41.2  tG 709  e2 0.22  nF 19.9  pS 0.38  ptS 0.36  fLog 0.48  pdΔ -0.1249  pkR 15.23  clip 0.02  kl +0.002
upd  416  steps 13664256  sps 14369  opp strn  loss -0.164  pg +0.0000  v 0.002  ev +0.97  adv_std 0.062  tR +0.17  ent[s/d/p/e] 1.75/2.24/0.84/0.51  emits 1.25  spf 37.3  z0 0.03  garr 43.2  tG 947  e2 0.20  nF 21.9  pS 0.36  ptS 0.36  fLog 0.45  pdΔ -0.1436  pkR 12.46  clip 0.02  kl +0.003
upd  417  steps 13697024  sps 14375  opp frzn  loss -0.160  pg +0.0006  v 0.002  ev +0.96  adv_std 0.065  tR +0.05  ent[s/d/p/e] 1.74/2.05/0.88/0.53  emits 1.29  spf 35.1  z0 0.01  garr 40.2  tG 609  e2 0.22  nF 20.5  pS 0.37  ptS 0.38  fLog 0.46  pdΔ -0.1276  pkR 16.82  clip 0.02  kl +0.002
upd  418  steps 13729792  sps 14381  opp buf  loss -0.169  pg +0.0008  v 0.004  ev +0.96  adv_std 0.086  tR -0.02  ent[s/d/p/e] 1.83/2.27/0.89/0.54  emits 1.24  spf 32.1  z0 0.07  garr 33.6  tG 556  e2 0.22  nF 20.8  pS 0.36  ptS 0.36  fLog 0.45  pdΔ -0.1361  pkR 19.18  clip 0.01  kl +0.001
upd  419  steps 13762560  sps 14387  opp strn  loss -0.171  pg +0.0002  v 0.002  ev +0.97  adv_std 0.062  tR +0.26  ent[s/d/p/e] 1.87/2.27/0.87/0.55  emits 1.32  spf 42.1  z0 0.04  garr 46.5  tG 1032  e2 0.24  nF 20.7  pS 0.39  ptS 0.39  fLog 0.47  pdΔ -0.1078  pkR 13.75  clip 0.02  kl +0.004
upd  420  steps 13795328  sps 14393  opp frzn  loss -0.169  pg +0.0003  v 0.002  ev +0.97  adv_std 0.061  tR +0.12  ent[s/d/p/e] 1.85/2.15/0.90/0.57  emits 1.39  spf 42.8  z0 0.01  garr 49.9  tG 778  e2 0.27  nF 20.7  pS 0.41  ptS 0.42  fLog 0.48  pdΔ -0.0879  pkR 16.57  clip 0.01  kl +0.002
upd  421  steps 13828096  sps 14399  opp buf  loss -0.167  pg +0.0003  v 0.003  ev +0.96  adv_std 0.085  tR -0.05  ent[s/d/p/e] 1.79/2.25/0.89/0.54  emits 1.25  spf 35.7  z0 0.07  garr 37.7  tG 613  e2 0.22  nF 21.3  pS 0.36  ptS 0.36  fLog 0.46  pdΔ -0.1377  pkR 22.63  clip 0.01  kl +0.001
upd  422  steps 13860864  sps 14405  opp buf  loss -0.193  pg +0.0002  v 0.002  ev +0.98  adv_std 0.069  tR +0.08  ent[s/d/p/e] 2.20/2.58/0.95/0.56  emits 1.25  spf 48.6  z0 0.11  garr 50.7  tG 1246  e2 0.24  nF 21.3  pS 0.44  ptS 0.43  fLog 0.51  pdΔ -0.0557  pkR 10.78  clip 0.02  kl +0.003
upd  423  steps 13893632  sps 14411  opp strn  loss -0.171  pg +0.0005  v 0.001  ev +0.98  adv_std 0.054  tR +0.42  ent[s/d/p/e] 1.88/2.27/0.88/0.54  emits 1.33  spf 39.5  z0 0.03  garr 45.3  tG 1041  e2 0.24  nF 21.9  pS 0.40  ptS 0.40  fLog 0.47  pdΔ -0.1027  pkR 14.94  clip 0.02  kl +0.002
upd  424  steps 13926400  sps 14417  opp buf  loss -0.171  pg +0.0003  v 0.002  ev +0.98  adv_std 0.061  tR -0.09  ent[s/d/p/e] 1.82/2.29/0.88/0.55  emits 1.24  spf 35.9  z0 0.09  garr 36.4  tG 653  e2 0.23  nF 20.9  pS 0.35  ptS 0.35  fLog 0.46  pdΔ -0.1477  pkR 20.16  clip 0.01  kl +0.002
upd  425  steps 13959168  sps 14423  opp strn  loss -0.163  pg +0.0002  v 0.002  ev +0.98  adv_std 0.059  tR +0.06  ent[s/d/p/e] 1.66/2.22/0.84/0.55  emits 1.27  spf 35.4  z0 0.06  garr 35.9  tG 754  e2 0.22  nF 21.9  pS 0.32  ptS 0.32  fLog 0.43  pdΔ -0.1778  pkR 16.84  clip 0.01  kl +0.002
upd  426  steps 13991936  sps 14429  opp buf  loss -0.168  pg +0.0001  v 0.002  ev +0.98  adv_std 0.061  tR -0.02  ent[s/d/p/e] 1.79/2.21/0.91/0.54  emits 1.24  spf 35.8  z0 0.09  garr 37.7  tG 733  e2 0.22  nF 20.7  pS 0.36  ptS 0.35  fLog 0.45  pdΔ -0.1420  pkR 17.22  clip 0.01  kl +0.002
upd  427  steps 14024704  sps 14435  opp frzn  loss -0.167  pg +0.0004  v 0.002  ev +0.96  adv_std 0.069  tR +0.06  ent[s/d/p/e] 1.79/2.21/0.90/0.55  emits 1.31  spf 32.8  z0 0.03  garr 37.2  tG 697  e2 0.24  nF 22.0  pS 0.34  ptS 0.34  fLog 0.44  pdΔ -0.1591  pkR 17.00  clip 0.02  kl +0.002
upd  428  steps 14057472  sps 14440  opp buf  loss -0.169  pg +0.0002  v 0.003  ev +0.97  adv_std 0.080  tR -0.02  ent[s/d/p/e] 1.87/2.20/0.91/0.53  emits 1.23  spf 35.2  z0 0.08  garr 38.6  tG 706  e2 0.22  nF 19.7  pS 0.37  ptS 0.36  fLog 0.46  pdΔ -0.1316  pkR 16.65  clip 0.02  kl +0.002
upd  429  steps 14090240  sps 14446  opp frzn  loss -0.160  pg +0.0002  v 0.002  ev +0.97  adv_std 0.066  tR +0.26  ent[s/d/p/e] 1.68/2.15/0.83/0.55  emits 1.29  spf 33.5  z0 0.03  garr 37.9  tG 718  e2 0.22  nF 22.0  pS 0.33  ptS 0.33  fLog 0.43  pdΔ -0.1687  pkR 15.71  clip 0.02  kl +0.003
upd  430  steps 14123008  sps 14452  opp strn  loss -0.160  pg +0.0010  v 0.002  ev +0.96  adv_std 0.068  tR -0.12  ent[s/d/p/e] 1.72/2.08/0.86/0.56  emits 1.31  spf 33.2  z0 0.02  garr 39.7  tG 486  e2 0.23  nF 20.8  pS 0.37  ptS 0.37  fLog 0.45  pdΔ -0.1310  pkR 17.20  clip 0.03  kl +0.003
upd  431  steps 14155776  sps 14458  opp strn  loss -0.154  pg +0.0008  v 0.004  ev +0.92  adv_std 0.091  tR -0.03  ent[s/d/p/e] 1.63/2.02/0.85/0.55  emits 1.33  spf 31.0  z0 0.01  garr 36.8  tG 402  e2 0.24  nF 20.0  pS 0.35  ptS 0.34  fLog 0.44  pdΔ -0.1508  pkR 13.26  clip 0.02  kl +0.002
upd  432  steps 14188544  sps 14464  opp strn  loss -0.158  pg +0.0008  v 0.003  ev +0.95  adv_std 0.074  tR -0.10  ent[s/d/p/e] 1.70/2.03/0.88/0.56  emits 1.35  spf 34.7  z0 0.01  garr 41.8  tG 466  e2 0.25  nF 18.8  pS 0.36  ptS 0.36  fLog 0.45  pdΔ -0.1376  pkR 10.24  clip 0.02  kl +0.002
upd  433  steps 14221312  sps 14469  opp buf  loss -0.168  pg -0.0000  v 0.003  ev +0.96  adv_std 0.079  tR +0.02  ent[s/d/p/e] 1.82/2.18/0.91/0.56  emits 1.30  spf 33.7  z0 0.07  garr 37.5  tG 603  e2 0.24  nF 19.6  pS 0.36  ptS 0.35  fLog 0.46  pdΔ -0.1381  pkR 15.12  clip 0.02  kl +0.002
upd  434  steps 14254080  sps 14479  opp rand  loss -0.155  pg +0.0004  v 0.002  ev +0.97  adv_std 0.070  tR +0.10  ent[s/d/p/e] 1.65/2.11/0.78/0.52  emits 1.25  spf 33.0  z0 0.06  garr 37.6  tG 779  e2 0.21  nF 19.7  pS 0.33  ptS 0.32  fLog 0.43  pdΔ -0.1723  pkR 15.65  clip 0.01  kl +0.001
upd  435  steps 14286848  sps 14485  opp buf  loss -0.178  pg -0.0003  v 0.002  ev +0.98  adv_std 0.061  tR +0.24  ent[s/d/p/e] 1.97/2.28/0.94/0.58  emits 1.37  spf 36.5  z0 0.08  garr 38.4  tG 697  e2 0.28  nF 21.8  pS 0.40  ptS 0.38  fLog 0.47  pdΔ -0.1035  pkR 30.81  clip 0.03  kl +0.002
upd  436  steps 14319616  sps 14491  opp buf  loss -0.192  pg +0.0009  v 0.002  ev +0.98  adv_std 0.069  tR +0.01  ent[s/d/p/e] 2.21/2.55/0.94/0.57  emits 1.27  spf 49.7  z0 0.14  garr 49.2  tG 1194  e2 0.25  nF 21.4  pS 0.42  ptS 0.41  fLog 0.50  pdΔ -0.0786  pkR 15.63  clip 0.03  kl +0.003
upd  437  steps 14352384  sps 14496  opp buf  loss -0.192  pg +0.0007  v 0.002  ev +0.98  adv_std 0.064  tR +0.11  ent[s/d/p/e] 2.24/2.57/0.91/0.56  emits 1.27  spf 52.6  z0 0.14  garr 54.6  tG 1465  e2 0.26  nF 21.5  pS 0.43  ptS 0.42  fLog 0.50  pdΔ -0.0699  pkR 18.82  clip 0.01  kl +0.002
upd  438  steps 14385152  sps 14506  opp rand  loss -0.160  pg +0.0006  v 0.002  ev +0.97  adv_std 0.068  tR +0.24  ent[s/d/p/e] 1.75/2.15/0.78/0.54  emits 1.31  spf 34.9  z0 0.06  garr 39.9  tG 927  e2 0.24  nF 21.8  pS 0.35  ptS 0.35  fLog 0.44  pdΔ -0.1503  pkR 24.71  clip 0.01  kl +0.001
upd  439  steps 14417920  sps 14516  opp rand  loss -0.155  pg +0.0006  v 0.002  ev +0.97  adv_std 0.064  tR +0.41  ent[s/d/p/e] 1.64/2.01/0.82/0.56  emits 1.36  spf 26.9  z0 0.03  garr 28.8  tG 421  e2 0.25  nF 23.0  pS 0.34  ptS 0.34  fLog 0.42  pdΔ -0.1560  pkR 25.84  clip 0.01  kl +0.001
upd  440  steps 14450688  sps 14522  opp strn  loss -0.158  pg +0.0001  v 0.002  ev +0.96  adv_std 0.071  tR +0.20  ent[s/d/p/e] 1.69/1.98/0.87/0.58  emits 1.43  spf 28.3  z0 0.01  garr 31.9  tG 381  e2 0.29  nF 22.5  pS 0.36  ptS 0.36  fLog 0.44  pdΔ -0.1430  pkR 13.33  clip 0.01  kl +0.003
upd  441  steps 14483456  sps 14532  opp rand  loss -0.155  pg +0.0008  v 0.003  ev +0.96  adv_std 0.081  tR +0.37  ent[s/d/p/e] 1.65/2.01/0.83/0.56  emits 1.37  spf 28.6  z0 0.02  garr 31.1  tG 383  e2 0.26  nF 20.7  pS 0.36  ptS 0.35  fLog 0.44  pdΔ -0.1415  pkR 10.74  clip 0.01  kl +0.002
upd  442  steps 14516224  sps 14537  opp strn  loss -0.158  pg -0.0000  v 0.002  ev +0.96  adv_std 0.067  tR +0.16  ent[s/d/p/e] 1.69/1.96/0.89/0.57  emits 1.42  spf 25.8  z0 0.01  garr 29.5  tG 335  e2 0.29  nF 22.1  pS 0.36  ptS 0.36  fLog 0.44  pdΔ -0.1368  pkR 14.93  clip 0.02  kl +0.003
upd  443  steps 14548992  sps 14543  opp buf  loss -0.175  pg +0.0009  v 0.003  ev +0.97  adv_std 0.084  tR +0.17  ent[s/d/p/e] 1.97/2.25/0.92/0.57  emits 1.35  spf 34.3  z0 0.06  garr 35.7  tG 572  e2 0.27  nF 21.4  pS 0.41  ptS 0.41  fLog 0.47  pdΔ -0.0901  pkR 17.94  clip 0.01  kl +0.002
upd  444  steps 14581760  sps 14549  opp frzn  loss -0.167  pg +0.0004  v 0.002  ev +0.98  adv_std 0.060  tR +0.23  ent[s/d/p/e] 1.78/2.20/0.87/0.56  emits 1.35  spf 35.4  z0 0.03  garr 39.7  tG 787  e2 0.25  nF 21.6  pS 0.36  ptS 0.36  fLog 0.45  pdΔ -0.1409  pkR 15.12  clip 0.02  kl +0.002
upd  445  steps 14614528  sps 14554  opp frzn  loss -0.169  pg +0.0006  v 0.002  ev +0.96  adv_std 0.065  tR +0.11  ent[s/d/p/e] 1.87/2.14/0.91/0.58  emits 1.40  spf 35.9  z0 0.02  garr 41.2  tG 552  e2 0.28  nF 20.1  pS 0.41  ptS 0.41  fLog 0.48  pdΔ -0.0870  pkR 18.66  clip 0.01  kl +0.002
upd  446  steps 14647296  sps 14559  opp buf  loss -0.176  pg +0.0004  v 0.003  ev +0.97  adv_std 0.077  tR -0.03  ent[s/d/p/e] 1.92/2.27/0.96/0.58  emits 1.33  spf 37.4  z0 0.08  garr 37.5  tG 677  e2 0.26  nF 21.3  pS 0.39  ptS 0.38  fLog 0.47  pdΔ -0.1118  pkR 23.13  clip 0.01  kl +0.002
upd  447  steps 14680064  sps 14565  opp buf  loss -0.188  pg +0.0005  v 0.002  ev +0.98  adv_std 0.062  tR +0.08  ent[s/d/p/e] 2.13/2.50/0.95/0.55  emits 1.27  spf 51.6  z0 0.13  garr 55.7  tG 1374  e2 0.25  nF 21.1  pS 0.43  ptS 0.42  fLog 0.50  pdΔ -0.0718  pkR 14.42  clip 0.02  kl +0.003
upd  448  steps 14712832  sps 14570  opp strn  loss -0.177  pg -0.0001  v 0.001  ev +0.98  adv_std 0.051  tR +0.21  ent[s/d/p/e] 1.94/2.32/0.91/0.57  emits 1.38  spf 35.8  z0 0.04  garr 40.5  tG 919  e2 0.27  nF 23.2  pS 0.36  ptS 0.37  fLog 0.45  pdΔ -0.1365  pkR 16.73  clip 0.01  kl +0.002
upd  449  steps 14745600  sps 14576  opp buf  loss -0.179  pg +0.0003  v 0.002  ev +0.98  adv_std 0.064  tR -0.13  ent[s/d/p/e] 1.95/2.35/0.93/0.58  emits 1.35  spf 36.8  z0 0.10  garr 36.7  tG 735  e2 0.28  nF 22.7  pS 0.38  ptS 0.37  fLog 0.46  pdΔ -0.1250  pkR 15.48  clip 0.01  kl +0.003 WRr 0.75 WRf 0.59
[ckpt] saved ./ckpt_multi_action_v11_f42/ckpt_000449.pkl
upd  450  steps 14778368  sps 14384  opp frzn  loss -0.166  pg +0.0008  v 0.002  ev +0.97  adv_std 0.067  tR +0.29  ent[s/d/p/e] 1.80/2.20/0.87/0.56  emits 1.38  spf 35.0  z0 0.04  garr 37.5  tG 787  e2 0.26  nF 22.7  pS 0.37  ptS 0.37  fLog 0.45  pdΔ -0.1343  pkR 13.85  clip 0.02  kl +0.002
upd  451  steps 14811136  sps 14389  opp frzn  loss -0.167  pg +0.0005  v 0.002  ev +0.96  adv_std 0.063  tR +0.22  ent[s/d/p/e] 1.80/2.11/0.91/0.59  emits 1.44  spf 33.2  z0 0.01  garr 37.3  tG 476  e2 0.29  nF 21.3  pS 0.39  ptS 0.39  fLog 0.46  pdΔ -0.1111  pkR 19.97  clip 0.02  kl +0.002
upd  452  steps 14843904  sps 14395  opp buf  loss -0.182  pg +0.0001  v 0.003  ev +0.97  adv_std 0.079  tR +0.13  ent[s/d/p/e] 1.99/2.39/0.95/0.59  emits 1.39  spf 39.5  z0 0.06  garr 41.2  tG 790  e2 0.28  nF 22.7  pS 0.41  ptS 0.40  fLog 0.48  pdΔ -0.0939  pkR 28.23  clip 0.01  kl +0.002
upd  453  steps 14876672  sps 14401  opp frzn  loss -0.169  pg +0.0003  v 0.002  ev +0.98  adv_std 0.058  tR +0.24  ent[s/d/p/e] 1.80/2.24/0.88/0.56  emits 1.33  spf 36.0  z0 0.06  garr 37.7  tG 800  e2 0.25  nF 21.9  pS 0.36  ptS 0.35  fLog 0.45  pdΔ -0.1449  pkR 14.95  clip 0.02  kl +0.002
upd  454  steps 14909440  sps 14406  opp buf  loss -0.184  pg +0.0003  v 0.002  ev +0.98  adv_std 0.065  tR +0.06  ent[s/d/p/e] 2.04/2.37/0.97/0.59  emits 1.37  spf 38.5  z0 0.08  garr 40.5  tG 766  e2 0.28  nF 21.2  pS 0.42  ptS 0.41  fLog 0.48  pdΔ -0.0787  pkR 28.98  clip 0.02  kl +0.002
upd  455  steps 14942208  sps 14412  opp buf  loss -0.192  pg -0.0003  v 0.003  ev +0.97  adv_std 0.074  tR +0.25  ent[s/d/p/e] 2.20/2.55/0.93/0.56  emits 1.31  spf 49.7  z0 0.10  garr 49.6  tG 1237  e2 0.25  nF 21.2  pS 0.45  ptS 0.44  fLog 0.50  pdΔ -0.0519  pkR 10.15  clip 0.02  kl +0.003
upd  456  steps 14974976  sps 14417  opp strn  loss -0.172  pg +0.0006  v 0.001  ev +0.98  adv_std 0.054  tR +0.41  ent[s/d/p/e] 1.88/2.29/0.87/0.55  emits 1.34  spf 44.1  z0 0.04  garr 47.2  tG 1005  e2 0.25  nF 20.8  pS 0.38  ptS 0.38  fLog 0.47  pdΔ -0.1178  pkR 13.83  clip 0.02  kl +0.002
upd  457  steps 15007744  sps 14423  opp buf  loss -0.174  pg +0.0001  v 0.003  ev +0.97  adv_std 0.074  tR +0.00  ent[s/d/p/e] 1.92/2.26/0.93/0.56  emits 1.28  spf 38.9  z0 0.09  garr 40.6  tG 745  e2 0.25  nF 20.8  pS 0.38  ptS 0.38  fLog 0.47  pdΔ -0.1156  pkR 17.60  clip 0.02  kl +0.003
upd  458  steps 15040512  sps 14428  opp strn  loss -0.164  pg +0.0006  v 0.002  ev +0.97  adv_std 0.059  tR +0.14  ent[s/d/p/e] 1.74/2.15/0.88/0.55  emits 1.33  spf 32.8  z0 0.04  garr 35.0  tG 652  e2 0.24  nF 21.9  pS 0.34  ptS 0.34  fLog 0.45  pdΔ -0.1621  pkR 17.14  clip 0.01  kl +0.002
upd  459  steps 15073280  sps 14438  opp rand  loss -0.161  pg -0.0003  v 0.003  ev +0.97  adv_std 0.072  tR +0.20  ent[s/d/p/e] 1.74/2.08/0.85/0.55  emits 1.34  spf 31.7  z0 0.03  garr 32.7  tG 454  e2 0.24  nF 20.0  pS 0.37  ptS 0.37  fLog 0.45  pdΔ -0.1312  pkR 13.07  clip 0.01  kl +0.001
upd  460  steps 15106048  sps 14443  opp buf  loss -0.174  pg +0.0006  v 0.002  ev +0.98  adv_std 0.068  tR +0.16  ent[s/d/p/e] 1.88/2.29/0.93/0.57  emits 1.35  spf 33.0  z0 0.08  garr 32.3  tG 593  e2 0.27  nF 22.1  pS 0.37  ptS 0.36  fLog 0.45  pdΔ -0.1271  pkR 15.14  clip 0.02  kl +0.003
upd  461  steps 15138816  sps 14453  opp rand  loss -0.165  pg -0.0001  v 0.002  ev +0.97  adv_std 0.069  tR +0.36  ent[s/d/p/e] 1.78/2.20/0.85/0.54  emits 1.34  spf 36.8  z0 0.04  garr 39.6  tG 912  e2 0.24  nF 22.1  pS 0.38  ptS 0.37  fLog 0.45  pdΔ -0.1245  pkR 13.57  clip 0.01  kl +0.002
upd  462  steps 15171584  sps 14458  opp frzn  loss -0.157  pg +0.0005  v 0.001  ev +0.97  adv_std 0.056  tR +0.23  ent[s/d/p/e] 1.62/2.01/0.88/0.57  emits 1.38  spf 24.9  z0 0.02  garr 26.8  tG 320  e2 0.27  nF 23.0  pS 0.32  ptS 0.32  fLog 0.43  pdΔ -0.1763  pkR 33.63  clip 0.01  kl +0.001
upd  463  steps 15204352  sps 14464  opp strn  loss -0.160  pg +0.0001  v 0.003  ev +0.95  adv_std 0.076  tR -0.21  ent[s/d/p/e] 1.72/2.02/0.88/0.57  emits 1.38  spf 29.6  z0 0.01  garr 32.9  tG 364  e2 0.26  nF 21.4  pS 0.37  ptS 0.37  fLog 0.45  pdΔ -0.1349  pkR 8.17  clip 0.01  kl +0.002
upd  464  steps 15237120  sps 14473  opp rand  loss -0.155  pg +0.0004  v 0.004  ev +0.94  adv_std 0.090  tR +0.24  ent[s/d/p/e] 1.63/2.01/0.84/0.57  emits 1.37  spf 27.3  z0 0.03  garr 29.1  tG 338  e2 0.26  nF 21.1  pS 0.35  ptS 0.34  fLog 0.44  pdΔ -0.1529  pkR 12.94  clip 0.01  kl +0.002
upd  465  steps 15269888  sps 14478  opp strn  loss -0.158  pg +0.0007  v 0.003  ev +0.95  adv_std 0.076  tR +0.34  ent[s/d/p/e] 1.65/2.05/0.86/0.58  emits 1.41  spf 28.2  z0 0.01  garr 30.7  tG 369  e2 0.27  nF 21.9  pS 0.36  ptS 0.36  fLog 0.44  pdΔ -0.1430  pkR 12.10  clip 0.02  kl +0.003
upd  466  steps 15302656  sps 14488  opp rand  loss -0.160  pg +0.0000  v 0.003  ev +0.96  adv_std 0.074  tR +0.26  ent[s/d/p/e] 1.69/2.09/0.83/0.58  emits 1.39  spf 29.4  z0 0.02  garr 31.1  tG 390  e2 0.26  nF 23.1  pS 0.37  ptS 0.37  fLog 0.43  pdΔ -0.1297  pkR 14.34  clip 0.02  kl +0.002
upd  467  steps 15335424  sps 14493  opp buf  loss -0.177  pg +0.0005  v 0.002  ev +0.98  adv_std 0.070  tR +0.32  ent[s/d/p/e] 1.98/2.29/0.93/0.58  emits 1.39  spf 33.0  z0 0.08  garr 33.7  tG 616  e2 0.29  nF 23.0  pS 0.41  ptS 0.40  fLog 0.46  pdΔ -0.0925  pkR 13.80  clip 0.02  kl +0.003
upd  468  steps 15368192  sps 14498  opp strn  loss -0.165  pg +0.0003  v 0.002  ev +0.97  adv_std 0.060  tR +0.32  ent[s/d/p/e] 1.78/2.17/0.86/0.55  emits 1.35  spf 34.8  z0 0.04  garr 39.1  tG 773  e2 0.26  nF 21.7  pS 0.36  ptS 0.36  fLog 0.44  pdΔ -0.1400  pkR 12.38  clip 0.01  kl +0.002
upd  469  steps 15400960  sps 14504  opp frzn  loss -0.165  pg +0.0004  v 0.002  ev +0.96  adv_std 0.065  tR -0.02  ent[s/d/p/e] 1.78/2.09/0.91/0.58  emits 1.40  spf 34.8  z0 0.01  garr 40.6  tG 542  e2 0.28  nF 21.3  pS 0.38  ptS 0.38  fLog 0.46  pdΔ -0.1219  pkR 17.49  clip 0.02  kl +0.003
upd  470  steps 15433728  sps 14509  opp buf  loss -0.178  pg +0.0007  v 0.004  ev +0.96  adv_std 0.088  tR -0.03  ent[s/d/p/e] 1.98/2.33/0.95/0.58  emits 1.33  spf 37.8  z0 0.08  garr 39.1  tG 699  e2 0.27  nF 21.3  pS 0.41  ptS 0.40  fLog 0.47  pdΔ -0.0930  pkR 15.34  clip 0.02  kl +0.003
upd  471  steps 15466496  sps 14514  opp strn  loss -0.164  pg +0.0004  v 0.001  ev +0.98  adv_std 0.055  tR +0.27  ent[s/d/p/e] 1.73/2.17/0.85/0.56  emits 1.34  spf 32.8  z0 0.05  garr 35.4  tG 690  e2 0.25  nF 22.9  pS 0.34  ptS 0.34  fLog 0.44  pdΔ -0.1578  pkR 17.08  clip 0.01  kl +0.001
upd  472  steps 15499264  sps 14519  opp frzn  loss -0.166  pg +0.0001  v 0.002  ev +0.97  adv_std 0.064  tR -0.06  ent[s/d/p/e] 1.78/2.11/0.90/0.59  emits 1.40  spf 32.0  z0 0.02  garr 37.9  tG 499  e2 0.28  nF 21.8  pS 0.38  ptS 0.38  fLog 0.45  pdΔ -0.1213  pkR 17.65  clip 0.02  kl +0.003
upd  473  steps 15532032  sps 14524  opp strn  loss -0.157  pg +0.0009  v 0.003  ev +0.94  adv_std 0.088  tR +0.03  ent[s/d/p/e] 1.68/1.98/0.88/0.58  emits 1.42  spf 30.2  z0 0.01  garr 35.4  tG 417  e2 0.29  nF 20.9  pS 0.36  ptS 0.36  fLog 0.44  pdΔ -0.1365  pkR 10.38  clip 0.01  kl +0.001
upd  474  steps 15564800  sps 14529  opp strn  loss -0.164  pg +0.0005  v 0.002  ev +0.96  adv_std 0.065  tR +0.00  ent[s/d/p/e] 1.81/2.02/0.91/0.58  emits 1.44  spf 36.4  z0 0.01  garr 44.1  tG 531  e2 0.30  nF 19.9  pS 0.40  ptS 0.40  fLog 0.47  pdΔ -0.0987  pkR 7.97  clip 0.01  kl +0.001
upd  475  steps 15597568  sps 14535  opp buf  loss -0.178  pg +0.0007  v 0.003  ev +0.97  adv_std 0.077  tR +0.12  ent[s/d/p/e] 2.00/2.30/0.96/0.57  emits 1.32  spf 39.0  z0 0.07  garr 43.7  tG 756  e2 0.26  nF 20.9  pS 0.42  ptS 0.41  fLog 0.48  pdΔ -0.0795  pkR 15.13  clip 0.02  kl +0.002
upd  476  steps 15630336  sps 14540  opp strn  loss -0.166  pg +0.0003  v 0.002  ev +0.98  adv_std 0.061  tR +0.28  ent[s/d/p/e] 1.78/2.17/0.88/0.55  emits 1.31  spf 33.7  z0 0.04  garr 39.5  tG 781  e2 0.24  nF 21.8  pS 0.35  ptS 0.35  fLog 0.44  pdΔ -0.1488  pkR 15.18  clip 0.01  kl +0.002
upd  477  steps 15663104  sps 14545  opp frzn  loss -0.164  pg +0.0004  v 0.002  ev +0.97  adv_std 0.058  tR -0.13  ent[s/d/p/e] 1.78/2.08/0.91/0.57  emits 1.38  spf 33.2  z0 0.01  garr 40.1  tG 560  e2 0.27  nF 21.6  pS 0.37  ptS 0.38  fLog 0.45  pdΔ -0.1262  pkR 21.79  clip 0.02  kl +0.002
upd  478  steps 15695872  sps 14550  opp frzn  loss -0.161  pg +0.0001  v 0.003  ev +0.95  adv_std 0.080  tR -0.06  ent[s/d/p/e] 1.73/2.03/0.90/0.57  emits 1.41  spf 31.9  z0 0.00  garr 36.9  tG 439  e2 0.28  nF 19.8  pS 0.39  ptS 0.38  fLog 0.46  pdΔ -0.1118  pkR 8.95  clip 0.01  kl +0.002
upd  479  steps 15728640  sps 14555  opp buf  loss -0.167  pg +0.0006  v 0.003  ev +0.97  adv_std 0.083  tR +0.11  ent[s/d/p/e] 1.75/2.22/0.91/0.56  emits 1.28  spf 35.8  z0 0.07  garr 35.8  tG 609  e2 0.24  nF 21.0  pS 0.35  ptS 0.34  fLog 0.45  pdΔ -0.1492  pkR 18.75  clip 0.01  kl +0.002
upd  480  steps 15761408  sps 14560  opp strn  loss -0.169  pg -0.0000  v 0.002  ev +0.96  adv_std 0.071  tR +0.39  ent[s/d/p/e] 1.81/2.17/0.93/0.57  emits 1.38  spf 34.4  z0 0.03  garr 37.3  tG 751  e2 0.27  nF 21.5  pS 0.37  ptS 0.37  fLog 0.45  pdΔ -0.1349  pkR 15.65  clip 0.01  kl +0.002
upd  481  steps 15794176  sps 14565  opp frzn  loss -0.164  pg +0.0004  v 0.002  ev +0.97  adv_std 0.064  tR -0.01  ent[s/d/p/e] 1.76/2.07/0.93/0.57  emits 1.39  spf 35.7  z0 0.02  garr 40.7  tG 542  e2 0.27  nF 20.2  pS 0.38  ptS 0.38  fLog 0.46  pdΔ -0.1195  pkR 19.02  clip 0.02  kl +0.003
upd  482  steps 15826944  sps 14570  opp strn  loss -0.161  pg +0.0003  v 0.003  ev +0.95  adv_std 0.075  tR -0.04  ent[s/d/p/e] 1.69/2.04/0.91/0.57  emits 1.40  spf 33.2  z0 0.00  garr 36.6  tG 424  e2 0.27  nF 20.5  pS 0.37  ptS 0.37  fLog 0.45  pdΔ -0.1261  pkR 8.45  clip 0.01  kl +0.002
upd  483  steps 15859712  sps 14579  opp rand  loss -0.157  pg +0.0003  v 0.003  ev +0.96  adv_std 0.085  tR +0.43  ent[s/d/p/e] 1.65/2.03/0.88/0.56  emits 1.35  spf 31.6  z0 0.02  garr 33.8  tG 431  e2 0.25  nF 19.9  pS 0.37  ptS 0.37  fLog 0.44  pdΔ -0.1289  pkR 12.09  clip 0.01  kl +0.002
upd  484  steps 15892480  sps 14584  opp frzn  loss -0.156  pg +0.0001  v 0.002  ev +0.96  adv_std 0.066  tR +0.33  ent[s/d/p/e] 1.62/1.97/0.90/0.57  emits 1.39  spf 29.1  z0 0.02  garr 31.4  tG 365  e2 0.27  nF 21.1  pS 0.35  ptS 0.34  fLog 0.44  pdΔ -0.1506  pkR 12.32  clip 0.02  kl +0.003
upd  485  steps 15925248  sps 14589  opp strn  loss -0.157  pg +0.0002  v 0.002  ev +0.96  adv_std 0.071  tR -0.12  ent[s/d/p/e] 1.65/1.98/0.91/0.56  emits 1.37  spf 32.8  z0 0.01  garr 39.4  tG 434  e2 0.26  nF 20.6  pS 0.35  ptS 0.35  fLog 0.45  pdΔ -0.1453  pkR 9.15  clip 0.03  kl +0.003
upd  486  steps 15958016  sps 14594  opp buf  loss -0.172  pg +0.0004  v 0.003  ev +0.96  adv_std 0.081  tR +0.12  ent[s/d/p/e] 1.87/2.20/0.97/0.58  emits 1.30  spf 35.4  z0 0.09  garr 36.5  tG 601  e2 0.26  nF 20.4  pS 0.38  ptS 0.37  fLog 0.47  pdΔ -0.1247  pkR 15.10  clip 0.02  kl +0.002
upd  487  steps 15990784  sps 14599  opp strn  loss -0.167  pg +0.0003  v 0.002  ev +0.98  adv_std 0.060  tR +0.25  ent[s/d/p/e] 1.80/2.14/0.92/0.55  emits 1.35  spf 35.8  z0 0.04  garr 38.5  tG 800  e2 0.25  nF 21.6  pS 0.37  ptS 0.37  fLog 0.45  pdΔ -0.1300  pkR 17.18  clip 0.02  kl +0.003
upd  488  steps 16023552  sps 14604  opp strn  loss -0.169  pg +0.0004  v 0.002  ev +0.97  adv_std 0.060  tR -0.05  ent[s/d/p/e] 1.85/2.10/0.95/0.59  emits 1.45  spf 34.9  z0 0.01  garr 40.5  tG 502  e2 0.30  nF 21.2  pS 0.40  ptS 0.40  fLog 0.47  pdΔ -0.1001  pkR 18.21  clip 0.02  kl +0.003
upd  489  steps 16056320  sps 14608  opp frzn  loss -0.159  pg +0.0003  v 0.003  ev +0.94  adv_std 0.083  tR -0.24  ent[s/d/p/e] 1.72/1.95/0.92/0.57  emits 1.41  spf 33.5  z0 0.00  garr 38.6  tG 440  e2 0.28  nF 20.0  pS 0.37  ptS 0.37  fLog 0.46  pdΔ -0.1256  pkR 8.67  clip 0.03  kl +0.004
upd  490  steps 16089088  sps 14613  opp strn  loss -0.161  pg +0.0007  v 0.002  ev +0.96  adv_std 0.066  tR -0.11  ent[s/d/p/e] 1.74/2.00/0.91/0.58  emits 1.42  spf 34.3  z0 0.01  garr 37.7  tG 447  e2 0.29  nF 19.9  pS 0.38  ptS 0.38  fLog 0.46  pdΔ -0.1241  pkR 11.07  clip 0.01  kl +0.001
upd  491  steps 16121856  sps 14618  opp strn  loss -0.158  pg +0.0007  v 0.004  ev +0.93  adv_std 0.091  tR -0.13  ent[s/d/p/e] 1.69/1.98/0.92/0.58  emits 1.41  spf 31.2  z0 0.01  garr 34.5  tG 386  e2 0.28  nF 20.1  pS 0.36  ptS 0.36  fLog 0.45  pdΔ -0.1416  pkR 11.35  clip 0.01  kl +0.002
upd  492  steps 16154624  sps 14623  opp strn  loss -0.165  pg -0.0004  v 0.003  ev +0.94  adv_std 0.074  tR -0.24  ent[s/d/p/e] 1.78/2.05/0.92/0.58  emits 1.41  spf 31.8  z0 0.01  garr 35.8  tG 420  e2 0.28  nF 21.0  pS 0.39  ptS 0.39  fLog 0.45  pdΔ -0.1117  pkR 8.73  clip 0.02  kl +0.003
upd  493  steps 16187392  sps 14628  opp frzn  loss -0.155  pg +0.0001  v 0.003  ev +0.95  adv_std 0.076  tR -0.04  ent[s/d/p/e] 1.63/1.95/0.89/0.56  emits 1.40  spf 30.6  z0 0.01  garr 35.3  tG 399  e2 0.27  nF 19.4  pS 0.34  ptS 0.34  fLog 0.44  pdΔ -0.1561  pkR 8.67  clip 0.02  kl +0.002
upd  494  steps 16220160  sps 14633  opp frzn  loss -0.165  pg +0.0003  v 0.002  ev +0.96  adv_std 0.064  tR -0.02  ent[s/d/p/e] 1.78/2.07/0.92/0.59  emits 1.46  spf 35.0  z0 0.00  garr 40.5  tG 445  e2 0.30  nF 20.2  pS 0.38  ptS 0.38  fLog 0.46  pdΔ -0.1183  pkR 7.89  clip 0.02  kl +0.003
upd  495  steps 16252928  sps 14637  opp buf  loss -0.178  pg +0.0006  v 0.003  ev +0.96  adv_std 0.088  tR -0.05  ent[s/d/p/e] 2.00/2.28/0.97/0.56  emits 1.31  spf 39.7  z0 0.07  garr 43.0  tG 801  e2 0.26  nF 20.9  pS 0.41  ptS 0.40  fLog 0.48  pdΔ -0.0931  pkR 20.62  clip 0.02  kl +0.002
upd  496  steps 16285696  sps 14646  opp rand  loss -0.165  pg +0.0002  v 0.002  ev +0.97  adv_std 0.070  tR +0.33  ent[s/d/p/e] 1.78/2.26/0.82/0.52  emits 1.22  spf 43.1  z0 0.07  garr 46.2  tG 1122  e2 0.20  nF 20.3  pS 0.38  ptS 0.37  fLog 0.45  pdΔ -0.1216  pkR 16.99  clip 0.01  kl +0.002
upd  497  steps 16318464  sps 14651  opp strn  loss -0.161  pg -0.0001  v 0.001  ev +0.97  adv_std 0.055  tR +0.38  ent[s/d/p/e] 1.71/2.04/0.88/0.57  emits 1.35  spf 28.9  z0 0.01  garr 33.3  tG 413  e2 0.25  nF 21.7  pS 0.37  ptS 0.37  fLog 0.44  pdΔ -0.1330  pkR 25.36  clip 0.02  kl +0.002
upd  498  steps 16351232  sps 14656  opp buf  loss -0.176  pg -0.0001  v 0.003  ev +0.97  adv_std 0.081  tR +0.02  ent[s/d/p/e] 1.96/2.28/0.96/0.54  emits 1.29  spf 38.5  z0 0.06  garr 41.2  tG 717  e2 0.24  nF 19.5  pS 0.40  ptS 0.40  fLog 0.48  pdΔ -0.0964  pkR 14.36  clip 0.01  kl +0.001
upd  499  steps 16384000  sps 14660  opp frzn  loss -0.162  pg +0.0003  v 0.002  ev +0.98  adv_std 0.058  tR +0.31  ent[s/d/p/e] 1.71/2.19/0.84/0.51  emits 1.25  spf 36.8  z0 0.03  garr 41.4  tG 952  e2 0.20  nF 21.4  pS 0.34  ptS 0.34  fLog 0.44  pdΔ -0.1634  pkR 14.91  clip 0.02  kl +0.002 WRr 0.94 WRf 0.53
[ckpt] saved ./ckpt_multi_action_v11_f42/ckpt_000499.pkl
final eval win_rate vs random: 0.938
