[reward] kaggle-aligned: terminal +1 win/+1 tie>0/-1 loss/-1 double-wipeout; is_terminal at step >= episode_steps-2; SHAPING_SCALE=0.0; v1: KEEP_HOME=0.0 FLEET_SIZE=0.0/norm20.0; v2 (expert-replay calibrated): PROD_SHARE=0.0 PLANET_SHARE=0.0 FLEET_LOG=0.0/ref500.0/floor0.3; v3 (top10-2630ep calibrated): PROD_SHARE_DELTA=0.005 EMIT_LOG=0.0 EMIT_GATED=0.0 RELEASE=0.0/K20.0 CAPTURE=0.05; episode_steps=500 (kaggle=500, mismatch=False)
[curriculum] strong_ratio=0.35 frozen_ratio=0.25 strong_ckpt=./ckpt_multi_action_v11_f29/ckpt_000599.pkl
[buffer-curriculum] buffer_path=data/f40_mixed_states.npz buffer_reset_ratio=0.8 buffer_rollout_ratio=0.15
[gated-pool] seed_paths=./ckpt_multi_action_v11_f29/ckpt_000599.pkl snapshot_current=False
[resume] loaded params from ckpt_multi_action_v11_f42/ckpt_000049.pkl (step=49)
[buffer-curriculum] loaded 2160 states from data/f40_mixed_states.npz
[shape-adapter] padded tensors:
  emit_head/fc1/kernel: (269, 64) -> (271, 64)
  encoder/global_proj/kernel: (17, 128) -> (18, 128)
  encoder/planet_proj/kernel: (28, 128) -> (33, 128)
[curriculum] shape-adapted strong opponent from ./ckpt_multi_action_v11_f29/ckpt_000599.pkl
[shape-adapter] padded tensors:
  emit_head/fc1/kernel: (269, 64) -> (271, 64)
  encoder/global_proj/kernel: (17, 128) -> (18, 128)
  encoder/planet_proj/kernel: (28, 128) -> (33, 128)
[gated-pool] shape-adapted seed opponent ./ckpt_multi_action_v11_f29/ckpt_000599.pkl
upd    0  steps   32768  sps 705  opp rand  loss -0.143  pg -0.0000  v 0.002  ev +0.94  adv_std 0.068  tR +0.57  ent[s/d/p/e] 1.34/1.95/0.74/0.57  emits 1.35  spf 19.7  z0 0.02  garr 20.1  tG 195  e2 0.25  nF 22.0  pS 0.26  ptS 0.25  fLog 0.39  pdΔ -0.2403  pkR 19.59  clip 0.00  kl -0.000
upd    1  steps   65536  sps 1364  opp rand  loss -0.157  pg -0.0000  v 0.003  ev +0.96  adv_std 0.082  tR +0.17  ent[s/d/p/e] 1.66/2.05/0.81/0.57  emits 1.35  spf 28.2  z0 0.03  garr 29.0  tG 358  e2 0.26  nF 21.4  pS 0.35  ptS 0.35  fLog 0.43  pdΔ -0.1455  pkR 11.34  clip 0.00  kl +0.000
upd    2  steps   98304  sps 1982  opp rand  loss -0.157  pg +0.0000  v 0.003  ev +0.95  adv_std 0.074  tR +0.30  ent[s/d/p/e] 1.65/2.05/0.81/0.57  emits 1.38  spf 27.2  z0 0.02  garr 28.6  tG 351  e2 0.27  nF 21.8  pS 0.35  ptS 0.34  fLog 0.42  pdΔ -0.1527  pkR 11.37  clip 0.00  kl +0.000
upd    3  steps  131072  sps 2071  opp frzn  loss -0.161  pg -0.0001  v 0.003  ev +0.94  adv_std 0.082  tR +0.01  ent[s/d/p/e] 1.70/2.09/0.85/0.58  emits 1.39  spf 30.8  z0 0.02  garr 33.3  tG 395  e2 0.28  nF 21.8  pS 0.36  ptS 0.36  fLog 0.44  pdΔ -0.1367  pkR 10.01  clip 0.00  kl -0.000 align[spf 30.8 e2 0.28 z0 0.02 n=1]
upd    4  steps  163840  sps 2108  opp buf  loss -0.177  pg -0.0001  v 0.003  ev +0.96  adv_std 0.078  tR +0.12  ent[s/d/p/e] 1.97/2.31/0.89/0.58  emits 1.39  spf 35.1  z0 0.07  garr 39.1  tG 684  e2 0.29  nF 22.9  pS 0.41  ptS 0.40  fLog 0.46  pdΔ -0.0874  pkR 18.77  clip 0.00  kl +0.000 align[spf 30.8 e2 0.28 z0 0.02 n=1]
upd    5  steps  196608  sps 2470  opp frzn  loss -0.180  pg -0.0000  v 0.002  ev +0.96  adv_std 0.068  tR +0.30  ent[s/d/p/e] 1.99/2.39/0.86/0.59  emits 1.44  spf 36.3  z0 0.04  garr 42.2  tG 855  e2 0.30  nF 24.7  pS 0.38  ptS 0.38  fLog 0.46  pdΔ -0.1194  pkR 14.03  clip 0.00  kl -0.000 align[spf 33.6 e2 0.29 z0 0.03 n=2]
upd    6  steps  229376  sps 2815  opp buf  loss -0.177  pg +0.0000  v 0.003  ev +0.97  adv_std 0.074  tR -0.06  ent[s/d/p/e] 1.98/2.29/0.90/0.58  emits 1.40  spf 36.5  z0 0.07  garr 39.0  tG 776  e2 0.30  nF 24.2  pS 0.37  ptS 0.37  fLog 0.46  pdΔ -0.1280  pkR 17.88  clip 0.00  kl +0.000 align[spf 33.6 e2 0.29 z0 0.03 n=2]
upd    7  steps  262144  sps 3144  opp buf  loss -0.188  pg -0.0001  v 0.003  ev +0.97  adv_std 0.072  tR +0.05  ent[s/d/p/e] 2.20/2.50/0.87/0.56  emits 1.36  spf 41.7  z0 0.10  garr 48.6  tG 1161  e2 0.29  nF 23.9  pS 0.43  ptS 0.42  fLog 0.48  pdΔ -0.0747  pkR 10.77  clip 0.00  kl +0.000 align[spf 33.6 e2 0.29 z0 0.03 n=2]
upd    8  steps  294912  sps 3459  opp strn  loss -0.176  pg -0.0000  v 0.002  ev +0.97  adv_std 0.059  tR +0.34  ent[s/d/p/e] 1.97/2.31/0.85/0.57  emits 1.42  spf 36.4  z0 0.04  garr 42.3  tG 950  e2 0.29  nF 25.0  pS 0.37  ptS 0.38  fLog 0.45  pdΔ -0.1282  pkR 12.50  clip 0.00  kl +0.000 align[spf 34.5 e2 0.29 z0 0.03 n=3]
upd    9  steps  327680  sps 3761  opp frzn  loss -0.162  pg -0.0002  v 0.003  ev +0.94  adv_std 0.073  tR -0.45  ent[s/d/p/e] 1.73/2.08/0.87/0.57  emits 1.40  spf 31.9  z0 0.01  garr 36.8  tG 487  e2 0.28  nF 23.3  pS 0.34  ptS 0.35  fLog 0.44  pdΔ -0.1619  pkR 28.97  clip 0.00  kl +0.001 align[spf 33.8 e2 0.29 z0 0.03 n=4]
upd   10  steps  360448  sps 4063  opp rand  loss -0.154  pg -0.0002  v 0.005  ev +0.92  adv_std 0.096  tR +0.02  ent[s/d/p/e] 1.58/2.05/0.80/0.57  emits 1.35  spf 27.2  z0 0.03  garr 28.4  tG 309  e2 0.26  nF 21.2  pS 0.33  ptS 0.32  fLog 0.43  pdΔ -0.1731  pkR 11.84  clip 0.00  kl +0.000 align[spf 33.8 e2 0.29 z0 0.03 n=4]
upd   11  steps  393216  sps 4355  opp rand  loss -0.158  pg -0.0001  v 0.003  ev +0.96  adv_std 0.077  tR +0.29  ent[s/d/p/e] 1.65/2.11/0.81/0.57  emits 1.36  spf 29.8  z0 0.02  garr 32.1  tG 397  e2 0.26  nF 22.2  pS 0.36  ptS 0.35  fLog 0.43  pdΔ -0.1448  pkR 14.34  clip 0.00  kl +0.000 align[spf 33.8 e2 0.29 z0 0.03 n=4]
upd   12  steps  425984  sps 4621  opp strn  loss -0.155  pg +0.0003  v 0.003  ev +0.94  adv_std 0.079  tR +0.05  ent[s/d/p/e] 1.63/1.98/0.87/0.56  emits 1.35  spf 29.0  z0 0.01  garr 32.2  tG 374  e2 0.26  nF 22.8  pS 0.34  ptS 0.34  fLog 0.43  pdΔ -0.1561  pkR 13.87  clip 0.00  kl +0.000 align[spf 32.9 e2 0.28 z0 0.02 n=5]
upd   13  steps  458752  sps 4877  opp strn  loss -0.158  pg +0.0000  v 0.004  ev +0.90  adv_std 0.093  tR -0.14  ent[s/d/p/e] 1.69/2.01/0.88/0.56  emits 1.36  spf 29.0  z0 0.01  garr 33.4  tG 369  e2 0.26  nF 22.0  pS 0.37  ptS 0.36  fLog 0.44  pdΔ -0.1348  pkR 8.64  clip 0.00  kl +0.000 align[spf 32.2 e2 0.28 z0 0.02 n=6]
upd   14  steps  491520  sps 5139  opp rand  loss -0.155  pg -0.0002  v 0.004  ev +0.93  adv_std 0.091  tR +0.28  ent[s/d/p/e] 1.64/2.04/0.82/0.56  emits 1.36  spf 27.8  z0 0.02  garr 29.5  tG 350  e2 0.26  nF 22.3  pS 0.35  ptS 0.35  fLog 0.43  pdΔ -0.1496  pkR 11.76  clip 0.00  kl +0.001 align[spf 32.2 e2 0.28 z0 0.02 n=6]
upd   15  steps  524288  sps 5376  opp frzn  loss -0.158  pg -0.0001  v 0.003  ev +0.95  adv_std 0.076  tR +0.20  ent[s/d/p/e] 1.62/2.07/0.82/0.58  emits 1.39  spf 27.7  z0 0.01  garr 29.9  tG 328  e2 0.28  nF 22.3  pS 0.34  ptS 0.34  fLog 0.43  pdΔ -0.1621  pkR 11.60  clip 0.00  kl +0.001 align[spf 31.6 e2 0.28 z0 0.02 n=7]
upd   16  steps  557056  sps 5604  opp frzn  loss -0.168  pg +0.0000  v 0.003  ev +0.92  adv_std 0.083  tR -0.22  ent[s/d/p/e] 1.82/2.16/0.91/0.58  emits 1.38  spf 36.9  z0 0.01  garr 41.8  tG 486  e2 0.28  nF 19.6  pS 0.41  ptS 0.41  fLog 0.47  pdΔ -0.0949  pkR 6.92  clip 0.00  kl +0.001 align[spf 32.2 e2 0.28 z0 0.02 n=8]
upd   17  steps  589824  sps 5841  opp rand  loss -0.155  pg -0.0001  v 0.005  ev +0.92  adv_std 0.101  tR +0.17  ent[s/d/p/e] 1.62/2.06/0.81/0.57  emits 1.34  spf 28.4  z0 0.02  garr 29.9  tG 355  e2 0.25  nF 21.3  pS 0.35  ptS 0.34  fLog 0.43  pdΔ -0.1490  pkR 11.67  clip 0.00  kl +0.000 align[spf 32.2 e2 0.28 z0 0.02 n=8]
upd   18  steps  622592  sps 6070  opp rand  loss -0.155  pg +0.0002  v 0.003  ev +0.96  adv_std 0.080  tR +0.36  ent[s/d/p/e] 1.61/2.07/0.79/0.57  emits 1.33  spf 27.3  z0 0.03  garr 29.2  tG 374  e2 0.25  nF 21.5  pS 0.35  ptS 0.34  fLog 0.42  pdΔ -0.1514  pkR 13.10  clip 0.01  kl +0.001 align[spf 32.2 e2 0.28 z0 0.02 n=8]
upd   19  steps  655360  sps 6274  opp strn  loss -0.156  pg -0.0004  v 0.003  ev +0.95  adv_std 0.072  tR +0.16  ent[s/d/p/e] 1.62/2.02/0.83/0.56  emits 1.37  spf 26.8  z0 0.01  garr 28.8  tG 330  e2 0.27  nF 24.8  pS 0.33  ptS 0.34  fLog 0.42  pdΔ -0.1696  pkR 11.66  clip 0.01  kl +0.002 align[spf 31.6 e2 0.28 z0 0.02 n=9]
upd   20  steps  688128  sps 6471  opp strn  loss -0.161  pg +0.0007  v 0.004  ev +0.91  adv_std 0.090  tR -0.34  ent[s/d/p/e] 1.74/2.06/0.89/0.57  emits 1.36  spf 32.3  z0 0.01  garr 36.7  tG 416  e2 0.27  nF 22.2  pS 0.38  ptS 0.38  fLog 0.45  pdΔ -0.1194  pkR 10.36  clip 0.01  kl +0.001 align[spf 31.7 e2 0.28 z0 0.02 n=10]
upd   21  steps  720896  sps 6680  opp rand  loss -0.150  pg +0.0006  v 0.004  ev +0.93  adv_std 0.092  tR +0.23  ent[s/d/p/e] 1.55/1.98/0.80/0.56  emits 1.33  spf 24.4  z0 0.02  garr 26.3  tG 300  e2 0.25  nF 22.0  pS 0.32  ptS 0.32  fLog 0.41  pdΔ -0.1781  pkR 13.73  clip 0.00  kl +0.001 align[spf 31.7 e2 0.28 z0 0.02 n=10]
upd   22  steps  753664  sps 6864  opp frzn  loss -0.160  pg -0.0003  v 0.003  ev +0.95  adv_std 0.073  tR +0.05  ent[s/d/p/e] 1.70/2.02/0.88/0.58  emits 1.42  spf 27.2  z0 0.02  garr 30.2  tG 346  e2 0.30  nF 21.9  pS 0.36  ptS 0.36  fLog 0.44  pdΔ -0.1362  pkR 10.84  clip 0.00  kl +0.001 align[spf 31.3 e2 0.28 z0 0.02 n=11]
upd   23  steps  786432  sps 7042  opp strn  loss -0.165  pg -0.0001  v 0.003  ev +0.92  adv_std 0.083  tR -0.16  ent[s/d/p/e] 1.79/2.08/0.89/0.58  emits 1.45  spf 33.4  z0 0.00  garr 36.9  tG 425  e2 0.30  nF 22.3  pS 0.39  ptS 0.39  fLog 0.46  pdΔ -0.1084  pkR 9.14  clip 0.00  kl +0.001 align[spf 31.5 e2 0.28 z0 0.02 n=12]
upd   24  steps  819200  sps 7214  opp strn  loss -0.160  pg +0.0004  v 0.004  ev +0.90  adv_std 0.094  tR -0.05  ent[s/d/p/e] 1.72/2.03/0.88/0.59  emits 1.41  spf 31.3  z0 0.01  garr 34.3  tG 398  e2 0.29  nF 22.6  pS 0.36  ptS 0.37  fLog 0.44  pdΔ -0.1363  pkR 11.46  clip 0.00  kl +0.001 align[spf 31.5 e2 0.28 z0 0.02 n=13]
upd   25  steps  851968  sps 7380  opp strn  loss -0.160  pg +0.0007  v 0.004  ev +0.92  adv_std 0.084  tR +0.01  ent[s/d/p/e] 1.69/2.06/0.88/0.58  emits 1.39  spf 30.8  z0 0.02  garr 32.8  tG 383  e2 0.28  nF 21.1  pS 0.36  ptS 0.36  fLog 0.44  pdΔ -0.1382  pkR 9.95  clip 0.01  kl +0.001 align[spf 31.4 e2 0.28 z0 0.02 n=14]
upd   26  steps  884736  sps 7541  opp strn  loss -0.155  pg -0.0002  v 0.004  ev +0.91  adv_std 0.085  tR -0.30  ent[s/d/p/e] 1.63/1.96/0.88/0.57  emits 1.40  spf 29.0  z0 0.01  garr 30.0  tG 329  e2 0.28  nF 22.7  pS 0.34  ptS 0.34  fLog 0.43  pdΔ -0.1594  pkR 9.63  clip 0.01  kl +0.002 align[spf 31.2 e2 0.28 z0 0.01 n=15]
upd   27  steps  917504  sps 7697  opp strn  loss -0.162  pg +0.0002  v 0.004  ev +0.91  adv_std 0.092  tR -0.11  ent[s/d/p/e] 1.76/2.05/0.88/0.59  emits 1.46  spf 31.2  z0 0.01  garr 32.6  tG 382  e2 0.31  nF 21.9  pS 0.38  ptS 0.38  fLog 0.45  pdΔ -0.1170  pkR 9.17  clip 0.01  kl +0.002 align[spf 31.2 e2 0.28 z0 0.01 n=16]
upd   28  steps  950272  sps 7848  opp strn  loss -0.155  pg +0.0009  v 0.003  ev +0.94  adv_std 0.079  tR -0.13  ent[s/d/p/e] 1.63/1.99/0.87/0.58  emits 1.40  spf 31.4  z0 0.01  garr 32.8  tG 365  e2 0.28  nF 22.5  pS 0.34  ptS 0.34  fLog 0.44  pdΔ -0.1581  pkR 12.98  clip 0.01  kl +0.001 align[spf 31.3 e2 0.28 z0 0.01 n=17]
upd   29  steps  983040  sps 7994  opp buf  loss -0.169  pg -0.0000  v 0.004  ev +0.95  adv_std 0.095  tR -0.16  ent[s/d/p/e] 1.86/2.19/0.88/0.56  emits 1.32  spf 33.2  z0 0.08  garr 35.7  tG 611  e2 0.27  nF 22.7  pS 0.36  ptS 0.36  fLog 0.45  pdΔ -0.1361  pkR 28.79  clip 0.01  kl +0.002 align[spf 31.3 e2 0.28 z0 0.01 n=17]
upd   30  steps 1015808  sps 8136  opp strn  loss -0.158  pg -0.0001  v 0.002  ev +0.97  adv_std 0.065  tR +0.10  ent[s/d/p/e] 1.65/2.13/0.79/0.54  emits 1.31  spf 30.9  z0 0.05  garr 33.4  tG 684  e2 0.24  nF 23.7  pS 0.31  ptS 0.31  fLog 0.42  pdΔ -0.1945  pkR 20.49  clip 0.01  kl +0.002 align[spf 31.2 e2 0.28 z0 0.02 n=18]
upd   31  steps 1048576  sps 8274  opp strn  loss -0.167  pg +0.0001  v 0.002  ev +0.95  adv_std 0.070  tR -0.20  ent[s/d/p/e] 1.81/2.12/0.90/0.59  emits 1.39  spf 36.3  z0 0.02  garr 38.1  tG 551  e2 0.29  nF 21.7  pS 0.38  ptS 0.37  fLog 0.46  pdΔ -0.1224  pkR 24.32  clip 0.02  kl +0.002 align[spf 31.5 e2 0.28 z0 0.02 n=19]
upd   32  steps 1081344  sps 8407  opp strn  loss -0.155  pg +0.0002  v 0.004  ev +0.90  adv_std 0.092  tR -0.17  ent[s/d/p/e] 1.61/2.02/0.85/0.57  emits 1.37  spf 29.7  z0 0.01  garr 31.8  tG 345  e2 0.27  nF 22.3  pS 0.34  ptS 0.34  fLog 0.43  pdΔ -0.1615  pkR 12.91  clip 0.01  kl +0.002 align[spf 31.4 e2 0.28 z0 0.02 n=20]
upd   33  steps 1114112  sps 8537  opp buf  loss -0.170  pg +0.0003  v 0.003  ev +0.96  adv_std 0.080  tR -0.02  ent[s/d/p/e] 1.86/2.24/0.87/0.57  emits 1.31  spf 33.2  z0 0.07  garr 34.6  tG 553  e2 0.26  nF 21.7  pS 0.37  ptS 0.37  fLog 0.45  pdΔ -0.1282  pkR 16.91  clip 0.01  kl +0.001 align[spf 31.4 e2 0.28 z0 0.02 n=20]
upd   34  steps 1146880  sps 8663  opp strn  loss -0.166  pg -0.0001  v 0.002  ev +0.97  adv_std 0.068  tR +0.29  ent[s/d/p/e] 1.80/2.22/0.83/0.55  emits 1.36  spf 35.8  z0 0.03  garr 40.8  tG 830  e2 0.26  nF 23.2  pS 0.37  ptS 0.37  fLog 0.44  pdΔ -0.1314  pkR 14.21  clip 0.02  kl +0.002 align[spf 31.7 e2 0.28 z0 0.02 n=20]
upd   35  steps 1179648  sps 8805  opp rand  loss -0.154  pg +0.0003  v 0.003  ev +0.96  adv_std 0.072  tR +0.19  ent[s/d/p/e] 1.62/2.03/0.81/0.55  emits 1.33  spf 28.3  z0 0.02  garr 31.0  tG 456  e2 0.24  nF 20.6  pS 0.33  ptS 0.33  fLog 0.43  pdΔ -0.1656  pkR 24.80  clip 0.01  kl +0.002 align[spf 31.7 e2 0.28 z0 0.02 n=20]
upd   36  steps 1212416  sps 8944  opp rand  loss -0.151  pg +0.0004  v 0.004  ev +0.95  adv_std 0.087  tR +0.19  ent[s/d/p/e] 1.57/2.01/0.79/0.56  emits 1.36  spf 26.3  z0 0.02  garr 26.7  tG 312  e2 0.25  nF 21.5  pS 0.33  ptS 0.32  fLog 0.42  pdΔ -0.1747  pkR 11.81  clip 0.02  kl +0.002 align[spf 31.7 e2 0.28 z0 0.02 n=20]
upd   37  steps 1245184  sps 9060  opp strn  loss -0.154  pg +0.0009  v 0.003  ev +0.95  adv_std 0.074  tR +0.07  ent[s/d/p/e] 1.60/2.01/0.85/0.57  emits 1.36  spf 28.1  z0 0.02  garr 29.8  tG 348  e2 0.26  nF 22.7  pS 0.33  ptS 0.33  fLog 0.42  pdΔ -0.1728  pkR 14.35  clip 0.02  kl +0.002 align[spf 31.3 e2 0.28 z0 0.01 n=20]
upd   38  steps 1277952  sps 9173  opp strn  loss -0.158  pg +0.0007  v 0.003  ev +0.93  adv_std 0.080  tR -0.30  ent[s/d/p/e] 1.70/2.01/0.88/0.56  emits 1.37  spf 32.5  z0 0.01  garr 34.8  tG 398  e2 0.27  nF 21.9  pS 0.36  ptS 0.36  fLog 0.45  pdΔ -0.1406  pkR 10.23  clip 0.01  kl +0.001 align[spf 31.1 e2 0.28 z0 0.01 n=20]
upd   39  steps 1310720  sps 9283  opp buf  loss -0.172  pg +0.0008  v 0.004  ev +0.96  adv_std 0.087  tR -0.02  ent[s/d/p/e] 1.94/2.27/0.87/0.57  emits 1.33  spf 35.5  z0 0.08  garr 35.9  tG 611  e2 0.27  nF 22.1  pS 0.38  ptS 0.37  fLog 0.46  pdΔ -0.1216  pkR 17.15  clip 0.02  kl +0.002 align[spf 31.1 e2 0.28 z0 0.01 n=20]
upd   40  steps 1343488  sps 9390  opp strn  loss -0.168  pg +0.0001  v 0.002  ev +0.96  adv_std 0.071  tR +0.25  ent[s/d/p/e] 1.84/2.23/0.83/0.55  emits 1.37  spf 35.2  z0 0.04  garr 40.2  tG 842  e2 0.27  nF 23.4  pS 0.37  ptS 0.37  fLog 0.45  pdΔ -0.1298  pkR 17.49  clip 0.02  kl +0.002 align[spf 31.2 e2 0.27 z0 0.01 n=20]
upd   41  steps 1376256  sps 9494  opp frzn  loss -0.169  pg +0.0002  v 0.003  ev +0.94  adv_std 0.073  tR -0.10  ent[s/d/p/e] 1.85/2.16/0.88/0.59  emits 1.40  spf 36.0  z0 0.02  garr 37.9  tG 502  e2 0.29  nF 22.2  pS 0.39  ptS 0.39  fLog 0.46  pdΔ -0.1086  pkR 16.36  clip 0.01  kl +0.002 align[spf 31.6 e2 0.28 z0 0.01 n=20]
upd   42  steps 1409024  sps 9614  opp rand  loss -0.151  pg +0.0002  v 0.004  ev +0.94  adv_std 0.095  tR +0.14  ent[s/d/p/e] 1.56/2.02/0.77/0.57  emits 1.34  spf 26.5  z0 0.02  garr 27.5  tG 318  e2 0.25  nF 21.6  pS 0.32  ptS 0.32  fLog 0.42  pdΔ -0.1774  pkR 12.80  clip 0.02  kl +0.002 align[spf 31.6 e2 0.28 z0 0.01 n=20]
upd   43  steps 1441792  sps 9713  opp strn  loss -0.159  pg -0.0001  v 0.002  ev +0.96  adv_std 0.067  tR +0.28  ent[s/d/p/e] 1.70/2.00/0.87/0.58  emits 1.41  spf 28.4  z0 0.01  garr 31.6  tG 362  e2 0.29  nF 22.3  pS 0.36  ptS 0.36  fLog 0.44  pdΔ -0.1419  pkR 10.91  clip 0.02  kl +0.003 align[spf 31.5 e2 0.28 z0 0.01 n=20]
upd   44  steps 1474560  sps 9829  opp rand  loss -0.160  pg +0.0003  v 0.004  ev +0.94  adv_std 0.091  tR +0.14  ent[s/d/p/e] 1.71/2.12/0.81/0.58  emits 1.38  spf 31.2  z0 0.02  garr 32.8  tG 413  e2 0.27  nF 20.6  pS 0.38  ptS 0.37  fLog 0.44  pdΔ -0.1227  pkR 9.73  clip 0.01  kl +0.002 align[spf 31.5 e2 0.28 z0 0.01 n=20]
upd   45  steps 1507328  sps 9923  opp strn  loss -0.161  pg +0.0001  v 0.003  ev +0.94  adv_std 0.074  tR +0.24  ent[s/d/p/e] 1.70/2.09/0.83/0.60  emits 1.44  spf 29.5  z0 0.02  garr 29.7  tG 341  e2 0.30  nF 23.2  pS 0.36  ptS 0.35  fLog 0.44  pdΔ -0.1418  pkR 13.76  clip 0.01  kl +0.002 align[spf 31.6 e2 0.28 z0 0.02 n=20]
upd   46  steps 1540096  sps 10034  opp rand  loss -0.157  pg -0.0000  v 0.004  ev +0.94  adv_std 0.095  tR +0.20  ent[s/d/p/e] 1.67/2.10/0.79/0.56  emits 1.34  spf 29.2  z0 0.03  garr 29.9  tG 375  e2 0.26  nF 20.7  pS 0.36  ptS 0.36  fLog 0.43  pdΔ -0.1398  pkR 11.68  clip 0.02  kl +0.002 align[spf 31.6 e2 0.28 z0 0.02 n=20]
upd   47  steps 1572864  sps 10142  opp rand  loss -0.156  pg +0.0009  v 0.003  ev +0.95  adv_std 0.080  tR +0.35  ent[s/d/p/e] 1.66/2.06/0.81/0.56  emits 1.35  spf 27.0  z0 0.02  garr 29.0  tG 358  e2 0.26  nF 22.1  pS 0.35  ptS 0.35  fLog 0.43  pdΔ -0.1467  pkR 11.59  clip 0.02  kl +0.002 align[spf 31.6 e2 0.28 z0 0.02 n=20]
upd   48  steps 1605632  sps 10249  opp rand  loss -0.157  pg +0.0002  v 0.003  ev +0.95  adv_std 0.083  tR +0.46  ent[s/d/p/e] 1.66/2.09/0.78/0.57  emits 1.36  spf 29.3  z0 0.02  garr 31.2  tG 395  e2 0.26  nF 22.3  pS 0.36  ptS 0.35  fLog 0.43  pdΔ -0.1377  pkR 12.02  clip 0.02  kl +0.002 align[spf 31.6 e2 0.28 z0 0.02 n=20]
[eval_vs_v20] u49 tag=train_u49  bin0=2.9%  spf=10.15  garr=69.36  flip=4.53%  z0=0.7%  e8=0.0%  e2+=2.9%  WLD=0/3/0
upd   49  steps 1638400  sps 10354  opp rand  loss -0.158  pg +0.0006  v 0.003  ev +0.96  adv_std 0.073  tR +0.16  ent[s/d/p/e] 1.72/2.06/0.80/0.58  emits 1.43  spf 29.1  z0 0.03  garr 31.7  tG 395  e2 0.29  nF 21.4  pS 0.36  ptS 0.35  fLog 0.43  pdΔ -0.1387  pkR 12.34  clip 0.01  kl +0.002 align[spf 31.6 e2 0.28 z0 0.02 n=20] WRr 0.78 WRf 0.59 v20[spf 10.2 flip 4.5% e2+ 2.9%]
[ckpt] saved ./ckpt_multi_action_v11_f44_align/ckpt_000049.pkl opp=rand
upd   50  steps 1671168  sps 6629  opp rand  loss -0.157  pg +0.0005  v 0.003  ev +0.96  adv_std 0.079  tR +0.30  ent[s/d/p/e] 1.68/2.07/0.79/0.57  emits 1.40  spf 28.5  z0 0.02  garr 31.7  tG 412  e2 0.28  nF 22.0  pS 0.36  ptS 0.36  fLog 0.42  pdΔ -0.1395  pkR 11.83  clip 0.01  kl +0.002 align[spf 31.6 e2 0.28 z0 0.02 n=20]
upd   51  steps 1703936  sps 6717  opp rand  loss -0.158  pg +0.0004  v 0.002  ev +0.96  adv_std 0.071  tR +0.45  ent[s/d/p/e] 1.68/2.09/0.78/0.59  emits 1.41  spf 27.3  z0 0.02  garr 29.6  tG 357  e2 0.28  nF 22.3  pS 0.35  ptS 0.35  fLog 0.43  pdΔ -0.1461  pkR 15.85  clip 0.02  kl +0.003 align[spf 31.6 e2 0.28 z0 0.02 n=20]
upd   52  steps 1736704  sps 6796  opp strn  loss -0.156  pg +0.0006  v 0.003  ev +0.95  adv_std 0.077  tR +0.06  ent[s/d/p/e] 1.68/1.99/0.82/0.57  emits 1.39  spf 28.2  z0 0.02  garr 31.3  tG 365  e2 0.28  nF 22.7  pS 0.35  ptS 0.35  fLog 0.43  pdΔ -0.1531  pkR 10.23  clip 0.03  kl +0.003 align[spf 31.2 e2 0.28 z0 0.02 n=20]
upd   53  steps 1769472  sps 6874  opp strn  loss -0.155  pg +0.0007  v 0.003  ev +0.93  adv_std 0.080  tR -0.40  ent[s/d/p/e] 1.67/2.00/0.83/0.57  emits 1.41  spf 29.7  z0 0.01  garr 33.1  tG 370  e2 0.28  nF 21.8  pS 0.34  ptS 0.35  fLog 0.43  pdΔ -0.1558  pkR 10.41  clip 0.01  kl +0.001 align[spf 31.3 e2 0.28 z0 0.02 n=20]
upd   54  steps 1802240  sps 6959  opp rand  loss -0.154  pg +0.0006  v 0.004  ev +0.93  adv_std 0.095  tR +0.19  ent[s/d/p/e] 1.65/2.04/0.79/0.57  emits 1.39  spf 27.8  z0 0.02  garr 29.3  tG 343  e2 0.27  nF 21.6  pS 0.34  ptS 0.34  fLog 0.43  pdΔ -0.1608  pkR 12.59  clip 0.02  kl +0.002 align[spf 31.3 e2 0.28 z0 0.02 n=20]
upd   55  steps 1835008  sps 7035  opp buf  loss -0.179  pg -0.0001  v 0.003  ev +0.96  adv_std 0.084  tR +0.00  ent[s/d/p/e] 2.02/2.38/0.83/0.58  emits 1.42  spf 35.8  z0 0.08  garr 39.5  tG 774  e2 0.30  nF 23.2  pS 0.40  ptS 0.39  fLog 0.46  pdΔ -0.1048  pkR 24.98  clip 0.03  kl +0.004 align[spf 31.3 e2 0.28 z0 0.02 n=20]
upd   56  steps 1867776  sps 7117  opp rand  loss -0.166  pg +0.0006  v 0.002  ev +0.97  adv_std 0.068  tR +0.26  ent[s/d/p/e] 1.85/2.26/0.74/0.55  emits 1.41  spf 36.2  z0 0.05  garr 41.6  tG 953  e2 0.27  nF 23.8  pS 0.37  ptS 0.36  fLog 0.44  pdΔ -0.1340  pkR 20.04  clip 0.03  kl +0.003 align[spf 31.3 e2 0.28 z0 0.02 n=20]
upd   57  steps 1900544  sps 7191  opp frzn  loss -0.154  pg +0.0004  v 0.002  ev +0.96  adv_std 0.066  tR +0.13  ent[s/d/p/e] 1.62/2.01/0.81/0.56  emits 1.38  spf 28.3  z0 0.02  garr 30.1  tG 464  e2 0.27  nF 23.7  pS 0.32  ptS 0.32  fLog 0.42  pdΔ -0.1774  pkR 25.52  clip 0.02  kl +0.002 align[spf 31.1 e2 0.28 z0 0.02 n=20]
upd   58  steps 1933312  sps 7263  opp frzn  loss -0.158  pg +0.0006  v 0.004  ev +0.92  adv_std 0.090  tR -0.16  ent[s/d/p/e] 1.69/2.07/0.81/0.59  emits 1.42  spf 28.9  z0 0.01  garr 30.5  tG 339  e2 0.29  nF 22.6  pS 0.34  ptS 0.35  fLog 0.44  pdΔ -0.1558  pkR 12.02  clip 0.02  kl +0.003 align[spf 31.2 e2 0.28 z0 0.02 n=20]
upd   59  steps 1966080  sps 7335  opp strn  loss -0.159  pg +0.0007  v 0.003  ev +0.93  adv_std 0.082  tR -0.28  ent[s/d/p/e] 1.70/2.06/0.82/0.59  emits 1.45  spf 29.8  z0 0.01  garr 31.5  tG 366  e2 0.30  nF 23.7  pS 0.35  ptS 0.35  fLog 0.44  pdΔ -0.1478  pkR 12.70  clip 0.02  kl +0.002 align[spf 31.0 e2 0.28 z0 0.02 n=20]
upd   60  steps 1998848  sps 7406  opp frzn  loss -0.158  pg +0.0002  v 0.004  ev +0.93  adv_std 0.089  tR +0.00  ent[s/d/p/e] 1.70/2.08/0.79/0.58  emits 1.43  spf 30.4  z0 0.01  garr 32.9  tG 404  e2 0.29  nF 22.3  pS 0.36  ptS 0.36  fLog 0.44  pdΔ -0.1355  pkR 9.85  clip 0.03  kl +0.004 align[spf 31.0 e2 0.28 z0 0.02 n=20]
upd   61  steps 2031616  sps 7483  opp rand  loss -0.155  pg +0.0005  v 0.004  ev +0.94  adv_std 0.089  tR +0.45  ent[s/d/p/e] 1.70/2.01/0.79/0.57  emits 1.44  spf 26.3  z0 0.02  garr 28.2  tG 336  e2 0.30  nF 23.3  pS 0.35  ptS 0.35  fLog 0.42  pdΔ -0.1528  pkR 15.68  clip 0.02  kl +0.002 align[spf 31.0 e2 0.28 z0 0.02 n=20]
upd   62  steps 2064384  sps 7552  opp strn  loss -0.152  pg +0.0008  v 0.003  ev +0.94  adv_std 0.081  tR -0.12  ent[s/d/p/e] 1.58/1.99/0.80/0.58  emits 1.40  spf 25.6  z0 0.01  garr 28.0  tG 303  e2 0.28  nF 22.1  pS 0.32  ptS 0.32  fLog 0.42  pdΔ -0.1843  pkR 13.84  clip 0.03  kl +0.004 align[spf 30.7 e2 0.28 z0 0.02 n=20]
upd   63  steps 2097152  sps 7620  opp strn  loss -0.165  pg +0.0005  v 0.003  ev +0.93  adv_std 0.082  tR -0.24  ent[s/d/p/e] 1.81/2.12/0.86/0.58  emits 1.41  spf 36.4  z0 0.01  garr 41.3  tG 492  e2 0.29  nF 21.8  pS 0.39  ptS 0.39  fLog 0.46  pdΔ -0.1068  pkR 12.16  clip 0.02  kl +0.002 align[spf 31.1 e2 0.28 z0 0.02 n=20]
upd   64  steps 2129920  sps 7695  opp rand  loss -0.156  pg +0.0013  v 0.005  ev +0.92  adv_std 0.103  tR +0.12  ent[s/d/p/e] 1.69/2.09/0.78/0.59  emits 1.40  spf 27.1  z0 0.02  garr 29.0  tG 344  e2 0.27  nF 21.7  pS 0.36  ptS 0.35  fLog 0.43  pdΔ -0.1444  pkR 12.08  clip 0.02  kl +0.003 align[spf 31.1 e2 0.28 z0 0.02 n=20]
upd   65  steps 2162688  sps 7761  opp frzn  loss -0.153  pg -0.0001  v 0.003  ev +0.95  adv_std 0.074  tR +0.14  ent[s/d/p/e] 1.58/2.00/0.81/0.57  emits 1.37  spf 25.5  z0 0.01  garr 27.5  tG 309  e2 0.26  nF 22.7  pS 0.32  ptS 0.32  fLog 0.41  pdΔ -0.1800  pkR 13.23  clip 0.03  kl +0.004 align[spf 30.8 e2 0.28 z0 0.02 n=20]
upd   66  steps 2195456  sps 7834  opp rand  loss -0.149  pg +0.0012  v 0.005  ev +0.92  adv_std 0.099  tR +0.05  ent[s/d/p/e] 1.59/1.95/0.82/0.55  emits 1.36  spf 24.4  z0 0.02  garr 25.4  tG 272  e2 0.25  nF 21.3  pS 0.32  ptS 0.31  fLog 0.42  pdΔ -0.1847  pkR 14.74  clip 0.04  kl +0.004 align[spf 30.8 e2 0.28 z0 0.02 n=20]
upd   67  steps 2228224  sps 7898  opp frzn  loss -0.158  pg +0.0006  v 0.003  ev +0.95  adv_std 0.073  tR +0.21  ent[s/d/p/e] 1.67/2.02/0.88/0.57  emits 1.40  spf 27.8  z0 0.01  garr 31.4  tG 349  e2 0.28  nF 21.3  pS 0.36  ptS 0.35  fLog 0.43  pdΔ -0.1442  pkR 9.91  clip 0.03  kl +0.003 align[spf 30.7 e2 0.28 z0 0.02 n=20]
upd   68  steps 2260992  sps 7961  opp strn  loss -0.162  pg +0.0003  v 0.004  ev +0.92  adv_std 0.087  tR -0.40  ent[s/d/p/e] 1.76/2.03/0.90/0.58  emits 1.39  spf 35.2  z0 0.01  garr 38.5  tG 414  e2 0.28  nF 20.2  pS 0.37  ptS 0.37  fLog 0.46  pdΔ -0.1333  pkR 7.91  clip 0.02  kl +0.003 align[spf 30.9 e2 0.28 z0 0.01 n=20]
upd   69  steps 2293760  sps 8024  opp strn  loss -0.159  pg +0.0008  v 0.003  ev +0.93  adv_std 0.083  tR -0.12  ent[s/d/p/e] 1.73/2.03/0.85/0.58  emits 1.41  spf 31.4  z0 0.01  garr 34.4  tG 399  e2 0.28  nF 21.4  pS 0.37  ptS 0.37  fLog 0.44  pdΔ -0.1264  pkR 10.75  clip 0.02  kl +0.002 align[spf 30.6 e2 0.28 z0 0.01 n=20]
upd   70  steps 2326528  sps 8086  opp strn  loss -0.158  pg +0.0005  v 0.004  ev +0.92  adv_std 0.089  tR -0.17  ent[s/d/p/e] 1.72/2.03/0.85/0.57  emits 1.40  spf 32.3  z0 0.01  garr 36.0  tG 421  e2 0.27  nF 21.9  pS 0.37  ptS 0.37  fLog 0.44  pdΔ -0.1332  pkR 11.22  clip 0.03  kl +0.003 align[spf 30.8 e2 0.28 z0 0.01 n=20]
upd   71  steps 2359296  sps 8155  opp rand  loss -0.149  pg +0.0007  v 0.004  ev +0.94  adv_std 0.089  tR +0.18  ent[s/d/p/e] 1.55/1.99/0.78/0.54  emits 1.34  spf 26.6  z0 0.02  garr 26.8  tG 325  e2 0.24  nF 22.2  pS 0.31  ptS 0.31  fLog 0.41  pdΔ -0.1862  pkR 23.57  clip 0.02  kl +0.003 align[spf 30.8 e2 0.28 z0 0.01 n=20]
upd   72  steps 2392064  sps 8215  opp strn  loss -0.151  pg +0.0007  v 0.003  ev +0.95  adv_std 0.071  tR +0.24  ent[s/d/p/e] 1.60/1.93/0.86/0.54  emits 1.33  spf 25.9  z0 0.01  garr 28.3  tG 313  e2 0.24  nF 22.6  pS 0.33  ptS 0.33  fLog 0.42  pdΔ -0.1744  pkR 12.11  clip 0.02  kl +0.003 align[spf 30.3 e2 0.28 z0 0.01 n=20]
upd   73  steps 2424832  sps 8274  opp strn  loss -0.158  pg +0.0004  v 0.004  ev +0.92  adv_std 0.089  tR -0.26  ent[s/d/p/e] 1.69/2.06/0.84/0.56  emits 1.33  spf 30.8  z0 0.00  garr 34.4  tG 379  e2 0.24  nF 21.5  pS 0.36  ptS 0.36  fLog 0.44  pdΔ -0.1400  pkR 8.61  clip 0.02  kl +0.003 align[spf 30.4 e2 0.28 z0 0.01 n=20]
upd   74  steps 2457600  sps 8333  opp strn  loss -0.158  pg +0.0006  v 0.003  ev +0.93  adv_std 0.077  tR -0.23  ent[s/d/p/e] 1.69/2.01/0.87/0.57  emits 1.38  spf 30.0  z0 0.01  garr 33.2  tG 372  e2 0.26  nF 22.2  pS 0.36  ptS 0.36  fLog 0.44  pdΔ -0.1357  pkR 7.86  clip 0.02  kl +0.002 align[spf 30.3 e2 0.28 z0 0.01 n=20]
upd   75  steps 2490368  sps 8391  opp buf  loss -0.168  pg +0.0009  v 0.004  ev +0.95  adv_std 0.095  tR -0.04  ent[s/d/p/e] 1.84/2.25/0.86/0.57  emits 1.26  spf 30.4  z0 0.09  garr 31.4  tG 499  e2 0.23  nF 22.4  pS 0.35  ptS 0.34  fLog 0.44  pdΔ -0.1525  pkR 18.81  clip 0.02  kl +0.003 align[spf 30.3 e2 0.28 z0 0.01 n=20]
upd   76  steps 2523136  sps 8448  opp strn  loss -0.160  pg +0.0007  v 0.003  ev +0.96  adv_std 0.072  tR +0.26  ent[s/d/p/e] 1.71/2.14/0.80/0.56  emits 1.33  spf 29.2  z0 0.03  garr 32.9  tG 639  e2 0.24  nF 23.2  pS 0.32  ptS 0.32  fLog 0.42  pdΔ -0.1825  pkR 19.60  clip 0.03  kl +0.003 align[spf 30.0 e2 0.28 z0 0.01 n=20]
upd   77  steps 2555904  sps 8504  opp strn  loss -0.159  pg +0.0010  v 0.003  ev +0.96  adv_std 0.074  tR -0.04  ent[s/d/p/e] 1.73/2.03/0.87/0.57  emits 1.37  spf 29.6  z0 0.01  garr 34.0  tG 463  e2 0.26  nF 21.7  pS 0.35  ptS 0.36  fLog 0.43  pdΔ -0.1475  pkR 26.04  clip 0.02  kl +0.002 align[spf 29.6 e2 0.27 z0 0.01 n=20]
upd   78  steps 2588672  sps 8560  opp strn  loss -0.155  pg -0.0000  v 0.004  ev +0.92  adv_std 0.089  tR -0.04  ent[s/d/p/e] 1.64/1.97/0.83/0.58  emits 1.41  spf 27.6  z0 0.01  garr 30.8  tG 341  e2 0.28  nF 23.4  pS 0.35  ptS 0.34  fLog 0.43  pdΔ -0.1541  pkR 11.32  clip 0.02  kl +0.003 align[spf 29.6 e2 0.27 z0 0.01 n=20]
upd   79  steps 2621440  sps 8615  opp strn  loss -0.163  pg -0.0002  v 0.004  ev +0.93  adv_std 0.086  tR -0.12  ent[s/d/p/e] 1.75/2.11/0.86/0.58  emits 1.40  spf 33.0  z0 0.01  garr 37.7  tG 455  e2 0.27  nF 22.8  pS 0.39  ptS 0.39  fLog 0.45  pdΔ -0.1143  pkR 9.96  clip 0.02  kl +0.002 align[spf 29.8 e2 0.27 z0 0.01 n=20]
upd   80  steps 2654208  sps 8677  opp rand  loss -0.152  pg +0.0007  v 0.004  ev +0.94  adv_std 0.090  tR +0.24  ent[s/d/p/e] 1.59/2.01/0.81/0.56  emits 1.32  spf 28.1  z0 0.03  garr 30.6  tG 383  e2 0.24  nF 20.9  pS 0.34  ptS 0.34  fLog 0.43  pdΔ -0.1562  pkR 12.46  clip 0.02  kl +0.002 align[spf 29.8 e2 0.27 z0 0.01 n=20]
upd   81  steps 2686976  sps 8731  opp strn  loss -0.153  pg +0.0004  v 0.002  ev +0.95  adv_std 0.069  tR +0.17  ent[s/d/p/e] 1.55/2.01/0.83/0.58  emits 1.37  spf 24.9  z0 0.02  garr 27.7  tG 299  e2 0.26  nF 22.4  pS 0.31  ptS 0.31  fLog 0.42  pdΔ -0.1856  pkR 15.80  clip 0.01  kl +0.002 align[spf 29.6 e2 0.27 z0 0.01 n=20]
upd   82  steps 2719744  sps 8784  opp frzn  loss -0.160  pg +0.0004  v 0.004  ev +0.92  adv_std 0.089  tR -0.19  ent[s/d/p/e] 1.72/2.05/0.89/0.57  emits 1.38  spf 30.4  z0 0.01  garr 35.1  tG 403  e2 0.27  nF 21.8  pS 0.37  ptS 0.37  fLog 0.44  pdΔ -0.1303  pkR 11.56  clip 0.02  kl +0.003 align[spf 29.7 e2 0.27 z0 0.01 n=20]
upd   83  steps 2752512  sps 8845  opp rand  loss -0.152  pg +0.0003  v 0.004  ev +0.94  adv_std 0.087  tR +0.15  ent[s/d/p/e] 1.62/1.97/0.82/0.55  emits 1.36  spf 25.0  z0 0.03  garr 26.6  tG 306  e2 0.26  nF 22.3  pS 0.34  ptS 0.33  fLog 0.42  pdΔ -0.1608  pkR 13.12  clip 0.02  kl +0.002 align[spf 29.7 e2 0.27 z0 0.01 n=20]
upd   84  steps 2785280  sps 8896  opp buf  loss -0.171  pg +0.0009  v 0.003  ev +0.96  adv_std 0.084  tR +0.17  ent[s/d/p/e] 1.92/2.23/0.89/0.57  emits 1.34  spf 34.3  z0 0.06  garr 37.7  tG 669  e2 0.26  nF 22.7  pS 0.39  ptS 0.39  fLog 0.46  pdΔ -0.1088  pkR 15.68  clip 0.03  kl +0.003 align[spf 29.7 e2 0.27 z0 0.01 n=20]
upd   85  steps 2818048  sps 8947  opp strn  loss -0.162  pg +0.0002  v 0.002  ev +0.98  adv_std 0.060  tR +0.16  ent[s/d/p/e] 1.74/2.13/0.82/0.55  emits 1.35  spf 32.0  z0 0.04  garr 37.8  tG 792  e2 0.25  nF 24.4  pS 0.35  ptS 0.35  fLog 0.43  pdΔ -0.1502  pkR 16.65  clip 0.03  kl +0.003 align[spf 29.8 e2 0.27 z0 0.01 n=20]
upd   86  steps 2850816  sps 9006  opp rand  loss -0.154  pg -0.0000  v 0.003  ev +0.96  adv_std 0.078  tR +0.14  ent[s/d/p/e] 1.63/2.06/0.79/0.55  emits 1.29  spf 28.8  z0 0.05  garr 30.7  tG 488  e2 0.23  nF 22.4  pS 0.34  ptS 0.33  fLog 0.42  pdΔ -0.1629  pkR 24.21  clip 0.03  kl +0.003 align[spf 29.8 e2 0.27 z0 0.01 n=20]
upd   87  steps 2883584  sps 9056  opp strn  loss -0.152  pg +0.0006  v 0.002  ev +0.95  adv_std 0.068  tR +0.07  ent[s/d/p/e] 1.56/1.95/0.85/0.57  emits 1.37  spf 23.2  z0 0.02  garr 25.0  tG 256  e2 0.26  nF 21.9  pS 0.32  ptS 0.31  fLog 0.42  pdΔ -0.1849  pkR 13.30  clip 0.02  kl +0.002 align[spf 29.6 e2 0.27 z0 0.01 n=20]
upd   88  steps 2916352  sps 9106  opp buf  loss -0.177  pg +0.0004  v 0.003  ev +0.96  adv_std 0.082  tR +0.11  ent[s/d/p/e] 2.00/2.29/0.92/0.58  emits 1.37  spf 39.0  z0 0.06  garr 43.0  tG 764  e2 0.28  nF 20.9  pS 0.43  ptS 0.42  fLog 0.48  pdΔ -0.0712  pkR 14.67  clip 0.04  kl +0.004 align[spf 29.6 e2 0.27 z0 0.01 n=20]
upd   89  steps 2949120  sps 9154  opp buf  loss -0.186  pg +0.0005  v 0.002  ev +0.98  adv_std 0.067  tR +0.15  ent[s/d/p/e] 2.17/2.49/0.87/0.55  emits 1.27  spf 53.8  z0 0.10  garr 57.6  tG 1501  e2 0.24  nF 22.3  pS 0.43  ptS 0.42  fLog 0.49  pdΔ -0.0694  pkR 22.66  clip 0.02  kl +0.002 align[spf 29.6 e2 0.27 z0 0.01 n=20]
upd   90  steps 2981888  sps 9202  opp frzn  loss -0.159  pg +0.0004  v 0.002  ev +0.97  adv_std 0.064  tR +0.25  ent[s/d/p/e] 1.67/2.16/0.81/0.53  emits 1.29  spf 31.9  z0 0.04  garr 37.0  tG 828  e2 0.22  nF 24.1  pS 0.31  ptS 0.32  fLog 0.42  pdΔ -0.1898  pkR 20.11  clip 0.02  kl +0.003 align[spf 29.7 e2 0.26 z0 0.01 n=20]
upd   91  steps 3014656  sps 9250  opp buf  loss -0.165  pg +0.0004  v 0.002  ev +0.97  adv_std 0.071  tR -0.24  ent[s/d/p/e] 1.78/2.18/0.87/0.54  emits 1.20  spf 31.0  z0 0.11  garr 30.9  tG 577  e2 0.22  nF 22.9  pS 0.32  ptS 0.31  fLog 0.43  pdΔ -0.1845  pkR 31.18  clip 0.03  kl +0.003 align[spf 29.7 e2 0.26 z0 0.01 n=20]
upd   92  steps 3047424  sps 9306  opp rand  loss -0.165  pg +0.0005  v 0.003  ev +0.97  adv_std 0.073  tR +0.11  ent[s/d/p/e] 1.83/2.20/0.81/0.54  emits 1.30  spf 34.3  z0 0.07  garr 36.2  tG 804  e2 0.23  nF 22.0  pS 0.37  ptS 0.36  fLog 0.45  pdΔ -0.1350  pkR 13.42  clip 0.03  kl +0.003 align[spf 29.7 e2 0.26 z0 0.01 n=20]
upd   93  steps 3080192  sps 9352  opp buf  loss -0.173  pg +0.0001  v 0.003  ev +0.97  adv_std 0.072  tR +0.22  ent[s/d/p/e] 1.88/2.27/0.89/0.57  emits 1.34  spf 33.7  z0 0.07  garr 35.1  tG 630  e2 0.26  nF 23.0  pS 0.37  ptS 0.36  fLog 0.45  pdΔ -0.1255  pkR 18.75  clip 0.02  kl +0.003 align[spf 29.7 e2 0.26 z0 0.01 n=20]
upd   94  steps 3112960  sps 9398  opp strn  loss -0.168  pg +0.0010  v 0.003  ev +0.97  adv_std 0.075  tR +0.19  ent[s/d/p/e] 1.77/2.34/0.81/0.56  emits 1.34  spf 37.9  z0 0.04  garr 40.2  tG 943  e2 0.24  nF 22.3  pS 0.35  ptS 0.35  fLog 0.44  pdΔ -0.1450  pkR 16.70  clip 0.03  kl +0.003 align[spf 30.0 e2 0.26 z0 0.02 n=20]
upd   95  steps 3145728  sps 9452  opp rand  loss -0.158  pg +0.0007  v 0.002  ev +0.97  adv_std 0.064  tR +0.21  ent[s/d/p/e] 1.69/2.06/0.85/0.55  emits 1.35  spf 31.5  z0 0.03  garr 33.8  tG 518  e2 0.25  nF 20.0  pS 0.35  ptS 0.35  fLog 0.44  pdΔ -0.1456  pkR 22.45  clip 0.02  kl +0.003 align[spf 30.0 e2 0.26 z0 0.02 n=20]
upd   96  steps 3178496  sps 9497  opp buf  loss -0.173  pg +0.0010  v 0.004  ev +0.95  adv_std 0.089  tR +0.11  ent[s/d/p/e] 1.90/2.29/0.90/0.58  emits 1.36  spf 33.9  z0 0.07  garr 33.9  tG 647  e2 0.27  nF 22.1  pS 0.38  ptS 0.37  fLog 0.46  pdΔ -0.1202  pkR 18.19  clip 0.02  kl +0.003 align[spf 30.0 e2 0.26 z0 0.02 n=20]
upd   97  steps 3211264  sps 9550  opp rand  loss -0.169  pg +0.0009  v 0.002  ev +0.97  adv_std 0.070  tR +0.25  ent[s/d/p/e] 1.85/2.30/0.81/0.56  emits 1.36  spf 36.9  z0 0.05  garr 39.5  tG 901  e2 0.25  nF 21.3  pS 0.38  ptS 0.38  fLog 0.45  pdΔ -0.1201  pkR 19.16  clip 0.02  kl +0.003 align[spf 30.0 e2 0.26 z0 0.02 n=20]
upd   98  steps 3244032  sps 9602  opp rand  loss -0.162  pg +0.0006  v 0.003  ev +0.96  adv_std 0.072  tR +0.33  ent[s/d/p/e] 1.72/2.15/0.84/0.58  emits 1.40  spf 31.1  z0 0.04  garr 31.8  tG 527  e2 0.27  nF 21.8  pS 0.36  ptS 0.36  fLog 0.44  pdΔ -0.1369  pkR 25.60  clip 0.02  kl +0.002 align[spf 30.0 e2 0.26 z0 0.02 n=20]
[eval_vs_v20] u99 tag=train_u99  bin0=0.0%  spf=8.09  garr=51.73  flip=5.32%  z0=0.7%  e8=0.0%  e2+=0.0%  WLD=0/3/0
upd   99  steps 3276800  sps 9646  opp frzn  loss -0.154  pg +0.0006  v 0.002  ev +0.95  adv_std 0.071  tR +0.01  ent[s/d/p/e] 1.60/2.01/0.84/0.56  emits 1.39  spf 25.2  z0 0.01  garr 26.4  tG 300  e2 0.26  nF 22.1  pS 0.33  ptS 0.33  fLog 0.42  pdΔ -0.1737  pkR 13.56  clip 0.02  kl +0.003 align[spf 30.0 e2 0.26 z0 0.02 n=20] WRr 0.69 WRf 0.78 v20[spf 8.1 flip 5.3% e2+ 0.0%]
[ckpt] saved ./ckpt_multi_action_v11_f44_align/ckpt_000099.pkl opp=frzn
upd  100  steps 3309568  sps 7928  opp strn  loss -0.166  pg -0.0003  v 0.003  ev +0.94  adv_std 0.085  tR -0.31  ent[s/d/p/e] 1.81/2.12/0.88/0.57  emits 1.41  spf 32.8  z0 0.01  garr 35.0  tG 425  e2 0.28  nF 21.3  pS 0.39  ptS 0.40  fLog 0.46  pdΔ -0.1077  pkR 9.22  clip 0.02  kl +0.003 align[spf 29.8 e2 0.26 z0 0.02 n=20]
upd  101  steps 3342336  sps 7976  opp rand  loss -0.149  pg +0.0001  v 0.004  ev +0.93  adv_std 0.094  tR +0.17  ent[s/d/p/e] 1.51/1.98/0.82/0.55  emits 1.34  spf 24.0  z0 0.03  garr 23.6  tG 259  e2 0.24  nF 21.4  pS 0.30  ptS 0.30  fLog 0.41  pdΔ -0.1987  pkR 12.59  clip 0.02  kl +0.003 align[spf 29.8 e2 0.26 z0 0.02 n=20]
upd  102  steps 3375104  sps 8019  opp frzn  loss -0.162  pg +0.0003  v 0.003  ev +0.95  adv_std 0.076  tR +0.13  ent[s/d/p/e] 1.68/2.12/0.87/0.59  emits 1.39  spf 28.4  z0 0.01  garr 29.9  tG 332  e2 0.27  nF 21.3  pS 0.35  ptS 0.35  fLog 0.44  pdΔ -0.1510  pkR 12.03  clip 0.02  kl +0.004 align[spf 30.0 e2 0.26 z0 0.02 n=20]
upd  103  steps 3407872  sps 8061  opp frzn  loss -0.164  pg +0.0014  v 0.003  ev +0.94  adv_std 0.082  tR +0.04  ent[s/d/p/e] 1.75/2.12/0.90/0.59  emits 1.41  spf 31.7  z0 0.01  garr 34.4  tG 401  e2 0.28  nF 21.7  pS 0.38  ptS 0.38  fLog 0.45  pdΔ -0.1218  pkR 11.25  clip 0.03  kl +0.003 align[spf 30.2 e2 0.26 z0 0.02 n=20]
upd  104  steps 3440640  sps 8102  opp buf  loss -0.180  pg +0.0006  v 0.004  ev +0.96  adv_std 0.088  tR +0.06  ent[s/d/p/e] 2.04/2.34/0.92/0.59  emits 1.40  spf 34.8  z0 0.07  garr 36.0  tG 661  e2 0.29  nF 22.5  pS 0.41  ptS 0.40  fLog 0.47  pdΔ -0.0884  pkR 14.78  clip 0.02  kl +0.002 align[spf 30.2 e2 0.26 z0 0.02 n=20]
upd  105  steps 3473408  sps 8144  opp strn  loss -0.175  pg -0.0001  v 0.002  ev +0.97  adv_std 0.072  tR +0.24  ent[s/d/p/e] 1.93/2.31/0.87/0.57  emits 1.41  spf 39.8  z0 0.03  garr 46.8  tG 1083  e2 0.27  nF 22.8  pS 0.39  ptS 0.39  fLog 0.46  pdΔ -0.1087  pkR 13.33  clip 0.03  kl +0.003 align[spf 30.4 e2 0.26 z0 0.02 n=20]
upd  106  steps 3506176  sps 8184  opp strn  loss -0.170  pg +0.0006  v 0.002  ev +0.96  adv_std 0.062  tR +0.02  ent[s/d/p/e] 1.87/2.15/0.92/0.59  emits 1.45  spf 32.9  z0 0.00  garr 38.2  tG 545  e2 0.30  nF 22.2  pS 0.39  ptS 0.40  fLog 0.46  pdΔ -0.1090  pkR 27.49  clip 0.02  kl +0.002 align[spf 30.5 e2 0.26 z0 0.02 n=20]
upd  107  steps 3538944  sps 8225  opp buf  loss -0.183  pg +0.0008  v 0.004  ev +0.95  adv_std 0.093  tR +0.12  ent[s/d/p/e] 2.07/2.41/0.93/0.60  emits 1.45  spf 36.0  z0 0.05  garr 39.5  tG 749  e2 0.31  nF 23.5  pS 0.43  ptS 0.42  fLog 0.47  pdΔ -0.0680  pkR 12.67  clip 0.05  kl +0.004 align[spf 30.5 e2 0.26 z0 0.02 n=20]
upd  108  steps 3571712  sps 8265  opp strn  loss -0.174  pg +0.0003  v 0.002  ev +0.97  adv_std 0.065  tR +0.43  ent[s/d/p/e] 1.94/2.30/0.87/0.55  emits 1.41  spf 40.9  z0 0.02  garr 46.5  tG 1122  e2 0.26  nF 23.7  pS 0.41  ptS 0.40  fLog 0.46  pdΔ -0.0938  pkR 11.08  clip 0.03  kl +0.003 align[spf 30.9 e2 0.26 z0 0.02 n=20]
upd  109  steps 3604480  sps 8311  opp rand  loss -0.161  pg +0.0000  v 0.003  ev +0.96  adv_std 0.081  tR +0.36  ent[s/d/p/e] 1.71/2.14/0.81/0.58  emits 1.41  spf 31.6  z0 0.03  garr 33.1  tG 555  e2 0.27  nF 22.2  pS 0.36  ptS 0.36  fLog 0.44  pdΔ -0.1392  pkR 21.37  clip 0.03  kl +0.003 align[spf 30.9 e2 0.26 z0 0.02 n=20]
upd  110  steps 3637248  sps 8356  opp rand  loss -0.149  pg +0.0007  v 0.004  ev +0.94  adv_std 0.089  tR +0.22  ent[s/d/p/e] 1.52/1.96/0.81/0.58  emits 1.40  spf 22.7  z0 0.04  garr 22.8  tG 263  e2 0.27  nF 21.6  pS 0.31  ptS 0.30  fLog 0.41  pdΔ -0.1897  pkR 22.69  clip 0.02  kl +0.003 align[spf 30.9 e2 0.26 z0 0.02 n=20]
upd  111  steps 3670016  sps 8395  opp frzn  loss -0.158  pg -0.0002  v 0.002  ev +0.95  adv_std 0.071  tR +0.23  ent[s/d/p/e] 1.66/1.97/0.88/0.59  emits 1.50  spf 26.2  z0 0.01  garr 28.1  tG 325  e2 0.32  nF 22.1  pS 0.36  ptS 0.35  fLog 0.43  pdΔ -0.1445  pkR 14.27  clip 0.02  kl +0.002 align[spf 30.9 e2 0.26 z0 0.02 n=20]
upd  112  steps 3702784  sps 8434  opp frzn  loss -0.164  pg +0.0009  v 0.004  ev +0.92  adv_std 0.085  tR -0.21  ent[s/d/p/e] 1.79/2.05/0.90/0.60  emits 1.53  spf 30.4  z0 0.00  garr 33.3  tG 386  e2 0.33  nF 21.7  pS 0.39  ptS 0.39  fLog 0.45  pdΔ -0.1077  pkR 10.16  clip 0.02  kl +0.002 align[spf 30.9 e2 0.27 z0 0.02 n=20]
upd  113  steps 3735552  sps 8472  opp strn  loss -0.162  pg +0.0006  v 0.004  ev +0.92  adv_std 0.089  tR +0.00  ent[s/d/p/e] 1.74/2.07/0.88/0.61  emits 1.53  spf 29.4  z0 0.01  garr 31.4  tG 356  e2 0.32  nF 22.6  pS 0.38  ptS 0.37  fLog 0.45  pdΔ -0.1224  pkR 8.81  clip 0.02  kl +0.003 align[spf 30.9 e2 0.27 z0 0.02 n=20]
upd  114  steps 3768320  sps 8511  opp frzn  loss -0.160  pg +0.0009  v 0.003  ev +0.94  adv_std 0.080  tR -0.10  ent[s/d/p/e] 1.71/2.04/0.88/0.59  emits 1.50  spf 31.0  z0 0.01  garr 32.5  tG 381  e2 0.31  nF 22.0  pS 0.37  ptS 0.37  fLog 0.45  pdΔ -0.1301  pkR 11.60  clip 0.04  kl +0.004 align[spf 31.0 e2 0.28 z0 0.02 n=20]
upd  115  steps 3801088  sps 8548  opp frzn  loss -0.166  pg +0.0000  v 0.003  ev +0.94  adv_std 0.082  tR -0.12  ent[s/d/p/e] 1.78/2.07/0.90/0.62  emits 1.58  spf 30.1  z0 0.01  garr 31.9  tG 367  e2 0.35  nF 21.9  pS 0.38  ptS 0.38  fLog 0.45  pdΔ -0.1198  pkR 10.13  clip 0.05  kl +0.005 align[spf 31.0 e2 0.28 z0 0.02 n=20]
upd  116  steps 3833856  sps 8586  opp strn  loss -0.162  pg -0.0002  v 0.003  ev +0.93  adv_std 0.079  tR -0.25  ent[s/d/p/e] 1.70/2.06/0.89/0.60  emits 1.51  spf 31.7  z0 0.00  garr 33.2  tG 385  e2 0.32  nF 21.8  pS 0.37  ptS 0.37  fLog 0.45  pdΔ -0.1317  pkR 10.48  clip 0.03  kl +0.004 align[spf 31.2 e2 0.28 z0 0.02 n=20]
upd  117  steps 3866624  sps 8623  opp strn  loss -0.161  pg +0.0002  v 0.003  ev +0.94  adv_std 0.083  tR -0.10  ent[s/d/p/e] 1.73/2.04/0.88/0.59  emits 1.45  spf 30.8  z0 0.01  garr 32.6  tG 386  e2 0.30  nF 21.9  pS 0.38  ptS 0.38  fLog 0.45  pdΔ -0.1187  pkR 10.04  clip 0.03  kl +0.003 align[spf 31.1 e2 0.28 z0 0.02 n=20]
upd  118  steps 3899392  sps 8660  opp strn  loss -0.158  pg +0.0007  v 0.003  ev +0.93  adv_std 0.078  tR -0.15  ent[s/d/p/e] 1.68/1.96/0.89/0.59  emits 1.47  spf 28.5  z0 0.01  garr 29.3  tG 316  e2 0.31  nF 23.2  pS 0.35  ptS 0.35  fLog 0.44  pdΔ -0.1534  pkR 9.85  clip 0.03  kl +0.003 align[spf 31.3 e2 0.29 z0 0.01 n=20]
upd  119  steps 3932160  sps 8702  opp rand  loss -0.153  pg +0.0008  v 0.004  ev +0.94  adv_std 0.090  tR -0.05  ent[s/d/p/e] 1.64/1.94/0.83/0.57  emits 1.40  spf 26.2  z0 0.03  garr 26.6  tG 312  e2 0.28  nF 21.9  pS 0.34  ptS 0.34  fLog 0.43  pdΔ -0.1635  pkR 13.01  clip 0.02  kl +0.002 align[spf 31.3 e2 0.29 z0 0.01 n=20]
upd  120  steps 3964928  sps 8739  opp frzn  loss -0.158  pg +0.0005  v 0.002  ev +0.96  adv_std 0.064  tR +0.12  ent[s/d/p/e] 1.66/1.98/0.88/0.60  emits 1.51  spf 25.7  z0 0.01  garr 26.5  tG 298  e2 0.31  nF 23.1  pS 0.35  ptS 0.35  fLog 0.43  pdΔ -0.1520  pkR 11.04  clip 0.02  kl +0.004 align[spf 31.0 e2 0.29 z0 0.01 n=20]
upd  121  steps 3997696  sps 8780  opp rand  loss -0.156  pg +0.0002  v 0.003  ev +0.95  adv_std 0.086  tR +0.24  ent[s/d/p/e] 1.65/2.03/0.80/0.59  emits 1.45  spf 26.7  z0 0.03  garr 26.3  tG 315  e2 0.29  nF 21.3  pS 0.34  ptS 0.34  fLog 0.43  pdΔ -0.1553  pkR 12.99  clip 0.02  kl +0.002 align[spf 31.0 e2 0.29 z0 0.01 n=20]
upd  122  steps 4030464  sps 8816  opp frzn  loss -0.156  pg +0.0004  v 0.003  ev +0.95  adv_std 0.074  tR +0.13  ent[s/d/p/e] 1.63/2.01/0.81/0.60  emits 1.48  spf 25.0  z0 0.01  garr 25.4  tG 295  e2 0.30  nF 24.2  pS 0.33  ptS 0.33  fLog 0.42  pdΔ -0.1681  pkR 15.81  clip 0.02  kl +0.002 align[spf 30.7 e2 0.29 z0 0.01 n=20]
upd  123  steps 4063232  sps 8851  opp strn  loss -0.160  pg +0.0003  v 0.004  ev +0.92  adv_std 0.087  tR -0.24  ent[s/d/p/e] 1.71/2.03/0.87/0.60  emits 1.47  spf 30.1  z0 0.01  garr 32.6  tG 373  e2 0.30  nF 22.5  pS 0.36  ptS 0.36  fLog 0.44  pdΔ -0.1375  pkR 8.81  clip 0.03  kl +0.003 align[spf 31.0 e2 0.29 z0 0.01 n=20]
upd  124  steps 4096000  sps 8892  opp rand  loss -0.153  pg +0.0001  v 0.003  ev +0.95  adv_std 0.083  tR +0.01  ent[s/d/p/e] 1.62/1.96/0.80/0.58  emits 1.43  spf 25.0  z0 0.02  garr 26.1  tG 299  e2 0.28  nF 21.9  pS 0.33  ptS 0.33  fLog 0.43  pdΔ -0.1667  pkR 16.94  clip 0.02  kl +0.002 align[spf 31.0 e2 0.29 z0 0.01 n=20]
upd  125  steps 4128768  sps 8933  opp rand  loss -0.153  pg +0.0009  v 0.003  ev +0.96  adv_std 0.073  tR +0.30  ent[s/d/p/e] 1.64/1.98/0.79/0.57  emits 1.43  spf 27.4  z0 0.02  garr 27.7  tG 350  e2 0.27  nF 22.0  pS 0.35  ptS 0.34  fLog 0.43  pdΔ -0.1525  pkR 17.12  clip 0.02  kl +0.002 align[spf 31.0 e2 0.29 z0 0.01 n=20]
upd  126  steps 4161536  sps 8967  opp buf  loss -0.173  pg +0.0002  v 0.003  ev +0.97  adv_std 0.080  tR +0.23  ent[s/d/p/e] 1.95/2.23/0.88/0.58  emits 1.38  spf 36.3  z0 0.08  garr 37.3  tG 687  e2 0.28  nF 22.0  pS 0.39  ptS 0.38  fLog 0.46  pdΔ -0.1121  pkR 26.24  clip 0.03  kl +0.003 align[spf 31.0 e2 0.29 z0 0.01 n=20]
upd  127  steps 4194304  sps 9002  opp strn  loss -0.162  pg +0.0005  v 0.002  ev +0.97  adv_std 0.071  tR +0.19  ent[s/d/p/e] 1.75/2.12/0.81/0.57  emits 1.39  spf 30.6  z0 0.05  garr 32.8  tG 679  e2 0.27  nF 23.3  pS 0.33  ptS 0.33  fLog 0.43  pdΔ -0.1749  pkR 18.81  clip 0.02  kl +0.003 align[spf 31.0 e2 0.29 z0 0.01 n=20]
upd  128  steps 4227072  sps 9035  opp strn  loss -0.161  pg +0.0010  v 0.002  ev +0.96  adv_std 0.064  tR -0.22  ent[s/d/p/e] 1.74/2.02/0.87/0.59  emits 1.45  spf 31.5  z0 0.01  garr 34.5  tG 448  e2 0.30  nF 22.6  pS 0.35  ptS 0.36  fLog 0.44  pdΔ -0.1520  pkR 19.68  clip 0.02  kl +0.002 align[spf 30.6 e2 0.30 z0 0.01 n=20]
upd  129  steps 4259840  sps 9069  opp buf  loss -0.172  pg +0.0008  v 0.004  ev +0.95  adv_std 0.088  tR -0.17  ent[s/d/p/e] 1.92/2.22/0.89/0.59  emits 1.39  spf 34.5  z0 0.07  garr 36.0  tG 640  e2 0.29  nF 22.3  pS 0.38  ptS 0.37  fLog 0.46  pdΔ -0.1215  pkR 19.87  clip 0.03  kl +0.002 align[spf 30.6 e2 0.30 z0 0.01 n=20]
upd  130  steps 4292608  sps 9103  opp frzn  loss -0.170  pg +0.0010  v 0.002  ev +0.97  adv_std 0.069  tR +0.33  ent[s/d/p/e] 1.90/2.22/0.85/0.57  emits 1.40  spf 40.1  z0 0.03  garr 43.6  tG 970  e2 0.28  nF 22.5  pS 0.40  ptS 0.39  fLog 0.46  pdΔ -0.1029  pkR 13.17  clip 0.04  kl +0.003 align[spf 31.4 e2 0.30 z0 0.01 n=20]
upd  131  steps 4325376  sps 9136  opp frzn  loss -0.158  pg +0.0011  v 0.002  ev +0.96  adv_std 0.066  tR +0.04  ent[s/d/p/e] 1.68/2.00/0.87/0.59  emits 1.41  spf 29.7  z0 0.02  garr 31.3  tG 362  e2 0.28  nF 21.1  pS 0.34  ptS 0.34  fLog 0.44  pdΔ -0.1585  pkR 30.26  clip 0.02  kl +0.002 align[spf 31.2 e2 0.30 z0 0.01 n=20]
upd  132  steps 4358144  sps 9169  opp frzn  loss -0.160  pg +0.0003  v 0.004  ev +0.91  adv_std 0.091  tR -0.20  ent[s/d/p/e] 1.74/2.01/0.88/0.59  emits 1.45  spf 33.0  z0 0.01  garr 35.3  tG 393  e2 0.30  nF 19.3  pS 0.37  ptS 0.37  fLog 0.46  pdΔ -0.1256  pkR 8.61  clip 0.01  kl +0.002 align[spf 31.5 e2 0.30 z0 0.01 n=20]
upd  133  steps 4390912  sps 9207  opp rand  loss -0.154  pg +0.0004  v 0.004  ev +0.94  adv_std 0.085  tR +0.24  ent[s/d/p/e] 1.66/1.97/0.82/0.57  emits 1.40  spf 28.4  z0 0.02  garr 30.0  tG 355  e2 0.27  nF 20.4  pS 0.36  ptS 0.35  fLog 0.44  pdΔ -0.1428  pkR 16.14  clip 0.03  kl +0.003 align[spf 31.5 e2 0.30 z0 0.01 n=20]
upd  134  steps 4423680  sps 9245  opp rand  loss -0.157  pg +0.0003  v 0.004  ev +0.94  adv_std 0.086  tR +0.48  ent[s/d/p/e] 1.70/2.03/0.80/0.58  emits 1.44  spf 28.1  z0 0.02  garr 29.1  tG 374  e2 0.29  nF 21.1  pS 0.38  ptS 0.36  fLog 0.44  pdΔ -0.1241  pkR 13.22  clip 0.02  kl +0.003 align[spf 31.5 e2 0.30 z0 0.01 n=20]
upd  135  steps 4456448  sps 9277  opp buf  loss -0.180  pg +0.0003  v 0.003  ev +0.97  adv_std 0.074  tR +0.41  ent[s/d/p/e] 2.05/2.33/0.88/0.60  emits 1.43  spf 36.7  z0 0.06  garr 41.0  tG 788  e2 0.30  nF 21.9  pS 0.44  ptS 0.42  fLog 0.47  pdΔ -0.0623  pkR 21.41  clip 0.02  kl +0.002 align[spf 31.5 e2 0.30 z0 0.01 n=20]
upd  136  steps 4489216  sps 9309  opp frzn  loss -0.160  pg +0.0009  v 0.002  ev +0.97  adv_std 0.070  tR +0.30  ent[s/d/p/e] 1.77/2.09/0.82/0.53  emits 1.33  spf 34.6  z0 0.04  garr 38.4  tG 864  e2 0.24  nF 23.1  pS 0.35  ptS 0.35  fLog 0.43  pdΔ -0.1510  pkR 16.57  clip 0.02  kl +0.002 align[spf 31.6 e2 0.30 z0 0.02 n=20]
upd  137  steps 4521984  sps 9341  opp strn  loss -0.161  pg +0.0007  v 0.002  ev +0.96  adv_std 0.066  tR +0.21  ent[s/d/p/e] 1.79/2.00/0.87/0.56  emits 1.38  spf 31.1  z0 0.01  garr 34.4  tG 486  e2 0.27  nF 22.0  pS 0.37  ptS 0.37  fLog 0.45  pdΔ -0.1277  pkR 26.52  clip 0.02  kl +0.002 align[spf 31.2 e2 0.30 z0 0.01 n=20]
upd  138  steps 4554752  sps 9372  opp frzn  loss -0.157  pg +0.0014  v 0.004  ev +0.93  adv_std 0.089  tR +0.03  ent[s/d/p/e] 1.74/2.01/0.84/0.58  emits 1.43  spf 31.7  z0 0.00  garr 33.4  tG 383  e2 0.28  nF 20.7  pS 0.38  ptS 0.37  fLog 0.45  pdΔ -0.1234  pkR 8.88  clip 0.02  kl +0.002 align[spf 31.1 e2 0.30 z0 0.01 n=20]
upd  139  steps 4587520  sps 9403  opp strn  loss -0.161  pg +0.0006  v 0.003  ev +0.94  adv_std 0.078  tR -0.03  ent[s/d/p/e] 1.80/2.04/0.87/0.56  emits 1.38  spf 37.4  z0 0.00  garr 41.4  tG 483  e2 0.27  nF 20.0  pS 0.40  ptS 0.39  fLog 0.47  pdΔ -0.1001  pkR 9.03  clip 0.03  kl +0.002 align[spf 30.9 e2 0.30 z0 0.01 n=20]
upd  140  steps 4620288  sps 9434  opp strn  loss -0.155  pg +0.0005  v 0.004  ev +0.91  adv_std 0.092  tR -0.04  ent[s/d/p/e] 1.68/1.99/0.83/0.55  emits 1.35  spf 31.1  z0 0.00  garr 34.0  tG 383  e2 0.24  nF 21.2  pS 0.36  ptS 0.36  fLog 0.44  pdΔ -0.1438  pkR 11.48  clip 0.04  kl +0.003 align[spf 31.2 e2 0.29 z0 0.01 n=20]
upd  141  steps 4653056  sps 9465  opp frzn  loss -0.159  pg +0.0001  v 0.003  ev +0.94  adv_std 0.074  tR -0.29  ent[s/d/p/e] 1.74/1.99/0.86/0.56  emits 1.34  spf 32.2  z0 0.01  garr 36.2  tG 413  e2 0.25  nF 20.3  pS 0.37  ptS 0.37  fLog 0.45  pdΔ -0.1302  pkR 9.85  clip 0.03  kl +0.004 align[spf 31.3 e2 0.29 z0 0.01 n=20]
upd  142  steps 4685824  sps 9495  opp strn  loss -0.157  pg +0.0009  v 0.005  ev +0.91  adv_std 0.096  tR -0.06  ent[s/d/p/e] 1.73/2.00/0.87/0.56  emits 1.35  spf 35.6  z0 0.00  garr 39.6  tG 453  e2 0.25  nF 20.3  pS 0.38  ptS 0.38  fLog 0.45  pdΔ -0.1250  pkR 9.89  clip 0.03  kl +0.003 align[spf 31.6 e2 0.28 z0 0.01 n=20]
upd  143  steps 4718592  sps 9531  opp rand  loss -0.148  pg +0.0002  v 0.003  ev +0.95  adv_std 0.084  tR +0.15  ent[s/d/p/e] 1.56/1.90/0.82/0.52  emits 1.28  spf 29.4  z0 0.02  garr 32.6  tG 381  e2 0.21  nF 19.1  pS 0.33  ptS 0.32  fLog 0.43  pdΔ -0.1741  pkR 17.40  clip 0.02  kl +0.003 align[spf 31.6 e2 0.28 z0 0.01 n=20]
upd  144  steps 4751360  sps 9561  opp strn  loss -0.155  pg +0.0002  v 0.003  ev +0.95  adv_std 0.078  tR +0.17  ent[s/d/p/e] 1.64/1.98/0.88/0.54  emits 1.31  spf 28.8  z0 0.01  garr 32.4  tG 360  e2 0.23  nF 20.5  pS 0.35  ptS 0.35  fLog 0.44  pdΔ -0.1464  pkR 12.47  clip 0.02  kl +0.003 align[spf 31.5 e2 0.28 z0 0.01 n=20]
upd  145  steps 4784128  sps 9591  opp frzn  loss -0.158  pg +0.0002  v 0.003  ev +0.93  adv_std 0.083  tR -0.10  ent[s/d/p/e] 1.73/1.99/0.89/0.55  emits 1.36  spf 31.3  z0 0.01  garr 35.5  tG 403  e2 0.25  nF 19.7  pS 0.38  ptS 0.37  fLog 0.45  pdΔ -0.1240  pkR 8.67  clip 0.02  kl +0.002 align[spf 31.5 e2 0.28 z0 0.01 n=20]
upd  146  steps 4816896  sps 9620  opp strn  loss -0.158  pg +0.0004  v 0.003  ev +0.94  adv_std 0.081  tR -0.18  ent[s/d/p/e] 1.72/1.99/0.88/0.56  emits 1.37  spf 33.1  z0 0.01  garr 35.3  tG 413  e2 0.26  nF 20.1  pS 0.37  ptS 0.37  fLog 0.45  pdΔ -0.1338  pkR 11.03  clip 0.02  kl +0.003 align[spf 31.6 e2 0.27 z0 0.01 n=20]
upd  147  steps 4849664  sps 9649  opp strn  loss -0.159  pg +0.0006  v 0.003  ev +0.95  adv_std 0.072  tR -0.25  ent[s/d/p/e] 1.71/2.02/0.90/0.56  emits 1.37  spf 30.2  z0 0.01  garr 32.9  tG 375  e2 0.27  nF 21.3  pS 0.37  ptS 0.37  fLog 0.44  pdΔ -0.1343  pkR 8.94  clip 0.02  kl +0.003 align[spf 31.6 e2 0.27 z0 0.01 n=20]
upd  148  steps 4882432  sps 9678  opp frzn  loss -0.162  pg +0.0010  v 0.003  ev +0.94  adv_std 0.077  tR -0.17  ent[s/d/p/e] 1.77/2.05/0.91/0.58  emits 1.41  spf 30.7  z0 0.01  garr 33.4  tG 383  e2 0.28  nF 21.6  pS 0.38  ptS 0.38  fLog 0.45  pdΔ -0.1166  pkR 9.06  clip 0.02  kl +0.002 align[spf 31.7 e2 0.27 z0 0.01 n=20]
[eval_vs_v20] u149 tag=train_u149  bin0=0.8%  spf=7.90  garr=45.33  flip=6.67%  z0=1.0%  e8=0.0%  e2+=1.2%  WLD=0/3/0
upd  149  steps 4915200  sps 9707  opp frzn  loss -0.158  pg -0.0003  v 0.003  ev +0.93  adv_std 0.081  tR -0.16  ent[s/d/p/e] 1.67/2.00/0.88/0.58  emits 1.40  spf 30.0  z0 0.00  garr 31.6  tG 343  e2 0.27  nF 21.2  pS 0.35  ptS 0.35  fLog 0.45  pdΔ -0.1468  pkR 11.05  clip 0.03  kl +0.003 align[spf 31.9 e2 0.27 z0 0.01 n=20] WRr 0.84 WRf 0.53 v20[spf 7.9 flip 6.7% e2+ 1.2%]
[ckpt] saved ./ckpt_multi_action_v11_f44_align/ckpt_000149.pkl opp=frzn
upd  150  steps 4947968  sps 7937  opp strn  loss -0.164  pg +0.0009  v 0.004  ev +0.93  adv_std 0.085  tR +0.01  ent[s/d/p/e] 1.80/2.06/0.93/0.59  emits 1.45  spf 33.6  z0 0.01  garr 36.3  tG 428  e2 0.30  nF 20.9  pS 0.40  ptS 0.40  fLog 0.46  pdΔ -0.0961  pkR 8.31  clip 0.02  kl +0.002 align[spf 32.3 e2 0.27 z0 0.01 n=20]
upd  151  steps 4980736  sps 7966  opp frzn  loss -0.158  pg +0.0009  v 0.004  ev +0.92  adv_std 0.089  tR +0.01  ent[s/d/p/e] 1.69/2.00/0.90/0.57  emits 1.40  spf 31.1  z0 0.01  garr 33.9  tG 393  e2 0.27  nF 20.6  pS 0.37  ptS 0.37  fLog 0.45  pdΔ -0.1271  pkR 9.64  clip 0.03  kl +0.004 align[spf 32.4 e2 0.27 z0 0.01 n=20]
upd  152  steps 5013504  sps 7994  opp strn  loss -0.161  pg +0.0009  v 0.003  ev +0.94  adv_std 0.080  tR -0.01  ent[s/d/p/e] 1.76/2.03/0.89/0.58  emits 1.45  spf 30.4  z0 0.01  garr 32.4  tG 378  e2 0.30  nF 21.9  pS 0.38  ptS 0.38  fLog 0.45  pdΔ -0.1225  pkR 12.60  clip 0.02  kl +0.003 align[spf 32.4 e2 0.27 z0 0.01 n=20]
upd  153  steps 5046272  sps 8022  opp strn  loss -0.162  pg +0.0005  v 0.003  ev +0.94  adv_std 0.075  tR -0.04  ent[s/d/p/e] 1.77/2.00/0.90/0.59  emits 1.49  spf 30.3  z0 0.00  garr 32.7  tG 383  e2 0.32  nF 21.4  pS 0.38  ptS 0.38  fLog 0.45  pdΔ -0.1172  pkR 11.35  clip 0.01  kl +0.002 align[spf 32.3 e2 0.27 z0 0.01 n=20]
upd  154  steps 5079040  sps 8050  opp strn  loss -0.158  pg +0.0005  v 0.004  ev +0.93  adv_std 0.086  tR +0.11  ent[s/d/p/e] 1.70/1.98/0.89/0.59  emits 1.47  spf 30.0  z0 0.01  garr 31.4  tG 372  e2 0.30  nF 20.7  pS 0.37  ptS 0.37  fLog 0.45  pdΔ -0.1313  pkR 11.08  clip 0.02  kl +0.003 align[spf 31.8 e2 0.27 z0 0.01 n=20]
upd  155  steps 5111808  sps 8078  opp frzn  loss -0.157  pg +0.0006  v 0.003  ev +0.94  adv_std 0.074  tR -0.18  ent[s/d/p/e] 1.67/1.99/0.86/0.59  emits 1.46  spf 28.8  z0 0.01  garr 28.7  tG 317  e2 0.30  nF 22.5  pS 0.35  ptS 0.35  fLog 0.44  pdΔ -0.1540  pkR 11.68  clip 0.02  kl +0.003 align[spf 31.7 e2 0.27 z0 0.01 n=20]
upd  156  steps 5144576  sps 8106  opp strn  loss -0.156  pg +0.0005  v 0.004  ev +0.93  adv_std 0.087  tR -0.11  ent[s/d/p/e] 1.66/1.98/0.87/0.57  emits 1.43  spf 29.4  z0 0.01  garr 29.1  tG 336  e2 0.28  nF 21.7  pS 0.36  ptS 0.36  fLog 0.44  pdΔ -0.1407  pkR 9.21  clip 0.02  kl +0.002 align[spf 31.6 e2 0.27 z0 0.01 n=20]
upd  157  steps 5177344  sps 8134  opp strn  loss -0.160  pg +0.0003  v 0.003  ev +0.93  adv_std 0.078  tR -0.17  ent[s/d/p/e] 1.69/2.02/0.89/0.59  emits 1.45  spf 30.1  z0 0.00  garr 30.1  tG 334  e2 0.29  nF 22.1  pS 0.37  ptS 0.36  fLog 0.45  pdΔ -0.1350  pkR 10.36  clip 0.03  kl +0.003 align[spf 31.3 e2 0.27 z0 0.01 n=20]
upd  158  steps 5210112  sps 8161  opp strn  loss -0.161  pg +0.0000  v 0.003  ev +0.93  adv_std 0.080  tR -0.09  ent[s/d/p/e] 1.73/2.04/0.89/0.59  emits 1.45  spf 32.6  z0 0.00  garr 32.1  tG 356  e2 0.30  nF 21.7  pS 0.38  ptS 0.37  fLog 0.45  pdΔ -0.1223  pkR 7.24  clip 0.03  kl +0.003 align[spf 31.4 e2 0.27 z0 0.01 n=20]
upd  159  steps 5242880  sps 8189  opp buf  loss -0.175  pg +0.0014  v 0.003  ev +0.96  adv_std 0.083  tR +0.09  ent[s/d/p/e] 1.95/2.29/0.90/0.59  emits 1.37  spf 36.5  z0 0.06  garr 36.7  tG 652  e2 0.28  nF 22.7  pS 0.41  ptS 0.40  fLog 0.47  pdΔ -0.0908  pkR 18.37  clip 0.02  kl +0.002 align[spf 31.4 e2 0.27 z0 0.01 n=20]
upd  160  steps 5275648  sps 8216  opp strn  loss -0.171  pg +0.0003  v 0.002  ev +0.97  adv_std 0.068  tR +0.26  ent[s/d/p/e] 1.89/2.25/0.84/0.56  emits 1.39  spf 40.0  z0 0.03  garr 43.2  tG 992  e2 0.27  nF 22.9  pS 0.39  ptS 0.39  fLog 0.46  pdΔ -0.1109  pkR 13.91  clip 0.02  kl +0.003 align[spf 31.8 e2 0.27 z0 0.01 n=20]
upd  161  steps 5308416  sps 8243  opp strn  loss -0.169  pg -0.0001  v 0.002  ev +0.97  adv_std 0.068  tR +0.09  ent[s/d/p/e] 1.85/2.14/0.89/0.59  emits 1.45  spf 38.1  z0 0.01  garr 39.8  tG 655  e2 0.30  nF 22.8  pS 0.40  ptS 0.40  fLog 0.47  pdΔ -0.0952  pkR 26.38  clip 0.03  kl +0.003 align[spf 31.9 e2 0.28 z0 0.01 n=20]
upd  162  steps 5341184  sps 8270  opp frzn  loss -0.154  pg +0.0009  v 0.003  ev +0.94  adv_std 0.076  tR -0.18  ent[s/d/p/e] 1.62/1.96/0.86/0.58  emits 1.45  spf 29.1  z0 0.00  garr 29.3  tG 326  e2 0.30  nF 21.6  pS 0.35  ptS 0.34  fLog 0.44  pdΔ -0.1526  pkR 10.99  clip 0.02  kl +0.002 align[spf 31.8 e2 0.28 z0 0.01 n=20]
upd  163  steps 5373952  sps 8296  opp frzn  loss -0.159  pg +0.0001  v 0.003  ev +0.95  adv_std 0.079  tR +0.00  ent[s/d/p/e] 1.72/1.96/0.90/0.58  emits 1.44  spf 32.5  z0 0.00  garr 33.1  tG 383  e2 0.30  nF 21.6  pS 0.38  ptS 0.38  fLog 0.45  pdΔ -0.1217  pkR 8.81  clip 0.01  kl +0.002 align[spf 31.8 e2 0.28 z0 0.01 n=20]
upd  164  steps 5406720  sps 8323  opp strn  loss -0.154  pg +0.0001  v 0.003  ev +0.95  adv_std 0.074  tR -0.12  ent[s/d/p/e] 1.61/1.94/0.85/0.58  emits 1.43  spf 29.3  z0 0.01  garr 29.3  tG 336  e2 0.29  nF 22.4  pS 0.34  ptS 0.34  fLog 0.43  pdΔ -0.1558  pkR 11.77  clip 0.03  kl +0.004 align[spf 31.5 e2 0.28 z0 0.01 n=20]
upd  165  steps 5439488  sps 8349  opp frzn  loss -0.162  pg -0.0002  v 0.002  ev +0.95  adv_std 0.069  tR -0.22  ent[s/d/p/e] 1.75/2.00/0.87/0.59  emits 1.49  spf 32.2  z0 0.01  garr 33.0  tG 386  e2 0.32  nF 21.9  pS 0.38  ptS 0.38  fLog 0.45  pdΔ -0.1210  pkR 14.63  clip 0.02  kl +0.002 align[spf 31.6 e2 0.29 z0 0.01 n=20]
upd  166  steps 5472256  sps 8375  opp buf  loss -0.165  pg +0.0004  v 0.004  ev +0.95  adv_std 0.091  tR -0.12  ent[s/d/p/e] 1.79/2.12/0.89/0.57  emits 1.31  spf 33.6  z0 0.08  garr 33.4  tG 563  e2 0.26  nF 22.0  pS 0.35  ptS 0.35  fLog 0.45  pdΔ -0.1458  pkR 18.87  clip 0.02  kl +0.002 align[spf 31.6 e2 0.29 z0 0.01 n=20]
upd  167  steps 5505024  sps 8401  opp buf  loss -0.182  pg -0.0001  v 0.002  ev +0.98  adv_std 0.065  tR -0.13  ent[s/d/p/e] 2.09/2.37/0.88/0.56  emits 1.24  spf 50.2  z0 0.13  garr 52.5  tG 1299  e2 0.24  nF 21.1  pS 0.41  ptS 0.40  fLog 0.48  pdΔ -0.0916  pkR 12.28  clip 0.04  kl +0.003 align[spf 31.6 e2 0.29 z0 0.01 n=20]
upd  168  steps 5537792  sps 8427  opp buf  loss -0.189  pg +0.0007  v 0.002  ev +0.98  adv_std 0.058  tR +0.14  ent[s/d/p/e] 2.22/2.52/0.88/0.56  emits 1.25  spf 56.9  z0 0.11  garr 61.8  tG 1656  e2 0.24  nF 21.9  pS 0.44  ptS 0.43  fLog 0.50  pdΔ -0.0631  pkR 13.50  clip 0.02  kl +0.003 align[spf 31.6 e2 0.29 z0 0.01 n=20]
upd  169  steps 5570560  sps 8457  opp rand  loss -0.166  pg +0.0007  v 0.002  ev +0.98  adv_std 0.064  tR +0.16  ent[s/d/p/e] 1.83/2.24/0.78/0.55  emits 1.28  spf 39.2  z0 0.07  garr 43.2  tG 1067  e2 0.23  nF 20.9  pS 0.38  ptS 0.37  fLog 0.44  pdΔ -0.1222  pkR 14.03  clip 0.02  kl +0.002 align[spf 31.6 e2 0.29 z0 0.01 n=20]
upd  170  steps 5603328  sps 8483  opp buf  loss -0.173  pg +0.0003  v 0.002  ev +0.97  adv_std 0.070  tR +0.25  ent[s/d/p/e] 1.93/2.24/0.89/0.58  emits 1.31  spf 38.8  z0 0.08  garr 41.9  tG 808  e2 0.26  nF 20.5  pS 0.40  ptS 0.39  fLog 0.46  pdΔ -0.0987  pkR 16.41  clip 0.03  kl +0.003 align[spf 31.6 e2 0.29 z0 0.01 n=20]
upd  171  steps 5636096  sps 8508  opp frzn  loss -0.170  pg -0.0001  v 0.002  ev +0.97  adv_std 0.070  tR +0.36  ent[s/d/p/e] 1.88/2.24/0.83/0.57  emits 1.38  spf 37.8  z0 0.03  garr 43.4  tG 958  e2 0.26  nF 23.2  pS 0.39  ptS 0.39  fLog 0.45  pdΔ -0.1142  pkR 12.61  clip 0.03  kl +0.002 align[spf 32.0 e2 0.29 z0 0.01 n=20]
upd  172  steps 5668864  sps 8533  opp strn  loss -0.161  pg -0.0001  v 0.003  ev +0.95  adv_std 0.074  tR +0.00  ent[s/d/p/e] 1.74/2.02/0.86/0.58  emits 1.42  spf 30.4  z0 0.01  garr 34.0  tG 474  e2 0.29  nF 23.5  pS 0.36  ptS 0.36  fLog 0.44  pdΔ -0.1412  pkR 22.67  clip 0.02  kl +0.003 align[spf 31.8 e2 0.29 z0 0.01 n=20]
upd  173  steps 5701632  sps 8562  opp rand  loss -0.152  pg +0.0006  v 0.004  ev +0.95  adv_std 0.089  tR +0.13  ent[s/d/p/e] 1.64/1.95/0.81/0.56  emits 1.34  spf 27.5  z0 0.03  garr 29.1  tG 362  e2 0.25  nF 21.7  pS 0.35  ptS 0.35  fLog 0.43  pdΔ -0.1470  pkR 11.69  clip 0.01  kl +0.002 align[spf 31.8 e2 0.29 z0 0.01 n=20]
upd  174  steps 5734400  sps 8591  opp rand  loss -0.156  pg +0.0003  v 0.002  ev +0.97  adv_std 0.070  tR +0.34  ent[s/d/p/e] 1.68/1.98/0.83/0.56  emits 1.37  spf 28.1  z0 0.02  garr 31.1  tG 387  e2 0.26  nF 21.0  pS 0.37  ptS 0.36  fLog 0.44  pdΔ -0.1301  pkR 11.34  clip 0.01  kl +0.002 align[spf 31.8 e2 0.29 z0 0.01 n=20]
upd  175  steps 5767168  sps 8616  opp frzn  loss -0.153  pg +0.0004  v 0.002  ev +0.96  adv_std 0.072  tR +0.26  ent[s/d/p/e] 1.57/2.00/0.81/0.58  emits 1.37  spf 27.6  z0 0.02  garr 29.6  tG 352  e2 0.26  nF 22.5  pS 0.33  ptS 0.33  fLog 0.42  pdΔ -0.1722  pkR 14.66  clip 0.02  kl +0.003 align[spf 31.7 e2 0.29 z0 0.01 n=20]
upd  176  steps 5799936  sps 8645  opp rand  loss -0.156  pg +0.0004  v 0.004  ev +0.95  adv_std 0.084  tR +0.11  ent[s/d/p/e] 1.67/2.04/0.81/0.56  emits 1.33  spf 31.7  z0 0.02  garr 35.6  tG 458  e2 0.24  nF 20.2  pS 0.36  ptS 0.36  fLog 0.44  pdΔ -0.1368  pkR 11.37  clip 0.01  kl +0.002 align[spf 31.7 e2 0.29 z0 0.01 n=20]
upd  177  steps 5832704  sps 8669  opp strn  loss -0.152  pg +0.0007  v 0.002  ev +0.95  adv_std 0.069  tR +0.21  ent[s/d/p/e] 1.55/1.96/0.85/0.57  emits 1.33  spf 26.8  z0 0.02  garr 29.4  tG 337  e2 0.24  nF 21.7  pS 0.32  ptS 0.32  fLog 0.42  pdΔ -0.1794  pkR 13.24  clip 0.02  kl +0.003 align[spf 31.5 e2 0.29 z0 0.01 n=20]
upd  178  steps 5865472  sps 8694  opp buf  loss -0.169  pg +0.0002  v 0.003  ev +0.96  adv_std 0.080  tR -0.06  ent[s/d/p/e] 1.83/2.20/0.90/0.57  emits 1.28  spf 35.5  z0 0.06  garr 36.8  tG 550  e2 0.24  nF 21.2  pS 0.37  ptS 0.36  fLog 0.45  pdΔ -0.1324  pkR 15.30  clip 0.03  kl +0.004 align[spf 31.5 e2 0.29 z0 0.01 n=20]
upd  179  steps 5898240  sps 8718  opp strn  loss -0.165  pg +0.0007  v 0.002  ev +0.96  adv_std 0.074  tR +0.12  ent[s/d/p/e] 1.78/2.21/0.84/0.55  emits 1.28  spf 36.5  z0 0.04  garr 43.3  tG 923  e2 0.22  nF 22.5  pS 0.35  ptS 0.35  fLog 0.44  pdΔ -0.1549  pkR 14.84  clip 0.01  kl +0.002 align[spf 31.8 e2 0.28 z0 0.01 n=20]
upd  180  steps 5931008  sps 8742  opp frzn  loss -0.164  pg -0.0001  v 0.002  ev +0.95  adv_std 0.071  tR +0.07  ent[s/d/p/e] 1.80/2.10/0.90/0.53  emits 1.31  spf 36.3  z0 0.01  garr 42.5  tG 681  e2 0.23  nF 20.5  pS 0.39  ptS 0.39  fLog 0.46  pdΔ -0.1127  pkR 19.54  clip 0.02  kl +0.003 align[spf 32.0 e2 0.28 z0 0.01 n=20]
upd  181  steps 5963776  sps 8770  opp rand  loss -0.154  pg +0.0000  v 0.004  ev +0.94  adv_std 0.091  tR +0.32  ent[s/d/p/e] 1.64/1.97/0.87/0.54  emits 1.32  spf 27.6  z0 0.01  garr 30.0  tG 362  e2 0.23  nF 20.4  pS 0.37  ptS 0.35  fLog 0.44  pdΔ -0.1344  pkR 13.85  clip 0.02  kl +0.002 align[spf 32.0 e2 0.28 z0 0.01 n=20]
upd  182  steps 5996544  sps 8794  opp strn  loss -0.153  pg +0.0001  v 0.002  ev +0.96  adv_std 0.063  tR +0.22  ent[s/d/p/e] 1.58/1.94/0.87/0.56  emits 1.33  spf 25.6  z0 0.02  garr 28.1  tG 328  e2 0.24  nF 22.7  pS 0.33  ptS 0.33  fLog 0.42  pdΔ -0.1691  pkR 17.18  clip 0.01  kl +0.002 align[spf 31.7 e2 0.28 z0 0.01 n=20]
upd  183  steps 6029312  sps 8818  opp strn  loss -0.161  pg +0.0002  v 0.003  ev +0.95  adv_std 0.079  tR -0.17  ent[s/d/p/e] 1.75/2.01/0.90/0.57  emits 1.37  spf 29.6  z0 0.01  garr 33.4  tG 382  e2 0.26  nF 21.2  pS 0.38  ptS 0.38  fLog 0.45  pdΔ -0.1204  pkR 11.09  clip 0.02  kl +0.002 align[spf 31.7 e2 0.28 z0 0.01 n=20]
upd  184  steps 6062080  sps 8846  opp rand  loss -0.156  pg +0.0008  v 0.003  ev +0.94  adv_std 0.083  tR +0.33  ent[s/d/p/e] 1.68/2.03/0.85/0.55  emits 1.35  spf 28.0  z0 0.01  garr 30.2  tG 370  e2 0.24  nF 20.8  pS 0.37  ptS 0.37  fLog 0.44  pdΔ -0.1269  pkR 10.34  clip 0.03  kl +0.003 align[spf 31.7 e2 0.28 z0 0.01 n=20]
upd  185  steps 6094848  sps 8869  opp buf  loss -0.173  pg +0.0004  v 0.003  ev +0.97  adv_std 0.075  tR +0.12  ent[s/d/p/e] 1.86/2.29/0.90/0.57  emits 1.25  spf 35.1  z0 0.08  garr 35.8  tG 582  e2 0.23  nF 20.5  pS 0.38  ptS 0.37  fLog 0.46  pdΔ -0.1174  pkR 13.88  clip 0.03  kl +0.003 align[spf 31.7 e2 0.28 z0 0.01 n=20]
upd  186  steps 6127616  sps 8892  opp strn  loss -0.170  pg +0.0003  v 0.002  ev +0.97  adv_std 0.064  tR +0.26  ent[s/d/p/e] 1.83/2.25/0.88/0.55  emits 1.33  spf 37.3  z0 0.03  garr 40.2  tG 851  e2 0.23  nF 22.0  pS 0.37  ptS 0.38  fLog 0.45  pdΔ -0.1280  pkR 13.94  clip 0.02  kl +0.003 align[spf 32.0 e2 0.27 z0 0.01 n=20]
upd  187  steps 6160384  sps 8916  opp strn  loss -0.164  pg -0.0000  v 0.002  ev +0.96  adv_std 0.064  tR -0.11  ent[s/d/p/e] 1.78/2.06/0.91/0.57  emits 1.40  spf 33.1  z0 0.01  garr 35.4  tG 487  e2 0.27  nF 21.2  pS 0.37  ptS 0.37  fLog 0.45  pdΔ -0.1321  pkR 26.97  clip 0.02  kl +0.003 align[spf 32.2 e2 0.27 z0 0.01 n=20]
upd  188  steps 6193152  sps 8939  opp strn  loss -0.157  pg +0.0008  v 0.003  ev +0.95  adv_std 0.074  tR -0.25  ent[s/d/p/e] 1.67/1.96/0.89/0.58  emits 1.42  spf 28.4  z0 0.00  garr 29.5  tG 324  e2 0.28  nF 21.6  pS 0.35  ptS 0.35  fLog 0.44  pdΔ -0.1519  pkR 10.13  clip 0.02  kl +0.002 align[spf 32.1 e2 0.27 z0 0.01 n=20]
upd  189  steps 6225920  sps 8962  opp frzn  loss -0.167  pg +0.0006  v 0.003  ev +0.95  adv_std 0.077  tR +0.02  ent[s/d/p/e] 1.83/2.12/0.91/0.58  emits 1.37  spf 34.2  z0 0.01  garr 36.7  tG 453  e2 0.26  nF 21.1  pS 0.41  ptS 0.42  fLog 0.46  pdΔ -0.0868  pkR 9.79  clip 0.02  kl +0.003 align[spf 32.4 e2 0.27 z0 0.01 n=20]
upd  190  steps 6258688  sps 8989  opp rand  loss -0.151  pg +0.0000  v 0.003  ev +0.96  adv_std 0.082  tR +0.33  ent[s/d/p/e] 1.56/2.01/0.80/0.54  emits 1.28  spf 28.5  z0 0.03  garr 28.8  tG 373  e2 0.22  nF 20.2  pS 0.34  ptS 0.34  fLog 0.43  pdΔ -0.1553  pkR 13.75  clip 0.02  kl +0.002 align[spf 32.4 e2 0.27 z0 0.01 n=20]
upd  191  steps 6291456  sps 9015  opp rand  loss -0.153  pg +0.0005  v 0.003  ev +0.96  adv_std 0.082  tR +0.37  ent[s/d/p/e] 1.57/2.02/0.83/0.55  emits 1.30  spf 27.8  z0 0.03  garr 27.7  tG 349  e2 0.22  nF 21.0  pS 0.34  ptS 0.34  fLog 0.42  pdΔ -0.1566  pkR 14.36  clip 0.02  kl +0.003 align[spf 32.4 e2 0.27 z0 0.01 n=20]
upd  192  steps 6324224  sps 9038  opp strn  loss -0.151  pg +0.0006  v 0.003  ev +0.96  adv_std 0.072  tR +0.34  ent[s/d/p/e] 1.57/1.96/0.84/0.54  emits 1.30  spf 25.9  z0 0.02  garr 26.3  tG 310  e2 0.22  nF 21.0  pS 0.33  ptS 0.33  fLog 0.42  pdΔ -0.1693  pkR 14.64  clip 0.01  kl +0.002 align[spf 32.2 e2 0.27 z0 0.01 n=20]
upd  193  steps 6356992  sps 9061  opp strn  loss -0.160  pg +0.0004  v 0.003  ev +0.94  adv_std 0.075  tR -0.17  ent[s/d/p/e] 1.73/2.01/0.90/0.56  emits 1.34  spf 29.7  z0 0.01  garr 32.2  tG 350  e2 0.25  nF 20.6  pS 0.36  ptS 0.37  fLog 0.45  pdΔ -0.1374  pkR 12.86  clip 0.02  kl +0.003 align[spf 32.0 e2 0.27 z0 0.01 n=20]
upd  194  steps 6389760  sps 9087  opp rand  loss -0.147  pg -0.0000  v 0.004  ev +0.95  adv_std 0.092  tR +0.01  ent[s/d/p/e] 1.53/1.91/0.80/0.53  emits 1.28  spf 26.6  z0 0.03  garr 26.8  tG 306  e2 0.21  nF 19.6  pS 0.31  ptS 0.31  fLog 0.42  pdΔ -0.1890  pkR 9.70  clip 0.03  kl +0.002 align[spf 32.0 e2 0.27 z0 0.01 n=20]
upd  195  steps 6422528  sps 9109  opp strn  loss -0.154  pg -0.0003  v 0.003  ev +0.95  adv_std 0.074  tR +0.32  ent[s/d/p/e] 1.61/1.97/0.85/0.56  emits 1.36  spf 26.8  z0 0.01  garr 27.4  tG 312  e2 0.25  nF 21.8  pS 0.33  ptS 0.34  fLog 0.42  pdΔ -0.1656  pkR 13.36  clip 0.03  kl +0.003 align[spf 31.4 e2 0.26 z0 0.01 n=20]
upd  196  steps 6455296  sps 9131  opp strn  loss -0.163  pg +0.0003  v 0.003  ev +0.95  adv_std 0.076  tR -0.05  ent[s/d/p/e] 1.78/2.04/0.88/0.58  emits 1.41  spf 32.3  z0 0.00  garr 33.8  tG 392  e2 0.28  nF 20.2  pS 0.39  ptS 0.39  fLog 0.46  pdΔ -0.1115  pkR 7.31  clip 0.01  kl +0.002 align[spf 31.1 e2 0.26 z0 0.01 n=20]
upd  197  steps 6488064  sps 9153  opp buf  loss -0.170  pg +0.0002  v 0.003  ev +0.96  adv_std 0.081  tR +0.15  ent[s/d/p/e] 1.90/2.19/0.91/0.54  emits 1.27  spf 39.2  z0 0.07  garr 42.7  tG 824  e2 0.24  nF 20.1  pS 0.39  ptS 0.38  fLog 0.47  pdΔ -0.1061  pkR 14.71  clip 0.02  kl +0.002 align[spf 31.1 e2 0.26 z0 0.01 n=20]
upd  198  steps 6520832  sps 9175  opp frzn  loss -0.160  pg +0.0011  v 0.002  ev +0.97  adv_std 0.061  tR +0.23  ent[s/d/p/e] 1.76/2.09/0.84/0.53  emits 1.29  spf 33.0  z0 0.04  garr 35.7  tG 749  e2 0.22  nF 22.1  pS 0.34  ptS 0.34  fLog 0.43  pdΔ -0.1612  pkR 18.10  clip 0.02  kl +0.003 align[spf 31.3 e2 0.26 z0 0.02 n=20]
[eval_vs_v20] u199 tag=train_u199  bin0=2.1%  spf=6.43  garr=35.20  flip=3.46%  z0=0.9%  e8=0.0%  e2+=0.0%  WLD=0/3/0
upd  199  steps 6553600  sps 9197  opp buf  loss -0.172  pg +0.0006  v 0.002  ev +0.97  adv_std 0.067  tR -0.09  ent[s/d/p/e] 1.93/2.22/0.91/0.55  emits 1.26  spf 32.4  z0 0.08  garr 34.4  tG 587  e2 0.24  nF 22.1  pS 0.37  ptS 0.37  fLog 0.45  pdΔ -0.1308  pkR 18.47  clip 0.01  kl +0.002 align[spf 31.3 e2 0.26 z0 0.02 n=20] WRr 0.88 WRf 0.53 v20[spf 6.4 flip 3.5% e2+ 0.0%]
[ckpt] saved ./ckpt_multi_action_v11_f44_align/ckpt_000199.pkl opp=buf WARN opp=buf (prefer strn/frzn for replay-aligned ckpt; see .meta.json)
upd  200  steps 6586368  sps 8112  opp strn  loss -0.167  pg +0.0010  v 0.002  ev +0.97  adv_std 0.069  tR +0.05  ent[s/d/p/e] 1.84/2.21/0.86/0.54  emits 1.30  spf 37.5  z0 0.03  garr 42.2  tG 955  e2 0.22  nF 21.7  pS 0.37  ptS 0.37  fLog 0.45  pdΔ -0.1279  pkR 14.91  clip 0.02  kl +0.002 align[spf 31.5 e2 0.26 z0 0.02 n=20]
upd  201  steps 6619136  sps 8133  opp strn  loss -0.164  pg -0.0003  v 0.002  ev +0.97  adv_std 0.062  tR +0.08  ent[s/d/p/e] 1.80/2.08/0.89/0.55  emits 1.35  spf 35.1  z0 0.01  garr 38.0  tG 600  e2 0.24  nF 21.7  pS 0.38  ptS 0.38  fLog 0.45  pdΔ -0.1205  pkR 16.33  clip 0.02  kl +0.003 align[spf 31.8 e2 0.25 z0 0.02 n=20]
upd  202  steps 6651904  sps 8155  opp strn  loss -0.156  pg +0.0003  v 0.003  ev +0.95  adv_std 0.078  tR -0.14  ent[s/d/p/e] 1.65/1.96/0.88/0.57  emits 1.39  spf 28.8  z0 0.01  garr 31.1  tG 344  e2 0.27  nF 21.1  pS 0.34  ptS 0.34  fLog 0.44  pdΔ -0.1559  pkR 11.93  clip 0.03  kl +0.004 align[spf 31.6 e2 0.25 z0 0.02 n=20]
upd  203  steps 6684672  sps 8176  opp frzn  loss -0.167  pg -0.0004  v 0.002  ev +0.95  adv_std 0.069  tR -0.28  ent[s/d/p/e] 1.83/2.10/0.91/0.57  emits 1.39  spf 35.2  z0 0.01  garr 38.1  tG 445  e2 0.27  nF 21.7  pS 0.40  ptS 0.40  fLog 0.47  pdΔ -0.0994  pkR 8.37  clip 0.01  kl +0.002 align[spf 31.5 e2 0.25 z0 0.02 n=20]
upd  204  steps 6717440  sps 8198  opp strn  loss -0.156  pg -0.0003  v 0.003  ev +0.94  adv_std 0.078  tR -0.05  ent[s/d/p/e] 1.66/1.98/0.88/0.55  emits 1.36  spf 31.9  z0 0.00  garr 33.5  tG 395  e2 0.25  nF 20.9  pS 0.36  ptS 0.36  fLog 0.45  pdΔ -0.1443  pkR 8.91  clip 0.01  kl +0.002 align[spf 31.6 e2 0.25 z0 0.02 n=20]
upd  205  steps 6750208  sps 8219  opp frzn  loss -0.163  pg +0.0004  v 0.003  ev +0.93  adv_std 0.079  tR -0.03  ent[s/d/p/e] 1.78/2.04/0.91/0.57  emits 1.42  spf 34.5  z0 0.00  garr 36.5  tG 446  e2 0.27  nF 20.6  pS 0.40  ptS 0.40  fLog 0.46  pdΔ -0.1003  pkR 9.39  clip 0.01  kl +0.002 align[spf 31.9 e2 0.25 z0 0.02 n=20]
upd  206  steps 6782976  sps 8243  opp rand  loss -0.151  pg +0.0000  v 0.005  ev +0.94  adv_std 0.096  tR +0.05  ent[s/d/p/e] 1.58/1.95/0.85/0.54  emits 1.29  spf 28.8  z0 0.03  garr 28.9  tG 347  e2 0.22  nF 19.9  pS 0.34  ptS 0.33  fLog 0.43  pdΔ -0.1618  pkR 12.72  clip 0.02  kl +0.003 align[spf 31.9 e2 0.25 z0 0.02 n=20]
upd  207  steps 6815744  sps 8264  opp buf  loss -0.171  pg +0.0006  v 0.003  ev +0.96  adv_std 0.076  tR +0.33  ent[s/d/p/e] 1.91/2.19/0.92/0.56  emits 1.32  spf 32.5  z0 0.06  garr 32.9  tG 538  e2 0.26  nF 22.7  pS 0.40  ptS 0.39  fLog 0.45  pdΔ -0.1019  pkR 16.61  clip 0.02  kl +0.001 align[spf 31.9 e2 0.25 z0 0.02 n=20]
upd  208  steps 6848512  sps 8285  opp frzn  loss -0.161  pg +0.0007  v 0.003  ev +0.96  adv_std 0.073  tR +0.28  ent[s/d/p/e] 1.72/2.16/0.83/0.54  emits 1.30  spf 36.7  z0 0.04  garr 37.1  tG 808  e2 0.22  nF 21.3  pS 0.36  ptS 0.35  fLog 0.44  pdΔ -0.1435  pkR 13.71  clip 0.02  kl +0.002 align[spf 32.4 e2 0.25 z0 0.02 n=20]
upd  209  steps 6881280  sps 8306  opp frzn  loss -0.162  pg +0.0008  v 0.002  ev +0.97  adv_std 0.055  tR +0.19  ent[s/d/p/e] 1.74/2.07/0.87/0.57  emits 1.39  spf 34.1  z0 0.01  garr 35.6  tG 502  e2 0.27  nF 21.2  pS 0.38  ptS 0.37  fLog 0.46  pdΔ -0.1230  pkR 19.27  clip 0.02  kl +0.003 align[spf 32.3 e2 0.25 z0 0.02 n=20]
upd  210  steps 6914048  sps 8326  opp buf  loss -0.171  pg +0.0005  v 0.004  ev +0.96  adv_std 0.088  tR -0.03  ent[s/d/p/e] 1.89/2.22/0.91/0.56  emits 1.30  spf 36.9  z0 0.09  garr 36.0  tG 632  e2 0.25  nF 20.2  pS 0.38  ptS 0.37  fLog 0.47  pdΔ -0.1243  pkR 15.88  clip 0.02  kl +0.002 align[spf 32.3 e2 0.25 z0 0.02 n=20]
upd  211  steps 6946816  sps 8347  opp frzn  loss -0.164  pg +0.0004  v 0.002  ev +0.97  adv_std 0.063  tR +0.15  ent[s/d/p/e] 1.75/2.19/0.82/0.56  emits 1.33  spf 35.1  z0 0.03  garr 36.8  tG 833  e2 0.24  nF 22.7  pS 0.34  ptS 0.34  fLog 0.43  pdΔ -0.1574  pkR 15.22  clip 0.02  kl +0.003 align[spf 32.2 e2 0.25 z0 0.02 n=20]
upd  212  steps 6979584  sps 8368  opp strn  loss -0.161  pg +0.0003  v 0.002  ev +0.97  adv_std 0.067  tR -0.01  ent[s/d/p/e] 1.73/2.07/0.86/0.57  emits 1.39  spf 30.2  z0 0.02  garr 31.2  tG 440  e2 0.27  nF 22.1  pS 0.35  ptS 0.36  fLog 0.44  pdΔ -0.1451  pkR 32.09  clip 0.02  kl +0.003 align[spf 32.5 e2 0.25 z0 0.02 n=20]
upd  213  steps 7012352  sps 8388  opp strn  loss -0.158  pg +0.0007  v 0.003  ev +0.94  adv_std 0.082  tR -0.16  ent[s/d/p/e] 1.68/2.01/0.88/0.57  emits 1.39  spf 31.2  z0 0.01  garr 31.2  tG 357  e2 0.27  nF 20.8  pS 0.36  ptS 0.36  fLog 0.45  pdΔ -0.1387  pkR 10.45  clip 0.02  kl +0.002 align[spf 32.5 e2 0.25 z0 0.02 n=20]
upd  214  steps 7045120  sps 8408  opp strn  loss -0.160  pg -0.0003  v 0.002  ev +0.95  adv_std 0.070  tR -0.21  ent[s/d/p/e] 1.70/2.02/0.88/0.57  emits 1.39  spf 33.5  z0 0.01  garr 33.6  tG 391  e2 0.27  nF 21.3  pS 0.36  ptS 0.36  fLog 0.45  pdΔ -0.1369  pkR 10.44  clip 0.02  kl +0.002 align[spf 32.3 e2 0.25 z0 0.02 n=20]
upd  215  steps 7077888  sps 8432  opp rand  loss -0.151  pg -0.0000  v 0.004  ev +0.94  adv_std 0.092  tR +0.28  ent[s/d/p/e] 1.59/1.95/0.82/0.54  emits 1.34  spf 26.9  z0 0.02  garr 27.3  tG 330  e2 0.24  nF 21.1  pS 0.33  ptS 0.33  fLog 0.43  pdΔ -0.1673  pkR 13.84  clip 0.02  kl +0.003 align[spf 32.3 e2 0.25 z0 0.02 n=20]
upd  216  steps 7110656  sps 8452  opp strn  loss -0.157  pg +0.0011  v 0.002  ev +0.96  adv_std 0.067  tR +0.30  ent[s/d/p/e] 1.67/1.98/0.89/0.57  emits 1.40  spf 28.0  z0 0.01  garr 28.6  tG 321  e2 0.28  nF 21.5  pS 0.35  ptS 0.35  fLog 0.44  pdΔ -0.1537  pkR 10.83  clip 0.01  kl +0.002 align[spf 32.1 e2 0.25 z0 0.02 n=20]
upd  217  steps 7143424  sps 8472  opp strn  loss -0.161  pg -0.0002  v 0.003  ev +0.95  adv_std 0.078  tR -0.22  ent[s/d/p/e] 1.73/2.02/0.89/0.59  emits 1.44  spf 31.3  z0 0.01  garr 31.8  tG 371  e2 0.30  nF 20.3  pS 0.38  ptS 0.37  fLog 0.45  pdΔ -0.1180  pkR 8.81  clip 0.02  kl +0.003 align[spf 32.2 e2 0.26 z0 0.02 n=20]
upd  218  steps 7176192  sps 8492  opp frzn  loss -0.160  pg +0.0009  v 0.003  ev +0.95  adv_std 0.077  tR -0.08  ent[s/d/p/e] 1.72/2.04/0.88/0.59  emits 1.46  spf 30.8  z0 0.00  garr 31.2  tG 376  e2 0.29  nF 20.7  pS 0.37  ptS 0.38  fLog 0.44  pdΔ -0.1272  pkR 10.40  clip 0.02  kl +0.003 align[spf 32.1 e2 0.26 z0 0.02 n=20]
upd  219  steps 7208960  sps 8512  opp buf  loss -0.171  pg +0.0008  v 0.004  ev +0.96  adv_std 0.085  tR +0.07  ent[s/d/p/e] 1.87/2.22/0.92/0.59  emits 1.39  spf 30.9  z0 0.06  garr 30.3  tG 479  e2 0.29  nF 22.4  pS 0.37  ptS 0.37  fLog 0.45  pdΔ -0.1272  pkR 14.91  clip 0.01  kl +0.002 align[spf 32.1 e2 0.26 z0 0.02 n=20]
upd  220  steps 7241728  sps 8532  opp strn  loss -0.168  pg -0.0001  v 0.002  ev +0.98  adv_std 0.056  tR +0.13  ent[s/d/p/e] 1.83/2.18/0.87/0.57  emits 1.38  spf 33.4  z0 0.04  garr 35.2  tG 728  e2 0.27  nF 23.8  pS 0.35  ptS 0.36  fLog 0.44  pdΔ -0.1479  pkR 16.74  clip 0.01  kl +0.001 align[spf 32.4 e2 0.26 z0 0.02 n=20]
upd  221  steps 7274496  sps 8551  opp frzn  loss -0.164  pg +0.0004  v 0.002  ev +0.97  adv_std 0.060  tR -0.05  ent[s/d/p/e] 1.74/2.10/0.88/0.59  emits 1.44  spf 31.8  z0 0.02  garr 32.9  tG 512  e2 0.29  nF 22.8  pS 0.36  ptS 0.36  fLog 0.44  pdΔ -0.1445  pkR 24.05  clip 0.02  kl +0.002 align[spf 32.6 e2 0.26 z0 0.02 n=20]
upd  222  steps 7307264  sps 8574  opp rand  loss -0.155  pg -0.0006  v 0.003  ev +0.95  adv_std 0.084  tR +0.07  ent[s/d/p/e] 1.63/2.00/0.82/0.57  emits 1.40  spf 27.0  z0 0.03  garr 27.0  tG 330  e2 0.26  nF 22.3  pS 0.34  ptS 0.34  fLog 0.43  pdΔ -0.1605  pkR 14.64  clip 0.02  kl +0.003 align[spf 32.6 e2 0.26 z0 0.02 n=20]
upd  223  steps 7340032  sps 8594  opp frzn  loss -0.157  pg -0.0002  v 0.002  ev +0.96  adv_std 0.068  tR +0.05  ent[s/d/p/e] 1.61/1.99/0.88/0.59  emits 1.45  spf 24.6  z0 0.01  garr 24.6  tG 265  e2 0.29  nF 23.4  pS 0.33  ptS 0.33  fLog 0.42  pdΔ -0.1700  pkR 15.89  clip 0.02  kl +0.002 align[spf 32.4 e2 0.26 z0 0.02 n=20]
upd  224  steps 7372800  sps 8616  opp rand  loss -0.160  pg +0.0009  v 0.003  ev +0.95  adv_std 0.085  tR +0.29  ent[s/d/p/e] 1.73/2.06/0.85/0.59  emits 1.47  spf 26.9  z0 0.01  garr 26.9  tG 330  e2 0.29  nF 21.9  pS 0.37  ptS 0.37  fLog 0.43  pdΔ -0.1254  pkR 11.78  clip 0.01  kl +0.002 align[spf 32.4 e2 0.26 z0 0.02 n=20]
upd  225  steps 7405568  sps 8635  opp buf  loss -0.180  pg +0.0003  v 0.003  ev +0.97  adv_std 0.072  tR +0.23  ent[s/d/p/e] 1.98/2.36/0.91/0.60  emits 1.35  spf 36.2  z0 0.09  garr 36.4  tG 688  e2 0.27  nF 22.3  pS 0.42  ptS 0.40  fLog 0.47  pdΔ -0.0847  pkR 23.42  clip 0.02  kl +0.002 align[spf 32.4 e2 0.26 z0 0.02 n=20]
upd  226  steps 7438336  sps 8655  opp frzn  loss -0.167  pg +0.0003  v 0.002  ev +0.97  adv_std 0.064  tR +0.32  ent[s/d/p/e] 1.78/2.24/0.83/0.57  emits 1.36  spf 31.8  z0 0.04  garr 35.1  tG 735  e2 0.25  nF 23.5  pS 0.35  ptS 0.35  fLog 0.43  pdΔ -0.1489  pkR 15.78  clip 0.02  kl +0.002 align[spf 32.4 e2 0.26 z0 0.02 n=20]
upd  227  steps 7471104  sps 8674  opp strn  loss -0.167  pg +0.0002  v 0.003  ev +0.96  adv_std 0.074  tR +0.11  ent[s/d/p/e] 1.84/2.11/0.89/0.58  emits 1.42  spf 33.1  z0 0.01  garr 35.5  tG 560  e2 0.28  nF 22.0  pS 0.40  ptS 0.40  fLog 0.45  pdΔ -0.1030  pkR 21.20  clip 0.02  kl +0.002 align[spf 32.4 e2 0.26 z0 0.02 n=20]
upd  228  steps 7503872  sps 8693  opp strn  loss -0.158  pg -0.0001  v 0.003  ev +0.95  adv_std 0.077  tR -0.14  ent[s/d/p/e] 1.66/1.99/0.89/0.57  emits 1.42  spf 29.2  z0 0.01  garr 29.5  tG 346  e2 0.28  nF 21.6  pS 0.36  ptS 0.36  fLog 0.44  pdΔ -0.1429  pkR 10.14  clip 0.02  kl +0.003 align[spf 32.0 e2 0.27 z0 0.02 n=20]
upd  229  steps 7536640  sps 8712  opp strn  loss -0.160  pg +0.0009  v 0.003  ev +0.94  adv_std 0.082  tR +0.00  ent[s/d/p/e] 1.73/2.03/0.90/0.57  emits 1.40  spf 32.9  z0 0.01  garr 33.9  tG 400  e2 0.26  nF 21.0  pS 0.38  ptS 0.37  fLog 0.46  pdΔ -0.1233  pkR 10.24  clip 0.01  kl +0.002 align[spf 31.9 e2 0.27 z0 0.02 n=20]
upd  230  steps 7569408  sps 8731  opp frzn  loss -0.159  pg +0.0000  v 0.003  ev +0.95  adv_std 0.079  tR -0.14  ent[s/d/p/e] 1.66/2.05/0.88/0.58  emits 1.40  spf 30.9  z0 0.01  garr 31.2  tG 358  e2 0.26  nF 20.6  pS 0.35  ptS 0.35  fLog 0.44  pdΔ -0.1454  pkR 11.98  clip 0.01  kl +0.002 align[spf 32.0 e2 0.27 z0 0.02 n=20]
upd  231  steps 7602176  sps 8750  opp buf  loss -0.171  pg +0.0011  v 0.003  ev +0.96  adv_std 0.086  tR +0.05  ent[s/d/p/e] 1.86/2.25/0.93/0.57  emits 1.30  spf 33.6  z0 0.09  garr 33.1  tG 580  e2 0.25  nF 21.0  pS 0.38  ptS 0.37  fLog 0.46  pdΔ -0.1225  pkR 18.54  clip 0.01  kl +0.002 align[spf 32.0 e2 0.27 z0 0.02 n=20]
upd  232  steps 7634944  sps 8769  opp strn  loss -0.164  pg +0.0002  v 0.002  ev +0.97  adv_std 0.065  tR +0.30  ent[s/d/p/e] 1.77/2.18/0.84/0.55  emits 1.34  spf 34.8  z0 0.04  garr 37.4  tG 865  e2 0.24  nF 22.7  pS 0.36  ptS 0.36  fLog 0.44  pdΔ -0.1379  pkR 15.64  clip 0.02  kl +0.002 align[spf 32.0 e2 0.27 z0 0.02 n=20]
upd  233  steps 7667712  sps 8787  opp strn  loss -0.166  pg +0.0001  v 0.002  ev +0.96  adv_std 0.065  tR +0.02  ent[s/d/p/e] 1.78/2.10/0.92/0.59  emits 1.41  spf 33.7  z0 0.01  garr 36.0  tG 494  e2 0.27  nF 21.4  pS 0.38  ptS 0.38  fLog 0.46  pdΔ -0.1195  pkR 20.35  clip 0.01  kl +0.002 align[spf 32.1 e2 0.27 z0 0.02 n=20]
upd  234  steps 7700480  sps 8806  opp frzn  loss -0.157  pg -0.0004  v 0.003  ev +0.95  adv_std 0.077  tR -0.18  ent[s/d/p/e] 1.62/2.03/0.86/0.56  emits 1.37  spf 30.3  z0 0.01  garr 30.7  tG 353  e2 0.25  nF 20.1  pS 0.35  ptS 0.35  fLog 0.44  pdΔ -0.1511  pkR 11.15  clip 0.02  kl +0.003 align[spf 31.9 e2 0.27 z0 0.02 n=20]
upd  235  steps 7733248  sps 8824  opp strn  loss -0.159  pg +0.0001  v 0.002  ev +0.95  adv_std 0.070  tR -0.19  ent[s/d/p/e] 1.69/2.00/0.89/0.57  emits 1.41  spf 29.2  z0 0.00  garr 31.0  tG 363  e2 0.27  nF 22.4  pS 0.37  ptS 0.37  fLog 0.44  pdΔ -0.1333  pkR 8.48  clip 0.02  kl +0.003 align[spf 31.5 e2 0.27 z0 0.02 n=20]
upd  236  steps 7766016  sps 8843  opp frzn  loss -0.153  pg +0.0002  v 0.003  ev +0.94  adv_std 0.078  tR -0.19  ent[s/d/p/e] 1.57/1.95/0.89/0.56  emits 1.39  spf 26.6  z0 0.01  garr 26.8  tG 294  e2 0.26  nF 21.9  pS 0.33  ptS 0.33  fLog 0.43  pdΔ -0.1668  pkR 9.65  clip 0.02  kl +0.002 align[spf 31.1 e2 0.27 z0 0.02 n=20]
upd  237  steps 7798784  sps 8861  opp frzn  loss -0.161  pg +0.0008  v 0.003  ev +0.94  adv_std 0.083  tR +0.18  ent[s/d/p/e] 1.70/2.07/0.88/0.59  emits 1.44  spf 32.1  z0 0.01  garr 32.7  tG 377  e2 0.28  nF 21.2  pS 0.37  ptS 0.37  fLog 0.45  pdΔ -0.1322  pkR 8.31  clip 0.02  kl +0.002 align[spf 31.0 e2 0.27 z0 0.01 n=20]
upd  238  steps 7831552  sps 8880  opp frzn  loss -0.157  pg -0.0002  v 0.002  ev +0.95  adv_std 0.072  tR -0.29  ent[s/d/p/e] 1.58/2.03/0.87/0.59  emits 1.45  spf 27.0  z0 0.01  garr 28.3  tG 309  e2 0.28  nF 21.0  pS 0.33  ptS 0.33  fLog 0.43  pdΔ -0.1666  pkR 10.59  clip 0.02  kl +0.003 align[spf 30.8 e2 0.27 z0 0.01 n=20]
upd  239  steps 7864320  sps 8898  opp strn  loss -0.159  pg +0.0001  v 0.003  ev +0.94  adv_std 0.086  tR +0.11  ent[s/d/p/e] 1.66/2.05/0.90/0.58  emits 1.41  spf 28.8  z0 0.01  garr 29.9  tG 339  e2 0.26  nF 21.2  pS 0.36  ptS 0.36  fLog 0.44  pdΔ -0.1415  pkR 10.05  clip 0.01  kl +0.002 align[spf 30.7 e2 0.27 z0 0.01 n=20]
upd  240  steps 7897088  sps 8916  opp strn  loss -0.156  pg +0.0004  v 0.003  ev +0.95  adv_std 0.077  tR -0.10  ent[s/d/p/e] 1.63/1.96/0.91/0.56  emits 1.40  spf 29.7  z0 0.01  garr 31.4  tG 387  e2 0.26  nF 21.2  pS 0.36  ptS 0.36  fLog 0.44  pdΔ -0.1445  pkR 10.26  clip 0.02  kl +0.003 align[spf 30.5 e2 0.27 z0 0.01 n=20]
upd  241  steps 7929856  sps 8934  opp frzn  loss -0.154  pg +0.0005  v 0.003  ev +0.95  adv_std 0.073  tR +0.06  ent[s/d/p/e] 1.62/1.95/0.90/0.55  emits 1.39  spf 29.0  z0 0.00  garr 29.9  tG 344  e2 0.25  nF 21.3  pS 0.35  ptS 0.35  fLog 0.44  pdΔ -0.1495  pkR 12.19  clip 0.02  kl +0.003 align[spf 30.6 e2 0.27 z0 0.01 n=20]
upd  242  steps 7962624  sps 8952  opp frzn  loss -0.159  pg +0.0004  v 0.003  ev +0.94  adv_std 0.075  tR -0.10  ent[s/d/p/e] 1.69/2.01/0.90/0.55  emits 1.39  spf 34.2  z0 0.01  garr 36.3  tG 427  e2 0.26  nF 20.3  pS 0.38  ptS 0.37  fLog 0.46  pdΔ -0.1244  pkR 7.84  clip 0.01  kl +0.002 align[spf 30.7 e2 0.27 z0 0.01 n=20]
upd  243  steps 7995392  sps 8970  opp buf  loss -0.167  pg +0.0008  v 0.003  ev +0.96  adv_std 0.084  tR -0.01  ent[s/d/p/e] 1.78/2.21/0.93/0.56  emits 1.30  spf 32.3  z0 0.07  garr 33.9  tG 599  e2 0.24  nF 20.4  pS 0.36  ptS 0.35  fLog 0.45  pdΔ -0.1378  pkR 27.43  clip 0.02  kl +0.002 align[spf 30.7 e2 0.27 z0 0.01 n=20]
upd  244  steps 8028160  sps 8988  opp strn  loss -0.163  pg +0.0006  v 0.002  ev +0.97  adv_std 0.061  tR +0.24  ent[s/d/p/e] 1.71/2.17/0.87/0.55  emits 1.35  spf 32.2  z0 0.02  garr 34.2  tG 703  e2 0.24  nF 21.5  pS 0.34  ptS 0.34  fLog 0.44  pdΔ -0.1648  pkR 22.14  clip 0.02  kl +0.002 align[spf 30.8 e2 0.27 z0 0.01 n=20]
upd  245  steps 8060928  sps 9005  opp frzn  loss -0.161  pg +0.0002  v 0.002  ev +0.96  adv_std 0.068  tR -0.28  ent[s/d/p/e] 1.71/2.10/0.89/0.54  emits 1.33  spf 32.3  z0 0.02  garr 34.6  tG 503  e2 0.23  nF 21.3  pS 0.36  ptS 0.37  fLog 0.44  pdΔ -0.1429  pkR 25.71  clip 0.03  kl +0.002 align[spf 30.7 e2 0.26 z0 0.01 n=20]
upd  246  steps 8093696  sps 9023  opp frzn  loss -0.154  pg +0.0003  v 0.003  ev +0.95  adv_std 0.074  tR +0.12  ent[s/d/p/e] 1.58/1.96/0.88/0.56  emits 1.41  spf 26.3  z0 0.00  garr 27.3  tG 298  e2 0.26  nF 21.0  pS 0.34  ptS 0.34  fLog 0.43  pdΔ -0.1624  pkR 12.45  clip 0.01  kl +0.002 align[spf 30.4 e2 0.26 z0 0.01 n=20]
upd  247  steps 8126464  sps 9044  opp rand  loss -0.156  pg +0.0003  v 0.002  ev +0.96  adv_std 0.071  tR +0.12  ent[s/d/p/e] 1.61/2.06/0.83/0.55  emits 1.31  spf 27.3  z0 0.03  garr 27.7  tG 321  e2 0.23  nF 20.9  pS 0.35  ptS 0.34  fLog 0.43  pdΔ -0.1543  pkR 14.70  clip 0.02  kl +0.003 align[spf 30.4 e2 0.26 z0 0.01 n=20]
upd  248  steps 8159232  sps 9061  opp frzn  loss -0.154  pg +0.0011  v 0.002  ev +0.96  adv_std 0.067  tR +0.04  ent[s/d/p/e] 1.58/2.01/0.87/0.55  emits 1.33  spf 27.7  z0 0.01  garr 29.6  tG 339  e2 0.23  nF 20.5  pS 0.33  ptS 0.33  fLog 0.43  pdΔ -0.1664  pkR 13.00  clip 0.02  kl +0.003 align[spf 30.6 e2 0.26 z0 0.01 n=20]
[eval_vs_v20] u249 tag=train_u249  bin0=0.0%  spf=7.92  garr=32.51  flip=5.14%  z0=0.6%  e8=0.0%  e2+=0.0%  WLD=0/3/0
upd  249  steps 8192000  sps 9082  opp rand  loss -0.155  pg +0.0000  v 0.003  ev +0.96  adv_std 0.083  tR +0.28  ent[s/d/p/e] 1.66/2.02/0.83/0.53  emits 1.29  spf 31.8  z0 0.03  garr 34.8  tG 459  e2 0.22  nF 18.9  pS 0.37  ptS 0.37  fLog 0.44  pdΔ -0.1312  pkR 10.28  clip 0.02  kl +0.002 align[spf 30.6 e2 0.26 z0 0.01 n=20] WRr 0.84 WRf 0.47 v20[spf 7.9 flip 5.1% e2+ 0.0%]
[ckpt] saved ./ckpt_multi_action_v11_f44_align/ckpt_000249.pkl opp=rand
upd  250  steps 8224768  sps 8152  opp strn  loss -0.148  pg +0.0008  v 0.002  ev +0.96  adv_std 0.069  tR +0.33  ent[s/d/p/e] 1.53/1.90/0.84/0.54  emits 1.34  spf 27.0  z0 0.01  garr 28.8  tG 340  e2 0.24  nF 20.6  pS 0.32  ptS 0.32  fLog 0.42  pdΔ -0.1836  pkR 14.22  clip 0.02  kl +0.002 align[spf 30.3 e2 0.26 z0 0.01 n=20]
upd  251  steps 8257536  sps 8169  opp buf  loss -0.172  pg +0.0002  v 0.003  ev +0.97  adv_std 0.080  tR +0.11  ent[s/d/p/e] 1.91/2.23/0.91/0.54  emits 1.27  spf 36.1  z0 0.06  garr 40.0  tG 707  e2 0.23  nF 20.2  pS 0.40  ptS 0.39  fLog 0.47  pdΔ -0.0963  pkR 14.94  clip 0.02  kl +0.002 align[spf 30.3 e2 0.26 z0 0.01 n=20]
upd  252  steps 8290304  sps 8189  opp rand  loss -0.161  pg +0.0006  v 0.002  ev +0.97  adv_std 0.066  tR +0.22  ent[s/d/p/e] 1.75/2.20/0.78/0.54  emits 1.27  spf 36.2  z0 0.06  garr 41.0  tG 993  e2 0.22  nF 19.9  pS 0.36  ptS 0.36  fLog 0.44  pdΔ -0.1366  pkR 14.16  clip 0.02  kl +0.003 align[spf 30.3 e2 0.26 z0 0.01 n=20]
upd  253  steps 8323072  sps 8206  opp strn  loss -0.157  pg +0.0001  v 0.002  ev +0.97  adv_std 0.063  tR +0.24  ent[s/d/p/e] 1.61/2.06/0.84/0.57  emits 1.35  spf 29.1  z0 0.03  garr 32.6  tG 442  e2 0.25  nF 20.7  pS 0.35  ptS 0.34  fLog 0.43  pdΔ -0.1511  pkR 22.82  clip 0.01  kl +0.002 align[spf 30.1 e2 0.26 z0 0.01 n=20]
upd  254  steps 8355840  sps 8226  opp rand  loss -0.158  pg +0.0008  v 0.003  ev +0.95  adv_std 0.081  tR +0.31  ent[s/d/p/e] 1.71/2.06/0.83/0.57  emits 1.37  spf 28.0  z0 0.01  garr 32.1  tG 406  e2 0.26  nF 19.9  pS 0.38  ptS 0.38  fLog 0.44  pdΔ -0.1155  pkR 14.17  clip 0.01  kl +0.002 align[spf 30.1 e2 0.26 z0 0.01 n=20]
upd  255  steps 8388608  sps 8243  opp strn  loss -0.154  pg +0.0001  v 0.003  ev +0.95  adv_std 0.075  tR +0.39  ent[s/d/p/e] 1.61/1.93/0.87/0.57  emits 1.41  spf 27.3  z0 0.01  garr 32.1  tG 363  e2 0.27  nF 20.8  pS 0.34  ptS 0.34  fLog 0.43  pdΔ -0.1591  pkR 13.33  clip 0.03  kl +0.003 align[spf 30.0 e2 0.26 z0 0.01 n=20]
upd  256  steps 8421376  sps 8260  opp strn  loss -0.162  pg -0.0004  v 0.003  ev +0.95  adv_std 0.077  tR -0.28  ent[s/d/p/e] 1.73/2.03/0.90/0.57  emits 1.40  spf 34.2  z0 0.01  garr 40.4  tG 468  e2 0.27  nF 20.3  pS 0.38  ptS 0.37  fLog 0.45  pdΔ -0.1244  pkR 9.96  clip 0.02  kl +0.003 align[spf 30.1 e2 0.26 z0 0.01 n=20]
upd  257  steps 8454144  sps 8279  opp rand  loss -0.153  pg +0.0009  v 0.004  ev +0.95  adv_std 0.087  tR +0.20  ent[s/d/p/e] 1.61/1.99/0.81/0.57  emits 1.39  spf 27.6  z0 0.03  garr 31.1  tG 370  e2 0.27  nF 20.2  pS 0.34  ptS 0.34  fLog 0.43  pdΔ -0.1564  pkR 10.21  clip 0.01  kl +0.002 align[spf 30.1 e2 0.26 z0 0.01 n=20]
upd  258  steps 8486912  sps 8296  opp frzn  loss -0.158  pg -0.0002  v 0.002  ev +0.96  adv_std 0.068  tR +0.15  ent[s/d/p/e] 1.66/2.02/0.82/0.58  emits 1.42  spf 27.7  z0 0.01  garr 31.7  tG 390  e2 0.28  nF 21.6  pS 0.35  ptS 0.35  fLog 0.42  pdΔ -0.1456  pkR 11.30  clip 0.02  kl +0.002 align[spf 30.0 e2 0.26 z0 0.01 n=20]
upd  259  steps 8519680  sps 8313  opp strn  loss -0.157  pg -0.0001  v 0.003  ev +0.96  adv_std 0.074  tR +0.05  ent[s/d/p/e] 1.64/2.04/0.83/0.58  emits 1.40  spf 27.4  z0 0.01  garr 31.6  tG 355  e2 0.27  nF 21.4  pS 0.35  ptS 0.35  fLog 0.43  pdΔ -0.1496  pkR 9.43  clip 0.02  kl +0.003 align[spf 29.6 e2 0.26 z0 0.01 n=20]
upd  260  steps 8552448  sps 8330  opp strn  loss -0.156  pg +0.0008  v 0.003  ev +0.95  adv_std 0.074  tR -0.11  ent[s/d/p/e] 1.66/2.02/0.83/0.58  emits 1.42  spf 30.2  z0 0.01  garr 34.1  tG 388  e2 0.27  nF 22.1  pS 0.35  ptS 0.35  fLog 0.44  pdΔ -0.1471  pkR 9.84  clip 0.01  kl +0.002 align[spf 29.4 e2 0.26 z0 0.01 n=20]
upd  261  steps 8585216  sps 8346  opp strn  loss -0.157  pg +0.0001  v 0.002  ev +0.95  adv_std 0.069  tR -0.22  ent[s/d/p/e] 1.64/2.04/0.82/0.57  emits 1.38  spf 28.4  z0 0.01  garr 31.6  tG 353  e2 0.26  nF 21.5  pS 0.35  ptS 0.35  fLog 0.43  pdΔ -0.1535  pkR 10.91  clip 0.02  kl +0.003 align[spf 29.3 e2 0.26 z0 0.01 n=20]
upd  262  steps 8617984  sps 8363  opp frzn  loss -0.159  pg +0.0005  v 0.003  ev +0.94  adv_std 0.078  tR -0.08  ent[s/d/p/e] 1.71/2.02/0.85/0.58  emits 1.42  spf 29.2  z0 0.01  garr 32.0  tG 367  e2 0.28  nF 21.7  pS 0.36  ptS 0.37  fLog 0.44  pdΔ -0.1350  pkR 11.44  clip 0.03  kl +0.003 align[spf 29.3 e2 0.26 z0 0.01 n=20]
upd  263  steps 8650752  sps 8379  opp frzn  loss -0.160  pg +0.0001  v 0.002  ev +0.96  adv_std 0.072  tR -0.19  ent[s/d/p/e] 1.70/2.02/0.87/0.58  emits 1.41  spf 29.4  z0 0.01  garr 31.8  tG 360  e2 0.28  nF 21.2  pS 0.37  ptS 0.37  fLog 0.44  pdΔ -0.1348  pkR 9.72  clip 0.01  kl +0.002 align[spf 29.5 e2 0.26 z0 0.01 n=20]
upd  264  steps 8683520  sps 8396  opp frzn  loss -0.159  pg +0.0003  v 0.002  ev +0.95  adv_std 0.071  tR -0.23  ent[s/d/p/e] 1.69/2.02/0.86/0.58  emits 1.41  spf 28.8  z0 0.01  garr 31.6  tG 361  e2 0.27  nF 21.1  pS 0.37  ptS 0.36  fLog 0.44  pdΔ -0.1337  pkR 9.39  clip 0.03  kl +0.003 align[spf 29.3 e2 0.26 z0 0.01 n=20]
upd  265  steps 8716288  sps 8415  opp rand  loss -0.156  pg +0.0001  v 0.004  ev +0.95  adv_std 0.094  tR +0.19  ent[s/d/p/e] 1.65/2.05/0.80/0.57  emits 1.36  spf 27.2  z0 0.04  garr 29.6  tG 369  e2 0.25  nF 21.0  pS 0.36  ptS 0.35  fLog 0.43  pdΔ -0.1371  pkR 12.55  clip 0.03  kl +0.004 align[spf 29.3 e2 0.26 z0 0.01 n=20]
upd  266  steps 8749056  sps 8431  opp frzn  loss -0.158  pg +0.0003  v 0.002  ev +0.96  adv_std 0.061  tR +0.34  ent[s/d/p/e] 1.65/1.97/0.89/0.59  emits 1.47  spf 28.6  z0 0.01  garr 31.3  tG 362  e2 0.30  nF 22.2  pS 0.35  ptS 0.35  fLog 0.44  pdΔ -0.1482  pkR 12.59  clip 0.03  kl +0.003 align[spf 29.4 e2 0.26 z0 0.01 n=20]
upd  267  steps 8781824  sps 8448  opp strn  loss -0.161  pg +0.0001  v 0.002  ev +0.96  adv_std 0.071  tR -0.30  ent[s/d/p/e] 1.75/1.99/0.89/0.59  emits 1.47  spf 29.0  z0 0.00  garr 32.3  tG 356  e2 0.30  nF 21.4  pS 0.37  ptS 0.38  fLog 0.45  pdΔ -0.1260  pkR 9.81  clip 0.02  kl +0.003 align[spf 29.4 e2 0.26 z0 0.01 n=20]
upd  268  steps 8814592  sps 8464  opp strn  loss -0.159  pg +0.0003  v 0.002  ev +0.95  adv_std 0.067  tR -0.13  ent[s/d/p/e] 1.68/2.00/0.88/0.59  emits 1.52  spf 26.9  z0 0.00  garr 28.2  tG 307  e2 0.31  nF 23.0  pS 0.36  ptS 0.36  fLog 0.44  pdΔ -0.1426  pkR 9.98  clip 0.03  kl +0.003 align[spf 29.2 e2 0.27 z0 0.01 n=20]
upd  269  steps 8847360  sps 8480  opp strn  loss -0.162  pg +0.0002  v 0.003  ev +0.95  adv_std 0.077  tR -0.19  ent[s/d/p/e] 1.76/2.02/0.89/0.59  emits 1.49  spf 30.9  z0 0.01  garr 33.3  tG 380  e2 0.31  nF 21.8  pS 0.38  ptS 0.38  fLog 0.46  pdΔ -0.1161  pkR 7.50  clip 0.02  kl +0.002 align[spf 29.3 e2 0.27 z0 0.01 n=20]
upd  270  steps 8880128  sps 8499  opp rand  loss -0.157  pg +0.0007  v 0.003  ev +0.95  adv_std 0.085  tR +0.34  ent[s/d/p/e] 1.67/2.05/0.81/0.58  emits 1.42  spf 28.6  z0 0.02  garr 31.2  tG 392  e2 0.27  nF 21.3  pS 0.37  ptS 0.36  fLog 0.44  pdΔ -0.1349  pkR 16.73  clip 0.01  kl +0.002 align[spf 29.3 e2 0.27 z0 0.01 n=20]
upd  271  steps 8912896  sps 8515  opp strn  loss -0.154  pg -0.0007  v 0.002  ev +0.97  adv_std 0.061  tR +0.12  ent[s/d/p/e] 1.57/1.93/0.87/0.57  emits 1.41  spf 25.9  z0 0.02  garr 28.3  tG 330  e2 0.27  nF 22.1  pS 0.33  ptS 0.33  fLog 0.42  pdΔ -0.1721  pkR 14.94  clip 0.04  kl +0.004 align[spf 28.9 e2 0.27 z0 0.01 n=20]
upd  272  steps 8945664  sps 8533  opp rand  loss -0.145  pg +0.0006  v 0.003  ev +0.96  adv_std 0.083  tR +0.30  ent[s/d/p/e] 1.46/1.97/0.76/0.55  emits 1.32  spf 25.1  z0 0.02  garr 27.1  tG 316  e2 0.23  nF 20.6  pS 0.31  ptS 0.30  fLog 0.41  pdΔ -0.1924  pkR 14.95  clip 0.02  kl +0.002 align[spf 28.9 e2 0.27 z0 0.01 n=20]
upd  273  steps 8978432  sps 8549  opp strn  loss -0.150  pg +0.0005  v 0.002  ev +0.96  adv_std 0.066  tR +0.21  ent[s/d/p/e] 1.53/1.96/0.81/0.57  emits 1.38  spf 25.4  z0 0.02  garr 27.3  tG 298  e2 0.25  nF 22.1  pS 0.31  ptS 0.31  fLog 0.42  pdΔ -0.1860  pkR 13.96  clip 0.02  kl +0.003 align[spf 28.6 e2 0.27 z0 0.01 n=20]
upd  274  steps 9011200  sps 8565  opp buf  loss -0.170  pg +0.0006  v 0.003  ev +0.96  adv_std 0.080  tR -0.08  ent[s/d/p/e] 1.86/2.23/0.86/0.57  emits 1.32  spf 32.1  z0 0.06  garr 36.8  tG 589  e2 0.25  nF 21.8  pS 0.39  ptS 0.38  fLog 0.45  pdΔ -0.1145  pkR 16.92  clip 0.02  kl +0.002 align[spf 28.6 e2 0.27 z0 0.01 n=20]
upd  275  steps 9043968  sps 8583  opp rand  loss -0.166  pg +0.0004  v 0.002  ev +0.97  adv_std 0.070  tR +0.24  ent[s/d/p/e] 1.83/2.21/0.80/0.54  emits 1.33  spf 37.1  z0 0.05  garr 42.8  tG 960  e2 0.24  nF 21.9  pS 0.39  ptS 0.38  fLog 0.45  pdΔ -0.1105  pkR 15.63  clip 0.02  kl +0.003 align[spf 28.6 e2 0.27 z0 0.01 n=20]
upd  276  steps 9076736  sps 8599  opp frzn  loss -0.155  pg -0.0000  v 0.002  ev +0.97  adv_std 0.066  tR +0.33  ent[s/d/p/e] 1.61/2.01/0.82/0.56  emits 1.37  spf 28.9  z0 0.01  garr 31.6  tG 477  e2 0.25  nF 22.8  pS 0.34  ptS 0.34  fLog 0.42  pdΔ -0.1601  pkR 26.74  clip 0.01  kl +0.002 align[spf 28.4 e2 0.27 z0 0.01 n=20]
upd  277  steps 9109504  sps 8617  opp rand  loss -0.157  pg +0.0014  v 0.003  ev +0.96  adv_std 0.081  tR +0.24  ent[s/d/p/e] 1.71/2.06/0.80/0.57  emits 1.36  spf 29.1  z0 0.03  garr 32.0  tG 399  e2 0.25  nF 20.3  pS 0.37  ptS 0.37  fLog 0.44  pdΔ -0.1276  pkR 12.81  clip 0.03  kl +0.003 align[spf 28.4 e2 0.27 z0 0.01 n=20]
upd  278  steps 9142272  sps 8633  opp buf  loss -0.176  pg +0.0006  v 0.003  ev +0.96  adv_std 0.077  tR +0.27  ent[s/d/p/e] 1.94/2.34/0.89/0.58  emits 1.34  spf 37.2  z0 0.05  garr 41.0  tG 736  e2 0.26  nF 22.1  pS 0.41  ptS 0.40  fLog 0.47  pdΔ -0.0883  pkR 14.53  clip 0.02  kl +0.003 align[spf 28.4 e2 0.27 z0 0.01 n=20]
upd  279  steps 9175040  sps 8649  opp strn  loss -0.167  pg +0.0004  v 0.002  ev +0.97  adv_std 0.067  tR +0.05  ent[s/d/p/e] 1.81/2.23/0.84/0.54  emits 1.31  spf 40.5  z0 0.03  garr 44.1  tG 935  e2 0.22  nF 21.7  pS 0.37  ptS 0.37  fLog 0.45  pdΔ -0.1270  pkR 13.03  clip 0.02  kl +0.002 align[spf 29.1 e2 0.27 z0 0.01 n=20]
upd  280  steps 9207808  sps 8667  opp rand  loss -0.159  pg +0.0003  v 0.002  ev +0.97  adv_std 0.061  tR +0.11  ent[s/d/p/e] 1.72/2.09/0.81/0.54  emits 1.29  spf 33.5  z0 0.03  garr 35.5  tG 553  e2 0.22  nF 18.9  pS 0.37  ptS 0.36  fLog 0.45  pdΔ -0.1338  pkR 26.10  clip 0.01  kl +0.002 align[spf 29.1 e2 0.27 z0 0.01 n=20]
upd  281  steps 9240576  sps 8682  opp frzn  loss -0.153  pg +0.0006  v 0.002  ev +0.96  adv_std 0.069  tR +0.15  ent[s/d/p/e] 1.59/2.02/0.82/0.55  emits 1.31  spf 30.6  z0 0.02  garr 32.4  tG 378  e2 0.22  nF 18.6  pS 0.34  ptS 0.34  fLog 0.44  pdΔ -0.1608  pkR 12.14  clip 0.02  kl +0.003 align[spf 29.3 e2 0.27 z0 0.01 n=20]
upd  282  steps 9273344  sps 8698  opp strn  loss -0.164  pg +0.0008  v 0.003  ev +0.94  adv_std 0.077  tR -0.23  ent[s/d/p/e] 1.80/2.14/0.86/0.57  emits 1.35  spf 35.7  z0 0.01  garr 37.8  tG 449  e2 0.24  nF 20.1  pS 0.40  ptS 0.40  fLog 0.46  pdΔ -0.1022  pkR 6.20  clip 0.02  kl +0.002 align[spf 29.7 e2 0.27 z0 0.01 n=20]
upd  283  steps 9306112  sps 8713  opp frzn  loss -0.156  pg -0.0000  v 0.003  ev +0.94  adv_std 0.079  tR -0.24  ent[s/d/p/e] 1.64/2.00/0.86/0.56  emits 1.35  spf 31.3  z0 0.01  garr 32.2  tG 363  e2 0.25  nF 20.3  pS 0.35  ptS 0.35  fLog 0.45  pdΔ -0.1501  pkR 10.30  clip 0.03  kl +0.005 align[spf 29.8 e2 0.27 z0 0.01 n=20]
upd  284  steps 9338880  sps 8728  opp buf  loss -0.180  pg +0.0004  v 0.003  ev +0.97  adv_std 0.073  tR +0.16  ent[s/d/p/e] 2.01/2.33/0.95/0.58  emits 1.39  spf 40.1  z0 0.05  garr 42.6  tG 757  e2 0.28  nF 21.6  pS 0.45  ptS 0.43  fLog 0.48  pdΔ -0.0541  pkR 19.97  clip 0.03  kl +0.004 align[spf 29.8 e2 0.27 z0 0.01 n=20]
upd  285  steps 9371648  sps 8744  opp frzn  loss -0.166  pg +0.0001  v 0.002  ev +0.97  adv_std 0.065  tR +0.26  ent[s/d/p/e] 1.78/2.21/0.86/0.54  emits 1.30  spf 39.3  z0 0.03  garr 43.3  tG 979  e2 0.23  nF 21.5  pS 0.37  ptS 0.37  fLog 0.46  pdΔ -0.1272  pkR 16.38  clip 0.02  kl +0.002 align[spf 30.4 e2 0.27 z0 0.01 n=20]
upd  286  steps 9404416  sps 8761  opp rand  loss -0.160  pg +0.0010  v 0.002  ev +0.97  adv_std 0.070  tR +0.29  ent[s/d/p/e] 1.73/2.12/0.84/0.54  emits 1.29  spf 32.0  z0 0.03  garr 33.4  tG 539  e2 0.22  nF 21.7  pS 0.38  ptS 0.38  fLog 0.44  pdΔ -0.1208  pkR 23.26  clip 0.01  kl +0.002 align[spf 30.4 e2 0.27 z0 0.01 n=20]
upd  287  steps 9437184  sps 8779  opp rand  loss -0.151  pg +0.0003  v 0.003  ev +0.96  adv_std 0.073  tR +0.22  ent[s/d/p/e] 1.54/1.98/0.82/0.54  emits 1.31  spf 26.1  z0 0.03  garr 27.3  tG 332  e2 0.23  nF 20.5  pS 0.33  ptS 0.33  fLog 0.42  pdΔ -0.1657  pkR 11.92  clip 0.02  kl +0.002 align[spf 30.4 e2 0.27 z0 0.01 n=20]
upd  288  steps 9469952  sps 8796  opp rand  loss -0.159  pg +0.0003  v 0.002  ev +0.97  adv_std 0.070  tR +0.36  ent[s/d/p/e] 1.71/2.03/0.84/0.56  emits 1.37  spf 31.4  z0 0.03  garr 33.8  tG 461  e2 0.26  nF 20.0  pS 0.38  ptS 0.38  fLog 0.45  pdΔ -0.1155  pkR 9.31  clip 0.01  kl +0.002 align[spf 30.4 e2 0.27 z0 0.01 n=20]
upd  289  steps 9502720  sps 8812  opp strn  loss -0.151  pg +0.0004  v 0.002  ev +0.96  adv_std 0.063  tR +0.17  ent[s/d/p/e] 1.57/1.95/0.83/0.56  emits 1.35  spf 25.3  z0 0.02  garr 27.7  tG 327  e2 0.25  nF 21.5  pS 0.33  ptS 0.32  fLog 0.42  pdΔ -0.1737  pkR 15.15  clip 0.01  kl +0.002 align[spf 30.0 e2 0.27 z0 0.01 n=20]
upd  290  steps 9535488  sps 8827  opp strn  loss -0.160  pg +0.0010  v 0.003  ev +0.94  adv_std 0.079  tR -0.15  ent[s/d/p/e] 1.74/2.06/0.85/0.58  emits 1.40  spf 30.4  z0 0.01  garr 34.6  tG 408  e2 0.27  nF 20.8  pS 0.38  ptS 0.38  fLog 0.44  pdΔ -0.1236  pkR 9.17  clip 0.02  kl +0.003 align[spf 30.1 e2 0.26 z0 0.01 n=20]
upd  291  steps 9568256  sps 8844  opp rand  loss -0.152  pg +0.0003  v 0.003  ev +0.96  adv_std 0.081  tR +0.15  ent[s/d/p/e] 1.57/1.99/0.80/0.56  emits 1.33  spf 25.9  z0 0.03  garr 29.0  tG 361  e2 0.24  nF 21.5  pS 0.33  ptS 0.33  fLog 0.41  pdΔ -0.1700  pkR 15.02  clip 0.02  kl +0.002 align[spf 30.1 e2 0.26 z0 0.01 n=20]
upd  292  steps 9601024  sps 8861  opp rand  loss -0.155  pg +0.0001  v 0.003  ev +0.96  adv_std 0.075  tR +0.41  ent[s/d/p/e] 1.63/2.01/0.82/0.58  emits 1.39  spf 25.7  z0 0.02  garr 28.4  tG 359  e2 0.27  nF 22.4  pS 0.36  ptS 0.35  fLog 0.42  pdΔ -0.1409  pkR 14.07  clip 0.01  kl +0.002 align[spf 30.1 e2 0.26 z0 0.01 n=20]
upd  293  steps 9633792  sps 8876  opp frzn  loss -0.157  pg +0.0006  v 0.002  ev +0.96  adv_std 0.066  tR +0.19  ent[s/d/p/e] 1.67/2.00/0.84/0.58  emits 1.43  spf 27.3  z0 0.01  garr 30.1  tG 348  e2 0.28  nF 22.2  pS 0.36  ptS 0.35  fLog 0.43  pdΔ -0.1396  pkR 13.36  clip 0.02  kl +0.003 align[spf 30.1 e2 0.27 z0 0.01 n=20]
upd  294  steps 9666560  sps 8891  opp frzn  loss -0.161  pg -0.0006  v 0.003  ev +0.95  adv_std 0.073  tR -0.19  ent[s/d/p/e] 1.73/2.00/0.87/0.58  emits 1.44  spf 32.6  z0 0.01  garr 36.5  tG 430  e2 0.29  nF 21.2  pS 0.38  ptS 0.38  fLog 0.45  pdΔ -0.1201  pkR 10.82  clip 0.03  kl +0.004 align[spf 30.2 e2 0.27 z0 0.01 n=20]
upd  295  steps 9699328  sps 8906  opp strn  loss -0.158  pg +0.0004  v 0.002  ev +0.96  adv_std 0.066  tR -0.10  ent[s/d/p/e] 1.68/2.02/0.83/0.59  emits 1.43  spf 31.0  z0 0.01  garr 33.7  tG 409  e2 0.28  nF 20.7  pS 0.36  ptS 0.36  fLog 0.44  pdΔ -0.1414  pkR 10.33  clip 0.01  kl +0.002 align[spf 30.4 e2 0.27 z0 0.01 n=20]
upd  296  steps 9732096  sps 8920  opp frzn  loss -0.152  pg -0.0003  v 0.003  ev +0.95  adv_std 0.075  tR -0.13  ent[s/d/p/e] 1.59/1.92/0.83/0.57  emits 1.41  spf 27.8  z0 0.01  garr 30.0  tG 347  e2 0.27  nF 21.5  pS 0.33  ptS 0.33  fLog 0.43  pdΔ -0.1659  pkR 15.70  clip 0.02  kl +0.002 align[spf 30.3 e2 0.27 z0 0.01 n=20]
upd  297  steps 9764864  sps 8935  opp frzn  loss -0.160  pg +0.0004  v 0.003  ev +0.95  adv_std 0.077  tR -0.13  ent[s/d/p/e] 1.70/2.05/0.85/0.60  emits 1.48  spf 28.9  z0 0.01  garr 31.4  tG 357  e2 0.30  nF 21.7  pS 0.36  ptS 0.36  fLog 0.44  pdΔ -0.1358  pkR 11.99  clip 0.01  kl +0.002 align[spf 30.3 e2 0.27 z0 0.01 n=20]
upd  298  steps 9797632  sps 8950  opp frzn  loss -0.164  pg +0.0006  v 0.002  ev +0.95  adv_std 0.067  tR -0.24  ent[s/d/p/e] 1.78/2.08/0.86/0.61  emits 1.50  spf 32.5  z0 0.00  garr 35.4  tG 412  e2 0.32  nF 22.0  pS 0.38  ptS 0.39  fLog 0.45  pdΔ -0.1151  pkR 10.03  clip 0.01  kl +0.002 align[spf 30.4 e2 0.27 z0 0.01 n=20]
[eval_vs_v20] u299 tag=train_u299  bin0=0.8%  spf=6.93  garr=46.28  flip=3.70%  z0=0.8%  e8=0.0%  e2+=0.0%  WLD=0/3/0
upd  299  steps 9830400  sps 8964  opp strn  loss -0.160  pg +0.0001  v 0.003  ev +0.95  adv_std 0.073  tR -0.14  ent[s/d/p/e] 1.71/2.01/0.87/0.60  emits 1.51  spf 28.2  z0 0.00  garr 30.5  tG 337  e2 0.31  nF 23.2  pS 0.36  ptS 0.36  fLog 0.44  pdΔ -0.1358  pkR 9.64  clip 0.01  kl +0.002 align[spf 30.4 e2 0.27 z0 0.01 n=20] WRr 0.72 WRf 0.66 v20[spf 6.9 flip 3.7% e2+ 0.0%]
[ckpt] saved ./ckpt_multi_action_v11_f44_align/ckpt_000299.pkl opp=strn
upd  300  steps 9863168  sps 8377  opp strn  loss -0.162  pg +0.0002  v 0.002  ev +0.96  adv_std 0.063  tR -0.14  ent[s/d/p/e] 1.75/2.05/0.85/0.60  emits 1.52  spf 28.0  z0 0.01  garr 30.2  tG 344  e2 0.32  nF 24.5  pS 0.38  ptS 0.37  fLog 0.44  pdΔ -0.1187  pkR 7.97  clip 0.01  kl +0.002 align[spf 30.4 e2 0.27 z0 0.01 n=20]
upd  301  steps 9895936  sps 8392  opp frzn  loss -0.161  pg -0.0004  v 0.003  ev +0.94  adv_std 0.083  tR -0.12  ent[s/d/p/e] 1.73/2.06/0.84/0.59  emits 1.50  spf 30.0  z0 0.01  garr 32.7  tG 396  e2 0.31  nF 23.0  pS 0.38  ptS 0.38  fLog 0.44  pdΔ -0.1222  pkR 10.11  clip 0.03  kl +0.003 align[spf 30.5 e2 0.27 z0 0.01 n=20]
upd  302  steps 9928704  sps 8408  opp rand  loss -0.155  pg +0.0007  v 0.003  ev +0.96  adv_std 0.077  tR +0.19  ent[s/d/p/e] 1.64/1.98/0.82/0.60  emits 1.48  spf 23.9  z0 0.02  garr 24.5  tG 270  e2 0.31  nF 22.3  pS 0.34  ptS 0.34  fLog 0.43  pdΔ -0.1586  pkR 13.63  clip 0.02  kl +0.002 align[spf 30.5 e2 0.27 z0 0.01 n=20]
upd  303  steps 9961472  sps 8423  opp frzn  loss -0.156  pg -0.0001  v 0.002  ev +0.96  adv_std 0.073  tR +0.16  ent[s/d/p/e] 1.64/1.96/0.84/0.59  emits 1.48  spf 24.6  z0 0.02  garr 26.5  tG 289  e2 0.30  nF 22.3  pS 0.33  ptS 0.34  fLog 0.42  pdΔ -0.1652  pkR 14.12  clip 0.01  kl +0.002 align[spf 30.2 e2 0.27 z0 0.01 n=20]
upd  304  steps 9994240  sps 8437  opp frzn  loss -0.157  pg +0.0004  v 0.002  ev +0.96  adv_std 0.065  tR -0.29  ent[s/d/p/e] 1.66/2.00/0.83/0.59  emits 1.45  spf 28.8  z0 0.01  garr 32.4  tG 360  e2 0.29  nF 21.8  pS 0.35  ptS 0.35  fLog 0.43  pdΔ -0.1547  pkR 8.68  clip 0.01  kl +0.002 align[spf 30.4 e2 0.27 z0 0.01 n=20]
upd  305  steps 10027008  sps 8451  opp strn  loss -0.155  pg +0.0003  v 0.003  ev +0.95  adv_std 0.072  tR -0.17  ent[s/d/p/e] 1.65/1.98/0.83/0.57  emits 1.43  spf 27.8  z0 0.00  garr 31.3  tG 345  e2 0.28  nF 21.8  pS 0.35  ptS 0.34  fLog 0.43  pdΔ -0.1521  pkR 12.04  clip 0.03  kl +0.003 align[spf 30.5 e2 0.27 z0 0.01 n=20]
upd  306  steps 10059776  sps 8466  opp frzn  loss -0.157  pg +0.0008  v 0.003  ev +0.94  adv_std 0.082  tR -0.05  ent[s/d/p/e] 1.70/1.98/0.84/0.59  emits 1.49  spf 27.4  z0 0.00  garr 30.6  tG 322  e2 0.31  nF 21.7  pS 0.35  ptS 0.35  fLog 0.44  pdΔ -0.1482  pkR 12.02  clip 0.01  kl +0.002 align[spf 30.4 e2 0.28 z0 0.01 n=20]
upd  307  steps 10092544  sps 8480  opp frzn  loss -0.161  pg +0.0000  v 0.002  ev +0.95  adv_std 0.068  tR -0.38  ent[s/d/p/e] 1.71/2.03/0.87/0.60  emits 1.50  spf 30.3  z0 0.00  garr 33.1  tG 355  e2 0.31  nF 21.5  pS 0.36  ptS 0.36  fLog 0.45  pdΔ -0.1405  pkR 10.46  clip 0.01  kl +0.003 align[spf 29.9 e2 0.28 z0 0.01 n=20]
upd  308  steps 10125312  sps 8494  opp strn  loss -0.161  pg +0.0001  v 0.002  ev +0.96  adv_std 0.066  tR -0.40  ent[s/d/p/e] 1.68/2.08/0.86/0.60  emits 1.47  spf 30.7  z0 0.01  garr 33.1  tG 371  e2 0.30  nF 21.9  pS 0.36  ptS 0.36  fLog 0.44  pdΔ -0.1388  pkR 9.34  clip 0.02  kl +0.002 align[spf 29.9 e2 0.29 z0 0.01 n=20]
upd  309  steps 10158080  sps 8510  opp rand  loss -0.157  pg -0.0004  v 0.003  ev +0.95  adv_std 0.081  tR +0.12  ent[s/d/p/e] 1.63/2.03/0.83/0.58  emits 1.38  spf 27.9  z0 0.03  garr 28.7  tG 351  e2 0.26  nF 20.9  pS 0.34  ptS 0.34  fLog 0.43  pdΔ -0.1553  pkR 16.04  clip 0.03  kl +0.003 align[spf 29.9 e2 0.29 z0 0.01 n=20]
upd  310  steps 10190848  sps 8524  opp frzn  loss -0.152  pg +0.0002  v 0.002  ev +0.97  adv_std 0.061  tR +0.21  ent[s/d/p/e] 1.56/1.94/0.85/0.56  emits 1.39  spf 22.9  z0 0.02  garr 23.6  tG 266  e2 0.26  nF 21.7  pS 0.33  ptS 0.33  fLog 0.42  pdΔ -0.1711  pkR 15.65  clip 0.02  kl +0.003 align[spf 29.3 e2 0.29 z0 0.01 n=20]
upd  311  steps 10223616  sps 8541  opp rand  loss -0.154  pg +0.0001  v 0.003  ev +0.96  adv_std 0.075  tR +0.11  ent[s/d/p/e] 1.61/2.01/0.81/0.57  emits 1.39  spf 24.8  z0 0.03  garr 26.3  tG 312  e2 0.26  nF 22.2  pS 0.34  ptS 0.34  fLog 0.43  pdΔ -0.1589  pkR 14.60  clip 0.01  kl +0.002 align[spf 29.3 e2 0.29 z0 0.01 n=20]
upd  312  steps 10256384  sps 8555  opp frzn  loss -0.158  pg -0.0000  v 0.002  ev +0.97  adv_std 0.056  tR +0.01  ent[s/d/p/e] 1.63/2.00/0.87/0.59  emits 1.43  spf 26.5  z0 0.01  garr 29.8  tG 341  e2 0.28  nF 22.3  pS 0.35  ptS 0.34  fLog 0.43  pdΔ -0.1488  pkR 11.03  clip 0.02  kl +0.002 align[spf 29.0 e2 0.29 z0 0.01 n=20]
upd  313  steps 10289152  sps 8569  opp frzn  loss -0.165  pg +0.0004  v 0.002  ev +0.96  adv_std 0.070  tR -0.20  ent[s/d/p/e] 1.80/2.11/0.87/0.59  emits 1.42  spf 32.9  z0 0.01  garr 39.1  tG 464  e2 0.29  nF 21.4  pS 0.40  ptS 0.40  fLog 0.46  pdΔ -0.1003  pkR 10.12  clip 0.02  kl +0.002 align[spf 28.7 e2 0.29 z0 0.01 n=20]
upd  314  steps 10321920  sps 8582  opp strn  loss -0.154  pg +0.0003  v 0.002  ev +0.94  adv_std 0.073  tR -0.03  ent[s/d/p/e] 1.62/1.93/0.86/0.57  emits 1.40  spf 28.0  z0 0.00  garr 32.2  tG 348  e2 0.27  nF 20.4  pS 0.35  ptS 0.34  fLog 0.44  pdΔ -0.1522  pkR 10.28  clip 0.02  kl +0.003 align[spf 28.8 e2 0.29 z0 0.01 n=20]
upd  315  steps 10354688  sps 8596  opp strn  loss -0.165  pg +0.0003  v 0.003  ev +0.94  adv_std 0.079  tR -0.22  ent[s/d/p/e] 1.79/2.12/0.85/0.60  emits 1.43  spf 33.2  z0 0.00  garr 39.5  tG 455  e2 0.29  nF 19.7  pS 0.40  ptS 0.39  fLog 0.46  pdΔ -0.0986  pkR 7.72  clip 0.01  kl +0.002 align[spf 29.0 e2 0.29 z0 0.01 n=20]
upd  316  steps 10387456  sps 8610  opp strn  loss -0.157  pg +0.0002  v 0.003  ev +0.93  adv_std 0.078  tR +0.06  ent[s/d/p/e] 1.64/2.05/0.81/0.59  emits 1.42  spf 31.7  z0 0.00  garr 36.2  tG 416  e2 0.28  nF 20.9  pS 0.36  ptS 0.35  fLog 0.44  pdΔ -0.1415  pkR 9.64  clip 0.01  kl +0.002 align[spf 29.2 e2 0.29 z0 0.01 n=20]
upd  317  steps 10420224  sps 8624  opp buf  loss -0.166  pg +0.0003  v 0.003  ev +0.97  adv_std 0.081  tR -0.11  ent[s/d/p/e] 1.79/2.19/0.86/0.57  emits 1.28  spf 32.8  z0 0.08  garr 37.8  tG 642  e2 0.24  nF 21.2  pS 0.37  ptS 0.36  fLog 0.45  pdΔ -0.1289  pkR 18.33  clip 0.01  kl +0.002 align[spf 29.2 e2 0.29 z0 0.01 n=20]
upd  318  steps 10452992  sps 8638  opp strn  loss -0.175  pg +0.0002  v 0.002  ev +0.97  adv_std 0.061  tR +0.31  ent[s/d/p/e] 1.93/2.33/0.84/0.57  emits 1.36  spf 38.0  z0 0.03  garr 46.9  tG 1085  e2 0.26  nF 23.3  pS 0.39  ptS 0.39  fLog 0.45  pdΔ -0.1073  pkR 12.44  clip 0.03  kl +0.004 align[spf 29.5 e2 0.29 z0 0.01 n=20]
upd  319  steps 10485760  sps 8651  opp buf  loss -0.176  pg -0.0002  v 0.002  ev +0.98  adv_std 0.068  tR -0.05  ent[s/d/p/e] 1.94/2.32/0.87/0.57  emits 1.27  spf 36.2  z0 0.10  garr 38.4  tG 763  e2 0.24  nF 22.1  pS 0.38  ptS 0.38  fLog 0.46  pdΔ -0.1155  pkR 15.10  clip 0.02  kl +0.003 align[spf 29.5 e2 0.29 z0 0.01 n=20]
upd  320  steps 10518528  sps 8665  opp strn  loss -0.167  pg -0.0001  v 0.002  ev +0.97  adv_std 0.061  tR +0.20  ent[s/d/p/e] 1.80/2.18/0.86/0.56  emits 1.34  spf 32.6  z0 0.04  garr 36.7  tG 756  e2 0.25  nF 22.8  pS 0.35  ptS 0.35  fLog 0.44  pdΔ -0.1489  pkR 16.11  clip 0.02  kl +0.003 align[spf 29.5 e2 0.29 z0 0.01 n=20]
upd  321  steps 10551296  sps 8679  opp buf  loss -0.178  pg +0.0002  v 0.002  ev +0.97  adv_std 0.070  tR +0.04  ent[s/d/p/e] 1.97/2.32/0.93/0.57  emits 1.32  spf 36.9  z0 0.08  garr 38.4  tG 760  e2 0.25  nF 22.3  pS 0.39  ptS 0.38  fLog 0.47  pdΔ -0.1052  pkR 17.37  clip 0.02  kl +0.003 align[spf 29.5 e2 0.29 z0 0.01 n=20]
upd  322  steps 10584064  sps 8692  opp strn  loss -0.169  pg +0.0002  v 0.002  ev +0.97  adv_std 0.065  tR +0.14  ent[s/d/p/e] 1.84/2.23/0.87/0.56  emits 1.37  spf 41.9  z0 0.04  garr 46.8  tG 1095  e2 0.26  nF 20.8  pS 0.39  ptS 0.38  fLog 0.47  pdΔ -0.1140  pkR 14.28  clip 0.02  kl +0.003 align[spf 30.2 e2 0.29 z0 0.01 n=20]
upd  323  steps 10616832  sps 8708  opp rand  loss -0.161  pg +0.0007  v 0.002  ev +0.97  adv_std 0.068  tR +0.20  ent[s/d/p/e] 1.74/2.10/0.85/0.56  emits 1.36  spf 33.7  z0 0.02  garr 36.4  tG 506  e2 0.25  nF 19.8  pS 0.38  ptS 0.37  fLog 0.46  pdΔ -0.1223  pkR 22.88  clip 0.01  kl +0.001 align[spf 30.2 e2 0.29 z0 0.01 n=20]
upd  324  steps 10649600  sps 8721  opp buf  loss -0.175  pg +0.0002  v 0.003  ev +0.97  adv_std 0.081  tR +0.28  ent[s/d/p/e] 1.93/2.28/0.92/0.58  emits 1.35  spf 37.0  z0 0.07  garr 38.9  tG 713  e2 0.27  nF 21.2  pS 0.40  ptS 0.39  fLog 0.47  pdΔ -0.1004  pkR 12.94  clip 0.02  kl +0.002 align[spf 30.2 e2 0.29 z0 0.01 n=20]
upd  325  steps 10682368  sps 8735  opp strn  loss -0.161  pg +0.0005  v 0.002  ev +0.97  adv_std 0.062  tR +0.26  ent[s/d/p/e] 1.71/2.11/0.87/0.55  emits 1.35  spf 31.4  z0 0.03  garr 35.8  tG 706  e2 0.25  nF 22.4  pS 0.32  ptS 0.33  fLog 0.43  pdΔ -0.1782  pkR 16.71  clip 0.02  kl +0.003 align[spf 30.4 e2 0.29 z0 0.01 n=20]
upd  326  steps 10715136  sps 8748  opp buf  loss -0.168  pg +0.0003  v 0.003  ev +0.97  adv_std 0.072  tR -0.28  ent[s/d/p/e] 1.80/2.21/0.90/0.56  emits 1.28  spf 32.2  z0 0.09  garr 33.8  tG 552  e2 0.24  nF 21.6  pS 0.34  ptS 0.33  fLog 0.45  pdΔ -0.1608  pkR 19.85  clip 0.02  kl +0.003 align[spf 30.4 e2 0.29 z0 0.01 n=20]
upd  327  steps 10747904  sps 8761  opp buf  loss -0.189  pg +0.0007  v 0.002  ev +0.98  adv_std 0.071  tR +0.07  ent[s/d/p/e] 2.17/2.54/0.90/0.56  emits 1.29  spf 45.9  z0 0.11  garr 50.4  tG 1241  e2 0.25  nF 22.5  pS 0.43  ptS 0.42  fLog 0.49  pdΔ -0.0697  pkR 8.87  clip 0.02  kl +0.002 align[spf 30.4 e2 0.29 z0 0.01 n=20]
upd  328  steps 10780672  sps 8775  opp buf  loss -0.198  pg +0.0002  v 0.002  ev +0.98  adv_std 0.062  tR +0.25  ent[s/d/p/e] 2.32/2.65/0.92/0.57  emits 1.33  spf 51.1  z0 0.09  garr 56.6  tG 1500  e2 0.26  nF 23.1  pS 0.47  ptS 0.46  fLog 0.50  pdΔ -0.0310  pkR 8.89  clip 0.02  kl +0.002 align[spf 30.4 e2 0.29 z0 0.01 n=20]
upd  329  steps 10813440  sps 8788  opp frzn  loss -0.169  pg +0.0003  v 0.002  ev +0.97  adv_std 0.064  tR +0.31  ent[s/d/p/e] 1.84/2.22/0.86/0.56  emits 1.37  spf 34.9  z0 0.04  garr 39.0  tG 854  e2 0.26  nF 23.2  pS 0.37  ptS 0.36  fLog 0.45  pdΔ -0.1346  pkR 15.10  clip 0.03  kl +0.002 align[spf 30.5 e2 0.28 z0 0.01 n=20]
upd  330  steps 10846208  sps 8803  opp rand  loss -0.163  pg +0.0005  v 0.003  ev +0.96  adv_std 0.077  tR +0.13  ent[s/d/p/e] 1.78/2.11/0.83/0.57  emits 1.37  spf 30.0  z0 0.03  garr 32.3  tG 461  e2 0.26  nF 21.9  pS 0.38  ptS 0.37  fLog 0.44  pdΔ -0.1211  pkR 25.49  clip 0.01  kl +0.002 align[spf 30.5 e2 0.28 z0 0.01 n=20]
upd  331  steps 10878976  sps 8816  opp frzn  loss -0.152  pg +0.0004  v 0.002  ev +0.96  adv_std 0.070  tR +0.33  ent[s/d/p/e] 1.55/1.94/0.87/0.57  emits 1.39  spf 26.3  z0 0.02  garr 28.0  tG 318  e2 0.27  nF 20.9  pS 0.33  ptS 0.33  fLog 0.43  pdΔ -0.1672  pkR 13.77  clip 0.02  kl +0.002 align[spf 30.4 e2 0.28 z0 0.02 n=20]
upd  332  steps 10911744  sps 8832  opp rand  loss -0.154  pg +0.0005  v 0.003  ev +0.96  adv_std 0.073  tR +0.31  ent[s/d/p/e] 1.62/1.96/0.85/0.56  emits 1.36  spf 29.5  z0 0.02  garr 31.1  tG 372  e2 0.25  nF 19.7  pS 0.36  ptS 0.35  fLog 0.44  pdΔ -0.1434  pkR 10.06  clip 0.02  kl +0.002 align[spf 30.4 e2 0.28 z0 0.02 n=20]
upd  333  steps 10944512  sps 8845  opp frzn  loss -0.159  pg -0.0005  v 0.003  ev +0.94  adv_std 0.078  tR +0.11  ent[s/d/p/e] 1.66/2.00/0.88/0.58  emits 1.42  spf 29.2  z0 0.02  garr 31.4  tG 350  e2 0.28  nF 20.3  pS 0.36  ptS 0.35  fLog 0.45  pdΔ -0.1432  pkR 13.01  clip 0.02  kl +0.003 align[spf 30.5 e2 0.28 z0 0.02 n=20]
upd  334  steps 10977280  sps 8858  opp buf  loss -0.180  pg +0.0003  v 0.003  ev +0.97  adv_std 0.074  tR +0.10  ent[s/d/p/e] 2.00/2.35/0.94/0.57  emits 1.35  spf 39.2  z0 0.07  garr 41.0  tG 723  e2 0.27  nF 21.0  pS 0.43  ptS 0.42  fLog 0.48  pdΔ -0.0741  pkR 14.05  clip 0.01  kl +0.003 align[spf 30.5 e2 0.28 z0 0.02 n=20]
upd  335  steps 11010048  sps 8871  opp frzn  loss -0.164  pg +0.0007  v 0.002  ev +0.97  adv_std 0.063  tR +0.33  ent[s/d/p/e] 1.76/2.15/0.88/0.55  emits 1.38  spf 34.6  z0 0.03  garr 37.5  tG 741  e2 0.26  nF 21.8  pS 0.35  ptS 0.35  fLog 0.45  pdΔ -0.1496  pkR 15.41  clip 0.03  kl +0.003 align[spf 30.7 e2 0.28 z0 0.02 n=20]
upd  336  steps 11042816  sps 8886  opp rand  loss -0.161  pg +0.0004  v 0.002  ev +0.97  adv_std 0.071  tR +0.15  ent[s/d/p/e] 1.73/2.07/0.86/0.56  emits 1.37  spf 33.9  z0 0.04  garr 35.3  tG 479  e2 0.26  nF 19.5  pS 0.36  ptS 0.36  fLog 0.46  pdΔ -0.1375  pkR 18.11  clip 0.02  kl +0.003 align[spf 30.7 e2 0.28 z0 0.02 n=20]
upd  337  steps 11075584  sps 8899  opp strn  loss -0.152  pg -0.0003  v 0.002  ev +0.97  adv_std 0.062  tR +0.09  ent[s/d/p/e] 1.56/1.94/0.87/0.55  emits 1.36  spf 29.5  z0 0.02  garr 29.7  tG 329  e2 0.25  nF 20.3  pS 0.31  ptS 0.31  fLog 0.43  pdΔ -0.1893  pkR 14.48  clip 0.03  kl +0.003 align[spf 30.9 e2 0.27 z0 0.02 n=20]
upd  338  steps 11108352  sps 8914  opp rand  loss -0.159  pg +0.0010  v 0.003  ev +0.96  adv_std 0.082  tR +0.06  ent[s/d/p/e] 1.72/2.08/0.84/0.56  emits 1.37  spf 31.2  z0 0.02  garr 32.8  tG 403  e2 0.25  nF 20.1  pS 0.37  ptS 0.37  fLog 0.45  pdΔ -0.1259  pkR 12.76  clip 0.02  kl +0.002 align[spf 30.9 e2 0.27 z0 0.02 n=20]
upd  339  steps 11141120  sps 8927  opp buf  loss -0.175  pg +0.0001  v 0.003  ev +0.97  adv_std 0.072  tR +0.38  ent[s/d/p/e] 1.93/2.26/0.94/0.58  emits 1.39  spf 34.9  z0 0.06  garr 36.3  tG 669  e2 0.27  nF 21.5  pS 0.40  ptS 0.39  fLog 0.46  pdΔ -0.0966  pkR 13.80  clip 0.03  kl +0.003 align[spf 30.9 e2 0.27 z0 0.02 n=20]
upd  340  steps 11173888  sps 8940  opp strn  loss -0.166  pg -0.0001  v 0.002  ev +0.97  adv_std 0.067  tR +0.30  ent[s/d/p/e] 1.80/2.19/0.86/0.54  emits 1.33  spf 37.0  z0 0.03  garr 39.8  tG 821  e2 0.23  nF 21.4  pS 0.38  ptS 0.38  fLog 0.45  pdΔ -0.1201  pkR 12.42  clip 0.02  kl +0.003 align[spf 31.3 e2 0.27 z0 0.02 n=20]
upd  341  steps 11206656  sps 8955  opp rand  loss -0.153  pg +0.0006  v 0.003  ev +0.97  adv_std 0.074  tR +0.39  ent[s/d/p/e] 1.62/1.99/0.82/0.54  emits 1.33  spf 29.8  z0 0.03  garr 30.7  tG 426  e2 0.23  nF 20.6  pS 0.34  ptS 0.34  fLog 0.43  pdΔ -0.1591  pkR 22.11  clip 0.01  kl +0.002 align[spf 31.3 e2 0.27 z0 0.02 n=20]
upd  342  steps 11239424  sps 8969  opp rand  loss -0.157  pg +0.0003  v 0.003  ev +0.97  adv_std 0.074  tR +0.32  ent[s/d/p/e] 1.63/2.08/0.84/0.57  emits 1.37  spf 29.1  z0 0.03  garr 29.1  tG 358  e2 0.24  nF 20.1  pS 0.35  ptS 0.35  fLog 0.44  pdΔ -0.1495  pkR 11.41  clip 0.01  kl +0.002 align[spf 31.3 e2 0.27 z0 0.02 n=20]
upd  343  steps 11272192  sps 8982  opp strn  loss -0.159  pg +0.0001  v 0.002  ev +0.97  adv_std 0.062  tR +0.34  ent[s/d/p/e] 1.67/2.00/0.91/0.57  emits 1.40  spf 31.9  z0 0.01  garr 33.1  tG 404  e2 0.26  nF 20.9  pS 0.36  ptS 0.36  fLog 0.45  pdΔ -0.1386  pkR 15.45  clip 0.02  kl +0.002 align[spf 31.6 e2 0.27 z0 0.02 n=20]
upd  344  steps 11304960  sps 8997  opp rand  loss -0.160  pg +0.0000  v 0.004  ev +0.95  adv_std 0.086  tR +0.43  ent[s/d/p/e] 1.69/2.10/0.85/0.56  emits 1.35  spf 31.4  z0 0.02  garr 30.9  tG 389  e2 0.24  nF 20.0  pS 0.37  ptS 0.37  fLog 0.45  pdΔ -0.1256  pkR 11.57  clip 0.02  kl +0.003 align[spf 31.6 e2 0.27 z0 0.02 n=20]
upd  345  steps 11337728  sps 9009  opp buf  loss -0.170  pg +0.0001  v 0.003  ev +0.96  adv_std 0.076  tR +0.31  ent[s/d/p/e] 1.82/2.22/0.92/0.56  emits 1.33  spf 30.7  z0 0.06  garr 29.6  tG 504  e2 0.25  nF 22.5  pS 0.38  ptS 0.37  fLog 0.45  pdΔ -0.1248  pkR 16.00  clip 0.03  kl +0.003 align[spf 31.6 e2 0.27 z0 0.02 n=20]
upd  346  steps 11370496  sps 9022  opp strn  loss -0.161  pg +0.0009  v 0.002  ev +0.97  adv_std 0.070  tR +0.29  ent[s/d/p/e] 1.68/2.18/0.85/0.54  emits 1.30  spf 34.6  z0 0.04  garr 34.3  tG 724  e2 0.21  nF 21.9  pS 0.34  ptS 0.33  fLog 0.44  pdΔ -0.1632  pkR 15.42  clip 0.02  kl +0.003 align[spf 31.9 e2 0.27 z0 0.02 n=20]
upd  347  steps 11403264  sps 9035  opp strn  loss -0.170  pg +0.0002  v 0.002  ev +0.96  adv_std 0.062  tR +0.02  ent[s/d/p/e] 1.87/2.12/0.94/0.58  emits 1.39  spf 38.3  z0 0.01  garr 41.5  tG 552  e2 0.27  nF 19.7  pS 0.41  ptS 0.41  fLog 0.48  pdΔ -0.0882  pkR 15.12  clip 0.02  kl +0.002 align[spf 32.3 e2 0.26 z0 0.02 n=20]
upd  348  steps 11436032  sps 9047  opp strn  loss -0.152  pg +0.0011  v 0.004  ev +0.93  adv_std 0.088  tR +0.04  ent[s/d/p/e] 1.58/1.96/0.88/0.56  emits 1.32  spf 29.9  z0 0.01  garr 31.9  tG 355  e2 0.23  nF 19.5  pS 0.34  ptS 0.34  fLog 0.44  pdΔ -0.1633  pkR 11.48  clip 0.01  kl +0.002 align[spf 32.3 e2 0.26 z0 0.02 n=20]
[eval_vs_v20] u349 tag=train_u349  bin0=0.0%  spf=7.05  garr=35.17  flip=4.95%  z0=0.7%  e8=0.0%  e2+=0.0%  WLD=0/3/0
upd  349  steps 11468800  sps 9060  opp strn  loss -0.158  pg +0.0008  v 0.002  ev +0.97  adv_std 0.059  tR -0.16  ent[s/d/p/e] 1.69/2.01/0.88/0.55  emits 1.32  spf 31.6  z0 0.02  garr 34.3  tG 387  e2 0.23  nF 19.9  pS 0.36  ptS 0.36  fLog 0.45  pdΔ -0.1392  pkR 10.04  clip 0.01  kl +0.001 align[spf 32.7 e2 0.26 z0 0.02 n=20] WRr 0.72 WRf 0.41 v20[spf 7.0 flip 5.0% e2+ 0.0%]
[ckpt] saved ./ckpt_multi_action_v11_f44_align/ckpt_000349.pkl opp=strn
upd  350  steps 11501568  sps 8468  opp rand  loss -0.154  pg -0.0002  v 0.004  ev +0.94  adv_std 0.092  tR +0.18  ent[s/d/p/e] 1.61/2.03/0.81/0.55  emits 1.31  spf 30.8  z0 0.02  garr 33.7  tG 403  e2 0.23  nF 19.8  pS 0.35  ptS 0.34  fLog 0.44  pdΔ -0.1473  pkR 12.95  clip 0.02  kl +0.002 align[spf 32.7 e2 0.26 z0 0.02 n=20]
upd  351  steps 11534336  sps 8483  opp rand  loss -0.159  pg +0.0006  v 0.004  ev +0.95  adv_std 0.085  tR +0.50  ent[s/d/p/e] 1.69/2.07/0.83/0.58  emits 1.35  spf 29.6  z0 0.02  garr 32.5  tG 401  e2 0.25  nF 20.2  pS 0.37  ptS 0.36  fLog 0.44  pdΔ -0.1290  pkR 14.59  clip 0.01  kl +0.002 align[spf 32.7 e2 0.26 z0 0.02 n=20]
upd  352  steps 11567104  sps 8497  opp rand  loss -0.155  pg -0.0005  v 0.003  ev +0.96  adv_std 0.077  tR +0.53  ent[s/d/p/e] 1.63/2.03/0.81/0.55  emits 1.33  spf 27.6  z0 0.02  garr 30.4  tG 397  e2 0.23  nF 19.6  pS 0.36  ptS 0.36  fLog 0.43  pdΔ -0.1388  pkR 12.45  clip 0.02  kl +0.002 align[spf 32.7 e2 0.26 z0 0.02 n=20]
upd  353  steps 11599872  sps 8509  opp buf  loss -0.172  pg +0.0007  v 0.003  ev +0.97  adv_std 0.078  tR +0.36  ent[s/d/p/e] 1.89/2.24/0.93/0.57  emits 1.30  spf 33.3  z0 0.07  garr 35.8  tG 578  e2 0.24  nF 20.7  pS 0.38  ptS 0.37  fLog 0.46  pdΔ -0.1155  pkR 13.25  clip 0.02  kl +0.003 align[spf 32.7 e2 0.26 z0 0.02 n=20]
upd  354  steps 11632640  sps 8522  opp strn  loss -0.170  pg +0.0005  v 0.002  ev +0.97  adv_std 0.064  tR +0.26  ent[s/d/p/e] 1.88/2.27/0.86/0.54  emits 1.29  spf 39.0  z0 0.04  garr 43.9  tG 948  e2 0.22  nF 21.6  pS 0.38  ptS 0.38  fLog 0.46  pdΔ -0.1170  pkR 11.96  clip 0.01  kl +0.001 align[spf 33.3 e2 0.26 z0 0.02 n=20]
upd  355  steps 11665408  sps 8534  opp buf  loss -0.180  pg +0.0003  v 0.002  ev +0.98  adv_std 0.064  tR +0.19  ent[s/d/p/e] 2.03/2.33/0.92/0.56  emits 1.31  spf 38.8  z0 0.06  garr 43.2  tG 831  e2 0.25  nF 21.1  pS 0.42  ptS 0.41  fLog 0.48  pdΔ -0.0771  pkR 13.81  clip 0.01  kl +0.001 align[spf 33.3 e2 0.26 z0 0.02 n=20]
upd  356  steps 11698176  sps 8546  opp strn  loss -0.161  pg +0.0004  v 0.002  ev +0.98  adv_std 0.056  tR +0.23  ent[s/d/p/e] 1.74/2.10/0.85/0.53  emits 1.30  spf 31.1  z0 0.03  garr 35.2  tG 675  e2 0.22  nF 21.1  pS 0.34  ptS 0.34  fLog 0.44  pdΔ -0.1552  pkR 19.13  clip 0.02  kl +0.003 align[spf 33.2 e2 0.25 z0 0.02 n=20]
upd  357  steps 11730944  sps 8558  opp frzn  loss -0.166  pg +0.0009  v 0.002  ev +0.97  adv_std 0.066  tR +0.12  ent[s/d/p/e] 1.84/2.11/0.91/0.55  emits 1.34  spf 34.9  z0 0.02  garr 38.4  tG 521  e2 0.24  nF 19.4  pS 0.40  ptS 0.40  fLog 0.47  pdΔ -0.1033  pkR 16.56  clip 0.01  kl +0.002 align[spf 33.6 e2 0.25 z0 0.02 n=20]
upd  358  steps 11763712  sps 8571  opp strn  loss -0.154  pg +0.0009  v 0.003  ev +0.95  adv_std 0.075  tR -0.15  ent[s/d/p/e] 1.61/1.99/0.86/0.55  emits 1.32  spf 30.4  z0 0.01  garr 32.4  tG 366  e2 0.22  nF 20.0  pS 0.34  ptS 0.34  fLog 0.44  pdΔ -0.1580  pkR 10.61  clip 0.02  kl +0.004 align[spf 33.4 e2 0.25 z0 0.02 n=20]
upd  359  steps 11796480  sps 8583  opp strn  loss -0.161  pg +0.0010  v 0.003  ev +0.94  adv_std 0.081  tR +0.04  ent[s/d/p/e] 1.79/2.02/0.93/0.55  emits 1.34  spf 35.4  z0 0.00  garr 39.0  tG 454  e2 0.23  nF 18.7  pS 0.40  ptS 0.40  fLog 0.47  pdΔ -0.0988  pkR 8.49  clip 0.02  kl +0.002 align[spf 33.6 e2 0.24 z0 0.02 n=20]
upd  360  steps 11829248  sps 8595  opp strn  loss -0.159  pg +0.0006  v 0.003  ev +0.95  adv_std 0.073  tR -0.04  ent[s/d/p/e] 1.69/2.01/0.92/0.56  emits 1.38  spf 30.5  z0 0.01  garr 32.7  tG 367  e2 0.25  nF 19.6  pS 0.37  ptS 0.36  fLog 0.45  pdΔ -0.1336  pkR 10.65  clip 0.02  kl +0.003 align[spf 33.3 e2 0.24 z0 0.02 n=20]
upd  361  steps 11862016  sps 8607  opp frzn  loss -0.160  pg +0.0001  v 0.002  ev +0.96  adv_std 0.071  tR -0.06  ent[s/d/p/e] 1.70/2.01/0.92/0.56  emits 1.37  spf 32.2  z0 0.00  garr 34.7  tG 387  e2 0.25  nF 20.3  pS 0.36  ptS 0.36  fLog 0.45  pdΔ -0.1394  pkR 11.76  clip 0.02  kl +0.004 align[spf 33.2 e2 0.24 z0 0.02 n=20]
upd  362  steps 11894784  sps 8619  opp buf  loss -0.172  pg -0.0002  v 0.002  ev +0.97  adv_std 0.070  tR -0.09  ent[s/d/p/e] 1.87/2.25/0.90/0.56  emits 1.28  spf 32.4  z0 0.08  garr 34.3  tG 625  e2 0.23  nF 21.1  pS 0.37  ptS 0.36  fLog 0.45  pdΔ -0.1287  pkR 16.38  clip 0.01  kl +0.002 align[spf 33.2 e2 0.24 z0 0.02 n=20]
upd  363  steps 11927552  sps 8631  opp strn  loss -0.164  pg +0.0010  v 0.002  ev +0.98  adv_std 0.059  tR +0.28  ent[s/d/p/e] 1.76/2.23/0.83/0.54  emits 1.28  spf 34.7  z0 0.04  garr 39.5  tG 915  e2 0.21  nF 22.3  pS 0.35  ptS 0.35  fLog 0.43  pdΔ -0.1489  pkR 14.11  clip 0.02  kl +0.002 align[spf 32.9 e2 0.24 z0 0.02 n=20]
upd  364  steps 11960320  sps 8643  opp strn  loss -0.163  pg +0.0004  v 0.002  ev +0.96  adv_std 0.067  tR +0.05  ent[s/d/p/e] 1.76/2.08/0.88/0.57  emits 1.37  spf 31.0  z0 0.01  garr 35.1  tG 447  e2 0.25  nF 21.5  pS 0.37  ptS 0.37  fLog 0.45  pdΔ -0.1289  pkR 20.90  clip 0.02  kl +0.002 align[spf 32.9 e2 0.24 z0 0.02 n=20]
upd  365  steps 11993088  sps 8655  opp frzn  loss -0.158  pg +0.0002  v 0.003  ev +0.95  adv_std 0.077  tR -0.12  ent[s/d/p/e] 1.67/2.02/0.87/0.57  emits 1.37  spf 29.9  z0 0.00  garr 33.7  tG 372  e2 0.25  nF 20.5  pS 0.36  ptS 0.36  fLog 0.44  pdΔ -0.1411  pkR 9.61  clip 0.02  kl +0.003 align[spf 32.6 e2 0.24 z0 0.02 n=20]
upd  366  steps 12025856  sps 8667  opp frzn  loss -0.159  pg +0.0010  v 0.002  ev +0.96  adv_std 0.064  tR -0.15  ent[s/d/p/e] 1.72/1.99/0.90/0.57  emits 1.40  spf 29.9  z0 0.01  garr 34.3  tG 389  e2 0.27  nF 21.0  pS 0.37  ptS 0.37  fLog 0.44  pdΔ -0.1311  pkR 8.93  clip 0.01  kl +0.001 align[spf 32.8 e2 0.24 z0 0.02 n=20]
upd  367  steps 12058624  sps 8679  opp frzn  loss -0.162  pg -0.0004  v 0.003  ev +0.95  adv_std 0.071  tR -0.11  ent[s/d/p/e] 1.75/2.03/0.86/0.59  emits 1.45  spf 30.8  z0 0.00  garr 34.9  tG 404  e2 0.29  nF 20.7  pS 0.38  ptS 0.38  fLog 0.45  pdΔ -0.1205  pkR 11.18  clip 0.02  kl +0.003 align[spf 32.9 e2 0.24 z0 0.02 n=20]
upd  368  steps 12091392  sps 8691  opp frzn  loss -0.159  pg +0.0012  v 0.002  ev +0.97  adv_std 0.062  tR -0.05  ent[s/d/p/e] 1.69/2.04/0.86/0.59  emits 1.42  spf 31.0  z0 0.01  garr 34.3  tG 376  e2 0.28  nF 21.0  pS 0.36  ptS 0.36  fLog 0.45  pdΔ -0.1416  pkR 10.08  clip 0.02  kl +0.002 align[spf 32.7 e2 0.24 z0 0.02 n=20]
upd  369  steps 12124160  sps 8703  opp buf  loss -0.172  pg +0.0008  v 0.003  ev +0.96  adv_std 0.080  tR -0.08  ent[s/d/p/e] 1.88/2.25/0.90/0.58  emits 1.33  spf 34.1  z0 0.07  garr 37.1  tG 637  e2 0.26  nF 21.6  pS 0.38  ptS 0.37  fLog 0.46  pdΔ -0.1222  pkR 23.88  clip 0.02  kl +0.002 align[spf 32.7 e2 0.24 z0 0.02 n=20]
upd  370  steps 12156928  sps 8714  opp frzn  loss -0.169  pg -0.0003  v 0.001  ev +0.98  adv_std 0.053  tR +0.24  ent[s/d/p/e] 1.81/2.25/0.82/0.57  emits 1.37  spf 35.0  z0 0.03  garr 39.8  tG 876  e2 0.25  nF 24.0  pS 0.36  ptS 0.36  fLog 0.44  pdΔ -0.1427  pkR 12.75  clip 0.02  kl +0.003 align[spf 33.0 e2 0.24 z0 0.02 n=20]
upd  371  steps 12189696  sps 8726  opp frzn  loss -0.165  pg -0.0004  v 0.002  ev +0.97  adv_std 0.059  tR -0.02  ent[s/d/p/e] 1.79/2.07/0.88/0.57  emits 1.41  spf 33.0  z0 0.01  garr 36.9  tG 560  e2 0.28  nF 22.5  pS 0.38  ptS 0.38  fLog 0.45  pdΔ -0.1238  pkR 18.60  clip 0.02  kl +0.002 align[spf 32.8 e2 0.25 z0 0.02 n=20]
upd  372  steps 12222464  sps 8738  opp strn  loss -0.159  pg +0.0006  v 0.003  ev +0.95  adv_std 0.076  tR -0.19  ent[s/d/p/e] 1.68/2.04/0.86/0.58  emits 1.41  spf 29.5  z0 0.01  garr 33.0  tG 374  e2 0.27  nF 21.0  pS 0.36  ptS 0.36  fLog 0.44  pdΔ -0.1373  pkR 8.19  clip 0.02  kl +0.002 align[spf 32.6 e2 0.25 z0 0.02 n=20]
upd  373  steps 12255232  sps 8750  opp strn  loss -0.166  pg +0.0003  v 0.002  ev +0.96  adv_std 0.067  tR +0.03  ent[s/d/p/e] 1.81/2.09/0.87/0.60  emits 1.46  spf 31.2  z0 0.00  garr 35.4  tG 408  e2 0.30  nF 21.9  pS 0.40  ptS 0.40  fLog 0.46  pdΔ -0.0969  pkR 7.31  clip 0.02  kl +0.003 align[spf 32.5 e2 0.25 z0 0.01 n=20]
upd  374  steps 12288000  sps 8761  opp strn  loss -0.155  pg -0.0003  v 0.003  ev +0.94  adv_std 0.077  tR -0.11  ent[s/d/p/e] 1.61/1.98/0.85/0.57  emits 1.42  spf 27.9  z0 0.00  garr 30.2  tG 325  e2 0.27  nF 22.4  pS 0.34  ptS 0.34  fLog 0.44  pdΔ -0.1608  pkR 8.93  clip 0.02  kl +0.002 align[spf 31.9 e2 0.25 z0 0.01 n=20]
upd  375  steps 12320768  sps 8773  opp strn  loss -0.161  pg +0.0005  v 0.002  ev +0.96  adv_std 0.064  tR -0.29  ent[s/d/p/e] 1.72/2.05/0.87/0.59  emits 1.43  spf 30.4  z0 0.00  garr 33.8  tG 383  e2 0.28  nF 21.8  pS 0.37  ptS 0.37  fLog 0.45  pdΔ -0.1317  pkR 11.39  clip 0.01  kl +0.002 align[spf 32.0 e2 0.25 z0 0.01 n=20]
upd  376  steps 12353536  sps 8786  opp rand  loss -0.156  pg +0.0000  v 0.003  ev +0.95  adv_std 0.083  tR +0.32  ent[s/d/p/e] 1.61/2.09/0.78/0.57  emits 1.36  spf 28.0  z0 0.01  garr 28.9  tG 361  e2 0.25  nF 22.2  pS 0.36  ptS 0.35  fLog 0.43  pdΔ -0.1417  pkR 12.54  clip 0.02  kl +0.002 align[spf 32.0 e2 0.25 z0 0.01 n=20]
upd  377  steps 12386304  sps 8798  opp strn  loss -0.158  pg +0.0005  v 0.002  ev +0.97  adv_std 0.060  tR +0.25  ent[s/d/p/e] 1.66/2.03/0.85/0.58  emits 1.44  spf 26.8  z0 0.01  garr 28.3  tG 334  e2 0.29  nF 22.9  pS 0.35  ptS 0.35  fLog 0.43  pdΔ -0.1460  pkR 10.90  clip 0.01  kl +0.002 align[spf 31.7 e2 0.26 z0 0.01 n=20]
upd  378  steps 12419072  sps 8809  opp strn  loss -0.155  pg -0.0003  v 0.002  ev +0.96  adv_std 0.068  tR -0.21  ent[s/d/p/e] 1.64/1.95/0.85/0.57  emits 1.40  spf 27.9  z0 0.01  garr 29.6  tG 339  e2 0.28  nF 20.6  pS 0.35  ptS 0.35  fLog 0.44  pdΔ -0.1482  pkR 11.93  clip 0.02  kl +0.003 align[spf 31.2 e2 0.26 z0 0.01 n=20]
upd  379  steps 12451840  sps 8823  opp rand  loss -0.158  pg +0.0007  v 0.003  ev +0.96  adv_std 0.072  tR +0.17  ent[s/d/p/e] 1.68/2.04/0.83/0.58  emits 1.39  spf 28.4  z0 0.03  garr 30.2  tG 371  e2 0.27  nF 19.9  pS 0.37  ptS 0.36  fLog 0.44  pdΔ -0.1309  pkR 14.57  clip 0.01  kl +0.002 align[spf 31.2 e2 0.26 z0 0.01 n=20]
upd  380  steps 12484608  sps 8834  opp frzn  loss -0.154  pg +0.0002  v 0.002  ev +0.97  adv_std 0.061  tR +0.27  ent[s/d/p/e] 1.57/2.01/0.83/0.58  emits 1.43  spf 25.7  z0 0.01  garr 28.2  tG 319  e2 0.28  nF 22.0  pS 0.33  ptS 0.33  fLog 0.42  pdΔ -0.1739  pkR 14.42  clip 0.01  kl +0.002 align[spf 30.9 e2 0.26 z0 0.01 n=20]
upd  381  steps 12517376  sps 8846  opp frzn  loss -0.159  pg +0.0002  v 0.003  ev +0.95  adv_std 0.078  tR -0.11  ent[s/d/p/e] 1.67/2.03/0.86/0.59  emits 1.43  spf 31.1  z0 0.01  garr 35.0  tG 395  e2 0.28  nF 21.5  pS 0.35  ptS 0.35  fLog 0.44  pdΔ -0.1459  pkR 10.83  clip 0.02  kl +0.002 align[spf 30.7 e2 0.26 z0 0.01 n=20]
upd  382  steps 12550144  sps 8857  opp buf  loss -0.171  pg +0.0004  v 0.002  ev +0.98  adv_std 0.068  tR -0.06  ent[s/d/p/e] 1.85/2.22/0.90/0.59  emits 1.34  spf 30.8  z0 0.08  garr 32.3  tG 540  e2 0.27  nF 22.7  pS 0.37  ptS 0.36  fLog 0.45  pdΔ -0.1338  pkR 21.99  clip 0.02  kl +0.002 align[spf 30.7 e2 0.26 z0 0.01 n=20]
upd  383  steps 12582912  sps 8869  opp strn  loss -0.163  pg -0.0002  v 0.002  ev +0.97  adv_std 0.058  tR +0.24  ent[s/d/p/e] 1.72/2.14/0.85/0.57  emits 1.41  spf 29.8  z0 0.03  garr 32.9  tG 612  e2 0.27  nF 23.5  pS 0.33  ptS 0.33  fLog 0.43  pdΔ -0.1737  pkR 17.85  clip 0.04  kl +0.004 align[spf 30.7 e2 0.27 z0 0.01 n=20]
upd  384  steps 12615680  sps 8880  opp frzn  loss -0.164  pg -0.0001  v 0.002  ev +0.97  adv_std 0.061  tR -0.38  ent[s/d/p/e] 1.73/2.10/0.87/0.58  emits 1.43  spf 31.2  z0 0.01  garr 34.6  tG 467  e2 0.28  nF 23.0  pS 0.35  ptS 0.35  fLog 0.44  pdΔ -0.1510  pkR 25.23  clip 0.02  kl +0.002 align[spf 30.5 e2 0.27 z0 0.01 n=20]
upd  385  steps 12648448  sps 8891  opp strn  loss -0.156  pg +0.0003  v 0.002  ev +0.95  adv_std 0.070  tR -0.25  ent[s/d/p/e] 1.64/1.96/0.86/0.59  emits 1.48  spf 27.7  z0 0.01  garr 31.0  tG 336  e2 0.29  nF 21.1  pS 0.34  ptS 0.34  fLog 0.44  pdΔ -0.1589  pkR 9.75  clip 0.02  kl +0.003 align[spf 30.3 e2 0.27 z0 0.01 n=20]
upd  386  steps 12681216  sps 8903  opp frzn  loss -0.164  pg +0.0000  v 0.002  ev +0.97  adv_std 0.062  tR -0.21  ent[s/d/p/e] 1.75/2.11/0.84/0.60  emits 1.48  spf 33.5  z0 0.01  garr 38.6  tG 466  e2 0.30  nF 21.5  pS 0.38  ptS 0.38  fLog 0.45  pdΔ -0.1161  pkR 7.62  clip 0.02  kl +0.002 align[spf 30.4 e2 0.27 z0 0.01 n=20]
upd  387  steps 12713984  sps 8914  opp strn  loss -0.162  pg -0.0000  v 0.002  ev +0.96  adv_std 0.065  tR -0.01  ent[s/d/p/e] 1.73/2.03/0.86/0.60  emits 1.50  spf 29.2  z0 0.01  garr 33.6  tG 403  e2 0.31  nF 22.6  pS 0.38  ptS 0.38  fLog 0.44  pdΔ -0.1181  pkR 11.11  clip 0.02  kl +0.003 align[spf 30.1 e2 0.28 z0 0.01 n=20]
upd  388  steps 12746752  sps 8925  opp strn  loss -0.165  pg +0.0002  v 0.003  ev +0.95  adv_std 0.074  tR +0.12  ent[s/d/p/e] 1.81/2.06/0.88/0.60  emits 1.51  spf 33.6  z0 0.00  garr 41.5  tG 518  e2 0.32  nF 20.9  pS 0.41  ptS 0.41  fLog 0.46  pdΔ -0.0885  pkR 8.22  clip 0.02  kl +0.002 align[spf 30.2 e2 0.28 z0 0.01 n=20]
upd  389  steps 12779520  sps 8936  opp frzn  loss -0.165  pg -0.0003  v 0.002  ev +0.96  adv_std 0.070  tR -0.13  ent[s/d/p/e] 1.77/2.09/0.88/0.60  emits 1.51  spf 30.9  z0 0.01  garr 37.1  tG 438  e2 0.31  nF 21.8  pS 0.39  ptS 0.39  fLog 0.45  pdΔ -0.1107  pkR 8.51  clip 0.02  kl +0.003 align[spf 30.3 e2 0.28 z0 0.01 n=20]
upd  390  steps 12812288  sps 8947  opp strn  loss -0.165  pg -0.0005  v 0.003  ev +0.95  adv_std 0.074  tR -0.10  ent[s/d/p/e] 1.79/2.07/0.87/0.60  emits 1.47  spf 32.8  z0 0.01  garr 38.9  tG 476  e2 0.30  nF 21.2  pS 0.40  ptS 0.40  fLog 0.45  pdΔ -0.0991  pkR 7.02  clip 0.02  kl +0.003 align[spf 30.4 e2 0.29 z0 0.01 n=20]
upd  391  steps 12845056  sps 8958  opp strn  loss -0.162  pg +0.0006  v 0.002  ev +0.96  adv_std 0.068  tR +0.05  ent[s/d/p/e] 1.77/2.02/0.90/0.58  emits 1.45  spf 33.0  z0 0.01  garr 39.3  tG 473  e2 0.29  nF 20.9  pS 0.39  ptS 0.39  fLog 0.46  pdΔ -0.1065  pkR 7.82  clip 0.01  kl +0.001 align[spf 30.6 e2 0.29 z0 0.01 n=20]
upd  392  steps 12877824  sps 8970  opp strn  loss -0.165  pg +0.0000  v 0.002  ev +0.95  adv_std 0.069  tR -0.19  ent[s/d/p/e] 1.74/2.09/0.91/0.60  emits 1.45  spf 31.7  z0 0.01  garr 37.0  tG 423  e2 0.29  nF 21.3  pS 0.37  ptS 0.37  fLog 0.45  pdΔ -0.1254  pkR 7.57  clip 0.02  kl +0.003 align[spf 30.6 e2 0.29 z0 0.01 n=20]
upd  393  steps 12910592  sps 8983  opp rand  loss -0.157  pg +0.0003  v 0.004  ev +0.95  adv_std 0.089  tR +0.23  ent[s/d/p/e] 1.64/2.08/0.84/0.57  emits 1.37  spf 29.1  z0 0.02  garr 31.4  tG 396  e2 0.25  nF 21.8  pS 0.35  ptS 0.35  fLog 0.43  pdΔ -0.1486  pkR 11.55  clip 0.02  kl +0.003 align[spf 30.6 e2 0.29 z0 0.01 n=20]
upd  394  steps 12943360  sps 8994  opp buf  loss -0.179  pg +0.0003  v 0.002  ev +0.98  adv_std 0.068  tR +0.10  ent[s/d/p/e] 2.00/2.28/0.96/0.58  emits 1.38  spf 37.3  z0 0.08  garr 41.8  tG 804  e2 0.28  nF 22.4  pS 0.42  ptS 0.41  fLog 0.47  pdΔ -0.0756  pkR 25.42  clip 0.02  kl +0.002 align[spf 30.6 e2 0.29 z0 0.01 n=20]
upd  395  steps 12976128  sps 9007  opp rand  loss -0.168  pg +0.0008  v 0.002  ev +0.98  adv_std 0.060  tR +0.22  ent[s/d/p/e] 1.85/2.20/0.85/0.55  emits 1.33  spf 36.5  z0 0.06  garr 42.1  tG 990  e2 0.24  nF 21.3  pS 0.39  ptS 0.39  fLog 0.45  pdΔ -0.1091  pkR 12.60  clip 0.02  kl +0.003 align[spf 30.6 e2 0.29 z0 0.01 n=20]
upd  396  steps 13008896  sps 9018  opp buf  loss -0.181  pg -0.0001  v 0.002  ev +0.98  adv_std 0.064  tR +0.24  ent[s/d/p/e] 1.99/2.34/0.95/0.58  emits 1.37  spf 35.6  z0 0.07  garr 39.5  tG 822  e2 0.27  nF 22.3  pS 0.42  ptS 0.41  fLog 0.46  pdΔ -0.0767  pkR 20.18  clip 0.02  kl +0.003 align[spf 30.6 e2 0.29 z0 0.01 n=20]
upd  397  steps 13041664  sps 9028  opp frzn  loss -0.172  pg +0.0007  v 0.002  ev +0.97  adv_std 0.067  tR +0.32  ent[s/d/p/e] 1.87/2.25/0.88/0.58  emits 1.39  spf 35.5  z0 0.04  garr 40.5  tG 872  e2 0.26  nF 22.8  pS 0.38  ptS 0.38  fLog 0.45  pdΔ -0.1238  pkR 19.56  clip 0.01  kl +0.002 align[spf 30.6 e2 0.29 z0 0.01 n=20]
upd  398  steps 13074432  sps 9039  opp strn  loss -0.168  pg +0.0005  v 0.002  ev +0.97  adv_std 0.059  tR +0.08  ent[s/d/p/e] 1.83/2.13/0.91/0.59  emits 1.45  spf 34.4  z0 0.01  garr 39.5  tG 511  e2 0.29  nF 21.9  pS 0.38  ptS 0.39  fLog 0.46  pdΔ -0.1182  pkR 19.14  clip 0.01  kl +0.002 align[spf 30.7 e2 0.29 z0 0.01 n=20]
[eval_vs_v20] u399 tag=train_u399  bin0=0.0%  spf=6.75  garr=64.89  flip=3.67%  z0=0.7%  e8=0.0%  e2+=3.8%  WLD=0/3/0
upd  399  steps 13107200  sps 9050  opp buf  loss -0.174  pg +0.0006  v 0.003  ev +0.96  adv_std 0.084  tR +0.02  ent[s/d/p/e] 1.92/2.27/0.92/0.57  emits 1.38  spf 34.7  z0 0.07  garr 37.7  tG 657  e2 0.27  nF 21.3  pS 0.38  ptS 0.38  fLog 0.46  pdΔ -0.1164  pkR 15.33  clip 0.02  kl +0.003 align[spf 30.7 e2 0.29 z0 0.01 n=20] WRr 0.88 WRf 0.56 v20[spf 6.8 flip 3.7% e2+ 3.8%]
[ckpt] saved ./ckpt_multi_action_v11_f44_align/ckpt_000399.pkl opp=buf WARN opp=buf (prefer strn/frzn for replay-aligned ckpt; see .meta.json)
upd  400  steps 13139968  sps 8554  opp strn  loss -0.158  pg -0.0002  v 0.002  ev +0.97  adv_std 0.061  tR +0.12  ent[s/d/p/e] 1.67/2.08/0.83/0.54  emits 1.33  spf 29.3  z0 0.04  garr 33.0  tG 643  e2 0.23  nF 22.0  pS 0.33  ptS 0.33  fLog 0.42  pdΔ -0.1699  pkR 15.75  clip 0.01  kl +0.001 align[spf 30.7 e2 0.29 z0 0.01 n=20]
upd  401  steps 13172736  sps 8565  opp frzn  loss -0.162  pg +0.0002  v 0.002  ev +0.97  adv_std 0.055  tR -0.16  ent[s/d/p/e] 1.73/2.04/0.88/0.57  emits 1.37  spf 31.7  z0 0.02  garr 35.4  tG 476  e2 0.26  nF 21.6  pS 0.37  ptS 0.37  fLog 0.45  pdΔ -0.1304  pkR 21.56  clip 0.01  kl +0.002 align[spf 30.7 e2 0.28 z0 0.01 n=20]
upd  402  steps 13205504  sps 8576  opp buf  loss -0.177  pg -0.0001  v 0.003  ev +0.97  adv_std 0.078  tR -0.08  ent[s/d/p/e] 1.94/2.31/0.91/0.59  emits 1.33  spf 35.9  z0 0.09  garr 37.4  tG 669  e2 0.26  nF 22.3  pS 0.38  ptS 0.37  fLog 0.46  pdΔ -0.1154  pkR 16.25  clip 0.03  kl +0.003 align[spf 30.7 e2 0.28 z0 0.01 n=20]
upd  403  steps 13238272  sps 8587  opp buf  loss -0.191  pg +0.0003  v 0.002  ev +0.98  adv_std 0.059  tR -0.01  ent[s/d/p/e] 2.18/2.56/0.91/0.57  emits 1.33  spf 48.3  z0 0.12  garr 53.8  tG 1453  e2 0.26  nF 23.1  pS 0.43  ptS 0.42  fLog 0.49  pdΔ -0.0666  pkR 10.37  clip 0.02  kl +0.002 align[spf 30.7 e2 0.28 z0 0.01 n=20]
upd  404  steps 13271040  sps 8597  opp buf  loss -0.197  pg +0.0005  v 0.002  ev +0.98  adv_std 0.062  tR +0.02  ent[s/d/p/e] 2.29/2.61/0.92/0.58  emits 1.32  spf 51.1  z0 0.13  garr 58.2  tG 1573  e2 0.27  nF 23.1  pS 0.46  ptS 0.45  fLog 0.50  pdΔ -0.0371  pkR 18.23  clip 0.03  kl +0.003 align[spf 30.7 e2 0.28 z0 0.01 n=20]
upd  405  steps 13303808  sps 8608  opp frzn  loss -0.174  pg -0.0000  v 0.001  ev +0.98  adv_std 0.052  tR +0.60  ent[s/d/p/e] 1.90/2.31/0.85/0.57  emits 1.42  spf 36.0  z0 0.02  garr 44.1  tG 1025  e2 0.26  nF 24.7  pS 0.39  ptS 0.39  fLog 0.45  pdΔ -0.1142  pkR 10.98  clip 0.03  kl +0.004 align[spf 31.1 e2 0.28 z0 0.01 n=20]
upd  406  steps 13336576  sps 8619  opp strn  loss -0.164  pg +0.0003  v 0.002  ev +0.97  adv_std 0.063  tR -0.14  ent[s/d/p/e] 1.75/2.12/0.88/0.59  emits 1.41  spf 34.4  z0 0.02  garr 39.0  tG 554  e2 0.27  nF 21.0  pS 0.37  ptS 0.37  fLog 0.45  pdΔ -0.1341  pkR 18.43  clip 0.02  kl +0.002 align[spf 31.3 e2 0.28 z0 0.01 n=20]
upd  407  steps 13369344  sps 8631  opp rand  loss -0.156  pg +0.0010  v 0.004  ev +0.95  adv_std 0.086  tR +0.33  ent[s/d/p/e] 1.63/2.05/0.84/0.58  emits 1.38  spf 28.9  z0 0.02  garr 32.5  tG 383  e2 0.26  nF 19.3  pS 0.35  ptS 0.35  fLog 0.44  pdΔ -0.1461  pkR 12.16  clip 0.02  kl +0.002 align[spf 31.3 e2 0.28 z0 0.01 n=20]
upd  408  steps 13402112  sps 8642  opp strn  loss -0.160  pg -0.0001  v 0.002  ev +0.97  adv_std 0.062  tR +0.04  ent[s/d/p/e] 1.69/2.00/0.90/0.58  emits 1.43  spf 28.5  z0 0.01  garr 32.4  tG 356  e2 0.28  nF 20.8  pS 0.36  ptS 0.36  fLog 0.44  pdΔ -0.1424  pkR 11.35  clip 0.01  kl +0.002 align[spf 31.4 e2 0.28 z0 0.01 n=20]
upd  409  steps 13434880  sps 8653  opp frzn  loss -0.161  pg +0.0006  v 0.002  ev +0.96  adv_std 0.071  tR -0.24  ent[s/d/p/e] 1.70/2.07/0.87/0.60  emits 1.43  spf 30.5  z0 0.01  garr 34.0  tG 382  e2 0.28  nF 21.0  pS 0.36  ptS 0.37  fLog 0.44  pdΔ -0.1353  pkR 10.64  clip 0.01  kl +0.002 align[spf 31.5 e2 0.28 z0 0.01 n=20]
upd  410  steps 13467648  sps 8663  opp strn  loss -0.158  pg +0.0001  v 0.002  ev +0.96  adv_std 0.066  tR -0.15  ent[s/d/p/e] 1.62/2.03/0.85/0.59  emits 1.42  spf 27.4  z0 0.00  garr 30.8  tG 325  e2 0.27  nF 22.5  pS 0.34  ptS 0.34  fLog 0.43  pdΔ -0.1637  pkR 9.12  clip 0.02  kl +0.003 align[spf 31.6 e2 0.28 z0 0.01 n=20]
upd  411  steps 13500416  sps 8674  opp buf  loss -0.173  pg +0.0003  v 0.003  ev +0.97  adv_std 0.076  tR +0.00  ent[s/d/p/e] 1.86/2.30/0.88/0.58  emits 1.32  spf 35.7  z0 0.07  garr 39.9  tG 663  e2 0.25  nF 20.5  pS 0.39  ptS 0.38  fLog 0.45  pdΔ -0.1136  pkR 21.98  clip 0.02  kl +0.002 align[spf 31.6 e2 0.28 z0 0.01 n=20]
upd  412  steps 13533184  sps 8685  opp buf  loss -0.186  pg +0.0006  v 0.002  ev +0.98  adv_std 0.063  tR +0.11  ent[s/d/p/e] 2.10/2.52/0.88/0.56  emits 1.26  spf 47.6  z0 0.11  garr 53.6  tG 1372  e2 0.23  nF 21.6  pS 0.42  ptS 0.41  fLog 0.48  pdΔ -0.0774  pkR 14.62  clip 0.02  kl +0.003 align[spf 31.6 e2 0.28 z0 0.01 n=20]
upd  413  steps 13565952  sps 8697  opp rand  loss -0.165  pg +0.0001  v 0.002  ev +0.97  adv_std 0.068  tR +0.17  ent[s/d/p/e] 1.79/2.23/0.80/0.55  emits 1.29  spf 36.0  z0 0.06  garr 40.9  tG 935  e2 0.22  nF 21.3  pS 0.36  ptS 0.36  fLog 0.44  pdΔ -0.1440  pkR 15.64  clip 0.02  kl +0.003 align[spf 31.6 e2 0.28 z0 0.01 n=20]
upd  414  steps 13598720  sps 8707  opp strn  loss -0.160  pg +0.0006  v 0.002  ev +0.97  adv_std 0.061  tR +0.27  ent[s/d/p/e] 1.71/2.06/0.86/0.57  emits 1.38  spf 30.8  z0 0.02  garr 35.1  tG 522  e2 0.26  nF 22.0  pS 0.36  ptS 0.37  fLog 0.43  pdΔ -0.1381  pkR 22.31  clip 0.01  kl +0.002 align[spf 31.6 e2 0.28 z0 0.01 n=20]
upd  415  steps 13631488  sps 8720  opp rand  loss -0.153  pg +0.0004  v 0.003  ev +0.96  adv_std 0.080  tR +0.26  ent[s/d/p/e] 1.61/1.98/0.82/0.57  emits 1.36  spf 28.4  z0 0.02  garr 32.0  tG 382  e2 0.25  nF 20.7  pS 0.34  ptS 0.34  fLog 0.43  pdΔ -0.1564  pkR 10.78  clip 0.01  kl +0.002 align[spf 31.6 e2 0.28 z0 0.01 n=20]
upd  416  steps 13664256  sps 8730  opp strn  loss -0.152  pg +0.0001  v 0.002  ev +0.97  adv_std 0.068  tR +0.08  ent[s/d/p/e] 1.56/1.97/0.81/0.58  emits 1.38  spf 25.2  z0 0.01  garr 28.9  tG 317  e2 0.25  nF 22.8  pS 0.32  ptS 0.32  fLog 0.41  pdΔ -0.1802  pkR 12.91  clip 0.02  kl +0.003 align[spf 31.4 e2 0.28 z0 0.01 n=20]
upd  417  steps 13697024  sps 8740  opp frzn  loss -0.160  pg +0.0005  v 0.002  ev +0.96  adv_std 0.071  tR +0.10  ent[s/d/p/e] 1.69/2.06/0.85/0.60  emits 1.42  spf 30.7  z0 0.01  garr 36.0  tG 425  e2 0.27  nF 21.1  pS 0.37  ptS 0.36  fLog 0.44  pdΔ -0.1302  pkR 10.03  clip 0.01  kl +0.002 align[spf 31.3 e2 0.28 z0 0.01 n=20]
upd  418  steps 13729792  sps 8751  opp strn  loss -0.159  pg +0.0006  v 0.002  ev +0.95  adv_std 0.069  tR -0.24  ent[s/d/p/e] 1.69/2.01/0.85/0.60  emits 1.44  spf 29.3  z0 0.00  garr 34.3  tG 386  e2 0.28  nF 21.2  pS 0.36  ptS 0.36  fLog 0.44  pdΔ -0.1387  pkR 8.70  clip 0.02  kl +0.003 align[spf 31.4 e2 0.28 z0 0.01 n=20]
upd  419  steps 13762560  sps 8761  opp frzn  loss -0.163  pg +0.0000  v 0.003  ev +0.94  adv_std 0.075  tR -0.02  ent[s/d/p/e] 1.75/2.05/0.87/0.60  emits 1.45  spf 32.9  z0 0.01  garr 39.6  tG 459  e2 0.29  nF 20.3  pS 0.38  ptS 0.38  fLog 0.45  pdΔ -0.1164  pkR 10.08  clip 0.02  kl +0.003 align[spf 31.4 e2 0.28 z0 0.01 n=20]
upd  420  steps 13795328  sps 8772  opp frzn  loss -0.164  pg -0.0005  v 0.002  ev +0.96  adv_std 0.068  tR -0.09  ent[s/d/p/e] 1.79/2.05/0.88/0.58  emits 1.43  spf 35.3  z0 0.01  garr 41.6  tG 500  e2 0.28  nF 21.0  pS 0.39  ptS 0.39  fLog 0.46  pdΔ -0.1062  pkR 10.69  clip 0.02  kl +0.003 align[spf 31.7 e2 0.28 z0 0.01 n=20]
upd  421  steps 13828096  sps 8782  opp buf  loss -0.175  pg +0.0002  v 0.003  ev +0.96  adv_std 0.087  tR +0.05  ent[s/d/p/e] 1.93/2.29/0.91/0.58  emits 1.33  spf 36.0  z0 0.07  garr 39.9  tG 738  e2 0.26  nF 22.3  pS 0.39  ptS 0.38  fLog 0.46  pdΔ -0.1119  pkR 30.65  clip 0.01  kl +0.002 align[spf 31.7 e2 0.28 z0 0.01 n=20]
upd  422  steps 13860864  sps 8792  opp frzn  loss -0.167  pg +0.0004  v 0.002  ev +0.98  adv_std 0.061  tR +0.18  ent[s/d/p/e] 1.80/2.22/0.84/0.56  emits 1.34  spf 33.2  z0 0.06  garr 39.5  tG 834  e2 0.25  nF 22.5  pS 0.35  ptS 0.36  fLog 0.44  pdΔ -0.1453  pkR 16.82  clip 0.02  kl +0.003 align[spf 31.7 e2 0.27 z0 0.02 n=20]
upd  423  steps 13893632  sps 8803  opp strn  loss -0.163  pg -0.0002  v 0.002  ev +0.97  adv_std 0.059  tR +0.18  ent[s/d/p/e] 1.76/2.07/0.86/0.57  emits 1.39  spf 32.7  z0 0.02  garr 37.9  tG 505  e2 0.26  nF 21.1  pS 0.37  ptS 0.37  fLog 0.45  pdΔ -0.1321  pkR 20.67  clip 0.02  kl +0.003 align[spf 31.8 e2 0.27 z0 0.02 n=20]
upd  424  steps 13926400  sps 8813  opp strn  loss -0.157  pg +0.0004  v 0.003  ev +0.94  adv_std 0.085  tR -0.11  ent[s/d/p/e] 1.64/2.05/0.85/0.58  emits 1.41  spf 32.1  z0 0.01  garr 35.1  tG 408  e2 0.26  nF 20.8  pS 0.35  ptS 0.35  fLog 0.44  pdΔ -0.1518  pkR 10.17  clip 0.02  kl +0.002 align[spf 31.7 e2 0.27 z0 0.02 n=20]
upd  425  steps 13959168  sps 8823  opp buf  loss -0.178  pg -0.0002  v 0.003  ev +0.96  adv_std 0.081  tR +0.12  ent[s/d/p/e] 1.95/2.29/0.95/0.58  emits 1.36  spf 39.0  z0 0.06  garr 44.3  tG 766  e2 0.27  nF 21.0  pS 0.41  ptS 0.40  fLog 0.48  pdΔ -0.0887  pkR 23.29  clip 0.03  kl +0.003 align[spf 31.7 e2 0.27 z0 0.02 n=20]
upd  426  steps 13991936  sps 8834  opp strn  loss -0.169  pg -0.0003  v 0.002  ev +0.97  adv_std 0.065  tR +0.23  ent[s/d/p/e] 1.79/2.21/0.89/0.57  emits 1.37  spf 33.1  z0 0.03  garr 38.6  tG 753  e2 0.26  nF 22.6  pS 0.35  ptS 0.35  fLog 0.45  pdΔ -0.1468  pkR 17.89  clip 0.02  kl +0.002 align[spf 31.7 e2 0.27 z0 0.02 n=20]
upd  427  steps 14024704  sps 8845  opp rand  loss -0.161  pg +0.0004  v 0.002  ev +0.97  adv_std 0.063  tR +0.17  ent[s/d/p/e] 1.71/2.11/0.84/0.55  emits 1.31  spf 30.5  z0 0.03  garr 35.7  tG 504  e2 0.22  nF 20.0  pS 0.36  ptS 0.36  fLog 0.44  pdΔ -0.1378  pkR 20.95  clip 0.01  kl +0.002 align[spf 31.7 e2 0.27 z0 0.02 n=20]
upd  428  steps 14057472  sps 8857  opp rand  loss -0.147  pg +0.0002  v 0.003  ev +0.96  adv_std 0.084  tR +0.33  ent[s/d/p/e] 1.49/1.94/0.82/0.53  emits 1.29  spf 24.3  z0 0.03  garr 27.7  tG 326  e2 0.21  nF 20.5  pS 0.31  ptS 0.31  fLog 0.41  pdΔ -0.1888  pkR 13.40  clip 0.01  kl +0.002 align[spf 31.7 e2 0.27 z0 0.02 n=20]
upd  429  steps 14090240  sps 8868  opp strn  loss -0.159  pg +0.0001  v 0.002  ev +0.97  adv_std 0.059  tR +0.31  ent[s/d/p/e] 1.68/2.02/0.89/0.57  emits 1.37  spf 29.3  z0 0.01  garr 35.7  tG 404  e2 0.25  nF 21.3  pS 0.36  ptS 0.36  fLog 0.44  pdΔ -0.1429  pkR 9.69  clip 0.01  kl +0.002 align[spf 31.6 e2 0.27 z0 0.02 n=20]
upd  430  steps 14123008  sps 8878  opp frzn  loss -0.161  pg +0.0000  v 0.003  ev +0.95  adv_std 0.080  tR -0.30  ent[s/d/p/e] 1.73/2.06/0.88/0.56  emits 1.35  spf 33.8  z0 0.00  garr 44.8  tG 533  e2 0.24  nF 18.5  pS 0.39  ptS 0.39  fLog 0.46  pdΔ -0.1123  pkR 8.48  clip 0.03  kl +0.004 align[spf 31.5 e2 0.26 z0 0.02 n=20]
upd  431  steps 14155776  sps 8888  opp buf  loss -0.173  pg -0.0000  v 0.002  ev +0.97  adv_std 0.071  tR +0.27  ent[s/d/p/e] 1.87/2.23/0.94/0.57  emits 1.32  spf 36.4  z0 0.06  garr 40.8  tG 678  e2 0.25  nF 20.0  pS 0.39  ptS 0.38  fLog 0.47  pdΔ -0.1099  pkR 14.81  clip 0.02  kl +0.002 align[spf 31.5 e2 0.26 z0 0.02 n=20]
upd  432  steps 14188544  sps 8900  opp rand  loss -0.167  pg +0.0007  v 0.002  ev +0.97  adv_std 0.069  tR +0.30  ent[s/d/p/e] 1.82/2.20/0.86/0.55  emits 1.29  spf 36.1  z0 0.05  garr 41.3  tG 930  e2 0.23  nF 21.9  pS 0.38  ptS 0.38  fLog 0.45  pdΔ -0.1225  pkR 13.53  clip 0.03  kl +0.003 align[spf 31.5 e2 0.26 z0 0.02 n=20]
upd  433  steps 14221312  sps 8910  opp buf  loss -0.176  pg +0.0009  v 0.002  ev +0.98  adv_std 0.067  tR +0.27  ent[s/d/p/e] 1.92/2.31/0.93/0.56  emits 1.28  spf 37.5  z0 0.09  garr 42.1  tG 850  e2 0.24  nF 22.1  pS 0.39  ptS 0.38  fLog 0.46  pdΔ -0.1064  pkR 15.40  clip 0.02  kl +0.003 align[spf 31.5 e2 0.26 z0 0.02 n=20]
upd  434  steps 14254080  sps 8920  opp strn  loss -0.170  pg -0.0002  v 0.002  ev +0.97  adv_std 0.068  tR +0.24  ent[s/d/p/e] 1.80/2.26/0.88/0.57  emits 1.32  spf 34.5  z0 0.05  garr 39.1  tG 805  e2 0.24  nF 22.7  pS 0.36  ptS 0.36  fLog 0.44  pdΔ -0.1384  pkR 13.91  clip 0.01  kl +0.001 align[spf 31.5 e2 0.26 z0 0.02 n=20]
upd  435  steps 14286848  sps 8930  opp strn  loss -0.167  pg +0.0006  v 0.002  ev +0.97  adv_std 0.061  tR -0.02  ent[s/d/p/e] 1.84/2.12/0.92/0.56  emits 1.36  spf 38.3  z0 0.02  garr 47.0  tG 681  e2 0.25  nF 20.9  pS 0.39  ptS 0.40  fLog 0.46  pdΔ -0.1076  pkR 13.42  clip 0.02  kl +0.003 align[spf 32.0 e2 0.26 z0 0.02 n=20]
upd  436  steps 14319616  sps 8940  opp buf  loss -0.166  pg +0.0005  v 0.003  ev +0.96  adv_std 0.082  tR -0.07  ent[s/d/p/e] 1.78/2.16/0.93/0.54  emits 1.25  spf 32.2  z0 0.08  garr 34.5  tG 548  e2 0.22  nF 20.8  pS 0.33  ptS 0.33  fLog 0.44  pdΔ -0.1701  pkR 15.84  clip 0.02  kl +0.002 align[spf 32.0 e2 0.26 z0 0.02 n=20]
upd  437  steps 14352384  sps 8951  opp rand  loss -0.157  pg +0.0006  v 0.002  ev +0.97  adv_std 0.068  tR +0.12  ent[s/d/p/e] 1.64/2.18/0.79/0.51  emits 1.22  spf 33.0  z0 0.06  garr 36.5  tG 851  e2 0.19  nF 21.3  pS 0.32  ptS 0.32  fLog 0.42  pdΔ -0.1814  pkR 15.70  clip 0.01  kl +0.002 align[spf 32.0 e2 0.26 z0 0.02 n=20]
upd  438  steps 14385152  sps 8961  opp strn  loss -0.156  pg +0.0010  v 0.002  ev +0.97  adv_std 0.065  tR +0.12  ent[s/d/p/e] 1.60/2.05/0.86/0.55  emits 1.30  spf 28.8  z0 0.03  garr 33.2  tG 445  e2 0.22  nF 20.9  pS 0.32  ptS 0.33  fLog 0.43  pdΔ -0.1774  pkR 24.72  clip 0.01  kl +0.002 align[spf 31.8 e2 0.26 z0 0.02 n=20]
upd  439  steps 14417920  sps 8973  opp rand  loss -0.158  pg +0.0004  v 0.003  ev +0.95  adv_std 0.085  tR +0.36  ent[s/d/p/e] 1.70/2.05/0.86/0.55  emits 1.32  spf 30.5  z0 0.02  garr 35.3  tG 432  e2 0.23  nF 19.9  pS 0.37  ptS 0.37  fLog 0.44  pdΔ -0.1286  pkR 10.43  clip 0.01  kl +0.002 align[spf 31.8 e2 0.26 z0 0.02 n=20]
upd  440  steps 14450688  sps 8983  opp strn  loss -0.155  pg +0.0002  v 0.001  ev +0.97  adv_std 0.055  tR +0.22  ent[s/d/p/e] 1.57/2.01/0.87/0.55  emits 1.31  spf 27.8  z0 0.02  garr 32.4  tG 363  e2 0.22  nF 21.8  pS 0.33  ptS 0.32  fLog 0.43  pdΔ -0.1713  pkR 9.80  clip 0.01  kl +0.003 align[spf 31.4 e2 0.26 z0 0.02 n=20]
upd  441  steps 14483456  sps 8993  opp strn  loss -0.153  pg +0.0001  v 0.004  ev +0.94  adv_std 0.090  tR +0.02  ent[s/d/p/e] 1.65/1.97/0.87/0.52  emits 1.29  spf 33.9  z0 0.01  garr 41.7  tG 475  e2 0.20  nF 20.2  pS 0.35  ptS 0.35  fLog 0.45  pdΔ -0.1450  pkR 7.71  clip 0.02  kl +0.003 align[spf 31.4 e2 0.26 z0 0.02 n=20]
upd  442  steps 14516224  sps 9002  opp frzn  loss -0.156  pg +0.0002  v 0.003  ev +0.94  adv_std 0.078  tR -0.21  ent[s/d/p/e] 1.63/1.98/0.90/0.56  emits 1.35  spf 30.2  z0 0.00  garr 36.3  tG 379  e2 0.24  nF 19.3  pS 0.34  ptS 0.34  fLog 0.45  pdΔ -0.1551  pkR 11.23  clip 0.02  kl +0.002 align[spf 31.5 e2 0.25 z0 0.02 n=20]
upd  443  steps 14548992  sps 9012  opp frzn  loss -0.162  pg +0.0011  v 0.002  ev +0.96  adv_std 0.070  tR -0.22  ent[s/d/p/e] 1.80/2.05/0.92/0.54  emits 1.31  spf 38.4  z0 0.01  garr 48.2  tG 550  e2 0.23  nF 18.7  pS 0.39  ptS 0.39  fLog 0.47  pdΔ -0.1060  pkR 7.36  clip 0.01  kl +0.002 align[spf 31.9 e2 0.25 z0 0.02 n=20]
upd  444  steps 14581760  sps 9022  opp frzn  loss -0.157  pg +0.0001  v 0.002  ev +0.96  adv_std 0.065  tR +0.04  ent[s/d/p/e] 1.66/1.98/0.91/0.54  emits 1.34  spf 29.5  z0 0.01  garr 36.8  tG 394  e2 0.23  nF 20.2  pS 0.34  ptS 0.34  fLog 0.44  pdΔ -0.1592  pkR 11.88  clip 0.01  kl +0.001 align[spf 32.0 e2 0.25 z0 0.02 n=20]
upd  445  steps 14614528  sps 9032  opp strn  loss -0.163  pg +0.0004  v 0.002  ev +0.96  adv_std 0.066  tR -0.13  ent[s/d/p/e] 1.80/2.04/0.91/0.56  emits 1.35  spf 35.1  z0 0.00  garr 46.1  tG 539  e2 0.24  nF 19.1  pS 0.39  ptS 0.40  fLog 0.46  pdΔ -0.1088  pkR 7.90  clip 0.02  kl +0.002 align[spf 32.2 e2 0.25 z0 0.02 n=20]
upd  446  steps 14647296  sps 9042  opp buf  loss -0.173  pg +0.0005  v 0.003  ev +0.97  adv_std 0.077  tR -0.04  ent[s/d/p/e] 1.91/2.26/0.93/0.55  emits 1.26  spf 38.6  z0 0.09  garr 43.9  tG 827  e2 0.23  nF 20.2  pS 0.38  ptS 0.38  fLog 0.47  pdΔ -0.1160  pkR 18.36  clip 0.01  kl +0.002 align[spf 32.2 e2 0.25 z0 0.02 n=20]
upd  447  steps 14680064  sps 9051  opp strn  loss -0.161  pg +0.0005  v 0.002  ev +0.97  adv_std 0.061  tR +0.24  ent[s/d/p/e] 1.71/2.13/0.87/0.53  emits 1.30  spf 32.7  z0 0.03  garr 36.9  tG 742  e2 0.22  nF 21.0  pS 0.33  ptS 0.33  fLog 0.44  pdΔ -0.1685  pkR 15.89  clip 0.01  kl +0.001 align[spf 32.6 e2 0.25 z0 0.02 n=20]
upd  448  steps 14712832  sps 9061  opp strn  loss -0.168  pg +0.0005  v 0.002  ev +0.97  adv_std 0.059  tR -0.19  ent[s/d/p/e] 1.84/2.15/0.91/0.57  emits 1.36  spf 36.7  z0 0.02  garr 44.5  tG 606  e2 0.25  nF 19.6  pS 0.39  ptS 0.39  fLog 0.47  pdΔ -0.1113  pkR 18.99  clip 0.01  kl +0.002 align[spf 32.9 e2 0.25 z0 0.02 n=20]
[eval_vs_v20] u449 tag=train_u449  bin0=0.9%  spf=6.96  garr=33.75  flip=2.60%  z0=1.1%  e8=0.0%  e2+=0.0%  WLD=0/3/0
upd  449  steps 14745600  sps 9072  opp rand  loss -0.152  pg +0.0001  v 0.004  ev +0.94  adv_std 0.094  tR +0.24  ent[s/d/p/e] 1.57/2.02/0.82/0.54  emits 1.33  spf 27.6  z0 0.01  garr 31.2  tG 368  e2 0.23  nF 20.2  pS 0.34  ptS 0.33  fLog 0.43  pdΔ -0.1636  pkR 18.46  clip 0.03  kl +0.003 align[spf 32.9 e2 0.25 z0 0.02 n=20] WRr 0.78 WRf 0.66 v20[spf 7.0 flip 2.6% e2+ 0.0%]
[ckpt] saved ./ckpt_multi_action_v11_f44_align/ckpt_000449.pkl opp=rand
upd  450  steps 14778368  sps 8636  opp strn  loss -0.158  pg -0.0002  v 0.002  ev +0.96  adv_std 0.065  tR +0.18  ent[s/d/p/e] 1.65/2.00/0.90/0.55  emits 1.34  spf 28.4  z0 0.01  garr 32.0  tG 371  e2 0.24  nF 19.4  pS 0.36  ptS 0.36  fLog 0.44  pdΔ -0.1378  pkR 10.18  clip 0.02  kl +0.003 align[spf 32.8 e2 0.24 z0 0.02 n=20]
upd  451  steps 14811136  sps 8646  opp buf  loss -0.174  pg +0.0008  v 0.003  ev +0.97  adv_std 0.075  tR +0.14  ent[s/d/p/e] 1.92/2.26/0.94/0.56  emits 1.33  spf 37.9  z0 0.06  garr 39.6  tG 664  e2 0.25  nF 20.9  pS 0.41  ptS 0.40  fLog 0.47  pdΔ -0.0904  pkR 15.51  clip 0.01  kl +0.002 align[spf 32.8 e2 0.24 z0 0.02 n=20]
upd  452  steps 14843904  sps 8656  opp frzn  loss -0.167  pg +0.0003  v 0.002  ev +0.97  adv_std 0.066  tR +0.30  ent[s/d/p/e] 1.82/2.21/0.88/0.54  emits 1.33  spf 37.1  z0 0.03  garr 40.7  tG 902  e2 0.23  nF 21.5  pS 0.37  ptS 0.37  fLog 0.45  pdΔ -0.1331  pkR 16.66  clip 0.02  kl +0.002 align[spf 33.0 e2 0.24 z0 0.02 n=20]
upd  453  steps 14876672  sps 8665  opp strn  loss -0.163  pg +0.0008  v 0.002  ev +0.96  adv_std 0.061  tR -0.13  ent[s/d/p/e] 1.78/2.09/0.90/0.55  emits 1.35  spf 35.1  z0 0.01  garr 41.2  tG 553  e2 0.24  nF 20.3  pS 0.37  ptS 0.37  fLog 0.46  pdΔ -0.1258  pkR 15.65  clip 0.01  kl +0.002 align[spf 33.0 e2 0.24 z0 0.02 n=20]
upd  454  steps 14909440  sps 8675  opp strn  loss -0.154  pg -0.0005  v 0.003  ev +0.95  adv_std 0.085  tR +0.00  ent[s/d/p/e] 1.64/1.98/0.85/0.53  emits 1.34  spf 33.0  z0 0.00  garr 39.6  tG 462  e2 0.23  nF 19.1  pS 0.36  ptS 0.36  fLog 0.45  pdΔ -0.1388  pkR 13.18  clip 0.02  kl +0.002 align[spf 33.0 e2 0.24 z0 0.02 n=20]
upd  455  steps 14942208  sps 8685  opp frzn  loss -0.163  pg -0.0003  v 0.002  ev +0.96  adv_std 0.065  tR +0.11  ent[s/d/p/e] 1.78/2.03/0.89/0.56  emits 1.41  spf 33.4  z0 0.00  garr 40.5  tG 487  e2 0.27  nF 20.1  pS 0.40  ptS 0.40  fLog 0.46  pdΔ -0.0963  pkR 11.52  clip 0.03  kl +0.003 align[spf 33.0 e2 0.24 z0 0.02 n=20]
upd  456  steps 14974976  sps 8694  opp frzn  loss -0.154  pg +0.0004  v 0.002  ev +0.96  adv_std 0.070  tR +0.05  ent[s/d/p/e] 1.62/1.99/0.85/0.53  emits 1.33  spf 31.8  z0 0.01  garr 37.2  tG 449  e2 0.23  nF 19.7  pS 0.36  ptS 0.36  fLog 0.44  pdΔ -0.1409  pkR 11.80  clip 0.02  kl +0.002 align[spf 33.0 e2 0.24 z0 0.01 n=20]
upd  457  steps 15007744  sps 8705  opp rand  loss -0.148  pg +0.0006  v 0.003  ev +0.95  adv_std 0.087  tR +0.33  ent[s/d/p/e] 1.54/1.99/0.78/0.53  emits 1.31  spf 27.2  z0 0.03  garr 29.2  tG 356  e2 0.22  nF 19.6  pS 0.33  ptS 0.33  fLog 0.42  pdΔ -0.1732  pkR 14.21  clip 0.01  kl +0.002 align[spf 33.0 e2 0.24 z0 0.01 n=20]
upd  458  steps 15040512  sps 8715  opp buf  loss -0.168  pg +0.0003  v 0.002  ev +0.97  adv_std 0.070  tR +0.17  ent[s/d/p/e] 1.79/2.24/0.88/0.55  emits 1.27  spf 34.3  z0 0.08  garr 34.2  tG 595  e2 0.23  nF 21.1  pS 0.35  ptS 0.34  fLog 0.44  pdΔ -0.1485  pkR 23.13  clip 0.02  kl +0.002 align[spf 33.0 e2 0.24 z0 0.01 n=20]
upd  459  steps 15073280  sps 8724  opp buf  loss -0.184  pg +0.0004  v 0.002  ev +0.98  adv_std 0.066  tR +0.08  ent[s/d/p/e] 2.09/2.49/0.90/0.53  emits 1.26  spf 52.7  z0 0.09  garr 55.8  tG 1414  e2 0.23  nF 21.0  pS 0.42  ptS 0.41  fLog 0.49  pdΔ -0.0837  pkR 11.39  clip 0.01  kl +0.002 align[spf 33.0 e2 0.24 z0 0.01 n=20]
upd  460  steps 15106048  sps 8734  opp buf  loss -0.186  pg +0.0005  v 0.002  ev +0.98  adv_std 0.062  tR +0.09  ent[s/d/p/e] 2.09/2.57/0.87/0.54  emits 1.24  spf 50.2  z0 0.12  garr 53.6  tG 1445  e2 0.23  nF 22.1  pS 0.40  ptS 0.39  fLog 0.48  pdΔ -0.1022  pkR 13.66  clip 0.02  kl +0.002 align[spf 33.0 e2 0.24 z0 0.01 n=20]
upd  461  steps 15138816  sps 8743  opp frzn  loss -0.161  pg +0.0009  v 0.001  ev +0.98  adv_std 0.056  tR +0.08  ent[s/d/p/e] 1.70/2.20/0.81/0.53  emits 1.28  spf 34.9  z0 0.05  garr 39.2  tG 843  e2 0.21  nF 21.9  pS 0.33  ptS 0.33  fLog 0.44  pdΔ -0.1727  pkR 16.74  clip 0.02  kl +0.002 align[spf 33.1 e2 0.23 z0 0.02 n=20]
upd  462  steps 15171584  sps 8754  opp rand  loss -0.156  pg +0.0002  v 0.002  ev +0.96  adv_std 0.071  tR +0.15  ent[s/d/p/e] 1.67/2.06/0.81/0.53  emits 1.29  spf 30.6  z0 0.03  garr 34.3  tG 465  e2 0.22  nF 20.3  pS 0.36  ptS 0.35  fLog 0.44  pdΔ -0.1430  pkR 20.64  clip 0.01  kl +0.002 align[spf 33.1 e2 0.23 z0 0.02 n=20]
upd  463  steps 15204352  sps 8764  opp frzn  loss -0.147  pg +0.0009  v 0.002  ev +0.96  adv_std 0.071  tR +0.10  ent[s/d/p/e] 1.50/1.98/0.81/0.50  emits 1.27  spf 27.5  z0 0.01  garr 31.2  tG 356  e2 0.19  nF 19.3  pS 0.31  ptS 0.32  fLog 0.42  pdΔ -0.1865  pkR 13.92  clip 0.01  kl +0.002 align[spf 33.0 e2 0.23 z0 0.02 n=20]
upd  464  steps 15237120  sps 8773  opp strn  loss -0.158  pg +0.0004  v 0.003  ev +0.94  adv_std 0.085  tR +0.06  ent[s/d/p/e] 1.75/2.05/0.86/0.51  emits 1.29  spf 36.8  z0 0.01  garr 48.0  tG 567  e2 0.21  nF 18.7  pS 0.38  ptS 0.38  fLog 0.46  pdΔ -0.1184  pkR 10.18  clip 0.01  kl +0.002 align[spf 33.2 e2 0.23 z0 0.02 n=20]
upd  465  steps 15269888  sps 8784  opp rand  loss -0.151  pg +0.0005  v 0.003  ev +0.96  adv_std 0.075  tR +0.34  ent[s/d/p/e] 1.61/2.04/0.77/0.51  emits 1.25  spf 30.9  z0 0.02  garr 37.9  tG 459  e2 0.19  nF 18.5  pS 0.36  ptS 0.35  fLog 0.44  pdΔ -0.1446  pkR 12.19  clip 0.02  kl +0.002 align[spf 33.2 e2 0.23 z0 0.02 n=20]
upd  466  steps 15302656  sps 8794  opp buf  loss -0.171  pg +0.0002  v 0.002  ev +0.97  adv_std 0.071  tR +0.20  ent[s/d/p/e] 1.88/2.27/0.88/0.53  emits 1.23  spf 36.0  z0 0.07  garr 42.2  tG 755  e2 0.21  nF 19.7  pS 0.40  ptS 0.39  fLog 0.46  pdΔ -0.1015  pkR 17.14  clip 0.02  kl +0.003 align[spf 33.2 e2 0.23 z0 0.02 n=20]
upd  467  steps 15335424  sps 8804  opp rand  loss -0.164  pg +0.0002  v 0.002  ev +0.97  adv_std 0.070  tR +0.36  ent[s/d/p/e] 1.81/2.24/0.78/0.51  emits 1.24  spf 39.2  z0 0.04  garr 46.0  tG 1011  e2 0.19  nF 19.9  pS 0.39  ptS 0.38  fLog 0.45  pdΔ -0.1134  pkR 15.15  clip 0.02  kl +0.003 align[spf 33.2 e2 0.23 z0 0.02 n=20]
upd  468  steps 15368192  sps 8814  opp strn  loss -0.150  pg +0.0010  v 0.002  ev +0.97  adv_std 0.060  tR +0.31  ent[s/d/p/e] 1.60/1.96/0.84/0.51  emits 1.28  spf 28.2  z0 0.02  garr 34.1  tG 450  e2 0.21  nF 20.1  pS 0.34  ptS 0.34  fLog 0.43  pdΔ -0.1634  pkR 24.85  clip 0.02  kl +0.002 align[spf 32.9 e2 0.23 z0 0.02 n=20]
upd  469  steps 15400960  sps 8823  opp strn  loss -0.155  pg +0.0006  v 0.004  ev +0.93  adv_std 0.091  tR -0.20  ent[s/d/p/e] 1.71/2.01/0.85/0.52  emits 1.30  spf 33.9  z0 0.01  garr 44.1  tG 511  e2 0.21  nF 18.7  pS 0.37  ptS 0.37  fLog 0.45  pdΔ -0.1334  pkR 10.53  clip 0.01  kl +0.001 align[spf 32.6 e2 0.23 z0 0.01 n=20]
upd  470  steps 15433728  sps 8832  opp strn  loss -0.159  pg -0.0002  v 0.003  ev +0.94  adv_std 0.078  tR -0.17  ent[s/d/p/e] 1.71/2.06/0.85/0.55  emits 1.33  spf 32.0  z0 0.00  garr 43.9  tG 495  e2 0.23  nF 19.2  pS 0.38  ptS 0.38  fLog 0.45  pdΔ -0.1235  pkR 7.09  clip 0.02  kl +0.003 align[spf 32.8 e2 0.23 z0 0.01 n=20]
upd  471  steps 15466496  sps 8842  opp frzn  loss -0.160  pg +0.0001  v 0.002  ev +0.96  adv_std 0.073  tR +0.04  ent[s/d/p/e] 1.72/2.09/0.84/0.53  emits 1.31  spf 35.2  z0 0.01  garr 45.8  tG 563  e2 0.22  nF 18.8  pS 0.39  ptS 0.39  fLog 0.46  pdΔ -0.1127  pkR 8.58  clip 0.01  kl +0.002 align[spf 33.2 e2 0.23 z0 0.01 n=20]
upd  472  steps 15499264  sps 8852  opp rand  loss -0.154  pg -0.0002  v 0.003  ev +0.96  adv_std 0.079  tR +0.35  ent[s/d/p/e] 1.61/2.06/0.80/0.52  emits 1.26  spf 29.8  z0 0.02  garr 35.8  tG 438  e2 0.20  nF 19.7  pS 0.35  ptS 0.35  fLog 0.43  pdΔ -0.1464  pkR 10.79  clip 0.01  kl +0.002 align[spf 33.2 e2 0.23 z0 0.01 n=20]
upd  473  steps 15532032  sps 8863  opp rand  loss -0.157  pg -0.0000  v 0.002  ev +0.97  adv_std 0.071  tR +0.41  ent[s/d/p/e] 1.65/2.06/0.83/0.54  emits 1.28  spf 28.9  z0 0.02  garr 34.6  tG 454  e2 0.21  nF 19.3  pS 0.38  ptS 0.37  fLog 0.44  pdΔ -0.1238  pkR 13.11  clip 0.03  kl +0.003 align[spf 33.2 e2 0.23 z0 0.01 n=20]
upd  474  steps 15564800  sps 8874  opp rand  loss -0.157  pg +0.0006  v 0.002  ev +0.96  adv_std 0.072  tR +0.52  ent[s/d/p/e] 1.65/2.06/0.84/0.55  emits 1.31  spf 30.7  z0 0.02  garr 36.2  tG 458  e2 0.23  nF 19.6  pS 0.37  ptS 0.36  fLog 0.44  pdΔ -0.1327  pkR 17.63  clip 0.01  kl +0.002 align[spf 33.2 e2 0.23 z0 0.01 n=20]
upd  475  steps 15597568  sps 8883  opp buf  loss -0.174  pg -0.0000  v 0.003  ev +0.97  adv_std 0.079  tR +0.28  ent[s/d/p/e] 1.93/2.26/0.91/0.57  emits 1.28  spf 38.7  z0 0.07  garr 43.7  tG 710  e2 0.24  nF 20.0  pS 0.42  ptS 0.40  fLog 0.47  pdΔ -0.0844  pkR 14.32  clip 0.02  kl +0.003 align[spf 33.2 e2 0.23 z0 0.01 n=20]
upd  476  steps 15630336  sps 8892  opp strn  loss -0.165  pg +0.0004  v 0.002  ev +0.97  adv_std 0.062  tR +0.23  ent[s/d/p/e] 1.77/2.16/0.85/0.57  emits 1.36  spf 31.3  z0 0.03  garr 36.1  tG 702  e2 0.26  nF 21.4  pS 0.35  ptS 0.35  fLog 0.44  pdΔ -0.1476  pkR 16.07  clip 0.03  kl +0.002 align[spf 33.0 e2 0.23 z0 0.01 n=20]
upd  477  steps 15663104  sps 8901  opp strn  loss -0.164  pg +0.0000  v 0.002  ev +0.96  adv_std 0.065  tR +0.02  ent[s/d/p/e] 1.76/2.08/0.88/0.58  emits 1.40  spf 36.2  z0 0.01  garr 46.5  tG 622  e2 0.28  nF 19.5  pS 0.38  ptS 0.38  fLog 0.46  pdΔ -0.1195  pkR 16.86  clip 0.03  kl +0.003 align[spf 33.3 e2 0.23 z0 0.01 n=20]
upd  478  steps 15695872  sps 8910  opp strn  loss -0.153  pg +0.0008  v 0.003  ev +0.94  adv_std 0.083  tR -0.07  ent[s/d/p/e] 1.58/2.03/0.82/0.56  emits 1.34  spf 33.3  z0 0.01  garr 43.2  tG 498  e2 0.23  nF 18.4  pS 0.35  ptS 0.35  fLog 0.44  pdΔ -0.1531  pkR 13.63  clip 0.02  kl +0.003 align[spf 33.1 e2 0.23 z0 0.01 n=20]
upd  479  steps 15728640  sps 8920  opp buf  loss -0.168  pg +0.0004  v 0.003  ev +0.97  adv_std 0.081  tR +0.10  ent[s/d/p/e] 1.77/2.24/0.90/0.57  emits 1.28  spf 34.9  z0 0.06  garr 38.1  tG 623  e2 0.24  nF 19.9  pS 0.37  ptS 0.36  fLog 0.45  pdΔ -0.1296  pkR 16.45  clip 0.02  kl +0.002 align[spf 33.1 e2 0.23 z0 0.01 n=20]
upd  480  steps 15761408  sps 8929  opp strn  loss -0.168  pg +0.0007  v 0.002  ev +0.97  adv_std 0.061  tR +0.27  ent[s/d/p/e] 1.79/2.22/0.87/0.57  emits 1.34  spf 38.4  z0 0.04  garr 43.3  tG 923  e2 0.25  nF 20.3  pS 0.37  ptS 0.37  fLog 0.46  pdΔ -0.1306  pkR 13.69  clip 0.02  kl +0.002 align[spf 33.5 e2 0.23 z0 0.02 n=20]
upd  481  steps 15794176  sps 8939  opp rand  loss -0.162  pg -0.0006  v 0.002  ev +0.97  adv_std 0.069  tR +0.38  ent[s/d/p/e] 1.75/2.09/0.84/0.54  emits 1.32  spf 35.2  z0 0.03  garr 40.9  tG 630  e2 0.24  nF 19.5  pS 0.39  ptS 0.39  fLog 0.46  pdΔ -0.1088  pkR 21.97  clip 0.02  kl +0.003 align[spf 33.5 e2 0.23 z0 0.02 n=20]
upd  482  steps 15826944  sps 8948  opp buf  loss -0.169  pg +0.0002  v 0.002  ev +0.98  adv_std 0.067  tR +0.15  ent[s/d/p/e] 1.80/2.25/0.90/0.55  emits 1.26  spf 34.3  z0 0.07  garr 36.3  tG 650  e2 0.23  nF 21.0  pS 0.36  ptS 0.35  fLog 0.45  pdΔ -0.1376  pkR 14.99  clip 0.02  kl +0.002 align[spf 33.5 e2 0.23 z0 0.02 n=20]
upd  483  steps 15859712  sps 8959  opp rand  loss -0.152  pg +0.0009  v 0.002  ev +0.98  adv_std 0.066  tR +0.01  ent[s/d/p/e] 1.59/2.10/0.78/0.50  emits 1.18  spf 32.2  z0 0.07  garr 34.2  tG 692  e2 0.18  nF 20.1  pS 0.32  ptS 0.32  fLog 0.42  pdΔ -0.1827  pkR 15.47  clip 0.02  kl +0.003 align[spf 33.5 e2 0.23 z0 0.02 n=20]
upd  484  steps 15892480  sps 8969  opp rand  loss -0.151  pg +0.0004  v 0.002  ev +0.97  adv_std 0.068  tR +0.13  ent[s/d/p/e] 1.55/2.02/0.82/0.52  emits 1.22  spf 28.9  z0 0.06  garr 31.7  tG 466  e2 0.20  nF 19.1  pS 0.33  ptS 0.32  fLog 0.43  pdΔ -0.1705  pkR 25.87  clip 0.02  kl +0.002 align[spf 33.5 e2 0.23 z0 0.02 n=20]
upd  485  steps 15925248  sps 8978  opp frzn  loss -0.154  pg +0.0005  v 0.002  ev +0.96  adv_std 0.065  tR +0.11  ent[s/d/p/e] 1.63/1.98/0.87/0.54  emits 1.30  spf 31.4  z0 0.02  garr 37.3  tG 437  e2 0.23  nF 19.3  pS 0.35  ptS 0.35  fLog 0.45  pdΔ -0.1495  pkR 12.40  clip 0.01  kl +0.001 align[spf 33.4 e2 0.23 z0 0.02 n=20]
upd  486  steps 15958016  sps 8989  opp rand  loss -0.154  pg +0.0004  v 0.002  ev +0.97  adv_std 0.072  tR +0.27  ent[s/d/p/e] 1.66/2.01/0.82/0.53  emits 1.27  spf 32.1  z0 0.02  garr 38.2  tG 476  e2 0.22  nF 18.6  pS 0.37  ptS 0.36  fLog 0.45  pdΔ -0.1299  pkR 11.62  clip 0.02  kl +0.002 align[spf 33.4 e2 0.23 z0 0.02 n=20]
upd  487  steps 15990784  sps 8999  opp rand  loss -0.152  pg +0.0011  v 0.002  ev +0.96  adv_std 0.068  tR +0.36  ent[s/d/p/e] 1.56/2.04/0.82/0.54  emits 1.26  spf 28.4  z0 0.03  garr 32.9  tG 400  e2 0.21  nF 19.5  pS 0.34  ptS 0.34  fLog 0.43  pdΔ -0.1559  pkR 13.36  clip 0.01  kl +0.001 align[spf 33.4 e2 0.23 z0 0.02 n=20]
upd  488  steps 16023552  sps 9010  opp rand  loss -0.152  pg +0.0013  v 0.003  ev +0.96  adv_std 0.080  tR +0.46  ent[s/d/p/e] 1.64/2.01/0.81/0.52  emits 1.28  spf 30.6  z0 0.02  garr 37.6  tG 488  e2 0.22  nF 18.1  pS 0.38  ptS 0.37  fLog 0.44  pdΔ -0.1201  pkR 10.92  clip 0.02  kl +0.002 align[spf 33.4 e2 0.23 z0 0.02 n=20]
upd  489  steps 16056320  sps 9019  opp frzn  loss -0.153  pg +0.0006  v 0.002  ev +0.96  adv_std 0.061  tR +0.35  ent[s/d/p/e] 1.60/1.98/0.84/0.55  emits 1.32  spf 27.2  z0 0.02  garr 33.9  tG 378  e2 0.24  nF 20.0  pS 0.34  ptS 0.33  fLog 0.43  pdΔ -0.1636  pkR 12.27  clip 0.01  kl +0.002 align[spf 33.1 e2 0.23 z0 0.02 n=20]
upd  490  steps 16089088  sps 9027  opp buf  loss -0.171  pg +0.0002  v 0.003  ev +0.97  adv_std 0.082  tR +0.09  ent[s/d/p/e] 1.90/2.23/0.92/0.54  emits 1.26  spf 37.3  z0 0.07  garr 44.0  tG 716  e2 0.23  nF 20.9  pS 0.40  ptS 0.39  fLog 0.46  pdΔ -0.1021  pkR 20.31  clip 0.02  kl +0.003 align[spf 33.1 e2 0.23 z0 0.02 n=20]
upd  491  steps 16121856  sps 9036  opp strn  loss -0.163  pg -0.0004  v 0.001  ev +0.98  adv_std 0.055  tR +0.10  ent[s/d/p/e] 1.71/2.17/0.85/0.54  emits 1.27  spf 32.8  z0 0.05  garr 38.4  tG 810  e2 0.22  nF 22.3  pS 0.34  ptS 0.34  fLog 0.43  pdΔ -0.1599  pkR 18.00  clip 0.02  kl +0.002 align[spf 32.9 e2 0.23 z0 0.02 n=20]
upd  492  steps 16154624  sps 9045  opp buf  loss -0.174  pg +0.0007  v 0.002  ev +0.98  adv_std 0.060  tR -0.15  ent[s/d/p/e] 1.93/2.25/0.92/0.55  emits 1.24  spf 36.7  z0 0.09  garr 39.6  tG 728  e2 0.23  nF 20.5  pS 0.39  ptS 0.38  fLog 0.46  pdΔ -0.1075  pkR 14.81  clip 0.02  kl +0.002 align[spf 32.9 e2 0.23 z0 0.02 n=20]
upd  493  steps 16187392  sps 9054  opp frzn  loss -0.162  pg +0.0004  v 0.002  ev +0.97  adv_std 0.067  tR +0.50  ent[s/d/p/e] 1.73/2.19/0.83/0.53  emits 1.30  spf 34.2  z0 0.02  garr 40.5  tG 889  e2 0.22  nF 21.0  pS 0.36  ptS 0.36  fLog 0.44  pdΔ -0.1355  pkR 14.94  clip 0.01  kl +0.002 align[spf 33.2 e2 0.23 z0 0.02 n=20]
upd  494  steps 16220160  sps 9064  opp rand  loss -0.160  pg +0.0005  v 0.002  ev +0.97  adv_std 0.068  tR +0.36  ent[s/d/p/e] 1.73/2.10/0.82/0.55  emits 1.29  spf 30.3  z0 0.03  garr 36.2  tG 529  e2 0.23  nF 20.0  pS 0.38  ptS 0.37  fLog 0.44  pdΔ -0.1183  pkR 20.09  clip 0.01  kl +0.001 align[spf 33.2 e2 0.23 z0 0.02 n=20]
upd  495  steps 16252928  sps 9075  opp rand  loss -0.148  pg +0.0008  v 0.002  ev +0.97  adv_std 0.067  tR +0.35  ent[s/d/p/e] 1.52/1.94/0.82/0.54  emits 1.31  spf 24.4  z0 0.02  garr 28.0  tG 330  e2 0.23  nF 21.1  pS 0.32  ptS 0.32  fLog 0.42  pdΔ -0.1770  pkR 15.14  clip 0.01  kl +0.001 align[spf 33.2 e2 0.23 z0 0.02 n=20]
upd  496  steps 16285696  sps 9083  opp strn  loss -0.163  pg +0.0003  v 0.002  ev +0.96  adv_std 0.071  tR +0.40  ent[s/d/p/e] 1.74/2.06/0.91/0.57  emits 1.36  spf 33.0  z0 0.01  garr 41.7  tG 533  e2 0.26  nF 20.3  pS 0.40  ptS 0.39  fLog 0.45  pdΔ -0.0995  pkR 9.01  clip 0.02  kl +0.003 align[spf 33.0 e2 0.23 z0 0.02 n=20]
upd  497  steps 16318464  sps 9092  opp strn  loss -0.161  pg +0.0010  v 0.002  ev +0.96  adv_std 0.063  tR +0.11  ent[s/d/p/e] 1.75/2.04/0.90/0.55  emits 1.33  spf 34.9  z0 0.00  garr 48.1  tG 582  e2 0.24  nF 19.5  pS 0.39  ptS 0.39  fLog 0.45  pdΔ -0.1119  pkR 10.43  clip 0.02  kl +0.003 align[spf 33.0 e2 0.23 z0 0.02 n=20]
upd  498  steps 16351232  sps 9101  opp frzn  loss -0.155  pg +0.0006  v 0.003  ev +0.95  adv_std 0.072  tR -0.12  ent[s/d/p/e] 1.67/2.00/0.88/0.52  emits 1.30  spf 31.7  z0 0.00  garr 44.3  tG 498  e2 0.22  nF 19.6  pS 0.36  ptS 0.36  fLog 0.44  pdΔ -0.1391  pkR 10.26  clip 0.02  kl +0.003 align[spf 32.9 e2 0.23 z0 0.02 n=20]
[eval_vs_v20] u499 tag=train_u499  bin0=0.0%  spf=7.38  garr=58.69  flip=4.79%  z0=0.6%  e8=0.0%  e2+=0.4%  WLD=0/3/0
upd  499  steps 16384000  sps 9110  opp buf  loss -0.169  pg -0.0001  v 0.003  ev +0.96  adv_std 0.087  tR +0.25  ent[s/d/p/e] 1.87/2.20/0.91/0.52  emits 1.27  spf 35.1  z0 0.05  garr 43.9  tG 695  e2 0.23  nF 20.7  pS 0.40  ptS 0.39  fLog 0.46  pdΔ -0.1043  pkR 22.57  clip 0.02  kl +0.002 align[spf 32.9 e2 0.23 z0 0.02 n=20] WRr 0.84 WRf 0.53 v20[spf 7.4 flip 4.8% e2+ 0.4%]
[ckpt] saved ./ckpt_multi_action_v11_f44_align/ckpt_000499.pkl opp=buf WARN opp=buf (prefer strn/frzn for replay-aligned ckpt; see .meta.json)
final eval win_rate vs random: 0.844
