[reward] kaggle-aligned: terminal +1 win/+1 tie>0/-1 loss/-1 double-wipeout; is_terminal at step >= episode_steps-2; SHAPING_SCALE=0.0; v1: KEEP_HOME=0.0 FLEET_SIZE=0.0/norm20.0; v2 (expert-replay calibrated): PROD_SHARE=0.0 PLANET_SHARE=0.005 FLEET_LOG=0.0/ref500.0/floor0.3; v3 (top10-2630ep calibrated): PROD_SHARE_DELTA=1.0 EMIT_LOG=0.0 EMIT_GATED=0.0 RELEASE=0.05/K20.0 CAPTURE=0.02; episode_steps=500 (kaggle=500, mismatch=False)
[buffer-curriculum] buffer_path=data/v20_states_200g.npz buffer_reset_ratio=0.5
[resume] loaded params from ckpt_multi_action_v11_k8_4k/ckpt_003199.pkl (step=3199)
[buffer-curriculum] loaded 56888 states from data/v20_states_200g.npz
upd    0  steps   32768  sps 663  opp buf  loss +0.090  pg -0.0040  v 0.473  ev +0.99  adv_std 1.004  tR +0.00  ent[s/d/p/e] 0.17/0.09/0.16/0.04  emits 5.04  spf 97.1  z0 0.00  garr 209.4  tG 718  e2 0.62  nF 11.0  pS 0.17  ptS 0.16  fLog 0.64  pdΔ -0.3330  pkR 7.58  clip 0.08  kl +0.004
upd    1  steps   65536  sps 1199  opp buf  loss +0.033  pg +0.0019  v 0.160  ev +1.00  adv_std 0.576  tR -0.07  ent[s/d/p/e] 0.32/0.05/0.12/0.01  emits 6.98  spf 268.3  z0 0.00  garr 702.1  tG 2586  e2 0.87  nF 5.6  pS 0.22  ptS 0.20  fLog 0.83  pdΔ -0.2827  pkR 4.84  clip 0.16  kl +0.016
upd    2  steps   98304  sps 1642  opp buf  loss +0.129  pg +0.0063  v 0.624  ev +0.99  adv_std 1.170  tR +0.20  ent[s/d/p/e] 0.51/0.35/0.18/0.04  emits 5.85  spf 113.2  z0 0.01  garr 218.8  tG 1366  e2 0.74  nF 27.8  pS 0.26  ptS 0.25  fLog 0.61  pdΔ -0.2361  pkR 10.15  clip 0.31  kl +0.029
upd    3  steps  131072  sps 2015  opp buf  loss +0.063  pg +0.0040  v 0.303  ev +0.99  adv_std 0.831  tR -0.02  ent[s/d/p/e] 0.51/0.14/0.19/0.02  emits 6.68  spf 333.3  z0 0.01  garr 574.8  tG 3686  e2 0.84  nF 18.9  pS 0.30  ptS 0.29  fLog 0.80  pdΔ -0.1965  pkR 7.30  clip 0.25  kl +0.028
upd    4  steps  163840  sps 2331  opp buf  loss +0.089  pg +0.0026  v 0.442  ev +0.99  adv_std 0.983  tR +0.00  ent[s/d/p/e] 0.53/0.30/0.18/0.03  emits 6.44  spf 127.4  z0 0.01  garr 254.3  tG 1619  e2 0.81  nF 28.7  pS 0.29  ptS 0.27  fLog 0.63  pdΔ -0.2107  pkR 11.72  clip 0.28  kl +0.022
upd    5  steps  196608  sps 2605  opp buf  loss +0.060  pg +0.0032  v 0.295  ev +0.99  adv_std 0.814  tR +0.30  ent[s/d/p/e] 0.49/0.12/0.20/0.01  emits 6.97  spf 314.2  z0 0.00  garr 567.6  tG 3632  e2 0.87  nF 17.1  pS 0.31  ptS 0.29  fLog 0.80  pdΔ -0.1947  pkR 10.00  clip 0.24  kl +0.021
upd    6  steps  229376  sps 2842  opp buf  loss +0.114  pg +0.0006  v 0.578  ev +0.99  adv_std 1.123  tR +0.00  ent[s/d/p/e] 0.49/0.31/0.21/0.04  emits 6.36  spf 123.5  z0 0.01  garr 268.9  tG 1526  e2 0.82  nF 27.2  pS 0.26  ptS 0.24  fLog 0.64  pdΔ -0.2376  pkR 8.86  clip 0.28  kl +0.025
upd    7  steps  262144  sps 3051  opp buf  loss +0.060  pg +0.0050  v 0.283  ev +0.99  adv_std 0.795  tR -0.01  ent[s/d/p/e] 0.52/0.19/0.21/0.02  emits 6.99  spf 256.1  z0 0.00  garr 512.8  tG 3076  e2 0.88  nF 21.2  pS 0.29  ptS 0.27  fLog 0.76  pdΔ -0.2105  pkR 6.95  clip 0.27  kl +0.030
upd    8  steps  294912  sps 3236  opp buf  loss +0.091  pg +0.0029  v 0.449  ev +0.99  adv_std 0.992  tR +0.24  ent[s/d/p/e] 0.51/0.32/0.18/0.03  emits 6.60  spf 153.5  z0 0.00  garr 287.1  tG 2164  e2 0.84  nF 28.4  pS 0.32  ptS 0.31  fLog 0.66  pdΔ -0.1770  pkR 6.57  clip 0.29  kl +0.024
upd    9  steps  327680  sps 3401  opp buf  loss +0.054  pg +0.0023  v 0.270  ev +0.99  adv_std 0.781  tR +0.25  ent[s/d/p/e] 0.51/0.18/0.22/0.03  emits 6.43  spf 334.8  z0 0.01  garr 473.6  tG 3883  e2 0.81  nF 19.6  pS 0.32  ptS 0.31  fLog 0.77  pdΔ -0.1801  pkR 6.58  clip 0.26  kl +0.031
upd   10  steps  360448  sps 3549  opp buf  loss +0.092  pg +0.0051  v 0.445  ev +0.99  adv_std 0.990  tR +0.03  ent[s/d/p/e] 0.50/0.30/0.21/0.03  emits 6.77  spf 134.3  z0 0.01  garr 302.4  tG 1697  e2 0.85  nF 30.9  pS 0.28  ptS 0.26  fLog 0.64  pdΔ -0.2227  pkR 14.48  clip 0.29  kl +0.027
upd   11  steps  393216  sps 3683  opp buf  loss +0.064  pg +0.0028  v 0.316  ev +0.99  adv_std 0.832  tR -0.01  ent[s/d/p/e] 0.53/0.18/0.21/0.03  emits 6.57  spf 253.4  z0 0.01  garr 486.8  tG 2836  e2 0.83  nF 21.2  pS 0.28  ptS 0.26  fLog 0.75  pdΔ -0.2217  pkR 7.09  clip 0.26  kl +0.034
upd   12  steps  425984  sps 3804  opp buf  loss +0.069  pg +0.0042  v 0.333  ev +0.99  adv_std 0.860  tR -0.03  ent[s/d/p/e] 0.48/0.26/0.19/0.03  emits 6.49  spf 155.1  z0 0.00  garr 351.3  tG 1817  e2 0.83  nF 27.2  pS 0.26  ptS 0.24  fLog 0.67  pdΔ -0.2426  pkR 10.45  clip 0.27  kl +0.025
upd   13  steps  458752  sps 3914  opp buf  loss +0.056  pg +0.0040  v 0.272  ev +0.99  adv_std 0.771  tR +0.01  ent[s/d/p/e] 0.56/0.26/0.21/0.03  emits 6.39  spf 250.2  z0 0.00  garr 475.0  tG 2687  e2 0.81  nF 22.7  pS 0.27  ptS 0.25  fLog 0.73  pdΔ -0.2289  pkR 7.62  clip 0.26  kl +0.024
upd   14  steps  491520  sps 4015  opp buf  loss +0.083  pg +0.0065  v 0.393  ev +0.99  adv_std 0.935  tR +0.00  ent[s/d/p/e] 0.51/0.25/0.17/0.02  emits 6.85  spf 174.9  z0 0.00  garr 335.9  tG 2305  e2 0.87  nF 27.9  pS 0.32  ptS 0.31  fLog 0.69  pdΔ -0.1819  pkR 6.91  clip 0.28  kl +0.029
upd   15  steps  524288  sps 4107  opp buf  loss +0.055  pg +0.0033  v 0.267  ev +0.99  adv_std 0.766  tR +0.36  ent[s/d/p/e] 0.56/0.19/0.21/0.02  emits 6.45  spf 289.6  z0 0.01  garr 453.5  tG 3260  e2 0.81  nF 22.5  pS 0.31  ptS 0.30  fLog 0.75  pdΔ -0.1910  pkR 6.78  clip 0.26  kl +0.023
upd   16  steps  557056  sps 4192  opp buf  loss +0.077  pg +0.0033  v 0.379  ev +0.99  adv_std 0.911  tR +0.17  ent[s/d/p/e] 0.44/0.19/0.17/0.02  emits 6.77  spf 183.8  z0 0.01  garr 370.7  tG 2293  e2 0.86  nF 22.8  pS 0.29  ptS 0.28  fLog 0.71  pdΔ -0.2070  pkR 8.71  clip 0.24  kl +0.023
upd   17  steps  589824  sps 4271  opp buf  loss +0.066  pg +0.0034  v 0.324  ev +0.99  adv_std 0.843  tR +0.05  ent[s/d/p/e] 0.55/0.22/0.21/0.02  emits 6.64  spf 263.9  z0 0.00  garr 449.6  tG 3099  e2 0.84  nF 23.0  pS 0.31  ptS 0.29  fLog 0.74  pdΔ -0.1929  pkR 7.69  clip 0.27  kl +0.026
upd   18  steps  622592  sps 4344  opp buf  loss +0.089  pg +0.0038  v 0.432  ev +0.99  adv_std 0.970  tR +0.09  ent[s/d/p/e] 0.45/0.21/0.18/0.03  emits 6.52  spf 208.6  z0 0.01  garr 354.1  tG 2507  e2 0.82  nF 24.8  pS 0.30  ptS 0.29  fLog 0.70  pdΔ -0.1966  pkR 9.13  clip 0.27  kl +0.024
upd   19  steps  655360  sps 4412  opp buf  loss +0.066  pg +0.0053  v 0.312  ev +0.99  adv_std 0.827  tR +0.04  ent[s/d/p/e] 0.56/0.24/0.22/0.03  emits 6.30  spf 236.2  z0 0.01  garr 408.8  tG 2616  e2 0.79  nF 25.4  pS 0.30  ptS 0.28  fLog 0.71  pdΔ -0.2007  pkR 8.71  clip 0.28  kl +0.026
upd   20  steps  688128  sps 4476  opp buf  loss +0.045  pg +0.0041  v 0.215  ev +1.00  adv_std 0.698  tR +0.12  ent[s/d/p/e] 0.51/0.20/0.18/0.02  emits 6.91  spf 196.7  z0 0.00  garr 372.9  tG 2528  e2 0.86  nF 27.1  pS 0.33  ptS 0.31  fLog 0.72  pdΔ -0.1703  pkR 6.07  clip 0.25  kl +0.026
upd   21  steps  720896  sps 4535  opp buf  loss +0.067  pg +0.0025  v 0.332  ev +0.99  adv_std 0.854  tR +0.06  ent[s/d/p/e] 0.54/0.19/0.22/0.03  emits 6.47  spf 245.6  z0 0.01  garr 406.2  tG 2795  e2 0.82  nF 24.3  pS 0.31  ptS 0.29  fLog 0.72  pdΔ -0.1930  pkR 7.33  clip 0.26  kl +0.027
upd   22  steps  753664  sps 4590  opp buf  loss +0.062  pg +0.0055  v 0.292  ev +0.99  adv_std 0.800  tR +0.51  ent[s/d/p/e] 0.41/0.15/0.18/0.02  emits 6.82  spf 212.2  z0 0.01  garr 416.3  tG 2560  e2 0.86  nF 21.5  pS 0.28  ptS 0.27  fLog 0.74  pdΔ -0.2154  pkR 8.38  clip 0.23  kl +0.023
upd   23  steps  786432  sps 4642  opp buf  loss +0.060  pg +0.0025  v 0.297  ev +0.99  adv_std 0.807  tR +0.01  ent[s/d/p/e] 0.52/0.21/0.23/0.03  emits 6.45  spf 242.0  z0 0.01  garr 438.5  tG 2623  e2 0.81  nF 23.8  pS 0.27  ptS 0.25  fLog 0.72  pdΔ -0.2333  pkR 8.75  clip 0.25  kl +0.024
upd   24  steps  819200  sps 4691  opp buf  loss +0.078  pg +0.0019  v 0.393  ev +0.99  adv_std 0.921  tR -0.10  ent[s/d/p/e] 0.56/0.26/0.19/0.02  emits 6.61  spf 183.2  z0 0.00  garr 369.0  tG 2236  e2 0.82  nF 28.2  pS 0.30  ptS 0.29  fLog 0.70  pdΔ -0.2003  pkR 10.16  clip 0.26  kl +0.024
upd   25  steps  851968  sps 4737  opp buf  loss +0.065  pg +0.0033  v 0.322  ev +0.99  adv_std 0.846  tR -0.13  ent[s/d/p/e] 0.61/0.31/0.21/0.02  emits 6.54  spf 210.4  z0 0.00  garr 365.1  tG 2516  e2 0.82  nF 28.9  pS 0.32  ptS 0.30  fLog 0.67  pdΔ -0.1843  pkR 10.82  clip 0.28  kl +0.028
upd   26  steps  884736  sps 4781  opp buf  loss +0.070  pg +0.0080  v 0.318  ev +0.99  adv_std 0.832  tR -0.06  ent[s/d/p/e] 0.47/0.21/0.18/0.02  emits 6.92  spf 211.1  z0 0.00  garr 424.7  tG 2575  e2 0.88  nF 24.6  pS 0.31  ptS 0.30  fLog 0.72  pdΔ -0.1854  pkR 9.78  clip 0.26  kl +0.031
upd   27  steps  917504  sps 4822  opp buf  loss +0.075  pg +0.0010  v 0.383  ev +0.99  adv_std 0.916  tR +0.01  ent[s/d/p/e] 0.53/0.26/0.24/0.04  emits 6.40  spf 214.2  z0 0.01  garr 366.5  tG 2399  e2 0.81  nF 26.0  pS 0.28  ptS 0.26  fLog 0.69  pdΔ -0.2249  pkR 9.69  clip 0.27  kl +0.023
upd   28  steps  950272  sps 4861  opp buf  loss +0.049  pg +0.0068  v 0.219  ev +1.00  adv_std 0.697  tR -0.39  ent[s/d/p/e] 0.49/0.23/0.17/0.03  emits 7.02  spf 207.9  z0 0.00  garr 400.0  tG 2564  e2 0.89  nF 27.1  pS 0.29  ptS 0.28  fLog 0.71  pdΔ -0.2068  pkR 9.44  clip 0.25  kl +0.026
upd   29  steps  983040  sps 4897  opp buf  loss +0.056  pg +0.0024  v 0.281  ev +0.99  adv_std 0.789  tR +0.06  ent[s/d/p/e] 0.57/0.28/0.21/0.03  emits 6.84  spf 217.9  z0 0.01  garr 403.9  tG 2604  e2 0.86  nF 27.9  pS 0.29  ptS 0.27  fLog 0.68  pdΔ -0.2083  pkR 12.47  clip 0.26  kl +0.018
upd   30  steps 1015808  sps 4932  opp buf  loss +0.038  pg +0.0016  v 0.192  ev +1.00  adv_std 0.658  tR -0.21  ent[s/d/p/e] 0.50/0.20/0.19/0.02  emits 7.08  spf 249.2  z0 0.01  garr 492.0  tG 3172  e2 0.89  nF 23.8  pS 0.30  ptS 0.29  fLog 0.75  pdΔ -0.1951  pkR 6.90  clip 0.23  kl +0.025
upd   31  steps 1048576  sps 4966  opp buf  loss +0.086  pg +0.0043  v 0.419  ev +0.99  adv_std 0.955  tR -0.03  ent[s/d/p/e] 0.51/0.27/0.26/0.03  emits 6.46  spf 216.1  z0 0.01  garr 365.1  tG 2471  e2 0.82  nF 26.1  pS 0.29  ptS 0.27  fLog 0.67  pdΔ -0.2149  pkR 11.94  clip 0.27  kl +0.032
upd   32  steps 1081344  sps 4997  opp buf  loss +0.043  pg +0.0046  v 0.201  ev +1.00  adv_std 0.665  tR -0.18  ent[s/d/p/e] 0.42/0.15/0.17/0.02  emits 6.78  spf 228.5  z0 0.00  garr 408.1  tG 2656  e2 0.84  nF 22.6  pS 0.30  ptS 0.28  fLog 0.74  pdΔ -0.2012  pkR 6.35  clip 0.22  kl +0.016
upd   33  steps 1114112  sps 5027  opp buf  loss +0.079  pg +0.0032  v 0.386  ev +0.99  adv_std 0.922  tR -0.04  ent[s/d/p/e] 0.46/0.22/0.22/0.03  emits 6.35  spf 203.3  z0 0.00  garr 365.2  tG 2202  e2 0.80  nF 23.6  pS 0.27  ptS 0.25  fLog 0.69  pdΔ -0.2322  pkR 12.46  clip 0.25  kl +0.023
upd   34  steps 1146880  sps 5056  opp buf  loss +0.082  pg +0.0047  v 0.395  ev +0.99  adv_std 0.919  tR +0.10  ent[s/d/p/e] 0.50/0.21/0.19/0.02  emits 6.75  spf 213.7  z0 0.00  garr 401.1  tG 2523  e2 0.84  nF 26.8  pS 0.29  ptS 0.28  fLog 0.71  pdΔ -0.2065  pkR 11.39  clip 0.26  kl +0.025
upd   35  steps 1179648  sps 5084  opp buf  loss +0.074  pg +0.0038  v 0.363  ev +0.99  adv_std 0.887  tR -0.10  ent[s/d/p/e] 0.52/0.24/0.22/0.03  emits 6.42  spf 189.7  z0 0.01  garr 337.4  tG 2249  e2 0.81  nF 25.9  pS 0.30  ptS 0.28  fLog 0.68  pdΔ -0.2021  pkR 13.94  clip 0.26  kl +0.023
upd   36  steps 1212416  sps 5110  opp buf  loss +0.047  pg +0.0061  v 0.216  ev +1.00  adv_std 0.687  tR +0.03  ent[s/d/p/e] 0.48/0.17/0.19/0.02  emits 7.16  spf 259.7  z0 0.00  garr 479.7  tG 3275  e2 0.90  nF 21.9  pS 0.33  ptS 0.31  fLog 0.76  pdΔ -0.1746  pkR 6.95  clip 0.23  kl +0.025
upd   37  steps 1245184  sps 5135  opp buf  loss +0.085  pg +0.0030  v 0.419  ev +0.99  adv_std 0.952  tR +0.15  ent[s/d/p/e] 0.46/0.22/0.25/0.03  emits 6.47  spf 210.5  z0 0.01  garr 373.4  tG 2404  e2 0.81  nF 24.0  pS 0.27  ptS 0.25  fLog 0.69  pdΔ -0.2310  pkR 8.06  clip 0.26  kl +0.025
upd   38  steps 1277952  sps 5159  opp buf  loss +0.047  pg +0.0005  v 0.242  ev +1.00  adv_std 0.730  tR -0.26  ent[s/d/p/e] 0.49/0.21/0.19/0.03  emits 6.61  spf 215.4  z0 0.01  garr 455.1  tG 2432  e2 0.83  nF 24.1  pS 0.28  ptS 0.26  fLog 0.72  pdΔ -0.2214  pkR 7.60  clip 0.24  kl +0.020
upd   39  steps 1310720  sps 5182  opp buf  loss +0.063  pg +0.0034  v 0.306  ev +0.99  adv_std 0.820  tR +0.01  ent[s/d/p/e] 0.53/0.25/0.21/0.03  emits 6.67  spf 183.7  z0 0.00  garr 341.9  tG 2262  e2 0.84  nF 28.2  pS 0.30  ptS 0.28  fLog 0.67  pdΔ -0.1990  pkR 8.85  clip 0.26  kl +0.021
upd   40  steps 1343488  sps 5204  opp buf  loss +0.048  pg +0.0038  v 0.229  ev +1.00  adv_std 0.711  tR +0.04  ent[s/d/p/e] 0.47/0.16/0.20/0.02  emits 7.02  spf 237.5  z0 0.01  garr 468.2  tG 2801  e2 0.87  nF 22.5  pS 0.29  ptS 0.27  fLog 0.74  pdΔ -0.2106  pkR 7.51  clip 0.24  kl +0.031
upd   41  steps 1376256  sps 5226  opp buf  loss +0.069  pg +0.0038  v 0.335  ev +0.99  adv_std 0.855  tR -0.10  ent[s/d/p/e] 0.54/0.27/0.21/0.03  emits 6.73  spf 181.5  z0 0.00  garr 357.6  tG 2161  e2 0.84  nF 29.1  pS 0.29  ptS 0.27  fLog 0.68  pdΔ -0.2103  pkR 10.86  clip 0.26  kl +0.023
upd   42  steps 1409024  sps 5246  opp buf  loss +0.046  pg +0.0015  v 0.233  ev +1.00  adv_std 0.715  tR +0.24  ent[s/d/p/e] 0.49/0.18/0.20/0.02  emits 7.03  spf 253.3  z0 0.00  garr 414.1  tG 3122  e2 0.88  nF 23.7  pS 0.32  ptS 0.31  fLog 0.75  pdΔ -0.1763  pkR 6.56  clip 0.24  kl +0.016
upd   43  steps 1441792  sps 5266  opp buf  loss +0.042  pg +0.0035  v 0.202  ev +1.00  adv_std 0.674  tR -0.08  ent[s/d/p/e] 0.50/0.21/0.19/0.02  emits 7.05  spf 230.1  z0 0.01  garr 400.7  tG 2818  e2 0.88  nF 25.5  pS 0.31  ptS 0.29  fLog 0.72  pdΔ -0.1875  pkR 8.92  clip 0.25  kl +0.025
upd   44  steps 1474560  sps 5285  opp buf  loss +0.056  pg +0.0013  v 0.285  ev +0.99  adv_std 0.785  tR +0.11  ent[s/d/p/e] 0.49/0.16/0.20/0.02  emits 7.05  spf 289.6  z0 0.00  garr 520.3  tG 3458  e2 0.88  nF 21.5  pS 0.32  ptS 0.30  fLog 0.77  pdΔ -0.1832  pkR 6.66  clip 0.23  kl +0.022
upd   45  steps 1507328  sps 5303  opp buf  loss +0.073  pg +0.0023  v 0.362  ev +0.99  adv_std 0.891  tR -0.01  ent[s/d/p/e] 0.53/0.29/0.22/0.03  emits 6.69  spf 198.6  z0 0.00  garr 370.5  tG 2435  e2 0.84  nF 28.6  pS 0.30  ptS 0.29  fLog 0.68  pdΔ -0.1969  pkR 8.16  clip 0.27  kl +0.031
upd   46  steps 1540096  sps 5320  opp buf  loss +0.056  pg +0.0063  v 0.259  ev +1.00  adv_std 0.751  tR +0.16  ent[s/d/p/e] 0.49/0.23/0.18/0.02  emits 6.80  spf 241.2  z0 0.00  garr 430.8  tG 2955  e2 0.85  nF 25.9  pS 0.33  ptS 0.31  fLog 0.73  pdΔ -0.1725  pkR 7.69  clip 0.26  kl +0.028
upd   47  steps 1572864  sps 5337  opp buf  loss +0.072  pg +0.0040  v 0.350  ev +0.99  adv_std 0.873  tR +0.00  ent[s/d/p/e] 0.46/0.23/0.20/0.03  emits 6.75  spf 213.1  z0 0.00  garr 377.2  tG 2590  e2 0.85  nF 24.4  pS 0.31  ptS 0.29  fLog 0.71  pdΔ -0.1921  pkR 10.34  clip 0.25  kl +0.022
upd   48  steps 1605632  sps 5354  opp buf  loss +0.059  pg +0.0033  v 0.287  ev +0.99  adv_std 0.787  tR +0.10  ent[s/d/p/e] 0.45/0.17/0.20/0.02  emits 6.87  spf 273.7  z0 0.01  garr 442.2  tG 3137  e2 0.86  nF 20.3  pS 0.31  ptS 0.29  fLog 0.76  pdΔ -0.1903  pkR 9.18  clip 0.22  kl +0.025
upd   49  steps 1638400  sps 5370  opp buf  loss +0.064  pg +0.0014  v 0.325  ev +0.99  adv_std 0.847  tR -0.01  ent[s/d/p/e] 0.52/0.24/0.20/0.03  emits 6.68  spf 204.9  z0 0.00  garr 349.6  tG 2521  e2 0.84  nF 26.8  pS 0.33  ptS 0.31  fLog 0.69  pdΔ -0.1680  pkR 7.97  clip 0.27  kl +0.024 WRr 0.97 WRf 0.94
upd   50  steps 1671168  sps 5072  opp buf  loss +0.049  pg +0.0018  v 0.246  ev +1.00  adv_std 0.736  tR -0.01  ent[s/d/p/e] 0.48/0.17/0.19/0.02  emits 6.86  spf 298.8  z0 0.01  garr 441.0  tG 3538  e2 0.87  nF 21.2  pS 0.34  ptS 0.32  fLog 0.76  pdΔ -0.1582  pkR 9.18  clip 0.23  kl +0.020
upd   51  steps 1703936  sps 5091  opp buf  loss +0.066  pg +0.0063  v 0.310  ev +0.99  adv_std 0.819  tR +0.14  ent[s/d/p/e] 0.49/0.24/0.21/0.03  emits 6.49  spf 216.6  z0 0.00  garr 360.5  tG 2459  e2 0.81  nF 25.7  pS 0.31  ptS 0.29  fLog 0.71  pdΔ -0.1884  pkR 7.92  clip 0.26  kl +0.033
upd   52  steps 1736704  sps 5109  opp buf  loss +0.062  pg +0.0019  v 0.312  ev +0.99  adv_std 0.822  tR +0.13  ent[s/d/p/e] 0.54/0.22/0.23/0.03  emits 6.91  spf 251.8  z0 0.00  garr 428.1  tG 3017  e2 0.87  nF 24.5  pS 0.34  ptS 0.31  fLog 0.74  pdΔ -0.1625  pkR 7.76  clip 0.25  kl +0.021
upd   53  steps 1769472  sps 5127  opp buf  loss +0.067  pg +0.0063  v 0.313  ev +0.99  adv_std 0.827  tR +0.02  ent[s/d/p/e] 0.51/0.27/0.20/0.02  emits 6.89  spf 221.1  z0 0.00  garr 374.0  tG 2845  e2 0.87  nF 27.3  pS 0.34  ptS 0.32  fLog 0.71  pdΔ -0.1568  pkR 6.48  clip 0.26  kl +0.027
upd   54  steps 1802240  sps 4999  opp frzn  loss +0.057  pg +0.0018  v 0.286  ev +0.99  adv_std 0.792  tR +0.23  ent[s/d/p/e] 0.47/0.16/0.20/0.02  emits 6.67  spf 329.5  z0 0.00  garr 469.1  tG 3811  e2 0.83  nF 20.9  pS 0.34  ptS 0.32  fLog 0.77  pdΔ -0.1619  pkR 6.84  clip 0.22  kl +0.024
upd   55  steps 1835008  sps 5017  opp buf  loss +0.093  pg +0.0035  v 0.457  ev +0.99  adv_std 0.993  tR +0.26  ent[s/d/p/e] 0.43/0.17/0.18/0.02  emits 6.39  spf 210.0  z0 0.00  garr 379.3  tG 2199  e2 0.79  nF 21.2  pS 0.29  ptS 0.27  fLog 0.72  pdΔ -0.2095  pkR 10.20  clip 0.24  kl +0.023
upd   56  steps 1867776  sps 5035  opp frzn  loss +0.060  pg +0.0019  v 0.298  ev +0.99  adv_std 0.806  tR +0.20  ent[s/d/p/e] 0.39/0.13/0.17/0.02  emits 6.46  spf 254.0  z0 0.00  garr 490.8  tG 2552  e2 0.81  nF 15.6  pS 0.27  ptS 0.25  fLog 0.75  pdΔ -0.2346  pkR 8.58  clip 0.21  kl +0.025
upd   57  steps 1900544  sps 5052  opp buf  loss +0.066  pg +0.0039  v 0.320  ev +0.99  adv_std 0.833  tR +0.08  ent[s/d/p/e] 0.38/0.17/0.18/0.02  emits 6.44  spf 213.9  z0 0.00  garr 437.1  tG 2108  e2 0.80  nF 16.6  pS 0.25  ptS 0.24  fLog 0.73  pdΔ -0.2457  pkR 9.51  clip 0.22  kl +0.026
upd   58  steps 1933312  sps 5069  opp frzn  loss +0.079  pg +0.0054  v 0.377  ev +0.99  adv_std 0.905  tR +0.19  ent[s/d/p/e] 0.49/0.21/0.21/0.02  emits 6.48  spf 236.8  z0 0.00  garr 467.4  tG 2327  e2 0.81  nF 19.4  pS 0.26  ptS 0.24  fLog 0.71  pdΔ -0.2432  pkR 9.23  clip 0.24  kl +0.032
upd   59  steps 1966080  sps 5085  opp frzn  loss +0.108  pg +0.0019  v 0.539  ev +0.99  adv_std 1.067  tR -0.08  ent[s/d/p/e] 0.39/0.16/0.18/0.03  emits 6.28  spf 194.9  z0 0.00  garr 406.4  tG 1809  e2 0.78  nF 17.9  pS 0.24  ptS 0.23  fLog 0.71  pdΔ -0.2573  pkR 7.11  clip 0.23  kl +0.026
upd   60  steps 1998848  sps 5101  opp frzn  loss +0.094  pg +0.0010  v 0.474  ev +0.99  adv_std 1.005  tR +0.01  ent[s/d/p/e] 0.41/0.14/0.20/0.03  emits 6.17  spf 215.1  z0 0.00  garr 459.0  tG 1887  e2 0.77  nF 14.6  pS 0.23  ptS 0.22  fLog 0.73  pdΔ -0.2731  pkR 6.93  clip 0.22  kl +0.023
upd   61  steps 2031616  sps 5117  opp buf  loss +0.058  pg +0.0032  v 0.282  ev +0.99  adv_std 0.781  tR +0.06  ent[s/d/p/e] 0.42/0.14/0.17/0.02  emits 6.79  spf 197.1  z0 0.01  garr 491.5  tG 1983  e2 0.85  nF 16.7  pS 0.25  ptS 0.23  fLog 0.73  pdΔ -0.2492  pkR 6.42  clip 0.23  kl +0.029
upd   62  steps 2064384  sps 5132  opp frzn  loss +0.061  pg +0.0028  v 0.297  ev +0.99  adv_std 0.805  tR -0.05  ent[s/d/p/e] 0.43/0.12/0.18/0.02  emits 6.70  spf 244.6  z0 0.00  garr 495.7  tG 2601  e2 0.84  nF 15.9  pS 0.27  ptS 0.24  fLog 0.75  pdΔ -0.2335  pkR 8.56  clip 0.21  kl +0.026
upd   63  steps 2097152  sps 5146  opp buf  loss +0.068  pg +0.0039  v 0.326  ev +0.99  adv_std 0.839  tR -0.06  ent[s/d/p/e] 0.46/0.16/0.17/0.02  emits 6.89  spf 248.5  z0 0.00  garr 526.2  tG 2635  e2 0.86  nF 18.5  pS 0.27  ptS 0.25  fLog 0.75  pdΔ -0.2256  pkR 10.55  clip 0.22  kl +0.023
upd   64  steps 2129920  sps 5161  opp buf  loss +0.055  pg +0.0001  v 0.285  ev +0.99  adv_std 0.792  tR -0.01  ent[s/d/p/e] 0.59/0.27/0.20/0.02  emits 6.77  spf 220.4  z0 0.01  garr 460.5  tG 2502  e2 0.85  nF 27.4  pS 0.30  ptS 0.28  fLog 0.70  pdΔ -0.1953  pkR 7.16  clip 0.25  kl +0.025
upd   65  steps 2162688  sps 5175  opp buf  loss +0.046  pg +0.0027  v 0.225  ev +1.00  adv_std 0.706  tR +0.05  ent[s/d/p/e] 0.55/0.24/0.18/0.02  emits 7.16  spf 227.9  z0 0.00  garr 382.6  tG 3008  e2 0.90  nF 30.8  pS 0.34  ptS 0.32  fLog 0.72  pdΔ -0.1618  pkR 6.96  clip 0.26  kl +0.021
upd   66  steps 2195456  sps 5188  opp buf  loss +0.064  pg +0.0031  v 0.317  ev +0.99  adv_std 0.835  tR +0.02  ent[s/d/p/e] 0.55/0.26/0.20/0.02  emits 6.89  spf 255.6  z0 0.00  garr 380.9  tG 3126  e2 0.86  nF 29.4  pS 0.33  ptS 0.32  fLog 0.71  pdΔ -0.1653  pkR 7.59  clip 0.26  kl +0.024
upd   67  steps 2228224  sps 5201  opp frzn  loss +0.063  pg +0.0027  v 0.308  ev +0.99  adv_std 0.816  tR +0.23  ent[s/d/p/e] 0.42/0.13/0.18/0.02  emits 6.94  spf 257.4  z0 0.00  garr 408.9  tG 3038  e2 0.87  nF 19.9  pS 0.31  ptS 0.30  fLog 0.75  pdΔ -0.1945  pkR 7.94  clip 0.22  kl +0.021
upd   68  steps 2260992  sps 5214  opp buf  loss +0.082  pg +0.0017  v 0.411  ev +0.99  adv_std 0.939  tR -0.03  ent[s/d/p/e] 0.48/0.22/0.22/0.02  emits 6.38  spf 224.6  z0 0.00  garr 371.1  tG 2260  e2 0.80  nF 22.3  pS 0.28  ptS 0.26  fLog 0.71  pdΔ -0.2223  pkR 9.80  clip 0.24  kl +0.019
upd   69  steps 2293760  sps 5227  opp buf  loss +0.043  pg +0.0029  v 0.207  ev +1.00  adv_std 0.675  tR +0.12  ent[s/d/p/e] 0.49/0.18/0.16/0.02  emits 6.77  spf 230.2  z0 0.00  garr 389.4  tG 2654  e2 0.84  nF 23.8  pS 0.33  ptS 0.31  fLog 0.73  pdΔ -0.1723  pkR 7.20  clip 0.24  kl +0.025
upd   70  steps 2326528  sps 5239  opp buf  loss +0.066  pg +0.0027  v 0.326  ev +0.99  adv_std 0.844  tR +0.05  ent[s/d/p/e] 0.54/0.23/0.21/0.02  emits 6.71  spf 240.1  z0 0.00  garr 341.5  tG 2879  e2 0.84  nF 28.4  pS 0.34  ptS 0.32  fLog 0.70  pdΔ -0.1607  pkR 7.33  clip 0.27  kl +0.026
upd   71  steps 2359296  sps 5251  opp buf  loss +0.049  pg +0.0019  v 0.245  ev +1.00  adv_std 0.728  tR +0.29  ent[s/d/p/e] 0.48/0.18/0.18/0.01  emits 7.18  spf 272.3  z0 0.00  garr 428.7  tG 3362  e2 0.91  nF 23.4  pS 0.33  ptS 0.31  fLog 0.75  pdΔ -0.1736  pkR 6.11  clip 0.23  kl +0.020
upd   72  steps 2392064  sps 5263  opp buf  loss +0.060  pg +0.0015  v 0.303  ev +0.99  adv_std 0.816  tR +0.14  ent[s/d/p/e] 0.50/0.22/0.21/0.02  emits 6.80  spf 250.5  z0 0.00  garr 389.5  tG 2924  e2 0.86  nF 23.8  pS 0.30  ptS 0.29  fLog 0.71  pdΔ -0.1967  pkR 9.56  clip 0.25  kl +0.020
upd   73  steps 2424832  sps 5275  opp frzn  loss +0.050  pg +0.0031  v 0.243  ev +1.00  adv_std 0.723  tR -0.12  ent[s/d/p/e] 0.38/0.10/0.19/0.01  emits 7.00  spf 281.5  z0 0.00  garr 477.0  tG 3232  e2 0.89  nF 16.4  pS 0.28  ptS 0.26  fLog 0.77  pdΔ -0.2235  pkR 7.06  clip 0.21  kl +0.019
upd   74  steps 2457600  sps 5286  opp frzn  loss +0.091  pg +0.0040  v 0.442  ev +0.99  adv_std 0.968  tR -0.05  ent[s/d/p/e] 0.35/0.15/0.21/0.02  emits 6.54  spf 215.1  z0 0.00  garr 457.0  tG 2066  e2 0.82  nF 14.4  pS 0.21  ptS 0.20  fLog 0.72  pdΔ -0.2880  pkR 9.58  clip 0.23  kl +0.030
upd   75  steps 2490368  sps 5297  opp frzn  loss +0.074  pg +0.0024  v 0.364  ev +0.99  adv_std 0.888  tR -0.04  ent[s/d/p/e] 0.43/0.16/0.17/0.02  emits 6.44  spf 222.4  z0 0.00  garr 560.0  tG 1991  e2 0.80  nF 15.8  pS 0.22  ptS 0.21  fLog 0.74  pdΔ -0.2792  pkR 6.31  clip 0.21  kl +0.023
upd   76  steps 2523136  sps 5308  opp buf  loss +0.090  pg +0.0001  v 0.458  ev +0.99  adv_std 0.989  tR -0.20  ent[s/d/p/e] 0.49/0.25/0.20/0.03  emits 6.51  spf 184.0  z0 0.00  garr 414.1  tG 1845  e2 0.81  nF 23.1  pS 0.26  ptS 0.25  fLog 0.68  pdΔ -0.2390  pkR 7.36  clip 0.24  kl +0.022
upd   77  steps 2555904  sps 5318  opp buf  loss +0.042  pg +0.0015  v 0.210  ev +1.00  adv_std 0.678  tR +0.06  ent[s/d/p/e] 0.51/0.21/0.19/0.02  emits 6.94  spf 235.3  z0 0.01  garr 441.4  tG 2741  e2 0.87  nF 25.8  pS 0.31  ptS 0.30  fLog 0.73  pdΔ -0.1910  pkR 9.69  clip 0.24  kl +0.025
upd   78  steps 2588672  sps 5328  opp frzn  loss +0.092  pg +0.0043  v 0.447  ev +0.99  adv_std 0.978  tR +0.04  ent[s/d/p/e] 0.43/0.25/0.24/0.03  emits 6.55  spf 235.0  z0 0.00  garr 351.2  tG 2620  e2 0.82  nF 24.9  pS 0.30  ptS 0.28  fLog 0.69  pdΔ -0.2040  pkR 10.27  clip 0.25  kl +0.026
upd   79  steps 2621440  sps 5339  opp buf  loss +0.086  pg +0.0018  v 0.428  ev +0.99  adv_std 0.959  tR -0.02  ent[s/d/p/e] 0.47/0.20/0.18/0.02  emits 6.59  spf 236.2  z0 0.00  garr 436.9  tG 2445  e2 0.82  nF 22.0  pS 0.28  ptS 0.27  fLog 0.71  pdΔ -0.2185  pkR 11.49  clip 0.23  kl +0.019
upd   80  steps 2654208  sps 5348  opp frzn  loss +0.106  pg +0.0012  v 0.533  ev +0.99  adv_std 1.072  tR -0.15  ent[s/d/p/e] 0.45/0.22/0.21/0.03  emits 6.37  spf 194.6  z0 0.00  garr 358.5  tG 2003  e2 0.79  nF 21.7  pS 0.27  ptS 0.26  fLog 0.68  pdΔ -0.2259  pkR 9.23  clip 0.25  kl +0.024
upd   81  steps 2686976  sps 5358  opp frzn  loss +0.066  pg +0.0010  v 0.333  ev +0.99  adv_std 0.851  tR +0.19  ent[s/d/p/e] 0.43/0.18/0.17/0.02  emits 6.56  spf 236.6  z0 0.00  garr 442.1  tG 2400  e2 0.82  nF 19.1  pS 0.29  ptS 0.27  fLog 0.73  pdΔ -0.2088  pkR 7.85  clip 0.23  kl +0.025
upd   82  steps 2719744  sps 5368  opp buf  loss +0.069  pg +0.0028  v 0.338  ev +0.99  adv_std 0.864  tR -0.03  ent[s/d/p/e] 0.45/0.25/0.20/0.03  emits 6.48  spf 199.8  z0 0.00  garr 421.4  tG 1929  e2 0.81  nF 20.6  pS 0.26  ptS 0.24  fLog 0.69  pdΔ -0.2391  pkR 6.08  clip 0.23  kl +0.025
upd   83  steps 2752512  sps 5377  opp frzn  loss +0.061  pg +0.0002  v 0.311  ev +0.99  adv_std 0.817  tR -0.05  ent[s/d/p/e] 0.42/0.16/0.18/0.02  emits 6.59  spf 254.5  z0 0.00  garr 488.2  tG 2600  e2 0.82  nF 17.1  pS 0.27  ptS 0.26  fLog 0.75  pdΔ -0.2263  pkR 7.95  clip 0.22  kl +0.023
upd   84  steps 2785280  sps 5386  opp frzn  loss +0.098  pg +0.0019  v 0.491  ev +0.99  adv_std 1.029  tR +0.06  ent[s/d/p/e] 0.39/0.22/0.21/0.03  emits 6.50  spf 201.7  z0 0.00  garr 405.9  tG 1987  e2 0.83  nF 18.4  pS 0.25  ptS 0.24  fLog 0.70  pdΔ -0.2452  pkR 10.60  clip 0.23  kl +0.022
upd   85  steps 2818048  sps 5395  opp frzn  loss +0.065  pg +0.0017  v 0.326  ev +0.99  adv_std 0.839  tR +0.03  ent[s/d/p/e] 0.47/0.18/0.16/0.02  emits 6.32  spf 252.5  z0 0.00  garr 528.0  tG 2247  e2 0.79  nF 16.3  pS 0.24  ptS 0.23  fLog 0.74  pdΔ -0.2614  pkR 6.10  clip 0.22  kl +0.024
upd   86  steps 2850816  sps 5404  opp buf  loss +0.076  pg +0.0023  v 0.375  ev +0.99  adv_std 0.909  tR -0.13  ent[s/d/p/e] 0.43/0.32/0.20/0.03  emits 6.25  spf 168.2  z0 0.00  garr 401.8  tG 1618  e2 0.78  nF 23.6  pS 0.24  ptS 0.23  fLog 0.66  pdΔ -0.2565  pkR 7.64  clip 0.25  kl +0.023
upd   87  steps 2883584  sps 5412  opp buf  loss +0.049  pg +0.0049  v 0.232  ev +1.00  adv_std 0.710  tR +0.01  ent[s/d/p/e] 0.50/0.25/0.18/0.01  emits 7.00  spf 253.1  z0 0.00  garr 476.3  tG 2931  e2 0.88  nF 23.0  pS 0.32  ptS 0.30  fLog 0.73  pdΔ -0.1799  pkR 8.31  clip 0.25  kl +0.026
upd   88  steps 2916352  sps 5421  opp buf  loss +0.047  pg +0.0020  v 0.236  ev +1.00  adv_std 0.723  tR +0.16  ent[s/d/p/e] 0.51/0.25/0.19/0.02  emits 7.01  spf 246.9  z0 0.01  garr 380.2  tG 3176  e2 0.88  nF 28.4  pS 0.35  ptS 0.33  fLog 0.72  pdΔ -0.1521  pkR 8.60  clip 0.25  kl +0.021
upd   89  steps 2949120  sps 5429  opp buf  loss +0.049  pg +0.0015  v 0.246  ev +1.00  adv_std 0.734  tR +0.03  ent[s/d/p/e] 0.44/0.20/0.21/0.02  emits 7.01  spf 299.6  z0 0.00  garr 457.2  tG 3639  e2 0.88  nF 23.1  pS 0.34  ptS 0.32  fLog 0.76  pdΔ -0.1605  pkR 7.03  clip 0.24  kl +0.022
upd   90  steps 2981888  sps 5437  opp buf  loss +0.060  pg +0.0031  v 0.292  ev +1.00  adv_std 0.798  tR +0.22  ent[s/d/p/e] 0.46/0.25/0.20/0.02  emits 6.69  spf 225.0  z0 0.00  garr 388.4  tG 2563  e2 0.84  nF 26.7  pS 0.30  ptS 0.28  fLog 0.70  pdΔ -0.1978  pkR 8.89  clip 0.25  kl +0.021
upd   91  steps 3014656  sps 5445  opp buf  loss +0.050  pg +0.0029  v 0.244  ev +1.00  adv_std 0.730  tR -0.16  ent[s/d/p/e] 0.48/0.22/0.19/0.02  emits 6.71  spf 255.7  z0 0.00  garr 469.3  tG 2966  e2 0.84  nF 23.6  pS 0.31  ptS 0.29  fLog 0.73  pdΔ -0.1905  pkR 9.46  clip 0.24  kl +0.022
upd   92  steps 3047424  sps 5453  opp buf  loss +0.069  pg +0.0022  v 0.343  ev +0.99  adv_std 0.863  tR +0.06  ent[s/d/p/e] 0.48/0.29/0.20/0.02  emits 6.67  spf 236.5  z0 0.00  garr 345.1  tG 2908  e2 0.83  nF 27.2  pS 0.34  ptS 0.32  fLog 0.71  pdΔ -0.1606  pkR 8.44  clip 0.26  kl +0.022
upd   93  steps 3080192  sps 5460  opp buf  loss +0.074  pg +0.0018  v 0.371  ev +0.99  adv_std 0.884  tR +0.16  ent[s/d/p/e] 0.48/0.22/0.20/0.02  emits 6.63  spf 282.6  z0 0.00  garr 408.1  tG 3227  e2 0.83  nF 23.3  pS 0.33  ptS 0.31  fLog 0.74  pdΔ -0.1680  pkR 7.05  clip 0.24  kl +0.019
upd   94  steps 3112960  sps 5468  opp buf  loss +0.058  pg +0.0033  v 0.284  ev +1.00  adv_std 0.784  tR +0.08  ent[s/d/p/e] 0.49/0.26/0.20/0.02  emits 6.85  spf 222.6  z0 0.00  garr 410.4  tG 2637  e2 0.86  nF 26.0  pS 0.31  ptS 0.29  fLog 0.70  pdΔ -0.1876  pkR 8.30  clip 0.24  kl +0.023
upd   95  steps 3145728  sps 5475  opp buf  loss +0.065  pg +0.0040  v 0.312  ev +0.99  adv_std 0.822  tR +0.19  ent[s/d/p/e] 0.48/0.24/0.20/0.02  emits 6.94  spf 256.6  z0 0.00  garr 461.5  tG 3009  e2 0.87  nF 25.4  pS 0.31  ptS 0.29  fLog 0.72  pdΔ -0.1932  pkR 9.85  clip 0.25  kl +0.021
upd   96  steps 3178496  sps 5482  opp frzn  loss +0.083  pg +0.0040  v 0.404  ev +0.99  adv_std 0.929  tR +0.12  ent[s/d/p/e] 0.47/0.25/0.19/0.02  emits 6.92  spf 199.4  z0 0.00  garr 397.1  tG 2375  e2 0.87  nF 26.2  pS 0.29  ptS 0.27  fLog 0.70  pdΔ -0.2145  pkR 9.38  clip 0.26  kl +0.025
upd   97  steps 3211264  sps 5490  opp frzn  loss +0.069  pg +0.0004  v 0.351  ev +0.99  adv_std 0.868  tR +0.21  ent[s/d/p/e] 0.41/0.19/0.21/0.02  emits 6.55  spf 244.7  z0 0.00  garr 449.4  tG 2521  e2 0.82  nF 18.0  pS 0.26  ptS 0.25  fLog 0.73  pdΔ -0.2408  pkR 11.32  clip 0.22  kl +0.019
upd   98  steps 3244032  sps 5497  opp buf  loss +0.080  pg +0.0014  v 0.400  ev +0.99  adv_std 0.925  tR -0.11  ent[s/d/p/e] 0.40/0.20/0.16/0.02  emits 6.89  spf 200.0  z0 0.01  garr 512.2  tG 1996  e2 0.86  nF 18.1  pS 0.25  ptS 0.23  fLog 0.73  pdΔ -0.2512  pkR 6.40  clip 0.21  kl +0.018
upd   99  steps 3276800  sps 5503  opp frzn  loss +0.077  pg +0.0009  v 0.390  ev +0.99  adv_std 0.919  tR -0.04  ent[s/d/p/e] 0.38/0.16/0.20/0.02  emits 6.63  spf 245.4  z0 0.00  garr 538.6  tG 2419  e2 0.83  nF 15.9  pS 0.25  ptS 0.24  fLog 0.75  pdΔ -0.2482  pkR 6.60  clip 0.21  kl +0.018 WRr 0.88 WRf 1.00
[ckpt] saved ./ckpt_multi_action_v11_buf_from4k/ckpt_000099.pkl
upd  100  steps 3309568  sps 5417  opp buf  loss +0.085  pg +0.0015  v 0.424  ev +0.99  adv_std 0.948  tR +0.22  ent[s/d/p/e] 0.45/0.26/0.19/0.02  emits 6.88  spf 197.5  z0 0.00  garr 431.9  tG 2138  e2 0.86  nF 23.5  pS 0.29  ptS 0.27  fLog 0.70  pdΔ -0.2128  pkR 8.99  clip 0.23  kl +0.019
upd  101  steps 3342336  sps 5424  opp buf  loss +0.086  pg +0.0024  v 0.429  ev +0.99  adv_std 0.960  tR +0.29  ent[s/d/p/e] 0.45/0.25/0.22/0.02  emits 6.78  spf 224.3  z0 0.00  garr 414.2  tG 2401  e2 0.86  nF 21.7  pS 0.29  ptS 0.28  fLog 0.71  pdΔ -0.2080  pkR 6.44  clip 0.24  kl +0.021
upd  102  steps 3375104  sps 5431  opp frzn  loss +0.064  pg +0.0012  v 0.320  ev +0.99  adv_std 0.834  tR +0.07  ent[s/d/p/e] 0.39/0.21/0.19/0.02  emits 6.93  spf 239.6  z0 0.00  garr 420.5  tG 2716  e2 0.87  nF 20.4  pS 0.30  ptS 0.28  fLog 0.74  pdΔ -0.2035  pkR 7.33  clip 0.22  kl +0.023
upd  103  steps 3407872  sps 5438  opp frzn  loss +0.079  pg +0.0018  v 0.393  ev +0.99  adv_std 0.921  tR +0.21  ent[s/d/p/e] 0.39/0.21/0.18/0.02  emits 6.70  spf 234.0  z0 0.00  garr 469.1  tG 2314  e2 0.84  nF 17.4  pS 0.25  ptS 0.24  fLog 0.72  pdΔ -0.2521  pkR 10.00  clip 0.21  kl +0.021
upd  104  steps 3440640  sps 5445  opp frzn  loss +0.067  pg +0.0008  v 0.337  ev +0.99  adv_std 0.854  tR +0.34  ent[s/d/p/e] 0.38/0.18/0.16/0.02  emits 6.94  spf 201.2  z0 0.00  garr 509.6  tG 1988  e2 0.87  nF 16.9  pS 0.25  ptS 0.23  fLog 0.73  pdΔ -0.2526  pkR 4.84  clip 0.20  kl +0.018
upd  105  steps 3473408  sps 5452  opp frzn  loss +0.085  pg -0.0009  v 0.436  ev +0.99  adv_std 0.972  tR +0.12  ent[s/d/p/e] 0.37/0.19/0.19/0.02  emits 6.56  spf 214.9  z0 0.00  garr 491.0  tG 1984  e2 0.82  nF 13.6  pS 0.24  ptS 0.23  fLog 0.73  pdΔ -0.2620  pkR 7.15  clip 0.19  kl +0.018
upd  106  steps 3506176  sps 5459  opp buf  loss +0.086  pg -0.0012  v 0.447  ev +0.99  adv_std 0.978  tR -0.03  ent[s/d/p/e] 0.47/0.27/0.19/0.02  emits 6.72  spf 200.4  z0 0.00  garr 484.6  tG 1974  e2 0.84  nF 21.8  pS 0.27  ptS 0.25  fLog 0.71  pdΔ -0.2346  pkR 7.71  clip 0.22  kl +0.017
upd  107  steps 3538944  sps 5465  opp frzn  loss +0.067  pg +0.0007  v 0.342  ev +0.99  adv_std 0.867  tR +0.00  ent[s/d/p/e] 0.44/0.22/0.20/0.02  emits 6.55  spf 219.6  z0 0.00  garr 410.9  tG 2294  e2 0.82  nF 21.1  pS 0.28  ptS 0.26  fLog 0.72  pdΔ -0.2180  pkR 6.36  clip 0.22  kl +0.017
upd  108  steps 3571712  sps 5472  opp frzn  loss +0.094  pg +0.0013  v 0.473  ev +0.99  adv_std 1.005  tR -0.02  ent[s/d/p/e] 0.40/0.19/0.17/0.02  emits 6.70  spf 230.2  z0 0.00  garr 446.0  tG 2340  e2 0.83  nF 19.3  pS 0.28  ptS 0.26  fLog 0.73  pdΔ -0.2221  pkR 9.53  clip 0.22  kl +0.019
upd  109  steps 3604480  sps 5478  opp frzn  loss +0.078  pg +0.0004  v 0.395  ev +0.99  adv_std 0.917  tR +0.12  ent[s/d/p/e] 0.34/0.15/0.17/0.02  emits 6.41  spf 209.4  z0 0.00  garr 462.4  tG 1903  e2 0.80  nF 12.7  pS 0.24  ptS 0.22  fLog 0.73  pdΔ -0.2635  pkR 7.67  clip 0.20  kl +0.016
upd  110  steps 3637248  sps 5484  opp frzn  loss +0.077  pg -0.0011  v 0.399  ev +0.99  adv_std 0.927  tR -0.05  ent[s/d/p/e] 0.41/0.19/0.17/0.02  emits 6.52  spf 231.3  z0 0.00  garr 528.8  tG 2115  e2 0.81  nF 15.8  pS 0.24  ptS 0.23  fLog 0.74  pdΔ -0.2552  pkR 6.83  clip 0.21  kl +0.020
upd  111  steps 3670016  sps 5491  opp frzn  loss +0.087  pg +0.0001  v 0.445  ev +0.99  adv_std 0.976  tR +0.28  ent[s/d/p/e] 0.41/0.19/0.19/0.02  emits 6.48  spf 208.6  z0 0.00  garr 454.4  tG 1937  e2 0.81  nF 15.7  pS 0.26  ptS 0.25  fLog 0.73  pdΔ -0.2420  pkR 6.50  clip 0.22  kl +0.018
upd  112  steps 3702784  sps 5497  opp frzn  loss +0.056  pg +0.0006  v 0.285  ev +0.99  adv_std 0.789  tR +0.21  ent[s/d/p/e] 0.38/0.17/0.15/0.02  emits 6.63  spf 240.8  z0 0.00  garr 558.6  tG 2241  e2 0.83  nF 14.3  pS 0.24  ptS 0.23  fLog 0.76  pdΔ -0.2606  pkR 5.49  clip 0.18  kl +0.016
upd  113  steps 3735552  sps 5503  opp buf  loss +0.067  pg +0.0001  v 0.342  ev +0.99  adv_std 0.860  tR +0.18  ent[s/d/p/e] 0.50/0.27/0.18/0.02  emits 6.68  spf 197.8  z0 0.00  garr 461.3  tG 2008  e2 0.83  nF 22.4  pS 0.27  ptS 0.25  fLog 0.70  pdΔ -0.2314  pkR 6.45  clip 0.23  kl +0.019
upd  114  steps 3768320  sps 5509  opp frzn  loss +0.062  pg +0.0019  v 0.311  ev +0.99  adv_std 0.820  tR +0.02  ent[s/d/p/e] 0.45/0.20/0.18/0.02  emits 6.85  spf 233.6  z0 0.00  garr 465.3  tG 2634  e2 0.85  nF 23.2  pS 0.30  ptS 0.28  fLog 0.74  pdΔ -0.2040  pkR 9.26  clip 0.22  kl +0.021
upd  115  steps 3801088  sps 5514  opp buf  loss +0.050  pg +0.0001  v 0.260  ev +1.00  adv_std 0.756  tR +0.10  ent[s/d/p/e] 0.44/0.24/0.19/0.02  emits 6.51  spf 226.9  z0 0.00  garr 436.5  tG 2367  e2 0.81  nF 21.9  pS 0.27  ptS 0.25  fLog 0.72  pdΔ -0.2287  pkR 10.14  clip 0.21  kl +0.018
upd  116  steps 3833856  sps 5520  opp buf  loss +0.060  pg -0.0003  v 0.310  ev +0.99  adv_std 0.822  tR +0.24  ent[s/d/p/e] 0.49/0.26/0.18/0.02  emits 6.85  spf 226.0  z0 0.01  garr 459.2  tG 2508  e2 0.86  nF 23.5  pS 0.29  ptS 0.27  fLog 0.72  pdΔ -0.2140  pkR 9.28  clip 0.22  kl +0.020
upd  117  steps 3866624  sps 5526  opp buf  loss +0.057  pg +0.0002  v 0.295  ev +0.99  adv_std 0.802  tR +0.00  ent[s/d/p/e] 0.61/0.36/0.20/0.02  emits 7.03  spf 218.4  z0 0.00  garr 395.3  tG 2629  e2 0.88  nF 33.0  pS 0.31  ptS 0.30  fLog 0.68  pdΔ -0.1897  pkR 10.17  clip 0.25  kl +0.020
upd  118  steps 3899392  sps 5531  opp buf  loss +0.041  pg +0.0022  v 0.205  ev +1.00  adv_std 0.671  tR -0.02  ent[s/d/p/e] 0.53/0.24/0.21/0.02  emits 7.09  spf 250.7  z0 0.00  garr 441.4  tG 3150  e2 0.89  nF 26.6  pS 0.33  ptS 0.32  fLog 0.73  pdΔ -0.1692  pkR 6.59  clip 0.22  kl +0.017
upd  119  steps 3932160  sps 5537  opp frzn  loss +0.087  pg -0.0003  v 0.444  ev +0.99  adv_std 0.980  tR +0.14  ent[s/d/p/e] 0.49/0.24/0.23/0.02  emits 6.52  spf 221.7  z0 0.00  garr 388.3  tG 2451  e2 0.81  nF 24.3  pS 0.29  ptS 0.27  fLog 0.71  pdΔ -0.2082  pkR 9.65  clip 0.22  kl +0.017
upd  120  steps 3964928  sps 5542  opp buf  loss +0.077  pg -0.0012  v 0.401  ev +0.99  adv_std 0.921  tR +0.25  ent[s/d/p/e] 0.42/0.17/0.17/0.01  emits 7.01  spf 215.7  z0 0.00  garr 485.9  tG 2372  e2 0.88  nF 18.0  pS 0.28  ptS 0.26  fLog 0.74  pdΔ -0.2171  pkR 7.22  clip 0.20  kl +0.018
upd  121  steps 3997696  sps 5548  opp buf  loss +0.079  pg -0.0001  v 0.403  ev +0.99  adv_std 0.930  tR +0.33  ent[s/d/p/e] 0.53/0.30/0.21/0.02  emits 6.67  spf 197.1  z0 0.00  garr 439.8  tG 2087  e2 0.84  nF 25.6  pS 0.27  ptS 0.25  fLog 0.69  pdΔ -0.2322  pkR 7.21  clip 0.22  kl +0.017
upd  122  steps 4030464  sps 5553  opp buf  loss +0.070  pg +0.0021  v 0.348  ev +0.99  adv_std 0.864  tR +0.17  ent[s/d/p/e] 0.50/0.28/0.19/0.02  emits 6.93  spf 241.3  z0 0.00  garr 430.4  tG 2859  e2 0.87  nF 25.3  pS 0.31  ptS 0.30  fLog 0.73  pdΔ -0.1876  pkR 6.91  clip 0.23  kl +0.021
upd  123  steps 4063232  sps 5558  opp buf  loss +0.082  pg +0.0174  v 0.335  ev +0.99  adv_std 0.849  tR +0.18  ent[s/d/p/e] 0.56/0.30/0.21/0.02  emits 6.84  spf 227.4  z0 0.00  garr 394.1  tG 2729  e2 0.86  nF 28.1  pS 0.32  ptS 0.30  fLog 0.69  pdΔ -0.1840  pkR 8.62  clip 0.25  kl +0.018
upd  124  steps 4096000  sps 5563  opp buf  loss +0.049  pg +0.0005  v 0.251  ev +1.00  adv_std 0.742  tR +0.00  ent[s/d/p/e] 0.47/0.22/0.19/0.02  emits 7.03  spf 221.5  z0 0.00  garr 414.0  tG 2714  e2 0.88  nF 26.8  pS 0.31  ptS 0.29  fLog 0.72  pdΔ -0.1863  pkR 7.88  clip 0.24  kl +0.016
upd  125  steps 4128768  sps 5568  opp buf  loss +0.057  pg -0.0006  v 0.298  ev +0.99  adv_std 0.806  tR -0.12  ent[s/d/p/e] 0.53/0.29/0.24/0.02  emits 6.88  spf 223.9  z0 0.00  garr 347.6  tG 2782  e2 0.86  nF 29.6  pS 0.33  ptS 0.32  fLog 0.70  pdΔ -0.1657  pkR 7.77  clip 0.25  kl +0.017
upd  126  steps 4161536  sps 5573  opp frzn  loss +0.052  pg -0.0012  v 0.275  ev +0.99  adv_std 0.778  tR +0.16  ent[s/d/p/e] 0.44/0.17/0.18/0.02  emits 6.85  spf 269.0  z0 0.00  garr 435.6  tG 3057  e2 0.86  nF 20.9  pS 0.31  ptS 0.29  fLog 0.75  pdΔ -0.1937  pkR 8.77  clip 0.20  kl +0.016
upd  127  steps 4194304  sps 5578  opp buf  loss +0.063  pg +0.0022  v 0.316  ev +0.99  adv_std 0.834  tR -0.01  ent[s/d/p/e] 0.51/0.27/0.20/0.02  emits 6.58  spf 207.7  z0 0.01  garr 401.0  tG 2187  e2 0.82  nF 24.9  pS 0.28  ptS 0.27  fLog 0.70  pdΔ -0.2165  pkR 11.08  clip 0.24  kl +0.021
upd  128  steps 4227072  sps 5583  opp buf  loss +0.059  pg -0.0012  v 0.311  ev +0.99  adv_std 0.821  tR +0.17  ent[s/d/p/e] 0.48/0.22/0.19/0.02  emits 6.92  spf 230.4  z0 0.00  garr 445.7  tG 2653  e2 0.86  nF 23.2  pS 0.32  ptS 0.30  fLog 0.73  pdΔ -0.1846  pkR 7.57  clip 0.23  kl +0.021
upd  129  steps 4259840  sps 5587  opp frzn  loss +0.075  pg +0.0001  v 0.386  ev +0.99  adv_std 0.912  tR +0.25  ent[s/d/p/e] 0.42/0.21/0.23/0.02  emits 6.49  spf 247.9  z0 0.00  garr 391.9  tG 2748  e2 0.81  nF 21.3  pS 0.30  ptS 0.28  fLog 0.72  pdΔ -0.2031  pkR 8.84  clip 0.23  kl +0.022
upd  130  steps 4292608  sps 5592  opp buf  loss +0.067  pg +0.0006  v 0.340  ev +0.99  adv_std 0.851  tR +0.13  ent[s/d/p/e] 0.45/0.24/0.21/0.02  emits 6.73  spf 245.0  z0 0.00  garr 471.8  tG 2591  e2 0.84  nF 21.8  pS 0.29  ptS 0.27  fLog 0.72  pdΔ -0.2093  pkR 9.59  clip 0.21  kl +0.017
upd  131  steps 4325376  sps 5597  opp frzn  loss +0.090  pg -0.0007  v 0.460  ev +0.99  adv_std 0.997  tR +0.18  ent[s/d/p/e] 0.46/0.23/0.20/0.02  emits 6.29  spf 233.4  z0 0.00  garr 435.7  tG 2363  e2 0.78  nF 21.5  pS 0.29  ptS 0.27  fLog 0.72  pdΔ -0.2095  pkR 7.67  clip 0.21  kl +0.018
upd  132  steps 4358144  sps 5601  opp buf  loss +0.056  pg -0.0010  v 0.297  ev +0.99  adv_std 0.803  tR +0.12  ent[s/d/p/e] 0.52/0.32/0.21/0.02  emits 6.55  spf 238.3  z0 0.00  garr 433.0  tG 2532  e2 0.82  nF 24.9  pS 0.31  ptS 0.29  fLog 0.70  pdΔ -0.1868  pkR 9.82  clip 0.24  kl +0.017
upd  133  steps 4390912  sps 5606  opp buf  loss +0.044  pg -0.0006  v 0.231  ev +1.00  adv_std 0.714  tR +0.27  ent[s/d/p/e] 0.55/0.29/0.19/0.02  emits 6.76  spf 202.9  z0 0.01  garr 367.8  tG 2405  e2 0.84  nF 29.3  pS 0.32  ptS 0.31  fLog 0.70  pdΔ -0.1782  pkR 9.59  clip 0.24  kl +0.015
upd  134  steps 4423680  sps 5610  opp buf  loss +0.043  pg +0.0006  v 0.222  ev +1.00  adv_std 0.692  tR +0.03  ent[s/d/p/e] 0.44/0.20/0.21/0.02  emits 7.07  spf 256.2  z0 0.01  garr 411.8  tG 3196  e2 0.89  nF 22.8  pS 0.32  ptS 0.30  fLog 0.75  pdΔ -0.1801  pkR 8.24  clip 0.22  kl +0.018
upd  135  steps 4456448  sps 5615  opp buf  loss +0.054  pg -0.0012  v 0.286  ev +1.00  adv_std 0.788  tR +0.18  ent[s/d/p/e] 0.43/0.25/0.21/0.02  emits 6.81  spf 256.8  z0 0.00  garr 414.1  tG 2938  e2 0.85  nF 22.5  pS 0.30  ptS 0.28  fLog 0.73  pdΔ -0.2045  pkR 7.20  clip 0.22  kl +0.019
upd  136  steps 4489216  sps 5619  opp buf  loss +0.055  pg -0.0005  v 0.288  ev +0.99  adv_std 0.791  tR -0.06  ent[s/d/p/e] 0.48/0.24/0.21/0.02  emits 6.90  spf 251.7  z0 0.00  garr 444.6  tG 2901  e2 0.86  nF 24.1  pS 0.30  ptS 0.29  fLog 0.73  pdΔ -0.1990  pkR 6.94  clip 0.21  kl +0.018
upd  137  steps 4521984  sps 5623  opp frzn  loss +0.068  pg -0.0009  v 0.353  ev +0.99  adv_std 0.879  tR +0.17  ent[s/d/p/e] 0.37/0.18/0.20/0.02  emits 6.65  spf 216.7  z0 0.00  garr 389.6  tG 2406  e2 0.84  nF 19.6  pS 0.27  ptS 0.27  fLog 0.73  pdΔ -0.2254  pkR 9.13  clip 0.20  kl +0.015
upd  138  steps 4554752  sps 5627  opp frzn  loss +0.061  pg +0.0014  v 0.305  ev +0.99  adv_std 0.813  tR +0.06  ent[s/d/p/e] 0.38/0.19/0.20/0.02  emits 6.41  spf 241.7  z0 0.00  garr 458.2  tG 2306  e2 0.80  nF 16.7  pS 0.24  ptS 0.23  fLog 0.74  pdΔ -0.2579  pkR 8.67  clip 0.20  kl +0.016
upd  139  steps 4587520  sps 5632  opp buf  loss +0.061  pg -0.0013  v 0.321  ev +0.99  adv_std 0.834  tR -0.03  ent[s/d/p/e] 0.45/0.27/0.18/0.02  emits 6.58  spf 178.0  z0 0.01  garr 432.2  tG 1793  e2 0.82  nF 22.9  pS 0.26  ptS 0.25  fLog 0.69  pdΔ -0.2413  pkR 5.61  clip 0.22  kl +0.017
upd  140  steps 4620288  sps 5636  opp frzn  loss +0.066  pg -0.0004  v 0.339  ev +0.99  adv_std 0.854  tR +0.20  ent[s/d/p/e] 0.42/0.17/0.20/0.02  emits 6.61  spf 256.1  z0 0.00  garr 474.5  tG 2723  e2 0.83  nF 18.6  pS 0.28  ptS 0.27  fLog 0.75  pdΔ -0.2176  pkR 7.89  clip 0.20  kl +0.017
upd  141  steps 4653056  sps 5640  opp buf  loss +0.087  pg -0.0007  v 0.450  ev +0.99  adv_std 0.977  tR +0.02  ent[s/d/p/e] 0.43/0.25/0.19/0.02  emits 6.72  spf 213.5  z0 0.00  garr 420.8  tG 2301  e2 0.84  nF 22.7  pS 0.28  ptS 0.27  fLog 0.71  pdΔ -0.2153  pkR 9.29  clip 0.23  kl +0.018
upd  142  steps 4685824  sps 5644  opp frzn  loss +0.073  pg -0.0007  v 0.374  ev +0.99  adv_std 0.896  tR +0.12  ent[s/d/p/e] 0.39/0.20/0.18/0.02  emits 6.38  spf 255.1  z0 0.00  garr 453.3  tG 2570  e2 0.80  nF 17.3  pS 0.27  ptS 0.26  fLog 0.75  pdΔ -0.2319  pkR 6.97  clip 0.20  kl +0.018
upd  143  steps 4718592  sps 5648  opp frzn  loss +0.077  pg -0.0010  v 0.398  ev +0.99  adv_std 0.926  tR +0.11  ent[s/d/p/e] 0.44/0.30/0.22/0.03  emits 6.20  spf 210.8  z0 0.00  garr 409.0  tG 1993  e2 0.78  nF 21.1  pS 0.24  ptS 0.23  fLog 0.69  pdΔ -0.2580  pkR 12.53  clip 0.22  kl +0.019
upd  144  steps 4751360  sps 5652  opp buf  loss +0.069  pg -0.0010  v 0.358  ev +0.99  adv_std 0.878  tR +0.08  ent[s/d/p/e] 0.54/0.31/0.19/0.02  emits 6.76  spf 196.2  z0 0.00  garr 441.6  tG 2024  e2 0.85  nF 25.7  pS 0.29  ptS 0.28  fLog 0.69  pdΔ -0.2086  pkR 5.79  clip 0.23  kl +0.017
upd  145  steps 4784128  sps 5655  opp buf  loss +0.052  pg +0.0002  v 0.269  ev +0.99  adv_std 0.763  tR +0.38  ent[s/d/p/e] 0.50/0.25/0.18/0.02  emits 7.03  spf 223.4  z0 0.00  garr 422.5  tG 2651  e2 0.88  nF 26.7  pS 0.33  ptS 0.31  fLog 0.71  pdΔ -0.1709  pkR 7.99  clip 0.22  kl +0.016
upd  146  steps 4816896  sps 5659  opp buf  loss +0.060  pg -0.0007  v 0.313  ev +0.99  adv_std 0.823  tR +0.43  ent[s/d/p/e] 0.47/0.24/0.22/0.02  emits 6.84  spf 247.0  z0 0.00  garr 386.3  tG 2860  e2 0.86  nF 24.6  pS 0.31  ptS 0.29  fLog 0.72  pdΔ -0.1940  pkR 8.55  clip 0.21  kl +0.016
upd  147  steps 4849664  sps 5663  opp buf  loss +0.043  pg -0.0001  v 0.222  ev +1.00  adv_std 0.699  tR -0.10  ent[s/d/p/e] 0.44/0.22/0.17/0.02  emits 7.05  spf 245.4  z0 0.00  garr 406.2  tG 2886  e2 0.89  nF 21.7  pS 0.30  ptS 0.29  fLog 0.74  pdΔ -0.2011  pkR 7.56  clip 0.21  kl +0.015
upd  148  steps 4882432  sps 5667  opp frzn  loss +0.071  pg -0.0021  v 0.375  ev +0.99  adv_std 0.901  tR -0.05  ent[s/d/p/e] 0.41/0.21/0.24/0.02  emits 6.63  spf 258.0  z0 0.00  garr 427.6  tG 2841  e2 0.83  nF 20.0  pS 0.28  ptS 0.27  fLog 0.73  pdΔ -0.2163  pkR 7.56  clip 0.21  kl +0.017
upd  149  steps 4915200  sps 5670  opp buf  loss +0.048  pg -0.0023  v 0.261  ev +0.99  adv_std 0.754  tR +0.15  ent[s/d/p/e] 0.48/0.21/0.17/0.02  emits 6.97  spf 239.5  z0 0.00  garr 474.1  tG 2623  e2 0.87  nF 21.9  pS 0.28  ptS 0.27  fLog 0.73  pdΔ -0.2154  pkR 10.78  clip 0.20  kl +0.012 WRr 0.94 WRf 0.91
upd  150  steps 4947968  sps 5605  opp buf  loss +0.043  pg -0.0026  v 0.236  ev +1.00  adv_std 0.719  tR +0.05  ent[s/d/p/e] 0.50/0.24/0.17/0.01  emits 7.08  spf 245.6  z0 0.00  garr 497.6  tG 2810  e2 0.89  nF 25.6  pS 0.30  ptS 0.29  fLog 0.72  pdΔ -0.1977  pkR 6.19  clip 0.21  kl +0.016
upd  151  steps 4980736  sps 5609  opp buf  loss +0.064  pg -0.0008  v 0.332  ev +0.99  adv_std 0.842  tR +0.29  ent[s/d/p/e] 0.47/0.25/0.21/0.01  emits 6.96  spf 244.7  z0 0.00  garr 395.5  tG 3032  e2 0.89  nF 27.5  pS 0.32  ptS 0.30  fLog 0.72  pdΔ -0.1776  pkR 8.51  clip 0.23  kl +0.019
upd  152  steps 5013504  sps 5613  opp frzn  loss +0.068  pg -0.0009  v 0.350  ev +0.99  adv_std 0.870  tR +0.06  ent[s/d/p/e] 0.38/0.22/0.21/0.02  emits 6.88  spf 224.9  z0 0.00  garr 393.2  tG 2562  e2 0.88  nF 21.4  pS 0.27  ptS 0.26  fLog 0.72  pdΔ -0.2282  pkR 13.25  clip 0.20  kl +0.015
upd  153  steps 5046272  sps 5617  opp frzn  loss +0.070  pg -0.0000  v 0.357  ev +0.99  adv_std 0.876  tR -0.08  ent[s/d/p/e] 0.32/0.16/0.16/0.02  emits 6.67  spf 261.2  z0 0.00  garr 508.8  tG 2555  e2 0.83  nF 14.7  pS 0.25  ptS 0.24  fLog 0.76  pdΔ -0.2500  pkR 10.97  clip 0.18  kl +0.014
upd  154  steps 5079040  sps 5621  opp frzn  loss +0.077  pg -0.0027  v 0.406  ev +0.99  adv_std 0.935  tR -0.06  ent[s/d/p/e] 0.36/0.24/0.21/0.03  emits 6.34  spf 216.1  z0 0.00  garr 465.8  tG 1945  e2 0.80  nF 14.7  pS 0.23  ptS 0.22  fLog 0.72  pdΔ -0.2681  pkR 6.22  clip 0.20  kl +0.018
upd  155  steps 5111808  sps 5624  opp frzn  loss +0.075  pg -0.0009  v 0.389  ev +0.99  adv_std 0.918  tR +0.17  ent[s/d/p/e] 0.35/0.21/0.16/0.03  emits 6.41  spf 208.6  z0 0.00  garr 496.4  tG 1910  e2 0.80  nF 15.0  pS 0.23  ptS 0.22  fLog 0.73  pdΔ -0.2720  pkR 5.73  clip 0.19  kl +0.017
upd  156  steps 5144576  sps 5628  opp buf  loss +0.094  pg -0.0001  v 0.480  ev +0.99  adv_std 1.013  tR -0.16  ent[s/d/p/e] 0.48/0.33/0.19/0.03  emits 6.60  spf 174.4  z0 0.00  garr 425.2  tG 1801  e2 0.83  nF 23.2  pS 0.27  ptS 0.25  fLog 0.68  pdΔ -0.2318  pkR 6.06  clip 0.24  kl +0.018
upd  157  steps 5177344  sps 5632  opp buf  loss +0.059  pg -0.0007  v 0.308  ev +0.99  adv_std 0.818  tR +0.19  ent[s/d/p/e] 0.48/0.25/0.17/0.02  emits 6.79  spf 243.9  z0 0.00  garr 417.0  tG 2868  e2 0.85  nF 25.0  pS 0.34  ptS 0.32  fLog 0.73  pdΔ -0.1609  pkR 6.32  clip 0.23  kl +0.018
upd  158  steps 5210112  sps 5635  opp frzn  loss +0.069  pg -0.0020  v 0.364  ev +0.99  adv_std 0.890  tR +0.07  ent[s/d/p/e] 0.50/0.29/0.23/0.02  emits 6.32  spf 271.4  z0 0.00  garr 356.0  tG 3032  e2 0.79  nF 24.5  pS 0.32  ptS 0.30  fLog 0.70  pdΔ -0.1812  pkR 8.97  clip 0.24  kl +0.020
upd  159  steps 5242880  sps 5639  opp buf  loss +0.065  pg -0.0010  v 0.340  ev +0.99  adv_std 0.861  tR +0.26  ent[s/d/p/e] 0.54/0.29/0.20/0.02  emits 6.58  spf 215.0  z0 0.00  garr 397.8  tG 2330  e2 0.82  nF 25.7  pS 0.31  ptS 0.30  fLog 0.69  pdΔ -0.1883  pkR 11.28  clip 0.22  kl +0.014
upd  160  steps 5275648  sps 5643  opp buf  loss +0.059  pg -0.0010  v 0.307  ev +0.99  adv_std 0.821  tR +0.12  ent[s/d/p/e] 0.46/0.25/0.19/0.02  emits 6.97  spf 206.7  z0 0.00  garr 411.5  tG 2431  e2 0.87  nF 23.3  pS 0.31  ptS 0.28  fLog 0.71  pdΔ -0.1943  pkR 7.34  clip 0.22  kl +0.013
upd  161  steps 5308416  sps 5646  opp buf  loss +0.062  pg -0.0014  v 0.325  ev +0.99  adv_std 0.839  tR -0.03  ent[s/d/p/e] 0.42/0.21/0.18/0.01  emits 7.10  spf 264.7  z0 0.01  garr 461.3  tG 3137  e2 0.89  nF 22.3  pS 0.31  ptS 0.29  fLog 0.75  pdΔ -0.1877  pkR 8.30  clip 0.19  kl +0.012
upd  162  steps 5341184  sps 5650  opp frzn  loss +0.073  pg -0.0013  v 0.381  ev +0.99  adv_std 0.911  tR +0.03  ent[s/d/p/e] 0.37/0.18/0.19/0.02  emits 6.71  spf 245.0  z0 0.00  garr 413.2  tG 2677  e2 0.83  nF 19.9  pS 0.29  ptS 0.28  fLog 0.74  pdΔ -0.2098  pkR 7.11  clip 0.19  kl +0.015
upd  163  steps 5373952  sps 5653  opp buf  loss +0.072  pg -0.0006  v 0.372  ev +0.99  adv_std 0.897  tR +0.06  ent[s/d/p/e] 0.44/0.26/0.20/0.02  emits 6.76  spf 243.3  z0 0.00  garr 431.7  tG 2618  e2 0.84  nF 21.1  pS 0.30  ptS 0.28  fLog 0.73  pdΔ -0.2034  pkR 11.99  clip 0.20  kl +0.017
upd  164  steps 5406720  sps 5656  opp frzn  loss +0.069  pg -0.0011  v 0.358  ev +0.99  adv_std 0.880  tR +0.41  ent[s/d/p/e] 0.46/0.26/0.20/0.02  emits 6.63  spf 208.8  z0 0.00  garr 386.4  tG 2272  e2 0.82  nF 24.1  pS 0.30  ptS 0.29  fLog 0.71  pdΔ -0.1999  pkR 6.24  clip 0.21  kl +0.016
upd  165  steps 5439488  sps 5660  opp frzn  loss +0.086  pg +0.0014  v 0.431  ev +0.99  adv_std 0.962  tR +0.14  ent[s/d/p/e] 0.46/0.23/0.20/0.02  emits 6.60  spf 229.4  z0 0.00  garr 415.4  tG 2399  e2 0.82  nF 23.0  pS 0.30  ptS 0.28  fLog 0.72  pdΔ -0.2048  pkR 8.48  clip 0.21  kl +0.021
upd  166  steps 5472256  sps 5663  opp buf  loss +0.089  pg -0.0003  v 0.457  ev +0.99  adv_std 0.988  tR +0.13  ent[s/d/p/e] 0.49/0.31/0.19/0.02  emits 6.63  spf 203.0  z0 0.00  garr 440.6  tG 2066  e2 0.82  nF 23.9  pS 0.29  ptS 0.27  fLog 0.70  pdΔ -0.2104  pkR 5.49  clip 0.22  kl +0.019
upd  167  steps 5505024  sps 5666  opp frzn  loss +0.071  pg -0.0019  v 0.375  ev +0.99  adv_std 0.900  tR -0.12  ent[s/d/p/e] 0.47/0.29/0.19/0.02  emits 6.39  spf 247.0  z0 0.00  garr 434.1  tG 2577  e2 0.80  nF 24.0  pS 0.29  ptS 0.28  fLog 0.72  pdΔ -0.2085  pkR 7.31  clip 0.21  kl +0.017
upd  168  steps 5537792  sps 5670  opp frzn  loss +0.106  pg -0.0015  v 0.548  ev +0.99  adv_std 1.082  tR -0.21  ent[s/d/p/e] 0.39/0.26/0.19/0.02  emits 6.27  spf 227.2  z0 0.00  garr 411.7  tG 2203  e2 0.78  nF 18.8  pS 0.27  ptS 0.25  fLog 0.72  pdΔ -0.2282  pkR 10.44  clip 0.21  kl +0.017
upd  169  steps 5570560  sps 5673  opp buf  loss +0.074  pg +0.0010  v 0.372  ev +0.99  adv_std 0.891  tR +0.36  ent[s/d/p/e] 0.43/0.24/0.18/0.02  emits 6.36  spf 224.0  z0 0.00  garr 476.5  tG 2138  e2 0.79  nF 17.3  pS 0.28  ptS 0.26  fLog 0.73  pdΔ -0.2189  pkR 5.97  clip 0.20  kl +0.014
upd  170  steps 5603328  sps 5676  opp buf  loss +0.052  pg -0.0005  v 0.270  ev +1.00  adv_std 0.767  tR -0.02  ent[s/d/p/e] 0.47/0.31/0.18/0.02  emits 6.76  spf 210.5  z0 0.01  garr 417.5  tG 2370  e2 0.84  nF 23.7  pS 0.29  ptS 0.28  fLog 0.70  pdΔ -0.2095  pkR 6.46  clip 0.22  kl +0.016
upd  171  steps 5636096  sps 5679  opp frzn  loss +0.072  pg -0.0023  v 0.379  ev +0.99  adv_std 0.900  tR +0.03  ent[s/d/p/e] 0.42/0.17/0.19/0.02  emits 6.75  spf 259.6  z0 0.00  garr 394.5  tG 3016  e2 0.84  nF 20.4  pS 0.32  ptS 0.31  fLog 0.75  pdΔ -0.1784  pkR 6.72  clip 0.19  kl +0.012
upd  172  steps 5668864  sps 5682  opp frzn  loss +0.077  pg -0.0016  v 0.399  ev +0.99  adv_std 0.923  tR +0.21  ent[s/d/p/e] 0.35/0.18/0.19/0.02  emits 6.51  spf 237.0  z0 0.00  garr 419.8  tG 2420  e2 0.81  nF 15.7  pS 0.27  ptS 0.26  fLog 0.74  pdΔ -0.2293  pkR 9.08  clip 0.19  kl +0.015
upd  173  steps 5701632  sps 5685  opp frzn  loss +0.081  pg -0.0020  v 0.420  ev +0.99  adv_std 0.951  tR +0.05  ent[s/d/p/e] 0.37/0.23/0.18/0.02  emits 6.33  spf 221.0  z0 0.00  garr 474.8  tG 2014  e2 0.79  nF 15.6  pS 0.24  ptS 0.23  fLog 0.73  pdΔ -0.2593  pkR 5.39  clip 0.18  kl +0.015
upd  174  steps 5734400  sps 5689  opp frzn  loss +0.073  pg -0.0014  v 0.379  ev +0.99  adv_std 0.910  tR +0.17  ent[s/d/p/e] 0.38/0.23/0.17/0.02  emits 6.18  spf 214.3  z0 0.00  garr 447.9  tG 1912  e2 0.77  nF 16.1  pS 0.24  ptS 0.23  fLog 0.72  pdΔ -0.2600  pkR 6.57  clip 0.20  kl +0.014
upd  175  steps 5767168  sps 5692  opp frzn  loss +0.053  pg -0.0008  v 0.277  ev +1.00  adv_std 0.773  tR +0.05  ent[s/d/p/e] 0.34/0.19/0.18/0.02  emits 6.41  spf 216.4  z0 0.00  garr 475.9  tG 1981  e2 0.80  nF 14.7  pS 0.23  ptS 0.22  fLog 0.73  pdΔ -0.2661  pkR 6.61  clip 0.19  kl +0.017
upd  176  steps 5799936  sps 5695  opp buf  loss +0.055  pg +0.0011  v 0.278  ev +1.00  adv_std 0.781  tR +0.20  ent[s/d/p/e] 0.43/0.25/0.19/0.02  emits 6.71  spf 213.1  z0 0.01  garr 512.2  tG 2116  e2 0.84  nF 18.8  pS 0.27  ptS 0.25  fLog 0.72  pdΔ -0.2350  pkR 5.75  clip 0.20  kl +0.017
upd  177  steps 5832704  sps 5698  opp buf  loss +0.061  pg -0.0008  v 0.319  ev +0.99  adv_std 0.833  tR +0.16  ent[s/d/p/e] 0.45/0.29/0.19/0.02  emits 6.81  spf 229.4  z0 0.00  garr 448.5  tG 2562  e2 0.85  nF 24.3  pS 0.31  ptS 0.29  fLog 0.72  pdΔ -0.1904  pkR 6.72  clip 0.22  kl +0.018
upd  178  steps 5865472  sps 5701  opp frzn  loss +0.061  pg -0.0022  v 0.323  ev +0.99  adv_std 0.841  tR +0.21  ent[s/d/p/e] 0.39/0.22/0.18/0.02  emits 6.70  spf 251.0  z0 0.00  garr 404.7  tG 2890  e2 0.84  nF 22.8  pS 0.31  ptS 0.29  fLog 0.74  pdΔ -0.1936  pkR 8.25  clip 0.20  kl +0.016
upd  179  steps 5898240  sps 5703  opp buf  loss +0.069  pg -0.0030  v 0.370  ev +0.99  adv_std 0.897  tR -0.06  ent[s/d/p/e] 0.43/0.28/0.19/0.02  emits 6.62  spf 223.8  z0 0.01  garr 428.9  tG 2371  e2 0.82  nF 22.4  pS 0.27  ptS 0.26  fLog 0.71  pdΔ -0.2258  pkR 11.88  clip 0.20  kl +0.014
upd  180  steps 5931008  sps 5706  opp frzn  loss +0.060  pg -0.0016  v 0.314  ev +0.99  adv_std 0.812  tR +0.08  ent[s/d/p/e] 0.38/0.18/0.14/0.02  emits 6.78  spf 223.6  z0 0.00  garr 434.1  tG 2440  e2 0.84  nF 20.2  pS 0.28  ptS 0.26  fLog 0.73  pdΔ -0.2213  pkR 9.04  clip 0.17  kl +0.013
upd  181  steps 5963776  sps 5709  opp buf  loss +0.066  pg -0.0030  v 0.352  ev +0.99  adv_std 0.869  tR -0.11  ent[s/d/p/e] 0.40/0.22/0.18/0.02  emits 6.70  spf 235.1  z0 0.00  garr 436.0  tG 2574  e2 0.83  nF 20.1  pS 0.28  ptS 0.27  fLog 0.73  pdΔ -0.2183  pkR 8.90  clip 0.19  kl +0.013
upd  182  steps 5996544  sps 5712  opp buf  loss +0.064  pg -0.0008  v 0.330  ev +0.99  adv_std 0.840  tR -0.08  ent[s/d/p/e] 0.45/0.25/0.18/0.02  emits 6.99  spf 265.3  z0 0.00  garr 490.5  tG 3112  e2 0.87  nF 21.9  pS 0.31  ptS 0.30  fLog 0.74  pdΔ -0.1876  pkR 7.17  clip 0.20  kl +0.017
upd  183  steps 6029312  sps 5715  opp buf  loss +0.060  pg -0.0017  v 0.318  ev +0.99  adv_std 0.827  tR +0.06  ent[s/d/p/e] 0.50/0.29/0.21/0.02  emits 6.87  spf 259.2  z0 0.00  garr 413.0  tG 3173  e2 0.86  nF 25.9  pS 0.33  ptS 0.32  fLog 0.72  pdΔ -0.1652  pkR 9.67  clip 0.22  kl +0.014
upd  184  steps 6062080  sps 5717  opp frzn  loss +0.050  pg -0.0027  v 0.274  ev +1.00  adv_std 0.780  tR +0.45  ent[s/d/p/e] 0.44/0.21/0.22/0.02  emits 6.67  spf 267.2  z0 0.00  garr 406.3  tG 3182  e2 0.84  nF 23.8  pS 0.32  ptS 0.30  fLog 0.73  pdΔ -0.1829  pkR 8.39  clip 0.20  kl +0.015
upd  185  steps 6094848  sps 5720  opp buf  loss +0.064  pg -0.0024  v 0.342  ev +0.99  adv_std 0.864  tR +0.20  ent[s/d/p/e] 0.45/0.27/0.20/0.02  emits 6.66  spf 220.8  z0 0.00  garr 420.9  tG 2469  e2 0.83  nF 24.7  pS 0.31  ptS 0.29  fLog 0.71  pdΔ -0.1856  pkR 10.26  clip 0.21  kl +0.016
upd  186  steps 6127616  sps 5723  opp frzn  loss +0.051  pg -0.0016  v 0.270  ev +1.00  adv_std 0.769  tR +0.29  ent[s/d/p/e] 0.44/0.21/0.19/0.02  emits 6.71  spf 250.9  z0 0.00  garr 423.8  tG 2911  e2 0.84  nF 23.5  pS 0.32  ptS 0.30  fLog 0.74  pdΔ -0.1847  pkR 9.20  clip 0.19  kl +0.015
upd  187  steps 6160384  sps 5726  opp buf  loss +0.047  pg -0.0026  v 0.258  ev +1.00  adv_std 0.754  tR +0.12  ent[s/d/p/e] 0.44/0.26/0.22/0.02  emits 6.48  spf 231.8  z0 0.00  garr 383.5  tG 2537  e2 0.80  nF 24.0  pS 0.29  ptS 0.28  fLog 0.71  pdΔ -0.2093  pkR 11.37  clip 0.21  kl +0.014
upd  188  steps 6193152  sps 5728  opp buf  loss +0.032  pg -0.0021  v 0.180  ev +1.00  adv_std 0.636  tR +0.03  ent[s/d/p/e] 0.49/0.30/0.18/0.02  emits 6.88  spf 215.6  z0 0.01  garr 427.6  tG 2567  e2 0.86  nF 29.5  pS 0.30  ptS 0.29  fLog 0.70  pdΔ -0.1958  pkR 7.45  clip 0.21  kl +0.014
upd  189  steps 6225920  sps 5731  opp frzn  loss +0.051  pg -0.0017  v 0.270  ev +1.00  adv_std 0.769  tR +0.07  ent[s/d/p/e] 0.40/0.22/0.19/0.02  emits 6.59  spf 244.6  z0 0.01  garr 377.3  tG 2818  e2 0.82  nF 24.8  pS 0.29  ptS 0.28  fLog 0.72  pdΔ -0.2089  pkR 10.21  clip 0.19  kl +0.016
upd  190  steps 6258688  sps 5734  opp buf  loss +0.051  pg -0.0019  v 0.271  ev +1.00  adv_std 0.772  tR +0.03  ent[s/d/p/e] 0.41/0.27/0.19/0.02  emits 6.53  spf 228.7  z0 0.00  garr 431.9  tG 2402  e2 0.81  nF 22.2  pS 0.26  ptS 0.25  fLog 0.72  pdΔ -0.2405  pkR 8.67  clip 0.19  kl +0.014
upd  191  steps 6291456  sps 5736  opp frzn  loss +0.045  pg -0.0023  v 0.244  ev +1.00  adv_std 0.733  tR +0.24  ent[s/d/p/e] 0.46/0.29/0.17/0.02  emits 6.58  spf 209.2  z0 0.00  garr 424.1  tG 2232  e2 0.82  nF 24.1  pS 0.26  ptS 0.25  fLog 0.70  pdΔ -0.2377  pkR 8.73  clip 0.19  kl +0.016
upd  192  steps 6324224  sps 5739  opp frzn  loss +0.072  pg -0.0021  v 0.381  ev +0.99  adv_std 0.901  tR -0.11  ent[s/d/p/e] 0.43/0.30/0.20/0.02  emits 6.35  spf 226.4  z0 0.00  garr 440.5  tG 2261  e2 0.80  nF 21.0  pS 0.26  ptS 0.25  fLog 0.70  pdΔ -0.2400  pkR 9.96  clip 0.20  kl +0.018
upd  193  steps 6356992  sps 5741  opp frzn  loss +0.089  pg -0.0028  v 0.467  ev +0.99  adv_std 1.005  tR +0.29  ent[s/d/p/e] 0.40/0.30/0.17/0.02  emits 6.45  spf 205.4  z0 0.00  garr 458.3  tG 1947  e2 0.80  nF 18.6  pS 0.25  ptS 0.23  fLog 0.70  pdΔ -0.2543  pkR 6.25  clip 0.18  kl +0.015
upd  194  steps 6389760  sps 5744  opp frzn  loss +0.096  pg -0.0042  v 0.510  ev +0.99  adv_std 1.052  tR +0.18  ent[s/d/p/e] 0.41/0.30/0.19/0.03  emits 6.34  spf 196.6  z0 0.00  garr 441.7  tG 1861  e2 0.80  nF 19.4  pS 0.25  ptS 0.24  fLog 0.70  pdΔ -0.2493  pkR 7.37  clip 0.19  kl +0.014
upd  195  steps 6422528  sps 5746  opp buf  loss +0.068  pg -0.0021  v 0.358  ev +0.99  adv_std 0.878  tR +0.16  ent[s/d/p/e] 0.45/0.35/0.18/0.02  emits 6.69  spf 190.4  z0 0.00  garr 434.9  tG 1955  e2 0.83  nF 23.0  pS 0.26  ptS 0.25  fLog 0.68  pdΔ -0.2394  pkR 5.31  clip 0.20  kl +0.017
upd  196  steps 6455296  sps 5749  opp buf  loss +0.050  pg -0.0036  v 0.279  ev +1.00  adv_std 0.781  tR +0.00  ent[s/d/p/e] 0.55/0.30/0.16/0.02  emits 6.88  spf 187.4  z0 0.00  garr 398.0  tG 2309  e2 0.85  nF 31.1  pS 0.32  ptS 0.31  fLog 0.68  pdΔ -0.1754  pkR 7.74  clip 0.21  kl +0.015
upd  197  steps 6488064  sps 5751  opp frzn  loss +0.085  pg -0.0027  v 0.447  ev +0.99  adv_std 0.977  tR +0.00  ent[s/d/p/e] 0.44/0.26/0.19/0.02  emits 6.49  spf 245.4  z0 0.00  garr 345.9  tG 3069  e2 0.81  nF 25.5  pS 0.35  ptS 0.33  fLog 0.73  pdΔ -0.1516  pkR 8.12  clip 0.20  kl +0.015
upd  198  steps 6520832  sps 5754  opp buf  loss +0.070  pg -0.0026  v 0.372  ev +0.99  adv_std 0.903  tR +0.24  ent[s/d/p/e] 0.49/0.34/0.22/0.02  emits 6.58  spf 215.8  z0 0.00  garr 365.0  tG 2559  e2 0.82  nF 25.3  pS 0.31  ptS 0.29  fLog 0.68  pdΔ -0.1869  pkR 9.80  clip 0.21  kl +0.014
upd  199  steps 6553600  sps 5756  opp frzn  loss +0.053  pg -0.0020  v 0.281  ev +1.00  adv_std 0.783  tR +0.01  ent[s/d/p/e] 0.40/0.26/0.18/0.02  emits 6.52  spf 211.2  z0 0.00  garr 412.5  tG 2290  e2 0.81  nF 22.7  pS 0.27  ptS 0.26  fLog 0.71  pdΔ -0.2298  pkR 11.67  clip 0.19  kl +0.015 WRr 0.97 WRf 0.97
[ckpt] saved ./ckpt_multi_action_v11_buf_from4k/ckpt_000199.pkl
upd  200  steps 6586368  sps 5707  opp buf  loss +0.069  pg -0.0018  v 0.365  ev +0.99  adv_std 0.890  tR +0.01  ent[s/d/p/e] 0.47/0.31/0.20/0.02  emits 6.42  spf 229.5  z0 0.00  garr 426.1  tG 2435  e2 0.80  nF 23.9  pS 0.29  ptS 0.28  fLog 0.69  pdΔ -0.2133  pkR 10.13  clip 0.21  kl +0.014
upd  201  steps 6619136  sps 5709  opp buf  loss +0.043  pg -0.0032  v 0.240  ev +1.00  adv_std 0.726  tR +0.06  ent[s/d/p/e] 0.48/0.31/0.18/0.02  emits 6.70  spf 207.6  z0 0.01  garr 394.1  tG 2534  e2 0.84  nF 28.2  pS 0.32  ptS 0.30  fLog 0.69  pdΔ -0.1831  pkR 7.90  clip 0.21  kl +0.014
upd  202  steps 6651904  sps 5712  opp frzn  loss +0.062  pg -0.0028  v 0.334  ev +0.99  adv_std 0.847  tR +0.19  ent[s/d/p/e] 0.41/0.25/0.19/0.02  emits 6.62  spf 244.5  z0 0.00  garr 388.4  tG 2994  e2 0.83  nF 24.3  pS 0.30  ptS 0.28  fLog 0.72  pdΔ -0.2011  pkR 8.04  clip 0.20  kl +0.016
upd  203  steps 6684672  sps 5714  opp buf  loss +0.056  pg -0.0027  v 0.300  ev +1.00  adv_std 0.812  tR +0.26  ent[s/d/p/e] 0.40/0.26/0.18/0.02  emits 6.55  spf 236.5  z0 0.00  garr 477.4  tG 2579  e2 0.82  nF 20.1  pS 0.28  ptS 0.26  fLog 0.73  pdΔ -0.2231  pkR 9.61  clip 0.18  kl +0.012
upd  204  steps 6717440  sps 5717  opp buf  loss +0.047  pg -0.0031  v 0.258  ev +1.00  adv_std 0.750  tR +0.10  ent[s/d/p/e] 0.39/0.28/0.20/0.02  emits 6.78  spf 240.0  z0 0.00  garr 472.9  tG 2751  e2 0.85  nF 21.3  pS 0.28  ptS 0.27  fLog 0.72  pdΔ -0.2183  pkR 10.76  clip 0.19  kl +0.013
upd  205  steps 6750208  sps 5719  opp buf  loss +0.043  pg -0.0026  v 0.237  ev +1.00  adv_std 0.722  tR +0.00  ent[s/d/p/e] 0.46/0.26/0.18/0.02  emits 6.63  spf 248.5  z0 0.00  garr 404.1  tG 3009  e2 0.82  nF 26.5  pS 0.32  ptS 0.30  fLog 0.73  pdΔ -0.1791  pkR 9.95  clip 0.19  kl +0.012
upd  206  steps 6782976  sps 5722  opp frzn  loss +0.062  pg -0.0024  v 0.332  ev +0.99  adv_std 0.852  tR +0.04  ent[s/d/p/e] 0.47/0.28/0.23/0.02  emits 6.54  spf 241.1  z0 0.00  garr 358.0  tG 2871  e2 0.81  nF 27.0  pS 0.32  ptS 0.30  fLog 0.70  pdΔ -0.1846  pkR 8.46  clip 0.22  kl +0.015
upd  207  steps 6815744  sps 5724  opp frzn  loss +0.103  pg -0.0037  v 0.540  ev +0.99  adv_std 1.077  tR +0.13  ent[s/d/p/e] 0.39/0.26/0.23/0.02  emits 6.41  spf 215.7  z0 0.00  garr 393.2  tG 2273  e2 0.80  nF 22.1  pS 0.27  ptS 0.26  fLog 0.70  pdΔ -0.2274  pkR 11.03  clip 0.18  kl +0.015
upd  208  steps 6848512  sps 5727  opp frzn  loss +0.087  pg -0.0038  v 0.462  ev +0.99  adv_std 1.000  tR +0.06  ent[s/d/p/e] 0.32/0.27/0.20/0.03  emits 6.31  spf 184.5  z0 0.00  garr 426.7  tG 1727  e2 0.79  nF 17.3  pS 0.23  ptS 0.22  fLog 0.70  pdΔ -0.2672  pkR 5.62  clip 0.18  kl +0.014
upd  209  steps 6881280  sps 5729  opp frzn  loss +0.085  pg -0.0018  v 0.441  ev +0.99  adv_std 0.968  tR +0.08  ent[s/d/p/e] 0.34/0.23/0.18/0.02  emits 6.35  spf 194.0  z0 0.00  garr 463.6  tG 1845  e2 0.79  nF 17.8  pS 0.24  ptS 0.23  fLog 0.71  pdΔ -0.2613  pkR 5.59  clip 0.19  kl +0.015
upd  210  steps 6914048  sps 5731  opp buf  loss +0.062  pg -0.0044  v 0.338  ev +0.99  adv_std 0.857  tR +0.01  ent[s/d/p/e] 0.45/0.25/0.18/0.02  emits 6.69  spf 183.3  z0 0.00  garr 440.2  tG 1943  e2 0.83  nF 22.2  pS 0.28  ptS 0.26  fLog 0.69  pdΔ -0.2229  pkR 5.37  clip 0.19  kl +0.011
upd  211  steps 6946816  sps 5734  opp buf  loss +0.058  pg -0.0045  v 0.320  ev +0.99  adv_std 0.828  tR +0.14  ent[s/d/p/e] 0.36/0.16/0.16/0.02  emits 6.69  spf 243.8  z0 0.00  garr 461.3  tG 2790  e2 0.83  nF 19.2  pS 0.30  ptS 0.28  fLog 0.76  pdΔ -0.1997  pkR 7.33  clip 0.17  kl +0.012
upd  212  steps 6979584  sps 5736  opp frzn  loss +0.065  pg -0.0038  v 0.353  ev +0.99  adv_std 0.880  tR +0.24  ent[s/d/p/e] 0.40/0.29/0.23/0.02  emits 6.50  spf 238.9  z0 0.00  garr 396.3  tG 2798  e2 0.81  nF 24.7  pS 0.29  ptS 0.27  fLog 0.70  pdΔ -0.2129  pkR 9.53  clip 0.19  kl +0.014
upd  213  steps 7012352  sps 5738  opp frzn  loss +0.085  pg -0.0023  v 0.445  ev +0.99  adv_std 0.980  tR +0.13  ent[s/d/p/e] 0.40/0.29/0.20/0.02  emits 6.56  spf 191.4  z0 0.00  garr 385.8  tG 2125  e2 0.82  nF 22.2  pS 0.27  ptS 0.25  fLog 0.68  pdΔ -0.2348  pkR 9.86  clip 0.19  kl +0.015
upd  214  steps 7045120  sps 5741  opp buf  loss +0.061  pg -0.0051  v 0.340  ev +0.99  adv_std 0.860  tR +0.06  ent[s/d/p/e] 0.40/0.31/0.19/0.03  emits 6.41  spf 182.3  z0 0.00  garr 445.4  tG 1838  e2 0.80  nF 21.4  pS 0.25  ptS 0.24  fLog 0.69  pdΔ -0.2454  pkR 5.94  clip 0.19  kl +0.012
upd  215  steps 7077888  sps 5743  opp frzn  loss +0.073  pg -0.0042  v 0.396  ev +0.99  adv_std 0.923  tR +0.03  ent[s/d/p/e] 0.39/0.24/0.18/0.02  emits 6.44  spf 218.9  z0 0.00  garr 410.5  tG 2404  e2 0.80  nF 21.1  pS 0.28  ptS 0.27  fLog 0.72  pdΔ -0.2196  pkR 8.62  clip 0.19  kl +0.011
upd  216  steps 7110656  sps 5745  opp buf  loss +0.075  pg -0.0009  v 0.386  ev +0.99  adv_std 0.910  tR +0.01  ent[s/d/p/e] 0.37/0.23/0.16/0.02  emits 6.79  spf 220.2  z0 0.00  garr 451.1  tG 2502  e2 0.85  nF 20.0  pS 0.29  ptS 0.27  fLog 0.72  pdΔ -0.2134  pkR 9.82  clip 0.19  kl +0.014
upd  217  steps 7143424  sps 5747  opp buf  loss +0.052  pg -0.0001  v 0.268  ev +1.00  adv_std 0.762  tR +0.04  ent[s/d/p/e] 0.39/0.21/0.17/0.02  emits 7.00  spf 262.0  z0 0.00  garr 536.5  tG 3103  e2 0.87  nF 21.0  pS 0.30  ptS 0.28  fLog 0.74  pdΔ -0.2034  pkR 7.64  clip 0.20  kl +0.015
upd  218  steps 7176192  sps 5750  opp buf  loss +0.038  pg -0.0036  v 0.218  ev +1.00  adv_std 0.692  tR +0.08  ent[s/d/p/e] 0.47/0.28/0.21/0.01  emits 6.97  spf 245.2  z0 0.00  garr 407.5  tG 3166  e2 0.87  nF 28.9  pS 0.33  ptS 0.31  fLog 0.71  pdΔ -0.1699  pkR 10.65  clip 0.20  kl +0.015
upd  219  steps 7208960  sps 5752  opp frzn  loss +0.081  pg -0.0039  v 0.433  ev +0.99  adv_std 0.967  tR +0.00  ent[s/d/p/e] 0.46/0.29/0.24/0.02  emits 6.31  spf 252.0  z0 0.00  garr 342.3  tG 3069  e2 0.79  nF 27.5  pS 0.32  ptS 0.31  fLog 0.71  pdΔ -0.1840  pkR 9.13  clip 0.21  kl +0.015
upd  220  steps 7241728  sps 5754  opp frzn  loss +0.075  pg -0.0039  v 0.405  ev +0.99  adv_std 0.935  tR +0.32  ent[s/d/p/e] 0.41/0.25/0.21/0.03  emits 6.48  spf 220.8  z0 0.00  garr 412.1  tG 2423  e2 0.81  nF 21.6  pS 0.28  ptS 0.27  fLog 0.71  pdΔ -0.2151  pkR 14.01  clip 0.18  kl +0.013
upd  221  steps 7274496  sps 5756  opp buf  loss +0.060  pg -0.0036  v 0.325  ev +0.99  adv_std 0.839  tR +0.05  ent[s/d/p/e] 0.45/0.26/0.15/0.02  emits 6.87  spf 191.2  z0 0.00  garr 486.2  tG 2079  e2 0.85  nF 22.9  pS 0.29  ptS 0.27  fLog 0.70  pdΔ -0.2136  pkR 6.03  clip 0.18  kl +0.012
upd  222  steps 7307264  sps 5758  opp frzn  loss +0.054  pg -0.0023  v 0.291  ev +1.00  adv_std 0.793  tR +0.15  ent[s/d/p/e] 0.41/0.20/0.17/0.01  emits 6.69  spf 253.5  z0 0.00  garr 487.2  tG 2898  e2 0.83  nF 20.6  pS 0.30  ptS 0.28  fLog 0.75  pdΔ -0.2018  pkR 8.43  clip 0.18  kl +0.013
upd  223  steps 7340032  sps 5760  opp frzn  loss +0.075  pg -0.0028  v 0.395  ev +0.99  adv_std 0.924  tR +0.18  ent[s/d/p/e] 0.35/0.25/0.22/0.02  emits 6.15  spf 233.2  z0 0.00  garr 411.0  tG 2358  e2 0.76  nF 18.2  pS 0.25  ptS 0.24  fLog 0.71  pdΔ -0.2523  pkR 11.66  clip 0.18  kl +0.013
upd  224  steps 7372800  sps 5763  opp buf  loss +0.060  pg -0.0037  v 0.329  ev +0.99  adv_std 0.845  tR +0.16  ent[s/d/p/e] 0.44/0.29/0.16/0.02  emits 6.60  spf 198.7  z0 0.00  garr 448.6  tG 2091  e2 0.82  nF 21.7  pS 0.28  ptS 0.26  fLog 0.70  pdΔ -0.2191  pkR 7.00  clip 0.18  kl +0.013
upd  225  steps 7405568  sps 5765  opp buf  loss +0.049  pg -0.0025  v 0.267  ev +1.00  adv_std 0.762  tR +0.03  ent[s/d/p/e] 0.44/0.23/0.16/0.02  emits 6.68  spf 237.6  z0 0.00  garr 419.5  tG 2903  e2 0.83  nF 23.7  pS 0.32  ptS 0.30  fLog 0.73  pdΔ -0.1787  pkR 9.03  clip 0.19  kl +0.013
upd  226  steps 7438336  sps 5767  opp frzn  loss +0.067  pg -0.0031  v 0.359  ev +0.99  adv_std 0.883  tR +0.09  ent[s/d/p/e] 0.41/0.21/0.18/0.01  emits 6.78  spf 285.2  z0 0.00  garr 451.5  tG 3501  e2 0.84  nF 21.9  pS 0.32  ptS 0.30  fLog 0.75  pdΔ -0.1805  pkR 8.03  clip 0.18  kl +0.013
upd  227  steps 7471104  sps 5769  opp buf  loss +0.055  pg -0.0035  v 0.303  ev +0.99  adv_std 0.808  tR +0.07  ent[s/d/p/e] 0.44/0.29/0.21/0.02  emits 6.43  spf 241.3  z0 0.01  garr 455.0  tG 2603  e2 0.80  nF 22.9  pS 0.27  ptS 0.26  fLog 0.70  pdΔ -0.2277  pkR 12.16  clip 0.19  kl +0.014
upd  228  steps 7503872  sps 5771  opp frzn  loss +0.068  pg -0.0041  v 0.368  ev +0.99  adv_std 0.891  tR +0.20  ent[s/d/p/e] 0.41/0.25/0.16/0.02  emits 6.60  spf 188.9  z0 0.00  garr 423.9  tG 2022  e2 0.82  nF 23.4  pS 0.28  ptS 0.26  fLog 0.71  pdΔ -0.2242  pkR 5.99  clip 0.18  kl +0.011
upd  229  steps 7536640  sps 5773  opp buf  loss +0.074  pg -0.0020  v 0.388  ev +0.99  adv_std 0.913  tR -0.06  ent[s/d/p/e] 0.37/0.28/0.19/0.02  emits 6.69  spf 208.2  z0 0.01  garr 453.1  tG 2304  e2 0.83  nF 21.8  pS 0.27  ptS 0.25  fLog 0.70  pdΔ -0.2257  pkR 8.97  clip 0.18  kl +0.012
upd  230  steps 7569408  sps 5775  opp buf  loss +0.038  pg -0.0040  v 0.220  ev +1.00  adv_std 0.696  tR +0.07  ent[s/d/p/e] 0.45/0.23/0.16/0.02  emits 6.78  spf 239.2  z0 0.00  garr 476.5  tG 2736  e2 0.84  nF 23.0  pS 0.30  ptS 0.29  fLog 0.73  pdΔ -0.1975  pkR 7.61  clip 0.18  kl +0.009
upd  231  steps 7602176  sps 5777  opp frzn  loss +0.058  pg -0.0035  v 0.316  ev +0.99  adv_std 0.826  tR +0.11  ent[s/d/p/e] 0.46/0.27/0.24/0.02  emits 6.53  spf 263.9  z0 0.00  garr 386.0  tG 3166  e2 0.81  nF 24.8  pS 0.31  ptS 0.30  fLog 0.72  pdΔ -0.1870  pkR 10.09  clip 0.20  kl +0.014
upd  232  steps 7634944  sps 5779  opp buf  loss +0.049  pg -0.0038  v 0.274  ev +1.00  adv_std 0.773  tR +0.11  ent[s/d/p/e] 0.47/0.29/0.18/0.02  emits 6.60  spf 195.5  z0 0.01  garr 378.2  tG 2267  e2 0.82  nF 27.0  pS 0.31  ptS 0.29  fLog 0.69  pdΔ -0.1877  pkR 10.72  clip 0.19  kl +0.013
upd  233  steps 7667712  sps 5781  opp frzn  loss +0.060  pg -0.0030  v 0.323  ev +1.00  adv_std 0.835  tR +0.19  ent[s/d/p/e] 0.37/0.24/0.20/0.02  emits 6.61  spf 232.9  z0 0.00  garr 423.7  tG 2783  e2 0.83  nF 23.3  pS 0.30  ptS 0.28  fLog 0.72  pdΔ -0.2048  pkR 10.37  clip 0.18  kl +0.012
upd  234  steps 7700480  sps 5783  opp buf  loss +0.081  pg -0.0033  v 0.432  ev +0.99  adv_std 0.965  tR +0.16  ent[s/d/p/e] 0.44/0.28/0.22/0.02  emits 6.61  spf 219.9  z0 0.00  garr 431.6  tG 2539  e2 0.83  nF 24.6  pS 0.29  ptS 0.28  fLog 0.70  pdΔ -0.2057  pkR 12.38  clip 0.20  kl +0.013
upd  235  steps 7733248  sps 5785  opp frzn  loss +0.064  pg -0.0030  v 0.340  ev +0.99  adv_std 0.855  tR +0.06  ent[s/d/p/e] 0.32/0.18/0.15/0.02  emits 6.58  spf 229.4  z0 0.00  garr 431.7  tG 2490  e2 0.82  nF 17.9  pS 0.27  ptS 0.25  fLog 0.73  pdΔ -0.2292  pkR 9.45  clip 0.16  kl +0.010
upd  236  steps 7766016  sps 5787  opp frzn  loss +0.071  pg -0.0033  v 0.378  ev +0.99  adv_std 0.902  tR +0.01  ent[s/d/p/e] 0.31/0.17/0.18/0.02  emits 6.50  spf 242.2  z0 0.00  garr 500.8  tG 2481  e2 0.81  nF 14.4  pS 0.24  ptS 0.23  fLog 0.74  pdΔ -0.2579  pkR 10.66  clip 0.16  kl +0.012
upd  237  steps 7798784  sps 5788  opp buf  loss +0.063  pg -0.0028  v 0.337  ev +0.99  adv_std 0.854  tR +0.08  ent[s/d/p/e] 0.41/0.24/0.17/0.02  emits 6.65  spf 212.8  z0 0.00  garr 500.6  tG 2146  e2 0.83  nF 21.1  pS 0.27  ptS 0.25  fLog 0.71  pdΔ -0.2317  pkR 6.71  clip 0.18  kl +0.013
upd  238  steps 7831552  sps 5790  opp frzn  loss +0.069  pg -0.0029  v 0.369  ev +0.99  adv_std 0.897  tR -0.05  ent[s/d/p/e] 0.41/0.23/0.17/0.02  emits 6.78  spf 213.7  z0 0.00  garr 409.5  tG 2546  e2 0.84  nF 25.3  pS 0.31  ptS 0.29  fLog 0.71  pdΔ -0.1880  pkR 11.36  clip 0.17  kl +0.012
upd  239  steps 7864320  sps 5792  opp buf  loss +0.063  pg -0.0021  v 0.334  ev +0.99  adv_std 0.849  tR +0.04  ent[s/d/p/e] 0.44/0.28/0.21/0.02  emits 6.84  spf 241.5  z0 0.00  garr 438.5  tG 2925  e2 0.86  nF 24.4  pS 0.32  ptS 0.31  fLog 0.71  pdΔ -0.1788  pkR 12.77  clip 0.19  kl +0.014
upd  240  steps 7897088  sps 5794  opp frzn  loss +0.054  pg -0.0032  v 0.295  ev +0.99  adv_std 0.796  tR +0.22  ent[s/d/p/e] 0.35/0.19/0.16/0.02  emits 6.66  spf 240.2  z0 0.00  garr 442.5  tG 2730  e2 0.83  nF 18.9  pS 0.30  ptS 0.28  fLog 0.73  pdΔ -0.2028  pkR 8.61  clip 0.16  kl +0.010
upd  241  steps 7929856  sps 5796  opp buf  loss +0.087  pg -0.0042  v 0.462  ev +0.99  adv_std 0.994  tR +0.32  ent[s/d/p/e] 0.38/0.26/0.21/0.02  emits 6.37  spf 224.1  z0 0.01  garr 423.3  tG 2459  e2 0.79  nF 21.4  pS 0.29  ptS 0.27  fLog 0.71  pdΔ -0.2118  pkR 8.97  clip 0.19  kl +0.012
upd  242  steps 7962624  sps 5798  opp buf  loss +0.051  pg -0.0046  v 0.286  ev +0.99  adv_std 0.791  tR +0.02  ent[s/d/p/e] 0.40/0.23/0.16/0.02  emits 6.81  spf 215.5  z0 0.00  garr 415.3  tG 2556  e2 0.85  nF 22.6  pS 0.30  ptS 0.28  fLog 0.71  pdΔ -0.2012  pkR 9.12  clip 0.17  kl +0.011
upd  243  steps 7995392  sps 5800  opp buf  loss +0.058  pg -0.0028  v 0.312  ev +0.99  adv_std 0.822  tR +0.09  ent[s/d/p/e] 0.40/0.19/0.20/0.02  emits 6.99  spf 244.9  z0 0.00  garr 449.9  tG 2986  e2 0.88  nF 22.4  pS 0.31  ptS 0.30  fLog 0.74  pdΔ -0.1878  pkR 9.20  clip 0.17  kl +0.012
upd  244  steps 8028160  sps 5801  opp frzn  loss +0.067  pg -0.0028  v 0.358  ev +0.99  adv_std 0.876  tR +0.22  ent[s/d/p/e] 0.35/0.20/0.21/0.02  emits 6.71  spf 241.0  z0 0.00  garr 422.7  tG 2759  e2 0.84  nF 21.3  pS 0.29  ptS 0.27  fLog 0.73  pdΔ -0.2144  pkR 9.95  clip 0.17  kl +0.012
upd  245  steps 8060928  sps 5803  opp frzn  loss +0.053  pg -0.0049  v 0.298  ev +0.99  adv_std 0.808  tR +0.12  ent[s/d/p/e] 0.32/0.22/0.20/0.02  emits 6.37  spf 233.3  z0 0.00  garr 440.0  tG 2417  e2 0.79  nF 17.1  pS 0.26  ptS 0.24  fLog 0.72  pdΔ -0.2408  pkR 10.26  clip 0.16  kl +0.011
upd  246  steps 8093696  sps 5805  opp frzn  loss +0.083  pg -0.0042  v 0.441  ev +0.99  adv_std 0.976  tR -0.04  ent[s/d/p/e] 0.33/0.24/0.18/0.03  emits 6.44  spf 189.5  z0 0.00  garr 486.3  tG 1792  e2 0.80  nF 16.4  pS 0.23  ptS 0.22  fLog 0.70  pdΔ -0.2691  pkR 7.22  clip 0.17  kl +0.013
upd  247  steps 8126464  sps 5807  opp frzn  loss +0.073  pg -0.0027  v 0.384  ev +0.99  adv_std 0.910  tR +0.09  ent[s/d/p/e] 0.29/0.23/0.17/0.02  emits 6.33  spf 201.1  z0 0.00  garr 485.8  tG 1861  e2 0.79  nF 14.8  pS 0.23  ptS 0.22  fLog 0.72  pdΔ -0.2714  pkR 5.90  clip 0.15  kl +0.010
upd  248  steps 8159232  sps 5809  opp frzn  loss +0.074  pg -0.0041  v 0.398  ev +0.99  adv_std 0.924  tR +0.00  ent[s/d/p/e] 0.32/0.29/0.19/0.02  emits 6.25  spf 197.1  z0 0.00  garr 455.0  tG 1807  e2 0.77  nF 18.7  pS 0.23  ptS 0.22  fLog 0.69  pdΔ -0.2719  pkR 6.66  clip 0.16  kl +0.013
upd  249  steps 8192000  sps 5810  opp buf  loss +0.091  pg -0.0019  v 0.473  ev +0.99  adv_std 1.002  tR +0.09  ent[s/d/p/e] 0.38/0.26/0.17/0.02  emits 6.43  spf 201.7  z0 0.00  garr 448.1  tG 2021  e2 0.80  nF 21.4  pS 0.27  ptS 0.26  fLog 0.71  pdΔ -0.2252  pkR 6.24  clip 0.17  kl +0.010 WRr 0.97 WRf 0.94
upd  250  steps 8224768  sps 5768  opp buf  loss +0.063  pg -0.0028  v 0.339  ev +0.99  adv_std 0.859  tR +0.14  ent[s/d/p/e] 0.41/0.27/0.20/0.02  emits 6.67  spf 207.2  z0 0.00  garr 399.4  tG 2393  e2 0.83  nF 27.0  pS 0.30  ptS 0.28  fLog 0.70  pdΔ -0.2008  pkR 7.22  clip 0.19  kl +0.011
upd  251  steps 8257536  sps 5770  opp frzn  loss +0.056  pg -0.0042  v 0.307  ev +0.99  adv_std 0.816  tR -0.01  ent[s/d/p/e] 0.39/0.21/0.21/0.02  emits 6.42  spf 247.0  z0 0.00  garr 376.3  tG 2761  e2 0.80  nF 22.9  pS 0.29  ptS 0.28  fLog 0.72  pdΔ -0.2065  pkR 7.75  clip 0.18  kl +0.013
upd  252  steps 8290304  sps 5772  opp buf  loss +0.066  pg -0.0038  v 0.359  ev +0.99  adv_std 0.882  tR +0.15  ent[s/d/p/e] 0.41/0.25/0.18/0.02  emits 6.76  spf 221.9  z0 0.00  garr 420.7  tG 2495  e2 0.84  nF 22.1  pS 0.30  ptS 0.29  fLog 0.71  pdΔ -0.1979  pkR 9.56  clip 0.17  kl +0.010
upd  253  steps 8323072  sps 5773  opp buf  loss +0.056  pg -0.0037  v 0.305  ev +0.99  adv_std 0.816  tR +0.03  ent[s/d/p/e] 0.42/0.24/0.20/0.01  emits 7.13  spf 245.5  z0 0.00  garr 461.0  tG 2987  e2 0.89  nF 22.8  pS 0.33  ptS 0.31  fLog 0.73  pdΔ -0.1695  pkR 8.00  clip 0.19  kl +0.013
upd  254  steps 8355840  sps 5775  opp buf  loss +0.048  pg -0.0026  v 0.260  ev +1.00  adv_std 0.750  tR +0.19  ent[s/d/p/e] 0.41/0.21/0.19/0.01  emits 6.97  spf 250.9  z0 0.00  garr 379.7  tG 3184  e2 0.87  nF 25.4  pS 0.35  ptS 0.33  fLog 0.74  pdΔ -0.1464  pkR 7.47  clip 0.18  kl +0.009
upd  255  steps 8388608  sps 5777  opp buf  loss +0.047  pg -0.0024  v 0.254  ev +1.00  adv_std 0.746  tR +0.01  ent[s/d/p/e] 0.44/0.20/0.22/0.01  emits 7.08  spf 266.8  z0 0.00  garr 395.9  tG 3360  e2 0.89  nF 25.3  pS 0.34  ptS 0.33  fLog 0.73  pdΔ -0.1564  pkR 7.09  clip 0.19  kl +0.012
upd  256  steps 8421376  sps 5779  opp frzn  loss +0.045  pg -0.0021  v 0.244  ev +1.00  adv_std 0.731  tR +0.19  ent[s/d/p/e] 0.30/0.19/0.17/0.02  emits 6.88  spf 247.8  z0 0.00  garr 408.6  tG 2922  e2 0.86  nF 22.4  pS 0.30  ptS 0.28  fLog 0.74  pdΔ -0.1983  pkR 10.39  clip 0.15  kl +0.010
upd  257  steps 8454144  sps 5781  opp frzn  loss +0.074  pg -0.0042  v 0.398  ev +0.99  adv_std 0.927  tR +0.06  ent[s/d/p/e] 0.34/0.24/0.18/0.02  emits 6.50  spf 254.8  z0 0.00  garr 492.9  tG 2610  e2 0.81  nF 19.9  pS 0.26  ptS 0.24  fLog 0.72  pdΔ -0.2445  pkR 9.23  clip 0.16  kl +0.010
upd  258  steps 8486912  sps 5782  opp frzn  loss +0.073  pg -0.0041  v 0.394  ev +0.99  adv_std 0.921  tR -0.07  ent[s/d/p/e] 0.33/0.26/0.17/0.02  emits 6.30  spf 184.2  z0 0.00  garr 482.6  tG 1681  e2 0.79  nF 18.2  pS 0.22  ptS 0.21  fLog 0.70  pdΔ -0.2795  pkR 5.52  clip 0.15  kl +0.012
upd  259  steps 8519680  sps 5784  opp frzn  loss +0.088  pg -0.0024  v 0.460  ev +0.99  adv_std 0.995  tR +0.08  ent[s/d/p/e] 0.35/0.29/0.20/0.02  emits 6.47  spf 190.5  z0 0.00  garr 493.4  tG 1799  e2 0.81  nF 17.7  pS 0.24  ptS 0.22  fLog 0.69  pdΔ -0.2638  pkR 4.67  clip 0.17  kl +0.013
upd  260  steps 8552448  sps 5786  opp frzn  loss +0.050  pg -0.0040  v 0.280  ev +0.99  adv_std 0.779  tR -0.24  ent[s/d/p/e] 0.32/0.24/0.17/0.02  emits 6.64  spf 203.8  z0 0.00  garr 510.8  tG 1943  e2 0.83  nF 16.9  pS 0.23  ptS 0.22  fLog 0.72  pdΔ -0.2681  pkR 4.81  clip 0.15  kl +0.009
upd  261  steps 8585216  sps 5788  opp frzn  loss +0.096  pg -0.0040  v 0.508  ev +0.99  adv_std 1.044  tR +0.14  ent[s/d/p/e] 0.34/0.26/0.21/0.03  emits 6.23  spf 208.3  z0 0.00  garr 489.8  tG 1865  e2 0.77  nF 18.4  pS 0.23  ptS 0.22  fLog 0.71  pdΔ -0.2724  pkR 5.89  clip 0.17  kl +0.011
upd  262  steps 8617984  sps 5789  opp buf  loss +0.067  pg -0.0048  v 0.368  ev +0.99  adv_std 0.890  tR +0.12  ent[s/d/p/e] 0.34/0.24/0.18/0.02  emits 6.83  spf 198.4  z0 0.00  garr 445.5  tG 2013  e2 0.85  nF 19.0  pS 0.26  ptS 0.25  fLog 0.72  pdΔ -0.2353  pkR 6.17  clip 0.16  kl +0.010
upd  263  steps 8650752  sps 5791  opp frzn  loss +0.058  pg -0.0031  v 0.313  ev +0.99  adv_std 0.817  tR +0.11  ent[s/d/p/e] 0.33/0.17/0.16/0.02  emits 6.65  spf 222.3  z0 0.00  garr 424.2  tG 2277  e2 0.83  nF 18.2  pS 0.27  ptS 0.25  fLog 0.74  pdΔ -0.2278  pkR 4.91  clip 0.15  kl +0.010
upd  264  steps 8683520  sps 5793  opp buf  loss +0.065  pg -0.0031  v 0.350  ev +0.99  adv_std 0.862  tR +0.03  ent[s/d/p/e] 0.36/0.22/0.16/0.02  emits 6.80  spf 242.9  z0 0.00  garr 486.7  tG 2576  e2 0.85  nF 20.4  pS 0.28  ptS 0.26  fLog 0.74  pdΔ -0.2228  pkR 6.62  clip 0.17  kl +0.011
upd  265  steps 8716288  sps 5794  opp buf  loss +0.059  pg -0.0040  v 0.325  ev +0.99  adv_std 0.841  tR -0.01  ent[s/d/p/e] 0.40/0.23/0.20/0.02  emits 6.64  spf 243.4  z0 0.00  garr 440.8  tG 2682  e2 0.82  nF 23.5  pS 0.30  ptS 0.29  fLog 0.73  pdΔ -0.1971  pkR 11.09  clip 0.17  kl +0.013
upd  266  steps 8749056  sps 5796  opp frzn  loss +0.069  pg -0.0041  v 0.375  ev +0.99  adv_std 0.903  tR +0.17  ent[s/d/p/e] 0.35/0.21/0.21/0.02  emits 6.67  spf 243.4  z0 0.00  garr 401.2  tG 2704  e2 0.83  nF 21.7  pS 0.29  ptS 0.28  fLog 0.73  pdΔ -0.2088  pkR 10.20  clip 0.16  kl +0.010
upd  267  steps 8781824  sps 5798  opp buf  loss +0.061  pg -0.0041  v 0.332  ev +0.99  adv_std 0.851  tR +0.12  ent[s/d/p/e] 0.40/0.30/0.20/0.02  emits 6.46  spf 220.7  z0 0.01  garr 418.6  tG 2267  e2 0.80  nF 24.7  pS 0.28  ptS 0.26  fLog 0.69  pdΔ -0.2231  pkR 9.28  clip 0.17  kl +0.011
upd  268  steps 8814592  sps 5799  opp frzn  loss +0.052  pg -0.0044  v 0.287  ev +1.00  adv_std 0.790  tR -0.09  ent[s/d/p/e] 0.30/0.23/0.16/0.02  emits 6.60  spf 222.9  z0 0.00  garr 384.4  tG 2523  e2 0.83  nF 20.5  pS 0.29  ptS 0.28  fLog 0.72  pdΔ -0.2058  pkR 12.01  clip 0.14  kl +0.009
upd  269  steps 8847360  sps 5801  opp buf  loss +0.059  pg -0.0035  v 0.318  ev +0.99  adv_std 0.827  tR -0.09  ent[s/d/p/e] 0.36/0.23/0.20/0.02  emits 6.64  spf 240.3  z0 0.00  garr 409.0  tG 2605  e2 0.83  nF 20.8  pS 0.28  ptS 0.27  fLog 0.71  pdΔ -0.2188  pkR 8.99  clip 0.16  kl +0.009
upd  270  steps 8880128  sps 5803  opp buf  loss +0.049  pg -0.0054  v 0.281  ev +0.99  adv_std 0.779  tR +0.08  ent[s/d/p/e] 0.34/0.18/0.18/0.02  emits 6.91  spf 222.4  z0 0.00  garr 450.3  tG 2481  e2 0.86  nF 20.8  pS 0.29  ptS 0.26  fLog 0.73  pdΔ -0.2148  pkR 8.55  clip 0.15  kl +0.010
upd  271  steps 8912896  sps 5804  opp frzn  loss +0.066  pg -0.0039  v 0.359  ev +0.99  adv_std 0.877  tR -0.08  ent[s/d/p/e] 0.32/0.18/0.19/0.02  emits 6.76  spf 236.0  z0 0.00  garr 418.0  tG 2594  e2 0.84  nF 20.5  pS 0.28  ptS 0.26  fLog 0.73  pdΔ -0.2246  pkR 8.53  clip 0.16  kl +0.011
upd  272  steps 8945664  sps 5806  opp buf  loss +0.077  pg -0.0027  v 0.405  ev +0.99  adv_std 0.928  tR +0.16  ent[s/d/p/e] 0.33/0.23/0.21/0.02  emits 6.79  spf 204.3  z0 0.00  garr 408.4  tG 2160  e2 0.85  nF 20.8  pS 0.26  ptS 0.25  fLog 0.71  pdΔ -0.2364  pkR 7.24  clip 0.16  kl +0.010
upd  273  steps 8978432  sps 5808  opp frzn  loss +0.067  pg -0.0052  v 0.371  ev +0.99  adv_std 0.893  tR -0.13  ent[s/d/p/e] 0.33/0.21/0.21/0.02  emits 6.44  spf 219.0  z0 0.01  garr 439.1  tG 2187  e2 0.79  nF 19.1  pS 0.24  ptS 0.23  fLog 0.72  pdΔ -0.2595  pkR 7.38  clip 0.16  kl +0.009
upd  274  steps 9011200  sps 5809  opp buf  loss +0.061  pg -0.0046  v 0.337  ev +0.99  adv_std 0.854  tR -0.33  ent[s/d/p/e] 0.36/0.24/0.22/0.02  emits 6.75  spf 216.2  z0 0.00  garr 445.3  tG 2296  e2 0.84  nF 22.4  pS 0.26  ptS 0.26  fLog 0.71  pdΔ -0.2353  pkR 10.52  clip 0.16  kl +0.010
upd  275  steps 9043968  sps 5811  opp buf  loss +0.051  pg -0.0035  v 0.283  ev +1.00  adv_std 0.786  tR -0.08  ent[s/d/p/e] 0.43/0.29/0.19/0.02  emits 6.94  spf 197.9  z0 0.00  garr 401.6  tG 2268  e2 0.87  nF 25.6  pS 0.30  ptS 0.29  fLog 0.69  pdΔ -0.1975  pkR 6.25  clip 0.17  kl +0.013
upd  276  steps 9076736  sps 5812  opp frzn  loss +0.053  pg -0.0038  v 0.290  ev +0.99  adv_std 0.793  tR -0.02  ent[s/d/p/e] 0.33/0.18/0.19/0.02  emits 6.81  spf 248.2  z0 0.00  garr 451.5  tG 2854  e2 0.85  nF 20.4  pS 0.29  ptS 0.27  fLog 0.74  pdΔ -0.2072  pkR 8.72  clip 0.16  kl +0.008
upd  277  steps 9109504  sps 5814  opp frzn  loss +0.067  pg -0.0049  v 0.367  ev +0.99  adv_std 0.890  tR +0.03  ent[s/d/p/e] 0.31/0.23/0.19/0.02  emits 6.30  spf 231.9  z0 0.00  garr 463.8  tG 2217  e2 0.78  nF 17.8  pS 0.25  ptS 0.23  fLog 0.72  pdΔ -0.2515  pkR 9.71  clip 0.15  kl +0.012
upd  278  steps 9142272  sps 5815  opp frzn  loss +0.066  pg -0.0042  v 0.360  ev +0.99  adv_std 0.882  tR +0.05  ent[s/d/p/e] 0.35/0.24/0.18/0.02  emits 6.51  spf 217.0  z0 0.00  garr 502.3  tG 2030  e2 0.80  nF 18.6  pS 0.24  ptS 0.23  fLog 0.73  pdΔ -0.2619  pkR 5.11  clip 0.15  kl +0.009
upd  279  steps 9175040  sps 5817  opp frzn  loss +0.069  pg -0.0046  v 0.373  ev +0.99  adv_std 0.899  tR +0.05  ent[s/d/p/e] 0.30/0.22/0.19/0.02  emits 6.25  spf 206.3  z0 0.00  garr 489.7  tG 1821  e2 0.77  nF 16.8  pS 0.21  ptS 0.20  fLog 0.71  pdΔ -0.2878  pkR 6.82  clip 0.14  kl +0.009
upd  280  steps 9207808  sps 5818  opp frzn  loss +0.067  pg -0.0044  v 0.364  ev +0.99  adv_std 0.887  tR -0.14  ent[s/d/p/e] 0.34/0.31/0.17/0.02  emits 6.23  spf 205.1  z0 0.00  garr 492.6  tG 1873  e2 0.76  nF 20.8  pS 0.23  ptS 0.22  fLog 0.70  pdΔ -0.2723  pkR 5.44  clip 0.15  kl +0.011
upd  281  steps 9240576  sps 5820  opp buf  loss +0.060  pg -0.0057  v 0.339  ev +0.99  adv_std 0.860  tR -0.09  ent[s/d/p/e] 0.49/0.36/0.22/0.02  emits 6.46  spf 174.7  z0 0.01  garr 386.4  tG 1813  e2 0.80  nF 29.8  pS 0.28  ptS 0.27  fLog 0.65  pdΔ -0.2166  pkR 5.65  clip 0.18  kl +0.010
upd  282  steps 9273344  sps 5821  opp buf  loss +0.053  pg -0.0044  v 0.297  ev +1.00  adv_std 0.805  tR +0.05  ent[s/d/p/e] 0.40/0.24/0.19/0.02  emits 6.78  spf 232.3  z0 0.01  garr 386.5  tG 2827  e2 0.84  nF 25.2  pS 0.32  ptS 0.30  fLog 0.72  pdΔ -0.1765  pkR 8.33  clip 0.17  kl +0.011
upd  283  steps 9306112  sps 5823  opp frzn  loss +0.065  pg -0.0031  v 0.350  ev +0.99  adv_std 0.873  tR -0.01  ent[s/d/p/e] 0.35/0.22/0.22/0.02  emits 6.47  spf 270.6  z0 0.00  garr 375.9  tG 3103  e2 0.80  nF 20.0  pS 0.28  ptS 0.27  fLog 0.72  pdΔ -0.2161  pkR 9.50  clip 0.15  kl +0.012
upd  284  steps 9338880  sps 5824  opp frzn  loss +0.079  pg -0.0050  v 0.428  ev +0.99  adv_std 0.960  tR -0.08  ent[s/d/p/e] 0.32/0.23/0.20/0.02  emits 6.57  spf 228.2  z0 0.00  garr 465.9  tG 2328  e2 0.82  nF 18.6  pS 0.25  ptS 0.23  fLog 0.72  pdΔ -0.2496  pkR 12.81  clip 0.15  kl +0.011
upd  285  steps 9371648  sps 5826  opp buf  loss +0.056  pg -0.0056  v 0.319  ev +0.99  adv_std 0.833  tR +0.23  ent[s/d/p/e] 0.40/0.31/0.22/0.02  emits 6.69  spf 171.5  z0 0.00  garr 432.6  tG 1765  e2 0.83  nF 25.2  pS 0.26  ptS 0.24  fLog 0.67  pdΔ -0.2401  pkR 5.90  clip 0.16  kl +0.011
upd  286  steps 9404416  sps 5827  opp frzn  loss +0.059  pg -0.0044  v 0.326  ev +0.99  adv_std 0.842  tR -0.06  ent[s/d/p/e] 0.34/0.18/0.18/0.02  emits 6.84  spf 228.1  z0 0.00  garr 479.1  tG 2538  e2 0.85  nF 21.6  pS 0.28  ptS 0.26  fLog 0.73  pdΔ -0.2224  pkR 6.62  clip 0.14  kl +0.009
upd  287  steps 9437184  sps 5829  opp frzn  loss +0.075  pg -0.0038  v 0.399  ev +0.99  adv_std 0.925  tR +0.12  ent[s/d/p/e] 0.31/0.25/0.20/0.02  emits 6.40  spf 217.8  z0 0.00  garr 423.7  tG 2227  e2 0.79  nF 19.4  pS 0.24  ptS 0.23  fLog 0.71  pdΔ -0.2555  pkR 11.65  clip 0.14  kl +0.009
upd  288  steps 9469952  sps 5830  opp frzn  loss +0.054  pg -0.0045  v 0.299  ev +0.99  adv_std 0.802  tR +0.05  ent[s/d/p/e] 0.32/0.23/0.17/0.02  emits 6.44  spf 215.3  z0 0.00  garr 487.4  tG 2020  e2 0.80  nF 18.1  pS 0.23  ptS 0.22  fLog 0.72  pdΔ -0.2673  pkR 6.03  clip 0.14  kl +0.010
upd  289  steps 9502720  sps 5832  opp buf  loss +0.069  pg -0.0051  v 0.379  ev +0.99  adv_std 0.900  tR +0.14  ent[s/d/p/e] 0.34/0.30/0.19/0.02  emits 6.52  spf 185.6  z0 0.00  garr 437.9  tG 1863  e2 0.81  nF 21.6  pS 0.25  ptS 0.23  fLog 0.68  pdΔ -0.2542  pkR 6.82  clip 0.15  kl +0.009
upd  290  steps 9535488  sps 5833  opp frzn  loss +0.047  pg -0.0049  v 0.268  ev +1.00  adv_std 0.767  tR +0.16  ent[s/d/p/e] 0.38/0.23/0.18/0.02  emits 6.34  spf 209.5  z0 0.00  garr 407.8  tG 2313  e2 0.78  nF 25.3  pS 0.26  ptS 0.25  fLog 0.70  pdΔ -0.2373  pkR 10.21  clip 0.15  kl +0.010
upd  291  steps 9568256  sps 5835  opp buf  loss +0.074  pg -0.0049  v 0.406  ev +0.99  adv_std 0.931  tR +0.10  ent[s/d/p/e] 0.40/0.29/0.21/0.02  emits 6.35  spf 201.7  z0 0.01  garr 378.5  tG 2150  e2 0.78  nF 24.3  pS 0.28  ptS 0.27  fLog 0.69  pdΔ -0.2167  pkR 11.35  clip 0.16  kl +0.009
upd  292  steps 9601024  sps 5836  opp buf  loss +0.054  pg -0.0031  v 0.293  ev +0.99  adv_std 0.797  tR +0.14  ent[s/d/p/e] 0.44/0.25/0.18/0.02  emits 6.80  spf 214.3  z0 0.00  garr 407.2  tG 2678  e2 0.85  nF 27.3  pS 0.35  ptS 0.33  fLog 0.70  pdΔ -0.1531  pkR 8.50  clip 0.17  kl +0.010
upd  293  steps 9633792  sps 5837  opp frzn  loss +0.057  pg -0.0038  v 0.314  ev +1.00  adv_std 0.820  tR +0.25  ent[s/d/p/e] 0.35/0.21/0.20/0.02  emits 6.47  spf 247.4  z0 0.00  garr 370.1  tG 2982  e2 0.80  nF 22.7  pS 0.30  ptS 0.28  fLog 0.72  pdΔ -0.1986  pkR 9.59  clip 0.16  kl +0.008
upd  294  steps 9666560  sps 5839  opp buf  loss +0.055  pg -0.0057  v 0.312  ev +0.99  adv_std 0.828  tR +0.03  ent[s/d/p/e] 0.39/0.31/0.23/0.02  emits 6.39  spf 214.5  z0 0.00  garr 408.9  tG 2291  e2 0.79  nF 24.9  pS 0.27  ptS 0.25  fLog 0.69  pdΔ -0.2293  pkR 10.10  clip 0.16  kl +0.009
upd  295  steps 9699328  sps 5840  opp buf  loss +0.060  pg -0.0053  v 0.335  ev +0.99  adv_std 0.851  tR +0.00  ent[s/d/p/e] 0.45/0.27/0.18/0.01  emits 6.55  spf 197.6  z0 0.00  garr 364.2  tG 2276  e2 0.80  nF 28.2  pS 0.31  ptS 0.30  fLog 0.70  pdΔ -0.1896  pkR 6.47  clip 0.15  kl +0.011
upd  296  steps 9732096  sps 5841  opp frzn  loss +0.059  pg -0.0035  v 0.323  ev +1.00  adv_std 0.837  tR +0.19  ent[s/d/p/e] 0.39/0.24/0.20/0.02  emits 6.31  spf 250.7  z0 0.00  garr 383.6  tG 2760  e2 0.78  nF 23.9  pS 0.28  ptS 0.27  fLog 0.72  pdΔ -0.2226  pkR 9.59  clip 0.15  kl +0.011
upd  297  steps 9764864  sps 5843  opp frzn  loss +0.083  pg -0.0048  v 0.445  ev +0.99  adv_std 0.979  tR -0.08  ent[s/d/p/e] 0.33/0.30/0.20/0.02  emits 6.28  spf 188.7  z0 0.00  garr 407.8  tG 1872  e2 0.78  nF 21.5  pS 0.23  ptS 0.22  fLog 0.67  pdΔ -0.2724  pkR 12.75  clip 0.15  kl +0.008
upd  298  steps 9797632  sps 5844  opp frzn  loss +0.081  pg -0.0062  v 0.444  ev +0.99  adv_std 0.974  tR -0.21  ent[s/d/p/e] 0.36/0.30/0.20/0.02  emits 6.21  spf 177.5  z0 0.00  garr 452.0  tG 1659  e2 0.76  nF 20.9  pS 0.24  ptS 0.22  fLog 0.69  pdΔ -0.2637  pkR 5.96  clip 0.15  kl +0.008
upd  299  steps 9830400  sps 5845  opp frzn  loss +0.074  pg -0.0041  v 0.400  ev +0.99  adv_std 0.931  tR +0.19  ent[s/d/p/e] 0.39/0.28/0.19/0.02  emits 6.34  spf 191.5  z0 0.00  garr 430.3  tG 1817  e2 0.78  nF 21.4  pS 0.25  ptS 0.24  fLog 0.69  pdΔ -0.2531  pkR 7.14  clip 0.15  kl +0.008 WRr 1.00 WRf 0.97
[ckpt] saved ./ckpt_multi_action_v11_buf_from4k/ckpt_000299.pkl
upd  300  steps 9863168  sps 5811  opp buf  loss +0.073  pg -0.0031  v 0.388  ev +0.99  adv_std 0.910  tR +0.09  ent[s/d/p/e] 0.34/0.22/0.17/0.02  emits 6.92  spf 188.4  z0 0.00  garr 465.0  tG 1964  e2 0.87  nF 20.1  pS 0.25  ptS 0.24  fLog 0.71  pdΔ -0.2462  pkR 5.88  clip 0.15  kl +0.009
upd  301  steps 9895936  sps 5813  opp frzn  loss +0.059  pg -0.0039  v 0.323  ev +0.99  adv_std 0.834  tR -0.07  ent[s/d/p/e] 0.34/0.19/0.17/0.01  emits 6.99  spf 220.7  z0 0.00  garr 468.2  tG 2594  e2 0.89  nF 18.9  pS 0.27  ptS 0.25  fLog 0.73  pdΔ -0.2342  pkR 8.07  clip 0.14  kl +0.008
upd  302  steps 9928704  sps 5814  opp buf  loss +0.057  pg -0.0025  v 0.303  ev +0.99  adv_std 0.807  tR -0.01  ent[s/d/p/e] 0.29/0.18/0.17/0.02  emits 6.97  spf 229.8  z0 0.00  garr 527.8  tG 2544  e2 0.88  nF 17.3  pS 0.25  ptS 0.24  fLog 0.74  pdΔ -0.2467  pkR 10.47  clip 0.13  kl +0.008
upd  303  steps 9961472  sps 5816  opp frzn  loss +0.063  pg -0.0050  v 0.349  ev +0.99  adv_std 0.870  tR +0.34  ent[s/d/p/e] 0.34/0.21/0.15/0.02  emits 6.74  spf 220.7  z0 0.00  garr 474.7  tG 2443  e2 0.84  nF 21.2  pS 0.27  ptS 0.25  fLog 0.72  pdΔ -0.2290  pkR 6.57  clip 0.14  kl +0.008
upd  304  steps 9994240  sps 5817  opp buf  loss +0.047  pg -0.0039  v 0.264  ev +1.00  adv_std 0.752  tR +0.10  ent[s/d/p/e] 0.33/0.18/0.17/0.01  emits 6.81  spf 257.0  z0 0.01  garr 479.1  tG 2959  e2 0.85  nF 18.5  pS 0.28  ptS 0.27  fLog 0.74  pdΔ -0.2174  pkR 8.31  clip 0.14  kl +0.006
upd  305  steps 10027008  sps 5818  opp buf  loss +0.055  pg -0.0048  v 0.307  ev +0.99  adv_std 0.811  tR +0.03  ent[s/d/p/e] 0.40/0.21/0.15/0.02  emits 6.84  spf 230.4  z0 0.00  garr 459.1  tG 2659  e2 0.85  nF 22.2  pS 0.29  ptS 0.27  fLog 0.73  pdΔ -0.2141  pkR 9.55  clip 0.14  kl +0.007
upd  306  steps 10059776  sps 5820  opp frzn  loss +0.059  pg -0.0047  v 0.325  ev +0.99  adv_std 0.838  tR +0.16  ent[s/d/p/e] 0.38/0.20/0.17/0.01  emits 6.71  spf 252.1  z0 0.00  garr 431.5  tG 2929  e2 0.83  nF 21.3  pS 0.28  ptS 0.27  fLog 0.73  pdΔ -0.2152  pkR 8.66  clip 0.15  kl +0.010
upd  307  steps 10092544  sps 5821  opp frzn  loss +0.069  pg -0.0057  v 0.383  ev +0.99  adv_std 0.914  tR +0.05  ent[s/d/p/e] 0.33/0.23/0.20/0.02  emits 6.55  spf 210.8  z0 0.00  garr 469.0  tG 2178  e2 0.81  nF 18.3  pS 0.24  ptS 0.23  fLog 0.71  pdΔ -0.2558  pkR 9.87  clip 0.14  kl +0.007
upd  308  steps 10125312  sps 5822  opp buf  loss +0.043  pg -0.0057  v 0.250  ev +1.00  adv_std 0.740  tR +0.25  ent[s/d/p/e] 0.38/0.23/0.16/0.02  emits 6.84  spf 221.1  z0 0.00  garr 526.1  tG 2274  e2 0.85  nF 20.2  pS 0.27  ptS 0.25  fLog 0.73  pdΔ -0.2288  pkR 5.47  clip 0.14  kl +0.006
upd  309  steps 10158080  sps 5824  opp frzn  loss +0.072  pg -0.0043  v 0.390  ev +0.99  adv_std 0.915  tR +0.25  ent[s/d/p/e] 0.33/0.19/0.18/0.02  emits 6.84  spf 217.3  z0 0.00  garr 438.7  tG 2419  e2 0.85  nF 18.7  pS 0.27  ptS 0.26  fLog 0.73  pdΔ -0.2267  pkR 10.28  clip 0.14  kl +0.007
upd  310  steps 10190848  sps 5825  opp buf  loss +0.073  pg -0.0060  v 0.404  ev +0.99  adv_std 0.931  tR +0.02  ent[s/d/p/e] 0.41/0.25/0.20/0.01  emits 7.02  spf 224.0  z0 0.00  garr 498.3  tG 2494  e2 0.87  nF 21.1  pS 0.29  ptS 0.26  fLog 0.72  pdΔ -0.2149  pkR 7.75  clip 0.15  kl +0.009
upd  311  steps 10223616  sps 5827  opp buf  loss +0.059  pg -0.0050  v 0.327  ev +0.99  adv_std 0.843  tR +0.18  ent[s/d/p/e] 0.40/0.18/0.15/0.01  emits 6.78  spf 227.3  z0 0.00  garr 445.6  tG 2699  e2 0.84  nF 21.4  pS 0.31  ptS 0.29  fLog 0.74  pdΔ -0.1923  pkR 7.06  clip 0.13  kl +0.007
upd  312  steps 10256384  sps 5828  opp buf  loss +0.048  pg -0.0029  v 0.263  ev +1.00  adv_std 0.754  tR +0.17  ent[s/d/p/e] 0.45/0.20/0.20/0.02  emits 6.76  spf 260.8  z0 0.00  garr 430.2  tG 3103  e2 0.84  nF 22.5  pS 0.31  ptS 0.29  fLog 0.74  pdΔ -0.1943  pkR 7.63  clip 0.15  kl +0.008
upd  313  steps 10289152  sps 5829  opp buf  loss +0.049  pg -0.0052  v 0.281  ev +0.99  adv_std 0.781  tR +0.03  ent[s/d/p/e] 0.42/0.19/0.19/0.01  emits 6.89  spf 235.5  z0 0.00  garr 449.1  tG 2895  e2 0.86  nF 24.5  pS 0.31  ptS 0.29  fLog 0.74  pdΔ -0.1912  pkR 9.04  clip 0.14  kl +0.009
upd  314  steps 10321920  sps 5831  opp frzn  loss +0.079  pg -0.0047  v 0.426  ev +0.99  adv_std 0.958  tR +0.12  ent[s/d/p/e] 0.38/0.18/0.22/0.02  emits 6.47  spf 256.8  z0 0.00  garr 452.1  tG 2894  e2 0.80  nF 19.6  pS 0.27  ptS 0.25  fLog 0.73  pdΔ -0.2308  pkR 8.23  clip 0.14  kl +0.009
upd  315  steps 10354688  sps 5832  opp buf  loss +0.074  pg -0.0046  v 0.403  ev +0.99  adv_std 0.924  tR -0.10  ent[s/d/p/e] 0.38/0.27/0.18/0.02  emits 6.68  spf 206.6  z0 0.00  garr 458.2  tG 2237  e2 0.83  nF 22.9  pS 0.26  ptS 0.25  fLog 0.70  pdΔ -0.2361  pkR 11.44  clip 0.14  kl +0.008
upd  316  steps 10387456  sps 5833  opp buf  loss +0.051  pg -0.0053  v 0.291  ev +0.99  adv_std 0.796  tR +0.12  ent[s/d/p/e] 0.45/0.27/0.22/0.02  emits 6.90  spf 217.0  z0 0.00  garr 417.5  tG 2579  e2 0.86  nF 27.8  pS 0.30  ptS 0.28  fLog 0.70  pdΔ -0.2031  pkR 8.98  clip 0.15  kl +0.008
upd  317  steps 10420224  sps 5834  opp buf  loss +0.049  pg -0.0048  v 0.280  ev +1.00  adv_std 0.779  tR -0.04  ent[s/d/p/e] 0.45/0.25/0.22/0.02  emits 7.02  spf 227.8  z0 0.00  garr 389.7  tG 2869  e2 0.89  nF 27.4  pS 0.30  ptS 0.28  fLog 0.70  pdΔ -0.1986  pkR 8.26  clip 0.16  kl +0.008
upd  318  steps 10452992  sps 5836  opp frzn  loss +0.073  pg -0.0038  v 0.389  ev +0.99  adv_std 0.909  tR -0.07  ent[s/d/p/e] 0.36/0.19/0.20/0.02  emits 6.85  spf 254.6  z0 0.00  garr 437.4  tG 3013  e2 0.86  nF 20.2  pS 0.29  ptS 0.28  fLog 0.74  pdΔ -0.2066  pkR 7.07  clip 0.14  kl +0.009
upd  319  steps 10485760  sps 5837  opp frzn  loss +0.070  pg -0.0056  v 0.386  ev +0.99  adv_std 0.913  tR -0.22  ent[s/d/p/e] 0.32/0.21/0.19/0.01  emits 6.80  spf 241.5  z0 0.00  garr 465.6  tG 2689  e2 0.85  nF 17.9  pS 0.26  ptS 0.25  fLog 0.73  pdΔ -0.2372  pkR 8.10  clip 0.12  kl +0.008
upd  320  steps 10518528  sps 5838  opp buf  loss +0.091  pg -0.0053  v 0.488  ev +0.99  adv_std 1.022  tR +0.05  ent[s/d/p/e] 0.40/0.26/0.20/0.02  emits 6.67  spf 191.5  z0 0.01  garr 493.7  tG 1922  e2 0.82  nF 21.3  pS 0.25  ptS 0.24  fLog 0.70  pdΔ -0.2462  pkR 7.70  clip 0.16  kl +0.010
upd  321  steps 10551296  sps 5840  opp buf  loss +0.077  pg -0.0046  v 0.418  ev +0.99  adv_std 0.945  tR +0.03  ent[s/d/p/e] 0.45/0.28/0.21/0.02  emits 6.96  spf 199.4  z0 0.00  garr 415.0  tG 2424  e2 0.87  nF 26.5  pS 0.31  ptS 0.29  fLog 0.70  pdΔ -0.1909  pkR 6.06  clip 0.14  kl +0.010
upd  322  steps 10584064  sps 5841  opp buf  loss +0.054  pg -0.0059  v 0.307  ev +0.99  adv_std 0.817  tR -0.09  ent[s/d/p/e] 0.45/0.23/0.23/0.02  emits 6.92  spf 250.9  z0 0.00  garr 385.9  tG 3231  e2 0.86  nF 26.1  pS 0.32  ptS 0.30  fLog 0.71  pdΔ -0.1823  pkR 7.03  clip 0.14  kl +0.007
upd  323  steps 10616832  sps 5842  opp frzn  loss +0.064  pg -0.0047  v 0.352  ev +0.99  adv_std 0.870  tR -0.13  ent[s/d/p/e] 0.36/0.16/0.18/0.01  emits 6.79  spf 257.8  z0 0.00  garr 437.3  tG 3049  e2 0.84  nF 18.7  pS 0.29  ptS 0.27  fLog 0.75  pdΔ -0.2116  pkR 10.96  clip 0.13  kl +0.008
upd  324  steps 10649600  sps 5843  opp buf  loss +0.071  pg -0.0059  v 0.395  ev +0.99  adv_std 0.919  tR +0.11  ent[s/d/p/e] 0.40/0.27/0.19/0.02  emits 6.71  spf 223.1  z0 0.00  garr 481.6  tG 2408  e2 0.83  nF 21.5  pS 0.26  ptS 0.25  fLog 0.71  pdΔ -0.2362  pkR 8.49  clip 0.15  kl +0.008
upd  325  steps 10682368  sps 5845  opp buf  loss +0.056  pg -0.0048  v 0.313  ev +0.99  adv_std 0.819  tR +0.19  ent[s/d/p/e] 0.41/0.22/0.18/0.01  emits 6.82  spf 200.9  z0 0.00  garr 422.9  tG 2390  e2 0.85  nF 24.3  pS 0.30  ptS 0.28  fLog 0.71  pdΔ -0.2020  pkR 8.40  clip 0.14  kl +0.008
upd  326  steps 10715136  sps 5846  opp buf  loss +0.043  pg -0.0056  v 0.253  ev +1.00  adv_std 0.739  tR +0.04  ent[s/d/p/e] 0.44/0.23/0.21/0.02  emits 6.74  spf 239.5  z0 0.01  garr 410.9  tG 2962  e2 0.83  nF 25.1  pS 0.30  ptS 0.28  fLog 0.72  pdΔ -0.2019  pkR 7.45  clip 0.14  kl +0.009
upd  327  steps 10747904  sps 5847  opp frzn  loss +0.055  pg -0.0054  v 0.311  ev +0.99  adv_std 0.821  tR +0.13  ent[s/d/p/e] 0.42/0.25/0.20/0.02  emits 6.53  spf 222.3  z0 0.00  garr 365.1  tG 2588  e2 0.81  nF 24.7  pS 0.30  ptS 0.29  fLog 0.71  pdΔ -0.2022  pkR 9.76  clip 0.14  kl +0.008
upd  328  steps 10780672  sps 5848  opp buf  loss +0.051  pg -0.0057  v 0.294  ev +0.99  adv_std 0.800  tR +0.18  ent[s/d/p/e] 0.45/0.27/0.18/0.01  emits 6.72  spf 227.6  z0 0.01  garr 435.2  tG 2630  e2 0.83  nF 25.2  pS 0.30  ptS 0.29  fLog 0.71  pdΔ -0.1955  pkR 9.03  clip 0.14  kl +0.008
upd  329  steps 10813440  sps 5849  opp frzn  loss +0.068  pg -0.0051  v 0.376  ev +0.99  adv_std 0.902  tR +0.01  ent[s/d/p/e] 0.43/0.24/0.19/0.02  emits 6.67  spf 211.4  z0 0.00  garr 446.0  tG 2323  e2 0.83  nF 24.1  pS 0.28  ptS 0.26  fLog 0.70  pdΔ -0.2248  pkR 8.00  clip 0.13  kl +0.009
upd  330  steps 10846208  sps 5851  opp buf  loss +0.048  pg -0.0047  v 0.272  ev +1.00  adv_std 0.767  tR +0.00  ent[s/d/p/e] 0.42/0.24/0.19/0.02  emits 6.62  spf 215.6  z0 0.01  garr 457.4  tG 2321  e2 0.82  nF 22.7  pS 0.27  ptS 0.26  fLog 0.71  pdΔ -0.2312  pkR 8.63  clip 0.14  kl +0.008
upd  331  steps 10878976  sps 5852  opp buf  loss +0.069  pg -0.0068  v 0.390  ev +0.99  adv_std 0.921  tR +0.11  ent[s/d/p/e] 0.47/0.30/0.22/0.02  emits 6.54  spf 203.7  z0 0.00  garr 370.9  tG 2352  e2 0.80  nF 28.2  pS 0.29  ptS 0.28  fLog 0.68  pdΔ -0.2056  pkR 12.10  clip 0.14  kl +0.008
upd  332  steps 10911744  sps 5853  opp frzn  loss +0.062  pg -0.0040  v 0.339  ev +0.99  adv_std 0.852  tR +0.10  ent[s/d/p/e] 0.45/0.23/0.18/0.01  emits 6.67  spf 246.1  z0 0.00  garr 421.3  tG 2795  e2 0.82  nF 24.6  pS 0.30  ptS 0.28  fLog 0.72  pdΔ -0.2007  pkR 11.72  clip 0.13  kl +0.008
upd  333  steps 10944512  sps 5854  opp frzn  loss +0.090  pg -0.0061  v 0.492  ev +0.99  adv_std 1.034  tR +0.17  ent[s/d/p/e] 0.47/0.37/0.24/0.02  emits 6.39  spf 183.8  z0 0.00  garr 363.3  tG 1966  e2 0.79  nF 29.5  pS 0.28  ptS 0.26  fLog 0.65  pdΔ -0.2198  pkR 9.67  clip 0.14  kl +0.007
upd  334  steps 10977280  sps 5855  opp buf  loss +0.052  pg -0.0048  v 0.291  ev +0.99  adv_std 0.791  tR +0.21  ent[s/d/p/e] 0.40/0.23/0.15/0.01  emits 6.78  spf 188.6  z0 0.01  garr 438.1  tG 1987  e2 0.85  nF 21.9  pS 0.28  ptS 0.27  fLog 0.71  pdΔ -0.2193  pkR 6.06  clip 0.13  kl +0.006
upd  335  steps 11010048  sps 5856  opp buf  loss +0.045  pg -0.0053  v 0.257  ev +1.00  adv_std 0.750  tR +0.21  ent[s/d/p/e] 0.43/0.20/0.17/0.01  emits 7.09  spf 241.2  z0 0.00  garr 470.1  tG 2901  e2 0.88  nF 22.2  pS 0.31  ptS 0.29  fLog 0.73  pdΔ -0.1880  pkR 8.36  clip 0.13  kl +0.007
upd  336  steps 11042816  sps 5858  opp frzn  loss +0.062  pg -0.0040  v 0.340  ev +0.99  adv_std 0.853  tR +0.21  ent[s/d/p/e] 0.40/0.16/0.18/0.01  emits 6.70  spf 305.7  z0 0.00  garr 456.8  tG 3665  e2 0.83  nF 20.7  pS 0.30  ptS 0.29  fLog 0.76  pdΔ -0.1969  pkR 7.84  clip 0.13  kl +0.007
upd  337  steps 11075584  sps 5859  opp frzn  loss +0.065  pg -0.0059  v 0.365  ev +0.99  adv_std 0.888  tR +0.11  ent[s/d/p/e] 0.36/0.23/0.20/0.02  emits 6.33  spf 239.2  z0 0.01  garr 431.4  tG 2446  e2 0.78  nF 19.5  pS 0.25  ptS 0.24  fLog 0.72  pdΔ -0.2463  pkR 12.12  clip 0.13  kl +0.007
upd  338  steps 11108352  sps 5860  opp frzn  loss +0.083  pg -0.0056  v 0.451  ev +0.99  adv_std 0.981  tR +0.24  ent[s/d/p/e] 0.34/0.22/0.16/0.01  emits 6.60  spf 211.3  z0 0.00  garr 496.0  tG 1999  e2 0.82  nF 17.7  pS 0.24  ptS 0.22  fLog 0.72  pdΔ -0.2649  pkR 7.03  clip 0.12  kl +0.006
upd  339  steps 11141120  sps 5861  opp frzn  loss +0.079  pg -0.0055  v 0.432  ev +0.99  adv_std 0.962  tR +0.00  ent[s/d/p/e] 0.40/0.26/0.15/0.01  emits 6.31  spf 190.9  z0 0.00  garr 465.7  tG 1744  e2 0.77  nF 22.1  pS 0.23  ptS 0.22  fLog 0.70  pdΔ -0.2659  pkR 6.49  clip 0.13  kl +0.007
upd  340  steps 11173888  sps 5862  opp buf  loss +0.058  pg -0.0055  v 0.324  ev +0.99  adv_std 0.839  tR +0.16  ent[s/d/p/e] 0.49/0.30/0.19/0.02  emits 6.50  spf 198.3  z0 0.00  garr 467.4  tG 1969  e2 0.80  nF 24.7  pS 0.26  ptS 0.25  fLog 0.69  pdΔ -0.2351  pkR 6.04  clip 0.14  kl +0.009
upd  341  steps 11206656  sps 5863  opp buf  loss +0.053  pg -0.0062  v 0.304  ev +0.99  adv_std 0.814  tR +0.01  ent[s/d/p/e] 0.49/0.25/0.23/0.02  emits 6.89  spf 190.9  z0 0.01  garr 371.5  tG 2293  e2 0.86  nF 29.0  pS 0.29  ptS 0.28  fLog 0.68  pdΔ -0.2057  pkR 7.89  clip 0.14  kl +0.007
upd  342  steps 11239424  sps 5864  opp buf  loss +0.058  pg -0.0053  v 0.322  ev +0.99  adv_std 0.832  tR -0.08  ent[s/d/p/e] 0.41/0.16/0.21/0.02  emits 6.98  spf 228.6  z0 0.00  garr 371.7  tG 2857  e2 0.87  nF 24.1  pS 0.29  ptS 0.28  fLog 0.73  pdΔ -0.2058  pkR 8.37  clip 0.12  kl +0.006
upd  343  steps 11272192  sps 5866  opp frzn  loss +0.056  pg -0.0056  v 0.314  ev +0.99  adv_std 0.825  tR +0.06  ent[s/d/p/e] 0.36/0.20/0.18/0.02  emits 6.75  spf 232.3  z0 0.00  garr 421.1  tG 2608  e2 0.84  nF 20.7  pS 0.26  ptS 0.25  fLog 0.73  pdΔ -0.2397  pkR 9.46  clip 0.12  kl +0.007
upd  344  steps 11304960  sps 5867  opp frzn  loss +0.070  pg -0.0063  v 0.390  ev +0.99  adv_std 0.922  tR +0.18  ent[s/d/p/e] 0.38/0.25/0.19/0.02  emits 6.73  spf 198.5  z0 0.00  garr 433.2  tG 2045  e2 0.83  nF 20.9  pS 0.26  ptS 0.24  fLog 0.70  pdΔ -0.2443  pkR 12.58  clip 0.13  kl +0.007
upd  345  steps 11337728  sps 5868  opp frzn  loss +0.069  pg -0.0058  v 0.382  ev +0.99  adv_std 0.908  tR +0.38  ent[s/d/p/e] 0.36/0.25/0.17/0.02  emits 6.77  spf 207.6  z0 0.00  garr 482.1  tG 2047  e2 0.84  nF 18.0  pS 0.24  ptS 0.23  fLog 0.71  pdΔ -0.2579  pkR 6.69  clip 0.11  kl +0.005
upd  346  steps 11370496  sps 5869  opp buf  loss +0.045  pg -0.0058  v 0.260  ev +1.00  adv_std 0.753  tR +0.00  ent[s/d/p/e] 0.37/0.22/0.16/0.01  emits 6.61  spf 207.9  z0 0.00  garr 493.8  tG 2027  e2 0.82  nF 17.8  pS 0.24  ptS 0.22  fLog 0.72  pdΔ -0.2612  pkR 6.46  clip 0.13  kl +0.007
upd  347  steps 11403264  sps 5870  opp buf  loss +0.046  pg -0.0045  v 0.262  ev +1.00  adv_std 0.752  tR +0.01  ent[s/d/p/e] 0.45/0.23/0.17/0.01  emits 6.72  spf 209.4  z0 0.00  garr 447.4  tG 2346  e2 0.84  nF 23.0  pS 0.29  ptS 0.27  fLog 0.71  pdΔ -0.2136  pkR 10.24  clip 0.13  kl +0.006
upd  348  steps 11436032  sps 5871  opp buf  loss +0.042  pg -0.0045  v 0.241  ev +1.00  adv_std 0.723  tR +0.21  ent[s/d/p/e] 0.41/0.21/0.19/0.02  emits 6.88  spf 218.4  z0 0.00  garr 408.3  tG 2578  e2 0.86  nF 23.5  pS 0.30  ptS 0.28  fLog 0.72  pdΔ -0.1985  pkR 10.25  clip 0.13  kl +0.006
upd  349  steps 11468800  sps 5872  opp buf  loss +0.067  pg -0.0055  v 0.369  ev +0.99  adv_std 0.886  tR -0.11  ent[s/d/p/e] 0.43/0.24/0.22/0.02  emits 6.63  spf 228.0  z0 0.00  garr 431.0  tG 2583  e2 0.82  nF 24.4  pS 0.27  ptS 0.26  fLog 0.71  pdΔ -0.2251  pkR 10.08  clip 0.13  kl +0.007 WRr 0.94 WRf 0.94
upd  350  steps 11501568  sps 5841  opp frzn  loss +0.055  pg -0.0065  v 0.316  ev +0.99  adv_std 0.832  tR -0.08  ent[s/d/p/e] 0.42/0.25/0.23/0.02  emits 6.41  spf 217.0  z0 0.00  garr 387.3  tG 2401  e2 0.79  nF 23.6  pS 0.27  ptS 0.25  fLog 0.71  pdΔ -0.2297  pkR 7.14  clip 0.12  kl +0.007
upd  351  steps 11534336  sps 5842  opp frzn  loss +0.083  pg -0.0057  v 0.453  ev +0.99  adv_std 0.988  tR +0.10  ent[s/d/p/e] 0.50/0.30/0.19/0.02  emits 6.70  spf 190.8  z0 0.00  garr 403.3  tG 2099  e2 0.83  nF 25.2  pS 0.27  ptS 0.26  fLog 0.68  pdΔ -0.2254  pkR 10.35  clip 0.13  kl +0.008
upd  352  steps 11567104  sps 5843  opp frzn  loss +0.072  pg -0.0051  v 0.394  ev +0.99  adv_std 0.923  tR +0.38  ent[s/d/p/e] 0.35/0.22/0.15/0.01  emits 6.62  spf 200.9  z0 0.00  garr 523.4  tG 1939  e2 0.83  nF 15.2  pS 0.23  ptS 0.22  fLog 0.72  pdΔ -0.2689  pkR 6.21  clip 0.12  kl +0.007
upd  353  steps 11599872  sps 5845  opp frzn  loss +0.089  pg -0.0062  v 0.486  ev +0.99  adv_std 1.019  tR +0.05  ent[s/d/p/e] 0.44/0.35/0.17/0.02  emits 6.54  spf 190.3  z0 0.00  garr 486.9  tG 1835  e2 0.81  nF 23.9  pS 0.24  ptS 0.22  fLog 0.67  pdΔ -0.2636  pkR 5.93  clip 0.13  kl +0.008
upd  354  steps 11632640  sps 5846  opp frzn  loss +0.065  pg -0.0063  v 0.368  ev +0.99  adv_std 0.892  tR +0.00  ent[s/d/p/e] 0.46/0.31/0.15/0.02  emits 6.59  spf 170.1  z0 0.00  garr 434.9  tG 1693  e2 0.81  nF 23.9  pS 0.25  ptS 0.24  fLog 0.67  pdΔ -0.2542  pkR 6.37  clip 0.13  kl +0.007
upd  355  steps 11665408  sps 5847  opp frzn  loss +0.070  pg -0.0057  v 0.387  ev +0.99  adv_std 0.908  tR +0.17  ent[s/d/p/e] 0.37/0.27/0.16/0.02  emits 6.57  spf 190.0  z0 0.00  garr 501.6  tG 1818  e2 0.81  nF 20.6  pS 0.23  ptS 0.22  fLog 0.69  pdΔ -0.2710  pkR 6.12  clip 0.12  kl +0.008
upd  356  steps 11698176  sps 5848  opp frzn  loss +0.068  pg -0.0059  v 0.379  ev +0.99  adv_std 0.905  tR -0.01  ent[s/d/p/e] 0.39/0.27/0.17/0.02  emits 6.23  spf 188.9  z0 0.00  garr 487.7  tG 1672  e2 0.77  nF 18.8  pS 0.21  ptS 0.20  fLog 0.69  pdΔ -0.2914  pkR 6.26  clip 0.11  kl +0.006
upd  357  steps 11730944  sps 5849  opp buf  loss +0.084  pg -0.0066  v 0.461  ev +0.99  adv_std 0.993  tR -0.07  ent[s/d/p/e] 0.50/0.32/0.18/0.01  emits 6.78  spf 171.8  z0 0.00  garr 461.2  tG 1766  e2 0.84  nF 25.4  pS 0.26  ptS 0.24  fLog 0.67  pdΔ -0.2415  pkR 5.83  clip 0.14  kl +0.006
upd  358  steps 11763712  sps 5850  opp frzn  loss +0.090  pg -0.0067  v 0.490  ev +0.99  adv_std 1.021  tR +0.19  ent[s/d/p/e] 0.44/0.26/0.19/0.02  emits 6.72  spf 198.8  z0 0.00  garr 415.3  tG 2229  e2 0.84  nF 22.9  pS 0.28  ptS 0.26  fLog 0.71  pdΔ -0.2197  pkR 6.84  clip 0.13  kl +0.009
upd  359  steps 11796480  sps 5851  opp buf  loss +0.078  pg -0.0067  v 0.433  ev +0.99  adv_std 0.961  tR +0.06  ent[s/d/p/e] 0.50/0.28/0.21/0.01  emits 6.77  spf 222.9  z0 0.00  garr 441.9  tG 2512  e2 0.84  nF 25.3  pS 0.28  ptS 0.27  fLog 0.70  pdΔ -0.2155  pkR 8.13  clip 0.13  kl +0.006
upd  360  steps 11829248  sps 5852  opp buf  loss +0.043  pg -0.0069  v 0.260  ev +1.00  adv_std 0.756  tR -0.02  ent[s/d/p/e] 0.44/0.23/0.20/0.01  emits 6.86  spf 202.5  z0 0.01  garr 418.5  tG 2403  e2 0.85  nF 24.7  pS 0.28  ptS 0.27  fLog 0.71  pdΔ -0.2160  pkR 7.85  clip 0.12  kl +0.006
upd  361  steps 11862016  sps 5853  opp frzn  loss +0.069  pg -0.0057  v 0.382  ev +0.99  adv_std 0.908  tR +0.03  ent[s/d/p/e] 0.45/0.22/0.21/0.02  emits 6.88  spf 238.1  z0 0.00  garr 432.3  tG 2855  e2 0.85  nF 23.6  pS 0.30  ptS 0.29  fLog 0.72  pdΔ -0.1986  pkR 8.83  clip 0.13  kl +0.007
upd  362  steps 11894784  sps 5855  opp buf  loss +0.071  pg -0.0055  v 0.390  ev +0.99  adv_std 0.915  tR +0.22  ent[s/d/p/e] 0.45/0.27/0.18/0.01  emits 6.88  spf 207.2  z0 0.01  garr 444.2  tG 2332  e2 0.85  nF 25.4  pS 0.27  ptS 0.26  fLog 0.69  pdΔ -0.2255  pkR 11.24  clip 0.11  kl +0.004
upd  363  steps 11927552  sps 5856  opp frzn  loss +0.065  pg -0.0049  v 0.359  ev +0.99  adv_std 0.878  tR +0.06  ent[s/d/p/e] 0.39/0.21/0.18/0.01  emits 6.72  spf 199.7  z0 0.01  garr 474.4  tG 2156  e2 0.83  nF 20.6  pS 0.25  ptS 0.24  fLog 0.72  pdΔ -0.2461  pkR 10.54  clip 0.12  kl +0.007
upd  364  steps 11960320  sps 5857  opp buf  loss +0.076  pg -0.0055  v 0.418  ev +0.99  adv_std 0.947  tR +0.11  ent[s/d/p/e] 0.52/0.31/0.20/0.02  emits 6.70  spf 213.7  z0 0.00  garr 422.3  tG 2358  e2 0.83  nF 26.1  pS 0.28  ptS 0.26  fLog 0.68  pdΔ -0.2206  pkR 14.50  clip 0.14  kl +0.007
upd  365  steps 11993088  sps 5858  opp buf  loss +0.063  pg -0.0044  v 0.346  ev +0.99  adv_std 0.853  tR +0.06  ent[s/d/p/e] 0.49/0.22/0.18/0.01  emits 6.78  spf 215.2  z0 0.00  garr 416.4  tG 2514  e2 0.83  nF 25.8  pS 0.29  ptS 0.28  fLog 0.70  pdΔ -0.2094  pkR 10.71  clip 0.12  kl +0.005
upd  366  steps 12025856  sps 5859  opp frzn  loss +0.063  pg -0.0060  v 0.352  ev +0.99  adv_std 0.872  tR +0.05  ent[s/d/p/e] 0.44/0.23/0.23/0.01  emits 6.79  spf 211.3  z0 0.00  garr 374.2  tG 2449  e2 0.84  nF 24.4  pS 0.27  ptS 0.26  fLog 0.70  pdΔ -0.2267  pkR 8.75  clip 0.13  kl +0.006
upd  367  steps 12058624  sps 5860  opp buf  loss +0.053  pg -0.0051  v 0.301  ev +0.99  adv_std 0.806  tR -0.10  ent[s/d/p/e] 0.48/0.27/0.20/0.01  emits 6.97  spf 203.4  z0 0.00  garr 421.6  tG 2273  e2 0.87  nF 25.6  pS 0.29  ptS 0.27  fLog 0.69  pdΔ -0.2144  pkR 8.81  clip 0.12  kl +0.004
upd  368  steps 12091392  sps 5861  opp frzn  loss +0.055  pg -0.0060  v 0.316  ev +0.99  adv_std 0.826  tR +0.07  ent[s/d/p/e] 0.44/0.22/0.21/0.01  emits 6.81  spf 227.9  z0 0.00  garr 404.1  tG 2677  e2 0.86  nF 22.9  pS 0.30  ptS 0.28  fLog 0.71  pdΔ -0.2030  pkR 9.05  clip 0.12  kl +0.006
upd  369  steps 12124160  sps 5862  opp buf  loss +0.064  pg -0.0059  v 0.359  ev +0.99  adv_std 0.869  tR +0.03  ent[s/d/p/e] 0.47/0.25/0.19/0.02  emits 6.69  spf 233.3  z0 0.00  garr 407.0  tG 2648  e2 0.83  nF 25.0  pS 0.29  ptS 0.28  fLog 0.70  pdΔ -0.2064  pkR 10.53  clip 0.12  kl +0.007
upd  370  steps 12156928  sps 5863  opp frzn  loss +0.055  pg -0.0062  v 0.315  ev +0.99  adv_std 0.829  tR +0.09  ent[s/d/p/e] 0.47/0.26/0.23/0.02  emits 6.87  spf 227.1  z0 0.00  garr 427.7  tG 2827  e2 0.86  nF 24.6  pS 0.30  ptS 0.28  fLog 0.71  pdΔ -0.2049  pkR 8.09  clip 0.12  kl +0.006
upd  371  steps 12189696  sps 5864  opp frzn  loss +0.077  pg -0.0061  v 0.423  ev +0.99  adv_std 0.955  tR -0.01  ent[s/d/p/e] 0.41/0.23/0.21/0.01  emits 6.72  spf 226.4  z0 0.00  garr 466.4  tG 2562  e2 0.83  nF 20.7  pS 0.26  ptS 0.25  fLog 0.71  pdΔ -0.2385  pkR 12.21  clip 0.11  kl +0.005
upd  372  steps 12222464  sps 5865  opp frzn  loss +0.071  pg -0.0063  v 0.392  ev +0.99  adv_std 0.914  tR +0.05  ent[s/d/p/e] 0.39/0.24/0.14/0.01  emits 6.69  spf 200.0  z0 0.00  garr 524.2  tG 1923  e2 0.83  nF 18.5  pS 0.23  ptS 0.22  fLog 0.71  pdΔ -0.2719  pkR 6.68  clip 0.10  kl +0.006
upd  373  steps 12255232  sps 5866  opp buf  loss +0.062  pg -0.0062  v 0.349  ev +0.99  adv_std 0.872  tR -0.01  ent[s/d/p/e] 0.49/0.29/0.18/0.01  emits 6.80  spf 170.7  z0 0.01  garr 401.3  tG 1818  e2 0.85  nF 25.1  pS 0.27  ptS 0.26  fLog 0.67  pdΔ -0.2308  pkR 6.85  clip 0.13  kl +0.006
upd  374  steps 12288000  sps 5867  opp buf  loss +0.058  pg -0.0053  v 0.323  ev +0.99  adv_std 0.831  tR +0.00  ent[s/d/p/e] 0.43/0.19/0.21/0.01  emits 7.13  spf 224.1  z0 0.00  garr 433.0  tG 2747  e2 0.89  nF 23.1  pS 0.30  ptS 0.28  fLog 0.73  pdΔ -0.2035  pkR 7.53  clip 0.11  kl +0.006
upd  375  steps 12320768  sps 5868  opp buf  loss +0.041  pg -0.0070  v 0.248  ev +1.00  adv_std 0.736  tR -0.05  ent[s/d/p/e] 0.49/0.27/0.22/0.01  emits 7.03  spf 227.3  z0 0.00  garr 414.0  tG 2768  e2 0.88  nF 27.6  pS 0.30  ptS 0.28  fLog 0.70  pdΔ -0.1967  pkR 9.08  clip 0.12  kl +0.007
upd  376  steps 12353536  sps 5869  opp frzn  loss +0.058  pg -0.0052  v 0.327  ev +0.99  adv_std 0.844  tR -0.17  ent[s/d/p/e] 0.43/0.19/0.20/0.01  emits 6.75  spf 234.4  z0 0.00  garr 406.1  tG 2824  e2 0.84  nF 23.6  pS 0.30  ptS 0.28  fLog 0.74  pdΔ -0.2036  pkR 7.30  clip 0.11  kl +0.005
upd  377  steps 12386304  sps 5870  opp buf  loss +0.059  pg -0.0060  v 0.335  ev +0.99  adv_std 0.849  tR -0.09  ent[s/d/p/e] 0.44/0.21/0.18/0.01  emits 6.78  spf 255.3  z0 0.00  garr 459.5  tG 2881  e2 0.84  nF 20.1  pS 0.30  ptS 0.28  fLog 0.73  pdΔ -0.2024  pkR 8.30  clip 0.11  kl +0.005
upd  378  steps 12419072  sps 5871  opp buf  loss +0.056  pg -0.0054  v 0.313  ev +0.99  adv_std 0.823  tR +0.02  ent[s/d/p/e] 0.45/0.20/0.18/0.01  emits 7.01  spf 245.9  z0 0.00  garr 495.9  tG 2910  e2 0.87  nF 21.9  pS 0.31  ptS 0.30  fLog 0.74  pdΔ -0.1856  pkR 8.53  clip 0.12  kl +0.005
upd  379  steps 12451840  sps 5872  opp buf  loss +0.043  pg -0.0050  v 0.250  ev +1.00  adv_std 0.736  tR +0.15  ent[s/d/p/e] 0.54/0.22/0.19/0.01  emits 7.00  spf 235.6  z0 0.01  garr 429.2  tG 2917  e2 0.87  nF 27.2  pS 0.33  ptS 0.31  fLog 0.72  pdΔ -0.1715  pkR 8.23  clip 0.12  kl +0.006
upd  380  steps 12484608  sps 5873  opp frzn  loss +0.057  pg -0.0048  v 0.317  ev +0.99  adv_std 0.820  tR +0.09  ent[s/d/p/e] 0.46/0.20/0.24/0.01  emits 6.85  spf 265.3  z0 0.00  garr 408.5  tG 3284  e2 0.85  nF 23.9  pS 0.32  ptS 0.30  fLog 0.74  pdΔ -0.1816  pkR 7.67  clip 0.11  kl +0.006
upd  381  steps 12517376  sps 5874  opp buf  loss +0.057  pg -0.0071  v 0.329  ev +0.99  adv_std 0.840  tR +0.22  ent[s/d/p/e] 0.41/0.20/0.20/0.01  emits 6.89  spf 231.2  z0 0.01  garr 443.3  tG 2663  e2 0.85  nF 22.1  pS 0.29  ptS 0.27  fLog 0.72  pdΔ -0.2094  pkR 11.50  clip 0.11  kl +0.005
upd  382  steps 12550144  sps 5875  opp frzn  loss +0.061  pg -0.0054  v 0.340  ev +0.99  adv_std 0.859  tR +0.20  ent[s/d/p/e] 0.39/0.18/0.20/0.01  emits 6.72  spf 245.5  z0 0.00  garr 488.1  tG 2733  e2 0.83  nF 19.5  pS 0.26  ptS 0.25  fLog 0.74  pdΔ -0.2371  pkR 10.97  clip 0.11  kl +0.006
upd  383  steps 12582912  sps 5876  opp frzn  loss +0.067  pg -0.0071  v 0.381  ev +0.99  adv_std 0.909  tR -0.13  ent[s/d/p/e] 0.44/0.26/0.20/0.01  emits 6.65  spf 206.1  z0 0.00  garr 420.1  tG 2185  e2 0.83  nF 22.5  pS 0.26  ptS 0.24  fLog 0.69  pdΔ -0.2383  pkR 12.92  clip 0.11  kl +0.005
upd  384  steps 12615680  sps 5877  opp buf  loss +0.049  pg -0.0067  v 0.288  ev +0.99  adv_std 0.786  tR +0.03  ent[s/d/p/e] 0.46/0.27/0.19/0.01  emits 6.84  spf 197.0  z0 0.00  garr 488.1  tG 2024  e2 0.85  nF 22.9  pS 0.27  ptS 0.26  fLog 0.70  pdΔ -0.2268  pkR 5.83  clip 0.11  kl +0.005
upd  385  steps 12648448  sps 5878  opp buf  loss +0.035  pg -0.0065  v 0.217  ev +1.00  adv_std 0.686  tR +0.28  ent[s/d/p/e] 0.48/0.21/0.20/0.01  emits 6.96  spf 218.2  z0 0.00  garr 428.9  tG 2570  e2 0.86  nF 23.4  pS 0.31  ptS 0.29  fLog 0.72  pdΔ -0.1943  pkR 7.11  clip 0.11  kl +0.005
upd  386  steps 12681216  sps 5879  opp frzn  loss +0.049  pg -0.0063  v 0.287  ev +0.99  adv_std 0.790  tR +0.18  ent[s/d/p/e] 0.46/0.18/0.24/0.01  emits 6.92  spf 254.4  z0 0.00  garr 428.1  tG 3116  e2 0.86  nF 21.5  pS 0.30  ptS 0.29  fLog 0.74  pdΔ -0.1976  pkR 7.19  clip 0.11  kl +0.006
upd  387  steps 12713984  sps 5880  opp frzn  loss +0.069  pg -0.0064  v 0.383  ev +0.99  adv_std 0.911  tR -0.09  ent[s/d/p/e] 0.38/0.24/0.22/0.02  emits 6.39  spf 219.5  z0 0.00  garr 416.6  tG 2257  e2 0.79  nF 20.1  pS 0.24  ptS 0.23  fLog 0.70  pdΔ -0.2628  pkR 14.86  clip 0.10  kl +0.006
upd  388  steps 12746752  sps 5881  opp frzn  loss +0.076  pg -0.0059  v 0.417  ev +0.99  adv_std 0.945  tR -0.08  ent[s/d/p/e] 0.35/0.21/0.20/0.02  emits 6.77  spf 189.8  z0 0.00  garr 480.6  tG 1866  e2 0.85  nF 16.8  pS 0.24  ptS 0.22  fLog 0.71  pdΔ -0.2639  pkR 6.53  clip 0.10  kl +0.006
upd  389  steps 12779520  sps 5882  opp frzn  loss +0.081  pg -0.0065  v 0.448  ev +0.99  adv_std 0.980  tR +0.06  ent[s/d/p/e] 0.43/0.29/0.18/0.01  emits 6.76  spf 201.5  z0 0.00  garr 487.6  tG 1975  e2 0.83  nF 21.0  pS 0.24  ptS 0.23  fLog 0.69  pdΔ -0.2598  pkR 7.54  clip 0.11  kl +0.006
upd  390  steps 12812288  sps 5883  opp frzn  loss +0.065  pg -0.0063  v 0.367  ev +0.99  adv_std 0.888  tR -0.06  ent[s/d/p/e] 0.43/0.29/0.17/0.02  emits 6.56  spf 188.0  z0 0.00  garr 486.5  tG 1826  e2 0.81  nF 22.2  pS 0.25  ptS 0.24  fLog 0.68  pdΔ -0.2487  pkR 6.39  clip 0.11  kl +0.005
upd  391  steps 12845056  sps 5884  opp buf  loss +0.064  pg -0.0068  v 0.364  ev +0.99  adv_std 0.882  tR -0.06  ent[s/d/p/e] 0.47/0.28/0.18/0.02  emits 6.57  spf 176.2  z0 0.01  garr 427.8  tG 1805  e2 0.81  nF 26.0  pS 0.26  ptS 0.25  fLog 0.67  pdΔ -0.2357  pkR 6.65  clip 0.11  kl +0.005
upd  392  steps 12877824  sps 5885  opp frzn  loss +0.072  pg -0.0049  v 0.393  ev +0.99  adv_std 0.915  tR +0.27  ent[s/d/p/e] 0.40/0.17/0.18/0.01  emits 7.08  spf 210.2  z0 0.00  garr 420.2  tG 2490  e2 0.88  nF 20.2  pS 0.28  ptS 0.26  fLog 0.72  pdΔ -0.2219  pkR 9.66  clip 0.09  kl +0.005
upd  393  steps 12910592  sps 5886  opp buf  loss +0.069  pg -0.0070  v 0.390  ev +0.99  adv_std 0.917  tR +0.23  ent[s/d/p/e] 0.44/0.23/0.21/0.01  emits 7.01  spf 220.5  z0 0.00  garr 463.0  tG 2466  e2 0.87  nF 20.6  pS 0.26  ptS 0.25  fLog 0.71  pdΔ -0.2377  pkR 10.02  clip 0.11  kl +0.004
upd  394  steps 12943360  sps 5887  opp frzn  loss +0.061  pg -0.0064  v 0.346  ev +0.99  adv_std 0.865  tR +0.20  ent[s/d/p/e] 0.46/0.19/0.18/0.01  emits 6.95  spf 216.0  z0 0.00  garr 488.6  tG 2352  e2 0.87  nF 20.2  pS 0.26  ptS 0.24  fLog 0.72  pdΔ -0.2443  pkR 5.93  clip 0.09  kl +0.004
upd  395  steps 12976128  sps 5887  opp buf  loss +0.055  pg -0.0063  v 0.315  ev +0.99  adv_std 0.819  tR +0.31  ent[s/d/p/e] 0.45/0.25/0.19/0.01  emits 6.88  spf 223.0  z0 0.00  garr 472.5  tG 2449  e2 0.85  nF 23.1  pS 0.27  ptS 0.26  fLog 0.70  pdΔ -0.2264  pkR 9.26  clip 0.11  kl +0.006
upd  396  steps 13008896  sps 5888  opp frzn  loss +0.058  pg -0.0065  v 0.331  ev +0.99  adv_std 0.849  tR +0.21  ent[s/d/p/e] 0.50/0.24/0.23/0.01  emits 6.67  spf 214.7  z0 0.00  garr 402.6  tG 2427  e2 0.82  nF 25.5  pS 0.29  ptS 0.27  fLog 0.71  pdΔ -0.2122  pkR 7.37  clip 0.11  kl +0.005
upd  397  steps 13041664  sps 5889  opp frzn  loss +0.083  pg -0.0062  v 0.455  ev +0.99  adv_std 0.984  tR -0.10  ent[s/d/p/e] 0.46/0.24/0.21/0.02  emits 6.57  spf 205.0  z0 0.00  garr 411.6  tG 2206  e2 0.81  nF 24.3  pS 0.26  ptS 0.25  fLog 0.69  pdΔ -0.2427  pkR 9.20  clip 0.10  kl +0.005
upd  398  steps 13074432  sps 5890  opp frzn  loss +0.072  pg -0.0062  v 0.396  ev +0.99  adv_std 0.923  tR -0.03  ent[s/d/p/e] 0.35/0.18/0.15/0.01  emits 6.70  spf 197.2  z0 0.00  garr 525.0  tG 1889  e2 0.84  nF 15.3  pS 0.23  ptS 0.22  fLog 0.73  pdΔ -0.2680  pkR 6.19  clip 0.09  kl +0.004
upd  399  steps 13107200  sps 5891  opp buf  loss +0.055  pg -0.0061  v 0.310  ev +0.99  adv_std 0.817  tR -0.01  ent[s/d/p/e] 0.39/0.20/0.17/0.01  emits 6.95  spf 215.6  z0 0.00  garr 561.0  tG 2191  e2 0.87  nF 17.0  pS 0.25  ptS 0.23  fLog 0.73  pdΔ -0.2488  pkR 5.59  clip 0.10  kl +0.004 WRr 0.94 WRf 0.97
[ckpt] saved ./ckpt_multi_action_v11_buf_from4k/ckpt_000399.pkl
upd  400  steps 13139968  sps 5865  opp frzn  loss +0.080  pg -0.0066  v 0.439  ev +0.99  adv_std 0.967  tR +0.06  ent[s/d/p/e] 0.40/0.15/0.21/0.01  emits 6.75  spf 245.8  z0 0.00  garr 505.3  tG 2708  e2 0.84  nF 16.2  pS 0.26  ptS 0.25  fLog 0.75  pdΔ -0.2357  pkR 9.22  clip 0.09  kl +0.006
upd  401  steps 13172736  sps 5866  opp frzn  loss +0.083  pg -0.0071  v 0.462  ev +0.99  adv_std 0.994  tR +0.17  ent[s/d/p/e] 0.41/0.24/0.24/0.02  emits 6.49  spf 213.5  z0 0.00  garr 434.2  tG 2187  e2 0.80  nF 20.8  pS 0.25  ptS 0.24  fLog 0.70  pdΔ -0.2491  pkR 10.83  clip 0.10  kl +0.004
upd  402  steps 13205504  sps 5867  opp buf  loss +0.069  pg -0.0063  v 0.387  ev +0.99  adv_std 0.909  tR +0.16  ent[s/d/p/e] 0.45/0.25/0.18/0.02  emits 6.64  spf 185.4  z0 0.00  garr 425.0  tG 1878  e2 0.82  nF 23.7  pS 0.26  ptS 0.25  fLog 0.69  pdΔ -0.2352  pkR 4.98  clip 0.10  kl +0.004
upd  403  steps 13238272  sps 5868  opp frzn  loss +0.046  pg -0.0056  v 0.265  ev +1.00  adv_std 0.758  tR -0.06  ent[s/d/p/e] 0.47/0.22/0.22/0.02  emits 6.56  spf 214.3  z0 0.00  garr 413.7  tG 2367  e2 0.81  nF 20.9  pS 0.28  ptS 0.27  fLog 0.72  pdΔ -0.2189  pkR 6.21  clip 0.10  kl +0.004
upd  404  steps 13271040  sps 5869  opp buf  loss +0.056  pg -0.0068  v 0.324  ev +0.99  adv_std 0.835  tR +0.03  ent[s/d/p/e] 0.50/0.25/0.22/0.02  emits 6.75  spf 216.0  z0 0.01  garr 405.2  tG 2457  e2 0.84  nF 25.8  pS 0.30  ptS 0.29  fLog 0.69  pdΔ -0.1956  pkR 7.20  clip 0.11  kl +0.004
upd  405  steps 13303808  sps 5870  opp buf  loss +0.042  pg -0.0056  v 0.249  ev +1.00  adv_std 0.736  tR +0.10  ent[s/d/p/e] 0.45/0.20/0.20/0.01  emits 7.05  spf 218.1  z0 0.01  garr 443.7  tG 2602  e2 0.88  nF 22.9  pS 0.30  ptS 0.28  fLog 0.72  pdΔ -0.2000  pkR 9.41  clip 0.10  kl +0.004
upd  406  steps 13336576  sps 5871  opp buf  loss +0.036  pg -0.0067  v 0.224  ev +1.00  adv_std 0.696  tR +0.12  ent[s/d/p/e] 0.49/0.18/0.19/0.01  emits 7.08  spf 248.5  z0 0.01  garr 422.2  tG 3070  e2 0.88  nF 22.5  pS 0.31  ptS 0.29  fLog 0.74  pdΔ -0.1864  pkR 8.63  clip 0.10  kl +0.005
upd  407  steps 13369344  sps 5872  opp buf  loss +0.042  pg -0.0055  v 0.247  ev +1.00  adv_std 0.725  tR +0.23  ent[s/d/p/e] 0.49/0.16/0.21/0.01  emits 7.03  spf 247.3  z0 0.00  garr 433.3  tG 3096  e2 0.87  nF 22.7  pS 0.32  ptS 0.29  fLog 0.75  pdΔ -0.1847  pkR 6.69  clip 0.10  kl +0.005
upd  408  steps 13402112  sps 5873  opp buf  loss +0.036  pg -0.0051  v 0.216  ev +1.00  adv_std 0.685  tR +0.05  ent[s/d/p/e] 0.49/0.14/0.21/0.01  emits 6.81  spf 255.2  z0 0.01  garr 411.7  tG 3177  e2 0.84  nF 21.7  pS 0.32  ptS 0.30  fLog 0.75  pdΔ -0.1761  pkR 9.50  clip 0.10  kl +0.003
upd  409  steps 13434880  sps 5873  opp buf  loss +0.037  pg -0.0061  v 0.226  ev +1.00  adv_std 0.700  tR +0.24  ent[s/d/p/e] 0.47/0.15/0.23/0.01  emits 7.08  spf 249.9  z0 0.00  garr 431.0  tG 3134  e2 0.88  nF 21.4  pS 0.30  ptS 0.28  fLog 0.74  pdΔ -0.1955  pkR 9.28  clip 0.10  kl +0.004
upd  410  steps 13467648  sps 5874  opp frzn  loss +0.078  pg -0.0059  v 0.430  ev +0.99  adv_std 0.957  tR +0.12  ent[s/d/p/e] 0.41/0.18/0.23/0.01  emits 6.92  spf 252.6  z0 0.00  garr 458.1  tG 3006  e2 0.87  nF 18.1  pS 0.27  ptS 0.26  fLog 0.74  pdΔ -0.2258  pkR 8.61  clip 0.09  kl +0.004
upd  411  steps 13500416  sps 5875  opp buf  loss +0.064  pg -0.0065  v 0.363  ev +0.99  adv_std 0.880  tR +0.23  ent[s/d/p/e] 0.42/0.21/0.19/0.01  emits 6.86  spf 225.1  z0 0.00  garr 482.8  tG 2395  e2 0.85  nF 19.0  pS 0.27  ptS 0.25  fLog 0.72  pdΔ -0.2335  pkR 10.28  clip 0.09  kl +0.004
upd  412  steps 13533184  sps 5876  opp buf  loss +0.073  pg -0.0063  v 0.407  ev +0.99  adv_std 0.926  tR +0.11  ent[s/d/p/e] 0.48/0.21/0.21/0.01  emits 7.00  spf 241.3  z0 0.00  garr 468.5  tG 2780  e2 0.87  nF 20.7  pS 0.30  ptS 0.28  fLog 0.73  pdΔ -0.1986  pkR 6.86  clip 0.10  kl +0.005
upd  413  steps 13565952  sps 5877  opp frzn  loss +0.059  pg -0.0057  v 0.330  ev +0.99  adv_std 0.839  tR +0.06  ent[s/d/p/e] 0.48/0.17/0.20/0.01  emits 6.96  spf 251.4  z0 0.00  garr 400.5  tG 3055  e2 0.86  nF 22.2  pS 0.31  ptS 0.29  fLog 0.74  pdΔ -0.1877  pkR 7.52  clip 0.10  kl +0.005
upd  414  steps 13598720  sps 5878  opp buf  loss +0.039  pg -0.0068  v 0.235  ev +1.00  adv_std 0.713  tR +0.18  ent[s/d/p/e] 0.45/0.23/0.18/0.01  emits 6.80  spf 231.7  z0 0.00  garr 452.7  tG 2546  e2 0.84  nF 22.8  pS 0.28  ptS 0.26  fLog 0.72  pdΔ -0.2225  pkR 10.72  clip 0.09  kl +0.004
upd  415  steps 13631488  sps 5879  opp frzn  loss +0.056  pg -0.0058  v 0.318  ev +0.99  adv_std 0.825  tR +0.12  ent[s/d/p/e] 0.46/0.18/0.22/0.01  emits 6.87  spf 227.0  z0 0.00  garr 451.7  tG 2643  e2 0.85  nF 22.0  pS 0.29  ptS 0.27  fLog 0.73  pdΔ -0.2149  pkR 7.76  clip 0.09  kl +0.005
upd  416  steps 13664256  sps 5880  opp frzn  loss +0.088  pg -0.0058  v 0.477  ev +0.99  adv_std 1.006  tR -0.03  ent[s/d/p/e] 0.41/0.18/0.21/0.01  emits 6.78  spf 258.0  z0 0.00  garr 460.7  tG 2857  e2 0.84  nF 18.6  pS 0.28  ptS 0.26  fLog 0.73  pdΔ -0.2187  pkR 10.74  clip 0.09  kl +0.004
upd  417  steps 13697024  sps 5881  opp buf  loss +0.060  pg -0.0069  v 0.341  ev +0.99  adv_std 0.857  tR +0.09  ent[s/d/p/e] 0.43/0.24/0.17/0.01  emits 6.84  spf 201.3  z0 0.01  garr 471.0  tG 2095  e2 0.85  nF 23.6  pS 0.27  ptS 0.26  fLog 0.70  pdΔ -0.2268  pkR 6.19  clip 0.09  kl +0.005
upd  418  steps 13729792  sps 5882  opp frzn  loss +0.091  pg -0.0054  v 0.490  ev +0.99  adv_std 1.018  tR +0.15  ent[s/d/p/e] 0.44/0.18/0.19/0.01  emits 6.63  spf 237.8  z0 0.00  garr 440.7  tG 2610  e2 0.82  nF 19.6  pS 0.28  ptS 0.26  fLog 0.73  pdΔ -0.2203  pkR 7.69  clip 0.09  kl +0.003
upd  419  steps 13762560  sps 5883  opp frzn  loss +0.072  pg -0.0063  v 0.400  ev +0.99  adv_std 0.925  tR +0.06  ent[s/d/p/e] 0.42/0.23/0.19/0.01  emits 6.62  spf 206.6  z0 0.00  garr 415.0  tG 2121  e2 0.82  nF 21.2  pS 0.26  ptS 0.25  fLog 0.70  pdΔ -0.2405  pkR 11.66  clip 0.09  kl +0.004
upd  420  steps 13795328  sps 5883  opp buf  loss +0.066  pg -0.0073  v 0.376  ev +0.99  adv_std 0.896  tR +0.18  ent[s/d/p/e] 0.49/0.25/0.19/0.01  emits 6.99  spf 194.8  z0 0.00  garr 466.3  tG 2100  e2 0.86  nF 25.6  pS 0.29  ptS 0.28  fLog 0.69  pdΔ -0.2061  pkR 6.40  clip 0.09  kl +0.005
upd  421  steps 13828096  sps 5884  opp buf  loss +0.047  pg -0.0048  v 0.268  ev +0.99  adv_std 0.761  tR +0.13  ent[s/d/p/e] 0.47/0.18/0.20/0.01  emits 7.09  spf 238.0  z0 0.00  garr 458.7  tG 2935  e2 0.88  nF 23.2  pS 0.33  ptS 0.30  fLog 0.73  pdΔ -0.1721  pkR 8.35  clip 0.09  kl +0.004
upd  422  steps 13860864  sps 5885  opp buf  loss +0.037  pg -0.0065  v 0.225  ev +1.00  adv_std 0.697  tR +0.04  ent[s/d/p/e] 0.49/0.16/0.24/0.01  emits 6.95  spf 266.0  z0 0.00  garr 416.4  tG 3243  e2 0.87  nF 21.5  pS 0.31  ptS 0.29  fLog 0.75  pdΔ -0.1880  pkR 10.49  clip 0.09  kl +0.003
upd  423  steps 13893632  sps 5886  opp buf  loss +0.046  pg -0.0059  v 0.270  ev +0.99  adv_std 0.760  tR +0.02  ent[s/d/p/e] 0.46/0.15/0.19/0.01  emits 6.88  spf 230.8  z0 0.00  garr 401.7  tG 2836  e2 0.85  nF 22.9  pS 0.31  ptS 0.29  fLog 0.74  pdΔ -0.1942  pkR 7.56  clip 0.09  kl +0.003
upd  424  steps 13926400  sps 5887  opp buf  loss +0.036  pg -0.0061  v 0.221  ev +1.00  adv_std 0.690  tR +0.08  ent[s/d/p/e] 0.48/0.15/0.22/0.01  emits 7.22  spf 255.5  z0 0.00  garr 459.8  tG 3262  e2 0.90  nF 22.5  pS 0.31  ptS 0.29  fLog 0.74  pdΔ -0.1864  pkR 8.69  clip 0.09  kl +0.004
upd  425  steps 13959168  sps 5888  opp buf  loss +0.037  pg -0.0069  v 0.230  ev +1.00  adv_std 0.702  tR -0.02  ent[s/d/p/e] 0.47/0.17/0.22/0.01  emits 7.08  spf 283.6  z0 0.00  garr 466.2  tG 3600  e2 0.89  nF 22.5  pS 0.32  ptS 0.30  fLog 0.76  pdΔ -0.1773  pkR 8.29  clip 0.09  kl +0.004
upd  426  steps 13991936  sps 5889  opp frzn  loss +0.062  pg -0.0065  v 0.352  ev +0.99  adv_std 0.870  tR +0.21  ent[s/d/p/e] 0.44/0.18/0.24/0.02  emits 6.69  spf 281.2  z0 0.00  garr 446.4  tG 3252  e2 0.83  nF 19.4  pS 0.29  ptS 0.27  fLog 0.74  pdΔ -0.2124  pkR 9.52  clip 0.09  kl +0.004
upd  427  steps 14024704  sps 5889  opp buf  loss +0.061  pg -0.0068  v 0.349  ev +0.99  adv_std 0.865  tR +0.11  ent[s/d/p/e] 0.45/0.24/0.17/0.01  emits 6.89  spf 215.3  z0 0.00  garr 475.1  tG 2344  e2 0.86  nF 21.5  pS 0.28  ptS 0.26  fLog 0.71  pdΔ -0.2199  pkR 11.91  clip 0.09  kl +0.004
upd  428  steps 14057472  sps 5890  opp buf  loss +0.053  pg -0.0050  v 0.301  ev +0.99  adv_std 0.798  tR +0.06  ent[s/d/p/e] 0.49/0.20/0.18/0.01  emits 6.95  spf 223.1  z0 0.00  garr 465.9  tG 2593  e2 0.87  nF 21.7  pS 0.31  ptS 0.29  fLog 0.73  pdΔ -0.1933  pkR 5.64  clip 0.09  kl +0.004
upd  429  steps 14090240  sps 5891  opp buf  loss +0.047  pg -0.0057  v 0.272  ev +0.99  adv_std 0.763  tR +0.23  ent[s/d/p/e] 0.53/0.18/0.22/0.01  emits 7.19  spf 261.2  z0 0.00  garr 484.1  tG 3308  e2 0.90  nF 23.4  pS 0.32  ptS 0.30  fLog 0.74  pdΔ -0.1766  pkR 7.15  clip 0.10  kl +0.005
upd  430  steps 14123008  sps 5892  opp frzn  loss +0.065  pg -0.0066  v 0.370  ev +0.99  adv_std 0.895  tR +0.22  ent[s/d/p/e] 0.46/0.25/0.24/0.01  emits 6.67  spf 241.4  z0 0.00  garr 437.5  tG 2771  e2 0.82  nF 22.7  pS 0.29  ptS 0.27  fLog 0.71  pdΔ -0.2101  pkR 9.52  clip 0.09  kl +0.004
upd  431  steps 14155776  sps 5893  opp frzn  loss +0.061  pg -0.0071  v 0.348  ev +0.99  adv_std 0.866  tR +0.23  ent[s/d/p/e] 0.45/0.25/0.18/0.01  emits 6.87  spf 224.5  z0 0.00  garr 448.5  tG 2438  e2 0.85  nF 20.5  pS 0.29  ptS 0.28  fLog 0.71  pdΔ -0.2146  pkR 10.05  clip 0.09  kl +0.003
upd  432  steps 14188544  sps 5894  opp frzn  loss +0.091  pg -0.0063  v 0.496  ev +0.99  adv_std 1.028  tR +0.24  ent[s/d/p/e] 0.40/0.26/0.18/0.01  emits 6.71  spf 205.4  z0 0.00  garr 496.8  tG 1989  e2 0.83  nF 18.1  pS 0.24  ptS 0.23  fLog 0.70  pdΔ -0.2558  pkR 6.14  clip 0.09  kl +0.005
upd  433  steps 14221312  sps 5894  opp buf  loss +0.057  pg -0.0064  v 0.327  ev +0.99  adv_std 0.835  tR +0.24  ent[s/d/p/e] 0.45/0.24/0.16/0.01  emits 6.93  spf 213.4  z0 0.00  garr 487.2  tG 2325  e2 0.86  nF 21.1  pS 0.29  ptS 0.27  fLog 0.72  pdΔ -0.2134  pkR 5.68  clip 0.08  kl +0.004
upd  434  steps 14254080  sps 5895  opp frzn  loss +0.075  pg -0.0067  v 0.415  ev +0.99  adv_std 0.942  tR -0.01  ent[s/d/p/e] 0.45/0.19/0.20/0.01  emits 6.81  spf 267.1  z0 0.00  garr 485.1  tG 3116  e2 0.84  nF 19.1  pS 0.29  ptS 0.27  fLog 0.73  pdΔ -0.2148  pkR 8.46  clip 0.08  kl +0.004
upd  435  steps 14286848  sps 5896  opp frzn  loss +0.068  pg -0.0068  v 0.382  ev +0.99  adv_std 0.904  tR +0.12  ent[s/d/p/e] 0.42/0.22/0.18/0.01  emits 6.71  spf 242.3  z0 0.00  garr 503.2  tG 2577  e2 0.83  nF 18.8  pS 0.26  ptS 0.25  fLog 0.73  pdΔ -0.2377  pkR 12.01  clip 0.08  kl +0.004
upd  436  steps 14319616  sps 5897  opp frzn  loss +0.059  pg -0.0069  v 0.339  ev +0.99  adv_std 0.856  tR +0.15  ent[s/d/p/e] 0.41/0.25/0.17/0.02  emits 6.31  spf 202.0  z0 0.00  garr 433.6  tG 1870  e2 0.78  nF 18.5  pS 0.24  ptS 0.23  fLog 0.69  pdΔ -0.2591  pkR 8.40  clip 0.08  kl +0.004
upd  437  steps 14352384  sps 5898  opp frzn  loss +0.061  pg -0.0068  v 0.348  ev +0.99  adv_std 0.866  tR +0.29  ent[s/d/p/e] 0.46/0.24/0.14/0.01  emits 6.83  spf 199.4  z0 0.00  garr 492.8  tG 1975  e2 0.85  nF 20.9  pS 0.25  ptS 0.23  fLog 0.70  pdΔ -0.2541  pkR 7.35  clip 0.08  kl +0.004
upd  438  steps 14385152  sps 5899  opp frzn  loss +0.059  pg -0.0068  v 0.338  ev +0.99  adv_std 0.855  tR +0.19  ent[s/d/p/e] 0.36/0.23/0.18/0.01  emits 6.77  spf 199.5  z0 0.00  garr 498.8  tG 1911  e2 0.84  nF 18.0  pS 0.23  ptS 0.22  fLog 0.71  pdΔ -0.2694  pkR 6.38  clip 0.08  kl +0.003
upd  439  steps 14417920  sps 5899  opp frzn  loss +0.080  pg -0.0076  v 0.445  ev +0.99  adv_std 0.969  tR +0.12  ent[s/d/p/e] 0.44/0.29/0.19/0.01  emits 6.91  spf 199.7  z0 0.00  garr 494.5  tG 2013  e2 0.86  nF 23.3  pS 0.26  ptS 0.24  fLog 0.70  pdΔ -0.2442  pkR 5.55  clip 0.09  kl +0.005
upd  440  steps 14450688  sps 5900  opp frzn  loss +0.083  pg -0.0071  v 0.458  ev +0.99  adv_std 0.987  tR +0.07  ent[s/d/p/e] 0.45/0.31/0.21/0.01  emits 6.61  spf 184.1  z0 0.00  garr 442.0  tG 1813  e2 0.82  nF 23.4  pS 0.26  ptS 0.25  fLog 0.68  pdΔ -0.2385  pkR 8.26  clip 0.09  kl +0.004
upd  441  steps 14483456  sps 5901  opp buf  loss +0.094  pg -0.0076  v 0.517  ev +0.99  adv_std 1.045  tR +0.04  ent[s/d/p/e] 0.50/0.29/0.21/0.01  emits 6.93  spf 194.4  z0 0.00  garr 433.4  tG 2051  e2 0.87  nF 23.4  pS 0.29  ptS 0.28  fLog 0.69  pdΔ -0.2061  pkR 6.29  clip 0.09  kl +0.004
upd  442  steps 14516224  sps 5902  opp buf  loss +0.052  pg -0.0064  v 0.303  ev +0.99  adv_std 0.803  tR +0.30  ent[s/d/p/e] 0.45/0.19/0.19/0.01  emits 7.08  spf 215.8  z0 0.00  garr 443.7  tG 2494  e2 0.88  nF 20.6  pS 0.29  ptS 0.28  fLog 0.72  pdΔ -0.2095  pkR 6.39  clip 0.09  kl +0.003
upd  443  steps 14548992  sps 5903  opp frzn  loss +0.036  pg -0.0062  v 0.217  ev +1.00  adv_std 0.687  tR -0.04  ent[s/d/p/e] 0.41/0.14/0.20/0.01  emits 6.96  spf 270.2  z0 0.00  garr 501.3  tG 3076  e2 0.86  nF 17.1  pS 0.27  ptS 0.26  fLog 0.77  pdΔ -0.2310  pkR 7.16  clip 0.07  kl +0.003
upd  444  steps 14581760  sps 5903  opp frzn  loss +0.079  pg -0.0072  v 0.441  ev +0.99  adv_std 0.971  tR +0.00  ent[s/d/p/e] 0.42/0.21/0.18/0.01  emits 6.78  spf 243.4  z0 0.00  garr 493.4  tG 2494  e2 0.84  nF 18.4  pS 0.25  ptS 0.24  fLog 0.72  pdΔ -0.2510  pkR 10.10  clip 0.08  kl +0.004
upd  445  steps 14614528  sps 5904  opp frzn  loss +0.071  pg -0.0066  v 0.397  ev +0.99  adv_std 0.922  tR +0.24  ent[s/d/p/e] 0.44/0.20/0.16/0.01  emits 6.80  spf 213.7  z0 0.00  garr 505.9  tG 2109  e2 0.85  nF 17.4  pS 0.25  ptS 0.24  fLog 0.72  pdΔ -0.2460  pkR 5.64  clip 0.07  kl +0.003
upd  446  steps 14647296  sps 5905  opp buf  loss +0.040  pg -0.0065  v 0.239  ev +1.00  adv_std 0.717  tR +0.11  ent[s/d/p/e] 0.36/0.18/0.16/0.02  emits 6.88  spf 183.3  z0 0.00  garr 468.4  tG 1842  e2 0.86  nF 16.5  pS 0.23  ptS 0.22  fLog 0.71  pdΔ -0.2727  pkR 5.70  clip 0.07  kl +0.002
upd  447  steps 14680064  sps 5906  opp frzn  loss +0.055  pg -0.0063  v 0.313  ev +0.99  adv_std 0.821  tR +0.31  ent[s/d/p/e] 0.40/0.21/0.22/0.01  emits 6.68  spf 229.6  z0 0.00  garr 482.5  tG 2453  e2 0.82  nF 17.8  pS 0.24  ptS 0.23  fLog 0.73  pdΔ -0.2643  pkR 10.30  clip 0.07  kl +0.004
upd  448  steps 14712832  sps 5907  opp frzn  loss +0.087  pg -0.0064  v 0.474  ev +0.99  adv_std 1.007  tR +0.03  ent[s/d/p/e] 0.44/0.27/0.21/0.02  emits 6.25  spf 198.4  z0 0.00  garr 389.7  tG 1928  e2 0.77  nF 22.2  pS 0.24  ptS 0.24  fLog 0.69  pdΔ -0.2553  pkR 13.49  clip 0.08  kl +0.003
upd  449  steps 14745600  sps 5907  opp buf  loss +0.091  pg -0.0074  v 0.499  ev +0.99  adv_std 1.028  tR +0.25  ent[s/d/p/e] 0.48/0.21/0.19/0.01  emits 6.82  spf 204.8  z0 0.00  garr 458.8  tG 2093  e2 0.84  nF 22.1  pS 0.28  ptS 0.26  fLog 0.71  pdΔ -0.2222  pkR 6.23  clip 0.09  kl +0.004 WRr 0.94 WRf 1.00
upd  450  steps 14778368  sps 5882  opp buf  loss +0.057  pg -0.0073  v 0.331  ev +0.99  adv_std 0.845  tR +0.14  ent[s/d/p/e] 0.46/0.19/0.21/0.01  emits 7.09  spf 202.9  z0 0.00  garr 417.4  tG 2408  e2 0.88  nF 24.3  pS 0.29  ptS 0.27  fLog 0.71  pdΔ -0.2120  pkR 10.73  clip 0.09  kl +0.004
upd  451  steps 14811136  sps 5883  opp frzn  loss +0.066  pg -0.0060  v 0.369  ev +0.99  adv_std 0.890  tR -0.12  ent[s/d/p/e] 0.46/0.15/0.22/0.01  emits 6.82  spf 245.5  z0 0.00  garr 439.8  tG 2782  e2 0.84  nF 20.8  pS 0.27  ptS 0.26  fLog 0.74  pdΔ -0.2292  pkR 9.48  clip 0.07  kl +0.003
upd  452  steps 14843904  sps 5884  opp buf  loss +0.050  pg -0.0071  v 0.294  ev +0.99  adv_std 0.796  tR +0.03  ent[s/d/p/e] 0.43/0.18/0.22/0.01  emits 6.74  spf 220.8  z0 0.00  garr 452.4  tG 2359  e2 0.83  nF 21.5  pS 0.26  ptS 0.25  fLog 0.71  pdΔ -0.2407  pkR 9.38  clip 0.08  kl +0.003
upd  453  steps 14876672  sps 5885  opp buf  loss +0.060  pg -0.0067  v 0.344  ev +0.99  adv_std 0.857  tR +0.06  ent[s/d/p/e] 0.48/0.22/0.23/0.01  emits 6.83  spf 228.6  z0 0.00  garr 473.2  tG 2572  e2 0.85  nF 21.9  pS 0.30  ptS 0.28  fLog 0.73  pdΔ -0.2038  pkR 6.00  clip 0.08  kl +0.003
upd  454  steps 14909440  sps 5886  opp frzn  loss +0.064  pg -0.0073  v 0.366  ev +0.99  adv_std 0.882  tR +0.15  ent[s/d/p/e] 0.53/0.22/0.24/0.01  emits 6.99  spf 254.1  z0 0.00  garr 399.3  tG 3181  e2 0.87  nF 23.7  pS 0.33  ptS 0.31  fLog 0.73  pdΔ -0.1743  pkR 7.55  clip 0.09  kl +0.003
upd  455  steps 14942208  sps 5887  opp buf  loss +0.069  pg -0.0063  v 0.386  ev +0.99  adv_std 0.904  tR +0.16  ent[s/d/p/e] 0.51/0.22/0.21/0.01  emits 6.75  spf 267.3  z0 0.00  garr 452.7  tG 2982  e2 0.83  nF 22.8  pS 0.30  ptS 0.28  fLog 0.73  pdΔ -0.1993  pkR 8.52  clip 0.08  kl +0.004
upd  456  steps 14974976  sps 5887  opp buf  loss +0.067  pg -0.0076  v 0.380  ev +0.99  adv_std 0.905  tR +0.12  ent[s/d/p/e] 0.47/0.24/0.21/0.01  emits 7.10  spf 216.3  z0 0.00  garr 436.5  tG 2579  e2 0.88  nF 23.3  pS 0.30  ptS 0.29  fLog 0.71  pdΔ -0.1976  pkR 6.91  clip 0.08  kl +0.004
upd  457  steps 15007744  sps 5888  opp buf  loss +0.058  pg -0.0065  v 0.334  ev +0.99  adv_std 0.849  tR +0.08  ent[s/d/p/e] 0.54/0.23/0.24/0.01  emits 6.86  spf 254.1  z0 0.00  garr 413.1  tG 3099  e2 0.86  nF 26.4  pS 0.32  ptS 0.31  fLog 0.72  pdΔ -0.1783  pkR 7.82  clip 0.08  kl +0.004
upd  458  steps 15040512  sps 5889  opp buf  loss +0.067  pg -0.0060  v 0.373  ev +0.99  adv_std 0.885  tR +0.12  ent[s/d/p/e] 0.49/0.21/0.23/0.01  emits 6.93  spf 234.3  z0 0.00  garr 379.6  tG 2947  e2 0.86  nF 25.6  pS 0.32  ptS 0.30  fLog 0.71  pdΔ -0.1803  pkR 9.58  clip 0.08  kl +0.004
upd  459  steps 15073280  sps 5890  opp buf  loss +0.047  pg -0.0066  v 0.278  ev +1.00  adv_std 0.773  tR -0.11  ent[s/d/p/e] 0.51/0.18/0.21/0.01  emits 6.83  spf 247.4  z0 0.00  garr 409.9  tG 2906  e2 0.84  nF 23.8  pS 0.31  ptS 0.29  fLog 0.74  pdΔ -0.1910  pkR 9.44  clip 0.08  kl +0.003
upd  460  steps 15106048  sps 5890  opp buf  loss +0.045  pg -0.0067  v 0.270  ev +1.00  adv_std 0.758  tR -0.10  ent[s/d/p/e] 0.53/0.18/0.20/0.01  emits 7.01  spf 257.5  z0 0.00  garr 422.4  tG 3308  e2 0.87  nF 23.6  pS 0.34  ptS 0.32  fLog 0.75  pdΔ -0.1582  pkR 6.68  clip 0.08  kl +0.004
upd  461  steps 15138816  sps 5891  opp buf  loss +0.050  pg -0.0052  v 0.284  ev +0.99  adv_std 0.773  tR +0.15  ent[s/d/p/e] 0.52/0.13/0.22/0.01  emits 7.15  spf 286.6  z0 0.00  garr 438.1  tG 3703  e2 0.89  nF 20.9  pS 0.34  ptS 0.32  fLog 0.76  pdΔ -0.1588  pkR 7.34  clip 0.09  kl +0.002
upd  462  steps 15171584  sps 5892  opp buf  loss +0.031  pg -0.0067  v 0.198  ev +1.00  adv_std 0.653  tR +0.18  ent[s/d/p/e] 0.48/0.12/0.24/0.01  emits 7.04  spf 272.3  z0 0.00  garr 432.0  tG 3422  e2 0.87  nF 20.4  pS 0.31  ptS 0.30  fLog 0.75  pdΔ -0.1881  pkR 8.04  clip 0.07  kl +0.003
upd  463  steps 15204352  sps 5893  opp frzn  loss +0.086  pg -0.0065  v 0.473  ev +0.99  adv_std 1.002  tR -0.04  ent[s/d/p/e] 0.43/0.17/0.24/0.01  emits 6.79  spf 230.3  z0 0.00  garr 405.1  tG 2693  e2 0.85  nF 17.7  pS 0.28  ptS 0.26  fLog 0.73  pdΔ -0.2222  pkR 8.81  clip 0.07  kl +0.003
upd  464  steps 15237120  sps 5894  opp frzn  loss +0.069  pg -0.0064  v 0.383  ev +0.99  adv_std 0.906  tR -0.10  ent[s/d/p/e] 0.39/0.20/0.17/0.02  emits 6.81  spf 227.8  z0 0.00  garr 479.9  tG 2374  e2 0.85  nF 17.7  pS 0.27  ptS 0.25  fLog 0.73  pdΔ -0.2320  pkR 8.87  clip 0.07  kl +0.003
upd  465  steps 15269888  sps 5894  opp frzn  loss +0.051  pg -0.0060  v 0.293  ev +0.99  adv_std 0.793  tR +0.22  ent[s/d/p/e] 0.37/0.15/0.15/0.01  emits 6.72  spf 204.6  z0 0.00  garr 491.0  tG 1966  e2 0.83  nF 15.7  pS 0.24  ptS 0.22  fLog 0.73  pdΔ -0.2645  pkR 6.54  clip 0.07  kl +0.003
upd  466  steps 15302656  sps 5895  opp buf  loss +0.061  pg -0.0055  v 0.341  ev +0.99  adv_std 0.849  tR +0.01  ent[s/d/p/e] 0.38/0.14/0.13/0.01  emits 6.98  spf 219.1  z0 0.00  garr 559.9  tG 2225  e2 0.86  nF 15.5  pS 0.25  ptS 0.23  fLog 0.75  pdΔ -0.2526  pkR 5.16  clip 0.06  kl +0.003
upd  467  steps 15335424  sps 5896  opp frzn  loss +0.057  pg -0.0064  v 0.327  ev +0.99  adv_std 0.836  tR +0.11  ent[s/d/p/e] 0.42/0.16/0.22/0.01  emits 6.98  spf 239.3  z0 0.00  garr 475.2  tG 2745  e2 0.88  nF 15.9  pS 0.27  ptS 0.25  fLog 0.74  pdΔ -0.2336  pkR 8.10  clip 0.07  kl +0.003
upd  468  steps 15368192  sps 5897  opp buf  loss +0.055  pg -0.0068  v 0.315  ev +0.99  adv_std 0.815  tR +0.05  ent[s/d/p/e] 0.42/0.17/0.19/0.01  emits 7.22  spf 225.8  z0 0.00  garr 539.6  tG 2518  e2 0.91  nF 18.3  pS 0.26  ptS 0.25  fLog 0.74  pdΔ -0.2380  pkR 12.91  clip 0.07  kl +0.003
upd  469  steps 15400960  sps 5897  opp frzn  loss +0.080  pg -0.0069  v 0.444  ev +0.99  adv_std 0.974  tR +0.16  ent[s/d/p/e] 0.41/0.20/0.23/0.01  emits 6.76  spf 204.8  z0 0.00  garr 438.3  tG 2241  e2 0.84  nF 19.1  pS 0.25  ptS 0.24  fLog 0.71  pdΔ -0.2477  pkR 6.93  clip 0.07  kl +0.003
upd  470  steps 15433728  sps 5898  opp frzn  loss +0.065  pg -0.0066  v 0.367  ev +0.99  adv_std 0.885  tR -0.04  ent[s/d/p/e] 0.37/0.19/0.20/0.01  emits 6.33  spf 219.3  z0 0.00  garr 452.6  tG 2155  e2 0.78  nF 16.2  pS 0.24  ptS 0.22  fLog 0.73  pdΔ -0.2621  pkR 10.59  clip 0.06  kl +0.003
upd  471  steps 15466496  sps 5899  opp buf  loss +0.069  pg -0.0072  v 0.388  ev +0.99  adv_std 0.912  tR +0.21  ent[s/d/p/e] 0.45/0.23/0.18/0.01  emits 6.70  spf 181.6  z0 0.00  garr 432.9  tG 1858  e2 0.83  nF 22.6  pS 0.28  ptS 0.26  fLog 0.70  pdΔ -0.2234  pkR 6.06  clip 0.07  kl +0.003
upd  472  steps 15499264  sps 5900  opp buf  loss +0.049  pg -0.0062  v 0.285  ev +0.99  adv_std 0.777  tR +0.11  ent[s/d/p/e] 0.47/0.15/0.20/0.01  emits 6.93  spf 261.3  z0 0.00  garr 482.8  tG 3118  e2 0.86  nF 19.3  pS 0.32  ptS 0.30  fLog 0.76  pdΔ -0.1836  pkR 6.28  clip 0.06  kl +0.002
upd  473  steps 15532032  sps 5900  opp buf  loss +0.044  pg -0.0062  v 0.262  ev +0.99  adv_std 0.749  tR +0.00  ent[s/d/p/e] 0.51/0.16/0.23/0.01  emits 6.95  spf 265.1  z0 0.01  garr 407.8  tG 3245  e2 0.87  nF 22.4  pS 0.31  ptS 0.29  fLog 0.73  pdΔ -0.1870  pkR 8.95  clip 0.08  kl +0.003
upd  474  steps 15564800  sps 5901  opp frzn  loss +0.039  pg -0.0060  v 0.235  ev +1.00  adv_std 0.712  tR -0.07  ent[s/d/p/e] 0.49/0.17/0.24/0.01  emits 6.96  spf 257.2  z0 0.00  garr 446.8  tG 3203  e2 0.87  nF 22.8  pS 0.30  ptS 0.28  fLog 0.74  pdΔ -0.1984  pkR 10.32  clip 0.07  kl +0.003
upd  475  steps 15597568  sps 5902  opp buf  loss +0.065  pg -0.0069  v 0.370  ev +0.99  adv_std 0.889  tR +0.03  ent[s/d/p/e] 0.48/0.21/0.19/0.01  emits 6.82  spf 240.9  z0 0.00  garr 453.1  tG 2779  e2 0.84  nF 21.2  pS 0.29  ptS 0.27  fLog 0.72  pdΔ -0.2075  pkR 12.26  clip 0.06  kl +0.003
upd  476  steps 15630336  sps 5903  opp frzn  loss +0.040  pg -0.0061  v 0.238  ev +1.00  adv_std 0.718  tR +0.10  ent[s/d/p/e] 0.45/0.13/0.17/0.01  emits 7.01  spf 241.2  z0 0.00  garr 505.5  tG 2843  e2 0.87  nF 16.9  pS 0.28  ptS 0.26  fLog 0.75  pdΔ -0.2226  pkR 8.84  clip 0.06  kl +0.003
upd  477  steps 15663104  sps 5903  opp buf  loss +0.047  pg -0.0064  v 0.274  ev +0.99  adv_std 0.768  tR +0.06  ent[s/d/p/e] 0.41/0.19/0.17/0.01  emits 6.78  spf 235.5  z0 0.00  garr 480.3  tG 2562  e2 0.84  nF 17.4  pS 0.26  ptS 0.24  fLog 0.73  pdΔ -0.2414  pkR 10.58  clip 0.06  kl +0.004
upd  478  steps 15695872  sps 5904  opp buf  loss +0.040  pg -0.0056  v 0.235  ev +0.99  adv_std 0.708  tR +0.22  ent[s/d/p/e] 0.48/0.11/0.15/0.01  emits 7.24  spf 245.9  z0 0.00  garr 518.4  tG 3009  e2 0.90  nF 17.6  pS 0.31  ptS 0.29  fLog 0.77  pdΔ -0.1911  pkR 8.03  clip 0.06  kl +0.003
upd  479  steps 15728640  sps 5905  opp frzn  loss +0.068  pg -0.0070  v 0.381  ev +0.99  adv_std 0.904  tR +0.07  ent[s/d/p/e] 0.44/0.14/0.23/0.01  emits 6.79  spf 280.1  z0 0.00  garr 406.9  tG 3455  e2 0.84  nF 18.1  pS 0.30  ptS 0.28  fLog 0.75  pdΔ -0.1997  pkR 8.45  clip 0.06  kl +0.003
upd  480  steps 15761408  sps 5906  opp frzn  loss +0.077  pg -0.0056  v 0.419  ev +0.99  adv_std 0.945  tR +0.20  ent[s/d/p/e] 0.41/0.17/0.20/0.01  emits 6.71  spf 265.2  z0 0.00  garr 472.1  tG 2889  e2 0.83  nF 16.3  pS 0.26  ptS 0.24  fLog 0.74  pdΔ -0.2419  pkR 10.58  clip 0.05  kl +0.002
upd  481  steps 15794176  sps 5906  opp buf  loss +0.088  pg -0.0075  v 0.487  ev +0.99  adv_std 1.010  tR +0.27  ent[s/d/p/e] 0.47/0.26/0.19/0.01  emits 6.62  spf 187.4  z0 0.00  garr 468.2  tG 1879  e2 0.81  nF 23.6  pS 0.25  ptS 0.24  fLog 0.68  pdΔ -0.2471  pkR 9.52  clip 0.07  kl +0.003
upd  482  steps 15826944  sps 5907  opp buf  loss +0.032  pg -0.0067  v 0.203  ev +1.00  adv_std 0.663  tR +0.08  ent[s/d/p/e] 0.51/0.13/0.18/0.01  emits 6.84  spf 238.2  z0 0.00  garr 466.9  tG 2814  e2 0.84  nF 22.3  pS 0.31  ptS 0.29  fLog 0.74  pdΔ -0.1925  pkR 11.31  clip 0.06  kl +0.003
upd  483  steps 15859712  sps 5908  opp frzn  loss +0.068  pg -0.0055  v 0.377  ev +0.99  adv_std 0.894  tR +0.26  ent[s/d/p/e] 0.45/0.19/0.25/0.02  emits 6.66  spf 234.3  z0 0.00  garr 393.8  tG 2757  e2 0.82  nF 22.4  pS 0.27  ptS 0.25  fLog 0.70  pdΔ -0.2304  pkR 11.18  clip 0.06  kl +0.002
upd  484  steps 15892480  sps 5909  opp frzn  loss +0.047  pg -0.0062  v 0.275  ev +0.99  adv_std 0.773  tR -0.01  ent[s/d/p/e] 0.46/0.21/0.19/0.02  emits 6.64  spf 222.0  z0 0.00  garr 446.4  tG 2342  e2 0.82  nF 21.6  pS 0.25  ptS 0.24  fLog 0.71  pdΔ -0.2485  pkR 13.16  clip 0.06  kl +0.003
upd  485  steps 15925248  sps 5909  opp buf  loss +0.092  pg -0.0067  v 0.504  ev +0.99  adv_std 1.032  tR +0.27  ent[s/d/p/e] 0.46/0.28/0.19/0.01  emits 6.72  spf 164.8  z0 0.01  garr 411.7  tG 1726  e2 0.83  nF 24.3  pS 0.26  ptS 0.25  fLog 0.67  pdΔ -0.2365  pkR 5.78  clip 0.06  kl +0.003
upd  486  steps 15958016  sps 5910  opp frzn  loss +0.065  pg -0.0059  v 0.364  ev +0.99  adv_std 0.884  tR +0.10  ent[s/d/p/e] 0.47/0.17/0.19/0.01  emits 6.83  spf 224.7  z0 0.00  garr 481.8  tG 2470  e2 0.85  nF 18.7  pS 0.27  ptS 0.26  fLog 0.74  pdΔ -0.2265  pkR 6.88  clip 0.06  kl +0.003
upd  487  steps 15990784  sps 5911  opp buf  loss +0.094  pg -0.0069  v 0.514  ev +0.99  adv_std 1.037  tR -0.11  ent[s/d/p/e] 0.44/0.22/0.19/0.01  emits 6.70  spf 204.2  z0 0.00  garr 444.6  tG 2166  e2 0.83  nF 20.3  pS 0.26  ptS 0.25  fLog 0.71  pdΔ -0.2396  pkR 9.65  clip 0.07  kl +0.004
upd  488  steps 16023552  sps 5911  opp frzn  loss +0.063  pg -0.0063  v 0.354  ev +0.99  adv_std 0.870  tR +0.10  ent[s/d/p/e] 0.43/0.16/0.20/0.02  emits 6.76  spf 216.8  z0 0.00  garr 469.1  tG 2357  e2 0.84  nF 16.8  pS 0.26  ptS 0.25  fLog 0.73  pdΔ -0.2391  pkR 11.69  clip 0.06  kl +0.003
upd  489  steps 16056320  sps 5912  opp buf  loss +0.072  pg -0.0064  v 0.398  ev +0.99  adv_std 0.913  tR +0.08  ent[s/d/p/e] 0.43/0.20/0.19/0.01  emits 6.93  spf 205.3  z0 0.00  garr 452.2  tG 2270  e2 0.86  nF 21.5  pS 0.27  ptS 0.25  fLog 0.71  pdΔ -0.2341  pkR 13.89  clip 0.06  kl +0.003
upd  490  steps 16089088  sps 5913  opp frzn  loss +0.061  pg -0.0061  v 0.345  ev +0.99  adv_std 0.857  tR +0.15  ent[s/d/p/e] 0.44/0.14/0.18/0.02  emits 6.66  spf 243.3  z0 0.00  garr 473.6  tG 2697  e2 0.83  nF 16.9  pS 0.27  ptS 0.26  fLog 0.74  pdΔ -0.2331  pkR 8.00  clip 0.06  kl +0.002
upd  491  steps 16121856  sps 5913  opp frzn  loss +0.057  pg -0.0057  v 0.319  ev +0.99  adv_std 0.827  tR +0.25  ent[s/d/p/e] 0.37/0.16/0.18/0.01  emits 6.81  spf 242.3  z0 0.00  garr 480.7  tG 2514  e2 0.84  nF 14.6  pS 0.25  ptS 0.23  fLog 0.74  pdΔ -0.2548  pkR 11.76  clip 0.05  kl +0.002
upd  492  steps 16154624  sps 5914  opp frzn  loss +0.085  pg -0.0063  v 0.461  ev +0.99  adv_std 0.988  tR +0.13  ent[s/d/p/e] 0.38/0.17/0.16/0.02  emits 6.33  spf 237.3  z0 0.00  garr 505.4  tG 2173  e2 0.78  nF 14.0  pS 0.23  ptS 0.22  fLog 0.74  pdΔ -0.2668  pkR 7.54  clip 0.05  kl +0.002
upd  493  steps 16187392  sps 5915  opp buf  loss +0.060  pg -0.0075  v 0.343  ev +0.99  adv_std 0.859  tR +0.39  ent[s/d/p/e] 0.40/0.21/0.16/0.02  emits 6.64  spf 189.6  z0 0.00  garr 446.7  tG 1862  e2 0.82  nF 18.7  pS 0.24  ptS 0.23  fLog 0.70  pdΔ -0.2593  pkR 7.51  clip 0.06  kl +0.003
upd  494  steps 16220160  sps 5916  opp buf  loss +0.073  pg -0.0051  v 0.399  ev +0.99  adv_std 0.908  tR +0.06  ent[s/d/p/e] 0.43/0.14/0.19/0.02  emits 6.82  spf 210.2  z0 0.00  garr 441.9  tG 2400  e2 0.84  nF 20.4  pS 0.28  ptS 0.27  fLog 0.73  pdΔ -0.2187  pkR 6.22  clip 0.06  kl +0.002
upd  495  steps 16252928  sps 5916  opp frzn  loss +0.056  pg -0.0061  v 0.319  ev +0.99  adv_std 0.825  tR +0.30  ent[s/d/p/e] 0.46/0.15/0.19/0.01  emits 6.90  spf 238.6  z0 0.01  garr 413.9  tG 2920  e2 0.86  nF 21.3  pS 0.30  ptS 0.28  fLog 0.74  pdΔ -0.1995  pkR 7.19  clip 0.05  kl +0.002
upd  496  steps 16285696  sps 5917  opp buf  loss +0.049  pg -0.0056  v 0.280  ev +0.99  adv_std 0.767  tR -0.08  ent[s/d/p/e] 0.45/0.15/0.16/0.01  emits 6.90  spf 244.3  z0 0.00  garr 491.2  tG 2681  e2 0.86  nF 18.5  pS 0.27  ptS 0.25  fLog 0.74  pdΔ -0.2297  pkR 8.17  clip 0.05  kl +0.002
upd  497  steps 16318464  sps 5918  opp frzn  loss +0.040  pg -0.0058  v 0.234  ev +1.00  adv_std 0.708  tR +0.16  ent[s/d/p/e] 0.41/0.12/0.16/0.01  emits 6.81  spf 212.2  z0 0.00  garr 462.2  tG 2331  e2 0.84  nF 17.6  pS 0.25  ptS 0.24  fLog 0.75  pdΔ -0.2499  pkR 6.58  clip 0.05  kl +0.002
upd  498  steps 16351232  sps 5918  opp frzn  loss +0.066  pg -0.0069  v 0.375  ev +0.99  adv_std 0.895  tR -0.03  ent[s/d/p/e] 0.40/0.19/0.20/0.01  emits 6.49  spf 211.5  z0 0.00  garr 460.4  tG 2215  e2 0.80  nF 18.1  pS 0.23  ptS 0.21  fLog 0.71  pdΔ -0.2715  pkR 9.29  clip 0.05  kl +0.003
upd  499  steps 16384000  sps 5919  opp buf  loss +0.053  pg -0.0059  v 0.301  ev +0.99  adv_std 0.805  tR +0.13  ent[s/d/p/e] 0.40/0.18/0.15/0.01  emits 6.97  spf 189.5  z0 0.00  garr 502.3  tG 1992  e2 0.87  nF 19.9  pS 0.27  ptS 0.25  fLog 0.72  pdΔ -0.2316  pkR 5.73  clip 0.05  kl +0.002 WRr 0.97 WRf 0.94
[ckpt] saved ./ckpt_multi_action_v11_buf_from4k/ckpt_000499.pkl
upd  500  steps 16416768  sps 5898  opp buf  loss +0.038  pg -0.0066  v 0.231  ev +1.00  adv_std 0.700  tR +0.03  ent[s/d/p/e] 0.48/0.15/0.19/0.01  emits 6.96  spf 251.4  z0 0.00  garr 494.6  tG 2894  e2 0.87  nF 19.9  pS 0.29  ptS 0.27  fLog 0.74  pdΔ -0.2139  pkR 8.06  clip 0.05  kl +0.002
upd  501  steps 16449536  sps 5898  opp buf  loss +0.049  pg -0.0071  v 0.290  ev +0.99  adv_std 0.790  tR +0.08  ent[s/d/p/e] 0.47/0.14/0.20/0.01  emits 7.06  spf 247.7  z0 0.00  garr 487.3  tG 2997  e2 0.87  nF 20.1  pS 0.29  ptS 0.27  fLog 0.75  pdΔ -0.2065  pkR 8.59  clip 0.05  kl +0.003
upd  502  steps 16482304  sps 5899  opp buf  loss +0.066  pg -0.0066  v 0.370  ev +0.99  adv_std 0.881  tR -0.04  ent[s/d/p/e] 0.55/0.18/0.20/0.01  emits 6.92  spf 246.9  z0 0.00  garr 414.6  tG 3012  e2 0.86  nF 24.9  pS 0.32  ptS 0.30  fLog 0.73  pdΔ -0.1768  pkR 8.05  clip 0.06  kl +0.002
upd  503  steps 16515072  sps 5900  opp frzn  loss +0.073  pg -0.0050  v 0.400  ev +0.99  adv_std 0.919  tR +0.03  ent[s/d/p/e] 0.45/0.13/0.21/0.01  emits 6.91  spf 231.8  z0 0.00  garr 425.5  tG 2856  e2 0.86  nF 19.4  pS 0.29  ptS 0.28  fLog 0.75  pdΔ -0.2054  pkR 8.17  clip 0.05  kl +0.002
upd  504  steps 16547840  sps 5901  opp buf  loss +0.075  pg -0.0071  v 0.417  ev +0.99  adv_std 0.939  tR +0.25  ent[s/d/p/e] 0.43/0.17/0.18/0.01  emits 6.80  spf 215.4  z0 0.00  garr 505.6  tG 2258  e2 0.84  nF 18.1  pS 0.25  ptS 0.24  fLog 0.73  pdΔ -0.2479  pkR 9.46  clip 0.05  kl +0.002
upd  505  steps 16580608  sps 5901  opp frzn  loss +0.048  pg -0.0058  v 0.278  ev +0.99  adv_std 0.773  tR +0.05  ent[s/d/p/e] 0.44/0.12/0.18/0.01  emits 6.94  spf 234.2  z0 0.00  garr 494.2  tG 2591  e2 0.86  nF 18.0  pS 0.27  ptS 0.26  fLog 0.75  pdΔ -0.2271  pkR 6.74  clip 0.05  kl +0.002
upd  506  steps 16613376  sps 5902  opp buf  loss +0.082  pg -0.0072  v 0.457  ev +0.99  adv_std 0.990  tR +0.21  ent[s/d/p/e] 0.47/0.21/0.22/0.02  emits 6.57  spf 207.3  z0 0.00  garr 408.2  tG 2216  e2 0.81  nF 23.7  pS 0.28  ptS 0.26  fLog 0.70  pdΔ -0.2243  pkR 8.10  clip 0.06  kl +0.003
upd  507  steps 16646144  sps 5903  opp frzn  loss +0.063  pg -0.0066  v 0.358  ev +0.99  adv_std 0.871  tR +0.27  ent[s/d/p/e] 0.45/0.15/0.22/0.02  emits 6.66  spf 200.8  z0 0.00  garr 409.5  tG 2168  e2 0.82  nF 21.3  pS 0.26  ptS 0.25  fLog 0.72  pdΔ -0.2357  pkR 7.67  clip 0.05  kl +0.002
upd  508  steps 16678912  sps 5903  opp frzn  loss +0.067  pg -0.0054  v 0.371  ev +0.99  adv_std 0.887  tR -0.12  ent[s/d/p/e] 0.36/0.11/0.17/0.02  emits 6.74  spf 201.5  z0 0.00  garr 467.9  tG 2053  e2 0.84  nF 13.7  pS 0.23  ptS 0.21  fLog 0.73  pdΔ -0.2735  pkR 9.20  clip 0.05  kl +0.002
upd  509  steps 16711680  sps 5904  opp frzn  loss +0.053  pg -0.0057  v 0.300  ev +0.99  adv_std 0.800  tR +0.08  ent[s/d/p/e] 0.32/0.11/0.12/0.01  emits 6.88  spf 216.1  z0 0.00  garr 592.5  tG 2028  e2 0.86  nF 9.4  pS 0.20  ptS 0.19  fLog 0.76  pdΔ -0.2993  pkR 5.78  clip 0.04  kl +0.002
upd  510  steps 16744448  sps 5905  opp frzn  loss +0.054  pg -0.0063  v 0.307  ev +0.99  adv_std 0.814  tR -0.26  ent[s/d/p/e] 0.34/0.19/0.14/0.01  emits 6.70  spf 198.7  z0 0.00  garr 533.8  tG 1847  e2 0.83  nF 13.1  pS 0.21  ptS 0.19  fLog 0.73  pdΔ -0.2916  pkR 5.61  clip 0.05  kl +0.002
upd  511  steps 16777216  sps 5905  opp frzn  loss +0.069  pg -0.0062  v 0.385  ev +0.99  adv_std 0.903  tR +0.05  ent[s/d/p/e] 0.34/0.14/0.14/0.01  emits 6.57  spf 217.8  z0 0.00  garr 534.5  tG 2014  e2 0.81  nF 12.1  pS 0.22  ptS 0.20  fLog 0.75  pdΔ -0.2820  pkR 6.31  clip 0.04  kl +0.001
upd  512  steps 16809984  sps 5906  opp frzn  loss +0.061  pg -0.0053  v 0.338  ev +0.99  adv_std 0.846  tR +0.14  ent[s/d/p/e] 0.32/0.14/0.15/0.01  emits 6.46  spf 207.2  z0 0.00  garr 500.9  tG 1879  e2 0.80  nF 11.9  pS 0.21  ptS 0.20  fLog 0.74  pdΔ -0.2882  pkR 5.31  clip 0.05  kl +0.002
upd  513  steps 16842752  sps 5907  opp buf  loss +0.065  pg -0.0067  v 0.364  ev +0.99  adv_std 0.882  tR +0.25  ent[s/d/p/e] 0.38/0.14/0.14/0.01  emits 6.80  spf 212.9  z0 0.00  garr 523.4  tG 2088  e2 0.84  nF 15.8  pS 0.25  ptS 0.23  fLog 0.75  pdΔ -0.2520  pkR 5.94  clip 0.05  kl +0.002
upd  514  steps 16875520  sps 5907  opp buf  loss +0.059  pg -0.0061  v 0.336  ev +0.99  adv_std 0.844  tR +0.34  ent[s/d/p/e] 0.46/0.14/0.18/0.01  emits 6.73  spf 229.5  z0 0.00  garr 449.0  tG 2559  e2 0.83  nF 19.2  pS 0.28  ptS 0.27  fLog 0.74  pdΔ -0.2186  pkR 7.13  clip 0.05  kl +0.002
upd  515  steps 16908288  sps 5908  opp frzn  loss +0.042  pg -0.0060  v 0.246  ev +0.99  adv_std 0.729  tR -0.07  ent[s/d/p/e] 0.43/0.12/0.21/0.01  emits 7.04  spf 260.5  z0 0.00  garr 490.1  tG 3112  e2 0.88  nF 17.0  pS 0.28  ptS 0.26  fLog 0.76  pdΔ -0.2226  pkR 8.20  clip 0.05  kl +0.002
upd  516  steps 16941056  sps 5909  opp frzn  loss +0.071  pg -0.0062  v 0.393  ev +0.99  adv_std 0.915  tR +0.15  ent[s/d/p/e] 0.37/0.16/0.20/0.01  emits 6.56  spf 249.2  z0 0.00  garr 473.7  tG 2501  e2 0.81  nF 15.0  pS 0.24  ptS 0.22  fLog 0.74  pdΔ -0.2606  pkR 12.55  clip 0.04  kl +0.002
upd  517  steps 16973824  sps 5909  opp buf  loss +0.061  pg -0.0065  v 0.344  ev +0.99  adv_std 0.856  tR +0.24  ent[s/d/p/e] 0.41/0.17/0.16/0.02  emits 6.68  spf 216.3  z0 0.01  garr 516.9  tG 2107  e2 0.83  nF 16.5  pS 0.25  ptS 0.24  fLog 0.74  pdΔ -0.2452  pkR 5.30  clip 0.05  kl +0.002
upd  518  steps 17006592  sps 5910  opp buf  loss +0.049  pg -0.0057  v 0.282  ev +0.99  adv_std 0.777  tR +0.20  ent[s/d/p/e] 0.45/0.14/0.17/0.01  emits 6.95  spf 230.7  z0 0.00  garr 447.7  tG 2701  e2 0.86  nF 19.5  pS 0.31  ptS 0.29  fLog 0.75  pdΔ -0.1916  pkR 10.48  clip 0.05  kl +0.002
upd  519  steps 17039360  sps 5911  opp buf  loss +0.031  pg -0.0065  v 0.197  ev +1.00  adv_std 0.652  tR +0.12  ent[s/d/p/e] 0.51/0.11/0.20/0.02  emits 6.97  spf 293.4  z0 0.00  garr 469.8  tG 3561  e2 0.87  nF 19.7  pS 0.32  ptS 0.29  fLog 0.77  pdΔ -0.1847  pkR 9.08  clip 0.05  kl +0.002
upd  520  steps 17072128  sps 5911  opp buf  loss +0.044  pg -0.0067  v 0.263  ev +0.99  adv_std 0.751  tR +0.01  ent[s/d/p/e] 0.47/0.11/0.20/0.01  emits 6.80  spf 232.8  z0 0.00  garr 401.6  tG 2729  e2 0.84  nF 20.8  pS 0.30  ptS 0.27  fLog 0.74  pdΔ -0.2044  pkR 8.71  clip 0.05  kl +0.002
upd  521  steps 17104896  sps 5912  opp frzn  loss +0.038  pg -0.0049  v 0.225  ev +1.00  adv_std 0.697  tR +0.05  ent[s/d/p/e] 0.45/0.07/0.23/0.01  emits 7.01  spf 268.4  z0 0.00  garr 457.1  tG 3240  e2 0.87  nF 16.6  pS 0.28  ptS 0.27  fLog 0.77  pdΔ -0.2177  pkR 6.56  clip 0.04  kl +0.002
upd  522  steps 17137664  sps 5913  opp frzn  loss +0.074  pg -0.0059  v 0.406  ev +0.99  adv_std 0.929  tR +0.28  ent[s/d/p/e] 0.35/0.17/0.17/0.01  emits 6.65  spf 212.0  z0 0.00  garr 467.3  tG 2138  e2 0.82  nF 15.9  pS 0.22  ptS 0.21  fLog 0.71  pdΔ -0.2783  pkR 10.85  clip 0.04  kl +0.002
upd  523  steps 17170432  sps 5913  opp frzn  loss +0.083  pg -0.0061  v 0.452  ev +0.99  adv_std 0.980  tR +0.13  ent[s/d/p/e] 0.41/0.18/0.15/0.02  emits 6.65  spf 192.3  z0 0.00  garr 517.9  tG 1847  e2 0.82  nF 16.2  pS 0.23  ptS 0.22  fLog 0.72  pdΔ -0.2717  pkR 5.76  clip 0.04  kl +0.002
upd  524  steps 17203200  sps 5914  opp frzn  loss +0.070  pg -0.0060  v 0.385  ev +0.99  adv_std 0.905  tR +0.07  ent[s/d/p/e] 0.35/0.14/0.16/0.02  emits 6.48  spf 188.6  z0 0.00  garr 448.9  tG 1733  e2 0.80  nF 14.7  pS 0.22  ptS 0.21  fLog 0.72  pdΔ -0.2813  pkR 6.20  clip 0.04  kl +0.002
upd  525  steps 17235968  sps 5915  opp frzn  loss +0.067  pg -0.0057  v 0.368  ev +0.99  adv_std 0.889  tR -0.08  ent[s/d/p/e] 0.38/0.16/0.14/0.01  emits 6.59  spf 210.5  z0 0.00  garr 507.2  tG 1970  e2 0.81  nF 15.9  pS 0.23  ptS 0.22  fLog 0.73  pdΔ -0.2686  pkR 5.68  clip 0.04  kl +0.002
upd  526  steps 17268736  sps 5915  opp buf  loss +0.066  pg -0.0066  v 0.372  ev +0.99  adv_std 0.889  tR +0.09  ent[s/d/p/e] 0.42/0.14/0.17/0.02  emits 6.72  spf 172.9  z0 0.01  garr 433.2  tG 1726  e2 0.83  nF 17.9  pS 0.24  ptS 0.23  fLog 0.71  pdΔ -0.2592  pkR 7.47  clip 0.04  kl +0.002
upd  527  steps 17301504  sps 5916  opp buf  loss +0.046  pg -0.0049  v 0.261  ev +0.99  adv_std 0.740  tR +0.08  ent[s/d/p/e] 0.48/0.10/0.18/0.01  emits 6.93  spf 236.0  z0 0.00  garr 482.7  tG 2706  e2 0.86  nF 18.7  pS 0.28  ptS 0.26  fLog 0.76  pdΔ -0.2181  pkR 7.93  clip 0.04  kl +0.001
upd  528  steps 17334272  sps 5917  opp frzn  loss +0.052  pg -0.0061  v 0.301  ev +0.99  adv_std 0.805  tR +0.00  ent[s/d/p/e] 0.44/0.14/0.23/0.02  emits 6.64  spf 261.0  z0 0.00  garr 423.0  tG 2953  e2 0.82  nF 18.7  pS 0.27  ptS 0.25  fLog 0.73  pdΔ -0.2255  pkR 10.61  clip 0.05  kl +0.002
upd  529  steps 17367040  sps 5917  opp frzn  loss +0.074  pg -0.0054  v 0.405  ev +0.99  adv_std 0.930  tR +0.06  ent[s/d/p/e] 0.40/0.14/0.15/0.01  emits 6.79  spf 228.2  z0 0.00  garr 499.6  tG 2331  e2 0.84  nF 16.2  pS 0.25  ptS 0.23  fLog 0.75  pdΔ -0.2511  pkR 15.33  clip 0.04  kl +0.003
upd  530  steps 17399808  sps 5918  opp buf  loss +0.084  pg -0.0066  v 0.463  ev +0.99  adv_std 0.987  tR -0.07  ent[s/d/p/e] 0.44/0.16/0.15/0.01  emits 6.85  spf 200.3  z0 0.00  garr 470.6  tG 2051  e2 0.85  nF 20.6  pS 0.28  ptS 0.26  fLog 0.72  pdΔ -0.2209  pkR 5.78  clip 0.04  kl +0.003
upd  531  steps 17432576  sps 5919  opp frzn  loss +0.045  pg -0.0057  v 0.263  ev +0.99  adv_std 0.754  tR +0.16  ent[s/d/p/e] 0.43/0.12/0.18/0.01  emits 6.67  spf 226.8  z0 0.00  garr 455.8  tG 2464  e2 0.82  nF 18.5  pS 0.26  ptS 0.25  fLog 0.74  pdΔ -0.2365  pkR 8.37  clip 0.04  kl +0.002
upd  532  steps 17465344  sps 5919  opp frzn  loss +0.085  pg -0.0058  v 0.459  ev +0.99  adv_std 0.984  tR -0.17  ent[s/d/p/e] 0.37/0.19/0.16/0.02  emits 6.37  spf 190.9  z0 0.00  garr 423.6  tG 1855  e2 0.78  nF 16.9  pS 0.22  ptS 0.21  fLog 0.71  pdΔ -0.2757  pkR 12.03  clip 0.05  kl +0.003
upd  533  steps 17498112  sps 5920  opp frzn  loss +0.060  pg -0.0056  v 0.334  ev +0.99  adv_std 0.843  tR +0.00  ent[s/d/p/e] 0.41/0.17/0.12/0.01  emits 6.41  spf 217.0  z0 0.00  garr 541.0  tG 1991  e2 0.78  nF 15.1  pS 0.22  ptS 0.21  fLog 0.73  pdΔ -0.2774  pkR 6.27  clip 0.04  kl +0.002
upd  534  steps 17530880  sps 5921  opp buf  loss +0.071  pg -0.0054  v 0.389  ev +0.99  adv_std 0.908  tR +0.28  ent[s/d/p/e] 0.40/0.13/0.14/0.01  emits 6.70  spf 188.7  z0 0.00  garr 498.0  tG 1861  e2 0.82  nF 16.0  pS 0.25  ptS 0.23  fLog 0.73  pdΔ -0.2543  pkR 6.04  clip 0.04  kl +0.002
upd  535  steps 17563648  sps 5921  opp buf  loss +0.048  pg -0.0055  v 0.277  ev +0.99  adv_std 0.759  tR +0.33  ent[s/d/p/e] 0.49/0.12/0.17/0.01  emits 6.98  spf 235.4  z0 0.00  garr 485.5  tG 2685  e2 0.87  nF 18.9  pS 0.30  ptS 0.28  fLog 0.76  pdΔ -0.2034  pkR 6.28  clip 0.04  kl +0.001
upd  536  steps 17596416  sps 5922  opp frzn  loss +0.059  pg -0.0056  v 0.332  ev +0.99  adv_std 0.838  tR +0.28  ent[s/d/p/e] 0.41/0.10/0.20/0.01  emits 7.00  spf 236.3  z0 0.00  garr 454.0  tG 2696  e2 0.87  nF 16.5  pS 0.26  ptS 0.24  fLog 0.75  pdΔ -0.2365  pkR 10.75  clip 0.04  kl +0.001
upd  537  steps 17629184  sps 5922  opp buf  loss +0.062  pg -0.0062  v 0.349  ev +0.99  adv_std 0.863  tR -0.14  ent[s/d/p/e] 0.46/0.16/0.19/0.02  emits 6.82  spf 221.9  z0 0.00  garr 516.3  tG 2290  e2 0.85  nF 19.0  pS 0.25  ptS 0.22  fLog 0.74  pdΔ -0.2546  pkR 11.07  clip 0.04  kl +0.002
upd  538  steps 17661952  sps 5923  opp buf  loss +0.053  pg -0.0059  v 0.305  ev +0.99  adv_std 0.801  tR +0.14  ent[s/d/p/e] 0.48/0.13/0.18/0.01  emits 6.88  spf 201.4  z0 0.00  garr 401.0  tG 2308  e2 0.85  nF 21.7  pS 0.29  ptS 0.27  fLog 0.73  pdΔ -0.2121  pkR 6.76  clip 0.05  kl +0.002
upd  539  steps 17694720  sps 5924  opp buf  loss +0.061  pg -0.0056  v 0.342  ev +0.99  adv_std 0.849  tR +0.06  ent[s/d/p/e] 0.56/0.15/0.22/0.01  emits 6.97  spf 258.6  z0 0.00  garr 423.2  tG 3102  e2 0.87  nF 21.8  pS 0.31  ptS 0.30  fLog 0.76  pdΔ -0.1884  pkR 6.88  clip 0.04  kl +0.002
upd  540  steps 17727488  sps 5924  opp frzn  loss +0.053  pg -0.0058  v 0.302  ev +0.99  adv_std 0.803  tR +0.02  ent[s/d/p/e] 0.46/0.15/0.23/0.01  emits 6.75  spf 248.9  z0 0.00  garr 421.4  tG 2891  e2 0.85  nF 17.5  pS 0.29  ptS 0.28  fLog 0.76  pdΔ -0.2066  pkR 8.36  clip 0.04  kl +0.002
upd  541  steps 17760256  sps 5925  opp buf  loss +0.093  pg -0.0057  v 0.502  ev +0.99  adv_std 1.024  tR +0.01  ent[s/d/p/e] 0.49/0.17/0.18/0.02  emits 6.58  spf 264.4  z0 0.00  garr 491.8  tG 2785  e2 0.81  nF 19.2  pS 0.29  ptS 0.27  fLog 0.75  pdΔ -0.2134  pkR 8.26  clip 0.04  kl +0.002
upd  542  steps 17793024  sps 5925  opp frzn  loss +0.046  pg -0.0058  v 0.267  ev +1.00  adv_std 0.758  tR +0.00  ent[s/d/p/e] 0.48/0.13/0.17/0.02  emits 6.73  spf 223.9  z0 0.00  garr 426.5  tG 2528  e2 0.83  nF 19.7  pS 0.28  ptS 0.26  fLog 0.74  pdΔ -0.2210  pkR 12.15  clip 0.04  kl +0.001
upd  543  steps 17825792  sps 5926  opp buf  loss +0.045  pg -0.0055  v 0.260  ev +0.99  adv_std 0.741  tR +0.10  ent[s/d/p/e] 0.44/0.14/0.17/0.01  emits 6.91  spf 243.7  z0 0.00  garr 512.6  tG 2680  e2 0.85  nF 19.9  pS 0.26  ptS 0.25  fLog 0.74  pdΔ -0.2359  pkR 11.94  clip 0.04  kl +0.002
upd  544  steps 17858560  sps 5927  opp frzn  loss +0.066  pg -0.0054  v 0.364  ev +0.99  adv_std 0.879  tR +0.05  ent[s/d/p/e] 0.40/0.12/0.18/0.01  emits 7.02  spf 223.4  z0 0.00  garr 463.8  tG 2622  e2 0.87  nF 17.0  pS 0.28  ptS 0.26  fLog 0.75  pdΔ -0.2198  pkR 7.31  clip 0.03  kl +0.001
upd  545  steps 17891328  sps 5927  opp buf  loss +0.050  pg -0.0059  v 0.289  ev +0.99  adv_std 0.785  tR +0.12  ent[s/d/p/e] 0.48/0.14/0.16/0.01  emits 6.80  spf 249.4  z0 0.01  garr 466.8  tG 2785  e2 0.84  nF 18.3  pS 0.29  ptS 0.28  fLog 0.75  pdΔ -0.2053  pkR 10.73  clip 0.04  kl +0.001
upd  546  steps 17924096  sps 5928  opp frzn  loss +0.049  pg -0.0055  v 0.280  ev +1.00  adv_std 0.773  tR +0.13  ent[s/d/p/e] 0.50/0.15/0.18/0.01  emits 6.51  spf 250.9  z0 0.00  garr 422.5  tG 2778  e2 0.80  nF 18.8  pS 0.29  ptS 0.27  fLog 0.75  pdΔ -0.2129  pkR 9.36  clip 0.04  kl +0.002
upd  547  steps 17956864  sps 5928  opp frzn  loss +0.065  pg -0.0056  v 0.361  ev +0.99  adv_std 0.873  tR +0.19  ent[s/d/p/e] 0.43/0.15/0.20/0.02  emits 6.29  spf 260.1  z0 0.00  garr 458.3  tG 2543  e2 0.77  nF 16.0  pS 0.25  ptS 0.24  fLog 0.74  pdΔ -0.2475  pkR 13.40  clip 0.04  kl +0.001
upd  548  steps 17989632  sps 5929  opp buf  loss +0.085  pg -0.0061  v 0.460  ev +0.99  adv_std 0.984  tR -0.06  ent[s/d/p/e] 0.35/0.14/0.12/0.02  emits 6.51  spf 187.5  z0 0.00  garr 453.6  tG 1822  e2 0.79  nF 15.8  pS 0.24  ptS 0.23  fLog 0.72  pdΔ -0.2613  pkR 7.61  clip 0.03  kl +0.002
upd  549  steps 18022400  sps 5930  opp frzn  loss +0.100  pg -0.0052  v 0.534  ev +0.99  adv_std 1.054  tR -0.15  ent[s/d/p/e] 0.42/0.13/0.18/0.02  emits 6.50  spf 209.3  z0 0.00  garr 449.6  tG 2141  e2 0.80  nF 16.1  pS 0.26  ptS 0.24  fLog 0.74  pdΔ -0.2444  pkR 5.31  clip 0.04  kl +0.002 WRr 0.91 WRf 0.94
upd  550  steps 18055168  sps 5910  opp buf  loss +0.054  pg -0.0045  v 0.300  ev +0.99  adv_std 0.792  tR +0.09  ent[s/d/p/e] 0.37/0.12/0.15/0.02  emits 6.73  spf 205.5  z0 0.00  garr 473.1  tG 2115  e2 0.83  nF 15.4  pS 0.24  ptS 0.23  fLog 0.74  pdΔ -0.2586  pkR 7.89  clip 0.03  kl +0.002
upd  551  steps 18087936  sps 5911  opp frzn  loss +0.057  pg -0.0048  v 0.315  ev +0.99  adv_std 0.818  tR -0.01  ent[s/d/p/e] 0.41/0.15/0.18/0.01  emits 6.58  spf 219.2  z0 0.00  garr 497.0  tG 2218  e2 0.82  nF 14.9  pS 0.24  ptS 0.22  fLog 0.74  pdΔ -0.2616  pkR 9.00  clip 0.03  kl +0.001
upd  552  steps 18120704  sps 5912  opp buf  loss +0.067  pg -0.0043  v 0.364  ev +0.99  adv_std 0.872  tR +0.24  ent[s/d/p/e] 0.41/0.11/0.16/0.01  emits 6.91  spf 236.7  z0 0.00  garr 507.8  tG 2542  e2 0.86  nF 14.0  pS 0.26  ptS 0.24  fLog 0.76  pdΔ -0.2413  pkR 12.32  clip 0.03  kl +0.001
upd  553  steps 18153472  sps 5912  opp buf  loss +0.074  pg -0.0061  v 0.408  ev +0.99  adv_std 0.928  tR -0.10  ent[s/d/p/e] 0.46/0.12/0.18/0.02  emits 6.64  spf 242.5  z0 0.01  garr 479.5  tG 2561  e2 0.83  nF 16.9  pS 0.26  ptS 0.25  fLog 0.75  pdΔ -0.2355  pkR 9.71  clip 0.04  kl +0.001
upd  554  steps 18186240  sps 5913  opp frzn  loss +0.037  pg -0.0053  v 0.218  ev +1.00  adv_std 0.685  tR +0.10  ent[s/d/p/e] 0.44/0.12/0.19/0.02  emits 6.55  spf 258.6  z0 0.01  garr 428.0  tG 2808  e2 0.82  nF 15.8  pS 0.26  ptS 0.25  fLog 0.76  pdΔ -0.2384  pkR 10.79  clip 0.04  kl +0.001
upd  555  steps 18219008  sps 5913  opp buf  loss +0.052  pg -0.0062  v 0.296  ev +0.99  adv_std 0.796  tR -0.06  ent[s/d/p/e] 0.40/0.14/0.18/0.02  emits 6.53  spf 230.4  z0 0.00  garr 432.0  tG 2431  e2 0.82  nF 14.0  pS 0.25  ptS 0.24  fLog 0.73  pdΔ -0.2502  pkR 8.86  clip 0.03  kl +0.001
upd  556  steps 18251776  sps 5914  opp buf  loss +0.044  pg -0.0060  v 0.261  ev +1.00  adv_std 0.746  tR -0.12  ent[s/d/p/e] 0.47/0.14/0.19/0.01  emits 6.90  spf 256.7  z0 0.00  garr 479.3  tG 2927  e2 0.86  nF 16.8  pS 0.29  ptS 0.27  fLog 0.76  pdΔ -0.2092  pkR 7.66  clip 0.04  kl +0.002
upd  557  steps 18284544  sps 5915  opp frzn  loss +0.072  pg -0.0063  v 0.400  ev +0.99  adv_std 0.916  tR +0.29  ent[s/d/p/e] 0.43/0.15/0.20/0.01  emits 6.87  spf 266.0  z0 0.00  garr 422.9  tG 2998  e2 0.86  nF 16.3  pS 0.28  ptS 0.26  fLog 0.74  pdΔ -0.2188  pkR 9.19  clip 0.04  kl +0.002
upd  558  steps 18317312  sps 5915  opp buf  loss +0.067  pg -0.0062  v 0.376  ev +0.99  adv_std 0.894  tR -0.08  ent[s/d/p/e] 0.42/0.16/0.18/0.02  emits 6.67  spf 220.5  z0 0.00  garr 463.6  tG 2279  e2 0.83  nF 15.8  pS 0.26  ptS 0.24  fLog 0.73  pdΔ -0.2449  pkR 12.05  clip 0.04  kl +0.002
upd  559  steps 18350080  sps 5916  opp buf  loss +0.064  pg -0.0058  v 0.357  ev +0.99  adv_std 0.870  tR +0.11  ent[s/d/p/e] 0.43/0.15/0.20/0.02  emits 6.71  spf 188.8  z0 0.00  garr 398.9  tG 2058  e2 0.84  nF 19.3  pS 0.27  ptS 0.25  fLog 0.72  pdΔ -0.2333  pkR 10.62  clip 0.04  kl +0.002
upd  560  steps 18382848  sps 5916  opp frzn  loss +0.074  pg -0.0053  v 0.404  ev +0.99  adv_std 0.919  tR +0.07  ent[s/d/p/e] 0.46/0.12/0.21/0.02  emits 6.73  spf 237.0  z0 0.00  garr 435.5  tG 2667  e2 0.83  nF 18.1  pS 0.28  ptS 0.26  fLog 0.75  pdΔ -0.2242  pkR 8.73  clip 0.03  kl +0.002
upd  561  steps 18415616  sps 5917  opp buf  loss +0.090  pg -0.0050  v 0.483  ev +0.99  adv_std 1.004  tR -0.01  ent[s/d/p/e] 0.42/0.12/0.18/0.02  emits 6.63  spf 222.3  z0 0.00  garr 462.6  tG 2296  e2 0.82  nF 17.5  pS 0.26  ptS 0.24  fLog 0.74  pdΔ -0.2401  pkR 10.04  clip 0.03  kl +0.001
upd  562  steps 18448384  sps 5918  opp frzn  loss +0.055  pg -0.0052  v 0.307  ev +0.99  adv_std 0.806  tR +0.07  ent[s/d/p/e] 0.39/0.10/0.19/0.02  emits 6.76  spf 217.9  z0 0.00  garr 494.9  tG 2266  e2 0.84  nF 14.6  pS 0.23  ptS 0.21  fLog 0.75  pdΔ -0.2718  pkR 11.98  clip 0.03  kl +0.001
upd  563  steps 18481152  sps 5918  opp frzn  loss +0.057  pg -0.0051  v 0.316  ev +0.99  adv_std 0.817  tR +0.07  ent[s/d/p/e] 0.38/0.13/0.15/0.01  emits 6.58  spf 197.7  z0 0.00  garr 499.2  tG 1880  e2 0.82  nF 13.3  pS 0.21  ptS 0.20  fLog 0.74  pdΔ -0.2903  pkR 11.95  clip 0.03  kl +0.002
upd  564  steps 18513920  sps 5919  opp buf  loss +0.073  pg -0.0059  v 0.403  ev +0.99  adv_std 0.926  tR +0.06  ent[s/d/p/e] 0.44/0.17/0.14/0.02  emits 6.67  spf 213.1  z0 0.00  garr 558.1  tG 2062  e2 0.82  nF 16.2  pS 0.23  ptS 0.21  fLog 0.74  pdΔ -0.2667  pkR 6.19  clip 0.03  kl +0.002
upd  565  steps 18546688  sps 5919  opp frzn  loss +0.087  pg -0.0051  v 0.470  ev +0.99  adv_std 0.995  tR +0.08  ent[s/d/p/e] 0.45/0.14/0.17/0.02  emits 6.45  spf 237.0  z0 0.01  garr 479.3  tG 2384  e2 0.80  nF 15.3  pS 0.25  ptS 0.23  fLog 0.74  pdΔ -0.2516  pkR 10.40  clip 0.03  kl +0.002
upd  566  steps 18579456  sps 5920  opp buf  loss +0.052  pg -0.0059  v 0.294  ev +0.99  adv_std 0.784  tR -0.08  ent[s/d/p/e] 0.40/0.11/0.13/0.01  emits 6.71  spf 234.6  z0 0.00  garr 516.3  tG 2393  e2 0.83  nF 13.7  pS 0.25  ptS 0.24  fLog 0.77  pdΔ -0.2453  pkR 9.14  clip 0.03  kl +0.001
upd  567  steps 18612224  sps 5921  opp frzn  loss +0.063  pg -0.0059  v 0.354  ev +0.99  adv_std 0.868  tR +0.20  ent[s/d/p/e] 0.46/0.14/0.16/0.01  emits 6.39  spf 244.2  z0 0.00  garr 469.4  tG 2507  e2 0.79  nF 15.9  pS 0.26  ptS 0.25  fLog 0.75  pdΔ -0.2376  pkR 10.78  clip 0.03  kl +0.002
upd  568  steps 18644992  sps 5921  opp frzn  loss +0.064  pg -0.0060  v 0.360  ev +0.99  adv_std 0.875  tR +0.29  ent[s/d/p/e] 0.40/0.16/0.18/0.01  emits 6.57  spf 232.1  z0 0.00  garr 450.7  tG 2377  e2 0.81  nF 15.5  pS 0.26  ptS 0.25  fLog 0.73  pdΔ -0.2396  pkR 11.26  clip 0.03  kl +0.002
upd  569  steps 18677760  sps 5922  opp buf  loss +0.062  pg -0.0054  v 0.346  ev +0.99  adv_std 0.856  tR +0.06  ent[s/d/p/e] 0.43/0.15/0.15/0.02  emits 6.58  spf 199.3  z0 0.00  garr 464.2  tG 1922  e2 0.82  nF 17.0  pS 0.24  ptS 0.23  fLog 0.72  pdΔ -0.2586  pkR 6.75  clip 0.03  kl +0.001
upd  570  steps 18710528  sps 5922  opp buf  loss +0.042  pg -0.0055  v 0.248  ev +0.99  adv_std 0.727  tR +0.08  ent[s/d/p/e] 0.49/0.14/0.17/0.02  emits 6.90  spf 210.0  z0 0.00  garr 478.3  tG 2356  e2 0.86  nF 20.8  pS 0.27  ptS 0.26  fLog 0.74  pdΔ -0.2300  pkR 6.14  clip 0.04  kl +0.002
upd  571  steps 18743296  sps 5923  opp buf  loss +0.047  pg -0.0058  v 0.274  ev +0.99  adv_std 0.762  tR -0.03  ent[s/d/p/e] 0.45/0.11/0.22/0.02  emits 6.90  spf 231.8  z0 0.00  garr 420.2  tG 2692  e2 0.86  nF 17.9  pS 0.28  ptS 0.26  fLog 0.74  pdΔ -0.2231  pkR 7.89  clip 0.03  kl +0.001
upd  572  steps 18776064  sps 5924  opp frzn  loss +0.051  pg -0.0050  v 0.290  ev +0.99  adv_std 0.784  tR +0.13  ent[s/d/p/e] 0.47/0.11/0.20/0.01  emits 6.92  spf 244.5  z0 0.00  garr 466.3  tG 2726  e2 0.86  nF 17.6  pS 0.27  ptS 0.25  fLog 0.77  pdΔ -0.2266  pkR 6.70  clip 0.03  kl +0.002
upd  573  steps 18808832  sps 5924  opp frzn  loss +0.081  pg -0.0061  v 0.443  ev +0.99  adv_std 0.967  tR +0.04  ent[s/d/p/e] 0.43/0.16/0.18/0.02  emits 6.49  spf 204.4  z0 0.00  garr 418.6  tG 2109  e2 0.80  nF 18.3  pS 0.25  ptS 0.24  fLog 0.71  pdΔ -0.2500  pkR 10.30  clip 0.03  kl +0.002
upd  574  steps 18841600  sps 5925  opp buf  loss +0.049  pg -0.0057  v 0.281  ev +0.99  adv_std 0.771  tR +0.17  ent[s/d/p/e] 0.40/0.13/0.12/0.01  emits 6.76  spf 190.1  z0 0.00  garr 515.4  tG 1875  e2 0.83  nF 17.6  pS 0.24  ptS 0.22  fLog 0.74  pdΔ -0.2602  pkR 6.64  clip 0.03  kl +0.001
upd  575  steps 18874368  sps 5925  opp frzn  loss +0.047  pg -0.0051  v 0.269  ev +0.99  adv_std 0.757  tR +0.11  ent[s/d/p/e] 0.44/0.13/0.18/0.02  emits 6.55  spf 221.2  z0 0.00  garr 486.6  tG 2305  e2 0.81  nF 16.2  pS 0.25  ptS 0.24  fLog 0.74  pdΔ -0.2478  pkR 9.60  clip 0.03  kl +0.002
upd  576  steps 18907136  sps 5926  opp buf  loss +0.054  pg -0.0053  v 0.302  ev +0.99  adv_std 0.797  tR +0.11  ent[s/d/p/e] 0.42/0.14/0.16/0.01  emits 6.74  spf 235.6  z0 0.00  garr 478.4  tG 2534  e2 0.84  nF 17.3  pS 0.27  ptS 0.26  fLog 0.74  pdΔ -0.2270  pkR 11.49  clip 0.03  kl +0.002
upd  577  steps 18939904  sps 5927  opp frzn  loss +0.059  pg -0.0056  v 0.330  ev +0.99  adv_std 0.835  tR +0.16  ent[s/d/p/e] 0.43/0.15/0.19/0.02  emits 6.48  spf 206.7  z0 0.00  garr 417.8  tG 2180  e2 0.80  nF 18.2  pS 0.28  ptS 0.26  fLog 0.73  pdΔ -0.2217  pkR 6.03  clip 0.03  kl +0.002
upd  578  steps 18972672  sps 5927  opp frzn  loss +0.067  pg -0.0057  v 0.372  ev +0.99  adv_std 0.887  tR +0.35  ent[s/d/p/e] 0.41/0.12/0.18/0.02  emits 6.68  spf 234.4  z0 0.00  garr 484.1  tG 2424  e2 0.83  nF 14.8  pS 0.26  ptS 0.24  fLog 0.75  pdΔ -0.2364  pkR 9.23  clip 0.03  kl +0.001
upd  579  steps 19005440  sps 5928  opp buf  loss +0.067  pg -0.0053  v 0.370  ev +0.99  adv_std 0.874  tR -0.04  ent[s/d/p/e] 0.38/0.17/0.16/0.02  emits 6.44  spf 206.1  z0 0.01  garr 495.3  tG 1946  e2 0.79  nF 15.9  pS 0.24  ptS 0.22  fLog 0.73  pdΔ -0.2608  pkR 6.83  clip 0.03  kl +0.002
upd  580  steps 19038208  sps 5928  opp buf  loss +0.051  pg -0.0057  v 0.293  ev +0.99  adv_std 0.792  tR -0.07  ent[s/d/p/e] 0.45/0.13/0.16/0.02  emits 6.84  spf 245.5  z0 0.01  garr 492.2  tG 2728  e2 0.85  nF 18.1  pS 0.28  ptS 0.26  fLog 0.75  pdΔ -0.2191  pkR 8.92  clip 0.03  kl +0.002
upd  581  steps 19070976  sps 5929  opp frzn  loss +0.052  pg -0.0054  v 0.297  ev +0.99  adv_std 0.793  tR +0.00  ent[s/d/p/e] 0.46/0.12/0.19/0.01  emits 6.87  spf 241.3  z0 0.00  garr 455.7  tG 2722  e2 0.85  nF 18.1  pS 0.28  ptS 0.26  fLog 0.74  pdΔ -0.2238  pkR 9.72  clip 0.03  kl +0.001
upd  582  steps 19103744  sps 5929  opp buf  loss +0.097  pg -0.0051  v 0.518  ev +0.99  adv_std 1.038  tR +0.10  ent[s/d/p/e] 0.43/0.13/0.17/0.01  emits 6.76  spf 245.0  z0 0.00  garr 513.1  tG 2634  e2 0.84  nF 16.4  pS 0.28  ptS 0.26  fLog 0.76  pdΔ -0.2222  pkR 8.86  clip 0.03  kl +0.002
upd  583  steps 19136512  sps 5930  opp buf  loss +0.055  pg -0.0058  v 0.310  ev +0.99  adv_std 0.810  tR -0.01  ent[s/d/p/e] 0.44/0.11/0.17/0.01  emits 6.82  spf 247.1  z0 0.00  garr 474.8  tG 2784  e2 0.84  nF 16.9  pS 0.29  ptS 0.27  fLog 0.75  pdΔ -0.2111  pkR 10.98  clip 0.03  kl +0.001
upd  584  steps 19169280  sps 5930  opp buf  loss +0.062  pg -0.0055  v 0.346  ev +0.99  adv_std 0.854  tR +0.15  ent[s/d/p/e] 0.47/0.11/0.20/0.01  emits 7.01  spf 249.2  z0 0.00  garr 437.1  tG 2965  e2 0.87  nF 18.5  pS 0.31  ptS 0.29  fLog 0.76  pdΔ -0.1905  pkR 10.05  clip 0.03  kl +0.001
upd  585  steps 19202048  sps 5931  opp frzn  loss +0.040  pg -0.0051  v 0.231  ev +1.00  adv_std 0.702  tR +0.21  ent[s/d/p/e] 0.41/0.10/0.21/0.01  emits 6.95  spf 274.1  z0 0.00  garr 422.1  tG 3188  e2 0.87  nF 13.4  pS 0.29  ptS 0.27  fLog 0.77  pdΔ -0.2148  pkR 7.67  clip 0.03  kl +0.001
upd  586  steps 19234816  sps 5932  opp frzn  loss +0.051  pg -0.0044  v 0.284  ev +0.99  adv_std 0.775  tR +0.16  ent[s/d/p/e] 0.31/0.13/0.19/0.01  emits 6.72  spf 250.5  z0 0.00  garr 523.6  tG 2520  e2 0.85  nF 9.9  pS 0.21  ptS 0.20  fLog 0.75  pdΔ -0.2879  pkR 11.40  clip 0.03  kl +0.001
upd  587  steps 19267584  sps 5932  opp frzn  loss +0.079  pg -0.0046  v 0.425  ev +0.99  adv_std 0.945  tR +0.23  ent[s/d/p/e] 0.31/0.16/0.16/0.02  emits 6.38  spf 182.3  z0 0.00  garr 457.4  tG 1611  e2 0.80  nF 12.2  pS 0.19  ptS 0.18  fLog 0.71  pdΔ -0.3105  pkR 6.28  clip 0.02  kl +0.001
upd  588  steps 19300352  sps 5933  opp frzn  loss +0.052  pg -0.0051  v 0.291  ev +0.99  adv_std 0.785  tR -0.11  ent[s/d/p/e] 0.30/0.11/0.12/0.01  emits 6.67  spf 203.7  z0 0.00  garr 530.7  tG 1862  e2 0.83  nF 11.3  pS 0.20  ptS 0.18  fLog 0.75  pdΔ -0.3012  pkR 4.99  clip 0.02  kl +0.001
upd  589  steps 19333120  sps 5933  opp buf  loss +0.061  pg -0.0051  v 0.337  ev +0.99  adv_std 0.844  tR +0.05  ent[s/d/p/e] 0.35/0.13/0.12/0.01  emits 6.58  spf 217.2  z0 0.00  garr 528.2  tG 2062  e2 0.81  nF 14.1  pS 0.24  ptS 0.22  fLog 0.75  pdΔ -0.2621  pkR 6.75  clip 0.03  kl +0.001
upd  590  steps 19365888  sps 5934  opp frzn  loss +0.052  pg -0.0055  v 0.296  ev +0.99  adv_std 0.791  tR -0.08  ent[s/d/p/e] 0.41/0.13/0.19/0.02  emits 6.80  spf 242.4  z0 0.00  garr 480.2  tG 2666  e2 0.84  nF 15.8  pS 0.26  ptS 0.25  fLog 0.75  pdΔ -0.2373  pkR 10.68  clip 0.03  kl +0.001
upd  591  steps 19398656  sps 5934  opp frzn  loss +0.089  pg -0.0051  v 0.477  ev +0.99  adv_std 0.998  tR +0.16  ent[s/d/p/e] 0.39/0.14/0.18/0.02  emits 6.90  spf 222.0  z0 0.00  garr 508.3  tG 2278  e2 0.86  nF 13.8  pS 0.23  ptS 0.22  fLog 0.73  pdΔ -0.2675  pkR 11.64  clip 0.02  kl +0.002
upd  592  steps 19431424  sps 5935  opp buf  loss +0.045  pg -0.0044  v 0.255  ev +0.99  adv_std 0.734  tR +0.06  ent[s/d/p/e] 0.37/0.11/0.12/0.02  emits 6.69  spf 223.0  z0 0.01  garr 560.2  tG 2121  e2 0.83  nF 13.2  pS 0.23  ptS 0.21  fLog 0.75  pdΔ -0.2735  pkR 7.52  clip 0.03  kl +0.001
upd  593  steps 19464192  sps 5935  opp buf  loss +0.055  pg -0.0054  v 0.311  ev +0.99  adv_std 0.807  tR +0.04  ent[s/d/p/e] 0.45/0.12/0.18/0.02  emits 6.67  spf 218.4  z0 0.01  garr 444.0  tG 2354  e2 0.83  nF 17.5  pS 0.26  ptS 0.25  fLog 0.74  pdΔ -0.2367  pkR 10.41  clip 0.03  kl +0.001
upd  594  steps 19496960  sps 5936  opp frzn  loss +0.084  pg -0.0062  v 0.461  ev +0.99  adv_std 0.983  tR -0.10  ent[s/d/p/e] 0.47/0.13/0.23/0.01  emits 6.71  spf 266.9  z0 0.00  garr 426.9  tG 3076  e2 0.83  nF 17.5  pS 0.29  ptS 0.28  fLog 0.76  pdΔ -0.2106  pkR 8.41  clip 0.03  kl +0.002
upd  595  steps 19529728  sps 5937  opp buf  loss +0.071  pg -0.0053  v 0.388  ev +0.99  adv_std 0.898  tR +0.10  ent[s/d/p/e] 0.42/0.12/0.18/0.02  emits 6.64  spf 230.0  z0 0.00  garr 437.7  tG 2409  e2 0.82  nF 16.4  pS 0.27  ptS 0.25  fLog 0.74  pdΔ -0.2333  pkR 12.13  clip 0.03  kl +0.001
upd  596  steps 19562496  sps 5937  opp buf  loss +0.040  pg -0.0051  v 0.231  ev +1.00  adv_std 0.697  tR +0.16  ent[s/d/p/e] 0.45/0.10/0.16/0.01  emits 6.99  spf 243.7  z0 0.00  garr 477.3  tG 2857  e2 0.87  nF 16.2  pS 0.30  ptS 0.28  fLog 0.78  pdΔ -0.1952  pkR 5.84  clip 0.03  kl +0.001
upd  597  steps 19595264  sps 5938  opp frzn  loss +0.067  pg -0.0053  v 0.371  ev +0.99  adv_std 0.889  tR +0.21  ent[s/d/p/e] 0.44/0.11/0.22/0.02  emits 6.52  spf 280.9  z0 0.00  garr 433.7  tG 3164  e2 0.81  nF 16.7  pS 0.29  ptS 0.27  fLog 0.76  pdΔ -0.2149  pkR 8.79  clip 0.03  kl +0.001
upd  598  steps 19628032  sps 5938  opp frzn  loss +0.063  pg -0.0047  v 0.347  ev +0.99  adv_std 0.860  tR +0.16  ent[s/d/p/e] 0.38/0.14/0.16/0.02  emits 6.28  spf 245.7  z0 0.00  garr 475.7  tG 2379  e2 0.78  nF 14.9  pS 0.25  ptS 0.23  fLog 0.75  pdΔ -0.2462  pkR 9.79  clip 0.02  kl +0.001
upd  599  steps 19660800  sps 5939  opp frzn  loss +0.066  pg -0.0056  v 0.367  ev +0.99  adv_std 0.877  tR -0.06  ent[s/d/p/e] 0.37/0.14/0.14/0.02  emits 6.48  spf 201.2  z0 0.00  garr 466.0  tG 1862  e2 0.80  nF 14.3  pS 0.23  ptS 0.21  fLog 0.73  pdΔ -0.2707  pkR 6.32  clip 0.03  kl +0.002 WRr 0.94 WRf 0.94
[ckpt] saved ./ckpt_multi_action_v11_buf_from4k/ckpt_000599.pkl
upd  600  steps 19693568  sps 5920  opp buf  loss +0.064  pg -0.0052  v 0.351  ev +0.99  adv_std 0.858  tR +0.04  ent[s/d/p/e] 0.40/0.12/0.13/0.01  emits 6.64  spf 213.8  z0 0.00  garr 528.0  tG 2091  e2 0.82  nF 14.7  pS 0.25  ptS 0.22  fLog 0.75  pdΔ -0.2550  pkR 6.53  clip 0.03  kl +0.001
upd  601  steps 19726336  sps 5920  opp buf  loss +0.042  pg -0.0043  v 0.241  ev +1.00  adv_std 0.714  tR -0.13  ent[s/d/p/e] 0.47/0.10/0.18/0.01  emits 6.76  spf 246.8  z0 0.00  garr 462.5  tG 2812  e2 0.83  nF 18.2  pS 0.28  ptS 0.26  fLog 0.76  pdΔ -0.2175  pkR 9.40  clip 0.03  kl +0.001
upd  602  steps 19759104  sps 5921  opp buf  loss +0.038  pg -0.0052  v 0.226  ev +1.00  adv_std 0.695  tR +0.08  ent[s/d/p/e] 0.48/0.11/0.21/0.02  emits 6.68  spf 259.8  z0 0.00  garr 454.0  tG 2966  e2 0.82  nF 20.6  pS 0.28  ptS 0.27  fLog 0.75  pdΔ -0.2216  pkR 10.08  clip 0.03  kl +0.001
upd  603  steps 19791872  sps 5921  opp frzn  loss +0.042  pg -0.0050  v 0.241  ev +0.99  adv_std 0.714  tR +0.17  ent[s/d/p/e] 0.41/0.08/0.20/0.02  emits 6.75  spf 229.6  z0 0.00  garr 433.8  tG 2554  e2 0.84  nF 16.0  pS 0.25  ptS 0.24  fLog 0.75  pdΔ -0.2509  pkR 7.81  clip 0.03  kl +0.001
upd  604  steps 19824640  sps 5922  opp frzn  loss +0.073  pg -0.0047  v 0.393  ev +0.99  adv_std 0.908  tR +0.12  ent[s/d/p/e] 0.38/0.10/0.17/0.01  emits 6.67  spf 228.0  z0 0.00  garr 499.0  tG 2299  e2 0.83  nF 13.8  pS 0.22  ptS 0.22  fLog 0.75  pdΔ -0.2773  pkR 10.49  clip 0.02  kl +0.001
upd  605  steps 19857408  sps 5922  opp buf  loss +0.069  pg -0.0049  v 0.377  ev +0.99  adv_std 0.889  tR +0.08  ent[s/d/p/e] 0.39/0.13/0.13/0.01  emits 6.77  spf 202.3  z0 0.00  garr 516.7  tG 1969  e2 0.83  nF 17.3  pS 0.23  ptS 0.22  fLog 0.73  pdΔ -0.2659  pkR 7.98  clip 0.02  kl +0.001
upd  606  steps 19890176  sps 5923  opp frzn  loss +0.059  pg -0.0050  v 0.328  ev +0.99  adv_std 0.832  tR +0.15  ent[s/d/p/e] 0.45/0.13/0.18/0.01  emits 6.79  spf 250.3  z0 0.00  garr 492.3  tG 2696  e2 0.84  nF 18.8  pS 0.28  ptS 0.26  fLog 0.74  pdΔ -0.2206  pkR 12.27  clip 0.03  kl +0.001
upd  607  steps 19922944  sps 5923  opp buf  loss +0.068  pg -0.0053  v 0.373  ev +0.99  adv_std 0.884  tR +0.06  ent[s/d/p/e] 0.36/0.15/0.18/0.02  emits 6.64  spf 220.6  z0 0.00  garr 435.3  tG 2315  e2 0.83  nF 17.3  pS 0.25  ptS 0.23  fLog 0.73  pdΔ -0.2519  pkR 13.94  clip 0.03  kl +0.001
upd  608  steps 19955712  sps 5924  opp buf  loss +0.036  pg -0.0051  v 0.215  ev +1.00  adv_std 0.674  tR -0.15  ent[s/d/p/e] 0.44/0.13/0.15/0.02  emits 6.72  spf 208.7  z0 0.01  garr 482.5  tG 2168  e2 0.83  nF 19.0  pS 0.27  ptS 0.25  fLog 0.74  pdΔ -0.2346  pkR 5.90  clip 0.03  kl +0.001
upd  609  steps 19988480  sps 5925  opp buf  loss +0.027  pg -0.0051  v 0.167  ev +1.00  adv_std 0.597  tR +0.01  ent[s/d/p/e] 0.50/0.08/0.18/0.01  emits 7.10  spf 268.1  z0 0.00  garr 452.8  tG 3323  e2 0.88  nF 17.4  pS 0.33  ptS 0.31  fLog 0.79  pdΔ -0.1671  pkR 5.47  clip 0.03  kl +0.002
upd  610  steps 20021248  sps 5925  opp frzn  loss +0.068  pg -0.0042  v 0.370  ev +0.99  adv_std 0.884  tR +0.28  ent[s/d/p/e] 0.46/0.11/0.22/0.01  emits 6.49  spf 304.5  z0 0.00  garr 447.0  tG 3363  e2 0.79  nF 16.4  pS 0.29  ptS 0.27  fLog 0.77  pdΔ -0.2099  pkR 6.81  clip 0.02  kl +0.002
upd  611  steps 20054016  sps 5926  opp buf  loss +0.051  pg -0.0052  v 0.290  ev +0.99  adv_std 0.785  tR +0.21  ent[s/d/p/e] 0.41/0.13/0.17/0.02  emits 6.64  spf 223.9  z0 0.00  garr 447.7  tG 2353  e2 0.82  nF 14.9  pS 0.26  ptS 0.24  fLog 0.74  pdΔ -0.2432  pkR 9.80  clip 0.03  kl +0.001
upd  612  steps 20086784  sps 5926  opp buf  loss +0.051  pg -0.0053  v 0.291  ev +0.99  adv_std 0.781  tR +0.01  ent[s/d/p/e] 0.43/0.10/0.16/0.01  emits 6.83  spf 238.3  z0 0.00  garr 473.9  tG 2603  e2 0.85  nF 16.4  pS 0.27  ptS 0.25  fLog 0.76  pdΔ -0.2306  pkR 7.21  clip 0.03  kl +0.001
upd  613  steps 20119552  sps 5927  opp buf  loss +0.056  pg -0.0050  v 0.314  ev +0.99  adv_std 0.809  tR -0.06  ent[s/d/p/e] 0.50/0.11/0.20/0.01  emits 6.86  spf 253.5  z0 0.00  garr 442.9  tG 3039  e2 0.85  nF 21.9  pS 0.31  ptS 0.29  fLog 0.75  pdΔ -0.1880  pkR 8.76  clip 0.03  kl +0.001
upd  614  steps 20152320  sps 5927  opp buf  loss +0.045  pg -0.0054  v 0.261  ev +0.99  adv_std 0.743  tR +0.11  ent[s/d/p/e] 0.48/0.11/0.21/0.02  emits 6.67  spf 272.0  z0 0.00  garr 423.5  tG 3160  e2 0.82  nF 19.2  pS 0.30  ptS 0.28  fLog 0.76  pdΔ -0.2008  pkR 9.30  clip 0.03  kl +0.002
upd  615  steps 20185088  sps 5928  opp frzn  loss +0.045  pg -0.0046  v 0.257  ev +0.99  adv_std 0.737  tR +0.21  ent[s/d/p/e] 0.44/0.10/0.19/0.01  emits 6.72  spf 255.4  z0 0.00  garr 466.2  tG 2880  e2 0.83  nF 18.3  pS 0.27  ptS 0.25  fLog 0.76  pdΔ -0.2304  pkR 10.19  clip 0.02  kl +0.001
upd  616  steps 20217856  sps 5928  opp frzn  loss +0.076  pg -0.0051  v 0.414  ev +0.99  adv_std 0.929  tR +0.09  ent[s/d/p/e] 0.33/0.09/0.15/0.01  emits 6.59  spf 219.0  z0 0.00  garr 510.5  tG 2151  e2 0.81  nF 12.6  pS 0.23  ptS 0.22  fLog 0.75  pdΔ -0.2655  pkR 14.89  clip 0.02  kl +0.001
upd  617  steps 20250624  sps 5929  opp frzn  loss +0.080  pg -0.0051  v 0.433  ev +0.99  adv_std 0.953  tR +0.11  ent[s/d/p/e] 0.37/0.13/0.14/0.02  emits 6.55  spf 209.1  z0 0.00  garr 535.1  tG 1952  e2 0.81  nF 14.9  pS 0.24  ptS 0.22  fLog 0.74  pdΔ -0.2598  pkR 6.24  clip 0.03  kl +0.001
upd  618  steps 20283392  sps 5929  opp frzn  loss +0.087  pg -0.0053  v 0.467  ev +0.99  adv_std 0.992  tR +0.03  ent[s/d/p/e] 0.32/0.11/0.16/0.02  emits 6.60  spf 209.7  z0 0.00  garr 515.2  tG 1931  e2 0.82  nF 11.9  pS 0.22  ptS 0.21  fLog 0.74  pdΔ -0.2787  pkR 7.09  clip 0.02  kl +0.001
upd  619  steps 20316160  sps 5930  opp frzn  loss +0.061  pg -0.0052  v 0.338  ev +0.99  adv_std 0.848  tR +0.18  ent[s/d/p/e] 0.30/0.10/0.13/0.01  emits 6.55  spf 210.9  z0 0.00  garr 526.9  tG 1926  e2 0.81  nF 11.9  pS 0.22  ptS 0.20  fLog 0.75  pdΔ -0.2845  pkR 6.64  clip 0.02  kl +0.001
upd  620  steps 20348928  sps 5930  opp frzn  loss +0.103  pg -0.0053  v 0.549  ev +0.99  adv_std 1.072  tR -0.05  ent[s/d/p/e] 0.36/0.15/0.14/0.02  emits 6.52  spf 186.9  z0 0.00  garr 467.3  tG 1733  e2 0.80  nF 15.4  pS 0.23  ptS 0.21  fLog 0.72  pdΔ -0.2743  pkR 8.80  clip 0.03  kl +0.002
upd  621  steps 20381696  sps 5931  opp buf  loss +0.048  pg -0.0051  v 0.275  ev +0.99  adv_std 0.763  tR -0.01  ent[s/d/p/e] 0.41/0.14/0.14/0.02  emits 6.59  spf 207.8  z0 0.00  garr 500.8  tG 1992  e2 0.81  nF 17.6  pS 0.25  ptS 0.24  fLog 0.74  pdΔ -0.2489  pkR 5.64  clip 0.03  kl +0.001
upd  622  steps 20414464  sps 5932  opp frzn  loss +0.049  pg -0.0045  v 0.275  ev +0.99  adv_std 0.764  tR +0.15  ent[s/d/p/e] 0.37/0.08/0.17/0.01  emits 6.70  spf 222.5  z0 0.00  garr 454.3  tG 2383  e2 0.83  nF 15.0  pS 0.25  ptS 0.23  fLog 0.75  pdΔ -0.2495  pkR 9.41  clip 0.03  kl +0.001
upd  623  steps 20447232  sps 5932  opp buf  loss +0.055  pg -0.0053  v 0.308  ev +0.99  adv_std 0.806  tR +0.19  ent[s/d/p/e] 0.40/0.12/0.17/0.01  emits 6.67  spf 259.3  z0 0.00  garr 532.9  tG 2716  e2 0.82  nF 17.1  pS 0.25  ptS 0.24  fLog 0.76  pdΔ -0.2475  pkR 11.51  clip 0.03  kl +0.001
upd  624  steps 20480000  sps 5933  opp frzn  loss +0.049  pg -0.0048  v 0.276  ev +0.99  adv_std 0.765  tR +0.16  ent[s/d/p/e] 0.41/0.11/0.18/0.02  emits 6.57  spf 212.5  z0 0.00  garr 434.0  tG 2215  e2 0.81  nF 18.5  pS 0.25  ptS 0.24  fLog 0.73  pdΔ -0.2462  pkR 11.17  clip 0.02  kl +0.001
upd  625  steps 20512768  sps 5933  opp frzn  loss +0.059  pg -0.0049  v 0.324  ev +0.99  adv_std 0.827  tR -0.28  ent[s/d/p/e] 0.32/0.08/0.14/0.01  emits 6.62  spf 237.1  z0 0.00  garr 521.3  tG 2302  e2 0.82  nF 10.7  pS 0.22  ptS 0.21  fLog 0.77  pdΔ -0.2801  pkR 11.17  clip 0.03  kl +0.001
upd  626  steps 20545536  sps 5934  opp frzn  loss +0.081  pg -0.0049  v 0.436  ev +0.99  adv_std 0.959  tR -0.11  ent[s/d/p/e] 0.30/0.11/0.14/0.01  emits 6.40  spf 210.7  z0 0.00  garr 535.2  tG 1856  e2 0.79  nF 10.8  pS 0.20  ptS 0.19  fLog 0.74  pdΔ -0.3012  pkR 7.72  clip 0.02  kl +0.001
upd  627  steps 20578304  sps 5934  opp frzn  loss +0.078  pg -0.0048  v 0.420  ev +0.99  adv_std 0.937  tR -0.10  ent[s/d/p/e] 0.30/0.09/0.14/0.02  emits 6.28  spf 205.4  z0 0.01  garr 502.3  tG 1808  e2 0.77  nF 11.0  pS 0.21  ptS 0.20  fLog 0.75  pdΔ -0.2930  pkR 6.76  clip 0.02  kl +0.001
upd  628  steps 20611072  sps 5935  opp frzn  loss +0.056  pg -0.0047  v 0.310  ev +0.99  adv_std 0.811  tR -0.21  ent[s/d/p/e] 0.30/0.11/0.12/0.01  emits 6.65  spf 194.5  z0 0.00  garr 498.2  tG 1803  e2 0.82  nF 11.6  pS 0.21  ptS 0.20  fLog 0.74  pdΔ -0.2861  pkR 6.64  clip 0.02  kl +0.001
upd  629  steps 20643840  sps 5935  opp buf  loss +0.068  pg -0.0047  v 0.372  ev +0.99  adv_std 0.880  tR +0.23  ent[s/d/p/e] 0.41/0.11/0.12/0.01  emits 6.89  spf 227.8  z0 0.00  garr 577.2  tG 2288  e2 0.85  nF 15.1  pS 0.26  ptS 0.24  fLog 0.76  pdΔ -0.2436  pkR 4.78  clip 0.03  kl +0.001
upd  630  steps 20676608  sps 5936  opp buf  loss +0.047  pg -0.0055  v 0.270  ev +1.00  adv_std 0.758  tR +0.08  ent[s/d/p/e] 0.48/0.10/0.20/0.01  emits 6.84  spf 261.7  z0 0.00  garr 476.2  tG 3064  e2 0.85  nF 18.9  pS 0.31  ptS 0.29  fLog 0.76  pdΔ -0.1875  pkR 6.80  clip 0.03  kl +0.001
upd  631  steps 20709376  sps 5936  opp buf  loss +0.035  pg -0.0052  v 0.211  ev +1.00  adv_std 0.671  tR +0.05  ent[s/d/p/e] 0.48/0.07/0.21/0.01  emits 6.82  spf 303.9  z0 0.00  garr 460.4  tG 3536  e2 0.84  nF 17.4  pS 0.31  ptS 0.29  fLog 0.78  pdΔ -0.1866  pkR 7.75  clip 0.03  kl +0.001
upd  632  steps 20742144  sps 5937  opp buf  loss +0.038  pg -0.0042  v 0.219  ev +0.99  adv_std 0.681  tR +0.22  ent[s/d/p/e] 0.43/0.06/0.19/0.01  emits 7.08  spf 272.3  z0 0.00  garr 456.2  tG 3163  e2 0.88  nF 14.9  pS 0.28  ptS 0.27  fLog 0.78  pdΔ -0.2172  pkR 8.07  clip 0.03  kl +0.001
upd  633  steps 20774912  sps 5937  opp frzn  loss +0.049  pg -0.0046  v 0.276  ev +0.99  adv_std 0.766  tR -0.11  ent[s/d/p/e] 0.44/0.10/0.21/0.01  emits 6.74  spf 264.5  z0 0.00  garr 468.4  tG 2916  e2 0.84  nF 15.8  pS 0.26  ptS 0.24  fLog 0.77  pdΔ -0.2412  pkR 6.98  clip 0.03  kl +0.001
upd  634  steps 20807680  sps 5938  opp buf  loss +0.077  pg -0.0051  v 0.421  ev +0.99  adv_std 0.938  tR -0.03  ent[s/d/p/e] 0.40/0.13/0.18/0.02  emits 6.51  spf 219.1  z0 0.00  garr 428.7  tG 2273  e2 0.80  nF 16.5  pS 0.25  ptS 0.23  fLog 0.73  pdΔ -0.2479  pkR 11.66  clip 0.03  kl +0.001
upd  635  steps 20840448  sps 5938  opp buf  loss +0.046  pg -0.0054  v 0.265  ev +0.99  adv_std 0.746  tR -0.01  ent[s/d/p/e] 0.45/0.10/0.18/0.02  emits 6.97  spf 225.8  z0 0.00  garr 454.3  tG 2539  e2 0.87  nF 18.4  pS 0.28  ptS 0.25  fLog 0.75  pdΔ -0.2221  pkR 8.94  clip 0.03  kl +0.002
upd  636  steps 20873216  sps 5939  opp buf  loss +0.030  pg -0.0055  v 0.184  ev +1.00  adv_std 0.626  tR +0.06  ent[s/d/p/e] 0.44/0.09/0.20/0.01  emits 6.91  spf 249.8  z0 0.00  garr 467.0  tG 2855  e2 0.86  nF 17.2  pS 0.28  ptS 0.26  fLog 0.77  pdΔ -0.2207  pkR 8.31  clip 0.03  kl +0.001
upd  637  steps 20905984  sps 5939  opp frzn  loss +0.071  pg -0.0052  v 0.387  ev +0.99  adv_std 0.900  tR +0.00  ent[s/d/p/e] 0.45/0.08/0.22/0.01  emits 6.72  spf 271.7  z0 0.00  garr 449.8  tG 3025  e2 0.83  nF 15.7  pS 0.28  ptS 0.26  fLog 0.77  pdΔ -0.2232  pkR 8.61  clip 0.02  kl +0.001
upd  638  steps 20938752  sps 5940  opp frzn  loss +0.051  pg -0.0050  v 0.284  ev +0.99  adv_std 0.777  tR -0.02  ent[s/d/p/e] 0.35/0.10/0.14/0.01  emits 6.56  spf 234.9  z0 0.00  garr 516.2  tG 2325  e2 0.81  nF 12.9  pS 0.23  ptS 0.21  fLog 0.76  pdΔ -0.2700  pkR 8.76  clip 0.02  kl +0.001
upd  639  steps 20971520  sps 5940  opp buf  loss +0.042  pg -0.0054  v 0.245  ev +0.99  adv_std 0.722  tR -0.10  ent[s/d/p/e] 0.39/0.11/0.14/0.02  emits 6.63  spf 200.1  z0 0.00  garr 519.5  tG 1925  e2 0.81  nF 16.8  pS 0.24  ptS 0.23  fLog 0.73  pdΔ -0.2605  pkR 6.69  clip 0.02  kl +0.001
upd  640  steps 21004288  sps 5941  opp buf  loss +0.040  pg -0.0041  v 0.227  ev +0.99  adv_std 0.695  tR -0.02  ent[s/d/p/e] 0.41/0.06/0.18/0.01  emits 7.09  spf 229.7  z0 0.01  garr 474.8  tG 2703  e2 0.88  nF 16.0  pS 0.29  ptS 0.27  fLog 0.77  pdΔ -0.2065  pkR 6.36  clip 0.02  kl +0.001
upd  641  steps 21037056  sps 5941  opp frzn  loss +0.062  pg -0.0049  v 0.342  ev +0.99  adv_std 0.851  tR -0.06  ent[s/d/p/e] 0.43/0.09/0.23/0.02  emits 6.73  spf 266.2  z0 0.00  garr 441.5  tG 2964  e2 0.83  nF 15.6  pS 0.27  ptS 0.26  fLog 0.76  pdΔ -0.2285  pkR 10.33  clip 0.02  kl +0.001
upd  642  steps 21069824  sps 5942  opp buf  loss +0.064  pg -0.0057  v 0.357  ev +0.99  adv_std 0.865  tR -0.01  ent[s/d/p/e] 0.39/0.13/0.19/0.01  emits 6.94  spf 211.6  z0 0.00  garr 454.1  tG 2282  e2 0.87  nF 16.7  pS 0.26  ptS 0.24  fLog 0.74  pdΔ -0.2403  pkR 9.32  clip 0.02  kl +0.002
upd  643  steps 21102592  sps 5942  opp buf  loss +0.058  pg -0.0053  v 0.324  ev +0.99  adv_std 0.828  tR +0.11  ent[s/d/p/e] 0.49/0.13/0.18/0.01  emits 6.62  spf 235.1  z0 0.00  garr 423.0  tG 2651  e2 0.82  nF 19.5  pS 0.30  ptS 0.28  fLog 0.75  pdΔ -0.2031  pkR 7.45  clip 0.03  kl +0.002
upd  644  steps 21135360  sps 5943  opp frzn  loss +0.049  pg -0.0049  v 0.277  ev +0.99  adv_std 0.766  tR -0.02  ent[s/d/p/e] 0.47/0.09/0.22/0.01  emits 6.67  spf 313.5  z0 0.00  garr 455.3  tG 3655  e2 0.82  nF 15.7  pS 0.30  ptS 0.28  fLog 0.78  pdΔ -0.1983  pkR 7.36  clip 0.03  kl +0.001
upd  645  steps 21168128  sps 5943  opp buf  loss +0.067  pg -0.0051  v 0.370  ev +0.99  adv_std 0.884  tR +0.37  ent[s/d/p/e] 0.42/0.15/0.19/0.02  emits 6.48  spf 240.0  z0 0.01  garr 456.1  tG 2453  e2 0.80  nF 18.8  pS 0.26  ptS 0.24  fLog 0.73  pdΔ -0.2391  pkR 10.96  clip 0.03  kl +0.001
upd  646  steps 21200896  sps 5944  opp frzn  loss +0.030  pg -0.0045  v 0.178  ev +1.00  adv_std 0.616  tR -0.20  ent[s/d/p/e] 0.38/0.07/0.16/0.01  emits 6.89  spf 210.6  z0 0.00  garr 452.1  tG 2315  e2 0.87  nF 14.2  pS 0.25  ptS 0.24  fLog 0.76  pdΔ -0.2499  pkR 6.81  clip 0.02  kl +0.001
upd  647  steps 21233664  sps 5944  opp frzn  loss +0.104  pg -0.0057  v 0.554  ev +0.99  adv_std 1.080  tR -0.18  ent[s/d/p/e] 0.39/0.15/0.20/0.02  emits 6.54  spf 214.1  z0 0.00  garr 461.9  tG 2133  e2 0.81  nF 15.4  pS 0.22  ptS 0.21  fLog 0.73  pdΔ -0.2764  pkR 8.51  clip 0.03  kl +0.002
upd  648  steps 21266432  sps 5945  opp frzn  loss +0.081  pg -0.0055  v 0.439  ev +0.99  adv_std 0.960  tR -0.11  ent[s/d/p/e] 0.38/0.14/0.16/0.02  emits 6.35  spf 197.1  z0 0.01  garr 476.5  tG 1777  e2 0.78  nF 16.2  pS 0.22  ptS 0.20  fLog 0.72  pdΔ -0.2838  pkR 5.44  clip 0.02  kl +0.001
upd  649  steps 21299200  sps 5945  opp frzn  loss +0.080  pg -0.0052  v 0.433  ev +0.99  adv_std 0.954  tR +0.09  ent[s/d/p/e] 0.30/0.13/0.14/0.02  emits 6.22  spf 187.3  z0 0.00  garr 451.4  tG 1659  e2 0.77  nF 12.8  pS 0.21  ptS 0.20  fLog 0.71  pdΔ -0.2884  pkR 7.26  clip 0.02  kl +0.002 WRr 1.00 WRf 0.94
upd  650  steps 21331968  sps 5929  opp frzn  loss +0.061  pg -0.0055  v 0.337  ev +0.99  adv_std 0.842  tR +0.13  ent[s/d/p/e] 0.39/0.14/0.13/0.01  emits 6.29  spf 205.0  z0 0.00  garr 517.4  tG 1831  e2 0.77  nF 14.5  pS 0.22  ptS 0.21  fLog 0.74  pdΔ -0.2776  pkR 7.28  clip 0.03  kl +0.001
upd  651  steps 21364736  sps 5929  opp frzn  loss +0.077  pg -0.0056  v 0.422  ev +0.99  adv_std 0.944  tR -0.13  ent[s/d/p/e] 0.34/0.13/0.15/0.02  emits 6.10  spf 182.8  z0 0.01  garr 422.1  tG 1577  e2 0.75  nF 14.6  pS 0.21  ptS 0.20  fLog 0.72  pdΔ -0.2888  pkR 6.70  clip 0.03  kl +0.001
upd  652  steps 21397504  sps 5930  opp buf  loss +0.054  pg -0.0048  v 0.298  ev +0.99  adv_std 0.790  tR +0.08  ent[s/d/p/e] 0.38/0.11/0.12/0.02  emits 6.39  spf 219.0  z0 0.00  garr 501.3  tG 2020  e2 0.79  nF 14.5  pS 0.23  ptS 0.22  fLog 0.75  pdΔ -0.2658  pkR 5.94  clip 0.02  kl +0.001
upd  653  steps 21430272  sps 5930  opp frzn  loss +0.053  pg -0.0051  v 0.298  ev +0.99  adv_std 0.794  tR +0.01  ent[s/d/p/e] 0.41/0.11/0.18/0.02  emits 6.65  spf 225.5  z0 0.00  garr 418.0  tG 2406  e2 0.83  nF 16.7  pS 0.26  ptS 0.24  fLog 0.74  pdΔ -0.2357  pkR 8.65  clip 0.03  kl +0.001
upd  654  steps 21463040  sps 5931  opp buf  loss +0.055  pg -0.0047  v 0.306  ev +0.99  adv_std 0.798  tR -0.02  ent[s/d/p/e] 0.39/0.11/0.15/0.01  emits 6.90  spf 246.3  z0 0.00  garr 516.0  tG 2607  e2 0.85  nF 16.6  pS 0.27  ptS 0.25  fLog 0.76  pdΔ -0.2324  pkR 10.19  clip 0.02  kl +0.001
upd  655  steps 21495808  sps 5931  opp buf  loss +0.057  pg -0.0052  v 0.319  ev +0.99  adv_std 0.820  tR +0.13  ent[s/d/p/e] 0.44/0.09/0.19/0.02  emits 6.96  spf 223.4  z0 0.00  garr 438.7  tG 2560  e2 0.87  nF 18.2  pS 0.30  ptS 0.28  fLog 0.75  pdΔ -0.2017  pkR 9.75  clip 0.03  kl +0.001
upd  656  steps 21528576  sps 5932  opp buf  loss +0.051  pg -0.0043  v 0.284  ev +0.99  adv_std 0.772  tR +0.19  ent[s/d/p/e] 0.48/0.07/0.21/0.02  emits 7.06  spf 288.4  z0 0.00  garr 473.7  tG 3558  e2 0.88  nF 17.5  pS 0.31  ptS 0.29  fLog 0.78  pdΔ -0.1876  pkR 9.47  clip 0.03  kl +0.001
upd  657  steps 21561344  sps 5932  opp frzn  loss +0.052  pg -0.0052  v 0.292  ev +0.99  adv_std 0.787  tR -0.06  ent[s/d/p/e] 0.42/0.08/0.19/0.01  emits 6.71  spf 255.2  z0 0.00  garr 431.5  tG 2885  e2 0.83  nF 14.5  pS 0.27  ptS 0.25  fLog 0.76  pdΔ -0.2311  pkR 11.58  clip 0.03  kl +0.001
upd  658  steps 21594112  sps 5933  opp buf  loss +0.047  pg -0.0050  v 0.268  ev +0.99  adv_std 0.753  tR +0.09  ent[s/d/p/e] 0.42/0.09/0.15/0.01  emits 6.71  spf 246.5  z0 0.00  garr 508.6  tG 2560  e2 0.83  nF 14.4  pS 0.26  ptS 0.24  fLog 0.77  pdΔ -0.2382  pkR 11.34  clip 0.02  kl +0.001
upd  659  steps 21626880  sps 5933  opp buf  loss +0.043  pg -0.0043  v 0.242  ev +1.00  adv_std 0.718  tR +0.15  ent[s/d/p/e] 0.42/0.10/0.17/0.02  emits 6.81  spf 232.0  z0 0.00  garr 457.6  tG 2581  e2 0.85  nF 16.1  pS 0.27  ptS 0.25  fLog 0.76  pdΔ -0.2276  pkR 7.89  clip 0.02  kl +0.001
upd  660  steps 21659648  sps 5934  opp buf  loss +0.051  pg -0.0044  v 0.286  ev +0.99  adv_std 0.769  tR +0.10  ent[s/d/p/e] 0.51/0.10/0.20/0.01  emits 6.84  spf 278.9  z0 0.00  garr 478.2  tG 3200  e2 0.85  nF 16.8  pS 0.30  ptS 0.28  fLog 0.78  pdΔ -0.1983  pkR 7.69  clip 0.03  kl +0.001
upd  661  steps 21692416  sps 5934  opp frzn  loss +0.046  pg -0.0043  v 0.260  ev +0.99  adv_std 0.743  tR +0.17  ent[s/d/p/e] 0.43/0.07/0.20/0.02  emits 6.75  spf 260.5  z0 0.00  garr 391.1  tG 3032  e2 0.84  nF 15.4  pS 0.29  ptS 0.27  fLog 0.76  pdΔ -0.2083  pkR 7.47  clip 0.02  kl +0.001
upd  662  steps 21725184  sps 5935  opp frzn  loss +0.061  pg -0.0051  v 0.336  ev +0.99  adv_std 0.846  tR +0.26  ent[s/d/p/e] 0.37/0.11/0.16/0.01  emits 6.59  spf 271.2  z0 0.00  garr 489.3  tG 2805  e2 0.82  nF 13.3  pS 0.24  ptS 0.23  fLog 0.76  pdΔ -0.2551  pkR 10.64  clip 0.02  kl +0.001
upd  663  steps 21757952  sps 5935  opp buf  loss +0.048  pg -0.0054  v 0.273  ev +0.99  adv_std 0.761  tR +0.23  ent[s/d/p/e] 0.33/0.11/0.13/0.01  emits 6.61  spf 189.3  z0 0.00  garr 477.5  tG 1820  e2 0.82  nF 13.8  pS 0.23  ptS 0.22  fLog 0.74  pdΔ -0.2695  pkR 7.07  clip 0.03  kl +0.001
upd  664  steps 21790720  sps 5936  opp frzn  loss +0.067  pg -0.0049  v 0.365  ev +0.99  adv_std 0.879  tR +0.15  ent[s/d/p/e] 0.38/0.11/0.17/0.01  emits 6.62  spf 245.7  z0 0.00  garr 517.9  tG 2459  e2 0.82  nF 14.1  pS 0.24  ptS 0.23  fLog 0.75  pdΔ -0.2604  pkR 9.81  clip 0.02  kl +0.001
upd  665  steps 21823488  sps 5936  opp frzn  loss +0.078  pg -0.0049  v 0.421  ev +0.99  adv_std 0.936  tR +0.11  ent[s/d/p/e] 0.31/0.12/0.14/0.01  emits 6.56  spf 212.8  z0 0.00  garr 463.5  tG 2040  e2 0.81  nF 13.2  pS 0.23  ptS 0.21  fLog 0.74  pdΔ -0.2735  pkR 10.56  clip 0.02  kl +0.001
upd  666  steps 21856256  sps 5937  opp buf  loss +0.064  pg -0.0046  v 0.350  ev +0.99  adv_std 0.858  tR +0.19  ent[s/d/p/e] 0.42/0.14/0.13/0.02  emits 6.47  spf 218.9  z0 0.00  garr 509.7  tG 2096  e2 0.80  nF 16.2  pS 0.26  ptS 0.24  fLog 0.74  pdΔ -0.2432  pkR 5.22  clip 0.02  kl +0.001
upd  667  steps 21889024  sps 5937  opp buf  loss +0.057  pg -0.0052  v 0.317  ev +0.99  adv_std 0.817  tR +0.38  ent[s/d/p/e] 0.47/0.12/0.19/0.02  emits 6.74  spf 235.9  z0 0.00  garr 435.1  tG 2644  e2 0.84  nF 17.6  pS 0.30  ptS 0.28  fLog 0.75  pdΔ -0.1995  pkR 7.53  clip 0.03  kl +0.002
upd  668  steps 21921792  sps 5938  opp buf  loss +0.049  pg -0.0052  v 0.278  ev +0.99  adv_std 0.765  tR +0.12  ent[s/d/p/e] 0.48/0.10/0.20/0.01  emits 6.80  spf 267.7  z0 0.00  garr 436.9  tG 2929  e2 0.85  nF 16.5  pS 0.28  ptS 0.27  fLog 0.77  pdΔ -0.2150  pkR 7.79  clip 0.02  kl +0.001
upd  669  steps 21954560  sps 5938  opp buf  loss +0.040  pg -0.0054  v 0.232  ev +1.00  adv_std 0.698  tR +0.25  ent[s/d/p/e] 0.44/0.08/0.17/0.01  emits 6.95  spf 239.1  z0 0.00  garr 454.1  tG 2672  e2 0.86  nF 15.7  pS 0.30  ptS 0.27  fLog 0.77  pdΔ -0.2035  pkR 6.48  clip 0.03  kl +0.001
upd  670  steps 21987328  sps 5939  opp frzn  loss +0.053  pg -0.0051  v 0.297  ev +0.99  adv_std 0.797  tR +0.21  ent[s/d/p/e] 0.45/0.10/0.21/0.01  emits 6.68  spf 310.0  z0 0.00  garr 477.8  tG 3378  e2 0.83  nF 13.9  pS 0.30  ptS 0.27  fLog 0.78  pdΔ -0.2046  pkR 7.76  clip 0.02  kl +0.001
upd  671  steps 22020096  sps 5939  opp buf  loss +0.055  pg -0.0053  v 0.309  ev +0.99  adv_std 0.805  tR +0.12  ent[s/d/p/e] 0.39/0.13/0.15/0.01  emits 6.72  spf 226.0  z0 0.00  garr 471.6  tG 2303  e2 0.84  nF 14.8  pS 0.26  ptS 0.24  fLog 0.75  pdΔ -0.2415  pkR 10.92  clip 0.02  kl +0.002
upd  672  steps 22052864  sps 5939  opp buf  loss +0.037  pg -0.0050  v 0.217  ev +1.00  adv_std 0.679  tR +0.12  ent[s/d/p/e] 0.44/0.11/0.16/0.02  emits 6.45  spf 234.2  z0 0.01  garr 459.7  tG 2364  e2 0.80  nF 16.5  pS 0.26  ptS 0.25  fLog 0.75  pdΔ -0.2371  pkR 7.67  clip 0.03  kl +0.002
upd  673  steps 22085632  sps 5940  opp buf  loss +0.046  pg -0.0046  v 0.261  ev +0.99  adv_std 0.740  tR +0.10  ent[s/d/p/e] 0.44/0.08/0.19/0.01  emits 6.96  spf 253.7  z0 0.01  garr 440.7  tG 2880  e2 0.87  nF 16.3  pS 0.28  ptS 0.26  fLog 0.76  pdΔ -0.2177  pkR 9.37  clip 0.03  kl +0.001
upd  674  steps 22118400  sps 5940  opp frzn  loss +0.064  pg -0.0048  v 0.354  ev +0.99  adv_std 0.862  tR +0.14  ent[s/d/p/e] 0.43/0.08/0.20/0.01  emits 6.68  spf 259.5  z0 0.00  garr 460.2  tG 2804  e2 0.82  nF 15.7  pS 0.27  ptS 0.25  fLog 0.77  pdΔ -0.2322  pkR 11.36  clip 0.02  kl +0.001
upd  675  steps 22151168  sps 5941  opp frzn  loss +0.060  pg -0.0051  v 0.331  ev +0.99  adv_std 0.839  tR +0.25  ent[s/d/p/e] 0.34/0.09/0.15/0.02  emits 6.67  spf 233.3  z0 0.00  garr 482.8  tG 2391  e2 0.82  nF 13.6  pS 0.25  ptS 0.23  fLog 0.75  pdΔ -0.2501  pkR 11.23  clip 0.03  kl +0.001
upd  676  steps 22183936  sps 5941  opp buf  loss +0.052  pg -0.0057  v 0.297  ev +0.99  adv_std 0.795  tR +0.13  ent[s/d/p/e] 0.37/0.13/0.14/0.02  emits 6.59  spf 194.5  z0 0.00  garr 483.8  tG 1871  e2 0.81  nF 17.6  pS 0.24  ptS 0.22  fLog 0.73  pdΔ -0.2618  pkR 5.65  clip 0.03  kl +0.001
upd  677  steps 22216704  sps 5942  opp buf  loss +0.044  pg -0.0050  v 0.254  ev +0.99  adv_std 0.733  tR +0.00  ent[s/d/p/e] 0.47/0.11/0.19/0.02  emits 6.82  spf 232.1  z0 0.00  garr 476.5  tG 2626  e2 0.85  nF 18.4  pS 0.29  ptS 0.27  fLog 0.76  pdΔ -0.2093  pkR 8.23  clip 0.02  kl +0.001
upd  678  steps 22249472  sps 5942  opp buf  loss +0.048  pg -0.0051  v 0.274  ev +0.99  adv_std 0.760  tR +0.18  ent[s/d/p/e] 0.50/0.11/0.22/0.02  emits 6.81  spf 269.9  z0 0.00  garr 410.4  tG 3129  e2 0.85  nF 19.4  pS 0.31  ptS 0.29  fLog 0.76  pdΔ -0.1908  pkR 8.02  clip 0.03  kl +0.001
upd  679  steps 22282240  sps 5943  opp buf  loss +0.036  pg -0.0047  v 0.211  ev +1.00  adv_std 0.670  tR +0.12  ent[s/d/p/e] 0.48/0.10/0.20/0.01  emits 6.91  spf 258.5  z0 0.00  garr 429.4  tG 3051  e2 0.86  nF 17.9  pS 0.30  ptS 0.28  fLog 0.77  pdΔ -0.1976  pkR 8.11  clip 0.03  kl +0.001
upd  680  steps 22315008  sps 5943  opp frzn  loss +0.059  pg -0.0048  v 0.325  ev +0.99  adv_std 0.828  tR +0.01  ent[s/d/p/e] 0.42/0.07/0.19/0.02  emits 6.63  spf 275.7  z0 0.00  garr 488.3  tG 2911  e2 0.82  nF 14.2  pS 0.26  ptS 0.24  fLog 0.77  pdΔ -0.2408  pkR 8.59  clip 0.02  kl +0.001
upd  681  steps 22347776  sps 5944  opp buf  loss +0.059  pg -0.0045  v 0.324  ev +0.99  adv_std 0.814  tR +0.26  ent[s/d/p/e] 0.38/0.09/0.15/0.01  emits 6.87  spf 231.6  z0 0.01  garr 514.6  tG 2403  e2 0.85  nF 15.0  pS 0.24  ptS 0.22  fLog 0.75  pdΔ -0.2613  pkR 11.13  clip 0.03  kl +0.001
upd  682  steps 22380544  sps 5944  opp buf  loss +0.035  pg -0.0049  v 0.206  ev +1.00  adv_std 0.664  tR -0.10  ent[s/d/p/e] 0.42/0.07/0.17/0.02  emits 6.85  spf 239.8  z0 0.00  garr 471.4  tG 2596  e2 0.85  nF 15.4  pS 0.27  ptS 0.25  fLog 0.77  pdΔ -0.2306  pkR 9.28  clip 0.02  kl +0.001
upd  683  steps 22413312  sps 5945  opp buf  loss +0.028  pg -0.0052  v 0.173  ev +1.00  adv_std 0.607  tR +0.05  ent[s/d/p/e] 0.51/0.09/0.19/0.01  emits 7.00  spf 282.9  z0 0.00  garr 496.4  tG 3297  e2 0.87  nF 19.1  pS 0.31  ptS 0.28  fLog 0.78  pdΔ -0.1927  pkR 7.37  clip 0.03  kl +0.001
upd  684  steps 22446080  sps 5945  opp frzn  loss +0.040  pg -0.0053  v 0.235  ev +0.99  adv_std 0.709  tR +0.25  ent[s/d/p/e] 0.40/0.06/0.18/0.02  emits 6.78  spf 239.9  z0 0.00  garr 412.1  tG 2671  e2 0.84  nF 15.4  pS 0.28  ptS 0.26  fLog 0.75  pdΔ -0.2239  pkR 9.59  clip 0.02  kl +0.001
upd  685  steps 22478848  sps 5946  opp frzn  loss +0.048  pg -0.0047  v 0.271  ev +0.99  adv_std 0.757  tR +0.05  ent[s/d/p/e] 0.35/0.08/0.13/0.01  emits 6.86  spf 223.9  z0 0.00  garr 532.3  tG 2252  e2 0.85  nF 11.3  pS 0.22  ptS 0.21  fLog 0.77  pdΔ -0.2762  pkR 8.63  clip 0.02  kl +0.001
upd  686  steps 22511616  sps 5946  opp frzn  loss +0.070  pg -0.0051  v 0.381  ev +0.99  adv_std 0.895  tR +0.27  ent[s/d/p/e] 0.34/0.11/0.13/0.02  emits 6.35  spf 215.4  z0 0.00  garr 520.6  tG 1898  e2 0.78  nF 11.1  pS 0.20  ptS 0.19  fLog 0.74  pdΔ -0.2950  pkR 5.32  clip 0.03  kl +0.002
upd  687  steps 22544384  sps 5947  opp buf  loss +0.037  pg -0.0046  v 0.211  ev +1.00  adv_std 0.670  tR -0.02  ent[s/d/p/e] 0.35/0.09/0.11/0.02  emits 6.75  spf 214.4  z0 0.00  garr 536.1  tG 2093  e2 0.84  nF 12.0  pS 0.24  ptS 0.23  fLog 0.76  pdΔ -0.2598  pkR 5.92  clip 0.02  kl +0.001
upd  688  steps 22577152  sps 5947  opp buf  loss +0.044  pg -0.0050  v 0.253  ev +0.99  adv_std 0.731  tR +0.21  ent[s/d/p/e] 0.44/0.12/0.19/0.02  emits 6.75  spf 229.9  z0 0.00  garr 471.7  tG 2497  e2 0.84  nF 16.5  pS 0.28  ptS 0.26  fLog 0.75  pdΔ -0.2230  pkR 7.93  clip 0.03  kl +0.001
upd  689  steps 22609920  sps 5947  opp buf  loss +0.034  pg -0.0044  v 0.202  ev +1.00  adv_std 0.648  tR +0.00  ent[s/d/p/e] 0.47/0.08/0.20/0.01  emits 7.08  spf 267.6  z0 0.00  garr 483.8  tG 3132  e2 0.88  nF 16.8  pS 0.29  ptS 0.27  fLog 0.78  pdΔ -0.2131  pkR 8.23  clip 0.03  kl +0.002
upd  690  steps 22642688  sps 5948  opp frzn  loss +0.053  pg -0.0054  v 0.300  ev +0.99  adv_std 0.795  tR +0.09  ent[s/d/p/e] 0.44/0.08/0.19/0.01  emits 6.65  spf 264.1  z0 0.00  garr 462.3  tG 2840  e2 0.82  nF 15.9  pS 0.26  ptS 0.25  fLog 0.77  pdΔ -0.2379  pkR 8.89  clip 0.02  kl +0.001
upd  691  steps 22675456  sps 5948  opp buf  loss +0.082  pg -0.0050  v 0.443  ev +0.99  adv_std 0.966  tR +0.12  ent[s/d/p/e] 0.40/0.12/0.16/0.01  emits 6.79  spf 241.7  z0 0.00  garr 525.7  tG 2520  e2 0.84  nF 16.2  pS 0.27  ptS 0.25  fLog 0.76  pdΔ -0.2324  pkR 8.59  clip 0.03  kl +0.001
upd  692  steps 22708224  sps 5949  opp buf  loss +0.044  pg -0.0053  v 0.255  ev +0.99  adv_std 0.733  tR +0.20  ent[s/d/p/e] 0.44/0.09/0.18/0.01  emits 6.87  spf 243.1  z0 0.01  garr 485.6  tG 2787  e2 0.86  nF 15.4  pS 0.29  ptS 0.26  fLog 0.76  pdΔ -0.2119  pkR 8.23  clip 0.03  kl +0.001
upd  693  steps 22740992  sps 5949  opp frzn  loss +0.032  pg -0.0044  v 0.191  ev +1.00  adv_std 0.639  tR +0.26  ent[s/d/p/e] 0.42/0.08/0.21/0.01  emits 6.82  spf 294.2  z0 0.00  garr 490.4  tG 3320  e2 0.85  nF 13.4  pS 0.28  ptS 0.26  fLog 0.78  pdΔ -0.2222  pkR 7.68  clip 0.02  kl +0.001
upd  694  steps 22773760  sps 5950  opp frzn  loss +0.073  pg -0.0054  v 0.400  ev +0.99  adv_std 0.918  tR +0.29  ent[s/d/p/e] 0.35/0.12/0.16/0.02  emits 6.50  spf 248.0  z0 0.00  garr 477.7  tG 2363  e2 0.80  nF 12.2  pS 0.23  ptS 0.21  fLog 0.75  pdΔ -0.2708  pkR 12.14  clip 0.02  kl +0.001
upd  695  steps 22806528  sps 5950  opp frzn  loss +0.059  pg -0.0049  v 0.328  ev +0.99  adv_std 0.835  tR +0.11  ent[s/d/p/e] 0.34/0.12/0.10/0.01  emits 6.55  spf 230.5  z0 0.00  garr 550.2  tG 2089  e2 0.80  nF 14.2  pS 0.22  ptS 0.20  fLog 0.75  pdΔ -0.2812  pkR 6.95  clip 0.03  kl +0.001
upd  696  steps 22839296  sps 5951  opp frzn  loss +0.078  pg -0.0049  v 0.422  ev +0.99  adv_std 0.942  tR +0.16  ent[s/d/p/e] 0.35/0.12/0.13/0.02  emits 6.46  spf 196.9  z0 0.00  garr 460.8  tG 1791  e2 0.80  nF 15.8  pS 0.22  ptS 0.21  fLog 0.73  pdΔ -0.2781  pkR 5.53  clip 0.02  kl +0.001
upd  697  steps 22872064  sps 5951  opp frzn  loss +0.070  pg -0.0053  v 0.385  ev +0.99  adv_std 0.896  tR +0.01  ent[s/d/p/e] 0.38/0.16/0.12/0.01  emits 6.18  spf 198.3  z0 0.00  garr 480.1  tG 1742  e2 0.75  nF 15.0  pS 0.21  ptS 0.20  fLog 0.72  pdΔ -0.2893  pkR 5.80  clip 0.03  kl +0.001
upd  698  steps 22904832  sps 5951  opp frzn  loss +0.079  pg -0.0049  v 0.424  ev +0.99  adv_std 0.949  tR +0.09  ent[s/d/p/e] 0.33/0.14/0.13/0.02  emits 6.36  spf 180.3  z0 0.00  garr 468.9  tG 1630  e2 0.78  nF 13.8  pS 0.21  ptS 0.20  fLog 0.72  pdΔ -0.2858  pkR 6.26  clip 0.03  kl +0.001
upd  699  steps 22937600  sps 5952  opp frzn  loss +0.061  pg -0.0049  v 0.337  ev +0.99  adv_std 0.843  tR +0.04  ent[s/d/p/e] 0.35/0.09/0.12/0.02  emits 6.65  spf 216.9  z0 0.00  garr 535.3  tG 2026  e2 0.82  nF 12.2  pS 0.24  ptS 0.22  fLog 0.76  pdΔ -0.2622  pkR 5.75  clip 0.02  kl +0.001 WRr 0.97 WRf 0.91
[ckpt] saved ./ckpt_multi_action_v11_buf_from4k/ckpt_000699.pkl
upd  700  steps 22970368  sps 5936  opp frzn  loss +0.069  pg -0.0047  v 0.375  ev +0.99  adv_std 0.890  tR +0.25  ent[s/d/p/e] 0.34/0.11/0.12/0.02  emits 6.66  spf 213.9  z0 0.00  garr 483.6  tG 2044  e2 0.83  nF 12.3  pS 0.25  ptS 0.23  fLog 0.75  pdΔ -0.2536  pkR 5.34  clip 0.02  kl +0.001
upd  701  steps 23003136  sps 5937  opp buf  loss +0.050  pg -0.0048  v 0.280  ev +0.99  adv_std 0.766  tR +0.21  ent[s/d/p/e] 0.39/0.13/0.12/0.01  emits 6.88  spf 217.0  z0 0.00  garr 548.2  tG 2134  e2 0.86  nF 14.8  pS 0.25  ptS 0.23  fLog 0.75  pdΔ -0.2540  pkR 5.69  clip 0.03  kl +0.001
upd  702  steps 23035904  sps 5937  opp buf  loss +0.032  pg -0.0046  v 0.191  ev +1.00  adv_std 0.639  tR +0.16  ent[s/d/p/e] 0.40/0.07/0.15/0.02  emits 7.04  spf 233.3  z0 0.00  garr 513.1  tG 2535  e2 0.87  nF 15.4  pS 0.26  ptS 0.24  fLog 0.76  pdΔ -0.2440  pkR 7.44  clip 0.02  kl +0.001
upd  703  steps 23068672  sps 5938  opp frzn  loss +0.059  pg -0.0055  v 0.329  ev +0.99  adv_std 0.834  tR +0.15  ent[s/d/p/e] 0.44/0.07/0.18/0.01  emits 6.88  spf 256.1  z0 0.00  garr 493.0  tG 2733  e2 0.86  nF 14.6  pS 0.26  ptS 0.24  fLog 0.77  pdΔ -0.2438  pkR 9.30  clip 0.03  kl +0.002
upd  704  steps 23101440  sps 5938  opp buf  loss +0.081  pg -0.0056  v 0.439  ev +0.99  adv_std 0.962  tR -0.07  ent[s/d/p/e] 0.37/0.13/0.17/0.02  emits 6.60  spf 206.7  z0 0.01  garr 467.9  tG 2069  e2 0.81  nF 15.5  pS 0.25  ptS 0.23  fLog 0.74  pdΔ -0.2523  pkR 8.51  clip 0.03  kl +0.002
upd  705  steps 23134208  sps 5939  opp frzn  loss +0.069  pg -0.0053  v 0.381  ev +0.99  adv_std 0.898  tR -0.01  ent[s/d/p/e] 0.41/0.10/0.18/0.02  emits 6.35  spf 267.8  z0 0.00  garr 484.4  tG 2687  e2 0.78  nF 14.1  pS 0.26  ptS 0.24  fLog 0.77  pdΔ -0.2361  pkR 9.04  clip 0.02  kl +0.001
upd  706  steps 23166976  sps 5939  opp buf  loss +0.054  pg -0.0050  v 0.303  ev +0.99  adv_std 0.805  tR +0.18  ent[s/d/p/e] 0.38/0.11/0.15/0.02  emits 6.83  spf 229.8  z0 0.00  garr 462.4  tG 2382  e2 0.85  nF 15.9  pS 0.27  ptS 0.25  fLog 0.75  pdΔ -0.2298  pkR 10.98  clip 0.03  kl +0.001
upd  707  steps 23199744  sps 5940  opp buf  loss +0.047  pg -0.0055  v 0.269  ev +0.99  adv_std 0.752  tR +0.04  ent[s/d/p/e] 0.44/0.09/0.16/0.01  emits 7.02  spf 237.1  z0 0.00  garr 482.9  tG 2656  e2 0.87  nF 18.0  pS 0.29  ptS 0.27  fLog 0.76  pdΔ -0.2060  pkR 7.99  clip 0.03  kl +0.001
upd  708  steps 23232512  sps 5940  opp frzn  loss +0.049  pg -0.0056  v 0.282  ev +0.99  adv_std 0.769  tR +0.12  ent[s/d/p/e] 0.46/0.11/0.21/0.01  emits 6.95  spf 262.2  z0 0.00  garr 458.2  tG 3035  e2 0.86  nF 16.4  pS 0.29  ptS 0.27  fLog 0.77  pdΔ -0.2074  pkR 9.04  clip 0.03  kl +0.001
upd  709  steps 23265280  sps 5941  opp frzn  loss +0.082  pg -0.0051  v 0.445  ev +0.99  adv_std 0.966  tR +0.19  ent[s/d/p/e] 0.41/0.13/0.19/0.02  emits 6.38  spf 239.1  z0 0.00  garr 446.2  tG 2345  e2 0.78  nF 15.5  pS 0.25  ptS 0.24  fLog 0.74  pdΔ -0.2495  pkR 9.09  clip 0.03  kl +0.002
upd  710  steps 23298048  sps 5941  opp frzn  loss +0.068  pg -0.0049  v 0.374  ev +0.99  adv_std 0.887  tR +0.16  ent[s/d/p/e] 0.41/0.15/0.15/0.02  emits 6.51  spf 211.4  z0 0.00  garr 495.2  tG 1941  e2 0.80  nF 14.5  pS 0.23  ptS 0.22  fLog 0.73  pdΔ -0.2695  pkR 6.24  clip 0.03  kl +0.002
upd  711  steps 23330816  sps 5941  opp frzn  loss +0.074  pg -0.0048  v 0.403  ev +0.99  adv_std 0.923  tR -0.10  ent[s/d/p/e] 0.38/0.13/0.16/0.02  emits 6.16  spf 228.2  z0 0.00  garr 494.7  tG 1985  e2 0.76  nF 13.7  pS 0.23  ptS 0.22  fLog 0.74  pdΔ -0.2684  pkR 9.24  clip 0.03  kl +0.001
upd  712  steps 23363584  sps 5942  opp frzn  loss +0.078  pg -0.0048  v 0.418  ev +0.99  adv_std 0.935  tR +0.02  ent[s/d/p/e] 0.32/0.08/0.11/0.02  emits 6.40  spf 226.4  z0 0.00  garr 502.8  tG 2009  e2 0.79  nF 10.2  pS 0.23  ptS 0.21  fLog 0.76  pdΔ -0.2750  pkR 6.68  clip 0.02  kl +0.001
upd  713  steps 23396352  sps 5942  opp buf  loss +0.059  pg -0.0049  v 0.324  ev +0.99  adv_std 0.828  tR +0.08  ent[s/d/p/e] 0.39/0.08/0.13/0.02  emits 6.71  spf 215.3  z0 0.00  garr 526.5  tG 2082  e2 0.83  nF 12.1  pS 0.25  ptS 0.23  fLog 0.76  pdΔ -0.2536  pkR 5.33  clip 0.02  kl +0.001
upd  714  steps 23429120  sps 5943  opp buf  loss +0.050  pg -0.0047  v 0.284  ev +0.99  adv_std 0.776  tR +0.28  ent[s/d/p/e] 0.47/0.10/0.19/0.01  emits 6.90  spf 245.1  z0 0.00  garr 485.3  tG 2740  e2 0.86  nF 16.1  pS 0.29  ptS 0.27  fLog 0.77  pdΔ -0.2090  pkR 8.19  clip 0.03  kl +0.001
upd  715  steps 23461888  sps 5943  opp frzn  loss +0.053  pg -0.0048  v 0.299  ev +0.99  adv_std 0.797  tR +0.22  ent[s/d/p/e] 0.43/0.08/0.20/0.01  emits 6.81  spf 271.1  z0 0.00  garr 435.3  tG 3064  e2 0.85  nF 14.6  pS 0.29  ptS 0.27  fLog 0.76  pdΔ -0.2146  pkR 9.19  clip 0.02  kl +0.001
upd  716  steps 23494656  sps 5944  opp buf  loss +0.053  pg -0.0045  v 0.293  ev +0.99  adv_std 0.790  tR +0.22  ent[s/d/p/e] 0.35/0.07/0.13/0.02  emits 6.91  spf 250.0  z0 0.00  garr 528.5  tG 2599  e2 0.86  nF 11.2  pS 0.24  ptS 0.23  fLog 0.77  pdΔ -0.2610  pkR 11.33  clip 0.02  kl +0.001
upd  717  steps 23527424  sps 5944  opp buf  loss +0.045  pg -0.0050  v 0.259  ev +0.99  adv_std 0.735  tR +0.16  ent[s/d/p/e] 0.44/0.09/0.16/0.01  emits 6.95  spf 224.1  z0 0.00  garr 469.8  tG 2471  e2 0.86  nF 15.9  pS 0.27  ptS 0.25  fLog 0.75  pdΔ -0.2308  pkR 7.52  clip 0.03  kl +0.001
upd  718  steps 23560192  sps 5945  opp frzn  loss +0.050  pg -0.0050  v 0.286  ev +0.99  adv_std 0.778  tR +0.15  ent[s/d/p/e] 0.48/0.08/0.20/0.01  emits 6.89  spf 291.5  z0 0.00  garr 493.2  tG 3336  e2 0.85  nF 14.9  pS 0.30  ptS 0.27  fLog 0.79  pdΔ -0.2004  pkR 6.83  clip 0.03  kl +0.002
upd  719  steps 23592960  sps 5945  opp buf  loss +0.054  pg -0.0059  v 0.306  ev +0.99  adv_std 0.804  tR +0.42  ent[s/d/p/e] 0.43/0.13/0.17/0.02  emits 6.46  spf 255.3  z0 0.00  garr 455.7  tG 2613  e2 0.79  nF 17.9  pS 0.27  ptS 0.25  fLog 0.74  pdΔ -0.2338  pkR 9.19  clip 0.03  kl +0.002
upd  720  steps 23625728  sps 5945  opp frzn  loss +0.042  pg -0.0050  v 0.241  ev +1.00  adv_std 0.718  tR +0.33  ent[s/d/p/e] 0.45/0.08/0.19/0.02  emits 6.52  spf 225.4  z0 0.01  garr 468.1  tG 2308  e2 0.80  nF 15.6  pS 0.24  ptS 0.23  fLog 0.76  pdΔ -0.2599  pkR 7.17  clip 0.03  kl +0.001
upd  721  steps 23658496  sps 5946  opp frzn  loss +0.069  pg -0.0048  v 0.373  ev +0.99  adv_std 0.887  tR +0.24  ent[s/d/p/e] 0.36/0.09/0.16/0.02  emits 6.32  spf 226.4  z0 0.00  garr 437.5  tG 2160  e2 0.78  nF 13.5  pS 0.22  ptS 0.21  fLog 0.74  pdΔ -0.2780  pkR 11.24  clip 0.02  kl +0.001
upd  722  steps 23691264  sps 5946  opp frzn  loss +0.053  pg -0.0045  v 0.293  ev +0.99  adv_std 0.787  tR +0.05  ent[s/d/p/e] 0.33/0.09/0.10/0.02  emits 6.48  spf 214.3  z0 0.00  garr 519.9  tG 1930  e2 0.80  nF 10.8  pS 0.21  ptS 0.20  fLog 0.76  pdΔ -0.2897  pkR 5.92  clip 0.02  kl +0.001
upd  723  steps 23724032  sps 5947  opp frzn  loss +0.069  pg -0.0051  v 0.375  ev +0.99  adv_std 0.892  tR +0.24  ent[s/d/p/e] 0.36/0.14/0.13/0.02  emits 6.37  spf 213.2  z0 0.00  garr 521.3  tG 1883  e2 0.79  nF 13.0  pS 0.22  ptS 0.20  fLog 0.73  pdΔ -0.2811  pkR 6.34  clip 0.03  kl +0.001
upd  724  steps 23756800  sps 5947  opp buf  loss +0.049  pg -0.0050  v 0.276  ev +0.99  adv_std 0.763  tR +0.09  ent[s/d/p/e] 0.38/0.10/0.13/0.02  emits 6.72  spf 234.3  z0 0.00  garr 546.9  tG 2266  e2 0.84  nF 12.7  pS 0.26  ptS 0.24  fLog 0.76  pdΔ -0.2438  pkR 6.67  clip 0.03  kl +0.001
upd  725  steps 23789568  sps 5948  opp buf  loss +0.051  pg -0.0051  v 0.289  ev +0.99  adv_std 0.776  tR +0.28  ent[s/d/p/e] 0.43/0.08/0.18/0.02  emits 6.76  spf 245.3  z0 0.00  garr 461.0  tG 2682  e2 0.85  nF 14.7  pS 0.29  ptS 0.26  fLog 0.76  pdΔ -0.2148  pkR 9.83  clip 0.03  kl +0.001
upd  726  steps 23822336  sps 5948  opp frzn  loss +0.037  pg -0.0052  v 0.219  ev +1.00  adv_std 0.686  tR +0.29  ent[s/d/p/e] 0.44/0.07/0.21/0.01  emits 6.81  spf 291.3  z0 0.00  garr 485.6  tG 3198  e2 0.85  nF 13.3  pS 0.27  ptS 0.26  fLog 0.79  pdΔ -0.2265  pkR 11.06  clip 0.03  kl +0.001
upd  727  steps 23855104  sps 5949  opp buf  loss +0.064  pg -0.0052  v 0.352  ev +0.99  adv_std 0.859  tR +0.01  ent[s/d/p/e] 0.38/0.10/0.15/0.02  emits 6.75  spf 223.2  z0 0.00  garr 472.9  tG 2282  e2 0.84  nF 15.3  pS 0.24  ptS 0.22  fLog 0.74  pdΔ -0.2577  pkR 9.62  clip 0.02  kl +0.001
upd  728  steps 23887872  sps 5949  opp buf  loss +0.019  pg -0.0052  v 0.130  ev +1.00  adv_std 0.523  tR +0.09  ent[s/d/p/e] 0.45/0.08/0.18/0.02  emits 6.81  spf 245.2  z0 0.00  garr 498.3  tG 2609  e2 0.85  nF 15.9  pS 0.27  ptS 0.25  fLog 0.78  pdΔ -0.2324  pkR 6.08  clip 0.03  kl +0.002
upd  729  steps 23920640  sps 5949  opp frzn  loss +0.064  pg -0.0055  v 0.357  ev +0.99  adv_std 0.869  tR +0.06  ent[s/d/p/e] 0.46/0.11/0.23/0.02  emits 6.56  spf 258.1  z0 0.00  garr 376.0  tG 2876  e2 0.81  nF 18.8  pS 0.28  ptS 0.26  fLog 0.74  pdΔ -0.2167  pkR 8.28  clip 0.03  kl +0.001
upd  730  steps 23953408  sps 5950  opp buf  loss +0.051  pg -0.0054  v 0.290  ev +0.99  adv_std 0.782  tR +0.07  ent[s/d/p/e] 0.43/0.11/0.16/0.01  emits 6.84  spf 246.5  z0 0.00  garr 461.0  tG 2652  e2 0.84  nF 17.8  pS 0.28  ptS 0.26  fLog 0.75  pdΔ -0.2215  pkR 10.89  clip 0.03  kl +0.002
upd  731  steps 23986176  sps 5950  opp buf  loss +0.051  pg -0.0050  v 0.290  ev +0.99  adv_std 0.780  tR -0.06  ent[s/d/p/e] 0.44/0.11/0.17/0.02  emits 6.53  spf 229.0  z0 0.00  garr 417.0  tG 2429  e2 0.81  nF 19.6  pS 0.28  ptS 0.26  fLog 0.75  pdΔ -0.2249  pkR 11.16  clip 0.03  kl +0.002
upd  732  steps 24018944  sps 5951  opp frzn  loss +0.047  pg -0.0046  v 0.266  ev +0.99  adv_std 0.752  tR +0.22  ent[s/d/p/e] 0.43/0.10/0.18/0.02  emits 6.46  spf 251.2  z0 0.00  garr 448.3  tG 2612  e2 0.80  nF 16.1  pS 0.25  ptS 0.24  fLog 0.76  pdΔ -0.2456  pkR 9.24  clip 0.02  kl +0.001
upd  733  steps 24051712  sps 5951  opp buf  loss +0.075  pg -0.0052  v 0.406  ev +0.99  adv_std 0.923  tR +0.06  ent[s/d/p/e] 0.38/0.13/0.15/0.02  emits 6.56  spf 211.7  z0 0.00  garr 444.4  tG 2127  e2 0.81  nF 15.2  pS 0.25  ptS 0.23  fLog 0.74  pdΔ -0.2488  pkR 11.18  clip 0.02  kl +0.002
upd  734  steps 24084480  sps 5952  opp buf  loss +0.044  pg -0.0054  v 0.254  ev +0.99  adv_std 0.729  tR +0.03  ent[s/d/p/e] 0.50/0.12/0.17/0.01  emits 7.13  spf 239.6  z0 0.01  garr 516.7  tG 2733  e2 0.89  nF 18.6  pS 0.30  ptS 0.28  fLog 0.76  pdΔ -0.1965  pkR 8.42  clip 0.03  kl +0.001
upd  735  steps 24117248  sps 5952  opp buf  loss +0.040  pg -0.0050  v 0.234  ev +1.00  adv_std 0.707  tR +0.13  ent[s/d/p/e] 0.49/0.09/0.22/0.01  emits 7.00  spf 279.1  z0 0.00  garr 476.4  tG 3341  e2 0.87  nF 17.7  pS 0.33  ptS 0.30  fLog 0.79  pdΔ -0.1734  pkR 7.59  clip 0.03  kl +0.001
upd  736  steps 24150016  sps 5952  opp frzn  loss +0.051  pg -0.0049  v 0.288  ev +0.99  adv_std 0.781  tR +0.31  ent[s/d/p/e] 0.43/0.07/0.19/0.01  emits 6.62  spf 302.3  z0 0.00  garr 479.7  tG 3271  e2 0.82  nF 13.2  pS 0.28  ptS 0.26  fLog 0.79  pdΔ -0.2182  pkR 6.28  clip 0.02  kl +0.001
upd  737  steps 24182784  sps 5953  opp frzn  loss +0.054  pg -0.0051  v 0.302  ev +0.99  adv_std 0.803  tR +0.18  ent[s/d/p/e] 0.33/0.08/0.13/0.02  emits 6.50  spf 213.0  z0 0.00  garr 478.7  tG 2024  e2 0.80  nF 12.9  pS 0.22  ptS 0.21  fLog 0.74  pdΔ -0.2754  pkR 10.44  clip 0.02  kl +0.001
upd  738  steps 24215552  sps 5953  opp buf  loss +0.041  pg -0.0042  v 0.230  ev +1.00  adv_std 0.697  tR -0.05  ent[s/d/p/e] 0.34/0.08/0.11/0.02  emits 6.68  spf 209.5  z0 0.00  garr 543.7  tG 2013  e2 0.82  nF 13.8  pS 0.23  ptS 0.21  fLog 0.76  pdΔ -0.2672  pkR 6.23  clip 0.02  kl +0.001
upd  739  steps 24248320  sps 5954  opp buf  loss +0.062  pg -0.0053  v 0.344  ev +0.99  adv_std 0.850  tR +0.08  ent[s/d/p/e] 0.47/0.10/0.18/0.01  emits 6.84  spf 247.0  z0 0.00  garr 442.1  tG 2821  e2 0.84  nF 18.3  pS 0.30  ptS 0.29  fLog 0.77  pdΔ -0.1953  pkR 8.36  clip 0.03  kl +0.001
upd  740  steps 24281088  sps 5954  opp buf  loss +0.041  pg -0.0047  v 0.236  ev +1.00  adv_std 0.711  tR +0.05  ent[s/d/p/e] 0.48/0.09/0.21/0.02  emits 6.64  spf 290.4  z0 0.01  garr 419.2  tG 3294  e2 0.83  nF 17.8  pS 0.32  ptS 0.30  fLog 0.77  pdΔ -0.1826  pkR 9.28  clip 0.02  kl +0.001
upd  741  steps 24313856  sps 5954  opp buf  loss +0.051  pg -0.0054  v 0.287  ev +0.99  adv_std 0.776  tR +0.34  ent[s/d/p/e] 0.43/0.08/0.18/0.02  emits 6.87  spf 260.9  z0 0.00  garr 445.7  tG 2949  e2 0.85  nF 16.8  pS 0.28  ptS 0.26  fLog 0.76  pdΔ -0.2205  pkR 9.35  clip 0.03  kl +0.002
upd  742  steps 24346624  sps 5955  opp frzn  loss +0.063  pg -0.0054  v 0.349  ev +0.99  adv_std 0.860  tR -0.01  ent[s/d/p/e] 0.41/0.09/0.21/0.02  emits 6.43  spf 240.0  z0 0.00  garr 436.3  tG 2398  e2 0.79  nF 15.3  pS 0.22  ptS 0.22  fLog 0.74  pdΔ -0.2761  pkR 10.44  clip 0.02  kl +0.001
upd  743  steps 24379392  sps 5955  opp frzn  loss +0.058  pg -0.0045  v 0.320  ev +0.99  adv_std 0.824  tR -0.21  ent[s/d/p/e] 0.28/0.09/0.14/0.02  emits 6.41  spf 202.4  z0 0.01  garr 473.4  tG 1831  e2 0.79  nF 10.6  pS 0.19  ptS 0.18  fLog 0.75  pdΔ -0.3051  pkR 9.09  clip 0.02  kl +0.001
upd  744  steps 24412160  sps 5956  opp frzn  loss +0.081  pg -0.0049  v 0.437  ev +0.99  adv_std 0.959  tR +0.14  ent[s/d/p/e] 0.32/0.12/0.15/0.02  emits 6.36  spf 208.0  z0 0.00  garr 510.5  tG 1826  e2 0.79  nF 11.0  pS 0.21  ptS 0.19  fLog 0.73  pdΔ -0.2948  pkR 5.82  clip 0.03  kl +0.001
upd  745  steps 24444928  sps 5956  opp frzn  loss +0.083  pg -0.0052  v 0.448  ev +0.99  adv_std 0.973  tR -0.15  ent[s/d/p/e] 0.31/0.14/0.14/0.02  emits 6.41  spf 181.3  z0 0.00  garr 471.1  tG 1640  e2 0.79  nF 13.5  pS 0.21  ptS 0.20  fLog 0.72  pdΔ -0.2856  pkR 5.86  clip 0.02  kl +0.001
upd  746  steps 24477696  sps 5956  opp buf  loss +0.048  pg -0.0052  v 0.271  ev +0.99  adv_std 0.761  tR +0.09  ent[s/d/p/e] 0.41/0.12/0.12/0.02  emits 6.44  spf 210.4  z0 0.00  garr 472.8  tG 1966  e2 0.79  nF 17.5  pS 0.24  ptS 0.23  fLog 0.73  pdΔ -0.2566  pkR 6.52  clip 0.02  kl +0.001
upd  747  steps 24510464  sps 5957  opp buf  loss +0.033  pg -0.0050  v 0.196  ev +1.00  adv_std 0.646  tR -0.08  ent[s/d/p/e] 0.45/0.10/0.15/0.01  emits 6.87  spf 206.5  z0 0.01  garr 436.2  tG 2338  e2 0.85  nF 18.5  pS 0.28  ptS 0.27  fLog 0.75  pdΔ -0.2156  pkR 9.07  clip 0.03  kl +0.001
upd  748  steps 24543232  sps 5957  opp frzn  loss +0.062  pg -0.0051  v 0.345  ev +0.99  adv_std 0.849  tR -0.03  ent[s/d/p/e] 0.47/0.09/0.22/0.01  emits 6.60  spf 270.6  z0 0.00  garr 441.7  tG 2943  e2 0.82  nF 14.3  pS 0.27  ptS 0.25  fLog 0.77  pdΔ -0.2270  pkR 8.91  clip 0.04  kl +0.002
upd  749  steps 24576000  sps 5958  opp frzn  loss +0.099  pg -0.0054  v 0.530  ev +0.99  adv_std 1.045  tR +0.21  ent[s/d/p/e] 0.41/0.13/0.16/0.02  emits 6.70  spf 243.5  z0 0.00  garr 487.7  tG 2423  e2 0.83  nF 15.3  pS 0.25  ptS 0.23  fLog 0.74  pdΔ -0.2495  pkR 11.01  clip 0.03  kl +0.002 WRr 1.00 WRf 0.94
upd  750  steps 24608768  sps 5942  opp buf  loss +0.056  pg -0.0049  v 0.311  ev +0.99  adv_std 0.810  tR -0.01  ent[s/d/p/e] 0.38/0.10/0.12/0.02  emits 6.51  spf 205.1  z0 0.01  garr 462.2  tG 1948  e2 0.81  nF 15.7  pS 0.25  ptS 0.24  fLog 0.73  pdΔ -0.2461  pkR 6.96  clip 0.02  kl +0.001
upd  751  steps 24641536  sps 5943  opp buf  loss +0.038  pg -0.0054  v 0.226  ev +0.99  adv_std 0.687  tR +0.39  ent[s/d/p/e] 0.42/0.08/0.15/0.01  emits 6.99  spf 250.0  z0 0.00  garr 523.3  tG 2747  e2 0.87  nF 15.6  pS 0.28  ptS 0.26  fLog 0.78  pdΔ -0.2229  pkR 6.05  clip 0.02  kl +0.002
upd  752  steps 24674304  sps 5943  opp buf  loss +0.087  pg -0.0056  v 0.470  ev +0.99  adv_std 0.983  tR +0.11  ent[s/d/p/e] 0.50/0.09/0.19/0.02  emits 6.94  spf 246.6  z0 0.00  garr 455.3  tG 2759  e2 0.86  nF 18.5  pS 0.30  ptS 0.28  fLog 0.76  pdΔ -0.2020  pkR 7.33  clip 0.03  kl +0.001
upd  753  steps 24707072  sps 5944  opp buf  loss +0.038  pg -0.0049  v 0.222  ev +1.00  adv_std 0.688  tR +0.03  ent[s/d/p/e] 0.47/0.08/0.19/0.01  emits 7.05  spf 283.6  z0 0.00  garr 453.0  tG 3301  e2 0.87  nF 17.3  pS 0.32  ptS 0.30  fLog 0.79  pdΔ -0.1757  pkR 7.30  clip 0.03  kl +0.002
upd  754  steps 24739840  sps 5944  opp buf  loss +0.042  pg -0.0051  v 0.245  ev +0.99  adv_std 0.720  tR +0.35  ent[s/d/p/e] 0.47/0.10/0.20/0.02  emits 6.73  spf 284.3  z0 0.00  garr 434.0  tG 3065  e2 0.84  nF 17.9  pS 0.29  ptS 0.27  fLog 0.76  pdΔ -0.2062  pkR 9.15  clip 0.03  kl +0.002
upd  755  steps 24772608  sps 5944  opp buf  loss +0.051  pg -0.0047  v 0.287  ev +0.99  adv_std 0.774  tR +0.13  ent[s/d/p/e] 0.46/0.08/0.19/0.01  emits 6.97  spf 252.5  z0 0.00  garr 434.2  tG 2872  e2 0.87  nF 17.8  pS 0.30  ptS 0.28  fLog 0.77  pdΔ -0.2008  pkR 7.50  clip 0.02  kl +0.001
upd  756  steps 24805376  sps 5945  opp frzn  loss +0.042  pg -0.0050  v 0.244  ev +1.00  adv_std 0.724  tR +0.13  ent[s/d/p/e] 0.42/0.08/0.21/0.02  emits 6.63  spf 260.3  z0 0.00  garr 423.4  tG 2814  e2 0.83  nF 15.2  pS 0.27  ptS 0.26  fLog 0.76  pdΔ -0.2294  pkR 6.47  clip 0.03  kl +0.002
upd  757  steps 24838144  sps 5945  opp frzn  loss +0.058  pg -0.0051  v 0.322  ev +0.99  adv_std 0.827  tR +0.12  ent[s/d/p/e] 0.38/0.12/0.15/0.02  emits 6.54  spf 233.0  z0 0.00  garr 471.1  tG 2319  e2 0.81  nF 16.6  pS 0.23  ptS 0.22  fLog 0.74  pdΔ -0.2699  pkR 10.92  clip 0.02  kl +0.001
upd  758  steps 24870912  sps 5946  opp buf  loss +0.062  pg -0.0048  v 0.342  ev +0.99  adv_std 0.843  tR -0.01  ent[s/d/p/e] 0.37/0.12/0.13/0.02  emits 6.79  spf 177.4  z0 0.01  garr 477.1  tG 1762  e2 0.84  nF 17.5  pS 0.24  ptS 0.23  fLog 0.72  pdΔ -0.2553  pkR 6.19  clip 0.03  kl +0.001
upd  759  steps 24903680  sps 5946  opp frzn  loss +0.064  pg -0.0044  v 0.347  ev +0.99  adv_std 0.848  tR +0.15  ent[s/d/p/e] 0.41/0.06/0.15/0.01  emits 7.11  spf 244.9  z0 0.00  garr 557.2  tG 2704  e2 0.89  nF 13.6  pS 0.27  ptS 0.25  fLog 0.78  pdΔ -0.2259  pkR 6.20  clip 0.02  kl +0.001
upd  760  steps 24936448  sps 5947  opp buf  loss +0.063  pg -0.0044  v 0.346  ev +0.99  adv_std 0.852  tR +0.08  ent[s/d/p/e] 0.41/0.10/0.16/0.02  emits 6.82  spf 246.3  z0 0.00  garr 505.6  tG 2590  e2 0.85  nF 15.8  pS 0.26  ptS 0.24  fLog 0.75  pdΔ -0.2429  pkR 9.04  clip 0.02  kl +0.001
upd  761  steps 24969216  sps 5947  opp frzn  loss +0.048  pg -0.0052  v 0.272  ev +0.99  adv_std 0.758  tR +0.07  ent[s/d/p/e] 0.40/0.08/0.16/0.01  emits 6.85  spf 237.7  z0 0.00  garr 526.2  tG 2462  e2 0.85  nF 14.5  pS 0.25  ptS 0.23  fLog 0.76  pdΔ -0.2545  pkR 6.82  clip 0.03  kl +0.001
upd  762  steps 25001984  sps 5947  opp frzn  loss +0.075  pg -0.0047  v 0.404  ev +0.99  adv_std 0.924  tR +0.16  ent[s/d/p/e] 0.32/0.07/0.15/0.01  emits 6.78  spf 219.1  z0 0.00  garr 477.6  tG 2138  e2 0.84  nF 11.4  pS 0.23  ptS 0.21  fLog 0.75  pdΔ -0.2713  pkR 9.53  clip 0.02  kl +0.001
upd  763  steps 25034752  sps 5948  opp frzn  loss +0.063  pg -0.0047  v 0.345  ev +0.99  adv_std 0.853  tR +0.27  ent[s/d/p/e] 0.32/0.09/0.11/0.01  emits 6.61  spf 251.5  z0 0.00  garr 582.0  tG 2279  e2 0.81  nF 10.5  pS 0.22  ptS 0.20  fLog 0.77  pdΔ -0.2839  pkR 5.59  clip 0.02  kl +0.001
upd  764  steps 25067520  sps 5948  opp buf  loss +0.056  pg -0.0048  v 0.309  ev +0.99  adv_std 0.801  tR +0.08  ent[s/d/p/e] 0.33/0.10/0.12/0.02  emits 6.56  spf 201.5  z0 0.00  garr 458.0  tG 1908  e2 0.81  nF 13.6  pS 0.23  ptS 0.22  fLog 0.74  pdΔ -0.2710  pkR 5.88  clip 0.02  kl +0.001
upd  765  steps 25100288  sps 5949  opp frzn  loss +0.059  pg -0.0051  v 0.327  ev +0.99  adv_std 0.829  tR +0.09  ent[s/d/p/e] 0.42/0.11/0.17/0.01  emits 6.89  spf 247.3  z0 0.00  garr 491.0  tG 2660  e2 0.86  nF 15.5  pS 0.27  ptS 0.26  fLog 0.76  pdΔ -0.2275  pkR 8.07  clip 0.02  kl +0.001
upd  766  steps 25133056  sps 5949  opp frzn  loss +0.100  pg -0.0051  v 0.533  ev +0.99  adv_std 1.059  tR +0.00  ent[s/d/p/e] 0.39/0.12/0.14/0.02  emits 6.64  spf 232.9  z0 0.00  garr 460.8  tG 2301  e2 0.82  nF 14.8  pS 0.25  ptS 0.24  fLog 0.74  pdΔ -0.2492  pkR 10.35  clip 0.03  kl +0.002
upd  767  steps 25165824  sps 5949  opp buf  loss +0.045  pg -0.0049  v 0.256  ev +0.99  adv_std 0.737  tR +0.18  ent[s/d/p/e] 0.44/0.11/0.11/0.01  emits 6.82  spf 224.4  z0 0.00  garr 547.1  tG 2220  e2 0.84  nF 15.3  pS 0.26  ptS 0.25  fLog 0.76  pdΔ -0.2378  pkR 5.77  clip 0.03  kl +0.002
upd  768  steps 25198592  sps 5950  opp frzn  loss +0.053  pg -0.0047  v 0.295  ev +0.99  adv_std 0.793  tR +0.16  ent[s/d/p/e] 0.39/0.09/0.18/0.02  emits 6.78  spf 234.1  z0 0.00  garr 457.5  tG 2515  e2 0.85  nF 14.4  pS 0.27  ptS 0.25  fLog 0.76  pdΔ -0.2327  pkR 7.63  clip 0.03  kl +0.001
upd  769  steps 25231360  sps 5950  opp frzn  loss +0.066  pg -0.0050  v 0.360  ev +0.99  adv_std 0.869  tR +0.33  ent[s/d/p/e] 0.40/0.13/0.16/0.01  emits 6.52  spf 264.9  z0 0.00  garr 512.0  tG 2621  e2 0.81  nF 14.4  pS 0.25  ptS 0.23  fLog 0.76  pdΔ -0.2523  pkR 10.26  clip 0.03  kl +0.002
upd  770  steps 25264128  sps 5951  opp frzn  loss +0.093  pg -0.0058  v 0.500  ev +0.99  adv_std 1.023  tR -0.02  ent[s/d/p/e] 0.33/0.12/0.13/0.02  emits 6.39  spf 198.1  z0 0.00  garr 458.8  tG 1807  e2 0.79  nF 12.1  pS 0.23  ptS 0.22  fLog 0.73  pdΔ -0.2683  pkR 7.45  clip 0.03  kl +0.001
upd  771  steps 25296896  sps 5951  opp frzn  loss +0.068  pg -0.0044  v 0.368  ev +0.99  adv_std 0.882  tR +0.28  ent[s/d/p/e] 0.36/0.09/0.11/0.01  emits 6.57  spf 222.9  z0 0.00  garr 534.9  tG 2070  e2 0.81  nF 12.4  pS 0.23  ptS 0.22  fLog 0.76  pdΔ -0.2665  pkR 4.90  clip 0.03  kl +0.001
upd  772  steps 25329664  sps 5951  opp frzn  loss +0.060  pg -0.0054  v 0.330  ev +0.99  adv_std 0.834  tR +0.11  ent[s/d/p/e] 0.32/0.10/0.11/0.01  emits 6.56  spf 201.6  z0 0.00  garr 505.2  tG 1839  e2 0.81  nF 11.4  pS 0.21  ptS 0.20  fLog 0.74  pdΔ -0.2886  pkR 7.20  clip 0.03  kl +0.001
upd  773  steps 25362432  sps 5952  opp frzn  loss +0.053  pg -0.0047  v 0.293  ev +0.99  adv_std 0.791  tR +0.13  ent[s/d/p/e] 0.33/0.10/0.13/0.02  emits 6.43  spf 217.8  z0 0.00  garr 536.8  tG 1946  e2 0.80  nF 11.1  pS 0.21  ptS 0.20  fLog 0.75  pdΔ -0.2867  pkR 5.91  clip 0.02  kl +0.001
upd  774  steps 25395200  sps 5952  opp frzn  loss +0.074  pg -0.0046  v 0.398  ev +0.99  adv_std 0.918  tR -0.03  ent[s/d/p/e] 0.31/0.13/0.13/0.02  emits 6.31  spf 186.1  z0 0.00  garr 441.8  tG 1653  e2 0.78  nF 13.9  pS 0.21  ptS 0.20  fLog 0.71  pdΔ -0.2878  pkR 5.58  clip 0.02  kl +0.001
upd  775  steps 25427968  sps 5953  opp buf  loss +0.050  pg -0.0045  v 0.278  ev +0.99  adv_std 0.771  tR +0.18  ent[s/d/p/e] 0.32/0.10/0.13/0.02  emits 6.47  spf 203.7  z0 0.00  garr 489.6  tG 1871  e2 0.80  nF 13.5  pS 0.22  ptS 0.20  fLog 0.74  pdΔ -0.2813  pkR 5.76  clip 0.03  kl +0.001
upd  776  steps 25460736  sps 5953  opp buf  loss +0.041  pg -0.0047  v 0.236  ev +1.00  adv_std 0.712  tR +0.04  ent[s/d/p/e] 0.41/0.09/0.17/0.02  emits 6.62  spf 230.1  z0 0.00  garr 453.9  tG 2332  e2 0.82  nF 16.0  pS 0.25  ptS 0.23  fLog 0.76  pdΔ -0.2502  pkR 7.33  clip 0.03  kl +0.001
upd  777  steps 25493504  sps 5953  opp frzn  loss +0.040  pg -0.0052  v 0.236  ev +0.99  adv_std 0.713  tR -0.11  ent[s/d/p/e] 0.42/0.08/0.17/0.01  emits 6.73  spf 263.0  z0 0.00  garr 471.8  tG 2768  e2 0.84  nF 14.5  pS 0.25  ptS 0.23  fLog 0.77  pdΔ -0.2508  pkR 8.15  clip 0.03  kl +0.001
upd  778  steps 25526272  sps 5954  opp frzn  loss +0.073  pg -0.0050  v 0.398  ev +0.99  adv_std 0.916  tR +0.16  ent[s/d/p/e] 0.35/0.11/0.14/0.01  emits 6.69  spf 211.5  z0 0.00  garr 493.5  tG 2019  e2 0.83  nF 13.6  pS 0.22  ptS 0.21  fLog 0.75  pdΔ -0.2834  pkR 8.89  clip 0.03  kl +0.002
upd  779  steps 25559040  sps 5954  opp frzn  loss +0.057  pg -0.0049  v 0.316  ev +0.99  adv_std 0.819  tR +0.26  ent[s/d/p/e] 0.37/0.13/0.11/0.02  emits 6.32  spf 214.5  z0 0.00  garr 504.5  tG 1904  e2 0.78  nF 13.4  pS 0.21  ptS 0.20  fLog 0.74  pdΔ -0.2873  pkR 5.35  clip 0.02  kl +0.002
upd  780  steps 25591808  sps 5955  opp buf  loss +0.064  pg -0.0050  v 0.349  ev +0.99  adv_std 0.858  tR +0.03  ent[s/d/p/e] 0.35/0.11/0.12/0.02  emits 6.86  spf 214.4  z0 0.00  garr 515.7  tG 2124  e2 0.85  nF 13.6  pS 0.25  ptS 0.23  fLog 0.75  pdΔ -0.2537  pkR 6.04  clip 0.02  kl +0.001
upd  781  steps 25624576  sps 5955  opp frzn  loss +0.062  pg -0.0048  v 0.339  ev +0.99  adv_std 0.848  tR +0.10  ent[s/d/p/e] 0.42/0.11/0.16/0.02  emits 6.62  spf 260.3  z0 0.00  garr 516.4  tG 2624  e2 0.82  nF 15.7  pS 0.26  ptS 0.24  fLog 0.76  pdΔ -0.2442  pkR 8.47  clip 0.02  kl +0.001
upd  782  steps 25657344  sps 5955  opp frzn  loss +0.065  pg -0.0042  v 0.350  ev +0.99  adv_std 0.857  tR +0.13  ent[s/d/p/e] 0.33/0.08/0.13/0.01  emits 6.66  spf 230.2  z0 0.00  garr 494.5  tG 2245  e2 0.83  nF 12.9  pS 0.23  ptS 0.22  fLog 0.76  pdΔ -0.2691  pkR 10.87  clip 0.02  kl +0.001
upd  783  steps 25690112  sps 5956  opp buf  loss +0.040  pg -0.0053  v 0.235  ev +1.00  adv_std 0.708  tR +0.06  ent[s/d/p/e] 0.36/0.11/0.14/0.02  emits 6.53  spf 220.4  z0 0.00  garr 500.3  tG 2037  e2 0.81  nF 15.4  pS 0.23  ptS 0.22  fLog 0.74  pdΔ -0.2680  pkR 6.93  clip 0.02  kl +0.001
upd  784  steps 25722880  sps 5956  opp buf  loss +0.063  pg -0.0051  v 0.347  ev +0.99  adv_std 0.848  tR +0.05  ent[s/d/p/e] 0.45/0.10/0.17/0.01  emits 6.94  spf 229.5  z0 0.00  garr 444.5  tG 2484  e2 0.86  nF 19.5  pS 0.28  ptS 0.26  fLog 0.76  pdΔ -0.2169  pkR 9.41  clip 0.03  kl +0.001
upd  785  steps 25755648  sps 5957  opp frzn  loss +0.062  pg -0.0044  v 0.342  ev +0.99  adv_std 0.852  tR -0.05  ent[s/d/p/e] 0.41/0.09/0.22/0.02  emits 6.53  spf 251.5  z0 0.00  garr 417.5  tG 2633  e2 0.81  nF 15.0  pS 0.26  ptS 0.24  fLog 0.76  pdΔ -0.2398  pkR 6.58  clip 0.03  kl +0.001
upd  786  steps 25788416  sps 5957  opp frzn  loss +0.044  pg -0.0051  v 0.254  ev +0.99  adv_std 0.734  tR +0.09  ent[s/d/p/e] 0.34/0.10/0.13/0.01  emits 6.60  spf 231.8  z0 0.00  garr 507.3  tG 2215  e2 0.81  nF 12.5  pS 0.23  ptS 0.21  fLog 0.76  pdΔ -0.2744  pkR 10.22  clip 0.03  kl +0.001
upd  787  steps 25821184  sps 5957  opp frzn  loss +0.089  pg -0.0049  v 0.476  ev +0.99  adv_std 1.005  tR +0.06  ent[s/d/p/e] 0.38/0.13/0.15/0.02  emits 6.07  spf 221.6  z0 0.00  garr 473.4  tG 1877  e2 0.74  nF 14.7  pS 0.23  ptS 0.21  fLog 0.74  pdΔ -0.2708  pkR 6.98  clip 0.03  kl +0.001
upd  788  steps 25853952  sps 5958  opp frzn  loss +0.054  pg -0.0055  v 0.305  ev +0.99  adv_std 0.805  tR +0.31  ent[s/d/p/e] 0.37/0.13/0.14/0.02  emits 6.54  spf 218.8  z0 0.00  garr 474.5  tG 2027  e2 0.82  nF 13.7  pS 0.25  ptS 0.23  fLog 0.74  pdΔ -0.2511  pkR 6.45  clip 0.03  kl +0.001
upd  789  steps 25886720  sps 5958  opp frzn  loss +0.072  pg -0.0054  v 0.393  ev +0.99  adv_std 0.912  tR +0.11  ent[s/d/p/e] 0.34/0.14/0.14/0.02  emits 6.37  spf 194.3  z0 0.00  garr 454.6  tG 1742  e2 0.79  nF 15.8  pS 0.22  ptS 0.21  fLog 0.71  pdΔ -0.2820  pkR 7.18  clip 0.03  kl +0.002
upd  790  steps 25919488  sps 5959  opp buf  loss +0.052  pg -0.0050  v 0.292  ev +0.99  adv_std 0.787  tR +0.24  ent[s/d/p/e] 0.38/0.13/0.11/0.02  emits 6.67  spf 192.5  z0 0.00  garr 477.8  tG 1878  e2 0.82  nF 17.7  pS 0.25  ptS 0.23  fLog 0.74  pdΔ -0.2516  pkR 5.69  clip 0.03  kl +0.002
upd  791  steps 25952256  sps 5959  opp buf  loss +0.051  pg -0.0051  v 0.287  ev +0.99  adv_std 0.777  tR +0.02  ent[s/d/p/e] 0.43/0.10/0.17/0.02  emits 6.63  spf 230.8  z0 0.00  garr 420.9  tG 2477  e2 0.82  nF 16.7  pS 0.28  ptS 0.26  fLog 0.75  pdΔ -0.2193  pkR 8.28  clip 0.03  kl +0.001
upd  792  steps 25985024  sps 5959  opp frzn  loss +0.050  pg -0.0048  v 0.281  ev +0.99  adv_std 0.771  tR +0.15  ent[s/d/p/e] 0.44/0.08/0.18/0.01  emits 6.82  spf 303.5  z0 0.00  garr 453.4  tG 3350  e2 0.84  nF 14.9  pS 0.29  ptS 0.27  fLog 0.79  pdΔ -0.2076  pkR 10.28  clip 0.03  kl +0.001
upd  793  steps 26017792  sps 5960  opp frzn  loss +0.077  pg -0.0052  v 0.416  ev +0.99  adv_std 0.937  tR +0.05  ent[s/d/p/e] 0.36/0.10/0.16/0.02  emits 6.37  spf 230.1  z0 0.00  garr 409.3  tG 2197  e2 0.79  nF 13.5  pS 0.25  ptS 0.24  fLog 0.74  pdΔ -0.2500  pkR 11.87  clip 0.02  kl +0.001
upd  794  steps 26050560  sps 5960  opp buf  loss +0.056  pg -0.0047  v 0.312  ev +0.99  adv_std 0.809  tR +0.17  ent[s/d/p/e] 0.38/0.08/0.10/0.02  emits 6.99  spf 238.8  z0 0.00  garr 540.9  tG 2359  e2 0.87  nF 13.6  pS 0.25  ptS 0.24  fLog 0.77  pdΔ -0.2477  pkR 5.80  clip 0.03  kl +0.001
upd  795  steps 26083328  sps 5960  opp frzn  loss +0.054  pg -0.0046  v 0.298  ev +0.99  adv_std 0.794  tR +0.20  ent[s/d/p/e] 0.36/0.06/0.14/0.02  emits 6.44  spf 239.5  z0 0.00  garr 453.5  tG 2313  e2 0.79  nF 11.7  pS 0.23  ptS 0.22  fLog 0.76  pdΔ -0.2722  pkR 11.51  clip 0.02  kl +0.001
upd  796  steps 26116096  sps 5961  opp buf  loss +0.074  pg -0.0045  v 0.398  ev +0.99  adv_std 0.908  tR +0.02  ent[s/d/p/e] 0.38/0.09/0.13/0.02  emits 6.57  spf 262.1  z0 0.00  garr 518.6  tG 2519  e2 0.81  nF 11.8  pS 0.23  ptS 0.22  fLog 0.77  pdΔ -0.2741  pkR 10.72  clip 0.02  kl +0.001
upd  797  steps 26148864  sps 5961  opp frzn  loss +0.062  pg -0.0054  v 0.342  ev +0.99  adv_std 0.849  tR +0.10  ent[s/d/p/e] 0.37/0.13/0.15/0.02  emits 6.23  spf 204.1  z0 0.00  garr 425.2  tG 1872  e2 0.77  nF 15.2  pS 0.23  ptS 0.21  fLog 0.72  pdΔ -0.2747  pkR 6.90  clip 0.03  kl +0.002
upd  798  steps 26181632  sps 5962  opp buf  loss +0.055  pg -0.0049  v 0.306  ev +0.99  adv_std 0.804  tR +0.03  ent[s/d/p/e] 0.40/0.10/0.15/0.02  emits 6.74  spf 221.7  z0 0.00  garr 503.3  tG 2187  e2 0.84  nF 15.7  pS 0.24  ptS 0.23  fLog 0.75  pdΔ -0.2577  pkR 6.63  clip 0.02  kl +0.001
upd  799  steps 26214400  sps 5962  opp frzn  loss +0.051  pg -0.0048  v 0.285  ev +0.99  adv_std 0.778  tR +0.01  ent[s/d/p/e] 0.37/0.07/0.14/0.02  emits 6.59  spf 213.3  z0 0.00  garr 463.3  tG 2095  e2 0.82  nF 14.0  pS 0.23  ptS 0.22  fLog 0.75  pdΔ -0.2656  pkR 8.86  clip 0.02  kl +0.001 WRr 0.91 WRf 0.97
[ckpt] saved ./ckpt_multi_action_v11_buf_from4k/ckpt_000799.pkl
final eval win_rate vs random: 0.906
