[reward] kaggle-aligned: terminal +1 win/+1 tie>0/-1 loss/-1 double-wipeout; is_terminal at step >= episode_steps-2; SHAPING_SCALE=0.0; v1: KEEP_HOME=0.0 FLEET_SIZE=0.0/norm20.0; v2 (expert-replay calibrated): PROD_SHARE=0.0 PLANET_SHARE=0.0 FLEET_LOG=0.0/ref500.0/floor0.3; v3 (top10-2630ep calibrated): PROD_SHARE_DELTA=0.005 EMIT_LOG=0.0 EMIT_GATED=0.0 RELEASE=0.0/K20.0 CAPTURE=0.05; episode_steps=500 (kaggle=500, mismatch=False)
[curriculum] strong_ratio=0.25 frozen_ratio=0.25 strong_ckpt=./ckpt_multi_action_v11_f29/ckpt_000599.pkl
[buffer-curriculum] buffer_path=data/f40_mixed_states.npz buffer_reset_ratio=0.8 buffer_rollout_ratio=0.4
[gated-pool] seed_paths=./ckpt_multi_action_v11_f29/ckpt_000599.pkl snapshot_current=False
[resume] loaded params from ckpt_multi_action_v11_f40_buffer/ckpt_000099.pkl (step=99)
[buffer-curriculum] loaded 2160 states from data/f40_mixed_states.npz
[shape-adapter] padded tensors:
  emit_head/fc1/kernel: (269, 64) -> (271, 64)
  encoder/global_proj/kernel: (17, 128) -> (18, 128)
  encoder/planet_proj/kernel: (28, 128) -> (33, 128)
[curriculum] shape-adapted strong opponent from ./ckpt_multi_action_v11_f29/ckpt_000599.pkl
[shape-adapter] padded tensors:
  emit_head/fc1/kernel: (269, 64) -> (271, 64)
  encoder/global_proj/kernel: (17, 128) -> (18, 128)
  encoder/planet_proj/kernel: (28, 128) -> (33, 128)
[gated-pool] shape-adapted seed opponent ./ckpt_multi_action_v11_f29/ckpt_000599.pkl
upd    0  steps   32768  sps 655  opp frzn  loss -0.131  pg -0.0001  v 0.005  ev +0.80  adv_std 0.078  tR +0.80  ent[s/d/p/e] 1.28/1.73/0.64/0.59  emits 1.57  spf 15.9  z0 0.01  garr 20.8  tG 195  e2 0.36  nF 27.9  pS 0.25  ptS 0.25  fLog 0.36  pdΔ -0.2505  pkR 15.93  clip 0.00  kl +0.000
upd    1  steps   65536  sps 1022  opp buf  loss -0.162  pg -0.0002  v 0.006  ev +0.94  adv_std 0.103  tR +0.12  ent[s/d/p/e] 1.86/2.11/0.72/0.60  emits 1.56  spf 28.4  z0 0.06  garr 38.0  tG 572  e2 0.37  nF 26.7  pS 0.41  ptS 0.40  fLog 0.43  pdΔ -0.0923  pkR 12.56  clip 0.00  kl -0.000
upd    2  steps   98304  sps 1490  opp buf  loss -0.166  pg -0.0001  v 0.004  ev +0.95  adv_std 0.088  tR -0.08  ent[s/d/p/e] 1.98/2.21/0.65/0.57  emits 1.46  spf 30.9  z0 0.13  garr 43.6  tG 1000  e2 0.34  nF 27.2  pS 0.38  ptS 0.38  fLog 0.44  pdΔ -0.1180  pkR 12.88  clip 0.00  kl +0.000
upd    3  steps  131072  sps 1932  opp strn  loss -0.156  pg -0.0004  v 0.004  ev +0.94  adv_std 0.087  tR +0.26  ent[s/d/p/e] 1.80/2.00/0.69/0.58  emits 1.62  spf 26.8  z0 0.04  garr 41.6  tG 904  e2 0.38  nF 29.6  pS 0.36  ptS 0.36  fLog 0.41  pdΔ -0.1395  pkR 14.49  clip 0.00  kl +0.000
upd    4  steps  163840  sps 2349  opp frzn  loss -0.156  pg -0.0004  v 0.004  ev +0.93  adv_std 0.084  tR -0.38  ent[s/d/p/e] 1.73/1.96/0.74/0.61  emits 1.61  spf 25.3  z0 0.01  garr 33.6  tG 419  e2 0.39  nF 29.0  pS 0.35  ptS 0.36  fLog 0.41  pdΔ -0.1457  pkR 22.31  clip 0.00  kl +0.000
upd    5  steps  196608  sps 2745  opp strn  loss -0.148  pg -0.0006  v 0.005  ev +0.89  adv_std 0.099  tR -0.25  ent[s/d/p/e] 1.58/1.90/0.72/0.60  emits 1.50  spf 25.3  z0 0.02  garr 31.3  tG 350  e2 0.34  nF 25.3  pS 0.33  ptS 0.33  fLog 0.40  pdΔ -0.1703  pkR 10.37  clip 0.00  kl +0.000
upd    6  steps  229376  sps 3121  opp strn  loss -0.153  pg -0.0005  v 0.004  ev +0.91  adv_std 0.092  tR -0.25  ent[s/d/p/e] 1.69/1.91/0.77/0.59  emits 1.51  spf 32.4  z0 0.01  garr 41.1  tG 489  e2 0.34  nF 24.7  pS 0.37  ptS 0.37  fLog 0.43  pdΔ -0.1275  pkR 8.14  clip 0.00  kl +0.000
upd    7  steps  262144  sps 3478  opp buf  loss -0.165  pg -0.0003  v 0.005  ev +0.94  adv_std 0.103  tR +0.14  ent[s/d/p/e] 1.92/2.11/0.76/0.59  emits 1.53  spf 30.9  z0 0.05  garr 41.0  tG 698  e2 0.37  nF 25.5  pS 0.41  ptS 0.40  fLog 0.45  pdΔ -0.0933  pkR 17.05  clip 0.00  kl +0.000
upd    8  steps  294912  sps 3817  opp frzn  loss -0.161  pg -0.0007  v 0.003  ev +0.96  adv_std 0.080  tR +0.06  ent[s/d/p/e] 1.80/2.12/0.70/0.57  emits 1.42  spf 32.2  z0 0.04  garr 44.4  tG 939  e2 0.30  nF 25.7  pS 0.36  ptS 0.36  fLog 0.43  pdΔ -0.1411  pkR 14.12  clip 0.00  kl +0.000
upd    9  steps  327680  sps 4140  opp strn  loss -0.163  pg -0.0009  v 0.003  ev +0.95  adv_std 0.083  tR -0.06  ent[s/d/p/e] 1.81/2.09/0.79/0.57  emits 1.41  spf 37.7  z0 0.01  garr 48.7  tG 740  e2 0.30  nF 24.2  pS 0.40  ptS 0.40  fLog 0.45  pdΔ -0.0978  pkR 16.14  clip 0.01  kl +0.001
upd   10  steps  360448  sps 4448  opp strn  loss -0.151  pg -0.0003  v 0.005  ev +0.88  adv_std 0.104  tR -0.16  ent[s/d/p/e] 1.61/1.99/0.77/0.57  emits 1.35  spf 30.8  z0 0.01  garr 39.1  tG 454  e2 0.27  nF 23.7  pS 0.35  ptS 0.35  fLog 0.42  pdΔ -0.1514  pkR 13.53  clip 0.00  kl +0.001
upd   11  steps  393216  sps 4742  opp frzn  loss -0.152  pg -0.0003  v 0.005  ev +0.90  adv_std 0.100  tR -0.16  ent[s/d/p/e] 1.63/1.97/0.79/0.56  emits 1.33  spf 31.0  z0 0.01  garr 38.1  tG 439  e2 0.26  nF 23.0  pS 0.35  ptS 0.35  fLog 0.42  pdΔ -0.1502  pkR 10.14  clip 0.00  kl +0.001
upd   12  steps  425984  sps 5024  opp buf  loss -0.165  pg -0.0001  v 0.005  ev +0.95  adv_std 0.102  tR +0.12  ent[s/d/p/e] 1.91/2.18/0.76/0.55  emits 1.38  spf 34.2  z0 0.05  garr 45.0  tG 805  e2 0.29  nF 22.6  pS 0.41  ptS 0.40  fLog 0.46  pdΔ -0.0895  pkR 19.72  clip 0.01  kl +0.001
upd   13  steps  458752  sps 5293  opp frzn  loss -0.155  pg -0.0000  v 0.004  ev +0.96  adv_std 0.086  tR +0.14  ent[s/d/p/e] 1.69/2.12/0.71/0.54  emits 1.30  spf 31.4  z0 0.03  garr 41.1  tG 837  e2 0.24  nF 24.0  pS 0.34  ptS 0.34  fLog 0.42  pdΔ -0.1625  pkR 15.88  clip 0.00  kl +0.001
upd   14  steps  491520  sps 5550  opp frzn  loss -0.159  pg -0.0005  v 0.003  ev +0.94  adv_std 0.084  tR -0.21  ent[s/d/p/e] 1.75/2.07/0.80/0.55  emits 1.32  spf 32.8  z0 0.02  garr 38.8  tG 510  e2 0.26  nF 22.8  pS 0.36  ptS 0.37  fLog 0.44  pdΔ -0.1381  pkR 20.02  clip 0.00  kl +0.001
upd   15  steps  524288  sps 5335  opp rand  loss -0.145  pg +0.0002  v 0.006  ev +0.93  adv_std 0.107  tR +0.09  ent[s/d/p/e] 1.51/1.97/0.73/0.53  emits 1.24  spf 26.9  z0 0.03  garr 31.4  tG 364  e2 0.21  nF 21.3  pS 0.33  ptS 0.32  fLog 0.42  pdΔ -0.1719  pkR 13.35  clip 0.00  kl +0.001
upd   16  steps  557056  sps 5561  opp strn  loss -0.157  pg -0.0000  v 0.003  ev +0.95  adv_std 0.083  tR +0.15  ent[s/d/p/e] 1.70/2.05/0.82/0.53  emits 1.29  spf 34.5  z0 0.02  garr 42.0  tG 520  e2 0.23  nF 21.1  pS 0.38  ptS 0.38  fLog 0.44  pdΔ -0.1182  pkR 13.33  clip 0.01  kl +0.001
upd   17  steps  589824  sps 5780  opp frzn  loss -0.153  pg +0.0001  v 0.005  ev +0.91  adv_std 0.102  tR -0.17  ent[s/d/p/e] 1.65/2.02/0.80/0.52  emits 1.27  spf 36.2  z0 0.01  garr 42.7  tG 518  e2 0.22  nF 20.5  pS 0.36  ptS 0.37  fLog 0.45  pdΔ -0.1356  pkR 11.02  clip 0.00  kl +0.001
upd   18  steps  622592  sps 5990  opp buf  loss -0.162  pg -0.0003  v 0.004  ev +0.96  adv_std 0.095  tR +0.10  ent[s/d/p/e] 1.84/2.14/0.77/0.52  emits 1.27  spf 34.8  z0 0.07  garr 41.2  tG 685  e2 0.24  nF 22.0  pS 0.37  ptS 0.37  fLog 0.45  pdΔ -0.1259  pkR 18.60  clip 0.00  kl +0.001
upd   19  steps  655360  sps 6193  opp strn  loss -0.161  pg -0.0004  v 0.003  ev +0.96  adv_std 0.084  tR +0.16  ent[s/d/p/e] 1.81/2.17/0.75/0.52  emits 1.28  spf 36.2  z0 0.03  garr 45.9  tG 965  e2 0.22  nF 22.0  pS 0.36  ptS 0.36  fLog 0.44  pdΔ -0.1411  pkR 13.91  clip 0.01  kl +0.001
upd   20  steps  688128  sps 6390  opp strn  loss -0.162  pg -0.0003  v 0.004  ev +0.94  adv_std 0.088  tR +0.06  ent[s/d/p/e] 1.81/2.13/0.83/0.51  emits 1.25  spf 38.4  z0 0.02  garr 45.2  tG 635  e2 0.22  nF 19.6  pS 0.40  ptS 0.39  fLog 0.46  pdΔ -0.1049  pkR 22.91  clip 0.00  kl +0.001
upd   21  steps  720896  sps 6579  opp strn  loss -0.152  pg +0.0000  v 0.005  ev +0.91  adv_std 0.102  tR -0.10  ent[s/d/p/e] 1.64/2.04/0.81/0.51  emits 1.24  spf 33.4  z0 0.01  garr 38.9  tG 447  e2 0.20  nF 20.0  pS 0.35  ptS 0.35  fLog 0.44  pdΔ -0.1470  pkR 8.15  clip 0.01  kl +0.001
upd   22  steps  753664  sps 6762  opp strn  loss -0.157  pg -0.0002  v 0.005  ev +0.90  adv_std 0.099  tR -0.10  ent[s/d/p/e] 1.72/2.07/0.84/0.51  emits 1.26  spf 35.4  z0 0.00  garr 41.4  tG 454  e2 0.21  nF 19.9  pS 0.37  ptS 0.37  fLog 0.46  pdΔ -0.1279  pkR 7.18  clip 0.01  kl +0.002
upd   23  steps  786432  sps 6939  opp strn  loss -0.155  pg +0.0001  v 0.005  ev +0.90  adv_std 0.098  tR -0.31  ent[s/d/p/e] 1.68/2.04/0.84/0.51  emits 1.24  spf 36.9  z0 0.01  garr 44.1  tG 501  e2 0.20  nF 18.8  pS 0.37  ptS 0.37  fLog 0.46  pdΔ -0.1335  pkR 10.51  clip 0.01  kl +0.002
upd   24  steps  819200  sps 7110  opp strn  loss -0.155  pg +0.0000  v 0.006  ev +0.88  adv_std 0.111  tR -0.17  ent[s/d/p/e] 1.69/2.08/0.82/0.50  emits 1.24  spf 36.5  z0 0.01  garr 43.0  tG 506  e2 0.20  nF 19.5  pS 0.37  ptS 0.37  fLog 0.46  pdΔ -0.1303  pkR 11.93  clip 0.02  kl +0.002
upd   25  steps  851968  sps 7294  opp rand  loss -0.158  pg +0.0004  v 0.004  ev +0.94  adv_std 0.097  tR +0.14  ent[s/d/p/e] 1.73/2.15/0.80/0.52  emits 1.24  spf 35.3  z0 0.02  garr 42.3  tG 547  e2 0.21  nF 19.0  pS 0.40  ptS 0.39  fLog 0.46  pdΔ -0.1017  pkR 10.30  clip 0.01  kl +0.001
upd   26  steps  884736  sps 7454  opp buf  loss -0.163  pg -0.0003  v 0.005  ev +0.96  adv_std 0.096  tR +0.23  ent[s/d/p/e] 1.82/2.21/0.78/0.50  emits 1.22  spf 36.6  z0 0.06  garr 43.4  tG 711  e2 0.21  nF 20.7  pS 0.40  ptS 0.39  fLog 0.45  pdΔ -0.1039  pkR 14.99  clip 0.01  kl +0.002
upd   27  steps  917504  sps 7609  opp buf  loss -0.181  pg -0.0001  v 0.004  ev +0.97  adv_std 0.087  tR +0.07  ent[s/d/p/e] 2.19/2.44/0.76/0.52  emits 1.27  spf 45.7  z0 0.10  garr 56.6  tG 1317  e2 0.24  nF 21.5  pS 0.44  ptS 0.43  fLog 0.49  pdΔ -0.0625  pkR 9.83  clip 0.02  kl +0.002
upd   28  steps  950272  sps 7779  opp rand  loss -0.162  pg +0.0005  v 0.003  ev +0.97  adv_std 0.079  tR +0.11  ent[s/d/p/e] 1.86/2.26/0.72/0.48  emits 1.18  spf 41.7  z0 0.07  garr 49.6  tG 1154  e2 0.18  nF 20.5  pS 0.37  ptS 0.37  fLog 0.46  pdΔ -0.1312  pkR 12.46  clip 0.02  kl +0.002
upd   29  steps  983040  sps 7925  opp buf  loss -0.170  pg +0.0002  v 0.003  ev +0.97  adv_std 0.082  tR +0.21  ent[s/d/p/e] 1.97/2.25/0.82/0.51  emits 1.24  spf 36.5  z0 0.08  garr 42.3  tG 770  e2 0.22  nF 20.4  pS 0.41  ptS 0.39  fLog 0.47  pdΔ -0.0935  pkR 13.99  clip 0.01  kl +0.002
upd   30  steps 1015808  sps 8067  opp strn  loss -0.157  pg +0.0003  v 0.004  ev +0.94  adv_std 0.092  tR +0.06  ent[s/d/p/e] 1.74/2.18/0.74/0.48  emits 1.21  spf 34.9  z0 0.04  garr 42.2  tG 841  e2 0.18  nF 20.1  pS 0.35  ptS 0.35  fLog 0.44  pdΔ -0.1496  pkR 15.81  clip 0.01  kl +0.002
upd   31  steps 1048576  sps 8204  opp frzn  loss -0.158  pg +0.0001  v 0.003  ev +0.94  adv_std 0.082  tR -0.02  ent[s/d/p/e] 1.71/2.11/0.84/0.50  emits 1.22  spf 35.2  z0 0.01  garr 42.2  tG 503  e2 0.18  nF 19.3  pS 0.37  ptS 0.37  fLog 0.45  pdΔ -0.1327  pkR 16.87  clip 0.02  kl +0.002
upd   32  steps 1081344  sps 8337  opp frzn  loss -0.153  pg -0.0003  v 0.006  ev +0.88  adv_std 0.116  tR -0.18  ent[s/d/p/e] 1.63/2.09/0.80/0.50  emits 1.23  spf 32.3  z0 0.00  garr 39.0  tG 438  e2 0.19  nF 19.5  pS 0.36  ptS 0.35  fLog 0.44  pdΔ -0.1396  pkR 8.27  clip 0.02  kl +0.003
upd   33  steps 1114112  sps 8467  opp strn  loss -0.163  pg +0.0001  v 0.005  ev +0.90  adv_std 0.097  tR -0.08  ent[s/d/p/e] 1.81/2.13/0.88/0.50  emits 1.23  spf 40.4  z0 0.01  garr 49.1  tG 563  e2 0.20  nF 18.6  pS 0.40  ptS 0.40  fLog 0.48  pdΔ -0.0957  pkR 7.27  clip 0.02  kl +0.002
upd   34  steps 1146880  sps 8612  opp rand  loss -0.146  pg +0.0000  v 0.006  ev +0.92  adv_std 0.114  tR +0.29  ent[s/d/p/e] 1.55/2.04/0.76/0.47  emits 1.19  spf 29.8  z0 0.03  garr 34.7  tG 399  e2 0.17  nF 19.5  pS 0.33  ptS 0.33  fLog 0.43  pdΔ -0.1746  pkR 10.76  clip 0.01  kl +0.002
upd   35  steps 1179648  sps 8735  opp frzn  loss -0.151  pg +0.0001  v 0.004  ev +0.94  adv_std 0.090  tR +0.08  ent[s/d/p/e] 1.58/2.05/0.82/0.48  emits 1.21  spf 30.0  z0 0.02  garr 35.3  tG 386  e2 0.18  nF 20.4  pS 0.33  ptS 0.33  fLog 0.43  pdΔ -0.1683  pkR 13.70  clip 0.00  kl +0.001
upd   36  steps 1212416  sps 8854  opp strn  loss -0.154  pg +0.0006  v 0.005  ev +0.92  adv_std 0.098  tR -0.22  ent[s/d/p/e] 1.65/2.09/0.82/0.49  emits 1.21  spf 34.8  z0 0.01  garr 39.4  tG 460  e2 0.18  nF 20.0  pS 0.36  ptS 0.36  fLog 0.44  pdΔ -0.1402  pkR 11.71  clip 0.02  kl +0.002
upd   37  steps 1245184  sps 8970  opp frzn  loss -0.157  pg +0.0003  v 0.005  ev +0.92  adv_std 0.096  tR +0.00  ent[s/d/p/e] 1.70/2.12/0.83/0.50  emits 1.22  spf 37.8  z0 0.01  garr 42.9  tG 524  e2 0.19  nF 19.4  pS 0.38  ptS 0.38  fLog 0.46  pdΔ -0.1244  pkR 9.05  clip 0.01  kl +0.002
upd   38  steps 1277952  sps 9082  opp buf  loss -0.164  pg +0.0006  v 0.006  ev +0.95  adv_std 0.107  tR +0.09  ent[s/d/p/e] 1.86/2.24/0.80/0.52  emits 1.25  spf 36.9  z0 0.06  garr 41.3  tG 687  e2 0.22  nF 20.2  pS 0.37  ptS 0.37  fLog 0.46  pdΔ -0.1310  pkR 17.88  clip 0.02  kl +0.002
upd   39  steps 1310720  sps 9192  opp frzn  loss -0.163  pg +0.0004  v 0.004  ev +0.95  adv_std 0.091  tR +0.11  ent[s/d/p/e] 1.81/2.29/0.77/0.50  emits 1.23  spf 38.8  z0 0.04  garr 46.2  tG 967  e2 0.19  nF 20.9  pS 0.35  ptS 0.35  fLog 0.45  pdΔ -0.1509  pkR 19.28  clip 0.02  kl +0.002
upd   40  steps 1343488  sps 9299  opp buf  loss -0.174  pg +0.0007  v 0.003  ev +0.97  adv_std 0.082  tR -0.04  ent[s/d/p/e] 2.04/2.31/0.86/0.51  emits 1.25  spf 42.6  z0 0.07  garr 46.6  tG 882  e2 0.22  nF 20.7  pS 0.41  ptS 0.40  fLog 0.48  pdΔ -0.0891  pkR 19.08  clip 0.02  kl +0.002
upd   41  steps 1376256  sps 9403  opp frzn  loss -0.161  pg +0.0009  v 0.005  ev +0.95  adv_std 0.096  tR +0.29  ent[s/d/p/e] 1.80/2.29/0.74/0.49  emits 1.23  spf 38.5  z0 0.04  garr 44.6  tG 965  e2 0.18  nF 21.6  pS 0.36  ptS 0.36  fLog 0.45  pdΔ -0.1442  pkR 14.35  clip 0.02  kl +0.003
upd   42  steps 1409024  sps 9504  opp strn  loss -0.161  pg +0.0008  v 0.003  ev +0.95  adv_std 0.079  tR -0.27  ent[s/d/p/e] 1.79/2.11/0.88/0.50  emits 1.22  spf 37.2  z0 0.02  garr 42.3  tG 540  e2 0.20  nF 19.3  pS 0.38  ptS 0.38  fLog 0.46  pdΔ -0.1212  pkR 18.39  clip 0.02  kl +0.002
upd   43  steps 1441792  sps 9603  opp strn  loss -0.149  pg +0.0005  v 0.006  ev +0.90  adv_std 0.109  tR -0.30  ent[s/d/p/e] 1.57/2.04/0.82/0.50  emits 1.22  spf 30.8  z0 0.01  garr 33.5  tG 364  e2 0.18  nF 19.1  pS 0.34  ptS 0.33  fLog 0.43  pdΔ -0.1643  pkR 12.90  clip 0.02  kl +0.002
upd   44  steps 1474560  sps 9719  opp rand  loss -0.154  pg +0.0009  v 0.005  ev +0.94  adv_std 0.103  tR +0.21  ent[s/d/p/e] 1.66/2.11/0.80/0.51  emits 1.22  spf 31.8  z0 0.03  garr 33.2  tG 410  e2 0.19  nF 18.7  pS 0.37  ptS 0.36  fLog 0.45  pdΔ -0.1308  pkR 12.69  clip 0.02  kl +0.003
upd   45  steps 1507328  sps 9813  opp frzn  loss -0.149  pg +0.0000  v 0.004  ev +0.93  adv_std 0.092  tR +0.24  ent[s/d/p/e] 1.54/2.00/0.83/0.50  emits 1.22  spf 28.4  z0 0.01  garr 31.4  tG 332  e2 0.19  nF 20.2  pS 0.32  ptS 0.32  fLog 0.43  pdΔ -0.1791  pkR 10.99  clip 0.02  kl +0.003
upd   46  steps 1540096  sps 9905  opp buf  loss -0.170  pg +0.0006  v 0.004  ev +0.96  adv_std 0.094  tR -0.04  ent[s/d/p/e] 1.94/2.27/0.86/0.51  emits 1.25  spf 39.7  z0 0.07  garr 41.8  tG 691  e2 0.22  nF 19.1  pS 0.40  ptS 0.39  fLog 0.48  pdΔ -0.1041  pkR 15.62  clip 0.02  kl +0.002
upd   47  steps 1572864  sps 10014  opp rand  loss -0.166  pg +0.0012  v 0.004  ev +0.96  adv_std 0.088  tR +0.23  ent[s/d/p/e] 1.88/2.33/0.76/0.49  emits 1.23  spf 44.0  z0 0.05  garr 48.5  tG 1093  e2 0.20  nF 20.7  pS 0.38  ptS 0.38  fLog 0.47  pdΔ -0.1150  pkR 15.99  clip 0.02  kl +0.002
upd   48  steps 1605632  sps 10101  opp frzn  loss -0.159  pg +0.0006  v 0.003  ev +0.95  adv_std 0.079  tR +0.18  ent[s/d/p/e] 1.72/2.12/0.85/0.50  emits 1.24  spf 35.9  z0 0.01  garr 39.6  tG 556  e2 0.20  nF 20.0  pS 0.37  ptS 0.37  fLog 0.46  pdΔ -0.1338  pkR 18.18  clip 0.02  kl +0.002
upd   49  steps 1638400  sps 10206  opp rand  loss -0.147  pg +0.0009  v 0.005  ev +0.94  adv_std 0.104  tR +0.32  ent[s/d/p/e] 1.58/2.03/0.79/0.47  emits 1.19  spf 30.2  z0 0.02  garr 32.4  tG 372  e2 0.17  nF 18.3  pS 0.34  ptS 0.33  fLog 0.44  pdΔ -0.1625  pkR 15.80  clip 0.02  kl +0.002 WRr 0.84 WRf 0.59
[ckpt] saved ./ckpt_multi_action_v11_f41/ckpt_000049.pkl
upd   50  steps 1671168  sps 9193  opp buf  loss -0.168  pg +0.0010  v 0.004  ev +0.97  adv_std 0.085  tR +0.24  ent[s/d/p/e] 1.96/2.23/0.85/0.50  emits 1.24  spf 38.8  z0 0.06  garr 43.4  tG 773  e2 0.21  nF 20.8  pS 0.42  ptS 0.41  fLog 0.47  pdΔ -0.0844  pkR 15.95  clip 0.02  kl +0.003
upd   51  steps 1703936  sps 9277  opp frzn  loss -0.155  pg +0.0002  v 0.004  ev +0.96  adv_std 0.086  tR +0.10  ent[s/d/p/e] 1.70/2.15/0.77/0.47  emits 1.20  spf 35.4  z0 0.04  garr 40.8  tG 793  e2 0.18  nF 20.4  pS 0.34  ptS 0.34  fLog 0.44  pdΔ -0.1591  pkR 16.38  clip 0.01  kl +0.002
upd   52  steps 1736704  sps 9360  opp strn  loss -0.162  pg +0.0013  v 0.003  ev +0.95  adv_std 0.083  tR -0.02  ent[s/d/p/e] 1.78/2.17/0.84/0.52  emits 1.24  spf 37.0  z0 0.02  garr 40.7  tG 517  e2 0.20  nF 20.2  pS 0.38  ptS 0.38  fLog 0.47  pdΔ -0.1198  pkR 17.53  clip 0.02  kl +0.003
upd   53  steps 1769472  sps 9442  opp strn  loss -0.155  pg +0.0003  v 0.006  ev +0.89  adv_std 0.110  tR -0.09  ent[s/d/p/e] 1.67/2.07/0.83/0.52  emits 1.26  spf 34.2  z0 0.01  garr 37.4  tG 405  e2 0.21  nF 19.4  pS 0.36  ptS 0.36  fLog 0.46  pdΔ -0.1376  pkR 8.28  clip 0.03  kl +0.004
upd   54  steps 1802240  sps 9536  opp rand  loss -0.159  pg +0.0002  v 0.005  ev +0.94  adv_std 0.101  tR +0.13  ent[s/d/p/e] 1.75/2.09/0.83/0.53  emits 1.29  spf 33.9  z0 0.02  garr 35.7  tG 432  e2 0.23  nF 19.6  pS 0.39  ptS 0.38  fLog 0.46  pdΔ -0.1143  pkR 10.25  clip 0.03  kl +0.002
upd   55  steps 1835008  sps 9613  opp buf  loss -0.170  pg +0.0004  v 0.004  ev +0.96  adv_std 0.088  tR +0.32  ent[s/d/p/e] 1.95/2.28/0.83/0.51  emits 1.27  spf 38.6  z0 0.06  garr 41.7  tG 765  e2 0.23  nF 21.1  pS 0.40  ptS 0.40  fLog 0.47  pdΔ -0.0951  pkR 14.05  clip 0.03  kl +0.003
upd   56  steps 1867776  sps 9689  opp strn  loss -0.164  pg +0.0008  v 0.003  ev +0.96  adv_std 0.081  tR +0.06  ent[s/d/p/e] 1.82/2.25/0.79/0.51  emits 1.25  spf 37.8  z0 0.03  garr 41.9  tG 851  e2 0.20  nF 21.7  pS 0.36  ptS 0.36  fLog 0.45  pdΔ -0.1415  pkR 15.34  clip 0.02  kl +0.002
upd   57  steps 1900544  sps 9764  opp strn  loss -0.164  pg +0.0010  v 0.004  ev +0.93  adv_std 0.093  tR +0.12  ent[s/d/p/e] 1.82/2.17/0.87/0.54  emits 1.29  spf 38.8  z0 0.01  garr 40.6  tG 549  e2 0.23  nF 20.2  pS 0.38  ptS 0.39  fLog 0.47  pdΔ -0.1156  pkR 19.51  clip 0.02  kl +0.003
upd   58  steps 1933312  sps 9837  opp frzn  loss -0.152  pg +0.0004  v 0.005  ev +0.89  adv_std 0.106  tR -0.15  ent[s/d/p/e] 1.62/2.01/0.85/0.52  emits 1.29  spf 32.0  z0 0.01  garr 33.8  tG 361  e2 0.22  nF 20.0  pS 0.34  ptS 0.34  fLog 0.45  pdΔ -0.1564  pkR 7.57  clip 0.03  kl +0.003
upd   59  steps 1966080  sps 9910  opp strn  loss -0.159  pg +0.0006  v 0.004  ev +0.92  adv_std 0.090  tR -0.41  ent[s/d/p/e] 1.78/2.08/0.87/0.50  emits 1.25  spf 35.7  z0 0.01  garr 38.8  tG 457  e2 0.21  nF 19.4  pS 0.39  ptS 0.40  fLog 0.47  pdΔ -0.1106  pkR 7.41  clip 0.02  kl +0.003
upd   60  steps 1998848  sps 9980  opp strn  loss -0.152  pg +0.0010  v 0.005  ev +0.89  adv_std 0.107  tR -0.30  ent[s/d/p/e] 1.62/2.06/0.80/0.53  emits 1.27  spf 31.9  z0 0.01  garr 34.5  tG 374  e2 0.21  nF 20.7  pS 0.34  ptS 0.34  fLog 0.44  pdΔ -0.1603  pkR 8.11  clip 0.03  kl +0.003
upd   61  steps 2031616  sps 10050  opp buf  loss -0.165  pg +0.0003  v 0.005  ev +0.95  adv_std 0.098  tR -0.01  ent[s/d/p/e] 1.83/2.20/0.84/0.53  emits 1.29  spf 34.4  z0 0.07  garr 34.5  tG 499  e2 0.24  nF 20.6  pS 0.36  ptS 0.35  fLog 0.46  pdΔ -0.1400  pkR 16.41  clip 0.03  kl +0.003
upd   62  steps 2064384  sps 10118  opp strn  loss -0.155  pg +0.0006  v 0.003  ev +0.96  adv_std 0.084  tR +0.05  ent[s/d/p/e] 1.62/2.19/0.77/0.50  emits 1.22  spf 33.1  z0 0.04  garr 35.7  tG 731  e2 0.19  nF 22.1  pS 0.31  ptS 0.31  fLog 0.43  pdΔ -0.1887  pkR 16.03  clip 0.03  kl +0.003
upd   63  steps 2097152  sps 10185  opp strn  loss -0.162  pg +0.0014  v 0.004  ev +0.94  adv_std 0.087  tR -0.32  ent[s/d/p/e] 1.75/2.13/0.89/0.55  emits 1.32  spf 33.2  z0 0.02  garr 34.4  tG 441  e2 0.24  nF 21.1  pS 0.37  ptS 0.36  fLog 0.46  pdΔ -0.1342  pkR 21.17  clip 0.03  kl +0.004
upd   64  steps 2129920  sps 10265  opp rand  loss -0.150  pg +0.0003  v 0.006  ev +0.91  adv_std 0.113  tR +0.25  ent[s/d/p/e] 1.55/2.05/0.80/0.53  emits 1.29  spf 26.2  z0 0.01  garr 26.6  tG 280  e2 0.22  nF 20.4  pS 0.33  ptS 0.32  fLog 0.42  pdΔ -0.1728  pkR 14.46  clip 0.02  kl +0.002
upd   65  steps 2162688  sps 10330  opp frzn  loss -0.157  pg +0.0002  v 0.004  ev +0.95  adv_std 0.087  tR +0.21  ent[s/d/p/e] 1.69/2.08/0.85/0.53  emits 1.27  spf 32.9  z0 0.01  garr 34.1  tG 401  e2 0.21  nF 20.2  pS 0.37  ptS 0.37  fLog 0.45  pdΔ -0.1336  pkR 8.62  clip 0.03  kl +0.003
upd   66  steps 2195456  sps 10408  opp rand  loss -0.149  pg +0.0008  v 0.005  ev +0.94  adv_std 0.098  tR +0.13  ent[s/d/p/e] 1.56/2.04/0.79/0.53  emits 1.27  spf 28.1  z0 0.02  garr 29.0  tG 334  e2 0.21  nF 21.0  pS 0.33  ptS 0.32  fLog 0.43  pdΔ -0.1690  pkR 13.25  clip 0.02  kl +0.003
upd   67  steps 2228224  sps 10470  opp buf  loss -0.170  pg +0.0008  v 0.003  ev +0.96  adv_std 0.085  tR +0.15  ent[s/d/p/e] 1.93/2.24/0.88/0.53  emits 1.29  spf 34.4  z0 0.05  garr 37.0  tG 603  e2 0.24  nF 21.8  pS 0.40  ptS 0.39  fLog 0.46  pdΔ -0.1036  pkR 18.40  clip 0.03  kl +0.003
upd   68  steps 2260992  sps 10531  opp buf  loss -0.189  pg +0.0010  v 0.004  ev +0.97  adv_std 0.090  tR +0.14  ent[s/d/p/e] 2.26/2.59/0.84/0.53  emits 1.25  spf 53.2  z0 0.12  garr 56.0  tG 1390  e2 0.24  nF 21.6  pS 0.45  ptS 0.44  fLog 0.51  pdΔ -0.0476  pkR 9.58  clip 0.04  kl +0.004
upd   69  steps 2293760  sps 10606  opp rand  loss -0.161  pg +0.0001  v 0.003  ev +0.97  adv_std 0.080  tR +0.17  ent[s/d/p/e] 1.77/2.28/0.73/0.49  emits 1.20  spf 39.7  z0 0.07  garr 43.3  tG 1057  e2 0.19  nF 21.6  pS 0.36  ptS 0.36  fLog 0.44  pdΔ -0.1431  pkR 13.47  clip 0.04  kl +0.004
upd   70  steps 2326528  sps 10665  opp buf  loss -0.176  pg +0.0005  v 0.003  ev +0.97  adv_std 0.075  tR +0.11  ent[s/d/p/e] 2.02/2.34/0.88/0.53  emits 1.27  spf 40.2  z0 0.08  garr 40.9  tG 821  e2 0.24  nF 21.4  pS 0.41  ptS 0.40  fLog 0.48  pdΔ -0.0927  pkR 17.73  clip 0.03  kl +0.003
upd   71  steps 2359296  sps 10723  opp frzn  loss -0.164  pg +0.0006  v 0.003  ev +0.96  adv_std 0.079  tR +0.20  ent[s/d/p/e] 1.80/2.30/0.78/0.49  emits 1.25  spf 39.3  z0 0.03  garr 41.2  tG 893  e2 0.20  nF 21.9  pS 0.34  ptS 0.35  fLog 0.45  pdΔ -0.1554  pkR 14.14  clip 0.03  kl +0.004
upd   72  steps 2392064  sps 10779  opp buf  loss -0.171  pg +0.0008  v 0.003  ev +0.96  adv_std 0.084  tR -0.01  ent[s/d/p/e] 1.93/2.33/0.84/0.51  emits 1.21  spf 38.1  z0 0.07  garr 38.8  tG 749  e2 0.21  nF 20.8  pS 0.38  ptS 0.37  fLog 0.47  pdΔ -0.1230  pkR 18.09  clip 0.02  kl +0.003
upd   73  steps 2424832  sps 10835  opp buf  loss -0.184  pg +0.0003  v 0.003  ev +0.97  adv_std 0.079  tR -0.01  ent[s/d/p/e] 2.15/2.50/0.86/0.51  emits 1.23  spf 50.9  z0 0.10  garr 53.4  tG 1235  e2 0.22  nF 21.2  pS 0.42  ptS 0.41  fLog 0.50  pdΔ -0.0817  pkR 12.11  clip 0.04  kl +0.004
upd   74  steps 2457600  sps 10890  opp buf  loss -0.184  pg +0.0011  v 0.002  ev +0.98  adv_std 0.070  tR +0.12  ent[s/d/p/e] 2.14/2.55/0.83/0.51  emits 1.22  spf 51.8  z0 0.10  garr 54.4  tG 1323  e2 0.22  nF 22.1  pS 0.42  ptS 0.41  fLog 0.49  pdΔ -0.0835  pkR 10.07  clip 0.04  kl +0.004
upd   75  steps 2490368  sps 10944  opp buf  loss -0.187  pg +0.0001  v 0.003  ev +0.97  adv_std 0.074  tR -0.01  ent[s/d/p/e] 2.19/2.58/0.83/0.50  emits 1.22  spf 53.0  z0 0.09  garr 56.4  tG 1436  e2 0.21  nF 22.0  pS 0.44  ptS 0.43  fLog 0.50  pdΔ -0.0641  pkR 10.55  clip 0.03  kl +0.003
upd   76  steps 2523136  sps 10998  opp frzn  loss -0.171  pg +0.0004  v 0.003  ev +0.96  adv_std 0.079  tR +0.33  ent[s/d/p/e] 1.94/2.39/0.78/0.49  emits 1.26  spf 47.2  z0 0.03  garr 52.4  tG 1236  e2 0.20  nF 21.5  pS 0.39  ptS 0.39  fLog 0.47  pdΔ -0.1070  pkR 14.12  clip 0.03  kl +0.003
upd   77  steps 2555904  sps 11050  opp frzn  loss -0.161  pg +0.0008  v 0.004  ev +0.94  adv_std 0.088  tR -0.06  ent[s/d/p/e] 1.80/2.16/0.84/0.48  emits 1.24  spf 41.0  z0 0.01  garr 44.6  tG 684  e2 0.19  nF 20.2  pS 0.39  ptS 0.39  fLog 0.47  pdΔ -0.1074  pkR 17.19  clip 0.01  kl +0.002
upd   78  steps 2588672  sps 11116  opp rand  loss -0.144  pg -0.0001  v 0.006  ev +0.92  adv_std 0.115  tR +0.15  ent[s/d/p/e] 1.49/2.04/0.73/0.48  emits 1.21  spf 28.5  z0 0.02  garr 30.3  tG 349  e2 0.18  nF 19.7  pS 0.32  ptS 0.31  fLog 0.42  pdΔ -0.1828  pkR 12.86  clip 0.02  kl +0.002
upd   79  steps 2621440  sps 11181  opp rand  loss -0.154  pg +0.0009  v 0.004  ev +0.94  adv_std 0.092  tR +0.19  ent[s/d/p/e] 1.66/2.07/0.80/0.52  emits 1.25  spf 32.0  z0 0.03  garr 33.2  tG 398  e2 0.21  nF 18.9  pS 0.35  ptS 0.35  fLog 0.44  pdΔ -0.1487  pkR 12.40  clip 0.03  kl +0.003
upd   80  steps 2654208  sps 11231  opp strn  loss -0.153  pg +0.0002  v 0.004  ev +0.94  adv_std 0.090  tR -0.09  ent[s/d/p/e] 1.62/2.02/0.85/0.51  emits 1.27  spf 29.2  z0 0.01  garr 31.5  tG 346  e2 0.21  nF 19.9  pS 0.34  ptS 0.34  fLog 0.44  pdΔ -0.1595  pkR 10.77  clip 0.02  kl +0.003
upd   81  steps 2686976  sps 11280  opp frzn  loss -0.160  pg +0.0008  v 0.004  ev +0.92  adv_std 0.091  tR -0.41  ent[s/d/p/e] 1.74/2.09/0.89/0.53  emits 1.29  spf 32.9  z0 0.01  garr 35.1  tG 372  e2 0.23  nF 19.1  pS 0.36  ptS 0.37  fLog 0.46  pdΔ -0.1387  pkR 8.13  clip 0.02  kl +0.003
upd   82  steps 2719744  sps 11328  opp strn  loss -0.155  pg +0.0005  v 0.005  ev +0.90  adv_std 0.103  tR -0.19  ent[s/d/p/e] 1.65/2.06/0.85/0.53  emits 1.30  spf 32.6  z0 0.01  garr 34.0  tG 374  e2 0.23  nF 19.7  pS 0.35  ptS 0.35  fLog 0.45  pdΔ -0.1471  pkR 9.87  clip 0.03  kl +0.003
upd   83  steps 2752512  sps 11376  opp frzn  loss -0.164  pg +0.0005  v 0.004  ev +0.92  adv_std 0.091  tR -0.19  ent[s/d/p/e] 1.78/2.16/0.89/0.55  emits 1.34  spf 35.4  z0 0.01  garr 36.8  tG 420  e2 0.25  nF 20.8  pS 0.38  ptS 0.39  fLog 0.46  pdΔ -0.1167  pkR 8.65  clip 0.03  kl +0.004
upd   84  steps 2785280  sps 11422  opp buf  loss -0.178  pg +0.0007  v 0.005  ev +0.95  adv_std 0.102  tR -0.18  ent[s/d/p/e] 2.01/2.42/0.87/0.56  emits 1.28  spf 36.4  z0 0.08  garr 34.9  tG 573  e2 0.25  nF 21.4  pS 0.39  ptS 0.38  fLog 0.47  pdΔ -0.1116  pkR 13.88  clip 0.03  kl +0.003
upd   85  steps 2818048  sps 11469  opp strn  loss -0.169  pg +0.0007  v 0.003  ev +0.96  adv_std 0.080  tR +0.18  ent[s/d/p/e] 1.87/2.32/0.81/0.53  emits 1.31  spf 38.5  z0 0.04  garr 38.7  tG 812  e2 0.23  nF 22.2  pS 0.35  ptS 0.35  fLog 0.46  pdΔ -0.1541  pkR 14.54  clip 0.03  kl +0.003
upd   86  steps 2850816  sps 11514  opp buf  loss -0.179  pg +0.0004  v 0.003  ev +0.97  adv_std 0.081  tR +0.02  ent[s/d/p/e] 2.04/2.39/0.89/0.54  emits 1.31  spf 40.8  z0 0.06  garr 40.4  tG 790  e2 0.25  nF 21.6  pS 0.40  ptS 0.40  fLog 0.48  pdΔ -0.0974  pkR 17.70  clip 0.02  kl +0.002
upd   87  steps 2883584  sps 11559  opp buf  loss -0.188  pg +0.0011  v 0.003  ev +0.97  adv_std 0.084  tR +0.08  ent[s/d/p/e] 2.20/2.59/0.85/0.53  emits 1.27  spf 51.5  z0 0.11  garr 53.9  tG 1383  e2 0.24  nF 22.3  pS 0.43  ptS 0.42  fLog 0.50  pdΔ -0.0729  pkR 22.14  clip 0.02  kl +0.002
upd   88  steps 2916352  sps 11603  opp strn  loss -0.169  pg -0.0002  v 0.002  ev +0.97  adv_std 0.072  tR +0.27  ent[s/d/p/e] 1.88/2.27/0.84/0.50  emits 1.30  spf 37.9  z0 0.03  garr 41.2  tG 878  e2 0.22  nF 22.5  pS 0.36  ptS 0.37  fLog 0.45  pdΔ -0.1357  pkR 14.38  clip 0.03  kl +0.003
upd   89  steps 2949120  sps 11660  opp rand  loss -0.150  pg +0.0006  v 0.004  ev +0.95  adv_std 0.092  tR +0.21  ent[s/d/p/e] 1.59/2.05/0.77/0.52  emits 1.29  spf 25.9  z0 0.02  garr 26.2  tG 339  e2 0.21  nF 21.9  pS 0.31  ptS 0.31  fLog 0.42  pdΔ -0.1863  pkR 19.80  clip 0.03  kl +0.003
upd   90  steps 2981888  sps 11702  opp frzn  loss -0.152  pg -0.0002  v 0.004  ev +0.95  adv_std 0.086  tR -0.06  ent[s/d/p/e] 1.59/2.02/0.83/0.52  emits 1.28  spf 26.2  z0 0.02  garr 26.7  tG 298  e2 0.21  nF 21.8  pS 0.32  ptS 0.32  fLog 0.42  pdΔ -0.1792  pkR 17.76  clip 0.02  kl +0.003
upd   91  steps 3014656  sps 11744  opp buf  loss -0.176  pg +0.0005  v 0.004  ev +0.97  adv_std 0.087  tR +0.02  ent[s/d/p/e] 1.99/2.31/0.91/0.55  emits 1.32  spf 35.8  z0 0.07  garr 34.0  tG 578  e2 0.26  nF 21.5  pS 0.40  ptS 0.40  fLog 0.47  pdΔ -0.0973  pkR 12.89  clip 0.02  kl +0.003
upd   92  steps 3047424  sps 11786  opp buf  loss -0.185  pg +0.0012  v 0.004  ev +0.97  adv_std 0.088  tR +0.01  ent[s/d/p/e] 2.15/2.53/0.87/0.53  emits 1.26  spf 46.4  z0 0.12  garr 45.5  tG 1136  e2 0.23  nF 22.1  pS 0.40  ptS 0.39  fLog 0.49  pdΔ -0.1015  pkR 11.21  clip 0.03  kl +0.003
upd   93  steps 3080192  sps 11827  opp buf  loss -0.193  pg +0.0002  v 0.002  ev +0.98  adv_std 0.069  tR +0.01  ent[s/d/p/e] 2.26/2.61/0.91/0.51  emits 1.26  spf 50.0  z0 0.13  garr 52.6  tG 1333  e2 0.24  nF 21.8  pS 0.43  ptS 0.42  fLog 0.50  pdΔ -0.0725  pkR 11.01  clip 0.04  kl +0.003
upd   94  steps 3112960  sps 11867  opp strn  loss -0.174  pg +0.0003  v 0.002  ev +0.97  adv_std 0.070  tR +0.14  ent[s/d/p/e] 1.94/2.33/0.87/0.53  emits 1.30  spf 38.9  z0 0.06  garr 41.6  tG 922  e2 0.24  nF 22.4  pS 0.35  ptS 0.36  fLog 0.46  pdΔ -0.1462  pkR 16.60  clip 0.03  kl +0.004
upd   95  steps 3145728  sps 11906  opp frzn  loss -0.163  pg +0.0001  v 0.003  ev +0.95  adv_std 0.080  tR -0.29  ent[s/d/p/e] 1.80/2.11/0.88/0.53  emits 1.35  spf 35.6  z0 0.01  garr 38.3  tG 531  e2 0.25  nF 21.3  pS 0.36  ptS 0.37  fLog 0.46  pdΔ -0.1401  pkR 16.58  clip 0.02  kl +0.003
upd   96  steps 3178496  sps 11946  opp frzn  loss -0.155  pg +0.0002  v 0.005  ev +0.90  adv_std 0.100  tR -0.37  ent[s/d/p/e] 1.65/2.01/0.86/0.54  emits 1.34  spf 28.2  z0 0.01  garr 30.1  tG 317  e2 0.24  nF 21.5  pS 0.34  ptS 0.34  fLog 0.44  pdΔ -0.1601  pkR 10.04  clip 0.03  kl +0.004
upd   97  steps 3211264  sps 11984  opp strn  loss -0.161  pg +0.0007  v 0.004  ev +0.93  adv_std 0.090  tR -0.09  ent[s/d/p/e] 1.78/2.08/0.89/0.53  emits 1.34  spf 30.2  z0 0.01  garr 33.9  tG 376  e2 0.24  nF 21.0  pS 0.38  ptS 0.38  fLog 0.46  pdΔ -0.1181  pkR 7.40  clip 0.02  kl +0.003
upd   98  steps 3244032  sps 12036  opp rand  loss -0.160  pg +0.0007  v 0.004  ev +0.94  adv_std 0.096  tR +0.32  ent[s/d/p/e] 1.73/2.12/0.84/0.55  emits 1.37  spf 29.0  z0 0.01  garr 30.9  tG 357  e2 0.25  nF 20.5  pS 0.37  ptS 0.37  fLog 0.45  pdΔ -0.1271  pkR 10.10  clip 0.02  kl +0.004
upd   99  steps 3276800  sps 12073  opp buf  loss -0.175  pg +0.0008  v 0.003  ev +0.96  adv_std 0.084  tR +0.10  ent[s/d/p/e] 1.94/2.35/0.90/0.54  emits 1.33  spf 34.4  z0 0.07  garr 35.3  tG 620  e2 0.25  nF 22.2  pS 0.40  ptS 0.39  fLog 0.47  pdΔ -0.1046  pkR 13.66  clip 0.03  kl +0.003 WRr 0.59 WRf 0.41
[ckpt] saved ./ckpt_multi_action_v11_f41/ckpt_000099.pkl
upd  100  steps 3309568  sps 11566  opp frzn  loss -0.168  pg +0.0005  v 0.003  ev +0.96  adv_std 0.077  tR +0.16  ent[s/d/p/e] 1.81/2.31/0.85/0.52  emits 1.31  spf 36.9  z0 0.04  garr 38.8  tG 759  e2 0.22  nF 22.6  pS 0.35  ptS 0.35  fLog 0.46  pdΔ -0.1520  pkR 16.28  clip 0.03  kl +0.004
upd  101  steps 3342336  sps 11605  opp strn  loss -0.164  pg +0.0001  v 0.003  ev +0.95  adv_std 0.076  tR -0.22  ent[s/d/p/e] 1.79/2.14/0.89/0.52  emits 1.33  spf 35.8  z0 0.01  garr 38.0  tG 506  e2 0.24  nF 21.1  pS 0.37  ptS 0.37  fLog 0.46  pdΔ -0.1312  pkR 17.31  clip 0.02  kl +0.002
upd  102  steps 3375104  sps 11643  opp strn  loss -0.152  pg +0.0006  v 0.005  ev +0.91  adv_std 0.104  tR -0.39  ent[s/d/p/e] 1.58/2.07/0.85/0.51  emits 1.30  spf 27.1  z0 0.00  garr 28.8  tG 303  e2 0.21  nF 21.1  pS 0.33  ptS 0.33  fLog 0.43  pdΔ -0.1691  pkR 8.32  clip 0.02  kl +0.003
upd  103  steps 3407872  sps 11680  opp buf  loss -0.169  pg +0.0009  v 0.004  ev +0.95  adv_std 0.092  tR +0.01  ent[s/d/p/e] 1.89/2.25/0.87/0.54  emits 1.33  spf 33.7  z0 0.07  garr 32.9  tG 517  e2 0.25  nF 21.8  pS 0.37  ptS 0.36  fLog 0.46  pdΔ -0.1267  pkR 21.57  clip 0.03  kl +0.003
upd  104  steps 3440640  sps 11717  opp buf  loss -0.181  pg +0.0003  v 0.003  ev +0.97  adv_std 0.082  tR -0.04  ent[s/d/p/e] 2.04/2.52/0.85/0.52  emits 1.25  spf 41.7  z0 0.13  garr 40.9  tG 958  e2 0.22  nF 22.3  pS 0.37  ptS 0.36  fLog 0.47  pdΔ -0.1302  pkR 12.98  clip 0.03  kl +0.003
upd  105  steps 3473408  sps 11754  opp buf  loss -0.187  pg +0.0005  v 0.003  ev +0.97  adv_std 0.077  tR -0.09  ent[s/d/p/e] 2.14/2.56/0.87/0.53  emits 1.27  spf 44.3  z0 0.14  garr 42.6  tG 1042  e2 0.24  nF 22.0  pS 0.39  ptS 0.38  fLog 0.49  pdΔ -0.1149  pkR 14.71  clip 0.02  kl +0.002
upd  106  steps 3506176  sps 11801  opp rand  loss -0.171  pg +0.0009  v 0.003  ev +0.97  adv_std 0.081  tR +0.23  ent[s/d/p/e] 1.91/2.39/0.80/0.53  emits 1.34  spf 40.7  z0 0.07  garr 41.7  tG 1007  e2 0.24  nF 22.8  pS 0.38  ptS 0.38  fLog 0.46  pdΔ -0.1227  pkR 11.00  clip 0.02  kl +0.003
upd  107  steps 3538944  sps 11837  opp buf  loss -0.176  pg +0.0009  v 0.003  ev +0.97  adv_std 0.073  tR +0.11  ent[s/d/p/e] 1.96/2.35/0.90/0.54  emits 1.34  spf 39.1  z0 0.08  garr 39.2  tG 778  e2 0.26  nF 21.8  pS 0.39  ptS 0.38  fLog 0.47  pdΔ -0.1128  pkR 27.42  clip 0.02  kl +0.002
upd  108  steps 3571712  sps 11872  opp buf  loss -0.185  pg +0.0007  v 0.003  ev +0.97  adv_std 0.080  tR -0.05  ent[s/d/p/e] 2.12/2.54/0.88/0.52  emits 1.23  spf 46.7  z0 0.14  garr 42.7  tG 1022  e2 0.22  nF 21.8  pS 0.38  ptS 0.37  fLog 0.49  pdΔ -0.1222  pkR 16.28  clip 0.03  kl +0.003
upd  109  steps 3604480  sps 11906  opp strn  loss -0.163  pg +0.0006  v 0.002  ev +0.97  adv_std 0.070  tR +0.06  ent[s/d/p/e] 1.73/2.28/0.79/0.51  emits 1.28  spf 33.9  z0 0.05  garr 33.6  tG 682  e2 0.21  nF 22.9  pS 0.31  ptS 0.32  fLog 0.44  pdΔ -0.1899  pkR 19.05  clip 0.03  kl +0.004
upd  110  steps 3637248  sps 11940  opp frzn  loss -0.163  pg +0.0003  v 0.004  ev +0.95  adv_std 0.088  tR -0.17  ent[s/d/p/e] 1.78/2.14/0.88/0.53  emits 1.35  spf 35.8  z0 0.02  garr 37.6  tG 503  e2 0.24  nF 20.0  pS 0.37  ptS 0.37  fLog 0.47  pdΔ -0.1344  pkR 24.56  clip 0.03  kl +0.004
upd  111  steps 3670016  sps 11974  opp frzn  loss -0.153  pg +0.0002  v 0.004  ev +0.94  adv_std 0.088  tR -0.05  ent[s/d/p/e] 1.57/2.09/0.82/0.52  emits 1.31  spf 27.6  z0 0.01  garr 29.4  tG 304  e2 0.22  nF 20.3  pS 0.32  ptS 0.32  fLog 0.43  pdΔ -0.1796  pkR 9.64  clip 0.01  kl +0.002
upd  112  steps 3702784  sps 12007  opp buf  loss -0.177  pg +0.0010  v 0.004  ev +0.97  adv_std 0.086  tR +0.02  ent[s/d/p/e] 2.00/2.35/0.90/0.55  emits 1.36  spf 36.6  z0 0.07  garr 36.3  tG 617  e2 0.26  nF 22.2  pS 0.40  ptS 0.39  fLog 0.47  pdΔ -0.0996  pkR 17.93  clip 0.03  kl +0.004
upd  113  steps 3735552  sps 12040  opp buf  loss -0.196  pg +0.0008  v 0.003  ev +0.98  adv_std 0.075  tR -0.05  ent[s/d/p/e] 2.32/2.66/0.90/0.54  emits 1.32  spf 49.5  z0 0.13  garr 48.5  tG 1210  e2 0.26  nF 23.1  pS 0.44  ptS 0.43  fLog 0.51  pdΔ -0.0635  pkR 12.72  clip 0.03  kl +0.002
upd  114  steps 3768320  sps 12072  opp buf  loss -0.191  pg +0.0008  v 0.002  ev +0.98  adv_std 0.069  tR +0.14  ent[s/d/p/e] 2.24/2.62/0.88/0.51  emits 1.25  spf 52.1  z0 0.13  garr 51.4  tG 1399  e2 0.23  nF 22.2  pS 0.42  ptS 0.41  fLog 0.50  pdΔ -0.0796  pkR 9.58  clip 0.03  kl +0.002
upd  115  steps 3801088  sps 12105  opp buf  loss -0.192  pg +0.0000  v 0.002  ev +0.98  adv_std 0.069  tR +0.12  ent[s/d/p/e] 2.23/2.60/0.89/0.53  emits 1.29  spf 50.6  z0 0.12  garr 51.3  tG 1329  e2 0.24  nF 22.6  pS 0.44  ptS 0.43  fLog 0.50  pdΔ -0.0647  pkR 10.75  clip 0.04  kl +0.004
upd  116  steps 3833856  sps 12148  opp rand  loss -0.165  pg +0.0015  v 0.003  ev +0.97  adv_std 0.075  tR +0.15  ent[s/d/p/e] 1.80/2.33/0.79/0.51  emits 1.28  spf 40.6  z0 0.08  garr 39.3  tG 1007  e2 0.21  nF 22.4  pS 0.34  ptS 0.34  fLog 0.45  pdΔ -0.1586  pkR 15.17  clip 0.03  kl +0.003
upd  117  steps 3866624  sps 12191  opp rand  loss -0.154  pg +0.0000  v 0.003  ev +0.96  adv_std 0.081  tR +0.22  ent[s/d/p/e] 1.59/2.09/0.80/0.53  emits 1.32  spf 25.7  z0 0.04  garr 25.7  tG 382  e2 0.23  nF 22.9  pS 0.32  ptS 0.31  fLog 0.42  pdΔ -0.1820  pkR 36.85  clip 0.03  kl +0.003
upd  118  steps 3899392  sps 12222  opp buf  loss -0.172  pg +0.0001  v 0.004  ev +0.96  adv_std 0.090  tR +0.08  ent[s/d/p/e] 1.87/2.33/0.88/0.54  emits 1.34  spf 32.2  z0 0.08  garr 29.6  tG 526  e2 0.25  nF 22.8  pS 0.36  ptS 0.35  fLog 0.45  pdΔ -0.1434  pkR 24.18  clip 0.03  kl +0.003
upd  119  steps 3932160  sps 12253  opp buf  loss -0.182  pg +0.0006  v 0.003  ev +0.97  adv_std 0.077  tR -0.02  ent[s/d/p/e] 2.05/2.50/0.88/0.54  emits 1.28  spf 41.5  z0 0.11  garr 39.2  tG 934  e2 0.23  nF 23.3  pS 0.37  ptS 0.37  fLog 0.47  pdΔ -0.1260  pkR 13.97  clip 0.03  kl +0.003
upd  120  steps 3964928  sps 12283  opp buf  loss -0.187  pg +0.0004  v 0.003  ev +0.97  adv_std 0.078  tR -0.03  ent[s/d/p/e] 2.14/2.53/0.91/0.53  emits 1.24  spf 44.8  z0 0.15  garr 42.5  tG 1045  e2 0.23  nF 22.1  pS 0.39  ptS 0.38  fLog 0.49  pdΔ -0.1130  pkR 12.83  clip 0.03  kl +0.004
upd  121  steps 3997696  sps 12313  opp strn  loss -0.161  pg +0.0006  v 0.003  ev +0.96  adv_std 0.078  tR -0.01  ent[s/d/p/e] 1.66/2.25/0.84/0.50  emits 1.23  spf 29.9  z0 0.07  garr 30.1  tG 585  e2 0.19  nF 21.9  pS 0.29  ptS 0.30  fLog 0.42  pdΔ -0.2073  pkR 17.46  clip 0.03  kl +0.002
upd  122  steps 4030464  sps 12342  opp strn  loss -0.162  pg +0.0002  v 0.004  ev +0.94  adv_std 0.087  tR -0.22  ent[s/d/p/e] 1.71/2.18/0.89/0.52  emits 1.28  spf 34.3  z0 0.02  garr 35.4  tG 475  e2 0.21  nF 21.0  pS 0.35  ptS 0.35  fLog 0.45  pdΔ -0.1481  pkR 28.89  clip 0.02  kl +0.002
upd  123  steps 4063232  sps 12383  opp rand  loss -0.149  pg +0.0009  v 0.005  ev +0.94  adv_std 0.106  tR +0.02  ent[s/d/p/e] 1.52/2.05/0.82/0.53  emits 1.33  spf 25.2  z0 0.02  garr 24.9  tG 276  e2 0.22  nF 21.7  pS 0.31  ptS 0.31  fLog 0.42  pdΔ -0.1869  pkR 15.98  clip 0.02  kl +0.003
upd  124  steps 4096000  sps 12412  opp buf  loss -0.176  pg +0.0005  v 0.003  ev +0.97  adv_std 0.083  tR +0.06  ent[s/d/p/e] 1.96/2.29/0.95/0.55  emits 1.36  spf 36.4  z0 0.07  garr 36.8  tG 625  e2 0.26  nF 22.0  pS 0.40  ptS 0.39  fLog 0.47  pdΔ -0.1033  pkR 17.97  clip 0.02  kl +0.002
upd  125  steps 4128768  sps 12440  opp frzn  loss -0.159  pg +0.0003  v 0.004  ev +0.95  adv_std 0.089  tR +0.02  ent[s/d/p/e] 1.66/2.18/0.85/0.51  emits 1.28  spf 30.7  z0 0.04  garr 31.3  tG 607  e2 0.21  nF 21.5  pS 0.31  ptS 0.32  fLog 0.44  pdΔ -0.1899  pkR 19.65  clip 0.01  kl +0.002
upd  126  steps 4161536  sps 12469  opp strn  loss -0.169  pg +0.0005  v 0.003  ev +0.94  adv_std 0.080  tR -0.22  ent[s/d/p/e] 1.83/2.17/0.98/0.54  emits 1.31  spf 36.0  z0 0.02  garr 37.3  tG 457  e2 0.23  nF 19.2  pS 0.38  ptS 0.39  fLog 0.48  pdΔ -0.1157  pkR 16.97  clip 0.03  kl +0.005
upd  127  steps 4194304  sps 12497  opp buf  loss -0.163  pg +0.0011  v 0.005  ev +0.94  adv_std 0.103  tR -0.10  ent[s/d/p/e] 1.76/2.23/0.86/0.52  emits 1.27  spf 34.3  z0 0.07  garr 34.2  tG 638  e2 0.22  nF 21.1  pS 0.34  ptS 0.33  fLog 0.45  pdΔ -0.1613  pkR 18.52  clip 0.03  kl +0.003
upd  128  steps 4227072  sps 12524  opp strn  loss -0.165  pg -0.0008  v 0.003  ev +0.97  adv_std 0.074  tR +0.01  ent[s/d/p/e] 1.76/2.19/0.87/0.51  emits 1.30  spf 33.2  z0 0.04  garr 33.5  tG 639  e2 0.22  nF 21.8  pS 0.33  ptS 0.34  fLog 0.45  pdΔ -0.1686  pkR 20.81  clip 0.03  kl +0.003
upd  129  steps 4259840  sps 12551  opp buf  loss -0.172  pg +0.0002  v 0.003  ev +0.97  adv_std 0.075  tR -0.17  ent[s/d/p/e] 1.87/2.29/0.90/0.54  emits 1.31  spf 35.4  z0 0.08  garr 33.6  tG 595  e2 0.25  nF 21.0  pS 0.37  ptS 0.36  fLog 0.47  pdΔ -0.1350  pkR 25.16  clip 0.02  kl +0.003
upd  130  steps 4292608  sps 12578  opp buf  loss -0.183  pg +0.0015  v 0.003  ev +0.97  adv_std 0.080  tR +0.09  ent[s/d/p/e] 2.09/2.51/0.89/0.54  emits 1.27  spf 42.2  z0 0.11  garr 41.5  tG 938  e2 0.23  nF 21.5  pS 0.40  ptS 0.39  fLog 0.49  pdΔ -0.1034  pkR 16.08  clip 0.03  kl +0.003
upd  131  steps 4325376  sps 12605  opp strn  loss -0.171  pg +0.0002  v 0.002  ev +0.98  adv_std 0.067  tR +0.16  ent[s/d/p/e] 1.87/2.34/0.84/0.52  emits 1.26  spf 41.4  z0 0.07  garr 39.6  tG 915  e2 0.21  nF 21.8  pS 0.35  ptS 0.35  fLog 0.46  pdΔ -0.1510  pkR 15.41  clip 0.03  kl +0.002
upd  132  steps 4358144  sps 12631  opp strn  loss -0.155  pg +0.0001  v 0.003  ev +0.95  adv_std 0.076  tR +0.03  ent[s/d/p/e] 1.65/2.03/0.88/0.50  emits 1.29  spf 31.1  z0 0.01  garr 31.3  tG 443  e2 0.21  nF 21.0  pS 0.33  ptS 0.33  fLog 0.45  pdΔ -0.1721  pkR 27.14  clip 0.02  kl +0.003
upd  133  steps 4390912  sps 12657  opp buf  loss -0.173  pg +0.0003  v 0.005  ev +0.95  adv_std 0.103  tR -0.06  ent[s/d/p/e] 1.94/2.32/0.89/0.53  emits 1.28  spf 40.0  z0 0.08  garr 37.8  tG 679  e2 0.23  nF 21.2  pS 0.38  ptS 0.37  fLog 0.47  pdΔ -0.1176  pkR 15.88  clip 0.02  kl +0.003
upd  134  steps 4423680  sps 12694  opp rand  loss -0.159  pg +0.0007  v 0.003  ev +0.96  adv_std 0.084  tR +0.06  ent[s/d/p/e] 1.71/2.24/0.75/0.52  emits 1.26  spf 38.7  z0 0.06  garr 38.9  tG 924  e2 0.20  nF 22.8  pS 0.32  ptS 0.32  fLog 0.44  pdΔ -0.1774  pkR 18.16  clip 0.02  kl +0.002
upd  135  steps 4456448  sps 12720  opp strn  loss -0.155  pg +0.0009  v 0.003  ev +0.95  adv_std 0.075  tR -0.24  ent[s/d/p/e] 1.66/1.98/0.87/0.54  emits 1.37  spf 26.6  z0 0.02  garr 26.1  tG 300  e2 0.26  nF 21.7  pS 0.32  ptS 0.33  fLog 0.44  pdΔ -0.1782  pkR 29.82  clip 0.01  kl +0.002
upd  136  steps 4489216  sps 12745  opp frzn  loss -0.158  pg +0.0000  v 0.004  ev +0.93  adv_std 0.091  tR -0.38  ent[s/d/p/e] 1.72/2.02/0.87/0.55  emits 1.38  spf 31.7  z0 0.01  garr 31.2  tG 346  e2 0.26  nF 20.2  pS 0.37  ptS 0.37  fLog 0.46  pdΔ -0.1337  pkR 10.23  clip 0.03  kl +0.003
upd  137  steps 4521984  sps 12770  opp frzn  loss -0.157  pg +0.0006  v 0.004  ev +0.93  adv_std 0.090  tR -0.28  ent[s/d/p/e] 1.69/2.04/0.85/0.54  emits 1.39  spf 31.4  z0 0.01  garr 31.1  tG 357  e2 0.26  nF 20.4  pS 0.36  ptS 0.36  fLog 0.45  pdΔ -0.1417  pkR 11.81  clip 0.03  kl +0.003
upd  138  steps 4554752  sps 12806  opp rand  loss -0.156  pg +0.0004  v 0.005  ev +0.95  adv_std 0.098  tR +0.20  ent[s/d/p/e] 1.65/2.10/0.81/0.56  emits 1.39  spf 28.6  z0 0.03  garr 27.6  tG 335  e2 0.26  nF 21.3  pS 0.36  ptS 0.35  fLog 0.44  pdΔ -0.1449  pkR 16.56  clip 0.03  kl +0.003
upd  139  steps 4587520  sps 12830  opp strn  loss -0.150  pg -0.0006  v 0.003  ev +0.95  adv_std 0.083  tR +0.17  ent[s/d/p/e] 1.52/1.96/0.83/0.54  emits 1.37  spf 24.6  z0 0.02  garr 23.4  tG 245  e2 0.25  nF 22.1  pS 0.31  ptS 0.30  fLog 0.42  pdΔ -0.1943  pkR 13.22  clip 0.02  kl +0.003
upd  140  steps 4620288  sps 12854  opp buf  loss -0.176  pg +0.0004  v 0.004  ev +0.96  adv_std 0.088  tR -0.06  ent[s/d/p/e] 1.98/2.33/0.89/0.55  emits 1.37  spf 39.7  z0 0.08  garr 35.4  tG 654  e2 0.27  nF 21.5  pS 0.39  ptS 0.38  fLog 0.48  pdΔ -0.1100  pkR 22.34  clip 0.02  kl +0.003
upd  141  steps 4653056  sps 12878  opp frzn  loss -0.168  pg +0.0004  v 0.003  ev +0.96  adv_std 0.077  tR +0.29  ent[s/d/p/e] 1.80/2.30/0.82/0.55  emits 1.42  spf 34.9  z0 0.03  garr 35.5  tG 807  e2 0.26  nF 23.9  pS 0.34  ptS 0.35  fLog 0.45  pdΔ -0.1590  pkR 17.43  clip 0.03  kl +0.003
upd  142  steps 4685824  sps 12912  opp rand  loss -0.162  pg +0.0003  v 0.003  ev +0.97  adv_std 0.079  tR +0.15  ent[s/d/p/e] 1.73/2.17/0.81/0.56  emits 1.41  spf 30.4  z0 0.02  garr 28.7  tG 404  e2 0.26  nF 21.3  pS 0.35  ptS 0.35  fLog 0.45  pdΔ -0.1473  pkR 24.02  clip 0.02  kl +0.002
upd  143  steps 4718592  sps 12936  opp frzn  loss -0.154  pg +0.0004  v 0.004  ev +0.94  adv_std 0.088  tR +0.08  ent[s/d/p/e] 1.57/2.05/0.84/0.56  emits 1.38  spf 28.3  z0 0.01  garr 27.3  tG 292  e2 0.25  nF 21.1  pS 0.32  ptS 0.32  fLog 0.44  pdΔ -0.1789  pkR 10.70  clip 0.02  kl +0.003
upd  144  steps 4751360  sps 12959  opp buf  loss -0.176  pg +0.0009  v 0.004  ev +0.96  adv_std 0.092  tR +0.03  ent[s/d/p/e] 1.98/2.35/0.89/0.56  emits 1.33  spf 38.5  z0 0.07  garr 35.4  tG 581  e2 0.25  nF 20.9  pS 0.40  ptS 0.39  fLog 0.48  pdΔ -0.1013  pkR 28.49  clip 0.02  kl +0.004
upd  145  steps 4784128  sps 12982  opp buf  loss -0.185  pg +0.0004  v 0.003  ev +0.97  adv_std 0.079  tR +0.13  ent[s/d/p/e] 2.14/2.52/0.85/0.54  emits 1.31  spf 50.1  z0 0.11  garr 51.8  tG 1336  e2 0.25  nF 22.7  pS 0.43  ptS 0.42  fLog 0.50  pdΔ -0.0740  pkR 14.46  clip 0.02  kl +0.003
upd  146  steps 4816896  sps 13004  opp buf  loss -0.191  pg +0.0006  v 0.003  ev +0.98  adv_std 0.072  tR +0.13  ent[s/d/p/e] 2.22/2.57/0.89/0.55  emits 1.33  spf 49.2  z0 0.13  garr 48.6  tG 1180  e2 0.26  nF 22.8  pS 0.44  ptS 0.42  fLog 0.50  pdΔ -0.0641  pkR 12.25  clip 0.03  kl +0.003
upd  147  steps 4849664  sps 13027  opp buf  loss -0.189  pg +0.0008  v 0.002  ev +0.98  adv_std 0.065  tR +0.05  ent[s/d/p/e] 2.19/2.56/0.87/0.54  emits 1.31  spf 47.6  z0 0.12  garr 46.8  tG 1193  e2 0.25  nF 22.4  pS 0.41  ptS 0.40  fLog 0.50  pdΔ -0.0896  pkR 10.64  clip 0.03  kl +0.003
upd  148  steps 4882432  sps 13060  opp rand  loss -0.161  pg +0.0001  v 0.003  ev +0.97  adv_std 0.076  tR +0.08  ent[s/d/p/e] 1.76/2.21/0.78/0.51  emits 1.29  spf 38.1  z0 0.08  garr 37.9  tG 939  e2 0.22  nF 21.7  pS 0.34  ptS 0.34  fLog 0.45  pdΔ -0.1631  pkR 13.12  clip 0.03  kl +0.002
upd  149  steps 4915200  sps 13092  opp rand  loss -0.155  pg -0.0004  v 0.003  ev +0.96  adv_std 0.079  tR +0.31  ent[s/d/p/e] 1.62/2.04/0.84/0.54  emits 1.36  spf 26.2  z0 0.03  garr 26.1  tG 365  e2 0.24  nF 22.0  pS 0.33  ptS 0.33  fLog 0.44  pdΔ -0.1663  pkR 30.33  clip 0.02  kl +0.003 WRr 0.88 WRf 0.59
[ckpt] saved ./ckpt_multi_action_v11_f41/ckpt_000149.pkl
upd  150  steps 4947968  sps 12662  opp frzn  loss -0.155  pg +0.0003  v 0.004  ev +0.95  adv_std 0.089  tR +0.15  ent[s/d/p/e] 1.60/2.06/0.85/0.54  emits 1.35  spf 28.1  z0 0.02  garr 28.1  tG 311  e2 0.24  nF 20.6  pS 0.34  ptS 0.34  fLog 0.44  pdΔ -0.1630  pkR 13.40  clip 0.02  kl +0.003
upd  151  steps 4980736  sps 12685  opp buf  loss -0.174  pg -0.0000  v 0.004  ev +0.96  adv_std 0.089  tR -0.03  ent[s/d/p/e] 1.92/2.32/0.89/0.55  emits 1.33  spf 35.9  z0 0.07  garr 35.7  tG 577  e2 0.25  nF 21.5  pS 0.39  ptS 0.38  fLog 0.47  pdΔ -0.1125  pkR 17.90  clip 0.02  kl +0.003
upd  152  steps 5013504  sps 12718  opp rand  loss -0.156  pg +0.0002  v 0.004  ev +0.96  adv_std 0.087  tR +0.07  ent[s/d/p/e] 1.63/2.18/0.77/0.51  emits 1.25  spf 29.9  z0 0.07  garr 31.8  tG 632  e2 0.20  nF 21.6  pS 0.32  ptS 0.32  fLog 0.43  pdΔ -0.1826  pkR 23.90  clip 0.04  kl +0.004
upd  153  steps 5046272  sps 12740  opp frzn  loss -0.154  pg +0.0005  v 0.003  ev +0.96  adv_std 0.079  tR +0.23  ent[s/d/p/e] 1.61/2.06/0.84/0.52  emits 1.29  spf 30.7  z0 0.03  garr 32.3  tG 460  e2 0.21  nF 21.9  pS 0.34  ptS 0.34  fLog 0.44  pdΔ -0.1646  pkR 28.14  clip 0.03  kl +0.002
upd  154  steps 5079040  sps 12762  opp buf  loss -0.173  pg +0.0010  v 0.004  ev +0.96  adv_std 0.087  tR -0.05  ent[s/d/p/e] 1.94/2.27/0.90/0.54  emits 1.32  spf 35.4  z0 0.08  garr 35.6  tG 591  e2 0.24  nF 21.3  pS 0.38  ptS 0.38  fLog 0.47  pdΔ -0.1185  pkR 18.96  clip 0.03  kl +0.003
upd  155  steps 5111808  sps 12784  opp strn  loss -0.165  pg +0.0004  v 0.004  ev +0.96  adv_std 0.086  tR +0.24  ent[s/d/p/e] 1.80/2.23/0.84/0.51  emits 1.34  spf 36.0  z0 0.04  garr 39.2  tG 874  e2 0.22  nF 22.2  pS 0.36  ptS 0.36  fLog 0.45  pdΔ -0.1385  pkR 15.37  clip 0.03  kl +0.003
upd  156  steps 5144576  sps 12806  opp frzn  loss -0.157  pg -0.0000  v 0.003  ev +0.96  adv_std 0.077  tR +0.21  ent[s/d/p/e] 1.70/2.01/0.91/0.50  emits 1.30  spf 32.9  z0 0.01  garr 36.0  tG 494  e2 0.21  nF 20.4  pS 0.36  ptS 0.36  fLog 0.46  pdΔ -0.1408  pkR 28.56  clip 0.03  kl +0.004
upd  157  steps 5177344  sps 12837  opp rand  loss -0.145  pg +0.0005  v 0.005  ev +0.94  adv_std 0.105  tR +0.17  ent[s/d/p/e] 1.47/1.99/0.80/0.51  emits 1.26  spf 26.7  z0 0.03  garr 26.9  tG 316  e2 0.19  nF 19.9  pS 0.31  ptS 0.31  fLog 0.42  pdΔ -0.1919  pkR 16.63  clip 0.02  kl +0.003
upd  158  steps 5210112  sps 12859  opp buf  loss -0.165  pg +0.0006  v 0.004  ev +0.96  adv_std 0.088  tR +0.09  ent[s/d/p/e] 1.76/2.20/0.90/0.53  emits 1.27  spf 31.1  z0 0.07  garr 32.3  tG 488  e2 0.22  nF 20.2  pS 0.35  ptS 0.33  fLog 0.45  pdΔ -0.1530  pkR 24.40  clip 0.02  kl +0.002
upd  159  steps 5242880  sps 12890  opp rand  loss -0.163  pg +0.0006  v 0.004  ev +0.96  adv_std 0.086  tR +0.22  ent[s/d/p/e] 1.77/2.27/0.78/0.51  emits 1.25  spf 39.3  z0 0.05  garr 44.5  tG 1018  e2 0.20  nF 20.6  pS 0.37  ptS 0.36  fLog 0.46  pdΔ -0.1345  pkR 13.44  clip 0.01  kl +0.002
upd  160  steps 5275648  sps 12911  opp frzn  loss -0.154  pg +0.0004  v 0.003  ev +0.96  adv_std 0.079  tR +0.19  ent[s/d/p/e] 1.61/2.06/0.86/0.49  emits 1.27  spf 32.3  z0 0.02  garr 34.6  tG 496  e2 0.20  nF 20.2  pS 0.34  ptS 0.34  fLog 0.45  pdΔ -0.1603  pkR 24.22  clip 0.03  kl +0.003
upd  161  steps 5308416  sps 12931  opp frzn  loss -0.155  pg +0.0007  v 0.005  ev +0.93  adv_std 0.098  tR -0.13  ent[s/d/p/e] 1.66/2.07/0.88/0.49  emits 1.29  spf 36.5  z0 0.00  garr 41.1  tG 479  e2 0.20  nF 18.9  pS 0.37  ptS 0.37  fLog 0.47  pdΔ -0.1265  pkR 8.64  clip 0.03  kl +0.003
upd  162  steps 5341184  sps 12952  opp strn  loss -0.156  pg +0.0005  v 0.005  ev +0.92  adv_std 0.097  tR -0.09  ent[s/d/p/e] 1.66/2.06/0.90/0.50  emits 1.28  spf 34.3  z0 0.00  garr 37.2  tG 416  e2 0.20  nF 20.3  pS 0.37  ptS 0.37  fLog 0.46  pdΔ -0.1306  pkR 9.42  clip 0.04  kl +0.004
upd  163  steps 5373952  sps 12972  opp frzn  loss -0.157  pg +0.0008  v 0.005  ev +0.93  adv_std 0.096  tR -0.08  ent[s/d/p/e] 1.70/2.04/0.92/0.51  emits 1.30  spf 36.2  z0 0.01  garr 38.1  tG 448  e2 0.22  nF 18.2  pS 0.38  ptS 0.38  fLog 0.47  pdΔ -0.1197  pkR 8.29  clip 0.04  kl +0.004
upd  164  steps 5406720  sps 12992  opp frzn  loss -0.155  pg +0.0010  v 0.004  ev +0.93  adv_std 0.089  tR +0.07  ent[s/d/p/e] 1.67/2.00/0.93/0.49  emits 1.28  spf 36.7  z0 0.01  garr 39.5  tG 450  e2 0.20  nF 17.9  pS 0.37  ptS 0.37  fLog 0.47  pdΔ -0.1307  pkR 7.86  clip 0.03  kl +0.003
upd  165  steps 5439488  sps 13012  opp strn  loss -0.154  pg +0.0007  v 0.004  ev +0.93  adv_std 0.094  tR -0.19  ent[s/d/p/e] 1.63/2.03/0.90/0.50  emits 1.30  spf 36.3  z0 0.01  garr 37.1  tG 420  e2 0.21  nF 19.3  pS 0.36  ptS 0.36  fLog 0.46  pdΔ -0.1427  pkR 8.48  clip 0.02  kl +0.003
upd  166  steps 5472256  sps 13032  opp strn  loss -0.154  pg +0.0007  v 0.004  ev +0.95  adv_std 0.086  tR -0.19  ent[s/d/p/e] 1.62/2.04/0.88/0.50  emits 1.30  spf 31.1  z0 0.00  garr 31.9  tG 345  e2 0.21  nF 20.7  pS 0.34  ptS 0.35  fLog 0.45  pdΔ -0.1579  pkR 12.10  clip 0.02  kl +0.003
upd  167  steps 5505024  sps 13052  opp buf  loss -0.174  pg +0.0004  v 0.004  ev +0.95  adv_std 0.094  tR +0.01  ent[s/d/p/e] 1.92/2.31/0.91/0.54  emits 1.34  spf 35.6  z0 0.05  garr 34.0  tG 590  e2 0.25  nF 21.5  pS 0.39  ptS 0.38  fLog 0.47  pdΔ -0.1107  pkR 19.65  clip 0.02  kl +0.003
upd  168  steps 5537792  sps 13071  opp buf  loss -0.194  pg +0.0010  v 0.003  ev +0.97  adv_std 0.080  tR +0.22  ent[s/d/p/e] 2.30/2.62/0.91/0.55  emits 1.35  spf 54.1  z0 0.08  garr 56.1  tG 1432  e2 0.26  nF 21.9  pS 0.47  ptS 0.46  fLog 0.52  pdΔ -0.0326  pkR 15.25  clip 0.03  kl +0.003
upd  169  steps 5570560  sps 13090  opp frzn  loss -0.178  pg -0.0002  v 0.002  ev +0.97  adv_std 0.069  tR +0.33  ent[s/d/p/e] 1.98/2.40/0.86/0.54  emits 1.37  spf 43.2  z0 0.03  garr 46.5  tG 1102  e2 0.25  nF 22.6  pS 0.39  ptS 0.40  fLog 0.48  pdΔ -0.1052  pkR 11.91  clip 0.04  kl +0.004
upd  170  steps 5603328  sps 13110  opp buf  loss -0.176  pg +0.0010  v 0.003  ev +0.97  adv_std 0.085  tR +0.01  ent[s/d/p/e] 1.97/2.37/0.90/0.53  emits 1.26  spf 40.8  z0 0.10  garr 39.5  tG 749  e2 0.23  nF 20.6  pS 0.38  ptS 0.38  fLog 0.48  pdΔ -0.1184  pkR 17.73  clip 0.02  kl +0.002
upd  171  steps 5636096  sps 13129  opp strn  loss -0.162  pg +0.0009  v 0.003  ev +0.96  adv_std 0.077  tR +0.01  ent[s/d/p/e] 1.74/2.21/0.84/0.51  emits 1.28  spf 33.7  z0 0.04  garr 35.7  tG 746  e2 0.21  nF 22.5  pS 0.32  ptS 0.33  fLog 0.44  pdΔ -0.1780  pkR 20.61  clip 0.03  kl +0.003
upd  172  steps 5668864  sps 13147  opp buf  loss -0.174  pg +0.0007  v 0.003  ev +0.97  adv_std 0.079  tR -0.04  ent[s/d/p/e] 1.95/2.32/0.91/0.53  emits 1.24  spf 39.8  z0 0.09  garr 37.9  tG 757  e2 0.22  nF 21.4  pS 0.38  ptS 0.38  fLog 0.47  pdΔ -0.1161  pkR 20.12  clip 0.02  kl +0.003
upd  173  steps 5701632  sps 13166  opp strn  loss -0.163  pg +0.0009  v 0.003  ev +0.96  adv_std 0.081  tR +0.24  ent[s/d/p/e] 1.73/2.24/0.83/0.55  emits 1.37  spf 32.1  z0 0.03  garr 31.9  tG 641  e2 0.24  nF 23.4  pS 0.32  ptS 0.33  fLog 0.44  pdΔ -0.1798  pkR 28.06  clip 0.02  kl +0.003
upd  174  steps 5734400  sps 13194  opp rand  loss -0.160  pg +0.0006  v 0.003  ev +0.97  adv_std 0.084  tR +0.08  ent[s/d/p/e] 1.73/2.11/0.85/0.54  emits 1.38  spf 31.9  z0 0.03  garr 31.0  tG 493  e2 0.24  nF 22.0  pS 0.35  ptS 0.35  fLog 0.45  pdΔ -0.1492  pkR 23.39  clip 0.02  kl +0.002
upd  175  steps 5767168  sps 13212  opp strn  loss -0.151  pg +0.0004  v 0.003  ev +0.94  adv_std 0.085  tR +0.10  ent[s/d/p/e] 1.53/1.95/0.88/0.55  emits 1.40  spf 26.5  z0 0.01  garr 25.4  tG 262  e2 0.25  nF 22.2  pS 0.31  ptS 0.31  fLog 0.43  pdΔ -0.1905  pkR 14.80  clip 0.02  kl +0.002
upd  176  steps 5799936  sps 13239  opp rand  loss -0.157  pg +0.0008  v 0.006  ev +0.93  adv_std 0.111  tR +0.07  ent[s/d/p/e] 1.71/2.05/0.86/0.55  emits 1.39  spf 29.2  z0 0.02  garr 27.2  tG 312  e2 0.25  nF 20.5  pS 0.36  ptS 0.36  fLog 0.45  pdΔ -0.1376  pkR 9.96  clip 0.01  kl +0.002
upd  177  steps 5832704  sps 13257  opp buf  loss -0.175  pg +0.0001  v 0.004  ev +0.96  adv_std 0.088  tR +0.29  ent[s/d/p/e] 1.93/2.29/0.90/0.57  emits 1.46  spf 34.6  z0 0.07  garr 34.8  tG 649  e2 0.30  nF 22.9  pS 0.40  ptS 0.39  fLog 0.47  pdΔ -0.1033  pkR 34.79  clip 0.02  kl +0.002
upd  178  steps 5865472  sps 13275  opp frzn  loss -0.166  pg -0.0001  v 0.003  ev +0.97  adv_std 0.073  tR +0.20  ent[s/d/p/e] 1.79/2.17/0.89/0.54  emits 1.37  spf 31.1  z0 0.03  garr 32.0  tG 571  e2 0.25  nF 23.7  pS 0.34  ptS 0.35  fLog 0.45  pdΔ -0.1579  pkR 20.39  clip 0.02  kl +0.003
upd  179  steps 5898240  sps 13293  opp frzn  loss -0.163  pg +0.0000  v 0.003  ev +0.96  adv_std 0.073  tR +0.06  ent[s/d/p/e] 1.75/2.09/0.92/0.55  emits 1.41  spf 31.0  z0 0.01  garr 31.3  tG 403  e2 0.27  nF 21.7  pS 0.36  ptS 0.37  fLog 0.46  pdΔ -0.1403  pkR 20.60  clip 0.03  kl +0.003
upd  180  steps 5931008  sps 13310  opp buf  loss -0.177  pg +0.0006  v 0.004  ev +0.96  adv_std 0.086  tR -0.07  ent[s/d/p/e] 1.97/2.34/0.93/0.57  emits 1.41  spf 36.2  z0 0.07  garr 34.3  tG 561  e2 0.28  nF 21.1  pS 0.38  ptS 0.37  fLog 0.48  pdΔ -0.1152  pkR 15.31  clip 0.02  kl +0.002
upd  181  steps 5963776  sps 13337  opp rand  loss -0.166  pg +0.0009  v 0.003  ev +0.97  adv_std 0.081  tR +0.10  ent[s/d/p/e] 1.80/2.28/0.80/0.56  emits 1.38  spf 36.0  z0 0.06  garr 36.0  tG 802  e2 0.25  nF 22.1  pS 0.34  ptS 0.34  fLog 0.46  pdΔ -0.1599  pkR 15.60  clip 0.02  kl +0.002
upd  182  steps 5996544  sps 13354  opp strn  loss -0.157  pg +0.0004  v 0.003  ev +0.96  adv_std 0.078  tR +0.33  ent[s/d/p/e] 1.64/2.06/0.88/0.54  emits 1.40  spf 29.3  z0 0.01  garr 29.4  tG 441  e2 0.25  nF 22.1  pS 0.33  ptS 0.33  fLog 0.44  pdΔ -0.1672  pkR 31.37  clip 0.02  kl +0.003
upd  183  steps 6029312  sps 13371  opp buf  loss -0.177  pg +0.0007  v 0.004  ev +0.95  adv_std 0.095  tR +0.01  ent[s/d/p/e] 1.98/2.32/0.93/0.57  emits 1.40  spf 34.6  z0 0.06  garr 34.1  tG 527  e2 0.28  nF 21.9  pS 0.40  ptS 0.39  fLog 0.48  pdΔ -0.0993  pkR 16.13  clip 0.02  kl +0.003
upd  184  steps 6062080  sps 13388  opp frzn  loss -0.164  pg +0.0002  v 0.003  ev +0.97  adv_std 0.073  tR +0.18  ent[s/d/p/e] 1.76/2.18/0.87/0.52  emits 1.36  spf 35.1  z0 0.03  garr 35.4  tG 753  e2 0.24  nF 22.3  pS 0.35  ptS 0.35  fLog 0.46  pdΔ -0.1529  pkR 17.07  clip 0.02  kl +0.002
upd  185  steps 6094848  sps 13405  opp strn  loss -0.161  pg +0.0007  v 0.003  ev +0.96  adv_std 0.076  tR -0.23  ent[s/d/p/e] 1.72/2.10/0.89/0.54  emits 1.36  spf 30.7  z0 0.01  garr 30.4  tG 374  e2 0.24  nF 21.3  pS 0.36  ptS 0.36  fLog 0.46  pdΔ -0.1450  pkR 23.64  clip 0.02  kl +0.003
upd  186  steps 6127616  sps 13421  opp strn  loss -0.157  pg +0.0004  v 0.005  ev +0.91  adv_std 0.097  tR -0.22  ent[s/d/p/e] 1.67/2.03/0.89/0.55  emits 1.40  spf 30.9  z0 0.00  garr 31.1  tG 337  e2 0.26  nF 19.6  pS 0.36  ptS 0.36  fLog 0.46  pdΔ -0.1424  pkR 9.02  clip 0.03  kl +0.003
upd  187  steps 6160384  sps 13438  opp strn  loss -0.168  pg +0.0004  v 0.003  ev +0.94  adv_std 0.080  tR -0.34  ent[s/d/p/e] 1.85/2.14/0.92/0.56  emits 1.45  spf 37.9  z0 0.01  garr 37.8  tG 446  e2 0.29  nF 19.7  pS 0.42  ptS 0.42  fLog 0.49  pdΔ -0.0787  pkR 7.78  clip 0.03  kl +0.004
upd  188  steps 6193152  sps 13454  opp buf  loss -0.165  pg +0.0001  v 0.005  ev +0.95  adv_std 0.102  tR +0.07  ent[s/d/p/e] 1.81/2.16/0.92/0.52  emits 1.30  spf 35.1  z0 0.07  garr 34.9  tG 573  e2 0.24  nF 20.4  pS 0.36  ptS 0.35  fLog 0.46  pdΔ -0.1429  pkR 25.40  clip 0.03  kl +0.003
upd  189  steps 6225920  sps 13471  opp strn  loss -0.169  pg +0.0008  v 0.002  ev +0.97  adv_std 0.071  tR +0.16  ent[s/d/p/e] 1.85/2.26/0.88/0.55  emits 1.40  spf 37.6  z0 0.04  garr 36.6  tG 718  e2 0.26  nF 22.8  pS 0.34  ptS 0.35  fLog 0.46  pdΔ -0.1583  pkR 15.78  clip 0.02  kl +0.003
upd  190  steps 6258688  sps 13487  opp strn  loss -0.161  pg +0.0003  v 0.003  ev +0.96  adv_std 0.077  tR -0.18  ent[s/d/p/e] 1.71/2.11/0.90/0.54  emits 1.36  spf 40.6  z0 0.02  garr 38.7  tG 520  e2 0.24  nF 20.8  pS 0.35  ptS 0.36  fLog 0.47  pdΔ -0.1470  pkR 21.62  clip 0.03  kl +0.003
upd  191  steps 6291456  sps 13503  opp strn  loss -0.156  pg -0.0004  v 0.005  ev +0.91  adv_std 0.099  tR -0.12  ent[s/d/p/e] 1.65/2.00/0.90/0.54  emits 1.41  spf 30.7  z0 0.00  garr 29.8  tG 320  e2 0.26  nF 20.0  pS 0.35  ptS 0.35  fLog 0.45  pdΔ -0.1530  pkR 11.17  clip 0.02  kl +0.003
upd  192  steps 6324224  sps 13519  opp strn  loss -0.164  pg +0.0006  v 0.004  ev +0.91  adv_std 0.091  tR -0.12  ent[s/d/p/e] 1.80/2.08/0.93/0.57  emits 1.46  spf 37.1  z0 0.00  garr 37.1  tG 424  e2 0.29  nF 19.2  pS 0.40  ptS 0.40  fLog 0.48  pdΔ -0.1005  pkR 8.66  clip 0.03  kl +0.002
upd  193  steps 6356992  sps 13543  opp rand  loss -0.156  pg +0.0005  v 0.005  ev +0.94  adv_std 0.098  tR +0.18  ent[s/d/p/e] 1.65/2.06/0.85/0.55  emits 1.39  spf 29.7  z0 0.01  garr 28.6  tG 335  e2 0.25  nF 21.2  pS 0.36  ptS 0.35  fLog 0.45  pdΔ -0.1421  pkR 13.41  clip 0.02  kl +0.002
upd  194  steps 6389760  sps 13559  opp frzn  loss -0.157  pg +0.0008  v 0.003  ev +0.96  adv_std 0.078  tR +0.20  ent[s/d/p/e] 1.68/2.02/0.88/0.55  emits 1.42  spf 28.1  z0 0.01  garr 28.0  tG 318  e2 0.27  nF 20.8  pS 0.36  ptS 0.36  fLog 0.45  pdΔ -0.1416  pkR 12.62  clip 0.01  kl +0.002
upd  195  steps 6422528  sps 13574  opp frzn  loss -0.160  pg +0.0000  v 0.004  ev +0.92  adv_std 0.091  tR -0.22  ent[s/d/p/e] 1.73/2.06/0.87/0.55  emits 1.40  spf 35.4  z0 0.00  garr 36.1  tG 399  e2 0.26  nF 19.8  pS 0.37  ptS 0.38  fLog 0.47  pdΔ -0.1289  pkR 9.93  clip 0.02  kl +0.003
upd  196  steps 6455296  sps 13590  opp buf  loss -0.173  pg +0.0007  v 0.004  ev +0.96  adv_std 0.086  tR -0.02  ent[s/d/p/e] 1.93/2.30/0.87/0.55  emits 1.37  spf 40.5  z0 0.05  garr 42.3  tG 794  e2 0.26  nF 21.7  pS 0.40  ptS 0.40  fLog 0.48  pdΔ -0.1004  pkR 21.47  clip 0.02  kl +0.002
upd  197  steps 6488064  sps 13605  opp buf  loss -0.191  pg -0.0005  v 0.003  ev +0.98  adv_std 0.077  tR +0.08  ent[s/d/p/e] 2.20/2.57/0.86/0.57  emits 1.35  spf 52.8  z0 0.11  garr 54.4  tG 1335  e2 0.27  nF 22.2  pS 0.44  ptS 0.43  fLog 0.51  pdΔ -0.0559  pkR 13.29  clip 0.03  kl +0.004
upd  198  steps 6520832  sps 13628  opp rand  loss -0.170  pg +0.0004  v 0.003  ev +0.97  adv_std 0.074  tR +0.26  ent[s/d/p/e] 1.89/2.30/0.80/0.54  emits 1.37  spf 43.5  z0 0.05  garr 45.9  tG 1149  e2 0.25  nF 21.7  pS 0.38  ptS 0.38  fLog 0.47  pdΔ -0.1171  pkR 11.92  clip 0.02  kl +0.002
upd  199  steps 6553600  sps 13643  opp strn  loss -0.154  pg +0.0001  v 0.003  ev +0.96  adv_std 0.074  tR +0.04  ent[s/d/p/e] 1.58/2.02/0.85/0.54  emits 1.36  spf 28.6  z0 0.03  garr 28.1  tG 370  e2 0.25  nF 21.5  pS 0.32  ptS 0.32  fLog 0.44  pdΔ -0.1835  pkR 31.14  clip 0.01  kl +0.001 WRr 0.88 WRf 0.59
[ckpt] saved ./ckpt_multi_action_v11_f41/ckpt_000199.pkl
upd  200  steps 6586368  sps 13303  opp frzn  loss -0.156  pg +0.0002  v 0.003  ev +0.95  adv_std 0.083  tR -0.26  ent[s/d/p/e] 1.64/2.01/0.87/0.55  emits 1.39  spf 30.6  z0 0.01  garr 30.1  tG 324  e2 0.26  nF 20.3  pS 0.35  ptS 0.35  fLog 0.46  pdΔ -0.1491  pkR 11.39  clip 0.01  kl +0.002
upd  201  steps 6619136  sps 13319  opp frzn  loss -0.162  pg +0.0008  v 0.004  ev +0.93  adv_std 0.089  tR -0.04  ent[s/d/p/e] 1.72/2.11/0.89/0.58  emits 1.42  spf 34.6  z0 0.01  garr 34.2  tG 397  e2 0.27  nF 19.7  pS 0.39  ptS 0.38  fLog 0.47  pdΔ -0.1120  pkR 12.84  clip 0.02  kl +0.002
upd  202  steps 6651904  sps 13334  opp buf  loss -0.172  pg +0.0002  v 0.005  ev +0.95  adv_std 0.098  tR -0.04  ent[s/d/p/e] 1.86/2.30/0.90/0.55  emits 1.32  spf 36.5  z0 0.07  garr 34.7  tG 571  e2 0.25  nF 20.9  pS 0.38  ptS 0.37  fLog 0.47  pdΔ -0.1239  pkR 22.88  clip 0.01  kl +0.003
upd  203  steps 6684672  sps 13349  opp frzn  loss -0.166  pg +0.0005  v 0.002  ev +0.97  adv_std 0.071  tR +0.15  ent[s/d/p/e] 1.76/2.26/0.84/0.55  emits 1.37  spf 31.4  z0 0.03  garr 31.1  tG 609  e2 0.25  nF 23.5  pS 0.33  ptS 0.34  fLog 0.44  pdΔ -0.1685  pkR 17.93  clip 0.02  kl +0.002
upd  204  steps 6717440  sps 13365  opp strn  loss -0.167  pg +0.0002  v 0.003  ev +0.96  adv_std 0.078  tR -0.07  ent[s/d/p/e] 1.78/2.17/0.89/0.58  emits 1.45  spf 32.2  z0 0.01  garr 31.2  tG 435  e2 0.28  nF 21.0  pS 0.37  ptS 0.38  fLog 0.46  pdΔ -0.1266  pkR 30.50  clip 0.02  kl +0.003
upd  205  steps 6750208  sps 13380  opp buf  loss -0.176  pg +0.0009  v 0.005  ev +0.95  adv_std 0.097  tR -0.12  ent[s/d/p/e] 1.95/2.35/0.90/0.58  emits 1.41  spf 36.7  z0 0.07  garr 34.5  tG 646  e2 0.28  nF 22.2  pS 0.39  ptS 0.38  fLog 0.47  pdΔ -0.1140  pkR 27.73  clip 0.02  kl +0.002
upd  206  steps 6782976  sps 13395  opp frzn  loss -0.160  pg +0.0005  v 0.003  ev +0.96  adv_std 0.078  tR +0.20  ent[s/d/p/e] 1.72/2.16/0.82/0.54  emits 1.34  spf 34.8  z0 0.04  garr 34.5  tG 733  e2 0.24  nF 21.8  pS 0.34  ptS 0.34  fLog 0.45  pdΔ -0.1560  pkR 18.79  clip 0.02  kl +0.003
upd  207  steps 6815744  sps 13410  opp buf  loss -0.169  pg +0.0008  v 0.003  ev +0.97  adv_std 0.079  tR -0.07  ent[s/d/p/e] 1.83/2.29/0.87/0.55  emits 1.29  spf 33.6  z0 0.09  garr 31.3  tG 557  e2 0.24  nF 21.3  pS 0.36  ptS 0.36  fLog 0.46  pdΔ -0.1386  pkR 26.63  clip 0.04  kl +0.004
upd  208  steps 6848512  sps 13425  opp frzn  loss -0.159  pg +0.0002  v 0.003  ev +0.96  adv_std 0.083  tR +0.04  ent[s/d/p/e] 1.69/2.14/0.82/0.53  emits 1.32  spf 33.3  z0 0.04  garr 34.0  tG 702  e2 0.23  nF 22.9  pS 0.33  ptS 0.33  fLog 0.44  pdΔ -0.1688  pkR 32.86  clip 0.03  kl +0.003
upd  209  steps 6881280  sps 13440  opp strn  loss -0.164  pg +0.0005  v 0.003  ev +0.95  adv_std 0.076  tR -0.23  ent[s/d/p/e] 1.78/2.12/0.89/0.56  emits 1.35  spf 32.9  z0 0.02  garr 33.4  tG 414  e2 0.25  nF 21.5  pS 0.37  ptS 0.37  fLog 0.46  pdΔ -0.1322  pkR 19.14  clip 0.01  kl +0.002
upd  210  steps 6914048  sps 13462  opp rand  loss -0.152  pg -0.0000  v 0.006  ev +0.93  adv_std 0.110  tR +0.15  ent[s/d/p/e] 1.57/2.05/0.80/0.54  emits 1.33  spf 25.6  z0 0.02  garr 25.6  tG 278  e2 0.23  nF 21.3  pS 0.33  ptS 0.32  fLog 0.43  pdΔ -0.1721  pkR 12.03  clip 0.02  kl +0.003
upd  211  steps 6946816  sps 13477  opp buf  loss -0.170  pg +0.0002  v 0.003  ev +0.97  adv_std 0.085  tR +0.22  ent[s/d/p/e] 1.88/2.26/0.86/0.55  emits 1.32  spf 34.6  z0 0.07  garr 35.2  tG 630  e2 0.25  nF 21.6  pS 0.38  ptS 0.38  fLog 0.45  pdΔ -0.1179  pkR 18.01  clip 0.01  kl +0.002
upd  212  steps 6979584  sps 13491  opp strn  loss -0.165  pg +0.0009  v 0.003  ev +0.97  adv_std 0.078  tR +0.09  ent[s/d/p/e] 1.78/2.24/0.83/0.55  emits 1.34  spf 34.5  z0 0.03  garr 39.1  tG 811  e2 0.24  nF 22.7  pS 0.36  ptS 0.36  fLog 0.44  pdΔ -0.1439  pkR 16.98  clip 0.02  kl +0.002
upd  213  steps 7012352  sps 13513  opp rand  loss -0.161  pg -0.0000  v 0.004  ev +0.96  adv_std 0.087  tR +0.29  ent[s/d/p/e] 1.76/2.12/0.84/0.54  emits 1.32  spf 32.2  z0 0.03  garr 34.9  tG 518  e2 0.23  nF 20.7  pS 0.38  ptS 0.38  fLog 0.45  pdΔ -0.1166  pkR 28.04  clip 0.02  kl +0.003
upd  214  steps 7045120  sps 13528  opp buf  loss -0.178  pg -0.0005  v 0.003  ev +0.97  adv_std 0.079  tR +0.24  ent[s/d/p/e] 1.95/2.34/0.90/0.57  emits 1.34  spf 35.2  z0 0.06  garr 39.2  tG 656  e2 0.26  nF 21.7  pS 0.40  ptS 0.39  fLog 0.47  pdΔ -0.0976  pkR 15.11  clip 0.03  kl +0.003
upd  215  steps 7077888  sps 13542  opp buf  loss -0.184  pg +0.0009  v 0.003  ev +0.98  adv_std 0.077  tR +0.10  ent[s/d/p/e] 2.11/2.51/0.87/0.55  emits 1.22  spf 45.9  z0 0.11  garr 53.0  tG 1231  e2 0.22  nF 21.2  pS 0.42  ptS 0.41  fLog 0.49  pdΔ -0.0805  pkR 10.00  clip 0.01  kl +0.002
upd  216  steps 7110656  sps 13556  opp buf  loss -0.186  pg -0.0002  v 0.002  ev +0.98  adv_std 0.067  tR -0.01  ent[s/d/p/e] 2.12/2.54/0.87/0.53  emits 1.22  spf 47.7  z0 0.12  garr 56.2  tG 1448  e2 0.21  nF 21.5  pS 0.42  ptS 0.41  fLog 0.48  pdΔ -0.0809  pkR 9.97  clip 0.02  kl +0.004
upd  217  steps 7143424  sps 13569  opp buf  loss -0.186  pg +0.0001  v 0.002  ev +0.98  adv_std 0.064  tR +0.03  ent[s/d/p/e] 2.12/2.48/0.92/0.53  emits 1.23  spf 46.2  z0 0.11  garr 53.0  tG 1329  e2 0.22  nF 21.8  pS 0.41  ptS 0.40  fLog 0.49  pdΔ -0.0886  pkR 12.17  clip 0.02  kl +0.003
upd  218  steps 7176192  sps 13583  opp strn  loss -0.169  pg +0.0005  v 0.002  ev +0.97  adv_std 0.069  tR +0.17  ent[s/d/p/e] 1.84/2.31/0.83/0.54  emits 1.29  spf 39.4  z0 0.04  garr 46.6  tG 1027  e2 0.22  nF 21.8  pS 0.36  ptS 0.36  fLog 0.45  pdΔ -0.1437  pkR 18.56  clip 0.01  kl +0.002
upd  219  steps 7208960  sps 13597  opp buf  loss -0.173  pg +0.0008  v 0.003  ev +0.97  adv_std 0.079  tR -0.10  ent[s/d/p/e] 1.89/2.34/0.89/0.54  emits 1.26  spf 35.5  z0 0.08  garr 38.9  tG 776  e2 0.23  nF 21.3  pS 0.36  ptS 0.35  fLog 0.45  pdΔ -0.1420  pkR 19.29  clip 0.02  kl +0.002
upd  220  steps 7241728  sps 13610  opp frzn  loss -0.167  pg -0.0001  v 0.003  ev +0.96  adv_std 0.084  tR +0.33  ent[s/d/p/e] 1.84/2.21/0.85/0.54  emits 1.35  spf 35.7  z0 0.03  garr 43.8  tG 998  e2 0.25  nF 22.3  pS 0.37  ptS 0.37  fLog 0.45  pdΔ -0.1322  pkR 13.26  clip 0.03  kl +0.003
upd  221  steps 7274496  sps 13624  opp buf  loss -0.171  pg +0.0009  v 0.003  ev +0.97  adv_std 0.078  tR -0.09  ent[s/d/p/e] 1.86/2.27/0.91/0.54  emits 1.26  spf 34.3  z0 0.07  garr 36.4  tG 618  e2 0.22  nF 20.4  pS 0.37  ptS 0.36  fLog 0.46  pdΔ -0.1316  pkR 20.73  clip 0.01  kl +0.002
upd  222  steps 7307264  sps 13637  opp strn  loss -0.161  pg +0.0005  v 0.004  ev +0.95  adv_std 0.092  tR +0.00  ent[s/d/p/e] 1.70/2.22/0.82/0.52  emits 1.27  spf 31.4  z0 0.03  garr 36.5  tG 718  e2 0.20  nF 21.5  pS 0.34  ptS 0.34  fLog 0.43  pdΔ -0.1642  pkR 22.04  clip 0.03  kl +0.002
upd  223  steps 7340032  sps 13651  opp buf  loss -0.172  pg +0.0003  v 0.003  ev +0.97  adv_std 0.079  tR -0.17  ent[s/d/p/e] 1.86/2.34/0.89/0.53  emits 1.21  spf 36.6  z0 0.09  garr 37.5  tG 711  e2 0.20  nF 20.8  pS 0.36  ptS 0.36  fLog 0.46  pdΔ -0.1359  pkR 20.98  clip 0.02  kl +0.002
upd  224  steps 7372800  sps 13664  opp buf  loss -0.188  pg +0.0004  v 0.003  ev +0.98  adv_std 0.075  tR +0.03  ent[s/d/p/e] 2.15/2.59/0.89/0.52  emits 1.17  spf 50.4  z0 0.11  garr 56.5  tG 1428  e2 0.20  nF 21.1  pS 0.42  ptS 0.41  fLog 0.49  pdΔ -0.0768  pkR 10.79  clip 0.02  kl +0.002
upd  225  steps 7405568  sps 13677  opp buf  loss -0.193  pg +0.0003  v 0.002  ev +0.98  adv_std 0.064  tR +0.08  ent[s/d/p/e] 2.26/2.63/0.90/0.52  emits 1.19  spf 55.6  z0 0.12  garr 62.6  tG 1663  e2 0.21  nF 21.0  pS 0.44  ptS 0.43  fLog 0.51  pdΔ -0.0594  pkR 10.10  clip 0.02  kl +0.004
upd  226  steps 7438336  sps 13690  opp frzn  loss -0.172  pg +0.0002  v 0.002  ev +0.97  adv_std 0.069  tR +0.38  ent[s/d/p/e] 1.89/2.31/0.87/0.52  emits 1.28  spf 42.3  z0 0.03  garr 49.0  tG 1171  e2 0.21  nF 21.2  pS 0.38  ptS 0.39  fLog 0.47  pdΔ -0.1153  pkR 14.34  clip 0.02  kl +0.002
upd  227  steps 7471104  sps 13703  opp strn  loss -0.166  pg +0.0000  v 0.003  ev +0.96  adv_std 0.079  tR +0.07  ent[s/d/p/e] 1.84/2.13/0.90/0.53  emits 1.30  spf 38.7  z0 0.01  garr 43.4  tG 639  e2 0.22  nF 20.0  pS 0.39  ptS 0.40  fLog 0.48  pdΔ -0.1065  pkR 16.61  clip 0.02  kl +0.002
upd  228  steps 7503872  sps 13716  opp buf  loss -0.175  pg +0.0004  v 0.004  ev +0.95  adv_std 0.091  tR +0.03  ent[s/d/p/e] 1.93/2.31/0.93/0.55  emits 1.29  spf 35.7  z0 0.06  garr 39.1  tG 690  e2 0.24  nF 21.1  pS 0.39  ptS 0.39  fLog 0.48  pdΔ -0.1054  pkR 20.22  clip 0.03  kl +0.004
upd  229  steps 7536640  sps 13729  opp strn  loss -0.165  pg +0.0003  v 0.003  ev +0.97  adv_std 0.077  tR +0.24  ent[s/d/p/e] 1.79/2.21/0.87/0.52  emits 1.28  spf 35.3  z0 0.04  garr 38.5  tG 777  e2 0.21  nF 21.2  pS 0.36  ptS 0.36  fLog 0.46  pdΔ -0.1427  pkR 15.13  clip 0.01  kl +0.002
upd  230  steps 7569408  sps 13741  opp strn  loss -0.158  pg +0.0008  v 0.003  ev +0.96  adv_std 0.075  tR -0.14  ent[s/d/p/e] 1.70/2.03/0.92/0.51  emits 1.29  spf 34.1  z0 0.02  garr 36.5  tG 540  e2 0.21  nF 19.9  pS 0.34  ptS 0.35  fLog 0.46  pdΔ -0.1550  pkR 23.77  clip 0.02  kl +0.002
upd  231  steps 7602176  sps 13754  opp strn  loss -0.153  pg +0.0002  v 0.004  ev +0.94  adv_std 0.088  tR -0.20  ent[s/d/p/e] 1.62/1.96/0.89/0.52  emits 1.31  spf 31.1  z0 0.01  garr 33.6  tG 366  e2 0.22  nF 19.1  pS 0.34  ptS 0.34  fLog 0.45  pdΔ -0.1619  pkR 8.72  clip 0.03  kl +0.003
upd  232  steps 7634944  sps 13766  opp buf  loss -0.173  pg -0.0001  v 0.004  ev +0.96  adv_std 0.087  tR -0.05  ent[s/d/p/e] 1.90/2.31/0.91/0.52  emits 1.25  spf 39.3  z0 0.06  garr 41.6  tG 689  e2 0.21  nF 20.4  pS 0.41  ptS 0.40  fLog 0.48  pdΔ -0.0903  pkR 16.60  clip 0.01  kl +0.002
upd  233  steps 7667712  sps 13786  opp rand  loss -0.161  pg +0.0004  v 0.003  ev +0.97  adv_std 0.081  tR +0.31  ent[s/d/p/e] 1.74/2.22/0.81/0.50  emits 1.23  spf 36.9  z0 0.05  garr 41.3  tG 867  e2 0.19  nF 20.8  pS 0.37  ptS 0.37  fLog 0.45  pdΔ -0.1252  pkR 15.47  clip 0.02  kl +0.002
upd  234  steps 7700480  sps 13799  opp strn  loss -0.154  pg +0.0006  v 0.003  ev +0.96  adv_std 0.079  tR +0.17  ent[s/d/p/e] 1.62/2.06/0.87/0.50  emits 1.25  spf 32.0  z0 0.02  garr 34.9  tG 516  e2 0.19  nF 20.1  pS 0.35  ptS 0.35  fLog 0.44  pdΔ -0.1531  pkR 29.16  clip 0.02  kl +0.002
upd  235  steps 7733248  sps 13811  opp buf  loss -0.166  pg +0.0005  v 0.004  ev +0.96  adv_std 0.085  tR -0.05  ent[s/d/p/e] 1.78/2.23/0.91/0.51  emits 1.22  spf 32.5  z0 0.06  garr 33.7  tG 542  e2 0.19  nF 20.4  pS 0.36  ptS 0.36  fLog 0.45  pdΔ -0.1373  pkR 24.06  clip 0.02  kl +0.002
upd  236  steps 7766016  sps 13831  opp rand  loss -0.163  pg +0.0005  v 0.004  ev +0.96  adv_std 0.086  tR +0.19  ent[s/d/p/e] 1.78/2.29/0.79/0.50  emits 1.21  spf 44.2  z0 0.05  garr 46.5  tG 1061  e2 0.18  nF 19.8  pS 0.37  ptS 0.36  fLog 0.46  pdΔ -0.1345  pkR 18.47  clip 0.03  kl +0.004
upd  237  steps 7798784  sps 13843  opp buf  loss -0.174  pg +0.0006  v 0.003  ev +0.97  adv_std 0.078  tR +0.15  ent[s/d/p/e] 1.89/2.35/0.92/0.54  emits 1.24  spf 41.7  z0 0.07  garr 43.3  tG 871  e2 0.21  nF 19.3  pS 0.39  ptS 0.38  fLog 0.48  pdΔ -0.1068  pkR 23.14  clip 0.03  kl +0.004
upd  238  steps 7831552  sps 13855  opp strn  loss -0.163  pg +0.0002  v 0.004  ev +0.96  adv_std 0.087  tR +0.20  ent[s/d/p/e] 1.74/2.23/0.85/0.51  emits 1.26  spf 38.4  z0 0.03  garr 41.9  tG 848  e2 0.20  nF 19.2  pS 0.35  ptS 0.35  fLog 0.46  pdΔ -0.1476  pkR 13.94  clip 0.01  kl +0.002
upd  239  steps 7864320  sps 13867  opp buf  loss -0.167  pg +0.0005  v 0.003  ev +0.97  adv_std 0.078  tR -0.05  ent[s/d/p/e] 1.81/2.23/0.91/0.52  emits 1.24  spf 36.6  z0 0.07  garr 37.5  tG 651  e2 0.21  nF 19.9  pS 0.35  ptS 0.35  fLog 0.46  pdΔ -0.1476  pkR 19.59  clip 0.02  kl +0.002
upd  240  steps 7897088  sps 13878  opp buf  loss -0.177  pg +0.0006  v 0.003  ev +0.97  adv_std 0.085  tR +0.05  ent[s/d/p/e] 1.97/2.42/0.90/0.52  emits 1.19  spf 44.7  z0 0.11  garr 46.2  tG 1099  e2 0.20  nF 20.3  pS 0.37  ptS 0.36  fLog 0.48  pdΔ -0.1274  pkR 12.07  clip 0.01  kl +0.002
upd  241  steps 7929856  sps 13890  opp buf  loss -0.181  pg +0.0002  v 0.002  ev +0.98  adv_std 0.067  tR -0.15  ent[s/d/p/e] 2.00/2.45/0.93/0.53  emits 1.15  spf 41.8  z0 0.15  garr 41.2  tG 941  e2 0.20  nF 20.1  pS 0.36  ptS 0.35  fLog 0.48  pdΔ -0.1375  pkR 14.78  clip 0.03  kl +0.003
upd  242  steps 7962624  sps 13902  opp frzn  loss -0.168  pg +0.0003  v 0.002  ev +0.97  adv_std 0.072  tR +0.23  ent[s/d/p/e] 1.84/2.26/0.87/0.51  emits 1.25  spf 39.6  z0 0.04  garr 42.7  tG 1038  e2 0.20  nF 20.7  pS 0.37  ptS 0.37  fLog 0.46  pdΔ -0.1345  pkR 12.56  clip 0.02  kl +0.002
upd  243  steps 7995392  sps 13913  opp buf  loss -0.169  pg +0.0007  v 0.003  ev +0.97  adv_std 0.079  tR -0.07  ent[s/d/p/e] 1.83/2.24/0.94/0.52  emits 1.20  spf 37.0  z0 0.08  garr 38.3  tG 684  e2 0.20  nF 19.6  pS 0.36  ptS 0.36  fLog 0.46  pdΔ -0.1378  pkR 19.90  clip 0.02  kl +0.003
upd  244  steps 8028160  sps 13925  opp strn  loss -0.157  pg +0.0003  v 0.003  ev +0.96  adv_std 0.082  tR +0.26  ent[s/d/p/e] 1.63/2.15/0.87/0.49  emits 1.23  spf 32.6  z0 0.03  garr 35.5  tG 667  e2 0.18  nF 20.1  pS 0.33  ptS 0.33  fLog 0.44  pdΔ -0.1711  pkR 23.63  clip 0.03  kl +0.003
upd  245  steps 8060928  sps 13944  opp rand  loss -0.158  pg +0.0006  v 0.003  ev +0.96  adv_std 0.083  tR +0.21  ent[s/d/p/e] 1.71/2.11/0.87/0.49  emits 1.23  spf 36.5  z0 0.03  garr 38.6  tG 607  e2 0.19  nF 18.8  pS 0.37  ptS 0.37  fLog 0.46  pdΔ -0.1295  pkR 24.81  clip 0.01  kl +0.002
upd  246  steps 8093696  sps 13955  opp strn  loss -0.152  pg -0.0003  v 0.004  ev +0.95  adv_std 0.089  tR +0.21  ent[s/d/p/e] 1.54/2.02/0.88/0.52  emits 1.27  spf 29.2  z0 0.01  garr 30.8  tG 359  e2 0.20  nF 20.1  pS 0.34  ptS 0.34  fLog 0.44  pdΔ -0.1569  pkR 9.59  clip 0.03  kl +0.003
upd  247  steps 8126464  sps 13966  opp strn  loss -0.163  pg +0.0008  v 0.004  ev +0.94  adv_std 0.095  tR +0.05  ent[s/d/p/e] 1.78/2.12/0.93/0.52  emits 1.30  spf 37.8  z0 0.00  garr 42.8  tG 525  e2 0.22  nF 18.6  pS 0.41  ptS 0.41  fLog 0.48  pdΔ -0.0893  pkR 8.05  clip 0.01  kl +0.002
upd  248  steps 8159232  sps 13977  opp frzn  loss -0.152  pg +0.0009  v 0.004  ev +0.92  adv_std 0.094  tR -0.12  ent[s/d/p/e] 1.61/1.99/0.89/0.51  emits 1.28  spf 31.0  z0 0.00  garr 34.3  tG 383  e2 0.20  nF 19.2  pS 0.35  ptS 0.35  fLog 0.45  pdΔ -0.1483  pkR 8.85  clip 0.03  kl +0.003
upd  249  steps 8192000  sps 13989  opp strn  loss -0.155  pg +0.0003  v 0.004  ev +0.93  adv_std 0.092  tR -0.27  ent[s/d/p/e] 1.67/1.97/0.92/0.51  emits 1.28  spf 31.3  z0 0.01  garr 34.4  tG 371  e2 0.21  nF 19.5  pS 0.35  ptS 0.36  fLog 0.46  pdΔ -0.1453  pkR 9.58  clip 0.02  kl +0.002 WRr 0.78 WRf 0.56
[ckpt] saved ./ckpt_multi_action_v11_f41/ckpt_000249.pkl
upd  250  steps 8224768  sps 13682  opp frzn  loss -0.157  pg +0.0004  v 0.004  ev +0.93  adv_std 0.089  tR -0.26  ent[s/d/p/e] 1.66/2.00/0.92/0.54  emits 1.33  spf 30.6  z0 0.01  garr 32.7  tG 361  e2 0.24  nF 19.4  pS 0.36  ptS 0.36  fLog 0.46  pdΔ -0.1421  pkR 8.91  clip 0.03  kl +0.004
upd  251  steps 8257536  sps 13694  opp frzn  loss -0.160  pg +0.0007  v 0.004  ev +0.94  adv_std 0.088  tR -0.30  ent[s/d/p/e] 1.72/2.02/0.93/0.55  emits 1.39  spf 32.2  z0 0.01  garr 34.4  tG 389  e2 0.26  nF 18.8  pS 0.38  ptS 0.38  fLog 0.47  pdΔ -0.1230  pkR 11.99  clip 0.02  kl +0.002
upd  252  steps 8290304  sps 13706  opp buf  loss -0.171  pg +0.0001  v 0.004  ev +0.96  adv_std 0.093  tR +0.10  ent[s/d/p/e] 1.85/2.25/0.93/0.55  emits 1.29  spf 38.5  z0 0.06  garr 42.7  tG 726  e2 0.24  nF 19.9  pS 0.39  ptS 0.38  fLog 0.47  pdΔ -0.1098  pkR 23.16  clip 0.02  kl +0.002
upd  253  steps 8323072  sps 13724  opp rand  loss -0.167  pg -0.0005  v 0.003  ev +0.97  adv_std 0.081  tR +0.11  ent[s/d/p/e] 1.82/2.24/0.83/0.53  emits 1.27  spf 42.3  z0 0.06  garr 47.2  tG 1119  e2 0.22  nF 20.2  pS 0.37  ptS 0.37  fLog 0.46  pdΔ -0.1264  pkR 14.97  clip 0.02  kl +0.002
upd  254  steps 8355840  sps 13736  opp buf  loss -0.174  pg +0.0005  v 0.003  ev +0.97  adv_std 0.076  tR -0.06  ent[s/d/p/e] 1.91/2.30/0.92/0.56  emits 1.27  spf 38.2  z0 0.09  garr 41.7  tG 866  e2 0.24  nF 21.5  pS 0.37  ptS 0.37  fLog 0.47  pdΔ -0.1254  pkR 22.58  clip 0.03  kl +0.002
upd  255  steps 8388608  sps 13747  opp buf  loss -0.188  pg +0.0004  v 0.002  ev +0.98  adv_std 0.068  tR +0.11  ent[s/d/p/e] 2.14/2.49/0.94/0.55  emits 1.26  spf 48.4  z0 0.09  garr 54.6  tG 1293  e2 0.24  nF 20.9  pS 0.44  ptS 0.43  fLog 0.50  pdΔ -0.0592  pkR 11.82  clip 0.02  kl +0.003
upd  256  steps 8421376  sps 13759  opp buf  loss -0.190  pg +0.0005  v 0.003  ev +0.98  adv_std 0.075  tR +0.16  ent[s/d/p/e] 2.20/2.59/0.90/0.53  emits 1.21  spf 53.4  z0 0.10  garr 58.9  tG 1557  e2 0.21  nF 20.6  pS 0.45  ptS 0.44  fLog 0.51  pdΔ -0.0485  pkR 8.44  clip 0.02  kl +0.002
upd  257  steps 8454144  sps 13770  opp strn  loss -0.174  pg +0.0002  v 0.002  ev +0.97  adv_std 0.069  tR +0.43  ent[s/d/p/e] 1.87/2.39/0.86/0.56  emits 1.34  spf 42.6  z0 0.03  garr 49.1  tG 1106  e2 0.23  nF 21.0  pS 0.38  ptS 0.38  fLog 0.47  pdΔ -0.1167  pkR 12.51  clip 0.02  kl +0.002
upd  258  steps 8486912  sps 13781  opp frzn  loss -0.163  pg +0.0010  v 0.003  ev +0.95  adv_std 0.085  tR -0.04  ent[s/d/p/e] 1.75/2.13/0.90/0.56  emits 1.36  spf 35.8  z0 0.01  garr 38.4  tG 544  e2 0.25  nF 20.6  pS 0.36  ptS 0.37  fLog 0.46  pdΔ -0.1389  pkR 18.13  clip 0.02  kl +0.003
upd  259  steps 8519680  sps 13792  opp frzn  loss -0.154  pg +0.0004  v 0.005  ev +0.93  adv_std 0.100  tR +0.03  ent[s/d/p/e] 1.61/2.00/0.88/0.55  emits 1.37  spf 29.6  z0 0.01  garr 30.3  tG 337  e2 0.25  nF 20.5  pS 0.34  ptS 0.34  fLog 0.44  pdΔ -0.1630  pkR 11.94  clip 0.01  kl +0.002
upd  260  steps 8552448  sps 13803  opp frzn  loss -0.158  pg +0.0003  v 0.004  ev +0.94  adv_std 0.087  tR -0.21  ent[s/d/p/e] 1.65/2.05/0.89/0.56  emits 1.39  spf 30.5  z0 0.01  garr 31.5  tG 337  e2 0.26  nF 21.2  pS 0.35  ptS 0.35  fLog 0.45  pdΔ -0.1527  pkR 8.60  clip 0.02  kl +0.002
upd  261  steps 8585216  sps 13814  opp buf  loss -0.176  pg +0.0006  v 0.004  ev +0.95  adv_std 0.095  tR +0.09  ent[s/d/p/e] 1.92/2.30/0.96/0.58  emits 1.36  spf 36.1  z0 0.05  garr 35.9  tG 557  e2 0.27  nF 21.0  pS 0.41  ptS 0.40  fLog 0.48  pdΔ -0.0875  pkR 20.83  clip 0.02  kl +0.003
upd  262  steps 8617984  sps 13832  opp rand  loss -0.168  pg +0.0004  v 0.003  ev +0.96  adv_std 0.085  tR +0.40  ent[s/d/p/e] 1.86/2.25/0.84/0.54  emits 1.37  spf 39.9  z0 0.03  garr 43.9  tG 983  e2 0.24  nF 22.5  pS 0.40  ptS 0.39  fLog 0.47  pdΔ -0.0989  pkR 14.65  clip 0.02  kl +0.003
upd  263  steps 8650752  sps 13843  opp frzn  loss -0.156  pg +0.0005  v 0.003  ev +0.97  adv_std 0.074  tR +0.22  ent[s/d/p/e] 1.63/2.02/0.87/0.56  emits 1.39  spf 28.3  z0 0.03  garr 28.8  tG 409  e2 0.26  nF 21.2  pS 0.34  ptS 0.34  fLog 0.44  pdΔ -0.1648  pkR 30.91  clip 0.02  kl +0.003
upd  264  steps 8683520  sps 13854  opp buf  loss -0.175  pg +0.0004  v 0.004  ev +0.96  adv_std 0.090  tR +0.06  ent[s/d/p/e] 1.92/2.27/0.93/0.58  emits 1.37  spf 34.2  z0 0.07  garr 34.8  tG 558  e2 0.27  nF 21.0  pS 0.40  ptS 0.39  fLog 0.47  pdΔ -0.1012  pkR 13.67  clip 0.01  kl +0.001
upd  265  steps 8716288  sps 13864  opp strn  loss -0.165  pg +0.0003  v 0.003  ev +0.96  adv_std 0.078  tR +0.36  ent[s/d/p/e] 1.78/2.20/0.86/0.55  emits 1.35  spf 33.8  z0 0.02  garr 38.3  tG 775  e2 0.24  nF 22.2  pS 0.36  ptS 0.36  fLog 0.45  pdΔ -0.1417  pkR 18.04  clip 0.03  kl +0.003
upd  266  steps 8749056  sps 13875  opp buf  loss -0.179  pg +0.0003  v 0.003  ev +0.98  adv_std 0.074  tR +0.09  ent[s/d/p/e] 2.00/2.35/0.93/0.56  emits 1.31  spf 38.7  z0 0.08  garr 40.6  tG 817  e2 0.25  nF 20.8  pS 0.41  ptS 0.40  fLog 0.48  pdΔ -0.0904  pkR 13.84  clip 0.03  kl +0.004
upd  267  steps 8781824  sps 13886  opp strn  loss -0.163  pg +0.0004  v 0.003  ev +0.96  adv_std 0.082  tR +0.25  ent[s/d/p/e] 1.76/2.16/0.87/0.53  emits 1.35  spf 34.6  z0 0.03  garr 37.9  tG 800  e2 0.24  nF 22.0  pS 0.35  ptS 0.35  fLog 0.45  pdΔ -0.1509  pkR 18.51  clip 0.02  kl +0.002
upd  268  steps 8814592  sps 13896  opp buf  loss -0.173  pg +0.0001  v 0.003  ev +0.97  adv_std 0.079  tR +0.11  ent[s/d/p/e] 1.92/2.26/0.89/0.55  emits 1.27  spf 39.1  z0 0.08  garr 38.8  tG 783  e2 0.23  nF 21.1  pS 0.38  ptS 0.38  fLog 0.47  pdΔ -0.1163  pkR 18.04  clip 0.01  kl +0.002
upd  269  steps 8847360  sps 13907  opp buf  loss -0.181  pg +0.0003  v 0.002  ev +0.98  adv_std 0.073  tR -0.08  ent[s/d/p/e] 2.02/2.43/0.89/0.56  emits 1.23  spf 43.3  z0 0.13  garr 45.7  tG 1044  e2 0.23  nF 21.4  pS 0.38  ptS 0.37  fLog 0.48  pdΔ -0.1163  pkR 16.46  clip 0.02  kl +0.002
upd  270  steps 8880128  sps 13917  opp strn  loss -0.169  pg +0.0004  v 0.002  ev +0.98  adv_std 0.069  tR +0.34  ent[s/d/p/e] 1.82/2.25/0.87/0.55  emits 1.34  spf 37.2  z0 0.04  garr 41.2  tG 915  e2 0.24  nF 21.5  pS 0.37  ptS 0.37  fLog 0.46  pdΔ -0.1298  pkR 18.04  clip 0.02  kl +0.003
upd  271  steps 8912896  sps 13934  opp rand  loss -0.155  pg +0.0002  v 0.004  ev +0.96  adv_std 0.088  tR +0.14  ent[s/d/p/e] 1.66/2.05/0.82/0.54  emits 1.32  spf 30.6  z0 0.03  garr 31.2  tG 465  e2 0.23  nF 20.0  pS 0.35  ptS 0.35  fLog 0.44  pdΔ -0.1479  pkR 23.35  clip 0.02  kl +0.003
upd  272  steps 8945664  sps 13944  opp buf  loss -0.170  pg +0.0007  v 0.003  ev +0.97  adv_std 0.077  tR +0.14  ent[s/d/p/e] 1.86/2.24/0.90/0.56  emits 1.32  spf 32.7  z0 0.08  garr 32.3  tG 548  e2 0.26  nF 20.9  pS 0.37  ptS 0.36  fLog 0.46  pdΔ -0.1254  pkR 17.66  clip 0.02  kl +0.003
upd  273  steps 8978432  sps 13954  opp buf  loss -0.185  pg +0.0005  v 0.003  ev +0.98  adv_std 0.077  tR +0.10  ent[s/d/p/e] 2.11/2.49/0.91/0.54  emits 1.23  spf 48.3  z0 0.13  garr 49.8  tG 1282  e2 0.23  nF 20.3  pS 0.41  ptS 0.40  fLog 0.50  pdΔ -0.0879  pkR 12.23  clip 0.02  kl +0.002
upd  274  steps 9011200  sps 13964  opp buf  loss -0.192  pg +0.0008  v 0.002  ev +0.98  adv_std 0.068  tR +0.06  ent[s/d/p/e] 2.22/2.59/0.93/0.55  emits 1.27  spf 49.5  z0 0.12  garr 52.0  tG 1335  e2 0.25  nF 21.4  pS 0.43  ptS 0.42  fLog 0.51  pdΔ -0.0685  pkR 12.99  clip 0.02  kl +0.002
upd  275  steps 9043968  sps 13974  opp strn  loss -0.166  pg +0.0004  v 0.002  ev +0.97  adv_std 0.074  tR +0.32  ent[s/d/p/e] 1.78/2.26/0.86/0.53  emits 1.28  spf 35.9  z0 0.05  garr 38.3  tG 833  e2 0.22  nF 21.8  pS 0.34  ptS 0.34  fLog 0.45  pdΔ -0.1628  pkR 16.37  clip 0.01  kl +0.002
upd  276  steps 9076736  sps 13985  opp buf  loss -0.169  pg -0.0004  v 0.003  ev +0.97  adv_std 0.078  tR -0.14  ent[s/d/p/e] 1.81/2.23/0.91/0.53  emits 1.25  spf 35.1  z0 0.09  garr 34.2  tG 595  e2 0.22  nF 21.2  pS 0.35  ptS 0.35  fLog 0.46  pdΔ -0.1484  pkR 18.96  clip 0.01  kl +0.002
upd  277  steps 9109504  sps 13994  opp buf  loss -0.184  pg +0.0001  v 0.003  ev +0.97  adv_std 0.081  tR +0.10  ent[s/d/p/e] 2.06/2.46/0.92/0.54  emits 1.26  spf 44.1  z0 0.11  garr 44.7  tG 1038  e2 0.24  nF 21.5  pS 0.40  ptS 0.39  fLog 0.49  pdΔ -0.0962  pkR 16.04  clip 0.02  kl +0.002
upd  278  steps 9142272  sps 14004  opp buf  loss -0.183  pg +0.0011  v 0.002  ev +0.98  adv_std 0.072  tR +0.14  ent[s/d/p/e] 2.07/2.50/0.89/0.53  emits 1.22  spf 45.4  z0 0.13  garr 47.4  tG 1188  e2 0.22  nF 21.5  pS 0.41  ptS 0.40  fLog 0.49  pdΔ -0.0929  pkR 11.87  clip 0.03  kl +0.003
upd  279  steps 9175040  sps 14014  opp strn  loss -0.160  pg +0.0004  v 0.002  ev +0.97  adv_std 0.073  tR +0.18  ent[s/d/p/e] 1.71/2.14/0.85/0.52  emits 1.27  spf 34.3  z0 0.05  garr 36.2  tG 751  e2 0.21  nF 22.5  pS 0.33  ptS 0.33  fLog 0.44  pdΔ -0.1750  pkR 14.88  clip 0.02  kl +0.002
upd  280  steps 9207808  sps 14024  opp buf  loss -0.171  pg +0.0003  v 0.003  ev +0.98  adv_std 0.073  tR -0.12  ent[s/d/p/e] 1.88/2.28/0.90/0.54  emits 1.23  spf 37.8  z0 0.11  garr 37.5  tG 751  e2 0.22  nF 20.1  pS 0.38  ptS 0.37  fLog 0.47  pdΔ -0.1239  pkR 16.77  clip 0.02  kl +0.003
upd  281  steps 9240576  sps 14034  opp buf  loss -0.185  pg +0.0004  v 0.003  ev +0.98  adv_std 0.074  tR +0.19  ent[s/d/p/e] 2.12/2.48/0.92/0.53  emits 1.26  spf 48.6  z0 0.10  garr 52.2  tG 1308  e2 0.24  nF 21.6  pS 0.43  ptS 0.42  fLog 0.50  pdΔ -0.0714  pkR 13.51  clip 0.02  kl +0.003
upd  282  steps 9273344  sps 14044  opp buf  loss -0.184  pg +0.0002  v 0.002  ev +0.98  adv_std 0.068  tR +0.17  ent[s/d/p/e] 2.08/2.46/0.91/0.53  emits 1.23  spf 47.7  z0 0.11  garr 49.9  tG 1258  e2 0.22  nF 21.9  pS 0.41  ptS 0.40  fLog 0.49  pdΔ -0.0867  pkR 17.24  clip 0.02  kl +0.002
upd  283  steps 9306112  sps 14053  opp buf  loss -0.194  pg +0.0005  v 0.002  ev +0.98  adv_std 0.069  tR +0.21  ent[s/d/p/e] 2.27/2.58/0.96/0.53  emits 1.26  spf 54.7  z0 0.10  garr 59.4  tG 1564  e2 0.24  nF 21.1  pS 0.47  ptS 0.46  fLog 0.52  pdΔ -0.0264  pkR 9.71  clip 0.02  kl +0.002
upd  284  steps 9338880  sps 14069  opp rand  loss -0.165  pg +0.0010  v 0.002  ev +0.98  adv_std 0.071  tR +0.41  ent[s/d/p/e] 1.83/2.28/0.80/0.50  emits 1.24  spf 42.8  z0 0.06  garr 46.6  tG 1198  e2 0.19  nF 20.9  pS 0.39  ptS 0.39  fLog 0.46  pdΔ -0.1091  pkR 10.48  clip 0.02  kl +0.002
upd  285  steps 9371648  sps 14079  opp frzn  loss -0.153  pg +0.0012  v 0.002  ev +0.96  adv_std 0.070  tR +0.34  ent[s/d/p/e] 1.61/2.01/0.87/0.53  emits 1.31  spf 28.8  z0 0.02  garr 29.9  tG 447  e2 0.23  nF 21.6  pS 0.34  ptS 0.34  fLog 0.44  pdΔ -0.1557  pkR 26.52  clip 0.03  kl +0.003
upd  286  steps 9404416  sps 14088  opp strn  loss -0.162  pg +0.0005  v 0.004  ev +0.94  adv_std 0.088  tR -0.28  ent[s/d/p/e] 1.79/2.06/0.91/0.55  emits 1.36  spf 32.8  z0 0.00  garr 36.9  tG 431  e2 0.25  nF 19.8  pS 0.40  ptS 0.40  fLog 0.47  pdΔ -0.0977  pkR 11.93  clip 0.02  kl +0.003
upd  287  steps 9437184  sps 14098  opp strn  loss -0.158  pg +0.0006  v 0.003  ev +0.93  adv_std 0.085  tR -0.09  ent[s/d/p/e] 1.67/2.03/0.89/0.57  emits 1.38  spf 31.8  z0 0.00  garr 35.7  tG 388  e2 0.26  nF 19.7  pS 0.36  ptS 0.36  fLog 0.46  pdΔ -0.1361  pkR 10.04  clip 0.02  kl +0.003
upd  288  steps 9469952  sps 14107  opp frzn  loss -0.161  pg +0.0004  v 0.004  ev +0.92  adv_std 0.092  tR -0.21  ent[s/d/p/e] 1.75/2.06/0.90/0.55  emits 1.35  spf 36.9  z0 0.00  garr 42.7  tG 475  e2 0.25  nF 18.7  pS 0.39  ptS 0.39  fLog 0.47  pdΔ -0.1130  pkR 9.06  clip 0.02  kl +0.002
upd  289  steps 9502720  sps 14116  opp buf  loss -0.173  pg -0.0001  v 0.004  ev +0.96  adv_std 0.086  tR -0.07  ent[s/d/p/e] 1.90/2.28/0.90/0.55  emits 1.30  spf 36.9  z0 0.07  garr 40.4  tG 714  e2 0.24  nF 19.9  pS 0.39  ptS 0.38  fLog 0.47  pdΔ -0.1105  pkR 21.08  clip 0.02  kl +0.002
upd  290  steps 9535488  sps 14126  opp strn  loss -0.174  pg -0.0002  v 0.003  ev +0.97  adv_std 0.077  tR +0.33  ent[s/d/p/e] 1.93/2.32/0.88/0.54  emits 1.34  spf 41.5  z0 0.02  garr 49.3  tG 1057  e2 0.24  nF 20.7  pS 0.41  ptS 0.41  fLog 0.48  pdΔ -0.0880  pkR 11.86  clip 0.03  kl +0.003
upd  291  steps 9568256  sps 14135  opp strn  loss -0.166  pg +0.0004  v 0.003  ev +0.95  adv_std 0.078  tR +0.11  ent[s/d/p/e] 1.82/2.14/0.92/0.54  emits 1.33  spf 37.6  z0 0.01  garr 43.3  tG 643  e2 0.24  nF 19.8  pS 0.40  ptS 0.40  fLog 0.48  pdΔ -0.1027  pkR 15.00  clip 0.02  kl +0.002
upd  292  steps 9601024  sps 14144  opp strn  loss -0.157  pg +0.0002  v 0.004  ev +0.93  adv_std 0.091  tR -0.23  ent[s/d/p/e] 1.67/2.01/0.90/0.54  emits 1.32  spf 34.0  z0 0.01  garr 39.5  tG 450  e2 0.23  nF 18.2  pS 0.37  ptS 0.37  fLog 0.46  pdΔ -0.1317  pkR 12.97  clip 0.03  kl +0.004
upd  293  steps 9633792  sps 14153  opp strn  loss -0.161  pg -0.0004  v 0.003  ev +0.95  adv_std 0.076  tR -0.14  ent[s/d/p/e] 1.73/2.06/0.90/0.54  emits 1.34  spf 34.0  z0 0.00  garr 39.6  tG 442  e2 0.24  nF 18.8  pS 0.38  ptS 0.38  fLog 0.47  pdΔ -0.1221  pkR 9.39  clip 0.02  kl +0.002
upd  294  steps 9666560  sps 14162  opp frzn  loss -0.152  pg -0.0002  v 0.004  ev +0.93  adv_std 0.089  tR -0.31  ent[s/d/p/e] 1.61/1.96/0.87/0.51  emits 1.31  spf 32.0  z0 0.01  garr 35.2  tG 391  e2 0.22  nF 18.7  pS 0.36  ptS 0.35  fLog 0.46  pdΔ -0.1418  pkR 8.33  clip 0.02  kl +0.002
upd  295  steps 9699328  sps 14171  opp buf  loss -0.169  pg +0.0007  v 0.004  ev +0.96  adv_std 0.096  tR +0.17  ent[s/d/p/e] 1.84/2.27/0.90/0.54  emits 1.30  spf 35.9  z0 0.05  garr 37.2  tG 595  e2 0.23  nF 20.2  pS 0.39  ptS 0.38  fLog 0.47  pdΔ -0.1105  pkR 19.46  clip 0.02  kl +0.002
upd  296  steps 9732096  sps 14180  opp strn  loss -0.167  pg -0.0001  v 0.002  ev +0.97  adv_std 0.070  tR +0.31  ent[s/d/p/e] 1.79/2.26/0.86/0.51  emits 1.30  spf 40.6  z0 0.02  garr 43.2  tG 944  e2 0.21  nF 21.2  pS 0.37  ptS 0.37  fLog 0.47  pdΔ -0.1334  pkR 13.49  clip 0.02  kl +0.003
upd  297  steps 9764864  sps 14189  opp strn  loss -0.160  pg +0.0006  v 0.002  ev +0.97  adv_std 0.071  tR -0.06  ent[s/d/p/e] 1.70/2.12/0.87/0.52  emits 1.27  spf 37.3  z0 0.03  garr 39.5  tG 633  e2 0.21  nF 19.0  pS 0.36  ptS 0.37  fLog 0.47  pdΔ -0.1356  pkR 17.53  clip 0.01  kl +0.002
upd  298  steps 9797632  sps 14198  opp frzn  loss -0.148  pg +0.0006  v 0.004  ev +0.93  adv_std 0.092  tR -0.29  ent[s/d/p/e] 1.52/1.97/0.85/0.52  emits 1.30  spf 27.8  z0 0.01  garr 28.9  tG 301  e2 0.21  nF 19.0  pS 0.33  ptS 0.33  fLog 0.44  pdΔ -0.1695  pkR 15.32  clip 0.01  kl +0.002
upd  299  steps 9830400  sps 14207  opp buf  loss -0.163  pg -0.0000  v 0.004  ev +0.96  adv_std 0.090  tR +0.02  ent[s/d/p/e] 1.72/2.19/0.89/0.52  emits 1.27  spf 30.7  z0 0.05  garr 31.4  tG 430  e2 0.21  nF 20.2  pS 0.35  ptS 0.35  fLog 0.45  pdΔ -0.1470  pkR 16.73  clip 0.02  kl +0.002 WRr 0.62 WRf 0.59
[ckpt] saved ./ckpt_multi_action_v11_f41/ckpt_000299.pkl
upd  300  steps 9863168  sps 13943  opp buf  loss -0.184  pg +0.0008  v 0.003  ev +0.97  adv_std 0.077  tR -0.04  ent[s/d/p/e] 2.06/2.49/0.92/0.54  emits 1.26  spf 43.3  z0 0.10  garr 44.3  tG 997  e2 0.23  nF 21.0  pS 0.40  ptS 0.39  fLog 0.49  pdΔ -0.0962  pkR 14.63  clip 0.02  kl +0.002
upd  301  steps 9895936  sps 13958  opp rand  loss -0.166  pg +0.0005  v 0.002  ev +0.97  adv_std 0.071  tR +0.35  ent[s/d/p/e] 1.82/2.27/0.82/0.51  emits 1.29  spf 41.7  z0 0.04  garr 43.8  tG 1031  e2 0.21  nF 21.1  pS 0.38  ptS 0.38  fLog 0.46  pdΔ -0.1172  pkR 14.02  clip 0.02  kl +0.003
upd  302  steps 9928704  sps 13967  opp frzn  loss -0.154  pg +0.0006  v 0.003  ev +0.97  adv_std 0.073  tR +0.04  ent[s/d/p/e] 1.58/2.07/0.84/0.53  emits 1.29  spf 30.7  z0 0.03  garr 32.1  tG 448  e2 0.22  nF 19.8  pS 0.33  ptS 0.34  fLog 0.44  pdΔ -0.1695  pkR 29.67  clip 0.02  kl +0.002
upd  303  steps 9961472  sps 13977  opp buf  loss -0.172  pg +0.0004  v 0.003  ev +0.97  adv_std 0.083  tR -0.11  ent[s/d/p/e] 1.87/2.34/0.89/0.53  emits 1.25  spf 36.6  z0 0.08  garr 36.4  tG 603  e2 0.22  nF 19.8  pS 0.37  ptS 0.36  fLog 0.47  pdΔ -0.1322  pkR 16.94  clip 0.01  kl +0.002
upd  304  steps 9994240  sps 13986  opp frzn  loss -0.161  pg +0.0007  v 0.003  ev +0.97  adv_std 0.076  tR -0.07  ent[s/d/p/e] 1.71/2.20/0.84/0.50  emits 1.25  spf 36.8  z0 0.05  garr 38.2  tG 828  e2 0.20  nF 21.4  pS 0.34  ptS 0.34  fLog 0.45  pdΔ -0.1636  pkR 15.32  clip 0.02  kl +0.003
upd  305  steps 10027008  sps 13995  opp buf  loss -0.170  pg +0.0001  v 0.003  ev +0.97  adv_std 0.073  tR +0.08  ent[s/d/p/e] 1.86/2.24/0.91/0.53  emits 1.26  spf 35.9  z0 0.06  garr 37.8  tG 659  e2 0.22  nF 21.7  pS 0.37  ptS 0.37  fLog 0.46  pdΔ -0.1278  pkR 24.64  clip 0.01  kl +0.002
upd  306  steps 10059776  sps 14004  opp buf  loss -0.187  pg +0.0006  v 0.003  ev +0.97  adv_std 0.084  tR +0.05  ent[s/d/p/e] 2.10/2.58/0.92/0.53  emits 1.24  spf 48.5  z0 0.10  garr 49.3  tG 1212  e2 0.22  nF 22.1  pS 0.40  ptS 0.39  fLog 0.49  pdΔ -0.1036  pkR 11.99  clip 0.02  kl +0.002
upd  307  steps 10092544  sps 14013  opp buf  loss -0.186  pg -0.0001  v 0.002  ev +0.98  adv_std 0.062  tR -0.06  ent[s/d/p/e] 2.04/2.57/0.89/0.53  emits 1.17  spf 47.4  z0 0.15  garr 47.1  tG 1196  e2 0.21  nF 21.2  pS 0.37  ptS 0.36  fLog 0.48  pdΔ -0.1302  pkR 11.11  clip 0.01  kl +0.003
upd  308  steps 10125312  sps 14022  opp frzn  loss -0.166  pg +0.0003  v 0.002  ev +0.97  adv_std 0.071  tR +0.05  ent[s/d/p/e] 1.76/2.27/0.86/0.53  emits 1.27  spf 35.4  z0 0.06  garr 37.1  tG 793  e2 0.22  nF 22.0  pS 0.34  ptS 0.34  fLog 0.45  pdΔ -0.1633  pkR 17.59  clip 0.02  kl +0.002
upd  309  steps 10158080  sps 14036  opp rand  loss -0.160  pg +0.0005  v 0.003  ev +0.97  adv_std 0.074  tR +0.10  ent[s/d/p/e] 1.70/2.15/0.83/0.52  emits 1.31  spf 31.6  z0 0.03  garr 32.5  tG 534  e2 0.22  nF 19.7  pS 0.36  ptS 0.36  fLog 0.45  pdΔ -0.1379  pkR 22.96  clip 0.01  kl +0.002
upd  310  steps 10190848  sps 14045  opp frzn  loss -0.153  pg -0.0000  v 0.003  ev +0.96  adv_std 0.078  tR +0.23  ent[s/d/p/e] 1.54/2.00/0.87/0.55  emits 1.38  spf 27.0  z0 0.01  garr 27.5  tG 286  e2 0.25  nF 20.2  pS 0.32  ptS 0.32  fLog 0.44  pdΔ -0.1776  pkR 10.40  clip 0.02  kl +0.002
upd  311  steps 10223616  sps 14054  opp buf  loss -0.168  pg +0.0015  v 0.003  ev +0.97  adv_std 0.085  tR -0.19  ent[s/d/p/e] 1.81/2.27/0.92/0.54  emits 1.24  spf 36.5  z0 0.08  garr 35.6  tG 552  e2 0.21  nF 18.9  pS 0.37  ptS 0.36  fLog 0.47  pdΔ -0.1314  pkR 21.07  clip 0.02  kl +0.003
upd  312  steps 10256384  sps 14063  opp frzn  loss -0.167  pg +0.0005  v 0.003  ev +0.96  adv_std 0.081  tR +0.29  ent[s/d/p/e] 1.76/2.30/0.87/0.53  emits 1.31  spf 39.6  z0 0.02  garr 41.5  tG 866  e2 0.22  nF 20.3  pS 0.36  ptS 0.36  fLog 0.46  pdΔ -0.1407  pkR 22.32  clip 0.03  kl +0.003
upd  313  steps 10289152  sps 14072  opp strn  loss -0.161  pg +0.0004  v 0.003  ev +0.96  adv_std 0.081  tR -0.04  ent[s/d/p/e] 1.69/2.12/0.91/0.53  emits 1.31  spf 38.1  z0 0.02  garr 40.7  tG 632  e2 0.22  nF 19.0  pS 0.36  ptS 0.36  fLog 0.47  pdΔ -0.1444  pkR 20.13  clip 0.02  kl +0.003
upd  314  steps 10321920  sps 14080  opp buf  loss -0.178  pg +0.0006  v 0.004  ev +0.96  adv_std 0.088  tR -0.13  ent[s/d/p/e] 1.94/2.35/0.98/0.56  emits 1.31  spf 37.5  z0 0.08  garr 36.0  tG 600  e2 0.25  nF 20.2  pS 0.39  ptS 0.38  fLog 0.49  pdΔ -0.1059  pkR 15.50  clip 0.02  kl +0.003
upd  315  steps 10354688  sps 14089  opp buf  loss -0.194  pg +0.0002  v 0.003  ev +0.98  adv_std 0.072  tR +0.12  ent[s/d/p/e] 2.20/2.62/0.97/0.55  emits 1.29  spf 51.5  z0 0.10  garr 52.9  tG 1288  e2 0.24  nF 21.2  pS 0.44  ptS 0.43  fLog 0.51  pdΔ -0.0563  pkR 11.13  clip 0.01  kl +0.002
upd  316  steps 10387456  sps 14097  opp buf  loss -0.198  pg -0.0007  v 0.002  ev +0.98  adv_std 0.061  tR -0.10  ent[s/d/p/e] 2.25/2.63/0.98/0.55  emits 1.32  spf 53.0  z0 0.12  garr 53.0  tG 1422  e2 0.26  nF 21.6  pS 0.44  ptS 0.43  fLog 0.52  pdΔ -0.0612  pkR 10.63  clip 0.03  kl +0.003
upd  317  steps 10420224  sps 14112  opp rand  loss -0.168  pg +0.0007  v 0.003  ev +0.98  adv_std 0.075  tR +0.38  ent[s/d/p/e] 1.82/2.34/0.84/0.50  emits 1.29  spf 42.6  z0 0.05  garr 43.9  tG 1088  e2 0.20  nF 21.5  pS 0.39  ptS 0.38  fLog 0.46  pdΔ -0.1129  pkR 11.74  clip 0.02  kl +0.002
upd  318  steps 10452992  sps 14120  opp strn  loss -0.153  pg +0.0005  v 0.002  ev +0.97  adv_std 0.070  tR +0.18  ent[s/d/p/e] 1.54/2.02/0.90/0.53  emits 1.33  spf 27.6  z0 0.02  garr 27.8  tG 404  e2 0.22  nF 21.2  pS 0.32  ptS 0.32  fLog 0.43  pdΔ -0.1780  pkR 33.03  clip 0.02  kl +0.003
upd  319  steps 10485760  sps 14129  opp frzn  loss -0.152  pg +0.0002  v 0.004  ev +0.94  adv_std 0.092  tR -0.20  ent[s/d/p/e] 1.57/2.01/0.89/0.51  emits 1.29  spf 30.7  z0 0.01  garr 34.0  tG 391  e2 0.21  nF 19.5  pS 0.35  ptS 0.34  fLog 0.44  pdΔ -0.1524  pkR 14.76  clip 0.02  kl +0.003
upd  320  steps 10518528  sps 14137  opp frzn  loss -0.157  pg -0.0003  v 0.004  ev +0.94  adv_std 0.087  tR -0.14  ent[s/d/p/e] 1.63/2.03/0.91/0.54  emits 1.35  spf 29.5  z0 0.00  garr 32.3  tG 359  e2 0.24  nF 20.0  pS 0.36  ptS 0.35  fLog 0.45  pdΔ -0.1429  pkR 12.23  clip 0.02  kl +0.003
upd  321  steps 10551296  sps 14145  opp strn  loss -0.156  pg +0.0003  v 0.004  ev +0.93  adv_std 0.090  tR -0.29  ent[s/d/p/e] 1.65/2.04/0.91/0.53  emits 1.32  spf 34.2  z0 0.01  garr 37.3  tG 433  e2 0.22  nF 19.0  pS 0.36  ptS 0.36  fLog 0.46  pdΔ -0.1399  pkR 9.63  clip 0.02  kl +0.002
upd  322  steps 10584064  sps 14154  opp strn  loss -0.154  pg +0.0007  v 0.003  ev +0.95  adv_std 0.075  tR -0.32  ent[s/d/p/e] 1.61/1.99/0.90/0.53  emits 1.35  spf 29.4  z0 0.01  garr 30.8  tG 343  e2 0.24  nF 19.1  pS 0.34  ptS 0.35  fLog 0.45  pdΔ -0.1577  pkR 13.30  clip 0.02  kl +0.002
upd  323  steps 10616832  sps 14162  opp strn  loss -0.154  pg +0.0008  v 0.004  ev +0.94  adv_std 0.086  tR -0.43  ent[s/d/p/e] 1.61/2.02/0.89/0.53  emits 1.35  spf 30.3  z0 0.01  garr 31.9  tG 349  e2 0.23  nF 19.0  pS 0.34  ptS 0.34  fLog 0.45  pdΔ -0.1576  pkR 9.30  clip 0.02  kl +0.002
upd  324  steps 10649600  sps 14170  opp frzn  loss -0.163  pg +0.0009  v 0.003  ev +0.93  adv_std 0.084  tR -0.13  ent[s/d/p/e] 1.76/2.11/0.93/0.56  emits 1.39  spf 31.9  z0 0.00  garr 34.0  tG 377  e2 0.26  nF 20.4  pS 0.39  ptS 0.38  fLog 0.47  pdΔ -0.1149  pkR 9.73  clip 0.03  kl +0.003
upd  325  steps 10682368  sps 14184  opp rand  loss -0.157  pg +0.0008  v 0.005  ev +0.95  adv_std 0.101  tR +0.24  ent[s/d/p/e] 1.66/2.12/0.86/0.53  emits 1.30  spf 30.7  z0 0.02  garr 32.5  tG 395  e2 0.21  nF 19.1  pS 0.37  ptS 0.37  fLog 0.45  pdΔ -0.1282  pkR 11.11  clip 0.01  kl +0.001
upd  326  steps 10715136  sps 14192  opp strn  loss -0.152  pg +0.0003  v 0.003  ev +0.96  adv_std 0.074  tR +0.37  ent[s/d/p/e] 1.50/2.05/0.85/0.54  emits 1.33  spf 26.6  z0 0.01  garr 27.3  tG 301  e2 0.22  nF 21.0  pS 0.31  ptS 0.31  fLog 0.42  pdΔ -0.1865  pkR 14.07  clip 0.02  kl +0.003
upd  327  steps 10747904  sps 14200  opp frzn  loss -0.159  pg +0.0003  v 0.003  ev +0.95  adv_std 0.078  tR -0.39  ent[s/d/p/e] 1.70/2.04/0.91/0.53  emits 1.33  spf 30.2  z0 0.01  garr 33.3  tG 365  e2 0.23  nF 19.8  pS 0.37  ptS 0.37  fLog 0.46  pdΔ -0.1323  pkR 8.35  clip 0.01  kl +0.002
upd  328  steps 10780672  sps 14208  opp frzn  loss -0.157  pg +0.0003  v 0.003  ev +0.94  adv_std 0.083  tR -0.15  ent[s/d/p/e] 1.66/2.04/0.90/0.54  emits 1.35  spf 31.3  z0 0.00  garr 33.5  tG 371  e2 0.24  nF 20.3  pS 0.37  ptS 0.36  fLog 0.45  pdΔ -0.1349  pkR 8.92  clip 0.01  kl +0.003
upd  329  steps 10813440  sps 14216  opp frzn  loss -0.156  pg +0.0003  v 0.004  ev +0.94  adv_std 0.087  tR -0.33  ent[s/d/p/e] 1.65/2.03/0.89/0.52  emits 1.33  spf 33.4  z0 0.01  garr 35.2  tG 412  e2 0.23  nF 18.5  pS 0.37  ptS 0.37  fLog 0.46  pdΔ -0.1286  pkR 8.78  clip 0.01  kl +0.002
upd  330  steps 10846208  sps 14224  opp strn  loss -0.154  pg +0.0005  v 0.004  ev +0.94  adv_std 0.088  tR -0.08  ent[s/d/p/e] 1.60/2.00/0.88/0.54  emits 1.37  spf 29.7  z0 0.01  garr 31.9  tG 362  e2 0.24  nF 20.5  pS 0.35  ptS 0.34  fLog 0.44  pdΔ -0.1524  pkR 9.95  clip 0.03  kl +0.003
upd  331  steps 10878976  sps 14232  opp buf  loss -0.167  pg -0.0000  v 0.004  ev +0.96  adv_std 0.092  tR +0.10  ent[s/d/p/e] 1.79/2.19/0.94/0.53  emits 1.25  spf 33.2  z0 0.07  garr 33.9  tG 517  e2 0.22  nF 20.6  pS 0.37  ptS 0.36  fLog 0.46  pdΔ -0.1342  pkR 20.14  clip 0.02  kl +0.002
upd  332  steps 10911744  sps 14240  opp buf  loss -0.190  pg +0.0002  v 0.002  ev +0.98  adv_std 0.073  tR +0.01  ent[s/d/p/e] 2.14/2.56/0.93/0.55  emits 1.25  spf 46.2  z0 0.12  garr 46.8  tG 1106  e2 0.23  nF 22.0  pS 0.41  ptS 0.40  fLog 0.50  pdΔ -0.0865  pkR 12.77  clip 0.02  kl +0.002
upd  333  steps 10944512  sps 14248  opp strn  loss -0.169  pg +0.0004  v 0.002  ev +0.97  adv_std 0.067  tR +0.19  ent[s/d/p/e] 1.84/2.22/0.90/0.54  emits 1.34  spf 38.2  z0 0.03  garr 40.0  tG 893  e2 0.24  nF 21.1  pS 0.37  ptS 0.37  fLog 0.46  pdΔ -0.1290  pkR 12.86  clip 0.01  kl +0.003
upd  334  steps 10977280  sps 14256  opp strn  loss -0.161  pg +0.0005  v 0.003  ev +0.96  adv_std 0.074  tR -0.06  ent[s/d/p/e] 1.75/2.06/0.93/0.53  emits 1.34  spf 33.0  z0 0.01  garr 35.9  tG 485  e2 0.24  nF 19.9  pS 0.38  ptS 0.38  fLog 0.46  pdΔ -0.1199  pkR 19.60  clip 0.01  kl +0.002
upd  335  steps 11010048  sps 14263  opp buf  loss -0.177  pg +0.0003  v 0.004  ev +0.97  adv_std 0.087  tR +0.03  ent[s/d/p/e] 1.96/2.37/0.93/0.54  emits 1.27  spf 39.4  z0 0.07  garr 40.0  tG 759  e2 0.23  nF 20.5  pS 0.42  ptS 0.41  fLog 0.48  pdΔ -0.0816  pkR 12.47  clip 0.02  kl +0.003
upd  336  steps 11042816  sps 14271  opp buf  loss -0.187  pg +0.0004  v 0.003  ev +0.98  adv_std 0.073  tR +0.15  ent[s/d/p/e] 2.14/2.53/0.93/0.52  emits 1.24  spf 50.3  z0 0.10  garr 50.5  tG 1235  e2 0.22  nF 21.3  pS 0.43  ptS 0.42  fLog 0.50  pdΔ -0.0735  pkR 10.93  clip 0.02  kl +0.003
upd  337  steps 11075584  sps 14279  opp strn  loss -0.162  pg +0.0003  v 0.002  ev +0.97  adv_std 0.070  tR +0.27  ent[s/d/p/e] 1.72/2.20/0.84/0.52  emits 1.27  spf 36.8  z0 0.04  garr 37.3  tG 831  e2 0.21  nF 21.2  pS 0.34  ptS 0.34  fLog 0.45  pdΔ -0.1581  pkR 14.74  clip 0.02  kl +0.003
upd  338  steps 11108352  sps 14286  opp buf  loss -0.170  pg +0.0005  v 0.003  ev +0.97  adv_std 0.080  tR -0.04  ent[s/d/p/e] 1.83/2.31/0.91/0.53  emits 1.22  spf 37.3  z0 0.08  garr 35.7  tG 674  e2 0.20  nF 20.2  pS 0.37  ptS 0.36  fLog 0.47  pdΔ -0.1320  pkR 15.42  clip 0.01  kl +0.002
upd  339  steps 11141120  sps 14294  opp buf  loss -0.183  pg +0.0001  v 0.003  ev +0.97  adv_std 0.077  tR -0.01  ent[s/d/p/e] 2.02/2.46/0.94/0.53  emits 1.20  spf 45.8  z0 0.12  garr 43.9  tG 1027  e2 0.22  nF 20.9  pS 0.38  ptS 0.37  fLog 0.49  pdΔ -0.1172  pkR 18.94  clip 0.03  kl +0.003
upd  340  steps 11173888  sps 14302  opp buf  loss -0.192  pg +0.0005  v 0.002  ev +0.98  adv_std 0.064  tR -0.06  ent[s/d/p/e] 2.20/2.58/0.94/0.54  emits 1.24  spf 54.8  z0 0.12  garr 54.2  tG 1375  e2 0.23  nF 21.5  pS 0.43  ptS 0.42  fLog 0.51  pdΔ -0.0656  pkR 11.41  clip 0.02  kl +0.002
upd  341  steps 11206656  sps 14309  opp buf  loss -0.191  pg +0.0008  v 0.002  ev +0.99  adv_std 0.062  tR +0.07  ent[s/d/p/e] 2.20/2.61/0.93/0.52  emits 1.21  spf 56.5  z0 0.13  garr 55.6  tG 1487  e2 0.22  nF 21.8  pS 0.44  ptS 0.42  fLog 0.51  pdΔ -0.0650  pkR 11.35  clip 0.02  kl +0.002
upd  342  steps 11239424  sps 14322  opp rand  loss -0.164  pg +0.0008  v 0.002  ev +0.98  adv_std 0.072  tR +0.15  ent[s/d/p/e] 1.79/2.23/0.83/0.51  emits 1.25  spf 44.4  z0 0.08  garr 44.2  tG 1086  e2 0.21  nF 19.6  pS 0.36  ptS 0.36  fLog 0.47  pdΔ -0.1361  pkR 13.60  clip 0.02  kl +0.003
upd  343  steps 11272192  sps 14330  opp strn  loss -0.161  pg +0.0007  v 0.002  ev +0.97  adv_std 0.070  tR +0.32  ent[s/d/p/e] 1.69/2.10/0.91/0.55  emits 1.34  spf 35.1  z0 0.03  garr 35.2  tG 508  e2 0.24  nF 19.9  pS 0.37  ptS 0.37  fLog 0.46  pdΔ -0.1328  pkR 26.62  clip 0.02  kl +0.002
upd  344  steps 11304960  sps 14337  opp buf  loss -0.173  pg +0.0006  v 0.004  ev +0.96  adv_std 0.097  tR +0.06  ent[s/d/p/e] 1.88/2.32/0.93/0.55  emits 1.33  spf 37.0  z0 0.05  garr 35.9  tG 580  e2 0.24  nF 21.2  pS 0.40  ptS 0.40  fLog 0.48  pdΔ -0.0971  pkR 23.60  clip 0.01  kl +0.002
upd  345  steps 11337728  sps 14345  opp buf  loss -0.193  pg -0.0000  v 0.002  ev +0.98  adv_std 0.067  tR +0.10  ent[s/d/p/e] 2.21/2.58/0.94/0.54  emits 1.29  spf 55.2  z0 0.12  garr 53.2  tG 1319  e2 0.24  nF 21.9  pS 0.44  ptS 0.43  fLog 0.51  pdΔ -0.0623  pkR 15.42  clip 0.02  kl +0.003
upd  346  steps 11370496  sps 14352  opp frzn  loss -0.173  pg +0.0008  v 0.002  ev +0.98  adv_std 0.064  tR +0.45  ent[s/d/p/e] 1.88/2.33/0.89/0.55  emits 1.38  spf 36.2  z0 0.04  garr 36.1  tG 811  e2 0.25  nF 22.9  pS 0.37  ptS 0.37  fLog 0.46  pdΔ -0.1321  pkR 17.44  clip 0.03  kl +0.003
upd  347  steps 11403264  sps 14359  opp frzn  loss -0.164  pg +0.0000  v 0.003  ev +0.96  adv_std 0.076  tR -0.01  ent[s/d/p/e] 1.78/2.11/0.91/0.54  emits 1.35  spf 34.5  z0 0.02  garr 35.5  tG 566  e2 0.24  nF 20.4  pS 0.38  ptS 0.38  fLog 0.46  pdΔ -0.1216  pkR 17.58  clip 0.02  kl +0.003
upd  348  steps 11436032  sps 14367  opp strn  loss -0.157  pg +0.0008  v 0.004  ev +0.94  adv_std 0.089  tR -0.03  ent[s/d/p/e] 1.67/2.00/0.93/0.54  emits 1.37  spf 32.0  z0 0.00  garr 32.7  tG 372  e2 0.25  nF 20.4  pS 0.37  ptS 0.37  fLog 0.46  pdΔ -0.1255  pkR 11.89  clip 0.01  kl +0.002
upd  349  steps 11468800  sps 14379  opp rand  loss -0.157  pg +0.0003  v 0.005  ev +0.95  adv_std 0.098  tR +0.17  ent[s/d/p/e] 1.70/2.02/0.88/0.54  emits 1.36  spf 30.7  z0 0.02  garr 31.4  tG 387  e2 0.24  nF 19.4  pS 0.38  ptS 0.38  fLog 0.46  pdΔ -0.1186  pkR 11.48  clip 0.03  kl +0.003 WRr 0.69 WRf 0.34
[ckpt] saved ./ckpt_multi_action_v11_f41/ckpt_000349.pkl
upd  350  steps 11501568  sps 14164  opp rand  loss -0.155  pg +0.0007  v 0.004  ev +0.96  adv_std 0.086  tR +0.43  ent[s/d/p/e] 1.62/2.01/0.88/0.54  emits 1.36  spf 29.0  z0 0.03  garr 29.2  tG 374  e2 0.25  nF 19.9  pS 0.36  ptS 0.36  fLog 0.45  pdΔ -0.1372  pkR 14.07  clip 0.01  kl +0.002
upd  351  steps 11534336  sps 14171  opp frzn  loss -0.161  pg -0.0004  v 0.003  ev +0.95  adv_std 0.078  tR +0.30  ent[s/d/p/e] 1.71/2.02/0.92/0.56  emits 1.42  spf 29.1  z0 0.01  garr 30.8  tG 356  e2 0.27  nF 20.2  pS 0.37  ptS 0.37  fLog 0.46  pdΔ -0.1286  pkR 10.85  clip 0.02  kl +0.002
upd  352  steps 11567104  sps 14179  opp buf  loss -0.178  pg -0.0001  v 0.003  ev +0.97  adv_std 0.081  tR -0.15  ent[s/d/p/e] 1.95/2.34/0.95/0.56  emits 1.34  spf 34.7  z0 0.09  garr 33.6  tG 534  e2 0.26  nF 21.2  pS 0.38  ptS 0.38  fLog 0.48  pdΔ -0.1168  pkR 13.58  clip 0.02  kl +0.003
upd  353  steps 11599872  sps 14186  opp strn  loss -0.169  pg +0.0000  v 0.003  ev +0.97  adv_std 0.074  tR +0.32  ent[s/d/p/e] 1.83/2.25/0.88/0.53  emits 1.36  spf 36.9  z0 0.04  garr 38.2  tG 785  e2 0.24  nF 22.0  pS 0.37  ptS 0.37  fLog 0.46  pdΔ -0.1334  pkR 16.82  clip 0.01  kl +0.002
upd  354  steps 11632640  sps 14194  opp buf  loss -0.172  pg +0.0008  v 0.003  ev +0.97  adv_std 0.077  tR +0.07  ent[s/d/p/e] 1.86/2.30/0.91/0.55  emits 1.32  spf 35.3  z0 0.07  garr 35.1  tG 613  e2 0.24  nF 21.0  pS 0.38  ptS 0.37  fLog 0.47  pdΔ -0.1220  pkR 17.37  clip 0.01  kl +0.002
upd  355  steps 11665408  sps 14201  opp buf  loss -0.180  pg +0.0007  v 0.003  ev +0.97  adv_std 0.086  tR +0.09  ent[s/d/p/e] 2.01/2.44/0.89/0.56  emits 1.30  spf 40.9  z0 0.12  garr 39.3  tG 874  e2 0.25  nF 22.3  pS 0.39  ptS 0.38  fLog 0.48  pdΔ -0.1067  pkR 24.45  clip 0.02  kl +0.002
upd  356  steps 11698176  sps 14209  opp buf  loss -0.197  pg +0.0003  v 0.002  ev +0.98  adv_std 0.069  tR +0.09  ent[s/d/p/e] 2.28/2.66/0.93/0.56  emits 1.34  spf 52.1  z0 0.12  garr 50.8  tG 1307  e2 0.27  nF 22.6  pS 0.46  ptS 0.45  fLog 0.52  pdΔ -0.0438  pkR 9.84  clip 0.02  kl +0.002
upd  357  steps 11730944  sps 14221  opp rand  loss -0.165  pg +0.0007  v 0.003  ev +0.98  adv_std 0.073  tR +0.44  ent[s/d/p/e] 1.79/2.23/0.84/0.53  emits 1.37  spf 36.7  z0 0.05  garr 38.4  tG 900  e2 0.24  nF 22.0  pS 0.37  ptS 0.37  fLog 0.45  pdΔ -0.1293  pkR 14.46  clip 0.01  kl +0.002
upd  358  steps 11763712  sps 14234  opp rand  loss -0.155  pg +0.0005  v 0.003  ev +0.97  adv_std 0.075  tR +0.30  ent[s/d/p/e] 1.59/2.06/0.83/0.55  emits 1.36  spf 26.6  z0 0.04  garr 26.2  tG 404  e2 0.24  nF 21.3  pS 0.34  ptS 0.33  fLog 0.43  pdΔ -0.1624  pkR 27.90  clip 0.01  kl +0.002
upd  359  steps 11796480  sps 14241  opp strn  loss -0.155  pg +0.0006  v 0.003  ev +0.95  adv_std 0.082  tR +0.17  ent[s/d/p/e] 1.61/2.00/0.87/0.56  emits 1.44  spf 26.8  z0 0.01  garr 27.4  tG 307  e2 0.27  nF 19.8  pS 0.34  ptS 0.34  fLog 0.44  pdΔ -0.1553  pkR 10.67  clip 0.02  kl +0.003
upd  360  steps 11829248  sps 14248  opp strn  loss -0.155  pg +0.0013  v 0.004  ev +0.92  adv_std 0.094  tR -0.29  ent[s/d/p/e] 1.67/1.98/0.91/0.54  emits 1.35  spf 31.1  z0 0.00  garr 34.1  tG 366  e2 0.24  nF 18.8  pS 0.36  ptS 0.36  fLog 0.46  pdΔ -0.1382  pkR 10.31  clip 0.01  kl +0.002
upd  361  steps 11862016  sps 14256  opp buf  loss -0.172  pg +0.0007  v 0.004  ev +0.96  adv_std 0.091  tR +0.07  ent[s/d/p/e] 1.87/2.27/0.92/0.57  emits 1.36  spf 32.8  z0 0.06  garr 34.1  tG 599  e2 0.26  nF 21.3  pS 0.37  ptS 0.36  fLog 0.46  pdΔ -0.1268  pkR 22.71  clip 0.01  kl +0.002
upd  362  steps 11894784  sps 14263  opp buf  loss -0.191  pg +0.0004  v 0.002  ev +0.98  adv_std 0.070  tR -0.08  ent[s/d/p/e] 2.16/2.59/0.92/0.56  emits 1.27  spf 47.7  z0 0.14  garr 45.2  tG 1096  e2 0.25  nF 21.7  pS 0.41  ptS 0.39  fLog 0.50  pdΔ -0.0946  pkR 10.88  clip 0.02  kl +0.003
upd  363  steps 11927552  sps 14270  opp strn  loss -0.174  pg +0.0005  v 0.002  ev +0.97  adv_std 0.064  tR +0.30  ent[s/d/p/e] 1.93/2.28/0.91/0.54  emits 1.36  spf 40.3  z0 0.04  garr 45.1  tG 1032  e2 0.25  nF 21.3  pS 0.39  ptS 0.39  fLog 0.48  pdΔ -0.1113  pkR 13.48  clip 0.02  kl +0.003
upd  364  steps 11960320  sps 14277  opp buf  loss -0.177  pg +0.0003  v 0.003  ev +0.97  adv_std 0.076  tR +0.08  ent[s/d/p/e] 1.99/2.32/0.94/0.54  emits 1.30  spf 39.0  z0 0.08  garr 41.3  tG 754  e2 0.24  nF 20.5  pS 0.40  ptS 0.39  fLog 0.48  pdΔ -0.1017  pkR 15.10  clip 0.02  kl +0.003
upd  365  steps 11993088  sps 14289  opp rand  loss -0.160  pg +0.0005  v 0.003  ev +0.97  adv_std 0.081  tR +0.13  ent[s/d/p/e] 1.73/2.18/0.81/0.52  emits 1.26  spf 36.6  z0 0.07  garr 39.5  tG 821  e2 0.21  nF 20.3  pS 0.34  ptS 0.34  fLog 0.45  pdΔ -0.1616  pkR 15.14  clip 0.01  kl +0.002
upd  366  steps 12025856  sps 14296  opp strn  loss -0.161  pg +0.0008  v 0.002  ev +0.97  adv_std 0.067  tR +0.02  ent[s/d/p/e] 1.73/2.09/0.89/0.55  emits 1.35  spf 31.5  z0 0.03  garr 35.0  tG 426  e2 0.25  nF 20.7  pS 0.36  ptS 0.36  fLog 0.45  pdΔ -0.1417  pkR 20.55  clip 0.01  kl +0.002
upd  367  steps 12058624  sps 14308  opp rand  loss -0.164  pg +0.0002  v 0.004  ev +0.95  adv_std 0.090  tR +0.33  ent[s/d/p/e] 1.81/2.12/0.87/0.56  emits 1.38  spf 34.3  z0 0.02  garr 38.8  tG 478  e2 0.25  nF 18.8  pS 0.41  ptS 0.41  fLog 0.48  pdΔ -0.0853  pkR 8.52  clip 0.02  kl +0.003
upd  368  steps 12091392  sps 14315  opp buf  loss -0.179  pg +0.0002  v 0.003  ev +0.97  adv_std 0.083  tR +0.41  ent[s/d/p/e] 2.00/2.34/0.92/0.56  emits 1.43  spf 37.1  z0 0.05  garr 38.5  tG 716  e2 0.28  nF 23.3  pS 0.43  ptS 0.41  fLog 0.48  pdΔ -0.0742  pkR 12.03  clip 0.02  kl +0.002
upd  369  steps 12124160  sps 14322  opp frzn  loss -0.155  pg +0.0004  v 0.003  ev +0.97  adv_std 0.075  tR +0.23  ent[s/d/p/e] 1.66/2.07/0.85/0.48  emits 1.27  spf 32.3  z0 0.03  garr 36.2  tG 757  e2 0.20  nF 21.3  pS 0.33  ptS 0.33  fLog 0.44  pdΔ -0.1691  pkR 15.86  clip 0.03  kl +0.003
upd  370  steps 12156928  sps 14329  opp frzn  loss -0.158  pg +0.0006  v 0.002  ev +0.97  adv_std 0.073  tR -0.13  ent[s/d/p/e] 1.72/2.01/0.93/0.50  emits 1.31  spf 33.2  z0 0.01  garr 36.8  tG 487  e2 0.22  nF 20.3  pS 0.36  ptS 0.37  fLog 0.46  pdΔ -0.1383  pkR 23.60  clip 0.02  kl +0.003
upd  371  steps 12189696  sps 14336  opp buf  loss -0.168  pg +0.0002  v 0.004  ev +0.96  adv_std 0.093  tR -0.03  ent[s/d/p/e] 1.82/2.23/0.93/0.52  emits 1.25  spf 34.2  z0 0.09  garr 34.1  tG 571  e2 0.22  nF 20.1  pS 0.36  ptS 0.35  fLog 0.46  pdΔ -0.1438  pkR 21.39  clip 0.01  kl +0.002
upd  372  steps 12222464  sps 14343  opp strn  loss -0.167  pg -0.0000  v 0.003  ev +0.97  adv_std 0.073  tR +0.21  ent[s/d/p/e] 1.80/2.21/0.89/0.54  emits 1.32  spf 36.4  z0 0.05  garr 39.4  tG 772  e2 0.24  nF 20.2  pS 0.36  ptS 0.36  fLog 0.47  pdΔ -0.1407  pkR 17.61  clip 0.01  kl +0.002
upd  373  steps 12255232  sps 14350  opp strn  loss -0.163  pg +0.0001  v 0.003  ev +0.95  adv_std 0.079  tR -0.19  ent[s/d/p/e] 1.78/2.07/0.93/0.54  emits 1.38  spf 33.0  z0 0.01  garr 37.1  tG 446  e2 0.25  nF 20.2  pS 0.38  ptS 0.38  fLog 0.47  pdΔ -0.1179  pkR 20.46  clip 0.03  kl +0.003
upd  374  steps 12288000  sps 14357  opp buf  loss -0.175  pg +0.0000  v 0.004  ev +0.96  adv_std 0.096  tR +0.00  ent[s/d/p/e] 1.94/2.35/0.89/0.55  emits 1.33  spf 37.9  z0 0.06  garr 38.5  tG 716  e2 0.25  nF 21.0  pS 0.40  ptS 0.39  fLog 0.48  pdΔ -0.0973  pkR 17.22  clip 0.03  kl +0.003
upd  375  steps 12320768  sps 14364  opp buf  loss -0.185  pg +0.0005  v 0.002  ev +0.98  adv_std 0.071  tR +0.18  ent[s/d/p/e] 2.08/2.55/0.89/0.54  emits 1.26  spf 45.4  z0 0.10  garr 46.0  tG 1127  e2 0.23  nF 21.3  pS 0.40  ptS 0.39  fLog 0.49  pdΔ -0.0960  pkR 12.28  clip 0.01  kl +0.002
upd  376  steps 12353536  sps 14370  opp buf  loss -0.190  pg +0.0009  v 0.003  ev +0.98  adv_std 0.074  tR +0.08  ent[s/d/p/e] 2.17/2.57/0.93/0.55  emits 1.27  spf 47.1  z0 0.12  garr 45.5  tG 1157  e2 0.24  nF 21.6  pS 0.42  ptS 0.41  fLog 0.50  pdΔ -0.0806  pkR 10.90  clip 0.01  kl +0.002
upd  377  steps 12386304  sps 14377  opp frzn  loss -0.165  pg +0.0001  v 0.003  ev +0.97  adv_std 0.080  tR +0.33  ent[s/d/p/e] 1.76/2.23/0.86/0.52  emits 1.27  spf 38.6  z0 0.05  garr 39.8  tG 929  e2 0.21  nF 20.5  pS 0.36  ptS 0.36  fLog 0.46  pdΔ -0.1395  pkR 13.46  clip 0.02  kl +0.002
upd  378  steps 12419072  sps 14384  opp buf  loss -0.180  pg +0.0002  v 0.002  ev +0.98  adv_std 0.069  tR +0.13  ent[s/d/p/e] 1.99/2.38/0.94/0.55  emits 1.31  spf 37.7  z0 0.07  garr 36.8  tG 687  e2 0.25  nF 20.3  pS 0.42  ptS 0.41  fLog 0.49  pdΔ -0.0809  pkR 14.96  clip 0.02  kl +0.002
upd  379  steps 12451840  sps 14390  opp buf  loss -0.189  pg -0.0000  v 0.003  ev +0.97  adv_std 0.082  tR +0.09  ent[s/d/p/e] 2.16/2.52/0.94/0.55  emits 1.29  spf 51.6  z0 0.12  garr 49.6  tG 1217  e2 0.25  nF 20.6  pS 0.44  ptS 0.42  fLog 0.51  pdΔ -0.0643  pkR 11.53  clip 0.02  kl +0.003
upd  380  steps 12484608  sps 14397  opp strn  loss -0.165  pg +0.0003  v 0.002  ev +0.97  adv_std 0.074  tR +0.49  ent[s/d/p/e] 1.78/2.23/0.86/0.52  emits 1.31  spf 35.5  z0 0.03  garr 38.5  tG 837  e2 0.22  nF 21.8  pS 0.37  ptS 0.37  fLog 0.46  pdΔ -0.1349  pkR 16.05  clip 0.01  kl +0.002
upd  381  steps 12517376  sps 14403  opp buf  loss -0.171  pg +0.0001  v 0.003  ev +0.97  adv_std 0.078  tR -0.07  ent[s/d/p/e] 1.86/2.25/0.92/0.53  emits 1.24  spf 34.6  z0 0.10  garr 33.3  tG 595  e2 0.22  nF 20.0  pS 0.36  ptS 0.36  fLog 0.47  pdΔ -0.1355  pkR 20.63  clip 0.02  kl +0.003
upd  382  steps 12550144  sps 14410  opp strn  loss -0.163  pg +0.0004  v 0.003  ev +0.96  adv_std 0.085  tR +0.09  ent[s/d/p/e] 1.76/2.19/0.88/0.52  emits 1.29  spf 32.7  z0 0.04  garr 34.3  tG 645  e2 0.21  nF 20.8  pS 0.35  ptS 0.35  fLog 0.45  pdΔ -0.1529  pkR 14.97  clip 0.01  kl +0.002
upd  383  steps 12582912  sps 14417  opp buf  loss -0.177  pg -0.0001  v 0.003  ev +0.97  adv_std 0.073  tR -0.03  ent[s/d/p/e] 1.97/2.33/0.92/0.54  emits 1.27  spf 39.5  z0 0.09  garr 38.9  tG 735  e2 0.24  nF 20.3  pS 0.40  ptS 0.39  fLog 0.48  pdΔ -0.0999  pkR 14.14  clip 0.02  kl +0.003
upd  384  steps 12615680  sps 14423  opp buf  loss -0.194  pg +0.0009  v 0.003  ev +0.98  adv_std 0.076  tR +0.20  ent[s/d/p/e] 2.28/2.60/0.93/0.54  emits 1.31  spf 51.1  z0 0.09  garr 52.9  tG 1363  e2 0.24  nF 21.7  pS 0.48  ptS 0.47  fLog 0.51  pdΔ -0.0223  pkR 11.06  clip 0.01  kl +0.001
upd  385  steps 12648448  sps 14430  opp buf  loss -0.185  pg +0.0006  v 0.002  ev +0.98  adv_std 0.070  tR +0.06  ent[s/d/p/e] 2.10/2.50/0.92/0.53  emits 1.19  spf 45.7  z0 0.15  garr 43.3  tG 1047  e2 0.21  nF 21.2  pS 0.38  ptS 0.37  fLog 0.49  pdΔ -0.1194  pkR 14.10  clip 0.01  kl +0.002
upd  386  steps 12681216  sps 14436  opp buf  loss -0.191  pg +0.0002  v 0.002  ev +0.98  adv_std 0.066  tR -0.10  ent[s/d/p/e] 2.19/2.56/0.93/0.54  emits 1.22  spf 50.8  z0 0.16  garr 48.7  tG 1275  e2 0.23  nF 20.8  pS 0.41  ptS 0.40  fLog 0.50  pdΔ -0.0932  pkR 17.89  clip 0.02  kl +0.003
upd  387  steps 12713984  sps 14442  opp buf  loss -0.197  pg +0.0006  v 0.002  ev +0.98  adv_std 0.062  tR +0.08  ent[s/d/p/e] 2.31/2.63/0.94/0.57  emits 1.33  spf 51.6  z0 0.12  garr 52.5  tG 1345  e2 0.26  nF 22.1  pS 0.45  ptS 0.45  fLog 0.51  pdΔ -0.0453  pkR 11.01  clip 0.03  kl +0.003
upd  388  steps 12746752  sps 14449  opp strn  loss -0.175  pg +0.0002  v 0.002  ev +0.98  adv_std 0.065  tR +0.43  ent[s/d/p/e] 1.94/2.31/0.88/0.56  emits 1.39  spf 38.9  z0 0.03  garr 43.9  tG 957  e2 0.26  nF 21.6  pS 0.40  ptS 0.40  fLog 0.47  pdΔ -0.0975  pkR 11.64  clip 0.03  kl +0.003
upd  389  steps 12779520  sps 14455  opp buf  loss -0.183  pg +0.0000  v 0.003  ev +0.97  adv_std 0.082  tR +0.06  ent[s/d/p/e] 2.05/2.41/0.92/0.57  emits 1.32  spf 41.4  z0 0.08  garr 42.9  tG 816  e2 0.25  nF 20.0  pS 0.42  ptS 0.41  fLog 0.49  pdΔ -0.0802  pkR 23.51  clip 0.01  kl +0.003
upd  390  steps 12812288  sps 14462  opp buf  loss -0.193  pg +0.0001  v 0.003  ev +0.98  adv_std 0.074  tR +0.19  ent[s/d/p/e] 2.22/2.58/0.93/0.55  emits 1.35  spf 44.7  z0 0.09  garr 46.7  tG 1157  e2 0.26  nF 22.9  pS 0.43  ptS 0.41  fLog 0.50  pdΔ -0.0701  pkR 10.37  clip 0.01  kl +0.002
upd  391  steps 12845056  sps 14468  opp frzn  loss -0.174  pg +0.0008  v 0.002  ev +0.98  adv_std 0.068  tR +0.33  ent[s/d/p/e] 1.91/2.32/0.89/0.55  emits 1.35  spf 37.9  z0 0.05  garr 40.6  tG 944  e2 0.24  nF 22.4  pS 0.39  ptS 0.39  fLog 0.46  pdΔ -0.1140  pkR 13.82  clip 0.01  kl +0.002
upd  392  steps 12877824  sps 14474  opp buf  loss -0.177  pg -0.0001  v 0.003  ev +0.98  adv_std 0.073  tR +0.25  ent[s/d/p/e] 1.94/2.31/0.93/0.56  emits 1.34  spf 37.5  z0 0.07  garr 38.9  tG 704  e2 0.26  nF 20.9  pS 0.39  ptS 0.39  fLog 0.47  pdΔ -0.1068  pkR 16.15  clip 0.02  kl +0.003
upd  393  steps 12910592  sps 14481  opp strn  loss -0.169  pg -0.0001  v 0.003  ev +0.97  adv_std 0.074  tR +0.19  ent[s/d/p/e] 1.85/2.22/0.87/0.55  emits 1.36  spf 38.8  z0 0.03  garr 42.6  tG 827  e2 0.25  nF 20.5  pS 0.38  ptS 0.38  fLog 0.47  pdΔ -0.1205  pkR 12.30  clip 0.02  kl +0.003
upd  394  steps 12943360  sps 14487  opp frzn  loss -0.166  pg +0.0008  v 0.003  ev +0.96  adv_std 0.078  tR -0.01  ent[s/d/p/e] 1.80/2.14/0.88/0.58  emits 1.39  spf 33.3  z0 0.01  garr 37.9  tG 504  e2 0.27  nF 21.1  pS 0.38  ptS 0.38  fLog 0.47  pdΔ -0.1176  pkR 20.97  clip 0.01  kl +0.002
upd  395  steps 12976128  sps 14493  opp strn  loss -0.158  pg +0.0002  v 0.005  ev +0.94  adv_std 0.097  tR +0.01  ent[s/d/p/e] 1.70/2.03/0.88/0.56  emits 1.39  spf 31.4  z0 0.01  garr 34.3  tG 408  e2 0.26  nF 20.0  pS 0.38  ptS 0.38  fLog 0.46  pdΔ -0.1198  pkR 10.93  clip 0.02  kl +0.002
upd  396  steps 13008896  sps 14499  opp buf  loss -0.178  pg +0.0006  v 0.003  ev +0.97  adv_std 0.080  tR +0.27  ent[s/d/p/e] 1.97/2.34/0.93/0.57  emits 1.37  spf 39.4  z0 0.06  garr 40.9  tG 722  e2 0.27  nF 21.1  pS 0.43  ptS 0.42  fLog 0.49  pdΔ -0.0718  pkR 16.27  clip 0.01  kl +0.001
upd  397  steps 13041664  sps 14505  opp frzn  loss -0.163  pg +0.0009  v 0.003  ev +0.97  adv_std 0.079  tR +0.35  ent[s/d/p/e] 1.75/2.19/0.86/0.54  emits 1.33  spf 34.8  z0 0.04  garr 37.1  tG 796  e2 0.23  nF 22.2  pS 0.35  ptS 0.35  fLog 0.45  pdΔ -0.1529  pkR 15.90  clip 0.01  kl +0.002
upd  398  steps 13074432  sps 14512  opp frzn  loss -0.166  pg +0.0003  v 0.002  ev +0.96  adv_std 0.071  tR +0.00  ent[s/d/p/e] 1.83/2.10/0.91/0.56  emits 1.40  spf 35.0  z0 0.01  garr 38.6  tG 497  e2 0.27  nF 20.6  pS 0.40  ptS 0.40  fLog 0.48  pdΔ -0.1028  pkR 19.61  clip 0.02  kl +0.002
upd  399  steps 13107200  sps 14518  opp frzn  loss -0.157  pg +0.0004  v 0.004  ev +0.93  adv_std 0.095  tR -0.19  ent[s/d/p/e] 1.69/1.99/0.88/0.56  emits 1.43  spf 31.9  z0 0.01  garr 33.6  tG 381  e2 0.27  nF 20.3  pS 0.37  ptS 0.37  fLog 0.46  pdΔ -0.1283  pkR 10.44  clip 0.02  kl +0.002 WRr 0.75 WRf 0.38
[ckpt] saved ./ckpt_multi_action_v11_f41/ckpt_000399.pkl
upd  400  steps 13139968  sps 14319  opp buf  loss -0.166  pg +0.0006  v 0.004  ev +0.96  adv_std 0.090  tR -0.17  ent[s/d/p/e] 1.79/2.20/0.90/0.54  emits 1.27  spf 32.5  z0 0.08  garr 31.5  tG 489  e2 0.23  nF 20.4  pS 0.35  ptS 0.35  fLog 0.46  pdΔ -0.1468  pkR 21.36  clip 0.02  kl +0.002
upd  401  steps 13172736  sps 14326  opp frzn  loss -0.155  pg +0.0003  v 0.003  ev +0.97  adv_std 0.078  tR +0.19  ent[s/d/p/e] 1.63/2.10/0.84/0.50  emits 1.27  spf 32.7  z0 0.04  garr 33.0  tG 681  e2 0.20  nF 20.8  pS 0.33  ptS 0.33  fLog 0.44  pdΔ -0.1721  pkR 18.69  clip 0.02  kl +0.002
upd  402  steps 13205504  sps 14337  opp rand  loss -0.157  pg +0.0004  v 0.003  ev +0.97  adv_std 0.074  tR +0.01  ent[s/d/p/e] 1.62/2.09/0.84/0.54  emits 1.32  spf 31.4  z0 0.04  garr 31.1  tG 460  e2 0.23  nF 20.0  pS 0.36  ptS 0.35  fLog 0.45  pdΔ -0.1436  pkR 21.55  clip 0.01  kl +0.002
upd  403  steps 13238272  sps 14348  opp rand  loss -0.155  pg -0.0002  v 0.003  ev +0.97  adv_std 0.079  tR +0.33  ent[s/d/p/e] 1.59/2.00/0.85/0.57  emits 1.40  spf 26.1  z0 0.02  garr 26.2  tG 307  e2 0.26  nF 19.9  pS 0.35  ptS 0.34  fLog 0.44  pdΔ -0.1499  pkR 10.82  clip 0.01  kl +0.001
upd  404  steps 13271040  sps 14354  opp frzn  loss -0.155  pg +0.0010  v 0.003  ev +0.96  adv_std 0.076  tR +0.24  ent[s/d/p/e] 1.63/1.94/0.91/0.57  emits 1.43  spf 29.2  z0 0.01  garr 30.1  tG 340  e2 0.28  nF 19.8  pS 0.35  ptS 0.35  fLog 0.45  pdΔ -0.1522  pkR 14.36  clip 0.01  kl +0.002
upd  405  steps 13303808  sps 14360  opp buf  loss -0.174  pg +0.0006  v 0.004  ev +0.97  adv_std 0.088  tR +0.01  ent[s/d/p/e] 1.94/2.25/0.95/0.57  emits 1.41  spf 38.5  z0 0.05  garr 40.7  tG 673  e2 0.28  nF 20.2  pS 0.42  ptS 0.41  fLog 0.49  pdΔ -0.0823  pkR 18.52  clip 0.01  kl +0.003
upd  406  steps 13336576  sps 14367  opp frzn  loss -0.173  pg +0.0001  v 0.002  ev +0.98  adv_std 0.065  tR +0.33  ent[s/d/p/e] 1.86/2.29/0.92/0.55  emits 1.36  spf 38.6  z0 0.03  garr 41.3  tG 845  e2 0.25  nF 21.7  pS 0.39  ptS 0.39  fLog 0.47  pdΔ -0.1112  pkR 14.38  clip 0.02  kl +0.003
upd  407  steps 13369344  sps 14373  opp strn  loss -0.159  pg +0.0007  v 0.003  ev +0.96  adv_std 0.075  tR +0.12  ent[s/d/p/e] 1.69/2.04/0.90/0.56  emits 1.38  spf 33.5  z0 0.02  garr 36.3  tG 500  e2 0.26  nF 20.0  pS 0.36  ptS 0.36  fLog 0.46  pdΔ -0.1382  pkR 16.41  clip 0.02  kl +0.003
upd  408  steps 13402112  sps 14379  opp buf  loss -0.172  pg +0.0010  v 0.004  ev +0.96  adv_std 0.089  tR -0.03  ent[s/d/p/e] 1.87/2.27/0.93/0.57  emits 1.31  spf 33.4  z0 0.08  garr 33.3  tG 521  e2 0.25  nF 20.6  pS 0.38  ptS 0.37  fLog 0.47  pdΔ -0.1179  pkR 22.92  clip 0.01  kl +0.002
upd  409  steps 13434880  sps 14385  opp buf  loss -0.183  pg +0.0012  v 0.002  ev +0.98  adv_std 0.070  tR +0.08  ent[s/d/p/e] 2.07/2.48/0.91/0.54  emits 1.22  spf 44.4  z0 0.11  garr 44.8  tG 1031  e2 0.22  nF 21.3  pS 0.43  ptS 0.42  fLog 0.49  pdΔ -0.0695  pkR 11.91  clip 0.02  kl +0.002
upd  410  steps 13467648  sps 14392  opp buf  loss -0.190  pg +0.0000  v 0.002  ev +0.99  adv_std 0.061  tR +0.24  ent[s/d/p/e] 2.16/2.56/0.95/0.53  emits 1.24  spf 51.4  z0 0.11  garr 52.3  tG 1337  e2 0.22  nF 22.0  pS 0.44  ptS 0.43  fLog 0.51  pdΔ -0.0588  pkR 9.70  clip 0.02  kl +0.002
upd  411  steps 13500416  sps 14398  opp buf  loss -0.189  pg +0.0008  v 0.002  ev +0.99  adv_std 0.061  tR +0.03  ent[s/d/p/e] 2.14/2.57/0.95/0.53  emits 1.20  spf 50.8  z0 0.14  garr 49.5  tG 1340  e2 0.21  nF 21.0  pS 0.42  ptS 0.41  fLog 0.50  pdΔ -0.0778  pkR 8.78  clip 0.01  kl +0.002
upd  412  steps 13533184  sps 14404  opp strn  loss -0.160  pg +0.0006  v 0.002  ev +0.97  adv_std 0.068  tR +0.18  ent[s/d/p/e] 1.67/2.13/0.88/0.53  emits 1.29  spf 33.7  z0 0.05  garr 34.2  tG 690  e2 0.22  nF 20.1  pS 0.34  ptS 0.34  fLog 0.44  pdΔ -0.1637  pkR 16.63  clip 0.01  kl +0.002
upd  413  steps 13565952  sps 14410  opp buf  loss -0.175  pg +0.0002  v 0.003  ev +0.98  adv_std 0.076  tR +0.14  ent[s/d/p/e] 1.87/2.32/0.94/0.56  emits 1.28  spf 34.8  z0 0.08  garr 34.0  tG 598  e2 0.24  nF 20.2  pS 0.38  ptS 0.37  fLog 0.47  pdΔ -0.1241  pkR 17.56  clip 0.02  kl +0.003
upd  414  steps 13598720  sps 14416  opp frzn  loss -0.168  pg +0.0002  v 0.002  ev +0.97  adv_std 0.074  tR +0.15  ent[s/d/p/e] 1.78/2.28/0.86/0.54  emits 1.33  spf 36.0  z0 0.04  garr 36.5  tG 811  e2 0.23  nF 23.0  pS 0.37  ptS 0.37  fLog 0.45  pdΔ -0.1328  pkR 12.91  clip 0.02  kl +0.001
upd  415  steps 13631488  sps 14422  opp frzn  loss -0.166  pg +0.0003  v 0.003  ev +0.96  adv_std 0.073  tR +0.00  ent[s/d/p/e] 1.76/2.14/0.93/0.56  emits 1.36  spf 34.8  z0 0.01  garr 36.3  tG 523  e2 0.25  nF 21.0  pS 0.39  ptS 0.40  fLog 0.47  pdΔ -0.1053  pkR 21.23  clip 0.01  kl +0.002
upd  416  steps 13664256  sps 14428  opp frzn  loss -0.149  pg +0.0012  v 0.003  ev +0.94  adv_std 0.086  tR -0.18  ent[s/d/p/e] 1.52/1.91/0.91/0.55  emits 1.35  spf 28.2  z0 0.00  garr 28.6  tG 302  e2 0.24  nF 18.8  pS 0.33  ptS 0.33  fLog 0.45  pdΔ -0.1683  pkR 9.18  clip 0.02  kl +0.003
upd  417  steps 13697024  sps 14434  opp buf  loss -0.172  pg +0.0005  v 0.003  ev +0.97  adv_std 0.085  tR +0.00  ent[s/d/p/e] 1.84/2.27/0.97/0.55  emits 1.26  spf 36.3  z0 0.08  garr 35.6  tG 567  e2 0.23  nF 19.6  pS 0.38  ptS 0.37  fLog 0.47  pdΔ -0.1227  pkR 18.41  clip 0.01  kl +0.002
upd  418  steps 13729792  sps 14440  opp frzn  loss -0.161  pg +0.0004  v 0.003  ev +0.97  adv_std 0.075  tR +0.22  ent[s/d/p/e] 1.68/2.18/0.89/0.51  emits 1.26  spf 35.0  z0 0.04  garr 35.7  tG 731  e2 0.21  nF 21.0  pS 0.33  ptS 0.34  fLog 0.44  pdΔ -0.1695  pkR 17.72  clip 0.02  kl +0.003
upd  419  steps 13762560  sps 14446  opp buf  loss -0.169  pg +0.0010  v 0.003  ev +0.98  adv_std 0.074  tR -0.06  ent[s/d/p/e] 1.80/2.26/0.94/0.53  emits 1.23  spf 35.3  z0 0.09  garr 35.4  tG 621  e2 0.21  nF 19.8  pS 0.36  ptS 0.35  fLog 0.46  pdΔ -0.1406  pkR 19.65  clip 0.02  kl +0.002
upd  420  steps 13795328  sps 14452  opp buf  loss -0.190  pg +0.0002  v 0.003  ev +0.98  adv_std 0.074  tR +0.07  ent[s/d/p/e] 2.15/2.54/0.98/0.55  emits 1.23  spf 48.3  z0 0.10  garr 51.0  tG 1206  e2 0.22  nF 20.2  pS 0.44  ptS 0.42  fLog 0.50  pdΔ -0.0648  pkR 14.31  clip 0.02  kl +0.002
upd  421  steps 13828096  sps 14458  opp strn  loss -0.177  pg +0.0011  v 0.002  ev +0.98  adv_std 0.063  tR +0.47  ent[s/d/p/e] 1.97/2.36/0.93/0.54  emits 1.34  spf 46.3  z0 0.03  garr 50.6  tG 1206  e2 0.24  nF 22.1  pS 0.40  ptS 0.41  fLog 0.48  pdΔ -0.0969  pkR 18.57  clip 0.02  kl +0.003
upd  422  steps 13860864  sps 14464  opp buf  loss -0.180  pg +0.0001  v 0.002  ev +0.98  adv_std 0.072  tR +0.03  ent[s/d/p/e] 1.98/2.35/0.97/0.56  emits 1.26  spf 40.6  z0 0.09  garr 41.0  tG 788  e2 0.24  nF 19.7  pS 0.40  ptS 0.39  fLog 0.49  pdΔ -0.0972  pkR 17.43  clip 0.02  kl +0.002
upd  423  steps 13893632  sps 14469  opp strn  loss -0.168  pg -0.0003  v 0.003  ev +0.97  adv_std 0.076  tR +0.43  ent[s/d/p/e] 1.81/2.20/0.92/0.54  emits 1.33  spf 39.7  z0 0.02  garr 43.7  tG 949  e2 0.23  nF 20.4  pS 0.40  ptS 0.39  fLog 0.47  pdΔ -0.1012  pkR 13.45  clip 0.03  kl +0.003
upd  424  steps 13926400  sps 14475  opp strn  loss -0.165  pg -0.0004  v 0.002  ev +0.97  adv_std 0.064  tR +0.03  ent[s/d/p/e] 1.72/2.10/0.94/0.56  emits 1.35  spf 34.8  z0 0.02  garr 37.0  tG 486  e2 0.25  nF 19.9  pS 0.37  ptS 0.37  fLog 0.47  pdΔ -0.1286  pkR 18.41  clip 0.03  kl +0.002
upd  425  steps 13959168  sps 14481  opp strn  loss -0.159  pg +0.0001  v 0.004  ev +0.94  adv_std 0.089  tR -0.15  ent[s/d/p/e] 1.65/2.02/0.92/0.57  emits 1.38  spf 31.8  z0 0.00  garr 33.2  tG 362  e2 0.26  nF 19.7  pS 0.37  ptS 0.36  fLog 0.46  pdΔ -0.1320  pkR 6.86  clip 0.02  kl +0.002
upd  426  steps 13991936  sps 14491  opp rand  loss -0.158  pg -0.0001  v 0.004  ev +0.96  adv_std 0.090  tR +0.35  ent[s/d/p/e] 1.65/2.06/0.88/0.55  emits 1.32  spf 31.9  z0 0.02  garr 33.0  tG 415  e2 0.23  nF 19.4  pS 0.38  ptS 0.37  fLog 0.46  pdΔ -0.1228  pkR 11.18  clip 0.02  kl +0.003
upd  427  steps 14024704  sps 14497  opp strn  loss -0.155  pg +0.0006  v 0.003  ev +0.96  adv_std 0.082  tR +0.37  ent[s/d/p/e] 1.59/2.02/0.87/0.56  emits 1.38  spf 29.8  z0 0.01  garr 30.6  tG 359  e2 0.26  nF 20.1  pS 0.35  ptS 0.35  fLog 0.45  pdΔ -0.1491  pkR 12.38  clip 0.02  kl +0.001
upd  428  steps 14057472  sps 14503  opp buf  loss -0.176  pg -0.0001  v 0.004  ev +0.96  adv_std 0.090  tR -0.04  ent[s/d/p/e] 1.92/2.33/0.94/0.56  emits 1.28  spf 37.2  z0 0.07  garr 37.5  tG 621  e2 0.24  nF 20.0  pS 0.40  ptS 0.39  fLog 0.48  pdΔ -0.1020  pkR 16.16  clip 0.01  kl +0.002
upd  429  steps 14090240  sps 14509  opp strn  loss -0.163  pg +0.0001  v 0.003  ev +0.97  adv_std 0.077  tR +0.17  ent[s/d/p/e] 1.73/2.17/0.87/0.54  emits 1.31  spf 33.7  z0 0.04  garr 35.6  tG 708  e2 0.23  nF 21.0  pS 0.35  ptS 0.35  fLog 0.45  pdΔ -0.1481  pkR 15.96  clip 0.02  kl +0.002
upd  430  steps 14123008  sps 14519  opp rand  loss -0.156  pg -0.0003  v 0.003  ev +0.96  adv_std 0.083  tR +0.35  ent[s/d/p/e] 1.67/2.02/0.86/0.53  emits 1.31  spf 33.4  z0 0.03  garr 35.3  tG 555  e2 0.23  nF 19.6  pS 0.35  ptS 0.35  fLog 0.45  pdΔ -0.1477  pkR 21.74  clip 0.02  kl +0.003
upd  431  steps 14155776  sps 14524  opp strn  loss -0.154  pg +0.0003  v 0.003  ev +0.96  adv_std 0.080  tR -0.01  ent[s/d/p/e] 1.58/1.98/0.88/0.57  emits 1.37  spf 28.2  z0 0.01  garr 29.0  tG 322  e2 0.25  nF 20.2  pS 0.34  ptS 0.33  fLog 0.44  pdΔ -0.1629  pkR 12.46  clip 0.02  kl +0.002
upd  432  steps 14188544  sps 14530  opp strn  loss -0.161  pg +0.0002  v 0.003  ev +0.96  adv_std 0.082  tR -0.14  ent[s/d/p/e] 1.73/2.09/0.89/0.55  emits 1.34  spf 36.3  z0 0.01  garr 38.4  tG 473  e2 0.24  nF 17.9  pS 0.39  ptS 0.39  fLog 0.47  pdΔ -0.1051  pkR 10.25  clip 0.01  kl +0.002
upd  433  steps 14221312  sps 14536  opp frzn  loss -0.158  pg -0.0004  v 0.004  ev +0.92  adv_std 0.093  tR -0.09  ent[s/d/p/e] 1.66/2.02/0.89/0.56  emits 1.39  spf 31.5  z0 0.00  garr 32.7  tG 368  e2 0.26  nF 19.7  pS 0.36  ptS 0.36  fLog 0.46  pdΔ -0.1352  pkR 13.79  clip 0.03  kl +0.002
upd  434  steps 14254080  sps 14541  opp frzn  loss -0.159  pg -0.0001  v 0.004  ev +0.94  adv_std 0.089  tR -0.07  ent[s/d/p/e] 1.68/2.06/0.87/0.56  emits 1.38  spf 34.7  z0 0.00  garr 36.0  tG 416  e2 0.26  nF 19.8  pS 0.37  ptS 0.38  fLog 0.46  pdΔ -0.1276  pkR 13.57  clip 0.03  kl +0.003
upd  435  steps 14286848  sps 14547  opp buf  loss -0.165  pg +0.0011  v 0.004  ev +0.96  adv_std 0.097  tR -0.04  ent[s/d/p/e] 1.78/2.21/0.89/0.54  emits 1.24  spf 34.4  z0 0.08  garr 33.2  tG 583  e2 0.22  nF 20.5  pS 0.36  ptS 0.34  fLog 0.46  pdΔ -0.1443  pkR 18.20  clip 0.02  kl +0.002
upd  436  steps 14319616  sps 14552  opp strn  loss -0.154  pg +0.0009  v 0.003  ev +0.96  adv_std 0.080  tR +0.06  ent[s/d/p/e] 1.65/2.06/0.85/0.50  emits 1.25  spf 33.2  z0 0.03  garr 34.0  tG 684  e2 0.19  nF 20.1  pS 0.32  ptS 0.33  fLog 0.44  pdΔ -0.1762  pkR 17.51  clip 0.01  kl +0.002
upd  437  steps 14352384  sps 14558  opp frzn  loss -0.165  pg +0.0009  v 0.002  ev +0.97  adv_std 0.067  tR +0.14  ent[s/d/p/e] 1.82/2.11/0.92/0.55  emits 1.35  spf 37.5  z0 0.01  garr 38.3  tG 551  e2 0.25  nF 19.6  pS 0.40  ptS 0.40  fLog 0.48  pdΔ -0.1013  pkR 17.02  clip 0.01  kl +0.002
upd  438  steps 14385152  sps 14563  opp buf  loss -0.170  pg +0.0008  v 0.004  ev +0.96  adv_std 0.088  tR +0.12  ent[s/d/p/e] 1.84/2.28/0.92/0.54  emits 1.27  spf 39.8  z0 0.05  garr 38.5  tG 660  e2 0.22  nF 18.6  pS 0.39  ptS 0.39  fLog 0.48  pdΔ -0.1067  pkR 17.38  clip 0.02  kl +0.002
upd  439  steps 14417920  sps 14573  opp rand  loss -0.155  pg -0.0003  v 0.003  ev +0.97  adv_std 0.081  tR +0.17  ent[s/d/p/e] 1.60/2.16/0.77/0.51  emits 1.18  spf 35.9  z0 0.08  garr 34.1  tG 741  e2 0.18  nF 19.9  pS 0.34  ptS 0.33  fLog 0.44  pdΔ -0.1640  pkR 18.62  clip 0.03  kl +0.003
upd  440  steps 14450688  sps 14583  opp rand  loss -0.158  pg +0.0004  v 0.003  ev +0.96  adv_std 0.079  tR +0.53  ent[s/d/p/e] 1.68/2.07/0.84/0.55  emits 1.34  spf 30.9  z0 0.03  garr 32.0  tG 457  e2 0.24  nF 19.0  pS 0.39  ptS 0.38  fLog 0.45  pdΔ -0.1100  pkR 20.38  clip 0.02  kl +0.002
upd  441  steps 14483456  sps 14589  opp buf  loss -0.169  pg +0.0007  v 0.002  ev +0.98  adv_std 0.072  tR -0.01  ent[s/d/p/e] 1.82/2.25/0.91/0.55  emits 1.24  spf 36.4  z0 0.09  garr 34.2  tG 568  e2 0.22  nF 20.0  pS 0.38  ptS 0.37  fLog 0.47  pdΔ -0.1250  pkR 17.35  clip 0.02  kl +0.002
upd  442  steps 14516224  sps 14594  opp buf  loss -0.178  pg +0.0009  v 0.003  ev +0.97  adv_std 0.078  tR +0.01  ent[s/d/p/e] 1.98/2.41/0.90/0.53  emits 1.20  spf 42.2  z0 0.12  garr 40.0  tG 849  e2 0.21  nF 20.1  pS 0.38  ptS 0.37  fLog 0.48  pdΔ -0.1199  pkR 12.55  clip 0.01  kl +0.002
upd  443  steps 14548992  sps 14599  opp buf  loss -0.187  pg +0.0001  v 0.002  ev +0.98  adv_std 0.063  tR +0.03  ent[s/d/p/e] 2.11/2.51/0.91/0.55  emits 1.24  spf 45.5  z0 0.13  garr 43.9  tG 1047  e2 0.23  nF 21.3  pS 0.40  ptS 0.39  fLog 0.49  pdΔ -0.0983  pkR 10.19  clip 0.02  kl +0.004
upd  444  steps 14581760  sps 14605  opp frzn  loss -0.171  pg -0.0001  v 0.002  ev +0.98  adv_std 0.062  tR +0.18  ent[s/d/p/e] 1.86/2.25/0.89/0.55  emits 1.33  spf 38.3  z0 0.04  garr 39.4  tG 779  e2 0.24  nF 20.8  pS 0.38  ptS 0.38  fLog 0.47  pdΔ -0.1231  pkR 13.40  clip 0.02  kl +0.002
upd  445  steps 14614528  sps 14610  opp strn  loss -0.163  pg +0.0007  v 0.003  ev +0.96  adv_std 0.076  tR +0.04  ent[s/d/p/e] 1.75/2.09/0.90/0.56  emits 1.37  spf 35.5  z0 0.01  garr 38.0  tG 527  e2 0.25  nF 19.3  pS 0.38  ptS 0.38  fLog 0.47  pdΔ -0.1219  pkR 15.54  clip 0.01  kl +0.002
upd  446  steps 14647296  sps 14615  opp buf  loss -0.165  pg +0.0005  v 0.004  ev +0.96  adv_std 0.091  tR -0.05  ent[s/d/p/e] 1.81/2.17/0.90/0.54  emits 1.28  spf 32.6  z0 0.08  garr 33.1  tG 514  e2 0.24  nF 20.2  pS 0.35  ptS 0.34  fLog 0.46  pdΔ -0.1507  pkR 16.34  clip 0.00  kl +0.002
upd  447  steps 14680064  sps 14621  opp buf  loss -0.185  pg -0.0001  v 0.002  ev +0.98  adv_std 0.069  tR -0.11  ent[s/d/p/e] 2.07/2.47/0.91/0.55  emits 1.25  spf 45.5  z0 0.13  garr 44.5  tG 1060  e2 0.24  nF 21.4  pS 0.38  ptS 0.37  fLog 0.48  pdΔ -0.1190  pkR 12.16  clip 0.03  kl +0.003
upd  448  steps 14712832  sps 14626  opp buf  loss -0.191  pg +0.0003  v 0.002  ev +0.98  adv_std 0.061  tR +0.00  ent[s/d/p/e] 2.17/2.56/0.92/0.56  emits 1.28  spf 53.0  z0 0.12  garr 53.7  tG 1398  e2 0.25  nF 20.6  pS 0.42  ptS 0.41  fLog 0.50  pdΔ -0.0814  pkR 13.80  clip 0.02  kl +0.003
upd  449  steps 14745600  sps 14631  opp buf  loss -0.184  pg +0.0005  v 0.002  ev +0.98  adv_std 0.067  tR +0.10  ent[s/d/p/e] 2.07/2.49/0.89/0.55  emits 1.26  spf 46.2  z0 0.12  garr 45.8  tG 1101  e2 0.24  nF 21.1  pS 0.40  ptS 0.39  fLog 0.49  pdΔ -0.1007  pkR 14.33  clip 0.01  kl +0.002 WRr 0.75 WRf 0.75
[ckpt] saved ./ckpt_multi_action_v11_f41/ckpt_000449.pkl
upd  450  steps 14778368  sps 14439  opp strn  loss -0.163  pg -0.0005  v 0.002  ev +0.97  adv_std 0.070  tR +0.29  ent[s/d/p/e] 1.73/2.17/0.86/0.53  emits 1.31  spf 35.3  z0 0.04  garr 36.8  tG 769  e2 0.22  nF 22.3  pS 0.33  ptS 0.33  fLog 0.45  pdΔ -0.1705  pkR 16.46  clip 0.02  kl +0.002
upd  451  steps 14811136  sps 14445  opp frzn  loss -0.160  pg -0.0001  v 0.003  ev +0.95  adv_std 0.081  tR -0.30  ent[s/d/p/e] 1.73/2.06/0.88/0.54  emits 1.35  spf 35.9  z0 0.02  garr 37.7  tG 516  e2 0.24  nF 20.9  pS 0.35  ptS 0.36  fLog 0.47  pdΔ -0.1461  pkR 17.52  clip 0.02  kl +0.003
upd  452  steps 14843904  sps 14450  opp buf  loss -0.175  pg +0.0002  v 0.004  ev +0.96  adv_std 0.086  tR -0.08  ent[s/d/p/e] 1.91/2.29/0.92/0.58  emits 1.38  spf 34.5  z0 0.06  garr 33.8  tG 478  e2 0.28  nF 21.8  pS 0.39  ptS 0.38  fLog 0.48  pdΔ -0.1121  pkR 12.40  clip 0.02  kl +0.002
upd  453  steps 14876672  sps 14456  opp frzn  loss -0.167  pg +0.0007  v 0.003  ev +0.97  adv_std 0.074  tR +0.22  ent[s/d/p/e] 1.81/2.21/0.87/0.55  emits 1.35  spf 36.7  z0 0.04  garr 37.3  tG 727  e2 0.25  nF 21.2  pS 0.37  ptS 0.38  fLog 0.47  pdΔ -0.1281  pkR 13.64  clip 0.02  kl +0.003
upd  454  steps 14909440  sps 14461  opp frzn  loss -0.170  pg +0.0003  v 0.002  ev +0.96  adv_std 0.066  tR -0.11  ent[s/d/p/e] 1.88/2.13/0.92/0.58  emits 1.45  spf 34.7  z0 0.01  garr 35.9  tG 449  e2 0.29  nF 19.8  pS 0.41  ptS 0.42  fLog 0.48  pdΔ -0.0881  pkR 18.09  clip 0.03  kl +0.003
upd  455  steps 14942208  sps 14467  opp frzn  loss -0.154  pg +0.0005  v 0.003  ev +0.95  adv_std 0.084  tR -0.09  ent[s/d/p/e] 1.60/2.00/0.88/0.55  emits 1.36  spf 29.0  z0 0.00  garr 29.0  tG 316  e2 0.24  nF 20.4  pS 0.35  ptS 0.35  fLog 0.45  pdΔ -0.1510  pkR 9.90  clip 0.02  kl +0.003
upd  456  steps 14974976  sps 14476  opp rand  loss -0.155  pg +0.0003  v 0.004  ev +0.95  adv_std 0.102  tR +0.42  ent[s/d/p/e] 1.64/2.04/0.84/0.56  emits 1.37  spf 28.2  z0 0.02  garr 27.6  tG 330  e2 0.25  nF 19.2  pS 0.37  ptS 0.36  fLog 0.45  pdΔ -0.1345  pkR 12.93  clip 0.02  kl +0.002
upd  457  steps 15007744  sps 14486  opp rand  loss -0.150  pg +0.0001  v 0.004  ev +0.96  adv_std 0.088  tR +0.47  ent[s/d/p/e] 1.55/1.94/0.84/0.54  emits 1.38  spf 26.5  z0 0.02  garr 25.5  tG 317  e2 0.25  nF 19.3  pS 0.35  ptS 0.34  fLog 0.44  pdΔ -0.1497  pkR 14.98  clip 0.02  kl +0.003
upd  458  steps 15040512  sps 14491  opp buf  loss -0.171  pg +0.0007  v 0.003  ev +0.97  adv_std 0.081  tR +0.22  ent[s/d/p/e] 1.85/2.25/0.94/0.56  emits 1.36  spf 33.8  z0 0.07  garr 32.1  tG 525  e2 0.26  nF 21.7  pS 0.38  ptS 0.37  fLog 0.47  pdΔ -0.1157  pkR 23.01  clip 0.02  kl +0.003
upd  459  steps 15073280  sps 14497  opp strn  loss -0.169  pg +0.0005  v 0.003  ev +0.97  adv_std 0.077  tR +0.24  ent[s/d/p/e] 1.85/2.20/0.92/0.54  emits 1.35  spf 39.0  z0 0.03  garr 38.6  tG 802  e2 0.24  nF 21.7  pS 0.40  ptS 0.40  fLog 0.47  pdΔ -0.1037  pkR 14.11  clip 0.01  kl +0.002
upd  460  steps 15106048  sps 14502  opp strn  loss -0.155  pg +0.0006  v 0.002  ev +0.97  adv_std 0.072  tR +0.21  ent[s/d/p/e] 1.64/1.99/0.91/0.53  emits 1.35  spf 33.1  z0 0.01  garr 32.5  tG 486  e2 0.23  nF 20.9  pS 0.35  ptS 0.36  fLog 0.45  pdΔ -0.1522  pkR 21.34  clip 0.01  kl +0.002
upd  461  steps 15138816  sps 14511  opp rand  loss -0.150  pg +0.0002  v 0.005  ev +0.95  adv_std 0.099  tR +0.24  ent[s/d/p/e] 1.56/1.94/0.85/0.55  emits 1.36  spf 27.2  z0 0.02  garr 26.5  tG 313  e2 0.24  nF 19.0  pS 0.34  ptS 0.34  fLog 0.44  pdΔ -0.1586  pkR 12.97  clip 0.02  kl +0.003
upd  462  steps 15171584  sps 14517  opp frzn  loss -0.156  pg -0.0001  v 0.002  ev +0.97  adv_std 0.067  tR +0.39  ent[s/d/p/e] 1.62/1.94/0.94/0.56  emits 1.42  spf 30.9  z0 0.01  garr 30.4  tG 358  e2 0.27  nF 19.1  pS 0.35  ptS 0.35  fLog 0.46  pdΔ -0.1451  pkR 13.81  clip 0.02  kl +0.003
upd  463  steps 15204352  sps 14522  opp frzn  loss -0.165  pg +0.0010  v 0.003  ev +0.95  adv_std 0.077  tR -0.16  ent[s/d/p/e] 1.79/2.07/0.94/0.58  emits 1.44  spf 37.1  z0 0.01  garr 38.6  tG 457  e2 0.29  nF 18.9  pS 0.41  ptS 0.41  fLog 0.48  pdΔ -0.0913  pkR 8.88  clip 0.03  kl +0.004
upd  464  steps 15237120  sps 14527  opp strn  loss -0.159  pg +0.0010  v 0.003  ev +0.94  adv_std 0.085  tR -0.07  ent[s/d/p/e] 1.71/2.00/0.92/0.57  emits 1.43  spf 32.3  z0 0.00  garr 32.5  tG 363  e2 0.28  nF 19.7  pS 0.38  ptS 0.38  fLog 0.47  pdΔ -0.1221  pkR 7.74  clip 0.02  kl +0.003
upd  465  steps 15269888  sps 14537  opp rand  loss -0.156  pg +0.0008  v 0.004  ev +0.96  adv_std 0.096  tR +0.41  ent[s/d/p/e] 1.70/2.01/0.85/0.55  emits 1.39  spf 31.2  z0 0.02  garr 31.2  tG 401  e2 0.26  nF 18.5  pS 0.39  ptS 0.38  fLog 0.46  pdΔ -0.1120  pkR 11.50  clip 0.02  kl +0.003
upd  466  steps 15302656  sps 14542  opp buf  loss -0.170  pg +0.0011  v 0.002  ev +0.98  adv_std 0.072  tR +0.24  ent[s/d/p/e] 1.86/2.21/0.90/0.58  emits 1.39  spf 32.9  z0 0.07  garr 31.6  tG 595  e2 0.27  nF 21.5  pS 0.38  ptS 0.37  fLog 0.46  pdΔ -0.1209  pkR 27.84  clip 0.02  kl +0.002
upd  467  steps 15335424  sps 14547  opp frzn  loss -0.164  pg -0.0000  v 0.003  ev +0.96  adv_std 0.079  tR +0.31  ent[s/d/p/e] 1.76/2.13/0.88/0.56  emits 1.39  spf 34.3  z0 0.03  garr 35.4  tG 710  e2 0.26  nF 20.4  pS 0.37  ptS 0.36  fLog 0.46  pdΔ -0.1287  pkR 16.12  clip 0.02  kl +0.003
upd  468  steps 15368192  sps 14552  opp buf  loss -0.178  pg +0.0005  v 0.003  ev +0.97  adv_std 0.077  tR +0.23  ent[s/d/p/e] 1.97/2.31/0.94/0.57  emits 1.37  spf 39.4  z0 0.07  garr 38.8  tG 726  e2 0.27  nF 21.3  pS 0.42  ptS 0.41  fLog 0.48  pdΔ -0.0800  pkR 15.85  clip 0.02  kl +0.002
upd  469  steps 15400960  sps 14557  opp frzn  loss -0.157  pg +0.0014  v 0.003  ev +0.97  adv_std 0.074  tR +0.20  ent[s/d/p/e] 1.66/2.12/0.85/0.53  emits 1.31  spf 34.8  z0 0.04  garr 35.1  tG 732  e2 0.23  nF 22.0  pS 0.33  ptS 0.34  fLog 0.44  pdΔ -0.1658  pkR 18.17  clip 0.02  kl +0.003
upd  470  steps 15433728  sps 14563  opp buf  loss -0.174  pg -0.0003  v 0.003  ev +0.97  adv_std 0.082  tR -0.08  ent[s/d/p/e] 1.87/2.30/0.93/0.56  emits 1.30  spf 33.6  z0 0.09  garr 32.5  tG 562  e2 0.25  nF 20.7  pS 0.37  ptS 0.36  fLog 0.46  pdΔ -0.1319  pkR 23.19  clip 0.02  kl +0.003
upd  471  steps 15466496  sps 14568  opp buf  loss -0.187  pg +0.0004  v 0.002  ev +0.98  adv_std 0.067  tR -0.02  ent[s/d/p/e] 2.11/2.51/0.93/0.54  emits 1.24  spf 47.1  z0 0.14  garr 45.5  tG 1119  e2 0.23  nF 21.1  pS 0.40  ptS 0.39  fLog 0.50  pdΔ -0.0981  pkR 11.77  clip 0.02  kl +0.003
upd  472  steps 15499264  sps 14573  opp buf  loss -0.188  pg +0.0002  v 0.002  ev +0.99  adv_std 0.060  tR +0.17  ent[s/d/p/e] 2.13/2.53/0.92/0.55  emits 1.29  spf 48.1  z0 0.10  garr 48.8  tG 1204  e2 0.24  nF 22.4  pS 0.42  ptS 0.41  fLog 0.50  pdΔ -0.0811  pkR 17.99  clip 0.03  kl +0.003
upd  473  steps 15532032  sps 14578  opp buf  loss -0.183  pg +0.0004  v 0.002  ev +0.98  adv_std 0.066  tR +0.00  ent[s/d/p/e] 2.06/2.47/0.91/0.53  emits 1.26  spf 51.1  z0 0.13  garr 50.0  tG 1248  e2 0.23  nF 20.8  pS 0.40  ptS 0.39  fLog 0.49  pdΔ -0.0994  pkR 14.91  clip 0.02  kl +0.003
upd  474  steps 15564800  sps 14583  opp strn  loss -0.162  pg +0.0002  v 0.002  ev +0.97  adv_std 0.072  tR +0.26  ent[s/d/p/e] 1.71/2.18/0.85/0.54  emits 1.34  spf 33.8  z0 0.04  garr 34.7  tG 723  e2 0.23  nF 22.8  pS 0.33  ptS 0.34  fLog 0.45  pdΔ -0.1671  pkR 22.44  clip 0.02  kl +0.002
upd  475  steps 15597568  sps 14588  opp buf  loss -0.168  pg +0.0005  v 0.003  ev +0.97  adv_std 0.079  tR -0.03  ent[s/d/p/e] 1.78/2.23/0.90/0.56  emits 1.27  spf 32.5  z0 0.12  garr 29.1  tG 485  e2 0.24  nF 20.8  pS 0.33  ptS 0.32  fLog 0.45  pdΔ -0.1693  pkR 30.08  clip 0.01  kl +0.002
upd  476  steps 15630336  sps 14593  opp frzn  loss -0.155  pg +0.0006  v 0.003  ev +0.97  adv_std 0.081  tR +0.16  ent[s/d/p/e] 1.59/2.08/0.86/0.53  emits 1.32  spf 32.2  z0 0.04  garr 31.2  tG 615  e2 0.22  nF 21.7  pS 0.32  ptS 0.32  fLog 0.43  pdΔ -0.1790  pkR 35.72  clip 0.02  kl +0.002
upd  477  steps 15663104  sps 14598  opp buf  loss -0.168  pg +0.0006  v 0.002  ev +0.98  adv_std 0.072  tR +0.02  ent[s/d/p/e] 1.81/2.20/0.93/0.55  emits 1.26  spf 32.4  z0 0.10  garr 29.8  tG 519  e2 0.23  nF 21.6  pS 0.36  ptS 0.35  fLog 0.46  pdΔ -0.1412  pkR 17.09  clip 0.02  kl +0.003
upd  478  steps 15695872  sps 14603  opp buf  loss -0.186  pg +0.0004  v 0.003  ev +0.98  adv_std 0.073  tR -0.03  ent[s/d/p/e] 2.08/2.51/0.94/0.56  emits 1.25  spf 43.5  z0 0.13  garr 42.3  tG 982  e2 0.24  nF 21.2  pS 0.41  ptS 0.40  fLog 0.49  pdΔ -0.0898  pkR 12.36  clip 0.02  kl +0.002
upd  479  steps 15728640  sps 14608  opp frzn  loss -0.170  pg +0.0002  v 0.002  ev +0.97  adv_std 0.067  tR +0.41  ent[s/d/p/e] 1.83/2.25/0.88/0.55  emits 1.37  spf 35.2  z0 0.03  garr 39.3  tG 797  e2 0.25  nF 21.7  pS 0.38  ptS 0.38  fLog 0.46  pdΔ -0.1194  pkR 14.98  clip 0.02  kl +0.003
upd  480  steps 15761408  sps 14613  opp frzn  loss -0.163  pg +0.0004  v 0.002  ev +0.96  adv_std 0.071  tR -0.14  ent[s/d/p/e] 1.77/2.09/0.90/0.55  emits 1.36  spf 36.8  z0 0.02  garr 40.8  tG 558  e2 0.25  nF 19.4  pS 0.37  ptS 0.38  fLog 0.47  pdΔ -0.1252  pkR 15.53  clip 0.02  kl +0.003
upd  481  steps 15794176  sps 14618  opp buf  loss -0.173  pg +0.0006  v 0.004  ev +0.97  adv_std 0.090  tR +0.02  ent[s/d/p/e] 1.87/2.28/0.92/0.58  emits 1.39  spf 32.5  z0 0.06  garr 32.6  tG 540  e2 0.27  nF 22.1  pS 0.38  ptS 0.37  fLog 0.46  pdΔ -0.1187  pkR 16.39  clip 0.01  kl +0.002
upd  482  steps 15826944  sps 14623  opp buf  loss -0.180  pg +0.0008  v 0.002  ev +0.98  adv_std 0.065  tR +0.16  ent[s/d/p/e] 2.00/2.46/0.88/0.55  emits 1.28  spf 42.1  z0 0.12  garr 40.0  tG 961  e2 0.23  nF 21.8  pS 0.39  ptS 0.38  fLog 0.47  pdΔ -0.1134  pkR 13.62  clip 0.02  kl +0.002
upd  483  steps 15859712  sps 14628  opp frzn  loss -0.168  pg +0.0009  v 0.002  ev +0.97  adv_std 0.070  tR +0.11  ent[s/d/p/e] 1.80/2.28/0.86/0.55  emits 1.34  spf 31.2  z0 0.04  garr 31.7  tG 674  e2 0.23  nF 23.2  pS 0.35  ptS 0.36  fLog 0.44  pdΔ -0.1479  pkR 16.99  clip 0.02  kl +0.002
upd  484  steps 15892480  sps 14632  opp strn  loss -0.159  pg +0.0001  v 0.003  ev +0.97  adv_std 0.077  tR +0.12  ent[s/d/p/e] 1.69/2.07/0.87/0.55  emits 1.34  spf 31.6  z0 0.02  garr 34.5  tG 514  e2 0.24  nF 20.2  pS 0.36  ptS 0.36  fLog 0.45  pdΔ -0.1402  pkR 18.37  clip 0.02  kl +0.004
upd  485  steps 15925248  sps 14637  opp frzn  loss -0.162  pg +0.0007  v 0.003  ev +0.96  adv_std 0.075  tR +0.01  ent[s/d/p/e] 1.72/2.04/0.92/0.58  emits 1.44  spf 32.1  z0 0.00  garr 34.8  tG 390  e2 0.29  nF 18.6  pS 0.39  ptS 0.38  fLog 0.47  pdΔ -0.1134  pkR 10.69  clip 0.03  kl +0.003
upd  486  steps 15958016  sps 14642  opp frzn  loss -0.159  pg +0.0008  v 0.003  ev +0.96  adv_std 0.077  tR -0.18  ent[s/d/p/e] 1.67/2.06/0.89/0.56  emits 1.37  spf 33.9  z0 0.01  garr 35.6  tG 405  e2 0.25  nF 18.4  pS 0.37  ptS 0.37  fLog 0.47  pdΔ -0.1322  pkR 8.99  clip 0.01  kl +0.001
upd  487  steps 15990784  sps 14647  opp buf  loss -0.173  pg +0.0003  v 0.004  ev +0.97  adv_std 0.095  tR +0.12  ent[s/d/p/e] 1.89/2.26/0.95/0.57  emits 1.38  spf 37.5  z0 0.06  garr 35.3  tG 576  e2 0.27  nF 21.1  pS 0.39  ptS 0.39  fLog 0.47  pdΔ -0.1061  pkR 27.61  clip 0.02  kl +0.003
upd  488  steps 16023552  sps 14656  opp rand  loss -0.159  pg +0.0003  v 0.003  ev +0.97  adv_std 0.078  tR +0.26  ent[s/d/p/e] 1.69/2.17/0.81/0.52  emits 1.29  spf 37.0  z0 0.05  garr 38.3  tG 822  e2 0.21  nF 20.1  pS 0.37  ptS 0.36  fLog 0.45  pdΔ -0.1349  pkR 35.47  clip 0.01  kl +0.002
upd  489  steps 16056320  sps 14660  opp buf  loss -0.174  pg +0.0000  v 0.002  ev +0.98  adv_std 0.067  tR +0.26  ent[s/d/p/e] 1.88/2.31/0.89/0.56  emits 1.34  spf 36.9  z0 0.08  garr 35.7  tG 670  e2 0.25  nF 20.6  pS 0.39  ptS 0.38  fLog 0.47  pdΔ -0.1136  pkR 19.51  clip 0.01  kl +0.002
upd  490  steps 16089088  sps 14669  opp rand  loss -0.155  pg +0.0006  v 0.003  ev +0.97  adv_std 0.086  tR +0.19  ent[s/d/p/e] 1.66/2.10/0.80/0.51  emits 1.30  spf 34.1  z0 0.04  garr 34.6  tG 768  e2 0.22  nF 21.3  pS 0.34  ptS 0.34  fLog 0.44  pdΔ -0.1573  pkR 13.67  clip 0.02  kl +0.003
upd  491  steps 16121856  sps 14674  opp buf  loss -0.174  pg +0.0004  v 0.003  ev +0.97  adv_std 0.078  tR +0.29  ent[s/d/p/e] 1.90/2.29/0.92/0.56  emits 1.33  spf 39.1  z0 0.07  garr 39.9  tG 750  e2 0.26  nF 21.3  pS 0.40  ptS 0.39  fLog 0.47  pdΔ -0.0953  pkR 25.10  clip 0.02  kl +0.001
upd  492  steps 16154624  sps 14679  opp strn  loss -0.160  pg +0.0007  v 0.003  ev +0.97  adv_std 0.075  tR +0.16  ent[s/d/p/e] 1.70/2.13/0.86/0.53  emits 1.31  spf 34.8  z0 0.03  garr 37.1  tG 708  e2 0.23  nF 21.7  pS 0.35  ptS 0.35  fLog 0.45  pdΔ -0.1529  pkR 18.17  clip 0.02  kl +0.002
upd  493  steps 16187392  sps 14684  opp buf  loss -0.165  pg +0.0004  v 0.003  ev +0.97  adv_std 0.077  tR -0.08  ent[s/d/p/e] 1.75/2.23/0.87/0.53  emits 1.26  spf 31.3  z0 0.08  garr 31.2  tG 558  e2 0.22  nF 21.1  pS 0.34  ptS 0.34  fLog 0.45  pdΔ -0.1598  pkR 20.01  clip 0.02  kl +0.003
upd  494  steps 16220160  sps 14692  opp rand  loss -0.157  pg +0.0004  v 0.003  ev +0.97  adv_std 0.078  tR +0.23  ent[s/d/p/e] 1.66/2.10/0.82/0.53  emits 1.32  spf 33.7  z0 0.05  garr 35.4  tG 724  e2 0.24  nF 20.6  pS 0.34  ptS 0.34  fLog 0.45  pdΔ -0.1586  pkR 16.35  clip 0.01  kl +0.002
upd  495  steps 16252928  sps 14701  opp rand  loss -0.154  pg -0.0001  v 0.003  ev +0.97  adv_std 0.074  tR +0.35  ent[s/d/p/e] 1.58/2.05/0.82/0.54  emits 1.34  spf 31.2  z0 0.04  garr 32.3  tG 509  e2 0.24  nF 20.2  pS 0.35  ptS 0.34  fLog 0.45  pdΔ -0.1530  pkR 26.13  clip 0.02  kl +0.002
upd  496  steps 16285696  sps 14706  opp frzn  loss -0.153  pg +0.0004  v 0.003  ev +0.96  adv_std 0.079  tR +0.22  ent[s/d/p/e] 1.55/2.02/0.85/0.57  emits 1.39  spf 28.8  z0 0.02  garr 28.9  tG 325  e2 0.26  nF 20.5  pS 0.33  ptS 0.33  fLog 0.45  pdΔ -0.1681  pkR 9.39  clip 0.03  kl +0.004
upd  497  steps 16318464  sps 14714  opp rand  loss -0.154  pg +0.0001  v 0.003  ev +0.96  adv_std 0.083  tR +0.29  ent[s/d/p/e] 1.61/2.00/0.83/0.55  emits 1.35  spf 29.2  z0 0.02  garr 29.3  tG 344  e2 0.25  nF 19.4  pS 0.35  ptS 0.35  fLog 0.46  pdΔ -0.1455  pkR 11.58  clip 0.02  kl +0.003
upd  498  steps 16351232  sps 14719  opp strn  loss -0.155  pg +0.0005  v 0.003  ev +0.96  adv_std 0.076  tR +0.18  ent[s/d/p/e] 1.57/2.00/0.88/0.57  emits 1.41  spf 29.4  z0 0.01  garr 29.0  tG 327  e2 0.27  nF 20.3  pS 0.35  ptS 0.35  fLog 0.46  pdΔ -0.1526  pkR 12.37  clip 0.01  kl +0.002
upd  499  steps 16384000  sps 14724  opp frzn  loss -0.158  pg +0.0000  v 0.003  ev +0.95  adv_std 0.081  tR -0.10  ent[s/d/p/e] 1.66/2.01/0.91/0.56  emits 1.39  spf 34.8  z0 0.00  garr 34.8  tG 412  e2 0.26  nF 19.1  pS 0.39  ptS 0.39  fLog 0.48  pdΔ -0.1115  pkR 10.03  clip 0.02  kl +0.003 WRr 0.81 WRf 0.59
[ckpt] saved ./ckpt_multi_action_v11_f41/ckpt_000499.pkl
final eval win_rate vs random: 0.812
