[reward] kaggle-aligned: terminal +1 win/+1 tie>0/-1 loss/-1 double-wipeout; is_terminal at step >= episode_steps-2; SHAPING_SCALE=0.0; v1: KEEP_HOME=0.0 FLEET_SIZE=0.0/norm20.0; v2 (expert-replay calibrated): PROD_SHARE=0.0 PLANET_SHARE=0.005 FLEET_LOG=0.005/ref500.0/floor0.3; v3 (top10-2630ep calibrated): PROD_SHARE_DELTA=1.0 EMIT_LOG=0.0 EMIT_GATED=0.0 RELEASE=0.003/K20.0 CAPTURE=0.02; episode_steps=500 (kaggle=500, mismatch=False)
upd    0  steps   32768  sps 662  opp rand  loss -0.010  pg -0.0012  v 0.005  ev +0.47  adv_std 0.119  tR -0.27  ent[s/d/p/e] 0.96/1.81/0.56/0.40  emits 1.11  spf 15.4  z0 0.02  garr 21.4  tG 134  e2 0.11  nF 20.6  pS 0.17  ptS 0.17  fLog 0.34  pdΔ -0.3265  pkR 16.01  clip 0.01  kl +0.001
upd    1  steps   65536  sps 1202  opp rand  loss -0.010  pg -0.0015  v 0.017  ev +0.25  adv_std 0.218  tR -0.51  ent[s/d/p/e] 1.34/1.96/0.63/0.36  emits 1.05  spf 24.7  z0 0.06  garr 36.1  tG 338  e2 0.09  nF 18.3  pS 0.26  ptS 0.25  fLog 0.39  pdΔ -0.2396  pkR 13.74  clip 0.03  kl +0.001
upd    2  steps   98304  sps 1652  opp rand  loss -0.012  pg -0.0020  v 0.005  ev +0.58  adv_std 0.124  tR -0.35  ent[s/d/p/e] 1.22/1.93/0.60/0.39  emits 1.09  spf 19.6  z0 0.04  garr 28.2  tG 244  e2 0.10  nF 19.8  pS 0.24  ptS 0.23  fLog 0.37  pdΔ -0.2579  pkR 11.82  clip 0.04  kl +0.001
upd    3  steps  131072  sps 2033  opp rand  loss -0.012  pg -0.0021  v 0.010  ev +0.56  adv_std 0.164  tR -0.31  ent[s/d/p/e] 1.32/1.98/0.62/0.36  emits 1.07  spf 24.0  z0 0.03  garr 35.5  tG 334  e2 0.09  nF 18.0  pS 0.27  ptS 0.26  fLog 0.38  pdΔ -0.2317  pkR 10.32  clip 0.05  kl +0.001
upd    4  steps  163840  sps 2359  opp rand  loss -0.012  pg -0.0023  v 0.005  ev +0.78  adv_std 0.116  tR -0.32  ent[s/d/p/e] 1.17/1.84/0.62/0.38  emits 1.08  spf 21.1  z0 0.04  garr 29.9  tG 259  e2 0.10  nF 19.9  pS 0.23  ptS 0.22  fLog 0.37  pdΔ -0.2736  pkR 16.52  clip 0.06  kl +0.002
upd    5  steps  196608  sps 2641  opp rand  loss -0.013  pg -0.0028  v 0.006  ev +0.81  adv_std 0.125  tR -0.32  ent[s/d/p/e] 1.29/1.90/0.62/0.36  emits 1.07  spf 23.7  z0 0.03  garr 33.6  tG 318  e2 0.09  nF 19.1  pS 0.25  ptS 0.25  fLog 0.38  pdΔ -0.2466  pkR 15.78  clip 0.08  kl +0.003
upd    6  steps  229376  sps 2888  opp rand  loss -0.014  pg -0.0032  v 0.005  ev +0.88  adv_std 0.110  tR -0.62  ent[s/d/p/e] 1.32/1.88/0.64/0.36  emits 1.07  spf 24.6  z0 0.05  garr 34.6  tG 320  e2 0.10  nF 18.1  pS 0.26  ptS 0.25  fLog 0.39  pdΔ -0.2420  pkR 12.31  clip 0.10  kl +0.003
upd    7  steps  262144  sps 3106  opp rand  loss -0.013  pg -0.0023  v 0.005  ev +0.89  adv_std 0.114  tR -0.21  ent[s/d/p/e] 1.38/1.97/0.64/0.36  emits 1.07  spf 25.8  z0 0.04  garr 37.8  tG 363  e2 0.09  nF 18.0  pS 0.28  ptS 0.27  fLog 0.40  pdΔ -0.2177  pkR 12.31  clip 0.11  kl +0.005
upd    8  steps  294912  sps 3299  opp rand  loss -0.014  pg -0.0035  v 0.005  ev +0.90  adv_std 0.105  tR -0.27  ent[s/d/p/e] 1.36/1.94/0.62/0.38  emits 1.08  spf 25.1  z0 0.04  garr 36.4  tG 339  e2 0.10  nF 18.1  pS 0.27  ptS 0.26  fLog 0.39  pdΔ -0.2333  pkR 14.62  clip 0.12  kl +0.005
upd    9  steps  327680  sps 3472  opp rand  loss -0.013  pg -0.0024  v 0.004  ev +0.91  adv_std 0.101  tR -0.50  ent[s/d/p/e] 1.20/1.88/0.60/0.33  emits 1.07  spf 20.1  z0 0.03  garr 29.5  tG 243  e2 0.09  nF 19.4  pS 0.23  ptS 0.22  fLog 0.36  pdΔ -0.2736  pkR 17.78  clip 0.12  kl +0.004
upd   10  steps  360448  sps 3628  opp rand  loss -0.014  pg -0.0032  v 0.005  ev +0.91  adv_std 0.107  tR -0.47  ent[s/d/p/e] 1.31/1.86/0.63/0.36  emits 1.07  spf 21.4  z0 0.05  garr 31.8  tG 268  e2 0.10  nF 17.9  pS 0.25  ptS 0.24  fLog 0.38  pdΔ -0.2496  pkR 20.92  clip 0.13  kl +0.005
upd   11  steps  393216  sps 3768  opp rand  loss -0.015  pg -0.0037  v 0.005  ev +0.93  adv_std 0.102  tR -0.38  ent[s/d/p/e] 1.38/1.89/0.68/0.40  emits 1.12  spf 26.0  z0 0.03  garr 39.7  tG 384  e2 0.12  nF 17.5  pS 0.28  ptS 0.27  fLog 0.40  pdΔ -0.2194  pkR 17.39  clip 0.14  kl +0.005
upd   12  steps  425984  sps 3896  opp rand  loss -0.015  pg -0.0038  v 0.005  ev +0.94  adv_std 0.110  tR -0.10  ent[s/d/p/e] 1.42/1.94/0.67/0.38  emits 1.10  spf 28.5  z0 0.03  garr 43.8  tG 469  e2 0.11  nF 17.9  pS 0.30  ptS 0.30  fLog 0.40  pdΔ -0.1961  pkR 14.73  clip 0.14  kl +0.006
upd   13  steps  458752  sps 4013  opp rand  loss -0.015  pg -0.0034  v 0.004  ev +0.93  adv_std 0.101  tR -0.28  ent[s/d/p/e] 1.39/1.92/0.66/0.37  emits 1.10  spf 25.7  z0 0.03  garr 38.7  tG 357  e2 0.11  nF 17.5  pS 0.28  ptS 0.27  fLog 0.40  pdΔ -0.2186  pkR 11.98  clip 0.16  kl +0.007
upd   14  steps  491520  sps 4120  opp rand  loss -0.015  pg -0.0045  v 0.005  ev +0.94  adv_std 0.112  tR -0.10  ent[s/d/p/e] 1.41/1.97/0.63/0.33  emits 1.08  spf 29.3  z0 0.03  garr 44.5  tG 465  e2 0.09  nF 16.9  pS 0.30  ptS 0.29  fLog 0.41  pdΔ -0.2012  pkR 12.01  clip 0.16  kl +0.007
upd   15  steps  524288  sps 4218  opp rand  loss -0.016  pg -0.0047  v 0.004  ev +0.94  adv_std 0.101  tR -0.21  ent[s/d/p/e] 1.43/1.97/0.66/0.32  emits 1.06  spf 28.8  z0 0.04  garr 42.3  tG 405  e2 0.08  nF 16.7  pS 0.29  ptS 0.29  fLog 0.41  pdΔ -0.2068  pkR 12.95  clip 0.17  kl +0.008
upd   16  steps  557056  sps 4309  opp rand  loss -0.015  pg -0.0044  v 0.005  ev +0.94  adv_std 0.107  tR -0.29  ent[s/d/p/e] 1.26/1.94/0.60/0.34  emits 1.08  spf 25.4  z0 0.03  garr 37.2  tG 372  e2 0.09  nF 17.6  pS 0.26  ptS 0.26  fLog 0.38  pdΔ -0.2392  pkR 13.21  clip 0.16  kl +0.007
upd   17  steps  589824  sps 4392  opp rand  loss -0.015  pg -0.0043  v 0.005  ev +0.93  adv_std 0.108  tR -0.14  ent[s/d/p/e] 1.32/1.90/0.63/0.36  emits 1.10  spf 24.0  z0 0.03  garr 36.1  tG 323  e2 0.10  nF 18.6  pS 0.26  ptS 0.26  fLog 0.39  pdΔ -0.2369  pkR 11.50  clip 0.16  kl +0.007
upd   18  steps  622592  sps 4470  opp rand  loss -0.016  pg -0.0057  v 0.005  ev +0.94  adv_std 0.112  tR -0.37  ent[s/d/p/e] 1.30/1.87/0.62/0.33  emits 1.07  spf 23.4  z0 0.04  garr 33.8  tG 317  e2 0.09  nF 17.9  pS 0.26  ptS 0.26  fLog 0.38  pdΔ -0.2376  pkR 11.97  clip 0.17  kl +0.007
upd   19  steps  655360  sps 4543  opp rand  loss -0.018  pg -0.0071  v 0.004  ev +0.95  adv_std 0.105  tR +0.04  ent[s/d/p/e] 1.42/1.99/0.63/0.35  emits 1.08  spf 29.4  z0 0.04  garr 43.0  tG 476  e2 0.09  nF 17.2  pS 0.31  ptS 0.30  fLog 0.41  pdΔ -0.1927  pkR 10.56  clip 0.18  kl +0.008
upd   20  steps  688128  sps 4611  opp rand  loss -0.018  pg -0.0071  v 0.004  ev +0.96  adv_std 0.101  tR -0.21  ent[s/d/p/e] 1.36/1.93/0.62/0.36  emits 1.10  spf 25.7  z0 0.03  garr 38.3  tG 400  e2 0.10  nF 18.1  pS 0.29  ptS 0.28  fLog 0.40  pdΔ -0.2123  pkR 16.95  clip 0.19  kl +0.007
upd   21  steps  720896  sps 4674  opp rand  loss -0.018  pg -0.0067  v 0.005  ev +0.95  adv_std 0.106  tR -0.21  ent[s/d/p/e] 1.40/1.87/0.65/0.35  emits 1.09  spf 27.6  z0 0.03  garr 41.3  tG 421  e2 0.10  nF 17.7  pS 0.30  ptS 0.29  fLog 0.41  pdΔ -0.2029  pkR 9.47  clip 0.18  kl +0.008
upd   22  steps  753664  sps 4733  opp rand  loss -0.019  pg -0.0077  v 0.005  ev +0.95  adv_std 0.105  tR +0.01  ent[s/d/p/e] 1.37/1.90/0.63/0.38  emits 1.11  spf 25.0  z0 0.02  garr 36.2  tG 359  e2 0.11  nF 18.7  pS 0.29  ptS 0.28  fLog 0.40  pdΔ -0.2127  pkR 13.83  clip 0.18  kl +0.008
upd   23  steps  786432  sps 4789  opp rand  loss -0.019  pg -0.0075  v 0.005  ev +0.95  adv_std 0.107  tR -0.12  ent[s/d/p/e] 1.39/2.00/0.63/0.38  emits 1.09  spf 25.9  z0 0.04  garr 37.2  tG 390  e2 0.10  nF 18.6  pS 0.30  ptS 0.29  fLog 0.40  pdΔ -0.2027  pkR 12.79  clip 0.18  kl +0.006
upd   24  steps  819200  sps 4842  opp rand  loss -0.021  pg -0.0097  v 0.005  ev +0.95  adv_std 0.108  tR -0.03  ent[s/d/p/e] 1.43/1.94/0.66/0.40  emits 1.13  spf 27.7  z0 0.02  garr 40.9  tG 413  e2 0.12  nF 17.9  pS 0.31  ptS 0.30  fLog 0.41  pdΔ -0.1904  pkR 10.40  clip 0.21  kl +0.010
upd   25  steps  851968  sps 4891  opp rand  loss -0.020  pg -0.0092  v 0.004  ev +0.96  adv_std 0.105  tR +0.03  ent[s/d/p/e] 1.41/1.92/0.65/0.39  emits 1.11  spf 27.9  z0 0.03  garr 39.7  tG 427  e2 0.11  nF 17.6  pS 0.31  ptS 0.30  fLog 0.41  pdΔ -0.1911  pkR 9.77  clip 0.20  kl +0.009
upd   26  steps  884736  sps 4938  opp rand  loss -0.021  pg -0.0093  v 0.004  ev +0.95  adv_std 0.104  tR -0.03  ent[s/d/p/e] 1.46/1.92/0.67/0.40  emits 1.13  spf 27.8  z0 0.03  garr 39.9  tG 411  e2 0.12  nF 18.5  pS 0.31  ptS 0.30  fLog 0.41  pdΔ -0.1866  pkR 11.28  clip 0.20  kl +0.009
upd   27  steps  917504  sps 4982  opp rand  loss -0.023  pg -0.0110  v 0.005  ev +0.96  adv_std 0.108  tR -0.19  ent[s/d/p/e] 1.49/1.92/0.68/0.39  emits 1.11  spf 32.0  z0 0.04  garr 45.0  tG 498  e2 0.12  nF 17.8  pS 0.33  ptS 0.32  fLog 0.42  pdΔ -0.1739  pkR 13.76  clip 0.20  kl +0.009
upd   28  steps  950272  sps 5024  opp rand  loss -0.022  pg -0.0101  v 0.004  ev +0.96  adv_std 0.101  tR +0.00  ent[s/d/p/e] 1.41/1.87/0.67/0.39  emits 1.12  spf 27.9  z0 0.03  garr 39.9  tG 430  e2 0.11  nF 18.1  pS 0.31  ptS 0.30  fLog 0.40  pdΔ -0.1945  pkR 10.14  clip 0.20  kl +0.009
upd   29  steps  983040  sps 5064  opp rand  loss -0.021  pg -0.0092  v 0.005  ev +0.96  adv_std 0.107  tR -0.04  ent[s/d/p/e] 1.51/1.93/0.69/0.39  emits 1.13  spf 29.9  z0 0.03  garr 41.6  tG 457  e2 0.12  nF 17.7  pS 0.34  ptS 0.33  fLog 0.42  pdΔ -0.1639  pkR 9.40  clip 0.20  kl +0.010
upd   30  steps 1015808  sps 5101  opp rand  loss -0.022  pg -0.0107  v 0.004  ev +0.96  adv_std 0.106  tR +0.02  ent[s/d/p/e] 1.37/1.88/0.65/0.39  emits 1.12  spf 26.7  z0 0.03  garr 37.1  tG 422  e2 0.11  nF 18.7  pS 0.30  ptS 0.30  fLog 0.40  pdΔ -0.2008  pkR 11.17  clip 0.21  kl +0.011
upd   31  steps 1048576  sps 5137  opp rand  loss -0.022  pg -0.0106  v 0.004  ev +0.96  adv_std 0.099  tR -0.05  ent[s/d/p/e] 1.45/1.96/0.67/0.40  emits 1.13  spf 29.2  z0 0.03  garr 40.5  tG 433  e2 0.12  nF 17.4  pS 0.31  ptS 0.31  fLog 0.42  pdΔ -0.1881  pkR 12.48  clip 0.21  kl +0.009
upd   32  steps 1081344  sps 5171  opp rand  loss -0.022  pg -0.0111  v 0.005  ev +0.95  adv_std 0.111  tR -0.10  ent[s/d/p/e] 1.46/1.85/0.67/0.39  emits 1.13  spf 28.4  z0 0.03  garr 39.4  tG 414  e2 0.12  nF 18.0  pS 0.31  ptS 0.31  fLog 0.42  pdΔ -0.1865  pkR 10.67  clip 0.22  kl +0.010
upd   33  steps 1114112  sps 5204  opp rand  loss -0.024  pg -0.0125  v 0.004  ev +0.96  adv_std 0.107  tR +0.14  ent[s/d/p/e] 1.50/1.99/0.67/0.41  emits 1.14  spf 31.5  z0 0.04  garr 42.3  tG 482  e2 0.12  nF 17.7  pS 0.34  ptS 0.32  fLog 0.42  pdΔ -0.1647  pkR 10.07  clip 0.22  kl +0.011
upd   34  steps 1146880  sps 5235  opp rand  loss -0.023  pg -0.0116  v 0.004  ev +0.96  adv_std 0.107  tR +0.11  ent[s/d/p/e] 1.45/1.97/0.67/0.41  emits 1.12  spf 29.5  z0 0.03  garr 40.1  tG 448  e2 0.12  nF 17.5  pS 0.32  ptS 0.32  fLog 0.42  pdΔ -0.1767  pkR 12.97  clip 0.22  kl +0.010
upd   35  steps 1179648  sps 5265  opp rand  loss -0.026  pg -0.0134  v 0.005  ev +0.95  adv_std 0.113  tR +0.15  ent[s/d/p/e] 1.59/1.96/0.71/0.40  emits 1.15  spf 31.7  z0 0.02  garr 43.8  tG 493  e2 0.13  nF 17.1  pS 0.36  ptS 0.35  fLog 0.44  pdΔ -0.1416  pkR 9.04  clip 0.23  kl +0.010
upd   36  steps 1212416  sps 5293  opp rand  loss -0.024  pg -0.0123  v 0.004  ev +0.96  adv_std 0.102  tR +0.08  ent[s/d/p/e] 1.51/1.93/0.68/0.40  emits 1.15  spf 30.4  z0 0.03  garr 41.5  tG 470  e2 0.12  nF 16.9  pS 0.34  ptS 0.33  fLog 0.42  pdΔ -0.1612  pkR 9.68  clip 0.23  kl +0.012
upd   37  steps 1245184  sps 5320  opp rand  loss -0.025  pg -0.0136  v 0.004  ev +0.97  adv_std 0.100  tR +0.33  ent[s/d/p/e] 1.50/1.91/0.68/0.39  emits 1.14  spf 30.8  z0 0.02  garr 41.7  tG 483  e2 0.12  nF 16.5  pS 0.35  ptS 0.34  fLog 0.42  pdΔ -0.1524  pkR 8.33  clip 0.24  kl +0.013
upd   38  steps 1277952  sps 5346  opp rand  loss -0.024  pg -0.0128  v 0.004  ev +0.96  adv_std 0.104  tR +0.13  ent[s/d/p/e] 1.45/1.93/0.68/0.40  emits 1.13  spf 29.7  z0 0.03  garr 40.7  tG 471  e2 0.12  nF 17.9  pS 0.33  ptS 0.32  fLog 0.41  pdΔ -0.1726  pkR 11.64  clip 0.24  kl +0.012
upd   39  steps 1310720  sps 5371  opp rand  loss -0.024  pg -0.0120  v 0.005  ev +0.95  adv_std 0.112  tR +0.28  ent[s/d/p/e] 1.51/1.96/0.68/0.38  emits 1.12  spf 30.3  z0 0.03  garr 41.3  tG 464  e2 0.11  nF 17.3  pS 0.35  ptS 0.34  fLog 0.42  pdΔ -0.1531  pkR 12.12  clip 0.24  kl +0.011
upd   40  steps 1343488  sps 5395  opp rand  loss -0.025  pg -0.0137  v 0.004  ev +0.96  adv_std 0.109  tR +0.15  ent[s/d/p/e] 1.44/1.90/0.67/0.40  emits 1.14  spf 28.7  z0 0.02  garr 39.2  tG 443  e2 0.12  nF 16.9  pS 0.33  ptS 0.32  fLog 0.41  pdΔ -0.1740  pkR 10.55  clip 0.24  kl +0.010
upd   41  steps 1376256  sps 5418  opp rand  loss -0.025  pg -0.0137  v 0.005  ev +0.96  adv_std 0.110  tR +0.10  ent[s/d/p/e] 1.43/1.90/0.67/0.39  emits 1.14  spf 27.9  z0 0.02  garr 37.9  tG 421  e2 0.11  nF 17.5  pS 0.32  ptS 0.32  fLog 0.41  pdΔ -0.1770  pkR 16.78  clip 0.24  kl +0.012
upd   42  steps 1409024  sps 5440  opp rand  loss -0.026  pg -0.0140  v 0.004  ev +0.97  adv_std 0.102  tR +0.33  ent[s/d/p/e] 1.48/1.89/0.69/0.40  emits 1.16  spf 29.8  z0 0.02  garr 39.5  tG 441  e2 0.13  nF 17.0  pS 0.34  ptS 0.33  fLog 0.42  pdΔ -0.1559  pkR 10.55  clip 0.24  kl +0.011
upd   43  steps 1441792  sps 5462  opp rand  loss -0.027  pg -0.0147  v 0.004  ev +0.96  adv_std 0.107  tR +0.28  ent[s/d/p/e] 1.50/1.94/0.69/0.40  emits 1.17  spf 32.9  z0 0.01  garr 43.5  tG 512  e2 0.13  nF 16.6  pS 0.36  ptS 0.34  fLog 0.43  pdΔ -0.1436  pkR 8.58  clip 0.24  kl +0.011
upd   44  steps 1474560  sps 5482  opp rand  loss -0.025  pg -0.0139  v 0.004  ev +0.96  adv_std 0.108  tR +0.09  ent[s/d/p/e] 1.37/1.85/0.68/0.39  emits 1.13  spf 29.3  z0 0.03  garr 37.6  tG 410  e2 0.12  nF 17.0  pS 0.31  ptS 0.30  fLog 0.41  pdΔ -0.1928  pkR 9.36  clip 0.25  kl +0.012
upd   45  steps 1507328  sps 5502  opp rand  loss -0.026  pg -0.0143  v 0.004  ev +0.96  adv_std 0.110  tR -0.14  ent[s/d/p/e] 1.50/1.85/0.71/0.41  emits 1.17  spf 30.1  z0 0.02  garr 40.5  tG 436  e2 0.13  nF 16.5  pS 0.34  ptS 0.33  fLog 0.43  pdΔ -0.1602  pkR 11.35  clip 0.25  kl +0.012
upd   46  steps 1540096  sps 5521  opp rand  loss -0.026  pg -0.0142  v 0.004  ev +0.96  adv_std 0.104  tR +0.17  ent[s/d/p/e] 1.54/1.97/0.70/0.40  emits 1.14  spf 33.6  z0 0.02  garr 44.0  tG 513  e2 0.12  nF 16.0  pS 0.37  ptS 0.36  fLog 0.44  pdΔ -0.1330  pkR 8.93  clip 0.27  kl +0.012
upd   47  steps 1572864  sps 5539  opp rand  loss -0.028  pg -0.0154  v 0.004  ev +0.96  adv_std 0.103  tR +0.29  ent[s/d/p/e] 1.59/1.94/0.72/0.40  emits 1.16  spf 34.1  z0 0.02  garr 44.7  tG 522  e2 0.13  nF 15.9  pS 0.38  ptS 0.37  fLog 0.45  pdΔ -0.1171  pkR 8.52  clip 0.26  kl +0.012
upd   48  steps 1605632  sps 5557  opp rand  loss -0.026  pg -0.0143  v 0.005  ev +0.95  adv_std 0.115  tR +0.36  ent[s/d/p/e] 1.52/1.91/0.70/0.43  emits 1.20  spf 30.9  z0 0.02  garr 40.1  tG 451  e2 0.14  nF 16.4  pS 0.35  ptS 0.34  fLog 0.43  pdΔ -0.1522  pkR 11.16  clip 0.27  kl +0.015
upd   49  steps 1638400  sps 5574  opp rand  loss -0.027  pg -0.0146  v 0.004  ev +0.96  adv_std 0.105  tR +0.27  ent[s/d/p/e] 1.54/1.94/0.71/0.42  emits 1.18  spf 34.3  z0 0.02  garr 45.2  tG 533  e2 0.13  nF 16.2  pS 0.36  ptS 0.35  fLog 0.44  pdΔ -0.1401  pkR 8.26  clip 0.27  kl +0.013 WRr 0.78 WRf 0.72
upd   50  steps 1671168  sps 5204  opp rand  loss -0.027  pg -0.0158  v 0.005  ev +0.96  adv_std 0.117  tR +0.11  ent[s/d/p/e] 1.47/1.85/0.69/0.41  emits 1.15  spf 31.7  z0 0.03  garr 39.7  tG 455  e2 0.13  nF 16.2  pS 0.34  ptS 0.33  fLog 0.43  pdΔ -0.1612  pkR 9.86  clip 0.27  kl +0.012
upd   51  steps 1703936  sps 5225  opp rand  loss -0.027  pg -0.0155  v 0.004  ev +0.97  adv_std 0.102  tR +0.15  ent[s/d/p/e] 1.49/1.93/0.68/0.41  emits 1.14  spf 31.2  z0 0.04  garr 38.9  tG 480  e2 0.12  nF 17.7  pS 0.35  ptS 0.34  fLog 0.42  pdΔ -0.1530  pkR 9.59  clip 0.26  kl +0.013
upd   52  steps 1736704  sps 5245  opp rand  loss -0.027  pg -0.0152  v 0.004  ev +0.96  adv_std 0.107  tR +0.22  ent[s/d/p/e] 1.48/1.92/0.69/0.41  emits 1.16  spf 30.3  z0 0.02  garr 38.4  tG 458  e2 0.12  nF 19.4  pS 0.34  ptS 0.34  fLog 0.42  pdΔ -0.1593  pkR 14.01  clip 0.26  kl +0.013
upd   53  steps 1769472  sps 5078  opp frzn  loss -0.028  pg -0.0160  v 0.004  ev +0.96  adv_std 0.106  tR +0.40  ent[s/d/p/e] 1.49/1.92/0.74/0.42  emits 1.16  spf 30.4  z0 0.03  garr 38.0  tG 432  e2 0.13  nF 18.2  pS 0.35  ptS 0.34  fLog 0.43  pdΔ -0.1538  pkR 13.11  clip 0.27  kl +0.014
upd   54  steps 1802240  sps 5099  opp rand  loss -0.028  pg -0.0155  v 0.005  ev +0.96  adv_std 0.114  tR +0.23  ent[s/d/p/e] 1.57/1.92/0.76/0.42  emits 1.19  spf 33.6  z0 0.03  garr 41.6  tG 496  e2 0.14  nF 17.2  pS 0.37  ptS 0.36  fLog 0.45  pdΔ -0.1268  pkR 10.69  clip 0.28  kl +0.013
upd   55  steps 1835008  sps 5119  opp rand  loss -0.027  pg -0.0146  v 0.004  ev +0.96  adv_std 0.105  tR +0.33  ent[s/d/p/e] 1.49/1.94/0.69/0.42  emits 1.17  spf 30.7  z0 0.02  garr 37.3  tG 434  e2 0.12  nF 17.9  pS 0.35  ptS 0.34  fLog 0.42  pdΔ -0.1496  pkR 9.93  clip 0.28  kl +0.015
upd   56  steps 1867776  sps 5134  opp frzn  loss -0.028  pg -0.0148  v 0.004  ev +0.96  adv_std 0.111  tR +0.38  ent[s/d/p/e] 1.57/1.93/0.77/0.43  emits 1.19  spf 34.5  z0 0.03  garr 41.6  tG 503  e2 0.14  nF 17.6  pS 0.38  ptS 0.37  fLog 0.45  pdΔ -0.1214  pkR 7.94  clip 0.28  kl +0.016
upd   57  steps 1900544  sps 5150  opp frzn  loss -0.029  pg -0.0161  v 0.004  ev +0.96  adv_std 0.111  tR +0.37  ent[s/d/p/e] 1.58/1.92/0.77/0.45  emits 1.19  spf 37.4  z0 0.04  garr 43.9  tG 540  e2 0.15  nF 17.4  pS 0.38  ptS 0.37  fLog 0.45  pdΔ -0.1181  pkR 10.38  clip 0.29  kl +0.015
upd   58  steps 1933312  sps 5169  opp rand  loss -0.029  pg -0.0160  v 0.004  ev +0.97  adv_std 0.102  tR +0.23  ent[s/d/p/e] 1.56/1.88/0.75/0.43  emits 1.21  spf 35.9  z0 0.02  garr 42.6  tG 510  e2 0.15  nF 18.3  pS 0.37  ptS 0.36  fLog 0.45  pdΔ -0.1289  pkR 12.29  clip 0.29  kl +0.013
upd   59  steps 1966080  sps 5187  opp rand  loss -0.029  pg -0.0166  v 0.004  ev +0.97  adv_std 0.111  tR +0.55  ent[s/d/p/e] 1.52/1.87/0.72/0.44  emits 1.22  spf 33.2  z0 0.03  garr 37.8  tG 458  e2 0.15  nF 17.3  pS 0.36  ptS 0.35  fLog 0.44  pdΔ -0.1376  pkR 11.03  clip 0.29  kl +0.015
upd   60  steps 1998848  sps 5205  opp rand  loss -0.027  pg -0.0147  v 0.005  ev +0.96  adv_std 0.112  tR +0.18  ent[s/d/p/e] 1.49/1.80/0.72/0.43  emits 1.21  spf 29.4  z0 0.03  garr 35.1  tG 373  e2 0.15  nF 17.2  pS 0.34  ptS 0.33  fLog 0.43  pdΔ -0.1648  pkR 10.98  clip 0.30  kl +0.018
upd   61  steps 2031616  sps 5218  opp frzn  loss -0.027  pg -0.0144  v 0.005  ev +0.96  adv_std 0.119  tR +0.35  ent[s/d/p/e] 1.50/1.88/0.74/0.46  emits 1.20  spf 29.9  z0 0.04  garr 35.2  tG 405  e2 0.15  nF 17.7  pS 0.35  ptS 0.34  fLog 0.43  pdΔ -0.1523  pkR 11.60  clip 0.31  kl +0.017
upd   62  steps 2064384  sps 5235  opp rand  loss -0.028  pg -0.0157  v 0.004  ev +0.96  adv_std 0.114  tR +0.20  ent[s/d/p/e] 1.61/1.84/0.76/0.44  emits 1.23  spf 31.7  z0 0.02  garr 37.9  tG 435  e2 0.16  nF 18.3  pS 0.38  ptS 0.37  fLog 0.45  pdΔ -0.1175  pkR 8.87  clip 0.31  kl +0.017
upd   63  steps 2097152  sps 5252  opp rand  loss -0.027  pg -0.0149  v 0.004  ev +0.97  adv_std 0.109  tR +0.45  ent[s/d/p/e] 1.56/1.87/0.74/0.45  emits 1.23  spf 31.8  z0 0.02  garr 37.3  tG 443  e2 0.15  nF 17.8  pS 0.37  ptS 0.36  fLog 0.44  pdΔ -0.1263  pkR 10.87  clip 0.29  kl +0.014
upd   64  steps 2129920  sps 5264  opp frzn  loss -0.029  pg -0.0162  v 0.004  ev +0.97  adv_std 0.107  tR +0.39  ent[s/d/p/e] 1.49/1.83/0.74/0.46  emits 1.22  spf 30.2  z0 0.04  garr 34.7  tG 388  e2 0.16  nF 16.8  pS 0.34  ptS 0.33  fLog 0.43  pdΔ -0.1610  pkR 9.00  clip 0.29  kl +0.016
upd   65  steps 2162688  sps 5276  opp frzn  loss -0.028  pg -0.0164  v 0.004  ev +0.96  adv_std 0.113  tR +0.36  ent[s/d/p/e] 1.41/1.71/0.75/0.44  emits 1.21  spf 28.2  z0 0.03  garr 32.0  tG 341  e2 0.15  nF 18.5  pS 0.30  ptS 0.30  fLog 0.42  pdΔ -0.1962  pkR 12.29  clip 0.29  kl +0.016
upd   66  steps 2195456  sps 5288  opp frzn  loss -0.028  pg -0.0160  v 0.005  ev +0.96  adv_std 0.117  tR +0.30  ent[s/d/p/e] 1.51/1.80/0.77/0.46  emits 1.24  spf 29.7  z0 0.02  garr 35.3  tG 372  e2 0.16  nF 17.4  pS 0.34  ptS 0.33  fLog 0.43  pdΔ -0.1582  pkR 8.35  clip 0.31  kl +0.017
upd   67  steps 2228224  sps 5300  opp frzn  loss -0.031  pg -0.0185  v 0.005  ev +0.96  adv_std 0.115  tR +0.33  ent[s/d/p/e] 1.50/1.78/0.76/0.45  emits 1.21  spf 29.8  z0 0.02  garr 36.3  tG 375  e2 0.15  nF 18.1  pS 0.33  ptS 0.32  fLog 0.43  pdΔ -0.1702  pkR 14.38  clip 0.30  kl +0.017
upd   68  steps 2260992  sps 5311  opp frzn  loss -0.030  pg -0.0176  v 0.004  ev +0.97  adv_std 0.109  tR +0.32  ent[s/d/p/e] 1.47/1.85/0.73/0.43  emits 1.18  spf 32.9  z0 0.03  garr 36.4  tG 441  e2 0.13  nF 18.1  pS 0.34  ptS 0.33  fLog 0.43  pdΔ -0.1593  pkR 9.90  clip 0.29  kl +0.017
upd   69  steps 2293760  sps 5325  opp rand  loss -0.030  pg -0.0174  v 0.004  ev +0.97  adv_std 0.109  tR +0.27  ent[s/d/p/e] 1.59/1.83/0.75/0.44  emits 1.21  spf 34.5  z0 0.03  garr 38.8  tG 459  e2 0.15  nF 17.1  pS 0.37  ptS 0.36  fLog 0.45  pdΔ -0.1323  pkR 11.09  clip 0.30  kl +0.016
upd   70  steps 2326528  sps 5336  opp frzn  loss -0.031  pg -0.0182  v 0.004  ev +0.96  adv_std 0.106  tR +0.52  ent[s/d/p/e] 1.52/1.85/0.78/0.45  emits 1.24  spf 35.6  z0 0.02  garr 39.4  tG 452  e2 0.15  nF 17.2  pS 0.35  ptS 0.34  fLog 0.44  pdΔ -0.1504  pkR 8.77  clip 0.30  kl +0.017
upd   71  steps 2359296  sps 5350  opp rand  loss -0.028  pg -0.0159  v 0.004  ev +0.96  adv_std 0.114  tR +0.37  ent[s/d/p/e] 1.55/1.83/0.75/0.45  emits 1.21  spf 34.9  z0 0.02  garr 39.3  tG 462  e2 0.15  nF 16.9  pS 0.37  ptS 0.36  fLog 0.45  pdΔ -0.1316  pkR 9.49  clip 0.30  kl +0.015
upd   72  steps 2392064  sps 5364  opp rand  loss -0.029  pg -0.0164  v 0.004  ev +0.96  adv_std 0.109  tR +0.55  ent[s/d/p/e] 1.57/1.79/0.76/0.45  emits 1.23  spf 33.6  z0 0.02  garr 37.7  tG 425  e2 0.16  nF 16.8  pS 0.36  ptS 0.35  fLog 0.45  pdΔ -0.1386  pkR 10.62  clip 0.31  kl +0.018
upd   73  steps 2424832  sps 5373  opp frzn  loss -0.030  pg -0.0171  v 0.005  ev +0.96  adv_std 0.117  tR +0.34  ent[s/d/p/e] 1.50/1.77/0.79/0.44  emits 1.19  spf 31.4  z0 0.03  garr 36.9  tG 414  e2 0.14  nF 16.5  pS 0.35  ptS 0.33  fLog 0.44  pdΔ -0.1546  pkR 13.75  clip 0.31  kl +0.016
upd   74  steps 2457600  sps 5386  opp rand  loss -0.027  pg -0.0147  v 0.005  ev +0.96  adv_std 0.117  tR +0.58  ent[s/d/p/e] 1.57/1.84/0.76/0.46  emits 1.23  spf 33.2  z0 0.02  garr 37.6  tG 451  e2 0.15  nF 17.8  pS 0.37  ptS 0.37  fLog 0.44  pdΔ -0.1255  pkR 10.84  clip 0.33  kl +0.018
upd   75  steps 2490368  sps 5396  opp frzn  loss -0.029  pg -0.0166  v 0.004  ev +0.97  adv_std 0.109  tR +0.44  ent[s/d/p/e] 1.49/1.80/0.76/0.45  emits 1.20  spf 29.9  z0 0.03  garr 34.4  tG 398  e2 0.15  nF 18.3  pS 0.35  ptS 0.34  fLog 0.43  pdΔ -0.1532  pkR 12.28  clip 0.31  kl +0.016
upd   76  steps 2523136  sps 5408  opp rand  loss -0.029  pg -0.0164  v 0.004  ev +0.97  adv_std 0.109  tR +0.46  ent[s/d/p/e] 1.49/1.78/0.73/0.43  emits 1.20  spf 31.1  z0 0.02  garr 35.3  tG 405  e2 0.14  nF 17.5  pS 0.34  ptS 0.33  fLog 0.43  pdΔ -0.1566  pkR 12.91  clip 0.31  kl +0.017
upd   77  steps 2555904  sps 5420  opp rand  loss -0.029  pg -0.0165  v 0.004  ev +0.97  adv_std 0.109  tR +0.48  ent[s/d/p/e] 1.52/1.75/0.78/0.45  emits 1.22  spf 33.6  z0 0.02  garr 37.9  tG 418  e2 0.15  nF 17.0  pS 0.36  ptS 0.34  fLog 0.45  pdΔ -0.1419  pkR 8.00  clip 0.31  kl +0.017
upd   78  steps 2588672  sps 5432  opp rand  loss -0.030  pg -0.0172  v 0.004  ev +0.97  adv_std 0.107  tR +0.40  ent[s/d/p/e] 1.54/1.80/0.76/0.45  emits 1.21  spf 34.0  z0 0.03  garr 37.4  tG 444  e2 0.15  nF 18.0  pS 0.36  ptS 0.35  fLog 0.44  pdΔ -0.1391  pkR 10.15  clip 0.31  kl +0.016
upd   79  steps 2621440  sps 5444  opp rand  loss -0.028  pg -0.0158  v 0.005  ev +0.96  adv_std 0.118  tR +0.36  ent[s/d/p/e] 1.54/1.78/0.77/0.47  emits 1.26  spf 32.3  z0 0.02  garr 35.0  tG 419  e2 0.17  nF 17.4  pS 0.37  ptS 0.36  fLog 0.44  pdΔ -0.1328  pkR 8.77  clip 0.32  kl +0.018
upd   80  steps 2654208  sps 5452  opp frzn  loss -0.029  pg -0.0163  v 0.004  ev +0.96  adv_std 0.112  tR +0.37  ent[s/d/p/e] 1.51/1.78/0.78/0.48  emits 1.25  spf 31.0  z0 0.02  garr 34.2  tG 390  e2 0.17  nF 17.2  pS 0.35  ptS 0.34  fLog 0.44  pdΔ -0.1484  pkR 9.10  clip 0.32  kl +0.019
upd   81  steps 2686976  sps 5464  opp rand  loss -0.030  pg -0.0169  v 0.004  ev +0.97  adv_std 0.107  tR +0.66  ent[s/d/p/e] 1.67/1.84/0.79/0.49  emits 1.33  spf 35.1  z0 0.01  garr 37.6  tG 458  e2 0.19  nF 17.0  pS 0.40  ptS 0.39  fLog 0.46  pdΔ -0.1034  pkR 10.78  clip 0.32  kl +0.018
upd   82  steps 2719744  sps 5472  opp frzn  loss -0.029  pg -0.0168  v 0.005  ev +0.96  adv_std 0.115  tR +0.35  ent[s/d/p/e] 1.48/1.73/0.77/0.48  emits 1.25  spf 31.1  z0 0.03  garr 32.5  tG 358  e2 0.17  nF 17.5  pS 0.33  ptS 0.32  fLog 0.44  pdΔ -0.1692  pkR 10.51  clip 0.31  kl +0.018
upd   83  steps 2752512  sps 5482  opp rand  loss -0.028  pg -0.0157  v 0.004  ev +0.97  adv_std 0.115  tR +0.27  ent[s/d/p/e] 1.54/1.72/0.76/0.47  emits 1.26  spf 30.9  z0 0.03  garr 32.8  tG 370  e2 0.17  nF 18.2  pS 0.35  ptS 0.34  fLog 0.44  pdΔ -0.1489  pkR 11.40  clip 0.32  kl +0.018
upd   84  steps 2785280  sps 5493  opp rand  loss -0.028  pg -0.0153  v 0.005  ev +0.96  adv_std 0.123  tR +0.35  ent[s/d/p/e] 1.52/1.71/0.77/0.48  emits 1.28  spf 29.6  z0 0.01  garr 31.3  tG 354  e2 0.18  nF 18.6  pS 0.36  ptS 0.35  fLog 0.44  pdΔ -0.1428  pkR 9.41  clip 0.33  kl +0.018
upd   85  steps 2818048  sps 5504  opp rand  loss -0.029  pg -0.0162  v 0.004  ev +0.96  adv_std 0.112  tR +0.57  ent[s/d/p/e] 1.60/1.75/0.79/0.49  emits 1.31  spf 34.4  z0 0.01  garr 35.5  tG 427  e2 0.18  nF 18.4  pS 0.38  ptS 0.37  fLog 0.45  pdΔ -0.1183  pkR 10.60  clip 0.32  kl +0.018
upd   86  steps 2850816  sps 5511  opp frzn  loss -0.031  pg -0.0177  v 0.004  ev +0.97  adv_std 0.110  tR +0.29  ent[s/d/p/e] 1.55/1.74/0.81/0.50  emits 1.27  spf 32.2  z0 0.03  garr 33.8  tG 390  e2 0.18  nF 19.2  pS 0.36  ptS 0.34  fLog 0.44  pdΔ -0.1448  pkR 9.06  clip 0.32  kl +0.019
upd   87  steps 2883584  sps 5518  opp frzn  loss -0.027  pg -0.0149  v 0.005  ev +0.96  adv_std 0.118  tR +0.43  ent[s/d/p/e] 1.51/1.73/0.78/0.49  emits 1.28  spf 31.1  z0 0.02  garr 33.0  tG 373  e2 0.18  nF 18.7  pS 0.35  ptS 0.34  fLog 0.44  pdΔ -0.1494  pkR 11.55  clip 0.33  kl +0.020
upd   88  steps 2916352  sps 5528  opp rand  loss -0.030  pg -0.0172  v 0.004  ev +0.97  adv_std 0.111  tR +0.49  ent[s/d/p/e] 1.58/1.66/0.78/0.48  emits 1.27  spf 31.0  z0 0.02  garr 33.8  tG 388  e2 0.18  nF 18.7  pS 0.37  ptS 0.36  fLog 0.44  pdΔ -0.1342  pkR 13.08  clip 0.32  kl +0.018
upd   89  steps 2949120  sps 5537  opp rand  loss -0.029  pg -0.0162  v 0.004  ev +0.97  adv_std 0.109  tR +0.48  ent[s/d/p/e] 1.66/1.80/0.78/0.51  emits 1.33  spf 34.8  z0 0.02  garr 36.4  tG 460  e2 0.20  nF 18.0  pS 0.41  ptS 0.40  fLog 0.46  pdΔ -0.0915  pkR 8.47  clip 0.33  kl +0.018
upd   90  steps 2981888  sps 5544  opp frzn  loss -0.029  pg -0.0162  v 0.005  ev +0.96  adv_std 0.119  tR +0.65  ent[s/d/p/e] 1.56/1.69/0.77/0.51  emits 1.33  spf 31.7  z0 0.02  garr 33.5  tG 402  e2 0.20  nF 18.6  pS 0.37  ptS 0.35  fLog 0.44  pdΔ -0.1332  pkR 10.70  clip 0.33  kl +0.019
upd   91  steps 3014656  sps 5553  opp rand  loss -0.030  pg -0.0170  v 0.004  ev +0.96  adv_std 0.115  tR +0.51  ent[s/d/p/e] 1.57/1.67/0.77/0.49  emits 1.31  spf 29.9  z0 0.01  garr 33.3  tG 379  e2 0.19  nF 19.4  pS 0.37  ptS 0.36  fLog 0.44  pdΔ -0.1349  pkR 8.49  clip 0.33  kl +0.019
upd   92  steps 3047424  sps 5559  opp frzn  loss -0.030  pg -0.0177  v 0.005  ev +0.96  adv_std 0.120  tR +0.47  ent[s/d/p/e] 1.54/1.65/0.79/0.51  emits 1.35  spf 31.3  z0 0.02  garr 33.8  tG 385  e2 0.21  nF 18.7  pS 0.36  ptS 0.35  fLog 0.44  pdΔ -0.1417  pkR 9.64  clip 0.33  kl +0.020
upd   93  steps 3080192  sps 5569  opp rand  loss -0.030  pg -0.0169  v 0.005  ev +0.97  adv_std 0.117  tR +0.28  ent[s/d/p/e] 1.60/1.63/0.79/0.49  emits 1.30  spf 33.3  z0 0.04  garr 34.4  tG 403  e2 0.19  nF 18.1  pS 0.37  ptS 0.35  fLog 0.45  pdΔ -0.1340  pkR 10.81  clip 0.32  kl +0.016
upd   94  steps 3112960  sps 5577  opp rand  loss -0.030  pg -0.0174  v 0.004  ev +0.97  adv_std 0.112  tR +0.33  ent[s/d/p/e] 1.59/1.67/0.78/0.51  emits 1.32  spf 31.5  z0 0.03  garr 32.5  tG 380  e2 0.20  nF 17.7  pS 0.37  ptS 0.36  fLog 0.45  pdΔ -0.1301  pkR 8.90  clip 0.33  kl +0.019
upd   95  steps 3145728  sps 5586  opp rand  loss -0.029  pg -0.0163  v 0.004  ev +0.97  adv_std 0.112  tR +0.50  ent[s/d/p/e] 1.60/1.71/0.77/0.51  emits 1.33  spf 32.7  z0 0.03  garr 33.4  tG 405  e2 0.20  nF 18.1  pS 0.38  ptS 0.37  fLog 0.45  pdΔ -0.1215  pkR 8.31  clip 0.33  kl +0.021
upd   96  steps 3178496  sps 5592  opp frzn  loss -0.029  pg -0.0164  v 0.004  ev +0.96  adv_std 0.111  tR +0.52  ent[s/d/p/e] 1.55/1.67/0.78/0.52  emits 1.35  spf 29.4  z0 0.02  garr 31.1  tG 372  e2 0.21  nF 20.4  pS 0.36  ptS 0.36  fLog 0.43  pdΔ -0.1368  pkR 12.29  clip 0.34  kl +0.021
upd   97  steps 3211264  sps 5597  opp frzn  loss -0.029  pg -0.0169  v 0.004  ev +0.96  adv_std 0.117  tR +0.52  ent[s/d/p/e] 1.49/1.65/0.79/0.51  emits 1.34  spf 28.7  z0 0.02  garr 31.3  tG 365  e2 0.21  nF 19.9  pS 0.35  ptS 0.34  fLog 0.42  pdΔ -0.1483  pkR 9.15  clip 0.34  kl +0.021
upd   98  steps 3244032  sps 5606  opp rand  loss -0.028  pg -0.0154  v 0.004  ev +0.97  adv_std 0.115  tR +0.35  ent[s/d/p/e] 1.50/1.68/0.77/0.52  emits 1.34  spf 31.1  z0 0.03  garr 32.4  tG 384  e2 0.21  nF 19.8  pS 0.36  ptS 0.35  fLog 0.43  pdΔ -0.1407  pkR 9.14  clip 0.33  kl +0.021
upd   99  steps 3276800  sps 5611  opp frzn  loss -0.028  pg -0.0159  v 0.005  ev +0.97  adv_std 0.118  tR +0.37  ent[s/d/p/e] 1.47/1.64/0.77/0.53  emits 1.35  spf 28.9  z0 0.03  garr 30.3  tG 350  e2 0.21  nF 19.5  pS 0.34  ptS 0.33  fLog 0.43  pdΔ -0.1552  pkR 11.54  clip 0.33  kl +0.020 WRr 0.72 WRf 0.75
[ckpt] saved ./ckpt_multi_action_v11_f32/ckpt_000099.pkl
upd  100  steps 3309568  sps 5490  opp rand  loss -0.030  pg -0.0179  v 0.004  ev +0.97  adv_std 0.111  tR +0.49  ent[s/d/p/e] 1.48/1.59/0.77/0.51  emits 1.32  spf 30.0  z0 0.02  garr 31.8  tG 364  e2 0.20  nF 18.0  pS 0.35  ptS 0.34  fLog 0.44  pdΔ -0.1485  pkR 12.82  clip 0.33  kl +0.020
upd  101  steps 3342336  sps 5499  opp rand  loss -0.031  pg -0.0175  v 0.004  ev +0.96  adv_std 0.114  tR +0.54  ent[s/d/p/e] 1.63/1.73/0.80/0.52  emits 1.37  spf 33.3  z0 0.01  garr 35.2  tG 430  e2 0.21  nF 18.3  pS 0.40  ptS 0.39  fLog 0.45  pdΔ -0.1026  pkR 8.99  clip 0.34  kl +0.021
upd  102  steps 3375104  sps 5505  opp frzn  loss -0.030  pg -0.0173  v 0.004  ev +0.97  adv_std 0.112  tR +0.47  ent[s/d/p/e] 1.52/1.65/0.80/0.52  emits 1.34  spf 31.4  z0 0.03  garr 32.0  tG 370  e2 0.21  nF 19.6  pS 0.35  ptS 0.34  fLog 0.44  pdΔ -0.1540  pkR 13.00  clip 0.34  kl +0.021
upd  103  steps 3407872  sps 5511  opp frzn  loss -0.030  pg -0.0168  v 0.005  ev +0.96  adv_std 0.123  tR +0.46  ent[s/d/p/e] 1.55/1.60/0.82/0.52  emits 1.39  spf 33.3  z0 0.03  garr 34.2  tG 416  e2 0.23  nF 18.7  pS 0.37  ptS 0.36  fLog 0.45  pdΔ -0.1293  pkR 9.48  clip 0.34  kl +0.022
upd  104  steps 3440640  sps 5517  opp frzn  loss -0.030  pg -0.0174  v 0.004  ev +0.96  adv_std 0.114  tR +0.41  ent[s/d/p/e] 1.47/1.59/0.80/0.54  emits 1.41  spf 31.3  z0 0.03  garr 31.0  tG 350  e2 0.24  nF 19.1  pS 0.34  ptS 0.33  fLog 0.44  pdΔ -0.1629  pkR 11.24  clip 0.33  kl +0.023
upd  105  steps 3473408  sps 5525  opp rand  loss -0.028  pg -0.0153  v 0.005  ev +0.96  adv_std 0.122  tR +0.41  ent[s/d/p/e] 1.53/1.59/0.79/0.53  emits 1.42  spf 29.1  z0 0.01  garr 30.8  tG 354  e2 0.23  nF 19.8  pS 0.36  ptS 0.35  fLog 0.44  pdΔ -0.1414  pkR 13.61  clip 0.34  kl +0.022
upd  106  steps 3506176  sps 5533  opp rand  loss -0.028  pg -0.0160  v 0.005  ev +0.96  adv_std 0.123  tR +0.30  ent[s/d/p/e] 1.52/1.61/0.78/0.55  emits 1.46  spf 29.6  z0 0.02  garr 29.6  tG 323  e2 0.25  nF 20.1  pS 0.35  ptS 0.34  fLog 0.44  pdΔ -0.1477  pkR 9.78  clip 0.35  kl +0.021
upd  107  steps 3538944  sps 5541  opp rand  loss -0.029  pg -0.0158  v 0.005  ev +0.96  adv_std 0.121  tR +0.55  ent[s/d/p/e] 1.61/1.64/0.80/0.55  emits 1.46  spf 32.5  z0 0.03  garr 32.4  tG 375  e2 0.25  nF 19.3  pS 0.37  ptS 0.36  fLog 0.45  pdΔ -0.1274  pkR 10.48  clip 0.35  kl +0.024
upd  108  steps 3571712  sps 5549  opp rand  loss -0.029  pg -0.0162  v 0.004  ev +0.97  adv_std 0.114  tR +0.45  ent[s/d/p/e] 1.54/1.60/0.78/0.53  emits 1.39  spf 29.3  z0 0.03  garr 30.1  tG 353  e2 0.22  nF 20.8  pS 0.36  ptS 0.35  fLog 0.43  pdΔ -0.1412  pkR 10.69  clip 0.34  kl +0.023
upd  109  steps 3604480  sps 5557  opp rand  loss -0.028  pg -0.0150  v 0.005  ev +0.96  adv_std 0.117  tR +0.50  ent[s/d/p/e] 1.61/1.62/0.81/0.53  emits 1.44  spf 32.6  z0 0.02  garr 33.9  tG 412  e2 0.24  nF 20.5  pS 0.39  ptS 0.38  fLog 0.45  pdΔ -0.1093  pkR 15.50  clip 0.35  kl +0.021
upd  110  steps 3637248  sps 5562  opp frzn  loss -0.030  pg -0.0166  v 0.005  ev +0.96  adv_std 0.120  tR +0.54  ent[s/d/p/e] 1.63/1.62/0.84/0.55  emits 1.45  spf 34.2  z0 0.03  garr 34.4  tG 409  e2 0.25  nF 19.4  pS 0.38  ptS 0.37  fLog 0.46  pdΔ -0.1175  pkR 11.65  clip 0.35  kl +0.021
upd  111  steps 3670016  sps 5570  opp rand  loss -0.030  pg -0.0169  v 0.004  ev +0.97  adv_std 0.112  tR +0.49  ent[s/d/p/e] 1.59/1.63/0.80/0.54  emits 1.45  spf 31.9  z0 0.02  garr 32.4  tG 389  e2 0.24  nF 20.8  pS 0.38  ptS 0.37  fLog 0.45  pdΔ -0.1224  pkR 8.69  clip 0.35  kl +0.023
upd  112  steps 3702784  sps 5575  opp frzn  loss -0.029  pg -0.0162  v 0.005  ev +0.97  adv_std 0.121  tR +0.17  ent[s/d/p/e] 1.52/1.61/0.80/0.55  emits 1.41  spf 28.9  z0 0.06  garr 27.6  tG 317  e2 0.23  nF 20.8  pS 0.33  ptS 0.32  fLog 0.43  pdΔ -0.1692  pkR 11.46  clip 0.33  kl +0.021
upd  113  steps 3735552  sps 5579  opp frzn  loss -0.028  pg -0.0155  v 0.005  ev +0.97  adv_std 0.122  tR +0.23  ent[s/d/p/e] 1.45/1.56/0.76/0.54  emits 1.39  spf 26.1  z0 0.06  garr 25.0  tG 280  e2 0.23  nF 21.7  pS 0.32  ptS 0.30  fLog 0.42  pdΔ -0.1843  pkR 12.18  clip 0.33  kl +0.024
upd  114  steps 3768320  sps 5587  opp rand  loss -0.028  pg -0.0155  v 0.005  ev +0.96  adv_std 0.121  tR +0.34  ent[s/d/p/e] 1.51/1.53/0.77/0.53  emits 1.43  spf 26.9  z0 0.03  garr 27.0  tG 290  e2 0.23  nF 20.1  pS 0.34  ptS 0.33  fLog 0.43  pdΔ -0.1633  pkR 11.12  clip 0.34  kl +0.024
upd  115  steps 3801088  sps 5594  opp rand  loss -0.028  pg -0.0153  v 0.004  ev +0.97  adv_std 0.114  tR +0.46  ent[s/d/p/e] 1.62/1.60/0.80/0.55  emits 1.52  spf 30.6  z0 0.02  garr 30.5  tG 352  e2 0.26  nF 20.1  pS 0.38  ptS 0.37  fLog 0.45  pdΔ -0.1192  pkR 12.31  clip 0.35  kl +0.024
upd  116  steps 3833856  sps 5599  opp frzn  loss -0.030  pg -0.0170  v 0.004  ev +0.97  adv_std 0.114  tR +0.41  ent[s/d/p/e] 1.52/1.56/0.78/0.55  emits 1.49  spf 28.1  z0 0.03  garr 27.7  tG 310  e2 0.25  nF 21.9  pS 0.34  ptS 0.33  fLog 0.43  pdΔ -0.1620  pkR 17.21  clip 0.35  kl +0.024
upd  117  steps 3866624  sps 5603  opp frzn  loss -0.029  pg -0.0163  v 0.005  ev +0.96  adv_std 0.121  tR +0.34  ent[s/d/p/e] 1.46/1.55/0.78/0.55  emits 1.46  spf 28.1  z0 0.03  garr 27.7  tG 298  e2 0.25  nF 20.5  pS 0.32  ptS 0.31  fLog 0.43  pdΔ -0.1773  pkR 12.85  clip 0.34  kl +0.026
upd  118  steps 3899392  sps 5608  opp frzn  loss -0.028  pg -0.0158  v 0.005  ev +0.96  adv_std 0.121  tR +0.46  ent[s/d/p/e] 1.50/1.58/0.81/0.56  emits 1.49  spf 30.4  z0 0.03  garr 30.1  tG 331  e2 0.26  nF 20.9  pS 0.34  ptS 0.33  fLog 0.43  pdΔ -0.1598  pkR 12.41  clip 0.35  kl +0.025
upd  119  steps 3932160  sps 5612  opp frzn  loss -0.028  pg -0.0159  v 0.005  ev +0.96  adv_std 0.123  tR +0.40  ent[s/d/p/e] 1.51/1.56/0.80/0.56  emits 1.49  spf 32.2  z0 0.03  garr 30.2  tG 336  e2 0.26  nF 20.7  pS 0.34  ptS 0.34  fLog 0.44  pdΔ -0.1556  pkR 13.87  clip 0.34  kl +0.021
upd  120  steps 3964928  sps 5619  opp rand  loss -0.030  pg -0.0173  v 0.004  ev +0.97  adv_std 0.110  tR +0.52  ent[s/d/p/e] 1.59/1.59/0.78/0.55  emits 1.48  spf 30.3  z0 0.02  garr 30.3  tG 376  e2 0.25  nF 20.2  pS 0.37  ptS 0.37  fLog 0.44  pdΔ -0.1297  pkR 11.59  clip 0.34  kl +0.021
upd  121  steps 3997696  sps 5623  opp frzn  loss -0.029  pg -0.0168  v 0.004  ev +0.97  adv_std 0.114  tR +0.50  ent[s/d/p/e] 1.49/1.62/0.77/0.55  emits 1.44  spf 27.4  z0 0.03  garr 26.3  tG 316  e2 0.24  nF 21.6  pS 0.34  ptS 0.33  fLog 0.42  pdΔ -0.1619  pkR 11.47  clip 0.34  kl +0.025
upd  122  steps 4030464  sps 5627  opp frzn  loss -0.029  pg -0.0164  v 0.005  ev +0.96  adv_std 0.119  tR +0.48  ent[s/d/p/e] 1.56/1.55/0.80/0.57  emits 1.50  spf 29.8  z0 0.03  garr 29.3  tG 351  e2 0.27  nF 21.5  pS 0.36  ptS 0.35  fLog 0.43  pdΔ -0.1407  pkR 12.37  clip 0.35  kl +0.022
upd  123  steps 4063232  sps 5634  opp rand  loss -0.028  pg -0.0153  v 0.005  ev +0.96  adv_std 0.122  tR +0.47  ent[s/d/p/e] 1.55/1.54/0.79/0.55  emits 1.48  spf 31.5  z0 0.04  garr 30.2  tG 355  e2 0.25  nF 20.5  pS 0.36  ptS 0.34  fLog 0.44  pdΔ -0.1435  pkR 11.59  clip 0.34  kl +0.024
upd  124  steps 4096000  sps 5640  opp rand  loss -0.029  pg -0.0159  v 0.004  ev +0.96  adv_std 0.116  tR +0.62  ent[s/d/p/e] 1.64/1.57/0.80/0.56  emits 1.58  spf 32.3  z0 0.02  garr 32.3  tG 370  e2 0.28  nF 21.2  pS 0.39  ptS 0.37  fLog 0.45  pdΔ -0.1139  pkR 12.84  clip 0.36  kl +0.026
upd  125  steps 4128768  sps 5647  opp rand  loss -0.030  pg -0.0172  v 0.005  ev +0.96  adv_std 0.119  tR +0.48  ent[s/d/p/e] 1.61/1.52/0.81/0.55  emits 1.56  spf 29.6  z0 0.02  garr 30.0  tG 358  e2 0.28  nF 21.4  pS 0.38  ptS 0.37  fLog 0.44  pdΔ -0.1172  pkR 16.16  clip 0.35  kl +0.024
upd  126  steps 4161536  sps 5653  opp rand  loss -0.027  pg -0.0147  v 0.004  ev +0.97  adv_std 0.115  tR +0.44  ent[s/d/p/e] 1.56/1.52/0.79/0.54  emits 1.51  spf 28.7  z0 0.02  garr 28.4  tG 336  e2 0.26  nF 21.2  pS 0.37  ptS 0.35  fLog 0.44  pdΔ -0.1343  pkR 10.89  clip 0.34  kl +0.023
upd  127  steps 4194304  sps 5659  opp rand  loss -0.030  pg -0.0177  v 0.004  ev +0.97  adv_std 0.114  tR +0.40  ent[s/d/p/e] 1.47/1.50/0.78/0.53  emits 1.47  spf 27.5  z0 0.03  garr 26.6  tG 304  e2 0.24  nF 21.0  pS 0.34  ptS 0.32  fLog 0.42  pdΔ -0.1635  pkR 12.89  clip 0.34  kl +0.022
upd  128  steps 4227072  sps 5663  opp frzn  loss -0.030  pg -0.0169  v 0.005  ev +0.96  adv_std 0.119  tR +0.44  ent[s/d/p/e] 1.52/1.53/0.80/0.55  emits 1.55  spf 30.7  z0 0.03  garr 28.8  tG 346  e2 0.27  nF 20.1  pS 0.35  ptS 0.34  fLog 0.43  pdΔ -0.1533  pkR 19.24  clip 0.35  kl +0.025
upd  129  steps 4259840  sps 5669  opp rand  loss -0.029  pg -0.0163  v 0.004  ev +0.97  adv_std 0.117  tR +0.43  ent[s/d/p/e] 1.59/1.60/0.80/0.54  emits 1.55  spf 33.0  z0 0.02  garr 30.3  tG 369  e2 0.27  nF 21.2  pS 0.37  ptS 0.36  fLog 0.45  pdΔ -0.1321  pkR 10.89  clip 0.35  kl +0.021
upd  130  steps 4292608  sps 5672  opp frzn  loss -0.028  pg -0.0161  v 0.005  ev +0.97  adv_std 0.126  tR +0.35  ent[s/d/p/e] 1.38/1.53/0.74/0.54  emits 1.43  spf 24.6  z0 0.05  garr 22.9  tG 260  e2 0.23  nF 22.7  pS 0.30  ptS 0.29  fLog 0.40  pdΔ -0.2045  pkR 14.18  clip 0.34  kl +0.025
upd  131  steps 4325376  sps 5676  opp frzn  loss -0.027  pg -0.0150  v 0.005  ev +0.96  adv_std 0.119  tR +0.33  ent[s/d/p/e] 1.46/1.48/0.77/0.54  emits 1.51  spf 26.2  z0 0.03  garr 25.9  tG 289  e2 0.26  nF 21.7  pS 0.32  ptS 0.32  fLog 0.42  pdΔ -0.1753  pkR 11.07  clip 0.34  kl +0.026
upd  132  steps 4358144  sps 5680  opp frzn  loss -0.026  pg -0.0141  v 0.006  ev +0.96  adv_std 0.131  tR +0.22  ent[s/d/p/e] 1.43/1.49/0.76/0.55  emits 1.57  spf 25.7  z0 0.04  garr 23.7  tG 259  e2 0.28  nF 20.8  pS 0.31  ptS 0.30  fLog 0.42  pdΔ -0.1901  pkR 16.35  clip 0.34  kl +0.023
upd  133  steps 4390912  sps 5685  opp rand  loss -0.028  pg -0.0162  v 0.005  ev +0.96  adv_std 0.121  tR +0.49  ent[s/d/p/e] 1.47/1.52/0.76/0.54  emits 1.56  spf 28.7  z0 0.02  garr 27.4  tG 309  e2 0.27  nF 20.4  pS 0.33  ptS 0.33  fLog 0.43  pdΔ -0.1660  pkR 14.14  clip 0.35  kl +0.026
upd  134  steps 4423680  sps 5691  opp rand  loss -0.027  pg -0.0147  v 0.005  ev +0.96  adv_std 0.125  tR +0.36  ent[s/d/p/e] 1.50/1.49/0.78/0.54  emits 1.57  spf 28.8  z0 0.03  garr 27.3  tG 323  e2 0.28  nF 21.2  pS 0.35  ptS 0.34  fLog 0.43  pdΔ -0.1522  pkR 15.13  clip 0.35  kl +0.023
upd  135  steps 4456448  sps 5697  opp rand  loss -0.028  pg -0.0154  v 0.005  ev +0.96  adv_std 0.121  tR +0.56  ent[s/d/p/e] 1.56/1.53/0.78/0.55  emits 1.60  spf 29.1  z0 0.02  garr 28.6  tG 330  e2 0.28  nF 21.4  pS 0.36  ptS 0.36  fLog 0.44  pdΔ -0.1364  pkR 15.01  clip 0.36  kl +0.027
upd  136  steps 4489216  sps 5702  opp rand  loss -0.029  pg -0.0160  v 0.005  ev +0.97  adv_std 0.122  tR +0.35  ent[s/d/p/e] 1.57/1.53/0.78/0.55  emits 1.62  spf 30.3  z0 0.02  garr 28.0  tG 333  e2 0.28  nF 22.1  pS 0.36  ptS 0.35  fLog 0.44  pdΔ -0.1426  pkR 15.41  clip 0.36  kl +0.028
upd  137  steps 4521984  sps 5708  opp rand  loss -0.028  pg -0.0155  v 0.004  ev +0.97  adv_std 0.115  tR +0.48  ent[s/d/p/e] 1.54/1.53/0.78/0.54  emits 1.59  spf 30.2  z0 0.02  garr 28.4  tG 348  e2 0.28  nF 21.9  pS 0.35  ptS 0.35  fLog 0.44  pdΔ -0.1451  pkR 11.83  clip 0.34  kl +0.024
upd  138  steps 4554752  sps 5711  opp frzn  loss -0.028  pg -0.0160  v 0.005  ev +0.97  adv_std 0.122  tR +0.39  ent[s/d/p/e] 1.48/1.48/0.79/0.56  emits 1.60  spf 26.9  z0 0.05  garr 25.0  tG 294  e2 0.29  nF 22.3  pS 0.33  ptS 0.32  fLog 0.43  pdΔ -0.1655  pkR 15.87  clip 0.35  kl +0.026
upd  139  steps 4587520  sps 5716  opp rand  loss -0.029  pg -0.0161  v 0.004  ev +0.96  adv_std 0.114  tR +0.56  ent[s/d/p/e] 1.59/1.52/0.81/0.56  emits 1.67  spf 26.9  z0 0.02  garr 25.7  tG 284  e2 0.30  nF 22.6  pS 0.37  ptS 0.36  fLog 0.43  pdΔ -0.1325  pkR 12.18  clip 0.36  kl +0.028
upd  140  steps 4620288  sps 5719  opp frzn  loss -0.028  pg -0.0157  v 0.004  ev +0.97  adv_std 0.116  tR +0.38  ent[s/d/p/e] 1.49/1.51/0.80/0.55  emits 1.61  spf 27.9  z0 0.03  garr 25.2  tG 301  e2 0.28  nF 22.5  pS 0.34  ptS 0.33  fLog 0.43  pdΔ -0.1608  pkR 11.75  clip 0.34  kl +0.025
upd  141  steps 4653056  sps 5724  opp rand  loss -0.029  pg -0.0168  v 0.005  ev +0.97  adv_std 0.122  tR +0.30  ent[s/d/p/e] 1.51/1.53/0.78/0.54  emits 1.59  spf 28.7  z0 0.03  garr 25.8  tG 304  e2 0.27  nF 22.9  pS 0.34  ptS 0.33  fLog 0.43  pdΔ -0.1623  pkR 16.54  clip 0.35  kl +0.024
upd  142  steps 4685824  sps 5727  opp frzn  loss -0.028  pg -0.0159  v 0.004  ev +0.97  adv_std 0.113  tR +0.42  ent[s/d/p/e] 1.41/1.46/0.76/0.55  emits 1.57  spf 23.8  z0 0.03  garr 22.0  tG 235  e2 0.27  nF 22.7  pS 0.31  ptS 0.30  fLog 0.41  pdΔ -0.1938  pkR 14.01  clip 0.35  kl +0.026
upd  143  steps 4718592  sps 5733  opp rand  loss -0.028  pg -0.0148  v 0.004  ev +0.97  adv_std 0.117  tR +0.38  ent[s/d/p/e] 1.55/1.54/0.79/0.54  emits 1.60  spf 27.5  z0 0.03  garr 26.0  tG 312  e2 0.28  nF 23.4  pS 0.36  ptS 0.35  fLog 0.43  pdΔ -0.1417  pkR 12.23  clip 0.35  kl +0.025
upd  144  steps 4751360  sps 5738  opp rand  loss -0.029  pg -0.0161  v 0.004  ev +0.97  adv_std 0.118  tR +0.51  ent[s/d/p/e] 1.48/1.49/0.78/0.54  emits 1.61  spf 26.6  z0 0.02  garr 25.0  tG 291  e2 0.28  nF 23.5  pS 0.34  ptS 0.33  fLog 0.43  pdΔ -0.1591  pkR 15.81  clip 0.35  kl +0.023
upd  145  steps 4784128  sps 5740  opp frzn  loss -0.028  pg -0.0160  v 0.005  ev +0.97  adv_std 0.121  tR +0.29  ent[s/d/p/e] 1.47/1.50/0.77/0.55  emits 1.51  spf 25.4  z0 0.06  garr 23.7  tG 263  e2 0.26  nF 21.4  pS 0.32  ptS 0.32  fLog 0.42  pdΔ -0.1750  pkR 13.19  clip 0.35  kl +0.024
upd  146  steps 4816896  sps 5743  opp frzn  loss -0.029  pg -0.0162  v 0.005  ev +0.96  adv_std 0.126  tR +0.38  ent[s/d/p/e] 1.49/1.49/0.79/0.55  emits 1.58  spf 27.6  z0 0.03  garr 26.0  tG 291  e2 0.28  nF 22.6  pS 0.34  ptS 0.33  fLog 0.43  pdΔ -0.1615  pkR 13.74  clip 0.36  kl +0.027
upd  147  steps 4849664  sps 5746  opp frzn  loss -0.029  pg -0.0172  v 0.005  ev +0.96  adv_std 0.118  tR +0.28  ent[s/d/p/e] 1.42/1.44/0.78/0.53  emits 1.49  spf 24.3  z0 0.03  garr 24.0  tG 256  e2 0.25  nF 21.6  pS 0.31  ptS 0.31  fLog 0.41  pdΔ -0.1903  pkR 13.45  clip 0.34  kl +0.024
upd  148  steps 4882432  sps 5751  opp rand  loss -0.029  pg -0.0159  v 0.005  ev +0.96  adv_std 0.123  tR +0.61  ent[s/d/p/e] 1.58/1.54/0.80/0.54  emits 1.62  spf 29.8  z0 0.02  garr 28.5  tG 334  e2 0.29  nF 22.4  pS 0.37  ptS 0.36  fLog 0.44  pdΔ -0.1313  pkR 12.72  clip 0.36  kl +0.026
upd  149  steps 4915200  sps 5756  opp rand  loss -0.029  pg -0.0164  v 0.005  ev +0.96  adv_std 0.123  tR +0.52  ent[s/d/p/e] 1.55/1.49/0.82/0.54  emits 1.61  spf 28.1  z0 0.03  garr 27.9  tG 305  e2 0.29  nF 22.0  pS 0.36  ptS 0.35  fLog 0.44  pdΔ -0.1428  pkR 11.97  clip 0.36  kl +0.026 WRr 0.84 WRf 0.59
upd  150  steps 4947968  sps 5667  opp frzn  loss -0.030  pg -0.0175  v 0.005  ev +0.96  adv_std 0.118  tR +0.47  ent[s/d/p/e] 1.54/1.52/0.81/0.55  emits 1.62  spf 29.6  z0 0.03  garr 28.6  tG 346  e2 0.29  nF 21.8  pS 0.36  ptS 0.35  fLog 0.44  pdΔ -0.1411  pkR 12.29  clip 0.36  kl +0.026
upd  151  steps 4980736  sps 5672  opp rand  loss -0.029  pg -0.0157  v 0.005  ev +0.96  adv_std 0.122  tR +0.40  ent[s/d/p/e] 1.63/1.58/0.82/0.56  emits 1.65  spf 32.3  z0 0.02  garr 31.6  tG 362  e2 0.30  nF 21.7  pS 0.39  ptS 0.37  fLog 0.45  pdΔ -0.1145  pkR 10.65  clip 0.36  kl +0.026
upd  152  steps 5013504  sps 5677  opp rand  loss -0.029  pg -0.0159  v 0.005  ev +0.97  adv_std 0.122  tR +0.62  ent[s/d/p/e] 1.61/1.59/0.80/0.54  emits 1.66  spf 34.8  z0 0.02  garr 31.7  tG 402  e2 0.29  nF 21.7  pS 0.40  ptS 0.38  fLog 0.46  pdΔ -0.1033  pkR 10.61  clip 0.37  kl +0.027
upd  153  steps 5046272  sps 5680  opp frzn  loss -0.027  pg -0.0144  v 0.005  ev +0.96  adv_std 0.128  tR +0.45  ent[s/d/p/e] 1.53/1.51/0.79/0.55  emits 1.62  spf 27.4  z0 0.05  garr 25.6  tG 296  e2 0.30  nF 22.7  pS 0.35  ptS 0.34  fLog 0.43  pdΔ -0.1533  pkR 13.40  clip 0.36  kl +0.027
upd  154  steps 5079040  sps 5685  opp rand  loss -0.030  pg -0.0174  v 0.004  ev +0.97  adv_std 0.116  tR +0.32  ent[s/d/p/e] 1.61/1.58/0.79/0.54  emits 1.63  spf 30.4  z0 0.03  garr 29.1  tG 333  e2 0.29  nF 22.0  pS 0.36  ptS 0.35  fLog 0.45  pdΔ -0.1385  pkR 9.76  clip 0.36  kl +0.025
upd  155  steps 5111808  sps 5690  opp rand  loss -0.028  pg -0.0161  v 0.005  ev +0.97  adv_std 0.119  tR +0.48  ent[s/d/p/e] 1.51/1.53/0.77/0.53  emits 1.59  spf 30.2  z0 0.02  garr 29.0  tG 336  e2 0.27  nF 21.9  pS 0.35  ptS 0.34  fLog 0.44  pdΔ -0.1540  pkR 13.02  clip 0.36  kl +0.025
upd  156  steps 5144576  sps 5695  opp rand  loss -0.029  pg -0.0160  v 0.005  ev +0.97  adv_std 0.120  tR +0.58  ent[s/d/p/e] 1.60/1.58/0.79/0.55  emits 1.68  spf 29.7  z0 0.02  garr 27.9  tG 324  e2 0.30  nF 21.3  pS 0.37  ptS 0.36  fLog 0.44  pdΔ -0.1298  pkR 12.17  clip 0.35  kl +0.025
upd  157  steps 5177344  sps 5698  opp frzn  loss -0.030  pg -0.0177  v 0.005  ev +0.96  adv_std 0.124  tR +0.38  ent[s/d/p/e] 1.47/1.51/0.79/0.56  emits 1.64  spf 28.7  z0 0.05  garr 26.7  tG 296  e2 0.30  nF 22.2  pS 0.33  ptS 0.32  fLog 0.43  pdΔ -0.1688  pkR 11.86  clip 0.35  kl +0.024
upd  158  steps 5210112  sps 5703  opp rand  loss -0.030  pg -0.0172  v 0.005  ev +0.96  adv_std 0.125  tR +0.49  ent[s/d/p/e] 1.55/1.54/0.77/0.53  emits 1.61  spf 30.3  z0 0.02  garr 28.7  tG 341  e2 0.28  nF 21.7  pS 0.36  ptS 0.35  fLog 0.44  pdΔ -0.1441  pkR 13.07  clip 0.35  kl +0.025
upd  159  steps 5242880  sps 5706  opp frzn  loss -0.029  pg -0.0170  v 0.005  ev +0.97  adv_std 0.124  tR +0.19  ent[s/d/p/e] 1.48/1.44/0.79/0.55  emits 1.62  spf 28.0  z0 0.05  garr 26.0  tG 295  e2 0.30  nF 21.7  pS 0.32  ptS 0.32  fLog 0.43  pdΔ -0.1776  pkR 16.79  clip 0.35  kl +0.027
upd  160  steps 5275648  sps 5710  opp rand  loss -0.029  pg -0.0161  v 0.005  ev +0.96  adv_std 0.122  tR +0.44  ent[s/d/p/e] 1.56/1.52/0.79/0.54  emits 1.65  spf 30.4  z0 0.03  garr 29.6  tG 337  e2 0.30  nF 21.9  pS 0.36  ptS 0.35  fLog 0.44  pdΔ -0.1413  pkR 13.24  clip 0.36  kl +0.027
upd  161  steps 5308416  sps 5715  opp rand  loss -0.029  pg -0.0164  v 0.005  ev +0.96  adv_std 0.123  tR +0.47  ent[s/d/p/e] 1.66/1.58/0.81/0.54  emits 1.75  spf 33.9  z0 0.02  garr 31.0  tG 360  e2 0.32  nF 21.1  pS 0.39  ptS 0.38  fLog 0.46  pdΔ -0.1051  pkR 10.04  clip 0.36  kl +0.025
upd  162  steps 5341184  sps 5718  opp frzn  loss -0.027  pg -0.0151  v 0.006  ev +0.96  adv_std 0.129  tR +0.45  ent[s/d/p/e] 1.46/1.49/0.78/0.55  emits 1.62  spf 29.3  z0 0.04  garr 27.0  tG 295  e2 0.29  nF 21.7  pS 0.33  ptS 0.32  fLog 0.44  pdΔ -0.1680  pkR 12.89  clip 0.36  kl +0.031
upd  163  steps 5373952  sps 5720  opp frzn  loss -0.028  pg -0.0163  v 0.005  ev +0.96  adv_std 0.127  tR +0.21  ent[s/d/p/e] 1.45/1.50/0.76/0.55  emits 1.61  spf 27.1  z0 0.05  garr 23.8  tG 261  e2 0.29  nF 23.1  pS 0.31  ptS 0.30  fLog 0.42  pdΔ -0.1855  pkR 15.27  clip 0.35  kl +0.026
upd  164  steps 5406720  sps 5725  opp rand  loss -0.028  pg -0.0160  v 0.005  ev +0.96  adv_std 0.125  tR +0.39  ent[s/d/p/e] 1.52/1.53/0.76/0.54  emits 1.61  spf 28.1  z0 0.02  garr 26.2  tG 308  e2 0.28  nF 23.8  pS 0.35  ptS 0.34  fLog 0.43  pdΔ -0.1491  pkR 13.63  clip 0.36  kl +0.027
upd  165  steps 5439488  sps 5727  opp frzn  loss -0.027  pg -0.0149  v 0.006  ev +0.96  adv_std 0.135  tR +0.30  ent[s/d/p/e] 1.41/1.42/0.77/0.54  emits 1.61  spf 25.5  z0 0.04  garr 23.9  tG 263  e2 0.29  nF 23.6  pS 0.32  ptS 0.31  fLog 0.41  pdΔ -0.1826  pkR 20.05  clip 0.36  kl +0.030
upd  166  steps 5472256  sps 5732  opp rand  loss -0.029  pg -0.0171  v 0.005  ev +0.97  adv_std 0.123  tR +0.41  ent[s/d/p/e] 1.47/1.51/0.74/0.53  emits 1.61  spf 29.2  z0 0.02  garr 26.8  tG 309  e2 0.28  nF 22.5  pS 0.33  ptS 0.33  fLog 0.43  pdΔ -0.1677  pkR 13.45  clip 0.35  kl +0.025
upd  167  steps 5505024  sps 5736  opp rand  loss -0.028  pg -0.0158  v 0.005  ev +0.96  adv_std 0.127  tR +0.40  ent[s/d/p/e] 1.57/1.50/0.79/0.54  emits 1.70  spf 30.0  z0 0.03  garr 26.6  tG 320  e2 0.31  nF 22.2  pS 0.36  ptS 0.36  fLog 0.44  pdΔ -0.1369  pkR 12.07  clip 0.36  kl +0.028
upd  168  steps 5537792  sps 5740  opp rand  loss -0.029  pg -0.0167  v 0.005  ev +0.97  adv_std 0.118  tR +0.67  ent[s/d/p/e] 1.57/1.49/0.78/0.53  emits 1.70  spf 30.7  z0 0.02  garr 28.3  tG 348  e2 0.30  nF 21.9  pS 0.37  ptS 0.36  fLog 0.44  pdΔ -0.1268  pkR 13.89  clip 0.37  kl +0.029
upd  169  steps 5570560  sps 5743  opp frzn  loss -0.025  pg -0.0139  v 0.005  ev +0.97  adv_std 0.125  tR +0.24  ent[s/d/p/e] 1.36/1.40/0.74/0.52  emits 1.55  spf 24.6  z0 0.05  garr 22.2  tG 250  e2 0.27  nF 22.7  pS 0.30  ptS 0.29  fLog 0.41  pdΔ -0.2026  pkR 16.98  clip 0.34  kl +0.028
upd  170  steps 5603328  sps 5745  opp frzn  loss -0.026  pg -0.0136  v 0.005  ev +0.96  adv_std 0.127  tR +0.35  ent[s/d/p/e] 1.43/1.39/0.78/0.53  emits 1.62  spf 27.0  z0 0.04  garr 25.1  tG 284  e2 0.29  nF 22.2  pS 0.33  ptS 0.31  fLog 0.42  pdΔ -0.1750  pkR 16.68  clip 0.35  kl +0.032
upd  171  steps 5636096  sps 5748  opp frzn  loss -0.028  pg -0.0154  v 0.006  ev +0.96  adv_std 0.129  tR +0.48  ent[s/d/p/e] 1.45/1.46/0.79/0.53  emits 1.66  spf 27.6  z0 0.04  garr 24.3  tG 279  e2 0.29  nF 22.0  pS 0.33  ptS 0.31  fLog 0.42  pdΔ -0.1735  pkR 14.48  clip 0.35  kl +0.025
upd  172  steps 5668864  sps 5752  opp rand  loss -0.029  pg -0.0168  v 0.005  ev +0.97  adv_std 0.120  tR +0.26  ent[s/d/p/e] 1.44/1.42/0.76/0.51  emits 1.61  spf 26.2  z0 0.04  garr 24.0  tG 265  e2 0.28  nF 21.7  pS 0.32  ptS 0.31  fLog 0.43  pdΔ -0.1840  pkR 21.35  clip 0.35  kl +0.025
upd  173  steps 5701632  sps 5756  opp rand  loss -0.027  pg -0.0149  v 0.006  ev +0.96  adv_std 0.131  tR +0.40  ent[s/d/p/e] 1.56/1.49/0.80/0.53  emits 1.72  spf 31.5  z0 0.02  garr 27.6  tG 318  e2 0.32  nF 21.4  pS 0.36  ptS 0.35  fLog 0.45  pdΔ -0.1419  pkR 13.30  clip 0.37  kl +0.028
upd  174  steps 5734400  sps 5760  opp rand  loss -0.031  pg -0.0181  v 0.005  ev +0.96  adv_std 0.124  tR +0.38  ent[s/d/p/e] 1.55/1.48/0.79/0.53  emits 1.70  spf 29.0  z0 0.03  garr 25.9  tG 285  e2 0.30  nF 22.7  pS 0.35  ptS 0.34  fLog 0.44  pdΔ -0.1513  pkR 11.30  clip 0.36  kl +0.027
upd  175  steps 5767168  sps 5762  opp frzn  loss -0.027  pg -0.0150  v 0.005  ev +0.96  adv_std 0.126  tR +0.33  ent[s/d/p/e] 1.49/1.49/0.79/0.54  emits 1.70  spf 26.1  z0 0.05  garr 25.1  tG 274  e2 0.31  nF 22.0  pS 0.34  ptS 0.32  fLog 0.43  pdΔ -0.1631  pkR 13.28  clip 0.36  kl +0.031
upd  176  steps 5799936  sps 5764  opp frzn  loss -0.027  pg -0.0146  v 0.005  ev +0.97  adv_std 0.120  tR +0.28  ent[s/d/p/e] 1.45/1.55/0.78/0.54  emits 1.67  spf 28.8  z0 0.04  garr 25.3  tG 290  e2 0.29  nF 22.5  pS 0.32  ptS 0.31  fLog 0.43  pdΔ -0.1825  pkR 14.82  clip 0.34  kl +0.028
upd  177  steps 5832704  sps 5767  opp frzn  loss -0.026  pg -0.0145  v 0.006  ev +0.96  adv_std 0.133  tR +0.22  ent[s/d/p/e] 1.35/1.43/0.78/0.54  emits 1.61  spf 24.6  z0 0.04  garr 22.9  tG 230  e2 0.29  nF 22.6  pS 0.30  ptS 0.29  fLog 0.42  pdΔ -0.1986  pkR 16.46  clip 0.36  kl +0.027
upd  178  steps 5865472  sps 5769  opp frzn  loss -0.029  pg -0.0162  v 0.005  ev +0.96  adv_std 0.125  tR +0.36  ent[s/d/p/e] 1.48/1.48/0.80/0.55  emits 1.70  spf 25.1  z0 0.03  garr 24.0  tG 261  e2 0.30  nF 22.7  pS 0.33  ptS 0.32  fLog 0.42  pdΔ -0.1676  pkR 17.38  clip 0.36  kl +0.027
upd  179  steps 5898240  sps 5773  opp rand  loss -0.028  pg -0.0155  v 0.005  ev +0.96  adv_std 0.126  tR +0.46  ent[s/d/p/e] 1.59/1.54/0.81/0.55  emits 1.83  spf 29.6  z0 0.02  garr 26.2  tG 295  e2 0.33  nF 22.9  pS 0.36  ptS 0.35  fLog 0.44  pdΔ -0.1352  pkR 14.79  clip 0.37  kl +0.029
upd  180  steps 5931008  sps 5775  opp frzn  loss -0.026  pg -0.0139  v 0.005  ev +0.97  adv_std 0.123  tR +0.47  ent[s/d/p/e] 1.49/1.47/0.81/0.54  emits 1.75  spf 25.6  z0 0.04  garr 23.7  tG 269  e2 0.32  nF 25.2  pS 0.34  ptS 0.33  fLog 0.42  pdΔ -0.1631  pkR 14.11  clip 0.37  kl +0.030
upd  181  steps 5963776  sps 5777  opp frzn  loss -0.028  pg -0.0159  v 0.004  ev +0.97  adv_std 0.116  tR +0.32  ent[s/d/p/e] 1.47/1.45/0.79/0.53  emits 1.68  spf 26.4  z0 0.06  garr 22.8  tG 269  e2 0.30  nF 23.6  pS 0.32  ptS 0.31  fLog 0.42  pdΔ -0.1768  pkR 15.38  clip 0.34  kl +0.025
upd  182  steps 5996544  sps 5781  opp rand  loss -0.028  pg -0.0163  v 0.005  ev +0.96  adv_std 0.127  tR +0.41  ent[s/d/p/e] 1.48/1.45/0.79/0.54  emits 1.63  spf 26.0  z0 0.03  garr 25.3  tG 294  e2 0.29  nF 22.9  pS 0.34  ptS 0.33  fLog 0.42  pdΔ -0.1598  pkR 13.95  clip 0.36  kl +0.026
upd  183  steps 6029312  sps 5785  opp rand  loss -0.029  pg -0.0165  v 0.005  ev +0.97  adv_std 0.119  tR +0.39  ent[s/d/p/e] 1.54/1.53/0.80/0.54  emits 1.65  spf 31.4  z0 0.02  garr 28.7  tG 365  e2 0.28  nF 22.0  pS 0.36  ptS 0.35  fLog 0.44  pdΔ -0.1407  pkR 15.25  clip 0.36  kl +0.028
upd  184  steps 6062080  sps 5787  opp frzn  loss -0.028  pg -0.0155  v 0.005  ev +0.97  adv_std 0.124  tR +0.40  ent[s/d/p/e] 1.48/1.49/0.81/0.55  emits 1.71  spf 30.0  z0 0.04  garr 26.0  tG 307  e2 0.31  nF 22.5  pS 0.34  ptS 0.33  fLog 0.43  pdΔ -0.1614  pkR 12.34  clip 0.36  kl +0.029
upd  185  steps 6094848  sps 5790  opp rand  loss -0.029  pg -0.0162  v 0.005  ev +0.97  adv_std 0.125  tR +0.40  ent[s/d/p/e] 1.50/1.45/0.80/0.53  emits 1.65  spf 29.5  z0 0.03  garr 26.2  tG 309  e2 0.29  nF 22.5  pS 0.34  ptS 0.33  fLog 0.44  pdΔ -0.1596  pkR 16.80  clip 0.35  kl +0.025
upd  186  steps 6127616  sps 5794  opp rand  loss -0.030  pg -0.0172  v 0.005  ev +0.97  adv_std 0.120  tR +0.50  ent[s/d/p/e] 1.51/1.44/0.82/0.53  emits 1.65  spf 30.2  z0 0.02  garr 27.4  tG 320  e2 0.29  nF 21.3  pS 0.36  ptS 0.34  fLog 0.44  pdΔ -0.1439  pkR 13.85  clip 0.36  kl +0.030
upd  187  steps 6160384  sps 5798  opp rand  loss -0.028  pg -0.0150  v 0.005  ev +0.97  adv_std 0.115  tR +0.54  ent[s/d/p/e] 1.63/1.52/0.82/0.55  emits 1.73  spf 29.7  z0 0.02  garr 27.9  tG 327  e2 0.31  nF 22.6  pS 0.38  ptS 0.37  fLog 0.45  pdΔ -0.1195  pkR 12.19  clip 0.38  kl +0.031
upd  188  steps 6193152  sps 5801  opp rand  loss -0.026  pg -0.0143  v 0.005  ev +0.96  adv_std 0.123  tR +0.48  ent[s/d/p/e] 1.51/1.49/0.77/0.52  emits 1.65  spf 27.8  z0 0.02  garr 26.7  tG 319  e2 0.28  nF 23.0  pS 0.35  ptS 0.34  fLog 0.43  pdΔ -0.1495  pkR 16.17  clip 0.37  kl +0.034
upd  189  steps 6225920  sps 5805  opp rand  loss -0.029  pg -0.0160  v 0.005  ev +0.96  adv_std 0.123  tR +0.60  ent[s/d/p/e] 1.62/1.49/0.83/0.55  emits 1.80  spf 28.7  z0 0.01  garr 27.7  tG 300  e2 0.34  nF 24.4  pS 0.37  ptS 0.36  fLog 0.44  pdΔ -0.1267  pkR 13.63  clip 0.39  kl +0.032
upd  190  steps 6258688  sps 5808  opp rand  loss -0.030  pg -0.0172  v 0.005  ev +0.97  adv_std 0.117  tR +0.47  ent[s/d/p/e] 1.57/1.48/0.81/0.53  emits 1.78  spf 29.7  z0 0.02  garr 26.8  tG 329  e2 0.32  nF 24.4  pS 0.37  ptS 0.36  fLog 0.44  pdΔ -0.1301  pkR 14.09  clip 0.37  kl +0.028
upd  191  steps 6291456  sps 5812  opp rand  loss -0.031  pg -0.0179  v 0.004  ev +0.97  adv_std 0.113  tR +0.54  ent[s/d/p/e] 1.57/1.50/0.80/0.53  emits 1.73  spf 30.2  z0 0.02  garr 26.6  tG 318  e2 0.31  nF 23.6  pS 0.36  ptS 0.35  fLog 0.44  pdΔ -0.1424  pkR 11.76  clip 0.36  kl +0.029
upd  192  steps 6324224  sps 5814  opp frzn  loss -0.028  pg -0.0164  v 0.005  ev +0.96  adv_std 0.127  tR +0.39  ent[s/d/p/e] 1.42/1.42/0.78/0.53  emits 1.69  spf 26.2  z0 0.03  garr 24.2  tG 262  e2 0.30  nF 22.8  pS 0.32  ptS 0.31  fLog 0.42  pdΔ -0.1846  pkR 13.54  clip 0.36  kl +0.033
upd  193  steps 6356992  sps 5817  opp rand  loss -0.027  pg -0.0150  v 0.005  ev +0.97  adv_std 0.121  tR +0.31  ent[s/d/p/e] 1.49/1.42/0.79/0.52  emits 1.74  spf 26.7  z0 0.03  garr 24.8  tG 280  e2 0.31  nF 25.5  pS 0.34  ptS 0.33  fLog 0.43  pdΔ -0.1585  pkR 14.78  clip 0.37  kl +0.031
upd  194  steps 6389760  sps 5821  opp rand  loss -0.028  pg -0.0157  v 0.005  ev +0.97  adv_std 0.118  tR +0.46  ent[s/d/p/e] 1.43/1.41/0.76/0.53  emits 1.71  spf 26.7  z0 0.01  garr 23.8  tG 259  e2 0.30  nF 23.8  pS 0.32  ptS 0.31  fLog 0.42  pdΔ -0.1823  pkR 14.64  clip 0.36  kl +0.026
upd  195  steps 6422528  sps 5824  opp rand  loss -0.029  pg -0.0165  v 0.004  ev +0.97  adv_std 0.111  tR +0.46  ent[s/d/p/e] 1.52/1.42/0.79/0.53  emits 1.71  spf 28.2  z0 0.02  garr 26.4  tG 297  e2 0.30  nF 23.1  pS 0.35  ptS 0.34  fLog 0.44  pdΔ -0.1462  pkR 12.58  clip 0.36  kl +0.029
upd  196  steps 6455296  sps 5827  opp rand  loss -0.029  pg -0.0160  v 0.004  ev +0.97  adv_std 0.116  tR +0.52  ent[s/d/p/e] 1.56/1.51/0.81/0.53  emits 1.73  spf 31.7  z0 0.02  garr 29.2  tG 352  e2 0.31  nF 21.7  pS 0.38  ptS 0.37  fLog 0.45  pdΔ -0.1201  pkR 10.21  clip 0.37  kl +0.026
upd  197  steps 6488064  sps 5829  opp frzn  loss -0.027  pg -0.0146  v 0.005  ev +0.96  adv_std 0.124  tR +0.51  ent[s/d/p/e] 1.53/1.46/0.83/0.54  emits 1.74  spf 29.7  z0 0.03  garr 26.6  tG 326  e2 0.32  nF 23.3  pS 0.36  ptS 0.35  fLog 0.43  pdΔ -0.1418  pkR 12.21  clip 0.38  kl +0.032
upd  198  steps 6520832  sps 5831  opp frzn  loss -0.027  pg -0.0149  v 0.005  ev +0.97  adv_std 0.124  tR +0.38  ent[s/d/p/e] 1.40/1.41/0.78/0.52  emits 1.61  spf 26.0  z0 0.04  garr 23.7  tG 269  e2 0.27  nF 23.0  pS 0.31  ptS 0.31  fLog 0.41  pdΔ -0.1887  pkR 15.86  clip 0.35  kl +0.028
upd  199  steps 6553600  sps 5834  opp rand  loss -0.029  pg -0.0164  v 0.005  ev +0.97  adv_std 0.118  tR +0.24  ent[s/d/p/e] 1.45/1.40/0.79/0.53  emits 1.64  spf 29.0  z0 0.04  garr 26.3  tG 285  e2 0.29  nF 21.2  pS 0.33  ptS 0.32  fLog 0.44  pdΔ -0.1713  pkR 14.00  clip 0.36  kl +0.030 WRr 0.84 WRf 0.69
[ckpt] saved ./ckpt_multi_action_v11_f32/ckpt_000199.pkl
upd  200  steps 6586368  sps 5766  opp rand  loss -0.029  pg -0.0168  v 0.005  ev +0.97  adv_std 0.119  tR +0.45  ent[s/d/p/e] 1.51/1.49/0.79/0.53  emits 1.70  spf 31.0  z0 0.02  garr 27.1  tG 305  e2 0.30  nF 21.5  pS 0.35  ptS 0.33  fLog 0.44  pdΔ -0.1493  pkR 11.85  clip 0.37  kl +0.029
upd  201  steps 6619136  sps 5768  opp frzn  loss -0.028  pg -0.0160  v 0.006  ev +0.96  adv_std 0.128  tR +0.43  ent[s/d/p/e] 1.41/1.38/0.80/0.53  emits 1.68  spf 27.2  z0 0.04  garr 25.6  tG 278  e2 0.30  nF 21.0  pS 0.33  ptS 0.31  fLog 0.43  pdΔ -0.1748  pkR 14.13  clip 0.38  kl +0.032
upd  202  steps 6651904  sps 5771  opp rand  loss -0.030  pg -0.0172  v 0.005  ev +0.97  adv_std 0.116  tR +0.47  ent[s/d/p/e] 1.55/1.50/0.80/0.54  emits 1.67  spf 32.6  z0 0.03  garr 28.7  tG 343  e2 0.29  nF 21.6  pS 0.37  ptS 0.36  fLog 0.45  pdΔ -0.1320  pkR 12.07  clip 0.37  kl +0.029
upd  203  steps 6684672  sps 5773  opp frzn  loss -0.028  pg -0.0163  v 0.006  ev +0.96  adv_std 0.130  tR +0.34  ent[s/d/p/e] 1.43/1.40/0.81/0.54  emits 1.63  spf 31.1  z0 0.05  garr 27.1  tG 308  e2 0.29  nF 21.7  pS 0.33  ptS 0.32  fLog 0.44  pdΔ -0.1694  pkR 15.38  clip 0.37  kl +0.031
upd  204  steps 6717440  sps 5777  opp rand  loss -0.028  pg -0.0157  v 0.005  ev +0.96  adv_std 0.130  tR +0.41  ent[s/d/p/e] 1.44/1.40/0.79/0.52  emits 1.64  spf 30.0  z0 0.02  garr 28.1  tG 324  e2 0.28  nF 21.5  pS 0.34  ptS 0.33  fLog 0.44  pdΔ -0.1578  pkR 18.34  clip 0.36  kl +0.028
upd  205  steps 6750208  sps 5779  opp frzn  loss -0.026  pg -0.0142  v 0.006  ev +0.97  adv_std 0.127  tR +0.10  ent[s/d/p/e] 1.45/1.43/0.81/0.54  emits 1.65  spf 29.1  z0 0.05  garr 26.5  tG 303  e2 0.30  nF 21.5  pS 0.33  ptS 0.32  fLog 0.44  pdΔ -0.1712  pkR 17.57  clip 0.36  kl +0.031
upd  206  steps 6782976  sps 5781  opp frzn  loss -0.029  pg -0.0163  v 0.006  ev +0.96  adv_std 0.129  tR +0.55  ent[s/d/p/e] 1.57/1.50/0.84/0.54  emits 1.72  spf 36.5  z0 0.03  garr 31.2  tG 397  e2 0.30  nF 21.2  pS 0.38  ptS 0.37  fLog 0.46  pdΔ -0.1224  pkR 10.16  clip 0.37  kl +0.029
upd  207  steps 6815744  sps 5782  opp frzn  loss -0.028  pg -0.0161  v 0.005  ev +0.97  adv_std 0.123  tR +0.38  ent[s/d/p/e] 1.42/1.39/0.79/0.51  emits 1.65  spf 27.6  z0 0.03  garr 25.2  tG 277  e2 0.28  nF 24.0  pS 0.32  ptS 0.32  fLog 0.42  pdΔ -0.1760  pkR 12.95  clip 0.37  kl +0.030
upd  208  steps 6848512  sps 5784  opp frzn  loss -0.028  pg -0.0152  v 0.005  ev +0.97  adv_std 0.125  tR +0.42  ent[s/d/p/e] 1.46/1.40/0.81/0.53  emits 1.66  spf 29.9  z0 0.04  garr 26.7  tG 325  e2 0.29  nF 23.8  pS 0.35  ptS 0.34  fLog 0.43  pdΔ -0.1522  pkR 13.02  clip 0.37  kl +0.029
upd  209  steps 6881280  sps 5788  opp rand  loss -0.029  pg -0.0172  v 0.005  ev +0.97  adv_std 0.118  tR +0.38  ent[s/d/p/e] 1.43/1.39/0.77/0.51  emits 1.60  spf 27.0  z0 0.03  garr 24.5  tG 284  e2 0.27  nF 24.4  pS 0.33  ptS 0.32  fLog 0.42  pdΔ -0.1715  pkR 13.13  clip 0.35  kl +0.024
upd  210  steps 6914048  sps 5791  opp rand  loss -0.028  pg -0.0158  v 0.004  ev +0.98  adv_std 0.113  tR +0.26  ent[s/d/p/e] 1.44/1.43/0.80/0.51  emits 1.61  spf 30.9  z0 0.03  garr 26.9  tG 321  e2 0.27  nF 22.6  pS 0.34  ptS 0.33  fLog 0.44  pdΔ -0.1621  pkR 10.78  clip 0.35  kl +0.029
upd  211  steps 6946816  sps 5793  opp frzn  loss -0.026  pg -0.0144  v 0.005  ev +0.96  adv_std 0.128  tR +0.45  ent[s/d/p/e] 1.37/1.34/0.80/0.53  emits 1.63  spf 26.0  z0 0.04  garr 24.5  tG 275  e2 0.29  nF 22.8  pS 0.32  ptS 0.31  fLog 0.42  pdΔ -0.1776  pkR 16.99  clip 0.37  kl +0.032
upd  212  steps 6979584  sps 5796  opp rand  loss -0.030  pg -0.0175  v 0.005  ev +0.97  adv_std 0.120  tR +0.30  ent[s/d/p/e] 1.47/1.38/0.82/0.52  emits 1.71  spf 27.6  z0 0.02  garr 26.1  tG 279  e2 0.30  nF 22.7  pS 0.35  ptS 0.33  fLog 0.44  pdΔ -0.1510  pkR 11.97  clip 0.37  kl +0.029
upd  213  steps 7012352  sps 5798  opp frzn  loss -0.027  pg -0.0156  v 0.006  ev +0.96  adv_std 0.133  tR +0.34  ent[s/d/p/e] 1.38/1.35/0.80/0.51  emits 1.74  spf 27.1  z0 0.04  garr 25.2  tG 278  e2 0.31  nF 21.8  pS 0.32  ptS 0.31  fLog 0.43  pdΔ -0.1772  pkR 15.35  clip 0.37  kl +0.028
upd  214  steps 7045120  sps 5801  opp rand  loss -0.027  pg -0.0150  v 0.005  ev +0.96  adv_std 0.125  tR +0.41  ent[s/d/p/e] 1.46/1.42/0.81/0.52  emits 1.73  spf 32.0  z0 0.02  garr 28.3  tG 321  e2 0.30  nF 22.5  pS 0.34  ptS 0.33  fLog 0.45  pdΔ -0.1610  pkR 13.54  clip 0.36  kl +0.026
upd  215  steps 7077888  sps 5804  opp rand  loss -0.029  pg -0.0172  v 0.005  ev +0.97  adv_std 0.120  tR +0.42  ent[s/d/p/e] 1.46/1.41/0.80/0.51  emits 1.72  spf 30.7  z0 0.02  garr 27.1  tG 326  e2 0.30  nF 22.6  pS 0.35  ptS 0.33  fLog 0.44  pdΔ -0.1546  pkR 18.45  clip 0.37  kl +0.029
upd  216  steps 7110656  sps 5807  opp rand  loss -0.029  pg -0.0159  v 0.004  ev +0.97  adv_std 0.112  tR +0.55  ent[s/d/p/e] 1.51/1.40/0.83/0.52  emits 1.72  spf 29.5  z0 0.02  garr 27.6  tG 324  e2 0.30  nF 22.5  pS 0.36  ptS 0.35  fLog 0.44  pdΔ -0.1438  pkR 13.85  clip 0.37  kl +0.032
upd  217  steps 7143424  sps 5809  opp frzn  loss -0.026  pg -0.0143  v 0.006  ev +0.96  adv_std 0.130  tR +0.27  ent[s/d/p/e] 1.39/1.35/0.79/0.52  emits 1.70  spf 26.2  z0 0.05  garr 23.1  tG 247  e2 0.31  nF 23.8  pS 0.31  ptS 0.30  fLog 0.41  pdΔ -0.1902  pkR 15.72  clip 0.38  kl +0.036
upd  218  steps 7176192  sps 5812  opp rand  loss -0.027  pg -0.0148  v 0.005  ev +0.97  adv_std 0.123  tR +0.39  ent[s/d/p/e] 1.50/1.41/0.83/0.51  emits 1.72  spf 29.8  z0 0.02  garr 26.5  tG 302  e2 0.30  nF 23.8  pS 0.35  ptS 0.34  fLog 0.44  pdΔ -0.1490  pkR 11.95  clip 0.37  kl +0.027
upd  219  steps 7208960  sps 5815  opp rand  loss -0.029  pg -0.0165  v 0.004  ev +0.97  adv_std 0.114  tR +0.45  ent[s/d/p/e] 1.51/1.40/0.84/0.51  emits 1.73  spf 31.3  z0 0.02  garr 28.6  tG 358  e2 0.30  nF 22.4  pS 0.37  ptS 0.36  fLog 0.45  pdΔ -0.1293  pkR 15.06  clip 0.37  kl +0.029
upd  220  steps 7241728  sps 5818  opp rand  loss -0.029  pg -0.0162  v 0.005  ev +0.96  adv_std 0.126  tR +0.58  ent[s/d/p/e] 1.52/1.42/0.84/0.52  emits 1.82  spf 31.5  z0 0.02  garr 28.0  tG 322  e2 0.33  nF 22.7  pS 0.37  ptS 0.36  fLog 0.45  pdΔ -0.1318  pkR 13.31  clip 0.38  kl +0.033
upd  221  steps 7274496  sps 5821  opp rand  loss -0.028  pg -0.0154  v 0.005  ev +0.96  adv_std 0.126  tR +0.55  ent[s/d/p/e] 1.53/1.46/0.86/0.52  emits 1.84  spf 34.8  z0 0.01  garr 31.0  tG 378  e2 0.32  nF 22.3  pS 0.38  ptS 0.37  fLog 0.46  pdΔ -0.1178  pkR 15.04  clip 0.38  kl +0.029
upd  222  steps 7307264  sps 5824  opp rand  loss -0.029  pg -0.0162  v 0.005  ev +0.96  adv_std 0.126  tR +0.54  ent[s/d/p/e] 1.51/1.45/0.83/0.51  emits 1.74  spf 32.0  z0 0.02  garr 28.7  tG 350  e2 0.30  nF 22.6  pS 0.37  ptS 0.36  fLog 0.45  pdΔ -0.1349  pkR 16.55  clip 0.37  kl +0.028
upd  223  steps 7340032  sps 5825  opp frzn  loss -0.028  pg -0.0159  v 0.005  ev +0.97  adv_std 0.125  tR +0.33  ent[s/d/p/e] 1.40/1.36/0.86/0.52  emits 1.72  spf 30.6  z0 0.04  garr 26.2  tG 300  e2 0.30  nF 22.2  pS 0.33  ptS 0.32  fLog 0.44  pdΔ -0.1715  pkR 13.96  clip 0.36  kl +0.030
upd  224  steps 7372800  sps 5828  opp rand  loss -0.030  pg -0.0177  v 0.004  ev +0.97  adv_std 0.112  tR +0.46  ent[s/d/p/e] 1.45/1.43/0.84/0.53  emits 1.66  spf 32.7  z0 0.02  garr 28.1  tG 332  e2 0.28  nF 21.2  pS 0.35  ptS 0.34  fLog 0.44  pdΔ -0.1484  pkR 13.14  clip 0.36  kl +0.030
upd  225  steps 7405568  sps 5831  opp rand  loss -0.030  pg -0.0173  v 0.005  ev +0.97  adv_std 0.118  tR +0.50  ent[s/d/p/e] 1.47/1.47/0.83/0.53  emits 1.73  spf 32.8  z0 0.01  garr 28.7  tG 350  e2 0.30  nF 22.2  pS 0.36  ptS 0.35  fLog 0.44  pdΔ -0.1440  pkR 13.71  clip 0.37  kl +0.029
upd  226  steps 7438336  sps 5832  opp frzn  loss -0.028  pg -0.0152  v 0.005  ev +0.97  adv_std 0.123  tR +0.38  ent[s/d/p/e] 1.44/1.41/0.83/0.54  emits 1.68  spf 31.4  z0 0.05  garr 27.2  tG 334  e2 0.30  nF 22.6  pS 0.35  ptS 0.34  fLog 0.44  pdΔ -0.1535  pkR 12.32  clip 0.36  kl +0.029
upd  227  steps 7471104  sps 5834  opp frzn  loss -0.027  pg -0.0145  v 0.006  ev +0.96  adv_std 0.131  tR +0.29  ent[s/d/p/e] 1.39/1.40/0.83/0.54  emits 1.69  spf 31.1  z0 0.05  garr 26.7  tG 309  e2 0.30  nF 22.0  pS 0.34  ptS 0.32  fLog 0.44  pdΔ -0.1616  pkR 14.00  clip 0.37  kl +0.035
upd  228  steps 7503872  sps 5835  opp frzn  loss -0.027  pg -0.0154  v 0.006  ev +0.96  adv_std 0.130  tR +0.23  ent[s/d/p/e] 1.37/1.34/0.82/0.54  emits 1.71  spf 27.5  z0 0.04  garr 23.9  tG 262  e2 0.31  nF 23.3  pS 0.32  ptS 0.30  fLog 0.42  pdΔ -0.1845  pkR 19.79  clip 0.37  kl +0.034
upd  229  steps 7536640  sps 5837  opp frzn  loss -0.026  pg -0.0143  v 0.005  ev +0.97  adv_std 0.123  tR +0.25  ent[s/d/p/e] 1.35/1.35/0.83/0.53  emits 1.63  spf 25.8  z0 0.04  garr 23.5  tG 267  e2 0.29  nF 22.7  pS 0.32  ptS 0.31  fLog 0.42  pdΔ -0.1817  pkR 17.41  clip 0.36  kl +0.032
upd  230  steps 7569408  sps 5840  opp rand  loss -0.027  pg -0.0145  v 0.005  ev +0.97  adv_std 0.127  tR +0.41  ent[s/d/p/e] 1.42/1.41/0.81/0.53  emits 1.66  spf 30.3  z0 0.03  garr 25.6  tG 293  e2 0.28  nF 21.6  pS 0.33  ptS 0.32  fLog 0.44  pdΔ -0.1716  pkR 16.47  clip 0.37  kl +0.029
upd  231  steps 7602176  sps 5843  opp rand  loss -0.029  pg -0.0161  v 0.006  ev +0.96  adv_std 0.128  tR +0.42  ent[s/d/p/e] 1.49/1.38/0.86/0.52  emits 1.63  spf 34.4  z0 0.02  garr 31.5  tG 399  e2 0.28  nF 20.7  pS 0.37  ptS 0.36  fLog 0.46  pdΔ -0.1273  pkR 16.98  clip 0.36  kl +0.027
upd  232  steps 7634944  sps 5844  opp frzn  loss -0.031  pg -0.0178  v 0.005  ev +0.97  adv_std 0.121  tR +0.58  ent[s/d/p/e] 1.47/1.37/0.88/0.54  emits 1.68  spf 30.2  z0 0.03  garr 27.4  tG 333  e2 0.30  nF 21.1  pS 0.36  ptS 0.35  fLog 0.44  pdΔ -0.1416  pkR 16.78  clip 0.37  kl +0.030
upd  233  steps 7667712  sps 5845  opp frzn  loss -0.028  pg -0.0160  v 0.006  ev +0.96  adv_std 0.135  tR +0.41  ent[s/d/p/e] 1.37/1.32/0.85/0.53  emits 1.62  spf 29.6  z0 0.04  garr 26.3  tG 305  e2 0.29  nF 21.7  pS 0.33  ptS 0.32  fLog 0.44  pdΔ -0.1682  pkR 15.12  clip 0.37  kl +0.030
upd  234  steps 7700480  sps 5848  opp rand  loss -0.031  pg -0.0185  v 0.005  ev +0.97  adv_std 0.120  tR +0.53  ent[s/d/p/e] 1.47/1.40/0.86/0.52  emits 1.74  spf 32.7  z0 0.01  garr 30.2  tG 342  e2 0.31  nF 21.5  pS 0.36  ptS 0.35  fLog 0.46  pdΔ -0.1355  pkR 13.32  clip 0.38  kl +0.032
upd  235  steps 7733248  sps 5849  opp frzn  loss -0.026  pg -0.0143  v 0.006  ev +0.96  adv_std 0.131  tR +0.38  ent[s/d/p/e] 1.35/1.37/0.83/0.53  emits 1.66  spf 31.2  z0 0.04  garr 26.2  tG 298  e2 0.29  nF 21.0  pS 0.33  ptS 0.32  fLog 0.44  pdΔ -0.1743  pkR 13.93  clip 0.37  kl +0.032
upd  236  steps 7766016  sps 5851  opp frzn  loss -0.029  pg -0.0161  v 0.005  ev +0.96  adv_std 0.128  tR +0.34  ent[s/d/p/e] 1.44/1.39/0.88/0.53  emits 1.69  spf 34.1  z0 0.04  garr 28.2  tG 333  e2 0.30  nF 21.0  pS 0.35  ptS 0.34  fLog 0.45  pdΔ -0.1516  pkR 19.11  clip 0.36  kl +0.032
upd  237  steps 7798784  sps 5854  opp rand  loss -0.028  pg -0.0152  v 0.005  ev +0.97  adv_std 0.128  tR +0.54  ent[s/d/p/e] 1.50/1.44/0.86/0.51  emits 1.74  spf 37.8  z0 0.03  garr 29.0  tG 341  e2 0.30  nF 21.6  pS 0.37  ptS 0.35  fLog 0.46  pdΔ -0.1349  pkR 10.91  clip 0.37  kl +0.028
upd  238  steps 7831552  sps 5855  opp frzn  loss -0.031  pg -0.0177  v 0.005  ev +0.96  adv_std 0.126  tR +0.40  ent[s/d/p/e] 1.47/1.43/0.87/0.53  emits 1.68  spf 31.6  z0 0.04  garr 26.6  tG 313  e2 0.29  nF 22.0  pS 0.35  ptS 0.34  fLog 0.45  pdΔ -0.1454  pkR 13.87  clip 0.38  kl +0.032
upd  239  steps 7864320  sps 5856  opp frzn  loss -0.028  pg -0.0154  v 0.006  ev +0.96  adv_std 0.129  tR +0.52  ent[s/d/p/e] 1.42/1.39/0.86/0.53  emits 1.78  spf 33.2  z0 0.02  garr 27.9  tG 318  e2 0.32  nF 23.2  pS 0.35  ptS 0.34  fLog 0.45  pdΔ -0.1504  pkR 16.64  clip 0.39  kl +0.032
upd  240  steps 7897088  sps 5858  opp frzn  loss -0.029  pg -0.0158  v 0.005  ev +0.96  adv_std 0.122  tR +0.42  ent[s/d/p/e] 1.48/1.46/0.88/0.54  emits 1.70  spf 32.3  z0 0.03  garr 27.6  tG 310  e2 0.30  nF 22.3  pS 0.36  ptS 0.35  fLog 0.45  pdΔ -0.1426  pkR 14.61  clip 0.38  kl +0.032
upd  241  steps 7929856  sps 5860  opp rand  loss -0.030  pg -0.0173  v 0.005  ev +0.96  adv_std 0.121  tR +0.50  ent[s/d/p/e] 1.48/1.48/0.83/0.50  emits 1.69  spf 35.3  z0 0.02  garr 30.0  tG 387  e2 0.28  nF 22.1  pS 0.37  ptS 0.37  fLog 0.45  pdΔ -0.1256  pkR 11.47  clip 0.37  kl +0.029
upd  242  steps 7962624  sps 5863  opp rand  loss -0.029  pg -0.0160  v 0.005  ev +0.97  adv_std 0.123  tR +0.65  ent[s/d/p/e] 1.52/1.45/0.86/0.52  emits 1.77  spf 34.1  z0 0.01  garr 29.6  tG 383  e2 0.31  nF 23.1  pS 0.40  ptS 0.38  fLog 0.46  pdΔ -0.1047  pkR 14.23  clip 0.38  kl +0.031
upd  243  steps 7995392  sps 5865  opp rand  loss -0.029  pg -0.0165  v 0.005  ev +0.96  adv_std 0.121  tR +0.65  ent[s/d/p/e] 1.50/1.41/0.85/0.52  emits 1.69  spf 33.6  z0 0.02  garr 30.1  tG 379  e2 0.29  nF 23.2  pS 0.38  ptS 0.37  fLog 0.45  pdΔ -0.1187  pkR 13.44  clip 0.38  kl +0.031
upd  244  steps 8028160  sps 5868  opp rand  loss -0.029  pg -0.0166  v 0.005  ev +0.97  adv_std 0.116  tR +0.39  ent[s/d/p/e] 1.49/1.41/0.83/0.51  emits 1.72  spf 31.7  z0 0.03  garr 26.6  tG 317  e2 0.30  nF 23.7  pS 0.36  ptS 0.35  fLog 0.44  pdΔ -0.1421  pkR 17.79  clip 0.37  kl +0.030
upd  245  steps 8060928  sps 5869  opp frzn  loss -0.030  pg -0.0169  v 0.005  ev +0.97  adv_std 0.122  tR +0.40  ent[s/d/p/e] 1.49/1.40/0.84/0.51  emits 1.83  spf 32.5  z0 0.03  garr 26.6  tG 313  e2 0.32  nF 23.8  pS 0.36  ptS 0.35  fLog 0.44  pdΔ -0.1443  pkR 16.41  clip 0.37  kl +0.029
upd  246  steps 8093696  sps 5872  opp rand  loss -0.029  pg -0.0157  v 0.004  ev +0.97  adv_std 0.115  tR +0.48  ent[s/d/p/e] 1.55/1.45/0.87/0.51  emits 1.87  spf 31.7  z0 0.02  garr 27.2  tG 337  e2 0.33  nF 24.3  pS 0.39  ptS 0.38  fLog 0.45  pdΔ -0.1110  pkR 13.43  clip 0.38  kl +0.033
upd  247  steps 8126464  sps 5874  opp rand  loss -0.028  pg -0.0164  v 0.005  ev +0.96  adv_std 0.124  tR +0.50  ent[s/d/p/e] 1.40/1.36/0.82/0.49  emits 1.70  spf 28.5  z0 0.02  garr 25.7  tG 291  e2 0.29  nF 23.3  pS 0.34  ptS 0.33  fLog 0.43  pdΔ -0.1633  pkR 15.76  clip 0.37  kl +0.032
upd  248  steps 8159232  sps 5875  opp frzn  loss -0.029  pg -0.0168  v 0.005  ev +0.97  adv_std 0.119  tR +0.13  ent[s/d/p/e] 1.41/1.40/0.86/0.53  emits 1.72  spf 31.3  z0 0.06  garr 24.7  tG 284  e2 0.31  nF 24.1  pS 0.33  ptS 0.32  fLog 0.44  pdΔ -0.1681  pkR 11.70  clip 0.38  kl +0.032
upd  249  steps 8192000  sps 5878  opp rand  loss -0.030  pg -0.0171  v 0.005  ev +0.97  adv_std 0.120  tR +0.45  ent[s/d/p/e] 1.55/1.46/0.88/0.52  emits 1.78  spf 41.3  z0 0.03  garr 31.6  tG 410  e2 0.31  nF 23.9  pS 0.39  ptS 0.38  fLog 0.47  pdΔ -0.1108  pkR 12.31  clip 0.37  kl +0.028 WRr 0.75 WRf 0.53
upd  250  steps 8224768  sps 5823  opp frzn  loss -0.028  pg -0.0160  v 0.005  ev +0.96  adv_std 0.128  tR +0.52  ent[s/d/p/e] 1.41/1.39/0.86/0.53  emits 1.70  spf 36.7  z0 0.04  garr 27.7  tG 348  e2 0.30  nF 21.8  pS 0.35  ptS 0.34  fLog 0.45  pdΔ -0.1524  pkR 14.06  clip 0.38  kl +0.031
upd  251  steps 8257536  sps 5826  opp rand  loss -0.029  pg -0.0165  v 0.005  ev +0.97  adv_std 0.116  tR +0.42  ent[s/d/p/e] 1.43/1.38/0.85/0.50  emits 1.74  spf 35.0  z0 0.03  garr 27.7  tG 317  e2 0.31  nF 20.0  pS 0.35  ptS 0.34  fLog 0.46  pdΔ -0.1516  pkR 12.22  clip 0.37  kl +0.029
upd  252  steps 8290304  sps 5827  opp frzn  loss -0.028  pg -0.0165  v 0.005  ev +0.97  adv_std 0.128  tR +0.18  ent[s/d/p/e] 1.29/1.29/0.84/0.51  emits 1.62  spf 29.1  z0 0.05  garr 24.1  tG 285  e2 0.29  nF 22.5  pS 0.31  ptS 0.30  fLog 0.43  pdΔ -0.1902  pkR 18.65  clip 0.36  kl +0.028
upd  253  steps 8323072  sps 5829  opp frzn  loss -0.029  pg -0.0166  v 0.005  ev +0.97  adv_std 0.126  tR +0.36  ent[s/d/p/e] 1.36/1.35/0.84/0.51  emits 1.60  spf 29.2  z0 0.04  garr 24.8  tG 302  e2 0.28  nF 21.6  pS 0.34  ptS 0.33  fLog 0.43  pdΔ -0.1577  pkR 13.15  clip 0.36  kl +0.031
upd  254  steps 8355840  sps 5830  opp frzn  loss -0.030  pg -0.0173  v 0.005  ev +0.97  adv_std 0.124  tR +0.47  ent[s/d/p/e] 1.37/1.32/0.86/0.51  emits 1.67  spf 28.3  z0 0.03  garr 24.8  tG 286  e2 0.30  nF 23.2  pS 0.34  ptS 0.34  fLog 0.43  pdΔ -0.1560  pkR 14.12  clip 0.37  kl +0.029
upd  255  steps 8388608  sps 5831  opp frzn  loss -0.027  pg -0.0154  v 0.006  ev +0.96  adv_std 0.133  tR +0.43  ent[s/d/p/e] 1.38/1.36/0.84/0.51  emits 1.72  spf 31.1  z0 0.03  garr 26.1  tG 302  e2 0.31  nF 22.1  pS 0.34  ptS 0.33  fLog 0.44  pdΔ -0.1618  pkR 14.74  clip 0.37  kl +0.034
upd  256  steps 8421376  sps 5833  opp frzn  loss -0.028  pg -0.0154  v 0.006  ev +0.96  adv_std 0.134  tR +0.29  ent[s/d/p/e] 1.40/1.35/0.86/0.53  emits 1.66  spf 37.0  z0 0.04  garr 29.1  tG 351  e2 0.30  nF 22.6  pS 0.35  ptS 0.33  fLog 0.45  pdΔ -0.1533  pkR 18.05  clip 0.37  kl +0.031
upd  257  steps 8454144  sps 5834  opp frzn  loss -0.026  pg -0.0140  v 0.005  ev +0.97  adv_std 0.125  tR +0.38  ent[s/d/p/e] 1.35/1.35/0.84/0.51  emits 1.62  spf 32.7  z0 0.04  garr 26.7  tG 314  e2 0.28  nF 23.7  pS 0.33  ptS 0.32  fLog 0.43  pdΔ -0.1690  pkR 18.20  clip 0.36  kl +0.035
upd  258  steps 8486912  sps 5836  opp rand  loss -0.029  pg -0.0175  v 0.005  ev +0.97  adv_std 0.128  tR +0.41  ent[s/d/p/e] 1.39/1.32/0.81/0.47  emits 1.70  spf 27.7  z0 0.03  garr 23.4  tG 273  e2 0.29  nF 24.1  pS 0.33  ptS 0.32  fLog 0.43  pdΔ -0.1705  pkR 15.76  clip 0.36  kl +0.029
upd  259  steps 8519680  sps 5839  opp rand  loss -0.029  pg -0.0171  v 0.006  ev +0.96  adv_std 0.130  tR +0.36  ent[s/d/p/e] 1.42/1.39/0.83/0.51  emits 1.71  spf 31.4  z0 0.03  garr 25.0  tG 281  e2 0.30  nF 22.5  pS 0.34  ptS 0.32  fLog 0.45  pdΔ -0.1605  pkR 21.59  clip 0.37  kl +0.031
upd  260  steps 8552448  sps 5840  opp frzn  loss -0.029  pg -0.0175  v 0.006  ev +0.96  adv_std 0.138  tR +0.35  ent[s/d/p/e] 1.37/1.35/0.83/0.52  emits 1.76  spf 30.6  z0 0.04  garr 23.9  tG 273  e2 0.32  nF 23.0  pS 0.32  ptS 0.31  fLog 0.43  pdΔ -0.1797  pkR 37.06  clip 0.37  kl +0.035
upd  261  steps 8585216  sps 5843  opp rand  loss -0.029  pg -0.0170  v 0.006  ev +0.96  adv_std 0.130  tR +0.06  ent[s/d/p/e] 1.39/1.32/0.81/0.48  emits 1.73  spf 25.8  z0 0.04  garr 21.5  tG 214  e2 0.30  nF 24.5  pS 0.31  ptS 0.30  fLog 0.42  pdΔ -0.1927  pkR 15.12  clip 0.36  kl +0.029
upd  262  steps 8617984  sps 5844  opp frzn  loss -0.030  pg -0.0183  v 0.005  ev +0.97  adv_std 0.123  tR +0.06  ent[s/d/p/e] 1.32/1.31/0.83/0.50  emits 1.59  spf 25.5  z0 0.05  garr 21.7  tG 249  e2 0.27  nF 23.8  pS 0.31  ptS 0.30  fLog 0.41  pdΔ -0.1889  pkR 14.79  clip 0.35  kl +0.030
upd  263  steps 8650752  sps 5846  opp rand  loss -0.029  pg -0.0164  v 0.006  ev +0.96  adv_std 0.132  tR +0.55  ent[s/d/p/e] 1.51/1.40/0.86/0.51  emits 1.72  spf 30.7  z0 0.02  garr 27.4  tG 340  e2 0.30  nF 22.7  pS 0.38  ptS 0.37  fLog 0.45  pdΔ -0.1244  pkR 14.95  clip 0.37  kl +0.031
upd  264  steps 8683520  sps 5849  opp rand  loss -0.028  pg -0.0154  v 0.005  ev +0.96  adv_std 0.121  tR +0.42  ent[s/d/p/e] 1.44/1.34/0.86/0.50  emits 1.76  spf 30.8  z0 0.02  garr 26.2  tG 308  e2 0.31  nF 22.5  pS 0.35  ptS 0.34  fLog 0.45  pdΔ -0.1486  pkR 13.88  clip 0.38  kl +0.029
upd  265  steps 8716288  sps 5850  opp frzn  loss -0.031  pg -0.0185  v 0.005  ev +0.97  adv_std 0.119  tR +0.36  ent[s/d/p/e] 1.37/1.32/0.85/0.52  emits 1.65  spf 32.9  z0 0.04  garr 26.8  tG 329  e2 0.29  nF 22.2  pS 0.33  ptS 0.32  fLog 0.43  pdΔ -0.1716  pkR 22.34  clip 0.36  kl +0.029
upd  266  steps 8749056  sps 5852  opp rand  loss -0.031  pg -0.0189  v 0.005  ev +0.97  adv_std 0.120  tR +0.45  ent[s/d/p/e] 1.47/1.36/0.84/0.50  emits 1.73  spf 33.1  z0 0.03  garr 28.5  tG 346  e2 0.30  nF 22.7  pS 0.36  ptS 0.35  fLog 0.45  pdΔ -0.1403  pkR 21.17  clip 0.37  kl +0.030
upd  267  steps 8781824  sps 5855  opp rand  loss -0.030  pg -0.0183  v 0.005  ev +0.97  adv_std 0.121  tR +0.38  ent[s/d/p/e] 1.42/1.32/0.82/0.49  emits 1.75  spf 28.3  z0 0.02  garr 24.6  tG 276  e2 0.30  nF 24.2  pS 0.34  ptS 0.33  fLog 0.44  pdΔ -0.1599  pkR 17.32  clip 0.37  kl +0.029
upd  268  steps 8814592  sps 5857  opp rand  loss -0.032  pg -0.0192  v 0.005  ev +0.97  adv_std 0.118  tR +0.53  ent[s/d/p/e] 1.51/1.39/0.85/0.50  emits 1.75  spf 32.4  z0 0.03  garr 26.8  tG 327  e2 0.31  nF 23.0  pS 0.37  ptS 0.36  fLog 0.45  pdΔ -0.1313  pkR 14.01  clip 0.38  kl +0.031
upd  269  steps 8847360  sps 5860  opp rand  loss -0.031  pg -0.0183  v 0.005  ev +0.97  adv_std 0.122  tR +0.58  ent[s/d/p/e] 1.49/1.37/0.86/0.50  emits 1.73  spf 31.6  z0 0.02  garr 26.4  tG 332  e2 0.30  nF 23.0  pS 0.37  ptS 0.37  fLog 0.45  pdΔ -0.1310  pkR 10.81  clip 0.37  kl +0.031
upd  270  steps 8880128  sps 5862  opp rand  loss -0.030  pg -0.0171  v 0.005  ev +0.96  adv_std 0.128  tR +0.50  ent[s/d/p/e] 1.50/1.38/0.86/0.50  emits 1.77  spf 30.5  z0 0.02  garr 26.9  tG 325  e2 0.31  nF 22.9  pS 0.37  ptS 0.36  fLog 0.45  pdΔ -0.1269  pkR 13.51  clip 0.38  kl +0.032
upd  271  steps 8912896  sps 5864  opp rand  loss -0.031  pg -0.0183  v 0.005  ev +0.97  adv_std 0.119  tR +0.49  ent[s/d/p/e] 1.57/1.42/0.87/0.50  emits 1.79  spf 33.8  z0 0.03  garr 28.5  tG 370  e2 0.31  nF 22.9  pS 0.40  ptS 0.39  fLog 0.46  pdΔ -0.1018  pkR 12.58  clip 0.37  kl +0.029
upd  272  steps 8945664  sps 5865  opp frzn  loss -0.029  pg -0.0170  v 0.006  ev +0.96  adv_std 0.129  tR +0.29  ent[s/d/p/e] 1.32/1.25/0.83/0.49  emits 1.64  spf 26.0  z0 0.05  garr 23.3  tG 280  e2 0.28  nF 23.8  pS 0.30  ptS 0.30  fLog 0.41  pdΔ -0.2001  pkR 22.32  clip 0.36  kl +0.031
upd  273  steps 8978432  sps 5866  opp frzn  loss -0.029  pg -0.0168  v 0.006  ev +0.96  adv_std 0.127  tR +0.28  ent[s/d/p/e] 1.41/1.31/0.86/0.50  emits 1.68  spf 26.6  z0 0.05  garr 23.2  tG 276  e2 0.30  nF 24.0  pS 0.34  ptS 0.33  fLog 0.43  pdΔ -0.1616  pkR 13.07  clip 0.36  kl +0.033
upd  274  steps 9011200  sps 5868  opp frzn  loss -0.029  pg -0.0166  v 0.005  ev +0.96  adv_std 0.124  tR +0.39  ent[s/d/p/e] 1.42/1.36/0.86/0.51  emits 1.70  spf 28.1  z0 0.04  garr 24.6  tG 274  e2 0.30  nF 21.8  pS 0.34  ptS 0.33  fLog 0.44  pdΔ -0.1613  pkR 14.84  clip 0.38  kl +0.034
upd  275  steps 9043968  sps 5870  opp rand  loss -0.028  pg -0.0155  v 0.006  ev +0.96  adv_std 0.129  tR +0.50  ent[s/d/p/e] 1.48/1.41/0.84/0.49  emits 1.77  spf 30.3  z0 0.03  garr 26.3  tG 308  e2 0.31  nF 22.7  pS 0.35  ptS 0.34  fLog 0.44  pdΔ -0.1487  pkR 21.38  clip 0.37  kl +0.034
upd  276  steps 9076736  sps 5872  opp rand  loss -0.031  pg -0.0182  v 0.005  ev +0.96  adv_std 0.124  tR +0.33  ent[s/d/p/e] 1.47/1.37/0.84/0.50  emits 1.68  spf 26.2  z0 0.03  garr 23.3  tG 270  e2 0.28  nF 25.1  pS 0.33  ptS 0.33  fLog 0.43  pdΔ -0.1663  pkR 16.80  clip 0.38  kl +0.029
upd  277  steps 9109504  sps 5874  opp rand  loss -0.031  pg -0.0182  v 0.005  ev +0.97  adv_std 0.120  tR +0.58  ent[s/d/p/e] 1.55/1.40/0.86/0.51  emits 1.74  spf 29.1  z0 0.02  garr 25.3  tG 304  e2 0.30  nF 24.1  pS 0.37  ptS 0.37  fLog 0.44  pdΔ -0.1273  pkR 13.17  clip 0.38  kl +0.034
upd  278  steps 9142272  sps 5877  opp rand  loss -0.030  pg -0.0171  v 0.005  ev +0.97  adv_std 0.121  tR +0.57  ent[s/d/p/e] 1.50/1.37/0.87/0.49  emits 1.73  spf 31.5  z0 0.02  garr 26.9  tG 323  e2 0.29  nF 22.8  pS 0.36  ptS 0.35  fLog 0.44  pdΔ -0.1440  pkR 15.45  clip 0.37  kl +0.032
upd  279  steps 9175040  sps 5879  opp rand  loss -0.032  pg -0.0187  v 0.005  ev +0.96  adv_std 0.119  tR +0.46  ent[s/d/p/e] 1.54/1.38/0.88/0.50  emits 1.75  spf 29.6  z0 0.02  garr 25.6  tG 302  e2 0.30  nF 24.0  pS 0.36  ptS 0.35  fLog 0.44  pdΔ -0.1382  pkR 11.10  clip 0.37  kl +0.031
upd  280  steps 9207808  sps 5881  opp rand  loss -0.031  pg -0.0174  v 0.004  ev +0.97  adv_std 0.115  tR +0.64  ent[s/d/p/e] 1.55/1.38/0.89/0.51  emits 1.77  spf 29.2  z0 0.01  garr 25.9  tG 307  e2 0.31  nF 24.0  pS 0.37  ptS 0.37  fLog 0.44  pdΔ -0.1253  pkR 14.01  clip 0.39  kl +0.033
upd  281  steps 9240576  sps 5882  opp frzn  loss -0.030  pg -0.0175  v 0.005  ev +0.96  adv_std 0.122  tR +0.49  ent[s/d/p/e] 1.46/1.34/0.88/0.53  emits 1.74  spf 28.5  z0 0.03  garr 24.5  tG 277  e2 0.31  nF 23.1  pS 0.34  ptS 0.34  fLog 0.44  pdΔ -0.1570  pkR 12.49  clip 0.37  kl +0.029
upd  282  steps 9273344  sps 5883  opp frzn  loss -0.029  pg -0.0160  v 0.005  ev +0.97  adv_std 0.125  tR +0.32  ent[s/d/p/e] 1.44/1.38/0.86/0.51  emits 1.72  spf 30.6  z0 0.05  garr 24.1  tG 290  e2 0.29  nF 22.7  pS 0.32  ptS 0.32  fLog 0.43  pdΔ -0.1758  pkR 15.14  clip 0.36  kl +0.029
upd  283  steps 9306112  sps 5885  opp rand  loss -0.033  pg -0.0195  v 0.005  ev +0.96  adv_std 0.117  tR +0.54  ent[s/d/p/e] 1.55/1.35/0.88/0.51  emits 1.78  spf 31.4  z0 0.01  garr 27.5  tG 327  e2 0.32  nF 23.3  pS 0.38  ptS 0.37  fLog 0.45  pdΔ -0.1195  pkR 12.41  clip 0.38  kl +0.032
upd  284  steps 9338880  sps 5886  opp frzn  loss -0.031  pg -0.0189  v 0.006  ev +0.96  adv_std 0.131  tR +0.49  ent[s/d/p/e] 1.44/1.30/0.86/0.51  emits 1.73  spf 26.0  z0 0.04  garr 23.6  tG 271  e2 0.31  nF 24.0  pS 0.34  ptS 0.33  fLog 0.43  pdΔ -0.1644  pkR 15.79  clip 0.37  kl +0.032
upd  285  steps 9371648  sps 5888  opp rand  loss -0.031  pg -0.0179  v 0.006  ev +0.96  adv_std 0.127  tR +0.52  ent[s/d/p/e] 1.53/1.37/0.87/0.50  emits 1.77  spf 30.7  z0 0.03  garr 28.5  tG 338  e2 0.31  nF 23.6  pS 0.37  ptS 0.37  fLog 0.45  pdΔ -0.1254  pkR 12.90  clip 0.38  kl +0.032
upd  286  steps 9404416  sps 5890  opp rand  loss -0.029  pg -0.0162  v 0.005  ev +0.96  adv_std 0.124  tR +0.45  ent[s/d/p/e] 1.53/1.38/0.84/0.48  emits 1.76  spf 28.8  z0 0.03  garr 25.4  tG 302  e2 0.29  nF 23.0  pS 0.35  ptS 0.35  fLog 0.44  pdΔ -0.1503  pkR 17.55  clip 0.37  kl +0.033
upd  287  steps 9437184  sps 5893  opp rand  loss -0.029  pg -0.0170  v 0.005  ev +0.97  adv_std 0.119  tR +0.63  ent[s/d/p/e] 1.46/1.39/0.82/0.49  emits 1.69  spf 28.7  z0 0.02  garr 23.8  tG 281  e2 0.27  nF 22.6  pS 0.33  ptS 0.33  fLog 0.43  pdΔ -0.1714  pkR 13.97  clip 0.37  kl +0.030
upd  288  steps 9469952  sps 5895  opp rand  loss -0.031  pg -0.0189  v 0.005  ev +0.96  adv_std 0.121  tR +0.49  ent[s/d/p/e] 1.41/1.31/0.82/0.48  emits 1.67  spf 24.7  z0 0.02  garr 21.6  tG 235  e2 0.27  nF 23.3  pS 0.31  ptS 0.30  fLog 0.41  pdΔ -0.1947  pkR 15.70  clip 0.36  kl +0.030
upd  289  steps 9502720  sps 5897  opp rand  loss -0.031  pg -0.0176  v 0.005  ev +0.97  adv_std 0.119  tR +0.44  ent[s/d/p/e] 1.58/1.37/0.85/0.49  emits 1.76  spf 28.7  z0 0.02  garr 25.0  tG 306  e2 0.30  nF 24.3  pS 0.37  ptS 0.36  fLog 0.44  pdΔ -0.1265  pkR 12.25  clip 0.38  kl +0.030
upd  290  steps 9535488  sps 5899  opp rand  loss -0.030  pg -0.0171  v 0.005  ev +0.96  adv_std 0.121  tR +0.50  ent[s/d/p/e] 1.52/1.34/0.85/0.50  emits 1.77  spf 30.4  z0 0.02  garr 26.7  tG 316  e2 0.30  nF 23.5  pS 0.36  ptS 0.35  fLog 0.44  pdΔ -0.1378  pkR 14.83  clip 0.38  kl +0.033
upd  291  steps 9568256  sps 5900  opp frzn  loss -0.029  pg -0.0160  v 0.005  ev +0.96  adv_std 0.126  tR +0.39  ent[s/d/p/e] 1.50/1.33/0.88/0.52  emits 1.81  spf 28.6  z0 0.05  garr 25.3  tG 304  e2 0.32  nF 24.1  pS 0.35  ptS 0.34  fLog 0.44  pdΔ -0.1496  pkR 14.07  clip 0.37  kl +0.032
upd  292  steps 9601024  sps 5902  opp rand  loss -0.030  pg -0.0171  v 0.005  ev +0.96  adv_std 0.124  tR +0.51  ent[s/d/p/e] 1.54/1.37/0.88/0.51  emits 1.71  spf 31.7  z0 0.02  garr 29.3  tG 370  e2 0.29  nF 22.6  pS 0.39  ptS 0.38  fLog 0.45  pdΔ -0.1140  pkR 17.85  clip 0.37  kl +0.031
upd  293  steps 9633792  sps 5903  opp frzn  loss -0.027  pg -0.0144  v 0.006  ev +0.96  adv_std 0.133  tR +0.48  ent[s/d/p/e] 1.48/1.33/0.89/0.52  emits 1.70  spf 30.6  z0 0.04  garr 27.2  tG 338  e2 0.30  nF 23.1  pS 0.36  ptS 0.35  fLog 0.44  pdΔ -0.1388  pkR 13.43  clip 0.38  kl +0.036
upd  294  steps 9666560  sps 5905  opp rand  loss -0.030  pg -0.0172  v 0.005  ev +0.96  adv_std 0.121  tR +0.57  ent[s/d/p/e] 1.53/1.35/0.88/0.51  emits 1.73  spf 32.8  z0 0.03  garr 28.2  tG 354  e2 0.30  nF 22.8  pS 0.37  ptS 0.36  fLog 0.45  pdΔ -0.1270  pkR 13.10  clip 0.37  kl +0.036
upd  295  steps 9699328  sps 5907  opp rand  loss -0.029  pg -0.0163  v 0.005  ev +0.96  adv_std 0.118  tR +0.49  ent[s/d/p/e] 1.58/1.37/0.88/0.51  emits 1.83  spf 28.7  z0 0.02  garr 25.3  tG 297  e2 0.32  nF 24.3  pS 0.38  ptS 0.37  fLog 0.45  pdΔ -0.1171  pkR 9.77  clip 0.39  kl +0.033
upd  296  steps 9732096  sps 5909  opp rand  loss -0.032  pg -0.0187  v 0.005  ev +0.96  adv_std 0.124  tR +0.73  ent[s/d/p/e] 1.57/1.35/0.89/0.51  emits 1.77  spf 33.3  z0 0.02  garr 29.7  tG 382  e2 0.31  nF 22.9  pS 0.40  ptS 0.39  fLog 0.46  pdΔ -0.1023  pkR 12.62  clip 0.38  kl +0.029
upd  297  steps 9764864  sps 5910  opp frzn  loss -0.029  pg -0.0160  v 0.005  ev +0.96  adv_std 0.130  tR +0.49  ent[s/d/p/e] 1.45/1.26/0.88/0.50  emits 1.74  spf 28.8  z0 0.04  garr 26.1  tG 324  e2 0.31  nF 24.4  pS 0.35  ptS 0.34  fLog 0.43  pdΔ -0.1486  pkR 17.86  clip 0.38  kl +0.031
upd  298  steps 9797632  sps 5911  opp frzn  loss -0.030  pg -0.0171  v 0.005  ev +0.97  adv_std 0.121  tR +0.32  ent[s/d/p/e] 1.42/1.25/0.88/0.50  emits 1.69  spf 29.9  z0 0.06  garr 26.6  tG 315  e2 0.30  nF 23.3  pS 0.34  ptS 0.33  fLog 0.44  pdΔ -0.1567  pkR 15.43  clip 0.37  kl +0.033
upd  299  steps 9830400  sps 5913  opp rand  loss -0.031  pg -0.0183  v 0.005  ev +0.97  adv_std 0.117  tR +0.58  ent[s/d/p/e] 1.49/1.34/0.85/0.50  emits 1.74  spf 32.0  z0 0.02  garr 28.9  tG 365  e2 0.30  nF 23.0  pS 0.37  ptS 0.36  fLog 0.45  pdΔ -0.1275  pkR 14.54  clip 0.37  kl +0.030 WRr 0.69 WRf 0.59
[ckpt] saved ./ckpt_multi_action_v11_f32/ckpt_000299.pkl
upd  300  steps 9863168  sps 5865  opp rand  loss -0.029  pg -0.0159  v 0.005  ev +0.97  adv_std 0.117  tR +0.53  ent[s/d/p/e] 1.48/1.31/0.86/0.49  emits 1.75  spf 30.3  z0 0.02  garr 27.6  tG 347  e2 0.30  nF 23.5  pS 0.37  ptS 0.36  fLog 0.44  pdΔ -0.1329  pkR 16.24  clip 0.38  kl +0.033
upd  301  steps 9895936  sps 5866  opp frzn  loss -0.028  pg -0.0161  v 0.005  ev +0.97  adv_std 0.124  tR +0.42  ent[s/d/p/e] 1.39/1.22/0.86/0.49  emits 1.71  spf 27.8  z0 0.05  garr 24.8  tG 299  e2 0.30  nF 22.4  pS 0.33  ptS 0.32  fLog 0.43  pdΔ -0.1651  pkR 16.30  clip 0.36  kl +0.031
upd  302  steps 9928704  sps 5868  opp rand  loss -0.030  pg -0.0183  v 0.005  ev +0.97  adv_std 0.118  tR +0.67  ent[s/d/p/e] 1.38/1.25/0.83/0.49  emits 1.76  spf 29.3  z0 0.02  garr 26.5  tG 317  e2 0.30  nF 22.6  pS 0.34  ptS 0.33  fLog 0.43  pdΔ -0.1590  pkR 19.00  clip 0.36  kl +0.028
upd  303  steps 9961472  sps 5870  opp rand  loss -0.027  pg -0.0158  v 0.005  ev +0.97  adv_std 0.125  tR +0.43  ent[s/d/p/e] 1.33/1.25/0.80/0.47  emits 1.68  spf 26.2  z0 0.03  garr 23.2  tG 287  e2 0.28  nF 24.7  pS 0.31  ptS 0.31  fLog 0.41  pdΔ -0.1876  pkR 18.74  clip 0.36  kl +0.032
upd  304  steps 9994240  sps 5872  opp rand  loss -0.028  pg -0.0159  v 0.006  ev +0.96  adv_std 0.127  tR +0.35  ent[s/d/p/e] 1.44/1.25/0.86/0.49  emits 1.74  spf 26.8  z0 0.03  garr 25.1  tG 293  e2 0.30  nF 24.3  pS 0.35  ptS 0.34  fLog 0.43  pdΔ -0.1478  pkR 15.56  clip 0.37  kl +0.035
upd  305  steps 10027008  sps 5873  opp frzn  loss -0.026  pg -0.0152  v 0.006  ev +0.96  adv_std 0.137  tR +0.29  ent[s/d/p/e] 1.26/1.16/0.82/0.47  emits 1.69  spf 22.4  z0 0.06  garr 20.9  tG 232  e2 0.29  nF 24.6  pS 0.29  ptS 0.28  fLog 0.40  pdΔ -0.2132  pkR 22.45  clip 0.36  kl +0.038
upd  306  steps 10059776  sps 5875  opp rand  loss -0.031  pg -0.0182  v 0.005  ev +0.97  adv_std 0.117  tR +0.34  ent[s/d/p/e] 1.44/1.26/0.87/0.50  emits 1.70  spf 29.3  z0 0.04  garr 25.3  tG 292  e2 0.30  nF 23.6  pS 0.35  ptS 0.34  fLog 0.44  pdΔ -0.1535  pkR 14.87  clip 0.36  kl +0.029
upd  307  steps 10092544  sps 5877  opp rand  loss -0.031  pg -0.0184  v 0.005  ev +0.96  adv_std 0.120  tR +0.62  ent[s/d/p/e] 1.46/1.22/0.87/0.50  emits 1.68  spf 27.5  z0 0.02  garr 25.7  tG 306  e2 0.29  nF 22.8  pS 0.36  ptS 0.35  fLog 0.44  pdΔ -0.1432  pkR 17.99  clip 0.37  kl +0.030
upd  308  steps 10125312  sps 5879  opp rand  loss -0.029  pg -0.0154  v 0.004  ev +0.97  adv_std 0.116  tR +0.55  ent[s/d/p/e] 1.58/1.35/0.89/0.51  emits 1.84  spf 32.6  z0 0.02  garr 29.2  tG 381  e2 0.32  nF 23.8  pS 0.40  ptS 0.39  fLog 0.46  pdΔ -0.0994  pkR 12.01  clip 0.39  kl +0.035
upd  309  steps 10158080  sps 5881  opp rand  loss -0.031  pg -0.0178  v 0.005  ev +0.96  adv_std 0.116  tR +0.67  ent[s/d/p/e] 1.48/1.29/0.86/0.49  emits 1.77  spf 31.7  z0 0.02  garr 28.6  tG 353  e2 0.30  nF 22.8  pS 0.36  ptS 0.35  fLog 0.45  pdΔ -0.1351  pkR 17.14  clip 0.37  kl +0.033
upd  310  steps 10190848  sps 5883  opp rand  loss -0.029  pg -0.0168  v 0.005  ev +0.96  adv_std 0.125  tR +0.47  ent[s/d/p/e] 1.48/1.27/0.87/0.49  emits 1.88  spf 30.2  z0 0.02  garr 28.0  tG 335  e2 0.34  nF 22.7  pS 0.38  ptS 0.36  fLog 0.45  pdΔ -0.1245  pkR 15.33  clip 0.37  kl +0.030
upd  311  steps 10223616  sps 5885  opp rand  loss -0.030  pg -0.0176  v 0.005  ev +0.96  adv_std 0.115  tR +0.64  ent[s/d/p/e] 1.51/1.31/0.86/0.51  emits 1.80  spf 30.2  z0 0.02  garr 27.2  tG 339  e2 0.31  nF 23.9  pS 0.37  ptS 0.36  fLog 0.44  pdΔ -0.1270  pkR 16.79  clip 0.37  kl +0.030
upd  312  steps 10256384  sps 5887  opp rand  loss -0.029  pg -0.0164  v 0.005  ev +0.97  adv_std 0.114  tR +0.47  ent[s/d/p/e] 1.50/1.29/0.87/0.51  emits 1.79  spf 29.2  z0 0.01  garr 26.0  tG 320  e2 0.32  nF 24.8  pS 0.37  ptS 0.36  fLog 0.44  pdΔ -0.1311  pkR 14.27  clip 0.37  kl +0.031
upd  313  steps 10289152  sps 5889  opp rand  loss -0.029  pg -0.0171  v 0.005  ev +0.97  adv_std 0.121  tR +0.58  ent[s/d/p/e] 1.44/1.29/0.83/0.49  emits 1.72  spf 29.4  z0 0.02  garr 26.4  tG 330  e2 0.29  nF 23.4  pS 0.35  ptS 0.34  fLog 0.43  pdΔ -0.1535  pkR 13.32  clip 0.36  kl +0.029
upd  314  steps 10321920  sps 5891  opp rand  loss -0.030  pg -0.0183  v 0.005  ev +0.96  adv_std 0.120  tR +0.57  ent[s/d/p/e] 1.41/1.25/0.82/0.49  emits 1.68  spf 29.4  z0 0.01  garr 26.0  tG 299  e2 0.28  nF 21.9  pS 0.34  ptS 0.33  fLog 0.44  pdΔ -0.1588  pkR 13.87  clip 0.36  kl +0.033
upd  315  steps 10354688  sps 5893  opp rand  loss -0.030  pg -0.0170  v 0.005  ev +0.97  adv_std 0.119  tR +0.55  ent[s/d/p/e] 1.50/1.26/0.88/0.49  emits 1.74  spf 30.9  z0 0.02  garr 27.6  tG 327  e2 0.30  nF 22.2  pS 0.37  ptS 0.36  fLog 0.45  pdΔ -0.1316  pkR 12.55  clip 0.37  kl +0.029
upd  316  steps 10387456  sps 5895  opp rand  loss -0.031  pg -0.0184  v 0.005  ev +0.97  adv_std 0.124  tR +0.42  ent[s/d/p/e] 1.51/1.29/0.87/0.51  emits 1.72  spf 32.0  z0 0.03  garr 28.8  tG 350  e2 0.30  nF 21.8  pS 0.37  ptS 0.37  fLog 0.45  pdΔ -0.1281  pkR 16.39  clip 0.37  kl +0.033
upd  317  steps 10420224  sps 5896  opp frzn  loss -0.030  pg -0.0173  v 0.005  ev +0.97  adv_std 0.122  tR +0.37  ent[s/d/p/e] 1.42/1.26/0.87/0.51  emits 1.71  spf 31.7  z0 0.05  garr 27.5  tG 340  e2 0.30  nF 21.5  pS 0.34  ptS 0.33  fLog 0.44  pdΔ -0.1570  pkR 16.27  clip 0.35  kl +0.031
upd  318  steps 10452992  sps 5897  opp frzn  loss -0.029  pg -0.0165  v 0.005  ev +0.96  adv_std 0.117  tR +0.45  ent[s/d/p/e] 1.42/1.21/0.87/0.51  emits 1.70  spf 28.6  z0 0.03  garr 26.8  tG 307  e2 0.30  nF 22.2  pS 0.35  ptS 0.34  fLog 0.44  pdΔ -0.1500  pkR 15.29  clip 0.36  kl +0.033
upd  319  steps 10485760  sps 5899  opp rand  loss -0.030  pg -0.0178  v 0.005  ev +0.96  adv_std 0.125  tR +0.43  ent[s/d/p/e] 1.44/1.22/0.86/0.49  emits 1.78  spf 27.5  z0 0.02  garr 25.9  tG 292  e2 0.31  nF 23.4  pS 0.36  ptS 0.34  fLog 0.44  pdΔ -0.1439  pkR 15.85  clip 0.37  kl +0.029
upd  320  steps 10518528  sps 5900  opp rand  loss -0.030  pg -0.0172  v 0.005  ev +0.97  adv_std 0.121  tR +0.50  ent[s/d/p/e] 1.47/1.26/0.87/0.50  emits 1.69  spf 29.6  z0 0.03  garr 27.6  tG 350  e2 0.28  nF 22.7  pS 0.37  ptS 0.36  fLog 0.44  pdΔ -0.1311  pkR 12.52  clip 0.36  kl +0.029
upd  321  steps 10551296  sps 5902  opp rand  loss -0.030  pg -0.0163  v 0.004  ev +0.97  adv_std 0.115  tR +0.72  ent[s/d/p/e] 1.56/1.31/0.89/0.51  emits 1.80  spf 31.8  z0 0.01  garr 29.2  tG 361  e2 0.31  nF 24.0  pS 0.39  ptS 0.38  fLog 0.46  pdΔ -0.1079  pkR 13.99  clip 0.38  kl +0.034
upd  322  steps 10584064  sps 5903  opp frzn  loss -0.029  pg -0.0162  v 0.006  ev +0.96  adv_std 0.134  tR +0.41  ent[s/d/p/e] 1.44/1.25/0.89/0.52  emits 1.76  spf 30.7  z0 0.05  garr 26.7  tG 330  e2 0.31  nF 22.9  pS 0.35  ptS 0.34  fLog 0.44  pdΔ -0.1503  pkR 15.25  clip 0.37  kl +0.035
upd  323  steps 10616832  sps 5904  opp frzn  loss -0.030  pg -0.0168  v 0.006  ev +0.96  adv_std 0.128  tR +0.43  ent[s/d/p/e] 1.46/1.27/0.90/0.52  emits 1.75  spf 28.5  z0 0.04  garr 26.3  tG 319  e2 0.31  nF 23.2  pS 0.36  ptS 0.35  fLog 0.44  pdΔ -0.1446  pkR 13.66  clip 0.36  kl +0.036
upd  324  steps 10649600  sps 5906  opp rand  loss -0.030  pg -0.0175  v 0.005  ev +0.96  adv_std 0.125  tR +0.52  ent[s/d/p/e] 1.47/1.27/0.87/0.50  emits 1.75  spf 30.1  z0 0.02  garr 28.5  tG 353  e2 0.30  nF 22.2  pS 0.37  ptS 0.36  fLog 0.44  pdΔ -0.1302  pkR 16.14  clip 0.36  kl +0.031
upd  325  steps 10682368  sps 5907  opp frzn  loss -0.028  pg -0.0162  v 0.006  ev +0.96  adv_std 0.132  tR +0.37  ent[s/d/p/e] 1.37/1.23/0.87/0.50  emits 1.74  spf 28.7  z0 0.06  garr 25.5  tG 295  e2 0.30  nF 23.0  pS 0.33  ptS 0.32  fLog 0.44  pdΔ -0.1716  pkR 13.83  clip 0.37  kl +0.038
upd  326  steps 10715136  sps 5908  opp rand  loss -0.031  pg -0.0190  v 0.006  ev +0.96  adv_std 0.128  tR +0.43  ent[s/d/p/e] 1.46/1.24/0.87/0.50  emits 1.78  spf 31.5  z0 0.03  garr 29.1  tG 336  e2 0.31  nF 21.7  pS 0.36  ptS 0.35  fLog 0.45  pdΔ -0.1436  pkR 14.36  clip 0.37  kl +0.028
upd  327  steps 10747904  sps 5910  opp rand  loss -0.027  pg -0.0145  v 0.005  ev +0.96  adv_std 0.123  tR +0.51  ent[s/d/p/e] 1.50/1.28/0.86/0.48  emits 1.89  spf 29.2  z0 0.01  garr 28.0  tG 346  e2 0.33  nF 22.1  pS 0.37  ptS 0.37  fLog 0.44  pdΔ -0.1293  pkR 14.24  clip 0.38  kl +0.035
upd  328  steps 10780672  sps 5912  opp rand  loss -0.030  pg -0.0175  v 0.005  ev +0.97  adv_std 0.117  tR +0.60  ent[s/d/p/e] 1.44/1.23/0.85/0.49  emits 1.74  spf 27.5  z0 0.02  garr 25.4  tG 296  e2 0.30  nF 23.4  pS 0.34  ptS 0.34  fLog 0.43  pdΔ -0.1563  pkR 17.85  clip 0.36  kl +0.027
upd  329  steps 10813440  sps 5914  opp rand  loss -0.029  pg -0.0164  v 0.005  ev +0.96  adv_std 0.125  tR +0.52  ent[s/d/p/e] 1.49/1.25/0.87/0.48  emits 1.81  spf 26.1  z0 0.01  garr 25.0  tG 296  e2 0.32  nF 25.0  pS 0.36  ptS 0.36  fLog 0.43  pdΔ -0.1387  pkR 15.47  clip 0.37  kl +0.029
upd  330  steps 10846208  sps 5915  opp frzn  loss -0.030  pg -0.0177  v 0.005  ev +0.96  adv_std 0.125  tR +0.55  ent[s/d/p/e] 1.41/1.27/0.87/0.51  emits 1.74  spf 25.3  z0 0.04  garr 23.0  tG 270  e2 0.31  nF 23.7  pS 0.34  ptS 0.33  fLog 0.43  pdΔ -0.1582  pkR 12.73  clip 0.37  kl +0.034
upd  331  steps 10878976  sps 5915  opp frzn  loss -0.031  pg -0.0182  v 0.005  ev +0.96  adv_std 0.127  tR +0.49  ent[s/d/p/e] 1.39/1.22/0.88/0.50  emits 1.75  spf 27.4  z0 0.04  garr 24.7  tG 290  e2 0.31  nF 23.0  pS 0.34  ptS 0.33  fLog 0.43  pdΔ -0.1578  pkR 14.31  clip 0.36  kl +0.030
upd  332  steps 10911744  sps 5917  opp rand  loss -0.030  pg -0.0175  v 0.005  ev +0.96  adv_std 0.128  tR +0.66  ent[s/d/p/e] 1.46/1.27/0.87/0.49  emits 1.76  spf 32.2  z0 0.02  garr 28.9  tG 351  e2 0.30  nF 24.5  pS 0.36  ptS 0.35  fLog 0.45  pdΔ -0.1401  pkR 14.23  clip 0.35  kl +0.025
upd  333  steps 10944512  sps 5918  opp frzn  loss -0.028  pg -0.0165  v 0.006  ev +0.96  adv_std 0.132  tR +0.32  ent[s/d/p/e] 1.35/1.20/0.86/0.49  emits 1.69  spf 27.6  z0 0.05  garr 23.9  tG 273  e2 0.29  nF 23.6  pS 0.32  ptS 0.30  fLog 0.43  pdΔ -0.1847  pkR 17.05  clip 0.36  kl +0.033
upd  334  steps 10977280  sps 5920  opp rand  loss -0.031  pg -0.0182  v 0.005  ev +0.96  adv_std 0.125  tR +0.48  ent[s/d/p/e] 1.49/1.27/0.88/0.51  emits 1.70  spf 31.6  z0 0.03  garr 28.0  tG 355  e2 0.29  nF 22.5  pS 0.37  ptS 0.36  fLog 0.45  pdΔ -0.1284  pkR 12.56  clip 0.36  kl +0.027
upd  335  steps 11010048  sps 5920  opp frzn  loss -0.031  pg -0.0181  v 0.005  ev +0.96  adv_std 0.123  tR +0.39  ent[s/d/p/e] 1.42/1.24/0.91/0.52  emits 1.74  spf 29.6  z0 0.05  garr 25.8  tG 317  e2 0.31  nF 22.2  pS 0.35  ptS 0.34  fLog 0.44  pdΔ -0.1519  pkR 12.35  clip 0.36  kl +0.033
upd  336  steps 11042816  sps 5922  opp rand  loss -0.029  pg -0.0165  v 0.005  ev +0.97  adv_std 0.120  tR +0.46  ent[s/d/p/e] 1.42/1.25/0.87/0.50  emits 1.73  spf 32.0  z0 0.03  garr 29.2  tG 386  e2 0.29  nF 23.3  pS 0.36  ptS 0.35  fLog 0.44  pdΔ -0.1368  pkR 13.92  clip 0.36  kl +0.026
upd  337  steps 11075584  sps 5923  opp frzn  loss -0.029  pg -0.0173  v 0.006  ev +0.96  adv_std 0.130  tR +0.33  ent[s/d/p/e] 1.29/1.20/0.87/0.49  emits 1.69  spf 26.5  z0 0.05  garr 23.2  tG 257  e2 0.29  nF 23.2  pS 0.30  ptS 0.29  fLog 0.42  pdΔ -0.1954  pkR 15.32  clip 0.35  kl +0.033
upd  338  steps 11108352  sps 5925  opp rand  loss -0.030  pg -0.0172  v 0.005  ev +0.97  adv_std 0.121  tR +0.37  ent[s/d/p/e] 1.40/1.27/0.88/0.49  emits 1.72  spf 30.6  z0 0.04  garr 27.4  tG 336  e2 0.29  nF 21.8  pS 0.35  ptS 0.34  fLog 0.44  pdΔ -0.1470  pkR 15.19  clip 0.36  kl +0.030
upd  339  steps 11141120  sps 5926  opp rand  loss -0.030  pg -0.0177  v 0.005  ev +0.97  adv_std 0.120  tR +0.56  ent[s/d/p/e] 1.38/1.21/0.87/0.47  emits 1.76  spf 29.4  z0 0.02  garr 26.6  tG 335  e2 0.29  nF 24.3  pS 0.34  ptS 0.34  fLog 0.43  pdΔ -0.1552  pkR 14.84  clip 0.37  kl +0.031
upd  340  steps 11173888  sps 5928  opp rand  loss -0.030  pg -0.0183  v 0.005  ev +0.97  adv_std 0.118  tR +0.48  ent[s/d/p/e] 1.34/1.20/0.85/0.48  emits 1.63  spf 27.2  z0 0.02  garr 24.3  tG 278  e2 0.27  nF 23.2  pS 0.33  ptS 0.32  fLog 0.43  pdΔ -0.1708  pkR 13.25  clip 0.35  kl +0.027
upd  341  steps 11206656  sps 5930  opp rand  loss -0.030  pg -0.0181  v 0.004  ev +0.97  adv_std 0.117  tR +0.57  ent[s/d/p/e] 1.34/1.23/0.85/0.48  emits 1.61  spf 29.7  z0 0.02  garr 25.5  tG 332  e2 0.26  nF 23.1  pS 0.33  ptS 0.33  fLog 0.42  pdΔ -0.1679  pkR 17.15  clip 0.35  kl +0.027
upd  342  steps 11239424  sps 5931  opp rand  loss -0.030  pg -0.0175  v 0.005  ev +0.97  adv_std 0.118  tR +0.39  ent[s/d/p/e] 1.42/1.22/0.89/0.50  emits 1.75  spf 30.2  z0 0.03  garr 25.7  tG 315  e2 0.31  nF 24.4  pS 0.36  ptS 0.35  fLog 0.44  pdΔ -0.1426  pkR 15.66  clip 0.36  kl +0.027
upd  343  steps 11272192  sps 5933  opp rand  loss -0.030  pg -0.0172  v 0.004  ev +0.97  adv_std 0.114  tR +0.46  ent[s/d/p/e] 1.42/1.21/0.92/0.51  emits 1.67  spf 32.8  z0 0.03  garr 28.5  tG 358  e2 0.29  nF 22.6  pS 0.36  ptS 0.35  fLog 0.44  pdΔ -0.1353  pkR 13.55  clip 0.36  kl +0.030
upd  344  steps 11304960  sps 5935  opp rand  loss -0.031  pg -0.0175  v 0.005  ev +0.97  adv_std 0.119  tR +0.65  ent[s/d/p/e] 1.49/1.31/0.91/0.51  emits 1.74  spf 34.0  z0 0.02  garr 28.4  tG 360  e2 0.30  nF 21.8  pS 0.38  ptS 0.37  fLog 0.45  pdΔ -0.1244  pkR 13.11  clip 0.35  kl +0.029
upd  345  steps 11337728  sps 5936  opp rand  loss -0.032  pg -0.0188  v 0.005  ev +0.96  adv_std 0.124  tR +0.59  ent[s/d/p/e] 1.48/1.22/0.91/0.51  emits 1.69  spf 29.5  z0 0.02  garr 27.8  tG 351  e2 0.29  nF 22.5  pS 0.38  ptS 0.37  fLog 0.44  pdΔ -0.1186  pkR 13.12  clip 0.36  kl +0.030
upd  346  steps 11370496  sps 5937  opp frzn  loss -0.029  pg -0.0170  v 0.006  ev +0.96  adv_std 0.130  tR +0.51  ent[s/d/p/e] 1.30/1.16/0.87/0.49  emits 1.69  spf 25.2  z0 0.04  garr 23.7  tG 291  e2 0.29  nF 23.6  pS 0.32  ptS 0.32  fLog 0.41  pdΔ -0.1808  pkR 15.64  clip 0.36  kl +0.036
upd  347  steps 11403264  sps 5939  opp rand  loss -0.030  pg -0.0171  v 0.005  ev +0.97  adv_std 0.117  tR +0.29  ent[s/d/p/e] 1.39/1.22/0.88/0.49  emits 1.73  spf 28.6  z0 0.04  garr 26.2  tG 305  e2 0.30  nF 23.0  pS 0.34  ptS 0.34  fLog 0.43  pdΔ -0.1572  pkR 14.25  clip 0.36  kl +0.030
upd  348  steps 11436032  sps 5939  opp frzn  loss -0.030  pg -0.0179  v 0.005  ev +0.96  adv_std 0.127  tR +0.35  ent[s/d/p/e] 1.29/1.17/0.87/0.49  emits 1.67  spf 24.8  z0 0.04  garr 23.1  tG 274  e2 0.29  nF 23.6  pS 0.32  ptS 0.31  fLog 0.41  pdΔ -0.1844  pkR 14.26  clip 0.35  kl +0.031
upd  349  steps 11468800  sps 5941  opp rand  loss -0.031  pg -0.0187  v 0.005  ev +0.97  adv_std 0.120  tR +0.52  ent[s/d/p/e] 1.32/1.14/0.85/0.47  emits 1.62  spf 26.8  z0 0.02  garr 24.4  tG 303  e2 0.27  nF 24.4  pS 0.33  ptS 0.33  fLog 0.41  pdΔ -0.1679  pkR 17.55  clip 0.35  kl +0.029 WRr 0.81 WRf 0.56
upd  350  steps 11501568  sps 5902  opp rand  loss -0.028  pg -0.0164  v 0.005  ev +0.96  adv_std 0.127  tR +0.39  ent[s/d/p/e] 1.36/1.19/0.87/0.47  emits 1.70  spf 29.7  z0 0.02  garr 26.3  tG 322  e2 0.29  nF 22.7  pS 0.35  ptS 0.34  fLog 0.43  pdΔ -0.1491  pkR 15.77  clip 0.36  kl +0.031
upd  351  steps 11534336  sps 5904  opp rand  loss -0.029  pg -0.0174  v 0.005  ev +0.96  adv_std 0.125  tR +0.44  ent[s/d/p/e] 1.32/1.20/0.84/0.47  emits 1.71  spf 30.6  z0 0.03  garr 27.5  tG 338  e2 0.29  nF 22.4  pS 0.34  ptS 0.33  fLog 0.44  pdΔ -0.1593  pkR 14.37  clip 0.36  kl +0.029
upd  352  steps 11567104  sps 5904  opp frzn  loss -0.028  pg -0.0170  v 0.007  ev +0.96  adv_std 0.140  tR +0.45  ent[s/d/p/e] 1.27/1.15/0.85/0.49  emits 1.67  spf 24.8  z0 0.05  garr 20.9  tG 234  e2 0.28  nF 24.4  pS 0.30  ptS 0.29  fLog 0.42  pdΔ -0.1969  pkR 19.66  clip 0.35  kl +0.032
upd  353  steps 11599872  sps 5905  opp frzn  loss -0.028  pg -0.0167  v 0.006  ev +0.96  adv_std 0.130  tR +0.30  ent[s/d/p/e] 1.30/1.08/0.87/0.48  emits 1.69  spf 26.1  z0 0.05  garr 23.2  tG 271  e2 0.30  nF 23.3  pS 0.32  ptS 0.31  fLog 0.42  pdΔ -0.1777  pkR 14.21  clip 0.35  kl +0.031
upd  354  steps 11632640  sps 5907  opp rand  loss -0.030  pg -0.0180  v 0.006  ev +0.96  adv_std 0.135  tR +0.57  ent[s/d/p/e] 1.47/1.17/0.89/0.49  emits 1.79  spf 30.7  z0 0.01  garr 28.1  tG 351  e2 0.32  nF 22.4  pS 0.39  ptS 0.37  fLog 0.45  pdΔ -0.1142  pkR 13.46  clip 0.36  kl +0.029
upd  355  steps 11665408  sps 5909  opp rand  loss -0.031  pg -0.0179  v 0.005  ev +0.97  adv_std 0.123  tR +0.54  ent[s/d/p/e] 1.45/1.19/0.91/0.50  emits 1.79  spf 32.8  z0 0.02  garr 30.0  tG 381  e2 0.32  nF 20.9  pS 0.39  ptS 0.37  fLog 0.46  pdΔ -0.1073  pkR 13.81  clip 0.36  kl +0.033
upd  356  steps 11698176  sps 5910  opp rand  loss -0.030  pg -0.0175  v 0.005  ev +0.97  adv_std 0.119  tR +0.51  ent[s/d/p/e] 1.37/1.20/0.87/0.48  emits 1.75  spf 32.1  z0 0.03  garr 27.9  tG 346  e2 0.30  nF 20.6  pS 0.35  ptS 0.33  fLog 0.44  pdΔ -0.1542  pkR 14.60  clip 0.35  kl +0.028
upd  357  steps 11730944  sps 5912  opp rand  loss -0.030  pg -0.0181  v 0.006  ev +0.96  adv_std 0.130  tR +0.50  ent[s/d/p/e] 1.34/1.17/0.86/0.47  emits 1.71  spf 28.3  z0 0.02  garr 25.3  tG 303  e2 0.29  nF 22.9  pS 0.33  ptS 0.33  fLog 0.43  pdΔ -0.1652  pkR 15.62  clip 0.35  kl +0.030
upd  358  steps 11763712  sps 5913  opp rand  loss -0.030  pg -0.0175  v 0.005  ev +0.96  adv_std 0.125  tR +0.50  ent[s/d/p/e] 1.34/1.16/0.87/0.48  emits 1.75  spf 26.1  z0 0.02  garr 24.0  tG 280  e2 0.30  nF 23.6  pS 0.34  ptS 0.33  fLog 0.42  pdΔ -0.1583  pkR 15.75  clip 0.36  kl +0.030
upd  359  steps 11796480  sps 5915  opp rand  loss -0.031  pg -0.0190  v 0.005  ev +0.96  adv_std 0.124  tR +0.45  ent[s/d/p/e] 1.38/1.16/0.86/0.49  emits 1.69  spf 31.2  z0 0.02  garr 28.2  tG 354  e2 0.29  nF 21.6  pS 0.36  ptS 0.35  fLog 0.44  pdΔ -0.1430  pkR 14.58  clip 0.34  kl +0.026
upd  360  steps 11829248  sps 5917  opp rand  loss -0.031  pg -0.0191  v 0.005  ev +0.96  adv_std 0.125  tR +0.55  ent[s/d/p/e] 1.39/1.20/0.87/0.49  emits 1.72  spf 29.5  z0 0.02  garr 26.8  tG 330  e2 0.29  nF 22.3  pS 0.36  ptS 0.35  fLog 0.44  pdΔ -0.1393  pkR 10.86  clip 0.35  kl +0.027
upd  361  steps 11862016  sps 5918  opp rand  loss -0.031  pg -0.0184  v 0.005  ev +0.97  adv_std 0.119  tR +0.50  ent[s/d/p/e] 1.38/1.21/0.89/0.49  emits 1.68  spf 31.4  z0 0.03  garr 27.4  tG 338  e2 0.28  nF 22.7  pS 0.35  ptS 0.35  fLog 0.44  pdΔ -0.1451  pkR 13.64  clip 0.35  kl +0.030
upd  362  steps 11894784  sps 5920  opp rand  loss -0.033  pg -0.0204  v 0.005  ev +0.96  adv_std 0.121  tR +0.66  ent[s/d/p/e] 1.34/1.18/0.86/0.50  emits 1.67  spf 29.0  z0 0.01  garr 26.2  tG 306  e2 0.28  nF 22.9  pS 0.35  ptS 0.34  fLog 0.43  pdΔ -0.1536  pkR 12.71  clip 0.35  kl +0.030
upd  363  steps 11927552  sps 5922  opp rand  loss -0.030  pg -0.0175  v 0.005  ev +0.97  adv_std 0.116  tR +0.52  ent[s/d/p/e] 1.45/1.26/0.89/0.51  emits 1.70  spf 32.5  z0 0.02  garr 27.2  tG 337  e2 0.29  nF 21.2  pS 0.37  ptS 0.36  fLog 0.45  pdΔ -0.1267  pkR 11.00  clip 0.36  kl +0.030
upd  364  steps 11960320  sps 5923  opp rand  loss -0.031  pg -0.0186  v 0.005  ev +0.96  adv_std 0.127  tR +0.55  ent[s/d/p/e] 1.45/1.23/0.90/0.50  emits 1.79  spf 33.0  z0 0.01  garr 30.2  tG 390  e2 0.31  nF 23.1  pS 0.39  ptS 0.38  fLog 0.45  pdΔ -0.1120  pkR 14.65  clip 0.37  kl +0.032
upd  365  steps 11993088  sps 5924  opp frzn  loss -0.029  pg -0.0170  v 0.006  ev +0.96  adv_std 0.129  tR +0.44  ent[s/d/p/e] 1.30/1.18/0.86/0.51  emits 1.71  spf 36.4  z0 0.06  garr 28.8  tG 369  e2 0.30  nF 21.8  pS 0.33  ptS 0.32  fLog 0.44  pdΔ -0.1676  pkR 19.06  clip 0.36  kl +0.037
upd  366  steps 12025856  sps 5925  opp frzn  loss -0.030  pg -0.0177  v 0.005  ev +0.97  adv_std 0.120  tR +0.35  ent[s/d/p/e] 1.29/1.16/0.86/0.50  emits 1.71  spf 27.5  z0 0.04  garr 24.8  tG 280  e2 0.30  nF 21.8  pS 0.32  ptS 0.32  fLog 0.43  pdΔ -0.1800  pkR 14.00  clip 0.35  kl +0.035
upd  367  steps 12058624  sps 5925  opp frzn  loss -0.029  pg -0.0176  v 0.007  ev +0.96  adv_std 0.138  tR +0.34  ent[s/d/p/e] 1.27/1.10/0.87/0.48  emits 1.65  spf 32.8  z0 0.05  garr 28.4  tG 361  e2 0.28  nF 20.8  pS 0.33  ptS 0.32  fLog 0.44  pdΔ -0.1695  pkR 18.03  clip 0.34  kl +0.032
upd  368  steps 12091392  sps 5926  opp frzn  loss -0.030  pg -0.0180  v 0.006  ev +0.96  adv_std 0.130  tR +0.29  ent[s/d/p/e] 1.25/1.07/0.87/0.48  emits 1.76  spf 27.8  z0 0.05  garr 24.5  tG 278  e2 0.32  nF 22.3  pS 0.31  ptS 0.30  fLog 0.43  pdΔ -0.1893  pkR 14.21  clip 0.35  kl +0.032
upd  369  steps 12124160  sps 5928  opp rand  loss -0.031  pg -0.0193  v 0.006  ev +0.96  adv_std 0.128  tR +0.32  ent[s/d/p/e] 1.36/1.17/0.87/0.49  emits 1.70  spf 31.5  z0 0.03  garr 28.1  tG 331  e2 0.29  nF 22.3  pS 0.34  ptS 0.33  fLog 0.44  pdΔ -0.1590  pkR 13.37  clip 0.35  kl +0.029
upd  370  steps 12156928  sps 5929  opp rand  loss -0.029  pg -0.0169  v 0.006  ev +0.96  adv_std 0.127  tR +0.51  ent[s/d/p/e] 1.40/1.20/0.86/0.49  emits 1.78  spf 30.4  z0 0.02  garr 28.3  tG 345  e2 0.30  nF 23.8  pS 0.36  ptS 0.35  fLog 0.44  pdΔ -0.1376  pkR 18.66  clip 0.36  kl +0.032
upd  371  steps 12189696  sps 5931  opp rand  loss -0.031  pg -0.0187  v 0.005  ev +0.97  adv_std 0.117  tR +0.59  ent[s/d/p/e] 1.41/1.18/0.89/0.50  emits 1.74  spf 34.6  z0 0.01  garr 30.1  tG 362  e2 0.30  nF 22.2  pS 0.37  ptS 0.36  fLog 0.45  pdΔ -0.1346  pkR 14.11  clip 0.35  kl +0.028
upd  372  steps 12222464  sps 5931  opp frzn  loss -0.029  pg -0.0171  v 0.006  ev +0.96  adv_std 0.126  tR +0.42  ent[s/d/p/e] 1.35/1.15/0.90/0.49  emits 1.72  spf 34.2  z0 0.05  garr 30.3  tG 386  e2 0.30  nF 22.3  pS 0.36  ptS 0.35  fLog 0.44  pdΔ -0.1399  pkR 16.98  clip 0.35  kl +0.034
upd  373  steps 12255232  sps 5933  opp rand  loss -0.033  pg -0.0201  v 0.005  ev +0.96  adv_std 0.127  tR +0.65  ent[s/d/p/e] 1.47/1.20/0.91/0.50  emits 1.78  spf 36.4  z0 0.01  garr 33.5  tG 416  e2 0.31  nF 21.8  pS 0.41  ptS 0.39  fLog 0.47  pdΔ -0.0937  pkR 13.88  clip 0.37  kl +0.030
upd  374  steps 12288000  sps 5934  opp rand  loss -0.028  pg -0.0158  v 0.006  ev +0.96  adv_std 0.129  tR +0.52  ent[s/d/p/e] 1.42/1.20/0.87/0.48  emits 1.77  spf 31.2  z0 0.02  garr 28.6  tG 363  e2 0.30  nF 23.4  pS 0.37  ptS 0.37  fLog 0.44  pdΔ -0.1254  pkR 15.37  clip 0.36  kl +0.028
upd  375  steps 12320768  sps 5936  opp rand  loss -0.030  pg -0.0177  v 0.005  ev +0.97  adv_std 0.119  tR +0.62  ent[s/d/p/e] 1.39/1.19/0.87/0.49  emits 1.72  spf 30.8  z0 0.02  garr 26.8  tG 329  e2 0.29  nF 23.4  pS 0.36  ptS 0.36  fLog 0.44  pdΔ -0.1352  pkR 12.62  clip 0.35  kl +0.029
upd  376  steps 12353536  sps 5937  opp rand  loss -0.032  pg -0.0191  v 0.005  ev +0.97  adv_std 0.121  tR +0.66  ent[s/d/p/e] 1.45/1.23/0.90/0.49  emits 1.70  spf 37.6  z0 0.01  garr 32.1  tG 428  e2 0.28  nF 21.3  pS 0.39  ptS 0.38  fLog 0.46  pdΔ -0.1127  pkR 15.02  clip 0.35  kl +0.030
upd  377  steps 12386304  sps 5939  opp rand  loss -0.031  pg -0.0185  v 0.005  ev +0.96  adv_std 0.124  tR +0.67  ent[s/d/p/e] 1.42/1.19/0.90/0.50  emits 1.71  spf 32.3  z0 0.02  garr 28.2  tG 351  e2 0.29  nF 20.8  pS 0.37  ptS 0.36  fLog 0.45  pdΔ -0.1285  pkR 16.02  clip 0.35  kl +0.026
upd  378  steps 12419072  sps 5940  opp rand  loss -0.031  pg -0.0183  v 0.005  ev +0.96  adv_std 0.122  tR +0.66  ent[s/d/p/e] 1.41/1.18/0.88/0.48  emits 1.81  spf 29.6  z0 0.01  garr 25.8  tG 311  e2 0.31  nF 24.0  pS 0.36  ptS 0.35  fLog 0.44  pdΔ -0.1374  pkR 13.78  clip 0.36  kl +0.026
upd  379  steps 12451840  sps 5941  opp frzn  loss -0.031  pg -0.0184  v 0.005  ev +0.97  adv_std 0.118  tR +0.60  ent[s/d/p/e] 1.35/1.19/0.89/0.50  emits 1.75  spf 33.4  z0 0.02  garr 26.7  tG 332  e2 0.31  nF 22.1  pS 0.35  ptS 0.35  fLog 0.44  pdΔ -0.1451  pkR 14.03  clip 0.36  kl +0.032
upd  380  steps 12484608  sps 5943  opp rand  loss -0.029  pg -0.0165  v 0.005  ev +0.96  adv_std 0.122  tR +0.50  ent[s/d/p/e] 1.40/1.20/0.85/0.47  emits 1.72  spf 32.6  z0 0.02  garr 29.1  tG 386  e2 0.28  nF 22.3  pS 0.37  ptS 0.36  fLog 0.44  pdΔ -0.1345  pkR 13.81  clip 0.36  kl +0.033
upd  381  steps 12517376  sps 5943  opp frzn  loss -0.030  pg -0.0186  v 0.006  ev +0.96  adv_std 0.131  tR +0.54  ent[s/d/p/e] 1.29/1.12/0.87/0.47  emits 1.73  spf 31.7  z0 0.03  garr 26.0  tG 322  e2 0.30  nF 22.4  pS 0.33  ptS 0.32  fLog 0.43  pdΔ -0.1678  pkR 15.08  clip 0.36  kl +0.033
upd  382  steps 12550144  sps 5944  opp frzn  loss -0.028  pg -0.0164  v 0.006  ev +0.96  adv_std 0.128  tR +0.35  ent[s/d/p/e] 1.23/1.10/0.87/0.47  emits 1.74  spf 27.7  z0 0.06  garr 22.6  tG 255  e2 0.30  nF 22.4  pS 0.31  ptS 0.30  fLog 0.43  pdΔ -0.1897  pkR 17.42  clip 0.35  kl +0.038
upd  383  steps 12582912  sps 5945  opp rand  loss -0.030  pg -0.0183  v 0.006  ev +0.96  adv_std 0.130  tR +0.47  ent[s/d/p/e] 1.33/1.16/0.88/0.48  emits 1.71  spf 32.0  z0 0.03  garr 27.0  tG 317  e2 0.29  nF 21.0  pS 0.35  ptS 0.34  fLog 0.45  pdΔ -0.1516  pkR 13.61  clip 0.35  kl +0.027
upd  384  steps 12615680  sps 5947  opp rand  loss -0.030  pg -0.0179  v 0.005  ev +0.97  adv_std 0.116  tR +0.53  ent[s/d/p/e] 1.33/1.16/0.88/0.48  emits 1.67  spf 34.3  z0 0.03  garr 28.8  tG 373  e2 0.28  nF 21.1  pS 0.36  ptS 0.35  fLog 0.45  pdΔ -0.1385  pkR 14.92  clip 0.35  kl +0.027
upd  385  steps 12648448  sps 5947  opp frzn  loss -0.028  pg -0.0174  v 0.006  ev +0.95  adv_std 0.135  tR +0.35  ent[s/d/p/e] 1.16/1.05/0.82/0.47  emits 1.70  spf 29.8  z0 0.05  garr 25.5  tG 273  e2 0.29  nF 23.0  pS 0.29  ptS 0.28  fLog 0.42  pdΔ -0.2073  pkR 24.28  clip 0.36  kl +0.036
upd  386  steps 12681216  sps 5948  opp frzn  loss -0.028  pg -0.0172  v 0.006  ev +0.96  adv_std 0.131  tR +0.26  ent[s/d/p/e] 1.20/1.07/0.83/0.43  emits 1.85  spf 26.6  z0 0.05  garr 23.2  tG 260  e2 0.32  nF 24.1  pS 0.30  ptS 0.29  fLog 0.41  pdΔ -0.2027  pkR 18.87  clip 0.35  kl +0.037
upd  387  steps 12713984  sps 5949  opp frzn  loss -0.028  pg -0.0172  v 0.006  ev +0.96  adv_std 0.131  tR +0.11  ent[s/d/p/e] 1.17/1.08/0.84/0.44  emits 1.69  spf 28.0  z0 0.07  garr 23.1  tG 275  e2 0.29  nF 22.6  pS 0.29  ptS 0.29  fLog 0.42  pdΔ -0.2074  pkR 14.64  clip 0.35  kl +0.034
upd  388  steps 12746752  sps 5950  opp rand  loss -0.031  pg -0.0192  v 0.006  ev +0.96  adv_std 0.131  tR +0.47  ent[s/d/p/e] 1.31/1.15/0.87/0.48  emits 1.70  spf 35.4  z0 0.03  garr 29.3  tG 375  e2 0.29  nF 23.4  pS 0.36  ptS 0.35  fLog 0.44  pdΔ -0.1432  pkR 14.34  clip 0.35  kl +0.026
upd  389  steps 12779520  sps 5951  opp frzn  loss -0.029  pg -0.0174  v 0.006  ev +0.97  adv_std 0.127  tR +0.43  ent[s/d/p/e] 1.25/1.11/0.87/0.48  emits 1.72  spf 30.4  z0 0.03  garr 26.3  tG 335  e2 0.30  nF 23.2  pS 0.34  ptS 0.33  fLog 0.43  pdΔ -0.1583  pkR 13.20  clip 0.35  kl +0.031
upd  390  steps 12812288  sps 5952  opp rand  loss -0.029  pg -0.0178  v 0.006  ev +0.96  adv_std 0.131  tR +0.47  ent[s/d/p/e] 1.26/1.12/0.85/0.47  emits 1.66  spf 30.5  z0 0.02  garr 26.4  tG 320  e2 0.28  nF 21.8  pS 0.34  ptS 0.33  fLog 0.44  pdΔ -0.1571  pkR 14.47  clip 0.35  kl +0.031
upd  391  steps 12845056  sps 5953  opp frzn  loss -0.028  pg -0.0174  v 0.006  ev +0.96  adv_std 0.134  tR +0.21  ent[s/d/p/e] 1.16/1.08/0.84/0.44  emits 1.67  spf 26.6  z0 0.08  garr 22.8  tG 276  e2 0.29  nF 22.5  pS 0.29  ptS 0.28  fLog 0.42  pdΔ -0.2100  pkR 17.87  clip 0.33  kl +0.030
upd  392  steps 12877824  sps 5954  opp rand  loss -0.029  pg -0.0176  v 0.006  ev +0.96  adv_std 0.128  tR +0.37  ent[s/d/p/e] 1.30/1.16/0.85/0.46  emits 1.69  spf 32.1  z0 0.03  garr 27.1  tG 330  e2 0.28  nF 21.7  pS 0.34  ptS 0.33  fLog 0.44  pdΔ -0.1578  pkR 13.18  clip 0.34  kl +0.031
upd  393  steps 12910592  sps 5955  opp rand  loss -0.028  pg -0.0164  v 0.006  ev +0.96  adv_std 0.133  tR +0.55  ent[s/d/p/e] 1.28/1.13/0.85/0.46  emits 1.73  spf 34.3  z0 0.02  garr 28.1  tG 339  e2 0.29  nF 22.7  pS 0.34  ptS 0.33  fLog 0.44  pdΔ -0.1578  pkR 16.75  clip 0.35  kl +0.032
upd  394  steps 12943360  sps 5957  opp rand  loss -0.030  pg -0.0181  v 0.006  ev +0.96  adv_std 0.130  tR +0.66  ent[s/d/p/e] 1.31/1.15/0.87/0.46  emits 1.71  spf 35.6  z0 0.02  garr 29.9  tG 376  e2 0.29  nF 22.5  pS 0.36  ptS 0.35  fLog 0.44  pdΔ -0.1379  pkR 11.93  clip 0.35  kl +0.029
upd  395  steps 12976128  sps 5958  opp rand  loss -0.028  pg -0.0164  v 0.006  ev +0.96  adv_std 0.126  tR +0.56  ent[s/d/p/e] 1.31/1.15/0.86/0.48  emits 1.73  spf 29.7  z0 0.02  garr 24.9  tG 300  e2 0.29  nF 23.1  pS 0.35  ptS 0.34  fLog 0.43  pdΔ -0.1507  pkR 13.65  clip 0.36  kl +0.034
upd  396  steps 13008896  sps 5959  opp frzn  loss -0.027  pg -0.0156  v 0.005  ev +0.97  adv_std 0.125  tR +0.29  ent[s/d/p/e] 1.26/1.16/0.87/0.47  emits 1.70  spf 33.3  z0 0.06  garr 26.8  tG 344  e2 0.30  nF 22.8  pS 0.34  ptS 0.33  fLog 0.44  pdΔ -0.1603  pkR 14.33  clip 0.34  kl +0.035
upd  397  steps 13041664  sps 5960  opp rand  loss -0.028  pg -0.0168  v 0.005  ev +0.97  adv_std 0.125  tR +0.37  ent[s/d/p/e] 1.23/1.10/0.82/0.45  emits 1.66  spf 29.3  z0 0.03  garr 26.0  tG 313  e2 0.28  nF 22.9  pS 0.33  ptS 0.32  fLog 0.43  pdΔ -0.1739  pkR 15.45  clip 0.34  kl +0.031
upd  398  steps 13074432  sps 5962  opp rand  loss -0.029  pg -0.0179  v 0.006  ev +0.96  adv_std 0.132  tR +0.44  ent[s/d/p/e] 1.32/1.13/0.84/0.46  emits 1.76  spf 30.0  z0 0.03  garr 26.3  tG 331  e2 0.30  nF 23.1  pS 0.36  ptS 0.35  fLog 0.44  pdΔ -0.1433  pkR 15.79  clip 0.35  kl +0.030
upd  399  steps 13107200  sps 5963  opp rand  loss -0.030  pg -0.0184  v 0.005  ev +0.97  adv_std 0.124  tR +0.64  ent[s/d/p/e] 1.35/1.15/0.87/0.47  emits 1.78  spf 32.4  z0 0.02  garr 27.4  tG 336  e2 0.30  nF 23.8  pS 0.37  ptS 0.36  fLog 0.45  pdΔ -0.1348  pkR 12.74  clip 0.35  kl +0.029 WRr 0.78 WRf 0.53
[ckpt] saved ./ckpt_multi_action_v11_f32/ckpt_000399.pkl
upd  400  steps 13139968  sps 5926  opp rand  loss -0.029  pg -0.0171  v 0.005  ev +0.97  adv_std 0.125  tR +0.42  ent[s/d/p/e] 1.33/1.21/0.85/0.46  emits 1.76  spf 36.3  z0 0.03  garr 28.3  tG 358  e2 0.29  nF 22.6  pS 0.35  ptS 0.34  fLog 0.46  pdΔ -0.1456  pkR 12.24  clip 0.35  kl +0.029
upd  401  steps 13172736  sps 5927  opp frzn  loss -0.027  pg -0.0158  v 0.007  ev +0.96  adv_std 0.139  tR +0.50  ent[s/d/p/e] 1.30/1.13/0.88/0.48  emits 1.84  spf 35.9  z0 0.03  garr 30.2  tG 395  e2 0.32  nF 23.2  pS 0.36  ptS 0.35  fLog 0.45  pdΔ -0.1388  pkR 12.61  clip 0.37  kl +0.038
upd  402  steps 13205504  sps 5928  opp rand  loss -0.030  pg -0.0184  v 0.005  ev +0.97  adv_std 0.121  tR +0.37  ent[s/d/p/e] 1.24/1.10/0.82/0.44  emits 1.71  spf 29.9  z0 0.03  garr 24.2  tG 291  e2 0.28  nF 23.6  pS 0.32  ptS 0.31  fLog 0.43  pdΔ -0.1808  pkR 19.17  clip 0.34  kl +0.029
upd  403  steps 13238272  sps 5930  opp rand  loss -0.030  pg -0.0184  v 0.005  ev +0.97  adv_std 0.123  tR +0.35  ent[s/d/p/e] 1.31/1.14/0.85/0.46  emits 1.76  spf 31.8  z0 0.02  garr 26.3  tG 313  e2 0.30  nF 23.0  pS 0.36  ptS 0.34  fLog 0.44  pdΔ -0.1448  pkR 15.51  clip 0.34  kl +0.030
upd  404  steps 13271040  sps 5931  opp frzn  loss -0.030  pg -0.0183  v 0.006  ev +0.96  adv_std 0.130  tR +0.37  ent[s/d/p/e] 1.27/1.09/0.89/0.48  emits 1.82  spf 35.4  z0 0.05  garr 29.0  tG 349  e2 0.33  nF 21.9  pS 0.35  ptS 0.34  fLog 0.45  pdΔ -0.1489  pkR 14.27  clip 0.36  kl +0.033
upd  405  steps 13303808  sps 5932  opp rand  loss -0.030  pg -0.0176  v 0.005  ev +0.97  adv_std 0.122  tR +0.54  ent[s/d/p/e] 1.35/1.14/0.89/0.47  emits 1.81  spf 36.8  z0 0.01  garr 31.9  tG 411  e2 0.31  nF 22.7  pS 0.39  ptS 0.37  fLog 0.46  pdΔ -0.1143  pkR 16.06  clip 0.37  kl +0.032
upd  406  steps 13336576  sps 5933  opp rand  loss -0.029  pg -0.0167  v 0.005  ev +0.96  adv_std 0.125  tR +0.53  ent[s/d/p/e] 1.33/1.16/0.88/0.48  emits 1.76  spf 37.5  z0 0.02  garr 31.2  tG 403  e2 0.30  nF 22.5  pS 0.36  ptS 0.35  fLog 0.45  pdΔ -0.1416  pkR 33.03  clip 0.35  kl +0.032
upd  407  steps 13369344  sps 5935  opp rand  loss -0.031  pg -0.0185  v 0.005  ev +0.97  adv_std 0.118  tR +0.48  ent[s/d/p/e] 1.33/1.14/0.86/0.47  emits 1.66  spf 37.0  z0 0.03  garr 29.8  tG 385  e2 0.28  nF 22.4  pS 0.36  ptS 0.36  fLog 0.45  pdΔ -0.1390  pkR 27.87  clip 0.34  kl +0.027
upd  408  steps 13402112  sps 5936  opp rand  loss -0.032  pg -0.0201  v 0.006  ev +0.96  adv_std 0.131  tR +0.60  ent[s/d/p/e] 1.34/1.12/0.88/0.47  emits 1.77  spf 38.0  z0 0.01  garr 29.4  tG 361  e2 0.30  nF 23.6  pS 0.36  ptS 0.36  fLog 0.45  pdΔ -0.1363  pkR 11.21  clip 0.35  kl +0.028
upd  409  steps 13434880  sps 5938  opp rand  loss -0.029  pg -0.0172  v 0.006  ev +0.96  adv_std 0.128  tR +0.65  ent[s/d/p/e] 1.31/1.14/0.86/0.46  emits 1.77  spf 35.2  z0 0.01  garr 29.9  tG 393  e2 0.30  nF 23.0  pS 0.37  ptS 0.36  fLog 0.44  pdΔ -0.1320  pkR 15.66  clip 0.34  kl +0.028
upd  410  steps 13467648  sps 5938  opp frzn  loss -0.029  pg -0.0171  v 0.005  ev +0.97  adv_std 0.124  tR +0.44  ent[s/d/p/e] 1.23/1.10/0.87/0.46  emits 1.76  spf 31.6  z0 0.04  garr 25.5  tG 319  e2 0.30  nF 23.4  pS 0.33  ptS 0.32  fLog 0.43  pdΔ -0.1661  pkR 14.04  clip 0.35  kl +0.030
upd  411  steps 13500416  sps 5939  opp frzn  loss -0.030  pg -0.0185  v 0.005  ev +0.96  adv_std 0.124  tR +0.73  ent[s/d/p/e] 1.28/1.07/0.87/0.47  emits 1.76  spf 31.8  z0 0.02  garr 27.2  tG 341  e2 0.30  nF 22.7  pS 0.35  ptS 0.35  fLog 0.44  pdΔ -0.1477  pkR 14.20  clip 0.34  kl +0.033
upd  412  steps 13533184  sps 5940  opp rand  loss -0.031  pg -0.0191  v 0.005  ev +0.97  adv_std 0.124  tR +0.48  ent[s/d/p/e] 1.29/1.11/0.86/0.47  emits 1.74  spf 34.2  z0 0.02  garr 28.8  tG 369  e2 0.29  nF 21.1  pS 0.35  ptS 0.35  fLog 0.45  pdΔ -0.1460  pkR 13.13  clip 0.34  kl +0.028
upd  413  steps 13565952  sps 5942  opp rand  loss -0.031  pg -0.0188  v 0.005  ev +0.97  adv_std 0.121  tR +0.55  ent[s/d/p/e] 1.31/1.12/0.87/0.46  emits 1.76  spf 38.1  z0 0.02  garr 31.7  tG 418  e2 0.30  nF 21.2  pS 0.37  ptS 0.36  fLog 0.46  pdΔ -0.1315  pkR 13.73  clip 0.35  kl +0.030
upd  414  steps 13598720  sps 5942  opp frzn  loss -0.027  pg -0.0160  v 0.007  ev +0.96  adv_std 0.138  tR +0.39  ent[s/d/p/e] 1.25/1.06/0.84/0.44  emits 1.82  spf 29.1  z0 0.06  garr 24.1  tG 297  e2 0.32  nF 23.3  pS 0.33  ptS 0.32  fLog 0.43  pdΔ -0.1750  pkR 18.54  clip 0.35  kl +0.037
upd  415  steps 13631488  sps 5943  opp frzn  loss -0.029  pg -0.0181  v 0.006  ev +0.96  adv_std 0.131  tR +0.43  ent[s/d/p/e] 1.21/1.03/0.84/0.45  emits 1.79  spf 29.1  z0 0.05  garr 23.3  tG 274  e2 0.31  nF 23.3  pS 0.31  ptS 0.30  fLog 0.43  pdΔ -0.1933  pkR 17.33  clip 0.34  kl +0.033
upd  416  steps 13664256  sps 5944  opp rand  loss -0.029  pg -0.0175  v 0.005  ev +0.97  adv_std 0.121  tR +0.50  ent[s/d/p/e] 1.32/1.11/0.87/0.48  emits 1.75  spf 34.2  z0 0.03  garr 27.2  tG 341  e2 0.30  nF 22.4  pS 0.36  ptS 0.35  fLog 0.45  pdΔ -0.1444  pkR 11.48  clip 0.35  kl +0.029
upd  417  steps 13697024  sps 5945  opp rand  loss -0.030  pg -0.0183  v 0.005  ev +0.96  adv_std 0.124  tR +0.57  ent[s/d/p/e] 1.32/1.15/0.86/0.47  emits 1.79  spf 31.5  z0 0.02  garr 25.4  tG 297  e2 0.30  nF 22.4  pS 0.35  ptS 0.34  fLog 0.44  pdΔ -0.1465  pkR 13.22  clip 0.36  kl +0.031
upd  418  steps 13729792  sps 5947  opp rand  loss -0.030  pg -0.0183  v 0.005  ev +0.96  adv_std 0.125  tR +0.63  ent[s/d/p/e] 1.31/1.13/0.87/0.47  emits 1.73  spf 35.8  z0 0.02  garr 28.1  tG 353  e2 0.29  nF 21.3  pS 0.37  ptS 0.36  fLog 0.45  pdΔ -0.1326  pkR 15.46  clip 0.35  kl +0.029
upd  419  steps 13762560  sps 5947  opp frzn  loss -0.030  pg -0.0189  v 0.005  ev +0.97  adv_std 0.128  tR +0.44  ent[s/d/p/e] 1.21/1.07/0.88/0.47  emits 1.71  spf 32.8  z0 0.06  garr 26.1  tG 312  e2 0.30  nF 23.0  pS 0.33  ptS 0.32  fLog 0.44  pdΔ -0.1681  pkR 14.25  clip 0.34  kl +0.026
upd  420  steps 13795328  sps 5948  opp frzn  loss -0.026  pg -0.0149  v 0.006  ev +0.96  adv_std 0.131  tR +0.39  ent[s/d/p/e] 1.24/1.10/0.86/0.46  emits 1.75  spf 35.2  z0 0.05  garr 27.8  tG 367  e2 0.31  nF 22.8  pS 0.34  ptS 0.33  fLog 0.44  pdΔ -0.1602  pkR 15.25  clip 0.34  kl +0.033
upd  421  steps 13828096  sps 5949  opp rand  loss -0.030  pg -0.0185  v 0.005  ev +0.97  adv_std 0.127  tR +0.36  ent[s/d/p/e] 1.21/1.11/0.84/0.45  emits 1.71  spf 32.9  z0 0.04  garr 26.8  tG 324  e2 0.28  nF 22.2  pS 0.32  ptS 0.31  fLog 0.44  pdΔ -0.1784  pkR 17.97  clip 0.34  kl +0.027
upd  422  steps 13860864  sps 5950  opp frzn  loss -0.027  pg -0.0164  v 0.005  ev +0.97  adv_std 0.124  tR +0.36  ent[s/d/p/e] 1.19/1.11/0.82/0.44  emits 1.74  spf 30.1  z0 0.04  garr 23.9  tG 281  e2 0.29  nF 22.2  pS 0.32  ptS 0.31  fLog 0.43  pdΔ -0.1842  pkR 18.64  clip 0.34  kl +0.031
upd  423  steps 13893632  sps 5951  opp rand  loss -0.029  pg -0.0172  v 0.005  ev +0.97  adv_std 0.123  tR +0.51  ent[s/d/p/e] 1.30/1.10/0.88/0.45  emits 1.72  spf 35.0  z0 0.02  garr 30.2  tG 402  e2 0.29  nF 22.9  pS 0.38  ptS 0.37  fLog 0.45  pdΔ -0.1223  pkR 18.06  clip 0.35  kl +0.033
upd  424  steps 13926400  sps 5952  opp frzn  loss -0.027  pg -0.0158  v 0.006  ev +0.96  adv_std 0.130  tR +0.55  ent[s/d/p/e] 1.21/1.12/0.82/0.45  emits 1.75  spf 27.7  z0 0.03  garr 23.1  tG 281  e2 0.29  nF 23.8  pS 0.33  ptS 0.32  fLog 0.42  pdΔ -0.1662  pkR 15.43  clip 0.36  kl +0.035
upd  425  steps 13959168  sps 5952  opp frzn  loss -0.029  pg -0.0179  v 0.006  ev +0.96  adv_std 0.132  tR +0.43  ent[s/d/p/e] 1.19/1.08/0.83/0.46  emits 1.72  spf 28.1  z0 0.04  garr 22.7  tG 253  e2 0.29  nF 22.8  pS 0.31  ptS 0.31  fLog 0.43  pdΔ -0.1851  pkR 16.70  clip 0.35  kl +0.035
upd  426  steps 13991936  sps 5953  opp rand  loss -0.029  pg -0.0174  v 0.005  ev +0.97  adv_std 0.123  tR +0.45  ent[s/d/p/e] 1.25/1.14/0.84/0.46  emits 1.68  spf 34.8  z0 0.02  garr 27.4  tG 344  e2 0.27  nF 23.1  pS 0.34  ptS 0.34  fLog 0.44  pdΔ -0.1571  pkR 17.46  clip 0.35  kl +0.031
upd  427  steps 14024704  sps 5955  opp rand  loss -0.028  pg -0.0160  v 0.006  ev +0.96  adv_std 0.136  tR +0.56  ent[s/d/p/e] 1.26/1.11/0.87/0.46  emits 1.68  spf 35.5  z0 0.03  garr 27.7  tG 343  e2 0.27  nF 23.2  pS 0.35  ptS 0.34  fLog 0.45  pdΔ -0.1503  pkR 17.55  clip 0.35  kl +0.031
upd  428  steps 14057472  sps 5955  opp frzn  loss -0.029  pg -0.0177  v 0.006  ev +0.96  adv_std 0.132  tR +0.44  ent[s/d/p/e] 1.24/1.08/0.86/0.46  emits 1.71  spf 33.4  z0 0.05  garr 25.6  tG 330  e2 0.30  nF 24.3  pS 0.34  ptS 0.33  fLog 0.43  pdΔ -0.1626  pkR 13.65  clip 0.34  kl +0.033
upd  429  steps 14090240  sps 5957  opp rand  loss -0.028  pg -0.0167  v 0.006  ev +0.96  adv_std 0.127  tR +0.43  ent[s/d/p/e] 1.22/1.11/0.82/0.46  emits 1.68  spf 27.4  z0 0.03  garr 22.3  tG 258  e2 0.28  nF 24.8  pS 0.31  ptS 0.31  fLog 0.42  pdΔ -0.1866  pkR 21.36  clip 0.34  kl +0.031
upd  430  steps 14123008  sps 5957  opp frzn  loss -0.030  pg -0.0190  v 0.006  ev +0.96  adv_std 0.135  tR +0.29  ent[s/d/p/e] 1.18/1.06/0.82/0.45  emits 1.72  spf 27.9  z0 0.05  garr 21.7  tG 260  e2 0.29  nF 22.5  pS 0.31  ptS 0.30  fLog 0.42  pdΔ -0.1886  pkR 16.13  clip 0.34  kl +0.032
upd  431  steps 14155776  sps 5958  opp rand  loss -0.030  pg -0.0183  v 0.005  ev +0.97  adv_std 0.122  tR +0.48  ent[s/d/p/e] 1.22/1.12/0.83/0.47  emits 1.69  spf 34.9  z0 0.03  garr 26.8  tG 335  e2 0.28  nF 20.8  pS 0.34  ptS 0.32  fLog 0.44  pdΔ -0.1613  pkR 13.06  clip 0.33  kl +0.027
upd  432  steps 14188544  sps 5959  opp frzn  loss -0.027  pg -0.0156  v 0.007  ev +0.96  adv_std 0.137  tR +0.29  ent[s/d/p/e] 1.19/1.11/0.83/0.46  emits 1.74  spf 29.7  z0 0.06  garr 23.6  tG 286  e2 0.30  nF 22.7  pS 0.32  ptS 0.31  fLog 0.43  pdΔ -0.1815  pkR 15.57  clip 0.34  kl +0.030
upd  433  steps 14221312  sps 5959  opp frzn  loss -0.027  pg -0.0168  v 0.006  ev +0.97  adv_std 0.126  tR +0.32  ent[s/d/p/e] 1.15/1.04/0.81/0.45  emits 1.71  spf 28.4  z0 0.05  garr 22.7  tG 283  e2 0.29  nF 23.3  pS 0.31  ptS 0.30  fLog 0.41  pdΔ -0.1910  pkR 14.90  clip 0.33  kl +0.034
upd  434  steps 14254080  sps 5961  opp rand  loss -0.028  pg -0.0163  v 0.006  ev +0.97  adv_std 0.129  tR +0.35  ent[s/d/p/e] 1.26/1.10/0.83/0.45  emits 1.70  spf 36.7  z0 0.03  garr 28.1  tG 381  e2 0.28  nF 22.5  pS 0.35  ptS 0.34  fLog 0.44  pdΔ -0.1473  pkR 12.55  clip 0.33  kl +0.027
upd  435  steps 14286848  sps 5962  opp rand  loss -0.030  pg -0.0185  v 0.005  ev +0.97  adv_std 0.117  tR +0.51  ent[s/d/p/e] 1.28/1.11/0.85/0.46  emits 1.66  spf 36.3  z0 0.02  garr 28.2  tG 384  e2 0.27  nF 23.0  pS 0.35  ptS 0.35  fLog 0.44  pdΔ -0.1455  pkR 14.95  clip 0.33  kl +0.028
upd  436  steps 14319616  sps 5963  opp rand  loss -0.030  pg -0.0184  v 0.006  ev +0.96  adv_std 0.129  tR +0.47  ent[s/d/p/e] 1.31/1.10/0.85/0.46  emits 1.79  spf 33.4  z0 0.02  garr 26.7  tG 337  e2 0.30  nF 21.8  pS 0.36  ptS 0.35  fLog 0.45  pdΔ -0.1386  pkR 16.60  clip 0.34  kl +0.030
upd  437  steps 14352384  sps 5964  opp frzn  loss -0.027  pg -0.0160  v 0.007  ev +0.95  adv_std 0.146  tR +0.45  ent[s/d/p/e] 1.20/1.09/0.82/0.48  emits 1.74  spf 30.2  z0 0.04  garr 22.2  tG 253  e2 0.29  nF 22.7  pS 0.31  ptS 0.30  fLog 0.42  pdΔ -0.1878  pkR 20.16  clip 0.35  kl +0.037
upd  438  steps 14385152  sps 5964  opp frzn  loss -0.028  pg -0.0168  v 0.006  ev +0.96  adv_std 0.131  tR +0.30  ent[s/d/p/e] 1.15/1.09/0.82/0.46  emits 1.69  spf 33.1  z0 0.06  garr 24.7  tG 294  e2 0.28  nF 21.4  pS 0.31  ptS 0.29  fLog 0.44  pdΔ -0.1948  pkR 25.47  clip 0.33  kl +0.037
upd  439  steps 14417920  sps 5965  opp frzn  loss -0.027  pg -0.0157  v 0.007  ev +0.96  adv_std 0.142  tR +0.21  ent[s/d/p/e] 1.22/1.05/0.86/0.47  emits 1.77  spf 33.5  z0 0.05  garr 25.3  tG 304  e2 0.31  nF 23.1  pS 0.32  ptS 0.32  fLog 0.44  pdΔ -0.1755  pkR 26.52  clip 0.34  kl +0.038
upd  440  steps 14450688  sps 5965  opp frzn  loss -0.028  pg -0.0174  v 0.006  ev +0.96  adv_std 0.134  tR +0.29  ent[s/d/p/e] 1.18/1.00/0.85/0.46  emits 1.75  spf 31.5  z0 0.06  garr 22.8  tG 281  e2 0.31  nF 22.8  pS 0.31  ptS 0.31  fLog 0.43  pdΔ -0.1878  pkR 14.93  clip 0.33  kl +0.034
upd  441  steps 14483456  sps 5966  opp frzn  loss -0.027  pg -0.0165  v 0.008  ev +0.95  adv_std 0.147  tR +0.16  ent[s/d/p/e] 1.20/1.02/0.84/0.47  emits 1.83  spf 29.5  z0 0.06  garr 22.4  tG 264  e2 0.32  nF 24.2  pS 0.31  ptS 0.30  fLog 0.42  pdΔ -0.1914  pkR 17.86  clip 0.35  kl +0.033
upd  442  steps 14516224  sps 5967  opp rand  loss -0.031  pg -0.0192  v 0.006  ev +0.97  adv_std 0.131  tR +0.45  ent[s/d/p/e] 1.30/1.10/0.84/0.45  emits 1.81  spf 37.6  z0 0.02  garr 28.4  tG 375  e2 0.31  nF 24.1  pS 0.36  ptS 0.36  fLog 0.45  pdΔ -0.1367  pkR 18.11  clip 0.34  kl +0.025
upd  443  steps 14548992  sps 5967  opp frzn  loss -0.029  pg -0.0184  v 0.006  ev +0.97  adv_std 0.130  tR +0.34  ent[s/d/p/e] 1.16/1.01/0.81/0.46  emits 1.69  spf 30.4  z0 0.05  garr 23.7  tG 293  e2 0.29  nF 24.8  pS 0.31  ptS 0.30  fLog 0.41  pdΔ -0.1940  pkR 28.49  clip 0.34  kl +0.034
upd  444  steps 14581760  sps 5968  opp frzn  loss -0.027  pg -0.0162  v 0.006  ev +0.97  adv_std 0.130  tR +0.40  ent[s/d/p/e] 1.18/1.03/0.83/0.44  emits 1.80  spf 29.4  z0 0.04  garr 25.1  tG 330  e2 0.31  nF 25.1  pS 0.33  ptS 0.32  fLog 0.42  pdΔ -0.1709  pkR 19.74  clip 0.34  kl +0.036
upd  445  steps 14614528  sps 5968  opp frzn  loss -0.027  pg -0.0172  v 0.008  ev +0.95  adv_std 0.146  tR +0.31  ent[s/d/p/e] 1.11/0.96/0.81/0.41  emits 1.89  spf 22.9  z0 0.05  garr 19.8  tG 216  e2 0.33  nF 24.8  pS 0.29  ptS 0.28  fLog 0.40  pdΔ -0.2145  pkR 22.52  clip 0.35  kl +0.040
upd  446  steps 14647296  sps 5969  opp frzn  loss -0.027  pg -0.0165  v 0.007  ev +0.96  adv_std 0.142  tR +0.23  ent[s/d/p/e] 1.18/1.02/0.82/0.43  emits 1.82  spf 26.1  z0 0.05  garr 21.1  tG 243  e2 0.31  nF 25.1  pS 0.31  ptS 0.30  fLog 0.42  pdΔ -0.1942  pkR 15.59  clip 0.34  kl +0.034
upd  447  steps 14680064  sps 5969  opp frzn  loss -0.027  pg -0.0161  v 0.005  ev +0.97  adv_std 0.125  tR +0.37  ent[s/d/p/e] 1.20/1.07/0.85/0.46  emits 1.74  spf 35.1  z0 0.04  garr 25.9  tG 331  e2 0.29  nF 21.9  pS 0.33  ptS 0.32  fLog 0.44  pdΔ -0.1658  pkR 19.01  clip 0.34  kl +0.031
upd  448  steps 14712832  sps 5971  opp rand  loss -0.030  pg -0.0187  v 0.006  ev +0.96  adv_std 0.134  tR +0.42  ent[s/d/p/e] 1.29/1.10/0.85/0.46  emits 1.82  spf 37.8  z0 0.02  garr 28.6  tG 356  e2 0.31  nF 21.6  pS 0.35  ptS 0.34  fLog 0.46  pdΔ -0.1508  pkR 16.52  clip 0.34  kl +0.025
upd  449  steps 14745600  sps 5972  opp rand  loss -0.030  pg -0.0184  v 0.007  ev +0.95  adv_std 0.144  tR +0.66  ent[s/d/p/e] 1.38/1.13/0.88/0.47  emits 1.87  spf 47.3  z0 0.01  garr 33.1  tG 442  e2 0.32  nF 21.5  pS 0.39  ptS 0.38  fLog 0.47  pdΔ -0.1074  pkR 14.27  clip 0.34  kl +0.030 WRr 0.84 WRf 0.50
upd  450  steps 14778368  sps 5940  opp frzn  loss -0.028  pg -0.0165  v 0.007  ev +0.96  adv_std 0.138  tR +0.37  ent[s/d/p/e] 1.24/1.06/0.85/0.48  emits 1.74  spf 33.9  z0 0.05  garr 23.8  tG 299  e2 0.30  nF 22.4  pS 0.32  ptS 0.32  fLog 0.44  pdΔ -0.1789  pkR 21.26  clip 0.34  kl +0.033
upd  451  steps 14811136  sps 5941  opp frzn  loss -0.027  pg -0.0159  v 0.006  ev +0.96  adv_std 0.129  tR +0.31  ent[s/d/p/e] 1.21/0.99/0.84/0.44  emits 1.82  spf 27.4  z0 0.05  garr 22.6  tG 266  e2 0.32  nF 23.1  pS 0.32  ptS 0.31  fLog 0.42  pdΔ -0.1833  pkR 20.49  clip 0.34  kl +0.035
upd  452  steps 14843904  sps 5942  opp rand  loss -0.032  pg -0.0200  v 0.006  ev +0.96  adv_std 0.132  tR +0.39  ent[s/d/p/e] 1.31/1.04/0.88/0.46  emits 1.85  spf 41.5  z0 0.02  garr 30.4  tG 388  e2 0.33  nF 21.3  pS 0.36  ptS 0.35  fLog 0.46  pdΔ -0.1395  pkR 20.48  clip 0.33  kl +0.022
upd  453  steps 14876672  sps 5943  opp rand  loss -0.031  pg -0.0200  v 0.005  ev +0.97  adv_std 0.125  tR +0.66  ent[s/d/p/e] 1.24/1.10/0.83/0.46  emits 1.75  spf 38.2  z0 0.02  garr 28.0  tG 357  e2 0.29  nF 22.0  pS 0.34  ptS 0.33  fLog 0.45  pdΔ -0.1596  pkR 25.66  clip 0.33  kl +0.024
upd  454  steps 14909440  sps 5944  opp frzn  loss -0.031  pg -0.0193  v 0.006  ev +0.96  adv_std 0.136  tR +0.50  ent[s/d/p/e] 1.23/1.03/0.86/0.46  emits 1.81  spf 28.2  z0 0.03  garr 22.5  tG 256  e2 0.31  nF 23.5  pS 0.32  ptS 0.31  fLog 0.43  pdΔ -0.1811  pkR 21.41  clip 0.35  kl +0.032
upd  455  steps 14942208  sps 5945  opp rand  loss -0.030  pg -0.0189  v 0.006  ev +0.97  adv_std 0.135  tR +0.42  ent[s/d/p/e] 1.24/1.06/0.83/0.43  emits 1.78  spf 32.3  z0 0.03  garr 24.7  tG 298  e2 0.30  nF 22.6  pS 0.32  ptS 0.32  fLog 0.44  pdΔ -0.1758  pkR 15.99  clip 0.33  kl +0.028
upd  456  steps 14974976  sps 5946  opp rand  loss -0.030  pg -0.0186  v 0.005  ev +0.97  adv_std 0.126  tR +0.44  ent[s/d/p/e] 1.21/1.06/0.82/0.44  emits 1.73  spf 32.9  z0 0.03  garr 24.6  tG 306  e2 0.28  nF 23.5  pS 0.32  ptS 0.31  fLog 0.43  pdΔ -0.1813  pkR 16.93  clip 0.34  kl +0.029
upd  457  steps 15007744  sps 5947  opp rand  loss -0.031  pg -0.0188  v 0.005  ev +0.97  adv_std 0.121  tR +0.50  ent[s/d/p/e] 1.32/1.10/0.85/0.47  emits 1.85  spf 31.8  z0 0.01  garr 24.8  tG 300  e2 0.32  nF 24.2  pS 0.36  ptS 0.35  fLog 0.44  pdΔ -0.1437  pkR 18.84  clip 0.35  kl +0.028
upd  458  steps 15040512  sps 5949  opp rand  loss -0.030  pg -0.0184  v 0.005  ev +0.97  adv_std 0.123  tR +0.56  ent[s/d/p/e] 1.30/1.11/0.84/0.46  emits 1.69  spf 35.4  z0 0.02  garr 27.1  tG 358  e2 0.28  nF 22.0  pS 0.36  ptS 0.36  fLog 0.45  pdΔ -0.1372  pkR 16.37  clip 0.33  kl +0.028
upd  459  steps 15073280  sps 5950  opp rand  loss -0.031  pg -0.0200  v 0.006  ev +0.96  adv_std 0.126  tR +0.64  ent[s/d/p/e] 1.25/1.06/0.84/0.45  emits 1.74  spf 32.1  z0 0.02  garr 25.7  tG 319  e2 0.29  nF 22.8  pS 0.34  ptS 0.33  fLog 0.43  pdΔ -0.1585  pkR 15.88  clip 0.34  kl +0.030
upd  460  steps 15106048  sps 5951  opp rand  loss -0.031  pg -0.0194  v 0.005  ev +0.96  adv_std 0.123  tR +0.49  ent[s/d/p/e] 1.33/1.14/0.86/0.49  emits 1.76  spf 32.7  z0 0.02  garr 24.9  tG 301  e2 0.30  nF 22.7  pS 0.36  ptS 0.35  fLog 0.44  pdΔ -0.1440  pkR 14.48  clip 0.34  kl +0.031
upd  461  steps 15138816  sps 5952  opp frzn  loss -0.031  pg -0.0188  v 0.005  ev +0.97  adv_std 0.124  tR +0.55  ent[s/d/p/e] 1.31/1.13/0.89/0.49  emits 1.84  spf 35.0  z0 0.04  garr 25.9  tG 333  e2 0.32  nF 22.5  pS 0.35  ptS 0.34  fLog 0.45  pdΔ -0.1491  pkR 17.69  clip 0.34  kl +0.030
upd  462  steps 15171584  sps 5953  opp rand  loss -0.031  pg -0.0187  v 0.005  ev +0.96  adv_std 0.124  tR +0.52  ent[s/d/p/e] 1.38/1.13/0.88/0.49  emits 1.89  spf 35.5  z0 0.02  garr 27.1  tG 352  e2 0.33  nF 24.3  pS 0.38  ptS 0.37  fLog 0.46  pdΔ -0.1173  pkR 13.43  clip 0.35  kl +0.029
upd  463  steps 15204352  sps 5953  opp frzn  loss -0.030  pg -0.0184  v 0.006  ev +0.97  adv_std 0.125  tR +0.48  ent[s/d/p/e] 1.21/1.06/0.86/0.46  emits 1.76  spf 31.0  z0 0.04  garr 23.5  tG 297  e2 0.30  nF 24.7  pS 0.32  ptS 0.32  fLog 0.42  pdΔ -0.1771  pkR 19.56  clip 0.35  kl +0.033
upd  464  steps 15237120  sps 5954  opp rand  loss -0.029  pg -0.0177  v 0.006  ev +0.96  adv_std 0.127  tR +0.46  ent[s/d/p/e] 1.24/1.07/0.83/0.46  emits 1.79  spf 31.0  z0 0.02  garr 24.2  tG 299  e2 0.31  nF 25.4  pS 0.33  ptS 0.32  fLog 0.43  pdΔ -0.1676  pkR 17.48  clip 0.34  kl +0.030
upd  465  steps 15269888  sps 5955  opp frzn  loss -0.030  pg -0.0186  v 0.006  ev +0.96  adv_std 0.128  tR +0.40  ent[s/d/p/e] 1.26/1.06/0.85/0.47  emits 1.79  spf 30.6  z0 0.04  garr 22.5  tG 275  e2 0.31  nF 23.5  pS 0.33  ptS 0.32  fLog 0.43  pdΔ -0.1686  pkR 17.07  clip 0.33  kl +0.030
upd  466  steps 15302656  sps 5955  opp frzn  loss -0.031  pg -0.0193  v 0.006  ev +0.96  adv_std 0.130  tR +0.30  ent[s/d/p/e] 1.29/1.08/0.88/0.46  emits 1.92  spf 32.5  z0 0.04  garr 25.4  tG 311  e2 0.34  nF 23.4  pS 0.35  ptS 0.34  fLog 0.45  pdΔ -0.1462  pkR 14.53  clip 0.35  kl +0.030
upd  467  steps 15335424  sps 5957  opp rand  loss -0.030  pg -0.0183  v 0.006  ev +0.96  adv_std 0.131  tR +0.50  ent[s/d/p/e] 1.27/1.11/0.84/0.46  emits 1.81  spf 32.7  z0 0.03  garr 24.2  tG 287  e2 0.31  nF 24.5  pS 0.33  ptS 0.33  fLog 0.44  pdΔ -0.1672  pkR 13.36  clip 0.34  kl +0.026
upd  468  steps 15368192  sps 5958  opp rand  loss -0.031  pg -0.0197  v 0.006  ev +0.96  adv_std 0.126  tR +0.37  ent[s/d/p/e] 1.24/1.06/0.85/0.45  emits 1.86  spf 31.8  z0 0.01  garr 25.1  tG 299  e2 0.32  nF 25.6  pS 0.34  ptS 0.33  fLog 0.43  pdΔ -0.1557  pkR 13.43  clip 0.34  kl +0.028
upd  469  steps 15400960  sps 5959  opp rand  loss -0.030  pg -0.0183  v 0.006  ev +0.96  adv_std 0.129  tR +0.60  ent[s/d/p/e] 1.33/1.10/0.87/0.46  emits 1.96  spf 34.7  z0 0.01  garr 28.3  tG 359  e2 0.35  nF 24.3  pS 0.38  ptS 0.37  fLog 0.45  pdΔ -0.1165  pkR 22.24  clip 0.36  kl +0.031
upd  470  steps 15433728  sps 5960  opp rand  loss -0.031  pg -0.0189  v 0.005  ev +0.97  adv_std 0.122  tR +0.58  ent[s/d/p/e] 1.36/1.15/0.88/0.46  emits 1.84  spf 38.4  z0 0.02  garr 29.5  tG 389  e2 0.31  nF 21.8  pS 0.38  ptS 0.37  fLog 0.46  pdΔ -0.1224  pkR 12.03  clip 0.34  kl +0.028
upd  471  steps 15466496  sps 5961  opp rand  loss -0.032  pg -0.0199  v 0.005  ev +0.97  adv_std 0.118  tR +0.58  ent[s/d/p/e] 1.31/1.10/0.88/0.47  emits 1.78  spf 41.1  z0 0.02  garr 28.7  tG 377  e2 0.30  nF 23.3  pS 0.36  ptS 0.36  fLog 0.46  pdΔ -0.1380  pkR 15.00  clip 0.35  kl +0.024
upd  472  steps 15499264  sps 5962  opp rand  loss -0.032  pg -0.0198  v 0.005  ev +0.97  adv_std 0.120  tR +0.57  ent[s/d/p/e] 1.35/1.10/0.89/0.47  emits 1.81  spf 41.0  z0 0.02  garr 29.8  tG 403  e2 0.31  nF 22.9  pS 0.38  ptS 0.37  fLog 0.46  pdΔ -0.1222  pkR 15.93  clip 0.33  kl +0.026
upd  473  steps 15532032  sps 5963  opp frzn  loss -0.030  pg -0.0188  v 0.006  ev +0.96  adv_std 0.128  tR +0.48  ent[s/d/p/e] 1.22/1.08/0.85/0.46  emits 1.81  spf 34.4  z0 0.05  garr 24.2  tG 292  e2 0.31  nF 22.1  pS 0.33  ptS 0.32  fLog 0.45  pdΔ -0.1685  pkR 13.65  clip 0.34  kl +0.034
upd  474  steps 15564800  sps 5964  opp rand  loss -0.031  pg -0.0191  v 0.006  ev +0.96  adv_std 0.130  tR +0.42  ent[s/d/p/e] 1.30/1.11/0.85/0.45  emits 1.88  spf 38.7  z0 0.02  garr 28.2  tG 355  e2 0.32  nF 23.6  pS 0.36  ptS 0.35  fLog 0.46  pdΔ -0.1388  pkR 13.73  clip 0.34  kl +0.030
upd  475  steps 15597568  sps 5965  opp rand  loss -0.033  pg -0.0207  v 0.005  ev +0.97  adv_std 0.119  tR +0.45  ent[s/d/p/e] 1.33/1.12/0.88/0.45  emits 1.91  spf 36.5  z0 0.02  garr 28.2  tG 346  e2 0.33  nF 21.7  pS 0.37  ptS 0.36  fLog 0.47  pdΔ -0.1325  pkR 18.93  clip 0.34  kl +0.029
upd  476  steps 15630336  sps 5966  opp rand  loss -0.031  pg -0.0193  v 0.006  ev +0.96  adv_std 0.127  tR +0.61  ent[s/d/p/e] 1.29/1.10/0.84/0.44  emits 1.79  spf 36.4  z0 0.02  garr 25.9  tG 328  e2 0.29  nF 23.3  pS 0.35  ptS 0.34  fLog 0.45  pdΔ -0.1493  pkR 11.19  clip 0.34  kl +0.028
upd  477  steps 15663104  sps 5968  opp rand  loss -0.031  pg -0.0193  v 0.006  ev +0.96  adv_std 0.127  tR +0.60  ent[s/d/p/e] 1.28/1.07/0.83/0.45  emits 1.82  spf 30.5  z0 0.02  garr 24.4  tG 285  e2 0.31  nF 24.1  pS 0.34  ptS 0.33  fLog 0.44  pdΔ -0.1592  pkR 17.53  clip 0.35  kl +0.033
upd  478  steps 15695872  sps 5969  opp rand  loss -0.030  pg -0.0182  v 0.005  ev +0.97  adv_std 0.117  tR +0.49  ent[s/d/p/e] 1.29/1.09/0.85/0.43  emits 1.86  spf 31.9  z0 0.02  garr 25.1  tG 309  e2 0.31  nF 23.6  pS 0.36  ptS 0.35  fLog 0.44  pdΔ -0.1448  pkR 16.84  clip 0.33  kl +0.031
upd  479  steps 15728640  sps 5969  opp frzn  loss -0.027  pg -0.0163  v 0.007  ev +0.96  adv_std 0.140  tR +0.46  ent[s/d/p/e] 1.19/1.06/0.83/0.46  emits 1.80  spf 30.7  z0 0.05  garr 22.7  tG 274  e2 0.31  nF 22.4  pS 0.32  ptS 0.31  fLog 0.43  pdΔ -0.1799  pkR 17.90  clip 0.34  kl +0.037
upd  480  steps 15761408  sps 5970  opp rand  loss -0.031  pg -0.0193  v 0.006  ev +0.96  adv_std 0.127  tR +0.43  ent[s/d/p/e] 1.23/1.07/0.84/0.44  emits 1.97  spf 30.6  z0 0.03  garr 23.3  tG 261  e2 0.34  nF 24.3  pS 0.33  ptS 0.32  fLog 0.44  pdΔ -0.1651  pkR 15.83  clip 0.35  kl +0.033
upd  481  steps 15794176  sps 5971  opp rand  loss -0.030  pg -0.0182  v 0.005  ev +0.97  adv_std 0.120  tR +0.43  ent[s/d/p/e] 1.31/1.12/0.84/0.43  emits 1.97  spf 33.3  z0 0.03  garr 24.1  tG 308  e2 0.33  nF 25.8  pS 0.36  ptS 0.35  fLog 0.44  pdΔ -0.1433  pkR 15.02  clip 0.34  kl +0.029
upd  482  steps 15826944  sps 5972  opp frzn  loss -0.029  pg -0.0174  v 0.006  ev +0.96  adv_std 0.130  tR +0.41  ent[s/d/p/e] 1.24/1.05/0.84/0.44  emits 1.88  spf 31.6  z0 0.05  garr 22.9  tG 288  e2 0.32  nF 25.2  pS 0.34  ptS 0.33  fLog 0.43  pdΔ -0.1622  pkR 14.12  clip 0.34  kl +0.033
upd  483  steps 15859712  sps 5973  opp rand  loss -0.030  pg -0.0182  v 0.005  ev +0.97  adv_std 0.122  tR +0.54  ent[s/d/p/e] 1.27/1.09/0.84/0.44  emits 1.92  spf 36.7  z0 0.02  garr 26.5  tG 344  e2 0.32  nF 24.6  pS 0.36  ptS 0.35  fLog 0.44  pdΔ -0.1391  pkR 16.54  clip 0.34  kl +0.034
upd  484  steps 15892480  sps 5974  opp rand  loss -0.029  pg -0.0180  v 0.005  ev +0.97  adv_std 0.123  tR +0.49  ent[s/d/p/e] 1.29/1.05/0.84/0.42  emits 1.96  spf 33.7  z0 0.02  garr 25.6  tG 326  e2 0.34  nF 25.0  pS 0.36  ptS 0.35  fLog 0.44  pdΔ -0.1360  pkR 21.06  clip 0.34  kl +0.030
upd  485  steps 15925248  sps 5975  opp rand  loss -0.030  pg -0.0181  v 0.006  ev +0.96  adv_std 0.135  tR +0.54  ent[s/d/p/e] 1.32/1.07/0.86/0.43  emits 1.91  spf 34.6  z0 0.03  garr 26.6  tG 345  e2 0.32  nF 24.0  pS 0.38  ptS 0.36  fLog 0.45  pdΔ -0.1223  pkR 15.58  clip 0.35  kl +0.031
upd  486  steps 15958016  sps 5976  opp frzn  loss -0.030  pg -0.0184  v 0.006  ev +0.96  adv_std 0.133  tR +0.55  ent[s/d/p/e] 1.29/1.06/0.87/0.46  emits 1.96  spf 33.0  z0 0.04  garr 24.4  tG 298  e2 0.34  nF 23.8  pS 0.37  ptS 0.35  fLog 0.45  pdΔ -0.1347  pkR 13.38  clip 0.34  kl +0.035
upd  487  steps 15990784  sps 5977  opp rand  loss -0.029  pg -0.0170  v 0.006  ev +0.96  adv_std 0.125  tR +0.55  ent[s/d/p/e] 1.35/1.09/0.87/0.46  emits 1.99  spf 35.8  z0 0.03  garr 27.8  tG 355  e2 0.35  nF 23.5  pS 0.38  ptS 0.38  fLog 0.46  pdΔ -0.1153  pkR 17.34  clip 0.35  kl +0.031
upd  488  steps 16023552  sps 5977  opp frzn  loss -0.030  pg -0.0184  v 0.006  ev +0.96  adv_std 0.130  tR +0.48  ent[s/d/p/e] 1.27/1.05/0.85/0.44  emits 2.00  spf 36.4  z0 0.03  garr 25.6  tG 325  e2 0.34  nF 24.6  pS 0.34  ptS 0.34  fLog 0.45  pdΔ -0.1556  pkR 15.09  clip 0.34  kl +0.032
upd  489  steps 16056320  sps 5978  opp rand  loss -0.032  pg -0.0200  v 0.006  ev +0.96  adv_std 0.128  tR +0.58  ent[s/d/p/e] 1.31/1.08/0.85/0.44  emits 1.95  spf 45.7  z0 0.03  garr 28.7  tG 363  e2 0.33  nF 24.9  pS 0.36  ptS 0.35  fLog 0.47  pdΔ -0.1409  pkR 16.71  clip 0.34  kl +0.028
upd  490  steps 16089088  sps 5979  opp rand  loss -0.031  pg -0.0198  v 0.006  ev +0.96  adv_std 0.129  tR +0.45  ent[s/d/p/e] 1.24/1.04/0.83/0.41  emits 1.94  spf 42.1  z0 0.02  garr 27.7  tG 347  e2 0.33  nF 24.0  pS 0.34  ptS 0.33  fLog 0.45  pdΔ -0.1649  pkR 32.39  clip 0.35  kl +0.032
upd  491  steps 16121856  sps 5980  opp rand  loss -0.031  pg -0.0192  v 0.006  ev +0.96  adv_std 0.128  tR +0.49  ent[s/d/p/e] 1.32/1.08/0.87/0.43  emits 1.96  spf 39.1  z0 0.03  garr 27.8  tG 345  e2 0.33  nF 21.8  pS 0.36  ptS 0.35  fLog 0.47  pdΔ -0.1412  pkR 18.99  clip 0.33  kl +0.028
upd  492  steps 16154624  sps 5981  opp frzn  loss -0.029  pg -0.0178  v 0.007  ev +0.96  adv_std 0.139  tR +0.34  ent[s/d/p/e] 1.25/1.04/0.84/0.44  emits 1.96  spf 34.1  z0 0.05  garr 22.9  tG 287  e2 0.34  nF 25.2  pS 0.34  ptS 0.33  fLog 0.44  pdΔ -0.1621  pkR 22.25  clip 0.34  kl +0.038
upd  493  steps 16187392  sps 5982  opp rand  loss -0.027  pg -0.0163  v 0.007  ev +0.96  adv_std 0.138  tR +0.42  ent[s/d/p/e] 1.21/1.00/0.81/0.41  emits 1.95  spf 30.3  z0 0.03  garr 23.1  tG 275  e2 0.34  nF 26.4  pS 0.33  ptS 0.32  fLog 0.43  pdΔ -0.1733  pkR 20.48  clip 0.34  kl +0.026
upd  494  steps 16220160  sps 5983  opp rand  loss -0.028  pg -0.0164  v 0.006  ev +0.97  adv_std 0.131  tR +0.25  ent[s/d/p/e] 1.29/1.08/0.85/0.45  emits 1.91  spf 41.7  z0 0.05  garr 26.2  tG 327  e2 0.32  nF 23.5  pS 0.34  ptS 0.34  fLog 0.46  pdΔ -0.1553  pkR 12.88  clip 0.33  kl +0.029
upd  495  steps 16252928  sps 5984  opp rand  loss -0.031  pg -0.0188  v 0.005  ev +0.96  adv_std 0.121  tR +0.62  ent[s/d/p/e] 1.37/1.08/0.88/0.47  emits 2.05  spf 44.5  z0 0.02  garr 28.9  tG 379  e2 0.36  nF 22.9  pS 0.39  ptS 0.38  fLog 0.47  pdΔ -0.1053  pkR 12.46  clip 0.35  kl +0.030
upd  496  steps 16285696  sps 5984  opp frzn  loss -0.030  pg -0.0187  v 0.006  ev +0.96  adv_std 0.133  tR +0.42  ent[s/d/p/e] 1.26/1.04/0.85/0.44  emits 1.96  spf 38.8  z0 0.05  garr 24.8  tG 319  e2 0.34  nF 22.9  pS 0.35  ptS 0.34  fLog 0.45  pdΔ -0.1531  pkR 16.04  clip 0.34  kl +0.035
upd  497  steps 16318464  sps 5985  opp rand  loss -0.029  pg -0.0183  v 0.006  ev +0.96  adv_std 0.126  tR +0.36  ent[s/d/p/e] 1.26/1.02/0.82/0.43  emits 1.93  spf 34.2  z0 0.03  garr 23.6  tG 289  e2 0.32  nF 24.9  pS 0.34  ptS 0.33  fLog 0.44  pdΔ -0.1615  pkR 16.39  clip 0.34  kl +0.030
upd  498  steps 16351232  sps 5987  opp rand  loss -0.030  pg -0.0194  v 0.006  ev +0.97  adv_std 0.128  tR +0.33  ent[s/d/p/e] 1.18/0.99/0.81/0.42  emits 1.86  spf 31.0  z0 0.03  garr 20.9  tG 252  e2 0.31  nF 25.3  pS 0.31  ptS 0.31  fLog 0.42  pdΔ -0.1881  pkR 16.24  clip 0.33  kl +0.025
upd  499  steps 16384000  sps 5987  opp frzn  loss -0.029  pg -0.0180  v 0.007  ev +0.96  adv_std 0.137  tR +0.35  ent[s/d/p/e] 1.24/1.00/0.85/0.45  emits 1.82  spf 34.3  z0 0.06  garr 23.1  tG 284  e2 0.32  nF 22.8  pS 0.33  ptS 0.32  fLog 0.44  pdΔ -0.1669  pkR 14.97  clip 0.33  kl +0.029 WRr 0.66 WRf 0.59
[ckpt] saved ./ckpt_multi_action_v11_f32/ckpt_000499.pkl
upd  500  steps 16416768  sps 5957  opp rand  loss -0.032  pg -0.0204  v 0.006  ev +0.96  adv_std 0.134  tR +0.53  ent[s/d/p/e] 1.31/1.05/0.86/0.44  emits 1.93  spf 43.6  z0 0.03  garr 28.8  tG 372  e2 0.33  nF 22.9  pS 0.37  ptS 0.36  fLog 0.47  pdΔ -0.1283  pkR 12.51  clip 0.33  kl +0.027
upd  501  steps 16449536  sps 5957  opp frzn  loss -0.030  pg -0.0193  v 0.007  ev +0.96  adv_std 0.139  tR +0.36  ent[s/d/p/e] 1.23/1.01/0.84/0.45  emits 1.91  spf 37.9  z0 0.04  garr 25.3  tG 323  e2 0.33  nF 22.5  pS 0.33  ptS 0.32  fLog 0.45  pdΔ -0.1682  pkR 18.31  clip 0.34  kl +0.032
upd  502  steps 16482304  sps 5959  opp rand  loss -0.030  pg -0.0185  v 0.006  ev +0.97  adv_std 0.126  tR +0.40  ent[s/d/p/e] 1.26/1.04/0.82/0.42  emits 1.98  spf 31.7  z0 0.02  garr 23.4  tG 278  e2 0.33  nF 24.5  pS 0.34  ptS 0.34  fLog 0.44  pdΔ -0.1557  pkR 14.06  clip 0.33  kl +0.031
upd  503  steps 16515072  sps 5959  opp frzn  loss -0.027  pg -0.0165  v 0.007  ev +0.96  adv_std 0.136  tR +0.19  ent[s/d/p/e] 1.15/1.02/0.79/0.43  emits 1.87  spf 32.1  z0 0.06  garr 21.2  tG 250  e2 0.32  nF 22.9  pS 0.30  ptS 0.29  fLog 0.43  pdΔ -0.1999  pkR 17.25  clip 0.33  kl +0.034
upd  504  steps 16547840  sps 5959  opp frzn  loss -0.030  pg -0.0192  v 0.007  ev +0.96  adv_std 0.141  tR +0.24  ent[s/d/p/e] 1.16/1.00/0.81/0.43  emits 1.86  spf 39.5  z0 0.06  garr 24.4  tG 313  e2 0.32  nF 24.2  pS 0.31  ptS 0.31  fLog 0.43  pdΔ -0.1858  pkR 32.56  clip 0.33  kl +0.034
upd  505  steps 16580608  sps 5961  opp rand  loss -0.032  pg -0.0202  v 0.006  ev +0.96  adv_std 0.133  tR +0.44  ent[s/d/p/e] 1.31/1.05/0.85/0.45  emits 1.94  spf 44.2  z0 0.02  garr 28.5  tG 388  e2 0.33  nF 25.0  pS 0.38  ptS 0.36  fLog 0.46  pdΔ -0.1227  pkR 22.47  clip 0.33  kl +0.026
upd  506  steps 16613376  sps 5962  opp rand  loss -0.031  pg -0.0191  v 0.006  ev +0.96  adv_std 0.133  tR +0.54  ent[s/d/p/e] 1.32/1.04/0.87/0.44  emits 1.94  spf 40.6  z0 0.02  garr 26.3  tG 334  e2 0.33  nF 22.1  pS 0.37  ptS 0.36  fLog 0.47  pdΔ -0.1289  pkR 14.23  clip 0.33  kl +0.029
upd  507  steps 16646144  sps 5963  opp rand  loss -0.029  pg -0.0178  v 0.005  ev +0.97  adv_std 0.120  tR +0.59  ent[s/d/p/e] 1.31/1.05/0.85/0.45  emits 2.00  spf 36.0  z0 0.02  garr 26.2  tG 333  e2 0.34  nF 24.9  pS 0.36  ptS 0.36  fLog 0.45  pdΔ -0.1383  pkR 15.31  clip 0.35  kl +0.034
upd  508  steps 16678912  sps 5964  opp rand  loss -0.029  pg -0.0172  v 0.006  ev +0.96  adv_std 0.133  tR +0.58  ent[s/d/p/e] 1.29/1.06/0.86/0.42  emits 2.06  spf 44.9  z0 0.02  garr 28.5  tG 378  e2 0.35  nF 25.1  pS 0.36  ptS 0.36  fLog 0.46  pdΔ -0.1367  pkR 20.23  clip 0.35  kl +0.031
upd  509  steps 16711680  sps 5964  opp frzn  loss -0.031  pg -0.0194  v 0.007  ev +0.96  adv_std 0.136  tR +0.43  ent[s/d/p/e] 1.25/1.01/0.86/0.43  emits 2.03  spf 38.7  z0 0.05  garr 24.2  tG 290  e2 0.36  nF 23.5  pS 0.34  ptS 0.32  fLog 0.45  pdΔ -0.1631  pkR 23.55  clip 0.34  kl +0.035
upd  510  steps 16744448  sps 5965  opp frzn  loss -0.028  pg -0.0178  v 0.007  ev +0.96  adv_std 0.137  tR +0.30  ent[s/d/p/e] 1.15/0.98/0.80/0.41  emits 1.95  spf 29.3  z0 0.06  garr 22.1  tG 254  e2 0.34  nF 22.9  pS 0.31  ptS 0.30  fLog 0.44  pdΔ -0.1902  pkR 20.29  clip 0.34  kl +0.036
upd  511  steps 16777216  sps 5965  opp frzn  loss -0.025  pg -0.0154  v 0.007  ev +0.96  adv_std 0.143  tR +0.13  ent[s/d/p/e] 1.12/1.01/0.79/0.40  emits 1.96  spf 35.1  z0 0.06  garr 21.2  tG 259  e2 0.34  nF 26.2  pS 0.29  ptS 0.28  fLog 0.43  pdΔ -0.2073  pkR 20.10  clip 0.33  kl +0.040
upd  512  steps 16809984  sps 5966  opp frzn  loss -0.026  pg -0.0157  v 0.007  ev +0.96  adv_std 0.142  tR +0.16  ent[s/d/p/e] 1.17/1.00/0.80/0.40  emits 1.97  spf 32.5  z0 0.06  garr 22.1  tG 277  e2 0.34  nF 25.3  pS 0.31  ptS 0.30  fLog 0.43  pdΔ -0.1871  pkR 14.35  clip 0.33  kl +0.034
upd  513  steps 16842752  sps 5966  opp frzn  loss -0.028  pg -0.0176  v 0.007  ev +0.96  adv_std 0.137  tR +0.10  ent[s/d/p/e] 1.13/0.97/0.79/0.40  emits 1.89  spf 34.2  z0 0.07  garr 21.2  tG 258  e2 0.32  nF 26.1  pS 0.29  ptS 0.28  fLog 0.42  pdΔ -0.2121  pkR 24.04  clip 0.31  kl +0.030
upd  514  steps 16875520  sps 5967  opp rand  loss -0.030  pg -0.0189  v 0.006  ev +0.97  adv_std 0.129  tR +0.36  ent[s/d/p/e] 1.24/1.01/0.81/0.40  emits 2.01  spf 33.0  z0 0.03  garr 23.9  tG 308  e2 0.34  nF 25.3  pS 0.35  ptS 0.34  fLog 0.43  pdΔ -0.1533  pkR 17.81  clip 0.33  kl +0.026
upd  515  steps 16908288  sps 5968  opp rand  loss -0.029  pg -0.0189  v 0.007  ev +0.96  adv_std 0.138  tR +0.48  ent[s/d/p/e] 1.22/1.03/0.80/0.41  emits 2.00  spf 33.2  z0 0.02  garr 23.8  tG 299  e2 0.34  nF 26.7  pS 0.33  ptS 0.33  fLog 0.43  pdΔ -0.1658  pkR 22.29  clip 0.34  kl +0.031
upd  516  steps 16941056  sps 5969  opp rand  loss -0.029  pg -0.0179  v 0.006  ev +0.96  adv_std 0.129  tR +0.49  ent[s/d/p/e] 1.23/1.04/0.81/0.42  emits 1.98  spf 35.5  z0 0.02  garr 24.0  tG 296  e2 0.34  nF 26.3  pS 0.34  ptS 0.33  fLog 0.44  pdΔ -0.1634  pkR 13.87  clip 0.33  kl +0.029
upd  517  steps 16973824  sps 5970  opp rand  loss -0.027  pg -0.0169  v 0.006  ev +0.96  adv_std 0.134  tR +0.37  ent[s/d/p/e] 1.18/0.98/0.79/0.39  emits 1.98  spf 29.2  z0 0.03  garr 20.7  tG 228  e2 0.34  nF 26.9  pS 0.31  ptS 0.30  fLog 0.42  pdΔ -0.1888  pkR 18.86  clip 0.33  kl +0.024
upd  518  steps 17006592  sps 5971  opp rand  loss -0.028  pg -0.0176  v 0.006  ev +0.96  adv_std 0.126  tR +0.45  ent[s/d/p/e] 1.23/1.01/0.81/0.40  emits 2.09  spf 31.0  z0 0.02  garr 21.4  tG 252  e2 0.37  nF 27.9  pS 0.34  ptS 0.32  fLog 0.43  pdΔ -0.1634  pkR 15.77  clip 0.33  kl +0.026
upd  519  steps 17039360  sps 5972  opp rand  loss -0.030  pg -0.0189  v 0.007  ev +0.96  adv_std 0.136  tR +0.42  ent[s/d/p/e] 1.34/1.05/0.85/0.42  emits 2.12  spf 35.5  z0 0.02  garr 26.3  tG 351  e2 0.37  nF 25.8  pS 0.39  ptS 0.38  fLog 0.45  pdΔ -0.1122  pkR 18.13  clip 0.34  kl +0.031
upd  520  steps 17072128  sps 5973  opp rand  loss -0.030  pg -0.0187  v 0.006  ev +0.96  adv_std 0.126  tR +0.62  ent[s/d/p/e] 1.31/1.02/0.87/0.42  emits 2.09  spf 38.0  z0 0.03  garr 26.9  tG 358  e2 0.37  nF 25.5  pS 0.38  ptS 0.37  fLog 0.46  pdΔ -0.1197  pkR 13.75  clip 0.33  kl +0.028
upd  521  steps 17104896  sps 5974  opp frzn  loss -0.027  pg -0.0167  v 0.006  ev +0.97  adv_std 0.132  tR +0.28  ent[s/d/p/e] 1.17/1.00/0.80/0.42  emits 1.91  spf 33.6  z0 0.06  garr 22.1  tG 286  e2 0.33  nF 26.2  pS 0.32  ptS 0.31  fLog 0.42  pdΔ -0.1820  pkR 18.77  clip 0.32  kl +0.035
upd  522  steps 17137664  sps 5975  opp rand  loss -0.028  pg -0.0173  v 0.006  ev +0.96  adv_std 0.128  tR +0.36  ent[s/d/p/e] 1.15/1.02/0.78/0.39  emits 2.00  spf 33.8  z0 0.03  garr 24.2  tG 296  e2 0.34  nF 24.9  pS 0.31  ptS 0.30  fLog 0.43  pdΔ -0.1940  pkR 24.74  clip 0.32  kl +0.031
upd  523  steps 17170432  sps 5975  opp frzn  loss -0.027  pg -0.0172  v 0.007  ev +0.96  adv_std 0.140  tR +0.10  ent[s/d/p/e] 1.08/0.96/0.76/0.38  emits 1.94  spf 26.7  z0 0.05  garr 19.5  tG 235  e2 0.33  nF 25.9  pS 0.28  ptS 0.27  fLog 0.40  pdΔ -0.2206  pkR 21.79  clip 0.32  kl +0.037
upd  524  steps 17203200  sps 5976  opp rand  loss -0.027  pg -0.0168  v 0.007  ev +0.96  adv_std 0.139  tR +0.38  ent[s/d/p/e] 1.20/1.02/0.77/0.40  emits 2.00  spf 29.4  z0 0.03  garr 21.1  tG 251  e2 0.33  nF 28.4  pS 0.31  ptS 0.31  fLog 0.42  pdΔ -0.1912  pkR 17.16  clip 0.32  kl +0.031
upd  525  steps 17235968  sps 5977  opp rand  loss -0.029  pg -0.0180  v 0.006  ev +0.97  adv_std 0.125  tR +0.25  ent[s/d/p/e] 1.18/1.04/0.80/0.40  emits 1.94  spf 37.9  z0 0.03  garr 25.1  tG 319  e2 0.32  nF 25.1  pS 0.32  ptS 0.32  fLog 0.44  pdΔ -0.1789  pkR 15.89  clip 0.32  kl +0.027
upd  526  steps 17268736  sps 5978  opp rand  loss -0.030  pg -0.0190  v 0.006  ev +0.97  adv_std 0.124  tR +0.62  ent[s/d/p/e] 1.26/1.04/0.84/0.42  emits 2.12  spf 38.8  z0 0.02  garr 26.7  tG 341  e2 0.37  nF 26.7  pS 0.37  ptS 0.35  fLog 0.45  pdΔ -0.1324  pkR 15.07  clip 0.35  kl +0.035
upd  527  steps 17301504  sps 5979  opp rand  loss -0.028  pg -0.0172  v 0.007  ev +0.96  adv_std 0.134  tR +0.55  ent[s/d/p/e] 1.23/1.03/0.82/0.42  emits 1.92  spf 40.5  z0 0.02  garr 26.2  tG 350  e2 0.32  nF 25.5  pS 0.35  ptS 0.34  fLog 0.44  pdΔ -0.1537  pkR 21.05  clip 0.32  kl +0.030
upd  528  steps 17334272  sps 5980  opp frzn  loss -0.028  pg -0.0176  v 0.006  ev +0.96  adv_std 0.131  tR +0.25  ent[s/d/p/e] 1.09/0.94/0.78/0.41  emits 1.89  spf 29.0  z0 0.07  garr 20.5  tG 255  e2 0.33  nF 25.1  pS 0.29  ptS 0.28  fLog 0.41  pdΔ -0.2144  pkR 21.52  clip 0.32  kl +0.034
upd  529  steps 17367040  sps 5981  opp rand  loss -0.030  pg -0.0186  v 0.005  ev +0.97  adv_std 0.120  tR +0.35  ent[s/d/p/e] 1.24/1.03/0.82/0.40  emits 2.03  spf 32.3  z0 0.04  garr 22.2  tG 280  e2 0.34  nF 28.2  pS 0.34  ptS 0.33  fLog 0.44  pdΔ -0.1640  pkR 14.59  clip 0.32  kl +0.028
upd  530  steps 17399808  sps 5981  opp frzn  loss -0.028  pg -0.0170  v 0.006  ev +0.97  adv_std 0.131  tR +0.30  ent[s/d/p/e] 1.16/0.99/0.82/0.42  emits 1.96  spf 33.8  z0 0.05  garr 22.6  tG 288  e2 0.33  nF 25.5  pS 0.32  ptS 0.31  fLog 0.43  pdΔ -0.1802  pkR 17.23  clip 0.32  kl +0.031
upd  531  steps 17432576  sps 5982  opp rand  loss -0.028  pg -0.0173  v 0.006  ev +0.96  adv_std 0.129  tR +0.42  ent[s/d/p/e] 1.26/1.04/0.84/0.42  emits 2.05  spf 39.9  z0 0.03  garr 27.3  tG 342  e2 0.36  nF 25.2  pS 0.35  ptS 0.35  fLog 0.45  pdΔ -0.1461  pkR 15.71  clip 0.32  kl +0.026
upd  532  steps 17465344  sps 5983  opp rand  loss -0.028  pg -0.0177  v 0.007  ev +0.96  adv_std 0.136  tR +0.46  ent[s/d/p/e] 1.21/1.03/0.80/0.39  emits 2.06  spf 43.5  z0 0.02  garr 27.0  tG 346  e2 0.35  nF 27.5  pS 0.33  ptS 0.33  fLog 0.43  pdΔ -0.1651  pkR 25.06  clip 0.33  kl +0.031
upd  533  steps 17498112  sps 5984  opp rand  loss -0.030  pg -0.0201  v 0.007  ev +0.96  adv_std 0.137  tR +0.26  ent[s/d/p/e] 1.20/1.00/0.78/0.41  emits 2.01  spf 30.3  z0 0.03  garr 22.7  tG 284  e2 0.34  nF 28.4  pS 0.33  ptS 0.32  fLog 0.43  pdΔ -0.1748  pkR 18.97  clip 0.33  kl +0.029
upd  534  steps 17530880  sps 5985  opp rand  loss -0.029  pg -0.0182  v 0.006  ev +0.97  adv_std 0.127  tR +0.33  ent[s/d/p/e] 1.23/1.02/0.81/0.41  emits 2.09  spf 42.5  z0 0.03  garr 28.3  tG 393  e2 0.36  nF 27.4  pS 0.36  ptS 0.35  fLog 0.44  pdΔ -0.1436  pkR 18.76  clip 0.33  kl +0.030
upd  535  steps 17563648  sps 5986  opp rand  loss -0.029  pg -0.0189  v 0.006  ev +0.97  adv_std 0.126  tR +0.52  ent[s/d/p/e] 1.16/0.95/0.80/0.38  emits 2.04  spf 32.1  z0 0.02  garr 22.9  tG 277  e2 0.35  nF 27.0  pS 0.32  ptS 0.31  fLog 0.43  pdΔ -0.1820  pkR 21.57  clip 0.33  kl +0.030
upd  536  steps 17596416  sps 5987  opp rand  loss -0.029  pg -0.0178  v 0.006  ev +0.96  adv_std 0.130  tR +0.30  ent[s/d/p/e] 1.21/0.98/0.82/0.41  emits 2.08  spf 35.6  z0 0.03  garr 23.5  tG 284  e2 0.37  nF 26.8  pS 0.34  ptS 0.33  fLog 0.44  pdΔ -0.1627  pkR 19.66  clip 0.33  kl +0.027
upd  537  steps 17629184  sps 5987  opp frzn  loss -0.026  pg -0.0160  v 0.007  ev +0.97  adv_std 0.138  tR +0.22  ent[s/d/p/e] 1.12/0.97/0.81/0.39  emits 1.96  spf 42.2  z0 0.07  garr 24.5  tG 310  e2 0.34  nF 24.5  pS 0.31  ptS 0.30  fLog 0.44  pdΔ -0.1938  pkR 20.44  clip 0.32  kl +0.032
upd  538  steps 17661952  sps 5988  opp rand  loss -0.030  pg -0.0191  v 0.006  ev +0.97  adv_std 0.126  tR +0.28  ent[s/d/p/e] 1.17/1.01/0.78/0.39  emits 2.02  spf 32.8  z0 0.04  garr 22.3  tG 263  e2 0.34  nF 26.0  pS 0.30  ptS 0.29  fLog 0.43  pdΔ -0.2016  pkR 32.38  clip 0.32  kl +0.029
upd  539  steps 17694720  sps 5989  opp rand  loss -0.029  pg -0.0182  v 0.007  ev +0.96  adv_std 0.136  tR +0.42  ent[s/d/p/e] 1.19/0.98/0.81/0.39  emits 2.13  spf 35.4  z0 0.02  garr 25.2  tG 325  e2 0.37  nF 24.9  pS 0.34  ptS 0.33  fLog 0.44  pdΔ -0.1623  pkR 14.88  clip 0.33  kl +0.031
upd  540  steps 17727488  sps 5990  opp frzn  loss -0.028  pg -0.0181  v 0.007  ev +0.96  adv_std 0.143  tR +0.16  ent[s/d/p/e] 1.15/1.00/0.79/0.39  emits 2.09  spf 36.1  z0 0.06  garr 23.6  tG 298  e2 0.36  nF 27.0  pS 0.32  ptS 0.31  fLog 0.43  pdΔ -0.1848  pkR 18.38  clip 0.33  kl +0.035
upd  541  steps 17760256  sps 5991  opp rand  loss -0.028  pg -0.0175  v 0.006  ev +0.97  adv_std 0.130  tR +0.36  ent[s/d/p/e] 1.16/0.99/0.78/0.39  emits 1.98  spf 39.3  z0 0.03  garr 25.0  tG 319  e2 0.33  nF 25.9  pS 0.31  ptS 0.31  fLog 0.43  pdΔ -0.1851  pkR 14.65  clip 0.31  kl +0.026
upd  542  steps 17793024  sps 5992  opp rand  loss -0.030  pg -0.0188  v 0.005  ev +0.97  adv_std 0.123  tR +0.48  ent[s/d/p/e] 1.25/0.99/0.83/0.40  emits 2.11  spf 42.4  z0 0.01  garr 28.4  tG 389  e2 0.36  nF 26.0  pS 0.36  ptS 0.36  fLog 0.46  pdΔ -0.1369  pkR 24.37  clip 0.33  kl +0.026
upd  543  steps 17825792  sps 5992  opp frzn  loss -0.028  pg -0.0178  v 0.007  ev +0.96  adv_std 0.138  tR +0.41  ent[s/d/p/e] 1.17/0.95/0.82/0.39  emits 2.17  spf 35.9  z0 0.04  garr 23.7  tG 302  e2 0.38  nF 27.2  pS 0.33  ptS 0.32  fLog 0.44  pdΔ -0.1711  pkR 22.62  clip 0.33  kl +0.033
upd  544  steps 17858560  sps 5993  opp rand  loss -0.030  pg -0.0188  v 0.006  ev +0.97  adv_std 0.132  tR +0.43  ent[s/d/p/e] 1.24/0.98/0.82/0.41  emits 2.07  spf 43.0  z0 0.03  garr 27.9  tG 365  e2 0.36  nF 25.9  pS 0.36  ptS 0.35  fLog 0.46  pdΔ -0.1407  pkR 18.75  clip 0.32  kl +0.027
upd  545  steps 17891328  sps 5993  opp frzn  loss -0.026  pg -0.0163  v 0.007  ev +0.96  adv_std 0.140  tR +0.26  ent[s/d/p/e] 1.12/0.95/0.80/0.37  emits 2.07  spf 33.4  z0 0.06  garr 22.0  tG 272  e2 0.36  nF 25.4  pS 0.30  ptS 0.29  fLog 0.43  pdΔ -0.1976  pkR 23.63  clip 0.32  kl +0.035
upd  546  steps 17924096  sps 5994  opp rand  loss -0.030  pg -0.0197  v 0.006  ev +0.97  adv_std 0.130  tR +0.45  ent[s/d/p/e] 1.16/0.92/0.79/0.36  emits 2.12  spf 40.1  z0 0.03  garr 25.9  tG 339  e2 0.37  nF 26.2  pS 0.31  ptS 0.31  fLog 0.43  pdΔ -0.1852  pkR 47.33  clip 0.32  kl +0.027
upd  547  steps 17956864  sps 5995  opp frzn  loss -0.027  pg -0.0169  v 0.007  ev +0.96  adv_std 0.138  tR +0.11  ent[s/d/p/e] 1.10/0.94/0.80/0.38  emits 2.01  spf 31.1  z0 0.06  garr 20.5  tG 242  e2 0.34  nF 26.1  pS 0.29  ptS 0.28  fLog 0.42  pdΔ -0.2078  pkR 19.45  clip 0.31  kl +0.034
upd  548  steps 17989632  sps 5996  opp rand  loss -0.029  pg -0.0174  v 0.006  ev +0.97  adv_std 0.132  tR +0.54  ent[s/d/p/e] 1.26/1.00/0.85/0.40  emits 2.16  spf 48.1  z0 0.02  garr 28.6  tG 367  e2 0.38  nF 24.7  pS 0.36  ptS 0.35  fLog 0.47  pdΔ -0.1360  pkR 21.01  clip 0.33  kl +0.030
upd  549  steps 18022400  sps 5996  opp frzn  loss -0.028  pg -0.0173  v 0.008  ev +0.96  adv_std 0.145  tR +0.38  ent[s/d/p/e] 1.19/0.99/0.81/0.40  emits 2.11  spf 40.7  z0 0.04  garr 25.2  tG 332  e2 0.36  nF 25.8  pS 0.34  ptS 0.33  fLog 0.45  pdΔ -0.1623  pkR 28.89  clip 0.33  kl +0.036 WRr 0.72 WRf 0.62
upd  550  steps 18055168  sps 5970  opp frzn  loss -0.027  pg -0.0171  v 0.006  ev +0.97  adv_std 0.127  tR +0.36  ent[s/d/p/e] 1.08/0.90/0.82/0.37  emits 1.99  spf 31.0  z0 0.06  garr 21.0  tG 264  e2 0.34  nF 27.8  pS 0.30  ptS 0.30  fLog 0.42  pdΔ -0.1993  pkR 14.02  clip 0.32  kl +0.032
upd  551  steps 18087936  sps 5971  opp rand  loss -0.030  pg -0.0188  v 0.007  ev +0.97  adv_std 0.135  tR +0.33  ent[s/d/p/e] 1.25/0.98/0.85/0.41  emits 2.16  spf 48.2  z0 0.03  garr 29.0  tG 394  e2 0.37  nF 27.0  pS 0.37  ptS 0.36  fLog 0.46  pdΔ -0.1349  pkR 14.77  clip 0.32  kl +0.026
upd  552  steps 18120704  sps 5971  opp frzn  loss -0.028  pg -0.0174  v 0.006  ev +0.97  adv_std 0.129  tR +0.23  ent[s/d/p/e] 1.13/0.96/0.81/0.40  emits 1.89  spf 45.8  z0 0.07  garr 25.9  tG 367  e2 0.32  nF 24.1  pS 0.32  ptS 0.31  fLog 0.45  pdΔ -0.1813  pkR 17.25  clip 0.30  kl +0.027
upd  553  steps 18153472  sps 5972  opp rand  loss -0.028  pg -0.0183  v 0.007  ev +0.96  adv_std 0.137  tR +0.42  ent[s/d/p/e] 1.12/0.95/0.78/0.37  emits 2.13  spf 32.5  z0 0.02  garr 23.8  tG 289  e2 0.36  nF 28.5  pS 0.31  ptS 0.30  fLog 0.42  pdΔ -0.1914  pkR 27.60  clip 0.33  kl +0.026
upd  554  steps 18186240  sps 5972  opp frzn  loss -0.029  pg -0.0186  v 0.007  ev +0.96  adv_std 0.136  tR +0.34  ent[s/d/p/e] 1.20/0.97/0.83/0.41  emits 2.12  spf 35.5  z0 0.04  garr 24.5  tG 322  e2 0.38  nF 26.4  pS 0.35  ptS 0.34  fLog 0.44  pdΔ -0.1537  pkR 18.09  clip 0.33  kl +0.031
upd  555  steps 18219008  sps 5973  opp rand  loss -0.030  pg -0.0187  v 0.006  ev +0.97  adv_std 0.125  tR +0.61  ent[s/d/p/e] 1.28/1.01/0.84/0.41  emits 2.20  spf 42.0  z0 0.03  garr 26.2  tG 338  e2 0.38  nF 26.0  pS 0.35  ptS 0.35  fLog 0.46  pdΔ -0.1454  pkR 17.44  clip 0.33  kl +0.031
upd  556  steps 18251776  sps 5974  opp frzn  loss -0.027  pg -0.0169  v 0.008  ev +0.96  adv_std 0.145  tR +0.34  ent[s/d/p/e] 1.20/0.95/0.83/0.41  emits 2.14  spf 34.4  z0 0.04  garr 23.7  tG 302  e2 0.38  nF 25.2  pS 0.34  ptS 0.33  fLog 0.44  pdΔ -0.1618  pkR 19.85  clip 0.33  kl +0.032
upd  557  steps 18284544  sps 5975  opp rand  loss -0.030  pg -0.0192  v 0.006  ev +0.97  adv_std 0.126  tR +0.50  ent[s/d/p/e] 1.20/0.96/0.82/0.41  emits 2.09  spf 39.3  z0 0.02  garr 25.8  tG 322  e2 0.37  nF 24.2  pS 0.34  ptS 0.33  fLog 0.46  pdΔ -0.1600  pkR 17.80  clip 0.32  kl +0.024
upd  558  steps 18317312  sps 5976  opp rand  loss -0.029  pg -0.0182  v 0.006  ev +0.96  adv_std 0.133  tR +0.43  ent[s/d/p/e] 1.25/0.98/0.85/0.41  emits 2.17  spf 46.9  z0 0.03  garr 27.8  tG 366  e2 0.39  nF 23.2  pS 0.37  ptS 0.35  fLog 0.47  pdΔ -0.1337  pkR 23.65  clip 0.32  kl +0.031
upd  559  steps 18350080  sps 5976  opp frzn  loss -0.029  pg -0.0187  v 0.007  ev +0.96  adv_std 0.137  tR +0.44  ent[s/d/p/e] 1.20/0.95/0.83/0.40  emits 2.19  spf 43.0  z0 0.05  garr 26.1  tG 350  e2 0.39  nF 27.0  pS 0.34  ptS 0.33  fLog 0.45  pdΔ -0.1574  pkR 28.75  clip 0.33  kl +0.031
upd  560  steps 18382848  sps 5977  opp rand  loss -0.029  pg -0.0185  v 0.006  ev +0.97  adv_std 0.132  tR +0.23  ent[s/d/p/e] 1.12/0.93/0.79/0.38  emits 1.99  spf 33.9  z0 0.05  garr 22.0  tG 276  e2 0.34  nF 25.3  pS 0.29  ptS 0.29  fLog 0.43  pdΔ -0.2059  pkR 31.10  clip 0.31  kl +0.024
upd  561  steps 18415616  sps 5978  opp rand  loss -0.030  pg -0.0193  v 0.007  ev +0.97  adv_std 0.136  tR +0.40  ent[s/d/p/e] 1.22/0.98/0.84/0.41  emits 2.10  spf 44.0  z0 0.04  garr 26.8  tG 347  e2 0.36  nF 24.9  pS 0.35  ptS 0.34  fLog 0.46  pdΔ -0.1531  pkR 22.36  clip 0.32  kl +0.027
upd  562  steps 18448384  sps 5978  opp frzn  loss -0.027  pg -0.0167  v 0.007  ev +0.97  adv_std 0.135  tR +0.39  ent[s/d/p/e] 1.17/0.97/0.82/0.40  emits 2.06  spf 54.2  z0 0.06  garr 26.9  tG 375  e2 0.36  nF 24.1  pS 0.33  ptS 0.32  fLog 0.46  pdΔ -0.1689  pkR 27.09  clip 0.32  kl +0.030
upd  563  steps 18481152  sps 5979  opp rand  loss -0.030  pg -0.0192  v 0.006  ev +0.97  adv_std 0.128  tR +0.50  ent[s/d/p/e] 1.18/0.93/0.81/0.40  emits 2.13  spf 40.1  z0 0.03  garr 25.4  tG 321  e2 0.38  nF 26.2  pS 0.34  ptS 0.33  fLog 0.45  pdΔ -0.1631  pkR 15.34  clip 0.32  kl +0.027
upd  564  steps 18513920  sps 5980  opp frzn  loss -0.028  pg -0.0178  v 0.007  ev +0.97  adv_std 0.133  tR +0.31  ent[s/d/p/e] 1.11/0.92/0.82/0.39  emits 2.14  spf 33.2  z0 0.05  garr 21.3  tG 264  e2 0.38  nF 27.5  pS 0.31  ptS 0.30  fLog 0.42  pdΔ -0.1919  pkR 26.14  clip 0.31  kl +0.032
upd  565  steps 18546688  sps 5980  opp frzn  loss -0.027  pg -0.0176  v 0.007  ev +0.96  adv_std 0.139  tR +0.09  ent[s/d/p/e] 1.05/0.91/0.79/0.37  emits 2.09  spf 27.7  z0 0.07  garr 18.3  tG 202  e2 0.37  nF 27.0  pS 0.27  ptS 0.26  fLog 0.41  pdΔ -0.2252  pkR 24.56  clip 0.30  kl +0.031
upd  566  steps 18579456  sps 5980  opp frzn  loss -0.026  pg -0.0171  v 0.009  ev +0.95  adv_std 0.154  tR +0.13  ent[s/d/p/e] 1.07/0.92/0.78/0.39  emits 1.97  spf 34.1  z0 0.07  garr 20.8  tG 257  e2 0.34  nF 24.9  pS 0.29  ptS 0.28  fLog 0.42  pdΔ -0.2076  pkR 22.69  clip 0.30  kl +0.031
upd  567  steps 18612224  sps 5981  opp rand  loss -0.030  pg -0.0194  v 0.006  ev +0.97  adv_std 0.134  tR +0.42  ent[s/d/p/e] 1.16/0.98/0.80/0.38  emits 2.18  spf 45.9  z0 0.03  garr 27.0  tG 355  e2 0.37  nF 26.2  pS 0.32  ptS 0.32  fLog 0.45  pdΔ -0.1752  pkR 20.87  clip 0.31  kl +0.027
upd  568  steps 18644992  sps 5982  opp rand  loss -0.029  pg -0.0185  v 0.007  ev +0.96  adv_std 0.141  tR +0.60  ent[s/d/p/e] 1.21/0.98/0.80/0.41  emits 2.13  spf 45.7  z0 0.01  garr 25.2  tG 309  e2 0.37  nF 25.0  pS 0.34  ptS 0.33  fLog 0.45  pdΔ -0.1645  pkR 25.39  clip 0.32  kl +0.025
upd  569  steps 18677760  sps 5983  opp frzn  loss -0.029  pg -0.0191  v 0.007  ev +0.96  adv_std 0.141  tR +0.33  ent[s/d/p/e] 1.16/0.95/0.80/0.40  emits 2.08  spf 32.9  z0 0.06  garr 21.1  tG 261  e2 0.37  nF 26.0  pS 0.32  ptS 0.32  fLog 0.43  pdΔ -0.1761  pkR 17.54  clip 0.31  kl +0.030
upd  570  steps 18710528  sps 5983  opp frzn  loss -0.028  pg -0.0178  v 0.006  ev +0.97  adv_std 0.132  tR +0.21  ent[s/d/p/e] 1.07/0.95/0.78/0.37  emits 1.97  spf 41.7  z0 0.06  garr 23.4  tG 309  e2 0.34  nF 25.2  pS 0.30  ptS 0.29  fLog 0.43  pdΔ -0.2005  pkR 31.61  clip 0.29  kl +0.027
upd  571  steps 18743296  sps 5983  opp frzn  loss -0.026  pg -0.0169  v 0.009  ev +0.95  adv_std 0.157  tR +0.08  ent[s/d/p/e] 1.01/0.89/0.77/0.36  emits 2.05  spf 27.2  z0 0.07  garr 17.9  tG 182  e2 0.35  nF 25.3  pS 0.26  ptS 0.25  fLog 0.41  pdΔ -0.2391  pkR 20.47  clip 0.31  kl +0.031
upd  572  steps 18776064  sps 5984  opp rand  loss -0.030  pg -0.0194  v 0.008  ev +0.96  adv_std 0.144  tR +0.22  ent[s/d/p/e] 1.20/1.01/0.82/0.40  emits 2.15  spf 48.9  z0 0.04  garr 27.2  tG 321  e2 0.37  nF 26.1  pS 0.33  ptS 0.32  fLog 0.47  pdΔ -0.1678  pkR 16.90  clip 0.31  kl +0.022
upd  573  steps 18808832  sps 5985  opp rand  loss -0.030  pg -0.0193  v 0.006  ev +0.97  adv_std 0.133  tR +0.55  ent[s/d/p/e] 1.20/0.99/0.82/0.41  emits 2.10  spf 53.0  z0 0.01  garr 30.7  tG 414  e2 0.37  nF 24.9  pS 0.34  ptS 0.34  fLog 0.46  pdΔ -0.1553  pkR 37.98  clip 0.31  kl +0.025
upd  574  steps 18841600  sps 5986  opp frzn  loss -0.030  pg -0.0198  v 0.007  ev +0.96  adv_std 0.137  tR +0.32  ent[s/d/p/e] 1.14/0.99/0.81/0.39  emits 2.16  spf 46.0  z0 0.05  garr 25.6  tG 331  e2 0.38  nF 24.7  pS 0.32  ptS 0.31  fLog 0.45  pdΔ -0.1769  pkR 42.44  clip 0.31  kl +0.026
upd  575  steps 18874368  sps 5987  opp rand  loss -0.030  pg -0.0199  v 0.008  ev +0.96  adv_std 0.144  tR +0.51  ent[s/d/p/e] 1.21/0.96/0.84/0.39  emits 2.32  spf 39.7  z0 0.02  garr 25.6  tG 317  e2 0.42  nF 26.5  pS 0.35  ptS 0.34  fLog 0.45  pdΔ -0.1466  pkR 19.79  clip 0.33  kl +0.028
upd  576  steps 18907136  sps 5987  opp rand  loss -0.032  pg -0.0206  v 0.006  ev +0.97  adv_std 0.130  tR +0.30  ent[s/d/p/e] 1.26/1.02/0.83/0.43  emits 2.02  spf 49.9  z0 0.03  garr 28.5  tG 379  e2 0.35  nF 23.6  pS 0.36  ptS 0.35  fLog 0.48  pdΔ -0.1449  pkR 16.52  clip 0.31  kl +0.025
upd  577  steps 18939904  sps 5988  opp rand  loss -0.033  pg -0.0216  v 0.006  ev +0.96  adv_std 0.130  tR +0.58  ent[s/d/p/e] 1.24/0.98/0.84/0.43  emits 2.10  spf 50.9  z0 0.02  garr 27.8  tG 366  e2 0.37  nF 24.9  pS 0.37  ptS 0.36  fLog 0.47  pdΔ -0.1253  pkR 20.24  clip 0.31  kl +0.026
upd  578  steps 18972672  sps 5989  opp rand  loss -0.032  pg -0.0207  v 0.006  ev +0.97  adv_std 0.125  tR +0.58  ent[s/d/p/e] 1.23/0.97/0.83/0.42  emits 2.16  spf 46.0  z0 0.02  garr 26.0  tG 345  e2 0.39  nF 27.0  pS 0.37  ptS 0.35  fLog 0.46  pdΔ -0.1346  pkR 16.62  clip 0.32  kl +0.027
upd  579  steps 19005440  sps 5990  opp rand  loss -0.030  pg -0.0194  v 0.006  ev +0.97  adv_std 0.125  tR +0.58  ent[s/d/p/e] 1.20/0.94/0.82/0.40  emits 2.08  spf 40.4  z0 0.03  garr 24.4  tG 315  e2 0.38  nF 27.5  pS 0.34  ptS 0.34  fLog 0.44  pdΔ -0.1563  pkR 24.28  clip 0.31  kl +0.022
upd  580  steps 19038208  sps 5991  opp rand  loss -0.031  pg -0.0206  v 0.006  ev +0.97  adv_std 0.128  tR +0.46  ent[s/d/p/e] 1.15/0.92/0.80/0.37  emits 2.11  spf 31.1  z0 0.02  garr 21.3  tG 252  e2 0.36  nF 27.4  pS 0.32  ptS 0.31  fLog 0.43  pdΔ -0.1793  pkR 18.66  clip 0.30  kl +0.027
upd  581  steps 19070976  sps 5992  opp rand  loss -0.031  pg -0.0202  v 0.006  ev +0.97  adv_std 0.125  tR +0.45  ent[s/d/p/e] 1.21/0.98/0.84/0.40  emits 2.23  spf 51.9  z0 0.01  garr 29.9  tG 389  e2 0.39  nF 26.0  pS 0.36  ptS 0.35  fLog 0.47  pdΔ -0.1383  pkR 18.82  clip 0.32  kl +0.026
upd  582  steps 19103744  sps 5993  opp rand  loss -0.030  pg -0.0196  v 0.006  ev +0.97  adv_std 0.128  tR +0.50  ent[s/d/p/e] 1.16/0.95/0.82/0.41  emits 2.16  spf 49.6  z0 0.02  garr 27.7  tG 353  e2 0.38  nF 25.6  pS 0.34  ptS 0.33  fLog 0.45  pdΔ -0.1587  pkR 22.65  clip 0.31  kl +0.027
upd  583  steps 19136512  sps 5994  opp rand  loss -0.030  pg -0.0194  v 0.006  ev +0.97  adv_std 0.128  tR +0.40  ent[s/d/p/e] 1.22/0.97/0.84/0.41  emits 2.25  spf 59.3  z0 0.02  garr 29.9  tG 397  e2 0.40  nF 27.6  pS 0.36  ptS 0.35  fLog 0.47  pdΔ -0.1426  pkR 25.02  clip 0.32  kl +0.027
upd  584  steps 19169280  sps 5994  opp frzn  loss -0.029  pg -0.0191  v 0.006  ev +0.97  adv_std 0.131  tR +0.29  ent[s/d/p/e] 1.14/0.99/0.79/0.39  emits 2.12  spf 48.3  z0 0.05  garr 24.1  tG 314  e2 0.37  nF 25.6  pS 0.32  ptS 0.31  fLog 0.46  pdΔ -0.1809  pkR 17.65  clip 0.31  kl +0.031
upd  585  steps 19202048  sps 5995  opp rand  loss -0.032  pg -0.0211  v 0.006  ev +0.97  adv_std 0.122  tR +0.18  ent[s/d/p/e] 1.23/1.02/0.85/0.42  emits 2.18  spf 51.5  z0 0.05  garr 27.8  tG 348  e2 0.38  nF 24.5  pS 0.35  ptS 0.34  fLog 0.48  pdΔ -0.1452  pkR 21.32  clip 0.30  kl +0.024
upd  586  steps 19234816  sps 5996  opp rand  loss -0.031  pg -0.0197  v 0.006  ev +0.96  adv_std 0.132  tR +0.57  ent[s/d/p/e] 1.24/0.98/0.86/0.41  emits 2.24  spf 54.3  z0 0.02  garr 30.0  tG 396  e2 0.39  nF 24.3  pS 0.38  ptS 0.37  fLog 0.48  pdΔ -0.1163  pkR 17.10  clip 0.32  kl +0.029
upd  587  steps 19267584  sps 5996  opp frzn  loss -0.030  pg -0.0192  v 0.007  ev +0.96  adv_std 0.134  tR +0.40  ent[s/d/p/e] 1.24/0.97/0.86/0.43  emits 2.22  spf 61.0  z0 0.05  garr 32.9  tG 453  e2 0.40  nF 24.7  pS 0.38  ptS 0.37  fLog 0.48  pdΔ -0.1190  pkR 20.86  clip 0.32  kl +0.029
upd  588  steps 19300352  sps 5997  opp rand  loss -0.032  pg -0.0205  v 0.006  ev +0.96  adv_std 0.125  tR +0.53  ent[s/d/p/e] 1.23/0.98/0.85/0.41  emits 2.18  spf 55.3  z0 0.02  garr 30.9  tG 408  e2 0.40  nF 23.9  pS 0.38  ptS 0.37  fLog 0.48  pdΔ -0.1151  pkR 19.05  clip 0.31  kl +0.024
upd  589  steps 19333120  sps 5997  opp frzn  loss -0.028  pg -0.0181  v 0.007  ev +0.96  adv_std 0.135  tR +0.34  ent[s/d/p/e] 1.14/0.96/0.81/0.39  emits 2.14  spf 44.1  z0 0.05  garr 23.7  tG 302  e2 0.38  nF 25.7  pS 0.31  ptS 0.31  fLog 0.44  pdΔ -0.1854  pkR 29.83  clip 0.31  kl +0.031
upd  590  steps 19365888  sps 5998  opp rand  loss -0.030  pg -0.0191  v 0.006  ev +0.97  adv_std 0.130  tR +0.47  ent[s/d/p/e] 1.19/0.97/0.83/0.38  emits 2.10  spf 45.1  z0 0.03  garr 26.9  tG 356  e2 0.37  nF 24.7  pS 0.35  ptS 0.35  fLog 0.46  pdΔ -0.1510  pkR 19.60  clip 0.31  kl +0.026
upd  591  steps 19398656  sps 5999  opp frzn  loss -0.028  pg -0.0184  v 0.007  ev +0.96  adv_std 0.138  tR +0.26  ent[s/d/p/e] 1.09/0.91/0.80/0.38  emits 2.11  spf 43.1  z0 0.05  garr 23.1  tG 289  e2 0.37  nF 27.1  pS 0.30  ptS 0.29  fLog 0.44  pdΔ -0.2037  pkR 32.79  clip 0.30  kl +0.031
upd  592  steps 19431424  sps 5999  opp frzn  loss -0.028  pg -0.0181  v 0.007  ev +0.96  adv_std 0.143  tR +0.25  ent[s/d/p/e] 1.14/0.97/0.81/0.39  emits 2.08  spf 39.9  z0 0.07  garr 23.2  tG 286  e2 0.36  nF 24.5  pS 0.32  ptS 0.31  fLog 0.45  pdΔ -0.1839  pkR 18.57  clip 0.29  kl +0.029
upd  593  steps 19464192  sps 6000  opp rand  loss -0.031  pg -0.0209  v 0.007  ev +0.96  adv_std 0.139  tR +0.40  ent[s/d/p/e] 1.14/0.98/0.81/0.39  emits 2.06  spf 44.7  z0 0.04  garr 26.9  tG 334  e2 0.36  nF 24.1  pS 0.32  ptS 0.31  fLog 0.46  pdΔ -0.1760  pkR 18.22  clip 0.30  kl +0.024
upd  594  steps 19496960  sps 6000  opp frzn  loss -0.029  pg -0.0189  v 0.007  ev +0.96  adv_std 0.136  tR +0.19  ent[s/d/p/e] 1.11/0.95/0.82/0.37  emits 2.16  spf 46.3  z0 0.06  garr 26.8  tG 359  e2 0.37  nF 24.3  pS 0.33  ptS 0.32  fLog 0.45  pdΔ -0.1676  pkR 19.73  clip 0.30  kl +0.026
upd  595  steps 19529728  sps 6001  opp rand  loss -0.030  pg -0.0197  v 0.006  ev +0.97  adv_std 0.132  tR +0.49  ent[s/d/p/e] 1.18/0.99/0.81/0.37  emits 2.21  spf 50.6  z0 0.03  garr 28.2  tG 363  e2 0.38  nF 28.2  pS 0.33  ptS 0.33  fLog 0.45  pdΔ -0.1670  pkR 26.35  clip 0.31  kl +0.025
upd  596  steps 19562496  sps 6002  opp rand  loss -0.030  pg -0.0197  v 0.006  ev +0.97  adv_std 0.130  tR +0.42  ent[s/d/p/e] 1.15/0.95/0.84/0.38  emits 2.15  spf 48.3  z0 0.02  garr 26.7  tG 320  e2 0.37  nF 25.5  pS 0.32  ptS 0.31  fLog 0.46  pdΔ -0.1804  pkR 19.56  clip 0.30  kl +0.023
upd  597  steps 19595264  sps 6003  opp rand  loss -0.031  pg -0.0205  v 0.006  ev +0.97  adv_std 0.128  tR +0.52  ent[s/d/p/e] 1.19/0.95/0.83/0.38  emits 2.22  spf 47.5  z0 0.02  garr 25.6  tG 323  e2 0.39  nF 25.5  pS 0.34  ptS 0.33  fLog 0.46  pdΔ -0.1577  pkR 21.00  clip 0.31  kl +0.024
upd  598  steps 19628032  sps 6004  opp rand  loss -0.029  pg -0.0184  v 0.006  ev +0.97  adv_std 0.129  tR +0.49  ent[s/d/p/e] 1.21/0.96/0.83/0.40  emits 2.13  spf 48.1  z0 0.02  garr 27.1  tG 362  e2 0.36  nF 25.5  pS 0.35  ptS 0.35  fLog 0.46  pdΔ -0.1484  pkR 16.40  clip 0.30  kl +0.025
upd  599  steps 19660800  sps 6004  opp frzn  loss -0.030  pg -0.0195  v 0.007  ev +0.96  adv_std 0.139  tR +0.41  ent[s/d/p/e] 1.18/0.94/0.84/0.40  emits 2.19  spf 41.9  z0 0.04  garr 24.9  tG 327  e2 0.39  nF 26.4  pS 0.34  ptS 0.33  fLog 0.44  pdΔ -0.1600  pkR 15.46  clip 0.31  kl +0.033 WRr 0.69 WRf 0.56
[ckpt] saved ./ckpt_multi_action_v11_f32/ckpt_000599.pkl
final eval win_rate vs random: 0.688
