[reward] kaggle-aligned: terminal +1 win/+1 tie>0/-1 loss/-1 double-wipeout; is_terminal at step >= episode_steps-2; SHAPING_SCALE=0.0; v1: KEEP_HOME=0.0 FLEET_SIZE=0.0/norm20.0; v2 (expert-replay calibrated): PROD_SHARE=0.0 PLANET_SHARE=0.0 FLEET_LOG=0.0/ref500.0/floor0.3; v3 (top10-2630ep calibrated): PROD_SHARE_DELTA=0.005 EMIT_LOG=0.0 EMIT_GATED=0.0 RELEASE=0.0/K20.0 CAPTURE=0.02; episode_steps=500 (kaggle=500, mismatch=False)
[curriculum] strong_ratio=0.2 frozen_ratio=0.3 strong_ckpt=./ckpt_multi_action_v11_f29/ckpt_000599.pkl
[buffer-curriculum] buffer_path=data/f40_mixed_states.npz buffer_reset_ratio=0.8 buffer_rollout_ratio=0.3
[gated-pool] seed_paths=./ckpt_multi_action_v11_f29/ckpt_000599.pkl snapshot_current=False
[resume] loaded params from ckpt_bc_f40/ckpt_final.pkl (step=4100)
[buffer-curriculum] loaded 2160 states from data/f40_mixed_states.npz
[shape-adapter] padded tensors:
  emit_head/fc1/kernel: (269, 64) -> (271, 64)
  encoder/global_proj/kernel: (17, 128) -> (18, 128)
  encoder/planet_proj/kernel: (28, 128) -> (33, 128)
[curriculum] shape-adapted strong opponent from ./ckpt_multi_action_v11_f29/ckpt_000599.pkl
[shape-adapter] padded tensors:
  emit_head/fc1/kernel: (269, 64) -> (271, 64)
  encoder/global_proj/kernel: (17, 128) -> (18, 128)
  encoder/planet_proj/kernel: (28, 128) -> (33, 128)
[gated-pool] shape-adapted seed opponent ./ckpt_multi_action_v11_f29/ckpt_000599.pkl
upd    0  steps   32768  sps 654  opp frzn  loss -0.107  pg -0.0000  v 0.036  ev +0.14  adv_std 0.223  tR +0.69  ent[s/d/p/e] 1.33/1.77/0.42/0.49  emits 1.88  spf 21.3  z0 0.00  garr 21.0  tG 185  e2 0.38  nF 28.3  pS 0.27  ptS 0.26  fLog 0.43  pdΔ -0.2274  pkR 16.95  clip 0.00  kl -0.000
upd    1  steps   65536  sps 1098  opp rand  loss -0.120  pg -0.0002  v 0.041  ev +0.29  adv_std 0.253  tR -0.07  ent[s/d/p/e] 1.71/1.88/0.49/0.45  emits 2.35  spf 23.1  z0 0.02  garr 22.1  tG 257  e2 0.47  nF 34.4  pS 0.35  ptS 0.35  fLog 0.45  pdΔ -0.1503  pkR 16.49  clip 0.00  kl +0.000
upd    2  steps   98304  sps 1605  opp rand  loss -0.109  pg -0.0002  v 0.038  ev +0.11  adv_std 0.255  tR +0.36  ent[s/d/p/e] 1.46/1.76/0.43/0.46  emits 2.02  spf 21.6  z0 0.04  garr 18.7  tG 191  e2 0.39  nF 30.0  pS 0.29  ptS 0.28  fLog 0.44  pdΔ -0.2146  pkR 26.37  clip 0.00  kl +0.000
upd    3  steps  131072  sps 2077  opp frzn  loss -0.117  pg -0.0000  v 0.028  ev +0.29  adv_std 0.228  tR -0.15  ent[s/d/p/e] 1.46/1.75/0.48/0.49  emits 1.94  spf 20.6  z0 0.02  garr 19.4  tG 177  e2 0.40  nF 29.8  pS 0.28  ptS 0.28  fLog 0.43  pdΔ -0.2211  pkR 23.82  clip 0.00  kl +0.000
upd    4  steps  163840  sps 2122  opp buf  loss -0.112  pg +0.0002  v 0.034  ev +0.05  adv_std 0.260  tR -0.19  ent[s/d/p/e] 1.65/1.67/0.41/0.42  emits 2.07  spf 26.9  z0 0.11  garr 20.5  tG 336  e2 0.38  nF 30.8  pS 0.30  ptS 0.29  fLog 0.45  pdΔ -0.2019  pkR 33.97  clip 0.00  kl +0.000
upd    5  steps  196608  sps 2495  opp rand  loss -0.115  pg -0.0002  v 0.027  ev +0.31  adv_std 0.230  tR +0.09  ent[s/d/p/e] 1.59/1.72/0.40/0.42  emits 1.99  spf 31.9  z0 0.06  garr 30.8  tG 688  e2 0.36  nF 29.8  pS 0.31  ptS 0.31  fLog 0.46  pdΔ -0.1863  pkR 28.78  clip 0.00  kl +0.000
upd    6  steps  229376  sps 2854  opp rand  loss -0.118  pg +0.0002  v 0.024  ev +0.23  adv_std 0.221  tR +0.04  ent[s/d/p/e] 1.49/1.80/0.45/0.47  emits 1.89  spf 18.6  z0 0.05  garr 16.5  tG 170  e2 0.37  nF 29.7  pS 0.28  ptS 0.28  fLog 0.42  pdΔ -0.2177  pkR 38.46  clip 0.00  kl +0.000
upd    7  steps  262144  sps 3186  opp strn  loss -0.121  pg +0.0002  v 0.020  ev +0.31  adv_std 0.203  tR -0.01  ent[s/d/p/e] 1.47/1.75/0.49/0.51  emits 1.89  spf 20.0  z0 0.02  garr 20.1  tG 182  e2 0.41  nF 29.2  pS 0.29  ptS 0.29  fLog 0.43  pdΔ -0.2132  pkR 22.16  clip 0.00  kl +0.000
upd    8  steps  294912  sps 3504  opp frzn  loss -0.134  pg -0.0001  v 0.015  ev +0.28  adv_std 0.174  tR -0.40  ent[s/d/p/e] 1.65/1.87/0.53/0.51  emits 2.07  spf 25.0  z0 0.01  garr 27.9  tG 299  e2 0.45  nF 30.8  pS 0.33  ptS 0.34  fLog 0.44  pdΔ -0.1725  pkR 19.30  clip 0.02  kl +0.002
upd    9  steps  327680  sps 3808  opp buf  loss -0.123  pg +0.0002  v 0.025  ev +0.32  adv_std 0.229  tR -0.09  ent[s/d/p/e] 1.74/1.76/0.43/0.45  emits 2.19  spf 31.1  z0 0.10  garr 27.2  tG 490  e2 0.43  nF 31.1  pS 0.34  ptS 0.33  fLog 0.47  pdΔ -0.1631  pkR 29.85  clip 0.00  kl +0.001
upd   10  steps  360448  sps 4099  opp buf  loss -0.127  pg -0.0001  v 0.023  ev +0.49  adv_std 0.222  tR +0.03  ent[s/d/p/e] 1.91/1.76/0.41/0.41  emits 2.24  spf 38.3  z0 0.14  garr 40.2  tG 991  e2 0.41  nF 31.3  pS 0.39  ptS 0.38  fLog 0.50  pdΔ -0.1068  pkR 15.69  clip 0.01  kl +0.001
upd   11  steps  393216  sps 4393  opp rand  loss -0.126  pg +0.0003  v 0.016  ev +0.63  adv_std 0.180  tR +0.19  ent[s/d/p/e] 1.72/1.76/0.40/0.43  emits 2.08  spf 32.4  z0 0.06  garr 32.3  tG 747  e2 0.39  nF 30.9  pS 0.33  ptS 0.33  fLog 0.47  pdΔ -0.1718  pkR 22.99  clip 0.01  kl +0.001
upd   12  steps  425984  sps 4660  opp strn  loss -0.130  pg +0.0003  v 0.013  ev +0.54  adv_std 0.162  tR +0.08  ent[s/d/p/e] 1.60/1.83/0.48/0.49  emits 1.93  spf 23.2  z0 0.03  garr 24.4  tG 329  e2 0.41  nF 30.5  pS 0.31  ptS 0.32  fLog 0.43  pdΔ -0.1884  pkR 37.24  clip 0.01  kl +0.002
upd   13  steps  458752  sps 4933  opp rand  loss -0.129  pg +0.0001  v 0.014  ev +0.57  adv_std 0.173  tR -0.17  ent[s/d/p/e] 1.55/1.84/0.47/0.50  emits 1.90  spf 21.5  z0 0.03  garr 20.1  tG 207  e2 0.40  nF 29.0  pS 0.30  ptS 0.30  fLog 0.43  pdΔ -0.1984  pkR 27.71  clip 0.01  kl +0.001
upd   14  steps  491520  sps 5181  opp buf  loss -0.133  pg +0.0006  v 0.015  ev +0.68  adv_std 0.180  tR +0.01  ent[s/d/p/e] 1.79/1.85/0.45/0.46  emits 2.15  spf 28.5  z0 0.09  garr 28.4  tG 504  e2 0.44  nF 32.4  pS 0.36  ptS 0.35  fLog 0.46  pdΔ -0.1375  pkR 23.25  clip 0.02  kl +0.002
upd   15  steps  524288  sps 5418  opp frzn  loss -0.131  pg +0.0004  v 0.013  ev +0.66  adv_std 0.164  tR +0.08  ent[s/d/p/e] 1.72/1.82/0.44/0.46  emits 2.05  spf 25.5  z0 0.05  garr 27.7  tG 533  e2 0.40  nF 32.8  pS 0.33  ptS 0.34  fLog 0.45  pdΔ -0.1683  pkR 21.75  clip 0.01  kl +0.002
upd   16  steps  557056  sps 5647  opp strn  loss -0.141  pg +0.0002  v 0.010  ev +0.61  adv_std 0.147  tR -0.16  ent[s/d/p/e] 1.73/1.91/0.53/0.53  emits 2.04  spf 24.4  z0 0.02  garr 27.9  tG 327  e2 0.47  nF 31.1  pS 0.35  ptS 0.35  fLog 0.45  pdΔ -0.1543  pkR 27.42  clip 0.02  kl +0.002
upd   17  steps  589824  sps 5867  opp buf  loss -0.136  pg +0.0003  v 0.015  ev +0.73  adv_std 0.178  tR -0.21  ent[s/d/p/e] 1.86/1.87/0.45/0.47  emits 2.12  spf 30.3  z0 0.11  garr 30.1  tG 581  e2 0.44  nF 30.7  pS 0.36  ptS 0.35  fLog 0.47  pdΔ -0.1386  pkR 28.23  clip 0.02  kl +0.001
upd   18  steps  622592  sps 6079  opp buf  loss -0.139  pg +0.0009  v 0.013  ev +0.84  adv_std 0.165  tR +0.03  ent[s/d/p/e] 2.00/1.90/0.40/0.43  emits 2.02  spf 41.4  z0 0.15  garr 46.0  tG 1244  e2 0.38  nF 30.6  pS 0.41  ptS 0.40  fLog 0.49  pdΔ -0.0908  pkR 22.60  clip 0.02  kl +0.002
upd   19  steps  655360  sps 6283  opp buf  loss -0.136  pg +0.0006  v 0.011  ev +0.86  adv_std 0.155  tR +0.03  ent[s/d/p/e] 1.92/1.85/0.40/0.44  emits 1.90  spf 38.7  z0 0.17  garr 40.5  tG 1126  e2 0.37  nF 28.7  pS 0.35  ptS 0.34  fLog 0.48  pdΔ -0.1487  pkR 43.76  clip 0.02  kl +0.002
upd   20  steps  688128  sps 6480  opp buf  loss -0.141  pg +0.0005  v 0.010  ev +0.89  adv_std 0.143  tR -0.01  ent[s/d/p/e] 1.97/1.90/0.41/0.44  emits 1.90  spf 34.4  z0 0.16  garr 41.0  tG 1086  e2 0.36  nF 28.9  pS 0.38  ptS 0.37  fLog 0.48  pdΔ -0.1243  pkR 16.26  clip 0.02  kl +0.002
upd   21  steps  720896  sps 6689  opp rand  loss -0.131  pg +0.0003  v 0.009  ev +0.86  adv_std 0.133  tR +0.08  ent[s/d/p/e] 1.68/1.83/0.41/0.46  emits 1.78  spf 29.5  z0 0.07  garr 36.8  tG 897  e2 0.34  nF 28.5  pS 0.32  ptS 0.32  fLog 0.45  pdΔ -0.1769  pkR 36.55  clip 0.02  kl +0.002
upd   22  steps  753664  sps 6891  opp rand  loss -0.137  pg +0.0004  v 0.008  ev +0.83  adv_std 0.132  tR +0.34  ent[s/d/p/e] 1.65/1.90/0.49/0.50  emits 1.83  spf 21.8  z0 0.04  garr 24.0  tG 351  e2 0.38  nF 30.6  pS 0.33  ptS 0.33  fLog 0.43  pdΔ -0.1684  pkR 41.52  clip 0.02  kl +0.003
upd   23  steps  786432  sps 7069  opp frzn  loss -0.135  pg +0.0007  v 0.009  ev +0.70  adv_std 0.137  tR +0.07  ent[s/d/p/e] 1.57/1.88/0.52/0.54  emits 1.79  spf 22.6  z0 0.02  garr 25.6  tG 267  e2 0.41  nF 29.3  pS 0.31  ptS 0.31  fLog 0.43  pdΔ -0.1860  pkR 14.77  clip 0.02  kl +0.002
upd   24  steps  819200  sps 7241  opp frzn  loss -0.143  pg -0.0004  v 0.009  ev +0.62  adv_std 0.140  tR -0.20  ent[s/d/p/e] 1.67/1.93/0.57/0.55  emits 1.86  spf 27.8  z0 0.01  garr 33.0  tG 360  e2 0.44  nF 29.0  pS 0.34  ptS 0.34  fLog 0.45  pdΔ -0.1611  pkR 11.90  clip 0.03  kl +0.003
upd   25  steps  851968  sps 7407  opp frzn  loss -0.138  pg +0.0006  v 0.010  ev +0.65  adv_std 0.142  tR -0.17  ent[s/d/p/e] 1.59/1.91/0.54/0.55  emits 1.82  spf 26.8  z0 0.00  garr 31.0  tG 330  e2 0.42  nF 29.2  pS 0.32  ptS 0.32  fLog 0.44  pdΔ -0.1848  pkR 12.68  clip 0.04  kl +0.004
upd   26  steps  884736  sps 7567  opp frzn  loss -0.144  pg +0.0005  v 0.009  ev +0.68  adv_std 0.134  tR -0.14  ent[s/d/p/e] 1.71/1.93/0.58/0.56  emits 1.93  spf 25.3  z0 0.01  garr 29.6  tG 308  e2 0.46  nF 30.2  pS 0.35  ptS 0.35  fLog 0.44  pdΔ -0.1538  pkR 10.54  clip 0.04  kl +0.003
upd   27  steps  917504  sps 7723  opp frzn  loss -0.147  pg +0.0004  v 0.008  ev +0.72  adv_std 0.130  tR -0.18  ent[s/d/p/e] 1.75/1.96/0.59/0.55  emits 1.93  spf 25.0  z0 0.01  garr 29.5  tG 340  e2 0.46  nF 30.6  pS 0.36  ptS 0.36  fLog 0.44  pdΔ -0.1391  pkR 12.10  clip 0.03  kl +0.003
upd   28  steps  950272  sps 7873  opp strn  loss -0.146  pg +0.0010  v 0.008  ev +0.68  adv_std 0.128  tR -0.46  ent[s/d/p/e] 1.75/1.95/0.61/0.56  emits 1.97  spf 26.1  z0 0.01  garr 29.9  tG 320  e2 0.48  nF 30.0  pS 0.36  ptS 0.36  fLog 0.45  pdΔ -0.1404  pkR 10.87  clip 0.03  kl +0.003
upd   29  steps  983040  sps 8019  opp buf  loss -0.144  pg +0.0013  v 0.009  ev +0.84  adv_std 0.137  tR -0.07  ent[s/d/p/e] 1.87/1.93/0.50/0.51  emits 2.07  spf 27.9  z0 0.09  garr 27.7  tG 496  e2 0.46  nF 31.5  pS 0.37  ptS 0.36  fLog 0.46  pdΔ -0.1304  pkR 33.40  clip 0.03  kl +0.003
upd   30  steps 1015808  sps 8161  opp buf  loss -0.142  pg +0.0020  v 0.008  ev +0.91  adv_std 0.130  tR +0.02  ent[s/d/p/e] 1.93/1.93/0.43/0.47  emits 1.85  spf 38.2  z0 0.16  garr 41.4  tG 1033  e2 0.38  nF 27.3  pS 0.37  ptS 0.36  fLog 0.48  pdΔ -0.1332  pkR 19.64  clip 0.05  kl +0.004
upd   31  steps 1048576  sps 8298  opp frzn  loss -0.141  pg +0.0010  v 0.005  ev +0.88  adv_std 0.107  tR +0.26  ent[s/d/p/e] 1.74/1.94/0.46/0.51  emits 1.86  spf 26.7  z0 0.05  garr 32.6  tG 700  e2 0.39  nF 30.1  pS 0.33  ptS 0.33  fLog 0.44  pdΔ -0.1703  pkR 27.88  clip 0.03  kl +0.002
upd   32  steps 1081344  sps 8431  opp buf  loss -0.147  pg +0.0014  v 0.007  ev +0.90  adv_std 0.119  tR -0.07  ent[s/d/p/e] 1.91/1.96/0.50/0.51  emits 1.98  spf 27.6  z0 0.11  garr 28.6  tG 552  e2 0.44  nF 30.7  pS 0.37  ptS 0.36  fLog 0.46  pdΔ -0.1302  pkR 19.79  clip 0.04  kl +0.004
upd   33  steps 1114112  sps 8581  opp rand  loss -0.141  pg +0.0016  v 0.007  ev +0.90  adv_std 0.117  tR +0.39  ent[s/d/p/e] 1.79/1.95/0.45/0.49  emits 1.87  spf 31.9  z0 0.05  garr 40.0  tG 929  e2 0.39  nF 28.3  pS 0.37  ptS 0.36  fLog 0.46  pdΔ -0.1321  pkR 18.54  clip 0.03  kl +0.003
upd   34  steps 1146880  sps 8706  opp frzn  loss -0.142  pg +0.0011  v 0.005  ev +0.87  adv_std 0.099  tR -0.03  ent[s/d/p/e] 1.66/1.89/0.57/0.56  emits 1.80  spf 24.2  z0 0.03  garr 28.9  tG 353  e2 0.43  nF 29.0  pS 0.33  ptS 0.33  fLog 0.43  pdΔ -0.1749  pkR 29.23  clip 0.04  kl +0.004
upd   35  steps 1179648  sps 8828  opp frzn  loss -0.142  pg +0.0010  v 0.007  ev +0.76  adv_std 0.123  tR -0.20  ent[s/d/p/e] 1.63/1.91/0.58/0.58  emits 1.76  spf 24.2  z0 0.01  garr 28.4  tG 296  e2 0.43  nF 28.1  pS 0.32  ptS 0.33  fLog 0.43  pdΔ -0.1751  pkR 12.32  clip 0.05  kl +0.004
upd   36  steps 1212416  sps 8967  opp rand  loss -0.137  pg +0.0005  v 0.006  ev +0.86  adv_std 0.108  tR +0.13  ent[s/d/p/e] 1.58/1.86/0.53/0.54  emits 1.74  spf 21.2  z0 0.03  garr 21.7  tG 247  e2 0.40  nF 27.8  pS 0.30  ptS 0.30  fLog 0.41  pdΔ -0.1976  pkR 17.91  clip 0.05  kl +0.004
upd   37  steps 1245184  sps 9083  opp frzn  loss -0.136  pg +0.0016  v 0.005  ev +0.86  adv_std 0.100  tR +0.00  ent[s/d/p/e] 1.51/1.88/0.53/0.57  emits 1.72  spf 20.7  z0 0.02  garr 22.8  tG 244  e2 0.39  nF 30.8  pS 0.28  ptS 0.28  fLog 0.40  pdΔ -0.2194  pkR 16.33  clip 0.05  kl +0.004
upd   38  steps 1277952  sps 9195  opp frzn  loss -0.139  pg +0.0023  v 0.006  ev +0.82  adv_std 0.112  tR -0.32  ent[s/d/p/e] 1.62/1.85/0.58/0.56  emits 1.88  spf 23.7  z0 0.01  garr 26.8  tG 276  e2 0.45  nF 31.2  pS 0.31  ptS 0.32  fLog 0.42  pdΔ -0.1900  pkR 14.17  clip 0.04  kl +0.004
upd   39  steps 1310720  sps 9304  opp frzn  loss -0.147  pg +0.0023  v 0.006  ev +0.78  adv_std 0.111  tR -0.38  ent[s/d/p/e] 1.76/1.93/0.61/0.57  emits 1.98  spf 28.5  z0 0.01  garr 34.8  tG 395  e2 0.50  nF 31.1  pS 0.37  ptS 0.37  fLog 0.44  pdΔ -0.1335  pkR 11.55  clip 0.06  kl +0.004
upd   40  steps 1343488  sps 9430  opp rand  loss -0.138  pg +0.0015  v 0.005  ev +0.88  adv_std 0.107  tR +0.06  ent[s/d/p/e] 1.61/1.86/0.55/0.55  emits 1.81  spf 23.5  z0 0.03  garr 25.3  tG 290  e2 0.43  nF 27.6  pS 0.32  ptS 0.32  fLog 0.42  pdΔ -0.1821  pkR 23.28  clip 0.05  kl +0.004
upd   41  steps 1376256  sps 9534  opp buf  loss -0.145  pg +0.0013  v 0.006  ev +0.91  adv_std 0.109  tR +0.00  ent[s/d/p/e] 1.76/1.99/0.50/0.55  emits 1.83  spf 25.5  z0 0.08  garr 27.8  tG 478  e2 0.42  nF 28.9  pS 0.34  ptS 0.33  fLog 0.44  pdΔ -0.1634  pkR 25.61  clip 0.06  kl +0.006
upd   42  steps 1409024  sps 9635  opp buf  loss -0.150  pg +0.0021  v 0.006  ev +0.93  adv_std 0.113  tR +0.17  ent[s/d/p/e] 2.00/2.04/0.46/0.50  emits 1.90  spf 35.8  z0 0.11  garr 46.1  tG 1194  e2 0.41  nF 29.2  pS 0.40  ptS 0.39  fLog 0.47  pdΔ -0.1009  pkR 13.71  clip 0.06  kl +0.005
upd   43  steps 1441792  sps 9733  opp buf  loss -0.150  pg +0.0026  v 0.005  ev +0.95  adv_std 0.100  tR +0.06  ent[s/d/p/e] 2.04/2.02/0.45/0.50  emits 1.83  spf 34.1  z0 0.14  garr 46.2  tG 1245  e2 0.41  nF 28.9  pS 0.40  ptS 0.39  fLog 0.48  pdΔ -0.0991  pkR 13.26  clip 0.06  kl +0.005
upd   44  steps 1474560  sps 9849  opp rand  loss -0.136  pg +0.0026  v 0.004  ev +0.94  adv_std 0.088  tR +0.19  ent[s/d/p/e] 1.69/1.88/0.44/0.52  emits 1.70  spf 27.5  z0 0.07  garr 36.1  tG 797  e2 0.37  nF 26.6  pS 0.33  ptS 0.33  fLog 0.44  pdΔ -0.1727  pkR 18.83  clip 0.05  kl +0.004
upd   45  steps 1507328  sps 9942  opp strn  loss -0.137  pg +0.0013  v 0.004  ev +0.91  adv_std 0.085  tR -0.15  ent[s/d/p/e] 1.54/1.82/0.55/0.58  emits 1.75  spf 20.9  z0 0.04  garr 24.0  tG 262  e2 0.43  nF 28.5  pS 0.27  ptS 0.28  fLog 0.41  pdΔ -0.2251  pkR 39.47  clip 0.04  kl +0.004
upd   46  steps 1540096  sps 10033  opp frzn  loss -0.144  pg +0.0011  v 0.007  ev +0.81  adv_std 0.116  tR -0.37  ent[s/d/p/e] 1.69/1.89/0.57/0.58  emits 1.87  spf 24.1  z0 0.01  garr 28.0  tG 317  e2 0.47  nF 30.8  pS 0.35  ptS 0.35  fLog 0.42  pdΔ -0.1544  pkR 18.96  clip 0.05  kl +0.003
upd   47  steps 1572864  sps 10142  opp rand  loss -0.140  pg +0.0015  v 0.005  ev +0.90  adv_std 0.100  tR +0.15  ent[s/d/p/e] 1.64/1.85/0.56/0.57  emits 1.75  spf 23.2  z0 0.03  garr 26.4  tG 318  e2 0.42  nF 28.3  pS 0.33  ptS 0.33  fLog 0.42  pdΔ -0.1720  pkR 27.86  clip 0.07  kl +0.005
upd   48  steps 1605632  sps 10228  opp strn  loss -0.141  pg +0.0016  v 0.004  ev +0.88  adv_std 0.089  tR -0.13  ent[s/d/p/e] 1.61/1.82/0.58/0.59  emits 1.83  spf 22.3  z0 0.02  garr 24.7  tG 251  e2 0.47  nF 29.1  pS 0.31  ptS 0.31  fLog 0.42  pdΔ -0.1864  pkR 10.39  clip 0.07  kl +0.007
upd   49  steps 1638400  sps 10332  opp rand  loss -0.139  pg +0.0017  v 0.006  ev +0.86  adv_std 0.111  tR -0.11  ent[s/d/p/e] 1.62/1.86/0.54/0.58  emits 1.80  spf 21.6  z0 0.03  garr 23.3  tG 250  e2 0.44  nF 28.6  pS 0.31  ptS 0.31  fLog 0.42  pdΔ -0.1888  pkR 15.35  clip 0.05  kl +0.005 WRr 0.53 WRf 0.34
upd   50  steps 1671168  sps 9299  opp buf  loss -0.153  pg +0.0018  v 0.005  ev +0.93  adv_std 0.100  tR +0.05  ent[s/d/p/e] 1.92/2.03/0.54/0.56  emits 1.86  spf 29.7  z0 0.09  garr 35.6  tG 643  e2 0.45  nF 28.4  pS 0.39  ptS 0.38  fLog 0.46  pdΔ -0.1087  pkR 15.79  clip 0.06  kl +0.005
upd   51  steps 1703936  sps 9383  opp frzn  loss -0.146  pg +0.0021  v 0.004  ev +0.91  adv_std 0.091  tR +0.24  ent[s/d/p/e] 1.76/1.99/0.50/0.55  emits 1.85  spf 26.8  z0 0.03  garr 34.2  tG 702  e2 0.43  nF 30.6  pS 0.35  ptS 0.34  fLog 0.44  pdΔ -0.1548  pkR 17.35  clip 0.05  kl +0.003
upd   52  steps 1736704  sps 9465  opp frzn  loss -0.149  pg +0.0014  v 0.004  ev +0.88  adv_std 0.089  tR -0.20  ent[s/d/p/e] 1.73/1.92/0.63/0.59  emits 1.89  spf 25.6  z0 0.01  garr 31.8  tG 440  e2 0.49  nF 30.5  pS 0.34  ptS 0.34  fLog 0.43  pdΔ -0.1562  pkR 32.71  clip 0.05  kl +0.004
upd   53  steps 1769472  sps 9546  opp frzn  loss -0.140  pg +0.0014  v 0.006  ev +0.79  adv_std 0.114  tR -0.38  ent[s/d/p/e] 1.59/1.85/0.59/0.59  emits 1.78  spf 23.0  z0 0.01  garr 26.2  tG 273  e2 0.44  nF 28.2  pS 0.32  ptS 0.32  fLog 0.42  pdΔ -0.1795  pkR 16.25  clip 0.08  kl +0.007
upd   54  steps 1802240  sps 9625  opp frzn  loss -0.147  pg +0.0017  v 0.005  ev +0.86  adv_std 0.097  tR -0.16  ent[s/d/p/e] 1.70/1.92/0.61/0.60  emits 1.83  spf 24.3  z0 0.01  garr 29.0  tG 318  e2 0.46  nF 30.0  pS 0.35  ptS 0.35  fLog 0.43  pdΔ -0.1487  pkR 11.20  clip 0.07  kl +0.006
upd   55  steps 1835008  sps 9701  opp frzn  loss -0.149  pg +0.0018  v 0.006  ev +0.83  adv_std 0.108  tR -0.18  ent[s/d/p/e] 1.71/2.00/0.61/0.61  emits 1.75  spf 28.8  z0 0.01  garr 36.2  tG 426  e2 0.43  nF 28.7  pS 0.37  ptS 0.36  fLog 0.44  pdΔ -0.1336  pkR 11.39  clip 0.04  kl +0.005
upd   56  steps 1867776  sps 9777  opp frzn  loss -0.154  pg +0.0019  v 0.005  ev +0.84  adv_std 0.100  tR +0.00  ent[s/d/p/e] 1.80/2.00/0.65/0.61  emits 1.85  spf 30.8  z0 0.00  garr 40.0  tG 484  e2 0.47  nF 29.2  pS 0.39  ptS 0.39  fLog 0.44  pdΔ -0.1142  pkR 12.08  clip 0.07  kl +0.007
upd   57  steps 1900544  sps 9851  opp frzn  loss -0.146  pg +0.0012  v 0.005  ev +0.85  adv_std 0.101  tR -0.17  ent[s/d/p/e] 1.67/1.91/0.62/0.60  emits 1.79  spf 27.4  z0 0.01  garr 34.1  tG 381  e2 0.45  nF 28.5  pS 0.35  ptS 0.35  fLog 0.43  pdΔ -0.1500  pkR 9.90  clip 0.07  kl +0.005
upd   58  steps 1933312  sps 9924  opp frzn  loss -0.147  pg +0.0014  v 0.005  ev +0.83  adv_std 0.101  tR -0.20  ent[s/d/p/e] 1.67/1.92/0.63/0.60  emits 1.77  spf 25.9  z0 0.01  garr 31.6  tG 358  e2 0.44  nF 29.8  pS 0.34  ptS 0.34  fLog 0.42  pdΔ -0.1600  pkR 14.33  clip 0.07  kl +0.006
upd   59  steps 1966080  sps 9996  opp strn  loss -0.147  pg +0.0012  v 0.005  ev +0.84  adv_std 0.099  tR -0.42  ent[s/d/p/e] 1.65/1.91/0.66/0.61  emits 1.79  spf 25.9  z0 0.01  garr 31.0  tG 330  e2 0.45  nF 28.8  pS 0.33  ptS 0.33  fLog 0.42  pdΔ -0.1711  pkR 17.15  clip 0.06  kl +0.006
upd   60  steps 1998848  sps 10081  opp rand  loss -0.138  pg +0.0019  v 0.004  ev +0.90  adv_std 0.096  tR -0.09  ent[s/d/p/e] 1.53/1.84/0.58/0.58  emits 1.66  spf 21.0  z0 0.03  garr 24.5  tG 276  e2 0.39  nF 28.5  pS 0.29  ptS 0.29  fLog 0.40  pdΔ -0.2075  pkR 14.75  clip 0.06  kl +0.005
upd   61  steps 2031616  sps 10150  opp buf  loss -0.149  pg +0.0018  v 0.004  ev +0.94  adv_std 0.094  tR -0.11  ent[s/d/p/e] 1.76/2.01/0.57/0.58  emits 1.71  spf 25.9  z0 0.09  garr 31.2  tG 509  e2 0.42  nF 28.0  pS 0.34  ptS 0.33  fLog 0.43  pdΔ -0.1603  pkR 23.00  clip 0.07  kl +0.006
upd   62  steps 2064384  sps 10218  opp strn  loss -0.143  pg +0.0019  v 0.003  ev +0.95  adv_std 0.078  tR +0.15  ent[s/d/p/e] 1.64/1.94/0.55/0.56  emits 1.70  spf 24.5  z0 0.04  garr 34.3  tG 677  e2 0.39  nF 29.1  pS 0.32  ptS 0.32  fLog 0.41  pdΔ -0.1823  pkR 18.01  clip 0.06  kl +0.006
upd   63  steps 2097152  sps 10284  opp strn  loss -0.146  pg +0.0016  v 0.003  ev +0.92  adv_std 0.079  tR -0.20  ent[s/d/p/e] 1.65/1.86/0.65/0.61  emits 1.82  spf 23.6  z0 0.02  garr 29.4  tG 327  e2 0.47  nF 31.3  pS 0.31  ptS 0.32  fLog 0.41  pdΔ -0.1879  pkR 23.62  clip 0.07  kl +0.006
upd   64  steps 2129920  sps 10349  opp frzn  loss -0.140  pg +0.0024  v 0.005  ev +0.86  adv_std 0.102  tR -0.38  ent[s/d/p/e] 1.55/1.89/0.61/0.59  emits 1.72  spf 25.1  z0 0.01  garr 31.5  tG 340  e2 0.42  nF 28.9  pS 0.31  ptS 0.31  fLog 0.41  pdΔ -0.1924  pkR 10.31  clip 0.05  kl +0.005
upd   65  steps 2162688  sps 10413  opp buf  loss -0.150  pg +0.0026  v 0.005  ev +0.93  adv_std 0.097  tR -0.02  ent[s/d/p/e] 1.79/2.00/0.59/0.58  emits 1.74  spf 27.1  z0 0.09  garr 31.8  tG 509  e2 0.43  nF 29.6  pS 0.34  ptS 0.34  fLog 0.43  pdΔ -0.1610  pkR 18.86  clip 0.07  kl +0.006
upd   66  steps 2195456  sps 10491  opp rand  loss -0.141  pg +0.0022  v 0.004  ev +0.95  adv_std 0.085  tR -0.08  ent[s/d/p/e] 1.69/1.92/0.50/0.55  emits 1.61  spf 27.9  z0 0.08  garr 35.7  tG 792  e2 0.36  nF 26.9  pS 0.32  ptS 0.32  fLog 0.42  pdΔ -0.1788  pkR 16.88  clip 0.06  kl +0.005
upd   67  steps 2228224  sps 10553  opp frzn  loss -0.145  pg +0.0014  v 0.003  ev +0.94  adv_std 0.073  tR +0.25  ent[s/d/p/e] 1.63/1.86/0.63/0.60  emits 1.72  spf 23.0  z0 0.02  garr 30.3  tG 438  e2 0.43  nF 29.8  pS 0.33  ptS 0.33  fLog 0.41  pdΔ -0.1656  pkR 29.04  clip 0.05  kl +0.004
upd   68  steps 2260992  sps 10614  opp frzn  loss -0.148  pg +0.0008  v 0.004  ev +0.87  adv_std 0.094  tR -0.42  ent[s/d/p/e] 1.66/1.90/0.65/0.61  emits 1.81  spf 22.1  z0 0.01  garr 27.1  tG 299  e2 0.45  nF 30.3  pS 0.33  ptS 0.34  fLog 0.41  pdΔ -0.1678  pkR 13.41  clip 0.05  kl +0.005
upd   69  steps 2293760  sps 10673  opp buf  loss -0.151  pg +0.0023  v 0.004  ev +0.94  adv_std 0.094  tR -0.10  ent[s/d/p/e] 1.83/1.98/0.59/0.57  emits 1.80  spf 28.2  z0 0.08  garr 33.4  tG 569  e2 0.45  nF 29.9  pS 0.36  ptS 0.36  fLog 0.43  pdΔ -0.1385  pkR 19.59  clip 0.08  kl +0.006
upd   70  steps 2326528  sps 10732  opp buf  loss -0.158  pg +0.0023  v 0.004  ev +0.96  adv_std 0.086  tR -0.03  ent[s/d/p/e] 2.02/2.17/0.52/0.54  emits 1.71  spf 31.4  z0 0.15  garr 45.9  tG 1147  e2 0.39  nF 28.8  pS 0.39  ptS 0.38  fLog 0.45  pdΔ -0.1084  pkR 12.08  clip 0.08  kl +0.007
upd   71  steps 2359296  sps 10789  opp frzn  loss -0.149  pg +0.0021  v 0.002  ev +0.96  adv_std 0.069  tR +0.12  ent[s/d/p/e] 1.77/2.05/0.53/0.55  emits 1.66  spf 25.4  z0 0.05  garr 36.7  tG 824  e2 0.37  nF 30.5  pS 0.34  ptS 0.34  fLog 0.41  pdΔ -0.1616  pkR 15.90  clip 0.06  kl +0.006
upd   72  steps 2392064  sps 10845  opp frzn  loss -0.154  pg +0.0020  v 0.003  ev +0.92  adv_std 0.083  tR -0.09  ent[s/d/p/e] 1.79/1.98/0.67/0.60  emits 1.73  spf 30.9  z0 0.01  garr 42.3  tG 590  e2 0.43  nF 27.9  pS 0.39  ptS 0.39  fLog 0.44  pdΔ -0.1120  pkR 18.03  clip 0.04  kl +0.004
upd   73  steps 2424832  sps 10901  opp strn  loss -0.148  pg +0.0012  v 0.005  ev +0.85  adv_std 0.099  tR -0.17  ent[s/d/p/e] 1.66/1.92/0.67/0.61  emits 1.69  spf 28.7  z0 0.01  garr 35.8  tG 402  e2 0.41  nF 27.5  pS 0.34  ptS 0.34  fLog 0.42  pdΔ -0.1591  pkR 10.11  clip 0.06  kl +0.006
upd   74  steps 2457600  sps 10970  opp rand  loss -0.152  pg +0.0012  v 0.004  ev +0.92  adv_std 0.092  tR +0.15  ent[s/d/p/e] 1.73/1.98/0.65/0.61  emits 1.71  spf 24.4  z0 0.02  garr 31.6  tG 386  e2 0.42  nF 29.1  pS 0.37  ptS 0.36  fLog 0.42  pdΔ -0.1318  pkR 12.08  clip 0.05  kl +0.004
upd   75  steps 2490368  sps 11024  opp strn  loss -0.151  pg +0.0023  v 0.003  ev +0.93  adv_std 0.073  tR +0.35  ent[s/d/p/e] 1.70/1.96/0.68/0.61  emits 1.71  spf 25.9  z0 0.01  garr 34.4  tG 412  e2 0.42  nF 29.1  pS 0.36  ptS 0.36  fLog 0.42  pdΔ -0.1409  pkR 13.69  clip 0.07  kl +0.006
upd   76  steps 2523136  sps 11077  opp strn  loss -0.154  pg +0.0025  v 0.005  ev +0.87  adv_std 0.097  tR -0.18  ent[s/d/p/e] 1.77/2.02/0.70/0.62  emits 1.76  spf 27.2  z0 0.01  garr 32.4  tG 372  e2 0.44  nF 28.8  pS 0.36  ptS 0.37  fLog 0.43  pdΔ -0.1353  pkR 13.97  clip 0.05  kl +0.004
upd   77  steps 2555904  sps 11129  opp frzn  loss -0.151  pg +0.0016  v 0.004  ev +0.86  adv_std 0.094  tR -0.26  ent[s/d/p/e] 1.72/1.93/0.70/0.61  emits 1.76  spf 25.2  z0 0.01  garr 30.1  tG 324  e2 0.43  nF 29.5  pS 0.35  ptS 0.35  fLog 0.41  pdΔ -0.1490  pkR 10.30  clip 0.07  kl +0.005
upd   78  steps 2588672  sps 11180  opp strn  loss -0.150  pg +0.0025  v 0.005  ev +0.86  adv_std 0.099  tR -0.15  ent[s/d/p/e] 1.70/1.94/0.70/0.61  emits 1.72  spf 26.2  z0 0.01  garr 31.8  tG 360  e2 0.42  nF 28.2  pS 0.35  ptS 0.35  fLog 0.42  pdΔ -0.1464  pkR 13.63  clip 0.05  kl +0.004
upd   79  steps 2621440  sps 11230  opp buf  loss -0.155  pg +0.0020  v 0.004  ev +0.94  adv_std 0.092  tR -0.13  ent[s/d/p/e] 1.78/2.06/0.65/0.60  emits 1.65  spf 24.3  z0 0.09  garr 27.7  tG 442  e2 0.39  nF 28.7  pS 0.34  ptS 0.33  fLog 0.42  pdΔ -0.1638  pkR 25.68  clip 0.05  kl +0.003
upd   80  steps 2654208  sps 11294  opp rand  loss -0.144  pg +0.0009  v 0.002  ev +0.96  adv_std 0.071  tR +0.05  ent[s/d/p/e] 1.65/1.92/0.57/0.55  emits 1.55  spf 25.8  z0 0.05  garr 33.7  tG 727  e2 0.34  nF 28.1  pS 0.30  ptS 0.31  fLog 0.40  pdΔ -0.1971  pkR 34.43  clip 0.06  kl +0.005
upd   81  steps 2686976  sps 11343  opp strn  loss -0.142  pg +0.0015  v 0.002  ev +0.95  adv_std 0.071  tR -0.05  ent[s/d/p/e] 1.52/1.87/0.65/0.60  emits 1.54  spf 21.6  z0 0.04  garr 27.0  tG 353  e2 0.36  nF 27.3  pS 0.29  ptS 0.29  fLog 0.39  pdΔ -0.2057  pkR 38.53  clip 0.04  kl +0.004
upd   82  steps 2719744  sps 11390  opp frzn  loss -0.155  pg +0.0018  v 0.004  ev +0.88  adv_std 0.089  tR -0.20  ent[s/d/p/e] 1.77/1.95/0.74/0.61  emits 1.64  spf 27.3  z0 0.01  garr 34.4  tG 387  e2 0.41  nF 27.0  pS 0.37  ptS 0.38  fLog 0.43  pdΔ -0.1252  pkR 8.63  clip 0.04  kl +0.003
upd   83  steps 2752512  sps 11437  opp buf  loss -0.162  pg +0.0027  v 0.005  ev +0.94  adv_std 0.098  tR +0.05  ent[s/d/p/e] 1.98/2.16/0.66/0.58  emits 1.74  spf 31.2  z0 0.05  garr 42.7  tG 836  e2 0.42  nF 28.3  pS 0.42  ptS 0.41  fLog 0.45  pdΔ -0.0849  pkR 20.58  clip 0.06  kl +0.005
upd   84  steps 2785280  sps 11484  opp frzn  loss -0.152  pg +0.0012  v 0.002  ev +0.96  adv_std 0.070  tR +0.29  ent[s/d/p/e] 1.71/2.04/0.62/0.57  emits 1.55  spf 27.2  z0 0.04  garr 39.8  tG 894  e2 0.35  nF 29.9  pS 0.33  ptS 0.33  fLog 0.41  pdΔ -0.1667  pkR 13.67  clip 0.05  kl +0.004
upd   85  steps 2818048  sps 11529  opp buf  loss -0.163  pg +0.0013  v 0.003  ev +0.97  adv_std 0.074  tR -0.08  ent[s/d/p/e] 1.90/2.12/0.69/0.60  emits 1.57  spf 29.5  z0 0.08  garr 39.6  tG 710  e2 0.38  nF 27.3  pS 0.39  ptS 0.38  fLog 0.44  pdΔ -0.1120  pkR 17.20  clip 0.05  kl +0.005
upd   86  steps 2850816  sps 11574  opp strn  loss -0.152  pg +0.0014  v 0.003  ev +0.94  adv_std 0.073  tR +0.21  ent[s/d/p/e] 1.76/2.00/0.64/0.58  emits 1.60  spf 25.7  z0 0.03  garr 37.1  tG 699  e2 0.37  nF 27.8  pS 0.35  ptS 0.35  fLog 0.42  pdΔ -0.1540  pkR 15.64  clip 0.05  kl +0.004
upd   87  steps 2883584  sps 11618  opp strn  loss -0.156  pg +0.0010  v 0.003  ev +0.91  adv_std 0.079  tR -0.05  ent[s/d/p/e] 1.76/1.98/0.73/0.62  emits 1.64  spf 28.8  z0 0.01  garr 38.5  tG 496  e2 0.41  nF 27.3  pS 0.36  ptS 0.37  fLog 0.42  pdΔ -0.1409  pkR 18.42  clip 0.04  kl +0.004
upd   88  steps 2916352  sps 11662  opp buf  loss -0.156  pg +0.0019  v 0.004  ev +0.93  adv_std 0.092  tR -0.08  ent[s/d/p/e] 1.81/2.09/0.65/0.59  emits 1.58  spf 28.0  z0 0.07  garr 38.1  tG 684  e2 0.38  nF 26.1  pS 0.36  ptS 0.35  fLog 0.43  pdΔ -0.1401  pkR 18.48  clip 0.06  kl +0.005
upd   89  steps 2949120  sps 11705  opp strn  loss -0.153  pg +0.0016  v 0.002  ev +0.95  adv_std 0.072  tR +0.05  ent[s/d/p/e] 1.74/2.07/0.63/0.58  emits 1.51  spf 28.5  z0 0.05  garr 43.0  tG 916  e2 0.34  nF 27.1  pS 0.35  ptS 0.35  fLog 0.41  pdΔ -0.1470  pkR 18.98  clip 0.06  kl +0.006
upd   90  steps 2981888  sps 11747  opp buf  loss -0.163  pg +0.0012  v 0.003  ev +0.96  adv_std 0.073  tR +0.03  ent[s/d/p/e] 1.92/2.14/0.68/0.58  emits 1.53  spf 32.1  z0 0.06  garr 47.2  tG 926  e2 0.35  nF 27.1  pS 0.41  ptS 0.41  fLog 0.44  pdΔ -0.0859  pkR 15.09  clip 0.06  kl +0.005
upd   91  steps 3014656  sps 11789  opp buf  loss -0.163  pg +0.0017  v 0.003  ev +0.97  adv_std 0.074  tR +0.03  ent[s/d/p/e] 1.96/2.22/0.61/0.56  emits 1.44  spf 33.1  z0 0.11  garr 47.8  tG 1198  e2 0.32  nF 26.2  pS 0.39  ptS 0.38  fLog 0.44  pdΔ -0.1131  pkR 11.56  clip 0.07  kl +0.005
upd   92  steps 3047424  sps 11830  opp strn  loss -0.157  pg +0.0013  v 0.001  ev +0.97  adv_std 0.057  tR +0.15  ent[s/d/p/e] 1.80/2.12/0.62/0.57  emits 1.48  spf 30.5  z0 0.06  garr 45.7  tG 1088  e2 0.33  nF 27.2  pS 0.35  ptS 0.35  fLog 0.42  pdΔ -0.1480  pkR 13.77  clip 0.04  kl +0.004
upd   93  steps 3080192  sps 11870  opp buf  loss -0.160  pg +0.0019  v 0.002  ev +0.97  adv_std 0.070  tR +0.02  ent[s/d/p/e] 1.89/2.11/0.68/0.58  emits 1.49  spf 33.1  z0 0.09  garr 46.5  tG 904  e2 0.35  nF 25.6  pS 0.39  ptS 0.39  fLog 0.44  pdΔ -0.1083  pkR 15.08  clip 0.05  kl +0.005
upd   94  steps 3112960  sps 11910  opp frzn  loss -0.149  pg +0.0013  v 0.002  ev +0.96  adv_std 0.068  tR +0.33  ent[s/d/p/e] 1.67/1.99/0.62/0.57  emits 1.50  spf 25.5  z0 0.04  garr 40.6  tG 830  e2 0.33  nF 27.7  pS 0.34  ptS 0.34  fLog 0.40  pdΔ -0.1638  pkR 15.58  clip 0.04  kl +0.003
upd   95  steps 3145728  sps 11950  opp frzn  loss -0.158  pg +0.0013  v 0.003  ev +0.92  adv_std 0.075  tR -0.23  ent[s/d/p/e] 1.78/2.01/0.75/0.62  emits 1.60  spf 28.8  z0 0.02  garr 38.6  tG 449  e2 0.39  nF 26.6  pS 0.37  ptS 0.37  fLog 0.42  pdΔ -0.1347  pkR 10.45  clip 0.06  kl +0.004
upd   96  steps 3178496  sps 11988  opp frzn  loss -0.143  pg +0.0010  v 0.005  ev +0.83  adv_std 0.109  tR -0.64  ent[s/d/p/e] 1.53/1.84/0.71/0.60  emits 1.60  spf 24.3  z0 0.01  garr 30.9  tG 328  e2 0.38  nF 26.9  pS 0.31  ptS 0.31  fLog 0.40  pdΔ -0.1892  pkR 10.53  clip 0.04  kl +0.004
upd   97  steps 3211264  sps 12026  opp frzn  loss -0.154  pg +0.0007  v 0.004  ev +0.90  adv_std 0.085  tR -0.28  ent[s/d/p/e] 1.72/1.93/0.75/0.62  emits 1.63  spf 26.2  z0 0.01  garr 34.3  tG 389  e2 0.40  nF 27.7  pS 0.37  ptS 0.37  fLog 0.41  pdΔ -0.1327  pkR 11.76  clip 0.06  kl +0.005
upd   98  steps 3244032  sps 12064  opp strn  loss -0.149  pg +0.0017  v 0.004  ev +0.87  adv_std 0.091  tR -0.28  ent[s/d/p/e] 1.64/1.93/0.72/0.60  emits 1.58  spf 25.0  z0 0.01  garr 33.7  tG 384  e2 0.37  nF 27.2  pS 0.36  ptS 0.35  fLog 0.41  pdΔ -0.1449  pkR 10.54  clip 0.04  kl +0.004
upd   99  steps 3276800  sps 12101  opp frzn  loss -0.156  pg +0.0004  v 0.004  ev +0.90  adv_std 0.084  tR -0.22  ent[s/d/p/e] 1.75/1.98/0.76/0.60  emits 1.56  spf 31.6  z0 0.01  garr 43.4  tG 533  e2 0.37  nF 26.0  pS 0.38  ptS 0.39  fLog 0.43  pdΔ -0.1158  pkR 9.21  clip 0.05  kl +0.005 WRr 0.84 WRf 0.44
[ckpt] saved ckpt_multi_action_v11_f40_buffer/ckpt_000099.pkl
upd  100  steps 3309568  sps 11595  opp buf  loss -0.157  pg +0.0013  v 0.004  ev +0.95  adv_std 0.087  tR -0.13  ent[s/d/p/e] 1.84/2.02/0.69/0.58  emits 1.58  spf 26.6  z0 0.08  garr 38.3  tG 703  e2 0.38  nF 27.5  pS 0.38  ptS 0.38  fLog 0.42  pdΔ -0.1177  pkR 22.87  clip 0.05  kl +0.005
upd  101  steps 3342336  sps 11633  opp strn  loss -0.154  pg -0.0000  v 0.002  ev +0.96  adv_std 0.061  tR +0.28  ent[s/d/p/e] 1.73/2.02/0.63/0.58  emits 1.57  spf 25.5  z0 0.03  garr 39.2  tG 838  e2 0.36  nF 29.0  pS 0.36  ptS 0.36  fLog 0.40  pdΔ -0.1423  pkR 20.98  clip 0.04  kl +0.004
upd  102  steps 3375104  sps 11671  opp frzn  loss -0.156  pg +0.0007  v 0.002  ev +0.95  adv_std 0.071  tR -0.08  ent[s/d/p/e] 1.74/2.00/0.71/0.60  emits 1.60  spf 29.7  z0 0.02  garr 38.8  tG 579  e2 0.38  nF 27.3  pS 0.38  ptS 0.38  fLog 0.42  pdΔ -0.1235  pkR 18.59  clip 0.05  kl +0.004
upd  103  steps 3407872  sps 11708  opp strn  loss -0.148  pg +0.0020  v 0.004  ev +0.89  adv_std 0.091  tR -0.20  ent[s/d/p/e] 1.62/1.93/0.71/0.60  emits 1.70  spf 25.7  z0 0.01  garr 32.6  tG 384  e2 0.41  nF 28.1  pS 0.34  ptS 0.34  fLog 0.41  pdΔ -0.1588  pkR 11.35  clip 0.06  kl +0.005
upd  104  steps 3440640  sps 11745  opp buf  loss -0.154  pg +0.0014  v 0.003  ev +0.95  adv_std 0.082  tR -0.05  ent[s/d/p/e] 1.78/1.99/0.68/0.59  emits 1.68  spf 26.7  z0 0.09  garr 34.3  tG 599  e2 0.42  nF 29.2  pS 0.36  ptS 0.35  fLog 0.41  pdΔ -0.1405  pkR 32.55  clip 0.06  kl +0.005
upd  105  steps 3473408  sps 11781  opp frzn  loss -0.147  pg +0.0011  v 0.002  ev +0.96  adv_std 0.066  tR +0.12  ent[s/d/p/e] 1.62/1.98/0.61/0.56  emits 1.59  spf 25.2  z0 0.05  garr 36.0  tG 842  e2 0.36  nF 29.8  pS 0.31  ptS 0.31  fLog 0.39  pdΔ -0.1912  pkR 22.36  clip 0.04  kl +0.004
upd  106  steps 3506176  sps 11816  opp buf  loss -0.150  pg +0.0005  v 0.002  ev +0.98  adv_std 0.063  tR -0.03  ent[s/d/p/e] 1.65/1.97/0.65/0.58  emits 1.52  spf 27.4  z0 0.10  garr 34.5  tG 650  e2 0.35  nF 29.4  pS 0.33  ptS 0.32  fLog 0.40  pdΔ -0.1731  pkR 22.69  clip 0.05  kl +0.004
upd  107  steps 3538944  sps 11852  opp strn  loss -0.154  pg +0.0004  v 0.002  ev +0.95  adv_std 0.072  tR -0.03  ent[s/d/p/e] 1.73/2.03/0.64/0.59  emits 1.68  spf 24.8  z0 0.04  garr 36.3  tG 735  e2 0.40  nF 29.6  pS 0.33  ptS 0.33  fLog 0.40  pdΔ -0.1681  pkR 22.69  clip 0.05  kl +0.004
upd  108  steps 3571712  sps 11886  opp strn  loss -0.162  pg +0.0005  v 0.002  ev +0.94  adv_std 0.068  tR -0.25  ent[s/d/p/e] 1.88/2.02/0.74/0.61  emits 1.81  spf 29.7  z0 0.01  garr 39.2  tG 589  e2 0.46  nF 29.7  pS 0.40  ptS 0.40  fLog 0.43  pdΔ -0.1037  pkR 24.55  clip 0.04  kl +0.004
upd  109  steps 3604480  sps 11932  opp rand  loss -0.140  pg +0.0013  v 0.004  ev +0.91  adv_std 0.093  tR -0.15  ent[s/d/p/e] 1.49/1.86/0.64/0.58  emits 1.59  spf 21.9  z0 0.02  garr 26.2  tG 300  e2 0.36  nF 27.1  pS 0.30  ptS 0.30  fLog 0.39  pdΔ -0.2046  pkR 15.14  clip 0.03  kl +0.003
upd  110  steps 3637248  sps 11966  opp strn  loss -0.145  pg +0.0009  v 0.002  ev +0.94  adv_std 0.070  tR -0.10  ent[s/d/p/e] 1.55/1.87/0.71/0.59  emits 1.66  spf 21.8  z0 0.02  garr 26.0  tG 298  e2 0.39  nF 29.1  pS 0.31  ptS 0.31  fLog 0.39  pdΔ -0.1937  pkR 15.85  clip 0.04  kl +0.004
upd  111  steps 3670016  sps 11999  opp buf  loss -0.165  pg +0.0011  v 0.003  ev +0.96  adv_std 0.085  tR -0.02  ent[s/d/p/e] 1.94/2.15/0.71/0.59  emits 1.65  spf 33.2  z0 0.08  garr 42.8  tG 851  e2 0.40  nF 28.0  pS 0.40  ptS 0.39  fLog 0.44  pdΔ -0.0977  pkR 21.91  clip 0.04  kl +0.004
upd  112  steps 3702784  sps 12032  opp frzn  loss -0.156  pg +0.0013  v 0.002  ev +0.96  adv_std 0.064  tR +0.07  ent[s/d/p/e] 1.77/2.06/0.68/0.58  emits 1.61  spf 28.4  z0 0.04  garr 37.8  tG 810  e2 0.37  nF 27.9  pS 0.34  ptS 0.34  fLog 0.41  pdΔ -0.1626  pkR 15.45  clip 0.04  kl +0.004
upd  113  steps 3735552  sps 12065  opp buf  loss -0.163  pg +0.0008  v 0.003  ev +0.97  adv_std 0.073  tR -0.03  ent[s/d/p/e] 1.89/2.14/0.70/0.60  emits 1.58  spf 28.5  z0 0.08  garr 36.8  tG 717  e2 0.37  nF 27.7  pS 0.38  ptS 0.37  fLog 0.42  pdΔ -0.1226  pkR 20.37  clip 0.05  kl +0.005
upd  114  steps 3768320  sps 12097  opp strn  loss -0.148  pg +0.0008  v 0.002  ev +0.96  adv_std 0.068  tR +0.15  ent[s/d/p/e] 1.61/1.97/0.64/0.57  emits 1.55  spf 23.1  z0 0.04  garr 31.8  tG 641  e2 0.35  nF 28.5  pS 0.30  ptS 0.30  fLog 0.39  pdΔ -0.1994  pkR 21.31  clip 0.05  kl +0.003
upd  115  steps 3801088  sps 12141  opp rand  loss -0.149  pg +0.0011  v 0.002  ev +0.96  adv_std 0.066  tR -0.22  ent[s/d/p/e] 1.64/1.94/0.69/0.58  emits 1.52  spf 26.0  z0 0.04  garr 31.3  tG 468  e2 0.34  nF 27.3  pS 0.33  ptS 0.33  fLog 0.41  pdΔ -0.1655  pkR 28.07  clip 0.04  kl +0.003
upd  116  steps 3833856  sps 12184  opp rand  loss -0.138  pg +0.0009  v 0.003  ev +0.94  adv_std 0.076  tR +0.19  ent[s/d/p/e] 1.40/1.86/0.66/0.58  emits 1.44  spf 20.3  z0 0.03  garr 24.7  tG 293  e2 0.30  nF 26.7  pS 0.29  ptS 0.28  fLog 0.38  pdΔ -0.2134  pkR 15.54  clip 0.03  kl +0.003
upd  117  steps 3866624  sps 12227  opp rand  loss -0.149  pg +0.0010  v 0.002  ev +0.96  adv_std 0.069  tR +0.25  ent[s/d/p/e] 1.58/1.98/0.69/0.60  emits 1.45  spf 25.3  z0 0.05  garr 31.9  tG 404  e2 0.31  nF 25.5  pS 0.34  ptS 0.33  fLog 0.40  pdΔ -0.1584  pkR 11.90  clip 0.03  kl +0.002
upd  118  steps 3899392  sps 12258  opp frzn  loss -0.143  pg +0.0006  v 0.002  ev +0.94  adv_std 0.070  tR +0.12  ent[s/d/p/e] 1.51/1.82/0.71/0.60  emits 1.51  spf 20.8  z0 0.02  garr 26.9  tG 295  e2 0.34  nF 28.1  pS 0.31  ptS 0.31  fLog 0.38  pdΔ -0.1907  pkR 14.46  clip 0.02  kl +0.003
upd  119  steps 3932160  sps 12288  opp buf  loss -0.170  pg +0.0005  v 0.004  ev +0.95  adv_std 0.086  tR +0.02  ent[s/d/p/e] 1.96/2.20/0.76/0.61  emits 1.57  spf 30.3  z0 0.07  garr 38.3  tG 631  e2 0.37  nF 27.4  pS 0.40  ptS 0.39  fLog 0.43  pdΔ -0.1040  pkR 27.65  clip 0.05  kl +0.004
upd  120  steps 3964928  sps 12318  opp frzn  loss -0.164  pg +0.0007  v 0.002  ev +0.95  adv_std 0.068  tR +0.23  ent[s/d/p/e] 1.88/2.13/0.73/0.59  emits 1.56  spf 31.3  z0 0.04  garr 44.0  tG 898  e2 0.35  nF 26.8  pS 0.37  ptS 0.38  fLog 0.43  pdΔ -0.1260  pkR 13.83  clip 0.04  kl +0.004
upd  121  steps 3997696  sps 12359  opp rand  loss -0.155  pg +0.0007  v 0.003  ev +0.94  adv_std 0.081  tR +0.08  ent[s/d/p/e] 1.72/2.00/0.72/0.60  emits 1.49  spf 28.1  z0 0.03  garr 36.9  tG 545  e2 0.33  nF 25.1  pS 0.36  ptS 0.36  fLog 0.41  pdΔ -0.1401  pkR 23.05  clip 0.03  kl +0.003
upd  122  steps 4030464  sps 12388  opp buf  loss -0.166  pg +0.0010  v 0.003  ev +0.96  adv_std 0.075  tR +0.07  ent[s/d/p/e] 1.90/2.19/0.74/0.60  emits 1.57  spf 28.3  z0 0.08  garr 37.2  tG 696  e2 0.36  nF 28.1  pS 0.38  ptS 0.36  fLog 0.42  pdΔ -0.1234  pkR 14.60  clip 0.04  kl +0.003
upd  123  steps 4063232  sps 12417  opp frzn  loss -0.158  pg +0.0009  v 0.002  ev +0.96  adv_std 0.063  tR +0.20  ent[s/d/p/e] 1.76/2.08/0.69/0.58  emits 1.57  spf 26.6  z0 0.03  garr 38.1  tG 802  e2 0.34  nF 29.9  pS 0.34  ptS 0.34  fLog 0.40  pdΔ -0.1593  pkR 14.75  clip 0.04  kl +0.004
upd  124  steps 4096000  sps 12446  opp frzn  loss -0.155  pg +0.0009  v 0.002  ev +0.94  adv_std 0.070  tR -0.14  ent[s/d/p/e] 1.70/1.97/0.76/0.61  emits 1.53  spf 28.6  z0 0.02  garr 38.8  tG 525  e2 0.35  nF 27.2  pS 0.35  ptS 0.35  fLog 0.41  pdΔ -0.1456  pkR 19.37  clip 0.03  kl +0.003
upd  125  steps 4128768  sps 12474  opp frzn  loss -0.148  pg +0.0006  v 0.005  ev +0.87  adv_std 0.101  tR -0.18  ent[s/d/p/e] 1.57/1.91/0.75/0.60  emits 1.48  spf 25.7  z0 0.01  garr 34.1  tG 350  e2 0.32  nF 23.1  pS 0.33  ptS 0.32  fLog 0.41  pdΔ -0.1735  pkR 9.03  clip 0.05  kl +0.004
upd  126  steps 4161536  sps 12502  opp buf  loss -0.173  pg +0.0010  v 0.003  ev +0.96  adv_std 0.078  tR +0.13  ent[s/d/p/e] 2.02/2.23/0.77/0.61  emits 1.58  spf 34.1  z0 0.07  garr 44.2  tG 752  e2 0.37  nF 26.7  pS 0.43  ptS 0.42  fLog 0.45  pdΔ -0.0717  pkR 20.48  clip 0.05  kl +0.004
upd  127  steps 4194304  sps 12541  opp rand  loss -0.161  pg +0.0006  v 0.002  ev +0.96  adv_std 0.072  tR +0.10  ent[s/d/p/e] 1.82/2.17/0.67/0.58  emits 1.47  spf 32.1  z0 0.05  garr 42.4  tG 945  e2 0.31  nF 26.8  pS 0.36  ptS 0.36  fLog 0.42  pdΔ -0.1403  pkR 19.43  clip 0.04  kl +0.003
upd  128  steps 4227072  sps 12568  opp buf  loss -0.169  pg +0.0014  v 0.002  ev +0.97  adv_std 0.065  tR +0.16  ent[s/d/p/e] 1.95/2.23/0.75/0.60  emits 1.55  spf 31.6  z0 0.08  garr 39.5  tG 757  e2 0.35  nF 27.9  pS 0.39  ptS 0.38  fLog 0.43  pdΔ -0.1144  pkR 17.14  clip 0.04  kl +0.003
upd  129  steps 4259840  sps 12595  opp frzn  loss -0.158  pg +0.0000  v 0.003  ev +0.95  adv_std 0.073  tR +0.21  ent[s/d/p/e] 1.71/2.14/0.67/0.58  emits 1.47  spf 26.4  z0 0.04  garr 34.2  tG 717  e2 0.30  nF 29.1  pS 0.32  ptS 0.32  fLog 0.39  pdΔ -0.1826  pkR 19.66  clip 0.05  kl +0.005
upd  130  steps 4292608  sps 12622  opp frzn  loss -0.155  pg +0.0011  v 0.002  ev +0.94  adv_std 0.070  tR -0.08  ent[s/d/p/e] 1.73/1.98/0.75/0.59  emits 1.50  spf 33.0  z0 0.02  garr 43.4  tG 629  e2 0.33  nF 26.9  pS 0.36  ptS 0.36  fLog 0.42  pdΔ -0.1446  pkR 17.52  clip 0.02  kl +0.003
upd  131  steps 4325376  sps 12648  opp strn  loss -0.148  pg +0.0012  v 0.004  ev +0.89  adv_std 0.090  tR -0.38  ent[s/d/p/e] 1.59/1.89/0.74/0.60  emits 1.50  spf 24.8  z0 0.01  garr 33.6  tG 355  e2 0.33  nF 24.8  pS 0.33  ptS 0.33  fLog 0.40  pdΔ -0.1744  pkR 13.93  clip 0.04  kl +0.004
upd  132  steps 4358144  sps 12685  opp rand  loss -0.155  pg +0.0006  v 0.004  ev +0.92  adv_std 0.091  tR +0.08  ent[s/d/p/e] 1.68/2.04/0.71/0.61  emits 1.44  spf 26.1  z0 0.03  garr 33.4  tG 395  e2 0.31  nF 23.8  pS 0.36  ptS 0.35  fLog 0.41  pdΔ -0.1446  pkR 14.46  clip 0.05  kl +0.004
upd  133  steps 4390912  sps 12711  opp strn  loss -0.150  pg +0.0009  v 0.003  ev +0.92  adv_std 0.078  tR +0.17  ent[s/d/p/e] 1.59/1.95/0.73/0.61  emits 1.50  spf 25.9  z0 0.02  garr 32.9  tG 381  e2 0.33  nF 26.6  pS 0.34  ptS 0.33  fLog 0.40  pdΔ -0.1646  pkR 12.15  clip 0.03  kl +0.003
upd  134  steps 4423680  sps 12737  opp frzn  loss -0.156  pg +0.0011  v 0.003  ev +0.91  adv_std 0.084  tR -0.32  ent[s/d/p/e] 1.70/1.98/0.78/0.61  emits 1.49  spf 29.5  z0 0.01  garr 38.6  tG 438  e2 0.33  nF 25.3  pS 0.37  ptS 0.37  fLog 0.42  pdΔ -0.1298  pkR 8.12  clip 0.03  kl +0.004
upd  135  steps 4456448  sps 12762  opp frzn  loss -0.155  pg +0.0001  v 0.004  ev +0.89  adv_std 0.086  tR -0.22  ent[s/d/p/e] 1.66/1.96/0.78/0.62  emits 1.53  spf 27.6  z0 0.00  garr 36.9  tG 394  e2 0.35  nF 25.2  pS 0.36  ptS 0.35  fLog 0.41  pdΔ -0.1422  pkR 8.34  clip 0.04  kl +0.004
upd  136  steps 4489216  sps 12787  opp frzn  loss -0.158  pg -0.0004  v 0.004  ev +0.90  adv_std 0.092  tR -0.14  ent[s/d/p/e] 1.73/2.02/0.76/0.61  emits 1.51  spf 30.0  z0 0.01  garr 40.2  tG 457  e2 0.34  nF 25.3  pS 0.38  ptS 0.37  fLog 0.42  pdΔ -0.1230  pkR 7.82  clip 0.03  kl +0.003
upd  137  steps 4521984  sps 12822  opp rand  loss -0.151  pg +0.0004  v 0.003  ev +0.93  adv_std 0.079  tR +0.07  ent[s/d/p/e] 1.63/1.95/0.70/0.60  emits 1.54  spf 26.0  z0 0.01  garr 33.9  tG 414  e2 0.34  nF 25.7  pS 0.35  ptS 0.35  fLog 0.40  pdΔ -0.1485  pkR 10.85  clip 0.04  kl +0.003
upd  138  steps 4554752  sps 12847  opp frzn  loss -0.146  pg +0.0008  v 0.003  ev +0.94  adv_std 0.074  tR +0.12  ent[s/d/p/e] 1.53/1.87/0.72/0.60  emits 1.61  spf 22.8  z0 0.01  garr 30.1  tG 352  e2 0.37  nF 27.3  pS 0.32  ptS 0.32  fLog 0.38  pdΔ -0.1781  pkR 14.79  clip 0.03  kl +0.003
upd  139  steps 4587520  sps 12871  opp strn  loss -0.152  pg +0.0010  v 0.003  ev +0.92  adv_std 0.079  tR -0.23  ent[s/d/p/e] 1.66/1.94/0.75/0.61  emits 1.61  spf 25.5  z0 0.00  garr 34.5  tG 387  e2 0.37  nF 27.1  pS 0.35  ptS 0.35  fLog 0.40  pdΔ -0.1478  pkR 8.19  clip 0.03  kl +0.004
upd  140  steps 4620288  sps 12895  opp frzn  loss -0.147  pg +0.0004  v 0.004  ev +0.90  adv_std 0.087  tR -0.28  ent[s/d/p/e] 1.54/1.90/0.71/0.61  emits 1.60  spf 22.1  z0 0.01  garr 29.5  tG 309  e2 0.37  nF 27.5  pS 0.31  ptS 0.31  fLog 0.39  pdΔ -0.1874  pkR 14.66  clip 0.03  kl +0.003
upd  141  steps 4653056  sps 12918  opp frzn  loss -0.155  pg +0.0005  v 0.003  ev +0.91  adv_std 0.080  tR -0.17  ent[s/d/p/e] 1.69/1.95/0.76/0.62  emits 1.62  spf 26.2  z0 0.01  garr 37.7  tG 423  e2 0.38  nF 27.8  pS 0.36  ptS 0.36  fLog 0.40  pdΔ -0.1412  pkR 13.74  clip 0.03  kl +0.003
upd  142  steps 4685824  sps 12953  opp rand  loss -0.147  pg +0.0004  v 0.004  ev +0.91  adv_std 0.094  tR +0.08  ent[s/d/p/e] 1.57/1.92/0.68/0.61  emits 1.61  spf 21.1  z0 0.03  garr 27.1  tG 318  e2 0.36  nF 28.5  pS 0.32  ptS 0.31  fLog 0.38  pdΔ -0.1843  pkR 16.74  clip 0.04  kl +0.004
upd  143  steps 4718592  sps 12976  opp buf  loss -0.170  pg +0.0000  v 0.002  ev +0.96  adv_std 0.073  tR +0.04  ent[s/d/p/e] 1.91/2.20/0.76/0.62  emits 1.60  spf 26.5  z0 0.08  garr 34.8  tG 566  e2 0.38  nF 29.8  pS 0.37  ptS 0.36  fLog 0.41  pdΔ -0.1282  pkR 13.85  clip 0.04  kl +0.003
upd  144  steps 4751360  sps 12999  opp strn  loss -0.160  pg +0.0002  v 0.002  ev +0.97  adv_std 0.063  tR +0.10  ent[s/d/p/e] 1.78/2.10/0.69/0.59  emits 1.56  spf 27.7  z0 0.04  garr 39.1  tG 813  e2 0.34  nF 29.8  pS 0.34  ptS 0.34  fLog 0.40  pdΔ -0.1587  pkR 18.85  clip 0.03  kl +0.004
upd  145  steps 4784128  sps 13021  opp strn  loss -0.159  pg +0.0006  v 0.002  ev +0.96  adv_std 0.063  tR -0.17  ent[s/d/p/e] 1.76/1.99/0.76/0.62  emits 1.60  spf 26.9  z0 0.03  garr 37.6  tG 516  e2 0.38  nF 28.0  pS 0.36  ptS 0.36  fLog 0.41  pdΔ -0.1415  pkR 23.69  clip 0.03  kl +0.004
upd  146  steps 4816896  sps 13043  opp buf  loss -0.172  pg +0.0014  v 0.004  ev +0.94  adv_std 0.092  tR -0.01  ent[s/d/p/e] 2.00/2.26/0.77/0.62  emits 1.60  spf 30.6  z0 0.06  garr 42.1  tG 749  e2 0.38  nF 27.8  pS 0.40  ptS 0.39  fLog 0.43  pdΔ -0.0964  pkR 20.75  clip 0.03  kl +0.003
upd  147  steps 4849664  sps 13066  opp frzn  loss -0.166  pg +0.0008  v 0.002  ev +0.97  adv_std 0.059  tR +0.05  ent[s/d/p/e] 1.86/2.21/0.71/0.61  emits 1.61  spf 28.7  z0 0.04  garr 39.3  tG 813  e2 0.36  nF 30.3  pS 0.35  ptS 0.35  fLog 0.40  pdΔ -0.1509  pkR 15.81  clip 0.03  kl +0.003
upd  148  steps 4882432  sps 13087  opp frzn  loss -0.160  pg +0.0002  v 0.002  ev +0.96  adv_std 0.067  tR -0.10  ent[s/d/p/e] 1.76/2.04/0.76/0.62  emits 1.64  spf 29.9  z0 0.02  garr 39.1  tG 560  e2 0.39  nF 28.1  pS 0.37  ptS 0.37  fLog 0.41  pdΔ -0.1286  pkR 18.92  clip 0.03  kl +0.003
upd  149  steps 4915200  sps 13109  opp buf  loss -0.170  pg +0.0008  v 0.004  ev +0.94  adv_std 0.087  tR -0.07  ent[s/d/p/e] 1.92/2.22/0.78/0.62  emits 1.59  spf 27.6  z0 0.08  garr 33.6  tG 556  e2 0.38  nF 27.1  pS 0.37  ptS 0.36  fLog 0.42  pdΔ -0.1315  pkR 16.98  clip 0.03  kl +0.004 WRr 0.75 WRf 0.59
upd  150  steps 4947968  sps 12681  opp buf  loss -0.178  pg +0.0012  v 0.002  ev +0.98  adv_std 0.067  tR -0.02  ent[s/d/p/e] 2.11/2.38/0.75/0.59  emits 1.53  spf 40.0  z0 0.12  garr 52.1  tG 1268  e2 0.35  nF 28.6  pS 0.39  ptS 0.38  fLog 0.44  pdΔ -0.1122  pkR 22.32  clip 0.05  kl +0.004
upd  151  steps 4980736  sps 12704  opp buf  loss -0.183  pg +0.0010  v 0.002  ev +0.98  adv_std 0.059  tR +0.02  ent[s/d/p/e] 2.16/2.48/0.73/0.59  emits 1.52  spf 38.8  z0 0.13  garr 52.5  tG 1383  e2 0.35  nF 29.6  pS 0.39  ptS 0.39  fLog 0.44  pdΔ -0.1066  pkR 14.85  clip 0.05  kl +0.005
upd  152  steps 5013504  sps 12726  opp buf  loss -0.183  pg +0.0007  v 0.002  ev +0.98  adv_std 0.061  tR +0.00  ent[s/d/p/e] 2.14/2.48/0.75/0.59  emits 1.48  spf 38.3  z0 0.13  garr 49.8  tG 1302  e2 0.33  nF 28.4  pS 0.39  ptS 0.38  fLog 0.44  pdΔ -0.1079  pkR 10.50  clip 0.05  kl +0.006
upd  153  steps 5046272  sps 12748  opp frzn  loss -0.164  pg +0.0003  v 0.001  ev +0.97  adv_std 0.053  tR +0.08  ent[s/d/p/e] 1.81/2.21/0.69/0.60  emits 1.57  spf 29.1  z0 0.05  garr 38.8  tG 915  e2 0.35  nF 30.4  pS 0.32  ptS 0.33  fLog 0.40  pdΔ -0.1769  pkR 19.80  clip 0.04  kl +0.004
upd  154  steps 5079040  sps 12770  opp strn  loss -0.160  pg +0.0010  v 0.002  ev +0.95  adv_std 0.071  tR -0.30  ent[s/d/p/e] 1.75/2.09/0.75/0.61  emits 1.51  spf 30.1  z0 0.02  garr 39.3  tG 560  e2 0.33  nF 27.2  pS 0.36  ptS 0.36  fLog 0.41  pdΔ -0.1382  pkR 21.57  clip 0.03  kl +0.003
upd  155  steps 5111808  sps 12792  opp buf  loss -0.167  pg +0.0004  v 0.003  ev +0.95  adv_std 0.084  tR +0.03  ent[s/d/p/e] 1.88/2.19/0.76/0.61  emits 1.48  spf 27.5  z0 0.06  garr 35.7  tG 566  e2 0.34  nF 27.4  pS 0.37  ptS 0.37  fLog 0.41  pdΔ -0.1254  pkR 18.60  clip 0.02  kl +0.002
upd  156  steps 5144576  sps 12814  opp strn  loss -0.167  pg +0.0011  v 0.002  ev +0.97  adv_std 0.058  tR +0.25  ent[s/d/p/e] 1.89/2.19/0.74/0.62  emits 1.58  spf 31.7  z0 0.03  garr 45.1  tG 907  e2 0.36  nF 28.6  pS 0.37  ptS 0.37  fLog 0.41  pdΔ -0.1259  pkR 14.24  clip 0.03  kl +0.003
upd  157  steps 5177344  sps 12835  opp frzn  loss -0.161  pg +0.0008  v 0.002  ev +0.95  adv_std 0.070  tR -0.03  ent[s/d/p/e] 1.78/2.06/0.76/0.63  emits 1.51  spf 30.0  z0 0.01  garr 41.8  tG 618  e2 0.34  nF 26.4  pS 0.37  ptS 0.37  fLog 0.41  pdΔ -0.1334  pkR 30.65  clip 0.03  kl +0.003
upd  158  steps 5210112  sps 12856  opp strn  loss -0.152  pg +0.0007  v 0.004  ev +0.90  adv_std 0.086  tR -0.20  ent[s/d/p/e] 1.65/1.93/0.75/0.62  emits 1.55  spf 25.7  z0 0.01  garr 35.8  tG 396  e2 0.36  nF 25.3  pS 0.35  ptS 0.35  fLog 0.41  pdΔ -0.1452  pkR 10.26  clip 0.02  kl +0.003
upd  159  steps 5242880  sps 12877  opp frzn  loss -0.157  pg +0.0011  v 0.003  ev +0.92  adv_std 0.084  tR -0.32  ent[s/d/p/e] 1.73/2.02/0.75/0.62  emits 1.52  spf 31.7  z0 0.01  garr 45.0  tG 542  e2 0.34  nF 24.9  pS 0.38  ptS 0.38  fLog 0.42  pdΔ -0.1177  pkR 8.37  clip 0.03  kl +0.003
upd  160  steps 5275648  sps 12898  opp strn  loss -0.150  pg +0.0005  v 0.004  ev +0.89  adv_std 0.085  tR -0.16  ent[s/d/p/e] 1.58/1.95/0.73/0.61  emits 1.50  spf 25.1  z0 0.01  garr 33.8  tG 392  e2 0.33  nF 27.2  pS 0.33  ptS 0.33  fLog 0.39  pdΔ -0.1702  pkR 10.23  clip 0.03  kl +0.002
upd  161  steps 5308416  sps 12928  opp rand  loss -0.154  pg +0.0000  v 0.003  ev +0.94  adv_std 0.079  tR +0.28  ent[s/d/p/e] 1.67/2.00/0.70/0.61  emits 1.50  spf 26.2  z0 0.03  garr 35.9  tG 449  e2 0.33  nF 24.7  pS 0.37  ptS 0.36  fLog 0.40  pdΔ -0.1340  pkR 13.39  clip 0.02  kl +0.003
upd  162  steps 5341184  sps 12949  opp buf  loss -0.171  pg +0.0006  v 0.003  ev +0.96  adv_std 0.073  tR +0.13  ent[s/d/p/e] 1.92/2.24/0.75/0.63  emits 1.56  spf 29.5  z0 0.07  garr 39.4  tG 687  e2 0.37  nF 26.6  pS 0.39  ptS 0.38  fLog 0.42  pdΔ -0.1126  pkR 17.06  clip 0.03  kl +0.003
upd  163  steps 5373952  sps 12969  opp strn  loss -0.159  pg +0.0002  v 0.002  ev +0.95  adv_std 0.072  tR +0.26  ent[s/d/p/e] 1.76/2.13/0.66/0.60  emits 1.55  spf 33.8  z0 0.03  garr 48.0  tG 1040  e2 0.34  nF 28.7  pS 0.35  ptS 0.35  fLog 0.40  pdΔ -0.1510  pkR 18.56  clip 0.03  kl +0.004
upd  164  steps 5406720  sps 12989  opp buf  loss -0.175  pg +0.0004  v 0.002  ev +0.96  adv_std 0.067  tR -0.26  ent[s/d/p/e] 1.98/2.27/0.78/0.63  emits 1.62  spf 34.6  z0 0.07  garr 46.7  tG 838  e2 0.39  nF 28.1  pS 0.39  ptS 0.38  fLog 0.43  pdΔ -0.1116  pkR 16.47  clip 0.03  kl +0.003
upd  165  steps 5439488  sps 13009  opp buf  loss -0.178  pg +0.0001  v 0.003  ev +0.97  adv_std 0.074  tR +0.08  ent[s/d/p/e] 2.09/2.36/0.73/0.60  emits 1.49  spf 38.8  z0 0.11  garr 53.8  tG 1234  e2 0.35  nF 29.2  pS 0.39  ptS 0.38  fLog 0.43  pdΔ -0.1109  pkR 12.85  clip 0.04  kl +0.004
upd  166  steps 5472256  sps 13038  opp rand  loss -0.166  pg +0.0003  v 0.001  ev +0.98  adv_std 0.053  tR +0.10  ent[s/d/p/e] 1.88/2.26/0.64/0.59  emits 1.45  spf 38.6  z0 0.07  garr 53.2  tG 1362  e2 0.31  nF 27.8  pS 0.36  ptS 0.36  fLog 0.41  pdΔ -0.1378  pkR 12.27  clip 0.03  kl +0.002
upd  167  steps 5505024  sps 13067  opp rand  loss -0.145  pg +0.0009  v 0.002  ev +0.97  adv_std 0.062  tR +0.08  ent[s/d/p/e] 1.54/1.92/0.64/0.60  emits 1.52  spf 27.0  z0 0.03  garr 37.2  tG 706  e2 0.33  nF 26.8  pS 0.32  ptS 0.32  fLog 0.38  pdΔ -0.1819  pkR 25.40  clip 0.02  kl +0.002
upd  168  steps 5537792  sps 13086  opp strn  loss -0.144  pg +0.0009  v 0.002  ev +0.94  adv_std 0.066  tR -0.24  ent[s/d/p/e] 1.48/1.89/0.68/0.61  emits 1.56  spf 21.9  z0 0.02  garr 29.9  tG 326  e2 0.35  nF 28.3  pS 0.29  ptS 0.30  fLog 0.38  pdΔ -0.2092  pkR 16.00  clip 0.03  kl +0.003
upd  169  steps 5570560  sps 13114  opp rand  loss -0.146  pg +0.0006  v 0.004  ev +0.92  adv_std 0.090  tR +0.08  ent[s/d/p/e] 1.52/1.96/0.64/0.62  emits 1.48  spf 22.8  z0 0.03  garr 29.9  tG 340  e2 0.32  nF 26.3  pS 0.31  ptS 0.31  fLog 0.38  pdΔ -0.1916  pkR 12.69  clip 0.03  kl +0.003
upd  170  steps 5603328  sps 13133  opp buf  loss -0.170  pg +0.0007  v 0.002  ev +0.96  adv_std 0.071  tR +0.08  ent[s/d/p/e] 1.93/2.19/0.77/0.62  emits 1.56  spf 30.4  z0 0.06  garr 40.6  tG 732  e2 0.37  nF 27.9  pS 0.38  ptS 0.38  fLog 0.42  pdΔ -0.1161  pkR 18.28  clip 0.05  kl +0.005
upd  171  steps 5636096  sps 13152  opp strn  loss -0.164  pg +0.0009  v 0.002  ev +0.96  adv_std 0.064  tR +0.18  ent[s/d/p/e] 1.82/2.23/0.67/0.60  emits 1.52  spf 33.9  z0 0.04  garr 48.1  tG 1089  e2 0.32  nF 28.5  pS 0.36  ptS 0.36  fLog 0.41  pdΔ -0.1352  pkR 14.18  clip 0.02  kl +0.002
upd  172  steps 5668864  sps 13171  opp frzn  loss -0.156  pg -0.0001  v 0.002  ev +0.95  adv_std 0.060  tR +0.04  ent[s/d/p/e] 1.70/1.95/0.75/0.61  emits 1.55  spf 29.8  z0 0.01  garr 41.8  tG 632  e2 0.35  nF 27.7  pS 0.36  ptS 0.35  fLog 0.40  pdΔ -0.1447  pkR 21.72  clip 0.03  kl +0.004
upd  173  steps 5701632  sps 13189  opp frzn  loss -0.148  pg -0.0001  v 0.004  ev +0.91  adv_std 0.090  tR -0.33  ent[s/d/p/e] 1.56/1.88/0.74/0.61  emits 1.56  spf 22.9  z0 0.01  garr 33.0  tG 359  e2 0.35  nF 27.2  pS 0.33  ptS 0.33  fLog 0.39  pdΔ -0.1691  pkR 15.06  clip 0.04  kl +0.004
upd  174  steps 5734400  sps 13208  opp frzn  loss -0.158  pg +0.0005  v 0.002  ev +0.94  adv_std 0.071  tR -0.16  ent[s/d/p/e] 1.74/2.01/0.75/0.62  emits 1.60  spf 27.7  z0 0.01  garr 38.8  tG 438  e2 0.37  nF 27.7  pS 0.38  ptS 0.38  fLog 0.41  pdΔ -0.1218  pkR 8.29  clip 0.02  kl +0.002
upd  175  steps 5767168  sps 13226  opp buf  loss -0.162  pg +0.0011  v 0.003  ev +0.96  adv_std 0.080  tR -0.13  ent[s/d/p/e] 1.80/2.14/0.73/0.61  emits 1.50  spf 29.7  z0 0.08  garr 37.0  tG 648  e2 0.34  nF 27.6  pS 0.35  ptS 0.34  fLog 0.40  pdΔ -0.1529  pkR 18.10  clip 0.03  kl +0.003
upd  176  steps 5799936  sps 13253  opp rand  loss -0.152  pg +0.0008  v 0.002  ev +0.97  adv_std 0.065  tR -0.12  ent[s/d/p/e] 1.65/2.08/0.62/0.58  emits 1.47  spf 28.6  z0 0.07  garr 37.7  tG 887  e2 0.31  nF 27.8  pS 0.31  ptS 0.31  fLog 0.39  pdΔ -0.1924  pkR 19.44  clip 0.02  kl +0.003
upd  177  steps 5832704  sps 13271  opp strn  loss -0.148  pg +0.0004  v 0.002  ev +0.95  adv_std 0.069  tR +0.03  ent[s/d/p/e] 1.54/1.95/0.70/0.60  emits 1.51  spf 25.0  z0 0.03  garr 36.4  tG 512  e2 0.33  nF 27.9  pS 0.31  ptS 0.32  fLog 0.38  pdΔ -0.1869  pkR 30.60  clip 0.03  kl +0.003
upd  178  steps 5865472  sps 13288  opp frzn  loss -0.150  pg +0.0003  v 0.004  ev +0.91  adv_std 0.087  tR -0.12  ent[s/d/p/e] 1.60/1.96/0.72/0.60  emits 1.56  spf 25.9  z0 0.01  garr 37.4  tG 450  e2 0.34  nF 27.3  pS 0.35  ptS 0.35  fLog 0.39  pdΔ -0.1503  pkR 9.59  clip 0.02  kl +0.002
upd  179  steps 5898240  sps 13306  opp strn  loss -0.150  pg +0.0008  v 0.003  ev +0.92  adv_std 0.075  tR -0.13  ent[s/d/p/e] 1.63/1.87/0.75/0.62  emits 1.64  spf 24.7  z0 0.01  garr 37.8  tG 436  e2 0.39  nF 28.8  pS 0.36  ptS 0.36  fLog 0.40  pdΔ -0.1450  pkR 9.93  clip 0.01  kl +0.001
upd  180  steps 5931008  sps 13323  opp strn  loss -0.149  pg +0.0006  v 0.004  ev +0.91  adv_std 0.087  tR -0.23  ent[s/d/p/e] 1.61/1.89/0.72/0.61  emits 1.62  spf 23.8  z0 0.00  garr 36.4  tG 405  e2 0.38  nF 27.3  pS 0.34  ptS 0.34  fLog 0.39  pdΔ -0.1582  pkR 10.61  clip 0.03  kl +0.003
upd  181  steps 5963776  sps 13350  opp rand  loss -0.144  pg +0.0005  v 0.003  ev +0.95  adv_std 0.074  tR +0.02  ent[s/d/p/e] 1.48/1.91/0.67/0.60  emits 1.48  spf 23.0  z0 0.03  garr 31.4  tG 372  e2 0.32  nF 25.3  pS 0.31  ptS 0.31  fLog 0.38  pdΔ -0.1882  pkR 10.62  clip 0.02  kl +0.002
upd  182  steps 5996544  sps 13376  opp rand  loss -0.142  pg +0.0000  v 0.003  ev +0.95  adv_std 0.075  tR +0.03  ent[s/d/p/e] 1.42/1.90/0.66/0.60  emits 1.48  spf 20.1  z0 0.04  garr 26.2  tG 314  e2 0.31  nF 26.0  pS 0.29  ptS 0.28  fLog 0.37  pdΔ -0.2090  pkR 16.37  clip 0.04  kl +0.004
upd  183  steps 6029312  sps 13393  opp buf  loss -0.167  pg +0.0003  v 0.002  ev +0.96  adv_std 0.068  tR +0.22  ent[s/d/p/e] 1.85/2.16/0.78/0.62  emits 1.66  spf 27.7  z0 0.06  garr 37.7  tG 638  e2 0.39  nF 30.1  pS 0.38  ptS 0.37  fLog 0.41  pdΔ -0.1192  pkR 12.86  clip 0.03  kl +0.003
upd  184  steps 6062080  sps 13409  opp buf  loss -0.182  pg +0.0008  v 0.003  ev +0.97  adv_std 0.078  tR -0.01  ent[s/d/p/e] 2.17/2.39/0.77/0.60  emits 1.54  spf 39.8  z0 0.12  garr 51.9  tG 1266  e2 0.36  nF 30.2  pS 0.42  ptS 0.40  fLog 0.44  pdΔ -0.0848  pkR 11.98  clip 0.03  kl +0.002
upd  185  steps 6094848  sps 13435  opp rand  loss -0.169  pg +0.0001  v 0.001  ev +0.98  adv_std 0.055  tR +0.10  ent[s/d/p/e] 1.93/2.24/0.71/0.59  emits 1.55  spf 36.3  z0 0.07  garr 48.7  tG 1206  e2 0.34  nF 28.4  pS 0.38  ptS 0.37  fLog 0.43  pdΔ -0.1240  pkR 14.13  clip 0.03  kl +0.001
upd  186  steps 6127616  sps 13460  opp rand  loss -0.150  pg +0.0008  v 0.002  ev +0.97  adv_std 0.065  tR +0.09  ent[s/d/p/e] 1.60/1.96/0.71/0.60  emits 1.51  spf 25.1  z0 0.04  garr 33.9  tG 561  e2 0.33  nF 26.2  pS 0.32  ptS 0.32  fLog 0.39  pdΔ -0.1757  pkR 25.37  clip 0.02  kl +0.003
upd  187  steps 6160384  sps 13477  opp buf  loss -0.163  pg +0.0014  v 0.003  ev +0.96  adv_std 0.076  tR -0.07  ent[s/d/p/e] 1.80/2.12/0.78/0.61  emits 1.50  spf 27.2  z0 0.10  garr 32.9  tG 551  e2 0.35  nF 27.6  pS 0.34  ptS 0.33  fLog 0.40  pdΔ -0.1588  pkR 15.72  clip 0.03  kl +0.003
upd  188  steps 6193152  sps 13493  opp strn  loss -0.158  pg +0.0013  v 0.002  ev +0.97  adv_std 0.057  tR +0.22  ent[s/d/p/e] 1.74/2.09/0.72/0.59  emits 1.58  spf 30.0  z0 0.03  garr 43.2  tG 1021  e2 0.35  nF 31.5  pS 0.34  ptS 0.34  fLog 0.39  pdΔ -0.1555  pkR 14.54  clip 0.02  kl +0.002
upd  189  steps 6225920  sps 13509  opp strn  loss -0.155  pg +0.0001  v 0.002  ev +0.95  adv_std 0.068  tR -0.31  ent[s/d/p/e] 1.67/1.96/0.77/0.60  emits 1.55  spf 26.8  z0 0.02  garr 37.9  tG 519  e2 0.35  nF 28.9  pS 0.34  ptS 0.35  fLog 0.40  pdΔ -0.1600  pkR 20.66  clip 0.04  kl +0.003
upd  190  steps 6258688  sps 13533  opp rand  loss -0.145  pg +0.0001  v 0.004  ev +0.93  adv_std 0.089  tR +0.05  ent[s/d/p/e] 1.49/1.94/0.68/0.59  emits 1.48  spf 22.5  z0 0.03  garr 29.2  tG 339  e2 0.31  nF 26.4  pS 0.31  ptS 0.31  fLog 0.38  pdΔ -0.1911  pkR 11.46  clip 0.02  kl +0.003
upd  191  steps 6291456  sps 13549  opp frzn  loss -0.148  pg +0.0002  v 0.002  ev +0.94  adv_std 0.067  tR +0.11  ent[s/d/p/e] 1.52/1.91/0.73/0.61  emits 1.54  spf 22.4  z0 0.01  garr 31.6  tG 359  e2 0.34  nF 27.8  pS 0.31  ptS 0.32  fLog 0.38  pdΔ -0.1852  pkR 14.48  clip 0.02  kl +0.002
upd  192  steps 6324224  sps 13565  opp frzn  loss -0.154  pg +0.0006  v 0.003  ev +0.93  adv_std 0.080  tR -0.29  ent[s/d/p/e] 1.66/1.98/0.75/0.62  emits 1.56  spf 26.9  z0 0.00  garr 40.3  tG 462  e2 0.35  nF 25.9  pS 0.36  ptS 0.36  fLog 0.40  pdΔ -0.1421  pkR 9.95  clip 0.02  kl +0.002
upd  193  steps 6356992  sps 13580  opp strn  loss -0.154  pg +0.0002  v 0.003  ev +0.91  adv_std 0.079  tR -0.07  ent[s/d/p/e] 1.66/1.96/0.76/0.62  emits 1.60  spf 27.8  z0 0.00  garr 41.2  tG 465  e2 0.37  nF 25.2  pS 0.36  ptS 0.36  fLog 0.41  pdΔ -0.1395  pkR 7.43  clip 0.02  kl +0.002
upd  194  steps 6389760  sps 13595  opp frzn  loss -0.151  pg -0.0001  v 0.003  ev +0.92  adv_std 0.079  tR -0.37  ent[s/d/p/e] 1.58/1.94/0.74/0.62  emits 1.59  spf 27.6  z0 0.01  garr 39.8  tG 433  e2 0.36  nF 26.3  pS 0.33  ptS 0.33  fLog 0.40  pdΔ -0.1669  pkR 11.75  clip 0.03  kl +0.003
upd  195  steps 6422528  sps 13611  opp frzn  loss -0.149  pg +0.0012  v 0.003  ev +0.90  adv_std 0.077  tR -0.39  ent[s/d/p/e] 1.59/1.90/0.74/0.63  emits 1.64  spf 24.7  z0 0.00  garr 37.3  tG 386  e2 0.38  nF 28.4  pS 0.33  ptS 0.33  fLog 0.39  pdΔ -0.1750  pkR 12.64  clip 0.03  kl +0.003
upd  196  steps 6455296  sps 13626  opp frzn  loss -0.153  pg +0.0013  v 0.003  ev +0.94  adv_std 0.076  tR -0.40  ent[s/d/p/e] 1.63/2.00/0.74/0.62  emits 1.58  spf 27.9  z0 0.01  garr 38.0  tG 434  e2 0.36  nF 26.1  pS 0.34  ptS 0.34  fLog 0.40  pdΔ -0.1553  pkR 10.61  clip 0.03  kl +0.004
upd  197  steps 6488064  sps 13641  opp buf  loss -0.165  pg +0.0010  v 0.003  ev +0.95  adv_std 0.085  tR +0.08  ent[s/d/p/e] 1.82/2.12/0.80/0.62  emits 1.56  spf 29.7  z0 0.07  garr 37.7  tG 582  e2 0.37  nF 27.6  pS 0.37  ptS 0.36  fLog 0.42  pdΔ -0.1307  pkR 21.90  clip 0.01  kl +0.002
upd  198  steps 6520832  sps 13656  opp buf  loss -0.185  pg +0.0008  v 0.002  ev +0.97  adv_std 0.071  tR +0.06  ent[s/d/p/e] 2.18/2.45/0.80/0.60  emits 1.47  spf 44.8  z0 0.12  garr 55.4  tG 1416  e2 0.33  nF 27.4  pS 0.42  ptS 0.42  fLog 0.45  pdΔ -0.0776  pkR 11.60  clip 0.03  kl +0.002
upd  199  steps 6553600  sps 13679  opp rand  loss -0.164  pg +0.0002  v 0.001  ev +0.98  adv_std 0.055  tR +0.04  ent[s/d/p/e] 1.83/2.25/0.67/0.56  emits 1.34  spf 37.1  z0 0.09  garr 47.5  tG 1180  e2 0.26  nF 26.5  pS 0.34  ptS 0.35  fLog 0.41  pdΔ -0.1567  pkR 13.52  clip 0.03  kl +0.002 WRr 0.75 WRf 0.53
[ckpt] saved ckpt_multi_action_v11_f40_buffer/ckpt_000199.pkl
upd  200  steps 6586368  sps 13345  opp rand  loss -0.147  pg +0.0004  v 0.002  ev +0.96  adv_std 0.066  tR +0.24  ent[s/d/p/e] 1.48/1.98/0.69/0.59  emits 1.39  spf 25.9  z0 0.03  garr 33.5  tG 543  e2 0.28  nF 25.3  pS 0.30  ptS 0.30  fLog 0.39  pdΔ -0.1979  pkR 24.07  clip 0.02  kl +0.002
upd  201  steps 6619136  sps 13369  opp rand  loss -0.144  pg +0.0004  v 0.003  ev +0.95  adv_std 0.074  tR +0.05  ent[s/d/p/e] 1.48/1.90/0.71/0.59  emits 1.42  spf 22.5  z0 0.03  garr 28.1  tG 322  e2 0.29  nF 25.3  pS 0.31  ptS 0.30  fLog 0.39  pdΔ -0.1886  pkR 12.01  clip 0.01  kl +0.002
upd  202  steps 6651904  sps 13384  opp buf  loss -0.163  pg +0.0008  v 0.002  ev +0.96  adv_std 0.069  tR -0.15  ent[s/d/p/e] 1.77/2.10/0.80/0.61  emits 1.45  spf 28.1  z0 0.10  garr 32.4  tG 499  e2 0.33  nF 26.5  pS 0.33  ptS 0.33  fLog 0.41  pdΔ -0.1661  pkR 16.60  clip 0.02  kl +0.003
upd  203  steps 6684672  sps 13408  opp rand  loss -0.159  pg +0.0007  v 0.002  ev +0.97  adv_std 0.063  tR +0.16  ent[s/d/p/e] 1.73/2.13/0.70/0.59  emits 1.44  spf 31.8  z0 0.06  garr 40.5  tG 874  e2 0.30  nF 27.5  pS 0.35  ptS 0.35  fLog 0.41  pdΔ -0.1519  pkR 15.61  clip 0.02  kl +0.002
upd  204  steps 6717440  sps 13423  opp frzn  loss -0.156  pg +0.0006  v 0.002  ev +0.96  adv_std 0.065  tR +0.01  ent[s/d/p/e] 1.66/2.00/0.76/0.62  emits 1.56  spf 26.0  z0 0.03  garr 34.1  tG 455  e2 0.35  nF 27.8  pS 0.33  ptS 0.34  fLog 0.40  pdΔ -0.1658  pkR 30.31  clip 0.02  kl +0.002
upd  205  steps 6750208  sps 13438  opp strn  loss -0.155  pg +0.0002  v 0.003  ev +0.92  adv_std 0.084  tR -0.15  ent[s/d/p/e] 1.68/1.97/0.77/0.62  emits 1.57  spf 28.0  z0 0.01  garr 39.1  tG 458  e2 0.35  nF 27.1  pS 0.36  ptS 0.36  fLog 0.41  pdΔ -0.1386  pkR 16.78  clip 0.03  kl +0.003
upd  206  steps 6782976  sps 13460  opp rand  loss -0.149  pg +0.0009  v 0.003  ev +0.95  adv_std 0.077  tR +0.04  ent[s/d/p/e] 1.59/1.94/0.72/0.60  emits 1.48  spf 24.2  z0 0.03  garr 32.8  tG 396  e2 0.32  nF 26.2  pS 0.34  ptS 0.34  fLog 0.39  pdΔ -0.1602  pkR 12.37  clip 0.02  kl +0.002
upd  207  steps 6815744  sps 13475  opp frzn  loss -0.148  pg -0.0002  v 0.002  ev +0.96  adv_std 0.066  tR +0.18  ent[s/d/p/e] 1.53/1.88/0.75/0.60  emits 1.55  spf 21.4  z0 0.01  garr 29.3  tG 321  e2 0.35  nF 27.3  pS 0.31  ptS 0.31  fLog 0.38  pdΔ -0.1909  pkR 14.91  clip 0.03  kl +0.003
upd  208  steps 6848512  sps 13490  opp buf  loss -0.165  pg +0.0009  v 0.003  ev +0.95  adv_std 0.080  tR -0.01  ent[s/d/p/e] 1.84/2.11/0.82/0.63  emits 1.59  spf 26.3  z0 0.06  garr 33.7  tG 513  e2 0.38  nF 28.9  pS 0.37  ptS 0.36  fLog 0.41  pdΔ -0.1322  pkR 19.29  clip 0.02  kl +0.002
upd  209  steps 6881280  sps 13504  opp frzn  loss -0.162  pg +0.0004  v 0.002  ev +0.96  adv_std 0.063  tR +0.01  ent[s/d/p/e] 1.76/2.16/0.73/0.60  emits 1.52  spf 28.6  z0 0.04  garr 36.1  tG 694  e2 0.33  nF 28.6  pS 0.33  ptS 0.33  fLog 0.40  pdΔ -0.1713  pkR 19.24  clip 0.03  kl +0.003
upd  210  steps 6914048  sps 13519  opp strn  loss -0.161  pg +0.0002  v 0.002  ev +0.96  adv_std 0.063  tR -0.21  ent[s/d/p/e] 1.77/2.02/0.80/0.62  emits 1.56  spf 29.2  z0 0.01  garr 40.1  tG 498  e2 0.36  nF 27.8  pS 0.36  ptS 0.37  fLog 0.42  pdΔ -0.1363  pkR 16.02  clip 0.02  kl +0.003
upd  211  steps 6946816  sps 13533  opp strn  loss -0.152  pg +0.0002  v 0.004  ev +0.91  adv_std 0.086  tR -0.45  ent[s/d/p/e] 1.62/1.94/0.76/0.62  emits 1.57  spf 25.8  z0 0.01  garr 34.5  tG 376  e2 0.36  nF 26.4  pS 0.34  ptS 0.34  fLog 0.40  pdΔ -0.1619  pkR 8.24  clip 0.02  kl +0.002
upd  212  steps 6979584  sps 13555  opp rand  loss -0.152  pg +0.0001  v 0.003  ev +0.94  adv_std 0.080  tR +0.11  ent[s/d/p/e] 1.62/1.99/0.72/0.61  emits 1.49  spf 25.2  z0 0.04  garr 33.4  tG 404  e2 0.33  nF 26.3  pS 0.34  ptS 0.34  fLog 0.40  pdΔ -0.1586  pkR 11.60  clip 0.02  kl +0.002
upd  213  steps 7012352  sps 13569  opp frzn  loss -0.144  pg +0.0013  v 0.002  ev +0.94  adv_std 0.069  tR -0.10  ent[s/d/p/e] 1.45/1.89/0.73/0.61  emits 1.46  spf 22.6  z0 0.03  garr 29.6  tG 326  e2 0.31  nF 26.0  pS 0.30  ptS 0.29  fLog 0.38  pdΔ -0.2025  pkR 16.00  clip 0.03  kl +0.004
upd  214  steps 7045120  sps 13583  opp buf  loss -0.168  pg +0.0011  v 0.003  ev +0.96  adv_std 0.078  tR +0.14  ent[s/d/p/e] 1.87/2.20/0.80/0.62  emits 1.49  spf 30.9  z0 0.05  garr 40.1  tG 631  e2 0.34  nF 26.4  pS 0.39  ptS 0.38  fLog 0.42  pdΔ -0.1129  pkR 14.48  clip 0.02  kl +0.002
upd  215  steps 7077888  sps 13597  opp buf  loss -0.185  pg +0.0002  v 0.002  ev +0.97  adv_std 0.064  tR +0.04  ent[s/d/p/e] 2.16/2.40/0.83/0.60  emits 1.43  spf 40.6  z0 0.10  garr 53.3  tG 1206  e2 0.32  nF 26.7  pS 0.41  ptS 0.41  fLog 0.45  pdΔ -0.0866  pkR 11.44  clip 0.03  kl +0.002
upd  216  steps 7110656  sps 13611  opp frzn  loss -0.164  pg +0.0013  v 0.001  ev +0.98  adv_std 0.051  tR +0.19  ent[s/d/p/e] 1.85/2.20/0.71/0.59  emits 1.44  spf 34.1  z0 0.05  garr 48.5  tG 1112  e2 0.30  nF 29.0  pS 0.35  ptS 0.36  fLog 0.40  pdΔ -0.1465  pkR 14.32  clip 0.02  kl +0.002
upd  217  steps 7143424  sps 13624  opp buf  loss -0.176  pg +0.0005  v 0.002  ev +0.97  adv_std 0.065  tR +0.02  ent[s/d/p/e] 2.00/2.27/0.82/0.62  emits 1.50  spf 34.6  z0 0.07  garr 45.6  tG 906  e2 0.35  nF 27.2  pS 0.41  ptS 0.40  fLog 0.43  pdΔ -0.0874  pkR 15.47  clip 0.02  kl +0.002
upd  218  steps 7176192  sps 13637  opp buf  loss -0.189  pg +0.0005  v 0.002  ev +0.97  adv_std 0.066  tR +0.09  ent[s/d/p/e] 2.23/2.47/0.83/0.61  emits 1.45  spf 43.1  z0 0.11  garr 55.5  tG 1306  e2 0.33  nF 28.0  pS 0.45  ptS 0.43  fLog 0.46  pdΔ -0.0538  pkR 10.73  clip 0.03  kl +0.003
upd  219  steps 7208960  sps 13651  opp frzn  loss -0.164  pg +0.0006  v 0.001  ev +0.97  adv_std 0.053  tR +0.27  ent[s/d/p/e] 1.79/2.17/0.74/0.59  emits 1.47  spf 30.9  z0 0.04  garr 43.4  tG 1015  e2 0.31  nF 28.5  pS 0.35  ptS 0.35  fLog 0.40  pdΔ -0.1543  pkR 13.93  clip 0.03  kl +0.003
upd  220  steps 7241728  sps 13664  opp frzn  loss -0.160  pg +0.0004  v 0.002  ev +0.96  adv_std 0.062  tR -0.15  ent[s/d/p/e] 1.76/2.04/0.76/0.62  emits 1.58  spf 27.4  z0 0.02  garr 40.3  tG 614  e2 0.36  nF 28.6  pS 0.36  ptS 0.36  fLog 0.40  pdΔ -0.1440  pkR 24.21  clip 0.02  kl +0.002
upd  221  steps 7274496  sps 13685  opp rand  loss -0.146  pg +0.0004  v 0.004  ev +0.94  adv_std 0.085  tR +0.06  ent[s/d/p/e] 1.48/1.95/0.70/0.60  emits 1.46  spf 22.6  z0 0.02  garr 28.9  tG 320  e2 0.31  nF 25.5  pS 0.30  ptS 0.30  fLog 0.38  pdΔ -0.2002  pkR 15.10  clip 0.02  kl +0.003
upd  222  steps 7307264  sps 13698  opp buf  loss -0.167  pg +0.0003  v 0.003  ev +0.96  adv_std 0.075  tR -0.07  ent[s/d/p/e] 1.82/2.18/0.81/0.61  emits 1.43  spf 27.6  z0 0.09  garr 32.6  tG 515  e2 0.32  nF 26.1  pS 0.35  ptS 0.34  fLog 0.41  pdΔ -0.1525  pkR 14.36  clip 0.02  kl +0.003
upd  223  steps 7340032  sps 13711  opp buf  loss -0.193  pg +0.0006  v 0.002  ev +0.98  adv_std 0.062  tR +0.01  ent[s/d/p/e] 2.31/2.55/0.83/0.60  emits 1.49  spf 43.9  z0 0.12  garr 53.9  tG 1380  e2 0.34  nF 27.1  pS 0.45  ptS 0.44  fLog 0.47  pdΔ -0.0475  pkR 9.52  clip 0.03  kl +0.004
upd  224  steps 7372800  sps 13724  opp frzn  loss -0.170  pg +0.0007  v 0.001  ev +0.98  adv_std 0.051  tR +0.34  ent[s/d/p/e] 1.87/2.29/0.74/0.60  emits 1.49  spf 35.8  z0 0.06  garr 45.8  tG 1094  e2 0.31  nF 28.8  pS 0.36  ptS 0.36  fLog 0.41  pdΔ -0.1393  pkR 14.04  clip 0.02  kl +0.002
upd  225  steps 7405568  sps 13737  opp strn  loss -0.165  pg +0.0004  v 0.002  ev +0.96  adv_std 0.064  tR -0.08  ent[s/d/p/e] 1.82/2.12/0.78/0.63  emits 1.55  spf 29.2  z0 0.01  garr 40.9  tG 600  e2 0.35  nF 27.5  pS 0.38  ptS 0.39  fLog 0.41  pdΔ -0.1247  pkR 18.19  clip 0.02  kl +0.002
upd  226  steps 7438336  sps 13750  opp frzn  loss -0.153  pg -0.0001  v 0.004  ev +0.90  adv_std 0.091  tR -0.34  ent[s/d/p/e] 1.62/1.96/0.76/0.62  emits 1.52  spf 25.7  z0 0.01  garr 35.4  tG 395  e2 0.34  nF 25.3  pS 0.34  ptS 0.34  fLog 0.40  pdΔ -0.1598  pkR 11.02  clip 0.01  kl +0.002
upd  227  steps 7471104  sps 13762  opp buf  loss -0.174  pg +0.0005  v 0.003  ev +0.96  adv_std 0.075  tR +0.10  ent[s/d/p/e] 1.97/2.21/0.83/0.63  emits 1.58  spf 30.6  z0 0.06  garr 37.7  tG 630  e2 0.38  nF 28.0  pS 0.41  ptS 0.40  fLog 0.43  pdΔ -0.0904  pkR 14.97  clip 0.02  kl +0.002
upd  228  steps 7503872  sps 13775  opp buf  loss -0.188  pg +0.0001  v 0.002  ev +0.98  adv_std 0.058  tR +0.04  ent[s/d/p/e] 2.21/2.46/0.83/0.60  emits 1.45  spf 40.2  z0 0.12  garr 48.7  tG 1165  e2 0.33  nF 28.5  pS 0.41  ptS 0.41  fLog 0.45  pdΔ -0.0868  pkR 11.57  clip 0.04  kl +0.003
upd  229  steps 7536640  sps 13795  opp rand  loss -0.165  pg +0.0005  v 0.001  ev +0.98  adv_std 0.052  tR +0.15  ent[s/d/p/e] 1.85/2.20/0.69/0.59  emits 1.43  spf 33.0  z0 0.07  garr 42.4  tG 993  e2 0.30  nF 26.8  pS 0.35  ptS 0.36  fLog 0.41  pdΔ -0.1451  pkR 16.33  clip 0.02  kl +0.001
upd  230  steps 7569408  sps 13815  opp rand  loss -0.149  pg -0.0002  v 0.002  ev +0.96  adv_std 0.063  tR +0.16  ent[s/d/p/e] 1.58/1.92/0.69/0.60  emits 1.52  spf 25.1  z0 0.04  garr 32.5  tG 480  e2 0.33  nF 26.5  pS 0.33  ptS 0.32  fLog 0.39  pdΔ -0.1713  pkR 32.51  clip 0.01  kl +0.002
upd  231  steps 7602176  sps 13828  opp frzn  loss -0.154  pg +0.0005  v 0.002  ev +0.94  adv_std 0.072  tR -0.15  ent[s/d/p/e] 1.67/1.94/0.75/0.62  emits 1.57  spf 26.4  z0 0.02  garr 35.3  tG 402  e2 0.36  nF 25.3  pS 0.35  ptS 0.34  fLog 0.40  pdΔ -0.1515  pkR 15.85  clip 0.02  kl +0.002
upd  232  steps 7634944  sps 13840  opp frzn  loss -0.160  pg +0.0005  v 0.003  ev +0.92  adv_std 0.085  tR -0.43  ent[s/d/p/e] 1.78/1.99/0.78/0.63  emits 1.61  spf 28.4  z0 0.01  garr 41.5  tG 466  e2 0.38  nF 25.7  pS 0.38  ptS 0.38  fLog 0.42  pdΔ -0.1164  pkR 11.53  clip 0.02  kl +0.003
upd  233  steps 7667712  sps 13852  opp frzn  loss -0.155  pg +0.0004  v 0.003  ev +0.92  adv_std 0.075  tR -0.19  ent[s/d/p/e] 1.68/1.94/0.77/0.63  emits 1.58  spf 26.0  z0 0.01  garr 37.5  tG 413  e2 0.37  nF 26.2  pS 0.36  ptS 0.36  fLog 0.41  pdΔ -0.1438  pkR 11.24  clip 0.02  kl +0.002
upd  234  steps 7700480  sps 13872  opp rand  loss -0.150  pg +0.0007  v 0.004  ev +0.93  adv_std 0.085  tR +0.11  ent[s/d/p/e] 1.58/1.96/0.71/0.62  emits 1.52  spf 23.9  z0 0.03  garr 31.1  tG 344  e2 0.33  nF 24.1  pS 0.33  ptS 0.32  fLog 0.39  pdΔ -0.1713  pkR 11.23  clip 0.01  kl +0.002
upd  235  steps 7733248  sps 13883  opp frzn  loss -0.147  pg +0.0000  v 0.002  ev +0.94  adv_std 0.067  tR +0.00  ent[s/d/p/e] 1.50/1.89/0.71/0.61  emits 1.49  spf 21.4  z0 0.02  garr 29.0  tG 308  e2 0.32  nF 27.3  pS 0.30  ptS 0.30  fLog 0.38  pdΔ -0.1977  pkR 12.24  clip 0.02  kl +0.003
upd  236  steps 7766016  sps 13903  opp rand  loss -0.148  pg +0.0009  v 0.004  ev +0.92  adv_std 0.090  tR +0.17  ent[s/d/p/e] 1.58/1.95/0.70/0.61  emits 1.49  spf 24.1  z0 0.02  garr 31.4  tG 350  e2 0.32  nF 25.7  pS 0.33  ptS 0.32  fLog 0.39  pdΔ -0.1745  pkR 12.26  clip 0.01  kl +0.002
upd  237  steps 7798784  sps 13915  opp frzn  loss -0.143  pg +0.0001  v 0.002  ev +0.95  adv_std 0.066  tR -0.15  ent[s/d/p/e] 1.40/1.89/0.69/0.61  emits 1.45  spf 21.0  z0 0.02  garr 27.8  tG 306  e2 0.30  nF 27.6  pS 0.28  ptS 0.28  fLog 0.37  pdΔ -0.2193  pkR 15.23  clip 0.04  kl +0.005
upd  238  steps 7831552  sps 13926  opp buf  loss -0.163  pg +0.0003  v 0.003  ev +0.95  adv_std 0.080  tR -0.09  ent[s/d/p/e] 1.75/2.13/0.78/0.61  emits 1.38  spf 28.9  z0 0.08  garr 35.2  tG 540  e2 0.30  nF 26.2  pS 0.34  ptS 0.33  fLog 0.41  pdΔ -0.1633  pkR 18.94  clip 0.02  kl +0.002
upd  239  steps 7864320  sps 13938  opp frzn  loss -0.162  pg +0.0009  v 0.001  ev +0.97  adv_std 0.054  tR +0.08  ent[s/d/p/e] 1.73/2.18/0.74/0.59  emits 1.40  spf 30.8  z0 0.05  garr 39.1  tG 855  e2 0.29  nF 27.8  pS 0.32  ptS 0.33  fLog 0.39  pdΔ -0.1771  pkR 16.06  clip 0.01  kl +0.002
upd  240  steps 7897088  sps 13950  opp strn  loss -0.159  pg +0.0007  v 0.002  ev +0.96  adv_std 0.063  tR -0.10  ent[s/d/p/e] 1.76/2.01/0.78/0.61  emits 1.49  spf 31.1  z0 0.01  garr 44.7  tG 709  e2 0.33  nF 25.7  pS 0.38  ptS 0.38  fLog 0.42  pdΔ -0.1242  pkR 18.65  clip 0.02  kl +0.002
upd  241  steps 7929856  sps 13961  opp buf  loss -0.176  pg +0.0002  v 0.004  ev +0.95  adv_std 0.091  tR +0.08  ent[s/d/p/e] 2.02/2.22/0.86/0.62  emits 1.51  spf 36.0  z0 0.06  garr 47.4  tG 850  e2 0.36  nF 25.5  pS 0.42  ptS 0.41  fLog 0.44  pdΔ -0.0773  pkR 13.84  clip 0.03  kl +0.003
upd  242  steps 7962624  sps 13972  opp frzn  loss -0.160  pg +0.0005  v 0.001  ev +0.97  adv_std 0.055  tR +0.12  ent[s/d/p/e] 1.73/2.11/0.74/0.59  emits 1.45  spf 30.1  z0 0.04  garr 39.1  tG 794  e2 0.30  nF 26.4  pS 0.33  ptS 0.34  fLog 0.40  pdΔ -0.1651  pkR 14.96  clip 0.01  kl +0.002
upd  243  steps 7995392  sps 13984  opp buf  loss -0.169  pg +0.0005  v 0.002  ev +0.97  adv_std 0.066  tR -0.14  ent[s/d/p/e] 1.86/2.19/0.81/0.61  emits 1.38  spf 32.3  z0 0.10  garr 40.5  tG 742  e2 0.30  nF 24.4  pS 0.37  ptS 0.36  fLog 0.42  pdΔ -0.1331  pkR 15.34  clip 0.02  kl +0.003
upd  244  steps 8028160  sps 13995  opp strn  loss -0.166  pg -0.0003  v 0.002  ev +0.96  adv_std 0.061  tR +0.33  ent[s/d/p/e] 1.82/2.16/0.75/0.61  emits 1.47  spf 32.2  z0 0.03  garr 44.1  tG 853  e2 0.32  nF 28.4  pS 0.36  ptS 0.36  fLog 0.41  pdΔ -0.1444  pkR 15.49  clip 0.03  kl +0.003
upd  245  steps 8060928  sps 14006  opp strn  loss -0.161  pg +0.0010  v 0.002  ev +0.96  adv_std 0.064  tR -0.31  ent[s/d/p/e] 1.78/2.07/0.76/0.61  emits 1.51  spf 30.8  z0 0.02  garr 44.9  tG 686  e2 0.33  nF 26.8  pS 0.37  ptS 0.37  fLog 0.41  pdΔ -0.1336  pkR 20.36  clip 0.02  kl +0.002
upd  246  steps 8093696  sps 14017  opp buf  loss -0.173  pg +0.0004  v 0.003  ev +0.95  adv_std 0.080  tR +0.04  ent[s/d/p/e] 1.96/2.21/0.83/0.61  emits 1.46  spf 34.4  z0 0.07  garr 44.2  tG 772  e2 0.33  nF 25.8  pS 0.41  ptS 0.40  fLog 0.44  pdΔ -0.0901  pkR 22.43  clip 0.03  kl +0.003
upd  247  steps 8126464  sps 14028  opp buf  loss -0.181  pg +0.0005  v 0.002  ev +0.98  adv_std 0.065  tR +0.09  ent[s/d/p/e] 2.10/2.38/0.82/0.57  emits 1.33  spf 44.3  z0 0.12  garr 53.1  tG 1288  e2 0.28  nF 25.9  pS 0.42  ptS 0.41  fLog 0.45  pdΔ -0.0762  pkR 12.59  clip 0.03  kl +0.003
upd  248  steps 8159232  sps 14039  opp buf  loss -0.180  pg +0.0004  v 0.001  ev +0.99  adv_std 0.051  tR +0.00  ent[s/d/p/e] 2.06/2.37/0.83/0.58  emits 1.30  spf 39.7  z0 0.15  garr 46.5  tG 1161  e2 0.27  nF 26.4  pS 0.38  ptS 0.37  fLog 0.43  pdΔ -0.1224  pkR 14.22  clip 0.04  kl +0.003
upd  249  steps 8192000  sps 14057  opp rand  loss -0.157  pg -0.0001  v 0.001  ev +0.98  adv_std 0.055  tR +0.09  ent[s/d/p/e] 1.66/2.16/0.68/0.56  emits 1.33  spf 31.8  z0 0.08  garr 38.6  tG 920  e2 0.25  nF 26.2  pS 0.32  ptS 0.32  fLog 0.40  pdΔ -0.1787  pkR 35.60  clip 0.02  kl +0.002 WRr 0.78 WRf 0.56
upd  250  steps 8224768  sps 13750  opp buf  loss -0.166  pg +0.0005  v 0.002  ev +0.98  adv_std 0.059  tR +0.14  ent[s/d/p/e] 1.83/2.16/0.81/0.60  emits 1.42  spf 34.9  z0 0.08  garr 42.6  tG 819  e2 0.31  nF 26.9  pS 0.38  ptS 0.37  fLog 0.42  pdΔ -0.1202  pkR 14.16  clip 0.02  kl +0.002
upd  251  steps 8257536  sps 13762  opp buf  loss -0.176  pg +0.0005  v 0.002  ev +0.97  adv_std 0.072  tR -0.13  ent[s/d/p/e] 2.01/2.29/0.85/0.60  emits 1.38  spf 38.7  z0 0.13  garr 44.7  tG 1052  e2 0.31  nF 26.4  pS 0.37  ptS 0.36  fLog 0.44  pdΔ -0.1305  pkR 12.41  clip 0.02  kl +0.002
upd  252  steps 8290304  sps 13773  opp buf  loss -0.190  pg +0.0006  v 0.001  ev +0.99  adv_std 0.053  tR -0.05  ent[s/d/p/e] 2.21/2.51/0.87/0.59  emits 1.32  spf 46.6  z0 0.15  garr 52.6  tG 1466  e2 0.29  nF 25.7  pS 0.42  ptS 0.40  fLog 0.46  pdΔ -0.0837  pkR 10.99  clip 0.03  kl +0.003
upd  253  steps 8323072  sps 13785  opp frzn  loss -0.170  pg +0.0006  v 0.001  ev +0.98  adv_std 0.053  tR +0.40  ent[s/d/p/e] 1.89/2.30/0.77/0.57  emits 1.43  spf 39.1  z0 0.04  garr 52.0  tG 1383  e2 0.28  nF 27.1  pS 0.39  ptS 0.40  fLog 0.42  pdΔ -0.1057  pkR 11.02  clip 0.02  kl +0.002
upd  254  steps 8355840  sps 13796  opp frzn  loss -0.156  pg +0.0005  v 0.002  ev +0.96  adv_std 0.061  tR -0.10  ent[s/d/p/e] 1.69/1.97/0.76/0.61  emits 1.56  spf 27.8  z0 0.02  garr 38.3  tG 592  e2 0.35  nF 26.8  pS 0.35  ptS 0.35  fLog 0.40  pdΔ -0.1545  pkR 20.87  clip 0.02  kl +0.001
upd  255  steps 8388608  sps 13807  opp frzn  loss -0.145  pg +0.0004  v 0.004  ev +0.92  adv_std 0.087  tR -0.27  ent[s/d/p/e] 1.53/1.87/0.73/0.60  emits 1.53  spf 24.1  z0 0.01  garr 32.7  tG 378  e2 0.33  nF 26.2  pS 0.31  ptS 0.32  fLog 0.38  pdΔ -0.1886  pkR 10.51  clip 0.02  kl +0.002
upd  256  steps 8421376  sps 13825  opp rand  loss -0.149  pg +0.0007  v 0.003  ev +0.95  adv_std 0.077  tR -0.01  ent[s/d/p/e] 1.58/1.91/0.74/0.61  emits 1.53  spf 22.3  z0 0.04  garr 28.3  tG 328  e2 0.33  nF 26.8  pS 0.32  ptS 0.32  fLog 0.39  pdΔ -0.1763  pkR 14.00  clip 0.01  kl +0.001
upd  257  steps 8454144  sps 13836  opp frzn  loss -0.154  pg +0.0006  v 0.002  ev +0.95  adv_std 0.067  tR +0.13  ent[s/d/p/e] 1.64/1.94/0.77/0.63  emits 1.60  spf 22.5  z0 0.01  garr 30.3  tG 360  e2 0.36  nF 27.7  pS 0.35  ptS 0.35  fLog 0.39  pdΔ -0.1503  pkR 12.29  clip 0.01  kl +0.003
upd  258  steps 8486912  sps 13847  opp frzn  loss -0.164  pg +0.0010  v 0.003  ev +0.94  adv_std 0.074  tR -0.29  ent[s/d/p/e] 1.80/2.09/0.80/0.64  emits 1.66  spf 26.9  z0 0.01  garr 36.9  tG 428  e2 0.38  nF 27.1  pS 0.39  ptS 0.39  fLog 0.42  pdΔ -0.1116  pkR 7.84  clip 0.03  kl +0.002
upd  259  steps 8519680  sps 13858  opp frzn  loss -0.155  pg +0.0008  v 0.004  ev +0.91  adv_std 0.087  tR -0.14  ent[s/d/p/e] 1.65/1.97/0.78/0.63  emits 1.61  spf 26.6  z0 0.01  garr 36.7  tG 430  e2 0.36  nF 26.1  pS 0.35  ptS 0.35  fLog 0.40  pdΔ -0.1464  pkR 9.90  clip 0.02  kl +0.002
upd  260  steps 8552448  sps 13876  opp rand  loss -0.152  pg +0.0003  v 0.003  ev +0.94  adv_std 0.080  tR +0.25  ent[s/d/p/e] 1.60/1.98/0.72/0.62  emits 1.53  spf 25.2  z0 0.03  garr 32.5  tG 385  e2 0.33  nF 27.1  pS 0.33  ptS 0.33  fLog 0.39  pdΔ -0.1658  pkR 12.60  clip 0.02  kl +0.002
upd  261  steps 8585216  sps 13887  opp frzn  loss -0.145  pg +0.0012  v 0.002  ev +0.96  adv_std 0.058  tR +0.12  ent[s/d/p/e] 1.47/1.85/0.74/0.62  emits 1.60  spf 18.9  z0 0.02  garr 24.9  tG 255  e2 0.36  nF 28.3  pS 0.28  ptS 0.28  fLog 0.37  pdΔ -0.2175  pkR 16.36  clip 0.02  kl +0.003
upd  262  steps 8617984  sps 13897  opp strn  loss -0.159  pg +0.0004  v 0.003  ev +0.94  adv_std 0.077  tR -0.41  ent[s/d/p/e] 1.73/2.03/0.78/0.63  emits 1.58  spf 26.5  z0 0.01  garr 36.9  tG 407  e2 0.35  nF 26.4  pS 0.36  ptS 0.36  fLog 0.41  pdΔ -0.1377  pkR 9.31  clip 0.02  kl +0.003
upd  263  steps 8650752  sps 13915  opp rand  loss -0.150  pg +0.0005  v 0.003  ev +0.94  adv_std 0.079  tR +0.23  ent[s/d/p/e] 1.57/1.90/0.76/0.61  emits 1.54  spf 23.8  z0 0.03  garr 32.2  tG 378  e2 0.34  nF 25.1  pS 0.33  ptS 0.33  fLog 0.39  pdΔ -0.1662  pkR 9.34  clip 0.01  kl +0.002
upd  264  steps 8683520  sps 13925  opp buf  loss -0.171  pg +0.0010  v 0.002  ev +0.97  adv_std 0.072  tR +0.03  ent[s/d/p/e] 1.88/2.19/0.85/0.63  emits 1.54  spf 29.3  z0 0.09  garr 35.9  tG 614  e2 0.35  nF 28.5  pS 0.38  ptS 0.37  fLog 0.42  pdΔ -0.1240  pkR 16.89  clip 0.02  kl +0.003
upd  265  steps 8716288  sps 13936  opp frzn  loss -0.156  pg +0.0003  v 0.002  ev +0.97  adv_std 0.061  tR +0.04  ent[s/d/p/e] 1.64/2.05/0.75/0.60  emits 1.50  spf 24.4  z0 0.04  garr 32.6  tG 638  e2 0.32  nF 29.1  pS 0.31  ptS 0.31  fLog 0.38  pdΔ -0.1933  pkR 17.92  clip 0.01  kl +0.002
upd  266  steps 8749056  sps 13946  opp buf  loss -0.172  pg -0.0001  v 0.002  ev +0.98  adv_std 0.062  tR -0.14  ent[s/d/p/e] 1.90/2.17/0.86/0.62  emits 1.50  spf 30.6  z0 0.09  garr 39.6  tG 673  e2 0.34  nF 27.4  pS 0.37  ptS 0.37  fLog 0.42  pdΔ -0.1258  pkR 22.73  clip 0.02  kl +0.003
upd  267  steps 8781824  sps 13956  opp buf  loss -0.189  pg +0.0002  v 0.002  ev +0.98  adv_std 0.063  tR +0.03  ent[s/d/p/e] 2.17/2.50/0.88/0.60  emits 1.40  spf 42.9  z0 0.12  garr 51.2  tG 1258  e2 0.30  nF 27.1  pS 0.42  ptS 0.41  fLog 0.46  pdΔ -0.0827  pkR 12.32  clip 0.02  kl +0.002
upd  268  steps 8814592  sps 13967  opp strn  loss -0.165  pg +0.0005  v 0.001  ev +0.98  adv_std 0.050  tR +0.44  ent[s/d/p/e] 1.83/2.16/0.78/0.58  emits 1.55  spf 33.9  z0 0.03  garr 47.1  tG 1133  e2 0.33  nF 29.7  pS 0.37  ptS 0.38  fLog 0.41  pdΔ -0.1287  pkR 14.60  clip 0.02  kl +0.003
upd  269  steps 8847360  sps 13984  opp rand  loss -0.151  pg +0.0002  v 0.002  ev +0.96  adv_std 0.071  tR -0.09  ent[s/d/p/e] 1.58/2.00/0.72/0.59  emits 1.44  spf 24.9  z0 0.04  garr 33.3  tG 505  e2 0.29  nF 25.4  pS 0.32  ptS 0.32  fLog 0.39  pdΔ -0.1790  pkR 24.39  clip 0.01  kl +0.001
upd  270  steps 8880128  sps 13994  opp frzn  loss -0.147  pg +0.0005  v 0.002  ev +0.95  adv_std 0.066  tR +0.01  ent[s/d/p/e] 1.50/1.87/0.77/0.61  emits 1.52  spf 21.9  z0 0.02  garr 29.4  tG 334  e2 0.33  nF 26.7  pS 0.31  ptS 0.31  fLog 0.38  pdΔ -0.1919  pkR 12.36  clip 0.02  kl +0.002
upd  271  steps 8912896  sps 14004  opp frzn  loss -0.161  pg +0.0005  v 0.003  ev +0.94  adv_std 0.075  tR -0.20  ent[s/d/p/e] 1.76/2.03/0.79/0.63  emits 1.57  spf 29.1  z0 0.01  garr 44.0  tG 501  e2 0.35  nF 25.8  pS 0.38  ptS 0.39  fLog 0.42  pdΔ -0.1181  pkR 10.27  clip 0.02  kl +0.002
upd  272  steps 8945664  sps 14014  opp frzn  loss -0.157  pg -0.0004  v 0.003  ev +0.94  adv_std 0.078  tR -0.17  ent[s/d/p/e] 1.67/1.99/0.78/0.61  emits 1.52  spf 28.1  z0 0.01  garr 40.8  tG 468  e2 0.33  nF 25.3  pS 0.36  ptS 0.36  fLog 0.41  pdΔ -0.1370  pkR 7.94  clip 0.02  kl +0.003
upd  273  steps 8978432  sps 14024  opp strn  loss -0.156  pg +0.0006  v 0.002  ev +0.94  adv_std 0.070  tR -0.31  ent[s/d/p/e] 1.70/1.93/0.80/0.62  emits 1.65  spf 27.8  z0 0.01  garr 42.6  tG 496  e2 0.39  nF 27.3  pS 0.37  ptS 0.37  fLog 0.41  pdΔ -0.1263  pkR 8.64  clip 0.03  kl +0.004
upd  274  steps 9011200  sps 14040  opp rand  loss -0.151  pg +0.0003  v 0.003  ev +0.94  adv_std 0.080  tR +0.11  ent[s/d/p/e] 1.58/1.97/0.73/0.61  emits 1.50  spf 22.7  z0 0.02  garr 31.6  tG 345  e2 0.32  nF 26.5  pS 0.33  ptS 0.33  fLog 0.39  pdΔ -0.1717  pkR 10.62  clip 0.02  kl +0.001
upd  275  steps 9043968  sps 14050  opp frzn  loss -0.150  pg +0.0003  v 0.002  ev +0.96  adv_std 0.060  tR +0.06  ent[s/d/p/e] 1.58/1.86/0.78/0.61  emits 1.62  spf 21.9  z0 0.02  garr 33.2  tG 370  e2 0.38  nF 28.2  pS 0.33  ptS 0.33  fLog 0.38  pdΔ -0.1664  pkR 11.91  clip 0.03  kl +0.003
upd  276  steps 9076736  sps 14066  opp rand  loss -0.154  pg +0.0004  v 0.003  ev +0.94  adv_std 0.081  tR +0.12  ent[s/d/p/e] 1.63/2.01/0.75/0.62  emits 1.53  spf 24.2  z0 0.01  garr 36.3  tG 427  e2 0.34  nF 26.0  pS 0.36  ptS 0.35  fLog 0.40  pdΔ -0.1407  pkR 10.22  clip 0.01  kl +0.001
upd  277  steps 9109504  sps 14076  opp buf  loss -0.172  pg +0.0000  v 0.003  ev +0.96  adv_std 0.073  tR +0.29  ent[s/d/p/e] 1.90/2.21/0.85/0.62  emits 1.47  spf 31.2  z0 0.08  garr 41.7  tG 770  e2 0.33  nF 26.8  pS 0.39  ptS 0.38  fLog 0.42  pdΔ -0.1092  pkR 15.64  clip 0.03  kl +0.003
upd  278  steps 9142272  sps 14086  opp strn  loss -0.154  pg +0.0001  v 0.002  ev +0.97  adv_std 0.060  tR -0.05  ent[s/d/p/e] 1.60/2.04/0.74/0.60  emits 1.46  spf 26.2  z0 0.06  garr 36.2  tG 729  e2 0.31  nF 27.0  pS 0.30  ptS 0.30  fLog 0.39  pdΔ -0.1995  pkR 18.36  clip 0.02  kl +0.003
upd  279  steps 9175040  sps 14095  opp buf  loss -0.168  pg +0.0010  v 0.002  ev +0.97  adv_std 0.070  tR -0.10  ent[s/d/p/e] 1.83/2.17/0.84/0.61  emits 1.41  spf 29.1  z0 0.10  garr 38.0  tG 641  e2 0.31  nF 25.7  pS 0.35  ptS 0.34  fLog 0.41  pdΔ -0.1497  pkR 19.24  clip 0.01  kl +0.002
upd  280  steps 9207808  sps 14105  opp frzn  loss -0.161  pg +0.0005  v 0.002  ev +0.97  adv_std 0.060  tR +0.16  ent[s/d/p/e] 1.71/2.17/0.76/0.59  emits 1.44  spf 29.3  z0 0.05  garr 41.5  tG 916  e2 0.29  nF 26.1  pS 0.33  ptS 0.34  fLog 0.40  pdΔ -0.1659  pkR 13.88  clip 0.02  kl +0.002
upd  281  steps 9240576  sps 14114  opp buf  loss -0.170  pg +0.0002  v 0.002  ev +0.98  adv_std 0.062  tR +0.05  ent[s/d/p/e] 1.87/2.16/0.86/0.61  emits 1.45  spf 32.6  z0 0.09  garr 46.4  tG 868  e2 0.33  nF 25.9  pS 0.38  ptS 0.38  fLog 0.42  pdΔ -0.1156  pkR 17.29  clip 0.01  kl +0.002
upd  282  steps 9273344  sps 14124  opp strn  loss -0.161  pg +0.0006  v 0.002  ev +0.96  adv_std 0.061  tR +0.03  ent[s/d/p/e] 1.73/2.09/0.79/0.60  emits 1.51  spf 28.5  z0 0.03  garr 39.8  tG 795  e2 0.33  nF 29.2  pS 0.35  ptS 0.35  fLog 0.40  pdΔ -0.1507  pkR 15.09  clip 0.01  kl +0.001
upd  283  steps 9306112  sps 14133  opp frzn  loss -0.159  pg +0.0010  v 0.002  ev +0.96  adv_std 0.068  tR +0.00  ent[s/d/p/e] 1.73/2.06/0.78/0.61  emits 1.52  spf 29.6  z0 0.01  garr 42.7  tG 668  e2 0.33  nF 28.5  pS 0.37  ptS 0.37  fLog 0.40  pdΔ -0.1330  pkR 18.29  clip 0.02  kl +0.002
upd  284  steps 9338880  sps 14143  opp buf  loss -0.168  pg +0.0002  v 0.003  ev +0.96  adv_std 0.074  tR -0.05  ent[s/d/p/e] 1.78/2.21/0.84/0.61  emits 1.44  spf 30.3  z0 0.07  garr 37.0  tG 691  e2 0.31  nF 26.7  pS 0.35  ptS 0.35  fLog 0.41  pdΔ -0.1465  pkR 18.58  clip 0.03  kl +0.003
upd  285  steps 9371648  sps 14152  opp buf  loss -0.182  pg +0.0010  v 0.002  ev +0.98  adv_std 0.057  tR +0.06  ent[s/d/p/e] 2.06/2.41/0.86/0.60  emits 1.35  spf 41.4  z0 0.13  garr 48.7  tG 1202  e2 0.29  nF 27.1  pS 0.40  ptS 0.40  fLog 0.44  pdΔ -0.0953  pkR 11.48  clip 0.02  kl +0.002
upd  286  steps 9404416  sps 14161  opp buf  loss -0.177  pg +0.0007  v 0.001  ev +0.99  adv_std 0.050  tR -0.08  ent[s/d/p/e] 1.98/2.32/0.86/0.58  emits 1.31  spf 38.0  z0 0.14  garr 47.0  tG 1180  e2 0.28  nF 26.0  pS 0.37  ptS 0.37  fLog 0.43  pdΔ -0.1263  pkR 12.74  clip 0.02  kl +0.002
upd  287  steps 9437184  sps 14170  opp frzn  loss -0.161  pg +0.0006  v 0.001  ev +0.98  adv_std 0.049  tR +0.13  ent[s/d/p/e] 1.75/2.09/0.77/0.58  emits 1.46  spf 29.4  z0 0.05  garr 40.4  tG 839  e2 0.31  nF 28.4  pS 0.34  ptS 0.34  fLog 0.40  pdΔ -0.1580  pkR 13.14  clip 0.03  kl +0.004
upd  288  steps 9469952  sps 14179  opp frzn  loss -0.160  pg +0.0001  v 0.002  ev +0.95  adv_std 0.067  tR -0.38  ent[s/d/p/e] 1.74/2.00/0.81/0.62  emits 1.55  spf 28.0  z0 0.02  garr 41.1  tG 544  e2 0.35  nF 26.5  pS 0.37  ptS 0.37  fLog 0.41  pdΔ -0.1346  pkR 22.96  clip 0.02  kl +0.002
upd  289  steps 9502720  sps 14189  opp strn  loss -0.153  pg +0.0009  v 0.003  ev +0.92  adv_std 0.079  tR -0.05  ent[s/d/p/e] 1.61/1.95/0.78/0.62  emits 1.57  spf 25.1  z0 0.01  garr 36.5  tG 395  e2 0.35  nF 25.8  pS 0.34  ptS 0.34  fLog 0.40  pdΔ -0.1589  pkR 11.08  clip 0.04  kl +0.005
upd  290  steps 9535488  sps 14198  opp frzn  loss -0.158  pg +0.0005  v 0.003  ev +0.94  adv_std 0.075  tR -0.19  ent[s/d/p/e] 1.71/1.97/0.79/0.63  emits 1.66  spf 26.5  z0 0.01  garr 40.2  tG 448  e2 0.39  nF 26.9  pS 0.37  ptS 0.37  fLog 0.41  pdΔ -0.1342  pkR 9.86  clip 0.02  kl +0.002
upd  291  steps 9568256  sps 14213  opp rand  loss -0.154  pg +0.0006  v 0.003  ev +0.95  adv_std 0.082  tR +0.25  ent[s/d/p/e] 1.61/2.01/0.75/0.62  emits 1.57  spf 23.6  z0 0.03  garr 30.9  tG 364  e2 0.35  nF 25.9  pS 0.33  ptS 0.33  fLog 0.40  pdΔ -0.1693  pkR 13.65  clip 0.02  kl +0.002
upd  292  steps 9601024  sps 14222  opp frzn  loss -0.150  pg +0.0004  v 0.002  ev +0.96  adv_std 0.058  tR -0.08  ent[s/d/p/e] 1.56/1.88/0.78/0.62  emits 1.63  spf 22.2  z0 0.02  garr 30.7  tG 336  e2 0.37  nF 28.9  pS 0.32  ptS 0.32  fLog 0.38  pdΔ -0.1840  pkR 13.45  clip 0.02  kl +0.002
upd  293  steps 9633792  sps 14231  opp frzn  loss -0.154  pg +0.0008  v 0.003  ev +0.93  adv_std 0.082  tR -0.40  ent[s/d/p/e] 1.65/1.94/0.79/0.62  emits 1.62  spf 24.2  z0 0.01  garr 35.0  tG 382  e2 0.37  nF 27.3  pS 0.35  ptS 0.34  fLog 0.40  pdΔ -0.1537  pkR 8.54  clip 0.02  kl +0.001
upd  294  steps 9666560  sps 14240  opp strn  loss -0.155  pg +0.0007  v 0.003  ev +0.92  adv_std 0.078  tR -0.21  ent[s/d/p/e] 1.65/1.96/0.78/0.63  emits 1.61  spf 24.5  z0 0.01  garr 35.0  tG 383  e2 0.37  nF 27.8  pS 0.35  ptS 0.35  fLog 0.39  pdΔ -0.1521  pkR 8.82  clip 0.01  kl +0.002
upd  295  steps 9699328  sps 14248  opp buf  loss -0.171  pg +0.0008  v 0.004  ev +0.95  adv_std 0.085  tR -0.06  ent[s/d/p/e] 1.90/2.17/0.85/0.63  emits 1.59  spf 27.6  z0 0.07  garr 33.8  tG 503  e2 0.38  nF 29.3  pS 0.37  ptS 0.36  fLog 0.41  pdΔ -0.1274  pkR 13.38  clip 0.01  kl +0.002
upd  296  steps 9732096  sps 14257  opp buf  loss -0.187  pg +0.0003  v 0.001  ev +0.98  adv_std 0.055  tR +0.04  ent[s/d/p/e] 2.16/2.46/0.86/0.60  emits 1.45  spf 42.1  z0 0.13  garr 47.6  tG 1167  e2 0.32  nF 27.9  pS 0.40  ptS 0.39  fLog 0.45  pdΔ -0.1001  pkR 19.91  clip 0.03  kl +0.003
upd  297  steps 9764864  sps 14266  opp frzn  loss -0.162  pg +0.0011  v 0.001  ev +0.98  adv_std 0.051  tR +0.20  ent[s/d/p/e] 1.75/2.12/0.77/0.60  emits 1.53  spf 30.8  z0 0.04  garr 40.1  tG 918  e2 0.33  nF 27.9  pS 0.34  ptS 0.34  fLog 0.40  pdΔ -0.1632  pkR 31.04  clip 0.01  kl +0.002
upd  298  steps 9797632  sps 14274  opp frzn  loss -0.157  pg +0.0007  v 0.002  ev +0.96  adv_std 0.064  tR -0.23  ent[s/d/p/e] 1.71/1.97/0.78/0.62  emits 1.64  spf 27.5  z0 0.01  garr 38.7  tG 521  e2 0.37  nF 28.4  pS 0.35  ptS 0.35  fLog 0.40  pdΔ -0.1519  pkR 24.52  clip 0.01  kl +0.002
upd  299  steps 9830400  sps 14283  opp frzn  loss -0.149  pg -0.0003  v 0.002  ev +0.94  adv_std 0.073  tR -0.31  ent[s/d/p/e] 1.52/1.90/0.75/0.62  emits 1.65  spf 20.5  z0 0.01  garr 26.4  tG 266  e2 0.37  nF 28.5  pS 0.30  ptS 0.30  fLog 0.38  pdΔ -0.1988  pkR 12.51  clip 0.03  kl +0.002 WRr 0.69 WRf 0.78
[ckpt] saved ckpt_multi_action_v11_f40_buffer/ckpt_000299.pkl
upd  300  steps 9863168  sps 14017  opp buf  loss -0.163  pg +0.0005  v 0.002  ev +0.97  adv_std 0.071  tR -0.01  ent[s/d/p/e] 1.76/2.07/0.84/0.61  emits 1.61  spf 25.0  z0 0.08  garr 28.4  tG 464  e2 0.37  nF 28.7  pS 0.35  ptS 0.34  fLog 0.40  pdΔ -0.1545  pkR 20.55  clip 0.02  kl +0.003
upd  301  steps 9895936  sps 14032  opp rand  loss -0.156  pg +0.0003  v 0.002  ev +0.97  adv_std 0.065  tR +0.06  ent[s/d/p/e] 1.66/2.10/0.71/0.58  emits 1.54  spf 28.4  z0 0.07  garr 35.5  tG 809  e2 0.32  nF 27.9  pS 0.31  ptS 0.31  fLog 0.39  pdΔ -0.1876  pkR 18.49  clip 0.02  kl +0.002
upd  302  steps 9928704  sps 14041  opp buf  loss -0.172  pg +0.0007  v 0.002  ev +0.98  adv_std 0.059  tR +0.13  ent[s/d/p/e] 1.91/2.20/0.85/0.61  emits 1.65  spf 31.1  z0 0.09  garr 35.9  tG 689  e2 0.38  nF 30.7  pS 0.39  ptS 0.38  fLog 0.42  pdΔ -0.1122  pkR 22.09  clip 0.02  kl +0.003
upd  303  steps 9961472  sps 14056  opp rand  loss -0.158  pg +0.0003  v 0.002  ev +0.98  adv_std 0.056  tR +0.11  ent[s/d/p/e] 1.70/2.12/0.72/0.58  emits 1.56  spf 28.1  z0 0.07  garr 35.6  tG 786  e2 0.32  nF 29.5  pS 0.32  ptS 0.32  fLog 0.39  pdΔ -0.1807  pkR 24.59  clip 0.01  kl +0.002
upd  304  steps 9994240  sps 14065  opp frzn  loss -0.147  pg +0.0008  v 0.002  ev +0.96  adv_std 0.061  tR +0.05  ent[s/d/p/e] 1.54/1.88/0.73/0.60  emits 1.72  spf 20.0  z0 0.04  garr 24.5  tG 337  e2 0.38  nF 30.6  pS 0.29  ptS 0.30  fLog 0.37  pdΔ -0.2051  pkR 33.37  clip 0.02  kl +0.002
upd  305  steps 10027008  sps 14074  opp strn  loss -0.154  pg +0.0001  v 0.002  ev +0.95  adv_std 0.068  tR -0.44  ent[s/d/p/e] 1.65/1.96/0.75/0.61  emits 1.80  spf 23.7  z0 0.01  garr 30.7  tG 365  e2 0.40  nF 30.5  pS 0.34  ptS 0.34  fLog 0.39  pdΔ -0.1578  pkR 15.93  clip 0.02  kl +0.003
upd  306  steps 10059776  sps 14089  opp rand  loss -0.150  pg -0.0000  v 0.003  ev +0.94  adv_std 0.090  tR +0.20  ent[s/d/p/e] 1.59/1.96/0.71/0.61  emits 1.77  spf 20.7  z0 0.03  garr 24.8  tG 294  e2 0.39  nF 31.1  pS 0.32  ptS 0.32  fLog 0.38  pdΔ -0.1841  pkR 17.58  clip 0.02  kl +0.002
upd  307  steps 10092544  sps 14103  opp rand  loss -0.145  pg +0.0000  v 0.002  ev +0.97  adv_std 0.062  tR +0.00  ent[s/d/p/e] 1.50/1.86/0.72/0.59  emits 1.71  spf 18.1  z0 0.05  garr 21.4  tG 258  e2 0.38  nF 29.8  pS 0.29  ptS 0.29  fLog 0.37  pdΔ -0.2058  pkR 17.36  clip 0.02  kl +0.003
upd  308  steps 10125312  sps 14112  opp buf  loss -0.169  pg +0.0005  v 0.002  ev +0.97  adv_std 0.070  tR +0.01  ent[s/d/p/e] 1.86/2.19/0.83/0.61  emits 1.72  spf 28.9  z0 0.09  garr 33.3  tG 654  e2 0.39  nF 31.1  pS 0.36  ptS 0.35  fLog 0.41  pdΔ -0.1399  pkR 34.94  clip 0.03  kl +0.003
upd  309  steps 10158080  sps 14121  opp frzn  loss -0.156  pg +0.0004  v 0.001  ev +0.97  adv_std 0.056  tR +0.03  ent[s/d/p/e] 1.67/2.01/0.75/0.61  emits 1.73  spf 23.0  z0 0.05  garr 29.6  tG 565  e2 0.39  nF 33.0  pS 0.30  ptS 0.31  fLog 0.38  pdΔ -0.1982  pkR 27.57  clip 0.02  kl +0.003
upd  310  steps 10190848  sps 14135  opp rand  loss -0.154  pg +0.0008  v 0.002  ev +0.97  adv_std 0.067  tR -0.05  ent[s/d/p/e] 1.67/1.99/0.72/0.61  emits 1.70  spf 22.7  z0 0.04  garr 27.6  tG 388  e2 0.38  nF 31.8  pS 0.32  ptS 0.32  fLog 0.38  pdΔ -0.1822  pkR 21.75  clip 0.03  kl +0.003
upd  311  steps 10223616  sps 14144  opp frzn  loss -0.150  pg -0.0004  v 0.002  ev +0.95  adv_std 0.062  tR +0.07  ent[s/d/p/e] 1.57/1.88/0.75/0.62  emits 1.79  spf 20.1  z0 0.02  garr 24.5  tG 265  e2 0.41  nF 31.7  pS 0.31  ptS 0.31  fLog 0.38  pdΔ -0.1883  pkR 12.99  clip 0.03  kl +0.004
upd  312  steps 10256384  sps 14152  opp buf  loss -0.173  pg +0.0006  v 0.002  ev +0.97  adv_std 0.071  tR +0.00  ent[s/d/p/e] 1.95/2.19/0.85/0.63  emits 1.77  spf 29.0  z0 0.08  garr 35.1  tG 621  e2 0.41  nF 32.0  pS 0.39  ptS 0.39  fLog 0.41  pdΔ -0.1068  pkR 24.32  clip 0.02  kl +0.002
upd  313  steps 10289152  sps 14166  opp rand  loss -0.152  pg +0.0012  v 0.002  ev +0.97  adv_std 0.061  tR +0.24  ent[s/d/p/e] 1.61/2.06/0.69/0.58  emits 1.55  spf 26.4  z0 0.07  garr 36.2  tG 858  e2 0.31  nF 29.0  pS 0.31  ptS 0.31  fLog 0.38  pdΔ -0.1909  pkR 20.60  clip 0.02  kl +0.002
upd  314  steps 10321920  sps 14175  opp buf  loss -0.161  pg +0.0006  v 0.002  ev +0.98  adv_std 0.059  tR -0.16  ent[s/d/p/e] 1.72/2.06/0.80/0.62  emits 1.62  spf 25.4  z0 0.11  garr 28.2  tG 524  e2 0.36  nF 30.1  pS 0.32  ptS 0.31  fLog 0.39  pdΔ -0.1817  pkR 28.95  clip 0.03  kl +0.003
upd  315  steps 10354688  sps 14183  opp buf  loss -0.177  pg +0.0004  v 0.002  ev +0.98  adv_std 0.062  tR -0.03  ent[s/d/p/e] 2.00/2.32/0.84/0.60  emits 1.56  spf 37.3  z0 0.13  garr 45.2  tG 1093  e2 0.34  nF 28.5  pS 0.39  ptS 0.37  fLog 0.43  pdΔ -0.1141  pkR 15.39  clip 0.02  kl +0.002
upd  316  steps 10387456  sps 14197  opp rand  loss -0.161  pg +0.0006  v 0.002  ev +0.97  adv_std 0.059  tR +0.21  ent[s/d/p/e] 1.74/2.15/0.73/0.59  emits 1.61  spf 29.2  z0 0.06  garr 36.0  tG 839  e2 0.33  nF 30.6  pS 0.33  ptS 0.33  fLog 0.40  pdΔ -0.1662  pkR 14.96  clip 0.02  kl +0.002
upd  317  steps 10420224  sps 14206  opp buf  loss -0.165  pg +0.0000  v 0.002  ev +0.98  adv_std 0.062  tR -0.11  ent[s/d/p/e] 1.78/2.10/0.83/0.62  emits 1.66  spf 24.4  z0 0.10  garr 29.1  tG 522  e2 0.38  nF 30.9  pS 0.33  ptS 0.33  fLog 0.39  pdΔ -0.1654  pkR 27.26  clip 0.02  kl +0.003
upd  318  steps 10452992  sps 14220  opp rand  loss -0.161  pg +0.0006  v 0.002  ev +0.97  adv_std 0.066  tR +0.32  ent[s/d/p/e] 1.74/2.15/0.73/0.60  emits 1.62  spf 27.9  z0 0.05  garr 36.0  tG 755  e2 0.34  nF 29.5  pS 0.36  ptS 0.35  fLog 0.40  pdΔ -0.1422  pkR 15.96  clip 0.02  kl +0.002
upd  319  steps 10485760  sps 14228  opp buf  loss -0.175  pg +0.0008  v 0.002  ev +0.98  adv_std 0.060  tR +0.10  ent[s/d/p/e] 1.97/2.24/0.85/0.62  emits 1.72  spf 29.8  z0 0.09  garr 36.9  tG 718  e2 0.39  nF 31.4  pS 0.40  ptS 0.39  fLog 0.42  pdΔ -0.0966  pkR 18.23  clip 0.03  kl +0.004
upd  320  steps 10518528  sps 14236  opp frzn  loss -0.153  pg +0.0008  v 0.001  ev +0.97  adv_std 0.059  tR +0.10  ent[s/d/p/e] 1.64/1.99/0.73/0.59  emits 1.69  spf 24.7  z0 0.04  garr 31.1  tG 643  e2 0.36  nF 31.5  pS 0.31  ptS 0.32  fLog 0.38  pdΔ -0.1889  pkR 17.82  clip 0.02  kl +0.002
upd  321  steps 10551296  sps 14244  opp buf  loss -0.167  pg +0.0005  v 0.002  ev +0.97  adv_std 0.067  tR -0.07  ent[s/d/p/e] 1.86/2.12/0.83/0.61  emits 1.69  spf 26.7  z0 0.08  garr 33.7  tG 645  e2 0.38  nF 31.4  pS 0.37  ptS 0.37  fLog 0.40  pdΔ -0.1266  pkR 19.11  clip 0.03  kl +0.003
upd  322  steps 10584064  sps 14252  opp strn  loss -0.160  pg -0.0002  v 0.002  ev +0.96  adv_std 0.066  tR +0.15  ent[s/d/p/e] 1.70/2.09/0.75/0.60  emits 1.70  spf 23.8  z0 0.05  garr 28.6  tG 531  e2 0.36  nF 31.5  pS 0.32  ptS 0.32  fLog 0.38  pdΔ -0.1846  pkR 21.07  clip 0.02  kl +0.002
upd  323  steps 10616832  sps 14266  opp rand  loss -0.155  pg +0.0004  v 0.002  ev +0.96  adv_std 0.065  tR +0.05  ent[s/d/p/e] 1.71/1.97/0.73/0.61  emits 1.79  spf 23.5  z0 0.04  garr 28.0  tG 372  e2 0.40  nF 30.8  pS 0.34  ptS 0.34  fLog 0.39  pdΔ -0.1649  pkR 23.00  clip 0.02  kl +0.003
upd  324  steps 10649600  sps 14274  opp buf  loss -0.168  pg +0.0006  v 0.002  ev +0.97  adv_std 0.070  tR +0.14  ent[s/d/p/e] 1.86/2.14/0.84/0.62  emits 1.74  spf 26.6  z0 0.08  garr 31.5  tG 525  e2 0.40  nF 31.5  pS 0.37  ptS 0.37  fLog 0.41  pdΔ -0.1285  pkR 21.41  clip 0.02  kl +0.003
upd  325  steps 10682368  sps 14282  opp buf  loss -0.179  pg +0.0002  v 0.002  ev +0.98  adv_std 0.063  tR -0.05  ent[s/d/p/e] 2.05/2.33/0.84/0.60  emits 1.60  spf 39.8  z0 0.14  garr 45.7  tG 1120  e2 0.35  nF 30.3  pS 0.39  ptS 0.39  fLog 0.43  pdΔ -0.1068  pkR 17.97  clip 0.02  kl +0.002
upd  326  steps 10715136  sps 14295  opp rand  loss -0.161  pg +0.0005  v 0.001  ev +0.98  adv_std 0.054  tR +0.21  ent[s/d/p/e] 1.76/2.15/0.73/0.58  emits 1.58  spf 29.5  z0 0.07  garr 35.1  tG 800  e2 0.32  nF 29.1  pS 0.34  ptS 0.34  fLog 0.41  pdΔ -0.1569  pkR 15.87  clip 0.02  kl +0.002
upd  327  steps 10747904  sps 14303  opp strn  loss -0.153  pg +0.0001  v 0.002  ev +0.97  adv_std 0.059  tR +0.16  ent[s/d/p/e] 1.66/1.93/0.73/0.62  emits 1.72  spf 23.1  z0 0.02  garr 29.8  tG 399  e2 0.38  nF 30.4  pS 0.32  ptS 0.33  fLog 0.39  pdΔ -0.1755  pkR 28.67  clip 0.02  kl +0.003
upd  328  steps 10780672  sps 14310  opp strn  loss -0.155  pg +0.0008  v 0.003  ev +0.94  adv_std 0.078  tR -0.37  ent[s/d/p/e] 1.69/1.96/0.75/0.63  emits 1.75  spf 24.6  z0 0.01  garr 31.6  tG 340  e2 0.40  nF 29.1  pS 0.35  ptS 0.35  fLog 0.40  pdΔ -0.1529  pkR 8.42  clip 0.01  kl +0.002
upd  329  steps 10813440  sps 14318  opp frzn  loss -0.154  pg +0.0010  v 0.002  ev +0.95  adv_std 0.068  tR -0.46  ent[s/d/p/e] 1.67/1.92/0.76/0.63  emits 1.76  spf 24.3  z0 0.01  garr 31.6  tG 333  e2 0.40  nF 28.4  pS 0.34  ptS 0.34  fLog 0.40  pdΔ -0.1586  pkR 9.34  clip 0.02  kl +0.003
upd  330  steps 10846208  sps 14326  opp buf  loss -0.174  pg +0.0003  v 0.003  ev +0.96  adv_std 0.085  tR +0.08  ent[s/d/p/e] 1.98/2.20/0.85/0.62  emits 1.72  spf 30.3  z0 0.08  garr 35.0  tG 598  e2 0.39  nF 30.4  pS 0.40  ptS 0.39  fLog 0.43  pdΔ -0.1008  pkR 14.98  clip 0.03  kl +0.002
upd  331  steps 10878976  sps 14339  opp rand  loss -0.165  pg +0.0010  v 0.001  ev +0.98  adv_std 0.052  tR +0.28  ent[s/d/p/e] 1.83/2.20/0.75/0.58  emits 1.58  spf 32.8  z0 0.05  garr 40.1  tG 943  e2 0.32  nF 29.2  pS 0.37  ptS 0.37  fLog 0.42  pdΔ -0.1266  pkR 12.89  clip 0.03  kl +0.003
upd  332  steps 10911744  sps 14347  opp buf  loss -0.172  pg +0.0000  v 0.001  ev +0.98  adv_std 0.056  tR +0.12  ent[s/d/p/e] 1.91/2.19/0.83/0.61  emits 1.64  spf 28.4  z0 0.09  garr 33.4  tG 651  e2 0.36  nF 29.4  pS 0.38  ptS 0.37  fLog 0.42  pdΔ -0.1236  pkR 22.78  clip 0.02  kl +0.003
upd  333  steps 10944512  sps 14354  opp buf  loss -0.179  pg +0.0003  v 0.002  ev +0.97  adv_std 0.067  tR +0.01  ent[s/d/p/e] 2.02/2.36/0.82/0.60  emits 1.52  spf 33.8  z0 0.12  garr 38.1  tG 880  e2 0.33  nF 29.7  pS 0.37  ptS 0.37  fLog 0.42  pdΔ -0.1266  pkR 14.78  clip 0.03  kl +0.003
upd  334  steps 10977280  sps 14362  opp frzn  loss -0.166  pg +0.0005  v 0.001  ev +0.98  adv_std 0.051  tR +0.17  ent[s/d/p/e] 1.83/2.16/0.78/0.60  emits 1.62  spf 30.5  z0 0.05  garr 38.2  tG 841  e2 0.35  nF 29.8  pS 0.35  ptS 0.35  fLog 0.41  pdΔ -0.1483  pkR 14.04  clip 0.02  kl +0.003
upd  335  steps 11010048  sps 14375  opp rand  loss -0.159  pg -0.0001  v 0.002  ev +0.97  adv_std 0.065  tR +0.12  ent[s/d/p/e] 1.75/2.01/0.75/0.62  emits 1.62  spf 27.3  z0 0.04  garr 34.6  tG 491  e2 0.36  nF 27.2  pS 0.36  ptS 0.35  fLog 0.41  pdΔ -0.1415  pkR 19.88  clip 0.02  kl +0.002
upd  336  steps 11042816  sps 14383  opp buf  loss -0.169  pg +0.0007  v 0.002  ev +0.98  adv_std 0.059  tR -0.03  ent[s/d/p/e] 1.86/2.14/0.85/0.63  emits 1.61  spf 26.5  z0 0.10  garr 31.1  tG 539  e2 0.37  nF 29.7  pS 0.36  ptS 0.35  fLog 0.41  pdΔ -0.1427  pkR 16.66  clip 0.02  kl +0.002
upd  337  steps 11075584  sps 14390  opp buf  loss -0.184  pg +0.0007  v 0.002  ev +0.98  adv_std 0.059  tR +0.15  ent[s/d/p/e] 2.14/2.36/0.88/0.60  emits 1.54  spf 38.8  z0 0.11  garr 48.5  tG 1179  e2 0.34  nF 28.9  pS 0.43  ptS 0.43  fLog 0.45  pdΔ -0.0661  pkR 13.14  clip 0.03  kl +0.003
upd  338  steps 11108352  sps 14397  opp frzn  loss -0.170  pg +0.0002  v 0.001  ev +0.98  adv_std 0.048  tR +0.29  ent[s/d/p/e] 1.87/2.20/0.80/0.61  emits 1.57  spf 32.4  z0 0.03  garr 42.5  tG 928  e2 0.33  nF 29.5  pS 0.37  ptS 0.37  fLog 0.42  pdΔ -0.1289  pkR 13.89  clip 0.02  kl +0.003
upd  339  steps 11141120  sps 14405  opp strn  loss -0.159  pg +0.0007  v 0.002  ev +0.97  adv_std 0.058  tR -0.25  ent[s/d/p/e] 1.73/1.99/0.77/0.63  emits 1.58  spf 28.7  z0 0.03  garr 41.2  tG 579  e2 0.35  nF 28.1  pS 0.35  ptS 0.35  fLog 0.41  pdΔ -0.1529  pkR 16.33  clip 0.02  kl +0.002
upd  340  steps 11173888  sps 14418  opp rand  loss -0.154  pg +0.0001  v 0.003  ev +0.94  adv_std 0.084  tR +0.09  ent[s/d/p/e] 1.66/1.97/0.74/0.62  emits 1.63  spf 24.2  z0 0.02  garr 31.6  tG 374  e2 0.35  nF 27.5  pS 0.35  ptS 0.34  fLog 0.40  pdΔ -0.1544  pkR 13.50  clip 0.03  kl +0.002
upd  341  steps 11206656  sps 14425  opp buf  loss -0.172  pg +0.0007  v 0.002  ev +0.97  adv_std 0.063  tR +0.25  ent[s/d/p/e] 1.89/2.18/0.87/0.63  emits 1.65  spf 27.6  z0 0.08  garr 33.2  tG 585  e2 0.38  nF 30.1  pS 0.38  ptS 0.37  fLog 0.41  pdΔ -0.1228  pkR 15.94  clip 0.01  kl +0.002
upd  342  steps 11239424  sps 14438  opp rand  loss -0.154  pg +0.0004  v 0.001  ev +0.98  adv_std 0.056  tR +0.11  ent[s/d/p/e] 1.60/2.08/0.72/0.58  emits 1.46  spf 26.8  z0 0.07  garr 33.7  tG 763  e2 0.29  nF 29.1  pS 0.30  ptS 0.30  fLog 0.38  pdΔ -0.2014  pkR 16.98  clip 0.02  kl +0.002
upd  343  steps 11272192  sps 14445  opp buf  loss -0.172  pg +0.0006  v 0.002  ev +0.97  adv_std 0.062  tR +0.00  ent[s/d/p/e] 1.89/2.19/0.85/0.63  emits 1.61  spf 29.5  z0 0.09  garr 36.4  tG 630  e2 0.37  nF 29.7  pS 0.38  ptS 0.37  fLog 0.42  pdΔ -0.1182  pkR 17.15  clip 0.03  kl +0.003
upd  344  steps 11304960  sps 14458  opp rand  loss -0.158  pg +0.0009  v 0.002  ev +0.97  adv_std 0.063  tR +0.17  ent[s/d/p/e] 1.72/2.12/0.71/0.59  emits 1.48  spf 28.5  z0 0.06  garr 36.0  tG 744  e2 0.30  nF 27.7  pS 0.33  ptS 0.33  fLog 0.40  pdΔ -0.1656  pkR 15.93  clip 0.01  kl +0.002
upd  345  steps 11337728  sps 14465  opp strn  loss -0.157  pg -0.0003  v 0.001  ev +0.97  adv_std 0.054  tR +0.04  ent[s/d/p/e] 1.67/1.96/0.76/0.63  emits 1.60  spf 25.1  z0 0.03  garr 35.5  tG 482  e2 0.36  nF 29.6  pS 0.33  ptS 0.34  fLog 0.39  pdΔ -0.1657  pkR 20.84  clip 0.01  kl +0.002
upd  346  steps 11370496  sps 14472  opp buf  loss -0.171  pg +0.0002  v 0.004  ev +0.95  adv_std 0.092  tR -0.02  ent[s/d/p/e] 1.92/2.19/0.83/0.63  emits 1.54  spf 30.6  z0 0.07  garr 39.1  tG 658  e2 0.35  nF 29.3  pS 0.38  ptS 0.37  fLog 0.42  pdΔ -0.1241  pkR 14.64  clip 0.02  kl +0.003
upd  347  steps 11403264  sps 14479  opp frzn  loss -0.172  pg +0.0001  v 0.002  ev +0.97  adv_std 0.057  tR +0.08  ent[s/d/p/e] 1.91/2.22/0.79/0.62  emits 1.53  spf 31.0  z0 0.04  garr 44.0  tG 833  e2 0.33  nF 29.5  pS 0.36  ptS 0.37  fLog 0.41  pdΔ -0.1389  pkR 15.61  clip 0.03  kl +0.003
upd  348  steps 11436032  sps 14486  opp strn  loss -0.164  pg +0.0007  v 0.002  ev +0.96  adv_std 0.066  tR -0.12  ent[s/d/p/e] 1.81/2.12/0.75/0.63  emits 1.52  spf 34.1  z0 0.02  garr 51.5  tG 756  e2 0.33  nF 25.5  pS 0.37  ptS 0.38  fLog 0.42  pdΔ -0.1289  pkR 15.96  clip 0.02  kl +0.002
upd  349  steps 11468800  sps 14493  opp buf  loss -0.175  pg +0.0000  v 0.002  ev +0.97  adv_std 0.073  tR +0.12  ent[s/d/p/e] 1.96/2.22/0.85/0.63  emits 1.55  spf 33.8  z0 0.07  garr 44.0  tG 714  e2 0.35  nF 27.6  pS 0.41  ptS 0.40  fLog 0.44  pdΔ -0.0916  pkR 15.74  clip 0.01  kl +0.002 WRr 0.78 WRf 0.84
upd  350  steps 11501568  sps 14269  opp strn  loss -0.164  pg +0.0001  v 0.002  ev +0.97  adv_std 0.062  tR +0.22  ent[s/d/p/e] 1.77/2.17/0.77/0.60  emits 1.46  spf 35.0  z0 0.03  garr 43.9  tG 917  e2 0.30  nF 26.7  pS 0.36  ptS 0.36  fLog 0.42  pdΔ -0.1357  pkR 12.08  clip 0.02  kl +0.002
upd  351  steps 11534336  sps 14276  opp buf  loss -0.164  pg +0.0005  v 0.002  ev +0.98  adv_std 0.062  tR -0.12  ent[s/d/p/e] 1.77/2.10/0.81/0.62  emits 1.42  spf 30.7  z0 0.10  garr 37.4  tG 657  e2 0.31  nF 27.0  pS 0.34  ptS 0.33  fLog 0.41  pdΔ -0.1599  pkR 24.53  clip 0.02  kl +0.002
upd  352  steps 11567104  sps 14283  opp strn  loss -0.152  pg +0.0008  v 0.002  ev +0.97  adv_std 0.062  tR +0.02  ent[s/d/p/e] 1.54/2.05/0.72/0.60  emits 1.40  spf 25.6  z0 0.05  garr 31.0  tG 562  e2 0.27  nF 27.4  pS 0.29  ptS 0.29  fLog 0.38  pdΔ -0.2106  pkR 19.70  clip 0.01  kl +0.002
upd  353  steps 11599872  sps 14291  opp buf  loss -0.177  pg +0.0001  v 0.002  ev +0.98  adv_std 0.065  tR -0.02  ent[s/d/p/e] 1.99/2.28/0.83/0.62  emits 1.48  spf 35.2  z0 0.09  garr 43.8  tG 830  e2 0.33  nF 26.5  pS 0.42  ptS 0.40  fLog 0.44  pdΔ -0.0849  pkR 15.05  clip 0.02  kl +0.003
upd  354  steps 11632640  sps 14298  opp buf  loss -0.185  pg +0.0002  v 0.002  ev +0.98  adv_std 0.065  tR +0.13  ent[s/d/p/e] 2.10/2.42/0.87/0.61  emits 1.41  spf 42.8  z0 0.11  garr 48.1  tG 1094  e2 0.30  nF 26.9  pS 0.42  ptS 0.41  fLog 0.46  pdΔ -0.0833  pkR 11.84  clip 0.02  kl +0.001
upd  355  steps 11665408  sps 14305  opp frzn  loss -0.165  pg +0.0002  v 0.001  ev +0.98  adv_std 0.049  tR +0.25  ent[s/d/p/e] 1.79/2.16/0.78/0.60  emits 1.45  spf 33.9  z0 0.04  garr 42.1  tG 909  e2 0.30  nF 27.4  pS 0.35  ptS 0.35  fLog 0.41  pdΔ -0.1530  pkR 12.30  clip 0.01  kl +0.002
upd  356  steps 11698176  sps 14312  opp strn  loss -0.160  pg +0.0008  v 0.002  ev +0.95  adv_std 0.067  tR -0.27  ent[s/d/p/e] 1.72/2.06/0.80/0.62  emits 1.46  spf 32.6  z0 0.02  garr 47.3  tG 614  e2 0.31  nF 25.5  pS 0.36  ptS 0.36  fLog 0.42  pdΔ -0.1445  pkR 18.42  clip 0.02  kl +0.003
upd  357  steps 11730944  sps 14319  opp frzn  loss -0.154  pg +0.0010  v 0.002  ev +0.94  adv_std 0.068  tR -0.26  ent[s/d/p/e] 1.65/1.97/0.77/0.61  emits 1.51  spf 29.9  z0 0.01  garr 43.9  tG 487  e2 0.32  nF 24.2  pS 0.35  ptS 0.35  fLog 0.41  pdΔ -0.1465  pkR 9.60  clip 0.02  kl +0.002
upd  358  steps 11763712  sps 14327  opp frzn  loss -0.159  pg -0.0001  v 0.002  ev +0.95  adv_std 0.070  tR -0.32  ent[s/d/p/e] 1.75/2.03/0.76/0.61  emits 1.47  spf 33.6  z0 0.00  garr 48.5  tG 570  e2 0.31  nF 24.3  pS 0.39  ptS 0.39  fLog 0.42  pdΔ -0.1097  pkR 7.87  clip 0.02  kl +0.002
upd  359  steps 11796480  sps 14334  opp buf  loss -0.164  pg +0.0010  v 0.003  ev +0.96  adv_std 0.077  tR +0.12  ent[s/d/p/e] 1.77/2.16/0.80/0.62  emits 1.43  spf 30.2  z0 0.08  garr 35.6  tG 619  e2 0.31  nF 27.1  pS 0.35  ptS 0.34  fLog 0.41  pdΔ -0.1484  pkR 15.31  clip 0.02  kl +0.003
upd  360  steps 11829248  sps 14341  opp frzn  loss -0.157  pg +0.0008  v 0.002  ev +0.97  adv_std 0.059  tR -0.03  ent[s/d/p/e] 1.67/2.06/0.77/0.60  emits 1.44  spf 28.9  z0 0.04  garr 35.8  tG 648  e2 0.29  nF 26.4  pS 0.33  ptS 0.33  fLog 0.40  pdΔ -0.1732  pkR 18.50  clip 0.02  kl +0.003
upd  361  steps 11862016  sps 14353  opp rand  loss -0.156  pg -0.0004  v 0.002  ev +0.96  adv_std 0.068  tR +0.15  ent[s/d/p/e] 1.65/2.04/0.72/0.61  emits 1.42  spf 28.9  z0 0.03  garr 36.9  tG 520  e2 0.28  nF 25.5  pS 0.35  ptS 0.35  fLog 0.40  pdΔ -0.1513  pkR 15.88  clip 0.02  kl +0.003
upd  362  steps 11894784  sps 14365  opp rand  loss -0.146  pg -0.0001  v 0.002  ev +0.95  adv_std 0.070  tR +0.23  ent[s/d/p/e] 1.50/1.87/0.73/0.61  emits 1.45  spf 23.0  z0 0.04  garr 28.2  tG 319  e2 0.30  nF 23.4  pS 0.31  ptS 0.30  fLog 0.39  pdΔ -0.1920  pkR 12.97  clip 0.02  kl +0.002
upd  363  steps 11927552  sps 14372  opp buf  loss -0.170  pg +0.0012  v 0.002  ev +0.97  adv_std 0.068  tR +0.16  ent[s/d/p/e] 1.91/2.16/0.85/0.62  emits 1.45  spf 34.7  z0 0.09  garr 44.1  tG 707  e2 0.32  nF 24.9  pS 0.40  ptS 0.39  fLog 0.44  pdΔ -0.1015  pkR 12.40  clip 0.01  kl +0.002
upd  364  steps 11960320  sps 14379  opp frzn  loss -0.155  pg +0.0007  v 0.002  ev +0.97  adv_std 0.062  tR +0.22  ent[s/d/p/e] 1.63/2.05/0.75/0.60  emits 1.46  spf 28.3  z0 0.04  garr 36.9  tG 676  e2 0.30  nF 28.3  pS 0.32  ptS 0.32  fLog 0.39  pdΔ -0.1795  pkR 16.23  clip 0.02  kl +0.003
upd  365  steps 11993088  sps 14386  opp frzn  loss -0.160  pg -0.0000  v 0.002  ev +0.97  adv_std 0.060  tR -0.32  ent[s/d/p/e] 1.74/2.04/0.76/0.62  emits 1.51  spf 29.8  z0 0.02  garr 43.9  tG 544  e2 0.33  nF 27.0  pS 0.37  ptS 0.37  fLog 0.41  pdΔ -0.1329  pkR 14.97  clip 0.02  kl +0.002
upd  366  steps 12025856  sps 14393  opp buf  loss -0.161  pg -0.0001  v 0.003  ev +0.97  adv_std 0.075  tR -0.22  ent[s/d/p/e] 1.72/2.10/0.79/0.60  emits 1.37  spf 30.9  z0 0.11  garr 36.3  tG 630  e2 0.28  nF 25.1  pS 0.33  ptS 0.32  fLog 0.41  pdΔ -0.1682  pkR 17.18  clip 0.02  kl +0.003
upd  367  steps 12058624  sps 14405  opp rand  loss -0.157  pg +0.0001  v 0.001  ev +0.98  adv_std 0.056  tR +0.09  ent[s/d/p/e] 1.64/2.16/0.69/0.59  emits 1.38  spf 29.1  z0 0.06  garr 34.7  tG 698  e2 0.26  nF 26.4  pS 0.32  ptS 0.32  fLog 0.39  pdΔ -0.1815  pkR 16.37  clip 0.01  kl +0.002
upd  368  steps 12091392  sps 14411  opp frzn  loss -0.150  pg +0.0008  v 0.001  ev +0.97  adv_std 0.055  tR +0.16  ent[s/d/p/e] 1.56/1.95/0.72/0.61  emits 1.47  spf 25.5  z0 0.03  garr 34.4  tG 481  e2 0.30  nF 27.9  pS 0.31  ptS 0.31  fLog 0.38  pdΔ -0.1881  pkR 27.50  clip 0.01  kl +0.001
upd  369  steps 12124160  sps 14423  opp rand  loss -0.147  pg +0.0001  v 0.003  ev +0.95  adv_std 0.077  tR +0.18  ent[s/d/p/e] 1.54/1.91/0.70/0.60  emits 1.46  spf 22.6  z0 0.02  garr 31.0  tG 335  e2 0.30  nF 25.0  pS 0.32  ptS 0.31  fLog 0.39  pdΔ -0.1827  pkR 11.68  clip 0.02  kl +0.002
upd  370  steps 12156928  sps 14430  opp buf  loss -0.165  pg +0.0003  v 0.002  ev +0.97  adv_std 0.068  tR +0.06  ent[s/d/p/e] 1.78/2.13/0.81/0.63  emits 1.45  spf 28.9  z0 0.08  garr 36.4  tG 531  e2 0.31  nF 25.5  pS 0.37  ptS 0.35  fLog 0.42  pdΔ -0.1342  pkR 13.53  clip 0.02  kl +0.003
upd  371  steps 12189696  sps 14437  opp frzn  loss -0.163  pg +0.0009  v 0.001  ev +0.98  adv_std 0.051  tR +0.17  ent[s/d/p/e] 1.75/2.15/0.76/0.61  emits 1.48  spf 31.8  z0 0.03  garr 42.5  tG 837  e2 0.30  nF 28.6  pS 0.36  ptS 0.36  fLog 0.41  pdΔ -0.1426  pkR 13.90  clip 0.02  kl +0.002
upd  372  steps 12222464  sps 14443  opp frzn  loss -0.160  pg +0.0000  v 0.002  ev +0.96  adv_std 0.058  tR +0.17  ent[s/d/p/e] 1.75/2.01/0.76/0.62  emits 1.53  spf 31.0  z0 0.02  garr 47.0  tG 670  e2 0.33  nF 26.2  pS 0.37  ptS 0.37  fLog 0.42  pdΔ -0.1258  pkR 22.41  clip 0.02  kl +0.002
upd  373  steps 12255232  sps 14450  opp frzn  loss -0.153  pg +0.0004  v 0.003  ev +0.93  adv_std 0.084  tR -0.05  ent[s/d/p/e] 1.64/1.96/0.72/0.62  emits 1.52  spf 30.0  z0 0.01  garr 46.4  tG 554  e2 0.32  nF 24.4  pS 0.36  ptS 0.36  fLog 0.41  pdΔ -0.1398  pkR 8.11  clip 0.02  kl +0.003
upd  374  steps 12288000  sps 14456  opp buf  loss -0.167  pg +0.0002  v 0.002  ev +0.97  adv_std 0.068  tR -0.02  ent[s/d/p/e] 1.81/2.18/0.80/0.62  emits 1.44  spf 30.7  z0 0.08  garr 39.7  tG 596  e2 0.31  nF 25.6  pS 0.36  ptS 0.35  fLog 0.42  pdΔ -0.1392  pkR 14.15  clip 0.02  kl +0.002
upd  375  steps 12320768  sps 14468  opp rand  loss -0.161  pg +0.0000  v 0.002  ev +0.96  adv_std 0.068  tR +0.14  ent[s/d/p/e] 1.74/2.18/0.71/0.59  emits 1.44  spf 33.2  z0 0.04  garr 42.7  tG 997  e2 0.28  nF 27.4  pS 0.36  ptS 0.35  fLog 0.40  pdΔ -0.1442  pkR 15.69  clip 0.01  kl +0.002
upd  376  steps 12353536  sps 14474  opp frzn  loss -0.149  pg +0.0003  v 0.001  ev +0.97  adv_std 0.053  tR +0.06  ent[s/d/p/e] 1.60/1.84/0.76/0.60  emits 1.50  spf 24.7  z0 0.03  garr 37.1  tG 500  e2 0.32  nF 27.5  pS 0.33  ptS 0.33  fLog 0.39  pdΔ -0.1724  pkR 24.26  clip 0.02  kl +0.002
upd  377  steps 12386304  sps 14481  opp buf  loss -0.168  pg -0.0000  v 0.003  ev +0.96  adv_std 0.078  tR -0.06  ent[s/d/p/e] 1.86/2.14/0.83/0.62  emits 1.48  spf 32.9  z0 0.08  garr 42.8  tG 685  e2 0.33  nF 26.2  pS 0.37  ptS 0.36  fLog 0.42  pdΔ -0.1334  pkR 32.22  clip 0.01  kl +0.002
upd  378  steps 12419072  sps 14487  opp buf  loss -0.183  pg +0.0002  v 0.002  ev +0.98  adv_std 0.059  tR +0.05  ent[s/d/p/e] 2.10/2.39/0.85/0.60  emits 1.39  spf 42.1  z0 0.14  garr 49.2  tG 1198  e2 0.30  nF 27.0  pS 0.41  ptS 0.40  fLog 0.45  pdΔ -0.0896  pkR 11.98  clip 0.02  kl +0.002
upd  379  steps 12451840  sps 14494  opp strn  loss -0.162  pg +0.0000  v 0.001  ev +0.98  adv_std 0.048  tR +0.17  ent[s/d/p/e] 1.72/2.17/0.74/0.60  emits 1.46  spf 30.4  z0 0.06  garr 37.6  tG 792  e2 0.30  nF 28.6  pS 0.34  ptS 0.34  fLog 0.40  pdΔ -0.1605  pkR 16.93  clip 0.02  kl +0.003
upd  380  steps 12484608  sps 14500  opp buf  loss -0.167  pg +0.0004  v 0.002  ev +0.97  adv_std 0.071  tR -0.03  ent[s/d/p/e] 1.83/2.16/0.81/0.62  emits 1.48  spf 31.0  z0 0.09  garr 40.5  tG 694  e2 0.33  nF 26.8  pS 0.36  ptS 0.35  fLog 0.42  pdΔ -0.1429  pkR 19.61  clip 0.02  kl +0.003
upd  381  steps 12517376  sps 14506  opp frzn  loss -0.165  pg +0.0001  v 0.001  ev +0.98  adv_std 0.049  tR +0.23  ent[s/d/p/e] 1.80/2.19/0.73/0.60  emits 1.46  spf 35.4  z0 0.03  garr 46.4  tG 1027  e2 0.30  nF 28.7  pS 0.36  ptS 0.36  fLog 0.41  pdΔ -0.1400  pkR 13.98  clip 0.02  kl +0.002
upd  382  steps 12550144  sps 14513  opp strn  loss -0.156  pg +0.0004  v 0.002  ev +0.96  adv_std 0.061  tR -0.14  ent[s/d/p/e] 1.69/1.99/0.72/0.62  emits 1.55  spf 27.8  z0 0.01  garr 41.3  tG 551  e2 0.34  nF 28.8  pS 0.35  ptS 0.35  fLog 0.39  pdΔ -0.1497  pkR 22.35  clip 0.01  kl +0.002
upd  383  steps 12582912  sps 14519  opp frzn  loss -0.151  pg +0.0001  v 0.002  ev +0.95  adv_std 0.072  tR -0.09  ent[s/d/p/e] 1.59/1.93/0.71/0.62  emits 1.56  spf 25.7  z0 0.01  garr 37.0  tG 405  e2 0.34  nF 26.7  pS 0.33  ptS 0.33  fLog 0.39  pdΔ -0.1700  pkR 11.20  clip 0.02  kl +0.002
upd  384  steps 12615680  sps 14530  opp rand  loss -0.150  pg -0.0003  v 0.002  ev +0.96  adv_std 0.072  tR +0.20  ent[s/d/p/e] 1.62/1.90/0.72/0.60  emits 1.49  spf 25.7  z0 0.03  garr 36.6  tG 418  e2 0.32  nF 25.0  pS 0.34  ptS 0.34  fLog 0.40  pdΔ -0.1568  pkR 11.77  clip 0.01  kl +0.002
upd  385  steps 12648448  sps 14536  opp strn  loss -0.151  pg +0.0002  v 0.002  ev +0.97  adv_std 0.059  tR -0.01  ent[s/d/p/e] 1.59/1.87/0.77/0.62  emits 1.53  spf 24.6  z0 0.02  garr 33.7  tG 371  e2 0.34  nF 26.2  pS 0.33  ptS 0.32  fLog 0.40  pdΔ -0.1702  pkR 10.81  clip 0.02  kl +0.003
upd  386  steps 12681216  sps 14543  opp frzn  loss -0.160  pg +0.0008  v 0.003  ev +0.95  adv_std 0.073  tR -0.14  ent[s/d/p/e] 1.79/2.03/0.77/0.62  emits 1.49  spf 32.0  z0 0.01  garr 49.0  tG 567  e2 0.31  nF 24.7  pS 0.40  ptS 0.39  fLog 0.43  pdΔ -0.1003  pkR 8.80  clip 0.02  kl +0.001
upd  387  steps 12713984  sps 14549  opp strn  loss -0.153  pg +0.0003  v 0.002  ev +0.94  adv_std 0.071  tR -0.11  ent[s/d/p/e] 1.63/1.95/0.73/0.62  emits 1.49  spf 28.2  z0 0.00  garr 42.3  tG 456  e2 0.31  nF 24.5  pS 0.35  ptS 0.34  fLog 0.40  pdΔ -0.1494  pkR 8.63  clip 0.02  kl +0.003
upd  388  steps 12746752  sps 14555  opp frzn  loss -0.157  pg +0.0008  v 0.003  ev +0.94  adv_std 0.076  tR -0.23  ent[s/d/p/e] 1.73/1.98/0.76/0.63  emits 1.54  spf 30.5  z0 0.00  garr 46.1  tG 520  e2 0.34  nF 25.6  pS 0.38  ptS 0.38  fLog 0.41  pdΔ -0.1206  pkR 8.11  clip 0.02  kl +0.002
upd  389  steps 12779520  sps 14561  opp buf  loss -0.169  pg -0.0003  v 0.003  ev +0.95  adv_std 0.088  tR +0.11  ent[s/d/p/e] 1.85/2.19/0.81/0.62  emits 1.44  spf 31.4  z0 0.07  garr 40.5  tG 666  e2 0.31  nF 26.0  pS 0.38  ptS 0.37  fLog 0.42  pdΔ -0.1235  pkR 16.16  clip 0.01  kl +0.002
upd  390  steps 12812288  sps 14567  opp strn  loss -0.160  pg -0.0000  v 0.001  ev +0.97  adv_std 0.053  tR +0.00  ent[s/d/p/e] 1.72/2.12/0.72/0.60  emits 1.47  spf 29.8  z0 0.04  garr 39.9  tG 766  e2 0.30  nF 28.3  pS 0.34  ptS 0.34  fLog 0.40  pdΔ -0.1636  pkR 17.52  clip 0.02  kl +0.003
upd  391  steps 12845056  sps 14573  opp strn  loss -0.156  pg +0.0003  v 0.002  ev +0.96  adv_std 0.062  tR +0.00  ent[s/d/p/e] 1.70/1.97/0.74/0.64  emits 1.62  spf 25.8  z0 0.02  garr 38.3  tG 460  e2 0.37  nF 28.0  pS 0.34  ptS 0.34  fLog 0.40  pdΔ -0.1566  pkR 20.60  clip 0.01  kl +0.002
upd  392  steps 12877824  sps 14579  opp strn  loss -0.151  pg +0.0007  v 0.002  ev +0.96  adv_std 0.063  tR -0.25  ent[s/d/p/e] 1.62/1.88/0.75/0.62  emits 1.62  spf 24.4  z0 0.00  garr 35.3  tG 378  e2 0.37  nF 27.4  pS 0.34  ptS 0.34  fLog 0.39  pdΔ -0.1607  pkR 9.87  clip 0.02  kl +0.002
upd  393  steps 12910592  sps 14585  opp buf  loss -0.165  pg +0.0010  v 0.002  ev +0.97  adv_std 0.069  tR +0.00  ent[s/d/p/e] 1.84/2.10/0.82/0.62  emits 1.56  spf 30.8  z0 0.08  garr 40.0  tG 660  e2 0.36  nF 28.0  pS 0.37  ptS 0.37  fLog 0.41  pdΔ -0.1284  pkR 18.63  clip 0.01  kl +0.002
upd  394  steps 12943360  sps 14596  opp rand  loss -0.158  pg +0.0003  v 0.002  ev +0.97  adv_std 0.063  tR +0.10  ent[s/d/p/e] 1.68/2.11/0.70/0.60  emits 1.48  spf 30.6  z0 0.05  garr 40.0  tG 890  e2 0.30  nF 26.8  pS 0.35  ptS 0.34  fLog 0.40  pdΔ -0.1545  pkR 15.45  clip 0.01  kl +0.002
upd  395  steps 12976128  sps 14602  opp frzn  loss -0.152  pg -0.0001  v 0.001  ev +0.97  adv_std 0.052  tR +0.03  ent[s/d/p/e] 1.61/1.91/0.74/0.63  emits 1.62  spf 25.6  z0 0.03  garr 36.9  tG 506  e2 0.37  nF 26.7  pS 0.33  ptS 0.33  fLog 0.39  pdΔ -0.1698  pkR 24.71  clip 0.02  kl +0.003
upd  396  steps 13008896  sps 14608  opp buf  loss -0.170  pg -0.0002  v 0.003  ev +0.96  adv_std 0.080  tR -0.21  ent[s/d/p/e] 1.87/2.17/0.83/0.62  emits 1.45  spf 34.5  z0 0.08  garr 46.3  tG 768  e2 0.32  nF 24.9  pS 0.37  ptS 0.36  fLog 0.43  pdΔ -0.1281  pkR 15.33  clip 0.02  kl +0.003
upd  397  steps 13041664  sps 14614  opp strn  loss -0.170  pg -0.0000  v 0.002  ev +0.97  adv_std 0.060  tR +0.17  ent[s/d/p/e] 1.89/2.22/0.78/0.62  emits 1.51  spf 34.1  z0 0.04  garr 45.9  tG 1005  e2 0.33  nF 28.5  pS 0.37  ptS 0.37  fLog 0.42  pdΔ -0.1270  pkR 12.60  clip 0.02  kl +0.002
upd  398  steps 13074432  sps 14620  opp strn  loss -0.161  pg +0.0002  v 0.001  ev +0.97  adv_std 0.054  tR -0.13  ent[s/d/p/e] 1.79/2.01/0.78/0.62  emits 1.59  spf 31.2  z0 0.02  garr 48.2  tG 793  e2 0.36  nF 28.1  pS 0.38  ptS 0.38  fLog 0.41  pdΔ -0.1207  pkR 18.86  clip 0.01  kl +0.002
upd  399  steps 13107200  sps 14626  opp frzn  loss -0.157  pg +0.0006  v 0.003  ev +0.93  adv_std 0.077  tR -0.09  ent[s/d/p/e] 1.72/1.98/0.77/0.63  emits 1.58  spf 28.1  z0 0.00  garr 44.3  tG 508  e2 0.35  nF 26.7  pS 0.38  ptS 0.37  fLog 0.41  pdΔ -0.1247  pkR 9.58  clip 0.01  kl +0.002 WRr 0.84 WRf 0.53
[ckpt] saved ckpt_multi_action_v11_f40_buffer/ckpt_000399.pkl
upd  400  steps 13139968  sps 14426  opp strn  loss -0.157  pg +0.0001  v 0.002  ev +0.96  adv_std 0.057  tR -0.19  ent[s/d/p/e] 1.71/1.99/0.74/0.62  emits 1.54  spf 30.2  z0 0.01  garr 50.6  tG 576  e2 0.34  nF 24.4  pS 0.37  ptS 0.37  fLog 0.41  pdΔ -0.1274  pkR 13.28  clip 0.01  kl +0.001
upd  401  steps 13172736  sps 14432  opp frzn  loss -0.155  pg +0.0006  v 0.003  ev +0.92  adv_std 0.077  tR -0.23  ent[s/d/p/e] 1.68/2.00/0.74/0.62  emits 1.50  spf 31.5  z0 0.01  garr 50.3  tG 593  e2 0.32  nF 25.0  pS 0.37  ptS 0.36  fLog 0.41  pdΔ -0.1302  pkR 8.86  clip 0.02  kl +0.002
upd  402  steps 13205504  sps 14438  opp buf  loss -0.158  pg -0.0007  v 0.003  ev +0.96  adv_std 0.083  tR -0.03  ent[s/d/p/e] 1.68/2.03/0.77/0.61  emits 1.39  spf 26.5  z0 0.08  garr 37.0  tG 511  e2 0.30  nF 26.6  pS 0.33  ptS 0.32  fLog 0.40  pdΔ -0.1724  pkR 14.15  clip 0.02  kl +0.003
upd  403  steps 13238272  sps 14444  opp buf  loss -0.189  pg +0.0000  v 0.001  ev +0.98  adv_std 0.055  tR +0.02  ent[s/d/p/e] 2.17/2.47/0.85/0.61  emits 1.41  spf 41.3  z0 0.13  garr 51.8  tG 1255  e2 0.31  nF 27.6  pS 0.42  ptS 0.41  fLog 0.45  pdΔ -0.0765  pkR 11.07  clip 0.03  kl +0.003
upd  404  steps 13271040  sps 14450  opp strn  loss -0.163  pg +0.0003  v 0.001  ev +0.98  adv_std 0.056  tR +0.10  ent[s/d/p/e] 1.77/2.16/0.75/0.59  emits 1.42  spf 34.2  z0 0.06  garr 47.6  tG 1121  e2 0.29  nF 26.7  pS 0.36  ptS 0.35  fLog 0.41  pdΔ -0.1427  pkR 13.41  clip 0.02  kl +0.002
upd  405  steps 13303808  sps 14461  opp rand  loss -0.151  pg +0.0004  v 0.002  ev +0.97  adv_std 0.068  tR +0.12  ent[s/d/p/e] 1.59/1.99/0.71/0.59  emits 1.41  spf 28.2  z0 0.04  garr 43.5  tG 631  e2 0.28  nF 24.4  pS 0.34  ptS 0.34  fLog 0.40  pdΔ -0.1570  pkR 22.00  clip 0.02  kl +0.003
upd  406  steps 13336576  sps 14467  opp frzn  loss -0.151  pg +0.0003  v 0.002  ev +0.96  adv_std 0.058  tR +0.19  ent[s/d/p/e] 1.55/1.93/0.76/0.62  emits 1.57  spf 22.9  z0 0.01  garr 36.1  tG 396  e2 0.34  nF 27.2  pS 0.33  ptS 0.33  fLog 0.38  pdΔ -0.1659  pkR 9.75  clip 0.02  kl +0.003
upd  407  steps 13369344  sps 14478  opp rand  loss -0.156  pg +0.0005  v 0.004  ev +0.93  adv_std 0.086  tR +0.29  ent[s/d/p/e] 1.71/2.00/0.74/0.61  emits 1.50  spf 28.7  z0 0.01  garr 48.8  tG 582  e2 0.32  nF 25.4  pS 0.39  ptS 0.38  fLog 0.41  pdΔ -0.1099  pkR 13.74  clip 0.01  kl +0.002
upd  408  steps 13402112  sps 14484  opp frzn  loss -0.146  pg +0.0003  v 0.002  ev +0.96  adv_std 0.059  tR +0.30  ent[s/d/p/e] 1.48/1.88/0.72/0.61  emits 1.54  spf 22.3  z0 0.01  garr 33.5  tG 374  e2 0.32  nF 26.8  pS 0.31  ptS 0.31  fLog 0.37  pdΔ -0.1887  pkR 15.45  clip 0.01  kl +0.002
upd  409  steps 13434880  sps 14490  opp frzn  loss -0.149  pg +0.0003  v 0.003  ev +0.93  adv_std 0.078  tR -0.23  ent[s/d/p/e] 1.61/1.90/0.72/0.59  emits 1.53  spf 27.5  z0 0.01  garr 48.0  tG 541  e2 0.32  nF 27.0  pS 0.35  ptS 0.35  fLog 0.39  pdΔ -0.1536  pkR 10.21  clip 0.02  kl +0.003
upd  410  steps 13467648  sps 14496  opp buf  loss -0.166  pg -0.0003  v 0.002  ev +0.96  adv_std 0.070  tR -0.20  ent[s/d/p/e] 1.77/2.14/0.82/0.62  emits 1.46  spf 29.2  z0 0.08  garr 42.7  tG 681  e2 0.32  nF 27.8  pS 0.35  ptS 0.34  fLog 0.41  pdΔ -0.1486  pkR 20.67  clip 0.02  kl +0.002
upd  411  steps 13500416  sps 14502  opp buf  loss -0.180  pg +0.0000  v 0.002  ev +0.98  adv_std 0.061  tR +0.07  ent[s/d/p/e] 2.05/2.36/0.83/0.60  emits 1.45  spf 39.2  z0 0.11  garr 53.7  tG 1219  e2 0.32  nF 28.3  pS 0.42  ptS 0.40  fLog 0.44  pdΔ -0.0801  pkR 9.71  clip 0.02  kl +0.004
upd  412  steps 13533184  sps 14512  opp rand  loss -0.166  pg +0.0005  v 0.001  ev +0.98  adv_std 0.053  tR +0.23  ent[s/d/p/e] 1.82/2.26/0.71/0.58  emits 1.44  spf 31.6  z0 0.07  garr 41.6  tG 979  e2 0.28  nF 28.9  pS 0.36  ptS 0.36  fLog 0.40  pdΔ -0.1411  pkR 13.41  clip 0.02  kl +0.002
upd  413  steps 13565952  sps 14523  opp rand  loss -0.150  pg +0.0001  v 0.002  ev +0.97  adv_std 0.059  tR +0.14  ent[s/d/p/e] 1.58/1.97/0.69/0.59  emits 1.49  spf 24.0  z0 0.04  garr 34.3  tG 540  e2 0.31  nF 26.6  pS 0.33  ptS 0.33  fLog 0.38  pdΔ -0.1688  pkR 31.68  clip 0.01  kl +0.002
upd  414  steps 13598720  sps 14529  opp buf  loss -0.171  pg +0.0001  v 0.002  ev +0.97  adv_std 0.061  tR +0.17  ent[s/d/p/e] 1.85/2.22/0.82/0.62  emits 1.55  spf 27.8  z0 0.07  garr 37.0  tG 602  e2 0.34  nF 28.5  pS 0.38  ptS 0.37  fLog 0.41  pdΔ -0.1184  pkR 20.27  clip 0.02  kl +0.002
upd  415  steps 13631488  sps 14534  opp frzn  loss -0.161  pg +0.0000  v 0.002  ev +0.97  adv_std 0.062  tR +0.23  ent[s/d/p/e] 1.75/2.10/0.73/0.61  emits 1.56  spf 29.1  z0 0.03  garr 44.7  tG 839  e2 0.33  nF 27.5  pS 0.36  ptS 0.36  fLog 0.40  pdΔ -0.1378  pkR 18.76  clip 0.02  kl +0.002
upd  416  steps 13664256  sps 14540  opp buf  loss -0.161  pg +0.0006  v 0.002  ev +0.97  adv_std 0.063  tR -0.05  ent[s/d/p/e] 1.74/2.06/0.80/0.61  emits 1.53  spf 27.7  z0 0.06  garr 40.0  tG 645  e2 0.34  nF 28.9  pS 0.35  ptS 0.35  fLog 0.40  pdΔ -0.1484  pkR 20.28  clip 0.02  kl +0.002
upd  417  steps 13697024  sps 14546  opp buf  loss -0.183  pg +0.0007  v 0.002  ev +0.98  adv_std 0.062  tR -0.12  ent[s/d/p/e] 2.10/2.43/0.84/0.60  emits 1.41  spf 39.9  z0 0.14  garr 48.1  tG 1151  e2 0.30  nF 28.4  pS 0.40  ptS 0.39  fLog 0.44  pdΔ -0.0988  pkR 20.17  clip 0.03  kl +0.003
upd  418  steps 13729792  sps 14552  opp strn  loss -0.161  pg +0.0004  v 0.001  ev +0.98  adv_std 0.048  tR +0.28  ent[s/d/p/e] 1.72/2.14/0.75/0.59  emits 1.46  spf 30.5  z0 0.06  garr 41.5  tG 940  e2 0.29  nF 28.6  pS 0.33  ptS 0.33  fLog 0.40  pdΔ -0.1699  pkR 26.83  clip 0.02  kl +0.003
upd  419  steps 13762560  sps 14557  opp strn  loss -0.155  pg +0.0006  v 0.001  ev +0.98  adv_std 0.048  tR -0.20  ent[s/d/p/e] 1.67/1.99/0.73/0.62  emits 1.54  spf 27.0  z0 0.01  garr 42.3  tG 560  e2 0.33  nF 28.2  pS 0.33  ptS 0.34  fLog 0.39  pdΔ -0.1659  pkR 21.27  clip 0.02  kl +0.002
upd  420  steps 13795328  sps 14568  opp rand  loss -0.150  pg -0.0006  v 0.003  ev +0.94  adv_std 0.084  tR +0.05  ent[s/d/p/e] 1.51/2.00/0.69/0.62  emits 1.45  spf 23.7  z0 0.04  garr 32.8  tG 363  e2 0.29  nF 24.8  pS 0.31  ptS 0.30  fLog 0.38  pdΔ -0.1926  pkR 12.88  clip 0.02  kl +0.002
upd  421  steps 13828096  sps 14573  opp frzn  loss -0.152  pg -0.0005  v 0.002  ev +0.96  adv_std 0.059  tR -0.06  ent[s/d/p/e] 1.55/1.95/0.74/0.63  emits 1.54  spf 24.5  z0 0.01  garr 36.6  tG 386  e2 0.33  nF 26.6  pS 0.32  ptS 0.32  fLog 0.39  pdΔ -0.1797  pkR 11.00  clip 0.02  kl +0.002
upd  422  steps 13860864  sps 14584  opp rand  loss -0.153  pg +0.0005  v 0.003  ev +0.95  adv_std 0.084  tR +0.19  ent[s/d/p/e] 1.62/2.04/0.71/0.61  emits 1.45  spf 26.7  z0 0.03  garr 38.8  tG 451  e2 0.29  nF 24.1  pS 0.34  ptS 0.34  fLog 0.40  pdΔ -0.1552  pkR 11.51  clip 0.01  kl +0.001
upd  423  steps 13893632  sps 14589  opp buf  loss -0.170  pg +0.0009  v 0.002  ev +0.97  adv_std 0.065  tR +0.10  ent[s/d/p/e] 1.87/2.19/0.85/0.62  emits 1.46  spf 32.9  z0 0.09  garr 40.6  tG 684  e2 0.32  nF 25.4  pS 0.38  ptS 0.37  fLog 0.43  pdΔ -0.1180  pkR 16.68  clip 0.02  kl +0.002
upd  424  steps 13926400  sps 14595  opp buf  loss -0.180  pg +0.0009  v 0.002  ev +0.98  adv_std 0.068  tR +0.04  ent[s/d/p/e] 2.06/2.38/0.84/0.59  emits 1.41  spf 40.0  z0 0.11  garr 52.2  tG 1121  e2 0.29  nF 25.2  pS 0.41  ptS 0.41  fLog 0.45  pdΔ -0.0871  pkR 13.83  clip 0.02  kl +0.002
upd  425  steps 13959168  sps 14600  opp buf  loss -0.182  pg -0.0004  v 0.002  ev +0.98  adv_std 0.066  tR +0.04  ent[s/d/p/e] 2.08/2.37/0.86/0.59  emits 1.40  spf 39.0  z0 0.14  garr 49.4  tG 1104  e2 0.30  nF 26.0  pS 0.40  ptS 0.39  fLog 0.45  pdΔ -0.1037  pkR 18.37  clip 0.02  kl +0.004
upd  426  steps 13991936  sps 14606  opp strn  loss -0.168  pg +0.0003  v 0.001  ev +0.98  adv_std 0.051  tR +0.23  ent[s/d/p/e] 1.84/2.22/0.76/0.61  emits 1.49  spf 31.2  z0 0.05  garr 43.9  tG 880  e2 0.31  nF 29.0  pS 0.36  ptS 0.36  fLog 0.41  pdΔ -0.1436  pkR 14.19  clip 0.02  kl +0.003
upd  427  steps 14024704  sps 14611  opp buf  loss -0.171  pg +0.0007  v 0.002  ev +0.98  adv_std 0.056  tR -0.11  ent[s/d/p/e] 1.89/2.19/0.84/0.63  emits 1.51  spf 31.0  z0 0.08  garr 42.4  tG 674  e2 0.34  nF 27.7  pS 0.37  ptS 0.36  fLog 0.42  pdΔ -0.1331  pkR 15.88  clip 0.01  kl +0.002
upd  428  steps 14057472  sps 14617  opp frzn  loss -0.165  pg +0.0006  v 0.002  ev +0.96  adv_std 0.065  tR +0.22  ent[s/d/p/e] 1.82/2.19/0.75/0.60  emits 1.53  spf 31.3  z0 0.02  garr 41.2  tG 863  e2 0.32  nF 29.4  pS 0.36  ptS 0.36  fLog 0.41  pdΔ -0.1350  pkR 14.06  clip 0.02  kl +0.002
upd  429  steps 14090240  sps 14627  opp rand  loss -0.155  pg -0.0004  v 0.002  ev +0.97  adv_std 0.057  tR +0.04  ent[s/d/p/e] 1.68/2.01/0.70/0.60  emits 1.50  spf 26.5  z0 0.04  garr 37.5  tG 541  e2 0.31  nF 26.8  pS 0.35  ptS 0.35  fLog 0.40  pdΔ -0.1507  pkR 23.33  clip 0.02  kl +0.002
upd  430  steps 14123008  sps 14632  opp buf  loss -0.178  pg +0.0010  v 0.002  ev +0.98  adv_std 0.061  tR +0.17  ent[s/d/p/e] 2.01/2.32/0.84/0.62  emits 1.53  spf 34.2  z0 0.08  garr 44.1  tG 771  e2 0.34  nF 26.3  pS 0.41  ptS 0.40  fLog 0.44  pdΔ -0.0850  pkR 15.28  clip 0.02  kl +0.002
upd  431  steps 14155776  sps 14638  opp frzn  loss -0.169  pg +0.0000  v 0.002  ev +0.97  adv_std 0.057  tR +0.26  ent[s/d/p/e] 1.84/2.29/0.73/0.60  emits 1.50  spf 34.2  z0 0.04  garr 44.8  tG 991  e2 0.30  nF 26.9  pS 0.38  ptS 0.37  fLog 0.42  pdΔ -0.1224  pkR 15.04  clip 0.01  kl +0.002
upd  432  steps 14188544  sps 14643  opp frzn  loss -0.163  pg +0.0003  v 0.001  ev +0.96  adv_std 0.053  tR +0.02  ent[s/d/p/e] 1.81/2.06/0.76/0.62  emits 1.56  spf 30.9  z0 0.02  garr 51.5  tG 693  e2 0.35  nF 27.6  pS 0.40  ptS 0.39  fLog 0.42  pdΔ -0.1016  pkR 19.49  clip 0.02  kl +0.002
upd  433  steps 14221312  sps 14648  opp buf  loss -0.174  pg +0.0004  v 0.003  ev +0.96  adv_std 0.081  tR -0.04  ent[s/d/p/e] 1.93/2.30/0.80/0.62  emits 1.51  spf 33.7  z0 0.08  garr 45.5  tG 755  e2 0.32  nF 27.6  pS 0.38  ptS 0.37  fLog 0.43  pdΔ -0.1172  pkR 15.25  clip 0.02  kl +0.002
upd  434  steps 14254080  sps 14654  opp frzn  loss -0.160  pg -0.0000  v 0.002  ev +0.97  adv_std 0.055  tR +0.27  ent[s/d/p/e] 1.71/2.14/0.73/0.59  emits 1.52  spf 29.7  z0 0.05  garr 39.8  tG 815  e2 0.31  nF 27.1  pS 0.33  ptS 0.33  fLog 0.40  pdΔ -0.1660  pkR 14.61  clip 0.02  kl +0.002
upd  435  steps 14286848  sps 14659  opp buf  loss -0.171  pg +0.0005  v 0.002  ev +0.97  adv_std 0.068  tR -0.01  ent[s/d/p/e] 1.90/2.22/0.80/0.62  emits 1.49  spf 29.9  z0 0.09  garr 42.8  tG 697  e2 0.33  nF 27.2  pS 0.37  ptS 0.36  fLog 0.42  pdΔ -0.1265  pkR 20.85  clip 0.02  kl +0.002
upd  436  steps 14319616  sps 14669  opp rand  loss -0.171  pg +0.0001  v 0.002  ev +0.96  adv_std 0.068  tR +0.15  ent[s/d/p/e] 1.90/2.31/0.72/0.60  emits 1.49  spf 34.3  z0 0.05  garr 46.8  tG 991  e2 0.30  nF 26.2  pS 0.38  ptS 0.38  fLog 0.42  pdΔ -0.1170  pkR 12.82  clip 0.03  kl +0.002
upd  437  steps 14352384  sps 14674  opp buf  loss -0.177  pg +0.0009  v 0.002  ev +0.98  adv_std 0.064  tR +0.23  ent[s/d/p/e] 2.01/2.33/0.82/0.61  emits 1.48  spf 36.8  z0 0.09  garr 51.4  tG 1112  e2 0.32  nF 26.9  pS 0.42  ptS 0.41  fLog 0.44  pdΔ -0.0808  pkR 14.91  clip 0.02  kl +0.002
upd  438  steps 14385152  sps 14684  opp rand  loss -0.166  pg +0.0007  v 0.002  ev +0.97  adv_std 0.067  tR +0.09  ent[s/d/p/e] 1.81/2.27/0.71/0.59  emits 1.42  spf 30.9  z0 0.06  garr 41.7  tG 914  e2 0.28  nF 26.2  pS 0.35  ptS 0.35  fLog 0.41  pdΔ -0.1481  pkR 13.96  clip 0.01  kl +0.001
upd  439  steps 14417920  sps 14689  opp buf  loss -0.177  pg +0.0008  v 0.002  ev +0.98  adv_std 0.058  tR +0.18  ent[s/d/p/e] 1.98/2.30/0.84/0.62  emits 1.50  spf 32.7  z0 0.09  garr 44.0  tG 847  e2 0.33  nF 27.3  pS 0.40  ptS 0.39  fLog 0.43  pdΔ -0.0983  pkR 17.98  clip 0.02  kl +0.002
upd  440  steps 14450688  sps 14694  opp buf  loss -0.186  pg +0.0004  v 0.001  ev +0.98  adv_std 0.051  tR +0.13  ent[s/d/p/e] 2.14/2.46/0.83/0.60  emits 1.43  spf 40.6  z0 0.11  garr 54.4  tG 1242  e2 0.31  nF 27.1  pS 0.43  ptS 0.41  fLog 0.45  pdΔ -0.0738  pkR 18.76  clip 0.03  kl +0.003
upd  441  steps 14483456  sps 14699  opp buf  loss -0.187  pg +0.0002  v 0.001  ev +0.99  adv_std 0.052  tR +0.04  ent[s/d/p/e] 2.12/2.50/0.83/0.60  emits 1.38  spf 42.9  z0 0.13  garr 54.2  tG 1359  e2 0.29  nF 26.1  pS 0.41  ptS 0.40  fLog 0.45  pdΔ -0.0863  pkR 12.44  clip 0.02  kl +0.003
upd  442  steps 14516224  sps 14705  opp frzn  loss -0.162  pg +0.0003  v 0.001  ev +0.98  adv_std 0.057  tR +0.33  ent[s/d/p/e] 1.72/2.17/0.75/0.59  emits 1.46  spf 32.0  z0 0.04  garr 46.5  tG 993  e2 0.30  nF 28.1  pS 0.34  ptS 0.34  fLog 0.40  pdΔ -0.1582  pkR 12.78  clip 0.02  kl +0.002
upd  443  steps 14548992  sps 14714  opp rand  loss -0.151  pg -0.0003  v 0.002  ev +0.97  adv_std 0.059  tR +0.04  ent[s/d/p/e] 1.58/2.00/0.67/0.59  emits 1.43  spf 24.4  z0 0.05  garr 36.5  tG 540  e2 0.29  nF 26.8  pS 0.32  ptS 0.32  fLog 0.38  pdΔ -0.1814  pkR 21.14  clip 0.02  kl +0.002
upd  444  steps 14581760  sps 14719  opp buf  loss -0.167  pg +0.0003  v 0.002  ev +0.97  adv_std 0.066  tR +0.15  ent[s/d/p/e] 1.81/2.16/0.81/0.61  emits 1.48  spf 31.5  z0 0.07  garr 40.7  tG 722  e2 0.32  nF 27.9  pS 0.36  ptS 0.36  fLog 0.41  pdΔ -0.1363  pkR 19.43  clip 0.01  kl +0.002
upd  445  steps 14614528  sps 14725  opp buf  loss -0.187  pg +0.0008  v 0.002  ev +0.98  adv_std 0.063  tR +0.03  ent[s/d/p/e] 2.14/2.50/0.84/0.61  emits 1.41  spf 40.3  z0 0.12  garr 50.5  tG 1162  e2 0.30  nF 26.7  pS 0.41  ptS 0.40  fLog 0.45  pdΔ -0.0894  pkR 10.05  clip 0.01  kl +0.002
upd  446  steps 14647296  sps 14730  opp strn  loss -0.164  pg +0.0007  v 0.001  ev +0.98  adv_std 0.050  tR +0.32  ent[s/d/p/e] 1.81/2.17/0.75/0.59  emits 1.52  spf 31.9  z0 0.04  garr 46.7  tG 1021  e2 0.32  nF 28.9  pS 0.36  ptS 0.36  fLog 0.40  pdΔ -0.1445  pkR 13.21  clip 0.02  kl +0.002
upd  447  steps 14680064  sps 14735  opp frzn  loss -0.158  pg -0.0002  v 0.001  ev +0.97  adv_std 0.054  tR -0.09  ent[s/d/p/e] 1.70/2.06/0.70/0.62  emits 1.53  spf 31.0  z0 0.01  garr 55.1  tG 734  e2 0.33  nF 28.2  pS 0.35  ptS 0.35  fLog 0.39  pdΔ -0.1522  pkR 17.18  clip 0.02  kl +0.001
upd  448  steps 14712832  sps 14740  opp strn  loss -0.150  pg +0.0002  v 0.003  ev +0.94  adv_std 0.077  tR -0.16  ent[s/d/p/e] 1.57/1.94/0.71/0.62  emits 1.52  spf 24.3  z0 0.01  garr 44.0  tG 472  e2 0.32  nF 26.1  pS 0.33  ptS 0.33  fLog 0.39  pdΔ -0.1697  pkR 15.78  clip 0.02  kl +0.002
upd  449  steps 14745600  sps 14745  opp frzn  loss -0.153  pg +0.0008  v 0.003  ev +0.94  adv_std 0.075  tR -0.21  ent[s/d/p/e] 1.65/1.96/0.73/0.62  emits 1.55  spf 27.7  z0 0.00  garr 51.2  tG 538  e2 0.34  nF 26.7  pS 0.36  ptS 0.35  fLog 0.40  pdΔ -0.1442  pkR 7.21  clip 0.01  kl +0.001 WRr 0.72 WRf 0.62
upd  450  steps 14778368  sps 14551  opp strn  loss -0.146  pg +0.0005  v 0.003  ev +0.92  adv_std 0.083  tR -0.14  ent[s/d/p/e] 1.51/1.92/0.70/0.62  emits 1.51  spf 22.2  z0 0.01  garr 36.1  tG 381  e2 0.31  nF 26.1  pS 0.31  ptS 0.31  fLog 0.38  pdΔ -0.1905  pkR 10.94  clip 0.02  kl +0.002
upd  451  steps 14811136  sps 14556  opp buf  loss -0.163  pg +0.0004  v 0.002  ev +0.97  adv_std 0.063  tR +0.00  ent[s/d/p/e] 1.75/2.08/0.80/0.63  emits 1.52  spf 27.1  z0 0.06  garr 39.9  tG 549  e2 0.34  nF 25.6  pS 0.37  ptS 0.36  fLog 0.41  pdΔ -0.1311  pkR 15.98  clip 0.01  kl +0.002
upd  452  steps 14843904  sps 14561  opp strn  loss -0.157  pg -0.0002  v 0.001  ev +0.97  adv_std 0.056  tR +0.22  ent[s/d/p/e] 1.64/2.08/0.73/0.60  emits 1.53  spf 28.6  z0 0.03  garr 40.4  tG 726  e2 0.32  nF 27.0  pS 0.33  ptS 0.33  fLog 0.40  pdΔ -0.1672  pkR 19.10  clip 0.03  kl +0.003
upd  453  steps 14876672  sps 14566  opp frzn  loss -0.158  pg +0.0008  v 0.002  ev +0.95  adv_std 0.064  tR +0.12  ent[s/d/p/e] 1.76/2.04/0.70/0.63  emits 1.65  spf 30.8  z0 0.02  garr 55.0  tG 690  e2 0.37  nF 28.7  pS 0.38  ptS 0.39  fLog 0.40  pdΔ -0.1167  pkR 13.59  clip 0.01  kl +0.002
upd  454  steps 14909440  sps 14572  opp frzn  loss -0.147  pg +0.0003  v 0.002  ev +0.96  adv_std 0.066  tR -0.24  ent[s/d/p/e] 1.53/1.90/0.70/0.62  emits 1.61  spf 23.5  z0 0.01  garr 39.2  tG 427  e2 0.35  nF 27.6  pS 0.32  ptS 0.32  fLog 0.38  pdΔ -0.1786  pkR 13.30  clip 0.02  kl +0.002
upd  455  steps 14942208  sps 14577  opp strn  loss -0.156  pg +0.0004  v 0.002  ev +0.94  adv_std 0.067  tR -0.25  ent[s/d/p/e] 1.72/1.98/0.72/0.63  emits 1.61  spf 27.7  z0 0.01  garr 46.7  tG 537  e2 0.36  nF 27.6  pS 0.38  ptS 0.38  fLog 0.41  pdΔ -0.1234  pkR 8.76  clip 0.01  kl +0.002
upd  456  steps 14974976  sps 14582  opp strn  loss -0.150  pg +0.0003  v 0.003  ev +0.95  adv_std 0.073  tR -0.04  ent[s/d/p/e] 1.58/1.92/0.72/0.61  emits 1.56  spf 27.1  z0 0.01  garr 44.5  tG 510  e2 0.34  nF 25.4  pS 0.34  ptS 0.34  fLog 0.39  pdΔ -0.1620  pkR 10.33  clip 0.02  kl +0.003
upd  457  steps 15007744  sps 14587  opp frzn  loss -0.161  pg +0.0000  v 0.002  ev +0.94  adv_std 0.071  tR +0.05  ent[s/d/p/e] 1.78/2.04/0.75/0.63  emits 1.61  spf 29.4  z0 0.00  garr 52.8  tG 612  e2 0.36  nF 27.2  pS 0.40  ptS 0.40  fLog 0.41  pdΔ -0.0973  pkR 10.41  clip 0.01  kl +0.003
upd  458  steps 15040512  sps 14592  opp frzn  loss -0.154  pg +0.0002  v 0.003  ev +0.94  adv_std 0.075  tR +0.10  ent[s/d/p/e] 1.64/1.98/0.74/0.62  emits 1.55  spf 25.7  z0 0.01  garr 45.4  tG 535  e2 0.33  nF 27.0  pS 0.36  ptS 0.36  fLog 0.39  pdΔ -0.1362  pkR 8.73  clip 0.03  kl +0.003
upd  459  steps 15073280  sps 14597  opp strn  loss -0.152  pg -0.0000  v 0.001  ev +0.97  adv_std 0.056  tR -0.22  ent[s/d/p/e] 1.62/1.94/0.72/0.61  emits 1.57  spf 24.5  z0 0.01  garr 42.0  tG 486  e2 0.34  nF 28.9  pS 0.35  ptS 0.35  fLog 0.38  pdΔ -0.1463  pkR 12.13  clip 0.02  kl +0.002
upd  460  steps 15106048  sps 14607  opp rand  loss -0.152  pg +0.0004  v 0.003  ev +0.93  adv_std 0.086  tR +0.27  ent[s/d/p/e] 1.59/2.03/0.70/0.61  emits 1.48  spf 23.8  z0 0.02  garr 37.6  tG 440  e2 0.30  nF 25.2  pS 0.35  ptS 0.34  fLog 0.39  pdΔ -0.1520  pkR 10.47  clip 0.01  kl +0.001
upd  461  steps 15138816  sps 14612  opp strn  loss -0.150  pg +0.0001  v 0.002  ev +0.95  adv_std 0.063  tR +0.32  ent[s/d/p/e] 1.54/1.96/0.72/0.61  emits 1.53  spf 23.3  z0 0.01  garr 37.6  tG 437  e2 0.32  nF 27.3  pS 0.33  ptS 0.33  fLog 0.38  pdΔ -0.1664  pkR 12.40  clip 0.02  kl +0.002
upd  462  steps 15171584  sps 14617  opp strn  loss -0.148  pg +0.0001  v 0.002  ev +0.95  adv_std 0.070  tR -0.23  ent[s/d/p/e] 1.56/1.89/0.72/0.60  emits 1.51  spf 25.1  z0 0.01  garr 44.3  tG 485  e2 0.32  nF 25.1  pS 0.34  ptS 0.33  fLog 0.39  pdΔ -0.1647  pkR 9.51  clip 0.01  kl +0.002
upd  463  steps 15204352  sps 14622  opp frzn  loss -0.152  pg +0.0010  v 0.001  ev +0.97  adv_std 0.052  tR +0.00  ent[s/d/p/e] 1.61/1.99/0.72/0.61  emits 1.49  spf 26.1  z0 0.00  garr 45.3  tG 508  e2 0.31  nF 24.8  pS 0.35  ptS 0.35  fLog 0.40  pdΔ -0.1468  pkR 9.09  clip 0.01  kl +0.002
upd  464  steps 15237120  sps 14627  opp strn  loss -0.159  pg +0.0002  v 0.003  ev +0.95  adv_std 0.074  tR -0.08  ent[s/d/p/e] 1.75/2.03/0.75/0.62  emits 1.52  spf 30.3  z0 0.00  garr 55.3  tG 666  e2 0.32  nF 24.8  pS 0.40  ptS 0.40  fLog 0.42  pdΔ -0.0958  pkR 8.68  clip 0.03  kl +0.003
upd  465  steps 15269888  sps 14636  opp rand  loss -0.151  pg +0.0006  v 0.003  ev +0.95  adv_std 0.076  tR +0.43  ent[s/d/p/e] 1.59/2.00/0.71/0.59  emits 1.43  spf 26.1  z0 0.01  garr 40.4  tG 490  e2 0.28  nF 24.4  pS 0.35  ptS 0.34  fLog 0.40  pdΔ -0.1495  pkR 13.51  clip 0.02  kl +0.002
upd  466  steps 15302656  sps 14641  opp frzn  loss -0.146  pg -0.0004  v 0.002  ev +0.96  adv_std 0.059  tR +0.07  ent[s/d/p/e] 1.46/1.92/0.69/0.61  emits 1.48  spf 22.3  z0 0.02  garr 34.8  tG 394  e2 0.30  nF 26.8  pS 0.30  ptS 0.31  fLog 0.37  pdΔ -0.1956  pkR 13.73  clip 0.01  kl +0.001
upd  467  steps 15335424  sps 14646  opp buf  loss -0.168  pg +0.0005  v 0.003  ev +0.97  adv_std 0.072  tR -0.03  ent[s/d/p/e] 1.83/2.18/0.82/0.62  emits 1.45  spf 30.0  z0 0.08  garr 38.8  tG 613  e2 0.31  nF 25.9  pS 0.37  ptS 0.36  fLog 0.41  pdΔ -0.1322  pkR 17.14  clip 0.01  kl +0.002
upd  468  steps 15368192  sps 14651  opp strn  loss -0.155  pg +0.0007  v 0.001  ev +0.98  adv_std 0.050  tR +0.30  ent[s/d/p/e] 1.61/2.09/0.71/0.58  emits 1.47  spf 27.8  z0 0.03  garr 36.6  tG 762  e2 0.29  nF 28.0  pS 0.33  ptS 0.33  fLog 0.39  pdΔ -0.1744  pkR 15.32  clip 0.01  kl +0.002
upd  469  steps 15400960  sps 14656  opp buf  loss -0.165  pg +0.0004  v 0.002  ev +0.97  adv_std 0.063  tR -0.16  ent[s/d/p/e] 1.78/2.12/0.82/0.62  emits 1.48  spf 27.8  z0 0.09  garr 35.7  tG 579  e2 0.33  nF 27.2  pS 0.36  ptS 0.35  fLog 0.41  pdΔ -0.1402  pkR 18.46  clip 0.01  kl +0.001
upd  470  steps 15433728  sps 14661  opp buf  loss -0.181  pg +0.0003  v 0.002  ev +0.98  adv_std 0.061  tR +0.08  ent[s/d/p/e] 2.02/2.43/0.84/0.59  emits 1.38  spf 40.7  z0 0.11  garr 48.0  tG 1184  e2 0.28  nF 26.5  pS 0.41  ptS 0.40  fLog 0.45  pdΔ -0.0885  pkR 11.18  clip 0.02  kl +0.002
upd  471  steps 15466496  sps 14666  opp frzn  loss -0.155  pg +0.0005  v 0.001  ev +0.98  adv_std 0.052  tR +0.19  ent[s/d/p/e] 1.59/2.11/0.71/0.59  emits 1.43  spf 28.0  z0 0.05  garr 36.1  tG 748  e2 0.29  nF 28.7  pS 0.30  ptS 0.31  fLog 0.38  pdΔ -0.1962  pkR 17.92  clip 0.02  kl +0.002
upd  472  steps 15499264  sps 14671  opp frzn  loss -0.153  pg +0.0002  v 0.001  ev +0.97  adv_std 0.052  tR -0.27  ent[s/d/p/e] 1.60/2.01/0.71/0.60  emits 1.45  spf 26.3  z0 0.03  garr 41.5  tG 573  e2 0.30  nF 26.2  pS 0.32  ptS 0.32  fLog 0.39  pdΔ -0.1752  pkR 19.85  clip 0.03  kl +0.003
upd  473  steps 15532032  sps 14676  opp buf  loss -0.164  pg +0.0008  v 0.002  ev +0.96  adv_std 0.072  tR -0.29  ent[s/d/p/e] 1.76/2.18/0.80/0.61  emits 1.40  spf 29.3  z0 0.07  garr 38.2  tG 579  e2 0.29  nF 25.6  pS 0.35  ptS 0.34  fLog 0.41  pdΔ -0.1508  pkR 20.22  clip 0.01  kl +0.002
upd  474  steps 15564800  sps 14681  opp frzn  loss -0.153  pg +0.0004  v 0.002  ev +0.97  adv_std 0.058  tR +0.15  ent[s/d/p/e] 1.58/2.07/0.72/0.58  emits 1.40  spf 27.5  z0 0.03  garr 36.0  tG 682  e2 0.27  nF 25.7  pS 0.31  ptS 0.31  fLog 0.39  pdΔ -0.1932  pkR 17.72  clip 0.01  kl +0.001
upd  475  steps 15597568  sps 14686  opp buf  loss -0.167  pg +0.0005  v 0.002  ev +0.97  adv_std 0.064  tR -0.12  ent[s/d/p/e] 1.81/2.19/0.81/0.60  emits 1.40  spf 31.3  z0 0.08  garr 41.6  tG 714  e2 0.30  nF 24.9  pS 0.37  ptS 0.36  fLog 0.42  pdΔ -0.1290  pkR 26.09  clip 0.02  kl +0.002
upd  476  steps 15630336  sps 14690  opp frzn  loss -0.157  pg +0.0007  v 0.002  ev +0.97  adv_std 0.062  tR +0.17  ent[s/d/p/e] 1.66/2.12/0.72/0.59  emits 1.40  spf 28.7  z0 0.04  garr 39.3  tG 774  e2 0.28  nF 26.0  pS 0.33  ptS 0.33  fLog 0.40  pdΔ -0.1665  pkR 24.73  clip 0.01  kl +0.002
upd  477  steps 15663104  sps 14695  opp buf  loss -0.167  pg -0.0003  v 0.002  ev +0.97  adv_std 0.067  tR -0.13  ent[s/d/p/e] 1.82/2.16/0.80/0.61  emits 1.39  spf 28.5  z0 0.10  garr 39.8  tG 610  e2 0.30  nF 25.8  pS 0.36  ptS 0.35  fLog 0.41  pdΔ -0.1408  pkR 21.65  clip 0.02  kl +0.003
upd  478  steps 15695872  sps 14700  opp buf  loss -0.175  pg +0.0000  v 0.002  ev +0.98  adv_std 0.058  tR -0.04  ent[s/d/p/e] 1.93/2.34/0.81/0.59  emits 1.30  spf 36.5  z0 0.14  garr 43.6  tG 989  e2 0.27  nF 27.0  pS 0.37  ptS 0.36  fLog 0.43  pdΔ -0.1339  pkR 13.80  clip 0.02  kl +0.002
upd  479  steps 15728640  sps 14705  opp buf  loss -0.178  pg +0.0000  v 0.001  ev +0.98  adv_std 0.055  tR -0.03  ent[s/d/p/e] 2.00/2.39/0.81/0.58  emits 1.30  spf 40.2  z0 0.14  garr 48.5  tG 1178  e2 0.27  nF 25.9  pS 0.39  ptS 0.38  fLog 0.44  pdΔ -0.1101  pkR 10.72  clip 0.02  kl +0.003
upd  480  steps 15761408  sps 14709  opp buf  loss -0.180  pg +0.0003  v 0.001  ev +0.98  adv_std 0.054  tR +0.02  ent[s/d/p/e] 2.02/2.42/0.81/0.59  emits 1.33  spf 41.3  z0 0.12  garr 51.3  tG 1261  e2 0.28  nF 25.8  pS 0.41  ptS 0.40  fLog 0.44  pdΔ -0.0911  pkR 10.30  clip 0.02  kl +0.002
upd  481  steps 15794176  sps 14714  opp strn  loss -0.158  pg +0.0004  v 0.001  ev +0.98  adv_std 0.053  tR +0.24  ent[s/d/p/e] 1.65/2.14/0.72/0.58  emits 1.36  spf 33.8  z0 0.06  garr 46.3  tG 1012  e2 0.27  nF 24.9  pS 0.34  ptS 0.34  fLog 0.40  pdΔ -0.1555  pkR 15.91  clip 0.02  kl +0.002
upd  482  steps 15826944  sps 14719  opp frzn  loss -0.153  pg -0.0001  v 0.002  ev +0.96  adv_std 0.062  tR -0.05  ent[s/d/p/e] 1.65/1.96/0.72/0.59  emits 1.44  spf 26.7  z0 0.01  garr 48.6  tG 562  e2 0.30  nF 25.3  pS 0.36  ptS 0.36  fLog 0.39  pdΔ -0.1415  pkR 9.18  clip 0.02  kl +0.002
upd  483  steps 15859712  sps 14724  opp frzn  loss -0.144  pg +0.0005  v 0.002  ev +0.95  adv_std 0.070  tR -0.21  ent[s/d/p/e] 1.46/1.90/0.71/0.59  emits 1.41  spf 24.3  z0 0.02  garr 45.3  tG 500  e2 0.28  nF 24.0  pS 0.31  ptS 0.31  fLog 0.38  pdΔ -0.1864  pkR 8.80  clip 0.02  kl +0.002
upd  484  steps 15892480  sps 14728  opp strn  loss -0.159  pg +0.0010  v 0.002  ev +0.95  adv_std 0.067  tR -0.03  ent[s/d/p/e] 1.76/2.05/0.73/0.61  emits 1.47  spf 31.0  z0 0.01  garr 59.6  tG 688  e2 0.31  nF 24.7  pS 0.39  ptS 0.39  fLog 0.41  pdΔ -0.1080  pkR 8.17  clip 0.02  kl +0.002
upd  485  steps 15925248  sps 14733  opp buf  loss -0.170  pg +0.0001  v 0.002  ev +0.97  adv_std 0.070  tR +0.04  ent[s/d/p/e] 1.85/2.23/0.82/0.60  emits 1.41  spf 33.1  z0 0.05  garr 50.6  tG 789  e2 0.30  nF 25.0  pS 0.39  ptS 0.38  fLog 0.42  pdΔ -0.1068  pkR 14.44  clip 0.01  kl +0.002
upd  486  steps 15958016  sps 14738  opp strn  loss -0.163  pg +0.0002  v 0.001  ev +0.98  adv_std 0.048  tR +0.36  ent[s/d/p/e] 1.74/2.17/0.75/0.59  emits 1.42  spf 34.3  z0 0.03  garr 47.3  tG 984  e2 0.29  nF 26.5  pS 0.37  ptS 0.37  fLog 0.41  pdΔ -0.1290  pkR 14.51  clip 0.01  kl +0.002
upd  487  steps 15990784  sps 14742  opp strn  loss -0.155  pg +0.0005  v 0.001  ev +0.98  adv_std 0.051  tR -0.12  ent[s/d/p/e] 1.68/1.98/0.75/0.61  emits 1.44  spf 28.4  z0 0.02  garr 47.5  tG 627  e2 0.31  nF 24.6  pS 0.35  ptS 0.35  fLog 0.40  pdΔ -0.1502  pkR 18.61  clip 0.01  kl +0.002
upd  488  steps 16023552  sps 14747  opp buf  loss -0.167  pg -0.0004  v 0.003  ev +0.97  adv_std 0.076  tR -0.23  ent[s/d/p/e] 1.79/2.18/0.80/0.61  emits 1.36  spf 30.4  z0 0.09  garr 44.7  tG 647  e2 0.29  nF 23.1  pS 0.35  ptS 0.34  fLog 0.42  pdΔ -0.1492  pkR 19.53  clip 0.01  kl +0.002
upd  489  steps 16056320  sps 14751  opp frzn  loss -0.164  pg -0.0001  v 0.001  ev +0.97  adv_std 0.054  tR +0.51  ent[s/d/p/e] 1.75/2.20/0.75/0.60  emits 1.44  spf 30.4  z0 0.02  garr 44.5  tG 816  e2 0.30  nF 26.1  pS 0.36  ptS 0.36  fLog 0.40  pdΔ -0.1446  pkR 11.95  clip 0.03  kl +0.003
upd  490  steps 16089088  sps 14756  opp frzn  loss -0.152  pg +0.0000  v 0.002  ev +0.96  adv_std 0.059  tR -0.29  ent[s/d/p/e] 1.61/2.01/0.70/0.58  emits 1.39  spf 27.8  z0 0.02  garr 56.3  tG 709  e2 0.28  nF 24.4  pS 0.35  ptS 0.34  fLog 0.39  pdΔ -0.1539  pkR 14.06  clip 0.03  kl +0.003
upd  491  steps 16121856  sps 14764  opp rand  loss -0.145  pg +0.0009  v 0.004  ev +0.93  adv_std 0.101  tR +0.25  ent[s/d/p/e] 1.49/2.03/0.65/0.58  emits 1.31  spf 22.8  z0 0.04  garr 39.6  tG 435  e2 0.24  nF 22.9  pS 0.32  ptS 0.31  fLog 0.37  pdΔ -0.1813  pkR 12.89  clip 0.02  kl +0.002
upd  492  steps 16154624  sps 14769  opp strn  loss -0.146  pg +0.0006  v 0.002  ev +0.95  adv_std 0.059  tR +0.08  ent[s/d/p/e] 1.50/1.90/0.71/0.60  emits 1.42  spf 22.1  z0 0.02  garr 41.2  tG 410  e2 0.30  nF 24.4  pS 0.31  ptS 0.31  fLog 0.38  pdΔ -0.1893  pkR 11.04  clip 0.01  kl +0.002
upd  493  steps 16187392  sps 14778  opp rand  loss -0.152  pg +0.0006  v 0.004  ev +0.94  adv_std 0.090  tR +0.12  ent[s/d/p/e] 1.62/2.05/0.69/0.60  emits 1.41  spf 26.7  z0 0.02  garr 47.6  tG 527  e2 0.28  nF 22.8  pS 0.35  ptS 0.34  fLog 0.40  pdΔ -0.1498  pkR 9.25  clip 0.02  kl +0.002
upd  494  steps 16220160  sps 14782  opp strn  loss -0.150  pg +0.0001  v 0.002  ev +0.96  adv_std 0.056  tR +0.39  ent[s/d/p/e] 1.58/1.91/0.72/0.62  emits 1.53  spf 22.5  z0 0.01  garr 37.6  tG 400  e2 0.34  nF 27.2  pS 0.34  ptS 0.34  fLog 0.38  pdΔ -0.1578  pkR 10.26  clip 0.02  kl +0.002
upd  495  steps 16252928  sps 14791  opp rand  loss -0.144  pg +0.0005  v 0.004  ev +0.94  adv_std 0.092  tR +0.21  ent[s/d/p/e] 1.52/1.94/0.65/0.59  emits 1.40  spf 22.9  z0 0.03  garr 42.3  tG 462  e2 0.28  nF 23.5  pS 0.33  ptS 0.32  fLog 0.38  pdΔ -0.1694  pkR 10.06  clip 0.01  kl +0.002
upd  496  steps 16285696  sps 14799  opp rand  loss -0.147  pg -0.0000  v 0.002  ev +0.97  adv_std 0.062  tR +0.22  ent[s/d/p/e] 1.46/1.96/0.69/0.62  emits 1.49  spf 20.3  z0 0.03  garr 30.5  tG 340  e2 0.32  nF 27.7  pS 0.31  ptS 0.30  fLog 0.37  pdΔ -0.1927  pkR 11.72  clip 0.02  kl +0.002
upd  497  steps 16318464  sps 14808  opp rand  loss -0.140  pg +0.0006  v 0.003  ev +0.96  adv_std 0.072  tR +0.09  ent[s/d/p/e] 1.39/1.88/0.67/0.60  emits 1.42  spf 19.7  z0 0.04  garr 33.5  tG 374  e2 0.29  nF 24.6  pS 0.30  ptS 0.29  fLog 0.36  pdΔ -0.1998  pkR 12.98  clip 0.01  kl +0.001
upd  498  steps 16351232  sps 14812  opp frzn  loss -0.144  pg +0.0009  v 0.002  ev +0.96  adv_std 0.061  tR +0.03  ent[s/d/p/e] 1.47/1.89/0.69/0.62  emits 1.46  spf 22.3  z0 0.02  garr 44.7  tG 435  e2 0.31  nF 23.0  pS 0.31  ptS 0.30  fLog 0.38  pdΔ -0.1915  pkR 18.35  clip 0.01  kl +0.002
upd  499  steps 16384000  sps 14817  opp strn  loss -0.153  pg +0.0005  v 0.002  ev +0.95  adv_std 0.068  tR -0.07  ent[s/d/p/e] 1.68/1.96/0.72/0.61  emits 1.50  spf 28.4  z0 0.00  garr 66.6  tG 717  e2 0.33  nF 22.8  pS 0.38  ptS 0.38  fLog 0.40  pdΔ -0.1220  pkR 11.72  clip 0.03  kl +0.004 WRr 0.75 WRf 0.53
[ckpt] saved ckpt_multi_action_v11_f40_buffer/ckpt_000499.pkl
final eval win_rate vs random: 0.750
