[reward] kaggle-aligned: terminal +1 win/+1 tie>0/-1 loss/-1 double-wipeout; is_terminal at step >= episode_steps-2; SHAPING_SCALE=0.0; v1: KEEP_HOME=0.0 FLEET_SIZE=0.0/norm20.0; v2 (expert-replay calibrated): PROD_SHARE=0.0 PLANET_SHARE=0.0 FLEET_LOG=0.0/ref500.0/floor0.3; v3 (top10-2630ep calibrated): PROD_SHARE_DELTA=0.0 EMIT_LOG=0.0 EMIT_GATED=0.0 RELEASE=0.0/K20.0 CAPTURE=0.0; episode_steps=500 (kaggle=500, mismatch=False)
[symmetric] Frog Parade self-play: same params for both players, warmup=0 updates vs random
upd    0  steps    4096  sps 71  opp symm  loss -0.050  pg -0.0049  v 0.002  ev +0.36  adv_std 0.068  tR +0.00  ent[s/d/p/e] 0.37/2.85/0.09/0.66  emits 1.24  spf 5.3  z0 0.01  garr 4.6  tG 12  e2 0.18  nF 17.1  pS 0.09  ptS 0.08  fLog 0.26  pdΔ -0.4132  pkR 19.70  clip 0.03  kl +0.003
upd    1  steps    8192  sps 131  opp symm  loss -0.064  pg -0.0081  v 0.003  ev +0.80  adv_std 0.085  tR -1.00  ent[s/d/p/e] 1.15/2.84/0.35/0.68  emits 1.43  spf 12.8  z0 0.04  garr 12.7  tG 92  e2 0.32  nF 28.1  pS 0.22  ptS 0.21  fLog 0.34  pdΔ -0.2767  pkR 11.51  clip 0.10  kl +0.011
upd    2  steps   12288  sps 184  opp symm  loss -0.060  pg -0.0030  v 0.008  ev +0.75  adv_std 0.151  tR +0.25  ent[s/d/p/e] 1.47/2.85/0.45/0.67  emits 1.44  spf 18.9  z0 0.05  garr 19.2  tG 197  e2 0.33  nF 25.8  pS 0.30  ptS 0.29  fLog 0.37  pdΔ -0.1968  pkR 8.46  clip 0.19  kl +0.016
upd    3  steps   16384  sps 230  opp symm  loss -0.063  pg -0.0044  v 0.006  ev +0.82  adv_std 0.141  tR -0.33  ent[s/d/p/e] 1.53/2.84/0.45/0.67  emits 1.43  spf 21.0  z0 0.08  garr 21.6  tG 246  e2 0.32  nF 25.2  pS 0.32  ptS 0.31  fLog 0.38  pdΔ -0.1832  pkR 8.89  clip 0.18  kl +0.011
upd    4  steps   20480  sps 271  opp symm  loss -0.061  pg -0.0030  v 0.004  ev +0.89  adv_std 0.116  tR +0.11  ent[s/d/p/e] 1.44/2.83/0.43/0.66  emits 1.41  spf 21.7  z0 0.07  garr 23.6  tG 289  e2 0.33  nF 24.2  pS 0.31  ptS 0.30  fLog 0.37  pdΔ -0.1857  pkR 10.16  clip 0.19  kl +0.014
upd    5  steps   24576  sps 307  opp symm  loss -0.067  pg -0.0069  v 0.003  ev +0.93  adv_std 0.112  tR -0.43  ent[s/d/p/e] 1.51/2.84/0.46/0.67  emits 1.42  spf 23.8  z0 0.05  garr 28.1  tG 372  e2 0.33  nF 26.3  pS 0.34  ptS 0.33  fLog 0.37  pdΔ -0.1625  pkR 8.00  clip 0.22  kl +0.018
upd    6  steps   28672  sps 340  opp symm  loss -0.060  pg -0.0016  v 0.003  ev +0.93  adv_std 0.096  tR +0.67  ent[s/d/p/e] 1.43/2.84/0.42/0.63  emits 1.30  spf 24.9  z0 0.05  garr 29.6  tG 420  e2 0.25  nF 25.8  pS 0.33  ptS 0.32  fLog 0.37  pdΔ -0.1727  pkR 8.78  clip 0.23  kl +0.019
upd    7  steps   32768  sps 369  opp symm  loss -0.050  pg -0.0073  v 0.028  ev +0.53  adv_std 0.292  tR -0.20  ent[s/d/p/e] 1.26/2.84/0.35/0.62  emits 1.24  spf 23.7  z0 0.05  garr 27.9  tG 389  e2 0.21  nF 23.0  pS 0.29  ptS 0.28  fLog 0.34  pdΔ -0.2137  pkR 13.58  clip 0.21  kl +0.018
upd    8  steps   36864  sps 396  opp symm  loss -0.059  pg -0.0063  v 0.003  ev +0.92  adv_std 0.105  tR -0.33  ent[s/d/p/e] 1.08/2.84/0.28/0.64  emits 1.24  spf 16.2  z0 0.06  garr 18.8  tG 238  e2 0.23  nF 25.0  pS 0.23  ptS 0.23  fLog 0.32  pdΔ -0.2659  pkR 15.36  clip 0.22  kl +0.018
upd    9  steps   40960  sps 420  opp symm  loss -0.061  pg -0.0053  v 0.002  ev +0.94  adv_std 0.083  tR +0.09  ent[s/d/p/e] 1.28/2.82/0.33/0.61  emits 1.30  spf 17.3  z0 0.04  garr 21.5  tG 261  e2 0.25  nF 27.1  pS 0.27  ptS 0.26  fLog 0.34  pdΔ -0.2334  pkR 15.49  clip 0.27  kl +0.019
upd   10  steps   45056  sps 442  opp symm  loss -0.067  pg -0.0127  v 0.004  ev +0.89  adv_std 0.115  tR +0.00  ent[s/d/p/e] 1.33/2.83/0.34/0.59  emits 1.27  spf 18.5  z0 0.03  garr 23.0  tG 260  e2 0.23  nF 27.2  pS 0.28  ptS 0.29  fLog 0.34  pdΔ -0.2155  pkR 11.78  clip 0.26  kl +0.022
upd   11  steps   49152  sps 462  opp symm  loss -0.067  pg -0.0128  v 0.004  ev +0.92  adv_std 0.101  tR -0.25  ent[s/d/p/e] 1.30/2.83/0.35/0.58  emits 1.26  spf 19.6  z0 0.04  garr 25.2  tG 291  e2 0.22  nF 25.8  pS 0.28  ptS 0.28  fLog 0.34  pdΔ -0.2241  pkR 8.67  clip 0.30  kl +0.019
upd   12  steps   53248  sps 481  opp symm  loss -0.056  pg -0.0054  v 0.007  ev +0.89  adv_std 0.137  tR +0.50  ent[s/d/p/e] 1.13/2.80/0.29/0.59  emits 1.31  spf 17.4  z0 0.05  garr 22.8  tG 273  e2 0.25  nF 26.2  pS 0.25  ptS 0.26  fLog 0.32  pdΔ -0.2470  pkR 10.69  clip 0.34  kl +0.038
upd   13  steps   57344  sps 498  opp symm  loss -0.063  pg -0.0115  v 0.005  ev +0.95  adv_std 0.125  tR -0.41  ent[s/d/p/e] 1.14/2.79/0.29/0.58  emits 1.18  spf 17.1  z0 0.11  garr 20.2  tG 223  e2 0.20  nF 24.3  pS 0.23  ptS 0.23  fLog 0.33  pdΔ -0.2715  pkR 13.16  clip 0.27  kl +0.027
upd   14  steps   61440  sps 514  opp symm  loss -0.065  pg -0.0125  v 0.005  ev +0.94  adv_std 0.111  tR -0.29  ent[s/d/p/e] 1.16/2.79/0.33/0.59  emits 1.25  spf 16.4  z0 0.09  garr 18.9  tG 195  e2 0.23  nF 22.8  pS 0.23  ptS 0.23  fLog 0.34  pdΔ -0.2655  pkR 10.64  clip 0.34  kl +0.037
upd   15  steps   65536  sps 528  opp symm  loss -0.055  pg -0.0015  v 0.005  ev +0.92  adv_std 0.114  tR -0.33  ent[s/d/p/e] 1.26/2.81/0.35/0.59  emits 1.35  spf 18.1  z0 0.04  garr 21.4  tG 234  e2 0.24  nF 24.0  pS 0.27  ptS 0.26  fLog 0.35  pdΔ -0.2271  pkR 11.95  clip 0.34  kl +0.043
upd   16  steps   69632  sps 542  opp symm  loss -0.064  pg -0.0088  v 0.004  ev +0.95  adv_std 0.103  tR -0.40  ent[s/d/p/e] 1.43/2.81/0.39/0.56  emits 1.28  spf 20.0  z0 0.07  garr 28.1  tG 316  e2 0.24  nF 23.3  pS 0.32  ptS 0.30  fLog 0.37  pdΔ -0.1816  pkR 9.14  clip 0.34  kl +0.035
upd   17  steps   73728  sps 555  opp symm  loss -0.074  pg -0.0184  v 0.004  ev +0.95  adv_std 0.102  tR +0.50  ent[s/d/p/e] 1.47/2.80/0.42/0.53  emits 1.24  spf 24.4  z0 0.03  garr 31.3  tG 352  e2 0.18  nF 21.0  pS 0.34  ptS 0.32  fLog 0.38  pdΔ -0.1644  pkR 8.17  clip 0.32  kl +0.043
upd   18  steps   77824  sps 567  opp symm  loss -0.074  pg -0.0173  v 0.003  ev +0.97  adv_std 0.084  tR +0.20  ent[s/d/p/e] 1.50/2.79/0.40/0.55  emits 1.29  spf 24.9  z0 0.05  garr 33.1  tG 409  e2 0.21  nF 21.2  pS 0.34  ptS 0.33  fLog 0.38  pdΔ -0.1632  pkR 9.62  clip 0.33  kl +0.040
upd   19  steps   81920  sps 578  opp symm  loss -0.077  pg -0.0209  v 0.003  ev +0.97  adv_std 0.088  tR -0.14  ent[s/d/p/e] 1.47/2.78/0.42/0.55  emits 1.31  spf 24.4  z0 0.03  garr 35.5  tG 427  e2 0.22  nF 20.9  pS 0.34  ptS 0.33  fLog 0.38  pdΔ -0.1630  pkR 9.62  clip 0.37  kl +0.050
upd   20  steps   86016  sps 589  opp symm  loss -0.077  pg -0.0199  v 0.004  ev +0.97  adv_std 0.103  tR +0.71  ent[s/d/p/e] 1.53/2.78/0.41/0.58  emits 1.43  spf 25.2  z0 0.01  garr 35.3  tG 434  e2 0.27  nF 23.8  pS 0.35  ptS 0.35  fLog 0.37  pdΔ -0.1452  pkR 10.94  clip 0.36  kl +0.047
upd   21  steps   90112  sps 599  opp symm  loss -0.065  pg -0.0104  v 0.005  ev +0.97  adv_std 0.118  tR -0.08  ent[s/d/p/e] 1.37/2.78/0.35/0.58  emits 1.45  spf 21.1  z0 0.04  garr 28.1  tG 340  e2 0.27  nF 24.5  pS 0.32  ptS 0.32  fLog 0.35  pdΔ -0.1838  pkR 12.89  clip 0.39  kl +0.060
upd   22  steps   94208  sps 608  opp symm  loss -0.074  pg -0.0200  v 0.003  ev +0.98  adv_std 0.099  tR -0.17  ent[s/d/p/e] 1.33/2.77/0.34/0.58  emits 1.43  spf 19.3  z0 0.04  garr 25.8  tG 332  e2 0.28  nF 25.4  pS 0.32  ptS 0.32  fLog 0.35  pdΔ -0.1816  pkR 8.75  clip 0.36  kl +0.061
upd   23  steps   98304  sps 617  opp symm  loss -0.072  pg -0.0187  v 0.003  ev +0.97  adv_std 0.097  tR +0.27  ent[s/d/p/e] 1.26/2.74/0.34/0.56  emits 1.50  spf 18.0  z0 0.01  garr 23.8  tG 294  e2 0.27  nF 25.6  pS 0.30  ptS 0.30  fLog 0.34  pdΔ -0.1995  pkR 10.08  clip 0.38  kl +0.065
upd   24  steps  102400  sps 625  opp symm  loss -0.070  pg -0.0172  v 0.006  ev +0.97  adv_std 0.124  tR +0.33  ent[s/d/p/e] 1.34/2.74/0.35/0.55  emits 1.50  spf 19.6  z0 0.02  garr 28.1  tG 372  e2 0.27  nF 26.2  pS 0.33  ptS 0.32  fLog 0.35  pdΔ -0.1691  pkR 9.40  clip 0.36  kl +0.062
upd   25  steps  106496  sps 633  opp symm  loss -0.071  pg -0.0186  v 0.003  ev +0.98  adv_std 0.092  tR +0.27  ent[s/d/p/e] 1.29/2.75/0.35/0.52  emits 1.53  spf 19.6  z0 0.07  garr 27.2  tG 365  e2 0.26  nF 25.7  pS 0.30  ptS 0.30  fLog 0.34  pdΔ -0.2021  pkR 10.51  clip 0.34  kl +0.059
upd   26  steps  110592  sps 641  opp symm  loss -0.067  pg -0.0176  v 0.005  ev +0.97  adv_std 0.109  tR -0.08  ent[s/d/p/e] 1.14/2.72/0.32/0.49  emits 1.64  spf 15.6  z0 0.03  garr 20.8  tG 233  e2 0.26  nF 27.8  pS 0.25  ptS 0.25  fLog 0.33  pdΔ -0.2452  pkR 13.00  clip 0.37  kl +0.079
upd   27  steps  114688  sps 648  opp symm  loss -0.059  pg -0.0098  v 0.005  ev +0.97  adv_std 0.118  tR -0.75  ent[s/d/p/e] 1.21/2.68/0.34/0.47  emits 1.70  spf 15.8  z0 0.05  garr 21.7  tG 235  e2 0.29  nF 29.0  pS 0.28  ptS 0.27  fLog 0.33  pdΔ -0.2228  pkR 12.17  clip 0.40  kl +0.068
upd   28  steps  118784  sps 655  opp symm  loss -0.061  pg -0.0093  v 0.006  ev +0.97  adv_std 0.125  tR -0.20  ent[s/d/p/e] 1.37/2.69/0.41/0.50  emits 1.67  spf 20.2  z0 0.03  garr 27.7  tG 337  e2 0.30  nF 28.2  pS 0.34  ptS 0.32  fLog 0.36  pdΔ -0.1646  pkR 8.13  clip 0.40  kl +0.078
upd   29  steps  122880  sps 661  opp symm  loss -0.078  pg -0.0263  v 0.004  ev +0.98  adv_std 0.105  tR -0.40  ent[s/d/p/e] 1.34/2.64/0.37/0.48  emits 1.65  spf 19.5  z0 0.02  garr 27.9  tG 360  e2 0.27  nF 27.8  pS 0.34  ptS 0.33  fLog 0.35  pdΔ -0.1646  pkR 7.96  clip 0.37  kl +0.054
upd   30  steps  126976  sps 668  opp symm  loss -0.064  pg -0.0114  v 0.005  ev +0.98  adv_std 0.116  tR +0.00  ent[s/d/p/e] 1.40/2.67/0.37/0.54  emits 1.61  spf 22.3  z0 0.02  garr 28.7  tG 393  e2 0.29  nF 27.9  pS 0.36  ptS 0.35  fLog 0.35  pdΔ -0.1403  pkR 6.90  clip 0.40  kl +0.072
upd   31  steps  131072  sps 673  opp symm  loss -0.065  pg -0.0150  v 0.007  ev +0.96  adv_std 0.144  tR +0.11  ent[s/d/p/e] 1.20/2.71/0.37/0.54  emits 1.43  spf 20.4  z0 0.03  garr 24.1  tG 305  e2 0.27  nF 26.9  pS 0.31  ptS 0.30  fLog 0.35  pdΔ -0.1884  pkR 10.30  clip 0.38  kl +0.045
upd   32  steps  135168  sps 679  opp symm  loss -0.070  pg -0.0186  v 0.006  ev +0.97  adv_std 0.135  tR +0.60  ent[s/d/p/e] 1.32/2.71/0.40/0.54  emits 1.49  spf 23.0  z0 0.01  garr 29.7  tG 381  e2 0.28  nF 27.7  pS 0.35  ptS 0.34  fLog 0.36  pdΔ -0.1486  pkR 9.43  clip 0.39  kl +0.061
upd   33  steps  139264  sps 684  opp symm  loss -0.071  pg -0.0182  v 0.006  ev +0.98  adv_std 0.127  tR +0.25  ent[s/d/p/e] 1.36/2.73/0.39/0.54  emits 1.51  spf 25.2  z0 0.03  garr 30.1  tG 402  e2 0.27  nF 26.0  pS 0.36  ptS 0.35  fLog 0.37  pdΔ -0.1440  pkR 9.15  clip 0.37  kl +0.051
upd   34  steps  143360  sps 690  opp symm  loss -0.072  pg -0.0188  v 0.006  ev +0.98  adv_std 0.136  tR +0.00  ent[s/d/p/e] 1.40/2.73/0.39/0.54  emits 1.60  spf 25.1  z0 0.02  garr 31.7  tG 449  e2 0.31  nF 27.4  pS 0.38  ptS 0.37  fLog 0.38  pdΔ -0.1196  pkR 9.13  clip 0.38  kl +0.058
upd   35  steps  147456  sps 695  opp symm  loss -0.067  pg -0.0148  v 0.008  ev +0.97  adv_std 0.159  tR +0.67  ent[s/d/p/e] 1.43/2.71/0.41/0.54  emits 1.55  spf 25.9  z0 0.04  garr 29.9  tG 439  e2 0.30  nF 26.7  pS 0.38  ptS 0.38  fLog 0.38  pdΔ -0.1172  pkR 7.11  clip 0.37  kl +0.060
upd   36  steps  151552  sps 699  opp symm  loss -0.067  pg -0.0139  v 0.005  ev +0.98  adv_std 0.127  tR +0.00  ent[s/d/p/e] 1.30/2.71/0.36/0.57  emits 1.51  spf 23.8  z0 0.05  garr 28.5  tG 414  e2 0.32  nF 24.6  pS 0.35  ptS 0.35  fLog 0.37  pdΔ -0.1487  pkR 8.57  clip 0.43  kl +0.079
upd   37  steps  155648  sps 704  opp symm  loss -0.067  pg -0.0152  v 0.006  ev +0.98  adv_std 0.137  tR +0.27  ent[s/d/p/e] 1.28/2.69/0.38/0.59  emits 1.63  spf 21.4  z0 0.05  garr 23.3  tG 317  e2 0.34  nF 26.4  pS 0.33  ptS 0.32  fLog 0.37  pdΔ -0.1696  pkR 10.64  clip 0.42  kl +0.076
upd   38  steps  159744  sps 708  opp symm  loss -0.070  pg -0.0186  v 0.008  ev +0.97  adv_std 0.156  tR +0.00  ent[s/d/p/e] 1.30/2.69/0.41/0.60  emits 1.56  spf 24.5  z0 0.04  garr 24.7  tG 333  e2 0.33  nF 25.8  pS 0.34  ptS 0.33  fLog 0.38  pdΔ -0.1633  pkR 8.43  clip 0.39  kl +0.063
upd   39  steps  163840  sps 712  opp symm  loss -0.071  pg -0.0180  v 0.005  ev +0.98  adv_std 0.120  tR +0.75  ent[s/d/p/e] 1.24/2.69/0.40/0.59  emits 1.57  spf 24.0  z0 0.02  garr 24.4  tG 326  e2 0.33  nF 25.7  pS 0.33  ptS 0.33  fLog 0.37  pdΔ -0.1678  pkR 8.70  clip 0.40  kl +0.075
upd   40  steps  167936  sps 717  opp symm  loss -0.060  pg -0.0076  v 0.004  ev +0.99  adv_std 0.113  tR +0.45  ent[s/d/p/e] 1.21/2.72/0.36/0.56  emits 1.54  spf 23.9  z0 0.03  garr 28.2  tG 408  e2 0.32  nF 26.5  pS 0.33  ptS 0.33  fLog 0.36  pdΔ -0.1662  pkR 8.75  clip 0.37  kl +0.060
upd   41  steps  172032  sps 720  opp symm  loss -0.058  pg -0.0069  v 0.006  ev +0.98  adv_std 0.130  tR -0.27  ent[s/d/p/e] 1.15/2.73/0.35/0.60  emits 1.61  spf 22.8  z0 0.04  garr 24.3  tG 342  e2 0.33  nF 26.1  pS 0.31  ptS 0.30  fLog 0.36  pdΔ -0.1868  pkR 10.27  clip 0.43  kl +0.088
upd   42  steps  176128  sps 724  opp symm  loss -0.068  pg -0.0162  v 0.009  ev +0.97  adv_std 0.163  tR +0.00  ent[s/d/p/e] 1.25/2.75/0.43/0.63  emits 1.58  spf 24.6  z0 0.05  garr 23.9  tG 342  e2 0.34  nF 26.9  pS 0.33  ptS 0.32  fLog 0.37  pdΔ -0.1730  pkR 8.73  clip 0.38  kl +0.059
upd   43  steps  180224  sps 728  opp symm  loss -0.073  pg -0.0202  v 0.009  ev +0.97  adv_std 0.168  tR +0.00  ent[s/d/p/e] 1.37/2.73/0.43/0.62  emits 1.64  spf 22.8  z0 0.07  garr 21.7  tG 315  e2 0.39  nF 27.7  pS 0.36  ptS 0.35  fLog 0.38  pdΔ -0.1426  pkR 8.47  clip 0.42  kl +0.072
upd   44  steps  184320  sps 731  opp symm  loss -0.060  pg -0.0102  v 0.011  ev +0.96  adv_std 0.187  tR +0.20  ent[s/d/p/e] 1.25/2.67/0.41/0.62  emits 1.80  spf 19.5  z0 0.07  garr 20.3  tG 293  e2 0.44  nF 28.4  pS 0.34  ptS 0.33  fLog 0.36  pdΔ -0.1619  pkR 10.59  clip 0.43  kl +0.103
upd   45  steps  188416  sps 735  opp symm  loss -0.066  pg -0.0135  v 0.008  ev +0.98  adv_std 0.167  tR +0.29  ent[s/d/p/e] 1.32/2.67/0.47/0.62  emits 1.78  spf 18.3  z0 0.06  garr 16.7  tG 210  e2 0.40  nF 28.7  pS 0.31  ptS 0.31  fLog 0.37  pdΔ -0.1875  pkR 9.55  clip 0.41  kl +0.073
upd   46  steps  192512  sps 738  opp symm  loss -0.055  pg -0.0050  v 0.009  ev +0.97  adv_std 0.164  tR +0.23  ent[s/d/p/e] 1.20/2.65/0.41/0.61  emits 1.69  spf 17.5  z0 0.07  garr 14.7  tG 187  e2 0.35  nF 27.7  pS 0.28  ptS 0.27  fLog 0.35  pdΔ -0.2222  pkR 11.57  clip 0.40  kl +0.066
upd   47  steps  196608  sps 741  opp symm  loss -0.065  pg -0.0128  v 0.008  ev +0.98  adv_std 0.154  tR +0.11  ent[s/d/p/e] 1.27/2.67/0.41/0.61  emits 1.77  spf 18.3  z0 0.08  garr 17.2  tG 243  e2 0.39  nF 30.3  pS 0.31  ptS 0.30  fLog 0.35  pdΔ -0.1937  pkR 15.17  clip 0.41  kl +0.068
upd   48  steps  200704  sps 744  opp symm  loss -0.070  pg -0.0182  v 0.008  ev +0.98  adv_std 0.162  tR -0.08  ent[s/d/p/e] 1.23/2.67/0.42/0.63  emits 1.72  spf 17.5  z0 0.09  garr 17.8  tG 247  e2 0.39  nF 30.3  pS 0.29  ptS 0.28  fLog 0.34  pdΔ -0.2109  pkR 18.88  clip 0.36  kl +0.045
upd   49  steps  204800  sps 747  opp symm  loss -0.071  pg -0.0171  v 0.008  ev +0.98  adv_std 0.166  tR +0.50  ent[s/d/p/e] 1.38/2.70/0.48/0.63  emits 1.81  spf 18.1  z0 0.06  garr 19.8  tG 272  e2 0.41  nF 32.9  pS 0.34  ptS 0.33  fLog 0.35  pdΔ -0.1634  pkR 18.63  clip 0.40  kl +0.069
upd   50  steps  208896  sps 750  opp symm  loss -0.067  pg -0.0145  v 0.009  ev +0.97  adv_std 0.161  tR -0.14  ent[s/d/p/e] 1.29/2.69/0.43/0.64  emits 1.78  spf 16.6  z0 0.06  garr 16.2  tG 218  e2 0.40  nF 31.6  pS 0.31  ptS 0.31  fLog 0.35  pdΔ -0.1861  pkR 8.73  clip 0.41  kl +0.074
upd   51  steps  212992  sps 753  opp symm  loss -0.066  pg -0.0164  v 0.012  ev +0.97  adv_std 0.186  tR -0.33  ent[s/d/p/e] 1.22/2.64/0.43/0.64  emits 1.62  spf 18.5  z0 0.07  garr 19.6  tG 279  e2 0.37  nF 28.8  pS 0.32  ptS 0.31  fLog 0.35  pdΔ -0.1808  pkR 7.64  clip 0.42  kl +0.081
upd   52  steps  217088  sps 755  opp symm  loss -0.067  pg -0.0148  v 0.010  ev +0.97  adv_std 0.170  tR +0.33  ent[s/d/p/e] 1.31/2.64/0.44/0.65  emits 1.81  spf 19.4  z0 0.05  garr 21.3  tG 301  e2 0.45  nF 31.0  pS 0.33  ptS 0.32  fLog 0.36  pdΔ -0.1686  pkR 8.81  clip 0.41  kl +0.069
upd   53  steps  221184  sps 758  opp symm  loss -0.072  pg -0.0179  v 0.008  ev +0.98  adv_std 0.154  tR +0.12  ent[s/d/p/e] 1.35/2.65/0.46/0.65  emits 1.67  spf 19.0  z0 0.06  garr 20.0  tG 276  e2 0.39  nF 31.3  pS 0.33  ptS 0.32  fLog 0.36  pdΔ -0.1717  pkR 9.60  clip 0.39  kl +0.060
upd   54  steps  225280  sps 760  opp symm  loss -0.069  pg -0.0183  v 0.011  ev +0.97  adv_std 0.190  tR +0.17  ent[s/d/p/e] 1.24/2.60/0.46/0.64  emits 1.68  spf 18.6  z0 0.05  garr 20.3  tG 265  e2 0.35  nF 29.5  pS 0.30  ptS 0.29  fLog 0.36  pdΔ -0.1955  pkR 10.22  clip 0.37  kl +0.056
upd   55  steps  229376  sps 763  opp symm  loss -0.073  pg -0.0209  v 0.010  ev +0.97  adv_std 0.181  tR +0.00  ent[s/d/p/e] 1.29/2.63/0.46/0.64  emits 1.81  spf 18.5  z0 0.05  garr 20.4  tG 269  e2 0.42  nF 31.6  pS 0.31  ptS 0.30  fLog 0.36  pdΔ -0.1909  pkR 9.38  clip 0.41  kl +0.070
upd   56  steps  233472  sps 765  opp symm  loss -0.065  pg -0.0129  v 0.010  ev +0.97  adv_std 0.178  tR -0.20  ent[s/d/p/e] 1.31/2.64/0.46/0.64  emits 1.80  spf 20.4  z0 0.07  garr 22.3  tG 305  e2 0.42  nF 30.8  pS 0.32  ptS 0.31  fLog 0.36  pdΔ -0.1830  pkR 8.25  clip 0.44  kl +0.077
upd   57  steps  237568  sps 767  opp symm  loss -0.067  pg -0.0137  v 0.007  ev +0.98  adv_std 0.148  tR +0.00  ent[s/d/p/e] 1.25/2.64/0.45/0.65  emits 1.57  spf 19.6  z0 0.08  garr 22.4  tG 305  e2 0.36  nF 29.3  pS 0.30  ptS 0.29  fLog 0.35  pdΔ -0.1996  pkR 7.88  clip 0.39  kl +0.058
upd   58  steps  241664  sps 770  opp symm  loss -0.074  pg -0.0236  v 0.014  ev +0.97  adv_std 0.209  tR -0.27  ent[s/d/p/e] 1.32/2.66/0.47/0.66  emits 1.47  spf 21.5  z0 0.11  garr 23.9  tG 332  e2 0.33  nF 27.9  pS 0.30  ptS 0.30  fLog 0.36  pdΔ -0.1999  pkR 10.65  clip 0.36  kl +0.051
upd   59  steps  245760  sps 772  opp symm  loss -0.068  pg -0.0159  v 0.008  ev +0.98  adv_std 0.163  tR +0.12  ent[s/d/p/e] 1.30/2.60/0.43/0.66  emits 1.54  spf 19.4  z0 0.09  garr 20.6  tG 289  e2 0.34  nF 28.1  pS 0.29  ptS 0.29  fLog 0.35  pdΔ -0.2109  pkR 14.62  clip 0.39  kl +0.062
upd   60  steps  249856  sps 774  opp symm  loss -0.071  pg -0.0198  v 0.009  ev +0.97  adv_std 0.170  tR -0.23  ent[s/d/p/e] 1.25/2.59/0.44/0.66  emits 1.66  spf 16.5  z0 0.09  garr 19.7  tG 243  e2 0.39  nF 29.8  pS 0.28  ptS 0.27  fLog 0.35  pdΔ -0.2197  pkR 12.28  clip 0.38  kl +0.069
upd   61  steps  253952  sps 776  opp symm  loss -0.074  pg -0.0226  v 0.009  ev +0.97  adv_std 0.164  tR -0.38  ent[s/d/p/e] 1.27/2.56/0.44/0.66  emits 1.64  spf 17.1  z0 0.05  garr 20.7  tG 252  e2 0.37  nF 29.7  pS 0.29  ptS 0.28  fLog 0.35  pdΔ -0.2079  pkR 12.59  clip 0.38  kl +0.055
upd   62  steps  258048  sps 778  opp symm  loss -0.071  pg -0.0200  v 0.008  ev +0.98  adv_std 0.152  tR +0.67  ent[s/d/p/e] 1.22/2.55/0.42/0.66  emits 1.56  spf 15.5  z0 0.08  garr 17.9  tG 214  e2 0.34  nF 30.3  pS 0.27  ptS 0.26  fLog 0.34  pdΔ -0.2347  pkR 9.44  clip 0.41  kl +0.074
upd   63  steps  262144  sps 780  opp symm  loss -0.063  pg -0.0142  v 0.008  ev +0.97  adv_std 0.158  tR -0.54  ent[s/d/p/e] 1.08/2.58/0.37/0.65  emits 1.52  spf 15.0  z0 0.11  garr 16.1  tG 172  e2 0.34  nF 27.5  pS 0.22  ptS 0.21  fLog 0.33  pdΔ -0.2765  pkR 11.56  clip 0.39  kl +0.066
upd   64  steps  266240  sps 782  opp symm  loss -0.068  pg -0.0190  v 0.011  ev +0.96  adv_std 0.187  tR -0.23  ent[s/d/p/e] 1.17/2.55/0.44/0.67  emits 1.51  spf 17.1  z0 0.08  garr 19.8  tG 228  e2 0.33  nF 26.9  pS 0.25  ptS 0.24  fLog 0.35  pdΔ -0.2483  pkR 13.67  clip 0.41  kl +0.063
upd   65  steps  270336  sps 784  opp symm  loss -0.072  pg -0.0223  v 0.012  ev +0.96  adv_std 0.198  tR -0.07  ent[s/d/p/e] 1.19/2.54/0.44/0.68  emits 1.53  spf 14.9  z0 0.07  garr 17.1  tG 203  e2 0.33  nF 26.9  pS 0.25  ptS 0.24  fLog 0.34  pdΔ -0.2525  pkR 16.06  clip 0.41  kl +0.075
upd   66  steps  274432  sps 786  opp symm  loss -0.074  pg -0.0199  v 0.009  ev +0.98  adv_std 0.166  tR +0.20  ent[s/d/p/e] 1.34/2.61/0.50/0.67  emits 1.70  spf 16.2  z0 0.05  garr 18.6  tG 219  e2 0.40  nF 28.8  pS 0.29  ptS 0.29  fLog 0.35  pdΔ -0.2051  pkR 10.01  clip 0.39  kl +0.054
upd   67  steps  278528  sps 787  opp symm  loss -0.080  pg -0.0245  v 0.009  ev +0.97  adv_std 0.167  tR -0.20  ent[s/d/p/e] 1.48/2.64/0.52/0.67  emits 1.85  spf 17.4  z0 0.03  garr 19.5  tG 235  e2 0.43  nF 29.9  pS 0.33  ptS 0.32  fLog 0.37  pdΔ -0.1679  pkR 7.90  clip 0.40  kl +0.061
upd   68  steps  282624  sps 789  opp symm  loss -0.079  pg -0.0230  v 0.011  ev +0.97  adv_std 0.186  tR +0.09  ent[s/d/p/e] 1.57/2.68/0.55/0.68  emits 1.72  spf 20.4  z0 0.07  garr 24.5  tG 329  e2 0.40  nF 28.8  pS 0.36  ptS 0.34  fLog 0.38  pdΔ -0.1385  pkR 7.68  clip 0.36  kl +0.058
upd   69  steps  286720  sps 791  opp symm  loss -0.076  pg -0.0222  v 0.008  ev +0.97  adv_std 0.161  tR +0.00  ent[s/d/p/e] 1.32/2.62/0.48/0.66  emits 1.67  spf 17.8  z0 0.06  garr 20.2  tG 268  e2 0.38  nF 27.0  pS 0.30  ptS 0.29  fLog 0.35  pdΔ -0.2025  pkR 10.01  clip 0.38  kl +0.057
upd   70  steps  290816  sps 792  opp symm  loss -0.077  pg -0.0235  v 0.009  ev +0.97  adv_std 0.168  tR +0.50  ent[s/d/p/e] 1.36/2.57/0.51/0.67  emits 1.75  spf 16.8  z0 0.09  garr 18.0  tG 243  e2 0.40  nF 30.3  pS 0.29  ptS 0.28  fLog 0.34  pdΔ -0.2066  pkR 12.03  clip 0.38  kl +0.057
upd   71  steps  294912  sps 794  opp symm  loss -0.081  pg -0.0274  v 0.008  ev +0.97  adv_std 0.162  tR +0.00  ent[s/d/p/e] 1.35/2.61/0.48/0.66  emits 1.77  spf 15.4  z0 0.04  garr 18.2  tG 235  e2 0.40  nF 30.4  pS 0.29  ptS 0.28  fLog 0.34  pdΔ -0.2097  pkR 16.13  clip 0.33  kl +0.038
upd   72  steps  299008  sps 796  opp symm  loss -0.078  pg -0.0228  v 0.007  ev +0.98  adv_std 0.151  tR +0.08  ent[s/d/p/e] 1.41/2.66/0.50/0.67  emits 1.78  spf 16.7  z0 0.04  garr 19.7  tG 248  e2 0.41  nF 32.0  pS 0.32  ptS 0.31  fLog 0.35  pdΔ -0.1808  pkR 10.13  clip 0.40  kl +0.061
upd   73  steps  303104  sps 797  opp symm  loss -0.078  pg -0.0237  v 0.006  ev +0.98  adv_std 0.150  tR +0.78  ent[s/d/p/e] 1.32/2.65/0.50/0.67  emits 1.79  spf 16.4  z0 0.02  garr 17.8  tG 228  e2 0.41  nF 31.6  pS 0.30  ptS 0.29  fLog 0.35  pdΔ -0.1972  pkR 10.23  clip 0.40  kl +0.057
upd   74  steps  307200  sps 799  opp symm  loss -0.081  pg -0.0249  v 0.006  ev +0.98  adv_std 0.146  tR +0.38  ent[s/d/p/e] 1.43/2.65/0.51/0.67  emits 1.66  spf 18.6  z0 0.08  garr 19.2  tG 264  e2 0.38  nF 30.6  pS 0.34  ptS 0.32  fLog 0.37  pdΔ -0.1628  pkR 8.10  clip 0.37  kl +0.052
upd   75  steps  311296  sps 800  opp symm  loss -0.080  pg -0.0262  v 0.008  ev +0.98  adv_std 0.162  tR +0.00  ent[s/d/p/e] 1.33/2.69/0.44/0.67  emits 1.55  spf 17.5  z0 0.09  garr 16.8  tG 222  e2 0.34  nF 27.2  pS 0.29  ptS 0.28  fLog 0.35  pdΔ -0.2104  pkR 9.27  clip 0.35  kl +0.043
upd   76  steps  315392  sps 801  opp symm  loss -0.072  pg -0.0223  v 0.012  ev +0.96  adv_std 0.192  tR +0.20  ent[s/d/p/e] 1.16/2.67/0.42/0.67  emits 1.54  spf 16.0  z0 0.08  garr 14.8  tG 185  e2 0.33  nF 26.6  pS 0.25  ptS 0.24  fLog 0.34  pdΔ -0.2483  pkR 14.92  clip 0.36  kl +0.060
upd   77  steps  319488  sps 803  opp symm  loss -0.074  pg -0.0244  v 0.010  ev +0.96  adv_std 0.174  tR +0.00  ent[s/d/p/e] 1.04/2.68/0.37/0.67  emits 1.59  spf 12.9  z0 0.07  garr 12.5  tG 135  e2 0.35  nF 27.7  pS 0.22  ptS 0.21  fLog 0.32  pdΔ -0.2815  pkR 13.10  clip 0.38  kl +0.058
upd   78  steps  323584  sps 804  opp symm  loss -0.072  pg -0.0224  v 0.014  ev +0.95  adv_std 0.202  tR +0.00  ent[s/d/p/e] 1.24/2.69/0.42/0.67  emits 1.70  spf 15.9  z0 0.05  garr 15.8  tG 191  e2 0.39  nF 29.7  pS 0.26  ptS 0.26  fLog 0.34  pdΔ -0.2371  pkR 14.16  clip 0.36  kl +0.061
upd   79  steps  327680  sps 806  opp symm  loss -0.075  pg -0.0228  v 0.013  ev +0.96  adv_std 0.195  tR -0.11  ent[s/d/p/e] 1.34/2.72/0.45/0.67  emits 1.68  spf 17.6  z0 0.08  garr 17.2  tG 216  e2 0.38  nF 28.9  pS 0.28  ptS 0.28  fLog 0.36  pdΔ -0.2160  pkR 11.90  clip 0.38  kl +0.055
upd   80  steps  331776  sps 807  opp symm  loss -0.071  pg -0.0179  v 0.012  ev +0.97  adv_std 0.183  tR +0.00  ent[s/d/p/e] 1.36/2.73/0.45/0.68  emits 1.57  spf 19.1  z0 0.07  garr 19.0  tG 255  e2 0.34  nF 26.1  pS 0.29  ptS 0.29  fLog 0.36  pdΔ -0.2075  pkR 12.93  clip 0.37  kl +0.058
upd   81  steps  335872  sps 808  opp symm  loss -0.079  pg -0.0251  v 0.010  ev +0.97  adv_std 0.180  tR +0.25  ent[s/d/p/e] 1.40/2.67/0.47/0.68  emits 1.65  spf 20.4  z0 0.04  garr 20.7  tG 282  e2 0.36  nF 28.8  pS 0.30  ptS 0.29  fLog 0.36  pdΔ -0.2013  pkR 13.03  clip 0.42  kl +0.053
upd   82  steps  339968  sps 809  opp symm  loss -0.077  pg -0.0233  v 0.010  ev +0.97  adv_std 0.171  tR +0.09  ent[s/d/p/e] 1.36/2.68/0.47/0.69  emits 1.57  spf 21.1  z0 0.06  garr 21.2  tG 281  e2 0.34  nF 28.2  pS 0.29  ptS 0.28  fLog 0.36  pdΔ -0.2083  pkR 9.45  clip 0.39  kl +0.060
upd   83  steps  344064  sps 811  opp symm  loss -0.077  pg -0.0243  v 0.012  ev +0.96  adv_std 0.193  tR +0.18  ent[s/d/p/e] 1.35/2.66/0.48/0.68  emits 1.53  spf 20.6  z0 0.09  garr 18.0  tG 243  e2 0.33  nF 27.0  pS 0.27  ptS 0.27  fLog 0.36  pdΔ -0.2312  pkR 10.87  clip 0.38  kl +0.073
upd   84  steps  348160  sps 812  opp symm  loss -0.077  pg -0.0279  v 0.013  ev +0.95  adv_std 0.203  tR +0.00  ent[s/d/p/e] 1.18/2.62/0.43/0.68  emits 1.58  spf 13.9  z0 0.05  garr 12.7  tG 136  e2 0.34  nF 30.2  pS 0.23  ptS 0.23  fLog 0.33  pdΔ -0.2684  pkR 17.24  clip 0.39  kl +0.058
upd   85  steps  352256  sps 813  opp symm  loss -0.078  pg -0.0245  v 0.009  ev +0.96  adv_std 0.167  tR -0.25  ent[s/d/p/e] 1.30/2.65/0.48/0.68  emits 1.59  spf 14.5  z0 0.05  garr 14.0  tG 149  e2 0.34  nF 31.6  pS 0.27  ptS 0.26  fLog 0.34  pdΔ -0.2345  pkR 13.39  clip 0.40  kl +0.060
upd   86  steps  356352  sps 814  opp symm  loss -0.082  pg -0.0272  v 0.008  ev +0.97  adv_std 0.152  tR +0.11  ent[s/d/p/e] 1.37/2.67/0.48/0.68  emits 1.54  spf 17.3  z0 0.06  garr 18.9  tG 226  e2 0.32  nF 29.5  pS 0.29  ptS 0.28  fLog 0.35  pdΔ -0.2063  pkR 8.50  clip 0.38  kl +0.056
upd   87  steps  360448  sps 815  opp symm  loss -0.071  pg -0.0194  v 0.011  ev +0.96  adv_std 0.183  tR -0.33  ent[s/d/p/e] 1.28/2.64/0.44/0.68  emits 1.53  spf 16.8  z0 0.08  garr 17.1  tG 224  e2 0.35  nF 28.3  pS 0.27  ptS 0.26  fLog 0.34  pdΔ -0.2335  pkR 12.19  clip 0.37  kl +0.051
upd   88  steps  364544  sps 816  opp symm  loss -0.072  pg -0.0202  v 0.012  ev +0.96  adv_std 0.197  tR +0.05  ent[s/d/p/e] 1.34/2.64/0.47/0.68  emits 1.56  spf 18.5  z0 0.09  garr 17.9  tG 235  e2 0.34  nF 27.0  pS 0.27  ptS 0.26  fLog 0.35  pdΔ -0.2262  pkR 14.08  clip 0.41  kl +0.073
upd   89  steps  368640  sps 817  opp symm  loss -0.078  pg -0.0271  v 0.010  ev +0.96  adv_std 0.179  tR +0.20  ent[s/d/p/e] 1.22/2.61/0.43/0.68  emits 1.59  spf 13.1  z0 0.10  garr 12.8  tG 133  e2 0.36  nF 27.6  pS 0.23  ptS 0.22  fLog 0.33  pdΔ -0.2727  pkR 25.12  clip 0.39  kl +0.067
upd   90  steps  372736  sps 818  opp symm  loss -0.083  pg -0.0293  v 0.011  ev +0.95  adv_std 0.181  tR -0.57  ent[s/d/p/e] 1.42/2.59/0.50/0.68  emits 1.64  spf 16.4  z0 0.07  garr 16.2  tG 180  e2 0.37  nF 28.3  pS 0.28  ptS 0.28  fLog 0.35  pdΔ -0.2234  pkR 12.81  clip 0.41  kl +0.055
upd   91  steps  376832  sps 820  opp symm  loss -0.087  pg -0.0321  v 0.010  ev +0.96  adv_std 0.176  tR -0.14  ent[s/d/p/e] 1.44/2.64/0.49/0.69  emits 1.63  spf 17.0  z0 0.03  garr 18.9  tG 223  e2 0.36  nF 28.0  pS 0.30  ptS 0.30  fLog 0.35  pdΔ -0.1971  pkR 10.35  clip 0.42  kl +0.054
upd   92  steps  380928  sps 821  opp symm  loss -0.077  pg -0.0208  v 0.009  ev +0.96  adv_std 0.170  tR +0.38  ent[s/d/p/e] 1.53/2.68/0.54/0.69  emits 1.71  spf 18.4  z0 0.06  garr 20.1  tG 235  e2 0.38  nF 27.1  pS 0.31  ptS 0.30  fLog 0.37  pdΔ -0.1855  pkR 13.04  clip 0.44  kl +0.056
upd   93  steps  385024  sps 822  opp symm  loss -0.083  pg -0.0261  v 0.008  ev +0.97  adv_std 0.166  tR -0.11  ent[s/d/p/e] 1.53/2.68/0.54/0.68  emits 1.66  spf 17.6  z0 0.05  garr 19.4  tG 217  e2 0.38  nF 28.5  pS 0.31  ptS 0.30  fLog 0.37  pdΔ -0.1851  pkR 13.44  clip 0.42  kl +0.059
upd   94  steps  389120  sps 823  opp symm  loss -0.086  pg -0.0284  v 0.012  ev +0.95  adv_std 0.190  tR -0.56  ent[s/d/p/e] 1.69/2.67/0.58/0.69  emits 1.75  spf 20.2  z0 0.07  garr 21.3  tG 251  e2 0.40  nF 29.5  pS 0.34  ptS 0.33  fLog 0.38  pdΔ -0.1646  pkR 12.54  clip 0.42  kl +0.060
upd   95  steps  393216  sps 824  opp symm  loss -0.086  pg -0.0282  v 0.010  ev +0.96  adv_std 0.173  tR -0.54  ent[s/d/p/e] 1.73/2.64/0.60/0.69  emits 1.64  spf 21.9  z0 0.08  garr 22.2  tG 265  e2 0.36  nF 26.7  pS 0.36  ptS 0.34  fLog 0.39  pdΔ -0.1447  pkR 11.66  clip 0.44  kl +0.070
upd   96  steps  397312  sps 824  opp symm  loss -0.086  pg -0.0283  v 0.008  ev +0.97  adv_std 0.155  tR +0.43  ent[s/d/p/e] 1.64/2.58/0.58/0.68  emits 1.60  spf 22.9  z0 0.07  garr 26.0  tG 329  e2 0.37  nF 27.4  pS 0.36  ptS 0.34  fLog 0.39  pdΔ -0.1417  pkR 8.23  clip 0.46  kl +0.079
upd   97  steps  401408  sps 825  opp symm  loss -0.075  pg -0.0214  v 0.010  ev +0.95  adv_std 0.175  tR +0.40  ent[s/d/p/e] 1.44/2.49/0.51/0.69  emits 1.66  spf 20.0  z0 0.03  garr 23.5  tG 266  e2 0.37  nF 28.3  pS 0.30  ptS 0.29  fLog 0.37  pdΔ -0.1971  pkR 11.70  clip 0.49  kl +0.093
upd   98  steps  405504  sps 826  opp symm  loss -0.074  pg -0.0199  v 0.010  ev +0.96  adv_std 0.172  tR +0.00  ent[s/d/p/e] 1.50/2.52/0.54/0.69  emits 1.59  spf 20.5  z0 0.06  garr 23.0  tG 258  e2 0.35  nF 28.7  pS 0.31  ptS 0.30  fLog 0.38  pdΔ -0.1931  pkR 12.14  clip 0.47  kl +0.088
[eval_vs_v20] u99 tag=train_u99  bin0=2.4%  spf=4.32  garr=10.10  flip=2.39%  z0=1.1%  e8=0.8%  e2+=16.7%  WLD=0/3/0
upd   99  steps  409600  sps 827  opp symm  loss -0.072  pg -0.0153  v 0.008  ev +0.97  adv_std 0.158  tR -0.23  ent[s/d/p/e] 1.60/2.55/0.59/0.69  emits 1.64  spf 20.3  z0 0.11  garr 22.5  tG 274  e2 0.39  nF 27.0  pS 0.32  ptS 0.31  fLog 0.39  pdΔ -0.1774  pkR 8.76  clip 0.46  kl +0.089 WRr 0.38 v20[spf 4.3 flip 2.4% e2+ 16.7%]
upd  100  steps  413696  sps 721  opp symm  loss -0.082  pg -0.0263  v 0.010  ev +0.96  adv_std 0.179  tR -0.14  ent[s/d/p/e] 1.58/2.57/0.55/0.68  emits 1.79  spf 20.9  z0 0.02  garr 23.8  tG 312  e2 0.41  nF 28.6  pS 0.34  ptS 0.34  fLog 0.38  pdΔ -0.1590  pkR 12.34  clip 0.47  kl +0.079
upd  101  steps  417792  sps 723  opp symm  loss -0.073  pg -0.0183  v 0.008  ev +0.97  adv_std 0.158  tR +0.27  ent[s/d/p/e] 1.47/2.52/0.54/0.68  emits 1.61  spf 19.6  z0 0.08  garr 21.8  tG 295  e2 0.37  nF 29.2  pS 0.31  ptS 0.31  fLog 0.37  pdΔ -0.1856  pkR 11.88  clip 0.44  kl +0.095
upd  102  steps  421888  sps 724  opp symm  loss -0.074  pg -0.0203  v 0.007  ev +0.98  adv_std 0.157  tR +0.20  ent[s/d/p/e] 1.42/2.49/0.51/0.68  emits 1.58  spf 17.5  z0 0.10  garr 20.2  tG 255  e2 0.37  nF 26.4  pS 0.29  ptS 0.28  fLog 0.36  pdΔ -0.2075  pkR 10.93  clip 0.45  kl +0.080
upd  103  steps  425984  sps 726  opp symm  loss -0.075  pg -0.0222  v 0.010  ev +0.96  adv_std 0.179  tR +0.16  ent[s/d/p/e] 1.39/2.49/0.52/0.68  emits 1.66  spf 17.9  z0 0.05  garr 20.9  tG 259  e2 0.38  nF 27.2  pS 0.30  ptS 0.29  fLog 0.36  pdΔ -0.1971  pkR 12.99  clip 0.47  kl +0.102
upd  104  steps  430080  sps 727  opp symm  loss -0.072  pg -0.0196  v 0.013  ev +0.95  adv_std 0.200  tR -0.08  ent[s/d/p/e] 1.50/2.49/0.55/0.68  emits 1.76  spf 17.6  z0 0.02  garr 20.5  tG 238  e2 0.39  nF 29.6  pS 0.34  ptS 0.31  fLog 0.37  pdΔ -0.1615  pkR 13.50  clip 0.49  kl +0.101
upd  105  steps  434176  sps 729  opp symm  loss -0.078  pg -0.0198  v 0.008  ev +0.97  adv_std 0.160  tR +0.78  ent[s/d/p/e] 1.67/2.55/0.58/0.69  emits 1.73  spf 20.9  z0 0.04  garr 25.3  tG 349  e2 0.39  nF 31.4  pS 0.40  ptS 0.37  fLog 0.39  pdΔ -0.1050  pkR 9.82  clip 0.46  kl +0.096
upd  106  steps  438272  sps 730  opp symm  loss -0.072  pg -0.0155  v 0.009  ev +0.97  adv_std 0.166  tR +0.50  ent[s/d/p/e] 1.58/2.53/0.55/0.69  emits 1.72  spf 21.4  z0 0.04  garr 22.1  tG 309  e2 0.39  nF 30.9  pS 0.37  ptS 0.35  fLog 0.39  pdΔ -0.1333  pkR 9.56  clip 0.45  kl +0.088
upd  107  steps  442368  sps 732  opp symm  loss -0.084  pg -0.0272  v 0.008  ev +0.97  adv_std 0.164  tR +0.29  ent[s/d/p/e] 1.62/2.53/0.55/0.68  emits 1.78  spf 20.7  z0 0.03  garr 22.8  tG 312  e2 0.41  nF 29.9  pS 0.39  ptS 0.37  fLog 0.39  pdΔ -0.1130  pkR 8.50  clip 0.42  kl +0.067
upd  108  steps  446464  sps 733  opp symm  loss -0.081  pg -0.0264  v 0.009  ev +0.97  adv_std 0.168  tR +0.71  ent[s/d/p/e] 1.48/2.60/0.51/0.68  emits 1.69  spf 18.3  z0 0.05  garr 20.1  tG 255  e2 0.38  nF 27.5  pS 0.33  ptS 0.32  fLog 0.37  pdΔ -0.1697  pkR 11.96  clip 0.42  kl +0.068
upd  109  steps  450560  sps 735  opp symm  loss -0.086  pg -0.0324  v 0.011  ev +0.96  adv_std 0.183  tR +0.20  ent[s/d/p/e] 1.42/2.59/0.47/0.68  emits 1.75  spf 16.8  z0 0.04  garr 18.3  tG 204  e2 0.41  nF 27.9  pS 0.31  ptS 0.30  fLog 0.36  pdΔ -0.1882  pkR 11.91  clip 0.42  kl +0.076
upd  110  steps  454656  sps 736  opp symm  loss -0.077  pg -0.0213  v 0.010  ev +0.96  adv_std 0.177  tR +0.17  ent[s/d/p/e] 1.55/2.63/0.57/0.69  emits 1.74  spf 21.0  z0 0.05  garr 22.3  tG 274  e2 0.40  nF 28.8  pS 0.35  ptS 0.34  fLog 0.38  pdΔ -0.1497  pkR 9.69  clip 0.43  kl +0.074
upd  111  steps  458752  sps 737  opp symm  loss -0.078  pg -0.0208  v 0.010  ev +0.96  adv_std 0.178  tR +0.29  ent[s/d/p/e] 1.66/2.63/0.57/0.69  emits 1.79  spf 22.2  z0 0.05  garr 24.8  tG 337  e2 0.44  nF 28.3  pS 0.40  ptS 0.39  fLog 0.39  pdΔ -0.0992  pkR 8.88  clip 0.46  kl +0.093
upd  112  steps  462848  sps 739  opp symm  loss -0.085  pg -0.0283  v 0.008  ev +0.96  adv_std 0.158  tR +0.60  ent[s/d/p/e] 1.55/2.59/0.56/0.69  emits 1.70  spf 22.1  z0 0.03  garr 22.7  tG 308  e2 0.38  nF 26.3  pS 0.36  ptS 0.35  fLog 0.38  pdΔ -0.1436  pkR 7.30  clip 0.44  kl +0.073
upd  113  steps  466944  sps 740  opp symm  loss -0.085  pg -0.0281  v 0.009  ev +0.95  adv_std 0.164  tR +0.82  ent[s/d/p/e] 1.60/2.60/0.59/0.69  emits 1.83  spf 21.5  z0 0.01  garr 23.8  tG 314  e2 0.42  nF 28.1  pS 0.38  ptS 0.37  fLog 0.39  pdΔ -0.1247  pkR 8.49  clip 0.44  kl +0.084
upd  114  steps  471040  sps 741  opp symm  loss -0.080  pg -0.0235  v 0.011  ev +0.95  adv_std 0.181  tR +0.73  ent[s/d/p/e] 1.63/2.64/0.58/0.69  emits 1.80  spf 21.8  z0 0.03  garr 22.6  tG 294  e2 0.41  nF 28.6  pS 0.38  ptS 0.37  fLog 0.40  pdΔ -0.1157  pkR 7.44  clip 0.46  kl +0.086
upd  115  steps  475136  sps 743  opp symm  loss -0.081  pg -0.0258  v 0.010  ev +0.96  adv_std 0.178  tR +0.27  ent[s/d/p/e] 1.53/2.61/0.55/0.69  emits 1.71  spf 20.7  z0 0.04  garr 20.8  tG 254  e2 0.40  nF 27.7  pS 0.35  ptS 0.33  fLog 0.39  pdΔ -0.1545  pkR 8.60  clip 0.46  kl +0.096
upd  116  steps  479232  sps 744  opp symm  loss -0.078  pg -0.0249  v 0.012  ev +0.96  adv_std 0.192  tR +0.33  ent[s/d/p/e] 1.44/2.65/0.51/0.69  emits 1.74  spf 18.5  z0 0.04  garr 18.1  tG 203  e2 0.40  nF 27.9  pS 0.31  ptS 0.31  fLog 0.38  pdΔ -0.1871  pkR 11.20  clip 0.45  kl +0.074
upd  117  steps  483328  sps 745  opp symm  loss -0.083  pg -0.0259  v 0.007  ev +0.98  adv_std 0.154  tR +0.11  ent[s/d/p/e] 1.48/2.68/0.50/0.69  emits 1.56  spf 20.2  z0 0.11  garr 16.9  tG 211  e2 0.35  nF 25.8  pS 0.30  ptS 0.30  fLog 0.38  pdΔ -0.1960  pkR 12.00  clip 0.39  kl +0.063
upd  118  steps  487424  sps 746  opp symm  loss -0.082  pg -0.0247  v 0.006  ev +0.98  adv_std 0.137  tR -0.47  ent[s/d/p/e] 1.45/2.67/0.49/0.68  emits 1.60  spf 20.1  z0 0.07  garr 18.8  tG 247  e2 0.35  nF 25.7  pS 0.31  ptS 0.31  fLog 0.38  pdΔ -0.1862  pkR 11.84  clip 0.40  kl +0.066
upd  119  steps  491520  sps 748  opp symm  loss -0.084  pg -0.0293  v 0.008  ev +0.96  adv_std 0.160  tR +0.06  ent[s/d/p/e] 1.39/2.62/0.46/0.68  emits 1.60  spf 18.7  z0 0.07  garr 18.5  tG 234  e2 0.35  nF 25.1  pS 0.30  ptS 0.29  fLog 0.37  pdΔ -0.1963  pkR 8.46  clip 0.42  kl +0.081
upd  120  steps  495616  sps 749  opp symm  loss -0.074  pg -0.0201  v 0.011  ev +0.96  adv_std 0.178  tR +0.33  ent[s/d/p/e] 1.45/2.65/0.47/0.68  emits 1.79  spf 18.9  z0 0.02  garr 20.1  tG 257  e2 0.43  nF 27.7  pS 0.34  ptS 0.33  fLog 0.37  pdΔ -0.1645  pkR 9.99  clip 0.47  kl +0.105
upd  121  steps  499712  sps 750  opp symm  loss -0.079  pg -0.0240  v 0.008  ev +0.97  adv_std 0.151  tR +0.60  ent[s/d/p/e] 1.42/2.67/0.46/0.68  emits 1.75  spf 17.4  z0 0.04  garr 17.0  tG 204  e2 0.41  nF 30.0  pS 0.32  ptS 0.31  fLog 0.37  pdΔ -0.1773  pkR 9.56  clip 0.44  kl +0.093
upd  122  steps  503808  sps 751  opp symm  loss -0.079  pg -0.0250  v 0.007  ev +0.98  adv_std 0.163  tR +0.09  ent[s/d/p/e] 1.30/2.65/0.43/0.68  emits 1.67  spf 18.5  z0 0.04  garr 17.9  tG 233  e2 0.37  nF 28.6  pS 0.30  ptS 0.30  fLog 0.36  pdΔ -0.1959  pkR 11.17  clip 0.45  kl +0.082
upd  123  steps  507904  sps 752  opp symm  loss -0.072  pg -0.0201  v 0.008  ev +0.97  adv_std 0.157  tR +0.00  ent[s/d/p/e] 1.26/2.60/0.43/0.67  emits 1.54  spf 18.5  z0 0.07  garr 18.7  tG 247  e2 0.33  nF 26.9  pS 0.29  ptS 0.28  fLog 0.36  pdΔ -0.2134  pkR 12.75  clip 0.45  kl +0.101
upd  124  steps  512000  sps 753  opp symm  loss -0.077  pg -0.0251  v 0.010  ev +0.96  adv_std 0.174  tR +0.50  ent[s/d/p/e] 1.22/2.61/0.45/0.68  emits 1.55  spf 16.4  z0 0.05  garr 16.1  tG 183  e2 0.32  nF 28.1  pS 0.27  ptS 0.26  fLog 0.35  pdΔ -0.2350  pkR 13.94  clip 0.46  kl +0.095
upd  125  steps  516096  sps 755  opp symm  loss -0.078  pg -0.0249  v 0.008  ev +0.97  adv_std 0.161  tR -0.38  ent[s/d/p/e] 1.35/2.58/0.48/0.68  emits 1.54  spf 19.5  z0 0.09  garr 18.9  tG 229  e2 0.33  nF 27.5  pS 0.29  ptS 0.28  fLog 0.37  pdΔ -0.2128  pkR 13.17  clip 0.42  kl +0.076
upd  126  steps  520192  sps 756  opp symm  loss -0.076  pg -0.0214  v 0.010  ev +0.96  adv_std 0.173  tR +0.09  ent[s/d/p/e] 1.51/2.62/0.51/0.68  emits 1.68  spf 21.3  z0 0.05  garr 22.1  tG 275  e2 0.38  nF 27.3  pS 0.34  ptS 0.33  fLog 0.39  pdΔ -0.1619  pkR 10.06  clip 0.46  kl +0.082
upd  127  steps  524288  sps 757  opp symm  loss -0.077  pg -0.0208  v 0.011  ev +0.96  adv_std 0.185  tR -0.09  ent[s/d/p/e] 1.61/2.62/0.55/0.68  emits 1.68  spf 23.3  z0 0.07  garr 26.0  tG 357  e2 0.41  nF 28.3  pS 0.38  ptS 0.37  fLog 0.40  pdΔ -0.1212  pkR 8.84  clip 0.46  kl +0.080
upd  128  steps  528384  sps 758  opp symm  loss -0.082  pg -0.0251  v 0.008  ev +0.97  adv_std 0.155  tR +0.27  ent[s/d/p/e] 1.64/2.63/0.52/0.68  emits 1.74  spf 25.5  z0 0.04  garr 29.6  tG 436  e2 0.41  nF 29.6  pS 0.41  ptS 0.40  fLog 0.40  pdΔ -0.0913  pkR 7.43  clip 0.47  kl +0.090
upd  129  steps  532480  sps 759  opp symm  loss -0.082  pg -0.0212  v 0.005  ev +0.98  adv_std 0.133  tR +0.20  ent[s/d/p/e] 1.76/2.66/0.56/0.68  emits 1.75  spf 27.3  z0 0.04  garr 30.6  tG 461  e2 0.40  nF 30.5  pS 0.43  ptS 0.41  fLog 0.41  pdΔ -0.0703  pkR 7.87  clip 0.44  kl +0.076
upd  130  steps  536576  sps 760  opp symm  loss -0.084  pg -0.0259  v 0.007  ev +0.98  adv_std 0.148  tR +0.50  ent[s/d/p/e] 1.64/2.62/0.51/0.68  emits 1.67  spf 25.1  z0 0.06  garr 27.9  tG 424  e2 0.39  nF 28.0  pS 0.40  ptS 0.38  fLog 0.39  pdΔ -0.1026  pkR 8.44  clip 0.42  kl +0.072
upd  131  steps  540672  sps 761  opp symm  loss -0.076  pg -0.0223  v 0.009  ev +0.97  adv_std 0.166  tR +0.43  ent[s/d/p/e] 1.42/2.58/0.48/0.68  emits 1.70  spf 20.9  z0 0.04  garr 21.4  tG 310  e2 0.39  nF 28.1  pS 0.33  ptS 0.32  fLog 0.36  pdΔ -0.1694  pkR 8.80  clip 0.48  kl +0.099
upd  132  steps  544768  sps 762  opp symm  loss -0.076  pg -0.0215  v 0.008  ev +0.97  adv_std 0.162  tR +0.11  ent[s/d/p/e] 1.45/2.62/0.46/0.68  emits 1.65  spf 18.6  z0 0.07  garr 18.8  tG 260  e2 0.37  nF 30.6  pS 0.31  ptS 0.30  fLog 0.35  pdΔ -0.1902  pkR 10.64  clip 0.43  kl +0.084
upd  133  steps  548864  sps 763  opp symm  loss -0.080  pg -0.0244  v 0.006  ev +0.98  adv_std 0.141  tR +0.33  ent[s/d/p/e] 1.41/2.59/0.46/0.67  emits 1.64  spf 17.0  z0 0.04  garr 17.2  tG 230  e2 0.34  nF 32.3  pS 0.31  ptS 0.30  fLog 0.34  pdΔ -0.1948  pkR 9.67  clip 0.44  kl +0.078
upd  134  steps  552960  sps 764  opp symm  loss -0.076  pg -0.0177  v 0.007  ev +0.98  adv_std 0.141  tR +0.08  ent[s/d/p/e] 1.63/2.63/0.54/0.66  emits 1.60  spf 19.8  z0 0.10  garr 19.7  tG 279  e2 0.34  nF 30.2  pS 0.35  ptS 0.34  fLog 0.37  pdΔ -0.1534  pkR 10.26  clip 0.40  kl +0.074
upd  135  steps  557056  sps 765  opp symm  loss -0.073  pg -0.0183  v 0.010  ev +0.96  adv_std 0.168  tR +0.29  ent[s/d/p/e] 1.55/2.60/0.51/0.67  emits 1.84  spf 18.9  z0 0.04  garr 18.9  tG 261  e2 0.41  nF 30.1  pS 0.34  ptS 0.33  fLog 0.37  pdΔ -0.1550  pkR 10.65  clip 0.44  kl +0.077
upd  136  steps  561152  sps 766  opp symm  loss -0.081  pg -0.0257  v 0.010  ev +0.96  adv_std 0.172  tR +0.60  ent[s/d/p/e] 1.62/2.58/0.51/0.66  emits 1.99  spf 17.9  z0 0.01  garr 19.9  tG 253  e2 0.46  nF 33.8  pS 0.38  ptS 0.36  fLog 0.38  pdΔ -0.1214  pkR 7.84  clip 0.47  kl +0.106
upd  137  steps  565248  sps 767  opp symm  loss -0.073  pg -0.0162  v 0.010  ev +0.96  adv_std 0.172  tR +0.43  ent[s/d/p/e] 1.73/2.63/0.51/0.65  emits 2.03  spf 19.8  z0 0.03  garr 23.3  tG 327  e2 0.48  nF 33.3  pS 0.41  ptS 0.39  fLog 0.38  pdΔ -0.0898  pkR 9.37  clip 0.48  kl +0.110
upd  138  steps  569344  sps 768  opp symm  loss -0.077  pg -0.0204  v 0.011  ev +0.96  adv_std 0.183  tR +0.17  ent[s/d/p/e] 1.73/2.60/0.55/0.66  emits 2.01  spf 19.1  z0 0.05  garr 22.2  tG 312  e2 0.45  nF 33.0  pS 0.39  ptS 0.38  fLog 0.38  pdΔ -0.1067  pkR 6.22  clip 0.46  kl +0.095
upd  139  steps  573440  sps 769  opp symm  loss -0.082  pg -0.0261  v 0.010  ev +0.97  adv_std 0.182  tR +0.78  ent[s/d/p/e] 1.63/2.59/0.50/0.68  emits 1.76  spf 20.6  z0 0.06  garr 21.4  tG 311  e2 0.39  nF 30.6  pS 0.36  ptS 0.35  fLog 0.38  pdΔ -0.1365  pkR 9.15  clip 0.44  kl +0.093
upd  140  steps  577536  sps 770  opp symm  loss -0.075  pg -0.0249  v 0.012  ev +0.95  adv_std 0.189  tR +0.14  ent[s/d/p/e] 1.29/2.55/0.41/0.67  emits 1.65  spf 15.4  z0 0.07  garr 14.5  tG 171  e2 0.37  nF 28.4  pS 0.27  ptS 0.26  fLog 0.34  pdΔ -0.2347  pkR 12.19  clip 0.46  kl +0.093
upd  141  steps  581632  sps 771  opp symm  loss -0.073  pg -0.0232  v 0.017  ev +0.95  adv_std 0.222  tR +0.17  ent[s/d/p/e] 1.45/2.59/0.46/0.67  emits 1.71  spf 17.2  z0 0.08  garr 17.5  tG 216  e2 0.41  nF 29.6  pS 0.31  ptS 0.30  fLog 0.36  pdΔ -0.1865  pkR 9.30  clip 0.48  kl +0.097
upd  142  steps  585728  sps 772  opp symm  loss -0.082  pg -0.0290  v 0.012  ev +0.96  adv_std 0.192  tR +0.17  ent[s/d/p/e] 1.42/2.63/0.47/0.67  emits 1.73  spf 16.2  z0 0.07  garr 16.2  tG 186  e2 0.39  nF 30.2  pS 0.29  ptS 0.28  fLog 0.36  pdΔ -0.2150  pkR 11.57  clip 0.46  kl +0.083
upd  143  steps  589824  sps 772  opp symm  loss -0.077  pg -0.0255  v 0.014  ev +0.96  adv_std 0.204  tR -0.08  ent[s/d/p/e] 1.42/2.60/0.44/0.67  emits 1.68  spf 16.1  z0 0.07  garr 17.0  tG 208  e2 0.40  nF 30.8  pS 0.29  ptS 0.28  fLog 0.35  pdΔ -0.2128  pkR 17.39  clip 0.46  kl +0.086
upd  144  steps  593920  sps 773  opp symm  loss -0.079  pg -0.0256  v 0.013  ev +0.96  adv_std 0.200  tR +0.20  ent[s/d/p/e] 1.51/2.62/0.49/0.67  emits 1.67  spf 18.2  z0 0.07  garr 19.8  tG 251  e2 0.38  nF 29.4  pS 0.32  ptS 0.31  fLog 0.36  pdΔ -0.1801  pkR 7.71  clip 0.44  kl +0.095
upd  145  steps  598016  sps 774  opp symm  loss -0.071  pg -0.0136  v 0.008  ev +0.97  adv_std 0.157  tR -0.17  ent[s/d/p/e] 1.65/2.63/0.52/0.67  emits 1.69  spf 23.1  z0 0.08  garr 23.8  tG 336  e2 0.38  nF 28.8  pS 0.37  ptS 0.35  fLog 0.38  pdΔ -0.1344  pkR 9.41  clip 0.44  kl +0.090
upd  146  steps  602112  sps 775  opp symm  loss -0.079  pg -0.0257  v 0.011  ev +0.96  adv_std 0.187  tR +0.08  ent[s/d/p/e] 1.48/2.61/0.44/0.67  emits 1.71  spf 19.5  z0 0.05  garr 22.2  tG 297  e2 0.37  nF 29.1  pS 0.33  ptS 0.32  fLog 0.36  pdΔ -0.1697  pkR 10.85  clip 0.44  kl +0.096
upd  147  steps  606208  sps 776  opp symm  loss -0.075  pg -0.0213  v 0.013  ev +0.95  adv_std 0.196  tR +0.07  ent[s/d/p/e] 1.61/2.63/0.48/0.67  emits 1.72  spf 18.0  z0 0.11  garr 19.8  tG 254  e2 0.39  nF 30.5  pS 0.33  ptS 0.32  fLog 0.36  pdΔ -0.1734  pkR 15.64  clip 0.43  kl +0.097
upd  148  steps  610304  sps 777  opp symm  loss -0.080  pg -0.0247  v 0.011  ev +0.96  adv_std 0.177  tR +0.00  ent[s/d/p/e] 1.59/2.66/0.47/0.66  emits 1.84  spf 18.1  z0 0.06  garr 18.6  tG 240  e2 0.42  nF 32.5  pS 0.33  ptS 0.32  fLog 0.36  pdΔ -0.1664  pkR 17.07  clip 0.45  kl +0.101
upd  149  steps  614400  sps 778  opp symm  loss -0.082  pg -0.0269  v 0.008  ev +0.97  adv_std 0.160  tR +0.17  ent[s/d/p/e] 1.50/2.64/0.43/0.67  emits 1.79  spf 16.4  z0 0.04  garr 18.0  tG 237  e2 0.41  nF 33.7  pS 0.33  ptS 0.32  fLog 0.35  pdΔ -0.1738  pkR 11.65  clip 0.43  kl +0.081
upd  150  steps  618496  sps 778  opp symm  loss -0.086  pg -0.0304  v 0.008  ev +0.97  adv_std 0.158  tR +0.25  ent[s/d/p/e] 1.50/2.66/0.46/0.66  emits 1.73  spf 17.1  z0 0.04  garr 17.5  tG 230  e2 0.37  nF 30.6  pS 0.32  ptS 0.31  fLog 0.35  pdΔ -0.1792  pkR 9.28  clip 0.44  kl +0.082
upd  151  steps  622592  sps 779  opp symm  loss -0.085  pg -0.0285  v 0.008  ev +0.97  adv_std 0.149  tR +0.17  ent[s/d/p/e] 1.56/2.69/0.46/0.66  emits 1.85  spf 18.0  z0 0.06  garr 17.5  tG 225  e2 0.41  nF 31.4  pS 0.33  ptS 0.32  fLog 0.36  pdΔ -0.1731  pkR 8.95  clip 0.44  kl +0.083
upd  152  steps  626688  sps 780  opp symm  loss -0.086  pg -0.0307  v 0.008  ev +0.97  adv_std 0.163  tR -0.08  ent[s/d/p/e] 1.53/2.68/0.44/0.67  emits 1.73  spf 18.1  z0 0.08  garr 17.6  tG 237  e2 0.37  nF 30.7  pS 0.32  ptS 0.31  fLog 0.35  pdΔ -0.1834  pkR 10.26  clip 0.44  kl +0.080
upd  153  steps  630784  sps 781  opp symm  loss -0.082  pg -0.0276  v 0.009  ev +0.97  adv_std 0.167  tR +0.38  ent[s/d/p/e] 1.46/2.67/0.41/0.67  emits 1.72  spf 17.0  z0 0.05  garr 17.5  tG 231  e2 0.38  nF 30.3  pS 0.31  ptS 0.31  fLog 0.35  pdΔ -0.1860  pkR 8.80  clip 0.44  kl +0.062
upd  154  steps  634880  sps 782  opp symm  loss -0.082  pg -0.0294  v 0.010  ev +0.96  adv_std 0.177  tR +0.08  ent[s/d/p/e] 1.36/2.66/0.39/0.65  emits 1.75  spf 17.6  z0 0.06  garr 17.0  tG 221  e2 0.40  nF 31.0  pS 0.28  ptS 0.28  fLog 0.34  pdΔ -0.2199  pkR 10.42  clip 0.45  kl +0.081
upd  155  steps  638976  sps 782  opp symm  loss -0.075  pg -0.0216  v 0.009  ev +0.97  adv_std 0.163  tR +0.17  ent[s/d/p/e] 1.41/2.63/0.42/0.66  emits 1.74  spf 19.7  z0 0.06  garr 19.9  tG 269  e2 0.39  nF 30.6  pS 0.31  ptS 0.30  fLog 0.36  pdΔ -0.1929  pkR 10.13  clip 0.45  kl +0.100
upd  156  steps  643072  sps 783  opp symm  loss -0.085  pg -0.0301  v 0.007  ev +0.98  adv_std 0.153  tR -0.23  ent[s/d/p/e] 1.50/2.61/0.45/0.66  emits 1.67  spf 20.3  z0 0.11  garr 19.6  tG 266  e2 0.38  nF 28.0  pS 0.31  ptS 0.30  fLog 0.37  pdΔ -0.1897  pkR 9.19  clip 0.43  kl +0.070
upd  157  steps  647168  sps 784  opp symm  loss -0.072  pg -0.0170  v 0.009  ev +0.97  adv_std 0.169  tR +0.20  ent[s/d/p/e] 1.59/2.60/0.47/0.66  emits 1.72  spf 23.4  z0 0.10  garr 21.7  tG 291  e2 0.38  nF 28.8  pS 0.34  ptS 0.33  fLog 0.39  pdΔ -0.1591  pkR 9.65  clip 0.46  kl +0.103
upd  158  steps  651264  sps 785  opp symm  loss -0.076  pg -0.0211  v 0.011  ev +0.96  adv_std 0.181  tR -0.25  ent[s/d/p/e] 1.59/2.62/0.48/0.65  emits 1.80  spf 24.0  z0 0.06  garr 24.2  tG 328  e2 0.41  nF 30.0  pS 0.37  ptS 0.35  fLog 0.39  pdΔ -0.1332  pkR 7.12  clip 0.46  kl +0.111
upd  159  steps  655360  sps 785  opp symm  loss -0.069  pg -0.0104  v 0.008  ev +0.97  adv_std 0.152  tR +0.38  ent[s/d/p/e] 1.73/2.63/0.52/0.66  emits 1.95  spf 25.4  z0 0.05  garr 26.4  tG 370  e2 0.45  nF 31.8  pS 0.40  ptS 0.39  fLog 0.39  pdΔ -0.0968  pkR 8.20  clip 0.50  kl +0.124
upd  160  steps  659456  sps 786  opp symm  loss -0.076  pg -0.0222  v 0.010  ev +0.96  adv_std 0.172  tR +0.54  ent[s/d/p/e] 1.57/2.59/0.46/0.65  emits 1.97  spf 21.4  z0 0.03  garr 21.5  tG 292  e2 0.47  nF 32.0  pS 0.36  ptS 0.35  fLog 0.37  pdΔ -0.1398  pkR 8.18  clip 0.48  kl +0.097
upd  161  steps  663552  sps 787  opp symm  loss -0.076  pg -0.0241  v 0.014  ev +0.95  adv_std 0.204  tR +0.82  ent[s/d/p/e] 1.51/2.60/0.47/0.65  emits 1.87  spf 20.5  z0 0.03  garr 19.9  tG 268  e2 0.42  nF 32.4  pS 0.34  ptS 0.33  fLog 0.37  pdΔ -0.1601  pkR 9.37  clip 0.44  kl +0.090
upd  162  steps  667648  sps 788  opp symm  loss -0.085  pg -0.0324  v 0.014  ev +0.95  adv_std 0.204  tR +0.17  ent[s/d/p/e] 1.58/2.59/0.49/0.64  emits 1.92  spf 19.3  z0 0.05  garr 18.1  tG 229  e2 0.42  nF 32.8  pS 0.34  ptS 0.33  fLog 0.37  pdΔ -0.1624  pkR 12.26  clip 0.47  kl +0.102
upd  163  steps  671744  sps 788  opp symm  loss -0.080  pg -0.0234  v 0.007  ev +0.98  adv_std 0.154  tR +0.00  ent[s/d/p/e] 1.61/2.56/0.53/0.66  emits 1.88  spf 18.3  z0 0.05  garr 17.3  tG 225  e2 0.43  nF 33.8  pS 0.35  ptS 0.34  fLog 0.37  pdΔ -0.1495  pkR 8.38  clip 0.50  kl +0.093
upd  164  steps  675840  sps 789  opp symm  loss -0.082  pg -0.0264  v 0.009  ev +0.97  adv_std 0.172  tR +0.17  ent[s/d/p/e] 1.62/2.60/0.50/0.66  emits 1.78  spf 18.5  z0 0.07  garr 16.9  tG 228  e2 0.36  nF 31.4  pS 0.33  ptS 0.33  fLog 0.36  pdΔ -0.1693  pkR 11.38  clip 0.44  kl +0.087
upd  165  steps  679936  sps 790  opp symm  loss -0.082  pg -0.0285  v 0.010  ev +0.96  adv_std 0.181  tR +0.00  ent[s/d/p/e] 1.49/2.58/0.45/0.67  emits 1.69  spf 18.2  z0 0.07  garr 16.1  tG 221  e2 0.36  nF 30.7  pS 0.31  ptS 0.31  fLog 0.35  pdΔ -0.1892  pkR 10.19  clip 0.45  kl +0.092
upd  166  steps  684032  sps 790  opp symm  loss -0.085  pg -0.0312  v 0.010  ev +0.97  adv_std 0.178  tR +0.09  ent[s/d/p/e] 1.48/2.58/0.45/0.66  emits 1.79  spf 17.6  z0 0.08  garr 16.9  tG 225  e2 0.42  nF 30.9  pS 0.31  ptS 0.31  fLog 0.36  pdΔ -0.1858  pkR 8.75  clip 0.46  kl +0.112
upd  167  steps  688128  sps 791  opp symm  loss -0.076  pg -0.0211  v 0.007  ev +0.97  adv_std 0.149  tR +0.00  ent[s/d/p/e] 1.43/2.59/0.46/0.65  emits 1.77  spf 17.3  z0 0.06  garr 17.4  tG 226  e2 0.41  nF 29.6  pS 0.30  ptS 0.30  fLog 0.35  pdΔ -0.1972  pkR 10.95  clip 0.48  kl +0.105
upd  168  steps  692224  sps 792  opp symm  loss -0.079  pg -0.0279  v 0.009  ev +0.96  adv_std 0.173  tR +0.27  ent[s/d/p/e] 1.34/2.54/0.43/0.65  emits 1.78  spf 14.8  z0 0.04  garr 14.3  tG 165  e2 0.40  nF 29.8  pS 0.27  ptS 0.27  fLog 0.35  pdΔ -0.2254  pkR 16.06  clip 0.48  kl +0.103
upd  169  steps  696320  sps 793  opp symm  loss -0.076  pg -0.0257  v 0.011  ev +0.96  adv_std 0.183  tR +0.00  ent[s/d/p/e] 1.33/2.56/0.41/0.65  emits 1.79  spf 13.7  z0 0.07  garr 13.9  tG 156  e2 0.43  nF 30.7  pS 0.28  ptS 0.27  fLog 0.34  pdΔ -0.2226  pkR 12.91  clip 0.47  kl +0.088
upd  170  steps  700416  sps 793  opp symm  loss -0.081  pg -0.0253  v 0.006  ev +0.98  adv_std 0.148  tR +0.23  ent[s/d/p/e] 1.50/2.59/0.49/0.66  emits 1.77  spf 17.8  z0 0.06  garr 18.3  tG 232  e2 0.42  nF 30.5  pS 0.32  ptS 0.31  fLog 0.36  pdΔ -0.1778  pkR 12.68  clip 0.47  kl +0.086
upd  171  steps  704512  sps 794  opp symm  loss -0.076  pg -0.0233  v 0.010  ev +0.97  adv_std 0.177  tR -0.08  ent[s/d/p/e] 1.41/2.59/0.44/0.65  emits 1.80  spf 18.5  z0 0.04  garr 19.5  tG 265  e2 0.43  nF 31.7  pS 0.33  ptS 0.32  fLog 0.35  pdΔ -0.1721  pkR 6.92  clip 0.48  kl +0.103
upd  172  steps  708608  sps 795  opp symm  loss -0.076  pg -0.0257  v 0.012  ev +0.96  adv_std 0.190  tR +0.20  ent[s/d/p/e] 1.35/2.58/0.39/0.65  emits 1.78  spf 17.0  z0 0.06  garr 17.7  tG 243  e2 0.41  nF 31.5  pS 0.30  ptS 0.29  fLog 0.34  pdΔ -0.2049  pkR 11.09  clip 0.45  kl +0.084
upd  173  steps  712704  sps 795  opp symm  loss -0.082  pg -0.0315  v 0.011  ev +0.96  adv_std 0.191  tR -0.33  ent[s/d/p/e] 1.35/2.51/0.39/0.66  emits 1.72  spf 16.3  z0 0.07  garr 16.1  tG 200  e2 0.39  nF 31.3  pS 0.29  ptS 0.28  fLog 0.35  pdΔ -0.2076  pkR 13.74  clip 0.45  kl +0.090
upd  174  steps  716800  sps 796  opp symm  loss -0.077  pg -0.0245  v 0.011  ev +0.96  adv_std 0.178  tR -0.17  ent[s/d/p/e] 1.49/2.54/0.46/0.67  emits 1.69  spf 17.4  z0 0.08  garr 18.0  tG 213  e2 0.39  nF 29.0  pS 0.33  ptS 0.30  fLog 0.37  pdΔ -0.1743  pkR 17.12  clip 0.46  kl +0.089
upd  175  steps  720896  sps 796  opp symm  loss -0.081  pg -0.0294  v 0.010  ev +0.97  adv_std 0.170  tR +0.62  ent[s/d/p/e] 1.34/2.57/0.39/0.66  emits 1.65  spf 17.3  z0 0.06  garr 17.3  tG 211  e2 0.39  nF 29.4  pS 0.30  ptS 0.29  fLog 0.35  pdΔ -0.2023  pkR 11.74  clip 0.45  kl +0.082
upd  176  steps  724992  sps 797  opp symm  loss -0.075  pg -0.0272  v 0.010  ev +0.96  adv_std 0.173  tR -0.23  ent[s/d/p/e] 1.19/2.54/0.33/0.64  emits 1.68  spf 13.7  z0 0.08  garr 13.2  tG 144  e2 0.39  nF 30.1  pS 0.24  ptS 0.23  fLog 0.33  pdΔ -0.2592  pkR 15.38  clip 0.46  kl +0.099
upd  177  steps  729088  sps 798  opp symm  loss -0.067  pg -0.0183  v 0.012  ev +0.95  adv_std 0.186  tR -0.14  ent[s/d/p/e] 1.21/2.55/0.36/0.65  emits 1.77  spf 14.9  z0 0.04  garr 14.9  tG 164  e2 0.41  nF 32.5  pS 0.25  ptS 0.24  fLog 0.34  pdΔ -0.2476  pkR 15.91  clip 0.49  kl +0.125
upd  178  steps  733184  sps 798  opp symm  loss -0.072  pg -0.0243  v 0.013  ev +0.95  adv_std 0.198  tR -0.09  ent[s/d/p/e] 1.19/2.60/0.36/0.66  emits 1.54  spf 14.4  z0 0.10  garr 13.0  tG 135  e2 0.35  nF 29.0  pS 0.22  ptS 0.22  fLog 0.33  pdΔ -0.2763  pkR 16.19  clip 0.43  kl +0.084
upd  179  steps  737280  sps 799  opp symm  loss -0.079  pg -0.0281  v 0.010  ev +0.96  adv_std 0.175  tR -0.85  ent[s/d/p/e] 1.23/2.62/0.37/0.66  emits 1.46  spf 15.5  z0 0.17  garr 13.8  tG 143  e2 0.34  nF 26.3  pS 0.23  ptS 0.22  fLog 0.34  pdΔ -0.2749  pkR 11.07  clip 0.42  kl +0.076
upd  180  steps  741376  sps 800  opp symm  loss -0.078  pg -0.0267  v 0.011  ev +0.95  adv_std 0.184  tR -0.64  ent[s/d/p/e] 1.37/2.63/0.42/0.66  emits 1.62  spf 17.5  z0 0.09  garr 18.8  tG 223  e2 0.38  nF 27.3  pS 0.28  ptS 0.28  fLog 0.35  pdΔ -0.2168  pkR 10.57  clip 0.45  kl +0.087
upd  181  steps  745472  sps 800  opp symm  loss -0.076  pg -0.0218  v 0.009  ev +0.97  adv_std 0.168  tR -0.20  ent[s/d/p/e] 1.45/2.61/0.46/0.65  emits 1.79  spf 18.0  z0 0.07  garr 20.7  tG 269  e2 0.42  nF 30.3  pS 0.33  ptS 0.32  fLog 0.36  pdΔ -0.1748  pkR 10.22  clip 0.44  kl +0.066
upd  182  steps  749568  sps 801  opp symm  loss -0.069  pg -0.0152  v 0.008  ev +0.97  adv_std 0.154  tR +0.17  ent[s/d/p/e] 1.44/2.58/0.45/0.66  emits 1.64  spf 18.7  z0 0.08  garr 22.6  tG 314  e2 0.39  nF 28.2  pS 0.33  ptS 0.32  fLog 0.35  pdΔ -0.1655  pkR 8.00  clip 0.45  kl +0.084
upd  183  steps  753664  sps 801  opp symm  loss -0.067  pg -0.0163  v 0.010  ev +0.96  adv_std 0.167  tR +0.12  ent[s/d/p/e] 1.29/2.60/0.38/0.64  emits 1.65  spf 18.2  z0 0.05  garr 23.2  tG 342  e2 0.35  nF 28.8  pS 0.30  ptS 0.30  fLog 0.32  pdΔ -0.2004  pkR 8.54  clip 0.45  kl +0.085
upd  184  steps  757760  sps 802  opp symm  loss -0.080  pg -0.0285  v 0.009  ev +0.97  adv_std 0.167  tR +0.20  ent[s/d/p/e] 1.31/2.63/0.38/0.63  emits 1.68  spf 15.0  z0 0.10  garr 16.3  tG 216  e2 0.36  nF 31.5  pS 0.27  ptS 0.27  fLog 0.33  pdΔ -0.2288  pkR 11.79  clip 0.43  kl +0.087
upd  185  steps  761856  sps 802  opp symm  loss -0.075  pg -0.0237  v 0.008  ev +0.97  adv_std 0.162  tR -0.20  ent[s/d/p/e] 1.29/2.57/0.38/0.65  emits 1.64  spf 14.4  z0 0.07  garr 16.3  tG 207  e2 0.37  nF 33.4  pS 0.28  ptS 0.27  fLog 0.32  pdΔ -0.2245  pkR 11.66  clip 0.44  kl +0.074
upd  186  steps  765952  sps 803  opp symm  loss -0.073  pg -0.0197  v 0.007  ev +0.98  adv_std 0.140  tR +0.43  ent[s/d/p/e] 1.35/2.63/0.38/0.64  emits 1.70  spf 16.3  z0 0.08  garr 19.0  tG 261  e2 0.41  nF 34.9  pS 0.30  ptS 0.29  fLog 0.34  pdΔ -0.1973  pkR 11.67  clip 0.46  kl +0.088
upd  187  steps  770048  sps 804  opp symm  loss -0.080  pg -0.0280  v 0.008  ev +0.97  adv_std 0.158  tR +0.00  ent[s/d/p/e] 1.33/2.62/0.39/0.63  emits 1.68  spf 16.6  z0 0.10  garr 17.9  tG 247  e2 0.38  nF 32.7  pS 0.29  ptS 0.28  fLog 0.34  pdΔ -0.2124  pkR 11.25  clip 0.41  kl +0.078
upd  188  steps  774144  sps 804  opp symm  loss -0.077  pg -0.0269  v 0.008  ev +0.96  adv_std 0.162  tR +0.09  ent[s/d/p/e] 1.25/2.59/0.40/0.62  emits 1.66  spf 14.7  z0 0.10  garr 16.5  tG 208  e2 0.37  nF 31.6  pS 0.27  ptS 0.26  fLog 0.34  pdΔ -0.2315  pkR 12.20  clip 0.42  kl +0.081
upd  189  steps  778240  sps 805  opp symm  loss -0.076  pg -0.0244  v 0.010  ev +0.96  adv_std 0.177  tR -0.11  ent[s/d/p/e] 1.35/2.58/0.40/0.64  emits 1.71  spf 14.1  z0 0.08  garr 15.5  tG 181  e2 0.38  nF 32.9  pS 0.29  ptS 0.28  fLog 0.34  pdΔ -0.2126  pkR 11.98  clip 0.44  kl +0.083
upd  190  steps  782336  sps 805  opp symm  loss -0.080  pg -0.0249  v 0.006  ev +0.98  adv_std 0.143  tR +0.07  ent[s/d/p/e] 1.44/2.62/0.43/0.65  emits 1.65  spf 17.9  z0 0.07  garr 20.8  tG 279  e2 0.37  nF 32.0  pS 0.34  ptS 0.33  fLog 0.36  pdΔ -0.1586  pkR 8.42  clip 0.43  kl +0.090
upd  191  steps  786432  sps 806  opp symm  loss -0.068  pg -0.0169  v 0.009  ev +0.96  adv_std 0.171  tR +0.67  ent[s/d/p/e] 1.30/2.60/0.38/0.66  emits 1.63  spf 16.8  z0 0.03  garr 20.4  tG 278  e2 0.36  nF 30.7  pS 0.31  ptS 0.29  fLog 0.34  pdΔ -0.1944  pkR 9.36  clip 0.45  kl +0.105
upd  192  steps  790528  sps 806  opp symm  loss -0.076  pg -0.0244  v 0.011  ev +0.96  adv_std 0.186  tR -0.09  ent[s/d/p/e] 1.33/2.65/0.40/0.65  emits 1.63  spf 17.8  z0 0.05  garr 19.3  tG 262  e2 0.35  nF 30.6  pS 0.30  ptS 0.29  fLog 0.35  pdΔ -0.1957  pkR 11.62  clip 0.43  kl +0.070
upd  193  steps  794624  sps 807  opp symm  loss -0.076  pg -0.0233  v 0.010  ev +0.97  adv_std 0.179  tR +0.00  ent[s/d/p/e] 1.42/2.61/0.43/0.67  emits 1.50  spf 18.7  z0 0.12  garr 19.2  tG 266  e2 0.33  nF 28.6  pS 0.30  ptS 0.29  fLog 0.35  pdΔ -0.2033  pkR 12.28  clip 0.43  kl +0.097
upd  194  steps  798720  sps 807  opp symm  loss -0.085  pg -0.0320  v 0.008  ev +0.96  adv_std 0.170  tR +0.40  ent[s/d/p/e] 1.34/2.65/0.42/0.66  emits 1.64  spf 16.5  z0 0.05  garr 18.6  tG 239  e2 0.36  nF 30.4  pS 0.30  ptS 0.29  fLog 0.34  pdΔ -0.2012  pkR 9.92  clip 0.45  kl +0.065
upd  195  steps  802816  sps 808  opp symm  loss -0.080  pg -0.0269  v 0.009  ev +0.97  adv_std 0.170  tR +0.56  ent[s/d/p/e] 1.43/2.63/0.43/0.65  emits 1.79  spf 15.7  z0 0.03  garr 21.3  tG 273  e2 0.41  nF 33.9  pS 0.33  ptS 0.31  fLog 0.35  pdΔ -0.1728  pkR 11.50  clip 0.46  kl +0.088
upd  196  steps  806912  sps 809  opp symm  loss -0.080  pg -0.0260  v 0.008  ev +0.97  adv_std 0.158  tR +0.64  ent[s/d/p/e] 1.40/2.63/0.43/0.64  emits 1.75  spf 16.4  z0 0.06  garr 19.3  tG 240  e2 0.42  nF 33.2  pS 0.31  ptS 0.30  fLog 0.35  pdΔ -0.1880  pkR 15.88  clip 0.45  kl +0.082
upd  197  steps  811008  sps 809  opp symm  loss -0.076  pg -0.0255  v 0.010  ev +0.97  adv_std 0.172  tR -0.07  ent[s/d/p/e] 1.29/2.59/0.38/0.63  emits 1.71  spf 14.8  z0 0.08  garr 16.5  tG 205  e2 0.39  nF 30.3  pS 0.27  ptS 0.26  fLog 0.33  pdΔ -0.2319  pkR 19.10  clip 0.44  kl +0.101
upd  198  steps  815104  sps 810  opp symm  loss -0.072  pg -0.0228  v 0.016  ev +0.95  adv_std 0.226  tR +0.00  ent[s/d/p/e] 1.45/2.59/0.42/0.64  emits 1.87  spf 16.2  z0 0.07  garr 17.9  tG 231  e2 0.43  nF 32.7  pS 0.31  ptS 0.30  fLog 0.35  pdΔ -0.1895  pkR 11.60  clip 0.47  kl +0.120
[eval_vs_v20] u199 tag=train_u199  bin0=3.5%  spf=4.14  garr=14.61  flip=1.97%  z0=0.9%  e8=3.8%  e2+=20.8%  WLD=0/3/0
upd  199  steps  819200  sps 810  opp symm  loss -0.082  pg -0.0304  v 0.011  ev +0.96  adv_std 0.186  tR +0.41  ent[s/d/p/e] 1.43/2.58/0.42/0.63  emits 1.92  spf 16.8  z0 0.05  garr 18.2  tG 228  e2 0.44  nF 33.5  pS 0.31  ptS 0.30  fLog 0.35  pdΔ -0.1903  pkR 10.74  clip 0.47  kl +0.089 WRr 0.31 v20[spf 4.1 flip 2.0% e2+ 20.8%]
[ckpt] saved ./ckpt_multi_action_v12_lux/ckpt_000199.pkl opp=symm WARN opp=symm (prefer strn/frzn for replay-aligned ckpt; see .meta.json)
upd  200  steps  823296  sps 743  opp symm  loss -0.073  pg -0.0235  v 0.014  ev +0.95  adv_std 0.210  tR +0.08  ent[s/d/p/e] 1.47/2.54/0.45/0.62  emits 2.04  spf 15.9  z0 0.06  garr 18.3  tG 233  e2 0.46  nF 34.9  pS 0.31  ptS 0.30  fLog 0.35  pdΔ -0.1861  pkR 10.79  clip 0.49  kl +0.138
upd  201  steps  827392  sps 744  opp symm  loss -0.071  pg -0.0190  v 0.012  ev +0.95  adv_std 0.191  tR -0.20  ent[s/d/p/e] 1.48/2.58/0.47/0.62  emits 2.01  spf 16.2  z0 0.08  garr 18.2  tG 231  e2 0.43  nF 33.6  pS 0.30  ptS 0.29  fLog 0.36  pdΔ -0.1969  pkR 13.13  clip 0.50  kl +0.108
upd  202  steps  831488  sps 744  opp symm  loss -0.070  pg -0.0169  v 0.010  ev +0.95  adv_std 0.180  tR +0.11  ent[s/d/p/e] 1.56/2.57/0.49/0.59  emits 2.16  spf 14.7  z0 0.09  garr 16.8  tG 191  e2 0.49  nF 36.1  pS 0.32  ptS 0.31  fLog 0.36  pdΔ -0.1768  pkR 12.77  clip 0.51  kl +0.114
upd  203  steps  835584  sps 745  opp symm  loss -0.079  pg -0.0223  v 0.008  ev +0.97  adv_std 0.161  tR -0.08  ent[s/d/p/e] 1.70/2.58/0.55/0.60  emits 2.19  spf 16.6  z0 0.06  garr 19.2  tG 244  e2 0.46  nF 36.5  pS 0.38  ptS 0.36  fLog 0.37  pdΔ -0.1242  pkR 7.06  clip 0.49  kl +0.109
upd  204  steps  839680  sps 746  opp symm  loss -0.079  pg -0.0236  v 0.007  ev +0.98  adv_std 0.145  tR +0.50  ent[s/d/p/e] 1.58/2.57/0.52/0.60  emits 2.19  spf 17.7  z0 0.02  garr 22.3  tG 315  e2 0.51  nF 35.9  pS 0.38  ptS 0.37  fLog 0.36  pdΔ -0.1167  pkR 6.41  clip 0.47  kl +0.086
upd  205  steps  843776  sps 747  opp symm  loss -0.064  pg -0.0129  v 0.012  ev +0.96  adv_std 0.187  tR +0.17  ent[s/d/p/e] 1.51/2.56/0.51/0.58  emits 2.24  spf 16.6  z0 0.04  garr 20.3  tG 279  e2 0.51  nF 37.8  pS 0.34  ptS 0.33  fLog 0.35  pdΔ -0.1632  pkR 10.77  clip 0.52  kl +0.131
upd  206  steps  847872  sps 747  opp symm  loss -0.078  pg -0.0243  v 0.007  ev +0.98  adv_std 0.152  tR +0.14  ent[s/d/p/e] 1.46/2.54/0.49/0.60  emits 2.06  spf 15.5  z0 0.05  garr 18.3  tG 260  e2 0.45  nF 36.5  pS 0.31  ptS 0.31  fLog 0.34  pdΔ -0.1929  pkR 10.86  clip 0.49  kl +0.095
upd  207  steps  851968  sps 748  opp symm  loss -0.070  pg -0.0222  v 0.010  ev +0.96  adv_std 0.181  tR +0.07  ent[s/d/p/e] 1.26/2.42/0.42/0.58  emits 1.94  spf 12.6  z0 0.10  garr 13.2  tG 169  e2 0.43  nF 33.2  pS 0.25  ptS 0.25  fLog 0.32  pdΔ -0.2540  pkR 14.51  clip 0.44  kl +0.080
upd  208  steps  856064  sps 749  opp symm  loss -0.053  pg -0.0051  v 0.009  ev +0.97  adv_std 0.172  tR -0.27  ent[s/d/p/e] 1.23/2.45/0.44/0.59  emits 1.88  spf 13.2  z0 0.06  garr 15.1  tG 178  e2 0.43  nF 33.5  pS 0.26  ptS 0.25  fLog 0.32  pdΔ -0.2363  pkR 11.30  clip 0.47  kl +0.108
upd  209  steps  860160  sps 749  opp symm  loss -0.067  pg -0.0173  v 0.010  ev +0.96  adv_std 0.178  tR +0.11  ent[s/d/p/e] 1.38/2.46/0.47/0.57  emits 2.09  spf 15.8  z0 0.08  garr 17.3  tG 223  e2 0.47  nF 33.2  pS 0.30  ptS 0.29  fLog 0.34  pdΔ -0.2026  pkR 9.41  clip 0.47  kl +0.109
upd  210  steps  864256  sps 750  opp symm  loss -0.061  pg -0.0122  v 0.010  ev +0.97  adv_std 0.175  tR -0.18  ent[s/d/p/e] 1.37/2.43/0.47/0.57  emits 2.08  spf 16.8  z0 0.10  garr 18.9  tG 281  e2 0.44  nF 33.6  pS 0.30  ptS 0.29  fLog 0.34  pdΔ -0.2044  pkR 11.29  clip 0.47  kl +0.144
upd  211  steps  868352  sps 751  opp symm  loss -0.065  pg -0.0165  v 0.008  ev +0.97  adv_std 0.163  tR +0.00  ent[s/d/p/e] 1.30/2.46/0.45/0.55  emits 2.18  spf 13.8  z0 0.05  garr 15.6  tG 205  e2 0.49  nF 36.6  pS 0.28  ptS 0.27  fLog 0.33  pdΔ -0.2240  pkR 13.60  clip 0.47  kl +0.111
upd  212  steps  872448  sps 751  opp symm  loss -0.070  pg -0.0200  v 0.011  ev +0.96  adv_std 0.183  tR +0.14  ent[s/d/p/e] 1.48/2.49/0.49/0.56  emits 2.33  spf 14.0  z0 0.08  garr 16.7  tG 219  e2 0.52  nF 39.5  pS 0.31  ptS 0.30  fLog 0.34  pdΔ -0.1854  pkR 10.69  clip 0.46  kl +0.103
upd  213  steps  876544  sps 752  opp symm  loss -0.059  pg -0.0108  v 0.011  ev +0.96  adv_std 0.188  tR +0.54  ent[s/d/p/e] 1.39/2.47/0.44/0.53  emits 2.40  spf 13.5  z0 0.03  garr 16.0  tG 206  e2 0.54  nF 40.1  pS 0.30  ptS 0.29  fLog 0.33  pdΔ -0.1972  pkR 11.01  clip 0.50  kl +0.136
upd  214  steps  880640  sps 753  opp symm  loss -0.063  pg -0.0164  v 0.012  ev +0.96  adv_std 0.188  tR +0.00  ent[s/d/p/e] 1.33/2.45/0.40/0.54  emits 2.33  spf 12.6  z0 0.05  garr 14.7  tG 193  e2 0.51  nF 42.3  pS 0.28  ptS 0.28  fLog 0.32  pdΔ -0.2189  pkR 13.16  clip 0.47  kl +0.106
upd  215  steps  884736  sps 753  opp symm  loss -0.072  pg -0.0215  v 0.009  ev +0.97  adv_std 0.169  tR -0.09  ent[s/d/p/e] 1.41/2.52/0.42/0.56  emits 2.17  spf 14.7  z0 0.06  garr 17.9  tG 246  e2 0.50  nF 37.9  pS 0.32  ptS 0.31  fLog 0.34  pdΔ -0.1822  pkR 11.33  clip 0.47  kl +0.095
upd  216  steps  888832  sps 754  opp symm  loss -0.073  pg -0.0213  v 0.009  ev +0.97  adv_std 0.172  tR +0.29  ent[s/d/p/e] 1.51/2.53/0.47/0.56  emits 2.28  spf 14.2  z0 0.06  garr 16.8  tG 225  e2 0.50  nF 39.0  pS 0.33  ptS 0.33  fLog 0.34  pdΔ -0.1657  pkR 11.70  clip 0.48  kl +0.096
upd  217  steps  892928  sps 755  opp symm  loss -0.069  pg -0.0151  v 0.009  ev +0.97  adv_std 0.163  tR +0.69  ent[s/d/p/e] 1.60/2.57/0.47/0.60  emits 2.06  spf 17.5  z0 0.07  garr 21.0  tG 310  e2 0.45  nF 36.6  pS 0.36  ptS 0.35  fLog 0.35  pdΔ -0.1432  pkR 8.46  clip 0.46  kl +0.118
upd  218  steps  897024  sps 755  opp symm  loss -0.071  pg -0.0214  v 0.009  ev +0.97  adv_std 0.165  tR +0.33  ent[s/d/p/e] 1.38/2.50/0.44/0.56  emits 1.94  spf 16.2  z0 0.05  garr 20.6  tG 306  e2 0.39  nF 34.3  pS 0.31  ptS 0.30  fLog 0.33  pdΔ -0.1931  pkR 8.99  clip 0.46  kl +0.103
upd  219  steps  901120  sps 756  opp symm  loss -0.069  pg -0.0235  v 0.012  ev +0.95  adv_std 0.191  tR +0.27  ent[s/d/p/e] 1.26/2.42/0.40/0.55  emits 2.13  spf 11.1  z0 0.07  garr 14.2  tG 184  e2 0.45  nF 39.7  pS 0.26  ptS 0.26  fLog 0.30  pdΔ -0.2408  pkR 17.09  clip 0.48  kl +0.099
upd  220  steps  905216  sps 756  opp symm  loss -0.073  pg -0.0264  v 0.009  ev +0.97  adv_std 0.173  tR +0.00  ent[s/d/p/e] 1.23/2.39/0.41/0.55  emits 2.04  spf 11.1  z0 0.09  garr 12.1  tG 145  e2 0.45  nF 40.4  pS 0.24  ptS 0.24  fLog 0.31  pdΔ -0.2595  pkR 13.11  clip 0.45  kl +0.094
upd  221  steps  909312  sps 757  opp symm  loss -0.069  pg -0.0214  v 0.010  ev +0.97  adv_std 0.175  tR -0.33  ent[s/d/p/e] 1.31/2.38/0.45/0.57  emits 1.96  spf 12.5  z0 0.14  garr 14.4  tG 187  e2 0.43  nF 36.7  pS 0.26  ptS 0.26  fLog 0.32  pdΔ -0.2400  pkR 12.11  clip 0.45  kl +0.119
upd  222  steps  913408  sps 758  opp symm  loss -0.067  pg -0.0175  v 0.010  ev +0.97  adv_std 0.168  tR +0.00  ent[s/d/p/e] 1.38/2.43/0.45/0.57  emits 1.93  spf 15.7  z0 0.08  garr 18.8  tG 269  e2 0.42  nF 36.4  pS 0.30  ptS 0.30  fLog 0.33  pdΔ -0.2040  pkR 9.82  clip 0.46  kl +0.100
upd  223  steps  917504  sps 758  opp symm  loss -0.071  pg -0.0196  v 0.008  ev +0.98  adv_std 0.159  tR +0.07  ent[s/d/p/e] 1.49/2.49/0.48/0.56  emits 1.98  spf 16.1  z0 0.10  garr 20.7  tG 294  e2 0.43  nF 34.9  pS 0.33  ptS 0.32  fLog 0.34  pdΔ -0.1748  pkR 9.14  clip 0.45  kl +0.095
upd  224  steps  921600  sps 759  opp symm  loss -0.071  pg -0.0224  v 0.010  ev +0.97  adv_std 0.176  tR +0.14  ent[s/d/p/e] 1.31/2.45/0.42/0.57  emits 1.88  spf 15.0  z0 0.06  garr 20.7  tG 299  e2 0.42  nF 36.6  pS 0.31  ptS 0.30  fLog 0.33  pdΔ -0.1914  pkR 8.73  clip 0.46  kl +0.114
upd  225  steps  925696  sps 760  opp symm  loss -0.066  pg -0.0196  v 0.012  ev +0.97  adv_std 0.188  tR +0.41  ent[s/d/p/e] 1.22/2.36/0.38/0.61  emits 1.78  spf 15.2  z0 0.07  garr 20.6  tG 307  e2 0.40  nF 33.4  pS 0.30  ptS 0.29  fLog 0.32  pdΔ -0.2042  pkR 10.53  clip 0.49  kl +0.120
upd  226  steps  929792  sps 760  opp symm  loss -0.065  pg -0.0201  v 0.013  ev +0.96  adv_std 0.197  tR +0.07  ent[s/d/p/e] 1.28/2.39/0.40/0.56  emits 1.92  spf 12.9  z0 0.06  garr 15.7  tG 190  e2 0.39  nF 34.0  pS 0.26  ptS 0.26  fLog 0.32  pdΔ -0.2367  pkR 14.99  clip 0.47  kl +0.104
upd  227  steps  933888  sps 761  opp symm  loss -0.061  pg -0.0219  v 0.019  ev +0.93  adv_std 0.242  tR +0.54  ent[s/d/p/e] 1.05/2.41/0.36/0.55  emits 2.00  spf 11.3  z0 0.02  garr 13.2  tG 148  e2 0.42  nF 33.9  pS 0.22  ptS 0.21  fLog 0.30  pdΔ -0.2796  pkR 20.45  clip 0.50  kl +0.117
upd  228  steps  937984  sps 761  opp symm  loss -0.063  pg -0.0218  v 0.019  ev +0.94  adv_std 0.237  tR +0.20  ent[s/d/p/e] 1.24/2.38/0.43/0.51  emits 2.33  spf 11.5  z0 0.09  garr 14.9  tG 169  e2 0.51  nF 37.5  pS 0.27  ptS 0.25  fLog 0.32  pdΔ -0.2341  pkR 17.73  clip 0.47  kl +0.117
upd  229  steps  942080  sps 762  opp symm  loss -0.065  pg -0.0149  v 0.008  ev +0.98  adv_std 0.159  tR +0.16  ent[s/d/p/e] 1.41/2.46/0.44/0.56  emits 2.10  spf 14.0  z0 0.08  garr 18.3  tG 234  e2 0.44  nF 34.7  pS 0.31  ptS 0.30  fLog 0.33  pdΔ -0.1931  pkR 11.60  clip 0.47  kl +0.115
upd  230  steps  946176  sps 762  opp symm  loss -0.066  pg -0.0228  v 0.015  ev +0.95  adv_std 0.211  tR +0.07  ent[s/d/p/e] 1.17/2.45/0.36/0.57  emits 1.97  spf 13.3  z0 0.07  garr 17.1  tG 228  e2 0.40  nF 34.7  pS 0.25  ptS 0.24  fLog 0.31  pdΔ -0.2538  pkR 15.98  clip 0.46  kl +0.091
upd  231  steps  950272  sps 763  opp symm  loss -0.067  pg -0.0220  v 0.014  ev +0.96  adv_std 0.197  tR +0.00  ent[s/d/p/e] 1.20/2.46/0.38/0.56  emits 2.05  spf 10.9  z0 0.04  garr 12.3  tG 140  e2 0.42  nF 36.6  pS 0.24  ptS 0.23  fLog 0.31  pdΔ -0.2617  pkR 24.76  clip 0.46  kl +0.109
upd  232  steps  954368  sps 764  opp symm  loss -0.064  pg -0.0167  v 0.011  ev +0.97  adv_std 0.177  tR +0.00  ent[s/d/p/e] 1.25/2.41/0.39/0.60  emits 1.80  spf 12.2  z0 0.04  garr 14.7  tG 177  e2 0.37  nF 34.8  pS 0.27  ptS 0.27  fLog 0.32  pdΔ -0.2336  pkR 14.05  clip 0.46  kl +0.108
upd  233  steps  958464  sps 764  opp symm  loss -0.059  pg -0.0101  v 0.014  ev +0.96  adv_std 0.201  tR +0.00  ent[s/d/p/e] 1.43/2.49/0.46/0.61  emits 1.86  spf 16.7  z0 0.08  garr 21.3  tG 294  e2 0.41  nF 31.9  pS 0.31  ptS 0.31  fLog 0.35  pdΔ -0.1859  pkR 13.31  clip 0.47  kl +0.115
upd  234  steps  962560  sps 765  opp symm  loss -0.067  pg -0.0176  v 0.012  ev +0.95  adv_std 0.196  tR +0.20  ent[s/d/p/e] 1.41/2.41/0.44/0.63  emits 1.88  spf 16.2  z0 0.03  garr 19.1  tG 241  e2 0.40  nF 30.3  pS 0.31  ptS 0.31  fLog 0.35  pdΔ -0.1906  pkR 12.03  clip 0.48  kl +0.111
upd  235  steps  966656  sps 765  opp symm  loss -0.073  pg -0.0254  v 0.014  ev +0.95  adv_std 0.199  tR +0.78  ent[s/d/p/e] 1.35/2.38/0.44/0.64  emits 1.93  spf 15.0  z0 0.01  garr 18.0  tG 193  e2 0.43  nF 31.8  pS 0.29  ptS 0.28  fLog 0.35  pdΔ -0.2092  pkR 11.73  clip 0.50  kl +0.115
upd  236  steps  970752  sps 766  opp symm  loss -0.074  pg -0.0204  v 0.010  ev +0.97  adv_std 0.178  tR +0.40  ent[s/d/p/e] 1.63/2.49/0.49/0.63  emits 1.99  spf 17.2  z0 0.07  garr 20.3  tG 243  e2 0.45  nF 33.4  pS 0.34  ptS 0.34  fLog 0.36  pdΔ -0.1585  pkR 12.57  clip 0.49  kl +0.126
upd  237  steps  974848  sps 766  opp symm  loss -0.070  pg -0.0173  v 0.009  ev +0.97  adv_std 0.166  tR +0.29  ent[s/d/p/e] 1.50/2.49/0.44/0.64  emits 1.80  spf 18.7  z0 0.03  garr 22.0  tG 298  e2 0.38  nF 31.5  pS 0.32  ptS 0.33  fLog 0.35  pdΔ -0.1768  pkR 12.02  clip 0.46  kl +0.099
upd  238  steps  978944  sps 767  opp symm  loss -0.070  pg -0.0198  v 0.011  ev +0.96  adv_std 0.181  tR +0.50  ent[s/d/p/e] 1.36/2.49/0.39/0.65  emits 1.79  spf 17.2  z0 0.04  garr 20.1  tG 268  e2 0.38  nF 31.2  pS 0.29  ptS 0.29  fLog 0.34  pdΔ -0.2076  pkR 11.10  clip 0.45  kl +0.092
upd  239  steps  983040  sps 768  opp symm  loss -0.066  pg -0.0180  v 0.015  ev +0.95  adv_std 0.211  tR +0.08  ent[s/d/p/e] 1.45/2.46/0.41/0.62  emits 1.96  spf 16.2  z0 0.07  garr 19.8  tG 264  e2 0.41  nF 33.3  pS 0.31  ptS 0.31  fLog 0.34  pdΔ -0.1869  pkR 9.69  clip 0.46  kl +0.118
upd  240  steps  987136  sps 768  opp symm  loss -0.079  pg -0.0247  v 0.008  ev +0.97  adv_std 0.156  tR -0.14  ent[s/d/p/e] 1.58/2.54/0.44/0.63  emits 1.97  spf 18.8  z0 0.04  garr 23.2  tG 310  e2 0.43  nF 33.9  pS 0.36  ptS 0.34  fLog 0.36  pdΔ -0.1421  pkR 10.09  clip 0.46  kl +0.091
upd  241  steps  991232  sps 769  opp symm  loss -0.074  pg -0.0202  v 0.009  ev +0.97  adv_std 0.164  tR +0.17  ent[s/d/p/e] 1.60/2.56/0.48/0.62  emits 1.99  spf 20.4  z0 0.06  garr 26.0  tG 376  e2 0.44  nF 33.3  pS 0.37  ptS 0.35  fLog 0.37  pdΔ -0.1297  pkR 6.64  clip 0.45  kl +0.090
upd  242  steps  995328  sps 769  opp symm  loss -0.069  pg -0.0182  v 0.011  ev +0.96  adv_std 0.177  tR +0.41  ent[s/d/p/e] 1.47/2.52/0.40/0.62  emits 1.89  spf 18.0  z0 0.06  garr 23.7  tG 319  e2 0.41  nF 31.9  pS 0.33  ptS 0.31  fLog 0.36  pdΔ -0.1726  pkR 9.89  clip 0.47  kl +0.110
upd  243  steps  999424  sps 770  opp symm  loss -0.073  pg -0.0225  v 0.012  ev +0.96  adv_std 0.189  tR -0.27  ent[s/d/p/e] 1.50/2.56/0.40/0.62  emits 1.93  spf 16.1  z0 0.06  garr 20.4  tG 251  e2 0.41  nF 32.4  pS 0.31  ptS 0.30  fLog 0.35  pdΔ -0.1851  pkR 13.88  clip 0.45  kl +0.091
upd  244  steps 1003520  sps 770  opp symm  loss -0.070  pg -0.0177  v 0.011  ev +0.96  adv_std 0.180  tR +0.43  ent[s/d/p/e] 1.56/2.58/0.44/0.60  emits 1.96  spf 18.1  z0 0.05  garr 23.2  tG 309  e2 0.40  nF 33.4  pS 0.34  ptS 0.33  fLog 0.36  pdΔ -0.1637  pkR 10.18  clip 0.45  kl +0.092
upd  245  steps 1007616  sps 771  opp symm  loss -0.069  pg -0.0166  v 0.010  ev +0.96  adv_std 0.174  tR +0.25  ent[s/d/p/e] 1.55/2.53/0.43/0.64  emits 1.76  spf 18.6  z0 0.04  garr 21.9  tG 287  e2 0.36  nF 30.6  pS 0.33  ptS 0.33  fLog 0.36  pdΔ -0.1685  pkR 11.04  clip 0.45  kl +0.113
upd  246  steps 1011712  sps 771  opp symm  loss -0.066  pg -0.0171  v 0.015  ev +0.95  adv_std 0.207  tR +0.75  ent[s/d/p/e] 1.46/2.54/0.39/0.64  emits 1.82  spf 18.4  z0 0.03  garr 22.7  tG 325  e2 0.37  nF 30.5  pS 0.33  ptS 0.32  fLog 0.36  pdΔ -0.1742  pkR 11.13  clip 0.47  kl +0.113
upd  247  steps 1015808  sps 772  opp symm  loss -0.073  pg -0.0260  v 0.014  ev +0.95  adv_std 0.199  tR +0.29  ent[s/d/p/e] 1.21/2.52/0.35/0.63  emits 1.75  spf 13.5  z0 0.02  garr 15.1  tG 179  e2 0.36  nF 31.7  pS 0.24  ptS 0.23  fLog 0.32  pdΔ -0.2613  pkR 24.00  clip 0.48  kl +0.111
upd  248  steps 1019904  sps 772  opp symm  loss -0.076  pg -0.0247  v 0.010  ev +0.97  adv_std 0.167  tR -0.33  ent[s/d/p/e] 1.41/2.56/0.40/0.62  emits 1.93  spf 14.7  z0 0.06  garr 16.7  tG 195  e2 0.42  nF 34.9  pS 0.28  ptS 0.27  fLog 0.34  pdΔ -0.2193  pkR 21.09  clip 0.47  kl +0.092
upd  249  steps 1024000  sps 773  opp symm  loss -0.069  pg -0.0152  v 0.011  ev +0.96  adv_std 0.177  tR +0.00  ent[s/d/p/e] 1.54/2.60/0.45/0.64  emits 1.90  spf 17.5  z0 0.07  garr 22.0  tG 293  e2 0.42  nF 34.7  pS 0.34  ptS 0.33  fLog 0.36  pdΔ -0.1554  pkR 14.01  clip 0.47  kl +0.100
upd  250  steps 1028096  sps 773  opp symm  loss -0.084  pg -0.0279  v 0.007  ev +0.98  adv_std 0.146  tR +0.29  ent[s/d/p/e] 1.58/2.58/0.47/0.65  emits 1.73  spf 22.0  z0 0.06  garr 27.7  tG 397  e2 0.37  nF 30.5  pS 0.36  ptS 0.35  fLog 0.38  pdΔ -0.1359  pkR 9.25  clip 0.45  kl +0.088
upd  251  steps 1032192  sps 774  opp symm  loss -0.069  pg -0.0153  v 0.007  ev +0.98  adv_std 0.149  tR +0.20  ent[s/d/p/e] 1.48/2.56/0.41/0.65  emits 1.74  spf 19.3  z0 0.05  garr 25.9  tG 377  e2 0.36  nF 29.1  pS 0.32  ptS 0.32  fLog 0.36  pdΔ -0.1757  pkR 10.64  clip 0.47  kl +0.093
upd  252  steps 1036288  sps 774  opp symm  loss -0.067  pg -0.0151  v 0.009  ev +0.96  adv_std 0.158  tR +0.14  ent[s/d/p/e] 1.41/2.54/0.40/0.65  emits 1.84  spf 17.9  z0 0.04  garr 20.5  tG 284  e2 0.41  nF 32.1  pS 0.29  ptS 0.29  fLog 0.35  pdΔ -0.2056  pkR 15.21  clip 0.50  kl +0.105
upd  253  steps 1040384  sps 775  opp symm  loss -0.068  pg -0.0170  v 0.011  ev +0.96  adv_std 0.177  tR +0.17  ent[s/d/p/e] 1.42/2.51/0.38/0.65  emits 1.78  spf 16.4  z0 0.03  garr 21.1  tG 281  e2 0.40  nF 31.8  pS 0.31  ptS 0.31  fLog 0.35  pdΔ -0.1939  pkR 14.40  clip 0.51  kl +0.121
upd  254  steps 1044480  sps 775  opp symm  loss -0.064  pg -0.0142  v 0.010  ev +0.96  adv_std 0.164  tR +0.37  ent[s/d/p/e] 1.35/2.49/0.36/0.65  emits 1.76  spf 15.7  z0 0.05  garr 18.7  tG 247  e2 0.41  nF 30.6  pS 0.29  ptS 0.29  fLog 0.34  pdΔ -0.2095  pkR 15.27  clip 0.52  kl +0.143
upd  255  steps 1048576  sps 776  opp symm  loss -0.074  pg -0.0240  v 0.013  ev +0.95  adv_std 0.196  tR +0.25  ent[s/d/p/e] 1.46/2.55/0.40/0.64  emits 1.93  spf 17.4  z0 0.06  garr 21.5  tG 284  e2 0.45  nF 32.9  pS 0.33  ptS 0.32  fLog 0.35  pdΔ -0.1736  pkR 11.04  clip 0.49  kl +0.120
upd  256  steps 1052672  sps 776  opp symm  loss -0.076  pg -0.0242  v 0.009  ev +0.97  adv_std 0.163  tR +0.17  ent[s/d/p/e] 1.44/2.53/0.43/0.62  emits 1.98  spf 18.1  z0 0.05  garr 24.1  tG 337  e2 0.45  nF 34.5  pS 0.35  ptS 0.33  fLog 0.36  pdΔ -0.1541  pkR 10.50  clip 0.50  kl +0.107
upd  257  steps 1056768  sps 777  opp symm  loss -0.075  pg -0.0203  v 0.007  ev +0.97  adv_std 0.148  tR +0.14  ent[s/d/p/e] 1.54/2.57/0.46/0.62  emits 1.89  spf 17.4  z0 0.07  garr 21.4  tG 287  e2 0.39  nF 32.3  pS 0.33  ptS 0.32  fLog 0.36  pdΔ -0.1702  pkR 11.01  clip 0.48  kl +0.097
upd  258  steps 1060864  sps 777  opp symm  loss -0.078  pg -0.0264  v 0.013  ev +0.95  adv_std 0.195  tR +0.17  ent[s/d/p/e] 1.59/2.57/0.45/0.61  emits 1.97  spf 17.9  z0 0.05  garr 23.6  tG 332  e2 0.44  nF 33.6  pS 0.36  ptS 0.35  fLog 0.36  pdΔ -0.1394  pkR 10.67  clip 0.47  kl +0.089
upd  259  steps 1064960  sps 778  opp symm  loss -0.079  pg -0.0245  v 0.009  ev +0.97  adv_std 0.169  tR +0.54  ent[s/d/p/e] 1.63/2.55/0.45/0.62  emits 1.89  spf 19.3  z0 0.07  garr 24.5  tG 354  e2 0.42  nF 32.2  pS 0.38  ptS 0.36  fLog 0.37  pdΔ -0.1240  pkR 9.60  clip 0.47  kl +0.076
upd  260  steps 1069056  sps 778  opp symm  loss -0.076  pg -0.0228  v 0.011  ev +0.96  adv_std 0.183  tR +0.29  ent[s/d/p/e] 1.64/2.56/0.48/0.62  emits 2.00  spf 20.3  z0 0.03  garr 25.0  tG 367  e2 0.43  nF 32.5  pS 0.39  ptS 0.37  fLog 0.37  pdΔ -0.1142  pkR 9.39  clip 0.52  kl +0.115
upd  261  steps 1073152  sps 779  opp symm  loss -0.072  pg -0.0177  v 0.008  ev +0.97  adv_std 0.156  tR +0.73  ent[s/d/p/e] 1.58/2.58/0.46/0.62  emits 1.89  spf 19.3  z0 0.06  garr 23.1  tG 327  e2 0.41  nF 32.6  pS 0.37  ptS 0.36  fLog 0.37  pdΔ -0.1268  pkR 8.43  clip 0.47  kl +0.109
upd  262  steps 1077248  sps 779  opp symm  loss -0.074  pg -0.0233  v 0.013  ev +0.95  adv_std 0.193  tR +0.43  ent[s/d/p/e] 1.48/2.56/0.43/0.59  emits 1.92  spf 17.8  z0 0.05  garr 22.9  tG 311  e2 0.39  nF 32.1  pS 0.33  ptS 0.32  fLog 0.36  pdΔ -0.1717  pkR 10.56  clip 0.47  kl +0.099
upd  263  steps 1081344  sps 780  opp symm  loss -0.079  pg -0.0286  v 0.011  ev +0.97  adv_std 0.182  tR +0.30  ent[s/d/p/e] 1.43/2.46/0.43/0.62  emits 1.82  spf 16.9  z0 0.08  garr 19.4  tG 250  e2 0.37  nF 31.1  pS 0.30  ptS 0.29  fLog 0.36  pdΔ -0.2027  pkR 12.32  clip 0.46  kl +0.113
upd  264  steps 1085440  sps 780  opp symm  loss -0.071  pg -0.0230  v 0.012  ev +0.96  adv_std 0.194  tR +0.20  ent[s/d/p/e] 1.33/2.52/0.39/0.57  emits 2.08  spf 14.0  z0 0.03  garr 17.1  tG 221  e2 0.42  nF 35.0  pS 0.29  ptS 0.28  fLog 0.34  pdΔ -0.2104  pkR 13.67  clip 0.49  kl +0.119
upd  265  steps 1089536  sps 781  opp symm  loss -0.068  pg -0.0157  v 0.009  ev +0.97  adv_std 0.168  tR +0.27  ent[s/d/p/e] 1.49/2.59/0.41/0.59  emits 1.99  spf 18.5  z0 0.05  garr 23.0  tG 330  e2 0.41  nF 33.8  pS 0.34  ptS 0.33  fLog 0.36  pdΔ -0.1552  pkR 10.52  clip 0.46  kl +0.105
upd  266  steps 1093632  sps 781  opp symm  loss -0.069  pg -0.0186  v 0.010  ev +0.97  adv_std 0.172  tR +0.75  ent[s/d/p/e] 1.34/2.57/0.37/0.62  emits 1.81  spf 18.1  z0 0.04  garr 22.5  tG 313  e2 0.37  nF 31.6  pS 0.29  ptS 0.29  fLog 0.34  pdΔ -0.2065  pkR 12.27  clip 0.46  kl +0.104
upd  267  steps 1097728  sps 781  opp symm  loss -0.072  pg -0.0201  v 0.007  ev +0.98  adv_std 0.151  tR +0.27  ent[s/d/p/e] 1.34/2.57/0.39/0.62  emits 1.72  spf 17.9  z0 0.08  garr 20.2  tG 267  e2 0.35  nF 31.3  pS 0.27  ptS 0.26  fLog 0.34  pdΔ -0.2333  pkR 15.50  clip 0.43  kl +0.091
upd  268  steps 1101824  sps 782  opp symm  loss -0.072  pg -0.0257  v 0.013  ev +0.96  adv_std 0.202  tR +0.05  ent[s/d/p/e] 1.20/2.55/0.33/0.60  emits 1.77  spf 14.1  z0 0.07  garr 15.3  tG 176  e2 0.36  nF 31.2  pS 0.23  ptS 0.23  fLog 0.32  pdΔ -0.2736  pkR 14.73  clip 0.44  kl +0.104
upd  269  steps 1105920  sps 782  opp symm  loss -0.067  pg -0.0197  v 0.014  ev +0.95  adv_std 0.205  tR +0.25  ent[s/d/p/e] 1.29/2.58/0.36/0.59  emits 2.00  spf 14.2  z0 0.07  garr 16.6  tG 202  e2 0.44  nF 34.5  pS 0.27  ptS 0.26  fLog 0.33  pdΔ -0.2322  pkR 14.39  clip 0.48  kl +0.095
upd  270  steps 1110016  sps 783  opp symm  loss -0.069  pg -0.0187  v 0.012  ev +0.96  adv_std 0.188  tR +0.07  ent[s/d/p/e] 1.41/2.60/0.40/0.60  emits 2.07  spf 15.4  z0 0.04  garr 19.5  tG 256  e2 0.45  nF 37.1  pS 0.33  ptS 0.32  fLog 0.34  pdΔ -0.1716  pkR 11.00  clip 0.48  kl +0.114
upd  271  steps 1114112  sps 783  opp symm  loss -0.067  pg -0.0147  v 0.011  ev +0.97  adv_std 0.185  tR +0.38  ent[s/d/p/e] 1.53/2.63/0.44/0.60  emits 1.97  spf 17.4  z0 0.05  garr 23.3  tG 328  e2 0.42  nF 35.1  pS 0.35  ptS 0.34  fLog 0.35  pdΔ -0.1497  pkR 13.04  clip 0.46  kl +0.093
upd  272  steps 1118208  sps 784  opp symm  loss -0.073  pg -0.0213  v 0.013  ev +0.96  adv_std 0.201  tR +0.25  ent[s/d/p/e] 1.56/2.63/0.42/0.61  emits 2.01  spf 18.8  z0 0.05  garr 25.5  tG 391  e2 0.43  nF 36.3  pS 0.35  ptS 0.36  fLog 0.35  pdΔ -0.1452  pkR 13.54  clip 0.43  kl +0.084
upd  273  steps 1122304  sps 784  opp symm  loss -0.081  pg -0.0271  v 0.009  ev +0.97  adv_std 0.166  tR +0.33  ent[s/d/p/e] 1.55/2.61/0.42/0.60  emits 1.96  spf 18.0  z0 0.06  garr 23.6  tG 359  e2 0.40  nF 35.1  pS 0.35  ptS 0.35  fLog 0.35  pdΔ -0.1486  pkR 9.19  clip 0.43  kl +0.077
upd  274  steps 1126400  sps 785  opp symm  loss -0.079  pg -0.0273  v 0.008  ev +0.97  adv_std 0.157  tR +0.40  ent[s/d/p/e] 1.41/2.57/0.41/0.61  emits 1.97  spf 15.9  z0 0.05  garr 21.7  tG 312  e2 0.42  nF 37.1  pS 0.31  ptS 0.30  fLog 0.33  pdΔ -0.1943  pkR 14.42  clip 0.44  kl +0.079
upd  275  steps 1130496  sps 785  opp symm  loss -0.072  pg -0.0222  v 0.011  ev +0.97  adv_std 0.183  tR +0.00  ent[s/d/p/e] 1.37/2.55/0.41/0.59  emits 2.03  spf 15.9  z0 0.06  garr 21.7  tG 298  e2 0.42  nF 36.7  pS 0.31  ptS 0.30  fLog 0.34  pdΔ -0.1888  pkR 13.17  clip 0.47  kl +0.098
upd  276  steps 1134592  sps 785  opp symm  loss -0.077  pg -0.0264  v 0.011  ev +0.97  adv_std 0.183  tR -0.14  ent[s/d/p/e] 1.38/2.56/0.42/0.63  emits 1.86  spf 16.5  z0 0.07  garr 22.0  tG 297  e2 0.41  nF 33.4  pS 0.31  ptS 0.30  fLog 0.34  pdΔ -0.1859  pkR 12.50  clip 0.48  kl +0.102
upd  277  steps 1138688  sps 786  opp symm  loss -0.082  pg -0.0290  v 0.009  ev +0.97  adv_std 0.171  tR +0.45  ent[s/d/p/e] 1.46/2.57/0.46/0.63  emits 1.94  spf 16.7  z0 0.07  garr 20.3  tG 259  e2 0.44  nF 35.4  pS 0.33  ptS 0.32  fLog 0.35  pdΔ -0.1673  pkR 10.95  clip 0.45  kl +0.082
upd  278  steps 1142784  sps 786  opp symm  loss -0.076  pg -0.0222  v 0.008  ev +0.98  adv_std 0.157  tR +0.14  ent[s/d/p/e] 1.51/2.55/0.47/0.62  emits 1.94  spf 17.8  z0 0.08  garr 23.8  tG 338  e2 0.42  nF 32.5  pS 0.35  ptS 0.35  fLog 0.36  pdΔ -0.1488  pkR 8.66  clip 0.46  kl +0.095
upd  279  steps 1146880  sps 787  opp symm  loss -0.072  pg -0.0201  v 0.010  ev +0.97  adv_std 0.173  tR +0.00  ent[s/d/p/e] 1.43/2.57/0.43/0.63  emits 1.75  spf 18.2  z0 0.09  garr 22.9  tG 316  e2 0.37  nF 30.6  pS 0.32  ptS 0.32  fLog 0.35  pdΔ -0.1819  pkR 10.23  clip 0.44  kl +0.093
upd  280  steps 1150976  sps 787  opp symm  loss -0.078  pg -0.0277  v 0.013  ev +0.96  adv_std 0.197  tR +0.43  ent[s/d/p/e] 1.43/2.58/0.40/0.63  emits 1.89  spf 18.1  z0 0.03  garr 25.5  tG 362  e2 0.40  nF 33.9  pS 0.34  ptS 0.33  fLog 0.35  pdΔ -0.1629  pkR 9.28  clip 0.45  kl +0.073
upd  281  steps 1155072  sps 788  opp symm  loss -0.077  pg -0.0239  v 0.012  ev +0.96  adv_std 0.181  tR +0.00  ent[s/d/p/e] 1.60/2.58/0.49/0.63  emits 1.94  spf 20.9  z0 0.07  garr 28.6  tG 423  e2 0.40  nF 33.1  pS 0.37  ptS 0.37  fLog 0.37  pdΔ -0.1265  pkR 10.33  clip 0.45  kl +0.096
upd  282  steps 1159168  sps 788  opp symm  loss -0.073  pg -0.0203  v 0.009  ev +0.97  adv_std 0.165  tR +0.33  ent[s/d/p/e] 1.46/2.58/0.42/0.61  emits 1.94  spf 18.3  z0 0.07  garr 25.4  tG 375  e2 0.41  nF 32.3  pS 0.33  ptS 0.33  fLog 0.35  pdΔ -0.1674  pkR 11.77  clip 0.44  kl +0.106
upd  283  steps 1163264  sps 788  opp symm  loss -0.069  pg -0.0186  v 0.010  ev +0.97  adv_std 0.175  tR -0.18  ent[s/d/p/e] 1.37/2.57/0.38/0.62  emits 1.78  spf 16.8  z0 0.10  garr 22.0  tG 319  e2 0.37  nF 32.0  pS 0.29  ptS 0.29  fLog 0.34  pdΔ -0.2075  pkR 13.59  clip 0.46  kl +0.110
upd  284  steps 1167360  sps 789  opp symm  loss -0.074  pg -0.0221  v 0.009  ev +0.97  adv_std 0.166  tR +0.20  ent[s/d/p/e] 1.40/2.58/0.39/0.62  emits 1.98  spf 16.5  z0 0.02  garr 19.5  tG 252  e2 0.43  nF 34.0  pS 0.31  ptS 0.31  fLog 0.34  pdΔ -0.1880  pkR 10.47  clip 0.50  kl +0.111
upd  285  steps 1171456  sps 789  opp symm  loss -0.077  pg -0.0256  v 0.011  ev +0.96  adv_std 0.176  tR +0.67  ent[s/d/p/e] 1.40/2.62/0.39/0.62  emits 2.01  spf 17.0  z0 0.04  garr 21.8  tG 279  e2 0.42  nF 35.3  pS 0.34  ptS 0.32  fLog 0.35  pdΔ -0.1642  pkR 12.34  clip 0.47  kl +0.095
upd  286  steps 1175552  sps 790  opp symm  loss -0.074  pg -0.0217  v 0.010  ev +0.97  adv_std 0.172  tR +0.27  ent[s/d/p/e] 1.38/2.62/0.41/0.63  emits 1.82  spf 18.4  z0 0.05  garr 23.7  tG 293  e2 0.40  nF 32.8  pS 0.32  ptS 0.30  fLog 0.36  pdΔ -0.1799  pkR 14.09  clip 0.44  kl +0.072
upd  287  steps 1179648  sps 790  opp symm  loss -0.076  pg -0.0219  v 0.007  ev +0.98  adv_std 0.146  tR +0.08  ent[s/d/p/e] 1.45/2.62/0.42/0.62  emits 1.69  spf 22.1  z0 0.08  garr 28.2  tG 392  e2 0.34  nF 29.2  pS 0.32  ptS 0.31  fLog 0.36  pdΔ -0.1784  pkR 13.31  clip 0.44  kl +0.092
upd  288  steps 1183744  sps 790  opp symm  loss -0.081  pg -0.0284  v 0.009  ev +0.97  adv_std 0.162  tR -0.17  ent[s/d/p/e] 1.43/2.62/0.39/0.63  emits 1.81  spf 23.2  z0 0.06  garr 30.5  tG 445  e2 0.39  nF 31.2  pS 0.33  ptS 0.32  fLog 0.36  pdΔ -0.1686  pkR 12.69  clip 0.44  kl +0.068
upd  289  steps 1187840  sps 791  opp symm  loss -0.074  pg -0.0194  v 0.008  ev +0.98  adv_std 0.156  tR +0.09  ent[s/d/p/e] 1.58/2.66/0.42/0.62  emits 1.90  spf 24.0  z0 0.04  garr 33.5  tG 497  e2 0.41  nF 32.1  pS 0.38  ptS 0.37  fLog 0.37  pdΔ -0.1192  pkR 11.41  clip 0.44  kl +0.076
upd  290  steps 1191936  sps 791  opp symm  loss -0.083  pg -0.0284  v 0.010  ev +0.97  adv_std 0.173  tR +0.08  ent[s/d/p/e] 1.62/2.63/0.43/0.62  emits 1.90  spf 23.7  z0 0.03  garr 32.3  tG 469  e2 0.39  nF 32.2  pS 0.39  ptS 0.38  fLog 0.38  pdΔ -0.1134  pkR 8.15  clip 0.45  kl +0.077
upd  291  steps 1196032  sps 792  opp symm  loss -0.084  pg -0.0303  v 0.009  ev +0.97  adv_std 0.168  tR +0.41  ent[s/d/p/e] 1.57/2.61/0.43/0.63  emits 1.93  spf 22.8  z0 0.03  garr 33.4  tG 497  e2 0.42  nF 32.7  pS 0.39  ptS 0.37  fLog 0.37  pdΔ -0.1146  pkR 8.98  clip 0.45  kl +0.081
upd  292  steps 1200128  sps 792  opp symm  loss -0.074  pg -0.0215  v 0.009  ev +0.97  adv_std 0.169  tR +0.33  ent[s/d/p/e] 1.52/2.58/0.39/0.63  emits 1.80  spf 23.4  z0 0.05  garr 32.2  tG 479  e2 0.37  nF 32.3  pS 0.36  ptS 0.35  fLog 0.37  pdΔ -0.1357  pkR 10.66  clip 0.46  kl +0.089
upd  293  steps 1204224  sps 792  opp symm  loss -0.077  pg -0.0236  v 0.008  ev +0.97  adv_std 0.158  tR +0.47  ent[s/d/p/e] 1.46/2.58/0.40/0.63  emits 1.78  spf 20.7  z0 0.06  garr 25.9  tG 345  e2 0.37  nF 30.2  pS 0.33  ptS 0.32  fLog 0.37  pdΔ -0.1662  pkR 12.49  clip 0.47  kl +0.099
upd  294  steps 1208320  sps 793  opp symm  loss -0.082  pg -0.0303  v 0.009  ev +0.97  adv_std 0.167  tR +0.00  ent[s/d/p/e] 1.44/2.57/0.41/0.62  emits 1.78  spf 19.6  z0 0.06  garr 24.5  tG 328  e2 0.37  nF 31.2  pS 0.32  ptS 0.31  fLog 0.36  pdΔ -0.1799  pkR 9.74  clip 0.49  kl +0.117
upd  295  steps 1212416  sps 793  opp symm  loss -0.078  pg -0.0237  v 0.007  ev +0.97  adv_std 0.149  tR +0.09  ent[s/d/p/e] 1.51/2.59/0.43/0.63  emits 1.89  spf 20.2  z0 0.03  garr 25.0  tG 332  e2 0.41  nF 32.5  pS 0.35  ptS 0.34  fLog 0.37  pdΔ -0.1481  pkR 9.15  clip 0.47  kl +0.100
upd  296  steps 1216512  sps 794  opp symm  loss -0.068  pg -0.0152  v 0.007  ev +0.98  adv_std 0.141  tR +0.78  ent[s/d/p/e] 1.39/2.59/0.40/0.62  emits 1.90  spf 17.4  z0 0.04  garr 22.6  tG 302  e2 0.39  nF 32.5  pS 0.31  ptS 0.31  fLog 0.35  pdΔ -0.1873  pkR 12.46  clip 0.48  kl +0.085
upd  297  steps 1220608  sps 794  opp symm  loss -0.073  pg -0.0208  v 0.008  ev +0.97  adv_std 0.149  tR -0.20  ent[s/d/p/e] 1.38/2.60/0.39/0.60  emits 1.84  spf 16.8  z0 0.09  garr 19.5  tG 257  e2 0.38  nF 32.4  pS 0.28  ptS 0.28  fLog 0.34  pdΔ -0.2160  pkR 13.93  clip 0.44  kl +0.101
upd  298  steps 1224704  sps 794  opp symm  loss -0.078  pg -0.0267  v 0.007  ev +0.97  adv_std 0.149  tR -0.33  ent[s/d/p/e] 1.34/2.59/0.40/0.60  emits 1.70  spf 16.5  z0 0.05  garr 19.5  tG 230  e2 0.34  nF 30.6  pS 0.28  ptS 0.28  fLog 0.34  pdΔ -0.2150  pkR 11.52  clip 0.44  kl +0.072
[eval_vs_v20] u299 tag=train_u299  bin0=3.0%  spf=3.31  garr=5.34  flip=1.65%  z0=5.4%  e8=0.0%  e2+=9.6%  WLD=0/3/0
upd  299  steps 1228800  sps 795  opp symm  loss -0.072  pg -0.0193  v 0.010  ev +0.96  adv_std 0.176  tR -0.50  ent[s/d/p/e] 1.52/2.61/0.45/0.59  emits 1.83  spf 19.9  z0 0.06  garr 24.0  tG 308  e2 0.37  nF 31.5  pS 0.34  ptS 0.32  fLog 0.37  pdΔ -0.1615  pkR 8.40  clip 0.44  kl +0.087 WRr 0.53 v20[spf 3.3 flip 1.6% e2+ 9.6%]
upd  300  steps 1232896  sps 764  opp symm  loss -0.073  pg -0.0219  v 0.014  ev +0.94  adv_std 0.198  tR +0.43  ent[s/d/p/e] 1.59/2.59/0.47/0.58  emits 2.02  spf 20.5  z0 0.04  garr 24.2  tG 336  e2 0.41  nF 33.2  pS 0.38  ptS 0.37  fLog 0.37  pdΔ -0.1245  pkR 8.07  clip 0.48  kl +0.109
upd  301  steps 1236992  sps 765  opp symm  loss -0.076  pg -0.0216  v 0.009  ev +0.96  adv_std 0.163  tR +0.40  ent[s/d/p/e] 1.58/2.62/0.47/0.62  emits 2.00  spf 20.3  z0 0.03  garr 22.1  tG 294  e2 0.43  nF 33.9  pS 0.35  ptS 0.35  fLog 0.38  pdΔ -0.1469  pkR 8.80  clip 0.48  kl +0.108
upd  302  steps 1241088  sps 765  opp symm  loss -0.084  pg -0.0284  v 0.010  ev +0.96  adv_std 0.173  tR +0.62  ent[s/d/p/e] 1.66/2.63/0.48/0.62  emits 2.09  spf 20.5  z0 0.05  garr 22.6  tG 318  e2 0.45  nF 34.1  pS 0.38  ptS 0.38  fLog 0.38  pdΔ -0.1168  pkR 13.23  clip 0.46  kl +0.105
upd  303  steps 1245184  sps 766  opp symm  loss -0.076  pg -0.0225  v 0.008  ev +0.97  adv_std 0.150  tR +0.33  ent[s/d/p/e] 1.49/2.56/0.44/0.62  emits 1.89  spf 17.4  z0 0.04  garr 18.6  tG 260  e2 0.38  nF 33.3  pS 0.33  ptS 0.33  fLog 0.36  pdΔ -0.1716  pkR 8.06  clip 0.46  kl +0.101
upd  304  steps 1249280  sps 766  opp symm  loss -0.078  pg -0.0257  v 0.007  ev +0.97  adv_std 0.150  tR +0.78  ent[s/d/p/e] 1.37/2.55/0.42/0.63  emits 1.72  spf 17.2  z0 0.05  garr 18.7  tG 257  e2 0.34  nF 31.9  pS 0.29  ptS 0.29  fLog 0.35  pdΔ -0.2139  pkR 9.13  clip 0.48  kl +0.088
upd  305  steps 1253376  sps 767  opp symm  loss -0.080  pg -0.0271  v 0.007  ev +0.98  adv_std 0.144  tR -0.14  ent[s/d/p/e] 1.39/2.59/0.42/0.63  emits 1.61  spf 16.8  z0 0.09  garr 18.7  tG 256  e2 0.32  nF 31.8  pS 0.29  ptS 0.29  fLog 0.35  pdΔ -0.2105  pkR 14.03  clip 0.44  kl +0.072
upd  306  steps 1257472  sps 767  opp symm  loss -0.080  pg -0.0255  v 0.008  ev +0.97  adv_std 0.159  tR +0.06  ent[s/d/p/e] 1.51/2.57/0.49/0.64  emits 1.67  spf 20.7  z0 0.08  garr 22.4  tG 296  e2 0.35  nF 30.1  pS 0.33  ptS 0.31  fLog 0.37  pdΔ -0.1741  pkR 13.27  clip 0.47  kl +0.100
upd  307  steps 1261568  sps 767  opp symm  loss -0.074  pg -0.0195  v 0.009  ev +0.97  adv_std 0.160  tR +0.33  ent[s/d/p/e] 1.54/2.57/0.47/0.63  emits 1.77  spf 18.6  z0 0.05  garr 21.4  tG 267  e2 0.37  nF 31.1  pS 0.33  ptS 0.32  fLog 0.37  pdΔ -0.1675  pkR 7.92  clip 0.48  kl +0.100
upd  308  steps 1265664  sps 768  opp symm  loss -0.075  pg -0.0196  v 0.008  ev +0.97  adv_std 0.157  tR +0.54  ent[s/d/p/e] 1.62/2.57/0.51/0.62  emits 1.78  spf 19.5  z0 0.10  garr 21.5  tG 275  e2 0.37  nF 30.8  pS 0.34  ptS 0.32  fLog 0.38  pdΔ -0.1607  pkR 8.60  clip 0.44  kl +0.080
upd  309  steps 1269760  sps 768  opp symm  loss -0.077  pg -0.0247  v 0.012  ev +0.96  adv_std 0.188  tR +0.06  ent[s/d/p/e] 1.56/2.56/0.50/0.62  emits 1.76  spf 21.5  z0 0.07  garr 22.7  tG 307  e2 0.35  nF 30.4  pS 0.33  ptS 0.32  fLog 0.38  pdΔ -0.1697  pkR 9.38  clip 0.45  kl +0.080
upd  310  steps 1273856  sps 769  opp symm  loss -0.080  pg -0.0307  v 0.018  ev +0.94  adv_std 0.228  tR +0.33  ent[s/d/p/e] 1.55/2.55/0.50/0.62  emits 1.84  spf 19.2  z0 0.07  garr 21.8  tG 269  e2 0.38  nF 32.1  pS 0.32  ptS 0.31  fLog 0.38  pdΔ -0.1768  pkR 11.28  clip 0.47  kl +0.106
upd  311  steps 1277952  sps 769  opp symm  loss -0.074  pg -0.0191  v 0.009  ev +0.97  adv_std 0.168  tR +0.27  ent[s/d/p/e] 1.62/2.55/0.51/0.61  emits 1.99  spf 18.5  z0 0.05  garr 21.9  tG 279  e2 0.40  nF 35.3  pS 0.34  ptS 0.33  fLog 0.37  pdΔ -0.1552  pkR 10.28  clip 0.50  kl +0.122
upd  312  steps 1282048  sps 769  opp symm  loss -0.073  pg -0.0180  v 0.011  ev +0.96  adv_std 0.178  tR +0.60  ent[s/d/p/e] 1.71/2.58/0.51/0.62  emits 2.10  spf 18.3  z0 0.05  garr 23.2  tG 310  e2 0.45  nF 37.0  pS 0.39  ptS 0.38  fLog 0.37  pdΔ -0.1053  pkR 10.49  clip 0.49  kl +0.107
upd  313  steps 1286144  sps 770  opp symm  loss -0.068  pg -0.0106  v 0.007  ev +0.97  adv_std 0.145  tR +0.50  ent[s/d/p/e] 1.76/2.57/0.49/0.62  emits 2.15  spf 18.5  z0 0.04  garr 21.0  tG 279  e2 0.44  nF 36.5  pS 0.39  ptS 0.37  fLog 0.37  pdΔ -0.1129  pkR 8.18  clip 0.50  kl +0.110
upd  314  steps 1290240  sps 770  opp symm  loss -0.081  pg -0.0230  v 0.008  ev +0.97  adv_std 0.158  tR +0.75  ent[s/d/p/e] 1.81/2.63/0.51/0.62  emits 2.03  spf 21.0  z0 0.04  garr 24.6  tG 360  e2 0.43  nF 37.2  pS 0.40  ptS 0.39  fLog 0.38  pdΔ -0.0992  pkR 10.58  clip 0.47  kl +0.099
upd  315  steps 1294336  sps 771  opp symm  loss -0.071  pg -0.0154  v 0.006  ev +0.98  adv_std 0.138  tR +0.10  ent[s/d/p/e] 1.56/2.58/0.45/0.63  emits 1.89  spf 17.7  z0 0.07  garr 18.9  tG 257  e2 0.39  nF 33.5  pS 0.32  ptS 0.31  fLog 0.36  pdΔ -0.1818  pkR 10.64  clip 0.45  kl +0.107
upd  316  steps 1298432  sps 771  opp symm  loss -0.080  pg -0.0264  v 0.008  ev +0.96  adv_std 0.161  tR +0.11  ent[s/d/p/e] 1.51/2.57/0.42/0.62  emits 1.83  spf 16.9  z0 0.07  garr 17.0  tG 225  e2 0.37  nF 32.5  pS 0.30  ptS 0.30  fLog 0.35  pdΔ -0.1957  pkR 13.22  clip 0.45  kl +0.107
upd  317  steps 1302528  sps 772  opp symm  loss -0.067  pg -0.0138  v 0.010  ev +0.96  adv_std 0.165  tR +0.33  ent[s/d/p/e] 1.56/2.57/0.44/0.64  emits 1.98  spf 17.6  z0 0.05  garr 18.8  tG 252  e2 0.43  nF 33.5  pS 0.32  ptS 0.32  fLog 0.36  pdΔ -0.1767  pkR 12.75  clip 0.49  kl +0.123
upd  318  steps 1306624  sps 772  opp symm  loss -0.080  pg -0.0269  v 0.009  ev +0.96  adv_std 0.163  tR +0.11  ent[s/d/p/e] 1.54/2.59/0.41/0.61  emits 2.13  spf 14.4  z0 0.07  garr 14.5  tG 174  e2 0.46  nF 36.8  pS 0.31  ptS 0.30  fLog 0.35  pdΔ -0.1949  pkR 13.61  clip 0.48  kl +0.103
upd  319  steps 1310720  sps 772  opp symm  loss -0.079  pg -0.0279  v 0.013  ev +0.95  adv_std 0.190  tR +0.17  ent[s/d/p/e] 1.57/2.56/0.41/0.62  emits 2.14  spf 13.6  z0 0.06  garr 14.2  tG 157  e2 0.46  nF 37.3  pS 0.32  ptS 0.31  fLog 0.35  pdΔ -0.1820  pkR 9.45  clip 0.46  kl +0.100
upd  320  steps 1314816  sps 773  opp symm  loss -0.080  pg -0.0252  v 0.009  ev +0.97  adv_std 0.159  tR +0.57  ent[s/d/p/e] 1.61/2.61/0.45/0.63  emits 2.14  spf 15.0  z0 0.04  garr 16.9  tG 208  e2 0.48  nF 37.2  pS 0.35  ptS 0.34  fLog 0.35  pdΔ -0.1518  pkR 11.64  clip 0.45  kl +0.103
upd  321  steps 1318912  sps 773  opp symm  loss -0.081  pg -0.0254  v 0.008  ev +0.97  adv_std 0.158  tR +0.33  ent[s/d/p/e] 1.61/2.61/0.44/0.64  emits 2.14  spf 16.3  z0 0.03  garr 19.6  tG 260  e2 0.49  nF 37.8  pS 0.37  ptS 0.36  fLog 0.35  pdΔ -0.1335  pkR 12.17  clip 0.45  kl +0.084
upd  322  steps 1323008  sps 774  opp symm  loss -0.080  pg -0.0270  v 0.008  ev +0.96  adv_std 0.160  tR +0.50  ent[s/d/p/e] 1.48/2.57/0.39/0.64  emits 1.96  spf 14.3  z0 0.06  garr 16.2  tG 195  e2 0.44  nF 35.0  pS 0.30  ptS 0.29  fLog 0.34  pdΔ -0.2018  pkR 12.51  clip 0.44  kl +0.090
upd  323  steps 1327104  sps 774  opp symm  loss -0.079  pg -0.0250  v 0.007  ev +0.97  adv_std 0.144  tR -0.18  ent[s/d/p/e] 1.51/2.55/0.42/0.64  emits 1.93  spf 15.5  z0 0.08  garr 17.7  tG 217  e2 0.44  nF 33.1  pS 0.30  ptS 0.30  fLog 0.34  pdΔ -0.1995  pkR 13.78  clip 0.45  kl +0.101
upd  324  steps 1331200  sps 774  opp symm  loss -0.073  pg -0.0204  v 0.011  ev +0.95  adv_std 0.179  tR +0.80  ent[s/d/p/e] 1.55/2.57/0.45/0.64  emits 2.04  spf 17.2  z0 0.03  garr 20.3  tG 280  e2 0.44  nF 34.7  pS 0.34  ptS 0.34  fLog 0.35  pdΔ -0.1588  pkR 9.28  clip 0.48  kl +0.096
upd  325  steps 1335296  sps 775  opp symm  loss -0.078  pg -0.0231  v 0.007  ev +0.97  adv_std 0.146  tR +0.41  ent[s/d/p/e] 1.55/2.54/0.47/0.63  emits 1.96  spf 17.3  z0 0.06  garr 20.1  tG 270  e2 0.43  nF 34.1  pS 0.32  ptS 0.32  fLog 0.35  pdΔ -0.1826  pkR 11.74  clip 0.46  kl +0.099
upd  326  steps 1339392  sps 775  opp symm  loss -0.073  pg -0.0196  v 0.008  ev +0.97  adv_std 0.151  tR -0.40  ent[s/d/p/e] 1.49/2.51/0.43/0.65  emits 2.02  spf 16.1  z0 0.04  garr 18.3  tG 220  e2 0.47  nF 33.9  pS 0.31  ptS 0.31  fLog 0.35  pdΔ -0.1897  pkR 10.62  clip 0.48  kl +0.113
upd  327  steps 1343488  sps 775  opp symm  loss -0.084  pg -0.0300  v 0.010  ev +0.96  adv_std 0.168  tR +0.27  ent[s/d/p/e] 1.55/2.56/0.45/0.66  emits 1.92  spf 17.1  z0 0.07  garr 21.2  tG 273  e2 0.46  nF 34.5  pS 0.34  ptS 0.33  fLog 0.36  pdΔ -0.1624  pkR 8.61  clip 0.44  kl +0.074
upd  328  steps 1347584  sps 776  opp symm  loss -0.079  pg -0.0244  v 0.009  ev +0.97  adv_std 0.159  tR +0.29  ent[s/d/p/e] 1.60/2.58/0.48/0.64  emits 1.96  spf 19.6  z0 0.04  garr 26.6  tG 381  e2 0.47  nF 33.6  pS 0.38  ptS 0.37  fLog 0.37  pdΔ -0.1217  pkR 9.75  clip 0.44  kl +0.098
upd  329  steps 1351680  sps 776  opp symm  loss -0.073  pg -0.0213  v 0.009  ev +0.97  adv_std 0.168  tR +0.14  ent[s/d/p/e] 1.45/2.54/0.41/0.62  emits 1.91  spf 18.2  z0 0.05  garr 23.5  tG 331  e2 0.45  nF 31.8  pS 0.35  ptS 0.33  fLog 0.36  pdΔ -0.1546  pkR 8.29  clip 0.45  kl +0.107
upd  330  steps 1355776  sps 777  opp symm  loss -0.080  pg -0.0264  v 0.007  ev +0.97  adv_std 0.149  tR +0.47  ent[s/d/p/e] 1.48/2.56/0.42/0.63  emits 2.01  spf 16.8  z0 0.05  garr 21.5  tG 282  e2 0.45  nF 34.0  pS 0.33  ptS 0.32  fLog 0.35  pdΔ -0.1730  pkR 10.14  clip 0.45  kl +0.090
upd  331  steps 1359872  sps 777  opp symm  loss -0.069  pg -0.0177  v 0.012  ev +0.96  adv_std 0.185  tR +0.45  ent[s/d/p/e] 1.49/2.59/0.42/0.59  emits 2.09  spf 15.5  z0 0.05  garr 18.9  tG 242  e2 0.44  nF 37.4  pS 0.32  ptS 0.31  fLog 0.35  pdΔ -0.1764  pkR 10.21  clip 0.45  kl +0.097
upd  332  steps 1363968  sps 777  opp symm  loss -0.081  pg -0.0282  v 0.008  ev +0.97  adv_std 0.156  tR +0.07  ent[s/d/p/e] 1.47/2.58/0.40/0.59  emits 2.06  spf 15.6  z0 0.05  garr 19.5  tG 259  e2 0.45  nF 36.4  pS 0.32  ptS 0.30  fLog 0.34  pdΔ -0.1780  pkR 10.85  clip 0.42  kl +0.074
upd  333  steps 1368064  sps 778  opp symm  loss -0.074  pg -0.0197  v 0.010  ev +0.96  adv_std 0.166  tR -0.09  ent[s/d/p/e] 1.64/2.57/0.48/0.62  emits 2.04  spf 18.2  z0 0.09  garr 23.0  tG 311  e2 0.45  nF 33.4  pS 0.36  ptS 0.34  fLog 0.37  pdΔ -0.1390  pkR 10.96  clip 0.43  kl +0.097
upd  334  steps 1372160  sps 778  opp symm  loss -0.076  pg -0.0232  v 0.014  ev +0.95  adv_std 0.201  tR +0.33  ent[s/d/p/e] 1.66/2.59/0.50/0.63  emits 2.04  spf 19.7  z0 0.05  garr 26.7  tG 376  e2 0.48  nF 32.5  pS 0.39  ptS 0.37  fLog 0.37  pdΔ -0.1091  pkR 11.02  clip 0.44  kl +0.100
upd  335  steps 1376256  sps 778  opp symm  loss -0.079  pg -0.0251  v 0.010  ev +0.97  adv_std 0.172  tR +0.41  ent[s/d/p/e] 1.57/2.57/0.46/0.63  emits 1.91  spf 19.9  z0 0.07  garr 26.0  tG 369  e2 0.43  nF 32.0  pS 0.36  ptS 0.35  fLog 0.36  pdΔ -0.1376  pkR 8.03  clip 0.41  kl +0.056
upd  336  steps 1380352  sps 779  opp symm  loss -0.069  pg -0.0166  v 0.011  ev +0.96  adv_std 0.176  tR +0.08  ent[s/d/p/e] 1.53/2.57/0.43/0.61  emits 2.01  spf 16.9  z0 0.07  garr 22.5  tG 316  e2 0.43  nF 33.4  pS 0.34  ptS 0.33  fLog 0.35  pdΔ -0.1615  pkR 9.94  clip 0.48  kl +0.110
upd  337  steps 1384448  sps 779  opp symm  loss -0.076  pg -0.0242  v 0.012  ev +0.96  adv_std 0.195  tR +0.23  ent[s/d/p/e] 1.50/2.58/0.43/0.62  emits 2.05  spf 18.3  z0 0.03  garr 23.0  tG 334  e2 0.49  nF 35.8  pS 0.36  ptS 0.36  fLog 0.35  pdΔ -0.1407  pkR 11.10  clip 0.48  kl +0.111
upd  338  steps 1388544  sps 780  opp symm  loss -0.070  pg -0.0181  v 0.008  ev +0.97  adv_std 0.151  tR +0.23  ent[s/d/p/e] 1.41/2.53/0.40/0.62  emits 1.95  spf 16.2  z0 0.06  garr 19.6  tG 269  e2 0.44  nF 33.0  pS 0.31  ptS 0.31  fLog 0.34  pdΔ -0.1882  pkR 10.16  clip 0.45  kl +0.101
upd  339  steps 1392640  sps 780  opp symm  loss -0.068  pg -0.0151  v 0.007  ev +0.98  adv_std 0.147  tR +0.11  ent[s/d/p/e] 1.42/2.55/0.41/0.63  emits 1.88  spf 17.1  z0 0.07  garr 21.4  tG 303  e2 0.42  nF 32.1  pS 0.32  ptS 0.31  fLog 0.35  pdΔ -0.1806  pkR 9.45  clip 0.43  kl +0.095
upd  340  steps 1396736  sps 780  opp symm  loss -0.065  pg -0.0134  v 0.009  ev +0.96  adv_std 0.159  tR +0.10  ent[s/d/p/e] 1.37/2.55/0.42/0.63  emits 1.77  spf 17.4  z0 0.09  garr 18.0  tG 239  e2 0.39  nF 28.0  pS 0.28  ptS 0.28  fLog 0.35  pdΔ -0.2175  pkR 13.05  clip 0.42  kl +0.084
upd  341  steps 1400832  sps 781  opp symm  loss -0.074  pg -0.0230  v 0.011  ev +0.95  adv_std 0.185  tR -0.09  ent[s/d/p/e] 1.42/2.58/0.43/0.62  emits 1.92  spf 15.3  z0 0.05  garr 17.6  tG 223  e2 0.42  nF 31.2  pS 0.29  ptS 0.29  fLog 0.34  pdΔ -0.2096  pkR 11.78  clip 0.46  kl +0.088
upd  342  steps 1404928  sps 781  opp symm  loss -0.073  pg -0.0216  v 0.011  ev +0.95  adv_std 0.176  tR +0.07  ent[s/d/p/e] 1.44/2.59/0.41/0.61  emits 1.89  spf 16.0  z0 0.08  garr 19.9  tG 267  e2 0.40  nF 31.7  pS 0.29  ptS 0.29  fLog 0.34  pdΔ -0.2116  pkR 17.81  clip 0.46  kl +0.103
upd  343  steps 1409024  sps 781  opp symm  loss -0.072  pg -0.0239  v 0.013  ev +0.94  adv_std 0.200  tR +0.17  ent[s/d/p/e] 1.35/2.55/0.39/0.61  emits 1.97  spf 14.6  z0 0.03  garr 17.9  tG 226  e2 0.43  nF 32.7  pS 0.28  ptS 0.28  fLog 0.34  pdΔ -0.2239  pkR 14.67  clip 0.44  kl +0.084
upd  344  steps 1413120  sps 782  opp symm  loss -0.074  pg -0.0255  v 0.014  ev +0.95  adv_std 0.206  tR +0.50  ent[s/d/p/e] 1.36/2.58/0.38/0.62  emits 2.01  spf 13.5  z0 0.04  garr 15.5  tG 177  e2 0.44  nF 35.1  pS 0.27  ptS 0.27  fLog 0.33  pdΔ -0.2264  pkR 16.30  clip 0.47  kl +0.106
upd  345  steps 1417216  sps 782  opp symm  loss -0.075  pg -0.0244  v 0.012  ev +0.96  adv_std 0.188  tR +0.50  ent[s/d/p/e] 1.42/2.56/0.43/0.63  emits 1.85  spf 16.4  z0 0.06  garr 20.1  tG 257  e2 0.39  nF 33.2  pS 0.29  ptS 0.29  fLog 0.35  pdΔ -0.2061  pkR 15.73  clip 0.43  kl +0.089
upd  346  steps 1421312  sps 782  opp symm  loss -0.079  pg -0.0280  v 0.010  ev +0.97  adv_std 0.175  tR +0.00  ent[s/d/p/e] 1.43/2.54/0.41/0.63  emits 1.84  spf 16.0  z0 0.06  garr 19.7  tG 255  e2 0.41  nF 32.2  pS 0.31  ptS 0.30  fLog 0.35  pdΔ -0.1906  pkR 12.88  clip 0.44  kl +0.105
upd  347  steps 1425408  sps 783  opp symm  loss -0.076  pg -0.0240  v 0.010  ev +0.97  adv_std 0.172  tR +0.05  ent[s/d/p/e] 1.45/2.53/0.42/0.64  emits 1.84  spf 17.5  z0 0.08  garr 20.6  tG 289  e2 0.41  nF 32.4  pS 0.31  ptS 0.30  fLog 0.35  pdΔ -0.1874  pkR 12.74  clip 0.46  kl +0.089
upd  348  steps 1429504  sps 783  opp symm  loss -0.069  pg -0.0187  v 0.011  ev +0.96  adv_std 0.180  tR +0.00  ent[s/d/p/e] 1.39/2.53/0.42/0.64  emits 1.91  spf 14.9  z0 0.01  garr 17.4  tG 206  e2 0.43  nF 33.2  pS 0.31  ptS 0.29  fLog 0.34  pdΔ -0.1925  pkR 14.43  clip 0.50  kl +0.096
upd  349  steps 1433600  sps 783  opp symm  loss -0.078  pg -0.0214  v 0.010  ev +0.97  adv_std 0.177  tR +0.14  ent[s/d/p/e] 1.73/2.61/0.55/0.66  emits 1.92  spf 19.1  z0 0.07  garr 22.3  tG 286  e2 0.43  nF 33.0  pS 0.38  ptS 0.36  fLog 0.38  pdΔ -0.1239  pkR 7.85  clip 0.45  kl +0.078
upd  350  steps 1437696  sps 784  opp symm  loss -0.081  pg -0.0234  v 0.010  ev +0.97  adv_std 0.168  tR +0.16  ent[s/d/p/e] 1.78/2.58/0.57/0.66  emits 1.77  spf 24.7  z0 0.11  garr 25.4  tG 366  e2 0.39  nF 28.8  pS 0.39  ptS 0.37  fLog 0.40  pdΔ -0.1108  pkR 8.68  clip 0.40  kl +0.072
upd  351  steps 1441792  sps 784  opp symm  loss -0.076  pg -0.0233  v 0.012  ev +0.95  adv_std 0.187  tR +0.12  ent[s/d/p/e] 1.56/2.51/0.46/0.65  emits 1.87  spf 19.6  z0 0.04  garr 21.5  tG 297  e2 0.42  nF 28.5  pS 0.34  ptS 0.33  fLog 0.37  pdΔ -0.1551  pkR 10.86  clip 0.48  kl +0.098
upd  352  steps 1445888  sps 784  opp symm  loss -0.078  pg -0.0243  v 0.011  ev +0.96  adv_std 0.182  tR +0.25  ent[s/d/p/e] 1.59/2.54/0.49/0.66  emits 1.94  spf 18.7  z0 0.03  garr 21.7  tG 286  e2 0.45  nF 31.8  pS 0.36  ptS 0.35  fLog 0.37  pdΔ -0.1392  pkR 9.84  clip 0.49  kl +0.111
upd  353  steps 1449984  sps 785  opp symm  loss -0.082  pg -0.0271  v 0.010  ev +0.96  adv_std 0.167  tR +0.43  ent[s/d/p/e] 1.61/2.56/0.50/0.66  emits 1.87  spf 18.8  z0 0.07  garr 21.3  tG 294  e2 0.44  nF 30.3  pS 0.36  ptS 0.35  fLog 0.37  pdΔ -0.1419  pkR 8.37  clip 0.44  kl +0.085
upd  354  steps 1454080  sps 785  opp symm  loss -0.083  pg -0.0293  v 0.010  ev +0.96  adv_std 0.172  tR +0.41  ent[s/d/p/e] 1.56/2.59/0.46/0.65  emits 2.02  spf 17.0  z0 0.04  garr 19.4  tG 237  e2 0.44  nF 31.1  pS 0.34  ptS 0.32  fLog 0.37  pdΔ -0.1650  pkR 13.57  clip 0.47  kl +0.080
upd  355  steps 1458176  sps 785  opp symm  loss -0.080  pg -0.0254  v 0.009  ev +0.97  adv_std 0.160  tR +0.11  ent[s/d/p/e] 1.54/2.59/0.45/0.65  emits 1.89  spf 15.5  z0 0.06  garr 16.3  tG 177  e2 0.42  nF 32.1  pS 0.31  ptS 0.30  fLog 0.36  pdΔ -0.1866  pkR 7.31  clip 0.48  kl +0.094
upd  356  steps 1462272  sps 786  opp symm  loss -0.080  pg -0.0226  v 0.006  ev +0.98  adv_std 0.140  tR +0.27  ent[s/d/p/e] 1.63/2.62/0.50/0.65  emits 1.95  spf 17.8  z0 0.04  garr 20.1  tG 272  e2 0.43  nF 34.6  pS 0.37  ptS 0.36  fLog 0.36  pdΔ -0.1253  pkR 8.76  clip 0.44  kl +0.091
upd  357  steps 1466368  sps 786  opp symm  loss -0.075  pg -0.0215  v 0.010  ev +0.97  adv_std 0.175  tR +0.14  ent[s/d/p/e] 1.55/2.61/0.45/0.62  emits 2.05  spf 19.2  z0 0.03  garr 21.9  tG 329  e2 0.47  nF 35.4  pS 0.36  ptS 0.35  fLog 0.36  pdΔ -0.1376  pkR 8.68  clip 0.45  kl +0.094
upd  358  steps 1470464  sps 786  opp symm  loss -0.079  pg -0.0262  v 0.008  ev +0.97  adv_std 0.156  tR +0.57  ent[s/d/p/e] 1.46/2.60/0.42/0.62  emits 1.97  spf 17.3  z0 0.04  garr 19.6  tG 287  e2 0.45  nF 34.0  pS 0.33  ptS 0.33  fLog 0.35  pdΔ -0.1670  pkR 12.21  clip 0.46  kl +0.089
upd  359  steps 1474560  sps 787  opp symm  loss -0.073  pg -0.0215  v 0.010  ev +0.97  adv_std 0.170  tR +0.00  ent[s/d/p/e] 1.43/2.57/0.43/0.59  emits 1.89  spf 14.3  z0 0.09  garr 13.7  tG 162  e2 0.39  nF 32.6  pS 0.27  ptS 0.26  fLog 0.34  pdΔ -0.2335  pkR 16.04  clip 0.44  kl +0.092
upd  360  steps 1478656  sps 787  opp symm  loss -0.073  pg -0.0201  v 0.010  ev +0.97  adv_std 0.170  tR -0.33  ent[s/d/p/e] 1.48/2.61/0.45/0.62  emits 1.87  spf 15.9  z0 0.08  garr 16.7  tG 211  e2 0.41  nF 33.9  pS 0.30  ptS 0.29  fLog 0.34  pdΔ -0.2014  pkR 10.45  clip 0.42  kl +0.089
upd  361  steps 1482752  sps 787  opp symm  loss -0.077  pg -0.0239  v 0.007  ev +0.98  adv_std 0.147  tR +0.33  ent[s/d/p/e] 1.44/2.58/0.42/0.63  emits 1.76  spf 17.3  z0 0.05  garr 19.5  tG 262  e2 0.41  nF 31.4  pS 0.32  ptS 0.31  fLog 0.35  pdΔ -0.1798  pkR 8.86  clip 0.44  kl +0.088
upd  362  steps 1486848  sps 788  opp symm  loss -0.072  pg -0.0194  v 0.008  ev +0.97  adv_std 0.153  tR +0.38  ent[s/d/p/e] 1.39/2.61/0.39/0.61  emits 1.79  spf 16.1  z0 0.05  garr 17.4  tG 245  e2 0.38  nF 33.2  pS 0.30  ptS 0.30  fLog 0.34  pdΔ -0.2007  pkR 9.65  clip 0.42  kl +0.081
upd  363  steps 1490944  sps 788  opp symm  loss -0.072  pg -0.0229  v 0.012  ev +0.95  adv_std 0.190  tR +0.43  ent[s/d/p/e] 1.34/2.60/0.39/0.61  emits 1.80  spf 14.5  z0 0.07  garr 16.4  tG 219  e2 0.40  nF 33.5  pS 0.27  ptS 0.27  fLog 0.33  pdΔ -0.2256  pkR 11.97  clip 0.42  kl +0.070
upd  364  steps 1495040  sps 788  opp symm  loss -0.080  pg -0.0262  v 0.009  ev +0.97  adv_std 0.169  tR +0.08  ent[s/d/p/e] 1.49/2.62/0.45/0.63  emits 1.89  spf 17.3  z0 0.05  garr 18.1  tG 248  e2 0.39  nF 35.1  pS 0.32  ptS 0.31  fLog 0.35  pdΔ -0.1802  pkR 11.72  clip 0.43  kl +0.077
upd  365  steps 1499136  sps 789  opp symm  loss -0.073  pg -0.0193  v 0.009  ev +0.96  adv_std 0.163  tR +0.38  ent[s/d/p/e] 1.47/2.60/0.43/0.64  emits 1.88  spf 16.7  z0 0.03  garr 19.6  tG 275  e2 0.41  nF 35.9  pS 0.32  ptS 0.32  fLog 0.34  pdΔ -0.1780  pkR 12.60  clip 0.47  kl +0.096
upd  366  steps 1503232  sps 789  opp symm  loss -0.074  pg -0.0203  v 0.010  ev +0.97  adv_std 0.173  tR +0.33  ent[s/d/p/e] 1.48/2.65/0.42/0.65  emits 1.90  spf 16.3  z0 0.02  garr 18.5  tG 249  e2 0.41  nF 38.6  pS 0.33  ptS 0.33  fLog 0.35  pdΔ -0.1717  pkR 9.75  clip 0.48  kl +0.096
upd  367  steps 1507328  sps 789  opp symm  loss -0.080  pg -0.0251  v 0.008  ev +0.98  adv_std 0.157  tR +0.57  ent[s/d/p/e] 1.54/2.62/0.44/0.64  emits 1.77  spf 18.8  z0 0.08  garr 22.1  tG 322  e2 0.40  nF 33.0  pS 0.35  ptS 0.34  fLog 0.36  pdΔ -0.1530  pkR 9.64  clip 0.41  kl +0.072
upd  368  steps 1511424  sps 790  opp symm  loss -0.083  pg -0.0296  v 0.010  ev +0.97  adv_std 0.172  tR +0.00  ent[s/d/p/e] 1.53/2.61/0.44/0.62  emits 1.92  spf 17.7  z0 0.08  garr 20.0  tG 271  e2 0.43  nF 32.1  pS 0.34  ptS 0.32  fLog 0.36  pdΔ -0.1645  pkR 10.12  clip 0.44  kl +0.079
upd  369  steps 1515520  sps 790  opp symm  loss -0.080  pg -0.0254  v 0.011  ev +0.96  adv_std 0.172  tR +0.38  ent[s/d/p/e] 1.63/2.63/0.45/0.65  emits 1.92  spf 18.3  z0 0.06  garr 22.3  tG 303  e2 0.43  nF 33.5  pS 0.36  ptS 0.34  fLog 0.37  pdΔ -0.1426  pkR 10.70  clip 0.45  kl +0.086
upd  370  steps 1519616  sps 790  opp symm  loss -0.080  pg -0.0238  v 0.011  ev +0.96  adv_std 0.184  tR +0.71  ent[s/d/p/e] 1.72/2.65/0.50/0.66  emits 1.95  spf 20.9  z0 0.05  garr 26.5  tG 375  e2 0.47  nF 32.2  pS 0.41  ptS 0.40  fLog 0.39  pdΔ -0.0864  pkR 7.41  clip 0.43  kl +0.074
upd  371  steps 1523712  sps 791  opp symm  loss -0.078  pg -0.0215  v 0.011  ev +0.96  adv_std 0.183  tR +0.45  ent[s/d/p/e] 1.72/2.64/0.50/0.66  emits 1.92  spf 20.6  z0 0.05  garr 25.7  tG 356  e2 0.45  nF 30.7  pS 0.40  ptS 0.39  fLog 0.39  pdΔ -0.0959  pkR 7.13  clip 0.46  kl +0.093
upd  372  steps 1527808  sps 791  opp symm  loss -0.079  pg -0.0223  v 0.008  ev +0.97  adv_std 0.164  tR +0.00  ent[s/d/p/e] 1.66/2.64/0.49/0.65  emits 1.88  spf 20.4  z0 0.06  garr 26.1  tG 369  e2 0.43  nF 31.2  pS 0.39  ptS 0.38  fLog 0.38  pdΔ -0.1124  pkR 6.84  clip 0.43  kl +0.088
upd  373  steps 1531904  sps 791  opp symm  loss -0.078  pg -0.0220  v 0.008  ev +0.97  adv_std 0.161  tR +0.33  ent[s/d/p/e] 1.61/2.64/0.44/0.65  emits 1.88  spf 21.2  z0 0.04  garr 26.7  tG 383  e2 0.43  nF 32.8  pS 0.38  ptS 0.36  fLog 0.37  pdΔ -0.1217  pkR 11.11  clip 0.43  kl +0.066
upd  374  steps 1536000  sps 792  opp symm  loss -0.085  pg -0.0264  v 0.007  ev +0.97  adv_std 0.145  tR +0.33  ent[s/d/p/e] 1.73/2.65/0.51/0.66  emits 1.77  spf 22.4  z0 0.08  garr 26.8  tG 381  e2 0.38  nF 31.5  pS 0.39  ptS 0.38  fLog 0.39  pdΔ -0.1100  pkR 10.52  clip 0.41  kl +0.064
upd  375  steps 1540096  sps 792  opp symm  loss -0.078  pg -0.0221  v 0.010  ev +0.96  adv_std 0.174  tR +0.22  ent[s/d/p/e] 1.65/2.62/0.49/0.65  emits 1.83  spf 20.1  z0 0.07  garr 23.5  tG 326  e2 0.39  nF 29.2  pS 0.37  ptS 0.36  fLog 0.38  pdΔ -0.1263  pkR 7.86  clip 0.43  kl +0.075
upd  376  steps 1544192  sps 792  opp symm  loss -0.080  pg -0.0268  v 0.012  ev +0.95  adv_std 0.190  tR +0.50  ent[s/d/p/e] 1.55/2.59/0.46/0.65  emits 1.77  spf 19.4  z0 0.03  garr 23.6  tG 313  e2 0.39  nF 29.3  pS 0.35  ptS 0.34  fLog 0.37  pdΔ -0.1480  pkR 7.76  clip 0.47  kl +0.094
upd  377  steps 1548288  sps 792  opp symm  loss -0.077  pg -0.0210  v 0.009  ev +0.97  adv_std 0.160  tR +0.00  ent[s/d/p/e] 1.64/2.62/0.49/0.65  emits 1.77  spf 21.4  z0 0.04  garr 27.6  tG 383  e2 0.40  nF 29.5  pS 0.38  ptS 0.37  fLog 0.38  pdΔ -0.1156  pkR 7.35  clip 0.49  kl +0.111
upd  378  steps 1552384  sps 793  opp symm  loss -0.076  pg -0.0173  v 0.007  ev +0.97  adv_std 0.142  tR +0.11  ent[s/d/p/e] 1.78/2.63/0.55/0.65  emits 1.84  spf 23.6  z0 0.09  garr 29.3  tG 418  e2 0.42  nF 30.2  pS 0.39  ptS 0.39  fLog 0.40  pdΔ -0.1088  pkR 7.78  clip 0.43  kl +0.084
upd  379  steps 1556480  sps 793  opp symm  loss -0.083  pg -0.0292  v 0.011  ev +0.96  adv_std 0.182  tR +0.56  ent[s/d/p/e] 1.59/2.60/0.49/0.65  emits 1.87  spf 21.9  z0 0.01  garr 28.7  tG 402  e2 0.41  nF 31.5  pS 0.37  ptS 0.36  fLog 0.38  pdΔ -0.1334  pkR 7.32  clip 0.47  kl +0.084
upd  380  steps 1560576  sps 793  opp symm  loss -0.089  pg -0.0321  v 0.007  ev +0.98  adv_std 0.149  tR +0.64  ent[s/d/p/e] 1.57/2.63/0.48/0.67  emits 1.78  spf 22.2  z0 0.03  garr 28.8  tG 403  e2 0.42  nF 32.1  pS 0.35  ptS 0.35  fLog 0.38  pdΔ -0.1472  pkR 9.63  clip 0.45  kl +0.086
upd  381  steps 1564672  sps 794  opp symm  loss -0.081  pg -0.0270  v 0.009  ev +0.97  adv_std 0.168  tR +0.33  ent[s/d/p/e] 1.43/2.64/0.44/0.67  emits 1.61  spf 21.2  z0 0.05  garr 25.7  tG 359  e2 0.36  nF 30.4  pS 0.32  ptS 0.31  fLog 0.36  pdΔ -0.1830  pkR 8.32  clip 0.43  kl +0.074
upd  382  steps 1568768  sps 794  opp symm  loss -0.077  pg -0.0204  v 0.009  ev +0.97  adv_std 0.158  tR +0.00  ent[s/d/p/e] 1.56/2.65/0.50/0.66  emits 1.72  spf 20.6  z0 0.06  garr 24.8  tG 361  e2 0.37  nF 30.1  pS 0.35  ptS 0.33  fLog 0.37  pdΔ -0.1531  pkR 9.79  clip 0.43  kl +0.080
upd  383  steps 1572864  sps 794  opp symm  loss -0.085  pg -0.0275  v 0.008  ev +0.97  adv_std 0.153  tR -0.17  ent[s/d/p/e] 1.64/2.62/0.52/0.66  emits 1.72  spf 21.8  z0 0.09  garr 24.1  tG 346  e2 0.37  nF 29.0  pS 0.35  ptS 0.34  fLog 0.37  pdΔ -0.1509  pkR 9.23  clip 0.41  kl +0.073
upd  384  steps 1576960  sps 795  opp symm  loss -0.080  pg -0.0250  v 0.011  ev +0.96  adv_std 0.173  tR +0.11  ent[s/d/p/e] 1.64/2.62/0.49/0.67  emits 1.69  spf 21.4  z0 0.06  garr 27.9  tG 417  e2 0.37  nF 29.0  pS 0.37  ptS 0.36  fLog 0.37  pdΔ -0.1301  pkR 8.65  clip 0.45  kl +0.085
upd  385  steps 1581056  sps 795  opp symm  loss -0.079  pg -0.0273  v 0.014  ev +0.94  adv_std 0.199  tR +0.45  ent[s/d/p/e] 1.54/2.60/0.44/0.66  emits 1.83  spf 18.7  z0 0.02  garr 24.7  tG 346  e2 0.43  nF 32.2  pS 0.35  ptS 0.35  fLog 0.36  pdΔ -0.1495  pkR 9.74  clip 0.47  kl +0.090
upd  386  steps 1585152  sps 795  opp symm  loss -0.066  pg -0.0155  v 0.015  ev +0.94  adv_std 0.207  tR +0.82  ent[s/d/p/e] 1.47/2.58/0.43/0.66  emits 1.75  spf 15.3  z0 0.03  garr 19.6  tG 234  e2 0.38  nF 31.9  pS 0.31  ptS 0.31  fLog 0.35  pdΔ -0.1941  pkR 15.24  clip 0.48  kl +0.097
upd  387  steps 1589248  sps 795  opp symm  loss -0.071  pg -0.0198  v 0.013  ev +0.95  adv_std 0.189  tR +0.33  ent[s/d/p/e] 1.42/2.58/0.41/0.67  emits 1.77  spf 15.2  z0 0.05  garr 18.8  tG 236  e2 0.42  nF 31.6  pS 0.29  ptS 0.29  fLog 0.34  pdΔ -0.2098  pkR 12.95  clip 0.49  kl +0.107
upd  388  steps 1593344  sps 796  opp symm  loss -0.071  pg -0.0183  v 0.012  ev +0.95  adv_std 0.185  tR -0.08  ent[s/d/p/e] 1.48/2.60/0.45/0.67  emits 1.76  spf 17.3  z0 0.07  garr 19.8  tG 254  e2 0.40  nF 30.8  pS 0.30  ptS 0.30  fLog 0.35  pdΔ -0.2010  pkR 10.67  clip 0.46  kl +0.079
upd  389  steps 1597440  sps 796  opp symm  loss -0.070  pg -0.0168  v 0.011  ev +0.96  adv_std 0.177  tR -0.08  ent[s/d/p/e] 1.48/2.58/0.44/0.67  emits 1.74  spf 19.5  z0 0.05  garr 23.5  tG 327  e2 0.40  nF 29.1  pS 0.32  ptS 0.31  fLog 0.36  pdΔ -0.1752  pkR 10.54  clip 0.48  kl +0.101
upd  390  steps 1601536  sps 796  opp symm  loss -0.077  pg -0.0226  v 0.009  ev +0.97  adv_std 0.159  tR +0.60  ent[s/d/p/e] 1.49/2.60/0.45/0.67  emits 1.80  spf 17.6  z0 0.04  garr 21.2  tG 271  e2 0.41  nF 32.5  pS 0.31  ptS 0.31  fLog 0.35  pdΔ -0.1861  pkR 11.21  clip 0.45  kl +0.102
upd  391  steps 1605632  sps 797  opp symm  loss -0.079  pg -0.0264  v 0.011  ev +0.96  adv_std 0.180  tR -0.33  ent[s/d/p/e] 1.47/2.60/0.46/0.67  emits 1.71  spf 15.6  z0 0.06  garr 17.9  tG 204  e2 0.38  nF 32.6  pS 0.30  ptS 0.29  fLog 0.35  pdΔ -0.2044  pkR 8.84  clip 0.44  kl +0.074
upd  392  steps 1609728  sps 797  opp symm  loss -0.080  pg -0.0260  v 0.011  ev +0.95  adv_std 0.177  tR -0.27  ent[s/d/p/e] 1.57/2.58/0.49/0.66  emits 1.82  spf 17.2  z0 0.05  garr 20.0  tG 246  e2 0.41  nF 31.1  pS 0.33  ptS 0.32  fLog 0.36  pdΔ -0.1722  pkR 11.45  clip 0.46  kl +0.078
upd  393  steps 1613824  sps 797  opp symm  loss -0.086  pg -0.0282  v 0.009  ev +0.96  adv_std 0.163  tR +0.00  ent[s/d/p/e] 1.75/2.59/0.55/0.67  emits 1.88  spf 21.0  z0 0.03  garr 27.0  tG 359  e2 0.44  nF 31.3  pS 0.40  ptS 0.39  fLog 0.39  pdΔ -0.0951  pkR 8.64  clip 0.47  kl +0.090
upd  394  steps 1617920  sps 797  opp symm  loss -0.080  pg -0.0222  v 0.009  ev +0.96  adv_std 0.161  tR +0.56  ent[s/d/p/e] 1.77/2.57/0.55/0.68  emits 1.76  spf 22.4  z0 0.05  garr 27.9  tG 380  e2 0.41  nF 29.5  pS 0.40  ptS 0.39  fLog 0.39  pdΔ -0.0986  pkR 7.02  clip 0.47  kl +0.090
upd  395  steps 1622016  sps 798  opp symm  loss -0.075  pg -0.0206  v 0.012  ev +0.95  adv_std 0.188  tR +0.47  ent[s/d/p/e] 1.62/2.57/0.50/0.67  emits 1.68  spf 20.8  z0 0.04  garr 27.7  tG 386  e2 0.38  nF 29.5  pS 0.37  ptS 0.36  fLog 0.37  pdΔ -0.1343  pkR 11.95  clip 0.49  kl +0.105
upd  396  steps 1626112  sps 798  opp symm  loss -0.078  pg -0.0233  v 0.010  ev +0.96  adv_std 0.164  tR +0.43  ent[s/d/p/e] 1.58/2.56/0.49/0.66  emits 1.69  spf 21.1  z0 0.03  garr 27.3  tG 397  e2 0.37  nF 28.7  pS 0.35  ptS 0.35  fLog 0.36  pdΔ -0.1520  pkR 15.02  clip 0.47  kl +0.098
upd  397  steps 1630208  sps 798  opp symm  loss -0.074  pg -0.0210  v 0.012  ev +0.95  adv_std 0.186  tR +0.00  ent[s/d/p/e] 1.49/2.59/0.48/0.67  emits 1.70  spf 17.3  z0 0.03  garr 21.2  tG 273  e2 0.37  nF 30.3  pS 0.31  ptS 0.31  fLog 0.35  pdΔ -0.1906  pkR 9.52  clip 0.49  kl +0.116
upd  398  steps 1634304  sps 798  opp symm  loss -0.080  pg -0.0242  v 0.010  ev +0.96  adv_std 0.168  tR +0.09  ent[s/d/p/e] 1.60/2.61/0.48/0.67  emits 1.74  spf 18.5  z0 0.03  garr 22.1  tG 291  e2 0.38  nF 32.2  pS 0.34  ptS 0.34  fLog 0.36  pdΔ -0.1587  pkR 9.41  clip 0.48  kl +0.089
[eval_vs_v20] u399 tag=train_u399  bin0=2.1%  spf=4.44  garr=14.03  flip=2.60%  z0=2.5%  e8=0.8%  e2+=17.1%  WLD=0/3/0
upd  399  steps 1638400  sps 799  opp symm  loss -0.069  pg -0.0152  v 0.011  ev +0.96  adv_std 0.173  tR +0.17  ent[s/d/p/e] 1.53/2.61/0.45/0.67  emits 1.69  spf 19.1  z0 0.06  garr 22.8  tG 310  e2 0.38  nF 30.5  pS 0.33  ptS 0.32  fLog 0.36  pdΔ -0.1749  pkR 13.06  clip 0.47  kl +0.092 WRr 0.53 v20[spf 4.4 flip 2.6% e2+ 17.1%]
[ckpt] saved ./ckpt_multi_action_v12_lux/ckpt_000399.pkl opp=symm WARN opp=symm (prefer strn/frzn for replay-aligned ckpt; see .meta.json)
upd  400  steps 1642496  sps 769  opp symm  loss -0.072  pg -0.0177  v 0.009  ev +0.97  adv_std 0.163  tR +0.17  ent[s/d/p/e] 1.53/2.60/0.42/0.67  emits 1.69  spf 18.5  z0 0.06  garr 21.2  tG 284  e2 0.38  nF 29.2  pS 0.34  ptS 0.33  fLog 0.36  pdΔ -0.1599  pkR 13.39  clip 0.43  kl +0.088
upd  401  steps 1646592  sps 770  opp symm  loss -0.079  pg -0.0233  v 0.010  ev +0.96  adv_std 0.170  tR +0.27  ent[s/d/p/e] 1.63/2.60/0.46/0.67  emits 1.71  spf 18.5  z0 0.06  garr 22.6  tG 300  e2 0.38  nF 30.0  pS 0.37  ptS 0.35  fLog 0.37  pdΔ -0.1298  pkR 7.14  clip 0.45  kl +0.107
upd  402  steps 1650688  sps 770  opp symm  loss -0.077  pg -0.0202  v 0.007  ev +0.97  adv_std 0.141  tR +0.29  ent[s/d/p/e] 1.64/2.60/0.46/0.67  emits 1.72  spf 20.3  z0 0.02  garr 28.1  tG 401  e2 0.38  nF 28.9  pS 0.38  ptS 0.37  fLog 0.37  pdΔ -0.1240  pkR 7.46  clip 0.46  kl +0.079
upd  403  steps 1654784  sps 770  opp symm  loss -0.064  pg -0.0136  v 0.011  ev +0.95  adv_std 0.172  tR +0.50  ent[s/d/p/e] 1.38/2.55/0.38/0.66  emits 1.65  spf 18.4  z0 0.03  garr 23.3  tG 339  e2 0.36  nF 28.5  pS 0.31  ptS 0.30  fLog 0.34  pdΔ -0.1942  pkR 9.91  clip 0.48  kl +0.106
upd  404  steps 1658880  sps 771  opp symm  loss -0.066  pg -0.0124  v 0.009  ev +0.96  adv_std 0.161  tR +0.20  ent[s/d/p/e] 1.49/2.55/0.43/0.67  emits 1.72  spf 19.2  z0 0.04  garr 23.2  tG 333  e2 0.38  nF 30.1  pS 0.33  ptS 0.32  fLog 0.36  pdΔ -0.1717  pkR 12.22  clip 0.49  kl +0.107
upd  405  steps 1662976  sps 771  opp symm  loss -0.077  pg -0.0202  v 0.007  ev +0.98  adv_std 0.141  tR +0.17  ent[s/d/p/e] 1.62/2.56/0.46/0.67  emits 1.58  spf 22.5  z0 0.06  garr 27.7  tG 403  e2 0.36  nF 28.2  pS 0.37  ptS 0.36  fLog 0.37  pdΔ -0.1276  pkR 10.09  clip 0.44  kl +0.090
upd  406  steps 1667072  sps 771  opp symm  loss -0.078  pg -0.0236  v 0.010  ev +0.97  adv_std 0.173  tR +0.38  ent[s/d/p/e] 1.58/2.58/0.45/0.67  emits 1.58  spf 22.5  z0 0.07  garr 27.5  tG 408  e2 0.33  nF 27.4  pS 0.36  ptS 0.35  fLog 0.37  pdΔ -0.1445  pkR 7.94  clip 0.44  kl +0.099
upd  407  steps 1671168  sps 772  opp symm  loss -0.071  pg -0.0200  v 0.009  ev +0.96  adv_std 0.166  tR +0.38  ent[s/d/p/e] 1.30/2.56/0.37/0.65  emits 1.61  spf 16.4  z0 0.05  garr 20.7  tG 274  e2 0.37  nF 29.3  pS 0.29  ptS 0.28  fLog 0.34  pdΔ -0.2142  pkR 14.95  clip 0.46  kl +0.088
upd  408  steps 1675264  sps 772  opp symm  loss -0.067  pg -0.0169  v 0.013  ev +0.95  adv_std 0.192  tR +0.23  ent[s/d/p/e] 1.37/2.57/0.36/0.66  emits 1.61  spf 15.5  z0 0.06  garr 19.0  tG 239  e2 0.36  nF 31.9  pS 0.29  ptS 0.29  fLog 0.34  pdΔ -0.2077  pkR 18.38  clip 0.47  kl +0.109
upd  409  steps 1679360  sps 772  opp symm  loss -0.077  pg -0.0267  v 0.013  ev +0.95  adv_std 0.193  tR +0.45  ent[s/d/p/e] 1.40/2.58/0.40/0.66  emits 1.52  spf 18.2  z0 0.06  garr 22.7  tG 304  e2 0.34  nF 28.4  pS 0.30  ptS 0.30  fLog 0.35  pdΔ -0.1967  pkR 8.22  clip 0.43  kl +0.079
upd  410  steps 1683456  sps 772  opp symm  loss -0.083  pg -0.0320  v 0.011  ev +0.96  adv_std 0.182  tR +0.00  ent[s/d/p/e] 1.40/2.56/0.40/0.66  emits 1.65  spf 18.7  z0 0.06  garr 24.3  tG 322  e2 0.37  nF 29.2  pS 0.29  ptS 0.29  fLog 0.35  pdΔ -0.2115  pkR 11.01  clip 0.44  kl +0.061
upd  411  steps 1687552  sps 773  opp symm  loss -0.078  pg -0.0253  v 0.011  ev +0.96  adv_std 0.173  tR +0.00  ent[s/d/p/e] 1.45/2.58/0.40/0.67  emits 1.63  spf 17.2  z0 0.07  garr 21.6  tG 279  e2 0.36  nF 28.9  pS 0.29  ptS 0.29  fLog 0.35  pdΔ -0.2071  pkR 11.74  clip 0.45  kl +0.086
upd  412  steps 1691648  sps 773  opp symm  loss -0.080  pg -0.0246  v 0.007  ev +0.97  adv_std 0.143  tR +0.09  ent[s/d/p/e] 1.54/2.60/0.43/0.66  emits 1.78  spf 17.4  z0 0.03  garr 23.4  tG 305  e2 0.40  nF 31.6  pS 0.34  ptS 0.33  fLog 0.35  pdΔ -0.1586  pkR 11.39  clip 0.46  kl +0.088
upd  413  steps 1695744  sps 773  opp symm  loss -0.078  pg -0.0248  v 0.012  ev +0.95  adv_std 0.196  tR +0.43  ent[s/d/p/e] 1.55/2.63/0.43/0.66  emits 1.64  spf 18.2  z0 0.02  garr 26.4  tG 345  e2 0.37  nF 30.9  pS 0.35  ptS 0.35  fLog 0.36  pdΔ -0.1455  pkR 10.80  clip 0.45  kl +0.089
upd  414  steps 1699840  sps 774  opp symm  loss -0.084  pg -0.0287  v 0.010  ev +0.96  adv_std 0.180  tR +0.45  ent[s/d/p/e] 1.63/2.62/0.46/0.66  emits 1.63  spf 21.9  z0 0.04  garr 32.4  tG 451  e2 0.37  nF 30.1  pS 0.38  ptS 0.37  fLog 0.37  pdΔ -0.1205  pkR 9.82  clip 0.45  kl +0.086
upd  415  steps 1703936  sps 774  opp symm  loss -0.083  pg -0.0277  v 0.010  ev +0.96  adv_std 0.174  tR -0.07  ent[s/d/p/e] 1.65/2.60/0.46/0.65  emits 1.73  spf 21.0  z0 0.06  garr 28.9  tG 399  e2 0.39  nF 28.2  pS 0.37  ptS 0.36  fLog 0.37  pdΔ -0.1284  pkR 13.75  clip 0.44  kl +0.083
upd  416  steps 1708032  sps 774  opp symm  loss -0.080  pg -0.0266  v 0.011  ev +0.95  adv_std 0.182  tR +0.69  ent[s/d/p/e] 1.58/2.59/0.43/0.64  emits 1.80  spf 18.9  z0 0.03  garr 25.8  tG 335  e2 0.41  nF 29.2  pS 0.34  ptS 0.34  fLog 0.36  pdΔ -0.1579  pkR 15.25  clip 0.46  kl +0.089
upd  417  steps 1712128  sps 775  opp symm  loss -0.076  pg -0.0198  v 0.010  ev +0.96  adv_std 0.170  tR -0.45  ent[s/d/p/e] 1.70/2.62/0.49/0.65  emits 1.81  spf 19.6  z0 0.07  garr 25.3  tG 305  e2 0.40  nF 30.0  pS 0.36  ptS 0.35  fLog 0.37  pdΔ -0.1433  pkR 7.82  clip 0.45  kl +0.098
upd  418  steps 1716224  sps 775  opp symm  loss -0.083  pg -0.0278  v 0.009  ev +0.96  adv_std 0.166  tR +0.64  ent[s/d/p/e] 1.63/2.62/0.46/0.65  emits 1.86  spf 21.3  z0 0.04  garr 28.0  tG 372  e2 0.41  nF 31.5  pS 0.37  ptS 0.36  fLog 0.37  pdΔ -0.1275  pkR 7.01  clip 0.48  kl +0.100
upd  419  steps 1720320  sps 775  opp symm  loss -0.082  pg -0.0271  v 0.010  ev +0.96  adv_std 0.176  tR +0.14  ent[s/d/p/e] 1.63/2.63/0.47/0.64  emits 1.89  spf 20.3  z0 0.04  garr 27.1  tG 364  e2 0.43  nF 33.7  pS 0.37  ptS 0.36  fLog 0.37  pdΔ -0.1314  pkR 7.96  clip 0.45  kl +0.098
upd  420  steps 1724416  sps 776  opp symm  loss -0.074  pg -0.0238  v 0.014  ev +0.94  adv_std 0.199  tR +0.57  ent[s/d/p/e] 1.49/2.57/0.38/0.63  emits 1.93  spf 18.7  z0 0.05  garr 23.7  tG 324  e2 0.42  nF 34.8  pS 0.33  ptS 0.32  fLog 0.35  pdΔ -0.1748  pkR 9.60  clip 0.49  kl +0.115
upd  421  steps 1728512  sps 776  opp symm  loss -0.072  pg -0.0196  v 0.010  ev +0.96  adv_std 0.165  tR +0.20  ent[s/d/p/e] 1.45/2.58/0.39/0.64  emits 1.90  spf 17.3  z0 0.05  garr 20.4  tG 261  e2 0.43  nF 34.4  pS 0.31  ptS 0.30  fLog 0.35  pdΔ -0.1917  pkR 16.56  clip 0.48  kl +0.106
upd  422  steps 1732608  sps 776  opp symm  loss -0.070  pg -0.0176  v 0.012  ev +0.96  adv_std 0.181  tR +0.17  ent[s/d/p/e] 1.52/2.59/0.40/0.64  emits 1.86  spf 17.9  z0 0.07  garr 22.0  tG 302  e2 0.42  nF 34.3  pS 0.32  ptS 0.32  fLog 0.35  pdΔ -0.1777  pkR 15.03  clip 0.49  kl +0.131
upd  423  steps 1736704  sps 776  opp symm  loss -0.075  pg -0.0224  v 0.009  ev +0.97  adv_std 0.156  tR -0.08  ent[s/d/p/e] 1.45/2.59/0.39/0.65  emits 1.72  spf 18.0  z0 0.08  garr 20.0  tG 260  e2 0.39  nF 32.8  pS 0.29  ptS 0.29  fLog 0.35  pdΔ -0.2072  pkR 10.17  clip 0.47  kl +0.086
upd  424  steps 1740800  sps 777  opp symm  loss -0.073  pg -0.0205  v 0.010  ev +0.96  adv_std 0.172  tR -0.17  ent[s/d/p/e] 1.49/2.58/0.39/0.64  emits 1.80  spf 17.5  z0 0.04  garr 20.7  tG 275  e2 0.40  nF 34.3  pS 0.31  ptS 0.31  fLog 0.35  pdΔ -0.1908  pkR 12.94  clip 0.49  kl +0.129
upd  425  steps 1744896  sps 777  opp symm  loss -0.068  pg -0.0158  v 0.010  ev +0.96  adv_std 0.168  tR +0.27  ent[s/d/p/e] 1.52/2.58/0.40/0.64  emits 1.73  spf 18.2  z0 0.08  garr 21.7  tG 286  e2 0.39  nF 33.0  pS 0.32  ptS 0.32  fLog 0.35  pdΔ -0.1787  pkR 12.08  clip 0.48  kl +0.117
upd  426  steps 1748992  sps 777  opp symm  loss -0.069  pg -0.0170  v 0.011  ev +0.95  adv_std 0.183  tR -0.25  ent[s/d/p/e] 1.51/2.58/0.40/0.64  emits 1.77  spf 17.7  z0 0.05  garr 20.0  tG 256  e2 0.39  nF 32.1  pS 0.31  ptS 0.31  fLog 0.35  pdΔ -0.1882  pkR 8.86  clip 0.50  kl +0.110
upd  427  steps 1753088  sps 778  opp symm  loss -0.070  pg -0.0192  v 0.013  ev +0.94  adv_std 0.189  tR +0.60  ent[s/d/p/e] 1.47/2.58/0.40/0.63  emits 1.81  spf 16.0  z0 0.02  garr 20.6  tG 260  e2 0.39  nF 32.0  pS 0.31  ptS 0.31  fLog 0.34  pdΔ -0.1880  pkR 13.70  clip 0.50  kl +0.119
upd  428  steps 1757184  sps 778  opp symm  loss -0.079  pg -0.0274  v 0.015  ev +0.93  adv_std 0.201  tR +0.23  ent[s/d/p/e] 1.58/2.59/0.43/0.63  emits 1.84  spf 18.9  z0 0.06  garr 22.3  tG 281  e2 0.38  nF 32.6  pS 0.33  ptS 0.32  fLog 0.35  pdΔ -0.1743  pkR 11.78  clip 0.47  kl +0.106
upd  429  steps 1761280  sps 778  opp symm  loss -0.079  pg -0.0245  v 0.011  ev +0.96  adv_std 0.179  tR +0.09  ent[s/d/p/e] 1.63/2.61/0.49/0.62  emits 1.92  spf 18.8  z0 0.08  garr 22.2  tG 273  e2 0.41  nF 33.5  pS 0.34  ptS 0.32  fLog 0.36  pdΔ -0.1645  pkR 9.82  clip 0.49  kl +0.122
upd  430  steps 1765376  sps 778  opp symm  loss -0.068  pg -0.0149  v 0.012  ev +0.95  adv_std 0.187  tR -0.08  ent[s/d/p/e] 1.66/2.57/0.47/0.63  emits 1.88  spf 21.9  z0 0.04  garr 26.3  tG 358  e2 0.39  nF 31.5  pS 0.36  ptS 0.35  fLog 0.37  pdΔ -0.1407  pkR 9.51  clip 0.50  kl +0.124
upd  431  steps 1769472  sps 779  opp symm  loss -0.070  pg -0.0166  v 0.011  ev +0.95  adv_std 0.168  tR +0.54  ent[s/d/p/e] 1.62/2.58/0.45/0.63  emits 1.91  spf 21.3  z0 0.05  garr 27.8  tG 389  e2 0.42  nF 30.7  pS 0.36  ptS 0.35  fLog 0.37  pdΔ -0.1399  pkR 10.12  clip 0.50  kl +0.121
upd  432  steps 1773568  sps 779  opp symm  loss -0.062  pg -0.0063  v 0.010  ev +0.96  adv_std 0.163  tR -0.11  ent[s/d/p/e] 1.72/2.59/0.49/0.63  emits 2.01  spf 20.6  z0 0.08  garr 24.7  tG 324  e2 0.43  nF 33.2  pS 0.36  ptS 0.34  fLog 0.37  pdΔ -0.1351  pkR 10.69  clip 0.53  kl +0.142
upd  433  steps 1777664  sps 779  opp symm  loss -0.069  pg -0.0149  v 0.010  ev +0.96  adv_std 0.168  tR +0.12  ent[s/d/p/e] 1.67/2.54/0.46/0.61  emits 2.00  spf 20.4  z0 0.07  garr 23.6  tG 344  e2 0.43  nF 33.4  pS 0.36  ptS 0.35  fLog 0.37  pdΔ -0.1401  pkR 13.58  clip 0.49  kl +0.153
upd  434  steps 1781760  sps 780  opp symm  loss -0.067  pg -0.0143  v 0.010  ev +0.96  adv_std 0.172  tR +0.69  ent[s/d/p/e] 1.54/2.57/0.40/0.62  emits 1.98  spf 18.2  z0 0.04  garr 21.1  tG 292  e2 0.46  nF 34.4  pS 0.34  ptS 0.33  fLog 0.35  pdΔ -0.1595  pkR 9.79  clip 0.52  kl +0.131
upd  435  steps 1785856  sps 780  opp symm  loss -0.066  pg -0.0166  v 0.013  ev +0.94  adv_std 0.190  tR -0.14  ent[s/d/p/e] 1.43/2.52/0.35/0.63  emits 1.90  spf 15.6  z0 0.08  garr 16.8  tG 216  e2 0.44  nF 33.4  pS 0.30  ptS 0.29  fLog 0.34  pdΔ -0.1954  pkR 9.46  clip 0.51  kl +0.144
upd  436  steps 1789952  sps 780  opp symm  loss -0.058  pg -0.0060  v 0.010  ev +0.96  adv_std 0.171  tR +0.11  ent[s/d/p/e] 1.57/2.54/0.40/0.63  emits 1.97  spf 16.9  z0 0.05  garr 19.8  tG 257  e2 0.47  nF 34.3  pS 0.35  ptS 0.34  fLog 0.36  pdΔ -0.1462  pkR 11.26  clip 0.53  kl +0.163
upd  437  steps 1794048  sps 780  opp symm  loss -0.068  pg -0.0127  v 0.008  ev +0.97  adv_std 0.149  tR +0.33  ent[s/d/p/e] 1.61/2.54/0.45/0.65  emits 1.87  spf 17.7  z0 0.06  garr 20.5  tG 268  e2 0.43  nF 33.4  pS 0.36  ptS 0.35  fLog 0.37  pdΔ -0.1369  pkR 8.75  clip 0.50  kl +0.134
upd  438  steps 1798144  sps 781  opp symm  loss -0.074  pg -0.0197  v 0.008  ev +0.97  adv_std 0.154  tR +0.20  ent[s/d/p/e] 1.53/2.55/0.44/0.64  emits 1.76  spf 17.1  z0 0.06  garr 18.8  tG 241  e2 0.39  nF 32.3  pS 0.32  ptS 0.31  fLog 0.35  pdΔ -0.1805  pkR 8.32  clip 0.46  kl +0.133
upd  439  steps 1802240  sps 781  opp symm  loss -0.064  pg -0.0115  v 0.010  ev +0.96  adv_std 0.169  tR -0.07  ent[s/d/p/e] 1.56/2.55/0.45/0.62  emits 1.88  spf 16.0  z0 0.08  garr 16.5  tG 210  e2 0.41  nF 35.4  pS 0.31  ptS 0.30  fLog 0.35  pdΔ -0.1937  pkR 8.70  clip 0.50  kl +0.141
upd  440  steps 1806336  sps 781  opp symm  loss -0.063  pg -0.0115  v 0.008  ev +0.96  adv_std 0.153  tR +0.33  ent[s/d/p/e] 1.43/2.51/0.40/0.62  emits 1.78  spf 16.9  z0 0.10  garr 16.0  tG 199  e2 0.39  nF 33.3  pS 0.28  ptS 0.28  fLog 0.35  pdΔ -0.2204  pkR 9.01  clip 0.49  kl +0.140
upd  441  steps 1810432  sps 782  opp symm  loss -0.072  pg -0.0234  v 0.010  ev +0.95  adv_std 0.167  tR -0.09  ent[s/d/p/e] 1.26/2.48/0.35/0.62  emits 1.78  spf 15.2  z0 0.04  garr 16.9  tG 205  e2 0.41  nF 35.1  pS 0.26  ptS 0.26  fLog 0.33  pdΔ -0.2363  pkR 11.58  clip 0.51  kl +0.112
upd  442  steps 1814528  sps 782  opp symm  loss -0.066  pg -0.0173  v 0.010  ev +0.95  adv_std 0.167  tR +0.09  ent[s/d/p/e] 1.27/2.48/0.36/0.62  emits 1.79  spf 13.9  z0 0.07  garr 14.7  tG 151  e2 0.39  nF 35.2  pS 0.24  ptS 0.23  fLog 0.33  pdΔ -0.2599  pkR 13.25  clip 0.50  kl +0.124
upd  443  steps 1818624  sps 782  opp symm  loss -0.057  pg -0.0107  v 0.011  ev +0.95  adv_std 0.173  tR -0.38  ent[s/d/p/e] 1.23/2.44/0.34/0.59  emits 1.87  spf 13.3  z0 0.08  garr 13.6  tG 147  e2 0.43  nF 35.8  pS 0.24  ptS 0.24  fLog 0.32  pdΔ -0.2565  pkR 16.92  clip 0.50  kl +0.149
upd  444  steps 1822720  sps 782  opp symm  loss -0.061  pg -0.0114  v 0.013  ev +0.96  adv_std 0.191  tR -0.56  ent[s/d/p/e] 1.50/2.49/0.41/0.62  emits 1.89  spf 17.4  z0 0.13  garr 19.1  tG 247  e2 0.43  nF 35.6  pS 0.31  ptS 0.30  fLog 0.35  pdΔ -0.1901  pkR 13.93  clip 0.46  kl +0.130
upd  445  steps 1826816  sps 783  opp symm  loss -0.056  pg -0.0054  v 0.012  ev +0.96  adv_std 0.185  tR -0.29  ent[s/d/p/e] 1.48/2.50/0.42/0.60  emits 1.96  spf 17.9  z0 0.07  garr 20.7  tG 280  e2 0.45  nF 35.2  pS 0.33  ptS 0.32  fLog 0.36  pdΔ -0.1658  pkR 9.96  clip 0.49  kl +0.135
upd  446  steps 1830912  sps 783  opp symm  loss -0.065  pg -0.0135  v 0.009  ev +0.97  adv_std 0.158  tR +0.12  ent[s/d/p/e] 1.46/2.49/0.42/0.61  emits 1.83  spf 20.1  z0 0.09  garr 25.7  tG 380  e2 0.41  nF 35.4  pS 0.35  ptS 0.34  fLog 0.37  pdΔ -0.1524  pkR 9.86  clip 0.48  kl +0.127
upd  447  steps 1835008  sps 783  opp symm  loss -0.073  pg -0.0253  v 0.011  ev +0.95  adv_std 0.177  tR +0.14  ent[s/d/p/e] 1.29/2.45/0.35/0.62  emits 1.77  spf 18.3  z0 0.07  garr 20.8  tG 272  e2 0.40  nF 32.9  pS 0.28  ptS 0.27  fLog 0.35  pdΔ -0.2196  pkR 10.66  clip 0.47  kl +0.106
upd  448  steps 1839104  sps 783  opp symm  loss -0.074  pg -0.0228  v 0.007  ev +0.97  adv_std 0.146  tR -0.09  ent[s/d/p/e] 1.36/2.46/0.38/0.64  emits 1.79  spf 17.3  z0 0.08  garr 20.8  tG 262  e2 0.39  nF 33.1  pS 0.29  ptS 0.28  fLog 0.35  pdΔ -0.2121  pkR 11.22  clip 0.47  kl +0.135
upd  449  steps 1843200  sps 784  opp symm  loss -0.077  pg -0.0253  v 0.010  ev +0.96  adv_std 0.166  tR +0.00  ent[s/d/p/e] 1.46/2.48/0.42/0.65  emits 1.73  spf 19.4  z0 0.07  garr 24.6  tG 319  e2 0.39  nF 32.0  pS 0.32  ptS 0.31  fLog 0.36  pdΔ -0.1826  pkR 8.73  clip 0.47  kl +0.124
upd  450  steps 1847296  sps 784  opp symm  loss -0.073  pg -0.0230  v 0.010  ev +0.96  adv_std 0.164  tR +0.33  ent[s/d/p/e] 1.36/2.47/0.41/0.64  emits 1.72  spf 17.6  z0 0.08  garr 22.4  tG 297  e2 0.38  nF 33.4  pS 0.29  ptS 0.29  fLog 0.34  pdΔ -0.2128  pkR 9.91  clip 0.46  kl +0.085
upd  451  steps 1851392  sps 784  opp symm  loss -0.081  pg -0.0307  v 0.010  ev +0.96  adv_std 0.167  tR -0.27  ent[s/d/p/e] 1.34/2.49/0.40/0.64  emits 1.57  spf 15.2  z0 0.14  garr 16.7  tG 184  e2 0.35  nF 30.3  pS 0.24  ptS 0.24  fLog 0.33  pdΔ -0.2594  pkR 20.76  clip 0.44  kl +0.080
upd  452  steps 1855488  sps 784  opp symm  loss -0.070  pg -0.0200  v 0.010  ev +0.96  adv_std 0.171  tR -0.67  ent[s/d/p/e] 1.37/2.52/0.43/0.62  emits 1.75  spf 14.0  z0 0.13  garr 15.4  tG 173  e2 0.39  nF 30.9  pS 0.25  ptS 0.25  fLog 0.33  pdΔ -0.2494  pkR 14.21  clip 0.44  kl +0.103
upd  453  steps 1859584  sps 785  opp symm  loss -0.071  pg -0.0195  v 0.009  ev +0.97  adv_std 0.155  tR -0.20  ent[s/d/p/e] 1.34/2.52/0.40/0.64  emits 1.69  spf 15.3  z0 0.09  garr 17.3  tG 211  e2 0.37  nF 30.6  pS 0.27  ptS 0.27  fLog 0.34  pdΔ -0.2270  pkR 13.31  clip 0.47  kl +0.093
upd  454  steps 1863680  sps 785  opp symm  loss -0.072  pg -0.0206  v 0.010  ev +0.97  adv_std 0.166  tR -0.14  ent[s/d/p/e] 1.40/2.52/0.41/0.65  emits 1.66  spf 16.6  z0 0.09  garr 19.3  tG 226  e2 0.36  nF 29.7  pS 0.29  ptS 0.29  fLog 0.35  pdΔ -0.2074  pkR 13.47  clip 0.49  kl +0.108
upd  455  steps 1867776  sps 785  opp symm  loss -0.072  pg -0.0209  v 0.011  ev +0.96  adv_std 0.171  tR -0.07  ent[s/d/p/e] 1.39/2.53/0.41/0.66  emits 1.65  spf 18.5  z0 0.07  garr 20.2  tG 238  e2 0.35  nF 29.2  pS 0.29  ptS 0.28  fLog 0.36  pdΔ -0.2080  pkR 13.80  clip 0.46  kl +0.094
upd  456  steps 1871872  sps 786  opp symm  loss -0.079  pg -0.0272  v 0.013  ev +0.95  adv_std 0.190  tR +0.11  ent[s/d/p/e] 1.47/2.56/0.45/0.66  emits 1.67  spf 16.3  z0 0.07  garr 18.6  tG 203  e2 0.36  nF 30.5  pS 0.30  ptS 0.29  fLog 0.36  pdΔ -0.1964  pkR 9.87  clip 0.48  kl +0.107
upd  457  steps 1875968  sps 786  opp symm  loss -0.081  pg -0.0280  v 0.012  ev +0.96  adv_std 0.184  tR -0.20  ent[s/d/p/e] 1.57/2.55/0.46/0.64  emits 1.70  spf 17.0  z0 0.10  garr 18.1  tG 209  e2 0.37  nF 30.4  pS 0.31  ptS 0.30  fLog 0.35  pdΔ -0.1919  pkR 9.47  clip 0.47  kl +0.083
upd  458  steps 1880064  sps 786  opp symm  loss -0.080  pg -0.0291  v 0.011  ev +0.96  adv_std 0.177  tR +0.27  ent[s/d/p/e] 1.39/2.49/0.42/0.64  emits 1.76  spf 15.4  z0 0.08  garr 17.5  tG 206  e2 0.38  nF 33.2  pS 0.29  ptS 0.28  fLog 0.34  pdΔ -0.2077  pkR 11.80  clip 0.50  kl +0.126
upd  459  steps 1884160  sps 786  opp symm  loss -0.069  pg -0.0199  v 0.011  ev +0.95  adv_std 0.177  tR -0.40  ent[s/d/p/e] 1.32/2.51/0.37/0.64  emits 1.72  spf 14.3  z0 0.08  garr 16.0  tG 178  e2 0.37  nF 33.0  pS 0.26  ptS 0.26  fLog 0.33  pdΔ -0.2407  pkR 9.39  clip 0.47  kl +0.097
upd  460  steps 1888256  sps 787  opp symm  loss -0.055  pg -0.0035  v 0.012  ev +0.96  adv_std 0.178  tR -0.14  ent[s/d/p/e] 1.49/2.53/0.42/0.64  emits 1.81  spf 16.8  z0 0.08  garr 18.9  tG 235  e2 0.39  nF 33.7  pS 0.31  ptS 0.30  fLog 0.35  pdΔ -0.1946  pkR 10.77  clip 0.49  kl +0.130
upd  461  steps 1892352  sps 787  opp symm  loss -0.056  pg -0.0047  v 0.009  ev +0.97  adv_std 0.162  tR -0.08  ent[s/d/p/e] 1.39/2.49/0.43/0.66  emits 1.63  spf 16.4  z0 0.09  garr 18.0  tG 219  e2 0.35  nF 31.3  pS 0.29  ptS 0.28  fLog 0.35  pdΔ -0.2150  pkR 10.49  clip 0.52  kl +0.153
upd  462  steps 1896448  sps 787  opp symm  loss -0.057  pg -0.0079  v 0.010  ev +0.96  adv_std 0.168  tR +0.00  ent[s/d/p/e] 1.30/2.47/0.37/0.63  emits 1.69  spf 16.5  z0 0.08  garr 17.5  tG 237  e2 0.35  nF 29.7  pS 0.26  ptS 0.26  fLog 0.34  pdΔ -0.2357  pkR 13.24  clip 0.45  kl +0.123
upd  463  steps 1900544  sps 787  opp symm  loss -0.069  pg -0.0205  v 0.009  ev +0.97  adv_std 0.161  tR +0.20  ent[s/d/p/e] 1.25/2.43/0.34/0.64  emits 1.62  spf 13.5  z0 0.09  garr 14.7  tG 159  e2 0.36  nF 28.9  pS 0.24  ptS 0.24  fLog 0.33  pdΔ -0.2576  pkR 11.66  clip 0.47  kl +0.126
upd  464  steps 1904640  sps 788  opp symm  loss -0.076  pg -0.0258  v 0.010  ev +0.97  adv_std 0.168  tR +0.07  ent[s/d/p/e] 1.33/2.46/0.39/0.66  emits 1.70  spf 15.2  z0 0.05  garr 17.6  tG 195  e2 0.39  nF 30.3  pS 0.28  ptS 0.28  fLog 0.35  pdΔ -0.2198  pkR 9.30  clip 0.47  kl +0.103
upd  465  steps 1908736  sps 788  opp symm  loss -0.074  pg -0.0224  v 0.008  ev +0.97  adv_std 0.152  tR +0.00  ent[s/d/p/e] 1.35/2.46/0.41/0.66  emits 1.56  spf 16.3  z0 0.11  garr 18.0  tG 206  e2 0.33  nF 28.0  pS 0.26  ptS 0.26  fLog 0.36  pdΔ -0.2352  pkR 10.77  clip 0.47  kl +0.110
upd  466  steps 1912832  sps 788  opp symm  loss -0.066  pg -0.0173  v 0.012  ev +0.96  adv_std 0.185  tR -0.67  ent[s/d/p/e] 1.36/2.44/0.40/0.64  emits 1.66  spf 16.7  z0 0.08  garr 19.1  tG 225  e2 0.35  nF 29.2  pS 0.27  ptS 0.27  fLog 0.35  pdΔ -0.2308  pkR 11.59  clip 0.48  kl +0.113
upd  467  steps 1916928  sps 788  opp symm  loss -0.068  pg -0.0176  v 0.013  ev +0.96  adv_std 0.191  tR +0.33  ent[s/d/p/e] 1.46/2.50/0.43/0.65  emits 1.72  spf 17.6  z0 0.07  garr 20.7  tG 259  e2 0.36  nF 33.1  pS 0.29  ptS 0.30  fLog 0.35  pdΔ -0.2076  pkR 12.08  clip 0.49  kl +0.117
upd  468  steps 1921024  sps 789  opp symm  loss -0.061  pg -0.0112  v 0.013  ev +0.96  adv_std 0.189  tR +0.09  ent[s/d/p/e] 1.41/2.50/0.40/0.65  emits 1.74  spf 16.9  z0 0.05  garr 19.4  tG 250  e2 0.36  nF 32.5  pS 0.29  ptS 0.29  fLog 0.35  pdΔ -0.2062  pkR 10.58  clip 0.50  kl +0.117
upd  469  steps 1925120  sps 789  opp symm  loss -0.067  pg -0.0194  v 0.014  ev +0.95  adv_std 0.195  tR -0.07  ent[s/d/p/e] 1.34/2.44/0.35/0.65  emits 1.60  spf 17.8  z0 0.09  garr 19.3  tG 262  e2 0.35  nF 30.6  pS 0.27  ptS 0.27  fLog 0.35  pdΔ -0.2263  pkR 11.43  clip 0.48  kl +0.118
upd  470  steps 1929216  sps 789  opp symm  loss -0.070  pg -0.0230  v 0.013  ev +0.96  adv_std 0.191  tR -0.23  ent[s/d/p/e] 1.24/2.43/0.33/0.65  emits 1.52  spf 17.3  z0 0.10  garr 19.3  tG 258  e2 0.32  nF 29.3  pS 0.25  ptS 0.24  fLog 0.34  pdΔ -0.2547  pkR 13.62  clip 0.45  kl +0.096
upd  471  steps 1933312  sps 789  opp symm  loss -0.063  pg -0.0164  v 0.013  ev +0.95  adv_std 0.188  tR +0.00  ent[s/d/p/e] 1.27/2.42/0.32/0.62  emits 1.66  spf 16.6  z0 0.11  garr 19.2  tG 227  e2 0.38  nF 27.2  pS 0.25  ptS 0.24  fLog 0.35  pdΔ -0.2535  pkR 16.23  clip 0.48  kl +0.138
upd  472  steps 1937408  sps 790  opp symm  loss -0.067  pg -0.0217  v 0.016  ev +0.94  adv_std 0.206  tR -0.43  ent[s/d/p/e] 1.35/2.39/0.35/0.61  emits 1.78  spf 17.2  z0 0.09  garr 19.1  tG 227  e2 0.41  nF 30.5  pS 0.27  ptS 0.26  fLog 0.35  pdΔ -0.2325  pkR 12.52  clip 0.48  kl +0.140
upd  473  steps 1941504  sps 790  opp symm  loss -0.064  pg -0.0168  v 0.012  ev +0.95  adv_std 0.187  tR -0.25  ent[s/d/p/e] 1.36/2.40/0.37/0.62  emits 1.72  spf 16.1  z0 0.11  garr 19.9  tG 227  e2 0.39  nF 28.6  pS 0.27  ptS 0.27  fLog 0.35  pdΔ -0.2276  pkR 14.68  clip 0.48  kl +0.150
upd  474  steps 1945600  sps 790  opp symm  loss -0.061  pg -0.0148  v 0.010  ev +0.95  adv_std 0.169  tR +0.08  ent[s/d/p/e] 1.25/2.33/0.35/0.61  emits 1.70  spf 15.7  z0 0.07  garr 18.2  tG 205  e2 0.38  nF 27.0  pS 0.25  ptS 0.25  fLog 0.35  pdΔ -0.2456  pkR 13.36  clip 0.49  kl +0.131
upd  475  steps 1949696  sps 790  opp symm  loss -0.066  pg -0.0212  v 0.014  ev +0.94  adv_std 0.198  tR -0.20  ent[s/d/p/e] 1.25/2.39/0.33/0.62  emits 1.78  spf 13.8  z0 0.08  garr 15.1  tG 151  e2 0.40  nF 29.3  pS 0.23  ptS 0.23  fLog 0.34  pdΔ -0.2656  pkR 12.11  clip 0.49  kl +0.141
upd  476  steps 1953792  sps 791  opp symm  loss -0.069  pg -0.0189  v 0.010  ev +0.97  adv_std 0.167  tR -0.64  ent[s/d/p/e] 1.34/2.48/0.36/0.64  emits 1.71  spf 15.0  z0 0.09  garr 17.1  tG 195  e2 0.39  nF 30.7  pS 0.26  ptS 0.26  fLog 0.34  pdΔ -0.2384  pkR 10.65  clip 0.48  kl +0.143
upd  477  steps 1957888  sps 791  opp symm  loss -0.072  pg -0.0200  v 0.008  ev +0.97  adv_std 0.151  tR -0.50  ent[s/d/p/e] 1.46/2.49/0.39/0.64  emits 1.69  spf 17.9  z0 0.11  garr 21.8  tG 301  e2 0.38  nF 30.7  pS 0.30  ptS 0.29  fLog 0.35  pdΔ -0.2042  pkR 10.93  clip 0.45  kl +0.116
upd  478  steps 1961984  sps 791  opp symm  loss -0.067  pg -0.0192  v 0.012  ev +0.96  adv_std 0.183  tR +0.33  ent[s/d/p/e] 1.29/2.46/0.34/0.63  emits 1.77  spf 14.7  z0 0.04  garr 17.5  tG 234  e2 0.40  nF 33.1  pS 0.27  ptS 0.26  fLog 0.33  pdΔ -0.2339  pkR 15.19  clip 0.49  kl +0.130
upd  479  steps 1966080  sps 791  opp symm  loss -0.055  pg -0.0083  v 0.013  ev +0.96  adv_std 0.191  tR -0.17  ent[s/d/p/e] 1.27/2.45/0.31/0.63  emits 1.78  spf 13.1  z0 0.06  garr 15.0  tG 181  e2 0.38  nF 33.5  pS 0.26  ptS 0.25  fLog 0.32  pdΔ -0.2423  pkR 18.38  clip 0.49  kl +0.135
upd  480  steps 1970176  sps 791  opp symm  loss -0.067  pg -0.0183  v 0.011  ev +0.96  adv_std 0.177  tR -0.08  ent[s/d/p/e] 1.37/2.43/0.36/0.62  emits 1.66  spf 14.9  z0 0.10  garr 16.7  tG 209  e2 0.35  nF 32.4  pS 0.27  ptS 0.27  fLog 0.34  pdΔ -0.2279  pkR 11.51  clip 0.48  kl +0.131
upd  481  steps 1974272  sps 792  opp symm  loss -0.054  pg -0.0082  v 0.012  ev +0.95  adv_std 0.186  tR -0.26  ent[s/d/p/e] 1.24/2.43/0.31/0.62  emits 1.74  spf 15.0  z0 0.07  garr 17.8  tG 233  e2 0.39  nF 33.6  pS 0.27  ptS 0.26  fLog 0.32  pdΔ -0.2319  pkR 13.23  clip 0.50  kl +0.154
upd  482  steps 1978368  sps 792  opp symm  loss -0.052  pg -0.0048  v 0.014  ev +0.96  adv_std 0.200  tR +0.33  ent[s/d/p/e] 1.33/2.47/0.34/0.63  emits 1.79  spf 14.3  z0 0.07  garr 17.0  tG 205  e2 0.41  nF 36.6  pS 0.27  ptS 0.27  fLog 0.33  pdΔ -0.2303  pkR 11.52  clip 0.54  kl +0.165
upd  483  steps 1982464  sps 792  opp symm  loss -0.064  pg -0.0145  v 0.013  ev +0.96  adv_std 0.189  tR -0.33  ent[s/d/p/e] 1.49/2.47/0.40/0.62  emits 1.64  spf 15.6  z0 0.17  garr 16.2  tG 184  e2 0.37  nF 31.5  pS 0.27  ptS 0.27  fLog 0.35  pdΔ -0.2298  pkR 11.14  clip 0.47  kl +0.147
upd  484  steps 1986560  sps 792  opp symm  loss -0.059  pg -0.0127  v 0.017  ev +0.94  adv_std 0.225  tR -0.27  ent[s/d/p/e] 1.43/2.44/0.40/0.59  emits 1.89  spf 14.6  z0 0.10  garr 15.8  tG 184  e2 0.45  nF 32.6  pS 0.29  ptS 0.29  fLog 0.35  pdΔ -0.2114  pkR 7.56  clip 0.49  kl +0.146
upd  485  steps 1990656  sps 793  opp symm  loss -0.059  pg -0.0119  v 0.016  ev +0.94  adv_std 0.210  tR -0.20  ent[s/d/p/e] 1.41/2.49/0.39/0.62  emits 1.83  spf 14.4  z0 0.08  garr 16.4  tG 179  e2 0.44  nF 33.0  pS 0.29  ptS 0.28  fLog 0.35  pdΔ -0.2149  pkR 10.03  clip 0.52  kl +0.160
upd  486  steps 1994752  sps 793  opp symm  loss -0.061  pg -0.0074  v 0.010  ev +0.96  adv_std 0.164  tR -0.29  ent[s/d/p/e] 1.64/2.49/0.46/0.63  emits 1.89  spf 15.8  z0 0.10  garr 17.6  tG 192  e2 0.42  nF 32.5  pS 0.30  ptS 0.30  fLog 0.36  pdΔ -0.1958  pkR 10.67  clip 0.51  kl +0.139
upd  487  steps 1998848  sps 793  opp symm  loss -0.069  pg -0.0159  v 0.010  ev +0.96  adv_std 0.167  tR -0.17  ent[s/d/p/e] 1.60/2.52/0.47/0.63  emits 1.91  spf 17.0  z0 0.06  garr 20.5  tG 257  e2 0.42  nF 34.4  pS 0.32  ptS 0.32  fLog 0.36  pdΔ -0.1771  pkR 8.10  clip 0.49  kl +0.130
upd  488  steps 2002944  sps 793  opp symm  loss -0.065  pg -0.0112  v 0.009  ev +0.97  adv_std 0.165  tR -0.06  ent[s/d/p/e] 1.59/2.53/0.45/0.63  emits 1.80  spf 17.3  z0 0.10  garr 19.0  tG 254  e2 0.38  nF 33.2  pS 0.31  ptS 0.31  fLog 0.36  pdΔ -0.1921  pkR 7.34  clip 0.47  kl +0.110
upd  489  steps 2007040  sps 794  opp symm  loss -0.052  pg -0.0036  v 0.012  ev +0.95  adv_std 0.183  tR +0.11  ent[s/d/p/e] 1.35/2.49/0.36/0.59  emits 1.89  spf 15.5  z0 0.04  garr 17.7  tG 235  e2 0.38  nF 35.0  pS 0.28  ptS 0.27  fLog 0.34  pdΔ -0.2250  pkR 10.44  clip 0.53  kl +0.149
upd  490  steps 2011136  sps 794  opp symm  loss -0.058  pg -0.0078  v 0.009  ev +0.97  adv_std 0.158  tR +0.11  ent[s/d/p/e] 1.30/2.52/0.36/0.62  emits 1.61  spf 13.9  z0 0.11  garr 13.5  tG 160  e2 0.32  nF 33.3  pS 0.23  ptS 0.23  fLog 0.33  pdΔ -0.2697  pkR 13.88  clip 0.50  kl +0.143
upd  491  steps 2015232  sps 794  opp symm  loss -0.069  pg -0.0171  v 0.007  ev +0.98  adv_std 0.148  tR -0.62  ent[s/d/p/e] 1.33/2.54/0.36/0.64  emits 1.48  spf 14.1  z0 0.16  garr 14.9  tG 195  e2 0.30  nF 29.4  pS 0.24  ptS 0.24  fLog 0.33  pdΔ -0.2586  pkR 19.80  clip 0.44  kl +0.099
upd  492  steps 2019328  sps 794  opp symm  loss -0.073  pg -0.0230  v 0.011  ev +0.96  adv_std 0.179  tR -0.29  ent[s/d/p/e] 1.35/2.52/0.37/0.65  emits 1.52  spf 14.9  z0 0.10  garr 16.6  tG 217  e2 0.31  nF 31.4  pS 0.27  ptS 0.26  fLog 0.33  pdΔ -0.2280  pkR 17.62  clip 0.47  kl +0.093
upd  493  steps 2023424  sps 794  opp symm  loss -0.062  pg -0.0139  v 0.014  ev +0.95  adv_std 0.199  tR +0.25  ent[s/d/p/e] 1.38/2.45/0.37/0.63  emits 1.72  spf 15.3  z0 0.05  garr 17.5  tG 208  e2 0.37  nF 33.4  pS 0.29  ptS 0.28  fLog 0.34  pdΔ -0.2094  pkR 10.63  clip 0.51  kl +0.135
upd  494  steps 2027520  sps 795  opp symm  loss -0.075  pg -0.0236  v 0.010  ev +0.96  adv_std 0.163  tR +0.08  ent[s/d/p/e] 1.49/2.45/0.41/0.62  emits 1.72  spf 17.7  z0 0.06  garr 23.8  tG 311  e2 0.37  nF 31.2  pS 0.34  ptS 0.33  fLog 0.35  pdΔ -0.1632  pkR 8.65  clip 0.49  kl +0.127
upd  495  steps 2031616  sps 795  opp symm  loss -0.067  pg -0.0161  v 0.012  ev +0.95  adv_std 0.180  tR -0.08  ent[s/d/p/e] 1.50/2.52/0.39/0.63  emits 1.74  spf 17.3  z0 0.06  garr 19.4  tG 246  e2 0.37  nF 28.8  pS 0.31  ptS 0.31  fLog 0.35  pdΔ -0.1923  pkR 11.91  clip 0.50  kl +0.115
upd  496  steps 2035712  sps 795  opp symm  loss -0.060  pg -0.0111  v 0.012  ev +0.95  adv_std 0.183  tR -0.33  ent[s/d/p/e] 1.32/2.51/0.36/0.62  emits 1.76  spf 13.0  z0 0.07  garr 14.2  tG 163  e2 0.38  nF 32.9  pS 0.26  ptS 0.26  fLog 0.32  pdΔ -0.2363  pkR 16.73  clip 0.51  kl +0.121
upd  497  steps 2039808  sps 795  opp symm  loss -0.060  pg -0.0107  v 0.010  ev +0.96  adv_std 0.175  tR -0.11  ent[s/d/p/e] 1.35/2.54/0.34/0.61  emits 1.86  spf 14.6  z0 0.07  garr 15.8  tG 194  e2 0.40  nF 34.5  pS 0.27  ptS 0.27  fLog 0.33  pdΔ -0.2303  pkR 12.15  clip 0.51  kl +0.145
upd  498  steps 2043904  sps 796  opp symm  loss -0.069  pg -0.0197  v 0.011  ev +0.96  adv_std 0.175  tR -0.20  ent[s/d/p/e] 1.33/2.54/0.35/0.62  emits 1.72  spf 13.8  z0 0.09  garr 14.9  tG 177  e2 0.36  nF 34.1  pS 0.26  ptS 0.26  fLog 0.32  pdΔ -0.2398  pkR 14.74  clip 0.49  kl +0.123
[eval_vs_v20] u499 tag=train_u499  bin0=5.5%  spf=4.25  garr=13.59  flip=2.98%  z0=0.6%  e8=7.1%  e2+=29.2%  WLD=0/3/0
upd  499  steps 2048000  sps 796  opp symm  loss -0.075  pg -0.0236  v 0.008  ev +0.97  adv_std 0.153  tR -0.50  ent[s/d/p/e] 1.39/2.55/0.39/0.62  emits 1.80  spf 15.1  z0 0.07  garr 17.4  tG 221  e2 0.39  nF 32.0  pS 0.30  ptS 0.29  fLog 0.34  pdΔ -0.2031  pkR 10.28  clip 0.50  kl +0.125 WRr 0.41 v20[spf 4.2 flip 3.0% e2+ 29.2%]
upd  500  steps 2052096  sps 771  opp symm  loss -0.068  pg -0.0190  v 0.015  ev +0.93  adv_std 0.204  tR +0.27  ent[s/d/p/e] 1.44/2.53/0.42/0.64  emits 1.77  spf 16.6  z0 0.04  garr 19.6  tG 244  e2 0.39  nF 31.3  pS 0.32  ptS 0.31  fLog 0.36  pdΔ -0.1777  pkR 11.15  clip 0.51  kl +0.119
upd  501  steps 2056192  sps 771  opp symm  loss -0.070  pg -0.0171  v 0.011  ev +0.96  adv_std 0.172  tR +0.50  ent[s/d/p/e] 1.54/2.55/0.45/0.66  emits 1.84  spf 18.2  z0 0.06  garr 21.0  tG 277  e2 0.41  nF 32.2  pS 0.35  ptS 0.33  fLog 0.37  pdΔ -0.1529  pkR 9.77  clip 0.52  kl +0.125
upd  502  steps 2060288  sps 771  opp symm  loss -0.072  pg -0.0188  v 0.009  ev +0.97  adv_std 0.153  tR +0.29  ent[s/d/p/e] 1.51/2.56/0.42/0.65  emits 1.70  spf 19.0  z0 0.07  garr 20.9  tG 288  e2 0.36  nF 28.6  pS 0.34  ptS 0.33  fLog 0.37  pdΔ -0.1621  pkR 10.83  clip 0.46  kl +0.103
upd  503  steps 2064384  sps 771  opp symm  loss -0.072  pg -0.0177  v 0.006  ev +0.98  adv_std 0.137  tR -0.17  ent[s/d/p/e] 1.41/2.56/0.42/0.65  emits 1.51  spf 19.8  z0 0.11  garr 19.1  tG 272  e2 0.31  nF 25.5  pS 0.30  ptS 0.29  fLog 0.35  pdΔ -0.2011  pkR 9.88  clip 0.47  kl +0.113
upd  504  steps 2068480  sps 772  opp symm  loss -0.069  pg -0.0214  v 0.013  ev +0.95  adv_std 0.189  tR +0.10  ent[s/d/p/e] 1.26/2.54/0.34/0.63  emits 1.60  spf 17.1  z0 0.06  garr 18.4  tG 249  e2 0.32  nF 27.1  pS 0.27  ptS 0.27  fLog 0.34  pdΔ -0.2310  pkR 11.30  clip 0.48  kl +0.103
upd  505  steps 2072576  sps 772  opp symm  loss -0.065  pg -0.0169  v 0.013  ev +0.95  adv_std 0.191  tR -0.14  ent[s/d/p/e] 1.31/2.56/0.32/0.64  emits 1.70  spf 15.5  z0 0.07  garr 17.1  tG 221  e2 0.36  nF 29.7  pS 0.27  ptS 0.27  fLog 0.34  pdΔ -0.2276  pkR 14.84  clip 0.50  kl +0.115
upd  506  steps 2076672  sps 772  opp symm  loss -0.080  pg -0.0292  v 0.010  ev +0.96  adv_std 0.176  tR -0.25  ent[s/d/p/e] 1.34/2.58/0.36/0.66  emits 1.57  spf 15.1  z0 0.10  garr 16.1  tG 195  e2 0.35  nF 28.8  pS 0.28  ptS 0.27  fLog 0.34  pdΔ -0.2238  pkR 12.94  clip 0.45  kl +0.106
upd  507  steps 2080768  sps 772  opp symm  loss -0.070  pg -0.0217  v 0.015  ev +0.95  adv_std 0.200  tR -0.25  ent[s/d/p/e] 1.34/2.61/0.33/0.65  emits 1.84  spf 14.4  z0 0.03  garr 15.4  tG 187  e2 0.41  nF 33.2  pS 0.30  ptS 0.30  fLog 0.34  pdΔ -0.1997  pkR 10.85  clip 0.48  kl +0.091
upd  508  steps 2084864  sps 773  opp symm  loss -0.077  pg -0.0259  v 0.010  ev +0.96  adv_std 0.170  tR +0.64  ent[s/d/p/e] 1.39/2.60/0.36/0.65  emits 1.70  spf 13.8  z0 0.09  garr 14.7  tG 156  e2 0.38  nF 31.5  pS 0.27  ptS 0.27  fLog 0.35  pdΔ -0.2293  pkR 13.56  clip 0.48  kl +0.098
upd  509  steps 2088960  sps 773  opp symm  loss -0.064  pg -0.0136  v 0.010  ev +0.97  adv_std 0.169  tR -0.33  ent[s/d/p/e] 1.33/2.58/0.35/0.65  emits 1.59  spf 15.6  z0 0.11  garr 16.1  tG 203  e2 0.34  nF 29.0  pS 0.27  ptS 0.27  fLog 0.35  pdΔ -0.2287  pkR 11.20  clip 0.48  kl +0.112
upd  510  steps 2093056  sps 773  opp symm  loss -0.069  pg -0.0181  v 0.011  ev +0.97  adv_std 0.177  tR -0.25  ent[s/d/p/e] 1.38/2.61/0.37/0.65  emits 1.57  spf 17.8  z0 0.10  garr 18.1  tG 239  e2 0.33  nF 27.0  pS 0.27  ptS 0.27  fLog 0.36  pdΔ -0.2317  pkR 10.14  clip 0.46  kl +0.103
upd  511  steps 2097152  sps 773  opp symm  loss -0.075  pg -0.0240  v 0.011  ev +0.96  adv_std 0.172  tR -0.40  ent[s/d/p/e] 1.37/2.63/0.35/0.66  emits 1.66  spf 15.3  z0 0.09  garr 15.4  tG 187  e2 0.37  nF 30.9  pS 0.27  ptS 0.27  fLog 0.35  pdΔ -0.2314  pkR 12.23  clip 0.47  kl +0.104
upd  512  steps 2101248  sps 774  opp symm  loss -0.080  pg -0.0259  v 0.009  ev +0.97  adv_std 0.156  tR -0.38  ent[s/d/p/e] 1.49/2.61/0.41/0.66  emits 1.68  spf 16.6  z0 0.09  garr 17.8  tG 227  e2 0.37  nF 31.5  pS 0.31  ptS 0.30  fLog 0.36  pdΔ -0.1897  pkR 9.92  clip 0.47  kl +0.100
upd  513  steps 2105344  sps 774  opp symm  loss -0.075  pg -0.0202  v 0.013  ev +0.95  adv_std 0.183  tR -0.17  ent[s/d/p/e] 1.65/2.62/0.48/0.67  emits 1.62  spf 20.0  z0 0.09  garr 22.7  tG 304  e2 0.35  nF 31.1  pS 0.35  ptS 0.34  fLog 0.38  pdΔ -0.1469  pkR 9.02  clip 0.44  kl +0.086
upd  514  steps 2109440  sps 774  opp symm  loss -0.089  pg -0.0317  v 0.008  ev +0.97  adv_std 0.147  tR -0.33  ent[s/d/p/e] 1.64/2.65/0.50/0.67  emits 1.59  spf 23.3  z0 0.07  garr 26.1  tG 370  e2 0.34  nF 29.2  pS 0.37  ptS 0.36  fLog 0.39  pdΔ -0.1277  pkR 8.29  clip 0.45  kl +0.085
upd  515  steps 2113536  sps 774  opp symm  loss -0.081  pg -0.0250  v 0.010  ev +0.96  adv_std 0.168  tR +0.00  ent[s/d/p/e] 1.63/2.63/0.47/0.67  emits 1.61  spf 24.5  z0 0.05  garr 28.3  tG 403  e2 0.35  nF 27.9  pS 0.39  ptS 0.37  fLog 0.39  pdΔ -0.1136  pkR 7.49  clip 0.48  kl +0.090
upd  516  steps 2117632  sps 775  opp symm  loss -0.074  pg -0.0196  v 0.013  ev +0.95  adv_std 0.189  tR +0.50  ent[s/d/p/e] 1.65/2.64/0.44/0.67  emits 1.66  spf 23.9  z0 0.04  garr 27.2  tG 384  e2 0.36  nF 28.1  pS 0.38  ptS 0.37  fLog 0.39  pdΔ -0.1225  pkR 7.63  clip 0.46  kl +0.092
upd  517  steps 2121728  sps 775  opp symm  loss -0.078  pg -0.0261  v 0.011  ev +0.95  adv_std 0.180  tR +0.23  ent[s/d/p/e] 1.39/2.61/0.39/0.66  emits 1.62  spf 16.8  z0 0.06  garr 17.3  tG 200  e2 0.34  nF 28.1  pS 0.29  ptS 0.27  fLog 0.35  pdΔ -0.2139  pkR 11.91  clip 0.49  kl +0.105
upd  518  steps 2125824  sps 775  opp symm  loss -0.074  pg -0.0219  v 0.015  ev +0.94  adv_std 0.199  tR +0.50  ent[s/d/p/e] 1.61/2.60/0.41/0.66  emits 1.75  spf 18.8  z0 0.05  garr 20.6  tG 241  e2 0.37  nF 32.5  pS 0.35  ptS 0.34  fLog 0.38  pdΔ -0.1481  pkR 8.93  clip 0.49  kl +0.095
upd  519  steps 2129920  sps 775  opp symm  loss -0.079  pg -0.0243  v 0.010  ev +0.96  adv_std 0.168  tR +0.33  ent[s/d/p/e] 1.60/2.60/0.43/0.67  emits 1.61  spf 20.5  z0 0.06  garr 22.6  tG 282  e2 0.35  nF 28.9  pS 0.34  ptS 0.33  fLog 0.38  pdΔ -0.1622  pkR 11.19  clip 0.49  kl +0.090
upd  520  steps 2134016  sps 776  opp symm  loss -0.074  pg -0.0212  v 0.010  ev +0.96  adv_std 0.164  tR +0.23  ent[s/d/p/e] 1.51/2.60/0.34/0.66  emits 1.67  spf 19.3  z0 0.05  garr 21.9  tG 291  e2 0.38  nF 28.7  pS 0.33  ptS 0.32  fLog 0.37  pdΔ -0.1697  pkR 9.57  clip 0.48  kl +0.104
upd  521  steps 2138112  sps 776  opp symm  loss -0.078  pg -0.0249  v 0.011  ev +0.95  adv_std 0.175  tR +0.33  ent[s/d/p/e] 1.56/2.62/0.39/0.66  emits 1.67  spf 18.9  z0 0.09  garr 20.5  tG 244  e2 0.35  nF 29.0  pS 0.31  ptS 0.31  fLog 0.37  pdΔ -0.1865  pkR 9.89  clip 0.47  kl +0.091
upd  522  steps 2142208  sps 776  opp symm  loss -0.081  pg -0.0268  v 0.011  ev +0.95  adv_std 0.169  tR -0.14  ent[s/d/p/e] 1.57/2.62/0.40/0.67  emits 1.65  spf 19.6  z0 0.08  garr 20.4  tG 240  e2 0.35  nF 28.4  pS 0.31  ptS 0.31  fLog 0.39  pdΔ -0.1904  pkR 8.33  clip 0.47  kl +0.095
upd  523  steps 2146304  sps 776  opp symm  loss -0.072  pg -0.0186  v 0.010  ev +0.96  adv_std 0.164  tR +0.09  ent[s/d/p/e] 1.53/2.61/0.36/0.66  emits 1.69  spf 19.8  z0 0.06  garr 21.7  tG 269  e2 0.36  nF 29.7  pS 0.31  ptS 0.31  fLog 0.37  pdΔ -0.1863  pkR 8.44  clip 0.50  kl +0.103
upd  524  steps 2150400  sps 777  opp symm  loss -0.083  pg -0.0271  v 0.008  ev +0.97  adv_std 0.153  tR +0.20  ent[s/d/p/e] 1.65/2.63/0.44/0.67  emits 1.70  spf 22.1  z0 0.06  garr 24.0  tG 327  e2 0.37  nF 32.0  pS 0.35  ptS 0.34  fLog 0.39  pdΔ -0.1513  pkR 10.91  clip 0.46  kl +0.070
upd  525  steps 2154496  sps 777  opp symm  loss -0.081  pg -0.0259  v 0.010  ev +0.96  adv_std 0.157  tR +0.25  ent[s/d/p/e] 1.65/2.64/0.40/0.66  emits 1.76  spf 21.1  z0 0.05  garr 24.0  tG 327  e2 0.39  nF 30.1  pS 0.35  ptS 0.35  fLog 0.38  pdΔ -0.1466  pkR 8.13  clip 0.48  kl +0.096
upd  526  steps 2158592  sps 777  opp symm  loss -0.076  pg -0.0215  v 0.012  ev +0.94  adv_std 0.177  tR +0.50  ent[s/d/p/e] 1.70/2.62/0.43/0.66  emits 1.86  spf 21.4  z0 0.03  garr 23.6  tG 327  e2 0.43  nF 32.7  pS 0.38  ptS 0.37  fLog 0.38  pdΔ -0.1226  pkR 6.66  clip 0.51  kl +0.113
upd  527  steps 2162688  sps 777  opp symm  loss -0.071  pg -0.0209  v 0.014  ev +0.94  adv_std 0.185  tR +0.27  ent[s/d/p/e] 1.50/2.57/0.36/0.65  emits 1.74  spf 20.1  z0 0.05  garr 23.5  tG 317  e2 0.38  nF 31.1  pS 0.33  ptS 0.33  fLog 0.37  pdΔ -0.1710  pkR 7.25  clip 0.51  kl +0.123
upd  528  steps 2166784  sps 778  opp symm  loss -0.069  pg -0.0184  v 0.008  ev +0.96  adv_std 0.142  tR +0.23  ent[s/d/p/e] 1.32/2.56/0.31/0.65  emits 1.72  spf 17.4  z0 0.07  garr 19.8  tG 237  e2 0.39  nF 31.5  pS 0.28  ptS 0.27  fLog 0.35  pdΔ -0.2228  pkR 11.42  clip 0.49  kl +0.130
upd  529  steps 2170880  sps 778  opp symm  loss -0.071  pg -0.0205  v 0.013  ev +0.94  adv_std 0.186  tR -0.14  ent[s/d/p/e] 1.43/2.57/0.32/0.66  emits 1.73  spf 15.4  z0 0.07  garr 17.9  tG 198  e2 0.40  nF 33.2  pS 0.28  ptS 0.28  fLog 0.35  pdΔ -0.2177  pkR 8.83  clip 0.52  kl +0.119
upd  530  steps 2174976  sps 778  opp symm  loss -0.070  pg -0.0188  v 0.009  ev +0.96  adv_std 0.152  tR -0.33  ent[s/d/p/e] 1.41/2.53/0.33/0.66  emits 1.61  spf 15.5  z0 0.10  garr 17.4  tG 199  e2 0.36  nF 30.6  pS 0.27  ptS 0.26  fLog 0.34  pdΔ -0.2340  pkR 10.74  clip 0.51  kl +0.126
upd  531  steps 2179072  sps 778  opp symm  loss -0.073  pg -0.0217  v 0.009  ev +0.96  adv_std 0.156  tR +0.38  ent[s/d/p/e] 1.38/2.52/0.33/0.65  emits 1.71  spf 16.7  z0 0.08  garr 19.5  tG 245  e2 0.39  nF 32.9  pS 0.28  ptS 0.28  fLog 0.35  pdΔ -0.2153  pkR 11.00  clip 0.50  kl +0.136
upd  532  steps 2183168  sps 779  opp symm  loss -0.071  pg -0.0218  v 0.011  ev +0.95  adv_std 0.174  tR +0.00  ent[s/d/p/e] 1.32/2.50/0.30/0.66  emits 1.71  spf 15.6  z0 0.07  garr 18.5  tG 205  e2 0.41  nF 32.4  pS 0.27  ptS 0.27  fLog 0.35  pdΔ -0.2303  pkR 12.29  clip 0.50  kl +0.118
upd  533  steps 2187264  sps 779  opp symm  loss -0.070  pg -0.0186  v 0.011  ev +0.96  adv_std 0.173  tR +0.20  ent[s/d/p/e] 1.45/2.53/0.34/0.66  emits 1.78  spf 16.6  z0 0.05  garr 20.9  tG 237  e2 0.40  nF 32.9  pS 0.31  ptS 0.30  fLog 0.36  pdΔ -0.1932  pkR 12.43  clip 0.47  kl +0.102
upd  534  steps 2191360  sps 779  opp symm  loss -0.070  pg -0.0205  v 0.011  ev +0.96  adv_std 0.169  tR -0.18  ent[s/d/p/e] 1.34/2.52/0.31/0.66  emits 1.67  spf 16.9  z0 0.08  garr 20.3  tG 232  e2 0.37  nF 29.4  pS 0.27  ptS 0.27  fLog 0.36  pdΔ -0.2251  pkR 13.75  clip 0.48  kl +0.123
upd  535  steps 2195456  sps 779  opp symm  loss -0.074  pg -0.0248  v 0.010  ev +0.95  adv_std 0.167  tR -0.33  ent[s/d/p/e] 1.30/2.51/0.31/0.66  emits 1.68  spf 17.2  z0 0.06  garr 20.9  tG 225  e2 0.38  nF 30.4  pS 0.27  ptS 0.26  fLog 0.35  pdΔ -0.2294  pkR 10.80  clip 0.50  kl +0.103
upd  536  steps 2199552  sps 779  opp symm  loss -0.065  pg -0.0146  v 0.011  ev +0.95  adv_std 0.169  tR +0.40  ent[s/d/p/e] 1.44/2.50/0.35/0.66  emits 1.85  spf 15.0  z0 0.06  garr 20.2  tG 213  e2 0.42  nF 32.9  pS 0.30  ptS 0.29  fLog 0.35  pdΔ -0.1976  pkR 13.85  clip 0.52  kl +0.117
upd  537  steps 2203648  sps 780  opp symm  loss -0.074  pg -0.0223  v 0.013  ev +0.94  adv_std 0.186  tR -0.60  ent[s/d/p/e] 1.57/2.57/0.40/0.66  emits 1.88  spf 17.8  z0 0.05  garr 23.3  tG 264  e2 0.44  nF 33.7  pS 0.34  ptS 0.33  fLog 0.37  pdΔ -0.1569  pkR 8.17  clip 0.51  kl +0.122
upd  538  steps 2207744  sps 780  opp symm  loss -0.077  pg -0.0253  v 0.010  ev +0.96  adv_std 0.173  tR +0.27  ent[s/d/p/e] 1.45/2.58/0.35/0.66  emits 1.81  spf 16.6  z0 0.04  garr 21.4  tG 263  e2 0.42  nF 34.7  pS 0.33  ptS 0.32  fLog 0.35  pdΔ -0.1746  pkR 10.97  clip 0.46  kl +0.082
upd  539  steps 2211840  sps 780  opp symm  loss -0.081  pg -0.0252  v 0.007  ev +0.98  adv_std 0.133  tR +0.29  ent[s/d/p/e] 1.55/2.62/0.39/0.67  emits 1.72  spf 19.4  z0 0.06  garr 25.4  tG 356  e2 0.39  nF 31.8  pS 0.36  ptS 0.35  fLog 0.37  pdΔ -0.1422  pkR 12.76  clip 0.44  kl +0.070
upd  540  steps 2215936  sps 780  opp symm  loss -0.076  pg -0.0228  v 0.009  ev +0.96  adv_std 0.160  tR -0.07  ent[s/d/p/e] 1.49/2.56/0.38/0.66  emits 1.66  spf 19.2  z0 0.07  garr 24.4  tG 338  e2 0.36  nF 27.9  pS 0.34  ptS 0.33  fLog 0.36  pdΔ -0.1639  pkR 14.33  clip 0.45  kl +0.098
upd  541  steps 2220032  sps 781  opp symm  loss -0.074  pg -0.0217  v 0.010  ev +0.95  adv_std 0.170  tR +0.17  ent[s/d/p/e] 1.48/2.57/0.37/0.66  emits 1.72  spf 19.6  z0 0.04  garr 26.0  tG 351  e2 0.39  nF 28.3  pS 0.34  ptS 0.33  fLog 0.36  pdΔ -0.1575  pkR 7.21  clip 0.47  kl +0.108
upd  542  steps 2224128  sps 781  opp symm  loss -0.074  pg -0.0231  v 0.012  ev +0.95  adv_std 0.180  tR +0.40  ent[s/d/p/e] 1.45/2.56/0.38/0.66  emits 1.75  spf 18.3  z0 0.05  garr 23.5  tG 292  e2 0.41  nF 27.8  pS 0.32  ptS 0.31  fLog 0.36  pdΔ -0.1808  pkR 8.74  clip 0.50  kl +0.116
upd  543  steps 2228224  sps 781  opp symm  loss -0.079  pg -0.0253  v 0.009  ev +0.96  adv_std 0.162  tR +0.09  ent[s/d/p/e] 1.52/2.57/0.40/0.66  emits 1.70  spf 19.4  z0 0.07  garr 25.6  tG 338  e2 0.40  nF 28.2  pS 0.34  ptS 0.33  fLog 0.37  pdΔ -0.1579  pkR 9.03  clip 0.47  kl +0.106
upd  544  steps 2232320  sps 781  opp symm  loss -0.081  pg -0.0254  v 0.008  ev +0.97  adv_std 0.156  tR +0.20  ent[s/d/p/e] 1.59/2.59/0.45/0.66  emits 1.63  spf 20.9  z0 0.08  garr 26.1  tG 332  e2 0.37  nF 25.6  pS 0.35  ptS 0.34  fLog 0.38  pdΔ -0.1535  pkR 9.74  clip 0.44  kl +0.084
upd  545  steps 2236416  sps 781  opp symm  loss -0.077  pg -0.0247  v 0.010  ev +0.97  adv_std 0.160  tR +0.17  ent[s/d/p/e] 1.47/2.58/0.39/0.66  emits 1.63  spf 18.9  z0 0.06  garr 23.7  tG 311  e2 0.38  nF 26.7  pS 0.33  ptS 0.33  fLog 0.36  pdΔ -0.1668  pkR 9.03  clip 0.48  kl +0.100
upd  546  steps 2240512  sps 782  opp symm  loss -0.073  pg -0.0199  v 0.010  ev +0.97  adv_std 0.167  tR +0.12  ent[s/d/p/e] 1.50/2.55/0.41/0.66  emits 1.62  spf 19.5  z0 0.10  garr 23.4  tG 307  e2 0.37  nF 26.7  pS 0.32  ptS 0.32  fLog 0.37  pdΔ -0.1750  pkR 10.44  clip 0.45  kl +0.092
upd  547  steps 2244608  sps 782  opp symm  loss -0.081  pg -0.0254  v 0.008  ev +0.97  adv_std 0.144  tR -0.50  ent[s/d/p/e] 1.63/2.56/0.45/0.67  emits 1.59  spf 21.5  z0 0.07  garr 27.9  tG 381  e2 0.36  nF 25.9  pS 0.37  ptS 0.36  fLog 0.39  pdΔ -0.1305  pkR 8.03  clip 0.45  kl +0.089
upd  548  steps 2248704  sps 782  opp symm  loss -0.076  pg -0.0230  v 0.012  ev +0.95  adv_std 0.181  tR +0.82  ent[s/d/p/e] 1.57/2.55/0.43/0.67  emits 1.72  spf 21.2  z0 0.03  garr 29.1  tG 375  e2 0.40  nF 26.8  pS 0.36  ptS 0.36  fLog 0.38  pdΔ -0.1353  pkR 8.64  clip 0.50  kl +0.104
upd  549  steps 2252800  sps 782  opp symm  loss -0.081  pg -0.0252  v 0.009  ev +0.96  adv_std 0.153  tR +0.45  ent[s/d/p/e] 1.66/2.57/0.45/0.67  emits 1.73  spf 22.5  z0 0.04  garr 30.0  tG 395  e2 0.38  nF 28.1  pS 0.37  ptS 0.37  fLog 0.39  pdΔ -0.1252  pkR 8.01  clip 0.47  kl +0.084
upd  550  steps 2256896  sps 783  opp symm  loss -0.079  pg -0.0232  v 0.008  ev +0.96  adv_std 0.147  tR +0.33  ent[s/d/p/e] 1.66/2.59/0.43/0.67  emits 1.65  spf 23.0  z0 0.06  garr 29.9  tG 424  e2 0.38  nF 27.7  pS 0.37  ptS 0.37  fLog 0.39  pdΔ -0.1266  pkR 8.93  clip 0.47  kl +0.095
upd  551  steps 2260992  sps 783  opp symm  loss -0.080  pg -0.0246  v 0.010  ev +0.95  adv_std 0.167  tR +0.14  ent[s/d/p/e] 1.68/2.58/0.44/0.67  emits 1.64  spf 25.6  z0 0.06  garr 33.3  tG 499  e2 0.37  nF 27.3  pS 0.39  ptS 0.38  fLog 0.39  pdΔ -0.1097  pkR 7.72  clip 0.46  kl +0.098
upd  552  steps 2265088  sps 783  opp symm  loss -0.077  pg -0.0223  v 0.010  ev +0.95  adv_std 0.166  tR +0.14  ent[s/d/p/e] 1.65/2.57/0.42/0.66  emits 1.57  spf 27.1  z0 0.05  garr 35.3  tG 528  e2 0.34  nF 26.3  pS 0.39  ptS 0.38  fLog 0.39  pdΔ -0.1124  pkR 7.98  clip 0.46  kl +0.097
upd  553  steps 2269184  sps 783  opp symm  loss -0.081  pg -0.0242  v 0.010  ev +0.95  adv_std 0.166  tR +0.08  ent[s/d/p/e] 1.74/2.59/0.46/0.67  emits 1.62  spf 26.9  z0 0.03  garr 34.7  tG 513  e2 0.35  nF 26.0  pS 0.41  ptS 0.40  fLog 0.40  pdΔ -0.0858  pkR 8.48  clip 0.49  kl +0.104
upd  554  steps 2273280  sps 783  opp symm  loss -0.075  pg -0.0221  v 0.011  ev +0.95  adv_std 0.176  tR +0.73  ent[s/d/p/e] 1.52/2.57/0.39/0.67  emits 1.50  spf 21.4  z0 0.04  garr 27.0  tG 386  e2 0.30  nF 25.0  pS 0.34  ptS 0.34  fLog 0.37  pdΔ -0.1569  pkR 10.53  clip 0.47  kl +0.103
upd  555  steps 2277376  sps 784  opp symm  loss -0.076  pg -0.0238  v 0.009  ev +0.96  adv_std 0.158  tR +0.00  ent[s/d/p/e] 1.41/2.56/0.34/0.66  emits 1.50  spf 19.0  z0 0.07  garr 23.5  tG 320  e2 0.32  nF 26.1  pS 0.30  ptS 0.30  fLog 0.35  pdΔ -0.1964  pkR 11.14  clip 0.47  kl +0.112
upd  556  steps 2281472  sps 784  opp symm  loss -0.072  pg -0.0209  v 0.012  ev +0.95  adv_std 0.180  tR +0.23  ent[s/d/p/e] 1.42/2.58/0.35/0.67  emits 1.49  spf 19.0  z0 0.07  garr 23.0  tG 288  e2 0.32  nF 26.5  pS 0.30  ptS 0.29  fLog 0.36  pdΔ -0.1992  pkR 11.22  clip 0.44  kl +0.092
upd  557  steps 2285568  sps 784  opp symm  loss -0.078  pg -0.0277  v 0.010  ev +0.96  adv_std 0.168  tR +0.09  ent[s/d/p/e] 1.37/2.54/0.32/0.67  emits 1.58  spf 17.4  z0 0.04  garr 22.3  tG 280  e2 0.35  nF 28.3  pS 0.30  ptS 0.29  fLog 0.35  pdΔ -0.1975  pkR 17.45  clip 0.49  kl +0.110
upd  558  steps 2289664  sps 784  opp symm  loss -0.070  pg -0.0162  v 0.011  ev +0.96  adv_std 0.175  tR +0.33  ent[s/d/p/e] 1.54/2.59/0.42/0.68  emits 1.51  spf 18.6  z0 0.09  garr 22.2  tG 275  e2 0.34  nF 27.4  pS 0.33  ptS 0.32  fLog 0.37  pdΔ -0.1689  pkR 13.01  clip 0.47  kl +0.125
upd  559  steps 2293760  sps 785  opp symm  loss -0.071  pg -0.0153  v 0.007  ev +0.98  adv_std 0.137  tR -0.10  ent[s/d/p/e] 1.61/2.55/0.43/0.68  emits 1.52  spf 20.3  z0 0.08  garr 24.0  tG 319  e2 0.32  nF 24.2  pS 0.34  ptS 0.33  fLog 0.38  pdΔ -0.1558  pkR 6.74  clip 0.47  kl +0.109
upd  560  steps 2297856  sps 785  opp symm  loss -0.073  pg -0.0212  v 0.013  ev +0.96  adv_std 0.189  tR +0.33  ent[s/d/p/e] 1.51/2.55/0.41/0.67  emits 1.51  spf 19.9  z0 0.08  garr 24.0  tG 306  e2 0.33  nF 24.5  pS 0.32  ptS 0.31  fLog 0.37  pdΔ -0.1759  pkR 8.55  clip 0.48  kl +0.092
upd  561  steps 2301952  sps 785  opp symm  loss -0.074  pg -0.0210  v 0.012  ev +0.96  adv_std 0.184  tR +0.29  ent[s/d/p/e] 1.53/2.56/0.43/0.68  emits 1.62  spf 19.4  z0 0.03  garr 23.3  tG 291  e2 0.34  nF 27.9  pS 0.33  ptS 0.32  fLog 0.37  pdΔ -0.1742  pkR 10.62  clip 0.48  kl +0.111
upd  562  steps 2306048  sps 785  opp symm  loss -0.068  pg -0.0177  v 0.014  ev +0.95  adv_std 0.200  tR +0.33  ent[s/d/p/e] 1.48/2.56/0.38/0.67  emits 1.66  spf 18.7  z0 0.04  garr 21.3  tG 268  e2 0.36  nF 29.4  pS 0.31  ptS 0.30  fLog 0.36  pdΔ -0.1897  pkR 12.34  clip 0.50  kl +0.121
upd  563  steps 2310144  sps 785  opp symm  loss -0.071  pg -0.0203  v 0.015  ev +0.94  adv_std 0.205  tR +0.33  ent[s/d/p/e] 1.49/2.56/0.41/0.68  emits 1.66  spf 17.6  z0 0.04  garr 20.2  tG 246  e2 0.37  nF 30.2  pS 0.31  ptS 0.31  fLog 0.35  pdΔ -0.1874  pkR 10.86  clip 0.49  kl +0.113
upd  564  steps 2314240  sps 786  opp symm  loss -0.076  pg -0.0251  v 0.014  ev +0.95  adv_std 0.194  tR +0.20  ent[s/d/p/e] 1.51/2.54/0.40/0.67  emits 1.58  spf 18.9  z0 0.09  garr 22.6  tG 283  e2 0.34  nF 28.2  pS 0.30  ptS 0.30  fLog 0.36  pdΔ -0.1972  pkR 10.18  clip 0.46  kl +0.093
upd  565  steps 2318336  sps 786  opp symm  loss -0.078  pg -0.0251  v 0.011  ev +0.96  adv_std 0.172  tR -0.08  ent[s/d/p/e] 1.49/2.56/0.39/0.67  emits 1.63  spf 19.4  z0 0.04  garr 23.6  tG 324  e2 0.34  nF 29.1  pS 0.31  ptS 0.31  fLog 0.35  pdΔ -0.1915  pkR 12.03  clip 0.49  kl +0.099
upd  566  steps 2322432  sps 786  opp symm  loss -0.076  pg -0.0222  v 0.009  ev +0.97  adv_std 0.157  tR +0.54  ent[s/d/p/e] 1.52/2.57/0.40/0.66  emits 1.69  spf 18.1  z0 0.05  garr 21.2  tG 284  e2 0.35  nF 31.1  pS 0.31  ptS 0.30  fLog 0.35  pdΔ -0.1930  pkR 15.07  clip 0.46  kl +0.104
upd  567  steps 2326528  sps 786  opp symm  loss -0.081  pg -0.0278  v 0.011  ev +0.96  adv_std 0.169  tR -0.11  ent[s/d/p/e] 1.54/2.56/0.39/0.66  emits 1.70  spf 15.9  z0 0.07  garr 17.1  tG 216  e2 0.37  nF 31.7  pS 0.30  ptS 0.30  fLog 0.35  pdΔ -0.1986  pkR 14.40  clip 0.48  kl +0.104
upd  568  steps 2330624  sps 786  opp symm  loss -0.076  pg -0.0245  v 0.011  ev +0.95  adv_std 0.167  tR +0.40  ent[s/d/p/e] 1.46/2.52/0.39/0.67  emits 1.72  spf 15.6  z0 0.04  garr 17.6  tG 212  e2 0.36  nF 32.1  pS 0.30  ptS 0.29  fLog 0.35  pdΔ -0.2022  pkR 9.64  clip 0.50  kl +0.106
upd  569  steps 2334720  sps 787  opp symm  loss -0.074  pg -0.0218  v 0.011  ev +0.96  adv_std 0.170  tR +0.20  ent[s/d/p/e] 1.52/2.50/0.39/0.67  emits 1.69  spf 18.4  z0 0.08  garr 19.4  tG 238  e2 0.36  nF 31.9  pS 0.30  ptS 0.30  fLog 0.36  pdΔ -0.1953  pkR 11.71  clip 0.50  kl +0.135
upd  570  steps 2338816  sps 787  opp symm  loss -0.067  pg -0.0155  v 0.012  ev +0.96  adv_std 0.173  tR +0.07  ent[s/d/p/e] 1.54/2.49/0.38/0.67  emits 1.66  spf 16.8  z0 0.10  garr 18.1  tG 221  e2 0.36  nF 31.8  pS 0.30  ptS 0.30  fLog 0.36  pdΔ -0.1969  pkR 11.14  clip 0.49  kl +0.114
upd  571  steps 2342912  sps 787  opp symm  loss -0.057  pg -0.0061  v 0.012  ev +0.95  adv_std 0.179  tR -0.20  ent[s/d/p/e] 1.53/2.51/0.36/0.66  emits 1.75  spf 16.3  z0 0.09  garr 17.9  tG 215  e2 0.38  nF 31.6  pS 0.29  ptS 0.29  fLog 0.36  pdΔ -0.2095  pkR 16.49  clip 0.49  kl +0.141
upd  572  steps 2347008  sps 787  opp symm  loss -0.060  pg -0.0090  v 0.011  ev +0.96  adv_std 0.176  tR +0.07  ent[s/d/p/e] 1.47/2.51/0.36/0.67  emits 1.68  spf 15.8  z0 0.09  garr 17.8  tG 204  e2 0.36  nF 31.0  pS 0.29  ptS 0.28  fLog 0.35  pdΔ -0.2141  pkR 10.59  clip 0.49  kl +0.117
upd  573  steps 2351104  sps 787  opp symm  loss -0.075  pg -0.0237  v 0.012  ev +0.95  adv_std 0.179  tR +0.17  ent[s/d/p/e] 1.49/2.54/0.37/0.66  emits 1.70  spf 16.7  z0 0.07  garr 18.2  tG 203  e2 0.38  nF 30.8  pS 0.30  ptS 0.28  fLog 0.36  pdΔ -0.2030  pkR 9.44  clip 0.48  kl +0.116
upd  574  steps 2355200  sps 788  opp symm  loss -0.066  pg -0.0178  v 0.013  ev +0.94  adv_std 0.190  tR +0.07  ent[s/d/p/e] 1.33/2.51/0.29/0.66  emits 1.73  spf 14.7  z0 0.06  garr 17.0  tG 186  e2 0.37  nF 30.0  pS 0.27  ptS 0.26  fLog 0.34  pdΔ -0.2336  pkR 12.31  clip 0.49  kl +0.122
upd  575  steps 2359296  sps 788  opp symm  loss -0.070  pg -0.0202  v 0.014  ev +0.94  adv_std 0.189  tR -0.45  ent[s/d/p/e] 1.44/2.54/0.33/0.65  emits 1.89  spf 14.6  z0 0.03  garr 17.0  tG 173  e2 0.42  nF 32.5  pS 0.28  ptS 0.28  fLog 0.35  pdΔ -0.2166  pkR 12.95  clip 0.53  kl +0.135
upd  576  steps 2363392  sps 788  opp symm  loss -0.072  pg -0.0182  v 0.010  ev +0.96  adv_std 0.167  tR +0.27  ent[s/d/p/e] 1.59/2.58/0.40/0.65  emits 1.96  spf 16.5  z0 0.08  garr 18.4  tG 210  e2 0.44  nF 34.4  pS 0.32  ptS 0.31  fLog 0.36  pdΔ -0.1823  pkR 9.79  clip 0.48  kl +0.112
upd  577  steps 2367488  sps 788  opp symm  loss -0.077  pg -0.0217  v 0.008  ev +0.97  adv_std 0.154  tR -0.07  ent[s/d/p/e] 1.60/2.59/0.42/0.65  emits 1.87  spf 17.4  z0 0.06  garr 20.7  tG 266  e2 0.40  nF 31.8  pS 0.32  ptS 0.31  fLog 0.35  pdΔ -0.1790  pkR 8.95  clip 0.47  kl +0.102
upd  578  steps 2371584  sps 788  opp symm  loss -0.075  pg -0.0217  v 0.009  ev +0.97  adv_std 0.160  tR +0.06  ent[s/d/p/e] 1.55/2.55/0.41/0.65  emits 1.73  spf 19.0  z0 0.09  garr 21.8  tG 292  e2 0.38  nF 28.7  pS 0.32  ptS 0.31  fLog 0.36  pdΔ -0.1848  pkR 9.41  clip 0.45  kl +0.099
upd  579  steps 2375680  sps 789  opp symm  loss -0.073  pg -0.0217  v 0.009  ev +0.95  adv_std 0.155  tR +0.50  ent[s/d/p/e] 1.43/2.53/0.35/0.66  emits 1.77  spf 16.9  z0 0.04  garr 19.8  tG 237  e2 0.38  nF 28.7  pS 0.28  ptS 0.28  fLog 0.35  pdΔ -0.2159  pkR 12.07  clip 0.49  kl +0.111
upd  580  steps 2379776  sps 789  opp symm  loss -0.075  pg -0.0228  v 0.012  ev +0.95  adv_std 0.178  tR -0.17  ent[s/d/p/e] 1.56/2.58/0.39/0.65  emits 1.92  spf 17.5  z0 0.05  garr 20.3  tG 250  e2 0.44  nF 31.6  pS 0.32  ptS 0.31  fLog 0.36  pdΔ -0.1792  pkR 10.16  clip 0.49  kl +0.110
upd  581  steps 2383872  sps 789  opp symm  loss -0.076  pg -0.0208  v 0.011  ev +0.95  adv_std 0.169  tR +0.27  ent[s/d/p/e] 1.67/2.62/0.43/0.65  emits 2.03  spf 17.7  z0 0.02  garr 23.5  tG 303  e2 0.46  nF 34.2  pS 0.36  ptS 0.36  fLog 0.36  pdΔ -0.1381  pkR 9.59  clip 0.49  kl +0.111
upd  582  steps 2387968  sps 789  opp symm  loss -0.074  pg -0.0190  v 0.012  ev +0.95  adv_std 0.175  tR +0.45  ent[s/d/p/e] 1.74/2.61/0.46/0.65  emits 2.07  spf 18.5  z0 0.01  garr 24.3  tG 337  e2 0.45  nF 35.2  pS 0.39  ptS 0.38  fLog 0.37  pdΔ -0.1065  pkR 8.47  clip 0.48  kl +0.116
upd  583  steps 2392064  sps 789  opp symm  loss -0.080  pg -0.0243  v 0.011  ev +0.96  adv_std 0.172  tR +0.83  ent[s/d/p/e] 1.81/2.61/0.45/0.64  emits 2.18  spf 18.2  z0 0.04  garr 22.6  tG 310  e2 0.49  nF 35.7  pS 0.40  ptS 0.39  fLog 0.38  pdΔ -0.1030  pkR 7.66  clip 0.48  kl +0.092
upd  584  steps 2396160  sps 790  opp symm  loss -0.078  pg -0.0231  v 0.009  ev +0.97  adv_std 0.162  tR +0.43  ent[s/d/p/e] 1.71/2.57/0.42/0.63  emits 2.01  spf 17.8  z0 0.05  garr 20.0  tG 273  e2 0.44  nF 34.1  pS 0.35  ptS 0.36  fLog 0.36  pdΔ -0.1465  pkR 6.85  clip 0.50  kl +0.105
upd  585  steps 2400256  sps 790  opp symm  loss -0.062  pg -0.0116  v 0.015  ev +0.95  adv_std 0.205  tR +0.29  ent[s/d/p/e] 1.57/2.54/0.39/0.66  emits 1.79  spf 17.3  z0 0.08  garr 19.0  tG 269  e2 0.38  nF 32.4  pS 0.31  ptS 0.31  fLog 0.35  pdΔ -0.1899  pkR 11.93  clip 0.48  kl +0.104
upd  586  steps 2404352  sps 790  opp symm  loss -0.070  pg -0.0187  v 0.012  ev +0.96  adv_std 0.176  tR +0.22  ent[s/d/p/e] 1.51/2.49/0.40/0.64  emits 1.77  spf 16.9  z0 0.05  garr 19.3  tG 259  e2 0.38  nF 29.7  pS 0.32  ptS 0.31  fLog 0.35  pdΔ -0.1826  pkR 11.74  clip 0.50  kl +0.114
upd  587  steps 2408448  sps 790  opp symm  loss -0.053  pg -0.0022  v 0.011  ev +0.96  adv_std 0.175  tR +0.20  ent[s/d/p/e] 1.43/2.52/0.39/0.66  emits 1.73  spf 16.0  z0 0.06  garr 18.3  tG 239  e2 0.36  nF 32.6  pS 0.29  ptS 0.29  fLog 0.35  pdΔ -0.2051  pkR 9.85  clip 0.50  kl +0.134
upd  588  steps 2412544  sps 790  opp symm  loss -0.070  pg -0.0154  v 0.009  ev +0.97  adv_std 0.165  tR +0.00  ent[s/d/p/e] 1.60/2.53/0.45/0.66  emits 1.67  spf 19.8  z0 0.07  garr 22.6  tG 295  e2 0.37  nF 29.9  pS 0.33  ptS 0.32  fLog 0.37  pdΔ -0.1693  pkR 8.57  clip 0.48  kl +0.125
upd  589  steps 2416640  sps 791  opp symm  loss -0.073  pg -0.0200  v 0.010  ev +0.97  adv_std 0.168  tR -0.08  ent[s/d/p/e] 1.59/2.52/0.41/0.65  emits 1.70  spf 21.0  z0 0.06  garr 25.3  tG 334  e2 0.37  nF 29.3  pS 0.34  ptS 0.33  fLog 0.38  pdΔ -0.1596  pkR 6.98  clip 0.47  kl +0.108
upd  590  steps 2420736  sps 791  opp symm  loss -0.063  pg -0.0113  v 0.012  ev +0.96  adv_std 0.183  tR +0.33  ent[s/d/p/e] 1.58/2.51/0.39/0.64  emits 1.73  spf 23.1  z0 0.08  garr 26.2  tG 376  e2 0.38  nF 29.4  pS 0.35  ptS 0.34  fLog 0.38  pdΔ -0.1491  pkR 7.62  clip 0.48  kl +0.163
upd  591  steps 2424832  sps 791  opp symm  loss -0.065  pg -0.0135  v 0.010  ev +0.97  adv_std 0.164  tR +0.11  ent[s/d/p/e] 1.45/2.50/0.38/0.67  emits 1.61  spf 22.0  z0 0.11  garr 24.9  tG 355  e2 0.36  nF 27.5  pS 0.31  ptS 0.30  fLog 0.37  pdΔ -0.1915  pkR 8.19  clip 0.47  kl +0.113
upd  592  steps 2428928  sps 791  opp symm  loss -0.072  pg -0.0227  v 0.012  ev +0.96  adv_std 0.180  tR -0.33  ent[s/d/p/e] 1.31/2.55/0.33/0.66  emits 1.53  spf 19.3  z0 0.10  garr 21.8  tG 283  e2 0.34  nF 26.1  pS 0.27  ptS 0.26  fLog 0.35  pdΔ -0.2288  pkR 10.91  clip 0.44  kl +0.089
upd  593  steps 2433024  sps 791  opp symm  loss -0.075  pg -0.0260  v 0.013  ev +0.96  adv_std 0.186  tR +0.06  ent[s/d/p/e] 1.37/2.55/0.34/0.66  emits 1.55  spf 17.4  z0 0.09  garr 20.5  tG 265  e2 0.34  nF 27.6  pS 0.28  ptS 0.27  fLog 0.35  pdΔ -0.2223  pkR 9.48  clip 0.42  kl +0.094
upd  594  steps 2437120  sps 792  opp symm  loss -0.074  pg -0.0233  v 0.009  ev +0.96  adv_std 0.163  tR +0.29  ent[s/d/p/e] 1.29/2.56/0.32/0.66  emits 1.62  spf 15.6  z0 0.05  garr 17.9  tG 221  e2 0.35  nF 28.8  pS 0.26  ptS 0.26  fLog 0.34  pdΔ -0.2389  pkR 9.93  clip 0.45  kl +0.088
upd  595  steps 2441216  sps 792  opp symm  loss -0.072  pg -0.0249  v 0.018  ev +0.93  adv_std 0.216  tR -0.09  ent[s/d/p/e] 1.32/2.57/0.31/0.67  emits 1.62  spf 14.7  z0 0.06  garr 18.0  tG 202  e2 0.36  nF 30.1  pS 0.27  ptS 0.26  fLog 0.34  pdΔ -0.2313  pkR 12.56  clip 0.46  kl +0.093
upd  596  steps 2445312  sps 792  opp symm  loss -0.075  pg -0.0239  v 0.014  ev +0.95  adv_std 0.197  tR +0.40  ent[s/d/p/e] 1.50/2.60/0.36/0.67  emits 1.71  spf 17.4  z0 0.04  garr 23.3  tG 273  e2 0.38  nF 30.0  pS 0.32  ptS 0.31  fLog 0.36  pdΔ -0.1834  pkR 11.40  clip 0.47  kl +0.112
upd  597  steps 2449408  sps 792  opp symm  loss -0.076  pg -0.0236  v 0.012  ev +0.96  adv_std 0.184  tR -0.40  ent[s/d/p/e] 1.54/2.59/0.39/0.67  emits 1.61  spf 18.2  z0 0.07  garr 23.3  tG 290  e2 0.37  nF 28.2  pS 0.33  ptS 0.32  fLog 0.36  pdΔ -0.1702  pkR 11.62  clip 0.45  kl +0.097
upd  598  steps 2453504  sps 792  opp symm  loss -0.083  pg -0.0271  v 0.009  ev +0.97  adv_std 0.164  tR +0.17  ent[s/d/p/e] 1.67/2.58/0.41/0.67  emits 1.65  spf 21.7  z0 0.06  garr 31.1  tG 415  e2 0.37  nF 28.0  pS 0.38  ptS 0.37  fLog 0.38  pdΔ -0.1153  pkR 9.21  clip 0.46  kl +0.095
[eval_vs_v20] u599 tag=train_u599  bin0=2.1%  spf=4.48  garr=15.77  flip=2.91%  z0=1.9%  e8=2.5%  e2+=16.2%  WLD=0/3/0
upd  599  steps 2457600  sps 793  opp symm  loss -0.077  pg -0.0198  v 0.007  ev +0.97  adv_std 0.149  tR +0.20  ent[s/d/p/e] 1.74/2.57/0.45/0.67  emits 1.68  spf 23.9  z0 0.06  garr 32.6  tG 449  e2 0.36  nF 28.3  pS 0.40  ptS 0.39  fLog 0.39  pdΔ -0.1016  pkR 6.58  clip 0.47  kl +0.107 WRr 0.72 v20[spf 4.5 flip 2.9% e2+ 16.2%]
[ckpt] saved ./ckpt_multi_action_v12_lux/ckpt_000599.pkl opp=symm WARN opp=symm (prefer strn/frzn for replay-aligned ckpt; see .meta.json)
upd  600  steps 2461696  sps 774  opp symm  loss -0.075  pg -0.0198  v 0.011  ev +0.95  adv_std 0.175  tR +0.47  ent[s/d/p/e] 1.73/2.56/0.42/0.66  emits 1.69  spf 23.9  z0 0.05  garr 30.5  tG 448  e2 0.36  nF 27.6  pS 0.39  ptS 0.38  fLog 0.39  pdΔ -0.1116  pkR 6.99  clip 0.47  kl +0.123
upd  601  steps 2465792  sps 774  opp symm  loss -0.065  pg -0.0142  v 0.014  ev +0.94  adv_std 0.199  tR +0.12  ent[s/d/p/e] 1.62/2.50/0.38/0.65  emits 1.76  spf 19.6  z0 0.06  garr 26.3  tG 355  e2 0.37  nF 29.0  pS 0.35  ptS 0.35  fLog 0.37  pdΔ -0.1521  pkR 6.66  clip 0.47  kl +0.127
upd  602  steps 2469888  sps 775  opp symm  loss -0.074  pg -0.0232  v 0.010  ev +0.96  adv_std 0.162  tR +0.57  ent[s/d/p/e] 1.40/2.49/0.31/0.67  emits 1.59  spf 17.7  z0 0.07  garr 22.6  tG 273  e2 0.35  nF 28.4  pS 0.29  ptS 0.29  fLog 0.35  pdΔ -0.2107  pkR 9.04  clip 0.48  kl +0.111
upd  603  steps 2473984  sps 775  opp symm  loss -0.069  pg -0.0186  v 0.010  ev +0.97  adv_std 0.165  tR -0.14  ent[s/d/p/e] 1.36/2.51/0.32/0.68  emits 1.53  spf 17.8  z0 0.04  garr 22.6  tG 295  e2 0.33  nF 30.2  pS 0.29  ptS 0.29  fLog 0.35  pdΔ -0.2056  pkR 9.75  clip 0.49  kl +0.133
upd  604  steps 2478080  sps 775  opp symm  loss -0.070  pg -0.0194  v 0.010  ev +0.97  adv_std 0.163  tR +0.23  ent[s/d/p/e] 1.35/2.54/0.36/0.68  emits 1.49  spf 20.5  z0 0.06  garr 23.6  tG 327  e2 0.30  nF 28.1  pS 0.28  ptS 0.28  fLog 0.35  pdΔ -0.2195  pkR 11.60  clip 0.43  kl +0.088
upd  605  steps 2482176  sps 775  opp symm  loss -0.068  pg -0.0172  v 0.009  ev +0.97  adv_std 0.160  tR +0.25  ent[s/d/p/e] 1.33/2.56/0.33/0.68  emits 1.53  spf 16.0  z0 0.05  garr 20.2  tG 248  e2 0.34  nF 30.2  pS 0.29  ptS 0.28  fLog 0.34  pdΔ -0.2120  pkR 12.35  clip 0.46  kl +0.103
upd  606  steps 2486272  sps 775  opp symm  loss -0.069  pg -0.0163  v 0.008  ev +0.98  adv_std 0.147  tR -0.14  ent[s/d/p/e] 1.36/2.59/0.32/0.68  emits 1.44  spf 16.0  z0 0.10  garr 19.4  tG 245  e2 0.30  nF 28.7  pS 0.27  ptS 0.27  fLog 0.34  pdΔ -0.2272  pkR 12.22  clip 0.41  kl +0.090
upd  607  steps 2490368  sps 776  opp symm  loss -0.075  pg -0.0225  v 0.008  ev +0.97  adv_std 0.151  tR +0.17  ent[s/d/p/e] 1.38/2.58/0.35/0.67  emits 1.53  spf 17.3  z0 0.07  garr 19.3  tG 252  e2 0.32  nF 29.7  pS 0.28  ptS 0.28  fLog 0.35  pdΔ -0.2187  pkR 10.05  clip 0.42  kl +0.096
upd  608  steps 2494464  sps 776  opp symm  loss -0.073  pg -0.0210  v 0.010  ev +0.96  adv_std 0.158  tR +0.17  ent[s/d/p/e] 1.44/2.56/0.35/0.67  emits 1.58  spf 16.4  z0 0.05  garr 20.2  tG 251  e2 0.33  nF 30.7  pS 0.31  ptS 0.30  fLog 0.35  pdΔ -0.1914  pkR 9.08  clip 0.44  kl +0.097
upd  609  steps 2498560  sps 776  opp symm  loss -0.076  pg -0.0257  v 0.010  ev +0.96  adv_std 0.166  tR +0.33  ent[s/d/p/e] 1.36/2.53/0.33/0.68  emits 1.56  spf 15.8  z0 0.04  garr 20.9  tG 247  e2 0.33  nF 28.8  pS 0.29  ptS 0.28  fLog 0.34  pdΔ -0.2093  pkR 12.08  clip 0.45  kl +0.081
upd  610  steps 2502656  sps 776  opp symm  loss -0.078  pg -0.0271  v 0.011  ev +0.96  adv_std 0.171  tR -0.23  ent[s/d/p/e] 1.45/2.54/0.35/0.67  emits 1.60  spf 16.8  z0 0.07  garr 22.8  tG 268  e2 0.35  nF 29.8  pS 0.30  ptS 0.29  fLog 0.35  pdΔ -0.2040  pkR 10.76  clip 0.45  kl +0.099
upd  611  steps 2506752  sps 776  opp symm  loss -0.067  pg -0.0180  v 0.014  ev +0.95  adv_std 0.188  tR -0.11  ent[s/d/p/e] 1.47/2.51/0.36/0.65  emits 1.70  spf 16.1  z0 0.06  garr 22.4  tG 258  e2 0.38  nF 28.5  pS 0.31  ptS 0.30  fLog 0.35  pdΔ -0.1943  pkR 8.11  clip 0.48  kl +0.126
upd  612  steps 2510848  sps 777  opp symm  loss -0.071  pg -0.0168  v 0.010  ev +0.97  adv_std 0.166  tR +0.07  ent[s/d/p/e] 1.65/2.49/0.44/0.65  emits 1.81  spf 18.2  z0 0.07  garr 23.3  tG 288  e2 0.40  nF 31.0  pS 0.35  ptS 0.34  fLog 0.37  pdΔ -0.1528  pkR 7.21  clip 0.47  kl +0.098
upd  613  steps 2514944  sps 777  opp symm  loss -0.075  pg -0.0230  v 0.013  ev +0.96  adv_std 0.183  tR +0.17  ent[s/d/p/e] 1.54/2.49/0.43/0.66  emits 1.65  spf 18.1  z0 0.09  garr 23.1  tG 295  e2 0.36  nF 30.1  pS 0.32  ptS 0.31  fLog 0.36  pdΔ -0.1786  pkR 8.73  clip 0.47  kl +0.106
upd  614  steps 2519040  sps 777  opp symm  loss -0.061  pg -0.0122  v 0.014  ev +0.95  adv_std 0.193  tR +0.11  ent[s/d/p/e] 1.45/2.47/0.38/0.66  emits 1.75  spf 17.0  z0 0.06  garr 21.2  tG 274  e2 0.40  nF 29.9  pS 0.32  ptS 0.31  fLog 0.35  pdΔ -0.1808  pkR 8.76  clip 0.49  kl +0.117
upd  615  steps 2523136  sps 777  opp symm  loss -0.072  pg -0.0208  v 0.011  ev +0.96  adv_std 0.171  tR +0.11  ent[s/d/p/e] 1.53/2.50/0.36/0.66  emits 1.67  spf 16.5  z0 0.08  garr 20.5  tG 237  e2 0.37  nF 29.3  pS 0.31  ptS 0.30  fLog 0.35  pdΔ -0.1932  pkR 11.49  clip 0.48  kl +0.103
upd  616  steps 2527232  sps 777  opp symm  loss -0.066  pg -0.0130  v 0.009  ev +0.97  adv_std 0.149  tR +0.25  ent[s/d/p/e] 1.57/2.44/0.40/0.65  emits 1.83  spf 18.2  z0 0.07  garr 22.2  tG 278  e2 0.38  nF 30.4  pS 0.31  ptS 0.31  fLog 0.36  pdΔ -0.1874  pkR 10.42  clip 0.48  kl +0.124
upd  617  steps 2531328  sps 778  opp symm  loss -0.073  pg -0.0216  v 0.010  ev +0.96  adv_std 0.165  tR +0.11  ent[s/d/p/e] 1.49/2.48/0.35/0.66  emits 1.71  spf 16.7  z0 0.09  garr 21.6  tG 277  e2 0.37  nF 30.7  pS 0.30  ptS 0.30  fLog 0.35  pdΔ -0.2001  pkR 8.45  clip 0.47  kl +0.105
upd  618  steps 2535424  sps 778  opp symm  loss -0.076  pg -0.0223  v 0.009  ev +0.96  adv_std 0.153  tR +0.00  ent[s/d/p/e] 1.64/2.50/0.39/0.66  emits 1.69  spf 19.2  z0 0.08  garr 24.9  tG 332  e2 0.34  nF 28.9  pS 0.34  ptS 0.33  fLog 0.37  pdΔ -0.1638  pkR 13.05  clip 0.44  kl +0.087
upd  619  steps 2539520  sps 778  opp symm  loss -0.072  pg -0.0202  v 0.011  ev +0.95  adv_std 0.172  tR +0.25  ent[s/d/p/e] 1.51/2.49/0.39/0.65  emits 1.63  spf 19.7  z0 0.08  garr 24.7  tG 312  e2 0.34  nF 28.0  pS 0.31  ptS 0.30  fLog 0.37  pdΔ -0.1860  pkR 13.09  clip 0.46  kl +0.100
upd  620  steps 2543616  sps 778  opp symm  loss -0.065  pg -0.0154  v 0.014  ev +0.93  adv_std 0.192  tR +0.17  ent[s/d/p/e] 1.49/2.50/0.38/0.66  emits 1.69  spf 20.5  z0 0.06  garr 25.1  tG 328  e2 0.36  nF 28.5  pS 0.32  ptS 0.30  fLog 0.36  pdΔ -0.1836  pkR 11.14  clip 0.48  kl +0.112
upd  621  steps 2547712  sps 778  opp symm  loss -0.078  pg -0.0276  v 0.015  ev +0.93  adv_std 0.199  tR +0.00  ent[s/d/p/e] 1.63/2.51/0.41/0.66  emits 1.85  spf 20.7  z0 0.04  garr 25.4  tG 323  e2 0.40  nF 31.6  pS 0.34  ptS 0.33  fLog 0.37  pdΔ -0.1561  pkR 9.77  clip 0.49  kl +0.106
upd  622  steps 2551808  sps 779  opp symm  loss -0.073  pg -0.0209  v 0.011  ev +0.96  adv_std 0.173  tR +0.50  ent[s/d/p/e] 1.54/2.50/0.39/0.66  emits 1.74  spf 17.0  z0 0.06  garr 22.0  tG 278  e2 0.38  nF 30.5  pS 0.33  ptS 0.32  fLog 0.35  pdΔ -0.1692  pkR 10.62  clip 0.47  kl +0.103
upd  623  steps 2555904  sps 779  opp symm  loss -0.075  pg -0.0236  v 0.011  ev +0.96  adv_std 0.167  tR +0.14  ent[s/d/p/e] 1.39/2.54/0.37/0.67  emits 1.52  spf 16.7  z0 0.06  garr 20.4  tG 248  e2 0.31  nF 28.4  pS 0.28  ptS 0.28  fLog 0.34  pdΔ -0.2224  pkR 11.35  clip 0.44  kl +0.092
upd  624  steps 2560000  sps 779  opp symm  loss -0.074  pg -0.0220  v 0.011  ev +0.96  adv_std 0.166  tR +0.18  ent[s/d/p/e] 1.43/2.55/0.36/0.67  emits 1.46  spf 18.2  z0 0.10  garr 20.1  tG 261  e2 0.28  nF 27.8  pS 0.28  ptS 0.28  fLog 0.34  pdΔ -0.2215  pkR 8.80  clip 0.43  kl +0.098
upd  625  steps 2564096  sps 779  opp symm  loss -0.074  pg -0.0265  v 0.014  ev +0.93  adv_std 0.197  tR +0.11  ent[s/d/p/e] 1.23/2.51/0.33/0.67  emits 1.47  spf 15.9  z0 0.07  garr 18.1  tG 220  e2 0.30  nF 28.7  pS 0.25  ptS 0.25  fLog 0.33  pdΔ -0.2510  pkR 10.51  clip 0.43  kl +0.080
upd  626  steps 2568192  sps 779  opp symm  loss -0.069  pg -0.0198  v 0.014  ev +0.94  adv_std 0.190  tR +0.00  ent[s/d/p/e] 1.41/2.51/0.35/0.67  emits 1.66  spf 16.1  z0 0.05  garr 19.3  tG 231  e2 0.36  nF 31.7  pS 0.29  ptS 0.29  fLog 0.34  pdΔ -0.2100  pkR 9.96  clip 0.49  kl +0.110
upd  627  steps 2572288  sps 780  opp symm  loss -0.071  pg -0.0183  v 0.010  ev +0.96  adv_std 0.160  tR +0.23  ent[s/d/p/e] 1.50/2.52/0.38/0.67  emits 1.62  spf 17.1  z0 0.07  garr 19.9  tG 237  e2 0.35  nF 29.1  pS 0.30  ptS 0.30  fLog 0.36  pdΔ -0.1964  pkR 9.14  clip 0.48  kl +0.108
upd  628  steps 2576384  sps 780  opp symm  loss -0.071  pg -0.0218  v 0.014  ev +0.94  adv_std 0.187  tR +0.33  ent[s/d/p/e] 1.39/2.50/0.34/0.67  emits 1.61  spf 16.5  z0 0.05  garr 19.7  tG 229  e2 0.34  nF 28.3  pS 0.28  ptS 0.28  fLog 0.35  pdΔ -0.2156  pkR 8.87  clip 0.47  kl +0.088
upd  629  steps 2580480  sps 780  opp symm  loss -0.069  pg -0.0207  v 0.013  ev +0.94  adv_std 0.186  tR +0.00  ent[s/d/p/e] 1.39/2.46/0.34/0.67  emits 1.56  spf 16.4  z0 0.08  garr 21.0  tG 221  e2 0.33  nF 27.2  pS 0.27  ptS 0.27  fLog 0.35  pdΔ -0.2323  pkR 11.34  clip 0.48  kl +0.095
upd  630  steps 2584576  sps 780  opp symm  loss -0.073  pg -0.0227  v 0.009  ev +0.96  adv_std 0.156  tR -0.08  ent[s/d/p/e] 1.41/2.45/0.35/0.67  emits 1.50  spf 17.7  z0 0.10  garr 23.5  tG 262  e2 0.33  nF 26.4  pS 0.27  ptS 0.27  fLog 0.36  pdΔ -0.2264  pkR 16.84  clip 0.48  kl +0.098
upd  631  steps 2588672  sps 780  opp symm  loss -0.071  pg -0.0201  v 0.011  ev +0.96  adv_std 0.168  tR -0.57  ent[s/d/p/e] 1.49/2.45/0.36/0.67  emits 1.55  spf 20.0  z0 0.09  garr 25.4  tG 304  e2 0.35  nF 26.4  pS 0.30  ptS 0.29  fLog 0.37  pdΔ -0.2025  pkR 16.24  clip 0.49  kl +0.116
upd  632  steps 2592768  sps 781  opp symm  loss -0.068  pg -0.0182  v 0.013  ev +0.94  adv_std 0.190  tR +0.11  ent[s/d/p/e] 1.51/2.42/0.40/0.66  emits 1.58  spf 19.7  z0 0.09  garr 23.4  tG 261  e2 0.33  nF 26.7  pS 0.30  ptS 0.29  fLog 0.37  pdΔ -0.1994  pkR 9.67  clip 0.50  kl +0.126
upd  633  steps 2596864  sps 781  opp symm  loss -0.070  pg -0.0199  v 0.013  ev +0.94  adv_std 0.190  tR +0.33  ent[s/d/p/e] 1.49/2.43/0.39/0.67  emits 1.74  spf 18.7  z0 0.02  garr 24.4  tG 284  e2 0.38  nF 29.9  pS 0.33  ptS 0.32  fLog 0.36  pdΔ -0.1715  pkR 9.46  clip 0.53  kl +0.116
upd  634  steps 2600960  sps 781  opp symm  loss -0.074  pg -0.0233  v 0.012  ev +0.95  adv_std 0.178  tR +0.07  ent[s/d/p/e] 1.49/2.46/0.42/0.67  emits 1.60  spf 17.2  z0 0.07  garr 22.1  tG 247  e2 0.34  nF 30.4  pS 0.31  ptS 0.30  fLog 0.36  pdΔ -0.1937  pkR 8.58  clip 0.51  kl +0.119
upd  635  steps 2605056  sps 781  opp symm  loss -0.078  pg -0.0244  v 0.010  ev +0.96  adv_std 0.156  tR -0.14  ent[s/d/p/e] 1.58/2.50/0.41/0.67  emits 1.53  spf 21.6  z0 0.09  garr 28.3  tG 351  e2 0.35  nF 29.2  pS 0.34  ptS 0.33  fLog 0.38  pdΔ -0.1579  pkR 9.86  clip 0.49  kl +0.113
upd  636  steps 2609152  sps 781  opp symm  loss -0.073  pg -0.0188  v 0.010  ev +0.95  adv_std 0.162  tR -0.17  ent[s/d/p/e] 1.68/2.51/0.46/0.67  emits 1.77  spf 22.4  z0 0.05  garr 28.2  tG 343  e2 0.41  nF 29.3  pS 0.37  ptS 0.36  fLog 0.39  pdΔ -0.1272  pkR 8.26  clip 0.52  kl +0.117
upd  637  steps 2613248  sps 782  opp symm  loss -0.067  pg -0.0144  v 0.014  ev +0.94  adv_std 0.194  tR +0.60  ent[s/d/p/e] 1.64/2.53/0.45/0.67  emits 1.80  spf 20.9  z0 0.04  garr 28.1  tG 314  e2 0.41  nF 30.0  pS 0.37  ptS 0.35  fLog 0.39  pdΔ -0.1270  pkR 8.93  clip 0.52  kl +0.112
upd  638  steps 2617344  sps 782  opp symm  loss -0.075  pg -0.0223  v 0.012  ev +0.96  adv_std 0.180  tR +0.33  ent[s/d/p/e] 1.61/2.53/0.44/0.66  emits 1.75  spf 17.2  z0 0.07  garr 22.0  tG 231  e2 0.40  nF 30.6  pS 0.34  ptS 0.32  fLog 0.37  pdΔ -0.1587  pkR 7.52  clip 0.52  kl +0.120
upd  639  steps 2621440  sps 782  opp symm  loss -0.072  pg -0.0182  v 0.009  ev +0.97  adv_std 0.157  tR -0.18  ent[s/d/p/e] 1.61/2.50/0.45/0.67  emits 1.66  spf 16.5  z0 0.13  garr 19.6  tG 237  e2 0.35  nF 30.1  pS 0.32  ptS 0.31  fLog 0.36  pdΔ -0.1806  pkR 7.99  clip 0.48  kl +0.124
upd  640  steps 2625536  sps 782  opp symm  loss -0.077  pg -0.0272  v 0.011  ev +0.95  adv_std 0.173  tR +0.14  ent[s/d/p/e] 1.37/2.46/0.37/0.67  emits 1.61  spf 17.0  z0 0.06  garr 18.0  tG 213  e2 0.34  nF 29.7  pS 0.28  ptS 0.27  fLog 0.35  pdΔ -0.2243  pkR 11.22  clip 0.50  kl +0.113
upd  641  steps 2629632  sps 782  opp symm  loss -0.073  pg -0.0228  v 0.011  ev +0.95  adv_std 0.170  tR -0.14  ent[s/d/p/e] 1.44/2.44/0.38/0.65  emits 1.74  spf 13.9  z0 0.05  garr 15.6  tG 165  e2 0.36  nF 32.2  pS 0.26  ptS 0.26  fLog 0.33  pdΔ -0.2393  pkR 14.80  clip 0.51  kl +0.119
upd  642  steps 2633728  sps 782  opp symm  loss -0.074  pg -0.0229  v 0.010  ev +0.95  adv_std 0.164  tR +0.20  ent[s/d/p/e] 1.44/2.42/0.40/0.66  emits 1.72  spf 15.2  z0 0.04  garr 16.9  tG 192  e2 0.35  nF 34.4  pS 0.27  ptS 0.27  fLog 0.34  pdΔ -0.2320  pkR 10.46  clip 0.51  kl +0.121
upd  643  steps 2637824  sps 783  opp symm  loss -0.070  pg -0.0211  v 0.011  ev +0.94  adv_std 0.162  tR +0.38  ent[s/d/p/e] 1.39/2.42/0.37/0.65  emits 1.81  spf 13.9  z0 0.02  garr 16.0  tG 184  e2 0.39  nF 36.0  pS 0.26  ptS 0.27  fLog 0.33  pdΔ -0.2354  pkR 12.73  clip 0.51  kl +0.126
upd  644  steps 2641920  sps 783  opp symm  loss -0.060  pg -0.0106  v 0.013  ev +0.94  adv_std 0.178  tR +0.20  ent[s/d/p/e] 1.49/2.44/0.40/0.65  emits 1.81  spf 15.0  z0 0.06  garr 17.9  tG 205  e2 0.39  nF 36.8  pS 0.28  ptS 0.28  fLog 0.34  pdΔ -0.2181  pkR 12.98  clip 0.51  kl +0.135
upd  645  steps 2646016  sps 783  opp symm  loss -0.072  pg -0.0203  v 0.012  ev +0.94  adv_std 0.176  tR +0.27  ent[s/d/p/e] 1.54/2.49/0.45/0.65  emits 1.84  spf 15.5  z0 0.04  garr 17.6  tG 199  e2 0.40  nF 35.0  pS 0.30  ptS 0.29  fLog 0.34  pdΔ -0.2037  pkR 13.99  clip 0.52  kl +0.121
upd  646  steps 2650112  sps 783  opp symm  loss -0.077  pg -0.0230  v 0.009  ev +0.96  adv_std 0.157  tR +0.00  ent[s/d/p/e] 1.57/2.50/0.45/0.65  emits 1.81  spf 16.5  z0 0.08  garr 19.3  tG 246  e2 0.43  nF 34.3  pS 0.33  ptS 0.32  fLog 0.35  pdΔ -0.1709  pkR 11.29  clip 0.50  kl +0.114
upd  647  steps 2654208  sps 783  opp symm  loss -0.073  pg -0.0211  v 0.011  ev +0.95  adv_std 0.164  tR +0.25  ent[s/d/p/e] 1.56/2.46/0.45/0.65  emits 1.83  spf 17.2  z0 0.05  garr 20.5  tG 247  e2 0.41  nF 32.9  pS 0.32  ptS 0.31  fLog 0.36  pdΔ -0.1783  pkR 14.73  clip 0.53  kl +0.136
upd  648  steps 2658304  sps 784  opp symm  loss -0.067  pg -0.0141  v 0.009  ev +0.96  adv_std 0.148  tR +0.00  ent[s/d/p/e] 1.53/2.42/0.43/0.65  emits 1.83  spf 16.2  z0 0.07  garr 20.2  tG 231  e2 0.39  nF 33.2  pS 0.32  ptS 0.30  fLog 0.36  pdΔ -0.1839  pkR 17.92  clip 0.54  kl +0.143
upd  649  steps 2662400  sps 784  opp symm  loss -0.065  pg -0.0129  v 0.010  ev +0.95  adv_std 0.164  tR +0.27  ent[s/d/p/e] 1.55/2.41/0.43/0.65  emits 1.73  spf 16.7  z0 0.04  garr 21.4  tG 260  e2 0.36  nF 32.9  pS 0.32  ptS 0.31  fLog 0.36  pdΔ -0.1778  pkR 13.57  clip 0.52  kl +0.132
upd  650  steps 2666496  sps 784  opp symm  loss -0.073  pg -0.0195  v 0.008  ev +0.97  adv_std 0.150  tR -0.60  ent[s/d/p/e] 1.57/2.41/0.46/0.67  emits 1.60  spf 19.5  z0 0.08  garr 23.8  tG 311  e2 0.35  nF 30.4  pS 0.33  ptS 0.33  fLog 0.37  pdΔ -0.1655  pkR 8.85  clip 0.51  kl +0.128
upd  651  steps 2670592  sps 784  opp symm  loss -0.068  pg -0.0167  v 0.009  ev +0.97  adv_std 0.153  tR +0.11  ent[s/d/p/e] 1.46/2.40/0.42/0.66  emits 1.51  spf 17.9  z0 0.10  garr 20.3  tG 263  e2 0.32  nF 29.2  pS 0.29  ptS 0.28  fLog 0.36  pdΔ -0.2109  pkR 11.54  clip 0.49  kl +0.119
upd  652  steps 2674688  sps 784  opp symm  loss -0.062  pg -0.0163  v 0.014  ev +0.94  adv_std 0.185  tR +0.33  ent[s/d/p/e] 1.27/2.38/0.32/0.66  emits 1.61  spf 13.6  z0 0.04  garr 14.7  tG 164  e2 0.32  nF 32.4  pS 0.24  ptS 0.24  fLog 0.33  pdΔ -0.2569  pkR 15.11  clip 0.52  kl +0.116
upd  653  steps 2678784  sps 785  opp symm  loss -0.068  pg -0.0196  v 0.011  ev +0.96  adv_std 0.169  tR +0.08  ent[s/d/p/e] 1.30/2.38/0.37/0.66  emits 1.52  spf 12.5  z0 0.11  garr 13.1  tG 123  e2 0.31  nF 32.3  pS 0.22  ptS 0.22  fLog 0.33  pdΔ -0.2770  pkR 15.13  clip 0.48  kl +0.116
upd  654  steps 2682880  sps 785  opp symm  loss -0.068  pg -0.0207  v 0.015  ev +0.94  adv_std 0.198  tR -0.80  ent[s/d/p/e] 1.38/2.40/0.41/0.66  emits 1.59  spf 15.1  z0 0.10  garr 15.4  tG 172  e2 0.35  nF 32.9  pS 0.26  ptS 0.25  fLog 0.34  pdΔ -0.2433  pkR 14.34  clip 0.49  kl +0.120
upd  655  steps 2686976  sps 785  opp symm  loss -0.076  pg -0.0257  v 0.013  ev +0.95  adv_std 0.178  tR +0.07  ent[s/d/p/e] 1.48/2.47/0.43/0.66  emits 1.51  spf 15.4  z0 0.12  garr 16.2  tG 179  e2 0.31  nF 30.5  pS 0.27  ptS 0.26  fLog 0.35  pdΔ -0.2340  pkR 13.51  clip 0.45  kl +0.094
upd  656  steps 2691072  sps 785  opp symm  loss -0.072  pg -0.0218  v 0.012  ev +0.95  adv_std 0.177  tR -0.20  ent[s/d/p/e] 1.46/2.39/0.44/0.67  emits 1.60  spf 15.8  z0 0.07  garr 18.1  tG 191  e2 0.33  nF 29.7  pS 0.27  ptS 0.27  fLog 0.35  pdΔ -0.2253  pkR 11.25  clip 0.48  kl +0.100
upd  657  steps 2695168  sps 785  opp symm  loss -0.073  pg -0.0205  v 0.009  ev +0.96  adv_std 0.153  tR -0.50  ent[s/d/p/e] 1.51/2.40/0.46/0.67  emits 1.67  spf 17.6  z0 0.05  garr 21.7  tG 264  e2 0.37  nF 31.3  pS 0.32  ptS 0.31  fLog 0.36  pdΔ -0.1849  pkR 10.53  clip 0.51  kl +0.115
upd  658  steps 2699264  sps 785  opp symm  loss -0.081  pg -0.0276  v 0.010  ev +0.96  adv_std 0.160  tR +0.64  ent[s/d/p/e] 1.57/2.45/0.49/0.67  emits 1.73  spf 18.3  z0 0.03  garr 22.3  tG 297  e2 0.40  nF 30.7  pS 0.34  ptS 0.33  fLog 0.36  pdΔ -0.1567  pkR 9.76  clip 0.50  kl +0.093
upd  659  steps 2703360  sps 786  opp symm  loss -0.066  pg -0.0152  v 0.014  ev +0.93  adv_std 0.192  tR +0.00  ent[s/d/p/e] 1.57/2.43/0.48/0.67  emits 1.79  spf 17.8  z0 0.03  garr 20.9  tG 274  e2 0.41  nF 31.1  pS 0.34  ptS 0.33  fLog 0.36  pdΔ -0.1637  pkR 11.99  clip 0.51  kl +0.115
upd  660  steps 2707456  sps 786  opp symm  loss -0.069  pg -0.0180  v 0.011  ev +0.96  adv_std 0.169  tR +0.75  ent[s/d/p/e] 1.51/2.37/0.49/0.67  emits 1.68  spf 16.8  z0 0.07  garr 18.5  tG 222  e2 0.37  nF 31.0  pS 0.30  ptS 0.29  fLog 0.35  pdΔ -0.1996  pkR 16.40  clip 0.51  kl +0.120
upd  661  steps 2711552  sps 786  opp symm  loss -0.072  pg -0.0203  v 0.010  ev +0.96  adv_std 0.162  tR -0.05  ent[s/d/p/e] 1.45/2.38/0.47/0.67  emits 1.59  spf 16.6  z0 0.05  garr 19.8  tG 255  e2 0.34  nF 29.9  pS 0.30  ptS 0.29  fLog 0.34  pdΔ -0.1961  pkR 10.77  clip 0.49  kl +0.102
upd  662  steps 2715648  sps 786  opp symm  loss -0.071  pg -0.0187  v 0.010  ev +0.96  adv_std 0.158  tR +0.17  ent[s/d/p/e] 1.50/2.39/0.48/0.67  emits 1.73  spf 17.5  z0 0.05  garr 20.9  tG 269  e2 0.39  nF 32.5  pS 0.32  ptS 0.31  fLog 0.35  pdΔ -0.1809  pkR 10.83  clip 0.50  kl +0.115
upd  663  steps 2719744  sps 786  opp symm  loss -0.078  pg -0.0255  v 0.012  ev +0.96  adv_std 0.179  tR +0.00  ent[s/d/p/e] 1.54/2.42/0.50/0.68  emits 1.70  spf 18.3  z0 0.03  garr 23.8  tG 321  e2 0.38  nF 33.4  pS 0.33  ptS 0.33  fLog 0.36  pdΔ -0.1659  pkR 11.53  clip 0.50  kl +0.098
upd  664  steps 2723840  sps 786  opp symm  loss -0.080  pg -0.0279  v 0.013  ev +0.95  adv_std 0.186  tR +0.08  ent[s/d/p/e] 1.59/2.46/0.48/0.68  emits 1.67  spf 19.9  z0 0.05  garr 24.3  tG 317  e2 0.36  nF 31.0  pS 0.34  ptS 0.33  fLog 0.37  pdΔ -0.1647  pkR 9.54  clip 0.48  kl +0.098
upd  665  steps 2727936  sps 787  opp symm  loss -0.079  pg -0.0258  v 0.011  ev +0.96  adv_std 0.175  tR +0.20  ent[s/d/p/e] 1.57/2.47/0.52/0.68  emits 1.70  spf 19.0  z0 0.05  garr 23.9  tG 296  e2 0.38  nF 30.9  pS 0.33  ptS 0.32  fLog 0.37  pdΔ -0.1744  pkR 9.01  clip 0.48  kl +0.099
upd  666  steps 2732032  sps 787  opp symm  loss -0.076  pg -0.0240  v 0.014  ev +0.95  adv_std 0.192  tR +0.27  ent[s/d/p/e] 1.61/2.43/0.52/0.68  emits 1.59  spf 19.5  z0 0.09  garr 23.6  tG 298  e2 0.36  nF 28.7  pS 0.33  ptS 0.32  fLog 0.37  pdΔ -0.1736  pkR 9.39  clip 0.47  kl +0.099
upd  667  steps 2736128  sps 787  opp symm  loss -0.075  pg -0.0222  v 0.013  ev +0.95  adv_std 0.188  tR +0.00  ent[s/d/p/e] 1.61/2.44/0.54/0.67  emits 1.76  spf 19.1  z0 0.03  garr 23.9  tG 296  e2 0.39  nF 28.9  pS 0.34  ptS 0.33  fLog 0.37  pdΔ -0.1559  pkR 9.26  clip 0.51  kl +0.117
upd  668  steps 2740224  sps 787  opp symm  loss -0.078  pg -0.0244  v 0.010  ev +0.96  adv_std 0.171  tR +0.67  ent[s/d/p/e] 1.57/2.45/0.51/0.67  emits 1.70  spf 18.5  z0 0.02  garr 23.0  tG 291  e2 0.38  nF 29.6  pS 0.33  ptS 0.33  fLog 0.36  pdΔ -0.1693  pkR 11.55  clip 0.53  kl +0.109
upd  669  steps 2744320  sps 787  opp symm  loss -0.076  pg -0.0253  v 0.012  ev +0.95  adv_std 0.180  tR +0.12  ent[s/d/p/e] 1.42/2.41/0.47/0.67  emits 1.57  spf 16.9  z0 0.05  garr 20.1  tG 238  e2 0.33  nF 26.6  pS 0.28  ptS 0.28  fLog 0.35  pdΔ -0.2182  pkR 12.74  clip 0.49  kl +0.101
upd  670  steps 2748416  sps 788  opp symm  loss -0.075  pg -0.0238  v 0.013  ev +0.95  adv_std 0.188  tR +0.45  ent[s/d/p/e] 1.46/2.45/0.49/0.68  emits 1.60  spf 16.7  z0 0.06  garr 19.5  tG 217  e2 0.33  nF 27.6  pS 0.28  ptS 0.28  fLog 0.36  pdΔ -0.2210  pkR 10.87  clip 0.48  kl +0.109
upd  671  steps 2752512  sps 788  opp symm  loss -0.074  pg -0.0199  v 0.011  ev +0.96  adv_std 0.171  tR -0.33  ent[s/d/p/e] 1.64/2.41/0.55/0.68  emits 1.66  spf 20.1  z0 0.08  garr 22.8  tG 287  e2 0.36  nF 27.7  pS 0.32  ptS 0.31  fLog 0.38  pdΔ -0.1835  pkR 11.32  clip 0.49  kl +0.109
upd  672  steps 2756608  sps 788  opp symm  loss -0.080  pg -0.0266  v 0.008  ev +0.97  adv_std 0.148  tR +0.54  ent[s/d/p/e] 1.52/2.40/0.49/0.67  emits 1.58  spf 19.3  z0 0.07  garr 23.0  tG 286  e2 0.35  nF 26.6  pS 0.30  ptS 0.30  fLog 0.36  pdΔ -0.2005  pkR 9.89  clip 0.50  kl +0.110
upd  673  steps 2760704  sps 788  opp symm  loss -0.078  pg -0.0261  v 0.011  ev +0.95  adv_std 0.170  tR -0.47  ent[s/d/p/e] 1.51/2.39/0.46/0.67  emits 1.59  spf 19.7  z0 0.08  garr 21.2  tG 252  e2 0.35  nF 26.7  pS 0.29  ptS 0.28  fLog 0.37  pdΔ -0.2134  pkR 10.81  clip 0.49  kl +0.105
upd  674  steps 2764800  sps 788  opp symm  loss -0.081  pg -0.0299  v 0.014  ev +0.94  adv_std 0.191  tR +0.00  ent[s/d/p/e] 1.55/2.42/0.46/0.67  emits 1.70  spf 18.9  z0 0.03  garr 23.2  tG 289  e2 0.38  nF 29.7  pS 0.32  ptS 0.32  fLog 0.37  pdΔ -0.1792  pkR 11.79  clip 0.50  kl +0.092
upd  675  steps 2768896  sps 788  opp symm  loss -0.079  pg -0.0232  v 0.010  ev +0.96  adv_std 0.164  tR +0.27  ent[s/d/p/e] 1.71/2.44/0.55/0.67  emits 1.76  spf 20.1  z0 0.08  garr 23.6  tG 301  e2 0.40  nF 30.1  pS 0.35  ptS 0.34  fLog 0.38  pdΔ -0.1479  pkR 12.24  clip 0.49  kl +0.113
upd  676  steps 2772992  sps 789  opp symm  loss -0.081  pg -0.0234  v 0.007  ev +0.98  adv_std 0.137  tR +0.09  ent[s/d/p/e] 1.75/2.47/0.56/0.68  emits 1.79  spf 20.8  z0 0.07  garr 25.5  tG 331  e2 0.40  nF 29.7  pS 0.37  ptS 0.36  fLog 0.39  pdΔ -0.1338  pkR 7.95  clip 0.49  kl +0.101
upd  677  steps 2777088  sps 789  opp symm  loss -0.076  pg -0.0204  v 0.007  ev +0.97  adv_std 0.146  tR +0.08  ent[s/d/p/e] 1.62/2.41/0.55/0.67  emits 1.76  spf 18.9  z0 0.04  garr 21.9  tG 263  e2 0.38  nF 31.4  pS 0.34  ptS 0.33  fLog 0.38  pdΔ -0.1600  pkR 9.11  clip 0.52  kl +0.113
upd  678  steps 2781184  sps 789  opp symm  loss -0.077  pg -0.0219  v 0.012  ev +0.96  adv_std 0.175  tR +0.25  ent[s/d/p/e] 1.70/2.47/0.58/0.67  emits 1.74  spf 21.2  z0 0.06  garr 26.4  tG 343  e2 0.42  nF 31.2  pS 0.38  ptS 0.36  fLog 0.39  pdΔ -0.1224  pkR 8.53  clip 0.51  kl +0.117
upd  679  steps 2785280  sps 789  opp symm  loss -0.077  pg -0.0220  v 0.013  ev +0.95  adv_std 0.189  tR -0.07  ent[s/d/p/e] 1.75/2.46/0.60/0.67  emits 1.70  spf 23.1  z0 0.05  garr 28.3  tG 387  e2 0.36  nF 29.1  pS 0.38  ptS 0.37  fLog 0.40  pdΔ -0.1206  pkR 7.90  clip 0.48  kl +0.097
upd  680  steps 2789376  sps 789  opp symm  loss -0.080  pg -0.0256  v 0.013  ev +0.95  adv_std 0.188  tR +0.17  ent[s/d/p/e] 1.72/2.49/0.58/0.67  emits 1.66  spf 26.4  z0 0.06  garr 31.4  tG 472  e2 0.38  nF 28.6  pS 0.39  ptS 0.38  fLog 0.40  pdΔ -0.1110  pkR 8.35  clip 0.46  kl +0.089
upd  681  steps 2793472  sps 789  opp symm  loss -0.085  pg -0.0298  v 0.010  ev +0.96  adv_std 0.168  tR +0.38  ent[s/d/p/e] 1.66/2.48/0.56/0.67  emits 1.67  spf 24.0  z0 0.09  garr 27.3  tG 404  e2 0.36  nF 27.7  pS 0.36  ptS 0.35  fLog 0.38  pdΔ -0.1404  pkR 7.96  clip 0.45  kl +0.082
upd  682  steps 2797568  sps 790  opp symm  loss -0.074  pg -0.0226  v 0.015  ev +0.93  adv_std 0.204  tR +0.27  ent[s/d/p/e] 1.54/2.49/0.51/0.68  emits 1.75  spf 18.7  z0 0.05  garr 22.4  tG 299  e2 0.39  nF 30.3  pS 0.32  ptS 0.32  fLog 0.36  pdΔ -0.1775  pkR 12.48  clip 0.51  kl +0.095
upd  683  steps 2801664  sps 790  opp symm  loss -0.080  pg -0.0253  v 0.011  ev +0.96  adv_std 0.171  tR +0.23  ent[s/d/p/e] 1.63/2.51/0.55/0.68  emits 1.82  spf 18.9  z0 0.06  garr 22.3  tG 284  e2 0.43  nF 31.3  pS 0.36  ptS 0.35  fLog 0.37  pdΔ -0.1435  pkR 10.34  clip 0.47  kl +0.099
upd  684  steps 2805760  sps 790  opp symm  loss -0.087  pg -0.0336  v 0.015  ev +0.95  adv_std 0.202  tR +0.40  ent[s/d/p/e] 1.61/2.53/0.54/0.68  emits 1.76  spf 18.6  z0 0.05  garr 22.0  tG 267  e2 0.41  nF 30.8  pS 0.35  ptS 0.34  fLog 0.38  pdΔ -0.1488  pkR 6.39  clip 0.44  kl +0.082
upd  685  steps 2809856  sps 790  opp symm  loss -0.079  pg -0.0244  v 0.012  ev +0.96  adv_std 0.180  tR -0.08  ent[s/d/p/e] 1.56/2.55/0.53/0.68  emits 1.70  spf 18.7  z0 0.04  garr 22.1  tG 265  e2 0.39  nF 30.1  pS 0.34  ptS 0.33  fLog 0.37  pdΔ -0.1629  pkR 7.05  clip 0.46  kl +0.084
upd  686  steps 2813952  sps 790  opp symm  loss -0.078  pg -0.0241  v 0.009  ev +0.97  adv_std 0.161  tR +0.29  ent[s/d/p/e] 1.53/2.49/0.50/0.68  emits 1.60  spf 20.1  z0 0.08  garr 22.6  tG 289  e2 0.37  nF 28.9  pS 0.32  ptS 0.31  fLog 0.38  pdΔ -0.1827  pkR 8.64  clip 0.45  kl +0.089
upd  687  steps 2818048  sps 790  opp symm  loss -0.083  pg -0.0321  v 0.013  ev +0.95  adv_std 0.185  tR -0.50  ent[s/d/p/e] 1.40/2.47/0.46/0.68  emits 1.59  spf 17.7  z0 0.10  garr 19.5  tG 228  e2 0.37  nF 29.0  pS 0.28  ptS 0.28  fLog 0.36  pdΔ -0.2155  pkR 10.13  clip 0.45  kl +0.089
upd  688  steps 2822144  sps 791  opp symm  loss -0.074  pg -0.0222  v 0.010  ev +0.96  adv_std 0.167  tR +0.00  ent[s/d/p/e] 1.38/2.46/0.46/0.68  emits 1.51  spf 19.6  z0 0.08  garr 22.3  tG 290  e2 0.33  nF 28.0  pS 0.29  ptS 0.28  fLog 0.36  pdΔ -0.2115  pkR 8.95  clip 0.46  kl +0.094
upd  689  steps 2826240  sps 791  opp symm  loss -0.075  pg -0.0240  v 0.011  ev +0.96  adv_std 0.173  tR -0.38  ent[s/d/p/e] 1.40/2.48/0.44/0.68  emits 1.44  spf 21.4  z0 0.11  garr 27.8  tG 391  e2 0.32  nF 25.4  pS 0.29  ptS 0.29  fLog 0.36  pdΔ -0.2077  pkR 13.30  clip 0.47  kl +0.092
upd  690  steps 2830336  sps 791  opp symm  loss -0.073  pg -0.0222  v 0.012  ev +0.95  adv_std 0.179  tR +0.11  ent[s/d/p/e] 1.45/2.47/0.45/0.67  emits 1.52  spf 23.8  z0 0.07  garr 29.7  tG 412  e2 0.33  nF 26.3  pS 0.32  ptS 0.31  fLog 0.37  pdΔ -0.1834  pkR 15.47  clip 0.46  kl +0.096
upd  691  steps 2834432  sps 791  opp symm  loss -0.084  pg -0.0293  v 0.009  ev +0.96  adv_std 0.156  tR +0.00  ent[s/d/p/e] 1.60/2.50/0.49/0.67  emits 1.52  spf 24.3  z0 0.06  garr 31.2  tG 418  e2 0.33  nF 25.0  pS 0.36  ptS 0.35  fLog 0.39  pdΔ -0.1399  pkR 8.07  clip 0.46  kl +0.075
upd  692  steps 2838528  sps 791  opp symm  loss -0.075  pg -0.0207  v 0.012  ev +0.95  adv_std 0.177  tR +0.00  ent[s/d/p/e] 1.67/2.51/0.53/0.68  emits 1.57  spf 24.9  z0 0.06  garr 32.7  tG 454  e2 0.35  nF 24.9  pS 0.39  ptS 0.38  fLog 0.40  pdΔ -0.1104  pkR 9.02  clip 0.48  kl +0.084
upd  693  steps 2842624  sps 791  opp symm  loss -0.080  pg -0.0229  v 0.008  ev +0.96  adv_std 0.148  tR +0.38  ent[s/d/p/e] 1.68/2.54/0.54/0.68  emits 1.54  spf 26.6  z0 0.04  garr 33.8  tG 486  e2 0.34  nF 25.6  pS 0.40  ptS 0.39  fLog 0.40  pdΔ -0.0950  pkR 7.63  clip 0.46  kl +0.074
upd  694  steps 2846720  sps 792  opp symm  loss -0.083  pg -0.0294  v 0.009  ev +0.95  adv_std 0.163  tR +0.14  ent[s/d/p/e] 1.55/2.46/0.51/0.67  emits 1.55  spf 25.1  z0 0.06  garr 32.1  tG 461  e2 0.36  nF 25.4  pS 0.36  ptS 0.35  fLog 0.38  pdΔ -0.1385  pkR 7.96  clip 0.46  kl +0.075
upd  695  steps 2850816  sps 792  opp symm  loss -0.080  pg -0.0229  v 0.009  ev +0.96  adv_std 0.153  tR +0.33  ent[s/d/p/e] 1.73/2.52/0.58/0.68  emits 1.62  spf 27.2  z0 0.04  garr 35.1  tG 500  e2 0.38  nF 25.0  pS 0.43  ptS 0.41  fLog 0.40  pdΔ -0.0743  pkR 8.17  clip 0.48  kl +0.093
upd  696  steps 2854912  sps 792  opp symm  loss -0.084  pg -0.0256  v 0.007  ev +0.97  adv_std 0.136  tR +0.53  ent[s/d/p/e] 1.68/2.52/0.59/0.68  emits 1.55  spf 27.9  z0 0.02  garr 33.9  tG 493  e2 0.32  nF 23.8  pS 0.41  ptS 0.39  fLog 0.40  pdΔ -0.0871  pkR 10.39  clip 0.47  kl +0.080
upd  697  steps 2859008  sps 792  opp symm  loss -0.081  pg -0.0262  v 0.010  ev +0.95  adv_std 0.159  tR +0.60  ent[s/d/p/e] 1.55/2.49/0.54/0.68  emits 1.56  spf 22.9  z0 0.02  garr 28.3  tG 394  e2 0.33  nF 25.9  pS 0.36  ptS 0.35  fLog 0.38  pdΔ -0.1358  pkR 12.25  clip 0.50  kl +0.101
upd  698  steps 2863104  sps 792  opp symm  loss -0.078  pg -0.0247  v 0.013  ev +0.94  adv_std 0.191  tR +0.60  ent[s/d/p/e] 1.57/2.46/0.52/0.68  emits 1.58  spf 19.9  z0 0.03  garr 25.3  tG 325  e2 0.34  nF 27.3  pS 0.35  ptS 0.34  fLog 0.37  pdΔ -0.1451  pkR 8.06  clip 0.49  kl +0.095
[eval_vs_v20] u699 tag=train_u699  bin0=3.1%  spf=5.03  garr=22.90  flip=2.61%  z0=0.7%  e8=2.9%  e2+=19.6%  WLD=0/3/0
upd  699  steps 2867200  sps 792  opp symm  loss -0.083  pg -0.0289  v 0.010  ev +0.95  adv_std 0.160  tR +0.60  ent[s/d/p/e] 1.58/2.47/0.52/0.68  emits 1.58  spf 20.1  z0 0.02  garr 24.5  tG 302  e2 0.35  nF 27.1  pS 0.36  ptS 0.34  fLog 0.38  pdΔ -0.1366  pkR 8.59  clip 0.51  kl +0.094 WRr 0.69 v20[spf 5.0 flip 2.6% e2+ 19.6%]
upd  700  steps 2871296  sps 779  opp symm  loss -0.083  pg -0.0273  v 0.012  ev +0.95  adv_std 0.181  tR +0.56  ent[s/d/p/e] 1.72/2.49/0.58/0.68  emits 1.69  spf 20.6  z0 0.01  garr 25.6  tG 316  e2 0.36  nF 28.2  pS 0.39  ptS 0.37  fLog 0.39  pdΔ -0.1076  pkR 7.92  clip 0.50  kl +0.098
upd  701  steps 2875392  sps 779  opp symm  loss -0.071  pg -0.0178  v 0.013  ev +0.95  adv_std 0.189  tR +0.69  ent[s/d/p/e] 1.62/2.49/0.52/0.68  emits 1.61  spf 22.6  z0 0.05  garr 25.2  tG 318  e2 0.35  nF 26.1  pS 0.35  ptS 0.34  fLog 0.39  pdΔ -0.1495  pkR 8.70  clip 0.50  kl +0.101
upd  702  steps 2879488  sps 779  opp symm  loss -0.074  pg -0.0201  v 0.010  ev +0.96  adv_std 0.164  tR +0.33  ent[s/d/p/e] 1.55/2.49/0.50/0.68  emits 1.65  spf 22.4  z0 0.04  garr 25.9  tG 339  e2 0.38  nF 28.3  pS 0.33  ptS 0.33  fLog 0.37  pdΔ -0.1663  pkR 11.26  clip 0.50  kl +0.106
upd  703  steps 2883584  sps 779  opp symm  loss -0.078  pg -0.0219  v 0.007  ev +0.98  adv_std 0.139  tR +0.27  ent[s/d/p/e] 1.59/2.50/0.51/0.68  emits 1.54  spf 20.3  z0 0.05  garr 24.9  tG 317  e2 0.33  nF 27.7  pS 0.34  ptS 0.33  fLog 0.37  pdΔ -0.1627  pkR 10.42  clip 0.49  kl +0.103
upd  704  steps 2887680  sps 779  opp symm  loss -0.074  pg -0.0196  v 0.010  ev +0.95  adv_std 0.154  tR +0.12  ent[s/d/p/e] 1.57/2.47/0.50/0.67  emits 1.72  spf 21.0  z0 0.03  garr 24.6  tG 301  e2 0.38  nF 28.2  pS 0.34  ptS 0.33  fLog 0.38  pdΔ -0.1606  pkR 7.15  clip 0.52  kl +0.139
upd  705  steps 2891776  sps 780  opp symm  loss -0.072  pg -0.0194  v 0.011  ev +0.95  adv_std 0.171  tR +0.11  ent[s/d/p/e] 1.54/2.47/0.50/0.67  emits 1.58  spf 21.5  z0 0.03  garr 25.0  tG 310  e2 0.34  nF 28.9  pS 0.34  ptS 0.33  fLog 0.37  pdΔ -0.1609  pkR 7.20  clip 0.51  kl +0.103
upd  706  steps 2895872  sps 780  opp symm  loss -0.077  pg -0.0223  v 0.009  ev +0.97  adv_std 0.152  tR +0.57  ent[s/d/p/e] 1.59/2.47/0.52/0.68  emits 1.47  spf 22.8  z0 0.10  garr 25.7  tG 338  e2 0.32  nF 26.6  pS 0.33  ptS 0.32  fLog 0.38  pdΔ -0.1684  pkR 7.24  clip 0.49  kl +0.105
upd  707  steps 2899968  sps 780  opp symm  loss -0.075  pg -0.0260  v 0.011  ev +0.95  adv_std 0.169  tR -0.12  ent[s/d/p/e] 1.28/2.44/0.43/0.67  emits 1.50  spf 18.3  z0 0.04  garr 21.3  tG 254  e2 0.33  nF 28.0  pS 0.27  ptS 0.27  fLog 0.34  pdΔ -0.2291  pkR 11.56  clip 0.50  kl +0.103
upd  708  steps 2904064  sps 780  opp symm  loss -0.075  pg -0.0249  v 0.012  ev +0.95  adv_std 0.176  tR +0.50  ent[s/d/p/e] 1.36/2.45/0.46/0.67  emits 1.47  spf 19.3  z0 0.02  garr 23.9  tG 285  e2 0.31  nF 29.2  pS 0.29  ptS 0.29  fLog 0.35  pdΔ -0.2068  pkR 9.25  clip 0.52  kl +0.111
upd  709  steps 2908160  sps 780  opp symm  loss -0.070  pg -0.0216  v 0.013  ev +0.95  adv_std 0.188  tR +0.33  ent[s/d/p/e] 1.27/2.47/0.42/0.67  emits 1.39  spf 17.7  z0 0.06  garr 20.3  tG 236  e2 0.29  nF 27.2  pS 0.25  ptS 0.25  fLog 0.34  pdΔ -0.2474  pkR 13.06  clip 0.50  kl +0.111
upd  710  steps 2912256  sps 780  opp symm  loss -0.073  pg -0.0216  v 0.010  ev +0.96  adv_std 0.163  tR -0.64  ent[s/d/p/e] 1.38/2.47/0.46/0.67  emits 1.40  spf 18.4  z0 0.08  garr 20.9  tG 260  e2 0.29  nF 26.4  pS 0.28  ptS 0.28  fLog 0.35  pdΔ -0.2241  pkR 9.95  clip 0.47  kl +0.103
upd  711  steps 2916352  sps 781  opp symm  loss -0.070  pg -0.0175  v 0.009  ev +0.96  adv_std 0.156  tR +0.25  ent[s/d/p/e] 1.42/2.48/0.46/0.67  emits 1.47  spf 19.3  z0 0.08  garr 20.6  tG 274  e2 0.31  nF 27.7  pS 0.28  ptS 0.28  fLog 0.35  pdΔ -0.2189  pkR 11.92  clip 0.48  kl +0.100
upd  712  steps 2920448  sps 781  opp symm  loss -0.070  pg -0.0218  v 0.016  ev +0.93  adv_std 0.210  tR -0.27  ent[s/d/p/e] 1.36/2.47/0.45/0.67  emits 1.50  spf 15.3  z0 0.07  garr 17.4  tG 183  e2 0.32  nF 28.2  pS 0.26  ptS 0.26  fLog 0.35  pdΔ -0.2366  pkR 11.54  clip 0.49  kl +0.100
upd  713  steps 2924544  sps 781  opp symm  loss -0.081  pg -0.0289  v 0.016  ev +0.92  adv_std 0.205  tR +0.08  ent[s/d/p/e] 1.60/2.50/0.51/0.67  emits 1.57  spf 19.2  z0 0.05  garr 24.0  tG 284  e2 0.35  nF 28.2  pS 0.35  ptS 0.34  fLog 0.37  pdΔ -0.1536  pkR 7.98  clip 0.49  kl +0.089
upd  714  steps 2928640  sps 781  opp symm  loss -0.082  pg -0.0269  v 0.013  ev +0.94  adv_std 0.182  tR +0.33  ent[s/d/p/e] 1.70/2.52/0.58/0.67  emits 1.55  spf 22.3  z0 0.06  garr 25.4  tG 305  e2 0.32  nF 27.6  pS 0.36  ptS 0.35  fLog 0.39  pdΔ -0.1425  pkR 7.07  clip 0.46  kl +0.074
upd  715  steps 2932736  sps 781  opp symm  loss -0.080  pg -0.0280  v 0.010  ev +0.96  adv_std 0.161  tR +0.45  ent[s/d/p/e] 1.47/2.47/0.48/0.66  emits 1.46  spf 20.6  z0 0.05  garr 24.9  tG 325  e2 0.31  nF 27.6  pS 0.32  ptS 0.32  fLog 0.37  pdΔ -0.1757  pkR 10.30  clip 0.49  kl +0.097
upd  716  steps 2936832  sps 782  opp symm  loss -0.078  pg -0.0248  v 0.011  ev +0.96  adv_std 0.171  tR +0.11  ent[s/d/p/e] 1.50/2.51/0.48/0.67  emits 1.47  spf 23.2  z0 0.05  garr 28.1  tG 387  e2 0.33  nF 28.7  pS 0.34  ptS 0.33  fLog 0.37  pdΔ -0.1610  pkR 8.89  clip 0.48  kl +0.093
upd  717  steps 2940928  sps 782  opp symm  loss -0.082  pg -0.0300  v 0.010  ev +0.95  adv_std 0.167  tR +0.47  ent[s/d/p/e] 1.35/2.48/0.45/0.67  emits 1.49  spf 18.0  z0 0.06  garr 20.6  tG 235  e2 0.32  nF 27.2  pS 0.27  ptS 0.26  fLog 0.36  pdΔ -0.2337  pkR 15.01  clip 0.46  kl +0.078
upd  718  steps 2945024  sps 782  opp symm  loss -0.074  pg -0.0234  v 0.012  ev +0.94  adv_std 0.176  tR +0.09  ent[s/d/p/e] 1.40/2.47/0.46/0.67  emits 1.47  spf 16.8  z0 0.07  garr 21.0  tG 213  e2 0.32  nF 27.5  pS 0.28  ptS 0.27  fLog 0.36  pdΔ -0.2232  pkR 9.21  clip 0.48  kl +0.090
upd  719  steps 2949120  sps 782  opp symm  loss -0.078  pg -0.0260  v 0.009  ev +0.95  adv_std 0.150  tR -0.33  ent[s/d/p/e] 1.36/2.50/0.45/0.67  emits 1.40  spf 18.0  z0 0.07  garr 22.7  tG 247  e2 0.27  nF 26.9  pS 0.27  ptS 0.26  fLog 0.36  pdΔ -0.2311  pkR 13.98  clip 0.49  kl +0.090
upd  720  steps 2953216  sps 782  opp symm  loss -0.078  pg -0.0258  v 0.012  ev +0.94  adv_std 0.176  tR +0.25  ent[s/d/p/e] 1.48/2.53/0.49/0.67  emits 1.50  spf 18.1  z0 0.04  garr 22.6  tG 254  e2 0.32  nF 28.7  pS 0.29  ptS 0.30  fLog 0.36  pdΔ -0.2054  pkR 12.23  clip 0.50  kl +0.083
upd  721  steps 2957312  sps 782  opp symm  loss -0.072  pg -0.0211  v 0.011  ev +0.94  adv_std 0.171  tR +0.00  ent[s/d/p/e] 1.36/2.51/0.45/0.67  emits 1.52  spf 15.3  z0 0.06  garr 19.9  tG 212  e2 0.33  nF 29.8  pS 0.26  ptS 0.27  fLog 0.34  pdΔ -0.2385  pkR 13.80  clip 0.49  kl +0.089
upd  722  steps 2961408  sps 783  opp symm  loss -0.082  pg -0.0302  v 0.008  ev +0.96  adv_std 0.143  tR -0.33  ent[s/d/p/e] 1.26/2.52/0.43/0.68  emits 1.45  spf 14.8  z0 0.07  garr 16.9  tG 184  e2 0.30  nF 29.2  pS 0.24  ptS 0.24  fLog 0.33  pdΔ -0.2599  pkR 14.51  clip 0.46  kl +0.079
upd  723  steps 2965504  sps 783  opp symm  loss -0.080  pg -0.0275  v 0.008  ev +0.96  adv_std 0.152  tR -0.14  ent[s/d/p/e] 1.33/2.52/0.44/0.68  emits 1.44  spf 17.0  z0 0.09  garr 19.3  tG 236  e2 0.29  nF 27.8  pS 0.26  ptS 0.27  fLog 0.34  pdΔ -0.2369  pkR 8.50  clip 0.46  kl +0.098
upd  724  steps 2969600  sps 783  opp symm  loss -0.076  pg -0.0256  v 0.012  ev +0.94  adv_std 0.181  tR +0.00  ent[s/d/p/e] 1.35/2.51/0.45/0.68  emits 1.49  spf 17.5  z0 0.06  garr 20.6  tG 247  e2 0.31  nF 28.4  pS 0.27  ptS 0.27  fLog 0.35  pdΔ -0.2276  pkR 9.87  clip 0.47  kl +0.082
upd  725  steps 2973696  sps 783  opp symm  loss -0.071  pg -0.0202  v 0.012  ev +0.94  adv_std 0.171  tR +0.43  ent[s/d/p/e] 1.33/2.50/0.43/0.68  emits 1.51  spf 17.7  z0 0.02  garr 21.8  tG 263  e2 0.32  nF 28.9  pS 0.29  ptS 0.29  fLog 0.35  pdΔ -0.2090  pkR 9.81  clip 0.52  kl +0.096
upd  726  steps 2977792  sps 783  opp symm  loss -0.076  pg -0.0250  v 0.012  ev +0.95  adv_std 0.179  tR +1.00  ent[s/d/p/e] 1.41/2.48/0.47/0.68  emits 1.48  spf 19.3  z0 0.04  garr 24.4  tG 303  e2 0.32  nF 28.5  pS 0.31  ptS 0.30  fLog 0.36  pdΔ -0.1927  pkR 7.43  clip 0.49  kl +0.091
upd  727  steps 2981888  sps 783  opp symm  loss -0.076  pg -0.0219  v 0.010  ev +0.96  adv_std 0.163  tR -0.23  ent[s/d/p/e] 1.57/2.50/0.51/0.68  emits 1.48  spf 22.7  z0 0.08  garr 26.8  tG 364  e2 0.32  nF 27.2  pS 0.33  ptS 0.33  fLog 0.38  pdΔ -0.1669  pkR 7.29  clip 0.48  kl +0.100
upd  728  steps 2985984  sps 784  opp symm  loss -0.070  pg -0.0185  v 0.011  ev +0.95  adv_std 0.172  tR +0.07  ent[s/d/p/e] 1.48/2.46/0.47/0.67  emits 1.44  spf 22.9  z0 0.06  garr 28.7  tG 387  e2 0.31  nF 27.1  pS 0.33  ptS 0.32  fLog 0.37  pdΔ -0.1725  pkR 8.46  clip 0.49  kl +0.115
upd  729  steps 2990080  sps 784  opp symm  loss -0.079  pg -0.0270  v 0.012  ev +0.95  adv_std 0.179  tR +0.65  ent[s/d/p/e] 1.44/2.47/0.47/0.67  emits 1.44  spf 20.5  z0 0.05  garr 25.6  tG 345  e2 0.31  nF 27.3  pS 0.32  ptS 0.32  fLog 0.36  pdΔ -0.1797  pkR 11.99  clip 0.49  kl +0.103
upd  730  steps 2994176  sps 784  opp symm  loss -0.076  pg -0.0243  v 0.009  ev +0.96  adv_std 0.157  tR +0.00  ent[s/d/p/e] 1.33/2.45/0.44/0.68  emits 1.33  spf 17.3  z0 0.08  garr 21.5  tG 268  e2 0.27  nF 26.7  pS 0.28  ptS 0.28  fLog 0.35  pdΔ -0.2176  pkR 10.33  clip 0.49  kl +0.106
upd  731  steps 2998272  sps 784  opp symm  loss -0.080  pg -0.0261  v 0.009  ev +0.97  adv_std 0.153  tR -0.14  ent[s/d/p/e] 1.49/2.43/0.52/0.67  emits 1.36  spf 21.0  z0 0.11  garr 26.2  tG 347  e2 0.29  nF 24.0  pS 0.32  ptS 0.31  fLog 0.37  pdΔ -0.1823  pkR 10.50  clip 0.46  kl +0.103
upd  732  steps 3002368  sps 784  opp symm  loss -0.074  pg -0.0219  v 0.010  ev +0.95  adv_std 0.164  tR -0.11  ent[s/d/p/e] 1.47/2.40/0.53/0.67  emits 1.40  spf 20.2  z0 0.06  garr 25.4  tG 334  e2 0.28  nF 23.9  pS 0.32  ptS 0.31  fLog 0.37  pdΔ -0.1826  pkR 10.06  clip 0.49  kl +0.108
upd  733  steps 3006464  sps 784  opp symm  loss -0.074  pg -0.0216  v 0.012  ev +0.94  adv_std 0.177  tR +0.00  ent[s/d/p/e] 1.53/2.43/0.53/0.67  emits 1.47  spf 22.9  z0 0.03  garr 30.2  tG 395  e2 0.31  nF 26.3  pS 0.35  ptS 0.34  fLog 0.38  pdΔ -0.1518  pkR 7.00  clip 0.50  kl +0.101
upd  734  steps 3010560  sps 785  opp symm  loss -0.075  pg -0.0216  v 0.011  ev +0.95  adv_std 0.168  tR +0.07  ent[s/d/p/e] 1.58/2.44/0.57/0.67  emits 1.40  spf 24.2  z0 0.06  garr 31.9  tG 433  e2 0.30  nF 24.6  pS 0.35  ptS 0.34  fLog 0.38  pdΔ -0.1507  pkR 7.94  clip 0.46  kl +0.084
upd  735  steps 3014656  sps 785  opp symm  loss -0.084  pg -0.0297  v 0.011  ev +0.94  adv_std 0.170  tR +0.11  ent[s/d/p/e] 1.62/2.45/0.57/0.67  emits 1.47  spf 24.1  z0 0.04  garr 32.1  tG 430  e2 0.31  nF 26.8  pS 0.37  ptS 0.36  fLog 0.39  pdΔ -0.1317  pkR 9.03  clip 0.48  kl +0.082
upd  736  steps 3018752  sps 785  opp symm  loss -0.081  pg -0.0263  v 0.012  ev +0.94  adv_std 0.179  tR +0.60  ent[s/d/p/e] 1.66/2.47/0.58/0.68  emits 1.53  spf 24.8  z0 0.03  garr 29.4  tG 380  e2 0.31  nF 26.5  pS 0.36  ptS 0.35  fLog 0.39  pdΔ -0.1396  pkR 9.12  clip 0.48  kl +0.094
upd  737  steps 3022848  sps 785  opp symm  loss -0.078  pg -0.0225  v 0.008  ev +0.96  adv_std 0.156  tR +0.43  ent[s/d/p/e] 1.56/2.46/0.54/0.68  emits 1.51  spf 22.2  z0 0.01  garr 26.2  tG 329  e2 0.31  nF 27.0  pS 0.34  ptS 0.34  fLog 0.38  pdΔ -0.1555  pkR 8.81  clip 0.51  kl +0.097
upd  738  steps 3026944  sps 785  opp symm  loss -0.075  pg -0.0223  v 0.010  ev +0.96  adv_std 0.161  tR +1.00  ent[s/d/p/e] 1.48/2.49/0.51/0.67  emits 1.47  spf 22.2  z0 0.03  garr 27.3  tG 355  e2 0.32  nF 28.1  pS 0.32  ptS 0.32  fLog 0.37  pdΔ -0.1758  pkR 11.74  clip 0.49  kl +0.094
upd  739  steps 3031040  sps 785  opp symm  loss -0.073  pg -0.0225  v 0.012  ev +0.96  adv_std 0.177  tR -0.08  ent[s/d/p/e] 1.40/2.47/0.46/0.67  emits 1.48  spf 19.9  z0 0.03  garr 22.7  tG 284  e2 0.31  nF 27.8  pS 0.30  ptS 0.29  fLog 0.36  pdΔ -0.2034  pkR 16.20  clip 0.48  kl +0.086
upd  740  steps 3035136  sps 786  opp symm  loss -0.076  pg -0.0238  v 0.008  ev +0.97  adv_std 0.154  tR +0.18  ent[s/d/p/e] 1.37/2.48/0.45/0.67  emits 1.42  spf 18.0  z0 0.05  garr 20.9  tG 262  e2 0.29  nF 25.3  pS 0.28  ptS 0.28  fLog 0.35  pdΔ -0.2161  pkR 13.01  clip 0.46  kl +0.088
upd  741  steps 3039232  sps 786  opp symm  loss -0.074  pg -0.0240  v 0.008  ev +0.97  adv_std 0.142  tR +0.20  ent[s/d/p/e] 1.18/2.47/0.39/0.67  emits 1.31  spf 15.0  z0 0.07  garr 16.7  tG 161  e2 0.25  nF 24.7  pS 0.23  ptS 0.22  fLog 0.34  pdΔ -0.2702  pkR 17.09  clip 0.46  kl +0.085
upd  742  steps 3043328  sps 786  opp symm  loss -0.079  pg -0.0280  v 0.012  ev +0.95  adv_std 0.175  tR -0.69  ent[s/d/p/e] 1.39/2.41/0.49/0.68  emits 1.46  spf 17.6  z0 0.07  garr 19.8  tG 204  e2 0.32  nF 25.6  pS 0.27  ptS 0.26  fLog 0.36  pdΔ -0.2286  pkR 10.04  clip 0.48  kl +0.084
upd  743  steps 3047424  sps 786  opp symm  loss -0.075  pg -0.0256  v 0.019  ev +0.92  adv_std 0.221  tR +0.00  ent[s/d/p/e] 1.52/2.47/0.50/0.67  emits 1.52  spf 21.9  z0 0.03  garr 27.3  tG 329  e2 0.32  nF 28.6  pS 0.33  ptS 0.32  fLog 0.38  pdΔ -0.1676  pkR 9.45  clip 0.49  kl +0.092
upd  744  steps 3051520  sps 786  opp symm  loss -0.076  pg -0.0205  v 0.012  ev +0.96  adv_std 0.172  tR +0.20  ent[s/d/p/e] 1.75/2.51/0.58/0.67  emits 1.52  spf 25.7  z0 0.07  garr 29.7  tG 379  e2 0.32  nF 26.9  pS 0.37  ptS 0.36  fLog 0.41  pdΔ -0.1317  pkR 7.17  clip 0.46  kl +0.073
upd  745  steps 3055616  sps 786  opp symm  loss -0.075  pg -0.0198  v 0.012  ev +0.96  adv_std 0.174  tR +0.25  ent[s/d/p/e] 1.67/2.49/0.58/0.67  emits 1.53  spf 24.7  z0 0.04  garr 28.1  tG 357  e2 0.31  nF 24.3  pS 0.35  ptS 0.34  fLog 0.40  pdΔ -0.1522  pkR 7.07  clip 0.48  kl +0.083
upd  746  steps 3059712  sps 786  opp symm  loss -0.079  pg -0.0244  v 0.011  ev +0.96  adv_std 0.173  tR -0.14  ent[s/d/p/e] 1.69/2.45/0.57/0.67  emits 1.58  spf 26.9  z0 0.04  garr 30.7  tG 416  e2 0.33  nF 26.4  pS 0.36  ptS 0.35  fLog 0.41  pdΔ -0.1408  pkR 8.04  clip 0.48  kl +0.101
upd  747  steps 3063808  sps 787  opp symm  loss -0.080  pg -0.0257  v 0.009  ev +0.96  adv_std 0.150  tR +0.33  ent[s/d/p/e] 1.57/2.43/0.53/0.67  emits 1.47  spf 23.4  z0 0.05  garr 28.0  tG 356  e2 0.30  nF 25.8  pS 0.33  ptS 0.32  fLog 0.39  pdΔ -0.1747  pkR 12.38  clip 0.47  kl +0.091
upd  748  steps 3067904  sps 787  opp symm  loss -0.075  pg -0.0220  v 0.011  ev +0.95  adv_std 0.168  tR +0.00  ent[s/d/p/e] 1.49/2.45/0.52/0.66  emits 1.48  spf 24.9  z0 0.04  garr 26.1  tG 314  e2 0.29  nF 24.3  pS 0.31  ptS 0.30  fLog 0.38  pdΔ -0.1938  pkR 14.63  clip 0.49  kl +0.107
upd  749  steps 3072000  sps 787  opp symm  loss -0.080  pg -0.0262  v 0.008  ev +0.96  adv_std 0.149  tR -0.25  ent[s/d/p/e] 1.55/2.46/0.52/0.66  emits 1.53  spf 25.0  z0 0.04  garr 28.3  tG 360  e2 0.32  nF 26.4  pS 0.33  ptS 0.31  fLog 0.39  pdΔ -0.1738  pkR 13.78  clip 0.51  kl +0.084
upd  750  steps 3076096  sps 787  opp symm  loss -0.079  pg -0.0254  v 0.011  ev +0.95  adv_std 0.167  tR +0.57  ent[s/d/p/e] 1.60/2.46/0.57/0.66  emits 1.54  spf 25.5  z0 0.03  garr 29.4  tG 401  e2 0.32  nF 26.0  pS 0.35  ptS 0.33  fLog 0.39  pdΔ -0.1522  pkR 11.42  clip 0.47  kl +0.099
upd  751  steps 3080192  sps 787  opp symm  loss -0.081  pg -0.0237  v 0.008  ev +0.97  adv_std 0.149  tR -0.50  ent[s/d/p/e] 1.70/2.45/0.63/0.66  emits 1.61  spf 24.6  z0 0.07  garr 26.2  tG 341  e2 0.33  nF 26.2  pS 0.35  ptS 0.33  fLog 0.40  pdΔ -0.1474  pkR 12.25  clip 0.47  kl +0.096
upd  752  steps 3084288  sps 787  opp symm  loss -0.080  pg -0.0232  v 0.011  ev +0.95  adv_std 0.168  tR +0.27  ent[s/d/p/e] 1.79/2.45/0.64/0.66  emits 1.69  spf 23.6  z0 0.05  garr 27.8  tG 359  e2 0.36  nF 28.3  pS 0.39  ptS 0.37  fLog 0.40  pdΔ -0.1126  pkR 9.08  clip 0.50  kl +0.097
upd  753  steps 3088384  sps 788  opp symm  loss -0.084  pg -0.0271  v 0.009  ev +0.96  adv_std 0.151  tR +0.08  ent[s/d/p/e] 1.73/2.43/0.63/0.67  emits 1.53  spf 24.1  z0 0.06  garr 28.3  tG 381  e2 0.32  nF 25.4  pS 0.38  ptS 0.37  fLog 0.40  pdΔ -0.1224  pkR 8.25  clip 0.48  kl +0.088
upd  754  steps 3092480  sps 788  opp symm  loss -0.083  pg -0.0293  v 0.012  ev +0.95  adv_std 0.171  tR +0.50  ent[s/d/p/e] 1.65/2.41/0.57/0.67  emits 1.55  spf 24.1  z0 0.04  garr 28.6  tG 367  e2 0.33  nF 25.1  pS 0.36  ptS 0.34  fLog 0.40  pdΔ -0.1394  pkR 7.85  clip 0.46  kl +0.085
upd  755  steps 3096576  sps 788  opp symm  loss -0.076  pg -0.0239  v 0.010  ev +0.96  adv_std 0.162  tR +0.00  ent[s/d/p/e] 1.44/2.36/0.52/0.67  emits 1.48  spf 18.8  z0 0.05  garr 22.5  tG 263  e2 0.30  nF 25.8  pS 0.29  ptS 0.28  fLog 0.36  pdΔ -0.2057  pkR 11.69  clip 0.49  kl +0.097
upd  756  steps 3100672  sps 788  opp symm  loss -0.075  pg -0.0211  v 0.009  ev +0.97  adv_std 0.155  tR +0.23  ent[s/d/p/e] 1.54/2.36/0.57/0.67  emits 1.51  spf 22.1  z0 0.07  garr 24.5  tG 294  e2 0.32  nF 26.7  pS 0.32  ptS 0.30  fLog 0.39  pdΔ -0.1844  pkR 8.14  clip 0.47  kl +0.099
upd  757  steps 3104768  sps 788  opp symm  loss -0.074  pg -0.0212  v 0.012  ev +0.96  adv_std 0.181  tR +0.27  ent[s/d/p/e] 1.59/2.37/0.58/0.67  emits 1.56  spf 24.3  z0 0.04  garr 29.1  tG 367  e2 0.33  nF 26.7  pS 0.34  ptS 0.33  fLog 0.39  pdΔ -0.1585  pkR 11.33  clip 0.50  kl +0.127
upd  758  steps 3108864  sps 788  opp symm  loss -0.076  pg -0.0213  v 0.010  ev +0.96  adv_std 0.162  tR +0.50  ent[s/d/p/e] 1.64/2.38/0.58/0.68  emits 1.60  spf 24.8  z0 0.05  garr 29.8  tG 381  e2 0.35  nF 28.5  pS 0.34  ptS 0.33  fLog 0.39  pdΔ -0.1616  pkR 12.24  clip 0.51  kl +0.117
upd  759  steps 3112960  sps 788  opp symm  loss -0.077  pg -0.0229  v 0.009  ev +0.97  adv_std 0.154  tR -0.06  ent[s/d/p/e] 1.61/2.41/0.55/0.68  emits 1.53  spf 22.1  z0 0.08  garr 25.2  tG 306  e2 0.33  nF 27.7  pS 0.32  ptS 0.31  fLog 0.38  pdΔ -0.1826  pkR 10.39  clip 0.48  kl +0.090
upd  760  steps 3117056  sps 789  opp symm  loss -0.082  pg -0.0285  v 0.008  ev +0.97  adv_std 0.149  tR -0.08  ent[s/d/p/e] 1.48/2.41/0.52/0.68  emits 1.46  spf 19.8  z0 0.09  garr 22.3  tG 264  e2 0.32  nF 26.8  pS 0.29  ptS 0.28  fLog 0.37  pdΔ -0.2126  pkR 10.17  clip 0.50  kl +0.107
upd  761  steps 3121152  sps 789  opp symm  loss -0.078  pg -0.0255  v 0.013  ev +0.95  adv_std 0.183  tR -0.43  ent[s/d/p/e] 1.57/2.41/0.53/0.68  emits 1.47  spf 20.9  z0 0.08  garr 24.5  tG 293  e2 0.32  nF 28.1  pS 0.31  ptS 0.31  fLog 0.38  pdΔ -0.1871  pkR 7.40  clip 0.51  kl +0.111
upd  762  steps 3125248  sps 789  opp symm  loss -0.066  pg -0.0138  v 0.013  ev +0.95  adv_std 0.181  tR -0.10  ent[s/d/p/e] 1.60/2.37/0.54/0.67  emits 1.49  spf 21.8  z0 0.09  garr 25.0  tG 310  e2 0.33  nF 27.0  pS 0.32  ptS 0.32  fLog 0.39  pdΔ -0.1764  pkR 8.32  clip 0.50  kl +0.114
upd  763  steps 3129344  sps 789  opp symm  loss -0.078  pg -0.0254  v 0.011  ev +0.95  adv_std 0.165  tR +0.11  ent[s/d/p/e] 1.58/2.35/0.54/0.68  emits 1.53  spf 20.9  z0 0.06  garr 24.8  tG 300  e2 0.34  nF 26.4  pS 0.33  ptS 0.32  fLog 0.39  pdΔ -0.1664  pkR 11.09  clip 0.52  kl +0.132
upd  764  steps 3133440  sps 789  opp symm  loss -0.071  pg -0.0152  v 0.010  ev +0.96  adv_std 0.163  tR -0.09  ent[s/d/p/e] 1.78/2.33/0.62/0.68  emits 1.62  spf 21.8  z0 0.07  garr 27.2  tG 348  e2 0.36  nF 28.3  pS 0.38  ptS 0.37  fLog 0.40  pdΔ -0.1151  pkR 7.02  clip 0.51  kl +0.126
upd  765  steps 3137536  sps 789  opp symm  loss -0.078  pg -0.0244  v 0.011  ev +0.96  adv_std 0.164  tR +0.54  ent[s/d/p/e] 1.72/2.30/0.56/0.68  emits 1.60  spf 23.5  z0 0.05  garr 29.9  tG 396  e2 0.36  nF 26.6  pS 0.39  ptS 0.38  fLog 0.40  pdΔ -0.1127  pkR 7.30  clip 0.50  kl +0.112
upd  766  steps 3141632  sps 790  opp symm  loss -0.080  pg -0.0260  v 0.011  ev +0.96  adv_std 0.174  tR +0.50  ent[s/d/p/e] 1.69/2.31/0.56/0.68  emits 1.70  spf 22.7  z0 0.04  garr 27.5  tG 352  e2 0.37  nF 27.5  pS 0.37  ptS 0.35  fLog 0.40  pdΔ -0.1289  pkR 9.19  clip 0.52  kl +0.122
upd  767  steps 3145728  sps 790  opp symm  loss -0.079  pg -0.0234  v 0.010  ev +0.96  adv_std 0.167  tR +0.17  ent[s/d/p/e] 1.78/2.34/0.57/0.68  emits 1.66  spf 24.1  z0 0.08  garr 30.1  tG 397  e2 0.39  nF 27.4  pS 0.39  ptS 0.38  fLog 0.41  pdΔ -0.1101  pkR 7.21  clip 0.51  kl +0.141
upd  768  steps 3149824  sps 790  opp symm  loss -0.070  pg -0.0165  v 0.008  ev +0.97  adv_std 0.150  tR +0.12  ent[s/d/p/e] 1.61/2.31/0.51/0.67  emits 1.69  spf 24.5  z0 0.03  garr 31.5  tG 439  e2 0.38  nF 26.8  pS 0.37  ptS 0.36  fLog 0.40  pdΔ -0.1342  pkR 7.01  clip 0.56  kl +0.147
upd  769  steps 3153920  sps 790  opp symm  loss -0.070  pg -0.0232  v 0.017  ev +0.93  adv_std 0.211  tR +0.38  ent[s/d/p/e] 1.49/2.27/0.47/0.67  emits 1.57  spf 21.9  z0 0.07  garr 25.8  tG 322  e2 0.33  nF 25.7  pS 0.30  ptS 0.29  fLog 0.38  pdΔ -0.2009  pkR 10.07  clip 0.52  kl +0.138
upd  770  steps 3158016  sps 790  opp symm  loss -0.061  pg -0.0131  v 0.014  ev +0.94  adv_std 0.187  tR +0.00  ent[s/d/p/e] 1.46/2.23/0.44/0.67  emits 1.56  spf 18.4  z0 0.09  garr 22.6  tG 279  e2 0.34  nF 25.1  pS 0.29  ptS 0.28  fLog 0.36  pdΔ -0.2141  pkR 15.75  clip 0.52  kl +0.139
upd  771  steps 3162112  sps 790  opp symm  loss -0.070  pg -0.0217  v 0.013  ev +0.95  adv_std 0.183  tR +0.00  ent[s/d/p/e] 1.47/2.24/0.45/0.67  emits 1.63  spf 17.7  z0 0.08  garr 21.7  tG 246  e2 0.38  nF 26.4  pS 0.29  ptS 0.28  fLog 0.37  pdΔ -0.2103  pkR 9.40  clip 0.51  kl +0.112
upd  772  steps 3166208  sps 790  opp symm  loss -0.067  pg -0.0168  v 0.011  ev +0.96  adv_std 0.175  tR +0.20  ent[s/d/p/e] 1.50/2.29/0.44/0.67  emits 1.65  spf 18.7  z0 0.08  garr 22.3  tG 276  e2 0.38  nF 26.0  pS 0.30  ptS 0.29  fLog 0.37  pdΔ -0.1986  pkR 15.42  clip 0.53  kl +0.133
upd  773  steps 3170304  sps 791  opp symm  loss -0.071  pg -0.0210  v 0.010  ev +0.96  adv_std 0.165  tR +0.00  ent[s/d/p/e] 1.48/2.25/0.41/0.67  emits 1.69  spf 19.9  z0 0.04  garr 23.5  tG 297  e2 0.37  nF 27.8  pS 0.31  ptS 0.30  fLog 0.37  pdΔ -0.1901  pkR 21.19  clip 0.54  kl +0.135
upd  774  steps 3174400  sps 791  opp symm  loss -0.063  pg -0.0113  v 0.010  ev +0.96  adv_std 0.160  tR +0.00  ent[s/d/p/e] 1.60/2.24/0.47/0.67  emits 1.68  spf 20.8  z0 0.05  garr 25.3  tG 341  e2 0.36  nF 28.2  pS 0.34  ptS 0.33  fLog 0.38  pdΔ -0.1622  pkR 18.96  clip 0.53  kl +0.142
upd  775  steps 3178496  sps 791  opp symm  loss -0.070  pg -0.0188  v 0.011  ev +0.96  adv_std 0.164  tR +0.08  ent[s/d/p/e] 1.62/2.24/0.46/0.67  emits 1.75  spf 20.2  z0 0.06  garr 25.1  tG 327  e2 0.39  nF 29.3  pS 0.34  ptS 0.33  fLog 0.38  pdΔ -0.1589  pkR 11.78  clip 0.51  kl +0.119
upd  776  steps 3182592  sps 791  opp symm  loss -0.072  pg -0.0197  v 0.009  ev +0.96  adv_std 0.147  tR +0.23  ent[s/d/p/e] 1.58/2.27/0.46/0.66  emits 1.69  spf 19.5  z0 0.06  garr 24.0  tG 307  e2 0.37  nF 30.2  pS 0.33  ptS 0.31  fLog 0.37  pdΔ -0.1729  pkR 15.39  clip 0.51  kl +0.133
upd  777  steps 3186688  sps 791  opp symm  loss -0.073  pg -0.0223  v 0.011  ev +0.95  adv_std 0.173  tR +0.25  ent[s/d/p/e] 1.58/2.25/0.47/0.66  emits 1.68  spf 22.6  z0 0.06  garr 25.0  tG 335  e2 0.36  nF 29.6  pS 0.33  ptS 0.32  fLog 0.38  pdΔ -0.1693  pkR 14.72  clip 0.51  kl +0.131
upd  778  steps 3190784  sps 791  opp symm  loss -0.072  pg -0.0213  v 0.013  ev +0.95  adv_std 0.191  tR +0.17  ent[s/d/p/e] 1.67/2.27/0.48/0.67  emits 1.78  spf 19.7  z0 0.03  garr 23.2  tG 301  e2 0.38  nF 31.0  pS 0.36  ptS 0.35  fLog 0.37  pdΔ -0.1441  pkR 11.94  clip 0.52  kl +0.125
upd  779  steps 3194880  sps 792  opp symm  loss -0.072  pg -0.0192  v 0.012  ev +0.95  adv_std 0.177  tR +0.85  ent[s/d/p/e] 1.69/2.31/0.53/0.66  emits 1.78  spf 20.1  z0 0.03  garr 24.5  tG 313  e2 0.37  nF 30.1  pS 0.36  ptS 0.35  fLog 0.39  pdΔ -0.1364  pkR 11.70  clip 0.52  kl +0.114
upd  780  steps 3198976  sps 792  opp symm  loss -0.070  pg -0.0173  v 0.009  ev +0.96  adv_std 0.156  tR +0.09  ent[s/d/p/e] 1.65/2.30/0.52/0.65  emits 1.75  spf 20.1  z0 0.05  garr 23.6  tG 308  e2 0.37  nF 29.1  pS 0.34  ptS 0.33  fLog 0.38  pdΔ -0.1612  pkR 9.02  clip 0.50  kl +0.119
upd  781  steps 3203072  sps 792  opp symm  loss -0.073  pg -0.0198  v 0.012  ev +0.95  adv_std 0.174  tR -0.14  ent[s/d/p/e] 1.70/2.31/0.55/0.66  emits 1.68  spf 20.7  z0 0.06  garr 23.5  tG 335  e2 0.35  nF 30.3  pS 0.35  ptS 0.34  fLog 0.38  pdΔ -0.1452  pkR 7.71  clip 0.48  kl +0.105
upd  782  steps 3207168  sps 792  opp symm  loss -0.067  pg -0.0162  v 0.010  ev +0.95  adv_std 0.167  tR +0.50  ent[s/d/p/e] 1.51/2.24/0.47/0.66  emits 1.65  spf 19.1  z0 0.06  garr 23.4  tG 315  e2 0.36  nF 28.6  pS 0.32  ptS 0.31  fLog 0.37  pdΔ -0.1796  pkR 10.34  clip 0.50  kl +0.131
upd  783  steps 3211264  sps 792  opp symm  loss -0.069  pg -0.0199  v 0.012  ev +0.95  adv_std 0.171  tR +0.56  ent[s/d/p/e] 1.49/2.24/0.44/0.66  emits 1.71  spf 18.4  z0 0.02  garr 24.8  tG 327  e2 0.38  nF 31.1  pS 0.33  ptS 0.32  fLog 0.36  pdΔ -0.1726  pkR 10.77  clip 0.52  kl +0.135
upd  784  steps 3215360  sps 792  opp symm  loss -0.062  pg -0.0125  v 0.009  ev +0.97  adv_std 0.161  tR +0.45  ent[s/d/p/e] 1.42/2.27/0.42/0.65  emits 1.68  spf 15.3  z0 0.06  garr 17.8  tG 204  e2 0.36  nF 31.9  pS 0.27  ptS 0.27  fLog 0.35  pdΔ -0.2276  pkR 11.86  clip 0.49  kl +0.133
upd  785  steps 3219456  sps 792  opp symm  loss -0.069  pg -0.0205  v 0.013  ev +0.96  adv_std 0.191  tR -0.08  ent[s/d/p/e] 1.45/2.28/0.43/0.67  emits 1.60  spf 15.2  z0 0.08  garr 19.0  tG 213  e2 0.34  nF 30.6  pS 0.28  ptS 0.27  fLog 0.35  pdΔ -0.2233  pkR 10.16  clip 0.48  kl +0.097