[v14b] starting from scratch — allow_hold=false min_pct_bin=5 capture=0.08
[reward] kaggle-aligned: terminal +1 win/+1 tie>0/-1 loss/-1 double-wipeout; is_terminal at step >= episode_steps-2; SHAPING_SCALE=0.0; v1: KEEP_HOME=0.0 FLEET_SIZE=0.0/norm20.0; v2 (expert-replay calibrated): PROD_SHARE=0.0 PLANET_SHARE=0.0 FLEET_LOG=0.0/ref500.0/floor0.3; v3 (top10-2630ep calibrated): PROD_SHARE_DELTA=0.05 EMIT_LOG=0.0 EMIT_GATED=0.0 RELEASE=0.01/K15.0 CAPTURE=0.08; episode_steps=500 (kaggle=500, mismatch=False)
[symmetric] Frog Parade style: same params drive BOTH players, no frozen/strong/buffer opponents, zero_sum_value=True
upd    0  steps    2048  sps 38  opp symm  loss -0.289  pg -0.3017  v 0.040  ev +0.02  adv_std 0.190  tR +0.00  ent[s/d/p/e] 0.17/2.03/0.39/0.36  emits 1.16  spf 4.6  z0 0.00  garr 4.4  tG 7  e2 0.11  nF 9.9  pS 0.06  ptS 0.06  fLog 0.25  pdΔ -0.4377  pkR 9.46  clip 0.00  kl +0.000
upd    1  steps    4096  sps 75  opp symm  loss -0.101  pg -0.0993  v 0.016  ev +0.54  adv_std 0.140  tR +0.00  ent[s/d/p/e] 0.54/1.35/0.82/0.48  emits 1.54  spf 7.3  z0 0.00  garr 7.4  tG 19  e2 0.32  nF 22.8  pS 0.10  ptS 0.10  fLog 0.29  pdΔ -0.3989  pkR 9.90  clip 0.14  kl +0.003
upd    2  steps    6144  sps 112  opp symm  loss -0.038  pg -0.0385  v 0.023  ev +0.23  adv_std 0.164  tR +0.00  ent[s/d/p/e] 0.91/1.44/0.88/0.53  emits 1.84  spf 9.7  z0 0.01  garr 10.1  tG 43  e2 0.43  nF 28.4  pS 0.15  ptS 0.15  fLog 0.32  pdΔ -0.3462  pkR 9.49  clip 0.20  kl +0.005
upd    3  steps    8192  sps 147  opp symm  loss -0.078  pg -0.0779  v 0.024  ev +0.21  adv_std 0.177  tR +1.00  ent[s/d/p/e] 1.23/1.73/0.91/0.62  emits 1.72  spf 12.7  z0 0.02  garr 14.6  tG 91  e2 0.39  nF 29.1  pS 0.21  ptS 0.21  fLog 0.35  pdΔ -0.2864  pkR 6.89  clip 0.18  kl +0.008
upd    4  steps   10240  sps 182  opp symm  loss -0.127  pg -0.1260  v 0.025  ev +0.22  adv_std 0.203  tR +0.60  ent[s/d/p/e] 1.39/1.89/0.98/0.63  emits 1.64  spf 16.2  z0 0.04  garr 17.9  tG 137  e2 0.36  nF 28.4  pS 0.25  ptS 0.24  fLog 0.37  pdΔ -0.2515  pkR 7.83  clip 0.18  kl +0.005
upd    5  steps   12288  sps 215  opp symm  loss -0.087  pg -0.0823  v 0.018  ev +0.47  adv_std 0.156  tR +0.00  ent[s/d/p/e] 1.49/1.95/0.99/0.62  emits 1.62  spf 19.0  z0 0.03  garr 23.4  tG 208  e2 0.36  nF 26.9  pS 0.29  ptS 0.28  fLog 0.38  pdΔ -0.2149  pkR 7.50  clip 0.24  kl +0.003
upd    6  steps   14336  sps 249  opp symm  loss -0.088  pg -0.0817  v 0.016  ev +0.71  adv_std 0.163  tR +0.00  ent[s/d/p/e] 1.58/1.95/1.01/0.61  emits 1.55  spf 21.1  z0 0.03  garr 26.8  tG 266  e2 0.35  nF 26.1  pS 0.32  ptS 0.31  fLog 0.40  pdΔ -0.1787  pkR 8.14  clip 0.23  kl +0.005
upd    7  steps   16384  sps 281  opp symm  loss -0.033  pg -0.0256  v 0.013  ev +0.83  adv_std 0.143  tR +0.00  ent[s/d/p/e] 1.63/1.96/1.04/0.57  emits 1.43  spf 23.8  z0 0.03  garr 31.2  tG 322  e2 0.31  nF 23.5  pS 0.34  ptS 0.34  fLog 0.41  pdΔ -0.1587  pkR 5.98  clip 0.27  kl +0.010
upd    8  steps   18432  sps 313  opp symm  loss -0.065  pg -0.0576  v 0.013  ev +0.89  adv_std 0.145  tR -1.00  ent[s/d/p/e] 1.65/1.99/1.07/0.51  emits 1.31  spf 26.7  z0 0.03  garr 35.3  tG 407  e2 0.24  nF 21.8  pS 0.36  ptS 0.36  fLog 0.42  pdΔ -0.1355  pkR 6.77  clip 0.26  kl +0.008
upd    9  steps   20480  sps 344  opp symm  loss -0.107  pg -0.0993  v 0.013  ev +0.93  adv_std 0.147  tR -1.00  ent[s/d/p/e] 1.64/2.02/1.05/0.46  emits 1.24  spf 30.6  z0 0.02  garr 44.0  tG 539  e2 0.20  nF 20.2  pS 0.37  ptS 0.37  fLog 0.42  pdΔ -0.1284  pkR 5.98  clip 0.24  kl +0.006
upd   10  steps   22528  sps 374  opp symm  loss -0.064  pg -0.0551  v 0.011  ev +0.94  adv_std 0.147  tR +0.00  ent[s/d/p/e] 1.70/2.06/1.05/0.46  emits 1.18  spf 36.1  z0 0.05  garr 47.2  tG 621  e2 0.17  nF 18.6  pS 0.39  ptS 0.39  fLog 0.44  pdΔ -0.1124  pkR 5.85  clip 0.17  kl +0.004
upd   11  steps   24576  sps 403  opp symm  loss -0.123  pg -0.1172  v 0.015  ev +0.95  adv_std 0.165  tR +0.14  ent[s/d/p/e] 1.59/2.08/0.93/0.45  emits 1.20  spf 31.2  z0 0.04  garr 43.2  tG 580  e2 0.18  nF 18.8  pS 0.36  ptS 0.36  fLog 0.41  pdΔ -0.1371  pkR 8.13  clip 0.21  kl +0.008
upd   12  steps   26624  sps 433  opp symm  loss -0.099  pg -0.0957  v 0.018  ev +0.94  adv_std 0.185  tR +1.00  ent[s/d/p/e] 1.50/2.09/0.86/0.37  emits 1.10  spf 32.4  z0 0.03  garr 42.9  tG 550  e2 0.10  nF 19.6  pS 0.35  ptS 0.35  fLog 0.40  pdΔ -0.1531  pkR 8.55  clip 0.16  kl +0.003
upd   13  steps   28672  sps 461  opp symm  loss -0.048  pg -0.0440  v 0.016  ev +0.96  adv_std 0.172  tR +0.33  ent[s/d/p/e] 1.49/1.97/0.94/0.29  emits 1.03  spf 33.6  z0 0.05  garr 43.7  tG 548  e2 0.08  nF 19.7  pS 0.34  ptS 0.34  fLog 0.41  pdΔ -0.1553  pkR 6.56  clip 0.18  kl +0.004
upd   14  steps   30720  sps 489  opp symm  loss -0.081  pg -0.0764  v 0.016  ev +0.96  adv_std 0.169  tR +0.00  ent[s/d/p/e] 1.42/1.88/0.96/0.35  emits 1.10  spf 29.5  z0 0.05  garr 40.3  tG 507  e2 0.12  nF 20.0  pS 0.33  ptS 0.32  fLog 0.40  pdΔ -0.1686  pkR 6.78  clip 0.14  kl +0.004
upd   15  steps   32768  sps 516  opp symm  loss -0.073  pg -0.0870  v 0.050  ev +0.86  adv_std 0.316  tR -0.13  ent[s/d/p/e] 1.05/1.86/0.85/0.42  emits 1.16  spf 22.7  z0 0.04  garr 28.2  tG 330  e2 0.16  nF 17.3  pS 0.24  ptS 0.24  fLog 0.36  pdΔ -0.2578  pkR 12.79  clip 0.19  kl +0.005
upd   16  steps   34816  sps 543  opp symm  loss -0.143  pg -0.1460  v 0.027  ev +0.90  adv_std 0.234  tR -1.00  ent[s/d/p/e] 0.84/1.80/0.78/0.48  emits 1.23  spf 13.6  z0 0.01  garr 15.3  tG 130  e2 0.18  nF 19.1  pS 0.18  ptS 0.17  fLog 0.34  pdΔ -0.3225  pkR 16.28  clip 0.18  kl +0.006
upd   17  steps   36864  sps 569  opp symm  loss -0.024  pg -0.0291  v 0.032  ev +0.88  adv_std 0.264  tR +1.00  ent[s/d/p/e] 1.04/1.60/0.97/0.45  emits 1.30  spf 16.1  z0 0.00  garr 19.4  tG 171  e2 0.21  nF 21.1  pS 0.22  ptS 0.21  fLog 0.36  pdΔ -0.2780  pkR 14.98  clip 0.21  kl +0.004
upd   18  steps   38912  sps 595  opp symm  loss -0.037  pg -0.0365  v 0.025  ev +0.93  adv_std 0.212  tR +1.00  ent[s/d/p/e] 1.24/1.77/1.05/0.46  emits 1.30  spf 18.6  z0 0.01  garr 23.3  tG 213  e2 0.22  nF 20.5  pS 0.26  ptS 0.25  fLog 0.39  pdΔ -0.2391  pkR 13.33  clip 0.23  kl +0.006
upd   19  steps   40960  sps 620  opp symm  loss -0.064  pg -0.0598  v 0.018  ev +0.94  adv_std 0.192  tR +0.00  ent[s/d/p/e] 1.39/1.90/1.13/0.47  emits 1.21  spf 23.0  z0 0.03  garr 27.2  tG 274  e2 0.19  nF 18.4  pS 0.30  ptS 0.29  fLog 0.41  pdΔ -0.1956  pkR 10.39  clip 0.21  kl +0.008
upd   20  steps   43008  sps 645  opp symm  loss -0.068  pg -0.0643  v 0.020  ev +0.94  adv_std 0.204  tR +0.00  ent[s/d/p/e] 1.49/2.06/1.08/0.40  emits 1.14  spf 26.2  z0 0.03  garr 30.8  tG 331  e2 0.14  nF 17.4  pS 0.34  ptS 0.33  fLog 0.43  pdΔ -0.1565  pkR 8.50  clip 0.15  kl +0.003
upd   21  steps   45056  sps 669  opp symm  loss -0.052  pg -0.0446  v 0.012  ev +0.97  adv_std 0.153  tR +0.20  ent[s/d/p/e] 1.54/2.13/1.08/0.29  emits 1.06  spf 30.6  z0 0.04  garr 36.0  tG 403  e2 0.09  nF 15.8  pS 0.36  ptS 0.34  fLog 0.45  pdΔ -0.1433  pkR 8.27  clip 0.21  kl +0.007
upd   22  steps   47104  sps 693  opp symm  loss -0.066  pg -0.0621  v 0.020  ev +0.95  adv_std 0.195  tR +0.00  ent[s/d/p/e] 1.55/2.18/1.05/0.33  emits 1.07  spf 33.2  z0 0.03  garr 38.1  tG 444  e2 0.09  nF 16.3  pS 0.36  ptS 0.35  fLog 0.45  pdΔ -0.1403  pkR 8.52  clip 0.13  kl +0.000
upd   23  steps   49152  sps 716  opp symm  loss -0.077  pg -0.0725  v 0.017  ev +0.96  adv_std 0.174  tR +1.00  ent[s/d/p/e] 1.44/2.10/1.03/0.26  emits 1.07  spf 32.6  z0 0.02  garr 38.7  tG 458  e2 0.08  nF 16.1  pS 0.35  ptS 0.34  fLog 0.43  pdΔ -0.1533  pkR 9.43  clip 0.19  kl +0.005
upd   24  steps   51200  sps 739  opp symm  loss -0.090  pg -0.0860  v 0.018  ev +0.95  adv_std 0.189  tR +0.33  ent[s/d/p/e] 1.45/2.11/1.00/0.23  emits 1.01  spf 33.5  z0 0.05  garr 39.4  tG 482  e2 0.06  nF 16.5  pS 0.34  ptS 0.33  fLog 0.43  pdΔ -0.1639  pkR 9.40  clip 0.15  kl +0.002
upd   25  steps   53248  sps 761  opp symm  loss -0.165  pg -0.1607  v 0.017  ev +0.95  adv_std 0.181  tR -0.33  ent[s/d/p/e] 1.42/2.18/1.00/0.23  emits 1.00  spf 33.9  z0 0.06  garr 38.0  tG 444  e2 0.06  nF 16.1  pS 0.32  ptS 0.31  fLog 0.43  pdΔ -0.1812  pkR 9.85  clip 0.13  kl +0.002
upd   26  steps   55296  sps 783  opp symm  loss -0.115  pg -0.1109  v 0.019  ev +0.95  adv_std 0.201  tR +0.00  ent[s/d/p/e] 1.48/2.12/1.05/0.20  emits 1.00  spf 33.6  z0 0.07  garr 38.3  tG 456  e2 0.06  nF 16.0  pS 0.34  ptS 0.33  fLog 0.44  pdΔ -0.1634  pkR 7.41  clip 0.19  kl +0.006
upd   27  steps   57344  sps 805  opp symm  loss -0.067  pg -0.0630  v 0.019  ev +0.95  adv_std 0.197  tR -0.60  ent[s/d/p/e] 1.50/2.09/1.07/0.22  emits 1.01  spf 35.0  z0 0.04  garr 40.4  tG 499  e2 0.04  nF 16.2  pS 0.37  ptS 0.35  fLog 0.45  pdΔ -0.1318  pkR 6.38  clip 0.18  kl +0.008
upd   28  steps   59392  sps 826  opp symm  loss -0.131  pg -0.1259  v 0.016  ev +0.96  adv_std 0.171  tR +0.71  ent[s/d/p/e] 1.39/2.20/0.96/0.18  emits 1.03  spf 32.2  z0 0.02  garr 38.6  tG 476  e2 0.04  nF 16.2  pS 0.35  ptS 0.34  fLog 0.43  pdΔ -0.1479  pkR 6.72  clip 0.17  kl +0.001
upd   29  steps   61440  sps 847  opp symm  loss -0.131  pg -0.1313  v 0.025  ev +0.94  adv_std 0.224  tR -1.00  ent[s/d/p/e] 1.33/2.14/0.97/0.21  emits 1.03  spf 30.8  z0 0.02  garr 38.2  tG 452  e2 0.05  nF 17.2  pS 0.33  ptS 0.31  fLog 0.42  pdΔ -0.1733  pkR 7.79  clip 0.17  kl +0.002
upd   30  steps   63488  sps 868  opp symm  loss -0.113  pg -0.1093  v 0.017  ev +0.96  adv_std 0.179  tR -1.00  ent[s/d/p/e] 1.41/2.09/1.02/0.20  emits 1.00  spf 33.5  z0 0.04  garr 38.6  tG 486  e2 0.03  nF 16.4  pS 0.35  ptS 0.33  fLog 0.43  pdΔ -0.1550  pkR 6.95  clip 0.21  kl +0.004
upd   31  steps   65536  sps 888  opp symm  loss -0.162  pg -0.1646  v 0.026  ev +0.93  adv_std 0.223  tR +0.33  ent[s/d/p/e] 0.88/2.15/0.70/0.28  emits 1.05  spf 17.2  z0 0.02  garr 19.6  tG 195  e2 0.06  nF 15.4  pS 0.21  ptS 0.21  fLog 0.35  pdΔ -0.2857  pkR 15.74  clip 0.12  kl +0.003
upd   32  steps   67584  sps 908  opp symm  loss -0.120  pg -0.1293  v 0.040  ev +0.88  adv_std 0.289  tR -1.00  ent[s/d/p/e] 0.99/1.92/0.85/0.29  emits 1.12  spf 18.5  z0 0.00  garr 21.0  tG 197  e2 0.09  nF 18.8  pS 0.23  ptS 0.22  fLog 0.37  pdΔ -0.2681  pkR 14.08  clip 0.17  kl +0.003
upd   33  steps   69632  sps 927  opp symm  loss -0.114  pg -0.1149  v 0.026  ev +0.92  adv_std 0.233  tR +1.00  ent[s/d/p/e] 1.18/1.98/0.98/0.31  emits 1.11  spf 20.6  z0 0.01  garr 23.2  tG 235  e2 0.09  nF 19.2  pS 0.27  ptS 0.26  fLog 0.39  pdΔ -0.2326  pkR 16.81  clip 0.14  kl +0.004
upd   34  steps   71680  sps 946  opp symm  loss -0.123  pg -0.1199  v 0.019  ev +0.95  adv_std 0.200  tR +1.00  ent[s/d/p/e] 1.32/2.13/1.00/0.27  emits 1.05  spf 24.5  z0 0.03  garr 27.1  tG 292  e2 0.07  nF 17.8  pS 0.29  ptS 0.28  fLog 0.41  pdΔ -0.2058  pkR 13.84  clip 0.11  kl +0.003
upd   35  steps   73728  sps 965  opp symm  loss -0.039  pg -0.0328  v 0.012  ev +0.97  adv_std 0.157  tR +0.00  ent[s/d/p/e] 1.37/2.01/1.06/0.20  emits 1.01  spf 25.9  z0 0.05  garr 27.4  tG 300  e2 0.05  nF 16.8  pS 0.31  ptS 0.30  fLog 0.42  pdΔ -0.1892  pkR 11.93  clip 0.11  kl +0.002
upd   36  steps   75776  sps 984  opp symm  loss -0.069  pg -0.0638  v 0.016  ev +0.96  adv_std 0.178  tR -0.20  ent[s/d/p/e] 1.37/2.02/1.04/0.19  emits 1.02  spf 27.2  z0 0.04  garr 29.6  tG 332  e2 0.05  nF 16.1  pS 0.32  ptS 0.31  fLog 0.42  pdΔ -0.1827  pkR 10.76  clip 0.13  kl +0.001
upd   37  steps   77824  sps 1002  opp symm  loss -0.068  pg -0.0651  v 0.019  ev +0.95  adv_std 0.199  tR +0.00  ent[s/d/p/e] 1.24/1.97/1.00/0.18  emits 1.01  spf 25.5  z0 0.04  garr 28.8  tG 310  e2 0.05  nF 15.1  pS 0.29  ptS 0.28  fLog 0.41  pdΔ -0.2077  pkR 10.35  clip 0.15  kl +0.002
upd   38  steps   79872  sps 1020  opp symm  loss -0.058  pg -0.0567  v 0.021  ev +0.94  adv_std 0.206  tR +0.00  ent[s/d/p/e] 1.17/1.99/1.00/0.21  emits 1.02  spf 27.6  z0 0.05  garr 29.5  tG 321  e2 0.06  nF 15.2  pS 0.29  ptS 0.28  fLog 0.41  pdΔ -0.2147  pkR 10.52  clip 0.17  kl +0.003
upd   39  steps   81920  sps 1037  opp symm  loss -0.056  pg -0.0553  v 0.024  ev +0.94  adv_std 0.219  tR -1.00  ent[s/d/p/e] 1.21/1.95/1.02/0.20  emits 1.04  spf 29.2  z0 0.02  garr 31.7  tG 367  e2 0.05  nF 15.4  pS 0.31  ptS 0.30  fLog 0.42  pdΔ -0.1900  pkR 9.11  clip 0.14  kl +0.003
upd   40  steps   83968  sps 1055  opp symm  loss -0.078  pg -0.0755  v 0.020  ev +0.95  adv_std 0.194  tR +0.00  ent[s/d/p/e] 1.26/2.03/1.02/0.23  emits 1.05  spf 28.9  z0 0.03  garr 32.1  tG 391  e2 0.06  nF 15.5  pS 0.32  ptS 0.31  fLog 0.42  pdΔ -0.1814  pkR 9.15  clip 0.14  kl +0.002
upd   41  steps   86016  sps 1072  opp symm  loss -0.106  pg -0.1046  v 0.022  ev +0.94  adv_std 0.208  tR +0.33  ent[s/d/p/e] 1.33/2.19/1.01/0.22  emits 1.00  spf 33.1  z0 0.07  garr 33.4  tG 409  e2 0.06  nF 15.0  pS 0.32  ptS 0.31  fLog 0.43  pdΔ -0.1829  pkR 10.34  clip 0.12  kl +0.004
upd   42  steps   88064  sps 1088  opp symm  loss -0.079  pg -0.0753  v 0.019  ev +0.95  adv_std 0.193  tR -0.67  ent[s/d/p/e] 1.36/2.18/1.03/0.23  emits 0.99  spf 31.6  z0 0.08  garr 32.1  tG 401  e2 0.06  nF 13.9  pS 0.32  ptS 0.32  fLog 0.43  pdΔ -0.1757  pkR 9.96  clip 0.18  kl +0.002
upd   43  steps   90112  sps 1105  opp symm  loss -0.079  pg -0.0761  v 0.019  ev +0.94  adv_std 0.197  tR +0.45  ent[s/d/p/e] 1.35/2.20/0.97/0.21  emits 1.01  spf 32.3  z0 0.05  garr 35.4  tG 455  e2 0.05  nF 13.1  pS 0.34  ptS 0.33  fLog 0.44  pdΔ -0.1641  pkR 12.48  clip 0.14  kl +0.000
upd   44  steps   92160  sps 1121  opp symm  loss -0.118  pg -0.1185  v 0.024  ev +0.91  adv_std 0.222  tR +0.33  ent[s/d/p/e] 1.21/2.23/0.90/0.22  emits 1.04  spf 28.8  z0 0.03  garr 30.2  tG 335  e2 0.05  nF 14.6  pS 0.30  ptS 0.29  fLog 0.42  pdΔ -0.2036  pkR 7.98  clip 0.12  kl +0.001
upd   45  steps   94208  sps 1137  opp symm  loss -0.101  pg -0.1039  v 0.029  ev +0.89  adv_std 0.235  tR +0.00  ent[s/d/p/e] 1.19/2.05/0.95/0.21  emits 1.05  spf 26.8  z0 0.02  garr 29.5  tG 326  e2 0.07  nF 16.1  pS 0.28  ptS 0.28  fLog 0.40  pdΔ -0.2168  pkR 9.74  clip 0.13  kl +0.004
upd   46  steps   96256  sps 1153  opp symm  loss -0.028  pg -0.0305  v 0.028  ev +0.90  adv_std 0.242  tR +0.33  ent[s/d/p/e] 1.14/1.91/1.01/0.21  emits 1.07  spf 24.1  z0 0.02  garr 27.5  tG 299  e2 0.07  nF 16.2  pS 0.27  ptS 0.27  fLog 0.40  pdΔ -0.2286  pkR 11.75  clip 0.16  kl +0.003
upd   47  steps   98304  sps 1168  opp symm  loss +0.006  pg +0.0056  v 0.023  ev +0.91  adv_std 0.220  tR -1.00  ent[s/d/p/e] 1.11/1.84/1.00/0.23  emits 1.08  spf 22.8  z0 0.00  garr 25.7  tG 275  e2 0.07  nF 16.9  pS 0.27  ptS 0.26  fLog 0.40  pdΔ -0.2316  pkR 10.46  clip 0.16  kl +0.003
upd   48  steps  100352  sps 1183  opp symm  loss -0.033  pg -0.0310  v 0.022  ev +0.93  adv_std 0.208  tR +0.50  ent[s/d/p/e] 1.29/1.89/1.14/0.22  emits 1.08  spf 25.8  z0 0.01  garr 28.5  tG 308  e2 0.08  nF 17.1  pS 0.30  ptS 0.29  fLog 0.43  pdΔ -0.1973  pkR 10.18  clip 0.16  kl +0.002
upd   49  steps  102400  sps 1198  opp symm  loss -0.054  pg -0.0478  v 0.013  ev +0.96  adv_std 0.163  tR +0.00  ent[s/d/p/e] 1.29/1.90/1.14/0.17  emits 1.03  spf 25.8  z0 0.03  garr 29.0  tG 305  e2 0.06  nF 15.4  pS 0.30  ptS 0.29  fLog 0.43  pdΔ -0.1980  pkR 12.72  clip 0.16  kl +0.004
upd   50  steps  104448  sps 1213  opp symm  loss -0.069  pg -0.0626  v 0.013  ev +0.97  adv_std 0.164  tR -0.60  ent[s/d/p/e] 1.33/1.97/1.10/0.15  emits 1.02  spf 30.7  z0 0.03  garr 33.1  tG 383  e2 0.04  nF 14.2  pS 0.33  ptS 0.32  fLog 0.44  pdΔ -0.1733  pkR 10.44  clip 0.19  kl +0.003
upd   51  steps  106496  sps 1228  opp symm  loss -0.071  pg -0.0667  v 0.018  ev +0.96  adv_std 0.186  tR +0.20  ent[s/d/p/e] 1.41/2.02/1.10/0.13  emits 1.02  spf 30.8  z0 0.03  garr 35.3  tG 420  e2 0.04  nF 13.2  pS 0.35  ptS 0.33  fLog 0.45  pdΔ -0.1532  pkR 8.17  clip 0.21  kl +0.005
upd   52  steps  108544  sps 1242  opp symm  loss -0.094  pg -0.0890  v 0.016  ev +0.96  adv_std 0.177  tR -0.20  ent[s/d/p/e] 1.37/2.01/1.14/0.12  emits 1.00  spf 30.6  z0 0.03  garr 32.9  tG 366  e2 0.03  nF 13.7  pS 0.33  ptS 0.33  fLog 0.44  pdΔ -0.1659  pkR 8.35  clip 0.14  kl +0.002
upd   53  steps  110592  sps 1256  opp symm  loss -0.068  pg -0.0668  v 0.022  ev +0.94  adv_std 0.211  tR +0.00  ent[s/d/p/e] 1.30/2.02/1.12/0.08  emits 1.00  spf 28.8  z0 0.02  garr 30.6  tG 328  e2 0.02  nF 13.9  pS 0.32  ptS 0.31  fLog 0.44  pdΔ -0.1762  pkR 5.45  clip 0.09  kl +0.001
upd   54  steps  112640  sps 1270  opp symm  loss -0.083  pg -0.0813  v 0.021  ev +0.95  adv_std 0.210  tR +0.33  ent[s/d/p/e] 1.32/2.00/1.15/0.08  emits 0.99  spf 28.9  z0 0.03  garr 31.3  tG 355  e2 0.02  nF 14.6  pS 0.33  ptS 0.32  fLog 0.43  pdΔ -0.1683  pkR 5.46  clip 0.11  kl +0.003
upd   55  steps  114688  sps 1284  opp symm  loss -0.097  pg -0.0931  v 0.017  ev +0.96  adv_std 0.182  tR +0.00  ent[s/d/p/e] 1.38/2.03/1.10/0.06  emits 0.99  spf 29.6  z0 0.03  garr 32.7  tG 385  e2 0.01  nF 14.2  pS 0.34  ptS 0.33  fLog 0.44  pdΔ -0.1558  pkR 5.79  clip 0.11  kl +0.003
upd   56  steps  116736  sps 1297  opp symm  loss -0.079  pg -0.0766  v 0.020  ev +0.95  adv_std 0.198  tR -0.60  ent[s/d/p/e] 1.35/2.18/1.03/0.07  emits 0.96  spf 32.7  z0 0.06  garr 34.2  tG 421  e2 0.01  nF 13.6  pS 0.34  ptS 0.33  fLog 0.44  pdΔ -0.1644  pkR 6.41  clip 0.10  kl +0.002
upd   57  steps  118784  sps 1311  opp symm  loss -0.070  pg -0.0672  v 0.019  ev +0.95  adv_std 0.197  tR -0.09  ent[s/d/p/e] 1.35/2.19/1.04/0.06  emits 0.91  spf 35.5  z0 0.10  garr 34.1  tG 413  e2 0.01  nF 12.9  pS 0.32  ptS 0.31  fLog 0.45  pdΔ -0.1809  pkR 6.48  clip 0.13  kl +0.003
upd   58  steps  120832  sps 1324  opp symm  loss -0.158  pg -0.1573  v 0.023  ev +0.94  adv_std 0.219  tR -0.20  ent[s/d/p/e] 1.27/2.23/1.01/0.07  emits 0.96  spf 31.3  z0 0.06  garr 32.9  tG 406  e2 0.01  nF 14.4  pS 0.31  ptS 0.31  fLog 0.43  pdΔ -0.1891  pkR 6.90  clip 0.10  kl +0.001
upd   59  steps  122880  sps 1337  opp symm  loss -0.108  pg -0.1055  v 0.020  ev +0.95  adv_std 0.200  tR -0.50  ent[s/d/p/e] 1.28/2.30/0.98/0.05  emits 0.97  spf 34.2  z0 0.05  garr 34.8  tG 427  e2 0.01  nF 14.5  pS 0.31  ptS 0.31  fLog 0.44  pdΔ -0.1859  pkR 6.46  clip 0.11  kl +0.001
upd   60  steps  124928  sps 1349  opp symm  loss -0.097  pg -0.0942  v 0.019  ev +0.95  adv_std 0.201  tR +1.00  ent[s/d/p/e] 1.29/2.29/1.04/0.04  emits 0.96  spf 34.7  z0 0.05  garr 34.7  tG 436  e2 0.00  nF 15.1  pS 0.32  ptS 0.32  fLog 0.44  pdΔ -0.1776  pkR 6.98  clip 0.10  kl +0.000
upd   61  steps  126976  sps 1362  opp symm  loss -0.138  pg -0.1348  v 0.020  ev +0.95  adv_std 0.204  tR +0.00  ent[s/d/p/e] 1.39/2.23/1.06/0.04  emits 0.98  spf 35.5  z0 0.02  garr 37.8  tG 485  e2 0.01  nF 15.6  pS 0.36  ptS 0.35  fLog 0.45  pdΔ -0.1355  pkR 6.85  clip 0.08  kl +0.002
upd   62  steps  129024  sps 1375  opp symm  loss -0.136  pg -0.1329  v 0.019  ev +0.95  adv_std 0.191  tR +0.67  ent[s/d/p/e] 1.25/2.26/0.99/0.05  emits 1.00  spf 32.0  z0 0.01  garr 34.1  tG 407  e2 0.01  nF 15.2  pS 0.33  ptS 0.32  fLog 0.43  pdΔ -0.1726  pkR 9.06  clip 0.11  kl +0.004
upd   63  steps  131072  sps 1387  opp symm  loss -0.153  pg -0.1546  v 0.028  ev +0.93  adv_std 0.229  tR +1.00  ent[s/d/p/e] 1.28/2.14/1.05/0.04  emits 0.98  spf 32.7  z0 0.03  garr 34.1  tG 408  e2 0.01  nF 16.3  pS 0.33  ptS 0.32  fLog 0.44  pdΔ -0.1741  pkR 8.37  clip 0.14  kl +0.003
upd   64  steps  133120  sps 1399  opp symm  loss -0.099  pg -0.0977  v 0.022  ev +0.94  adv_std 0.209  tR +0.67  ent[s/d/p/e] 1.20/2.06/1.05/0.04  emits 0.95  spf 31.1  z0 0.05  garr 32.2  tG 356  e2 0.00  nF 15.6  pS 0.29  ptS 0.28  fLog 0.44  pdΔ -0.2095  pkR 6.79  clip 0.13  kl +0.004
upd   65  steps  135168  sps 1411  opp symm  loss -0.075  pg -0.0741  v 0.021  ev +0.94  adv_std 0.206  tR -0.33  ent[s/d/p/e] 1.13/2.03/1.01/0.04  emits 0.94  spf 30.0  z0 0.07  garr 29.5  tG 325  e2 0.01  nF 15.6  pS 0.27  ptS 0.27  fLog 0.42  pdΔ -0.2270  pkR 7.68  clip 0.06  kl -0.001
upd   66  steps  137216  sps 1423  opp symm  loss -0.162  pg -0.1614  v 0.022  ev +0.94  adv_std 0.202  tR -0.43  ent[s/d/p/e] 1.03/2.07/0.93/0.04  emits 0.95  spf 28.9  z0 0.06  garr 28.5  tG 320  e2 0.01  nF 15.1  pS 0.26  ptS 0.25  fLog 0.41  pdΔ -0.2450  pkR 8.13  clip 0.12  kl +0.001
upd   67  steps  139264  sps 1434  opp symm  loss -0.119  pg -0.1174  v 0.019  ev +0.95  adv_std 0.194  tR +0.33  ent[s/d/p/e] 1.01/2.07/0.94/0.04  emits 0.90  spf 29.3  z0 0.10  garr 27.0  tG 318  e2 0.00  nF 14.7  pS 0.24  ptS 0.24  fLog 0.41  pdΔ -0.2556  pkR 9.00  clip 0.10  kl +0.004
upd   68  steps  141312  sps 1446  opp symm  loss -0.132  pg -0.1337  v 0.024  ev +0.94  adv_std 0.211  tR -0.75  ent[s/d/p/e] 0.92/2.06/0.86/0.03  emits 0.93  spf 29.3  z0 0.07  garr 27.1  tG 331  e2 0.00  nF 14.6  pS 0.23  ptS 0.23  fLog 0.39  pdΔ -0.2668  pkR 10.46  clip 0.08  kl +0.000
upd   69  steps  143360  sps 1457  opp symm  loss -0.124  pg -0.1282  v 0.029  ev +0.92  adv_std 0.239  tR +0.14  ent[s/d/p/e] 0.85/2.02/0.87/0.04  emits 0.93  spf 24.5  z0 0.07  garr 22.7  tG 256  e2 0.01  nF 16.1  pS 0.21  ptS 0.21  fLog 0.38  pdΔ -0.2896  pkR 14.45  clip 0.10  kl +0.004
upd   70  steps  145408  sps 1468  opp symm  loss -0.124  pg -0.1260  v 0.024  ev +0.93  adv_std 0.216  tR +0.00  ent[s/d/p/e] 0.87/1.97/0.85/0.04  emits 0.95  spf 22.4  z0 0.05  garr 21.5  tG 238  e2 0.00  nF 17.7  pS 0.21  ptS 0.21  fLog 0.37  pdΔ -0.2921  pkR 13.48  clip 0.06  kl +0.001
upd   71  steps  147456  sps 1479  opp symm  loss -0.150  pg -0.1580  v 0.037  ev +0.88  adv_std 0.280  tR -0.33  ent[s/d/p/e] 0.87/2.01/0.86/0.03  emits 0.95  spf 23.8  z0 0.06  garr 23.3  tG 260  e2 0.00  nF 17.5  pS 0.21  ptS 0.20  fLog 0.37  pdΔ -0.2947  pkR 15.22  clip 0.11  kl +0.002
upd   72  steps  149504  sps 1490  opp symm  loss -0.141  pg -0.1399  v 0.020  ev +0.95  adv_std 0.205  tR -0.33  ent[s/d/p/e] 0.99/2.13/0.89/0.03  emits 0.92  spf 26.5  z0 0.09  garr 24.1  tG 275  e2 0.00  nF 17.5  pS 0.22  ptS 0.22  fLog 0.39  pdΔ -0.2782  pkR 16.73  clip 0.10  kl +0.002
upd   73  steps  151552  sps 1501  opp symm  loss -0.127  pg -0.1249  v 0.018  ev +0.95  adv_std 0.191  tR -0.43  ent[s/d/p/e] 1.05/2.19/0.98/0.03  emits 0.90  spf 23.9  z0 0.11  garr 22.0  tG 221  e2 0.00  nF 16.0  pS 0.23  ptS 0.22  fLog 0.40  pdΔ -0.2733  pkR 17.82  clip 0.07  kl +0.001
upd   74  steps  153600  sps 1511  opp symm  loss -0.150  pg -0.1484  v 0.019  ev +0.94  adv_std 0.194  tR -0.50  ent[s/d/p/e] 1.04/2.19/0.97/0.04  emits 0.94  spf 23.8  z0 0.06  garr 23.4  tG 232  e2 0.00  nF 15.8  pS 0.24  ptS 0.24  fLog 0.40  pdΔ -0.2555  pkR 16.77  clip 0.09  kl +0.001
upd   75  steps  155648  sps 1522  opp symm  loss -0.066  pg -0.0701  v 0.031  ev +0.92  adv_std 0.251  tR -1.00  ent[s/d/p/e] 1.02/2.09/0.93/0.04  emits 0.97  spf 23.1  z0 0.04  garr 22.1  tG 206  e2 0.01  nF 17.1  pS 0.24  ptS 0.24  fLog 0.40  pdΔ -0.2555  pkR 10.70  clip 0.08  kl +0.003
upd   76  steps  157696  sps 1532  opp symm  loss -0.104  pg -0.1030  v 0.020  ev +0.95  adv_std 0.200  tR -1.00  ent[s/d/p/e] 1.12/2.04/0.99/0.04  emits 0.97  spf 23.2  z0 0.04  garr 24.9  tG 249  e2 0.01  nF 16.9  pS 0.26  ptS 0.26  fLog 0.40  pdΔ -0.2364  pkR 10.47  clip 0.08  kl +0.004
upd   77  steps  159744  sps 1542  opp symm  loss -0.072  pg -0.0709  v 0.022  ev +0.95  adv_std 0.213  tR -0.67  ent[s/d/p/e] 1.15/2.12/1.02/0.04  emits 0.97  spf 25.8  z0 0.03  garr 26.3  tG 278  e2 0.01  nF 15.5  pS 0.28  ptS 0.27  fLog 0.41  pdΔ -0.2209  pkR 11.49  clip 0.05  kl +0.000
upd   78  steps  161792  sps 1552  opp symm  loss -0.124  pg -0.1202  v 0.015  ev +0.96  adv_std 0.178  tR -0.33  ent[s/d/p/e] 1.23/2.21/0.99/0.05  emits 0.95  spf 27.6  z0 0.06  garr 28.3  tG 311  e2 0.01  nF 14.7  pS 0.29  ptS 0.29  fLog 0.43  pdΔ -0.2053  pkR 9.94  clip 0.09  kl +0.002
upd   79  steps  163840  sps 1562  opp symm  loss -0.094  pg -0.0928  v 0.022  ev +0.95  adv_std 0.208  tR +0.00  ent[s/d/p/e] 1.24/2.11/1.02/0.04  emits 1.00  spf 27.6  z0 0.01  garr 29.4  tG 315  e2 0.01  nF 14.5  pS 0.31  ptS 0.30  fLog 0.43  pdΔ -0.1877  pkR 7.80  clip 0.13  kl +0.002
upd   80  steps  165888  sps 1572  opp symm  loss -0.082  pg -0.0835  v 0.027  ev +0.93  adv_std 0.235  tR +0.20  ent[s/d/p/e] 1.24/2.15/1.01/0.03  emits 0.98  spf 28.6  z0 0.02  garr 29.7  tG 323  e2 0.01  nF 13.8  pS 0.31  ptS 0.30  fLog 0.43  pdΔ -0.1942  pkR 9.25  clip 0.10  kl +0.002
upd   81  steps  167936  sps 1582  opp symm  loss -0.044  pg -0.0425  v 0.022  ev +0.94  adv_std 0.211  tR +0.00  ent[s/d/p/e] 1.33/2.17/1.04/0.04  emits 0.93  spf 28.9  z0 0.08  garr 30.2  tG 346  e2 0.01  nF 13.1  pS 0.31  ptS 0.31  fLog 0.45  pdΔ -0.1879  pkR 8.66  clip 0.11  kl +0.000
upd   82  steps  169984  sps 1592  opp symm  loss -0.056  pg -0.0525  v 0.016  ev +0.96  adv_std 0.186  tR -0.67  ent[s/d/p/e] 1.27/2.11/1.01/0.03  emits 0.94  spf 28.5  z0 0.07  garr 28.7  tG 328  e2 0.00  nF 12.6  pS 0.30  ptS 0.30  fLog 0.43  pdΔ -0.2020  pkR 10.42  clip 0.06  kl +0.001
upd   83  steps  172032  sps 1601  opp symm  loss -0.071  pg -0.0689  v 0.020  ev +0.95  adv_std 0.208  tR +0.25  ent[s/d/p/e] 1.25/2.17/0.98/0.02  emits 0.97  spf 28.6  z0 0.04  garr 30.5  tG 341  e2 0.00  nF 13.1  pS 0.30  ptS 0.30  fLog 0.43  pdΔ -0.1962  pkR 8.33  clip 0.06  kl +0.003
upd   84  steps  174080  sps 1610  opp symm  loss -0.102  pg -0.1028  v 0.026  ev +0.94  adv_std 0.228  tR -0.50  ent[s/d/p/e] 1.17/2.25/1.02/0.02  emits 0.97  spf 29.2  z0 0.03  garr 31.2  tG 325  e2 0.00  nF 13.3  pS 0.29  ptS 0.28  fLog 0.43  pdΔ -0.2091  pkR 7.90  clip 0.14  kl +0.005
upd   85  steps  176128  sps 1620  opp symm  loss -0.045  pg -0.0478  v 0.031  ev +0.92  adv_std 0.246  tR +0.00  ent[s/d/p/e] 1.26/2.15/1.05/0.02  emits 0.96  spf 31.4  z0 0.04  garr 32.7  tG 349  e2 0.00  nF 13.7  pS 0.30  ptS 0.30  fLog 0.44  pdΔ -0.2005  pkR 8.43  clip 0.09  kl +0.000
upd   86  steps  178176  sps 1629  opp symm  loss -0.094  pg -0.0954  v 0.027  ev +0.91  adv_std 0.240  tR -0.14  ent[s/d/p/e] 1.28/2.14/0.99/0.02  emits 0.98  spf 31.0  z0 0.02  garr 34.0  tG 391  e2 0.00  nF 13.1  pS 0.31  ptS 0.31  fLog 0.43  pdΔ -0.1902  pkR 11.04  clip 0.07  kl +0.001
upd   87  steps  180224  sps 1638  opp symm  loss -0.146  pg -0.1434  v 0.020  ev +0.95  adv_std 0.192  tR +0.00  ent[s/d/p/e] 1.31/2.16/1.04/0.01  emits 0.98  spf 32.3  z0 0.02  garr 35.3  tG 403  e2 0.00  nF 13.7  pS 0.32  ptS 0.32  fLog 0.44  pdΔ -0.1760  pkR 9.96  clip 0.05  kl +0.001
upd   88  steps  182272  sps 1647  opp symm  loss -0.103  pg -0.1011  v 0.020  ev +0.95  adv_std 0.193  tR +1.00  ent[s/d/p/e] 1.29/2.09/1.01/0.01  emits 0.97  spf 32.5  z0 0.03  garr 33.3  tG 379  e2 0.00  nF 13.4  pS 0.32  ptS 0.32  fLog 0.44  pdΔ -0.1792  pkR 8.03  clip 0.05  kl -0.000
upd   89  steps  184320  sps 1656  opp symm  loss -0.107  pg -0.1073  v 0.023  ev +0.94  adv_std 0.209  tR +0.60  ent[s/d/p/e] 1.29/2.14/0.94/0.01  emits 0.94  spf 32.3  z0 0.06  garr 31.9  tG 377  e2 0.00  nF 13.5  pS 0.32  ptS 0.31  fLog 0.43  pdΔ -0.1844  pkR 7.36  clip 0.10  kl -0.000
upd   90  steps  186368  sps 1664  opp symm  loss -0.089  pg -0.0917  v 0.028  ev +0.93  adv_std 0.239  tR +0.20  ent[s/d/p/e] 1.26/2.09/0.99/0.01  emits 0.93  spf 32.5  z0 0.07  garr 32.7  tG 385  e2 0.00  nF 13.6  pS 0.30  ptS 0.30  fLog 0.44  pdΔ -0.1977  pkR 7.72  clip 0.09  kl +0.002
upd   91  steps  188416  sps 1673  opp symm  loss -0.090  pg -0.0912  v 0.025  ev +0.94  adv_std 0.222  tR -0.25  ent[s/d/p/e] 1.22/2.12/0.97/0.02  emits 0.93  spf 33.3  z0 0.07  garr 32.1  tG 393  e2 0.00  nF 13.8  pS 0.30  ptS 0.30  fLog 0.43  pdΔ -0.2006  pkR 7.93  clip 0.09  kl +0.002
upd   92  steps  190464  sps 1682  opp symm  loss -0.122  pg -0.1236  v 0.025  ev +0.93  adv_std 0.218  tR +0.00  ent[s/d/p/e] 1.11/2.17/0.88/0.02  emits 0.94  spf 30.0  z0 0.06  garr 28.5  tG 338  e2 0.00  nF 14.2  pS 0.28  ptS 0.28  fLog 0.41  pdΔ -0.2202  pkR 8.78  clip 0.13  kl +0.004
upd   93  steps  192512  sps 1690  opp symm  loss -0.217  pg -0.2176  v 0.022  ev +0.94  adv_std 0.211  tR +0.43  ent[s/d/p/e] 1.07/2.16/0.84/0.02  emits 0.91  spf 27.9  z0 0.09  garr 26.1  tG 300  e2 0.00  nF 14.7  pS 0.26  ptS 0.26  fLog 0.40  pdΔ -0.2432  pkR 10.99  clip 0.09  kl +0.002
upd   94  steps  194560  sps 1698  opp symm  loss -0.143  pg -0.1463  v 0.028  ev +0.92  adv_std 0.234  tR +0.00  ent[s/d/p/e] 0.96/2.05/0.86/0.02  emits 0.94  spf 23.6  z0 0.06  garr 24.0  tG 230  e2 0.00  nF 15.4  pS 0.23  ptS 0.23  fLog 0.39  pdΔ -0.2737  pkR 15.05  clip 0.07  kl +0.002
upd   95  steps  196608  sps 1706  opp symm  loss -0.155  pg -0.1582  v 0.028  ev +0.92  adv_std 0.216  tR -0.60  ent[s/d/p/e] 0.91/2.07/0.87/0.03  emits 0.99  spf 20.9  z0 0.02  garr 22.4  tG 201  e2 0.00  nF 15.9  pS 0.23  ptS 0.23  fLog 0.38  pdΔ -0.2749  pkR 7.87  clip 0.09  kl +0.003
upd   96  steps  198656  sps 1715  opp symm  loss -0.114  pg -0.1193  v 0.032  ev +0.90  adv_std 0.256  tR -0.33  ent[s/d/p/e] 1.01/2.00/0.92/0.03  emits 0.98  spf 22.7  z0 0.03  garr 23.5  tG 218  e2 0.01  nF 16.0  pS 0.24  ptS 0.24  fLog 0.39  pdΔ -0.2554  pkR 7.33  clip 0.07  kl +0.002
upd   97  steps  200704  sps 1723  opp symm  loss -0.132  pg -0.1335  v 0.025  ev +0.94  adv_std 0.218  tR -1.00  ent[s/d/p/e] 1.10/2.06/0.95/0.03  emits 0.95  spf 25.4  z0 0.05  garr 26.0  tG 259  e2 0.00  nF 15.3  pS 0.26  ptS 0.26  fLog 0.41  pdΔ -0.2379  pkR 8.86  clip 0.13  kl +0.003
upd   98  steps  202752  sps 1731  opp symm  loss -0.170  pg -0.1715  v 0.025  ev +0.94  adv_std 0.216  tR -0.14  ent[s/d/p/e] 1.11/2.15/0.90/0.04  emits 0.98  spf 24.8  z0 0.03  garr 25.4  tG 252  e2 0.01  nF 14.6  pS 0.27  ptS 0.27  fLog 0.40  pdΔ -0.2316  pkR 8.76  clip 0.06  kl +0.003
[eval_vs_v20] u99 tag=train_u99  bin0=0.0%  spf=9.83  garr=192.09  flip=50.00%  z0=46.7%  e8=0.0%  e2+=0.0%  WLD=0/3/0
upd   99  steps  204800  sps 1739  opp symm  loss -0.077  pg -0.0813  v 0.030  ev +0.92  adv_std 0.238  tR +0.20  ent[s/d/p/e] 1.07/2.11/0.88/0.04  emits 0.98  spf 22.8  z0 0.03  garr 23.5  tG 233  e2 0.01  nF 14.9  pS 0.26  ptS 0.26  fLog 0.40  pdΔ -0.2408  pkR 8.46  clip 0.05  kl +0.000 WRr 0.22 v20[spf 9.8 flip 50.0% e2+ 0.0%]
upd  100  steps  206848  sps 756  opp symm  loss -0.159  pg -0.1585  v 0.020  ev +0.94  adv_std 0.200  tR +0.20  ent[s/d/p/e] 1.01/2.02/0.92/0.04  emits 0.95  spf 21.5  z0 0.05  garr 21.8  tG 222  e2 0.00  nF 15.6  pS 0.24  ptS 0.24  fLog 0.39  pdΔ -0.2570  pkR 7.85  clip 0.08  kl +0.003
upd  101  steps  208896  sps 762  opp symm  loss -0.074  pg -0.0793  v 0.033  ev +0.91  adv_std 0.256  tR -1.00  ent[s/d/p/e] 1.05/1.99/1.00/0.04  emits 0.95  spf 22.8  z0 0.05  garr 23.1  tG 234  e2 0.01  nF 16.1  pS 0.25  ptS 0.25  fLog 0.40  pdΔ -0.2513  pkR 8.97  clip 0.05  kl +0.001
upd  102  steps  210944  sps 768  opp symm  loss -0.108  pg -0.1065  v 0.021  ev +0.94  adv_std 0.205  tR -0.60  ent[s/d/p/e] 1.13/2.06/1.00/0.03  emits 0.96  spf 25.6  z0 0.04  garr 25.8  tG 277  e2 0.00  nF 16.5  pS 0.28  ptS 0.28  fLog 0.41  pdΔ -0.2226  pkR 8.25  clip 0.05  kl -0.001
upd  103  steps  212992  sps 773  opp symm  loss -0.072  pg -0.0713  v 0.021  ev +0.95  adv_std 0.208  tR +1.00  ent[s/d/p/e] 1.19/2.06/1.01/0.03  emits 0.95  spf 28.8  z0 0.05  garr 28.9  tG 324  e2 0.01  nF 17.4  pS 0.30  ptS 0.29  fLog 0.43  pdΔ -0.2034  pkR 10.26  clip 0.11  kl +0.003
upd  104  steps  215040  sps 779  opp symm  loss -0.144  pg -0.1432  v 0.024  ev +0.94  adv_std 0.222  tR -0.60  ent[s/d/p/e] 1.25/2.16/1.08/0.04  emits 0.96  spf 31.8  z0 0.05  garr 32.8  tG 380  e2 0.01  nF 16.7  pS 0.32  ptS 0.31  fLog 0.45  pdΔ -0.1765  pkR 8.57  clip 0.12  kl +0.001
upd  105  steps  217088  sps 784  opp symm  loss -0.167  pg -0.1654  v 0.021  ev +0.95  adv_std 0.207  tR +0.43  ent[s/d/p/e] 1.24/2.23/1.04/0.03  emits 0.98  spf 31.0  z0 0.02  garr 31.7  tG 350  e2 0.00  nF 15.7  pS 0.32  ptS 0.31  fLog 0.44  pdΔ -0.1796  pkR 10.15  clip 0.10  kl +0.001
upd  106  steps  219136  sps 790  opp symm  loss -0.147  pg -0.1471  v 0.023  ev +0.94  adv_std 0.214  tR -1.00  ent[s/d/p/e] 1.27/2.14/1.04/0.02  emits 0.97  spf 30.9  z0 0.03  garr 31.4  tG 345  e2 0.00  nF 16.6  pS 0.32  ptS 0.31  fLog 0.44  pdΔ -0.1757  pkR 8.67  clip 0.09  kl -0.000
upd  107  steps  221184  sps 795  opp symm  loss -0.115  pg -0.1139  v 0.022  ev +0.94  adv_std 0.210  tR +0.43  ent[s/d/p/e] 1.29/2.20/1.00/0.02  emits 0.97  spf 32.9  z0 0.03  garr 33.7  tG 378  e2 0.00  nF 15.8  pS 0.33  ptS 0.32  fLog 0.44  pdΔ -0.1722  pkR 9.68  clip 0.09  kl +0.003
upd  108  steps  223232  sps 801  opp symm  loss -0.042  pg -0.0464  v 0.033  ev +0.91  adv_std 0.260  tR -0.25  ent[s/d/p/e] 1.26/2.21/0.99/0.02  emits 0.96  spf 32.0  z0 0.04  garr 33.6  tG 386  e2 0.00  nF 15.3  pS 0.32  ptS 0.31  fLog 0.44  pdΔ -0.1827  pkR 9.90  clip 0.10  kl +0.001
upd  109  steps  225280  sps 806  opp symm  loss -0.107  pg -0.1030  v 0.016  ev +0.96  adv_std 0.176  tR -1.00  ent[s/d/p/e] 1.36/2.17/1.08/0.03  emits 0.96  spf 37.1  z0 0.05  garr 38.9  tG 475  e2 0.00  nF 15.3  pS 0.33  ptS 0.32  fLog 0.45  pdΔ -0.1734  pkR 8.77  clip 0.10  kl -0.001
upd  110  steps  227328  sps 812  opp symm  loss -0.122  pg -0.1166  v 0.016  ev +0.96  adv_std 0.176  tR +0.14  ent[s/d/p/e] 1.41/2.20/1.07/0.04  emits 0.96  spf 36.7  z0 0.05  garr 39.0  tG 481  e2 0.01  nF 15.1  pS 0.34  ptS 0.34  fLog 0.46  pdΔ -0.1606  pkR 8.24  clip 0.14  kl +0.003
upd  111  steps  229376  sps 817  opp symm  loss -0.101  pg -0.0959  v 0.015  ev +0.96  adv_std 0.176  tR +0.00  ent[s/d/p/e] 1.39/2.20/1.10/0.04  emits 0.97  spf 35.8  z0 0.03  garr 37.6  tG 434  e2 0.01  nF 15.1  pS 0.33  ptS 0.32  fLog 0.46  pdΔ -0.1737  pkR 8.72  clip 0.16  kl +0.004
upd  112  steps  231424  sps 823  opp symm  loss -0.104  pg -0.1004  v 0.018  ev +0.95  adv_std 0.194  tR +0.00  ent[s/d/p/e] 1.41/2.18/1.09/0.03  emits 0.99  spf 34.8  z0 0.01  garr 37.7  tG 421  e2 0.00  nF 15.7  pS 0.33  ptS 0.33  fLog 0.46  pdΔ -0.1686  pkR 9.94  clip 0.09  kl +0.002
upd  113  steps  233472  sps 828  opp symm  loss -0.066  pg -0.0634  v 0.020  ev +0.94  adv_std 0.205  tR +0.00  ent[s/d/p/e] 1.37/2.17/1.10/0.03  emits 1.01  spf 31.6  z0 0.00  garr 35.2  tG 368  e2 0.01  nF 15.0  pS 0.33  ptS 0.32  fLog 0.45  pdΔ -0.1725  pkR 9.13  clip 0.09  kl +0.002
upd  114  steps  235520  sps 833  opp symm  loss -0.068  pg -0.0664  v 0.024  ev +0.93  adv_std 0.221  tR -0.14  ent[s/d/p/e] 1.41/2.27/1.12/0.03  emits 1.00  spf 32.3  z0 0.00  garr 36.0  tG 378  e2 0.00  nF 15.2  pS 0.35  ptS 0.34  fLog 0.46  pdΔ -0.1539  pkR 8.69  clip 0.10  kl +0.002
upd  115  steps  237568  sps 839  opp symm  loss -0.088  pg -0.0883  v 0.027  ev +0.93  adv_std 0.230  tR +1.00  ent[s/d/p/e] 1.38/2.22/1.10/0.03  emits 1.00  spf 30.4  z0 0.00  garr 34.2  tG 369  e2 0.01  nF 15.0  pS 0.34  ptS 0.33  fLog 0.45  pdΔ -0.1624  pkR 5.98  clip 0.12  kl +0.001
upd  116  steps  239616  sps 844  opp symm  loss -0.068  pg -0.0668  v 0.023  ev +0.94  adv_std 0.216  tR +0.75  ent[s/d/p/e] 1.36/2.12/1.13/0.02  emits 0.98  spf 30.3  z0 0.02  garr 33.9  tG 387  e2 0.00  nF 15.0  pS 0.33  ptS 0.33  fLog 0.45  pdΔ -0.1675  pkR 7.73  clip 0.09  kl +0.003
upd  117  steps  241664  sps 849  opp symm  loss -0.103  pg -0.0982  v 0.015  ev +0.96  adv_std 0.178  tR +0.00  ent[s/d/p/e] 1.19/2.05/1.11/0.02  emits 0.95  spf 28.8  z0 0.05  garr 30.7  tG 358  e2 0.00  nF 15.2  pS 0.29  ptS 0.29  fLog 0.42  pdΔ -0.2072  pkR 9.95  clip 0.16  kl +0.004
upd  118  steps  243712  sps 855  opp symm  loss -0.068  pg -0.0672  v 0.022  ev +0.95  adv_std 0.211  tR -1.00  ent[s/d/p/e] 1.24/2.14/1.05/0.02  emits 0.96  spf 32.9  z0 0.05  garr 33.2  tG 408  e2 0.00  nF 15.0  pS 0.32  ptS 0.32  fLog 0.44  pdΔ -0.1784  pkR 8.47  clip 0.12  kl +0.004
upd  119  steps  245760  sps 860  opp symm  loss -0.115  pg -0.1102  v 0.016  ev +0.97  adv_std 0.175  tR -1.00  ent[s/d/p/e] 1.29/2.11/1.12/0.02  emits 0.95  spf 36.0  z0 0.05  garr 35.4  tG 462  e2 0.00  nF 14.5  pS 0.35  ptS 0.34  fLog 0.45  pdΔ -0.1500  pkR 7.79  clip 0.08  kl +0.002
upd  120  steps  247808  sps 865  opp symm  loss -0.088  pg -0.0844  v 0.019  ev +0.96  adv_std 0.196  tR +0.00  ent[s/d/p/e] 1.28/2.18/1.12/0.02  emits 0.92  spf 36.6  z0 0.08  garr 35.4  tG 476  e2 0.00  nF 14.2  pS 0.34  ptS 0.34  fLog 0.45  pdΔ -0.1573  pkR 7.58  clip 0.08  kl +0.002
upd  121  steps  249856  sps 870  opp symm  loss -0.155  pg -0.1538  v 0.022  ev +0.95  adv_std 0.209  tR -0.09  ent[s/d/p/e] 1.24/2.32/1.00/0.03  emits 0.95  spf 34.9  z0 0.06  garr 34.5  tG 473  e2 0.00  nF 13.8  pS 0.35  ptS 0.34  fLog 0.44  pdΔ -0.1542  pkR 6.96  clip 0.11  kl +0.003
upd  122  steps  251904  sps 875  opp symm  loss -0.169  pg -0.1686  v 0.023  ev +0.94  adv_std 0.219  tR +1.00  ent[s/d/p/e] 1.23/2.32/1.03/0.04  emits 0.99  spf 32.4  z0 0.02  garr 33.5  tG 440  e2 0.00  nF 14.8  pS 0.35  ptS 0.34  fLog 0.44  pdΔ -0.1499  pkR 6.74  clip 0.10  kl +0.002
upd  123  steps  253952  sps 881  opp symm  loss -0.072  pg -0.0680  v 0.017  ev +0.95  adv_std 0.187  tR +0.71  ent[s/d/p/e] 1.29/2.28/1.10/0.03  emits 0.96  spf 35.1  z0 0.04  garr 35.3  tG 454  e2 0.01  nF 14.7  pS 0.35  ptS 0.34  fLog 0.45  pdΔ -0.1520  pkR 7.29  clip 0.03  kl +0.001
upd  124  steps  256000  sps 886  opp symm  loss -0.080  pg -0.0757  v 0.015  ev +0.96  adv_std 0.181  tR +0.00  ent[s/d/p/e] 1.22/2.21/1.09/0.02  emits 0.96  spf 31.5  z0 0.04  garr 32.3  tG 379  e2 0.00  nF 14.3  pS 0.32  ptS 0.31  fLog 0.44  pdΔ -0.1797  pkR 8.10  clip 0.06  kl +0.002
upd  125  steps  258048  sps 891  opp symm  loss -0.053  pg -0.0576  v 0.035  ev +0.91  adv_std 0.271  tR -1.00  ent[s/d/p/e] 1.22/2.11/1.18/0.02  emits 0.99  spf 31.2  z0 0.01  garr 34.0  tG 405  e2 0.00  nF 15.9  pS 0.33  ptS 0.32  fLog 0.43  pdΔ -0.1662  pkR 7.94  clip 0.07  kl +0.003
upd  126  steps  260096  sps 896  opp symm  loss -0.099  pg -0.0972  v 0.021  ev +0.95  adv_std 0.197  tR +1.00  ent[s/d/p/e] 1.24/2.14/1.16/0.02  emits 0.99  spf 34.0  z0 0.02  garr 35.5  tG 439  e2 0.00  nF 17.1  pS 0.34  ptS 0.33  fLog 0.44  pdΔ -0.1594  pkR 7.48  clip 0.08  kl +0.002
upd  127  steps  262144  sps 901  opp symm  loss -0.109  pg -0.1097  v 0.025  ev +0.94  adv_std 0.224  tR +0.00  ent[s/d/p/e] 1.06/2.15/1.03/0.02  emits 0.98  spf 28.0  z0 0.02  garr 28.3  tG 321  e2 0.00  nF 16.5  pS 0.29  ptS 0.28  fLog 0.41  pdΔ -0.2097  pkR 8.96  clip 0.02  kl +0.001
upd  128  steps  264192  sps 906  opp symm  loss -0.081  pg -0.0811  v 0.025  ev +0.94  adv_std 0.221  tR +1.00  ent[s/d/p/e] 1.16/2.08/1.12/0.02  emits 0.94  spf 29.9  z0 0.06  garr 30.1  tG 344  e2 0.00  nF 15.6  pS 0.30  ptS 0.29  fLog 0.43  pdΔ -0.1986  pkR 8.26  clip 0.08  kl +0.000
upd  129  steps  266240  sps 911  opp symm  loss -0.076  pg -0.0745  v 0.022  ev +0.94  adv_std 0.210  tR -0.11  ent[s/d/p/e] 1.19/2.14/1.09/0.02  emits 0.94  spf 28.2  z0 0.07  garr 28.7  tG 320  e2 0.00  nF 14.8  pS 0.30  ptS 0.29  fLog 0.42  pdΔ -0.2031  pkR 8.89  clip 0.03  kl +0.002
upd  130  steps  268288  sps 916  opp symm  loss -0.069  pg -0.0677  v 0.023  ev +0.94  adv_std 0.219  tR +0.00  ent[s/d/p/e] 1.20/2.05/1.16/0.03  emits 0.95  spf 27.6  z0 0.05  garr 29.1  tG 317  e2 0.00  nF 14.8  pS 0.30  ptS 0.29  fLog 0.43  pdΔ -0.2002  pkR 6.82  clip 0.02  kl +0.001
upd  131  steps  270336  sps 921  opp symm  loss -0.067  pg -0.0681  v 0.026  ev +0.93  adv_std 0.228  tR +0.00  ent[s/d/p/e] 1.23/2.08/1.16/0.03  emits 0.97  spf 30.0  z0 0.03  garr 32.5  tG 371  e2 0.00  nF 15.2  pS 0.32  ptS 0.31  fLog 0.43  pdΔ -0.1819  pkR 6.42  clip 0.11  kl +0.003
upd  132  steps  272384  sps 926  opp symm  loss -0.083  pg -0.0794  v 0.019  ev +0.96  adv_std 0.190  tR +0.00  ent[s/d/p/e] 1.27/2.23/1.08/0.03  emits 0.94  spf 33.9  z0 0.06  garr 34.6  tG 436  e2 0.00  nF 14.2  pS 0.33  ptS 0.33  fLog 0.44  pdΔ -0.1683  pkR 7.45  clip 0.14  kl -0.001
upd  133  steps  274432  sps 931  opp symm  loss -0.143  pg -0.1390  v 0.016  ev +0.96  adv_std 0.179  tR +0.00  ent[s/d/p/e] 1.21/2.15/1.05/0.04  emits 0.98  spf 30.9  z0 0.03  garr 32.0  tG 409  e2 0.01  nF 15.0  pS 0.34  ptS 0.33  fLog 0.43  pdΔ -0.1617  pkR 6.90  clip 0.05  kl +0.001
upd  134  steps  276480  sps 936  opp symm  loss -0.102  pg -0.0977  v 0.015  ev +0.96  adv_std 0.178  tR +0.71  ent[s/d/p/e] 1.18/2.07/1.08/0.04  emits 0.97  spf 30.8  z0 0.04  garr 32.5  tG 409  e2 0.01  nF 15.7  pS 0.33  ptS 0.32  fLog 0.43  pdΔ -0.1715  pkR 8.98  clip 0.08  kl +0.001
upd  135  steps  278528  sps 941  opp symm  loss -0.052  pg -0.0537  v 0.028  ev +0.93  adv_std 0.236  tR -0.33  ent[s/d/p/e] 1.12/2.04/1.08/0.04  emits 0.97  spf 30.6  z0 0.04  garr 31.2  tG 369  e2 0.01  nF 14.9  pS 0.31  ptS 0.30  fLog 0.43  pdΔ -0.1866  pkR 6.69  clip 0.03  kl -0.001
upd  136  steps  280576  sps 945  opp symm  loss -0.130  pg -0.1244  v 0.014  ev +0.97  adv_std 0.165  tR +0.00  ent[s/d/p/e] 1.15/2.14/1.13/0.04  emits 0.96  spf 32.7  z0 0.04  garr 34.7  tG 420  e2 0.01  nF 13.8  pS 0.33  ptS 0.31  fLog 0.44  pdΔ -0.1736  pkR 6.98  clip 0.07  kl +0.005
upd  137  steps  282624  sps 950  opp symm  loss -0.072  pg -0.0669  v 0.016  ev +0.96  adv_std 0.182  tR -0.60  ent[s/d/p/e] 1.21/2.25/1.09/0.04  emits 0.94  spf 35.0  z0 0.06  garr 34.5  tG 418  e2 0.00  nF 13.1  pS 0.33  ptS 0.31  fLog 0.45  pdΔ -0.1678  pkR 7.58  clip 0.08  kl -0.001
upd  138  steps  284672  sps 955  opp symm  loss -0.085  pg -0.0820  v 0.020  ev +0.95  adv_std 0.205  tR -0.50  ent[s/d/p/e] 1.27/2.30/1.11/0.03  emits 0.96  spf 35.4  z0 0.04  garr 36.7  tG 460  e2 0.00  nF 12.8  pS 0.36  ptS 0.35  fLog 0.46  pdΔ -0.1351  pkR 7.35  clip 0.08  kl -0.000
upd  139  steps  286720  sps 960  opp symm  loss -0.084  pg -0.0797  v 0.018  ev +0.96  adv_std 0.192  tR -0.33  ent[s/d/p/e] 1.40/2.27/1.15/0.03  emits 0.97  spf 40.1  z0 0.03  garr 42.0  tG 547  e2 0.00  nF 12.6  pS 0.40  ptS 0.38  fLog 0.48  pdΔ -0.1007  pkR 7.57  clip 0.06  kl +0.001
upd  140  steps  288768  sps 965  opp symm  loss -0.150  pg -0.1426  v 0.012  ev +0.97  adv_std 0.153  tR +0.33  ent[s/d/p/e] 1.41/2.31/1.11/0.04  emits 0.97  spf 44.3  z0 0.04  garr 44.9  tG 628  e2 0.01  nF 12.3  pS 0.42  ptS 0.40  fLog 0.48  pdΔ -0.0847  pkR 7.36  clip 0.09  kl -0.000
upd  141  steps  290816  sps 969  opp symm  loss -0.009  pg -0.0106  v 0.028  ev +0.93  adv_std 0.245  tR +0.20  ent[s/d/p/e] 1.39/2.19/1.10/0.04  emits 0.94  spf 46.7  z0 0.07  garr 45.5  tG 652  e2 0.00  nF 12.2  pS 0.40  ptS 0.38  fLog 0.48  pdΔ -0.1049  pkR 8.75  clip 0.09  kl +0.001
upd  142  steps  292864  sps 974  opp symm  loss -0.013  pg -0.0160  v 0.030  ev +0.92  adv_std 0.246  tR +0.08  ent[s/d/p/e] 1.30/2.13/1.09/0.04  emits 0.95  spf 39.8  z0 0.05  garr 41.1  tG 564  e2 0.01  nF 11.9  pS 0.37  ptS 0.35  fLog 0.47  pdΔ -0.1307  pkR 8.64  clip 0.09  kl +0.002
upd  143  steps  294912  sps 979  opp symm  loss -0.069  pg -0.0691  v 0.024  ev +0.94  adv_std 0.220  tR +1.00  ent[s/d/p/e] 1.11/2.09/1.07/0.04  emits 0.98  spf 30.1  z0 0.03  garr 32.0  tG 396  e2 0.01  nF 13.1  pS 0.31  ptS 0.30  fLog 0.43  pdΔ -0.1868  pkR 7.87  clip 0.13  kl +0.004
upd  144  steps  296960  sps 983  opp symm  loss -0.040  pg -0.0429  v 0.030  ev +0.92  adv_std 0.245  tR +1.00  ent[s/d/p/e] 1.12/2.07/1.09/0.03  emits 0.97  spf 30.7  z0 0.03  garr 31.9  tG 386  e2 0.01  nF 14.1  pS 0.31  ptS 0.30  fLog 0.43  pdΔ -0.1876  pkR 7.93  clip 0.13  kl +0.003
upd  145  steps  299008  sps 988  opp symm  loss -0.040  pg -0.0427  v 0.029  ev +0.93  adv_std 0.244  tR -0.33  ent[s/d/p/e] 1.11/2.12/1.02/0.03  emits 0.99  spf 29.0  z0 0.01  garr 30.9  tG 355  e2 0.00  nF 14.5  pS 0.31  ptS 0.30  fLog 0.43  pdΔ -0.1901  pkR 7.73  clip 0.06  kl +0.002
upd  146  steps  301056  sps 993  opp symm  loss -0.147  pg -0.1487  v 0.026  ev +0.94  adv_std 0.238  tR +1.00  ent[s/d/p/e] 1.19/2.22/1.00/0.02  emits 0.97  spf 30.4  z0 0.03  garr 33.0  tG 385  e2 0.00  nF 14.5  pS 0.32  ptS 0.31  fLog 0.43  pdΔ -0.1820  pkR 6.64  clip 0.10  kl -0.000
upd  147  steps  303104  sps 997  opp symm  loss -0.108  pg -0.1087  v 0.026  ev +0.94  adv_std 0.231  tR +0.00  ent[s/d/p/e] 1.27/2.18/1.06/0.02  emits 0.97  spf 32.6  z0 0.03  garr 36.1  tG 437  e2 0.00  nF 14.1  pS 0.35  ptS 0.33  fLog 0.45  pdΔ -0.1537  pkR 6.29  clip 0.06  kl +0.002
upd  148  steps  305152  sps 1002  opp symm  loss -0.034  pg -0.0378  v 0.033  ev +0.93  adv_std 0.258  tR +0.33  ent[s/d/p/e] 1.25/2.12/1.05/0.01  emits 0.98  spf 33.3  z0 0.02  garr 35.8  tG 439  e2 0.00  nF 12.7  pS 0.34  ptS 0.32  fLog 0.44  pdΔ -0.1616  pkR 6.26  clip 0.06  kl +0.001
upd  149  steps  307200  sps 1007  opp symm  loss -0.089  pg -0.0940  v 0.033  ev +0.93  adv_std 0.263  tR +0.50  ent[s/d/p/e] 1.23/2.02/1.06/0.01  emits 0.98  spf 30.6  z0 0.03  garr 33.9  tG 414  e2 0.00  nF 12.7  pS 0.32  ptS 0.31  fLog 0.43  pdΔ -0.1800  pkR 7.42  clip 0.12  kl +0.002
upd  150  steps  309248  sps 1011  opp symm  loss -0.033  pg -0.0370  v 0.031  ev +0.92  adv_std 0.249  tR +0.00  ent[s/d/p/e] 1.26/2.19/0.99/0.01  emits 0.97  spf 31.4  z0 0.03  garr 33.4  tG 395  e2 0.00  nF 12.5  pS 0.32  ptS 0.31  fLog 0.43  pdΔ -0.1824  pkR 7.78  clip 0.03  kl +0.000
upd  151  steps  311296  sps 1016  opp symm  loss -0.098  pg -0.0962  v 0.021  ev +0.96  adv_std 0.203  tR +0.33  ent[s/d/p/e] 1.27/2.21/0.99/0.01  emits 0.97  spf 32.1  z0 0.03  garr 34.1  tG 400  e2 0.00  nF 12.3  pS 0.32  ptS 0.31  fLog 0.43  pdΔ -0.1817  pkR 7.96  clip 0.06  kl +0.000
upd  152  steps  313344  sps 1020  opp symm  loss -0.099  pg -0.0983  v 0.023  ev +0.95  adv_std 0.220  tR -0.50  ent[s/d/p/e] 1.35/2.26/1.06/0.01  emits 0.97  spf 35.0  z0 0.03  garr 37.9  tG 448  e2 0.00  nF 11.6  pS 0.34  ptS 0.33  fLog 0.45  pdΔ -0.1623  pkR 6.54  clip 0.03  kl +0.001
upd  153  steps  315392  sps 1025  opp symm  loss -0.065  pg -0.0664  v 0.028  ev +0.93  adv_std 0.239  tR +0.43  ent[s/d/p/e] 1.38/2.24/1.12/0.01  emits 0.98  spf 35.9  z0 0.02  garr 39.4  tG 469  e2 0.00  nF 11.3  pS 0.35  ptS 0.34  fLog 0.45  pdΔ -0.1495  pkR 6.80  clip 0.09  kl +0.002
upd  154  steps  317440  sps 1029  opp symm  loss -0.115  pg -0.1118  v 0.020  ev +0.96  adv_std 0.199  tR -1.00  ent[s/d/p/e] 1.41/2.20/1.14/0.01  emits 1.00  spf 39.9  z0 0.00  garr 43.1  tG 531  e2 0.00  nF 12.1  pS 0.37  ptS 0.37  fLog 0.46  pdΔ -0.1253  pkR 5.97  clip 0.10  kl +0.001
upd  155  steps  319488  sps 1034  opp symm  loss -0.134  pg -0.1295  v 0.016  ev +0.96  adv_std 0.182  tR +0.00  ent[s/d/p/e] 1.45/2.27/1.13/0.01  emits 0.98  spf 43.4  z0 0.02  garr 45.6  tG 582  e2 0.00  nF 12.2  pS 0.39  ptS 0.38  fLog 0.48  pdΔ -0.1099  pkR 5.83  clip 0.06  kl +0.002
upd  156  steps  321536  sps 1038  opp symm  loss -0.109  pg -0.1070  v 0.021  ev +0.95  adv_std 0.209  tR +1.00  ent[s/d/p/e] 1.39/2.32/1.02/0.01  emits 0.98  spf 44.9  z0 0.02  garr 45.0  tG 582  e2 0.00  nF 12.2  pS 0.38  ptS 0.36  fLog 0.47  pdΔ -0.1210  pkR 5.51  clip 0.10  kl +0.003
upd  157  steps  323584  sps 1043  opp symm  loss -0.138  pg -0.1345  v 0.018  ev +0.96  adv_std 0.187  tR +0.20  ent[s/d/p/e] 1.30/2.23/0.99/0.01  emits 0.96  spf 37.5  z0 0.04  garr 40.3  tG 499  e2 0.00  nF 12.7  pS 0.34  ptS 0.33  fLog 0.44  pdΔ -0.1571  pkR 6.77  clip 0.08  kl +0.001
upd  158  steps  325632  sps 1047  opp symm  loss +0.001  pg -0.0057  v 0.036  ev +0.89  adv_std 0.275  tR +0.14  ent[s/d/p/e] 1.16/2.15/0.98/0.01  emits 1.00  spf 31.3  z0 0.00  garr 34.2  tG 380  e2 0.00  nF 13.6  pS 0.30  ptS 0.29  fLog 0.41  pdΔ -0.1980  pkR 8.73  clip 0.08  kl +0.001
upd  159  steps  327680  sps 1051  opp symm  loss -0.058  pg -0.0591  v 0.026  ev +0.93  adv_std 0.230  tR +0.00  ent[s/d/p/e] 1.30/2.01/1.12/0.01  emits 1.00  spf 32.5  z0 0.00  garr 36.8  tG 424  e2 0.00  nF 14.8  pS 0.33  ptS 0.31  fLog 0.44  pdΔ -0.1743  pkR 8.51  clip 0.07  kl +0.002
upd  160  steps  329728  sps 1056  opp symm  loss -0.035  pg -0.0403  v 0.036  ev +0.90  adv_std 0.271  tR +0.50  ent[s/d/p/e] 1.39/2.13/1.10/0.01  emits 0.99  spf 36.9  z0 0.01  garr 40.9  tG 489  e2 0.00  nF 13.6  pS 0.35  ptS 0.34  fLog 0.46  pdΔ -0.1537  pkR 7.07  clip 0.07  kl +0.001
upd  161  steps  331776  sps 1060  opp symm  loss -0.054  pg -0.0514  v 0.021  ev +0.95  adv_std 0.206  tR -0.33  ent[s/d/p/e] 1.45/2.16/1.11/0.01  emits 0.99  spf 39.4  z0 0.01  garr 43.2  tG 534  e2 0.00  nF 13.3  pS 0.37  ptS 0.36  fLog 0.47  pdΔ -0.1278  pkR 6.22  clip 0.11  kl +0.001
upd  162  steps  333824  sps 1064  opp symm  loss -0.090  pg -0.0857  v 0.019  ev +0.95  adv_std 0.198  tR +0.00  ent[s/d/p/e] 1.54/2.27/1.12/0.01  emits 0.97  spf 42.9  z0 0.03  garr 44.1  tG 552  e2 0.00  nF 13.5  pS 0.40  ptS 0.38  fLog 0.48  pdΔ -0.1019  pkR 5.88  clip 0.08  kl +0.001
upd  163  steps  335872  sps 1069  opp symm  loss -0.034  pg -0.0327  v 0.024  ev +0.93  adv_std 0.218  tR +0.33  ent[s/d/p/e] 1.63/2.32/1.12/0.01  emits 0.95  spf 43.8  z0 0.05  garr 46.2  tG 579  e2 0.00  nF 12.8  pS 0.42  ptS 0.40  fLog 0.50  pdΔ -0.0788  pkR 6.28  clip 0.05  kl +0.001
upd  164  steps  337920  sps 1073  opp symm  loss -0.097  pg -0.0941  v 0.021  ev +0.94  adv_std 0.208  tR +0.33  ent[s/d/p/e] 1.49/2.23/1.08/0.00  emits 0.96  spf 41.8  z0 0.04  garr 43.6  tG 545  e2 0.00  nF 13.1  pS 0.39  ptS 0.37  fLog 0.48  pdΔ -0.1132  pkR 6.56  clip 0.01  kl -0.000
upd  165  steps  339968  sps 1077  opp symm  loss -0.048  pg -0.0429  v 0.016  ev +0.94  adv_std 0.179  tR +0.50  ent[s/d/p/e] 1.46/2.07/1.16/0.00  emits 0.97  spf 41.6  z0 0.03  garr 44.0  tG 535  e2 0.00  nF 12.9  pS 0.37  ptS 0.35  fLog 0.48  pdΔ -0.1304  pkR 7.84  clip 0.04  kl -0.000
upd  166  steps  342016  sps 1082  opp symm  loss -0.062  pg -0.0619  v 0.025  ev +0.92  adv_std 0.223  tR +1.00  ent[s/d/p/e] 1.29/2.17/1.09/0.01  emits 0.98  spf 33.9  z0 0.02  garr 35.2  tG 374  e2 0.00  nF 13.4  pS 0.31  ptS 0.30  fLog 0.44  pdΔ -0.1855  pkR 10.09  clip 0.13  kl +0.003
upd  167  steps  344064  sps 1086  opp symm  loss -0.134  pg -0.1290  v 0.016  ev +0.96  adv_std 0.172  tR +0.14  ent[s/d/p/e] 1.28/2.26/1.06/0.01  emits 0.99  spf 31.6  z0 0.01  garr 34.7  tG 365  e2 0.00  nF 14.6  pS 0.32  ptS 0.30  fLog 0.44  pdΔ -0.1837  pkR 10.82  clip 0.08  kl +0.002
upd  168  steps  346112  sps 1090  opp symm  loss -0.147  pg -0.1454  v 0.022  ev +0.95  adv_std 0.207  tR +0.33  ent[s/d/p/e] 1.26/2.30/1.00/0.01  emits 0.97  spf 31.7  z0 0.03  garr 33.7  tG 370  e2 0.00  nF 16.4  pS 0.32  ptS 0.31  fLog 0.43  pdΔ -0.1821  pkR 10.06  clip 0.09  kl +0.001
upd  169  steps  348160  sps 1094  opp symm  loss -0.012  pg -0.0131  v 0.025  ev +0.94  adv_std 0.227  tR +0.45  ent[s/d/p/e] 1.23/2.14/1.05/0.01  emits 0.97  spf 29.4  z0 0.03  garr 31.0  tG 319  e2 0.00  nF 16.1  pS 0.30  ptS 0.29  fLog 0.43  pdΔ -0.1968  pkR 9.65  clip 0.08  kl +0.000
upd  170  steps  350208  sps 1099  opp symm  loss -0.037  pg -0.0387  v 0.027  ev +0.92  adv_std 0.240  tR +0.00  ent[s/d/p/e] 1.22/1.99/1.08/0.01  emits 1.00  spf 29.0  z0 0.00  garr 31.4  tG 303  e2 0.00  nF 16.0  pS 0.29  ptS 0.28  fLog 0.43  pdΔ -0.2078  pkR 6.87  clip 0.04  kl -0.000
upd  171  steps  352256  sps 1103  opp symm  loss -0.094  pg -0.0892  v 0.015  ev +0.96  adv_std 0.173  tR +1.00  ent[s/d/p/e] 1.32/2.07/1.11/0.01  emits 1.00  spf 31.2  z0 0.00  garr 34.4  tG 353  e2 0.00  nF 15.5  pS 0.33  ptS 0.32  fLog 0.45  pdΔ -0.1738  pkR 6.55  clip 0.09  kl +0.000
upd  172  steps  354304  sps 1107  opp symm  loss -0.074  pg -0.0753  v 0.027  ev +0.93  adv_std 0.236  tR +0.78  ent[s/d/p/e] 1.21/2.18/1.03/0.01  emits 0.99  spf 30.4  z0 0.01  garr 31.9  tG 328  e2 0.00  nF 13.9  pS 0.30  ptS 0.29  fLog 0.43  pdΔ -0.1999  pkR 6.67  clip 0.12  kl +0.001
upd  173  steps  356352  sps 1111  opp symm  loss -0.148  pg -0.1466  v 0.020  ev +0.96  adv_std 0.198  tR +0.40  ent[s/d/p/e] 1.12/2.14/0.96/0.01  emits 0.96  spf 26.9  z0 0.04  garr 27.6  tG 280  e2 0.00  nF 14.5  pS 0.27  ptS 0.26  fLog 0.41  pdΔ -0.2330  pkR 8.95  clip 0.06  kl +0.000
upd  174  steps  358400  sps 1115  opp symm  loss -0.051  pg -0.0572  v 0.036  ev +0.92  adv_std 0.259  tR -1.00  ent[s/d/p/e] 1.03/2.12/0.99/0.01  emits 0.95  spf 22.9  z0 0.05  garr 25.0  tG 232  e2 0.00  nF 15.8  pS 0.24  ptS 0.24  fLog 0.38  pdΔ -0.2578  pkR 6.84  clip 0.05  kl +0.001
upd  175  steps  360448  sps 1119  opp symm  loss -0.097  pg -0.1012  v 0.031  ev +0.94  adv_std 0.254  tR +0.43  ent[s/d/p/e] 1.10/2.13/0.97/0.01  emits 0.95  spf 26.7  z0 0.05  garr 27.4  tG 275  e2 0.00  nF 16.3  pS 0.26  ptS 0.26  fLog 0.40  pdΔ -0.2384  pkR 7.71  clip 0.02  kl -0.001
upd  176  steps  362496  sps 1123  opp symm  loss -0.013  pg -0.0198  v 0.037  ev +0.91  adv_std 0.277  tR -0.43  ent[s/d/p/e] 1.15/2.06/1.04/0.01  emits 0.96  spf 26.6  z0 0.04  garr 26.6  tG 276  e2 0.00  nF 15.7  pS 0.28  ptS 0.27  fLog 0.41  pdΔ -0.2238  pkR 8.46  clip 0.01  kl +0.001
upd  177  steps  364544  sps 1128  opp symm  loss -0.069  pg -0.0690  v 0.024  ev +0.94  adv_std 0.219  tR +0.00  ent[s/d/p/e] 1.26/2.00/1.13/0.01  emits 0.97  spf 27.2  z0 0.03  garr 28.8  tG 299  e2 0.00  nF 15.7  pS 0.29  ptS 0.29  fLog 0.42  pdΔ -0.2054  pkR 7.82  clip 0.03  kl +0.001
upd  178  steps  366592  sps 1132  opp symm  loss -0.093  pg -0.0910  v 0.022  ev +0.95  adv_std 0.206  tR +0.33  ent[s/d/p/e] 1.41/2.14/1.14/0.01  emits 0.99  spf 32.2  z0 0.01  garr 35.2  tG 374  e2 0.00  nF 14.7  pS 0.34  ptS 0.33  fLog 0.45  pdΔ -0.1617  pkR 7.38  clip 0.02  kl +0.002
upd  179  steps  368640  sps 1136  opp symm  loss -0.081  pg -0.0775  v 0.018  ev +0.96  adv_std 0.191  tR +0.33  ent[s/d/p/e] 1.42/2.12/1.12/0.01  emits 0.97  spf 33.8  z0 0.03  garr 35.5  tG 400  e2 0.00  nF 13.0  pS 0.35  ptS 0.34  fLog 0.45  pdΔ -0.1536  pkR 7.98  clip 0.07  kl +0.001
upd  180  steps  370688  sps 1140  opp symm  loss -0.085  pg -0.0815  v 0.017  ev +0.96  adv_std 0.181  tR +1.00  ent[s/d/p/e] 1.32/2.19/1.03/0.01  emits 0.97  spf 30.8  z0 0.03  garr 32.7  tG 361  e2 0.00  nF 13.2  pS 0.33  ptS 0.32  fLog 0.44  pdΔ -0.1712  pkR 7.63  clip 0.06  kl +0.001
upd  181  steps  372736  sps 1144  opp symm  loss -0.051  pg -0.0502  v 0.022  ev +0.94  adv_std 0.211  tR +0.00  ent[s/d/p/e] 1.30/2.15/1.02/0.01  emits 0.98  spf 29.5  z0 0.02  garr 32.1  tG 343  e2 0.00  nF 13.0  pS 0.32  ptS 0.31  fLog 0.43  pdΔ -0.1812  pkR 6.70  clip 0.04  kl +0.000
upd  182  steps  374784  sps 1148  opp symm  loss -0.090  pg -0.0862  v 0.017  ev +0.95  adv_std 0.186  tR +0.00  ent[s/d/p/e] 1.35/2.14/1.06/0.01  emits 0.99  spf 30.8  z0 0.01  garr 35.2  tG 379  e2 0.00  nF 13.0  pS 0.33  ptS 0.31  fLog 0.44  pdΔ -0.1747  pkR 5.36  clip 0.03  kl +0.001
upd  183  steps  376832  sps 1152  opp symm  loss -0.104  pg -0.1030  v 0.023  ev +0.94  adv_std 0.218  tR +0.33  ent[s/d/p/e] 1.44/2.15/1.07/0.01  emits 0.98  spf 34.3  z0 0.02  garr 37.7  tG 421  e2 0.00  nF 13.7  pS 0.34  ptS 0.34  fLog 0.45  pdΔ -0.1552  pkR 5.16  clip 0.06  kl +0.000
upd  184  steps  378880  sps 1156  opp symm  loss -0.107  pg -0.1010  v 0.015  ev +0.97  adv_std 0.171  tR +1.00  ent[s/d/p/e] 1.53/2.24/1.11/0.01  emits 0.96  spf 35.8  z0 0.04  garr 38.7  tG 446  e2 0.00  nF 13.0  pS 0.36  ptS 0.36  fLog 0.47  pdΔ -0.1396  pkR 5.43  clip 0.04  kl -0.001
upd  185  steps  380928  sps 1160  opp symm  loss -0.046  pg -0.0419  v 0.017  ev +0.96  adv_std 0.187  tR +0.00  ent[s/d/p/e] 1.41/2.24/1.01/0.01  emits 0.95  spf 32.6  z0 0.05  garr 35.3  tG 415  e2 0.00  nF 12.5  pS 0.33  ptS 0.34  fLog 0.45  pdΔ -0.1656  pkR 5.46  clip 0.10  kl +0.002
upd  186  steps  382976  sps 1164  opp symm  loss -0.082  pg -0.0796  v 0.020  ev +0.95  adv_std 0.205  tR +0.00  ent[s/d/p/e] 1.39/2.14/1.03/0.01  emits 0.99  spf 32.9  z0 0.01  garr 36.5  tG 429  e2 0.00  nF 14.0  pS 0.34  ptS 0.34  fLog 0.44  pdΔ -0.1564  pkR 5.56  clip 0.04  kl +0.002
upd  187  steps  385024  sps 1167  opp symm  loss +0.002  pg +0.0010  v 0.028  ev +0.93  adv_std 0.239  tR +1.00  ent[s/d/p/e] 1.39/2.24/1.02/0.00  emits 1.00  spf 33.8  z0 0.00  garr 36.1  tG 428  e2 0.00  nF 14.6  pS 0.35  ptS 0.35  fLog 0.45  pdΔ -0.1464  pkR 6.14  clip 0.05  kl +0.000
upd  188  steps  387072  sps 1171  opp symm  loss -0.072  pg -0.0706  v 0.022  ev +0.94  adv_std 0.212  tR +0.00  ent[s/d/p/e] 1.30/2.09/1.00/0.01  emits 0.98  spf 30.9  z0 0.02  garr 32.4  tG 357  e2 0.00  nF 13.9  pS 0.32  ptS 0.32  fLog 0.44  pdΔ -0.1762  pkR 8.24  clip 0.07  kl +0.001
upd  189  steps  389120  sps 1175  opp symm  loss -0.104  pg -0.1039  v 0.023  ev +0.95  adv_std 0.212  tR +0.25  ent[s/d/p/e] 1.31/2.18/0.99/0.01  emits 0.98  spf 29.8  z0 0.03  garr 32.6  tG 347  e2 0.00  nF 13.4  pS 0.32  ptS 0.31  fLog 0.44  pdΔ -0.1787  pkR 8.21  clip 0.06  kl +0.000
upd  190  steps  391168  sps 1179  opp symm  loss -0.071  pg -0.0694  v 0.021  ev +0.95  adv_std 0.205  tR -1.00  ent[s/d/p/e] 1.34/2.18/0.99/0.01  emits 1.00  spf 31.8  z0 0.01  garr 35.6  tG 385  e2 0.00  nF 14.2  pS 0.34  ptS 0.32  fLog 0.44  pdΔ -0.1638  pkR 6.83  clip 0.02  kl +0.001
upd  191  steps  393216  sps 1183  opp symm  loss -0.117  pg -0.1135  v 0.017  ev +0.96  adv_std 0.188  tR +0.20  ent[s/d/p/e] 1.38/2.21/0.99/0.01  emits 0.99  spf 34.4  z0 0.01  garr 37.6  tG 426  e2 0.00  nF 14.0  pS 0.35  ptS 0.34  fLog 0.45  pdΔ -0.1519  pkR 6.23  clip 0.06  kl +0.000
upd  192  steps  395264  sps 1187  opp symm  loss -0.123  pg -0.1200  v 0.018  ev +0.96  adv_std 0.185  tR +0.20  ent[s/d/p/e] 1.34/2.24/0.94/0.01  emits 0.99  spf 35.9  z0 0.01  garr 37.8  tG 438  e2 0.00  nF 14.6  pS 0.33  ptS 0.33  fLog 0.44  pdΔ -0.1656  pkR 5.93  clip 0.15  kl +0.000
upd  193  steps  397312  sps 1191  opp symm  loss -0.054  pg -0.0555  v 0.027  ev +0.94  adv_std 0.241  tR +1.00  ent[s/d/p/e] 1.36/2.18/0.96/0.01  emits 0.98  spf 35.9  z0 0.02  garr 37.8  tG 457  e2 0.00  nF 15.1  pS 0.35  ptS 0.34  fLog 0.45  pdΔ -0.1549  pkR 5.81  clip 0.11  kl +0.001
upd  194  steps  399360  sps 1195  opp symm  loss -0.031  pg -0.0281  v 0.019  ev +0.96  adv_std 0.191  tR -0.50  ent[s/d/p/e] 1.44/2.02/1.09/0.01  emits 0.96  spf 40.0  z0 0.05  garr 40.0  tG 501  e2 0.00  nF 14.6  pS 0.35  ptS 0.35  fLog 0.46  pdΔ -0.1463  pkR 6.87  clip 0.06  kl +0.002
upd  195  steps  401408  sps 1198  opp symm  loss -0.024  pg -0.0237  v 0.024  ev +0.94  adv_std 0.220  tR +0.23  ent[s/d/p/e] 1.34/2.08/0.98/0.01  emits 0.96  spf 38.8  z0 0.04  garr 40.0  tG 487  e2 0.00  nF 13.1  pS 0.32  ptS 0.32  fLog 0.45  pdΔ -0.1755  pkR 7.90  clip 0.05  kl +0.002
upd  196  steps  403456  sps 1202  opp symm  loss -0.041  pg -0.0481  v 0.035  ev +0.92  adv_std 0.267  tR -0.33  ent[s/d/p/e] 1.24/1.93/0.92/0.01  emits 0.99  spf 32.6  z0 0.01  garr 35.0  tG 414  e2 0.00  nF 13.9  pS 0.31  ptS 0.31  fLog 0.42  pdΔ -0.1942  pkR 7.41  clip 0.02  kl +0.001
upd  197  steps  405504  sps 1206  opp symm  loss -0.105  pg -0.1123  v 0.037  ev +0.92  adv_std 0.263  tR +1.00  ent[s/d/p/e] 1.19/2.02/0.90/0.01  emits 1.00  spf 31.9  z0 0.01  garr 33.6  tG 397  e2 0.00  nF 15.7  pS 0.29  ptS 0.29  fLog 0.41  pdΔ -0.2074  pkR 9.30  clip 0.05  kl +0.002
upd  198  steps  407552  sps 1210  opp symm  loss -0.100  pg -0.1007  v 0.025  ev +0.95  adv_std 0.214  tR -0.33  ent[s/d/p/e] 1.26/2.10/0.97/0.01  emits 0.98  spf 34.6  z0 0.02  garr 35.6  tG 432  e2 0.00  nF 16.2  pS 0.32  ptS 0.31  fLog 0.43  pdΔ -0.1838  pkR 6.93  clip 0.11  kl -0.000
[eval_vs_v20] u199 tag=train_u199  bin0=0.0%  spf=10.00  garr=151.09  flip=50.00%  z0=61.0%  e8=0.0%  e2+=0.0%  WLD=0/3/0
upd  199  steps  409600  sps 1213  opp symm  loss -0.130  pg -0.1321  v 0.028  ev +0.94  adv_std 0.241  tR +0.60  ent[s/d/p/e] 1.29/2.15/1.02/0.01  emits 0.98  spf 36.4  z0 0.02  garr 39.5  tG 485  e2 0.00  nF 15.3  pS 0.32  ptS 0.32  fLog 0.44  pdΔ -0.1759  pkR 7.59  clip 0.05  kl +0.002 WRr 0.62 v20[spf 10.0 flip 50.0% e2+ 0.0%]
[ckpt] saved ./ckpt_multi_action_v14b/ckpt_000199.pkl opp=symm
upd  200  steps  411648  sps 932  opp symm  loss -0.057  pg -0.0581  v 0.025  ev +0.94  adv_std 0.225  tR +0.33  ent[s/d/p/e] 1.24/2.09/0.98/0.01  emits 0.96  spf 33.7  z0 0.04  garr 33.9  tG 386  e2 0.00  nF 15.5  pS 0.31  ptS 0.30  fLog 0.43  pdΔ -0.1944  pkR 6.50  clip 0.03  kl +0.002
upd  201  steps  413696  sps 936  opp symm  loss -0.075  pg -0.0744  v 0.022  ev +0.94  adv_std 0.207  tR +0.43  ent[s/d/p/e] 1.19/2.00/0.99/0.01  emits 0.94  spf 30.0  z0 0.06  garr 30.6  tG 336  e2 0.00  nF 15.2  pS 0.28  ptS 0.28  fLog 0.42  pdΔ -0.2192  pkR 6.77  clip 0.04  kl +0.001
upd  202  steps  415744  sps 939  opp symm  loss -0.085  pg -0.0812  v 0.016  ev +0.96  adv_std 0.182  tR -0.14  ent[s/d/p/e] 1.22/2.00/1.01/0.01  emits 0.96  spf 29.6  z0 0.05  garr 30.5  tG 320  e2 0.00  nF 14.9  pS 0.27  ptS 0.27  fLog 0.42  pdΔ -0.2266  pkR 9.35  clip 0.08  kl +0.002
upd  203  steps  417792  sps 942  opp symm  loss -0.049  pg -0.0522  v 0.030  ev +0.93  adv_std 0.245  tR -0.60  ent[s/d/p/e] 1.25/2.11/1.02/0.01  emits 0.99  spf 28.1  z0 0.01  garr 30.9  tG 313  e2 0.00  nF 16.0  pS 0.29  ptS 0.29  fLog 0.43  pdΔ -0.2086  pkR 8.71  clip 0.05  kl +0.000
upd  204  steps  419840  sps 945  opp symm  loss -0.090  pg -0.0881  v 0.020  ev +0.95  adv_std 0.203  tR +0.00  ent[s/d/p/e] 1.32/2.14/0.98/0.01  emits 1.00  spf 27.7  z0 0.00  garr 31.4  tG 330  e2 0.00  nF 17.1  pS 0.31  ptS 0.31  fLog 0.43  pdΔ -0.1890  pkR 6.26  clip 0.10  kl +0.001
upd  205  steps  421888  sps 949  opp symm  loss -0.072  pg -0.0698  v 0.021  ev +0.95  adv_std 0.200  tR +1.00  ent[s/d/p/e] 1.46/2.22/0.99/0.00  emits 1.00  spf 33.3  z0 0.00  garr 37.2  tG 425  e2 0.00  nF 17.0  pS 0.35  ptS 0.35  fLog 0.45  pdΔ -0.1526  pkR 6.07  clip 0.05  kl +0.003
upd  206  steps  423936  sps 952  opp symm  loss -0.106  pg -0.1050  v 0.021  ev +0.95  adv_std 0.207  tR +0.20  ent[s/d/p/e] 1.44/2.26/0.90/0.00  emits 0.98  spf 34.6  z0 0.02  garr 39.0  tG 464  e2 0.00  nF 16.2  pS 0.34  ptS 0.34  fLog 0.44  pdΔ -0.1551  pkR 7.60  clip 0.06  kl +0.002
upd  207  steps  425984  sps 955  opp symm  loss -0.078  pg -0.0737  v 0.015  ev +0.96  adv_std 0.174  tR -0.33  ent[s/d/p/e] 1.45/2.27/0.94/0.00  emits 0.97  spf 37.8  z0 0.03  garr 41.6  tG 503  e2 0.00  nF 15.5  pS 0.34  ptS 0.35  fLog 0.46  pdΔ -0.1572  pkR 8.24  clip 0.03  kl +0.002
upd  208  steps  428032  sps 958  opp symm  loss -0.097  pg -0.0939  v 0.018  ev +0.96  adv_std 0.189  tR +0.00  ent[s/d/p/e] 1.45/2.28/0.94/0.00  emits 0.99  spf 40.2  z0 0.01  garr 42.0  tG 496  e2 0.00  nF 15.2  pS 0.34  ptS 0.35  fLog 0.46  pdΔ -0.1561  pkR 7.77  clip 0.02  kl -0.000
upd  209  steps  430080  sps 961  opp symm  loss -0.078  pg -0.0732  v 0.016  ev +0.96  adv_std 0.181  tR +1.00  ent[s/d/p/e] 1.54/2.18/1.04/0.00  emits 0.97  spf 39.7  z0 0.03  garr 42.2  tG 519  e2 0.00  nF 14.9  pS 0.36  ptS 0.37  fLog 0.47  pdΔ -0.1360  pkR 7.97  clip 0.05  kl +0.001
upd  210  steps  432128  sps 965  opp symm  loss -0.066  pg -0.0593  v 0.013  ev +0.97  adv_std 0.163  tR +0.67  ent[s/d/p/e] 1.60/2.26/1.06/0.00  emits 0.97  spf 42.4  z0 0.03  garr 43.8  tG 539  e2 0.00  nF 14.1  pS 0.38  ptS 0.38  fLog 0.49  pdΔ -0.1210  pkR 6.85  clip 0.11  kl +0.001
upd  211  steps  434176  sps 968  opp symm  loss +0.004  pg +0.0048  v 0.023  ev +0.94  adv_std 0.217  tR -0.09  ent[s/d/p/e] 1.43/2.25/0.98/0.00  emits 0.99  spf 35.8  z0 0.01  garr 40.1  tG 463  e2 0.00  nF 13.6  pS 0.35  ptS 0.35  fLog 0.46  pdΔ -0.1516  pkR 6.55  clip 0.10  kl +0.003
upd  212  steps  436224  sps 971  opp symm  loss -0.025  pg -0.0217  v 0.016  ev +0.95  adv_std 0.186  tR +1.00  ent[s/d/p/e] 1.39/2.08/1.02/0.00  emits 1.00  spf 35.1  z0 0.00  garr 38.6  tG 437  e2 0.00  nF 13.6  pS 0.34  ptS 0.33  fLog 0.46  pdΔ -0.1591  pkR 7.19  clip 0.06  kl +0.001
upd  213  steps  438272  sps 974  opp symm  loss -0.055  pg -0.0517  v 0.019  ev +0.95  adv_std 0.194  tR -1.00  ent[s/d/p/e] 1.51/2.19/1.08/0.01  emits 1.00  spf 36.8  z0 0.00  garr 41.3  tG 473  e2 0.00  nF 13.5  pS 0.38  ptS 0.36  fLog 0.48  pdΔ -0.1241  pkR 5.73  clip 0.03  kl +0.001
upd  214  steps  440320  sps 977  opp symm  loss -0.061  pg -0.0571  v 0.019  ev +0.95  adv_std 0.203  tR +0.67  ent[s/d/p/e] 1.55/2.25/1.11/0.00  emits 0.99  spf 39.6  z0 0.01  garr 44.6  tG 522  e2 0.00  nF 13.0  pS 0.40  ptS 0.38  fLog 0.49  pdΔ -0.1041  pkR 4.91  clip 0.08  kl +0.000
upd  215  steps  442368  sps 980  opp symm  loss +0.016  pg +0.0187  v 0.019  ev +0.95  adv_std 0.202  tR +0.33  ent[s/d/p/e] 1.50/2.20/1.04/0.01  emits 0.98  spf 39.1  z0 0.02  garr 43.8  tG 521  e2 0.00  nF 12.3  pS 0.38  ptS 0.37  fLog 0.48  pdΔ -0.1181  pkR 5.97  clip 0.05  kl +0.001
upd  216  steps  444416  sps 984  opp symm  loss -0.039  pg -0.0362  v 0.019  ev +0.94  adv_std 0.197  tR +0.50  ent[s/d/p/e] 1.43/2.12/1.04/0.00  emits 0.98  spf 38.6  z0 0.03  garr 41.5  tG 484  e2 0.00  nF 12.1  pS 0.36  ptS 0.35  fLog 0.48  pdΔ -0.1358  pkR 6.23  clip 0.05  kl +0.000
upd  217  steps  446464  sps 987  opp symm  loss -0.068  pg -0.0662  v 0.021  ev +0.94  adv_std 0.208  tR -0.60  ent[s/d/p/e] 1.40/2.06/1.15/0.00  emits 0.97  spf 35.9  z0 0.03  garr 39.8  tG 445  e2 0.00  nF 12.6  pS 0.35  ptS 0.33  fLog 0.47  pdΔ -0.1486  pkR 5.12  clip 0.07  kl +0.000
upd  218  steps  448512  sps 990  opp symm  loss -0.122  pg -0.1183  v 0.019  ev +0.95  adv_std 0.195  tR +1.00  ent[s/d/p/e] 1.40/2.14/1.11/0.00  emits 1.00  spf 37.0  z0 0.00  garr 41.1  tG 461  e2 0.00  nF 13.3  pS 0.36  ptS 0.34  fLog 0.47  pdΔ -0.1418  pkR 5.75  clip 0.12  kl +0.001
upd  219  steps  450560  sps 993  opp symm  loss -0.101  pg -0.0999  v 0.023  ev +0.94  adv_std 0.208  tR +0.33  ent[s/d/p/e] 1.35/2.14/1.06/0.00  emits 1.00  spf 36.8  z0 0.00  garr 38.4  tG 423  e2 0.00  nF 14.0  pS 0.34  ptS 0.33  fLog 0.46  pdΔ -0.1630  pkR 6.38  clip 0.06  kl +0.001
upd  220  steps  452608  sps 996  opp symm  loss -0.048  pg -0.0461  v 0.021  ev +0.94  adv_std 0.206  tR +1.00  ent[s/d/p/e] 1.41/2.11/1.09/0.01  emits 0.99  spf 34.8  z0 0.01  garr 38.4  tG 436  e2 0.00  nF 14.1  pS 0.35  ptS 0.34  fLog 0.47  pdΔ -0.1518  pkR 5.89  clip 0.02  kl +0.001
upd  221  steps  454656  sps 999  opp symm  loss -0.081  pg -0.0776  v 0.019  ev +0.95  adv_std 0.187  tR +0.00  ent[s/d/p/e] 1.39/2.21/1.05/0.01  emits 0.98  spf 37.9  z0 0.02  garr 40.1  tG 457  e2 0.00  nF 13.2  pS 0.35  ptS 0.34  fLog 0.47  pdΔ -0.1550  pkR 6.25  clip 0.05  kl +0.000
upd  222  steps  456704  sps 1002  opp symm  loss -0.115  pg -0.1110  v 0.017  ev +0.96  adv_std 0.187  tR +0.00  ent[s/d/p/e] 1.38/2.13/1.07/0.01  emits 0.98  spf 38.8  z0 0.02  garr 39.1  tG 454  e2 0.00  nF 13.6  pS 0.35  ptS 0.34  fLog 0.47  pdΔ -0.1515  pkR 6.32  clip 0.08  kl +0.001
upd  223  steps  458752  sps 1005  opp symm  loss -0.057  pg -0.0552  v 0.021  ev +0.95  adv_std 0.203  tR +0.33  ent[s/d/p/e] 1.40/2.06/1.13/0.01  emits 0.98  spf 36.5  z0 0.02  garr 39.0  tG 459  e2 0.00  nF 13.8  pS 0.35  ptS 0.34  fLog 0.46  pdΔ -0.1516  pkR 7.21  clip 0.05  kl +0.002
upd  224  steps  460800  sps 1008  opp symm  loss -0.099  pg -0.0933  v 0.013  ev +0.96  adv_std 0.164  tR +0.60  ent[s/d/p/e] 1.26/2.01/1.05/0.01  emits 0.97  spf 33.4  z0 0.03  garr 35.6  tG 388  e2 0.00  nF 14.5  pS 0.30  ptS 0.30  fLog 0.44  pdΔ -0.1979  pkR 7.92  clip 0.04  kl +0.002
upd  225  steps  462848  sps 1011  opp symm  loss -0.047  pg -0.0447  v 0.021  ev +0.94  adv_std 0.204  tR -0.33  ent[s/d/p/e] 1.31/1.99/1.17/0.01  emits 0.97  spf 35.7  z0 0.04  garr 37.1  tG 415  e2 0.00  nF 15.2  pS 0.32  ptS 0.32  fLog 0.46  pdΔ -0.1763  pkR 7.24  clip 0.07  kl +0.001
upd  226  steps  464896  sps 1014  opp symm  loss -0.016  pg -0.0126  v 0.019  ev +0.96  adv_std 0.195  tR -1.00  ent[s/d/p/e] 1.35/2.01/1.16/0.01  emits 0.98  spf 35.7  z0 0.02  garr 39.2  tG 453  e2 0.00  nF 14.8  pS 0.34  ptS 0.34  fLog 0.46  pdΔ -0.1575  pkR 6.99  clip 0.04  kl +0.002
upd  227  steps  466944  sps 1017  opp symm  loss -0.067  pg -0.0632  v 0.019  ev +0.95  adv_std 0.198  tR -0.14  ent[s/d/p/e] 1.36/2.01/1.20/0.01  emits 0.97  spf 36.3  z0 0.03  garr 37.7  tG 428  e2 0.00  nF 13.2  pS 0.34  ptS 0.34  fLog 0.48  pdΔ -0.1594  pkR 6.02  clip 0.06  kl +0.000
upd  228  steps  468992  sps 1020  opp symm  loss -0.015  pg -0.0134  v 0.022  ev +0.94  adv_std 0.213  tR +0.50  ent[s/d/p/e] 1.27/2.04/1.17/0.01  emits 0.98  spf 35.3  z0 0.02  garr 36.3  tG 400  e2 0.00  nF 12.8  pS 0.32  ptS 0.32  fLog 0.46  pdΔ -0.1793  pkR 7.52  clip 0.10  kl +0.000
upd  229  steps  471040  sps 1023  opp symm  loss -0.045  pg -0.0393  v 0.014  ev +0.96  adv_std 0.171  tR +0.33  ent[s/d/p/e] 1.37/1.96/1.18/0.01  emits 0.95  spf 38.3  z0 0.05  garr 38.6  tG 439  e2 0.00  nF 14.0  pS 0.35  ptS 0.35  fLog 0.48  pdΔ -0.1545  pkR 7.09  clip 0.11  kl +0.002
upd  230  steps  473088  sps 1026  opp symm  loss -0.017  pg -0.0153  v 0.022  ev +0.94  adv_std 0.216  tR +0.00  ent[s/d/p/e] 1.34/1.98/1.16/0.01  emits 0.94  spf 39.0  z0 0.06  garr 38.4  tG 434  e2 0.00  nF 13.5  pS 0.33  ptS 0.33  fLog 0.48  pdΔ -0.1658  pkR 7.83  clip 0.08  kl -0.001
upd  231  steps  475136  sps 1029  opp symm  loss +0.001  pg +0.0038  v 0.018  ev +0.95  adv_std 0.193  tR +0.25  ent[s/d/p/e] 1.27/1.99/1.08/0.01  emits 0.97  spf 34.2  z0 0.03  garr 35.2  tG 381  e2 0.00  nF 13.5  pS 0.32  ptS 0.32  fLog 0.46  pdΔ -0.1769  pkR 7.12  clip 0.05  kl +0.001
upd  232  steps  477184  sps 1032  opp symm  loss -0.059  pg -0.0593  v 0.025  ev +0.94  adv_std 0.223  tR +0.00  ent[s/d/p/e] 1.17/1.99/1.07/0.01  emits 1.00  spf 31.9  z0 0.00  garr 33.5  tG 354  e2 0.00  nF 14.0  pS 0.31  ptS 0.31  fLog 0.45  pdΔ -0.1926  pkR 7.64  clip 0.11  kl +0.001
upd  233  steps  479232  sps 1035  opp symm  loss -0.018  pg -0.0150  v 0.019  ev +0.95  adv_std 0.195  tR -0.20  ent[s/d/p/e] 1.23/2.00/1.13/0.01  emits 0.99  spf 34.6  z0 0.01  garr 34.1  tG 386  e2 0.00  nF 14.5  pS 0.33  ptS 0.32  fLog 0.46  pdΔ -0.1740  pkR 8.22  clip 0.07  kl +0.001
upd  234  steps  481280  sps 1038  opp symm  loss -0.072  pg -0.0698  v 0.021  ev +0.94  adv_std 0.205  tR -1.00  ent[s/d/p/e] 1.28/2.06/1.10/0.01  emits 0.99  spf 35.1  z0 0.01  garr 35.7  tG 428  e2 0.00  nF 14.7  pS 0.35  ptS 0.34  fLog 0.46  pdΔ -0.1540  pkR 8.06  clip 0.04  kl +0.001
upd  235  steps  483328  sps 1041  opp symm  loss -0.089  pg -0.0840  v 0.016  ev +0.96  adv_std 0.180  tR +0.00  ent[s/d/p/e] 1.44/2.09/1.12/0.01  emits 1.00  spf 38.8  z0 0.00  garr 40.5  tG 519  e2 0.00  nF 14.3  pS 0.39  ptS 0.39  fLog 0.48  pdΔ -0.1109  pkR 6.98  clip 0.13  kl +0.002
upd  236  steps  485376  sps 1044  opp symm  loss -0.074  pg -0.0704  v 0.017  ev +0.95  adv_std 0.189  tR +0.60  ent[s/d/p/e] 1.46/2.11/1.08/0.01  emits 0.98  spf 39.8  z0 0.02  garr 40.7  tG 537  e2 0.00  nF 12.9  pS 0.39  ptS 0.39  fLog 0.48  pdΔ -0.1094  pkR 7.16  clip 0.06  kl +0.003
upd  237  steps  487424  sps 1047  opp symm  loss -0.003  pg +0.0003  v 0.019  ev +0.95  adv_std 0.193  tR +0.50  ent[s/d/p/e] 1.39/2.10/1.06/0.01  emits 0.97  spf 35.4  z0 0.04  garr 37.8  tG 495  e2 0.00  nF 13.1  pS 0.36  ptS 0.36  fLog 0.46  pdΔ -0.1354  pkR 7.34  clip 0.08  kl +0.001
upd  238  steps  489472  sps 1050  opp symm  loss -0.054  pg -0.0527  v 0.021  ev +0.94  adv_std 0.204  tR +0.25  ent[s/d/p/e] 1.27/2.02/1.03/0.01  emits 0.98  spf 34.2  z0 0.02  garr 35.7  tG 435  e2 0.00  nF 13.8  pS 0.33  ptS 0.32  fLog 0.45  pdΔ -0.1708  pkR 7.73  clip 0.06  kl +0.003
upd  239  steps  491520  sps 1053  opp symm  loss -0.027  pg -0.0257  v 0.021  ev +0.94  adv_std 0.211  tR +0.00  ent[s/d/p/e] 1.31/2.02/1.05/0.01  emits 0.97  spf 35.4  z0 0.03  garr 38.6  tG 461  e2 0.00  nF 14.6  pS 0.34  ptS 0.33  fLog 0.46  pdΔ -0.1641  pkR 8.62  clip 0.11  kl +0.002
upd  240  steps  493568  sps 1056  opp symm  loss -0.106  pg -0.1029  v 0.017  ev +0.95  adv_std 0.185  tR +0.33  ent[s/d/p/e] 1.33/2.11/1.07/0.01  emits 0.98  spf 37.2  z0 0.02  garr 40.1  tG 486  e2 0.00  nF 14.2  pS 0.35  ptS 0.34  fLog 0.47  pdΔ -0.1511  pkR 8.84  clip 0.06  kl +0.002
upd  241  steps  495616  sps 1059  opp symm  loss -0.130  pg -0.1236  v 0.012  ev +0.97  adv_std 0.163  tR +1.00  ent[s/d/p/e] 1.30/2.06/1.08/0.01  emits 0.96  spf 32.9  z0 0.04  garr 34.7  tG 405  e2 0.00  nF 14.3  pS 0.33  ptS 0.32  fLog 0.45  pdΔ -0.1662  pkR 7.17  clip 0.03  kl +0.001
upd  242  steps  497664  sps 1062  opp symm  loss -0.064  pg -0.0601  v 0.016  ev +0.96  adv_std 0.177  tR +0.60  ent[s/d/p/e] 1.30/2.06/1.07/0.01  emits 0.95  spf 32.8  z0 0.06  garr 34.0  tG 408  e2 0.00  nF 13.8  pS 0.33  ptS 0.32  fLog 0.45  pdΔ -0.1699  pkR 7.20  clip 0.08  kl +0.002
upd  243  steps  499712  sps 1065  opp symm  loss -0.049  pg -0.0449  v 0.017  ev +0.96  adv_std 0.185  tR -0.14  ent[s/d/p/e] 1.32/2.10/1.07/0.01  emits 0.95  spf 34.1  z0 0.05  garr 34.8  tG 429  e2 0.00  nF 12.7  pS 0.34  ptS 0.34  fLog 0.46  pdΔ -0.1577  pkR 7.29  clip 0.06  kl -0.001
upd  244  steps  501760  sps 1068  opp symm  loss -0.037  pg -0.0317  v 0.014  ev +0.97  adv_std 0.168  tR +0.33  ent[s/d/p/e] 1.32/2.04/1.12/0.01  emits 0.98  spf 31.9  z0 0.02  garr 34.2  tG 398  e2 0.00  nF 13.3  pS 0.34  ptS 0.33  fLog 0.45  pdΔ -0.1574  pkR 8.24  clip 0.12  kl +0.002
upd  245  steps  503808  sps 1071  opp symm  loss -0.056  pg -0.0540  v 0.022  ev +0.95  adv_std 0.208  tR -0.20  ent[s/d/p/e] 1.45/2.13/1.16/0.01  emits 0.98  spf 33.2  z0 0.02  garr 36.6  tG 424  e2 0.00  nF 13.1  pS 0.37  ptS 0.36  fLog 0.48  pdΔ -0.1279  pkR 6.42  clip 0.07  kl +0.001
upd  246  steps  505856  sps 1073  opp symm  loss -0.126  pg -0.1221  v 0.017  ev +0.96  adv_std 0.182  tR +0.50  ent[s/d/p/e] 1.39/2.22/1.11/0.01  emits 0.99  spf 33.3  z0 0.01  garr 37.3  tG 439  e2 0.00  nF 12.4  pS 0.37  ptS 0.36  fLog 0.47  pdΔ -0.1302  pkR 6.89  clip 0.05  kl +0.002
upd  247  steps  507904  sps 1076  opp symm  loss -0.060  pg -0.0568  v 0.017  ev +0.96  adv_std 0.185  tR +0.20  ent[s/d/p/e] 1.26/2.17/1.06/0.01  emits 0.99  spf 32.3  z0 0.01  garr 34.1  tG 398  e2 0.00  nF 12.6  pS 0.35  ptS 0.33  fLog 0.45  pdΔ -0.1535  pkR 8.14  clip 0.04  kl +0.001
upd  248  steps  509952  sps 1079  opp symm  loss -0.058  pg -0.0578  v 0.024  ev +0.94  adv_std 0.213  tR +0.33  ent[s/d/p/e] 1.20/2.02/1.09/0.01  emits 1.00  spf 28.7  z0 0.00  garr 31.2  tG 360  e2 0.00  nF 13.1  pS 0.33  ptS 0.32  fLog 0.44  pdΔ -0.1659  pkR 7.49  clip 0.05  kl +0.003
upd  249  steps  512000  sps 1082  opp symm  loss -0.064  pg -0.0632  v 0.022  ev +0.94  adv_std 0.206  tR +1.00  ent[s/d/p/e] 1.14/1.95/1.09/0.01  emits 0.99  spf 25.8  z0 0.01  garr 29.7  tG 319  e2 0.00  nF 14.5  pS 0.30  ptS 0.29  fLog 0.43  pdΔ -0.1965  pkR 7.67  clip 0.02  kl -0.001
upd  250  steps  514048  sps 1085  opp symm  loss -0.076  pg -0.0776  v 0.027  ev +0.93  adv_std 0.236  tR +0.00  ent[s/d/p/e] 1.21/1.95/1.13/0.01  emits 0.99  spf 30.3  z0 0.01  garr 33.1  tG 372  e2 0.00  nF 14.9  pS 0.32  ptS 0.30  fLog 0.44  pdΔ -0.1794  pkR 7.04  clip 0.03  kl +0.002
upd  251  steps  516096  sps 1088  opp symm  loss -0.081  pg -0.0791  v 0.021  ev +0.95  adv_std 0.203  tR +0.20  ent[s/d/p/e] 1.30/2.04/1.17/0.01  emits 0.98  spf 31.2  z0 0.02  garr 34.5  tG 375  e2 0.00  nF 13.5  pS 0.34  ptS 0.32  fLog 0.45  pdΔ -0.1627  pkR 6.59  clip 0.11  kl +0.001
upd  252  steps  518144  sps 1091  opp symm  loss -0.123  pg -0.1180  v 0.015  ev +0.97  adv_std 0.178  tR +0.00  ent[s/d/p/e] 1.30/2.08/1.12/0.01  emits 0.97  spf 33.2  z0 0.03  garr 36.6  tG 414  e2 0.00  nF 13.8  pS 0.35  ptS 0.33  fLog 0.46  pdΔ -0.1525  pkR 6.02  clip 0.05  kl +0.001
upd  253  steps  520192  sps 1093  opp symm  loss -0.054  pg -0.0553  v 0.028  ev +0.93  adv_std 0.241  tR +0.14  ent[s/d/p/e] 1.33/2.09/1.10/0.01  emits 0.97  spf 34.1  z0 0.03  garr 37.0  tG 437  e2 0.00  nF 13.7  pS 0.35  ptS 0.34  fLog 0.47  pdΔ -0.1456  pkR 6.81  clip 0.04  kl +0.001
upd  254  steps  522240  sps 1096  opp symm  loss -0.125  pg -0.1252  v 0.025  ev +0.95  adv_std 0.230  tR +0.00  ent[s/d/p/e] 1.36/2.13/1.10/0.01  emits 0.97  spf 38.4  z0 0.03  garr 40.3  tG 496  e2 0.00  nF 13.4  pS 0.37  ptS 0.35  fLog 0.47  pdΔ -0.1338  pkR 6.62  clip 0.05  kl +0.001
upd  255  steps  524288  sps 1099  opp symm  loss -0.189  pg -0.1872  v 0.021  ev +0.96  adv_std 0.207  tR -0.20  ent[s/d/p/e] 1.38/2.21/1.06/0.01  emits 0.94  spf 42.1  z0 0.06  garr 41.5  tG 531  e2 0.00  nF 14.6  pS 0.36  ptS 0.35  fLog 0.47  pdΔ -0.1371  pkR 7.23  clip 0.05  kl +0.001
upd  256  steps  526336  sps 1102  opp symm  loss -0.128  pg -0.1293  v 0.027  ev +0.94  adv_std 0.234  tR +0.43  ent[s/d/p/e] 1.31/2.22/0.98/0.01  emits 0.99  spf 38.6  z0 0.01  garr 41.0  tG 532  e2 0.00  nF 15.7  pS 0.36  ptS 0.36  fLog 0.44  pdΔ -0.1375  pkR 7.51  clip 0.10  kl +0.002
upd  257  steps  528384  sps 1105  opp symm  loss -0.141  pg -0.1420  v 0.026  ev +0.95  adv_std 0.225  tR +0.67  ent[s/d/p/e] 1.20/2.16/0.95/0.01  emits 1.00  spf 35.9  z0 0.00  garr 39.3  tG 500  e2 0.00  nF 16.9  pS 0.33  ptS 0.33  fLog 0.43  pdΔ -0.1663  pkR 7.93  clip 0.04  kl +0.002
upd  258  steps  530432  sps 1107  opp symm  loss -0.066  pg -0.0706  v 0.032  ev +0.92  adv_std 0.256  tR +0.00  ent[s/d/p/e] 1.20/2.12/0.96/0.01  emits 0.99  spf 33.6  z0 0.01  garr 38.1  tG 484  e2 0.00  nF 17.0  pS 0.33  ptS 0.32  fLog 0.42  pdΔ -0.1709  pkR 8.22  clip 0.02  kl +0.000
upd  259  steps  532480  sps 1110  opp symm  loss -0.048  pg -0.0497  v 0.027  ev +0.93  adv_std 0.235  tR +0.00  ent[s/d/p/e] 1.33/2.02/1.13/0.01  emits 0.98  spf 37.7  z0 0.02  garr 43.3  tG 553  e2 0.00  nF 17.9  pS 0.36  ptS 0.34  fLog 0.45  pdΔ -0.1395  pkR 7.36  clip 0.04  kl +0.000
upd  260  steps  534528  sps 1113  opp symm  loss -0.032  pg -0.0279  v 0.019  ev +0.95  adv_std 0.198  tR -0.33  ent[s/d/p/e] 1.50/2.10/1.24/0.01  emits 0.95  spf 43.4  z0 0.05  garr 46.1  tG 598  e2 0.00  nF 16.8  pS 0.39  ptS 0.38  fLog 0.48  pdΔ -0.1112  pkR 5.82  clip 0.02  kl -0.000
upd  261  steps  536576  sps 1116  opp symm  loss -0.024  pg -0.0200  v 0.018  ev +0.95  adv_std 0.195  tR +0.14  ent[s/d/p/e] 1.52/2.15/1.20/0.01  emits 0.97  spf 45.5  z0 0.04  garr 47.7  tG 644  e2 0.00  nF 15.9  pS 0.41  ptS 0.40  fLog 0.48  pdΔ -0.0917  pkR 6.59  clip 0.13  kl +0.002
upd  262  steps  538624  sps 1118  opp symm  loss +0.003  pg +0.0050  v 0.022  ev +0.94  adv_std 0.215  tR -0.33  ent[s/d/p/e] 1.47/2.19/1.16/0.01  emits 0.96  spf 47.3  z0 0.04  garr 49.2  tG 669  e2 0.00  nF 13.4  pS 0.41  ptS 0.40  fLog 0.48  pdΔ -0.0940  pkR 6.52  clip 0.05  kl +0.001
upd  263  steps  540672  sps 1121  opp symm  loss -0.035  pg -0.0307  v 0.018  ev +0.95  adv_std 0.195  tR +0.56  ent[s/d/p/e] 1.32/2.07/1.20/0.01  emits 0.97  spf 42.6  z0 0.03  garr 47.1  tG 642  e2 0.00  nF 12.6  pS 0.38  ptS 0.37  fLog 0.47  pdΔ -0.1221  pkR 7.57  clip 0.06  kl +0.001
upd  264  steps  542720  sps 1124  opp symm  loss -0.021  pg -0.0158  v 0.015  ev +0.96  adv_std 0.181  tR +0.50  ent[s/d/p/e] 1.29/1.96/1.20/0.01  emits 0.99  spf 36.2  z0 0.01  garr 39.7  tG 519  e2 0.00  nF 13.2  pS 0.36  ptS 0.36  fLog 0.46  pdΔ -0.1368  pkR 8.05  clip 0.10  kl +0.003
upd  265  steps  544768  sps 1127  opp symm  loss -0.089  pg -0.0836  v 0.015  ev +0.97  adv_std 0.172  tR +1.00  ent[s/d/p/e] 1.34/2.09/1.22/0.01  emits 0.99  spf 37.1  z0 0.01  garr 39.0  tG 514  e2 0.00  nF 14.6  pS 0.38  ptS 0.37  fLog 0.46  pdΔ -0.1249  pkR 7.67  clip 0.09  kl +0.001
upd  266  steps  546816  sps 1129  opp symm  loss -0.067  pg -0.0635  v 0.018  ev +0.96  adv_std 0.196  tR +0.43  ent[s/d/p/e] 1.29/2.15/1.12/0.01  emits 1.00  spf 36.1  z0 0.00  garr 38.4  tG 508  e2 0.00  nF 15.1  pS 0.38  ptS 0.37  fLog 0.46  pdΔ -0.1250  pkR 7.95  clip 0.08  kl +0.002
upd  267  steps  548864  sps 1132  opp symm  loss -0.024  pg -0.0272  v 0.030  ev +0.94  adv_std 0.254  tR +1.00  ent[s/d/p/e] 1.21/2.02/1.13/0.01  emits 1.00  spf 32.9  z0 0.00  garr 33.8  tG 422  e2 0.00  nF 15.3  pS 0.34  ptS 0.35  fLog 0.44  pdΔ -0.1567  pkR 5.89  clip 0.09  kl +0.002
upd  268  steps  550912  sps 1135  opp symm  loss -0.109  pg -0.1070  v 0.019  ev +0.96  adv_std 0.192  tR +1.00  ent[s/d/p/e] 1.19/1.93/1.13/0.02  emits 0.98  spf 32.0  z0 0.02  garr 34.1  tG 417  e2 0.00  nF 15.0  pS 0.32  ptS 0.33  fLog 0.44  pdΔ -0.1776  pkR 7.00  clip 0.07  kl +0.003
upd  269  steps  552960  sps 1137  opp symm  loss -0.070  pg -0.0728  v 0.028  ev +0.95  adv_std 0.235  tR +0.33  ent[s/d/p/e] 1.11/1.96/1.03/0.01  emits 0.99  spf 32.3  z0 0.01  garr 32.9  tG 414  e2 0.00  nF 15.0  pS 0.31  ptS 0.31  fLog 0.43  pdΔ -0.1906  pkR 8.41  clip 0.05  kl +0.001
upd  270  steps  555008  sps 1140  opp symm  loss -0.111  pg -0.1109  v 0.023  ev +0.96  adv_std 0.207  tR -0.33  ent[s/d/p/e] 1.17/1.96/1.03/0.01  emits 0.99  spf 33.2  z0 0.01  garr 35.6  tG 456  e2 0.00  nF 16.0  pS 0.32  ptS 0.32  fLog 0.43  pdΔ -0.1791  pkR 7.90  clip 0.12  kl +0.002
upd  271  steps  557056  sps 1143  opp symm  loss -0.050  pg -0.0557  v 0.034  ev +0.93  adv_std 0.272  tR +0.00  ent[s/d/p/e] 1.23/1.96/1.10/0.01  emits 0.99  spf 38.2  z0 0.02  garr 39.9  tG 510  e2 0.00  nF 16.3  pS 0.33  ptS 0.33  fLog 0.45  pdΔ -0.1672  pkR 7.58  clip 0.06  kl +0.002
upd  272  steps  559104  sps 1146  opp symm  loss -0.028  pg -0.0313  v 0.032  ev +0.93  adv_std 0.257  tR +0.33  ent[s/d/p/e] 1.27/2.05/1.10/0.01  emits 1.00  spf 39.7  z0 0.00  garr 43.4  tG 577  e2 0.00  nF 15.2  pS 0.35  ptS 0.35  fLog 0.46  pdΔ -0.1461  pkR 8.47  clip 0.04  kl +0.002
upd  273  steps  561152  sps 1148  opp symm  loss -0.146  pg -0.1442  v 0.020  ev +0.96  adv_std 0.198  tR +0.60  ent[s/d/p/e] 1.18/2.06/1.03/0.01  emits 1.00  spf 36.7  z0 0.00  garr 36.6  tG 438  e2 0.00  nF 15.9  pS 0.33  ptS 0.32  fLog 0.44  pdΔ -0.1704  pkR 10.21  clip 0.01  kl +0.001
upd  274  steps  563200  sps 1151  opp symm  loss -0.125  pg -0.1240  v 0.023  ev +0.95  adv_std 0.212  tR -1.00  ent[s/d/p/e] 1.25/2.07/1.11/0.01  emits 1.00  spf 34.6  z0 0.00  garr 38.1  tG 467  e2 0.00  nF 15.6  pS 0.36  ptS 0.35  fLog 0.45  pdΔ -0.1402  pkR 7.21  clip 0.04  kl +0.002
upd  275  steps  565248  sps 1154  opp symm  loss -0.120  pg -0.1200  v 0.024  ev +0.95  adv_std 0.220  tR +1.00  ent[s/d/p/e] 1.30/2.17/1.05/0.01  emits 0.98  spf 38.7  z0 0.02  garr 39.3  tG 515  e2 0.00  nF 14.7  pS 0.37  ptS 0.37  fLog 0.46  pdΔ -0.1261  pkR 6.89  clip 0.06  kl +0.001
upd  276  steps  567296  sps 1156  opp symm  loss -0.108  pg -0.1066  v 0.020  ev +0.96  adv_std 0.204  tR +0.50  ent[s/d/p/e] 1.28/2.16/1.00/0.01  emits 0.99  spf 37.9  z0 0.01  garr 40.1  tG 530  e2 0.00  nF 14.4  pS 0.37  ptS 0.37  fLog 0.46  pdΔ -0.1301  pkR 5.89  clip 0.08  kl +0.001
upd  277  steps  569344  sps 1159  opp symm  loss -0.077  pg -0.0783  v 0.026  ev +0.95  adv_std 0.230  tR +0.33  ent[s/d/p/e] 1.19/2.07/1.02/0.01  emits 1.00  spf 34.0  z0 0.00  garr 35.2  tG 440  e2 0.00  nF 15.1  pS 0.34  ptS 0.33  fLog 0.44  pdΔ -0.1637  pkR 7.10  clip 0.07  kl +0.002
upd  278  steps  571392  sps 1161  opp symm  loss -0.083  pg -0.0884  v 0.034  ev +0.93  adv_std 0.260  tR +0.60  ent[s/d/p/e] 1.17/2.05/1.00/0.01  emits 0.97  spf 32.9  z0 0.04  garr 33.3  tG 417  e2 0.00  nF 14.4  pS 0.32  ptS 0.31  fLog 0.43  pdΔ -0.1829  pkR 7.35  clip 0.16  kl +0.000
upd  279  steps  573440  sps 1164  opp symm  loss -0.064  pg -0.0711  v 0.036  ev +0.93  adv_std 0.273  tR -0.11  ent[s/d/p/e] 1.01/2.04/0.90/0.01  emits 0.97  spf 31.9  z0 0.03  garr 30.8  tG 375  e2 0.00  nF 14.3  pS 0.28  ptS 0.28  fLog 0.41  pdΔ -0.2164  pkR 8.06  clip 0.11  kl +0.001
upd  280  steps  575488  sps 1167  opp symm  loss -0.043  pg -0.0529  v 0.042  ev +0.91  adv_std 0.291  tR +0.14  ent[s/d/p/e] 0.95/1.91/0.98/0.01  emits 0.98  spf 27.7  z0 0.02  garr 28.9  tG 339  e2 0.00  nF 15.1  pS 0.27  ptS 0.27  fLog 0.40  pdΔ -0.2284  pkR 9.08  clip 0.10  kl +0.001
upd  281  steps  577536  sps 1169  opp symm  loss -0.098  pg -0.1034  v 0.032  ev +0.93  adv_std 0.252  tR -0.20  ent[s/d/p/e] 0.99/1.98/1.03/0.01  emits 0.99  spf 27.4  z0 0.01  garr 28.7  tG 333  e2 0.00  nF 15.1  pS 0.28  ptS 0.27  fLog 0.41  pdΔ -0.2181  pkR 11.93  clip 0.07  kl -0.000
upd  282  steps  579584  sps 1172  opp symm  loss -0.053  pg -0.0549  v 0.026  ev +0.94  adv_std 0.223  tR +0.00  ent[s/d/p/e] 1.03/2.05/1.04/0.01  emits 0.99  spf 27.8  z0 0.02  garr 27.8  tG 307  e2 0.00  nF 15.0  pS 0.28  ptS 0.27  fLog 0.41  pdΔ -0.2158  pkR 7.93  clip 0.06  kl +0.001
upd  283  steps  581632  sps 1175  opp symm  loss -0.035  pg -0.0372  v 0.027  ev +0.93  adv_std 0.234  tR +0.50  ent[s/d/p/e] 1.06/1.89/1.10/0.01  emits 0.96  spf 27.0  z0 0.04  garr 27.2  tG 305  e2 0.00  nF 14.8  pS 0.28  ptS 0.27  fLog 0.42  pdΔ -0.2228  pkR 9.24  clip 0.04  kl -0.001
upd  284  steps  583680  sps 1177  opp symm  loss -0.050  pg -0.0512  v 0.024  ev +0.93  adv_std 0.218  tR +0.00  ent[s/d/p/e] 1.05/2.02/1.04/0.01  emits 0.97  spf 24.7  z0 0.03  garr 25.5  tG 264  e2 0.00  nF 14.3  pS 0.28  ptS 0.27  fLog 0.42  pdΔ -0.2219  pkR 10.93  clip 0.08  kl +0.002
upd  285  steps  585728  sps 1180  opp symm  loss -0.069  pg -0.0663  v 0.017  ev +0.95  adv_std 0.191  tR +0.50  ent[s/d/p/e] 1.10/1.98/1.09/0.01  emits 0.99  spf 24.4  z0 0.01  garr 25.7  tG 259  e2 0.00  nF 15.1  pS 0.30  ptS 0.29  fLog 0.43  pdΔ -0.2017  pkR 9.46  clip 0.09  kl +0.001
upd  286  steps  587776  sps 1182  opp symm  loss -0.093  pg -0.0903  v 0.018  ev +0.95  adv_std 0.193  tR +1.00  ent[s/d/p/e] 1.17/1.98/1.14/0.01  emits 1.00  spf 26.1  z0 0.00  garr 27.4  tG 291  e2 0.00  nF 15.7  pS 0.32  ptS 0.31  fLog 0.44  pdΔ -0.1801  pkR 10.06  clip 0.09  kl +0.000
upd  287  steps  589824  sps 1185  opp symm  loss -0.087  pg -0.0830  v 0.016  ev +0.96  adv_std 0.182  tR +0.71  ent[s/d/p/e] 1.21/2.06/1.15/0.01  emits 0.97  spf 28.6  z0 0.03  garr 28.8  tG 303  e2 0.00  nF 15.1  pS 0.32  ptS 0.31  fLog 0.45  pdΔ -0.1760  pkR 7.71  clip 0.11  kl +0.000
upd  288  steps  591872  sps 1187  opp symm  loss -0.071  pg -0.0712  v 0.025  ev +0.94  adv_std 0.221  tR -0.20  ent[s/d/p/e] 1.19/2.16/1.08/0.01  emits 0.97  spf 27.4  z0 0.03  garr 27.9  tG 302  e2 0.00  nF 14.6  pS 0.32  ptS 0.31  fLog 0.43  pdΔ -0.1760  pkR 6.71  clip 0.08  kl +0.003
upd  289  steps  593920  sps 1190  opp symm  loss -0.098  pg -0.0990  v 0.027  ev +0.94  adv_std 0.233  tR +1.00  ent[s/d/p/e] 1.25/2.15/1.10/0.01  emits 0.96  spf 31.8  z0 0.04  garr 31.7  tG 366  e2 0.00  nF 14.9  pS 0.35  ptS 0.34  fLog 0.45  pdΔ -0.1509  pkR 5.90  clip 0.07  kl +0.003
upd  290  steps  595968  sps 1193  opp symm  loss -0.114  pg -0.1109  v 0.019  ev +0.95  adv_std 0.198  tR -0.50  ent[s/d/p/e] 1.27/2.05/1.19/0.01  emits 0.96  spf 31.8  z0 0.04  garr 32.3  tG 377  e2 0.00  nF 14.9  pS 0.35  ptS 0.34  fLog 0.46  pdΔ -0.1465  pkR 5.36  clip 0.06  kl +0.001
upd  291  steps  598016  sps 1195  opp symm  loss -0.105  pg -0.1033  v 0.021  ev +0.95  adv_std 0.209  tR +0.00  ent[s/d/p/e] 1.27/2.12/1.15/0.01  emits 0.98  spf 33.1  z0 0.02  garr 33.3  tG 410  e2 0.00  nF 14.7  pS 0.37  ptS 0.36  fLog 0.46  pdΔ -0.1303  pkR 6.20  clip 0.07  kl +0.001
upd  292  steps  600064  sps 1198  opp symm  loss -0.093  pg -0.0905  v 0.020  ev +0.96  adv_std 0.200  tR +0.43  ent[s/d/p/e] 1.28/2.16/1.15/0.01  emits 0.98  spf 34.9  z0 0.02  garr 34.8  tG 435  e2 0.00  nF 13.9  pS 0.36  ptS 0.36  fLog 0.46  pdΔ -0.1354  pkR 6.85  clip 0.08  kl +0.004
upd  293  steps  602112  sps 1200  opp symm  loss -0.105  pg -0.1027  v 0.019  ev +0.95  adv_std 0.197  tR +0.33  ent[s/d/p/e] 1.16/2.07/1.11/0.01  emits 0.98  spf 32.8  z0 0.02  garr 32.4  tG 385  e2 0.00  nF 14.2  pS 0.33  ptS 0.33  fLog 0.45  pdΔ -0.1689  pkR 6.66  clip 0.06  kl +0.001
upd  294  steps  604160  sps 1203  opp symm  loss -0.024  pg -0.0238  v 0.025  ev +0.93  adv_std 0.225  tR +0.33  ent[s/d/p/e] 1.16/2.13/1.14/0.01  emits 0.96  spf 31.0  z0 0.04  garr 31.2  tG 356  e2 0.00  nF 13.5  pS 0.32  ptS 0.31  fLog 0.45  pdΔ -0.1827  pkR 7.25  clip 0.09  kl +0.001
upd  295  steps  606208  sps 1205  opp symm  loss -0.059  pg -0.0566  v 0.021  ev +0.94  adv_std 0.203  tR +0.50  ent[s/d/p/e] 1.20/2.20/1.14/0.01  emits 0.96  spf 32.7  z0 0.05  garr 31.5  tG 357  e2 0.00  nF 13.3  pS 0.33  ptS 0.32  fLog 0.46  pdΔ -0.1749  pkR 7.09  clip 0.05  kl +0.000
upd  296  steps  608256  sps 1208  opp symm  loss -0.117  pg -0.1150  v 0.020  ev +0.95  adv_std 0.201  tR -0.14  ent[s/d/p/e] 1.20/2.26/1.12/0.01  emits 0.99  spf 32.3  z0 0.01  garr 33.3  tG 370  e2 0.00  nF 14.2  pS 0.34  ptS 0.33  fLog 0.45  pdΔ -0.1647  pkR 7.25  clip 0.09  kl -0.001
upd  297  steps  610304  sps 1210  opp symm  loss -0.105  pg -0.1066  v 0.028  ev +0.93  adv_std 0.238  tR +1.00  ent[s/d/p/e] 1.17/2.25/1.09/0.01  emits 1.00  spf 30.4  z0 0.00  garr 32.2  tG 356  e2 0.00  nF 15.9  pS 0.33  ptS 0.33  fLog 0.44  pdΔ -0.1670  pkR 7.87  clip 0.02  kl +0.001
upd  298  steps  612352  sps 1213  opp symm  loss -0.122  pg -0.1192  v 0.020  ev +0.95  adv_std 0.200  tR +0.33  ent[s/d/p/e] 1.20/2.30/1.07/0.01  emits 0.99  spf 31.7  z0 0.01  garr 33.9  tG 389  e2 0.00  nF 15.2  pS 0.35  ptS 0.35  fLog 0.45  pdΔ -0.1464  pkR 7.29  clip 0.04  kl -0.000
[eval_vs_v20] u299 tag=train_u299  bin0=0.0%  spf=0.00  garr=128.50  flip=0.00%  z0=71.9%  e8=0.0%  e2+=0.0%  WLD=0/3/0
upd  299  steps  614400  sps 1215  opp symm  loss -0.131  pg -0.1270  v 0.018  ev +0.96  adv_std 0.198  tR +0.43  ent[s/d/p/e] 1.22/2.31/1.09/0.01  emits 0.97  spf 34.2  z0 0.03  garr 34.6  tG 410  e2 0.00  nF 14.5  pS 0.36  ptS 0.35  fLog 0.46  pdΔ -0.1421  pkR 6.70  clip 0.04  kl +0.001 WRr 0.50 v20[spf 0.0 flip 0.0% e2+ 0.0%]
upd  300  steps  616448  sps 1032  opp symm  loss -0.056  pg -0.0540  v 0.021  ev +0.95  adv_std 0.201  tR -0.50  ent[s/d/p/e] 1.19/2.37/1.03/0.01  emits 0.96  spf 32.5  z0 0.04  garr 33.2  tG 390  e2 0.00  nF 14.9  pS 0.36  ptS 0.34  fLog 0.45  pdΔ -0.1445  pkR 5.41  clip 0.02  kl +0.001
upd  301  steps  618496  sps 1034  opp symm  loss -0.100  pg -0.0966  v 0.019  ev +0.95  adv_std 0.194  tR -1.00  ent[s/d/p/e] 1.30/2.22/1.15/0.01  emits 0.95  spf 38.3  z0 0.05  garr 37.5  tG 468  e2 0.00  nF 14.7  pS 0.39  ptS 0.38  fLog 0.48  pdΔ -0.1101  pkR 5.27  clip 0.03  kl -0.001
upd  302  steps  620544  sps 1037  opp symm  loss -0.096  pg -0.0943  v 0.022  ev +0.95  adv_std 0.206  tR +0.33  ent[s/d/p/e] 1.32/2.31/1.09/0.01  emits 0.97  spf 40.4  z0 0.04  garr 40.0  tG 526  e2 0.00  nF 14.5  pS 0.41  ptS 0.40  fLog 0.48  pdΔ -0.0936  pkR 5.43  clip 0.09  kl +0.003
upd  303  steps  622592  sps 1039  opp symm  loss -0.101  pg -0.0979  v 0.019  ev +0.96  adv_std 0.200  tR +0.50  ent[s/d/p/e] 1.22/2.27/1.04/0.01  emits 0.97  spf 36.5  z0 0.03  garr 36.8  tG 481  e2 0.00  nF 15.4  pS 0.38  ptS 0.37  fLog 0.46  pdΔ -0.1197  pkR 7.20  clip 0.04  kl -0.000
upd  304  steps  624640  sps 1041  opp symm  loss -0.076  pg -0.0724  v 0.017  ev +0.96  adv_std 0.184  tR +0.33  ent[s/d/p/e] 1.29/2.21/1.11/0.01  emits 0.96  spf 39.0  z0 0.04  garr 38.7  tG 516  e2 0.00  nF 16.7  pS 0.40  ptS 0.39  fLog 0.48  pdΔ -0.1049  pkR 6.85  clip 0.05  kl +0.002
upd  305  steps  626688  sps 1044  opp symm  loss -0.087  pg -0.0831  v 0.017  ev +0.96  adv_std 0.187  tR +0.33  ent[s/d/p/e] 1.32/2.28/1.11/0.01  emits 0.97  spf 38.9  z0 0.03  garr 38.0  tG 509  e2 0.00  nF 16.3  pS 0.41  ptS 0.40  fLog 0.49  pdΔ -0.0929  pkR 6.78  clip 0.02  kl +0.001
upd  306  steps  628736  sps 1046  opp symm  loss -0.106  pg -0.1009  v 0.015  ev +0.97  adv_std 0.171  tR +0.33  ent[s/d/p/e] 1.35/2.30/1.09/0.01  emits 0.99  spf 39.4  z0 0.02  garr 37.9  tG 510  e2 0.00  nF 15.9  pS 0.41  ptS 0.40  fLog 0.48  pdΔ -0.0895  pkR 7.61  clip 0.05  kl +0.003
upd  307  steps  630784  sps 1048  opp symm  loss -0.130  pg -0.1291  v 0.023  ev +0.95  adv_std 0.214  tR +1.00  ent[s/d/p/e] 1.31/2.35/1.01/0.01  emits 0.99  spf 35.9  z0 0.01  garr 35.6  tG 470  e2 0.00  nF 15.7  pS 0.40  ptS 0.40  fLog 0.47  pdΔ -0.1004  pkR 7.38  clip 0.02  kl +0.002
upd  308  steps  632832  sps 1050  opp symm  loss -0.146  pg -0.1435  v 0.019  ev +0.96  adv_std 0.194  tR +0.67  ent[s/d/p/e] 1.30/2.35/0.99/0.01  emits 0.97  spf 35.7  z0 0.03  garr 34.5  tG 465  e2 0.00  nF 15.2  pS 0.39  ptS 0.39  fLog 0.46  pdΔ -0.1079  pkR 8.77  clip 0.06  kl +0.001
upd  309  steps  634880  sps 1053  opp symm  loss -0.090  pg -0.0901  v 0.024  ev +0.95  adv_std 0.219  tR +0.43  ent[s/d/p/e] 1.20/2.34/0.93/0.01  emits 0.98  spf 34.5  z0 0.02  garr 33.8  tG 443  e2 0.00  nF 15.6  pS 0.36  ptS 0.36  fLog 0.45  pdΔ -0.1379  pkR 11.52  clip 0.02  kl +0.000
upd  310  steps  636928  sps 1055  opp symm  loss -0.116  pg -0.1183  v 0.027  ev +0.94  adv_std 0.225  tR +0.20  ent[s/d/p/e] 1.03/2.29/0.93/0.01  emits 0.98  spf 28.1  z0 0.02  garr 28.2  tG 335  e2 0.00  nF 15.4  pS 0.32  ptS 0.31  fLog 0.43  pdΔ -0.1836  pkR 9.02  clip 0.02  kl -0.001
upd  311  steps  638976  sps 1057  opp symm  loss -0.185  pg -0.1829  v 0.019  ev +0.96  adv_std 0.190  tR +0.43  ent[s/d/p/e] 1.00/2.24/0.93/0.01  emits 0.98  spf 25.7  z0 0.02  garr 25.6  tG 276  e2 0.00  nF 15.4  pS 0.29  ptS 0.28  fLog 0.41  pdΔ -0.2100  pkR 7.29  clip 0.04  kl +0.000
upd  312  steps  641024  sps 1059  opp symm  loss -0.137  pg -0.1394  v 0.027  ev +0.93  adv_std 0.231  tR +0.00  ent[s/d/p/e] 0.99/2.16/0.98/0.01  emits 0.97  spf 25.1  z0 0.03  garr 25.4  tG 273  e2 0.00  nF 15.6  pS 0.28  ptS 0.28  fLog 0.41  pdΔ -0.2152  pkR 7.65  clip 0.00  kl +0.000
upd  313  steps  643072  sps 1062  opp symm  loss -0.092  pg -0.0957  v 0.028  ev +0.92  adv_std 0.236  tR +0.00  ent[s/d/p/e] 0.90/2.23/0.93/0.01  emits 0.98  spf 23.6  z0 0.02  garr 24.4  tG 250  e2 0.00  nF 15.1  pS 0.27  ptS 0.26  fLog 0.40  pdΔ -0.2333  pkR 7.17  clip 0.02  kl -0.000
upd  314  steps  645120  sps 1064  opp symm  loss -0.084  pg -0.0848  v 0.025  ev +0.94  adv_std 0.224  tR -0.20  ent[s/d/p/e] 0.92/2.07/1.13/0.01  emits 0.98  spf 23.8  z0 0.02  garr 24.5  tG 244  e2 0.00  nF 15.9  pS 0.27  ptS 0.27  fLog 0.42  pdΔ -0.2280  pkR 7.58  clip 0.05  kl +0.003
upd  315  steps  647168  sps 1066  opp symm  loss -0.053  pg -0.0510  v 0.019  ev +0.94  adv_std 0.198  tR +0.14  ent[s/d/p/e] 1.01/2.07/1.16/0.01  emits 0.95  spf 29.0  z0 0.05  garr 27.6  tG 291  e2 0.00  nF 15.0  pS 0.30  ptS 0.29  fLog 0.45  pdΔ -0.1974  pkR 6.75  clip 0.06  kl +0.000
upd  316  steps  649216  sps 1068  opp symm  loss -0.083  pg -0.0770  v 0.014  ev +0.96  adv_std 0.168  tR -0.50  ent[s/d/p/e] 1.10/2.17/1.17/0.01  emits 0.94  spf 32.0  z0 0.06  garr 29.9  tG 327  e2 0.00  nF 13.7  pS 0.32  ptS 0.31  fLog 0.47  pdΔ -0.1772  pkR 6.18  clip 0.04  kl +0.000
upd  317  steps  651264  sps 1071  opp symm  loss -0.053  pg -0.0478  v 0.015  ev +0.95  adv_std 0.178  tR -0.67  ent[s/d/p/e] 1.21/2.15/1.19/0.01  emits 0.96  spf 35.6  z0 0.04  garr 34.7  tG 407  e2 0.00  nF 13.8  pS 0.37  ptS 0.35  fLog 0.48  pdΔ -0.1321  pkR 5.33  clip 0.02  kl +0.001
upd  318  steps  653312  sps 1073  opp symm  loss -0.051  pg -0.0458  v 0.016  ev +0.95  adv_std 0.182  tR +0.14  ent[s/d/p/e] 1.23/2.24/1.19/0.01  emits 0.97  spf 35.8  z0 0.03  garr 35.3  tG 427  e2 0.00  nF 13.2  pS 0.38  ptS 0.37  fLog 0.48  pdΔ -0.1227  pkR 5.69  clip 0.02  kl +0.000
upd  319  steps  655360  sps 1075  opp symm  loss -0.058  pg -0.0506  v 0.013  ev +0.96  adv_std 0.163  tR +0.00  ent[s/d/p/e] 1.31/2.22/1.29/0.01  emits 0.98  spf 40.6  z0 0.02  garr 38.4  tG 475  e2 0.00  nF 13.5  pS 0.41  ptS 0.39  fLog 0.50  pdΔ -0.0898  pkR 5.86  clip 0.08  kl +0.001
upd  320  steps  657408  sps 1077  opp symm  loss -0.024  pg -0.0191  v 0.018  ev +0.94  adv_std 0.189  tR +0.33  ent[s/d/p/e] 1.48/2.30/1.29/0.01  emits 0.98  spf 43.7  z0 0.02  garr 43.2  tG 558  e2 0.00  nF 12.6  pS 0.45  ptS 0.44  fLog 0.53  pdΔ -0.0476  pkR 5.37  clip 0.11  kl +0.002
upd  321  steps  659456  sps 1080  opp symm  loss -0.015  pg -0.0071  v 0.012  ev +0.96  adv_std 0.158  tR +1.00  ent[s/d/p/e] 1.49/2.24/1.28/0.01  emits 0.99  spf 46.9  z0 0.02  garr 46.2  tG 609  e2 0.00  nF 12.4  pS 0.47  ptS 0.45  fLog 0.53  pdΔ -0.0309  pkR 6.40  clip 0.06  kl +0.000
upd  322  steps  661504  sps 1082  opp symm  loss -0.057  pg -0.0500  v 0.013  ev +0.96  adv_std 0.165  tR +0.60  ent[s/d/p/e] 1.48/2.24/1.27/0.01  emits 1.00  spf 49.8  z0 0.00  garr 49.5  tG 682  e2 0.00  nF 12.5  pS 0.48  ptS 0.46  fLog 0.53  pdΔ -0.0186  pkR 6.25  clip 0.12  kl +0.003
upd  323  steps  663552  sps 1084  opp symm  loss -0.043  pg -0.0371  v 0.016  ev +0.95  adv_std 0.179  tR +1.00  ent[s/d/p/e] 1.40/2.31/1.19/0.01  emits 1.00  spf 46.1  z0 0.00  garr 45.8  tG 634  e2 0.00  nF 13.0  pS 0.46  ptS 0.45  fLog 0.52  pdΔ -0.0356  pkR 5.30  clip 0.03  kl +0.001
upd  324  steps  665600  sps 1086  opp symm  loss -0.084  pg -0.0785  v 0.015  ev +0.96  adv_std 0.175  tR +0.33  ent[s/d/p/e] 1.41/2.27/1.18/0.01  emits 0.99  spf 43.6  z0 0.01  garr 43.8  tG 613  e2 0.00  nF 13.8  pS 0.46  ptS 0.44  fLog 0.51  pdΔ -0.0415  pkR 4.75  clip 0.04  kl +0.001
upd  325  steps  667648  sps 1088  opp symm  loss -0.088  pg -0.0834  v 0.018  ev +0.95  adv_std 0.194  tR +0.33  ent[s/d/p/e] 1.43/2.34/1.14/0.01  emits 0.99  spf 45.9  z0 0.01  garr 46.1  tG 656  e2 0.00  nF 13.3  pS 0.47  ptS 0.45  fLog 0.52  pdΔ -0.0331  pkR 4.88  clip 0.04  kl +0.001
upd  326  steps  669696  sps 1091  opp symm  loss -0.083  pg -0.0782  v 0.017  ev +0.96  adv_std 0.192  tR +0.40  ent[s/d/p/e] 1.39/2.30/1.15/0.01  emits 0.98  spf 44.4  z0 0.02  garr 44.7  tG 623  e2 0.00  nF 12.3  pS 0.45  ptS 0.44  fLog 0.51  pdΔ -0.0468  pkR 5.02  clip 0.05  kl +0.002
upd  327  steps  671744  sps 1093  opp symm  loss -0.062  pg -0.0583  v 0.018  ev +0.96  adv_std 0.189  tR +0.56  ent[s/d/p/e] 1.29/2.25/1.16/0.01  emits 0.96  spf 41.3  z0 0.04  garr 39.1  tG 520  e2 0.00  nF 12.4  pS 0.40  ptS 0.39  fLog 0.50  pdΔ -0.0981  pkR 5.81  clip 0.05  kl -0.001
upd  328  steps  673792  sps 1095  opp symm  loss -0.139  pg -0.1368  v 0.021  ev +0.95  adv_std 0.201  tR -0.33  ent[s/d/p/e] 1.26/2.25/1.13/0.01  emits 0.98  spf 41.1  z0 0.02  garr 39.9  tG 531  e2 0.00  nF 13.1  pS 0.40  ptS 0.39  fLog 0.49  pdΔ -0.0981  pkR 6.88  clip 0.06  kl +0.001
upd  329  steps  675840  sps 1097  opp symm  loss -0.180  pg -0.1761  v 0.019  ev +0.96  adv_std 0.192  tR +1.00  ent[s/d/p/e] 1.32/2.37/1.11/0.01  emits 0.98  spf 40.9  z0 0.02  garr 41.9  tG 563  e2 0.00  nF 14.2  pS 0.42  ptS 0.41  fLog 0.49  pdΔ -0.0800  pkR 7.01  clip 0.10  kl +0.001
upd  330  steps  677888  sps 1099  opp symm  loss -0.077  pg -0.0749  v 0.021  ev +0.95  adv_std 0.209  tR +0.43  ent[s/d/p/e] 1.29/2.24/1.11/0.01  emits 0.97  spf 39.1  z0 0.03  garr 39.4  tG 517  e2 0.00  nF 14.4  pS 0.40  ptS 0.39  fLog 0.47  pdΔ -0.1027  pkR 6.87  clip 0.09  kl +0.002
upd  331  steps  679936  sps 1101  opp symm  loss -0.130  pg -0.1253  v 0.017  ev +0.95  adv_std 0.188  tR +0.33  ent[s/d/p/e] 1.24/2.13/1.17/0.01  emits 0.99  spf 39.0  z0 0.01  garr 40.0  tG 507  e2 0.00  nF 14.4  pS 0.38  ptS 0.37  fLog 0.48  pdΔ -0.1169  pkR 5.59  clip 0.04  kl +0.002
upd  332  steps  681984  sps 1104  opp symm  loss -0.065  pg -0.0619  v 0.020  ev +0.94  adv_std 0.206  tR +0.20  ent[s/d/p/e] 1.32/2.22/1.20/0.01  emits 0.96  spf 41.9  z0 0.04  garr 40.1  tG 510  e2 0.00  nF 14.5  pS 0.38  ptS 0.37  fLog 0.49  pdΔ -0.1188  pkR 5.58  clip 0.08  kl +0.003
upd  333  steps  684032  sps 1106  opp symm  loss -0.059  pg -0.0528  v 0.015  ev +0.96  adv_std 0.177  tR +0.33  ent[s/d/p/e] 1.36/2.25/1.19/0.01  emits 0.97  spf 38.9  z0 0.03  garr 39.4  tG 489  e2 0.00  nF 13.6  pS 0.39  ptS 0.38  fLog 0.49  pdΔ -0.1110  pkR 6.64  clip 0.05  kl +0.002
upd  334  steps  686080  sps 1108  opp symm  loss -0.077  pg -0.0713  v 0.014  ev +0.96  adv_std 0.168  tR +0.50  ent[s/d/p/e] 1.36/2.25/1.19/0.01  emits 1.00  spf 39.7  z0 0.00  garr 40.7  tG 507  e2 0.00  nF 13.6  pS 0.41  ptS 0.40  fLog 0.49  pdΔ -0.0945  pkR 7.21  clip 0.05  kl +0.002
upd  335  steps  688128  sps 1110  opp symm  loss -0.066  pg -0.0625  v 0.021  ev +0.95  adv_std 0.204  tR +1.00  ent[s/d/p/e] 1.37/2.18/1.23/0.01  emits 1.00  spf 42.9  z0 0.00  garr 43.0  tG 558  e2 0.00  nF 13.1  pS 0.42  ptS 0.41  fLog 0.50  pdΔ -0.0810  pkR 6.32  clip 0.02  kl +0.001
upd  336  steps  690176  sps 1112  opp symm  loss -0.091  pg -0.0878  v 0.019  ev +0.95  adv_std 0.201  tR +1.00  ent[s/d/p/e] 1.29/2.13/1.22/0.01  emits 1.00  spf 42.2  z0 0.00  garr 41.6  tG 535  e2 0.00  nF 13.9  pS 0.40  ptS 0.39  fLog 0.49  pdΔ -0.1026  pkR 6.19  clip 0.07  kl +0.000
upd  337  steps  692224  sps 1114  opp symm  loss -0.076  pg -0.0708  v 0.015  ev +0.97  adv_std 0.175  tR +0.20  ent[s/d/p/e] 1.30/2.16/1.16/0.01  emits 0.99  spf 43.4  z0 0.01  garr 41.3  tG 553  e2 0.00  nF 14.9  pS 0.41  ptS 0.40  fLog 0.49  pdΔ -0.0928  pkR 5.24  clip 0.03  kl +0.002
upd  338  steps  694272  sps 1116  opp symm  loss -0.077  pg -0.0727  v 0.017  ev +0.96  adv_std 0.191  tR +1.00  ent[s/d/p/e] 1.31/2.15/1.18/0.01  emits 0.95  spf 40.2  z0 0.05  garr 38.7  tG 515  e2 0.00  nF 14.8  pS 0.39  ptS 0.38  fLog 0.48  pdΔ -0.1077  pkR 5.32  clip 0.09  kl +0.002
upd  339  steps  696320  sps 1119  opp symm  loss -0.110  pg -0.1052  v 0.016  ev +0.96  adv_std 0.185  tR +0.14  ent[s/d/p/e] 1.33/2.25/1.14/0.01  emits 0.96  spf 41.8  z0 0.04  garr 40.2  tG 542  e2 0.00  nF 14.3  pS 0.40  ptS 0.40  fLog 0.49  pdΔ -0.0980  pkR 5.37  clip 0.05  kl +0.002
upd  340  steps  698368  sps 1121  opp symm  loss -0.037  pg -0.0321  v 0.016  ev +0.96  adv_std 0.185  tR +0.00  ent[s/d/p/e] 1.34/2.18/1.22/0.01  emits 0.95  spf 41.8  z0 0.05  garr 38.2  tG 507  e2 0.00  nF 13.7  pS 0.40  ptS 0.39  fLog 0.49  pdΔ -0.1036  pkR 5.81  clip 0.04  kl +0.001
upd  341  steps  700416  sps 1123  opp symm  loss -0.053  pg -0.0479  v 0.016  ev +0.96  adv_std 0.180  tR +0.14  ent[s/d/p/e] 1.33/2.12/1.23/0.01  emits 0.95  spf 38.7  z0 0.05  garr 36.6  tG 468  e2 0.00  nF 13.2  pS 0.39  ptS 0.38  fLog 0.49  pdΔ -0.1082  pkR 5.86  clip 0.06  kl -0.000
upd  342  steps  702464  sps 1125  opp symm  loss -0.131  pg -0.1253  v 0.014  ev +0.97  adv_std 0.167  tR +0.40  ent[s/d/p/e] 1.21/2.14/1.15/0.01  emits 0.95  spf 38.7  z0 0.05  garr 35.0  tG 435  e2 0.00  nF 12.8  pS 0.36  ptS 0.35  fLog 0.47  pdΔ -0.1408  pkR 6.32  clip 0.07  kl +0.001
upd  343  steps  704512  sps 1127  opp symm  loss -0.112  pg -0.1118  v 0.023  ev +0.95  adv_std 0.220  tR +0.43  ent[s/d/p/e] 1.11/2.05/1.09/0.01  emits 0.97  spf 34.4  z0 0.03  garr 32.0  tG 396  e2 0.00  nF 14.2  pS 0.34  ptS 0.33  fLog 0.45  pdΔ -0.1584  pkR 9.09  clip 0.06  kl +0.003
upd  344  steps  706560  sps 1129  opp symm  loss +0.017  pg +0.0119  v 0.033  ev +0.92  adv_std 0.260  tR +0.20  ent[s/d/p/e] 1.07/1.97/1.11/0.01  emits 1.00  spf 29.7  z0 0.01  garr 28.1  tG 320  e2 0.00  nF 15.3  pS 0.33  ptS 0.32  fLog 0.43  pdΔ -0.1734  pkR 8.56  clip 0.05  kl +0.000
upd  345  steps  708608  sps 1131  opp symm  loss -0.097  pg -0.0931  v 0.016  ev +0.96  adv_std 0.182  tR +0.20  ent[s/d/p/e] 1.13/1.94/1.23/0.01  emits 1.00  spf 29.8  z0 0.00  garr 30.3  tG 345  e2 0.00  nF 15.7  pS 0.35  ptS 0.33  fLog 0.45  pdΔ -0.1548  pkR 7.22  clip 0.11  kl +0.001
upd  346  steps  710656  sps 1133  opp symm  loss +0.002  pg -0.0016  v 0.031  ev +0.92  adv_std 0.257  tR +1.00  ent[s/d/p/e] 1.07/2.01/1.15/0.01  emits 1.00  spf 30.9  z0 0.00  garr 30.3  tG 319  e2 0.00  nF 15.9  pS 0.33  ptS 0.32  fLog 0.45  pdΔ -0.1725  pkR 7.05  clip 0.08  kl +0.002
upd  347  steps  712704  sps 1135  opp symm  loss -0.078  pg -0.0757  v 0.020  ev +0.95  adv_std 0.202  tR +0.33  ent[s/d/p/e] 1.14/2.01/1.23/0.01  emits 1.00  spf 31.0  z0 0.00  garr 31.7  tG 357  e2 0.00  nF 15.7  pS 0.36  ptS 0.35  fLog 0.46  pdΔ -0.1384  pkR 7.12  clip 0.06  kl +0.004
upd  348  steps  714752  sps 1138  opp symm  loss -0.077  pg -0.0736  v 0.018  ev +0.96  adv_std 0.191  tR +0.50  ent[s/d/p/e] 1.18/2.10/1.15/0.01  emits 0.98  spf 37.3  z0 0.02  garr 35.4  tG 451  e2 0.00  nF 14.9  pS 0.39  ptS 0.38  fLog 0.48  pdΔ -0.1104  pkR 6.43  clip 0.08  kl +0.003
upd  349  steps  716800  sps 1140  opp symm  loss -0.079  pg -0.0783  v 0.025  ev +0.94  adv_std 0.228  tR +1.00  ent[s/d/p/e] 1.26/2.16/1.17/0.01  emits 0.96  spf 40.7  z0 0.04  garr 38.0  tG 487  e2 0.00  nF 14.5  pS 0.40  ptS 0.39  fLog 0.49  pdΔ -0.0967  pkR 5.53  clip 0.06  kl +0.001
upd  350  steps  718848  sps 1142  opp symm  loss -0.062  pg -0.0591  v 0.020  ev +0.95  adv_std 0.202  tR +0.33  ent[s/d/p/e] 1.25/2.15/1.13/0.01  emits 0.97  spf 42.5  z0 0.03  garr 39.7  tG 535  e2 0.00  nF 14.1  pS 0.42  ptS 0.41  fLog 0.50  pdΔ -0.0794  pkR 4.69  clip 0.07  kl +0.000
upd  351  steps  720896  sps 1144  opp symm  loss -0.087  pg -0.0854  v 0.021  ev +0.95  adv_std 0.205  tR +0.60  ent[s/d/p/e] 1.14/2.24/1.02/0.01  emits 1.00  spf 39.7  z0 0.00  garr 37.5  tG 514  e2 0.00  nF 14.1  pS 0.40  ptS 0.39  fLog 0.47  pdΔ -0.1041  pkR 6.15  clip 0.05  kl -0.001
upd  352  steps  722944  sps 1146  opp symm  loss -0.083  pg -0.0823  v 0.021  ev +0.95  adv_std 0.207  tR +0.60  ent[s/d/p/e] 1.01/2.17/0.99/0.01  emits 0.97  spf 34.4  z0 0.03  garr 32.4  tG 420  e2 0.00  nF 14.3  pS 0.34  ptS 0.33  fLog 0.45  pdΔ -0.1558  pkR 8.68  clip 0.09  kl +0.002
upd  353  steps  724992  sps 1148  opp symm  loss -0.108  pg -0.1077  v 0.023  ev +0.95  adv_std 0.210  tR -0.14  ent[s/d/p/e] 1.05/2.12/1.05/0.01  emits 0.96  spf 34.6  z0 0.04  garr 32.0  tG 393  e2 0.00  nF 14.8  pS 0.35  ptS 0.33  fLog 0.45  pdΔ -0.1547  pkR 9.33  clip 0.07  kl +0.001
upd  354  steps  727040  sps 1150  opp symm  loss -0.087  pg -0.0859  v 0.021  ev +0.95  adv_std 0.201  tR +0.00  ent[s/d/p/e] 1.02/2.01/1.08/0.01  emits 0.99  spf 33.2  z0 0.01  garr 31.4  tG 374  e2 0.00  nF 15.2  pS 0.35  ptS 0.34  fLog 0.45  pdΔ -0.1540  pkR 9.83  clip 0.03  kl +0.001
upd  355  steps  729088  sps 1152  opp symm  loss -0.137  pg -0.1371  v 0.023  ev +0.95  adv_std 0.210  tR +1.00  ent[s/d/p/e] 0.98/2.06/1.05/0.01  emits 0.98  spf 31.9  z0 0.02  garr 30.1  tG 349  e2 0.00  nF 15.7  pS 0.33  ptS 0.32  fLog 0.44  pdΔ -0.1706  pkR 5.98  clip 0.10  kl +0.003
upd  356  steps  731136  sps 1154  opp symm  loss -0.169  pg -0.1682  v 0.023  ev +0.95  adv_std 0.210  tR +0.00  ent[s/d/p/e] 1.04/2.15/1.06/0.01  emits 0.97  spf 32.8  z0 0.03  garr 31.4  tG 385  e2 0.00  nF 16.2  pS 0.34  ptS 0.34  fLog 0.44  pdΔ -0.1612  pkR 5.55  clip 0.08  kl +0.001
upd  357  steps  733184  sps 1156  opp symm  loss -0.144  pg -0.1431  v 0.022  ev +0.96  adv_std 0.197  tR +0.20  ent[s/d/p/e] 1.03/2.17/0.99/0.01  emits 0.95  spf 34.2  z0 0.05  garr 31.4  tG 396  e2 0.00  nF 15.9  pS 0.33  ptS 0.33  fLog 0.43  pdΔ -0.1735  pkR 5.70  clip 0.03  kl +0.000
upd  358  steps  735232  sps 1158  opp symm  loss -0.172  pg -0.1727  v 0.024  ev +0.95  adv_std 0.214  tR -0.20  ent[s/d/p/e] 0.96/2.19/0.93/0.01  emits 0.94  spf 32.9  z0 0.06  garr 29.7  tG 368  e2 0.00  nF 17.3  pS 0.30  ptS 0.30  fLog 0.42  pdΔ -0.1962  pkR 6.47  clip 0.07  kl +0.001
upd  359  steps  737280  sps 1160  opp symm  loss -0.131  pg -0.1330  v 0.026  ev +0.94  adv_std 0.229  tR -0.25  ent[s/d/p/e] 0.93/2.17/0.98/0.01  emits 0.94  spf 29.8  z0 0.06  garr 28.0  tG 325  e2 0.00  nF 17.4  pS 0.28  ptS 0.28  fLog 0.41  pdΔ -0.2157  pkR 6.71  clip 0.02  kl +0.001
upd  360  steps  739328  sps 1162  opp symm  loss -0.146  pg -0.1468  v 0.024  ev +0.95  adv_std 0.210  tR -0.43  ent[s/d/p/e] 0.92/2.09/0.96/0.01  emits 0.97  spf 29.9  z0 0.03  garr 28.4  tG 316  e2 0.00  nF 17.4  pS 0.29  ptS 0.29  fLog 0.41  pdΔ -0.2122  pkR 6.68  clip 0.05  kl +0.001
upd  361  steps  741376  sps 1164  opp symm  loss -0.161  pg -0.1639  v 0.028  ev +0.94  adv_std 0.242  tR +0.60  ent[s/d/p/e] 0.95/2.08/0.98/0.01  emits 1.00  spf 31.7  z0 0.00  garr 30.4  tG 349  e2 0.00  nF 16.8  pS 0.31  ptS 0.31  fLog 0.43  pdΔ -0.1865  pkR 6.20  clip 0.05  kl +0.003
upd  362  steps  743424  sps 1166  opp symm  loss -0.100  pg -0.1035  v 0.029  ev +0.93  adv_std 0.244  tR +0.00  ent[s/d/p/e] 1.01/2.09/1.01/0.01  emits 1.00  spf 33.3  z0 0.00  garr 32.7  tG 380  e2 0.00  nF 16.6  pS 0.33  ptS 0.32  fLog 0.44  pdΔ -0.1730  pkR 6.43  clip 0.04  kl +0.001
upd  363  steps  745472  sps 1168  opp symm  loss -0.115  pg -0.1166  v 0.027  ev +0.94  adv_std 0.231  tR +0.33  ent[s/d/p/e] 1.07/2.14/1.04/0.01  emits 0.98  spf 36.5  z0 0.02  garr 34.0  tG 416  e2 0.00  nF 15.9  pS 0.34  ptS 0.35  fLog 0.46  pdΔ -0.1551  pkR 5.47  clip 0.09  kl +0.003
upd  364  steps  747520  sps 1170  opp symm  loss -0.083  pg -0.0838  v 0.025  ev +0.94  adv_std 0.224  tR -0.33  ent[s/d/p/e] 1.07/2.10/1.05/0.01  emits 0.97  spf 37.3  z0 0.03  garr 34.9  tG 447  e2 0.00  nF 15.7  pS 0.35  ptS 0.35  fLog 0.46  pdΔ -0.1531  pkR 5.97  clip 0.02  kl +0.001
upd  365  steps  749568  sps 1172  opp symm  loss -0.043  pg -0.0420  v 0.021  ev +0.94  adv_std 0.211  tR +0.60  ent[s/d/p/e] 1.12/2.14/1.02/0.01  emits 1.00  spf 39.8  z0 0.00  garr 37.3  tG 489  e2 0.00  nF 15.9  pS 0.37  ptS 0.37  fLog 0.46  pdΔ -0.1318  pkR 5.51  clip 0.04  kl +0.000
upd  366  steps  751616  sps 1174  opp symm  loss -0.062  pg -0.0621  v 0.023  ev +0.94  adv_std 0.219  tR +0.67  ent[s/d/p/e] 1.08/2.10/1.04/0.01  emits 1.00  spf 37.5  z0 0.00  garr 37.5  tG 476  e2 0.00  nF 16.0  pS 0.35  ptS 0.35  fLog 0.46  pdΔ -0.1484  pkR 6.93  clip 0.05  kl +0.000
upd  367  steps  753664  sps 1176  opp symm  loss -0.109  pg -0.1071  v 0.020  ev +0.95  adv_std 0.199  tR +0.14  ent[s/d/p/e] 1.02/2.11/1.08/0.01  emits 1.00  spf 34.8  z0 0.00  garr 33.1  tG 385  e2 0.00  nF 14.9  pS 0.32  ptS 0.32  fLog 0.45  pdΔ -0.1775  pkR 6.84  clip 0.04  kl -0.000
upd  368  steps  755712  sps 1178  opp symm  loss -0.085  pg -0.0833  v 0.021  ev +0.94  adv_std 0.207  tR +0.50  ent[s/d/p/e] 1.01/2.13/1.10/0.01  emits 1.00  spf 31.9  z0 0.00  garr 31.5  tG 342  e2 0.00  nF 14.6  pS 0.31  ptS 0.31  fLog 0.45  pdΔ -0.1865  pkR 7.13  clip 0.09  kl +0.001
upd  369  steps  757760  sps 1180  opp symm  loss -0.022  pg -0.0249  v 0.030  ev +0.92  adv_std 0.250  tR +1.00  ent[s/d/p/e] 1.08/2.13/1.15/0.01  emits 1.00  spf 35.1  z0 0.00  garr 33.9  tG 382  e2 0.00  nF 13.6  pS 0.34  ptS 0.33  fLog 0.47  pdΔ -0.1627  pkR 7.41  clip 0.02  kl +0.002
upd  370  steps  759808  sps 1182  opp symm  loss -0.055  pg -0.0506  v 0.016  ev +0.96  adv_std 0.182  tR +0.00  ent[s/d/p/e] 1.11/2.06/1.21/0.01  emits 0.99  spf 35.7  z0 0.01  garr 34.9  tG 394  e2 0.00  nF 13.3  pS 0.35  ptS 0.34  fLog 0.48  pdΔ -0.1482  pkR 7.90  clip 0.04  kl +0.001
upd  371  steps  761856  sps 1184  opp symm  loss -0.023  pg -0.0195  v 0.018  ev +0.95  adv_std 0.198  tR +1.00  ent[s/d/p/e] 1.11/2.06/1.22/0.01  emits 1.00  spf 38.0  z0 0.00  garr 37.8  tG 454  e2 0.00  nF 13.7  pS 0.37  ptS 0.36  fLog 0.48  pdΔ -0.1256  pkR 7.84  clip 0.04  kl -0.000
upd  372  steps  763904  sps 1186  opp symm  loss -0.052  pg -0.0507  v 0.022  ev +0.95  adv_std 0.207  tR +0.33  ent[s/d/p/e] 1.13/2.06/1.21/0.01  emits 0.95  spf 39.0  z0 0.05  garr 35.7  tG 434  e2 0.00  nF 13.8  pS 0.35  ptS 0.34  fLog 0.48  pdΔ -0.1468  pkR 8.28  clip 0.04  kl +0.001
upd  373  steps  765952  sps 1188  opp symm  loss -0.045  pg -0.0476  v 0.028  ev +0.93  adv_std 0.241  tR -0.56  ent[s/d/p/e] 1.04/2.12/1.10/0.01  emits 0.98  spf 34.3  z0 0.02  garr 32.7  tG 388  e2 0.00  nF 13.3  pS 0.34  ptS 0.33  fLog 0.45  pdΔ -0.1577  pkR 6.71  clip 0.05  kl +0.001
upd  374  steps  768000  sps 1190  opp symm  loss -0.086  pg -0.0887  v 0.027  ev +0.93  adv_std 0.237  tR +0.67  ent[s/d/p/e] 0.96/2.02/1.04/0.01  emits 1.00  spf 29.4  z0 0.00  garr 28.7  tG 307  e2 0.00  nF 14.8  pS 0.31  ptS 0.30  fLog 0.43  pdΔ -0.1945  pkR 6.97  clip 0.07  kl -0.000
upd  375  steps  770048  sps 1192  opp symm  loss -0.106  pg -0.1060  v 0.022  ev +0.95  adv_std 0.210  tR +0.60  ent[s/d/p/e] 1.02/2.05/1.09/0.01  emits 0.99  spf 28.5  z0 0.01  garr 28.4  tG 301  e2 0.00  nF 15.5  pS 0.32  ptS 0.31  fLog 0.43  pdΔ -0.1843  pkR 6.56  clip 0.03  kl +0.000
upd  376  steps  772096  sps 1194  opp symm  loss -0.025  pg -0.0236  v 0.020  ev +0.95  adv_std 0.207  tR +0.33  ent[s/d/p/e] 1.10/2.10/1.09/0.01  emits 0.97  spf 32.8  z0 0.03  garr 31.2  tG 335  e2 0.00  nF 14.8  pS 0.32  ptS 0.31  fLog 0.45  pdΔ -0.1797  pkR 7.81  clip 0.02  kl +0.001
upd  377  steps  774144  sps 1196  opp symm  loss -0.071  pg -0.0693  v 0.022  ev +0.95  adv_std 0.208  tR +0.33  ent[s/d/p/e] 1.12/2.00/1.21/0.01  emits 0.97  spf 34.1  z0 0.03  garr 31.6  tG 331  e2 0.00  nF 15.3  pS 0.32  ptS 0.31  fLog 0.46  pdΔ -0.1802  pkR 8.47  clip 0.04  kl +0.002
upd  378  steps  776192  sps 1198  opp symm  loss -0.081  pg -0.0796  v 0.022  ev +0.95  adv_std 0.200  tR -0.33  ent[s/d/p/e] 1.17/2.07/1.18/0.01  emits 0.98  spf 35.8  z0 0.02  garr 34.2  tG 384  e2 0.00  nF 15.2  pS 0.35  ptS 0.34  fLog 0.47  pdΔ -0.1494  pkR 7.82  clip 0.07  kl -0.002
upd  379  steps  778240  sps 1200  opp symm  loss -0.085  pg -0.0836  v 0.022  ev +0.95  adv_std 0.207  tR -1.00  ent[s/d/p/e] 1.20/2.06/1.17/0.00  emits 1.00  spf 38.9  z0 0.00  garr 37.8  tG 446  e2 0.00  nF 14.7  pS 0.38  ptS 0.37  fLog 0.48  pdΔ -0.1232  pkR 7.76  clip 0.05  kl +0.002
upd  380  steps  780288  sps 1202  opp symm  loss -0.105  pg -0.1018  v 0.018  ev +0.96  adv_std 0.190  tR +0.60  ent[s/d/p/e] 1.19/2.14/1.12/0.00  emits 0.99  spf 40.1  z0 0.01  garr 38.2  tG 468  e2 0.00  nF 14.5  pS 0.39  ptS 0.37  fLog 0.48  pdΔ -0.1140  pkR 8.04  clip 0.09  kl +0.000
upd  381  steps  782336  sps 1204  opp symm  loss -0.138  pg -0.1355  v 0.020  ev +0.96  adv_std 0.199  tR -0.60  ent[s/d/p/e] 1.16/2.12/1.13/0.00  emits 0.95  spf 39.0  z0 0.05  garr 35.8  tG 436  e2 0.00  nF 14.1  pS 0.36  ptS 0.35  fLog 0.47  pdΔ -0.1414  pkR 5.45  clip 0.04  kl +0.001
upd  382  steps  784384  sps 1206  opp symm  loss -0.134  pg -0.1351  v 0.026  ev +0.94  adv_std 0.233  tR +0.11  ent[s/d/p/e] 1.08/2.10/1.07/0.00  emits 1.00  spf 32.6  z0 0.00  garr 33.0  tG 372  e2 0.00  nF 15.0  pS 0.34  ptS 0.33  fLog 0.45  pdΔ -0.1620  pkR 5.26  clip 0.08  kl +0.001
upd  383  steps  786432  sps 1208  opp symm  loss -0.086  pg -0.0861  v 0.024  ev +0.94  adv_std 0.216  tR +1.00  ent[s/d/p/e] 1.15/2.06/1.15/0.00  emits 1.00  spf 37.2  z0 0.00  garr 36.6  tG 411  e2 0.00  nF 14.5  pS 0.36  ptS 0.35  fLog 0.47  pdΔ -0.1391  pkR 4.91  clip 0.07  kl +0.002
upd  384  steps  788480  sps 1210  opp symm  loss -0.110  pg -0.1046  v 0.015  ev +0.96  adv_std 0.171  tR +1.00  ent[s/d/p/e] 1.25/2.10/1.19/0.00  emits 1.00  spf 39.5  z0 0.00  garr 39.0  tG 449  e2 0.00  nF 13.8  pS 0.38  ptS 0.37  fLog 0.49  pdΔ -0.1191  pkR 4.76  clip 0.04  kl +0.002
upd  385  steps  790528  sps 1212  opp symm  loss -0.151  pg -0.1476  v 0.016  ev +0.96  adv_std 0.175  tR +0.43  ent[s/d/p/e] 1.10/2.04/1.11/0.00  emits 1.00  spf 35.2  z0 0.00  garr 35.0  tG 398  e2 0.00  nF 14.1  pS 0.34  ptS 0.33  fLog 0.46  pdΔ -0.1583  pkR 5.62  clip 0.06  kl +0.003
upd  386  steps  792576  sps 1214  opp symm  loss -0.071  pg -0.0672  v 0.018  ev +0.95  adv_std 0.191  tR +0.33  ent[s/d/p/e] 1.16/2.05/1.13/0.00  emits 0.97  spf 39.1  z0 0.03  garr 36.6  tG 411  e2 0.00  nF 13.9  pS 0.35  ptS 0.34  fLog 0.48  pdΔ -0.1501  pkR 5.68  clip 0.02  kl +0.000
upd  387  steps  794624  sps 1216  opp symm  loss -0.075  pg -0.0718  v 0.017  ev +0.95  adv_std 0.186  tR +0.60  ent[s/d/p/e] 1.11/2.01/1.18/0.00  emits 0.95  spf 36.4  z0 0.05  garr 35.0  tG 379  e2 0.00  nF 13.2  pS 0.33  ptS 0.32  fLog 0.47  pdΔ -0.1711  pkR 6.03  clip 0.08  kl +0.001
upd  388  steps  796672  sps 1218  opp symm  loss -0.083  pg -0.0796  v 0.017  ev +0.96  adv_std 0.175  tR -0.33  ent[s/d/p/e] 1.12/2.10/1.15/0.00  emits 0.95  spf 36.1  z0 0.05  garr 34.7  tG 394  e2 0.00  nF 13.1  pS 0.33  ptS 0.32  fLog 0.47  pdΔ -0.1681  pkR 7.36  clip 0.06  kl +0.002
upd  389  steps  798720  sps 1220  opp symm  loss -0.076  pg -0.0743  v 0.020  ev +0.95  adv_std 0.199  tR -0.25  ent[s/d/p/e] 1.02/1.99/1.08/0.00  emits 0.97  spf 31.3  z0 0.03  garr 28.8  tG 324  e2 0.00  nF 13.5  pS 0.31  ptS 0.31  fLog 0.44  pdΔ -0.1920  pkR 7.33  clip 0.05  kl +0.000
upd  390  steps  800768  sps 1222  opp symm  loss -0.098  pg -0.0952  v 0.017  ev +0.96  adv_std 0.184  tR -0.14  ent[s/d/p/e] 0.96/1.88/1.13/0.01  emits 0.98  spf 28.6  z0 0.02  garr 27.9  tG 320  e2 0.00  nF 14.3  pS 0.29  ptS 0.29  fLog 0.43  pdΔ -0.2056  pkR 7.23  clip 0.09  kl +0.000
upd  391  steps  802816  sps 1224  opp symm  loss -0.068  pg -0.0621  v 0.012  ev +0.97  adv_std 0.160  tR -0.60  ent[s/d/p/e] 0.96/1.83/1.19/0.01  emits 0.97  spf 31.8  z0 0.03  garr 29.2  tG 339  e2 0.00  nF 14.9  pS 0.30  ptS 0.30  fLog 0.44  pdΔ -0.1963  pkR 7.87  clip 0.06  kl +0.001
upd  392  steps  804864  sps 1225  opp symm  loss -0.028  pg -0.0259  v 0.020  ev +0.96  adv_std 0.195  tR -0.33  ent[s/d/p/e] 1.01/1.83/1.21/0.01  emits 0.99  spf 32.2  z0 0.01  garr 30.7  tG 375  e2 0.00  nF 14.3  pS 0.33  ptS 0.33  fLog 0.45  pdΔ -0.1712  pkR 7.29  clip 0.06  kl +0.002
upd  393  steps  806912  sps 1227  opp symm  loss -0.012  pg -0.0161  v 0.031  ev +0.93  adv_std 0.258  tR +1.00  ent[s/d/p/e] 0.99/1.87/1.19/0.01  emits 1.00  spf 32.6  z0 0.00  garr 30.6  tG 375  e2 0.00  nF 15.5  pS 0.33  ptS 0.33  fLog 0.44  pdΔ -0.1711  pkR 7.06  clip 0.06  kl +0.001
upd  394  steps  808960  sps 1229  opp symm  loss -0.110  pg -0.1087  v 0.021  ev +0.95  adv_std 0.210  tR +1.00  ent[s/d/p/e] 1.03/1.93/1.18/0.01  emits 0.98  spf 34.5  z0 0.02  garr 31.3  tG 388  e2 0.00  nF 16.7  pS 0.33  ptS 0.33  fLog 0.45  pdΔ -0.1674  pkR 6.36  clip 0.08  kl +0.001
upd  395  steps  811008  sps 1231  opp symm  loss -0.096  pg -0.0931  v 0.017  ev +0.96  adv_std 0.189  tR +1.00  ent[s/d/p/e] 1.07/1.97/1.15/0.01  emits 0.94  spf 37.5  z0 0.06  garr 32.2  tG 404  e2 0.00  nF 15.9  pS 0.33  ptS 0.33  fLog 0.46  pdΔ -0.1698  pkR 6.54  clip 0.09  kl +0.001
upd  396  steps  813056  sps 1233  opp symm  loss -0.116  pg -0.1154  v 0.021  ev +0.96  adv_std 0.201  tR +0.11  ent[s/d/p/e] 1.02/2.07/1.04/0.00  emits 0.90  spf 33.6  z0 0.10  garr 27.9  tG 345  e2 0.00  nF 14.2  pS 0.31  ptS 0.31  fLog 0.44  pdΔ -0.1873  pkR 7.16  clip 0.11  kl +0.003
upd  397  steps  815104  sps 1235  opp symm  loss -0.118  pg -0.1184  v 0.023  ev +0.95  adv_std 0.213  tR -0.50  ent[s/d/p/e] 0.94/2.01/1.05/0.00  emits 0.97  spf 31.6  z0 0.04  garr 27.4  tG 316  e2 0.00  nF 14.6  pS 0.32  ptS 0.31  fLog 0.43  pdΔ -0.1849  pkR 6.37  clip 0.09  kl +0.004
upd  398  steps  817152  sps 1237  opp symm  loss -0.114  pg -0.1160  v 0.027  ev +0.94  adv_std 0.232  tR +1.00  ent[s/d/p/e] 0.97/2.03/1.04/0.00  emits 1.00  spf 33.4  z0 0.00  garr 29.5  tG 334  e2 0.00  nF 15.7  pS 0.33  ptS 0.32  fLog 0.44  pdΔ -0.1676  pkR 6.55  clip 0.10  kl +0.002
[eval_vs_v20] u399 tag=train_u399  bin0=0.0%  spf=0.00  garr=128.50  flip=0.00%  z0=71.9%  e8=0.0%  e2+=0.0%  WLD=0/3/0
upd  399  steps  819200  sps 1239  opp symm  loss -0.060  pg -0.0614  v 0.026  ev +0.93  adv_std 0.230  tR +0.00  ent[s/d/p/e] 1.01/1.99/1.08/0.00  emits 1.00  spf 33.1  z0 0.00  garr 31.6  tG 356  e2 0.00  nF 16.0  pS 0.34  ptS 0.33  fLog 0.45  pdΔ -0.1561  pkR 6.19  clip 0.08  kl -0.000 WRr 0.53 v20[spf 0.0 flip 0.0% e2+ 0.0%]
[ckpt] saved ./ckpt_multi_action_v14b/ckpt_000399.pkl opp=symm
upd  400  steps  821248  sps 1091  opp symm  loss -0.115  pg -0.1109  v 0.017  ev +0.95  adv_std 0.185  tR +0.43  ent[s/d/p/e] 1.13/2.07/1.12/0.00  emits 0.98  spf 36.2  z0 0.02  garr 32.6  tG 378  e2 0.00  nF 14.6  pS 0.37  ptS 0.36  fLog 0.47  pdΔ -0.1282  pkR 5.63  clip 0.14  kl +0.003
upd  401  steps  823296  sps 1093  opp symm  loss -0.136  pg -0.1337  v 0.020  ev +0.95  adv_std 0.203  tR +1.00  ent[s/d/p/e] 1.10/2.21/1.09/0.00  emits 0.97  spf 36.1  z0 0.03  garr 31.6  tG 353  e2 0.00  nF 14.6  pS 0.36  ptS 0.35  fLog 0.47  pdΔ -0.1413  pkR 6.18  clip 0.07  kl +0.001
upd  402  steps  825344  sps 1095  opp symm  loss -0.067  pg -0.0643  v 0.019  ev +0.95  adv_std 0.203  tR +0.25  ent[s/d/p/e] 1.13/2.25/1.06/0.00  emits 0.98  spf 37.2  z0 0.02  garr 33.9  tG 400  e2 0.00  nF 14.1  pS 0.39  ptS 0.38  fLog 0.48  pdΔ -0.1096  pkR 5.40  clip 0.09  kl +0.002
upd  403  steps  827392  sps 1096  opp symm  loss -0.067  pg -0.0649  v 0.019  ev +0.95  adv_std 0.202  tR +1.00  ent[s/d/p/e] 1.07/2.10/1.08/0.00  emits 0.98  spf 38.1  z0 0.02  garr 34.5  tG 409  e2 0.00  nF 13.6  pS 0.37  ptS 0.37  fLog 0.47  pdΔ -0.1263  pkR 6.74  clip 0.06  kl +0.000
upd  404  steps  829440  sps 1098  opp symm  loss -0.064  pg -0.0626  v 0.021  ev +0.94  adv_std 0.199  tR +0.09  ent[s/d/p/e] 1.04/2.10/1.11/0.00  emits 0.99  spf 40.3  z0 0.01  garr 36.3  tG 418  e2 0.00  nF 13.1  pS 0.37  ptS 0.35  fLog 0.48  pdΔ -0.1348  pkR 7.36  clip 0.07  kl +0.001
upd  405  steps  831488  sps 1100  opp symm  loss -0.027  pg -0.0273  v 0.025  ev +0.91  adv_std 0.230  tR +0.20  ent[s/d/p/e] 1.02/2.01/1.18/0.00  emits 1.00  spf 40.6  z0 0.00  garr 37.4  tG 423  e2 0.00  nF 12.2  pS 0.37  ptS 0.35  fLog 0.48  pdΔ -0.1332  pkR 6.66  clip 0.12  kl -0.000
upd  406  steps  833536  sps 1102  opp symm  loss -0.133  pg -0.1296  v 0.017  ev +0.95  adv_std 0.192  tR +0.75  ent[s/d/p/e] 1.03/1.92/1.20/0.00  emits 1.00  spf 40.4  z0 0.00  garr 37.4  tG 441  e2 0.00  nF 13.1  pS 0.37  ptS 0.35  fLog 0.48  pdΔ -0.1305  pkR 6.70  clip 0.10  kl +0.003
upd  407  steps  835584  sps 1104  opp symm  loss +0.007  pg +0.0040  v 0.029  ev +0.90  adv_std 0.247  tR +0.67  ent[s/d/p/e] 0.97/1.88/1.21/0.00  emits 1.00  spf 38.1  z0 0.00  garr 34.4  tG 394  e2 0.00  nF 13.8  pS 0.36  ptS 0.34  fLog 0.48  pdΔ -0.1436  pkR 6.98  clip 0.10  kl +0.001
upd  408  steps  837632  sps 1105  opp symm  loss -0.040  pg -0.0394  v 0.023  ev +0.93  adv_std 0.220  tR +1.00  ent[s/d/p/e] 1.06/1.95/1.33/0.00  emits 1.00  spf 38.5  z0 0.00  garr 36.3  tG 406  e2 0.00  nF 13.7  pS 0.38  ptS 0.36  fLog 0.50  pdΔ -0.1220  pkR 6.43  clip 0.09  kl +0.002
upd  409  steps  839680  sps 1107  opp symm  loss +0.017  pg +0.0223  v 0.015  ev +0.96  adv_std 0.171  tR +0.50  ent[s/d/p/e] 1.09/2.07/1.34/0.00  emits 1.00  spf 43.2  z0 0.00  garr 40.7  tG 462  e2 0.00  nF 13.0  pS 0.40  ptS 0.39  fLog 0.52  pdΔ -0.0958  pkR 6.62  clip 0.13  kl +0.000
upd  410  steps  841728  sps 1109  opp symm  loss +0.019  pg +0.0226  v 0.018  ev +0.95  adv_std 0.190  tR +0.60  ent[s/d/p/e] 1.15/2.02/1.35/0.00  emits 1.00  spf 46.3  z0 0.00  garr 42.1  tG 515  e2 0.00  nF 11.9  pS 0.43  ptS 0.41  fLog 0.53  pdΔ -0.0687  pkR 7.10  clip 0.16  kl +0.003
upd  411  steps  843776  sps 1111  opp symm  loss -0.065  pg -0.0581  v 0.013  ev +0.96  adv_std 0.165  tR +0.50  ent[s/d/p/e] 1.16/2.08/1.29/0.00  emits 1.00  spf 45.3  z0 0.00  garr 41.6  tG 526  e2 0.00  nF 12.3  pS 0.45  ptS 0.43  fLog 0.53  pdΔ -0.0520  pkR 5.58  clip 0.12  kl +0.002
upd  412  steps  845824  sps 1112  opp symm  loss -0.103  pg -0.0989  v 0.017  ev +0.96  adv_std 0.186  tR +1.00  ent[s/d/p/e] 1.09/2.16/1.24/0.00  emits 1.00  spf 46.1  z0 0.00  garr 42.2  tG 543  e2 0.00  nF 12.8  pS 0.44  ptS 0.43  fLog 0.52  pdΔ -0.0550  pkR 4.51  clip 0.11  kl +0.000
upd  413  steps  847872  sps 1114  opp symm  loss -0.115  pg -0.1131  v 0.020  ev +0.95  adv_std 0.201  tR +1.00  ent[s/d/p/e] 0.99/2.19/1.07/0.00  emits 0.98  spf 40.7  z0 0.02  garr 36.3  tG 452  e2 0.00  nF 13.6  pS 0.39  ptS 0.37  fLog 0.48  pdΔ -0.1090  pkR 5.24  clip 0.15  kl +0.003
upd  414  steps  849920  sps 1116  opp symm  loss -0.103  pg -0.1006  v 0.020  ev +0.95  adv_std 0.198  tR -0.33  ent[s/d/p/e] 0.96/2.10/1.13/0.00  emits 0.95  spf 43.9  z0 0.05  garr 36.7  tG 457  e2 0.00  nF 14.8  pS 0.38  ptS 0.36  fLog 0.49  pdΔ -0.1191  pkR 5.72  clip 0.16  kl +0.004
upd  415  steps  851968  sps 1118  opp symm  loss -0.108  pg -0.1046  v 0.017  ev +0.96  adv_std 0.186  tR -1.00  ent[s/d/p/e] 0.97/2.13/1.15/0.00  emits 0.96  spf 42.5  z0 0.04  garr 37.0  tG 475  e2 0.00  nF 14.7  pS 0.39  ptS 0.37  fLog 0.48  pdΔ -0.1132  pkR 5.75  clip 0.13  kl -0.000
upd  416  steps  854016  sps 1119  opp symm  loss -0.095  pg -0.0940  v 0.021  ev +0.95  adv_std 0.214  tR -0.14  ent[s/d/p/e] 1.00/2.06/1.21/0.00  emits 0.96  spf 43.8  z0 0.04  garr 38.8  tG 508  e2 0.00  nF 14.4  pS 0.40  ptS 0.38  fLog 0.49  pdΔ -0.1049  pkR 5.76  clip 0.12  kl +0.003
upd  417  steps  856064  sps 1121  opp symm  loss -0.092  pg -0.0863  v 0.013  ev +0.96  adv_std 0.167  tR +0.50  ent[s/d/p/e] 0.99/2.09/1.19/0.00  emits 1.00  spf 43.9  z0 0.00  garr 39.3  tG 514  e2 0.00  nF 15.2  pS 0.40  ptS 0.38  fLog 0.49  pdΔ -0.0977  pkR 5.34  clip 0.07  kl +0.000
upd  418  steps  858112  sps 1123  opp symm  loss -0.149  pg -0.1468  v 0.020  ev +0.95  adv_std 0.205  tR +0.33  ent[s/d/p/e] 1.06/2.15/1.17/0.00  emits 1.00  spf 43.3  z0 0.00  garr 37.6  tG 486  e2 0.00  nF 14.2  pS 0.40  ptS 0.39  fLog 0.49  pdΔ -0.0994  pkR 6.23  clip 0.08  kl +0.004
upd  419  steps  860160  sps 1124  opp symm  loss -0.117  pg -0.1150  v 0.022  ev +0.95  adv_std 0.213  tR +0.50  ent[s/d/p/e] 1.08/2.19/1.20/0.00  emits 0.97  spf 43.6  z0 0.03  garr 37.1  tG 480  e2 0.00  nF 13.8  pS 0.39  ptS 0.39  fLog 0.49  pdΔ -0.1057  pkR 6.82  clip 0.09  kl +0.002
upd  420  steps  862208  sps 1126  opp symm  loss -0.094  pg -0.0941  v 0.025  ev +0.95  adv_std 0.224  tR +0.33  ent[s/d/p/e] 1.03/2.16/1.11/0.00  emits 0.95  spf 37.2  z0 0.05  garr 32.2  tG 396  e2 0.00  nF 13.1  pS 0.36  ptS 0.35  fLog 0.46  pdΔ -0.1445  pkR 6.70  clip 0.12  kl +0.004
upd  421  steps  864256  sps 1128  opp symm  loss -0.164  pg -0.1620  v 0.019  ev +0.96  adv_std 0.193  tR -0.14  ent[s/d/p/e] 1.00/2.19/1.11/0.00  emits 0.98  spf 35.2  z0 0.02  garr 32.8  tG 400  e2 0.00  nF 13.2  pS 0.36  ptS 0.36  fLog 0.45  pdΔ -0.1408  pkR 6.08  clip 0.20  kl +0.007
upd  422  steps  866304  sps 1130  opp symm  loss -0.147  pg -0.1489  v 0.026  ev +0.94  adv_std 0.232  tR +1.00  ent[s/d/p/e] 0.98/2.17/1.07/0.00  emits 1.00  spf 33.3  z0 0.00  garr 31.3  tG 386  e2 0.00  nF 14.2  pS 0.35  ptS 0.35  fLog 0.44  pdΔ -0.1507  pkR 5.45  clip 0.15  kl +0.004
upd  423  steps  868352  sps 1131  opp symm  loss -0.124  pg -0.1246  v 0.024  ev +0.95  adv_std 0.216  tR +0.00  ent[s/d/p/e] 0.92/2.03/1.09/0.00  emits 0.98  spf 32.8  z0 0.03  garr 30.5  tG 377  e2 0.00  nF 14.7  pS 0.33  ptS 0.33  fLog 0.44  pdΔ -0.1671  pkR 8.09  clip 0.15  kl +0.005
upd  424  steps  870400  sps 1133  opp symm  loss -0.070  pg -0.0711  v 0.027  ev +0.94  adv_std 0.232  tR +0.00  ent[s/d/p/e] 0.96/1.96/1.20/0.00  emits 0.98  spf 33.1  z0 0.02  garr 30.9  tG 362  e2 0.00  nF 14.8  pS 0.34  ptS 0.33  fLog 0.45  pdΔ -0.1591  pkR 6.36  clip 0.09  kl +0.004
upd  425  steps  872448  sps 1135  opp symm  loss -0.041  pg -0.0427  v 0.027  ev +0.93  adv_std 0.236  tR +0.67  ent[s/d/p/e] 0.93/1.91/1.24/0.00  emits 1.00  spf 32.1  z0 0.00  garr 30.8  tG 352  e2 0.00  nF 13.4  pS 0.34  ptS 0.33  fLog 0.45  pdΔ -0.1591  pkR 5.53  clip 0.10  kl +0.004
upd  426  steps  874496  sps 1137  opp symm  loss -0.048  pg -0.0483  v 0.024  ev +0.94  adv_std 0.216  tR +1.00  ent[s/d/p/e] 0.89/1.85/1.23/0.00  emits 0.98  spf 30.2  z0 0.02  garr 28.7  tG 316  e2 0.00  nF 13.5  pS 0.31  ptS 0.30  fLog 0.44  pdΔ -0.1862  pkR 7.01  clip 0.08  kl -0.000
upd  427  steps  876544  sps 1138  opp symm  loss -0.105  pg -0.1033  v 0.021  ev +0.95  adv_std 0.205  tR -0.50  ent[s/d/p/e] 0.93/1.93/1.24/0.00  emits 0.97  spf 31.0  z0 0.03  garr 29.0  tG 333  e2 0.00  nF 14.2  pS 0.33  ptS 0.32  fLog 0.45  pdΔ -0.1716  pkR 8.37  clip 0.10  kl +0.002
upd  428  steps  878592  sps 1140  opp symm  loss -0.113  pg -0.1132  v 0.023  ev +0.95  adv_std 0.213  tR +0.33  ent[s/d/p/e] 0.92/2.00/1.17/0.00  emits 0.98  spf 33.0  z0 0.02  garr 30.4  tG 356  e2 0.00  nF 14.3  pS 0.33  ptS 0.33  fLog 0.44  pdΔ -0.1654  pkR 8.45  clip 0.07  kl +0.001
upd  429  steps  880640  sps 1142  opp symm  loss -0.083  pg -0.0855  v 0.027  ev +0.94  adv_std 0.231  tR +0.00  ent[s/d/p/e] 0.85/1.97/1.16/0.00  emits 0.97  spf 31.1  z0 0.03  garr 28.6  tG 330  e2 0.00  nF 14.8  pS 0.31  ptS 0.31  fLog 0.43  pdΔ -0.1896  pkR 8.04  clip 0.11  kl +0.002
upd  430  steps  882688  sps 1143  opp symm  loss -0.131  pg -0.1291  v 0.019  ev +0.96  adv_std 0.192  tR -0.50  ent[s/d/p/e] 0.87/2.02/1.16/0.00  emits 0.97  spf 30.1  z0 0.03  garr 28.1  tG 316  e2 0.00  nF 15.5  pS 0.31  ptS 0.30  fLog 0.43  pdΔ -0.1889  pkR 9.00  clip 0.08  kl +0.002
upd  431  steps  884736  sps 1145  opp symm  loss -0.062  pg -0.0653  v 0.028  ev +0.94  adv_std 0.239  tR +0.00  ent[s/d/p/e] 0.82/1.98/1.11/0.00  emits 0.99  spf 30.1  z0 0.01  garr 28.6  tG 328  e2 0.00  nF 15.5  pS 0.32  ptS 0.31  fLog 0.43  pdΔ -0.1761  pkR 8.81  clip 0.11  kl +0.005
upd  432  steps  886784  sps 1147  opp symm  loss -0.101  pg -0.1027  v 0.026  ev +0.95  adv_std 0.220  tR +1.00  ent[s/d/p/e] 0.83/1.89/1.13/0.00  emits 0.96  spf 30.1  z0 0.04  garr 27.0  tG 300  e2 0.00  nF 16.2  pS 0.31  ptS 0.30  fLog 0.43  pdΔ -0.1899  pkR 6.98  clip 0.08  kl +0.002
upd  433  steps  888832  sps 1148  opp symm  loss -0.063  pg -0.0689  v 0.035  ev +0.92  adv_std 0.270  tR +0.20  ent[s/d/p/e] 0.87/1.96/1.14/0.00  emits 0.95  spf 29.7  z0 0.05  garr 26.8  tG 297  e2 0.00  nF 15.2  pS 0.31  ptS 0.30  fLog 0.44  pdΔ -0.1922  pkR 7.01  clip 0.07  kl +0.001
upd  434  steps  890880  sps 1150  opp symm  loss -0.038  pg -0.0458  v 0.040  ev +0.91  adv_std 0.289  tR -0.14  ent[s/d/p/e] 0.94/1.87/1.22/0.00  emits 0.96  spf 32.4  z0 0.04  garr 28.9  tG 322  e2 0.00  nF 14.3  pS 0.33  ptS 0.32  fLog 0.45  pdΔ -0.1712  pkR 6.43  clip 0.12  kl +0.000
upd  435  steps  892928  sps 1152  opp symm  loss -0.077  pg -0.0809  v 0.031  ev +0.93  adv_std 0.252  tR +0.56  ent[s/d/p/e] 0.95/1.99/1.14/0.00  emits 0.98  spf 31.3  z0 0.02  garr 30.4  tG 351  e2 0.00  nF 14.5  pS 0.34  ptS 0.33  fLog 0.45  pdΔ -0.1586  pkR 5.72  clip 0.09  kl +0.002
upd  436  steps  894976  sps 1153  opp symm  loss -0.115  pg -0.1111  v 0.016  ev +0.96  adv_std 0.183  tR -0.33  ent[s/d/p/e] 0.95/2.00/1.15/0.00  emits 0.97  spf 32.2  z0 0.03  garr 29.6  tG 346  e2 0.00  nF 15.4  pS 0.33  ptS 0.32  fLog 0.45  pdΔ -0.1667  pkR 5.91  clip 0.14  kl +0.004
upd  437  steps  897024  sps 1155  opp symm  loss -0.077  pg -0.0733  v 0.018  ev +0.95  adv_std 0.189  tR -0.14  ent[s/d/p/e] 1.05/2.04/1.23/0.00  emits 0.98  spf 33.4  z0 0.02  garr 31.4  tG 375  e2 0.00  nF 14.9  pS 0.37  ptS 0.36  fLog 0.47  pdΔ -0.1258  pkR 5.62  clip 0.04  kl +0.001
upd  438  steps  899072  sps 1157  opp symm  loss -0.071  pg -0.0679  v 0.019  ev +0.95  adv_std 0.202  tR +0.43  ent[s/d/p/e] 1.06/2.01/1.26/0.00  emits 0.99  spf 33.2  z0 0.01  garr 33.1  tG 405  e2 0.00  nF 14.5  pS 0.39  ptS 0.37  fLog 0.47  pdΔ -0.1135  pkR 5.35  clip 0.14  kl +0.002
upd  439  steps  901120  sps 1158  opp symm  loss -0.050  pg -0.0465  v 0.018  ev +0.95  adv_std 0.190  tR +1.00  ent[s/d/p/e] 1.08/1.98/1.30/0.00  emits 1.00  spf 33.8  z0 0.00  garr 33.8  tG 412  e2 0.00  nF 15.3  pS 0.39  ptS 0.37  fLog 0.47  pdΔ -0.1079  pkR 5.18  clip 0.07  kl -0.000
upd  440  steps  903168  sps 1160  opp symm  loss -0.088  pg -0.0824  v 0.014  ev +0.97  adv_std 0.167  tR +1.00  ent[s/d/p/e] 1.12/1.95/1.29/0.00  emits 1.00  spf 37.1  z0 0.00  garr 36.6  tG 457  e2 0.00  nF 15.1  pS 0.41  ptS 0.39  fLog 0.49  pdΔ -0.0921  pkR 5.05  clip 0.13  kl +0.001
upd  441  steps  905216  sps 1162  opp symm  loss -0.081  pg -0.0785  v 0.018  ev +0.96  adv_std 0.194  tR +0.71  ent[s/d/p/e] 1.05/1.95/1.21/0.00  emits 1.00  spf 35.9  z0 0.00  garr 34.7  tG 428  e2 0.00  nF 14.3  pS 0.38  ptS 0.37  fLog 0.47  pdΔ -0.1183  pkR 5.79  clip 0.04  kl +0.002
upd  442  steps  907264  sps 1163  opp symm  loss -0.091  pg -0.0904  v 0.023  ev +0.95  adv_std 0.214  tR +1.00  ent[s/d/p/e] 1.00/1.94/1.15/0.00  emits 0.99  spf 33.5  z0 0.01  garr 32.1  tG 384  e2 0.00  nF 13.7  pS 0.35  ptS 0.34  fLog 0.45  pdΔ -0.1522  pkR 5.68  clip 0.09  kl +0.001
upd  443  steps  909312  sps 1165  opp symm  loss -0.087  pg -0.0859  v 0.022  ev +0.95  adv_std 0.211  tR +0.20  ent[s/d/p/e] 1.06/1.95/1.19/0.00  emits 0.97  spf 37.4  z0 0.03  garr 35.4  tG 444  e2 0.00  nF 14.3  pS 0.36  ptS 0.35  fLog 0.46  pdΔ -0.1352  pkR 5.13  clip 0.11  kl +0.004
upd  444  steps  911360  sps 1167  opp symm  loss -0.171  pg -0.1717  v 0.024  ev +0.96  adv_std 0.213  tR +0.14  ent[s/d/p/e] 0.99/2.08/1.03/0.00  emits 0.96  spf 33.9  z0 0.04  garr 32.9  tG 413  e2 0.00  nF 14.8  pS 0.34  ptS 0.33  fLog 0.44  pdΔ -0.1588  pkR 6.14  clip 0.09  kl +0.001
upd  445  steps  913408  sps 1168  opp symm  loss -0.136  pg -0.1365  v 0.024  ev +0.95  adv_std 0.209  tR +0.14  ent[s/d/p/e] 0.98/2.17/1.00/0.00  emits 0.96  spf 33.0  z0 0.05  garr 31.2  tG 386  e2 0.00  nF 15.6  pS 0.33  ptS 0.32  fLog 0.44  pdΔ -0.1709  pkR 6.70  clip 0.10  kl +0.001
upd  446  steps  915456  sps 1170  opp symm  loss -0.123  pg -0.1249  v 0.026  ev +0.94  adv_std 0.222  tR -0.25  ent[s/d/p/e] 0.93/2.11/0.99/0.00  emits 0.94  spf 30.4  z0 0.06  garr 29.1  tG 344  e2 0.00  nF 13.9  pS 0.30  ptS 0.29  fLog 0.42  pdΔ -0.1984  pkR 7.68  clip 0.03  kl +0.001
upd  447  steps  917504  sps 1172  opp symm  loss -0.140  pg -0.1413  v 0.026  ev +0.94  adv_std 0.217  tR -0.20  ent[s/d/p/e] 0.89/2.12/1.01/0.00  emits 0.95  spf 28.9  z0 0.05  garr 26.8  tG 302  e2 0.00  nF 14.6  pS 0.28  ptS 0.28  fLog 0.42  pdΔ -0.2157  pkR 8.20  clip 0.06  kl +0.002
upd  448  steps  919552  sps 1173  opp symm  loss -0.085  pg -0.0909  v 0.035  ev +0.91  adv_std 0.267  tR -0.33  ent[s/d/p/e] 0.89/2.06/1.09/0.00  emits 0.97  spf 29.0  z0 0.03  garr 27.4  tG 307  e2 0.00  nF 15.1  pS 0.29  ptS 0.29  fLog 0.42  pdΔ -0.2068  pkR 6.81  clip 0.09  kl +0.002
upd  449  steps  921600  sps 1175  opp symm  loss -0.083  pg -0.0832  v 0.023  ev +0.95  adv_std 0.218  tR +1.00  ent[s/d/p/e] 0.97/2.02/1.16/0.00  emits 0.97  spf 31.2  z0 0.03  garr 30.4  tG 348  e2 0.00  nF 15.2  pS 0.32  ptS 0.32  fLog 0.45  pdΔ -0.1754  pkR 6.58  clip 0.08  kl +0.002
upd  450  steps  923648  sps 1177  opp symm  loss -0.106  pg -0.1056  v 0.022  ev +0.95  adv_std 0.208  tR +0.25  ent[s/d/p/e] 0.93/1.94/1.12/0.00  emits 0.98  spf 28.2  z0 0.02  garr 28.2  tG 304  e2 0.00  nF 15.0  pS 0.30  ptS 0.29  fLog 0.43  pdΔ -0.2018  pkR 7.48  clip 0.08  kl +0.001
upd  451  steps  925696  sps 1178  opp symm  loss -0.135  pg -0.1419  v 0.036  ev +0.92  adv_std 0.270  tR +0.60  ent[s/d/p/e] 0.85/1.90/1.07/0.00  emits 0.99  spf 26.5  z0 0.01  garr 27.3  tG 280  e2 0.00  nF 15.3  pS 0.28  ptS 0.27  fLog 0.42  pdΔ -0.2237  pkR 8.78  clip 0.07  kl -0.000
upd  452  steps  927744  sps 1180  opp symm  loss -0.115  pg -0.1123  v 0.017  ev +0.96  adv_std 0.181  tR +0.50  ent[s/d/p/e] 0.90/1.87/1.10/0.00  emits 0.98  spf 27.1  z0 0.02  garr 27.1  tG 285  e2 0.00  nF 15.4  pS 0.28  ptS 0.28  fLog 0.42  pdΔ -0.2164  pkR 8.08  clip 0.06  kl +0.003
upd  453  steps  929792  sps 1182  opp symm  loss -0.103  pg -0.1003  v 0.016  ev +0.96  adv_std 0.176  tR -0.33  ent[s/d/p/e] 0.85/1.83/1.13/0.00  emits 0.99  spf 27.6  z0 0.01  garr 27.8  tG 296  e2 0.00  nF 15.6  pS 0.29  ptS 0.28  fLog 0.42  pdΔ -0.2120  pkR 8.23  clip 0.14  kl +0.007
upd  454  steps  931840  sps 1183  opp symm  loss -0.160  pg -0.1623  v 0.028  ev +0.95  adv_std 0.231  tR +1.00  ent[s/d/p/e] 0.88/2.00/1.05/0.00  emits 0.99  spf 29.2  z0 0.01  garr 27.6  tG 310  e2 0.00  nF 15.6  pS 0.30  ptS 0.29  fLog 0.42  pdΔ -0.2002  pkR 7.05  clip 0.09  kl +0.003
upd  455  steps  933888  sps 1185  opp symm  loss -0.166  pg -0.1698  v 0.030  ev +0.93  adv_std 0.244  tR +1.00  ent[s/d/p/e] 0.87/2.11/1.01/0.00  emits 0.94  spf 31.9  z0 0.06  garr 28.5  tG 318  e2 0.00  nF 15.3  pS 0.29  ptS 0.28  fLog 0.43  pdΔ -0.2086  pkR 9.18  clip 0.08  kl +0.001
upd  456  steps  935936  sps 1186  opp symm  loss -0.152  pg -0.1519  v 0.022  ev +0.95  adv_std 0.206  tR -0.75  ent[s/d/p/e] 0.88/2.19/1.02/0.00  emits 0.94  spf 30.9  z0 0.06  garr 27.6  tG 305  e2 0.00  nF 15.4  pS 0.30  ptS 0.29  fLog 0.43  pdΔ -0.1970  pkR 5.91  clip 0.04  kl +0.003
upd  457  steps  937984  sps 1188  opp symm  loss -0.151  pg -0.1496  v 0.021  ev +0.95  adv_std 0.199  tR -0.43  ent[s/d/p/e] 0.91/2.23/1.06/0.00  emits 0.98  spf 31.7  z0 0.02  garr 30.8  tG 346  e2 0.00  nF 15.2  pS 0.32  ptS 0.31  fLog 0.44  pdΔ -0.1765  pkR 6.86  clip 0.10  kl +0.002
upd  458  steps  940032  sps 1190  opp symm  loss -0.137  pg -0.1362  v 0.021  ev +0.95  adv_std 0.209  tR +0.00  ent[s/d/p/e] 0.96/2.12/1.15/0.00  emits 1.00  spf 33.7  z0 0.00  garr 31.6  tG 358  e2 0.00  nF 16.2  pS 0.34  ptS 0.33  fLog 0.46  pdΔ -0.1591  pkR 6.56  clip 0.04  kl +0.000
upd  459  steps  942080  sps 1191  opp symm  loss -0.118  pg -0.1164  v 0.021  ev +0.95  adv_std 0.206  tR +0.14  ent[s/d/p/e] 1.02/2.09/1.14/0.00  emits 1.00  spf 31.2  z0 0.00  garr 30.2  tG 346  e2 0.00  nF 17.0  pS 0.35  ptS 0.34  fLog 0.45  pdΔ -0.1489  pkR 5.84  clip 0.05  kl +0.001
upd  460  steps  944128  sps 1193  opp symm  loss -0.124  pg -0.1231  v 0.021  ev +0.94  adv_std 0.207  tR +0.14  ent[s/d/p/e] 1.00/2.10/1.11/0.00  emits 0.99  spf 30.9  z0 0.01  garr 30.2  tG 344  e2 0.00  nF 15.8  pS 0.34  ptS 0.33  fLog 0.45  pdΔ -0.1582  pkR 5.23  clip 0.08  kl +0.002
upd  461  steps  946176  sps 1195  opp symm  loss -0.071  pg -0.0711  v 0.024  ev +0.94  adv_std 0.221  tR +0.00  ent[s/d/p/e] 1.01/2.03/1.19/0.00  emits 0.98  spf 32.6  z0 0.02  garr 31.1  tG 368  e2 0.00  nF 15.5  pS 0.35  ptS 0.34  fLog 0.46  pdΔ -0.1495  pkR 4.96  clip 0.10  kl -0.001
upd  462  steps  948224  sps 1196  opp symm  loss -0.088  pg -0.0867  v 0.022  ev +0.95  adv_std 0.215  tR +0.33  ent[s/d/p/e] 1.03/2.14/1.13/0.00  emits 0.98  spf 33.0  z0 0.02  garr 31.6  tG 380  e2 0.00  nF 15.7  pS 0.35  ptS 0.35  fLog 0.46  pdΔ -0.1466  pkR 6.40  clip 0.12  kl +0.003
upd  463  steps  950272  sps 1198  opp symm  loss -0.107  pg -0.1059  v 0.021  ev +0.95  adv_std 0.201  tR +0.20  ent[s/d/p/e] 0.97/2.09/1.12/0.00  emits 0.99  spf 34.1  z0 0.01  garr 31.7  tG 378  e2 0.00  nF 15.9  pS 0.34  ptS 0.34  fLog 0.46  pdΔ -0.1588  pkR 10.91  clip 0.08  kl +0.002
upd  464  steps  952320  sps 1199  opp symm  loss -0.106  pg -0.1043  v 0.020  ev +0.95  adv_std 0.199  tR +0.33  ent[s/d/p/e] 0.97/2.11/1.15/0.00  emits 0.97  spf 32.1  z0 0.03  garr 29.8  tG 344  e2 0.00  nF 15.3  pS 0.33  ptS 0.32  fLog 0.45  pdΔ -0.1716  pkR 12.16  clip 0.08  kl +0.001
upd  465  steps  954368  sps 1201  opp symm  loss -0.166  pg -0.1626  v 0.017  ev +0.97  adv_std 0.181  tR +0.33  ent[s/d/p/e] 0.98/2.15/1.14/0.00  emits 0.96  spf 31.8  z0 0.04  garr 30.4  tG 348  e2 0.00  nF 15.1  pS 0.33  ptS 0.33  fLog 0.45  pdΔ -0.1658  pkR 6.68  clip 0.05  kl +0.002
upd  466  steps  956416  sps 1203  opp symm  loss -0.060  pg -0.0619  v 0.027  ev +0.94  adv_std 0.235  tR +0.54  ent[s/d/p/e] 0.86/1.96/1.14/0.00  emits 0.96  spf 30.1  z0 0.04  garr 28.5  tG 312  e2 0.00  nF 14.9  pS 0.30  ptS 0.29  fLog 0.43  pdΔ -0.2042  pkR 7.57  clip 0.07  kl +0.003
upd  467  steps  958464  sps 1204  opp symm  loss -0.048  pg -0.0517  v 0.028  ev +0.93  adv_std 0.234  tR +0.33  ent[s/d/p/e] 0.70/1.77/1.09/0.01  emits 0.99  spf 23.9  z0 0.01  garr 24.0  tG 245  e2 0.00  nF 16.5  pS 0.26  ptS 0.26  fLog 0.40  pdΔ -0.2414  pkR 9.94  clip 0.12  kl +0.001
upd  468  steps  960512  sps 1206  opp symm  loss -0.051  pg -0.0552  v 0.029  ev +0.93  adv_std 0.239  tR +0.33  ent[s/d/p/e] 0.73/1.74/1.16/0.01  emits 1.00  spf 23.0  z0 0.00  garr 22.8  tG 209  e2 0.00  nF 16.2  pS 0.26  ptS 0.26  fLog 0.41  pdΔ -0.2415  pkR 8.70  clip 0.07  kl +0.002
upd  469  steps  962560  sps 1207  opp symm  loss -0.071  pg -0.0729  v 0.026  ev +0.94  adv_std 0.226  tR +0.60  ent[s/d/p/e] 0.71/1.78/1.11/0.00  emits 1.00  spf 23.3  z0 0.00  garr 23.1  tG 202  e2 0.00  nF 16.8  pS 0.25  ptS 0.25  fLog 0.41  pdΔ -0.2545  pkR 8.15  clip 0.09  kl +0.003
upd  470  steps  964608  sps 1209  opp symm  loss -0.095  pg -0.0989  v 0.030  ev +0.93  adv_std 0.247  tR -0.33  ent[s/d/p/e] 0.73/1.97/1.10/0.00  emits 0.96  spf 25.3  z0 0.04  garr 24.5  tG 236  e2 0.00  nF 16.5  pS 0.25  ptS 0.25  fLog 0.41  pdΔ -0.2463  pkR 8.75  clip 0.09  kl +0.002
upd  471  steps  966656  sps 1211  opp symm  loss -0.161  pg -0.1588  v 0.018  ev +0.96  adv_std 0.188  tR -1.00  ent[s/d/p/e] 0.81/2.15/1.06/0.00  emits 0.95  spf 30.3  z0 0.05  garr 29.0  tG 312  e2 0.00  nF 15.6  pS 0.28  ptS 0.28  fLog 0.43  pdΔ -0.2183  pkR 7.74  clip 0.13  kl +0.001
upd  472  steps  968704  sps 1212  opp symm  loss -0.069  pg -0.0751  v 0.034  ev +0.92  adv_std 0.264  tR -0.11  ent[s/d/p/e] 0.85/2.15/1.07/0.00  emits 0.94  spf 31.7  z0 0.06  garr 29.8  tG 327  e2 0.00  nF 15.0  pS 0.30  ptS 0.29  fLog 0.44  pdΔ -0.2022  pkR 7.02  clip 0.06  kl +0.002
upd  473  steps  970752  sps 1214  opp symm  loss -0.150  pg -0.1512  v 0.025  ev +0.94  adv_std 0.222  tR -1.00  ent[s/d/p/e] 0.86/2.14/1.05/0.00  emits 0.96  spf 33.3  z0 0.04  garr 31.6  tG 365  e2 0.00  nF 15.3  pS 0.32  ptS 0.31  fLog 0.44  pdΔ -0.1809  pkR 6.41  clip 0.08  kl +0.004
upd  474  steps  972800  sps 1215  opp symm  loss -0.149  pg -0.1525  v 0.029  ev +0.94  adv_std 0.234  tR +0.33  ent[s/d/p/e] 0.90/2.25/1.02/0.00  emits 1.00  spf 34.2  z0 0.01  garr 33.9  tG 409  e2 0.00  nF 16.4  pS 0.34  ptS 0.34  fLog 0.44  pdΔ -0.1584  pkR 5.55  clip 0.18  kl +0.002
upd  475  steps  974848  sps 1217  opp symm  loss -0.155  pg -0.1564  v 0.025  ev +0.95  adv_std 0.217  tR -1.00  ent[s/d/p/e] 0.89/2.18/1.04/0.00  emits 0.99  spf 38.5  z0 0.02  garr 35.7  tG 455  e2 0.00  nF 16.8  pS 0.35  ptS 0.34  fLog 0.45  pdΔ -0.1504  pkR 6.48  clip 0.14  kl +0.002
upd  476  steps  976896  sps 1218  opp symm  loss -0.110  pg -0.1102  v 0.024  ev +0.95  adv_std 0.224  tR +0.00  ent[s/d/p/e] 0.88/2.18/1.11/0.00  emits 0.97  spf 40.9  z0 0.03  garr 37.5  tG 483  e2 0.00  nF 16.4  pS 0.35  ptS 0.34  fLog 0.46  pdΔ -0.1504  pkR 6.72  clip 0.14  kl +0.004
upd  477  steps  978944  sps 1220  opp symm  loss -0.119  pg -0.1155  v 0.018  ev +0.96  adv_std 0.192  tR +0.33  ent[s/d/p/e] 0.94/2.11/1.19/0.01  emits 0.93  spf 44.0  z0 0.07  garr 38.1  tG 503  e2 0.00  nF 15.7  pS 0.36  ptS 0.35  fLog 0.47  pdΔ -0.1428  pkR 7.14  clip 0.09  kl +0.001
upd  478  steps  980992  sps 1222  opp symm  loss -0.107  pg -0.1053  v 0.019  ev +0.96  adv_std 0.190  tR +0.20  ent[s/d/p/e] 0.86/2.05/1.12/0.01  emits 0.93  spf 37.3  z0 0.07  garr 32.7  tG 413  e2 0.00  nF 14.6  pS 0.33  ptS 0.32  fLog 0.45  pdΔ -0.1729  pkR 7.22  clip 0.14  kl +0.001
upd  479  steps  983040  sps 1223  opp symm  loss -0.129  pg -0.1285  v 0.021  ev +0.95  adv_std 0.211  tR +0.20  ent[s/d/p/e] 0.85/1.95/1.10/0.01  emits 0.94  spf 32.1  z0 0.06  garr 29.6  tG 376  e2 0.00  nF 14.7  pS 0.32  ptS 0.31  fLog 0.43  pdΔ -0.1819  pkR 8.39  clip 0.10  kl +0.002
upd  480  steps  985088  sps 1225  opp symm  loss -0.078  pg -0.0832  v 0.034  ev +0.92  adv_std 0.261  tR +0.00  ent[s/d/p/e] 0.83/2.03/1.12/0.00  emits 0.97  spf 29.2  z0 0.03  garr 27.6  tG 310  e2 0.00  nF 14.0  pS 0.31  ptS 0.29  fLog 0.43  pdΔ -0.1929  pkR 8.85  clip 0.05  kl +0.001
upd  481  steps  987136  sps 1226  opp symm  loss -0.070  pg -0.0737  v 0.030  ev +0.93  adv_std 0.248  tR +0.71  ent[s/d/p/e] 0.86/2.07/1.16/0.00  emits 0.97  spf 29.6  z0 0.03  garr 28.3  tG 311  e2 0.00  nF 13.9  pS 0.32  ptS 0.30  fLog 0.44  pdΔ -0.1822  pkR 8.97  clip 0.07  kl -0.000
upd  482  steps  989184  sps 1228  opp symm  loss -0.075  pg -0.0768  v 0.026  ev +0.94  adv_std 0.230  tR +0.60  ent[s/d/p/e] 0.77/1.92/1.17/0.00  emits 0.99  spf 27.8  z0 0.01  garr 27.6  tG 281  e2 0.00  nF 13.6  pS 0.29  ptS 0.28  fLog 0.43  pdΔ -0.2134  pkR 8.16  clip 0.06  kl +0.002
upd  483  steps  991232  sps 1229  opp symm  loss -0.142  pg -0.1406  v 0.019  ev +0.95  adv_std 0.197  tR +0.50  ent[s/d/p/e] 0.77/2.01/1.09/0.00  emits 0.99  spf 26.4  z0 0.01  garr 25.6  tG 256  e2 0.00  nF 13.5  pS 0.28  ptS 0.27  fLog 0.43  pdΔ -0.2206  pkR 7.38  clip 0.07  kl +0.002
upd  484  steps  993280  sps 1231  opp symm  loss -0.071  pg -0.0701  v 0.021  ev +0.94  adv_std 0.202  tR -0.50  ent[s/d/p/e] 0.79/1.91/1.14/0.01  emits 0.98  spf 27.3  z0 0.02  garr 26.4  tG 278  e2 0.00  nF 14.2  pS 0.29  ptS 0.28  fLog 0.43  pdΔ -0.2125  pkR 10.71  clip 0.04  kl +0.002
upd  485  steps  995328  sps 1232  opp symm  loss -0.104  pg -0.1028  v 0.019  ev +0.95  adv_std 0.194  tR -0.20  ent[s/d/p/e] 0.80/1.95/1.13/0.01  emits 0.98  spf 28.7  z0 0.02  garr 27.6  tG 299  e2 0.00  nF 13.4  pS 0.29  ptS 0.29  fLog 0.43  pdΔ -0.2107  pkR 12.90  clip 0.07  kl +0.001
upd  486  steps  997376  sps 1234  opp symm  loss -0.083  pg -0.0838  v 0.023  ev +0.94  adv_std 0.214  tR +0.43  ent[s/d/p/e] 0.81/2.01/1.09/0.01  emits 0.99  spf 29.1  z0 0.01  garr 28.7  tG 317  e2 0.00  nF 13.6  pS 0.30  ptS 0.30  fLog 0.43  pdΔ -0.1956  pkR 12.17  clip 0.07  kl +0.001
upd  487  steps  999424  sps 1236  opp symm  loss -0.073  pg -0.0723  v 0.020  ev +0.95  adv_std 0.207  tR -1.00  ent[s/d/p/e] 0.81/1.90/1.14/0.01  emits 0.97  spf 27.1  z0 0.03  garr 26.7  tG 290  e2 0.00  nF 14.3  pS 0.31  ptS 0.30  fLog 0.43  pdΔ -0.1909  pkR 7.32  clip 0.07  kl -0.001
upd  488  steps 1001472  sps 1237  opp symm  loss -0.096  pg -0.0972  v 0.026  ev +0.94  adv_std 0.233  tR +0.20  ent[s/d/p/e] 0.85/2.01/1.24/0.01  emits 0.97  spf 30.4  z0 0.03  garr 30.1  tG 348  e2 0.00  nF 14.1  pS 0.33  ptS 0.32  fLog 0.45  pdΔ -0.1681  pkR 6.59  clip 0.08  kl +0.001
upd  489  steps 1003520  sps 1239  opp symm  loss -0.118  pg -0.1131  v 0.014  ev +0.97  adv_std 0.168  tR +0.67  ent[s/d/p/e] 0.88/2.10/1.24/0.01  emits 0.96  spf 30.5  z0 0.04  garr 30.2  tG 345  e2 0.00  nF 13.4  pS 0.34  ptS 0.33  fLog 0.46  pdΔ -0.1581  pkR 6.83  clip 0.04  kl +0.001
upd  490  steps 1005568  sps 1240  opp symm  loss -0.072  pg -0.0694  v 0.018  ev +0.96  adv_std 0.186  tR +0.50  ent[s/d/p/e] 0.83/2.04/1.16/0.01  emits 0.97  spf 29.2  z0 0.03  garr 29.0  tG 351  e2 0.00  nF 14.0  pS 0.34  ptS 0.33  fLog 0.44  pdΔ -0.1615  pkR 6.07  clip 0.10  kl +0.002
upd  491  steps 1007616  sps 1242  opp symm  loss -0.147  pg -0.1423  v 0.014  ev +0.97  adv_std 0.170  tR +0.50  ent[s/d/p/e] 0.88/2.04/1.22/0.01  emits 0.99  spf 32.6  z0 0.01  garr 32.3  tG 415  e2 0.00  nF 15.0  pS 0.36  ptS 0.36  fLog 0.46  pdΔ -0.1358  pkR 6.54  clip 0.16  kl +0.001
upd  492  steps 1009664  sps 1243  opp symm  loss -0.106  pg -0.1018  v 0.015  ev +0.96  adv_std 0.175  tR +1.00  ent[s/d/p/e] 0.92/2.12/1.23/0.01  emits 0.96  spf 35.3  z0 0.04  garr 33.4  tG 436  e2 0.00  nF 15.4  pS 0.36  ptS 0.36  fLog 0.47  pdΔ -0.1359  pkR 6.77  clip 0.10  kl +0.001
upd  493  steps 1011712  sps 1245  opp symm  loss -0.110  pg -0.1106  v 0.024  ev +0.95  adv_std 0.220  tR +0.40  ent[s/d/p/e] 0.83/2.18/1.15/0.01  emits 0.97  spf 36.0  z0 0.03  garr 34.3  tG 447  e2 0.00  nF 14.7  pS 0.35  ptS 0.35  fLog 0.46  pdΔ -0.1464  pkR 7.29  clip 0.12  kl +0.002
upd  494  steps 1013760  sps 1246  opp symm  loss -0.182  pg -0.1791  v 0.017  ev +0.96  adv_std 0.193  tR +0.00  ent[s/d/p/e] 0.84/2.13/1.13/0.01  emits 0.95  spf 36.4  z0 0.05  garr 33.3  tG 439  e2 0.00  nF 14.8  pS 0.35  ptS 0.35  fLog 0.46  pdΔ -0.1473  pkR 7.33  clip 0.08  kl +0.003
upd  495  steps 1015808  sps 1248  opp symm  loss -0.179  pg -0.1805  v 0.024  ev +0.95  adv_std 0.222  tR +0.20  ent[s/d/p/e] 0.73/2.10/1.05/0.01  emits 0.99  spf 30.3  z0 0.01  garr 30.2  tG 377  e2 0.00  nF 15.4  pS 0.32  ptS 0.31  fLog 0.42  pdΔ -0.1842  pkR 8.40  clip 0.09  kl +0.001
upd  496  steps 1017856  sps 1249  opp symm  loss -0.126  pg -0.1270  v 0.024  ev +0.95  adv_std 0.216  tR +0.60  ent[s/d/p/e] 0.72/2.06/1.08/0.01  emits 1.00  spf 28.6  z0 0.00  garr 29.6  tG 351  e2 0.00  nF 17.1  pS 0.31  ptS 0.30  fLog 0.42  pdΔ -0.1911  pkR 7.78  clip 0.10  kl +0.001
upd  497  steps 1019904  sps 1251  opp symm  loss -0.071  pg -0.0755  v 0.032  ev +0.92  adv_std 0.253  tR +0.50  ent[s/d/p/e] 0.79/2.06/1.20/0.01  emits 0.99  spf 30.8  z0 0.01  garr 31.7  tG 372  e2 0.00  nF 17.2  pS 0.32  ptS 0.31  fLog 0.44  pdΔ -0.1801  pkR 7.06  clip 0.09  kl +0.003
upd  498  steps 1021952  sps 1252  opp symm  loss -0.117  pg -0.1177  v 0.027  ev +0.94  adv_std 0.237  tR +1.00  ent[s/d/p/e] 0.87/2.14/1.29/0.00  emits 1.00  spf 33.2  z0 0.00  garr 35.0  tG 413  e2 0.00  nF 16.6  pS 0.35  ptS 0.34  fLog 0.46  pdΔ -0.1493  pkR 7.99  clip 0.18  kl +0.001
[eval_vs_v20] u499 tag=train_u499  bin0=0.0%  spf=0.00  garr=128.50  flip=0.00%  z0=71.9%  e8=0.0%  e2+=0.0%  WLD=0/3/0
upd  499  steps 1024000  sps 1254  opp symm  loss -0.088  pg -0.0850  v 0.021  ev +0.95  adv_std 0.202  tR +0.60  ent[s/d/p/e] 0.97/2.22/1.31/0.00  emits 0.97  spf 36.9  z0 0.03  garr 38.7  tG 499  e2 0.00  nF 15.4  pS 0.39  ptS 0.38  fLog 0.48  pdΔ -0.1068  pkR 8.01  clip 0.08  kl +0.003 WRr 0.62 v20[spf 0.0 flip 0.0% e2+ 0.0%]
upd  500  steps 1026048  sps 1118  opp symm  loss -0.096  pg -0.0922  v 0.017  ev +0.96  adv_std 0.186  tR +0.50  ent[s/d/p/e] 0.93/2.13/1.25/0.00  emits 0.94  spf 38.9  z0 0.06  garr 37.6  tG 499  e2 0.00  nF 15.0  pS 0.37  ptS 0.37  fLog 0.48  pdΔ -0.1260  pkR 7.33  clip 0.11  kl +0.003
upd  501  steps 1028096  sps 1119  opp symm  loss -0.047  pg -0.0462  v 0.024  ev +0.95  adv_std 0.219  tR -0.50  ent[s/d/p/e] 0.91/2.08/1.28/0.00  emits 0.96  spf 38.5  z0 0.04  garr 38.4  tG 517  e2 0.00  nF 15.8  pS 0.37  ptS 0.37  fLog 0.47  pdΔ -0.1307  pkR 5.64  clip 0.11  kl +0.003
upd  502  steps 1030144  sps 1121  opp symm  loss -0.155  pg -0.1515  v 0.017  ev +0.96  adv_std 0.187  tR +0.60  ent[s/d/p/e] 0.94/2.16/1.22/0.00  emits 0.96  spf 42.5  z0 0.05  garr 40.4  tG 558  e2 0.00  nF 16.6  pS 0.38  ptS 0.38  fLog 0.48  pdΔ -0.1190  pkR 5.59  clip 0.06  kl +0.001
upd  503  steps 1032192  sps 1122  opp symm  loss -0.043  pg -0.0465  v 0.031  ev +0.93  adv_std 0.253  tR +0.40  ent[s/d/p/e] 0.82/2.08/1.17/0.00  emits 0.95  spf 41.6  z0 0.05  garr 38.7  tG 541  e2 0.00  nF 15.9  pS 0.35  ptS 0.34  fLog 0.46  pdΔ -0.1518  pkR 6.69  clip 0.10  kl +0.003
upd  504  steps 1034240  sps 1124  opp symm  loss -0.093  pg -0.0941  v 0.026  ev +0.94  adv_std 0.224  tR +0.67  ent[s/d/p/e] 0.78/1.92/1.21/0.00  emits 0.95  spf 36.3  z0 0.05  garr 34.3  tG 464  e2 0.00  nF 16.4  pS 0.32  ptS 0.31  fLog 0.44  pdΔ -0.1824  pkR 7.71  clip 0.13  kl +0.003
upd  505  steps 1036288  sps 1125  opp symm  loss -0.079  pg -0.0807  v 0.028  ev +0.93  adv_std 0.236  tR +0.33  ent[s/d/p/e] 0.79/1.94/1.23/0.00  emits 0.95  spf 35.2  z0 0.05  garr 34.2  tG 437  e2 0.00  nF 17.1  pS 0.32  ptS 0.31  fLog 0.44  pdΔ -0.1838  pkR 8.06  clip 0.13  kl +0.003
upd  506  steps 1038336  sps 1127  opp symm  loss -0.073  pg -0.0734  v 0.023  ev +0.94  adv_std 0.215  tR +0.11  ent[s/d/p/e] 0.81/1.91/1.15/0.00  emits 0.95  spf 35.4  z0 0.05  garr 34.2  tG 421  e2 0.00  nF 15.2  pS 0.32  ptS 0.31  fLog 0.45  pdΔ -0.1810  pkR 8.06  clip 0.08  kl +0.001
upd  507  steps 1040384  sps 1128  opp symm  loss -0.058  pg -0.0566  v 0.020  ev +0.95  adv_std 0.204  tR -0.20  ent[s/d/p/e] 0.77/1.80/1.21/0.00  emits 0.95  spf 30.6  z0 0.05  garr 30.4  tG 344  e2 0.00  nF 14.0  pS 0.30  ptS 0.29  fLog 0.44  pdΔ -0.1983  pkR 8.70  clip 0.15  kl +0.004
upd  508  steps 1042432  sps 1129  opp symm  loss -0.076  pg -0.0756  v 0.021  ev +0.95  adv_std 0.207  tR +0.00  ent[s/d/p/e] 0.78/1.86/1.20/0.00  emits 0.96  spf 32.0  z0 0.04  garr 32.3  tG 361  e2 0.00  nF 14.2  pS 0.31  ptS 0.30  fLog 0.45  pdΔ -0.1876  pkR 8.26  clip 0.08  kl +0.001
upd  509  steps 1044480  sps 1131  opp symm  loss -0.054  pg -0.0517  v 0.020  ev +0.95  adv_std 0.196  tR +1.00  ent[s/d/p/e] 0.80/1.84/1.28/0.01  emits 0.97  spf 34.0  z0 0.03  garr 34.7  tG 397  e2 0.00  nF 14.4  pS 0.33  ptS 0.32  fLog 0.46  pdΔ -0.1701  pkR 8.00  clip 0.10  kl +0.001
upd  510  steps 1046528  sps 1132  opp symm  loss -0.071  pg -0.0702  v 0.023  ev +0.95  adv_std 0.217  tR +0.14  ent[s/d/p/e] 0.81/1.99/1.26/0.01  emits 0.95  spf 35.2  z0 0.05  garr 34.6  tG 402  e2 0.00  nF 14.7  pS 0.33  ptS 0.32  fLog 0.46  pdΔ -0.1714  pkR 6.36  clip 0.12  kl +0.003
upd  511  steps 1048576  sps 1134  opp symm  loss -0.129  pg -0.1283  v 0.021  ev +0.96  adv_std 0.206  tR +0.60  ent[s/d/p/e] 0.73/1.94/1.18/0.01  emits 0.99  spf 32.1  z0 0.01  garr 32.8  tG 382  e2 0.00  nF 15.0  pS 0.32  ptS 0.31  fLog 0.44  pdΔ -0.1831  pkR 5.65  clip 0.12  kl +0.002
upd  512  steps 1050624  sps 1135  opp symm  loss -0.102  pg -0.1046  v 0.028  ev +0.95  adv_std 0.231  tR -0.33  ent[s/d/p/e] 0.68/2.03/1.14/0.01  emits 0.97  spf 30.8  z0 0.03  garr 31.2  tG 390  e2 0.00  nF 15.6  pS 0.31  ptS 0.31  fLog 0.43  pdΔ -0.1879  pkR 6.42  clip 0.12  kl +0.001
upd  513  steps 1052672  sps 1137  opp symm  loss -0.128  pg -0.1254  v 0.018  ev +0.97  adv_std 0.188  tR +0.00  ent[s/d/p/e] 0.69/1.98/1.17/0.01  emits 0.96  spf 34.2  z0 0.04  garr 33.1  tG 427  e2 0.00  nF 14.9  pS 0.32  ptS 0.32  fLog 0.44  pdΔ -0.1751  pkR 7.11  clip 0.12  kl +0.001
upd  514  steps 1054720  sps 1138  opp symm  loss -0.135  pg -0.1344  v 0.021  ev +0.96  adv_std 0.202  tR +1.00  ent[s/d/p/e] 0.72/2.03/1.18/0.01  emits 0.98  spf 35.2  z0 0.03  garr 34.9  tG 469  e2 0.00  nF 15.9  pS 0.34  ptS 0.33  fLog 0.44  pdΔ -0.1585  pkR 8.18  clip 0.08  kl +0.001
upd  515  steps 1056768  sps 1139  opp symm  loss -0.130  pg -0.1272  v 0.018  ev +0.97  adv_std 0.186  tR +0.20  ent[s/d/p/e] 0.76/2.04/1.16/0.01  emits 0.96  spf 37.7  z0 0.04  garr 36.1  tG 481  e2 0.00  nF 16.2  pS 0.34  ptS 0.33  fLog 0.45  pdΔ -0.1582  pkR 8.20  clip 0.12  kl +0.001
upd  516  steps 1058816  sps 1141  opp symm  loss -0.108  pg -0.1095  v 0.026  ev +0.95  adv_std 0.236  tR +0.27  ent[s/d/p/e] 0.72/1.94/1.19/0.00  emits 0.93  spf 36.2  z0 0.07  garr 33.7  tG 433  e2 0.00  nF 15.5  pS 0.31  ptS 0.31  fLog 0.45  pdΔ -0.1877  pkR 9.44  clip 0.09  kl +0.004
upd  517  steps 1060864  sps 1142  opp symm  loss -0.153  pg -0.1511  v 0.019  ev +0.96  adv_std 0.191  tR -0.14  ent[s/d/p/e] 0.73/1.98/1.16/0.00  emits 0.93  spf 38.0  z0 0.07  garr 33.5  tG 413  e2 0.00  nF 13.6  pS 0.31  ptS 0.31  fLog 0.46  pdΔ -0.1875  pkR 9.97  clip 0.08  kl +0.001
upd  518  steps 1062912  sps 1144  opp symm  loss -0.161  pg -0.1606  v 0.023  ev +0.95  adv_std 0.211  tR -0.33  ent[s/d/p/e] 0.70/2.04/1.18/0.00  emits 0.96  spf 38.2  z0 0.04  garr 35.4  tG 442  e2 0.00  nF 13.9  pS 0.33  ptS 0.32  fLog 0.46  pdΔ -0.1711  pkR 9.33  clip 0.13  kl +0.004
upd  519  steps 1064960  sps 1145  opp symm  loss -0.047  pg -0.0536  v 0.034  ev +0.93  adv_std 0.268  tR +0.60  ent[s/d/p/e] 0.66/1.77/1.12/0.00  emits 0.98  spf 30.3  z0 0.02  garr 28.7  tG 345  e2 0.00  nF 14.3  pS 0.30  ptS 0.29  fLog 0.43  pdΔ -0.2026  pkR 10.48  clip 0.16  kl +0.004
upd  520  steps 1067008  sps 1146  opp symm  loss -0.095  pg -0.0997  v 0.030  ev +0.94  adv_std 0.247  tR +0.00  ent[s/d/p/e] 0.68/1.82/1.18/0.00  emits 0.98  spf 30.5  z0 0.02  garr 29.1  tG 320  e2 0.00  nF 14.8  pS 0.29  ptS 0.28  fLog 0.44  pdΔ -0.2053  pkR 10.22  clip 0.08  kl +0.002
upd  521  steps 1069056  sps 1148  opp symm  loss -0.100  pg -0.1063  v 0.034  ev +0.92  adv_std 0.263  tR +0.50  ent[s/d/p/e] 0.69/2.01/1.18/0.00  emits 0.98  spf 33.2  z0 0.02  garr 31.2  tG 357  e2 0.00  nF 14.9  pS 0.32  ptS 0.30  fLog 0.45  pdΔ -0.1848  pkR 9.23  clip 0.20  kl +0.004
upd  522  steps 1071104  sps 1149  opp symm  loss -0.150  pg -0.1479  v 0.019  ev +0.96  adv_std 0.192  tR +0.00  ent[s/d/p/e] 0.75/2.11/1.22/0.00  emits 0.98  spf 34.7  z0 0.02  garr 33.0  tG 395  e2 0.00  nF 14.8  pS 0.34  ptS 0.33  fLog 0.46  pdΔ -0.1562  pkR 6.29  clip 0.15  kl +0.002
upd  523  steps 1073152  sps 1151  opp symm  loss -0.153  pg -0.1507  v 0.019  ev +0.96  adv_std 0.201  tR +1.00  ent[s/d/p/e] 0.73/2.13/1.20/0.00  emits 0.98  spf 34.9  z0 0.02  garr 34.0  tG 420  e2 0.00  nF 15.0  pS 0.36  ptS 0.34  fLog 0.46  pdΔ -0.1437  pkR 6.37  clip 0.15  kl +0.003
upd  524  steps 1075200  sps 1152  opp symm  loss -0.091  pg -0.0904  v 0.022  ev +0.95  adv_std 0.209  tR +0.33  ent[s/d/p/e] 0.70/2.04/1.18/0.00  emits 0.98  spf 33.4  z0 0.02  garr 32.8  tG 404  e2 0.00  nF 14.7  pS 0.34  ptS 0.33  fLog 0.44  pdΔ -0.1571  pkR 6.70  clip 0.11  kl +0.002
upd  525  steps 1077248  sps 1153  opp symm  loss -0.064  pg -0.0638  v 0.023  ev +0.95  adv_std 0.216  tR +1.00  ent[s/d/p/e] 0.77/2.06/1.23/0.00  emits 0.93  spf 35.9  z0 0.07  garr 33.8  tG 437  e2 0.00  nF 14.7  pS 0.35  ptS 0.34  fLog 0.47  pdΔ -0.1473  pkR 7.30  clip 0.14  kl +0.004
upd  526  steps 1079296  sps 1155  opp symm  loss -0.084  pg -0.0838  v 0.023  ev +0.94  adv_std 0.220  tR +0.17  ent[s/d/p/e] 0.74/2.01/1.25/0.00  emits 0.94  spf 34.3  z0 0.06  garr 32.4  tG 404  e2 0.00  nF 13.0  pS 0.35  ptS 0.33  fLog 0.47  pdΔ -0.1534  pkR 9.32  clip 0.17  kl +0.002
upd  527  steps 1081344  sps 1156  opp symm  loss -0.025  pg -0.0238  v 0.021  ev +0.94  adv_std 0.208  tR -0.20  ent[s/d/p/e] 0.76/2.00/1.31/0.00  emits 1.00  spf 33.2  z0 0.00  garr 33.1  tG 387  e2 0.00  nF 13.2  pS 0.36  ptS 0.35  fLog 0.47  pdΔ -0.1368  pkR 7.34  clip 0.18  kl +0.006
upd  528  steps 1083392  sps 1158  opp symm  loss -0.056  pg -0.0507  v 0.016  ev +0.96  adv_std 0.181  tR +1.00  ent[s/d/p/e] 0.82/2.05/1.38/0.00  emits 1.00  spf 37.4  z0 0.00  garr 38.2  tG 461  e2 0.00  nF 14.0  pS 0.39  ptS 0.38  fLog 0.49  pdΔ -0.1055  pkR 7.71  clip 0.13  kl +0.003
upd  529  steps 1085440  sps 1159  opp symm  loss -0.092  pg -0.0872  v 0.014  ev +0.97  adv_std 0.170  tR +0.71  ent[s/d/p/e] 0.78/2.02/1.32/0.00  emits 0.99  spf 33.5  z0 0.01  garr 33.7  tG 410  e2 0.00  nF 14.4  pS 0.38  ptS 0.36  fLog 0.47  pdΔ -0.1221  pkR 8.92  clip 0.11  kl +0.003
upd  530  steps 1087488  sps 1160  opp symm  loss -0.045  pg -0.0438  v 0.023  ev +0.95  adv_std 0.215  tR +1.00  ent[s/d/p/e] 0.80/1.99/1.37/0.00  emits 0.98  spf 36.5  z0 0.02  garr 36.4  tG 463  e2 0.00  nF 15.1  pS 0.39  ptS 0.38  fLog 0.48  pdΔ -0.1080  pkR 10.53  clip 0.13  kl +0.007
upd  531  steps 1089536  sps 1162  opp symm  loss -0.100  pg -0.0973  v 0.020  ev +0.96  adv_std 0.201  tR +1.00  ent[s/d/p/e] 0.81/2.05/1.35/0.00  emits 0.97  spf 40.5  z0 0.03  garr 38.8  tG 506  e2 0.00  nF 14.1  pS 0.39  ptS 0.38  fLog 0.49  pdΔ -0.1111  pkR 9.34  clip 0.12  kl +0.002
upd  532  steps 1091584  sps 1163  opp symm  loss -0.012  pg -0.0127  v 0.024  ev +0.94  adv_std 0.223  tR +0.11  ent[s/d/p/e] 0.70/1.96/1.25/0.00  emits 0.98  spf 37.3  z0 0.02  garr 36.1  tG 477  e2 0.00  nF 13.1  pS 0.36  ptS 0.35  fLog 0.46  pdΔ -0.1363  pkR 10.66  clip 0.19  kl +0.005
upd  533  steps 1093632  sps 1165  opp symm  loss -0.078  pg -0.0788  v 0.025  ev +0.94  adv_std 0.225  tR +0.00  ent[s/d/p/e] 0.73/2.02/1.30/0.00  emits 0.98  spf 38.3  z0 0.02  garr 36.7  tG 479  e2 0.00  nF 13.5  pS 0.37  ptS 0.36  fLog 0.48  pdΔ -0.1281  pkR 7.30  clip 0.12  kl +0.002
upd  534  steps 1095680  sps 1166  opp symm  loss -0.048  pg -0.0424  v 0.013  ev +0.97  adv_std 0.165  tR -0.11  ent[s/d/p/e] 0.72/2.00/1.31/0.00  emits 0.98  spf 38.3  z0 0.02  garr 35.8  tG 446  e2 0.00  nF 12.4  pS 0.38  ptS 0.36  fLog 0.49  pdΔ -0.1239  pkR 7.02  clip 0.13  kl +0.004
upd  535  steps 1097728  sps 1167  opp symm  loss -0.077  pg -0.0737  v 0.017  ev +0.96  adv_std 0.188  tR +0.71  ent[s/d/p/e] 0.70/1.99/1.30/0.00  emits 1.00  spf 37.2  z0 0.00  garr 36.2  tG 440  e2 0.00  nF 11.5  pS 0.38  ptS 0.36  fLog 0.48  pdΔ -0.1235  pkR 7.28  clip 0.11  kl +0.006
upd  536  steps 1099776  sps 1169  opp symm  loss -0.060  pg -0.0608  v 0.026  ev +0.95  adv_std 0.231  tR -0.33  ent[s/d/p/e] 0.70/2.02/1.29/0.00  emits 1.00  spf 37.8  z0 0.00  garr 36.7  tG 467  e2 0.00  nF 12.4  pS 0.38  ptS 0.37  fLog 0.47  pdΔ -0.1152  pkR 7.44  clip 0.13  kl +0.002
upd  537  steps 1101824  sps 1170  opp symm  loss -0.155  pg -0.1509  v 0.016  ev +0.97  adv_std 0.179  tR +0.50  ent[s/d/p/e] 0.74/2.14/1.25/0.00  emits 0.98  spf 40.8  z0 0.02  garr 38.6  tG 519  e2 0.00  nF 12.3  pS 0.41  ptS 0.39  fLog 0.49  pdΔ -0.0876  pkR 6.37  clip 0.21  kl +0.002
upd  538  steps 1103872  sps 1171  opp symm  loss -0.143  pg -0.1419  v 0.021  ev +0.96  adv_std 0.204  tR +0.71  ent[s/d/p/e] 0.72/2.15/1.15/0.00  emits 0.96  spf 43.7  z0 0.04  garr 39.7  tG 562  e2 0.00  nF 12.4  pS 0.41  ptS 0.39  fLog 0.48  pdΔ -0.0950  pkR 6.75  clip 0.15  kl +0.004
upd  539  steps 1105920  sps 1173  opp symm  loss -0.091  pg -0.0914  v 0.024  ev +0.95  adv_std 0.220  tR +0.25  ent[s/d/p/e] 0.65/2.11/1.22/0.00  emits 0.95  spf 44.2  z0 0.05  garr 39.4  tG 552  e2 0.00  nF 13.1  pS 0.39  ptS 0.38  fLog 0.49  pdΔ -0.1072  pkR 6.63  clip 0.14  kl +0.001
upd  540  steps 1107968  sps 1174  opp symm  loss -0.162  pg -0.1578  v 0.015  ev +0.97  adv_std 0.175  tR +1.00  ent[s/d/p/e] 0.64/2.07/1.21/0.00  emits 0.98  spf 41.5  z0 0.02  garr 37.4  tG 520  e2 0.00  nF 13.7  pS 0.39  ptS 0.38  fLog 0.48  pdΔ -0.1090  pkR 6.07  clip 0.10  kl +0.001
upd  541  steps 1110016  sps 1176  opp symm  loss -0.120  pg -0.1190  v 0.022  ev +0.96  adv_std 0.206  tR +0.67  ent[s/d/p/e] 0.63/2.07/1.25/0.00  emits 1.00  spf 45.0  z0 0.00  garr 40.0  tG 561  e2 0.00  nF 13.9  pS 0.39  ptS 0.38  fLog 0.49  pdΔ -0.1088  pkR 6.45  clip 0.14  kl +0.000
upd  542  steps 1112064  sps 1177  opp symm  loss -0.106  pg -0.1043  v 0.020  ev +0.96  adv_std 0.192  tR +0.33  ent[s/d/p/e] 0.53/1.88/1.25/0.00  emits 0.98  spf 33.2  z0 0.02  garr 31.1  tG 394  e2 0.00  nF 13.3  pS 0.32  ptS 0.32  fLog 0.45  pdΔ -0.1768  pkR 8.90  clip 0.16  kl +0.004
upd  543  steps 1114112  sps 1178  opp symm  loss -0.111  pg -0.1121  v 0.023  ev +0.95  adv_std 0.218  tR +1.00  ent[s/d/p/e] 0.49/1.79/1.18/0.00  emits 0.96  spf 31.4  z0 0.04  garr 28.2  tG 349  e2 0.00  nF 14.3  pS 0.30  ptS 0.29  fLog 0.44  pdΔ -0.2013  pkR 8.60  clip 0.11  kl +0.004
upd  544  steps 1116160  sps 1180  opp symm  loss -0.077  pg -0.0781  v 0.024  ev +0.95  adv_std 0.221  tR -0.33  ent[s/d/p/e] 0.49/1.77/1.24/0.00  emits 0.97  spf 31.4  z0 0.03  garr 29.0  tG 350  e2 0.00  nF 14.8  pS 0.30  ptS 0.29  fLog 0.44  pdΔ -0.1975  pkR 8.78  clip 0.09  kl +0.001
upd  545  steps 1118208  sps 1181  opp symm  loss -0.062  pg -0.0632  v 0.023  ev +0.94  adv_std 0.217  tR +0.20  ent[s/d/p/e] 0.48/1.88/1.20/0.00  emits 0.97  spf 35.7  z0 0.03  garr 31.9  tG 402  e2 0.00  nF 14.0  pS 0.32  ptS 0.31  fLog 0.45  pdΔ -0.1793  pkR 8.54  clip 0.13  kl +0.003
upd  546  steps 1120256  sps 1182  opp symm  loss -0.102  pg -0.1018  v 0.021  ev +0.96  adv_std 0.200  tR +0.43  ent[s/d/p/e] 0.49/1.96/1.20/0.00  emits 0.97  spf 35.7  z0 0.03  garr 32.7  tG 418  e2 0.00  nF 13.5  pS 0.32  ptS 0.31  fLog 0.46  pdΔ -0.1751  pkR 9.96  clip 0.08  kl +0.002
upd  547  steps 1122304  sps 1184  opp symm  loss -0.127  pg -0.1286  v 0.025  ev +0.95  adv_std 0.222  tR +0.20  ent[s/d/p/e] 0.45/2.02/1.11/0.00  emits 0.99  spf 31.7  z0 0.01  garr 29.7  tG 354  e2 0.00  nF 14.1  pS 0.30  ptS 0.30  fLog 0.44  pdΔ -0.1961  pkR 11.66  clip 0.12  kl +0.003
upd  548  steps 1124352  sps 1185  opp symm  loss -0.150  pg -0.1513  v 0.023  ev +0.96  adv_std 0.213  tR -0.33  ent[s/d/p/e] 0.42/2.05/1.06/0.00  emits 0.99  spf 29.2  z0 0.01  garr 27.5  tG 320  e2 0.00  nF 15.3  pS 0.30  ptS 0.29  fLog 0.42  pdΔ -0.2035  pkR 10.46  clip 0.17  kl +0.005
upd  549  steps 1126400  sps 1186  opp symm  loss -0.191  pg -0.1909  v 0.020  ev +0.96  adv_std 0.191  tR +0.60  ent[s/d/p/e] 0.44/2.02/1.08/0.00  emits 0.94  spf 30.4  z0 0.06  garr 26.7  tG 319  e2 0.00  nF 15.1  pS 0.30  ptS 0.29  fLog 0.43  pdΔ -0.2018  pkR 9.53  clip 0.10  kl +0.003
upd  550  steps 1128448  sps 1188  opp symm  loss -0.123  pg -0.1250  v 0.025  ev +0.95  adv_std 0.224  tR -0.56  ent[s/d/p/e] 0.40/1.91/1.12/0.00  emits 0.92  spf 30.5  z0 0.08  garr 26.2  tG 308  e2 0.00  nF 13.9  pS 0.28  ptS 0.28  fLog 0.42  pdΔ -0.2154  pkR 6.38  clip 0.15  kl +0.002
upd  551  steps 1130496  sps 1189  opp symm  loss -0.154  pg -0.1575  v 0.027  ev +0.95  adv_std 0.229  tR +1.00  ent[s/d/p/e] 0.44/1.99/1.09/0.00  emits 0.97  spf 30.1  z0 0.03  garr 28.0  tG 341  e2 0.00  nF 14.5  pS 0.30  ptS 0.29  fLog 0.42  pdΔ -0.2010  pkR 5.84  clip 0.20  kl +0.009
upd  552  steps 1132544  sps 1190  opp symm  loss -0.174  pg -0.1762  v 0.025  ev +0.96  adv_std 0.214  tR -0.33  ent[s/d/p/e] 0.39/1.98/1.13/0.00  emits 0.97  spf 30.8  z0 0.03  garr 28.1  tG 344  e2 0.00  nF 15.5  pS 0.30  ptS 0.29  fLog 0.41  pdΔ -0.2043  pkR 6.80  clip 0.10  kl +0.001
upd  553  steps 1134592  sps 1192  opp symm  loss -0.157  pg -0.1574  v 0.021  ev +0.96  adv_std 0.201  tR +0.50  ent[s/d/p/e] 0.45/1.92/1.14/0.00  emits 0.96  spf 31.9  z0 0.04  garr 29.6  tG 375  e2 0.00  nF 16.2  pS 0.31  ptS 0.30  fLog 0.42  pdΔ -0.1949  pkR 6.36  clip 0.10  kl +0.004
upd  554  steps 1136640  sps 1193  opp symm  loss -0.143  pg -0.1443  v 0.023  ev +0.95  adv_std 0.215  tR +0.00  ent[s/d/p/e] 0.47/1.90/1.19/0.00  emits 0.95  spf 31.0  z0 0.05  garr 28.1  tG 354  e2 0.00  nF 14.9  pS 0.31  ptS 0.30  fLog 0.43  pdΔ -0.1911  pkR 6.77  clip 0.13  kl +0.004
upd  555  steps 1138688  sps 1194  opp symm  loss -0.110  pg -0.1064  v 0.017  ev +0.97  adv_std 0.187  tR -1.00  ent[s/d/p/e] 0.51/2.02/1.34/0.00  emits 0.94  spf 36.6  z0 0.06  garr 32.6  tG 416  e2 0.00  nF 14.3  pS 0.35  ptS 0.34  fLog 0.47  pdΔ -0.1546  pkR 6.17  clip 0.12  kl +0.002
upd  556  steps 1140736  sps 1196  opp symm  loss -0.078  pg -0.0769  v 0.021  ev +0.96  adv_std 0.202  tR +0.00  ent[s/d/p/e] 0.51/2.15/1.31/0.00  emits 0.95  spf 40.4  z0 0.05  garr 36.3  tG 472  e2 0.00  nF 12.9  pS 0.38  ptS 0.37  fLog 0.48  pdΔ -0.1244  pkR 6.68  clip 0.16  kl +0.003
upd  557  steps 1142784  sps 1197  opp symm  loss -0.098  pg -0.0981  v 0.024  ev +0.95  adv_std 0.225  tR -0.25  ent[s/d/p/e] 0.51/2.08/1.25/0.00  emits 0.98  spf 40.4  z0 0.02  garr 37.7  tG 504  e2 0.00  nF 13.4  pS 0.39  ptS 0.38  fLog 0.47  pdΔ -0.1121  pkR 6.17  clip 0.18  kl +0.003
upd  558  steps 1144832  sps 1198  opp symm  loss -0.101  pg -0.0990  v 0.020  ev +0.95  adv_std 0.199  tR +1.00  ent[s/d/p/e] 0.55/2.14/1.29/0.00  emits 1.00  spf 41.7  z0 0.00  garr 38.6  tG 527  e2 0.00  nF 14.2  pS 0.42  ptS 0.41  fLog 0.48  pdΔ -0.0826  pkR 5.28  clip 0.15  kl +0.004
upd  559  steps 1146880  sps 1200  opp symm  loss -0.131  pg -0.1264  v 0.016  ev +0.97  adv_std 0.177  tR +0.67  ent[s/d/p/e] 0.60/2.16/1.27/0.00  emits 0.97  spf 40.2  z0 0.03  garr 36.4  tG 498  e2 0.00  nF 14.1  pS 0.42  ptS 0.41  fLog 0.48  pdΔ -0.0832  pkR 5.63  clip 0.11  kl +0.003
upd  560  steps 1148928  sps 1201  opp symm  loss -0.108  pg -0.1102  v 0.027  ev +0.95  adv_std 0.230  tR +1.00  ent[s/d/p/e] 0.56/2.14/1.26/0.00  emits 0.97  spf 40.2  z0 0.03  garr 36.9  tG 495  e2 0.00  nF 13.4  pS 0.40  ptS 0.39  fLog 0.48  pdΔ -0.0983  pkR 7.01  clip 0.14  kl +0.002
upd  561  steps 1150976  sps 1202  opp symm  loss -0.108  pg -0.1094  v 0.026  ev +0.95  adv_std 0.225  tR +0.43  ent[s/d/p/e] 0.55/2.00/1.21/0.00  emits 1.00  spf 37.7  z0 0.00  garr 35.5  tG 478  e2 0.00  nF 13.6  pS 0.39  ptS 0.39  fLog 0.46  pdΔ -0.1098  pkR 6.87  clip 0.18  kl +0.003
upd  562  steps 1153024  sps 1204  opp symm  loss -0.030  pg -0.0355  v 0.032  ev +0.92  adv_std 0.257  tR +0.78  ent[s/d/p/e] 0.46/1.94/1.23/0.00  emits 0.99  spf 36.0  z0 0.01  garr 33.3  tG 435  e2 0.00  nF 13.7  pS 0.36  ptS 0.36  fLog 0.46  pdΔ -0.1387  pkR 5.80  clip 0.16  kl +0.003
upd  563  steps 1155072  sps 1205  opp symm  loss -0.058  pg -0.0585  v 0.024  ev +0.94  adv_std 0.216  tR +0.33  ent[s/d/p/e] 0.49/1.86/1.31/0.00  emits 0.98  spf 39.0  z0 0.02  garr 35.2  tG 469  e2 0.00  nF 14.1  pS 0.37  ptS 0.36  fLog 0.47  pdΔ -0.1316  pkR 5.51  clip 0.14  kl +0.006
upd  564  steps 1157120  sps 1206  opp symm  loss -0.139  pg -0.1381  v 0.021  ev +0.95  adv_std 0.205  tR +0.60  ent[s/d/p/e] 0.48/2.01/1.28/0.00  emits 0.98  spf 43.8  z0 0.02  garr 38.0  tG 512  e2 0.00  nF 14.1  pS 0.38  ptS 0.37  fLog 0.49  pdΔ -0.1161  pkR 5.04  clip 0.20  kl +0.003
upd  565  steps 1159168  sps 1208  opp symm  loss -0.129  pg -0.1264  v 0.018  ev +0.96  adv_std 0.190  tR +0.50  ent[s/d/p/e] 0.52/2.08/1.31/0.00  emits 0.98  spf 43.1  z0 0.02  garr 38.8  tG 524  e2 0.00  nF 13.5  pS 0.41  ptS 0.39  fLog 0.50  pdΔ -0.0939  pkR 5.29  clip 0.16  kl +0.006
upd  566  steps 1161216  sps 1209  opp symm  loss -0.151  pg -0.1491  v 0.019  ev +0.96  adv_std 0.193  tR +0.43  ent[s/d/p/e] 0.49/2.04/1.25/0.00  emits 0.98  spf 42.8  z0 0.02  garr 38.1  tG 514  e2 0.00  nF 12.8  pS 0.40  ptS 0.38  fLog 0.49  pdΔ -0.0988  pkR 5.30  clip 0.14  kl +0.001
upd  567  steps 1163264  sps 1210  opp symm  loss -0.094  pg -0.0939  v 0.022  ev +0.95  adv_std 0.211  tR +0.43  ent[s/d/p/e] 0.44/2.03/1.24/0.00  emits 0.95  spf 41.6  z0 0.05  garr 36.4  tG 487  e2 0.00  nF 12.4  pS 0.38  ptS 0.36  fLog 0.49  pdΔ -0.1224  pkR 6.04  clip 0.14  kl +0.003
upd  568  steps 1165312  sps 1212  opp symm  loss -0.131  pg -0.1306  v 0.021  ev +0.96  adv_std 0.202  tR +0.20  ent[s/d/p/e] 0.41/1.96/1.14/0.00  emits 0.96  spf 38.8  z0 0.04  garr 33.9  tG 452  e2 0.00  nF 12.8  pS 0.36  ptS 0.34  fLog 0.47  pdΔ -0.1431  pkR 7.82  clip 0.14  kl +0.003
upd  569  steps 1167360  sps 1213  opp symm  loss -0.121  pg -0.1245  v 0.027  ev +0.95  adv_std 0.232  tR +0.50  ent[s/d/p/e] 0.35/1.82/1.14/0.01  emits 0.97  spf 31.4  z0 0.03  garr 27.8  tG 330  e2 0.00  nF 14.1  pS 0.31  ptS 0.30  fLog 0.44  pdΔ -0.1906  pkR 8.14  clip 0.15  kl +0.004
upd  570  steps 1169408  sps 1214  opp symm  loss -0.069  pg -0.0737  v 0.030  ev +0.94  adv_std 0.245  tR +0.33  ent[s/d/p/e] 0.36/1.78/1.13/0.01  emits 0.99  spf 31.9  z0 0.01  garr 29.6  tG 360  e2 0.00  nF 14.6  pS 0.31  ptS 0.30  fLog 0.44  pdΔ -0.1853  pkR 6.72  clip 0.13  kl +0.002
upd  571  steps 1171456  sps 1216  opp symm  loss -0.087  pg -0.0884  v 0.023  ev +0.95  adv_std 0.219  tR +1.00  ent[s/d/p/e] 0.37/1.77/1.15/0.01  emits 1.00  spf 30.8  z0 0.00  garr 29.6  tG 347  e2 0.00  nF 15.1  pS 0.32  ptS 0.30  fLog 0.44  pdΔ -0.1802  pkR 8.09  clip 0.11  kl +0.000
upd  572  steps 1173504  sps 1217  opp symm  loss -0.083  pg -0.0846  v 0.025  ev +0.95  adv_std 0.222  tR +1.00  ent[s/d/p/e] 0.40/1.84/1.15/0.01  emits 0.98  spf 27.2  z0 0.02  garr 26.7  tG 297  e2 0.00  nF 14.8  pS 0.30  ptS 0.28  fLog 0.43  pdΔ -0.2002  pkR 7.69  clip 0.12  kl +0.001
upd  573  steps 1175552  sps 1218  opp symm  loss -0.130  pg -0.1331  v 0.025  ev +0.95  adv_std 0.221  tR -0.71  ent[s/d/p/e] 0.39/1.85/1.08/0.00  emits 0.97  spf 25.9  z0 0.03  garr 25.3  tG 296  e2 0.00  nF 14.8  pS 0.30  ptS 0.28  fLog 0.41  pdΔ -0.2044  pkR 8.23  clip 0.14  kl +0.000
upd  574  steps 1177600  sps 1220  opp symm  loss -0.193  pg -0.1934  v 0.022  ev +0.96  adv_std 0.193  tR +0.50  ent[s/d/p/e] 0.41/2.00/1.05/0.00  emits 0.97  spf 28.3  z0 0.03  garr 26.8  tG 334  e2 0.00  nF 16.3  pS 0.31  ptS 0.30  fLog 0.41  pdΔ -0.1920  pkR 7.85  clip 0.11  kl +0.002
upd  575  steps 1179648  sps 1221  opp symm  loss -0.156  pg -0.1624  v 0.032  ev +0.94  adv_std 0.240  tR +0.33  ent[s/d/p/e] 0.32/1.99/0.97/0.00  emits 0.95  spf 24.8  z0 0.05  garr 23.4  tG 279  e2 0.00  nF 16.2  pS 0.27  ptS 0.26  fLog 0.39  pdΔ -0.2328  pkR 9.09  clip 0.15  kl +0.005
upd  576  steps 1181696  sps 1222  opp symm  loss -0.111  pg -0.1153  v 0.027  ev +0.94  adv_std 0.227  tR -0.43  ent[s/d/p/e] 0.34/1.86/0.97/0.00  emits 0.94  spf 24.3  z0 0.06  garr 22.6  tG 262  e2 0.00  nF 16.4  pS 0.26  ptS 0.25  fLog 0.39  pdΔ -0.2435  pkR 8.84  clip 0.15  kl +0.002
upd  577  steps 1183744  sps 1223  opp symm  loss -0.171  pg -0.1747  v 0.026  ev +0.94  adv_std 0.228  tR -0.50  ent[s/d/p/e] 0.37/1.72/1.13/0.00  emits 0.96  spf 26.3  z0 0.04  garr 25.1  tG 286  e2 0.00  nF 16.8  pS 0.28  ptS 0.27  fLog 0.41  pdΔ -0.2186  pkR 9.23  clip 0.14  kl -0.001
upd  578  steps 1185792  sps 1225  opp symm  loss -0.163  pg -0.1671  v 0.029  ev +0.95  adv_std 0.224  tR +0.33  ent[s/d/p/e] 0.41/1.77/1.10/0.00  emits 1.00  spf 24.6  z0 0.00  garr 24.8  tG 283  e2 0.00  nF 17.2  pS 0.29  ptS 0.28  fLog 0.41  pdΔ -0.2060  pkR 10.68  clip 0.15  kl +0.004
upd  579  steps 1187840  sps 1226  opp symm  loss -0.166  pg -0.1685  v 0.025  ev +0.95  adv_std 0.215  tR -0.20  ent[s/d/p/e] 0.40/1.93/1.06/0.00  emits 0.99  spf 27.5  z0 0.01  garr 27.1  tG 319  e2 0.00  nF 16.6  pS 0.31  ptS 0.30  fLog 0.42  pdΔ -0.1875  pkR 7.73  clip 0.16  kl +0.004
upd  580  steps 1189888  sps 1227  opp symm  loss -0.149  pg -0.1534  v 0.029  ev +0.94  adv_std 0.243  tR +0.43  ent[s/d/p/e] 0.36/1.85/1.09/0.00  emits 0.97  spf 28.6  z0 0.03  garr 27.5  tG 324  e2 0.00  nF 15.7  pS 0.30  ptS 0.29  fLog 0.43  pdΔ -0.2003  pkR 9.20  clip 0.13  kl +0.003
upd  581  steps 1191936  sps 1229  opp symm  loss -0.092  pg -0.0928  v 0.021  ev +0.95  adv_std 0.203  tR +0.00  ent[s/d/p/e] 0.36/1.59/1.20/0.00  emits 0.96  spf 26.1  z0 0.04  garr 24.8  tG 271  e2 0.00  nF 15.5  pS 0.26  ptS 0.25  fLog 0.41  pdΔ -0.2392  pkR 13.51  clip 0.10  kl +0.003
upd  582  steps 1193984  sps 1230  opp symm  loss -0.131  pg -0.1344  v 0.026  ev +0.94  adv_std 0.232  tR -1.00  ent[s/d/p/e] 0.36/1.69/1.22/0.00  emits 0.98  spf 26.3  z0 0.02  garr 26.7  tG 292  e2 0.00  nF 15.9  pS 0.29  ptS 0.27  fLog 0.42  pdΔ -0.2128  pkR 11.65  clip 0.12  kl +0.005
upd  583  steps 1196032  sps 1231  opp symm  loss -0.053  pg -0.0555  v 0.027  ev +0.94  adv_std 0.227  tR +1.00  ent[s/d/p/e] 0.41/1.73/1.28/0.00  emits 0.99  spf 28.8  z0 0.02  garr 29.3  tG 334  e2 0.00  nF 16.1  pS 0.31  ptS 0.29  fLog 0.44  pdΔ -0.1930  pkR 8.48  clip 0.10  kl +0.003
upd  584  steps 1198080  sps 1232  opp symm  loss -0.116  pg -0.1150  v 0.019  ev +0.96  adv_std 0.195  tR +0.14  ent[s/d/p/e] 0.43/1.75/1.26/0.00  emits 0.96  spf 29.8  z0 0.04  garr 29.6  tG 345  e2 0.00  nF 16.2  pS 0.30  ptS 0.29  fLog 0.44  pdΔ -0.2039  pkR 8.63  clip 0.13  kl +0.002
upd  585  steps 1200128  sps 1234  opp symm  loss -0.171  pg -0.1708  v 0.020  ev +0.95  adv_std 0.199  tR +0.50  ent[s/d/p/e] 0.38/1.68/1.23/0.00  emits 0.96  spf 26.9  z0 0.04  garr 26.9  tG 302  e2 0.00  nF 15.4  pS 0.28  ptS 0.27  fLog 0.42  pdΔ -0.2243  pkR 9.13  clip 0.14  kl +0.002
upd  586  steps 1202176  sps 1235  opp symm  loss -0.040  pg -0.0409  v 0.023  ev +0.94  adv_std 0.217  tR -0.33  ent[s/d/p/e] 0.35/1.66/1.21/0.00  emits 0.95  spf 28.3  z0 0.05  garr 27.5  tG 339  e2 0.00  nF 15.6  pS 0.28  ptS 0.27  fLog 0.42  pdΔ -0.2238  pkR 9.34  clip 0.07  kl +0.004
upd  587  steps 1204224  sps 1236  opp symm  loss -0.071  pg -0.0712  v 0.022  ev +0.95  adv_std 0.203  tR +0.00  ent[s/d/p/e] 0.35/1.60/1.28/0.00  emits 0.93  spf 26.7  z0 0.07  garr 26.1  tG 316  e2 0.00  nF 15.0  pS 0.26  ptS 0.26  fLog 0.41  pdΔ -0.2367  pkR 11.53  clip 0.10  kl +0.004
upd  588  steps 1206272  sps 1238  opp symm  loss -0.132  pg -0.1330  v 0.022  ev +0.95  adv_std 0.212  tR +0.11  ent[s/d/p/e] 0.35/1.50/1.25/0.00  emits 0.99  spf 24.6  z0 0.01  garr 25.7  tG 310  e2 0.00  nF 14.9  pS 0.26  ptS 0.25  fLog 0.39  pdΔ -0.2416  pkR 11.42  clip 0.07  kl +0.002
upd  589  steps 1208320  sps 1239  opp symm  loss -0.087  pg -0.0858  v 0.018  ev +0.96  adv_std 0.188  tR +0.33  ent[s/d/p/e] 0.41/1.54/1.30/0.01  emits 0.95  spf 26.7  z0 0.05  garr 26.2  tG 316  e2 0.00  nF 14.7  pS 0.27  ptS 0.27  fLog 0.41  pdΔ -0.2272  pkR 10.42  clip 0.12  kl +0.003
upd  590  steps 1210368  sps 1240  opp symm  loss -0.122  pg -0.1198  v 0.018  ev +0.96  adv_std 0.188  tR -0.50  ent[s/d/p/e] 0.43/1.56/1.35/0.01  emits 0.96  spf 27.1  z0 0.04  garr 27.1  tG 315  e2 0.00  nF 13.4  pS 0.29  ptS 0.28  fLog 0.42  pdΔ -0.2124  pkR 9.25  clip 0.10  kl +0.003
upd  591  steps 1212416  sps 1241  opp symm  loss -0.066  pg -0.0664  v 0.022  ev +0.95  adv_std 0.205  tR +0.50  ent[s/d/p/e] 0.42/1.56/1.32/0.01  emits 0.98  spf 29.2  z0 0.03  garr 29.4  tG 356  e2 0.00  nF 12.8  pS 0.30  ptS 0.29  fLog 0.43  pdΔ -0.2030  pkR 8.49  clip 0.13  kl +0.002
upd  592  steps 1214464  sps 1243  opp symm  loss -0.047  pg -0.0469  v 0.022  ev +0.95  adv_std 0.208  tR +0.25  ent[s/d/p/e] 0.42/1.52/1.38/0.01  emits 0.96  spf 26.5  z0 0.04  garr 27.2  tG 313  e2 0.00  nF 12.6  pS 0.29  ptS 0.28  fLog 0.43  pdΔ -0.2099  pkR 9.99  clip 0.14  kl +0.004
upd  593  steps 1216512  sps 1244  opp symm  loss -0.067  pg -0.0671  v 0.023  ev +0.94  adv_std 0.219  tR -0.60  ent[s/d/p/e] 0.42/1.55/1.43/0.02  emits 0.99  spf 28.4  z0 0.02  garr 29.6  tG 339  e2 0.00  nF 12.5  pS 0.30  ptS 0.29  fLog 0.44  pdΔ -0.2002  pkR 9.12  clip 0.12  kl +0.005
upd  594  steps 1218560  sps 1245  opp symm  loss -0.063  pg -0.0604  v 0.018  ev +0.96  adv_std 0.190  tR +0.50  ent[s/d/p/e] 0.46/1.56/1.45/0.02  emits 1.00  spf 33.6  z0 0.00  garr 33.9  tG 410  e2 0.01  nF 12.4  pS 0.34  ptS 0.32  fLog 0.46  pdΔ -0.1646  pkR 9.88  clip 0.15  kl +0.005
upd  595  steps 1220608  sps 1247  opp symm  loss -0.050  pg -0.0502  v 0.024  ev +0.95  adv_std 0.219  tR -0.25  ent[s/d/p/e] 0.47/1.64/1.37/0.02  emits 0.98  spf 31.3  z0 0.02  garr 32.5  tG 378  e2 0.00  nF 12.0  pS 0.34  ptS 0.32  fLog 0.46  pdΔ -0.1582  pkR 10.16  clip 0.12  kl -0.001
upd  596  steps 1222656  sps 1248  opp symm  loss -0.071  pg -0.0688  v 0.017  ev +0.96  adv_std 0.184  tR +0.60  ent[s/d/p/e] 0.44/1.66/1.35/0.02  emits 0.99  spf 32.5  z0 0.02  garr 34.0  tG 412  e2 0.00  nF 12.7  pS 0.35  ptS 0.33  fLog 0.45  pdΔ -0.1545  pkR 9.12  clip 0.16  kl +0.005
upd  597  steps 1224704  sps 1249  opp symm  loss -0.055  pg -0.0536  v 0.020  ev +0.96  adv_std 0.203  tR +0.00  ent[s/d/p/e] 0.44/1.51/1.40/0.03  emits 1.00  spf 34.7  z0 0.01  garr 36.0  tG 438  e2 0.01  nF 12.6  pS 0.36  ptS 0.34  fLog 0.46  pdΔ -0.1439  pkR 6.37  clip 0.19  kl +0.002
upd  598  steps 1226752  sps 1250  opp symm  loss -0.067  pg -0.0640  v 0.016  ev +0.97  adv_std 0.172  tR +1.00  ent[s/d/p/e] 0.43/1.63/1.36/0.06  emits 1.01  spf 35.0  z0 0.00  garr 35.9  tG 450  e2 0.01  nF 12.5  pS 0.36  ptS 0.35  fLog 0.46  pdΔ -0.1367  pkR 5.75  clip 0.12  kl +0.004
[eval_vs_v20] u599 tag=train_u599  bin0=0.0%  spf=0.00  garr=128.50  flip=0.00%  z0=71.9%  e8=0.0%  e2+=0.0%  WLD=0/3/0
upd  599  steps 1228800  sps 1252  opp symm  loss -0.090  pg -0.0898  v 0.022  ev +0.96  adv_std 0.212  tR +0.00  ent[s/d/p/e] 0.45/1.68/1.33/0.07  emits 0.99  spf 38.0  z0 0.04  garr 37.9  tG 507  e2 0.02  nF 12.9  pS 0.37  ptS 0.36  fLog 0.46  pdΔ -0.1266  pkR 5.58  clip 0.18  kl +0.003 WRr 0.53 v20[spf 0.0 flip 0.0% e2+ 0.0%]
[ckpt] saved ./ckpt_multi_action_v14b/ckpt_000599.pkl opp=symm
upd  600  steps 1230848  sps 1142  opp symm  loss -0.127  pg -0.1255  v 0.020  ev +0.96  adv_std 0.194  tR +0.00  ent[s/d/p/e] 0.41/1.83/1.27/0.08  emits 0.97  spf 39.7  z0 0.05  garr 37.5  tG 509  e2 0.02  nF 13.2  pS 0.36  ptS 0.35  fLog 0.46  pdΔ -0.1375  pkR 6.13  clip 0.12  kl +0.003
upd  601  steps 1232896  sps 1143  opp symm  loss -0.062  pg -0.0603  v 0.018  ev +0.96  adv_std 0.191  tR -0.14  ent[s/d/p/e] 0.42/1.70/1.23/0.07  emits 0.99  spf 38.5  z0 0.03  garr 38.2  tG 528  e2 0.02  nF 14.1  pS 0.37  ptS 0.35  fLog 0.45  pdΔ -0.1344  pkR 5.86  clip 0.14  kl +0.005
upd  602  steps 1234944  sps 1145  opp symm  loss -0.156  pg -0.1591  v 0.027  ev +0.94  adv_std 0.234  tR +0.43  ent[s/d/p/e] 0.38/1.75/1.17/0.07  emits 0.97  spf 40.6  z0 0.05  garr 38.3  tG 520  e2 0.02  nF 15.3  pS 0.34  ptS 0.32  fLog 0.45  pdΔ -0.1622  pkR 6.17  clip 0.17  kl +0.008
upd  603  steps 1236992  sps 1146  opp symm  loss -0.111  pg -0.1108  v 0.019  ev +0.96  adv_std 0.196  tR -0.14  ent[s/d/p/e] 0.39/1.71/1.20/0.07  emits 0.99  spf 39.7  z0 0.03  garr 37.5  tG 499  e2 0.02  nF 15.3  pS 0.34  ptS 0.33  fLog 0.45  pdΔ -0.1648  pkR 6.38  clip 0.09  kl +0.002
upd  604  steps 1239040  sps 1147  opp symm  loss -0.133  pg -0.1359  v 0.028  ev +0.95  adv_std 0.234  tR +0.14  ent[s/d/p/e] 0.42/1.79/1.21/0.06  emits 0.99  spf 40.1  z0 0.02  garr 38.1  tG 512  e2 0.01  nF 14.9  pS 0.35  ptS 0.33  fLog 0.45  pdΔ -0.1540  pkR 5.77  clip 0.09  kl +0.002
upd  605  steps 1241088  sps 1148  opp symm  loss -0.112  pg -0.1211  v 0.040  ev +0.91  adv_std 0.286  tR +0.25  ent[s/d/p/e] 0.42/1.64/1.26/0.06  emits 1.00  spf 36.6  z0 0.03  garr 36.7  tG 490  e2 0.02  nF 15.1  pS 0.34  ptS 0.33  fLog 0.44  pdΔ -0.1612  pkR 6.89  clip 0.15  kl +0.010
upd  606  steps 1243136  sps 1150  opp symm  loss -0.162  pg -0.1656  v 0.028  ev +0.94  adv_std 0.240  tR +0.56  ent[s/d/p/e] 0.40/1.71/1.18/0.04  emits 0.99  spf 36.8  z0 0.02  garr 35.0  tG 476  e2 0.01  nF 15.2  pS 0.33  ptS 0.32  fLog 0.44  pdΔ -0.1697  pkR 9.06  clip 0.15  kl +0.003
upd  607  steps 1245184  sps 1151  opp symm  loss -0.199  pg -0.2015  v 0.024  ev +0.95  adv_std 0.215  tR +1.00  ent[s/d/p/e] 0.41/1.70/1.13/0.03  emits 0.98  spf 31.8  z0 0.03  garr 31.5  tG 419  e2 0.01  nF 17.0  pS 0.30  ptS 0.29  fLog 0.42  pdΔ -0.2006  pkR 9.36  clip 0.09  kl +0.004
upd  608  steps 1247232  sps 1152  opp symm  loss -0.154  pg -0.1560  v 0.024  ev +0.94  adv_std 0.221  tR +0.00  ent[s/d/p/e] 0.36/1.60/1.14/0.03  emits 0.98  spf 26.0  z0 0.03  garr 25.4  tG 297  e2 0.01  nF 16.1  pS 0.26  ptS 0.25  fLog 0.39  pdΔ -0.2445  pkR 9.90  clip 0.14  kl -0.000
upd  609  steps 1249280  sps 1153  opp symm  loss -0.046  pg -0.0475  v 0.024  ev +0.94  adv_std 0.219  tR +0.33  ent[s/d/p/e] 0.40/1.52/1.23/0.04  emits 0.96  spf 26.0  z0 0.06  garr 25.8  tG 290  e2 0.01  nF 14.9  pS 0.26  ptS 0.25  fLog 0.41  pdΔ -0.2382  pkR 10.04  clip 0.14  kl -0.002
upd  610  steps 1251328  sps 1154  opp symm  loss -0.145  pg -0.1437  v 0.017  ev +0.96  adv_std 0.182  tR -0.20  ent[s/d/p/e] 0.43/1.57/1.24/0.02  emits 0.97  spf 25.2  z0 0.03  garr 26.0  tG 277  e2 0.01  nF 14.3  pS 0.27  ptS 0.26  fLog 0.41  pdΔ -0.2335  pkR 9.50  clip 0.09  kl +0.005
upd  611  steps 1253376  sps 1156  opp symm  loss -0.142  pg -0.1411  v 0.020  ev +0.95  adv_std 0.200  tR +0.00  ent[s/d/p/e] 0.46/1.72/1.23/0.01  emits 0.98  spf 29.8  z0 0.03  garr 29.9  tG 339  e2 0.00  nF 14.7  pS 0.30  ptS 0.29  fLog 0.43  pdΔ -0.1999  pkR 8.73  clip 0.09  kl +0.002
upd  612  steps 1255424  sps 1157  opp symm  loss -0.088  pg -0.0880  v 0.022  ev +0.95  adv_std 0.211  tR +0.33  ent[s/d/p/e] 0.46/1.75/1.28/0.01  emits 0.95  spf 32.5  z0 0.05  garr 32.2  tG 379  e2 0.00  nF 13.6  pS 0.32  ptS 0.31  fLog 0.45  pdΔ -0.1790  pkR 8.23  clip 0.15  kl +0.001
upd  613  steps 1257472  sps 1158  opp symm  loss -0.178  pg -0.1759  v 0.017  ev +0.96  adv_std 0.183  tR -0.20  ent[s/d/p/e] 0.43/1.75/1.23/0.01  emits 0.97  spf 31.6  z0 0.03  garr 31.3  tG 391  e2 0.00  nF 13.1  pS 0.34  ptS 0.33  fLog 0.44  pdΔ -0.1609  pkR 6.60  clip 0.08  kl +0.003
upd  614  steps 1259520  sps 1159  opp symm  loss -0.220  pg -0.2214  v 0.022  ev +0.96  adv_std 0.209  tR +0.67  ent[s/d/p/e] 0.36/1.81/1.12/0.01  emits 1.00  spf 30.0  z0 0.00  garr 30.4  tG 393  e2 0.00  nF 14.7  pS 0.33  ptS 0.32  fLog 0.42  pdΔ -0.1722  pkR 6.64  clip 0.14  kl +0.002
upd  615  steps 1261568  sps 1160  opp symm  loss -0.161  pg -0.1644  v 0.027  ev +0.95  adv_std 0.220  tR +0.67  ent[s/d/p/e] 0.35/1.80/1.06/0.01  emits 1.00  spf 28.7  z0 0.00  garr 30.2  tG 396  e2 0.00  nF 15.5  pS 0.30  ptS 0.30  fLog 0.40  pdΔ -0.1979  pkR 7.16  clip 0.08  kl +0.003
upd  616  steps 1263616  sps 1162  opp symm  loss -0.206  pg -0.2088  v 0.025  ev +0.95  adv_std 0.222  tR +1.00  ent[s/d/p/e] 0.33/1.72/1.04/0.01  emits 0.98  spf 30.2  z0 0.02  garr 30.3  tG 403  e2 0.00  nF 15.1  pS 0.29  ptS 0.29  fLog 0.40  pdΔ -0.2099  pkR 7.53  clip 0.15  kl +0.002
upd  617  steps 1265664  sps 1163  opp symm  loss -0.152  pg -0.1537  v 0.023  ev +0.95  adv_std 0.208  tR +0.33  ent[s/d/p/e] 0.34/1.74/1.08/0.02  emits 0.95  spf 33.5  z0 0.06  garr 31.2  tG 420  e2 0.00  nF 14.7  pS 0.30  ptS 0.29  fLog 0.42  pdΔ -0.2020  pkR 6.64  clip 0.12  kl +0.003
upd  618  steps 1267712  sps 1164  opp symm  loss -0.129  pg -0.1300  v 0.021  ev +0.95  adv_std 0.205  tR -0.60  ent[s/d/p/e] 0.32/1.62/1.15/0.03  emits 0.98  spf 33.9  z0 0.02  garr 32.0  tG 422  e2 0.00  nF 13.1  pS 0.31  ptS 0.30  fLog 0.43  pdΔ -0.1877  pkR 6.80  clip 0.07  kl +0.003
upd  619  steps 1269760  sps 1165  opp symm  loss -0.058  pg -0.0612  v 0.027  ev +0.94  adv_std 0.235  tR +0.00  ent[s/d/p/e] 0.35/1.71/1.15/0.02  emits 0.99  spf 35.6  z0 0.02  garr 34.3  tG 452  e2 0.00  nF 13.1  pS 0.33  ptS 0.32  fLog 0.44  pdΔ -0.1709  pkR 6.64  clip 0.12  kl +0.004
upd  620  steps 1271808  sps 1166  opp symm  loss -0.024  pg -0.0280  v 0.029  ev +0.93  adv_std 0.244  tR +0.43  ent[s/d/p/e] 0.38/1.64/1.25/0.02  emits 0.97  spf 37.6  z0 0.03  garr 36.2  tG 476  e2 0.00  nF 12.5  pS 0.34  ptS 0.33  fLog 0.46  pdΔ -0.1569  pkR 6.47  clip 0.10  kl +0.002
upd  621  steps 1273856  sps 1167  opp symm  loss -0.162  pg -0.1613  v 0.019  ev +0.96  adv_std 0.198  tR +1.00  ent[s/d/p/e] 0.39/1.73/1.19/0.02  emits 0.99  spf 35.1  z0 0.02  garr 34.9  tG 461  e2 0.00  nF 13.8  pS 0.34  ptS 0.34  fLog 0.45  pdΔ -0.1554  pkR 6.12  clip 0.11  kl +0.003
upd  622  steps 1275904  sps 1169  opp symm  loss -0.102  pg -0.1054  v 0.026  ev +0.95  adv_std 0.231  tR +0.71  ent[s/d/p/e] 0.38/1.75/1.18/0.02  emits 0.96  spf 33.2  z0 0.04  garr 32.4  tG 425  e2 0.00  nF 14.5  pS 0.32  ptS 0.32  fLog 0.43  pdΔ -0.1789  pkR 7.37  clip 0.11  kl +0.001
upd  623  steps 1277952  sps 1170  opp symm  loss -0.150  pg -0.1543  v 0.026  ev +0.95  adv_std 0.234  tR +0.54  ent[s/d/p/e] 0.29/1.68/1.03/0.02  emits 0.97  spf 28.2  z0 0.03  garr 29.0  tG 368  e2 0.00  nF 14.9  pS 0.27  ptS 0.27  fLog 0.40  pdΔ -0.2269  pkR 9.69  clip 0.09  kl +0.003
upd  624  steps 1280000  sps 1171  opp symm  loss +0.004  pg -0.0089  v 0.044  ev +0.90  adv_std 0.298  tR +0.60  ent[s/d/p/e] 0.27/1.49/1.11/0.01  emits 0.99  spf 26.6  z0 0.01  garr 26.4  tG 321  e2 0.00  nF 15.9  pS 0.26  ptS 0.26  fLog 0.39  pdΔ -0.2443  pkR 10.15  clip 0.07  kl -0.000
upd  625  steps 1282048  sps 1172  opp symm  loss -0.127  pg -0.1313  v 0.028  ev +0.95  adv_std 0.231  tR -1.00  ent[s/d/p/e] 0.33/1.59/1.21/0.01  emits 0.97  spf 27.4  z0 0.03  garr 29.0  tG 357  e2 0.00  nF 16.4  pS 0.28  ptS 0.28  fLog 0.41  pdΔ -0.2176  pkR 9.22  clip 0.12  kl +0.003
upd  626  steps 1284096  sps 1173  opp symm  loss -0.069  pg -0.0730  v 0.029  ev +0.94  adv_std 0.243  tR +0.33  ent[s/d/p/e] 0.34/1.71/1.25/0.01  emits 0.98  spf 31.6  z0 0.02  garr 32.2  tG 405  e2 0.00  nF 16.0  pS 0.31  ptS 0.30  fLog 0.43  pdΔ -0.1910  pkR 7.55  clip 0.11  kl +0.003
upd  627  steps 1286144  sps 1175  opp symm  loss -0.084  pg -0.0849  v 0.023  ev +0.95  adv_std 0.220  tR +0.33  ent[s/d/p/e] 0.34/1.74/1.25/0.01  emits 1.00  spf 32.8  z0 0.00  garr 34.4  tG 444  e2 0.00  nF 15.3  pS 0.34  ptS 0.33  fLog 0.44  pdΔ -0.1627  pkR 6.97  clip 0.10  kl +0.001
upd  628  steps 1288192  sps 1176  opp symm  loss -0.050  pg -0.0513  v 0.024  ev +0.95  adv_std 0.222  tR +1.00  ent[s/d/p/e] 0.33/1.65/1.22/0.01  emits 0.98  spf 32.6  z0 0.02  garr 33.7  tG 435  e2 0.00  nF 15.2  pS 0.33  ptS 0.31  fLog 0.44  pdΔ -0.1742  pkR 8.35  clip 0.09  kl +0.001
upd  629  steps 1290240  sps 1177  opp symm  loss -0.077  pg -0.0759  v 0.019  ev +0.96  adv_std 0.194  tR +0.60  ent[s/d/p/e] 0.35/1.61/1.28/0.01  emits 0.95  spf 31.9  z0 0.05  garr 31.3  tG 393  e2 0.00  nF 14.5  pS 0.31  ptS 0.30  fLog 0.44  pdΔ -0.1882  pkR 8.96  clip 0.12  kl +0.002
upd  630  steps 1292288  sps 1178  opp symm  loss -0.044  pg -0.0499  v 0.031  ev +0.93  adv_std 0.244  tR -0.09  ent[s/d/p/e] 0.34/1.60/1.24/0.01  emits 0.94  spf 27.8  z0 0.06  garr 28.6  tG 343  e2 0.00  nF 13.8  pS 0.29  ptS 0.28  fLog 0.42  pdΔ -0.2115  pkR 10.57  clip 0.13  kl +0.003
upd  631  steps 1294336  sps 1179  opp symm  loss -0.108  pg -0.1110  v 0.024  ev +0.95  adv_std 0.216  tR +0.33  ent[s/d/p/e] 0.30/1.56/1.15/0.01  emits 0.95  spf 23.2  z0 0.05  garr 23.8  tG 287  e2 0.00  nF 14.9  pS 0.27  ptS 0.26  fLog 0.39  pdΔ -0.2257  pkR 9.70  clip 0.12  kl +0.006
upd  632  steps 1296384  sps 1180  opp symm  loss -0.092  pg -0.0944  v 0.024  ev +0.94  adv_std 0.226  tR -0.33  ent[s/d/p/e] 0.32/1.57/1.19/0.01  emits 0.97  spf 26.6  z0 0.03  garr 27.6  tG 351  e2 0.00  nF 15.7  pS 0.30  ptS 0.29  fLog 0.41  pdΔ -0.1994  pkR 9.13  clip 0.11  kl +0.005
upd  633  steps 1298432  sps 1182  opp symm  loss -0.094  pg -0.0990  v 0.029  ev +0.94  adv_std 0.237  tR +0.80  ent[s/d/p/e] 0.34/1.58/1.18/0.01  emits 1.00  spf 24.7  z0 0.00  garr 27.4  tG 332  e2 0.00  nF 15.7  pS 0.30  ptS 0.29  fLog 0.41  pdΔ -0.1987  pkR 9.06  clip 0.07  kl +0.003
upd  634  steps 1300480  sps 1183  opp symm  loss -0.146  pg -0.1470  v 0.022  ev +0.95  adv_std 0.208  tR +1.00  ent[s/d/p/e] 0.37/1.60/1.16/0.01  emits 1.00  spf 25.4  z0 0.00  garr 28.1  tG 339  e2 0.00  nF 15.1  pS 0.31  ptS 0.29  fLog 0.41  pdΔ -0.1910  pkR 8.90  clip 0.10  kl +0.002
upd  635  steps 1302528  sps 1184  opp symm  loss -0.049  pg -0.0502  v 0.024  ev +0.95  adv_std 0.218  tR +1.00  ent[s/d/p/e] 0.40/1.63/1.27/0.02  emits 0.95  spf 28.9  z0 0.05  garr 30.2  tG 376  e2 0.00  nF 14.8  pS 0.33  ptS 0.31  fLog 0.44  pdΔ -0.1719  pkR 7.96  clip 0.11  kl +0.005
upd  636  steps 1304576  sps 1185  opp symm  loss -0.061  pg -0.0645  v 0.027  ev +0.94  adv_std 0.232  tR +0.25  ent[s/d/p/e] 0.37/1.57/1.24/0.02  emits 0.96  spf 28.0  z0 0.04  garr 29.9  tG 368  e2 0.00  nF 13.2  pS 0.31  ptS 0.30  fLog 0.43  pdΔ -0.1882  pkR 8.42  clip 0.14  kl +0.004
upd  637  steps 1306624  sps 1186  opp symm  loss -0.213  pg -0.2144  v 0.021  ev +0.96  adv_std 0.206  tR +0.14  ent[s/d/p/e] 0.34/1.68/1.13/0.01  emits 0.99  spf 25.7  z0 0.01  garr 27.5  tG 330  e2 0.00  nF 14.0  pS 0.30  ptS 0.28  fLog 0.41  pdΔ -0.2021  pkR 8.08  clip 0.13  kl +0.001
upd  638  steps 1308672  sps 1187  opp symm  loss -0.081  pg -0.0848  v 0.028  ev +0.95  adv_std 0.232  tR +1.00  ent[s/d/p/e] 0.33/1.65/1.21/0.02  emits 0.99  spf 27.3  z0 0.02  garr 29.0  tG 354  e2 0.00  nF 15.0  pS 0.30  ptS 0.29  fLog 0.42  pdΔ -0.1972  pkR 7.68  clip 0.08  kl +0.002
upd  639  steps 1310720  sps 1189  opp symm  loss -0.041  pg -0.0430  v 0.024  ev +0.94  adv_std 0.220  tR +1.00  ent[s/d/p/e] 0.30/1.63/1.23/0.01  emits 0.94  spf 26.4  z0 0.06  garr 27.2  tG 322  e2 0.00  nF 14.9  pS 0.29  ptS 0.27  fLog 0.42  pdΔ -0.2092  pkR 8.27  clip 0.14  kl +0.008
upd  640  steps 1312768  sps 1190  opp symm  loss -0.058  pg -0.0586  v 0.021  ev +0.95  adv_std 0.207  tR +0.20  ent[s/d/p/e] 0.33/1.52/1.25/0.02  emits 0.95  spf 24.9  z0 0.06  garr 25.9  tG 302  e2 0.00  nF 14.0  pS 0.28  ptS 0.27  fLog 0.42  pdΔ -0.2181  pkR 8.07  clip 0.09  kl +0.003
upd  641  steps 1314816  sps 1191  opp symm  loss -0.059  pg -0.0579  v 0.018  ev +0.96  adv_std 0.194  tR -0.33  ent[s/d/p/e] 0.38/1.48/1.34/0.02  emits 0.97  spf 25.6  z0 0.03  garr 26.0  tG 299  e2 0.00  nF 14.1  pS 0.30  ptS 0.29  fLog 0.43  pdΔ -0.2024  pkR 7.73  clip 0.13  kl +0.004
upd  642  steps 1316864  sps 1192  opp symm  loss -0.103  pg -0.1015  v 0.018  ev +0.96  adv_std 0.192  tR +0.43  ent[s/d/p/e] 0.37/1.52/1.30/0.03  emits 0.99  spf 25.1  z0 0.02  garr 26.8  tG 322  e2 0.01  nF 13.9  pS 0.32  ptS 0.31  fLog 0.42  pdΔ -0.1841  pkR 7.74  clip 0.19  kl +0.007
upd  643  steps 1318912  sps 1193  opp symm  loss -0.027  pg -0.0326  v 0.031  ev +0.93  adv_std 0.254  tR +0.00  ent[s/d/p/e] 0.35/1.52/1.26/0.03  emits 1.00  spf 25.8  z0 0.00  garr 27.0  tG 319  e2 0.01  nF 13.8  pS 0.30  ptS 0.30  fLog 0.42  pdΔ -0.1967  pkR 8.03  clip 0.17  kl +0.003
upd  644  steps 1320960  sps 1194  opp symm  loss -0.128  pg -0.1305  v 0.025  ev +0.95  adv_std 0.228  tR +0.60  ent[s/d/p/e] 0.37/1.58/1.22/0.01  emits 0.99  spf 26.6  z0 0.02  garr 27.1  tG 332  e2 0.00  nF 15.1  pS 0.31  ptS 0.30  fLog 0.42  pdΔ -0.1929  pkR 6.34  clip 0.18  kl +0.008
upd  645  steps 1323008  sps 1196  opp symm  loss -0.074  pg -0.0767  v 0.027  ev +0.95  adv_std 0.228  tR +0.25  ent[s/d/p/e] 0.37/1.72/1.23/0.02  emits 0.95  spf 29.7  z0 0.06  garr 29.8  tG 372  e2 0.00  nF 14.3  pS 0.30  ptS 0.30  fLog 0.43  pdΔ -0.1974  pkR 7.09  clip 0.14  kl -0.000
upd  646  steps 1325056  sps 1197  opp symm  loss -0.147  pg -0.1496  v 0.024  ev +0.95  adv_std 0.217  tR +0.11  ent[s/d/p/e] 0.32/1.67/1.14/0.01  emits 0.94  spf 28.4  z0 0.06  garr 28.5  tG 381  e2 0.00  nF 15.1  pS 0.29  ptS 0.28  fLog 0.41  pdΔ -0.2137  pkR 7.59  clip 0.15  kl +0.003
upd  647  steps 1327104  sps 1198  opp symm  loss -0.139  pg -0.1445  v 0.030  ev +0.94  adv_std 0.247  tR +0.20  ent[s/d/p/e] 0.31/1.65/1.12/0.02  emits 0.96  spf 26.8  z0 0.04  garr 27.4  tG 370  e2 0.00  nF 16.3  pS 0.27  ptS 0.28  fLog 0.40  pdΔ -0.2252  pkR 7.76  clip 0.08  kl +0.002
upd  648  steps 1329152  sps 1199  opp symm  loss -0.061  pg -0.0672  v 0.032  ev +0.93  adv_std 0.245  tR -0.14  ent[s/d/p/e] 0.32/1.63/1.12/0.02  emits 0.96  spf 23.9  z0 0.04  garr 24.8  tG 303  e2 0.00  nF 16.5  pS 0.26  ptS 0.26  fLog 0.39  pdΔ -0.2380  pkR 10.92  clip 0.06  kl +0.001
upd  649  steps 1331200  sps 1200  opp symm  loss -0.096  pg -0.1018  v 0.033  ev +0.93  adv_std 0.257  tR +0.43  ent[s/d/p/e] 0.35/1.72/1.18/0.02  emits 0.94  spf 25.9  z0 0.07  garr 26.2  tG 316  e2 0.00  nF 15.5  pS 0.28  ptS 0.27  fLog 0.41  pdΔ -0.2209  pkR 10.07  clip 0.09  kl +0.006
upd  650  steps 1333248  sps 1201  opp symm  loss -0.157  pg -0.1596  v 0.026  ev +0.94  adv_std 0.224  tR -0.25  ent[s/d/p/e] 0.37/1.73/1.19/0.01  emits 0.94  spf 27.8  z0 0.06  garr 26.9  tG 318  e2 0.00  nF 14.8  pS 0.29  ptS 0.28  fLog 0.42  pdΔ -0.2143  pkR 9.01  clip 0.12  kl +0.002
upd  651  steps 1335296  sps 1202  opp symm  loss -0.141  pg -0.1410  v 0.022  ev +0.95  adv_std 0.209  tR +0.33  ent[s/d/p/e] 0.38/1.74/1.24/0.01  emits 0.94  spf 28.1  z0 0.06  garr 28.5  tG 334  e2 0.00  nF 14.9  pS 0.30  ptS 0.29  fLog 0.43  pdΔ -0.2017  pkR 7.08  clip 0.09  kl +0.003
upd  652  steps 1337344  sps 1204  opp symm  loss -0.145  pg -0.1472  v 0.026  ev +0.94  adv_std 0.226  tR -0.25  ent[s/d/p/e] 0.38/1.72/1.21/0.01  emits 0.98  spf 27.8  z0 0.02  garr 29.4  tG 346  e2 0.00  nF 16.1  pS 0.30  ptS 0.30  fLog 0.42  pdΔ -0.2001  pkR 6.84  clip 0.15  kl +0.004
upd  653  steps 1339392  sps 1205  opp symm  loss -0.066  pg -0.0718  v 0.033  ev +0.93  adv_std 0.259  tR +1.00  ent[s/d/p/e] 0.39/1.70/1.29/0.01  emits 0.99  spf 29.6  z0 0.01  garr 30.9  tG 375  e2 0.00  nF 16.8  pS 0.31  ptS 0.31  fLog 0.42  pdΔ -0.1891  pkR 6.40  clip 0.16  kl +0.005
upd  654  steps 1341440  sps 1206  opp symm  loss -0.124  pg -0.1222  v 0.018  ev +0.97  adv_std 0.187  tR +1.00  ent[s/d/p/e] 0.39/1.64/1.41/0.01  emits 0.98  spf 32.7  z0 0.02  garr 35.0  tG 447  e2 0.00  nF 16.9  pS 0.34  ptS 0.34  fLog 0.44  pdΔ -0.1640  pkR 5.82  clip 0.07  kl +0.002
upd  655  steps 1343488  sps 1207  opp symm  loss -0.046  pg -0.0473  v 0.025  ev +0.95  adv_std 0.224  tR +0.25  ent[s/d/p/e] 0.41/1.65/1.36/0.01  emits 1.00  spf 34.8  z0 0.00  garr 37.0  tG 498  e2 0.00  nF 16.7  pS 0.36  ptS 0.36  fLog 0.45  pdΔ -0.1407  pkR 5.41  clip 0.11  kl +0.001
upd  656  steps 1345536  sps 1208  opp symm  loss -0.033  pg -0.0346  v 0.024  ev +0.95  adv_std 0.217  tR +0.71  ent[s/d/p/e] 0.35/1.64/1.35/0.01  emits 1.00  spf 33.0  z0 0.00  garr 34.8  tG 457  e2 0.00  nF 16.2  pS 0.33  ptS 0.33  fLog 0.44  pdΔ -0.1660  pkR 5.82  clip 0.14  kl +0.002
upd  657  steps 1347584  sps 1209  opp symm  loss -0.060  pg -0.0622  v 0.024  ev +0.95  adv_std 0.221  tR +1.00  ent[s/d/p/e] 0.35/1.61/1.31/0.01  emits 0.96  spf 30.0  z0 0.04  garr 30.4  tG 372  e2 0.00  nF 15.9  pS 0.29  ptS 0.29  fLog 0.43  pdΔ -0.2073  pkR 7.70  clip 0.08  kl +0.001
upd  658  steps 1349632  sps 1210  opp symm  loss -0.090  pg -0.0895  v 0.020  ev +0.96  adv_std 0.197  tR +0.20  ent[s/d/p/e] 0.39/1.66/1.32/0.02  emits 0.97  spf 28.4  z0 0.03  garr 30.7  tG 360  e2 0.00  nF 15.5  pS 0.30  ptS 0.29  fLog 0.43  pdΔ -0.2015  pkR 9.05  clip 0.13  kl +0.001
upd  659  steps 1351680  sps 1212  opp symm  loss -0.061  pg -0.0601  v 0.019  ev +0.96  adv_std 0.190  tR +0.33  ent[s/d/p/e] 0.38/1.73/1.20/0.02  emits 0.96  spf 27.9  z0 0.04  garr 28.4  tG 327  e2 0.00  nF 14.7  pS 0.29  ptS 0.28  fLog 0.42  pdΔ -0.2089  pkR 7.87  clip 0.11  kl +0.007
upd  660  steps 1353728  sps 1213  opp symm  loss -0.127  pg -0.1256  v 0.019  ev +0.96  adv_std 0.196  tR +0.33  ent[s/d/p/e] 0.45/1.75/1.32/0.02  emits 0.96  spf 31.3  z0 0.05  garr 31.8  tG 381  e2 0.00  nF 13.9  pS 0.31  ptS 0.30  fLog 0.45  pdΔ -0.1860  pkR 7.73  clip 0.13  kl +0.004
upd  661  steps 1355776  sps 1214  opp symm  loss -0.009  pg -0.0187  v 0.043  ev +0.90  adv_std 0.293  tR -0.20  ent[s/d/p/e] 0.44/1.80/1.32/0.03  emits 0.98  spf 30.4  z0 0.03  garr 31.7  tG 378  e2 0.00  nF 13.0  pS 0.31  ptS 0.30  fLog 0.44  pdΔ -0.1852  pkR 7.92  clip 0.12  kl +0.003
upd  662  steps 1357824  sps 1215  opp symm  loss -0.037  pg -0.0395  v 0.026  ev +0.95  adv_std 0.221  tR +0.25  ent[s/d/p/e] 0.42/1.73/1.27/0.01  emits 0.97  spf 27.0  z0 0.03  garr 28.8  tG 344  e2 0.00  nF 13.8  pS 0.30  ptS 0.29  fLog 0.42  pdΔ -0.1954  pkR 11.18  clip 0.11  kl +0.001
upd  663  steps 1359872  sps 1216  opp symm  loss -0.047  pg -0.0485  v 0.025  ev +0.94  adv_std 0.225  tR +0.33  ent[s/d/p/e] 0.42/1.67/1.28/0.01  emits 0.99  spf 26.4  z0 0.01  garr 28.2  tG 331  e2 0.00  nF 14.6  pS 0.30  ptS 0.30  fLog 0.42  pdΔ -0.1977  pkR 10.11  clip 0.09  kl +0.002
upd  664  steps 1361920  sps 1217  opp symm  loss -0.098  pg -0.0982  v 0.023  ev +0.95  adv_std 0.204  tR +0.50  ent[s/d/p/e] 0.41/1.61/1.33/0.01  emits 0.98  spf 25.4  z0 0.02  garr 27.7  tG 313  e2 0.00  nF 13.5  pS 0.29  ptS 0.29  fLog 0.42  pdΔ -0.2076  pkR 10.65  clip 0.11  kl +0.002
upd  665  steps 1363968  sps 1218  opp symm  loss -0.113  pg -0.1151  v 0.024  ev +0.95  adv_std 0.212  tR +0.14  ent[s/d/p/e] 0.37/1.67/1.21/0.01  emits 0.96  spf 22.9  z0 0.04  garr 24.4  tG 262  e2 0.00  nF 13.3  pS 0.26  ptS 0.26  fLog 0.40  pdΔ -0.2383  pkR 8.94  clip 0.09  kl +0.004
upd  666  steps 1366016  sps 1219  opp symm  loss -0.127  pg -0.1263  v 0.020  ev +0.95  adv_std 0.193  tR -0.50  ent[s/d/p/e] 0.41/1.64/1.23/0.01  emits 0.99  spf 24.4  z0 0.01  garr 28.2  tG 319  e2 0.00  nF 13.5  pS 0.29  ptS 0.28  fLog 0.41  pdΔ -0.2089  pkR 8.43  clip 0.09  kl +0.002
upd  667  steps 1368064  sps 1221  opp symm  loss -0.128  pg -0.1285  v 0.021  ev +0.95  adv_std 0.204  tR +0.00  ent[s/d/p/e] 0.38/1.80/1.23/0.01  emits 0.97  spf 27.9  z0 0.03  garr 30.4  tG 344  e2 0.00  nF 13.0  pS 0.30  ptS 0.29  fLog 0.42  pdΔ -0.1979  pkR 8.12  clip 0.08  kl +0.002
upd  668  steps 1370112  sps 1222  opp symm  loss -0.181  pg -0.1814  v 0.022  ev +0.95  adv_std 0.209  tR +0.67  ent[s/d/p/e] 0.38/1.71/1.26/0.01  emits 0.94  spf 29.1  z0 0.06  garr 29.0  tG 339  e2 0.00  nF 13.6  pS 0.28  ptS 0.27  fLog 0.42  pdΔ -0.2163  pkR 8.46  clip 0.09  kl +0.003
upd  669  steps 1372160  sps 1223  opp symm  loss -0.165  pg -0.1682  v 0.027  ev +0.95  adv_std 0.222  tR +0.20  ent[s/d/p/e] 0.38/1.77/1.23/0.01  emits 0.95  spf 28.8  z0 0.06  garr 30.4  tG 376  e2 0.00  nF 13.8  pS 0.29  ptS 0.29  fLog 0.42  pdΔ -0.2071  pkR 8.42  clip 0.09  kl +0.004
upd  670  steps 1374208  sps 1224  opp symm  loss -0.114  pg -0.1186  v 0.029  ev +0.94  adv_std 0.231  tR +0.33  ent[s/d/p/e] 0.32/1.76/1.16/0.02  emits 0.99  spf 26.4  z0 0.02  garr 28.5  tG 334  e2 0.00  nF 14.3  pS 0.29  ptS 0.29  fLog 0.41  pdΔ -0.2108  pkR 9.13  clip 0.13  kl +0.005
upd  671  steps 1376256  sps 1225  opp symm  loss -0.152  pg -0.1579  v 0.032  ev +0.93  adv_std 0.249  tR +1.00  ent[s/d/p/e] 0.33/1.71/1.09/0.02  emits 0.99  spf 25.4  z0 0.02  garr 26.7  tG 320  e2 0.01  nF 15.3  pS 0.28  ptS 0.28  fLog 0.40  pdΔ -0.2195  pkR 8.20  clip 0.06  kl +0.001
upd  672  steps 1378304  sps 1226  opp symm  loss -0.010  pg -0.0170  v 0.033  ev +0.93  adv_std 0.259  tR +1.00  ent[s/d/p/e] 0.32/1.58/1.17/0.02  emits 0.97  spf 26.7  z0 0.03  garr 27.2  tG 335  e2 0.00  nF 15.5  pS 0.28  ptS 0.28  fLog 0.40  pdΔ -0.2167  pkR 8.08  clip 0.07  kl +0.003
upd  673  steps 1380352  sps 1227  opp symm  loss -0.113  pg -0.1154  v 0.026  ev +0.95  adv_std 0.222  tR -0.50  ent[s/d/p/e] 0.33/1.60/1.23/0.03  emits 0.99  spf 26.2  z0 0.02  garr 28.0  tG 344  e2 0.01  nF 15.9  pS 0.28  ptS 0.28  fLog 0.40  pdΔ -0.2177  pkR 8.85  clip 0.10  kl +0.002
upd  674  steps 1382400  sps 1228  opp symm  loss -0.156  pg -0.1578  v 0.024  ev +0.95  adv_std 0.211  tR +0.50  ent[s/d/p/e] 0.29/1.75/1.17/0.03  emits 0.98  spf 24.6  z0 0.02  garr 26.1  tG 302  e2 0.00  nF 16.0  pS 0.27  ptS 0.27  fLog 0.39  pdΔ -0.2259  pkR 8.75  clip 0.07  kl +0.003
upd  675  steps 1384448  sps 1229  opp symm  loss -0.121  pg -0.1235  v 0.026  ev +0.95  adv_std 0.219  tR -0.20  ent[s/d/p/e] 0.31/1.74/1.23/0.02  emits 0.98  spf 26.4  z0 0.02  garr 27.5  tG 333  e2 0.00  nF 15.7  pS 0.28  ptS 0.28  fLog 0.40  pdΔ -0.2175  pkR 8.11  clip 0.09  kl +0.006
upd  676  steps 1386496  sps 1231  opp symm  loss -0.160  pg -0.1629  v 0.026  ev +0.95  adv_std 0.220  tR +0.20  ent[s/d/p/e] 0.32/1.81/1.19/0.02  emits 0.97  spf 27.9  z0 0.03  garr 28.3  tG 358  e2 0.00  nF 16.5  pS 0.30  ptS 0.29  fLog 0.41  pdΔ -0.2036  pkR 8.45  clip 0.12  kl +0.002
upd  677  steps 1388544  sps 1232  opp symm  loss -0.102  pg -0.1033  v 0.023  ev +0.95  adv_std 0.208  tR -0.20  ent[s/d/p/e] 0.34/1.80/1.22/0.01  emits 0.96  spf 28.6  z0 0.05  garr 28.2  tG 353  e2 0.00  nF 16.3  pS 0.31  ptS 0.30  fLog 0.42  pdΔ -0.1943  pkR 8.19  clip 0.07  kl +0.002
upd  678  steps 1390592  sps 1233  opp symm  loss -0.130  pg -0.1323  v 0.025  ev +0.94  adv_std 0.221  tR -0.14  ent[s/d/p/e] 0.32/1.78/1.22/0.01  emits 0.96  spf 25.4  z0 0.04  garr 26.6  tG 313  e2 0.00  nF 16.4  pS 0.30  ptS 0.28  fLog 0.41  pdΔ -0.2013  pkR 9.52  clip 0.11  kl +0.007
upd  679  steps 1392640  sps 1234  opp symm  loss -0.071  pg -0.0745  v 0.029  ev +0.94  adv_std 0.237  tR +0.20  ent[s/d/p/e] 0.31/1.86/1.25/0.00  emits 0.95  spf 28.4  z0 0.05  garr 28.7  tG 346  e2 0.00  nF 16.6  pS 0.31  ptS 0.29  fLog 0.42  pdΔ -0.1890  pkR 9.01  clip 0.09  kl +0.006
upd  680  steps 1394688  sps 1235  opp symm  loss -0.087  pg -0.0918  v 0.031  ev +0.93  adv_std 0.248  tR +0.33  ent[s/d/p/e] 0.33/1.83/1.29/0.00  emits 0.93  spf 29.6  z0 0.07  garr 30.4  tG 370  e2 0.00  nF 15.3  pS 0.32  ptS 0.30  fLog 0.43  pdΔ -0.1844  pkR 8.90  clip 0.08  kl +0.001
upd  681  steps 1396736  sps 1236  opp symm  loss -0.132  pg -0.1320  v 0.021  ev +0.96  adv_std 0.209  tR -0.14  ent[s/d/p/e] 0.32/1.78/1.22/0.00  emits 0.95  spf 25.7  z0 0.05  garr 26.1  tG 303  e2 0.00  nF 14.9  pS 0.29  ptS 0.28  fLog 0.41  pdΔ -0.2111  pkR 9.81  clip 0.12  kl +0.000
upd  682  steps 1398784  sps 1237  opp symm  loss -0.113  pg -0.1148  v 0.025  ev +0.95  adv_std 0.221  tR +0.60  ent[s/d/p/e] 0.31/1.78/1.24/0.01  emits 0.97  spf 26.2  z0 0.03  garr 27.9  tG 328  e2 0.00  nF 15.4  pS 0.30  ptS 0.28  fLog 0.41  pdΔ -0.2039  pkR 6.86  clip 0.09  kl +0.004
upd  683  steps 1400832  sps 1238  opp symm  loss -0.092  pg -0.0952  v 0.029  ev +0.94  adv_std 0.240  tR +0.33  ent[s/d/p/e] 0.33/1.87/1.26/0.01  emits 0.93  spf 27.3  z0 0.07  garr 27.8  tG 318  e2 0.00  nF 15.3  pS 0.28  ptS 0.27  fLog 0.42  pdΔ -0.2187  pkR 8.74  clip 0.09  kl +0.001
upd  684  steps 1402880  sps 1239  opp symm  loss -0.112  pg -0.1113  v 0.019  ev +0.96  adv_std 0.191  tR +0.11  ent[s/d/p/e] 0.32/1.83/1.19/0.01  emits 0.95  spf 25.9  z0 0.06  garr 26.6  tG 294  e2 0.00  nF 14.7  pS 0.28  ptS 0.26  fLog 0.41  pdΔ -0.2231  pkR 8.97  clip 0.07  kl +0.002
upd  685  steps 1404928  sps 1241  opp symm  loss -0.070  pg -0.0712  v 0.023  ev +0.95  adv_std 0.216  tR +0.14  ent[s/d/p/e] 0.30/1.71/1.25/0.01  emits 0.96  spf 25.9  z0 0.04  garr 26.2  tG 315  e2 0.00  nF 14.2  pS 0.29  ptS 0.28  fLog 0.41  pdΔ -0.2058  pkR 7.99  clip 0.09  kl +0.002
upd  686  steps 1406976  sps 1242  opp symm  loss -0.106  pg -0.1082  v 0.024  ev +0.94  adv_std 0.221  tR +0.50  ent[s/d/p/e] 0.31/1.65/1.27/0.01  emits 0.99  spf 24.2  z0 0.01  garr 25.3  tG 297  e2 0.00  nF 15.0  pS 0.29  ptS 0.28  fLog 0.41  pdΔ -0.2098  pkR 7.44  clip 0.14  kl +0.006
upd  687  steps 1409024  sps 1243  opp symm  loss -0.078  pg -0.0797  v 0.025  ev +0.94  adv_std 0.221  tR +1.00  ent[s/d/p/e] 0.33/1.73/1.28/0.01  emits 0.96  spf 25.5  z0 0.04  garr 25.0  tG 297  e2 0.00  nF 15.9  pS 0.28  ptS 0.27  fLog 0.41  pdΔ -0.2214  pkR 8.11  clip 0.09  kl -0.000
upd  688  steps 1411072  sps 1244  opp symm  loss -0.116  pg -0.1152  v 0.019  ev +0.95  adv_std 0.198  tR -0.20  ent[s/d/p/e] 0.33/1.75/1.29/0.01  emits 0.96  spf 25.1  z0 0.04  garr 24.7  tG 288  e2 0.00  nF 16.0  pS 0.28  ptS 0.27  fLog 0.41  pdΔ -0.2233  pkR 9.23  clip 0.09  kl +0.002
upd  689  steps 1413120  sps 1245  opp symm  loss -0.148  pg -0.1451  v 0.017  ev +0.96  adv_std 0.178  tR -0.33  ent[s/d/p/e] 0.36/1.80/1.34/0.01  emits 0.98  spf 25.8  z0 0.02  garr 26.5  tG 308  e2 0.00  nF 16.5  pS 0.29  ptS 0.29  fLog 0.42  pdΔ -0.2056  pkR 8.05  clip 0.12  kl +0.002
upd  690  steps 1415168  sps 1246  opp symm  loss -0.150  pg -0.1488  v 0.020  ev +0.96  adv_std 0.197  tR -0.50  ent[s/d/p/e] 0.35/1.79/1.34/0.00  emits 0.98  spf 25.0  z0 0.02  garr 25.8  tG 291  e2 0.00  nF 17.2  pS 0.30  ptS 0.29  fLog 0.42  pdΔ -0.2008  pkR 9.23  clip 0.12  kl -0.000
upd  691  steps 1417216  sps 1247  opp symm  loss -0.132  pg -0.1332  v 0.025  ev +0.95  adv_std 0.219  tR +1.00  ent[s/d/p/e] 0.35/1.82/1.33/0.00  emits 0.98  spf 25.1  z0 0.02  garr 26.1  tG 302  e2 0.00  nF 17.3  pS 0.31  ptS 0.30  fLog 0.42  pdΔ -0.1940  pkR 9.87  clip 0.11  kl +0.004
upd  692  steps 1419264  sps 1248  opp symm  loss -0.103  pg -0.1050  v 0.025  ev +0.95  adv_std 0.213  tR +0.60  ent[s/d/p/e] 0.32/1.85/1.26/0.00  emits 0.96  spf 27.2  z0 0.04  garr 26.3  tG 306  e2 0.00  nF 16.4  pS 0.29  ptS 0.28  fLog 0.41  pdΔ -0.2077  pkR 10.06  clip 0.14  kl +0.003
upd  693  steps 1421312  sps 1249  opp symm  loss -0.130  pg -0.1312  v 0.023  ev +0.95  adv_std 0.208  tR +0.43  ent[s/d/p/e] 0.32/1.65/1.25/0.00  emits 0.95  spf 22.5  z0 0.05  garr 22.3  tG 254  e2 0.00  nF 15.5  pS 0.24  ptS 0.24  fLog 0.38  pdΔ -0.2569  pkR 13.51  clip 0.14  kl +0.005
upd  694  steps 1423360  sps 1250  opp symm  loss -0.115  pg -0.1173  v 0.025  ev +0.94  adv_std 0.228  tR -0.60  ent[s/d/p/e] 0.35/1.58/1.31/0.00  emits 0.97  spf 21.4  z0 0.03  garr 22.0  tG 242  e2 0.00  nF 15.9  pS 0.24  ptS 0.25  fLog 0.38  pdΔ -0.2566  pkR 12.03  clip 0.09  kl +0.005
upd  695  steps 1425408  sps 1251  opp symm  loss -0.145  pg -0.1468  v 0.025  ev +0.95  adv_std 0.224  tR +0.33  ent[s/d/p/e] 0.34/1.67/1.32/0.00  emits 0.98  spf 22.4  z0 0.02  garr 23.1  tG 262  e2 0.00  nF 16.0  pS 0.25  ptS 0.26  fLog 0.39  pdΔ -0.2478  pkR 10.82  clip 0.09  kl +0.003
upd  696  steps 1427456  sps 1253  opp symm  loss -0.149  pg -0.1521  v 0.027  ev +0.94  adv_std 0.229  tR +0.33  ent[s/d/p/e] 0.33/1.73/1.23/0.00  emits 0.96  spf 20.6  z0 0.04  garr 20.8  tG 226  e2 0.00  nF 16.5  pS 0.24  ptS 0.24  fLog 0.38  pdΔ -0.2625  pkR 12.09  clip 0.08  kl +0.002
upd  697  steps 1429504  sps 1254  opp symm  loss -0.166  pg -0.1695  v 0.029  ev +0.94  adv_std 0.234  tR -0.33  ent[s/d/p/e] 0.39/1.87/1.25/0.00  emits 0.98  spf 21.6  z0 0.02  garr 22.5  tG 246  e2 0.00  nF 15.7  pS 0.26  ptS 0.26  fLog 0.39  pdΔ -0.2413  pkR 11.61  clip 0.08  kl +0.002
upd  698  steps 1431552  sps 1255  opp symm  loss -0.132  pg -0.1358  v 0.028  ev +0.94  adv_std 0.231  tR +1.00  ent[s/d/p/e] 0.36/1.89/1.22/0.00  emits 1.00  spf 20.6  z0 0.00  garr 21.5  tG 219  e2 0.00  nF 16.1  pS 0.26  ptS 0.26  fLog 0.38  pdΔ -0.2441  pkR 10.61  clip 0.07  kl +0.002
[eval_vs_v20] u699 tag=train_u699  bin0=0.0%  spf=0.00  garr=128.50  flip=0.00%  z0=71.9%  e8=0.0%  e2+=0.0%  WLD=0/3/0
upd  699  steps 1433600  sps 1256  opp symm  loss -0.115  pg -0.1168  v 0.026  ev +0.94  adv_std 0.223  tR -1.00  ent[s/d/p/e] 0.42/1.81/1.38/0.00  emits 0.98  spf 24.1  z0 0.02  garr 25.0  tG 279  e2 0.00  nF 16.0  pS 0.29  ptS 0.29  fLog 0.41  pdΔ -0.2059  pkR 9.28  clip 0.08  kl +0.003 WRr 0.59 v20[spf 0.0 flip 0.0% e2+ 0.0%]
upd  700  steps 1435648  sps 1160  opp symm  loss -0.132  pg -0.1311  v 0.021  ev +0.96  adv_std 0.202  tR +1.00  ent[s/d/p/e] 0.37/1.78/1.37/0.00  emits 0.98  spf 25.2  z0 0.02  garr 26.1  tG 302  e2 0.00  nF 14.2  pS 0.30  ptS 0.30  fLog 0.42  pdΔ -0.1957  pkR 8.24  clip 0.15  kl +0.002
upd  701  steps 1437696  sps 1161  opp symm  loss -0.127  pg -0.1277  v 0.022  ev +0.95  adv_std 0.214  tR +0.56  ent[s/d/p/e] 0.34/1.87/1.30/0.00  emits 0.96  spf 27.3  z0 0.04  garr 26.2  tG 314  e2 0.00  nF 13.5  pS 0.30  ptS 0.29  fLog 0.42  pdΔ -0.2020  pkR 9.87  clip 0.09  kl +0.001
upd  702  steps 1439744  sps 1162  opp symm  loss -0.127  pg -0.1270  v 0.020  ev +0.95  adv_std 0.200  tR +0.00  ent[s/d/p/e] 0.28/1.80/1.23/0.00  emits 0.95  spf 24.8  z0 0.05  garr 24.2  tG 277  e2 0.00  nF 12.9  pS 0.28  ptS 0.27  fLog 0.41  pdΔ -0.2222  pkR 11.59  clip 0.14  kl +0.003
upd  703  steps 1441792  sps 1163  opp symm  loss -0.174  pg -0.1741  v 0.022  ev +0.96  adv_std 0.207  tR -0.67  ent[s/d/p/e] 0.30/1.78/1.27/0.00  emits 0.96  spf 27.7  z0 0.04  garr 27.0  tG 316  e2 0.00  nF 13.4  pS 0.30  ptS 0.29  fLog 0.42  pdΔ -0.1997  pkR 9.91  clip 0.08  kl +0.005
upd  704  steps 1443840  sps 1165  opp symm  loss -0.158  pg -0.1593  v 0.024  ev +0.95  adv_std 0.220  tR +0.33  ent[s/d/p/e] 0.33/1.89/1.26/0.00  emits 0.96  spf 29.4  z0 0.04  garr 29.1  tG 357  e2 0.00  nF 14.0  pS 0.31  ptS 0.31  fLog 0.43  pdΔ -0.1865  pkR 8.41  clip 0.07  kl +0.002
upd  705  steps 1445888  sps 1166  opp symm  loss -0.150  pg -0.1493  v 0.021  ev +0.96  adv_std 0.198  tR -0.33  ent[s/d/p/e] 0.34/1.86/1.32/0.00  emits 0.96  spf 32.6  z0 0.04  garr 31.3  tG 402  e2 0.00  nF 14.1  pS 0.33  ptS 0.32  fLog 0.44  pdΔ -0.1748  pkR 6.82  clip 0.08  kl +0.005
upd  706  steps 1447936  sps 1167  opp symm  loss -0.165  pg -0.1643  v 0.021  ev +0.95  adv_std 0.208  tR +0.67  ent[s/d/p/e] 0.32/1.81/1.40/0.00  emits 0.97  spf 33.8  z0 0.03  garr 32.7  tG 428  e2 0.00  nF 13.6  pS 0.34  ptS 0.33  fLog 0.45  pdΔ -0.1638  pkR 6.15  clip 0.12  kl +0.002
upd  707  steps 1449984  sps 1168  opp symm  loss -0.133  pg -0.1338  v 0.022  ev +0.95  adv_std 0.210  tR -0.20  ent[s/d/p/e] 0.32/1.70/1.32/0.00  emits 1.00  spf 30.0  z0 0.00  garr 28.9  tG 351  e2 0.00  nF 14.7  pS 0.31  ptS 0.30  fLog 0.43  pdΔ -0.1927  pkR 7.79  clip 0.08  kl +0.002
upd  708  steps 1452032  sps 1169  opp symm  loss -0.081  pg -0.0835  v 0.026  ev +0.94  adv_std 0.227  tR +0.80  ent[s/d/p/e] 0.31/1.65/1.34/0.00  emits 0.98  spf 29.5  z0 0.02  garr 28.6  tG 338  e2 0.00  nF 14.4  pS 0.30  ptS 0.30  fLog 0.43  pdΔ -0.1965  pkR 8.67  clip 0.15  kl +0.002
upd  709  steps 1454080  sps 1170  opp symm  loss -0.116  pg -0.1178  v 0.025  ev +0.94  adv_std 0.209  tR +0.20  ent[s/d/p/e] 0.29/1.72/1.28/0.00  emits 0.98  spf 26.9  z0 0.02  garr 25.8  tG 268  e2 0.00  nF 14.7  pS 0.27  ptS 0.26  fLog 0.42  pdΔ -0.2297  pkR 13.26  clip 0.10  kl +0.003
upd  710  steps 1456128  sps 1171  opp symm  loss -0.095  pg -0.1009  v 0.033  ev +0.92  adv_std 0.260  tR +1.00  ent[s/d/p/e] 0.30/1.69/1.32/0.00  emits 0.99  spf 28.3  z0 0.01  garr 28.5  tG 312  e2 0.00  nF 15.7  pS 0.29  ptS 0.28  fLog 0.43  pdΔ -0.2055  pkR 11.92  clip 0.10  kl +0.009
upd  711  steps 1458176  sps 1172  opp symm  loss -0.151  pg -0.1473  v 0.015  ev +0.97  adv_std 0.178  tR -0.33  ent[s/d/p/e] 0.32/1.73/1.39/0.00  emits 0.96  spf 31.2  z0 0.05  garr 31.0  tG 360  e2 0.00  nF 14.7  pS 0.32  ptS 0.30  fLog 0.45  pdΔ -0.1802  pkR 10.67  clip 0.16  kl +0.007
upd  712  steps 1460224  sps 1173  opp symm  loss -0.149  pg -0.1533  v 0.028  ev +0.95  adv_std 0.237  tR -0.14  ent[s/d/p/e] 0.28/1.80/1.22/0.00  emits 0.96  spf 27.1  z0 0.04  garr 26.6  tG 320  e2 0.00  nF 14.7  pS 0.29  ptS 0.28  fLog 0.41  pdΔ -0.2069  pkR 10.35  clip 0.11  kl +0.003
upd  713  steps 1462272  sps 1174  opp symm  loss -0.097  pg -0.1011  v 0.029  ev +0.94  adv_std 0.238  tR +0.14  ent[s/d/p/e] 0.26/1.75/1.27/0.00  emits 0.95  spf 28.1  z0 0.05  garr 27.2  tG 334  e2 0.00  nF 14.8  pS 0.30  ptS 0.29  fLog 0.42  pdΔ -0.2025  pkR 10.10  clip 0.13  kl +0.004
upd  714  steps 1464320  sps 1175  opp symm  loss -0.045  pg -0.0483  v 0.027  ev +0.95  adv_std 0.232  tR -0.33  ent[s/d/p/e] 0.28/1.66/1.33/0.00  emits 0.95  spf 29.8  z0 0.05  garr 28.6  tG 363  e2 0.00  nF 15.1  pS 0.30  ptS 0.29  fLog 0.42  pdΔ -0.2013  pkR 11.75  clip 0.11  kl +0.003
upd  715  steps 1466368  sps 1176  opp symm  loss -0.047  pg -0.0495  v 0.026  ev +0.95  adv_std 0.230  tR +0.33  ent[s/d/p/e] 0.29/1.65/1.30/0.00  emits 0.96  spf 28.4  z0 0.04  garr 27.2  tG 323  e2 0.00  nF 14.7  pS 0.29  ptS 0.28  fLog 0.42  pdΔ -0.2092  pkR 12.52  clip 0.08  kl +0.001
upd  716  steps 1468416  sps 1177  opp symm  loss -0.035  pg -0.0369  v 0.026  ev +0.94  adv_std 0.229  tR +0.20  ent[s/d/p/e] 0.31/1.67/1.39/0.00  emits 0.96  spf 24.1  z0 0.04  garr 24.9  tG 258  e2 0.00  nF 14.5  pS 0.29  ptS 0.28  fLog 0.43  pdΔ -0.2057  pkR 7.58  clip 0.07  kl +0.003
upd  717  steps 1470464  sps 1178  opp symm  loss -0.121  pg -0.1230  v 0.026  ev +0.94  adv_std 0.234  tR +0.20  ent[s/d/p/e] 0.32/1.66/1.37/0.00  emits 0.99  spf 25.3  z0 0.01  garr 26.0  tG 282  e2 0.00  nF 14.7  pS 0.32  ptS 0.31  fLog 0.43  pdΔ -0.1813  pkR 7.81  clip 0.08  kl +0.002
upd  718  steps 1472512  sps 1179  opp symm  loss -0.075  pg -0.0742  v 0.021  ev +0.95  adv_std 0.207  tR +0.67  ent[s/d/p/e] 0.32/1.69/1.38/0.00  emits 1.00  spf 27.4  z0 0.00  garr 28.6  tG 318  e2 0.00  nF 14.4  pS 0.34  ptS 0.33  fLog 0.44  pdΔ -0.1605  pkR 6.69  clip 0.10  kl +0.003
upd  719  steps 1474560  sps 1180  opp symm  loss -0.126  pg -0.1247  v 0.019  ev +0.95  adv_std 0.195  tR +1.00  ent[s/d/p/e] 0.30/1.73/1.40/0.00  emits 0.99  spf 30.0  z0 0.01  garr 30.4  tG 345  e2 0.00  nF 13.5  pS 0.34  ptS 0.33  fLog 0.45  pdΔ -0.1645  pkR 6.14  clip 0.13  kl +0.004
upd  720  steps 1476608  sps 1181  opp symm  loss -0.094  pg -0.0932  v 0.021  ev +0.94  adv_std 0.207  tR +1.00  ent[s/d/p/e] 0.31/1.80/1.39/0.00  emits 0.97  spf 32.4  z0 0.03  garr 31.7  tG 377  e2 0.00  nF 13.1  pS 0.33  ptS 0.33  fLog 0.45  pdΔ -0.1680  pkR 7.23  clip 0.15  kl +0.003
upd  721  steps 1478656  sps 1182  opp symm  loss -0.107  pg -0.1074  v 0.024  ev +0.94  adv_std 0.222  tR -0.20  ent[s/d/p/e] 0.30/1.82/1.43/0.00  emits 0.96  spf 36.4  z0 0.04  garr 34.1  tG 413  e2 0.00  nF 12.8  pS 0.34  ptS 0.33  fLog 0.47  pdΔ -0.1623  pkR 7.24  clip 0.12  kl +0.004
upd  722  steps 1480704  sps 1183  opp symm  loss -0.147  pg -0.1483  v 0.026  ev +0.95  adv_std 0.222  tR -0.11  ent[s/d/p/e] 0.30/1.85/1.39/0.00  emits 0.99  spf 36.1  z0 0.01  garr 35.4  tG 447  e2 0.00  nF 13.4  pS 0.35  ptS 0.34  fLog 0.46  pdΔ -0.1467  pkR 7.01  clip 0.12  kl +0.004
upd  723  steps 1482752  sps 1184  opp symm  loss -0.063  pg -0.0641  v 0.024  ev +0.95  adv_std 0.214  tR +0.00  ent[s/d/p/e] 0.30/1.77/1.42/0.00  emits 0.99  spf 38.1  z0 0.01  garr 37.5  tG 493  e2 0.00  nF 13.2  pS 0.35  ptS 0.34  fLog 0.46  pdΔ -0.1505  pkR 7.80  clip 0.11  kl +0.001
upd  724  steps 1484800  sps 1185  opp symm  loss -0.064  pg -0.0731  v 0.040  ev +0.91  adv_std 0.283  tR +0.78  ent[s/d/p/e] 0.32/1.80/1.40/0.00  emits 1.00  spf 39.7  z0 0.00  garr 38.8  tG 522  e2 0.00  nF 13.6  pS 0.36  ptS 0.35  fLog 0.46  pdΔ -0.1449  pkR 7.90  clip 0.11  kl +0.006
upd  725  steps 1486848  sps 1186  opp symm  loss -0.125  pg -0.1274  v 0.026  ev +0.95  adv_std 0.223  tR +1.00  ent[s/d/p/e] 0.28/1.85/1.34/0.00  emits 0.98  spf 39.5  z0 0.02  garr 38.0  tG 502  e2 0.00  nF 14.6  pS 0.34  ptS 0.33  fLog 0.45  pdΔ -0.1573  pkR 7.85  clip 0.11  kl +0.001
upd  726  steps 1488896  sps 1187  opp symm  loss -0.123  pg -0.1243  v 0.026  ev +0.94  adv_std 0.226  tR +0.60  ent[s/d/p/e] 0.31/1.82/1.39/0.00  emits 0.97  spf 41.0  z0 0.03  garr 38.8  tG 510  e2 0.00  nF 15.4  pS 0.35  ptS 0.33  fLog 0.46  pdΔ -0.1540  pkR 6.32  clip 0.09  kl +0.000
upd  727  steps 1490944  sps 1188  opp symm  loss -0.109  pg -0.1112  v 0.026  ev +0.94  adv_std 0.226  tR +0.20  ent[s/d/p/e] 0.32/1.80/1.38/0.00  emits 0.99  spf 40.0  z0 0.01  garr 38.3  tG 509  e2 0.00  nF 15.5  pS 0.35  ptS 0.34  fLog 0.47  pdΔ -0.1480  pkR 6.44  clip 0.11  kl +0.003
upd  728  steps 1492992  sps 1189  opp symm  loss -0.091  pg -0.0909  v 0.021  ev +0.95  adv_std 0.206  tR +0.75  ent[s/d/p/e] 0.32/1.71/1.40/0.00  emits 0.99  spf 36.6  z0 0.01  garr 35.3  tG 443  e2 0.00  nF 15.2  pS 0.35  ptS 0.33  fLog 0.46  pdΔ -0.1521  pkR 7.42  clip 0.10  kl +0.003
upd  729  steps 1495040  sps 1190  opp symm  loss -0.111  pg -0.1112  v 0.021  ev +0.95  adv_std 0.205  tR +0.50  ent[s/d/p/e] 0.27/1.69/1.26/0.00  emits 0.98  spf 27.6  z0 0.02  garr 27.8  tG 315  e2 0.00  nF 15.0  pS 0.29  ptS 0.28  fLog 0.42  pdΔ -0.2069  pkR 10.64  clip 0.09  kl +0.001
upd  730  steps 1497088  sps 1191  opp symm  loss -0.076  pg -0.0730  v 0.015  ev +0.96  adv_std 0.171  tR +0.60  ent[s/d/p/e] 0.30/1.66/1.35/0.00  emits 0.98  spf 28.8  z0 0.02  garr 29.3  tG 323  e2 0.00  nF 15.9  pS 0.31  ptS 0.29  fLog 0.44  pdΔ -0.1909  pkR 10.70  clip 0.10  kl +0.005
upd  731  steps 1499136  sps 1192  opp symm  loss -0.053  pg -0.0499  v 0.016  ev +0.96  adv_std 0.181  tR +0.00  ent[s/d/p/e] 0.33/1.60/1.42/0.00  emits 0.97  spf 29.4  z0 0.03  garr 29.0  tG 319  e2 0.00  nF 16.7  pS 0.32  ptS 0.30  fLog 0.44  pdΔ -0.1846  pkR 10.57  clip 0.06  kl +0.005
upd  732  steps 1501184  sps 1193  opp symm  loss -0.064  pg -0.0624  v 0.018  ev +0.96  adv_std 0.185  tR +0.33  ent[s/d/p/e] 0.34/1.64/1.41/0.00  emits 0.98  spf 28.1  z0 0.02  garr 28.4  tG 298  e2 0.00  nF 15.4  pS 0.32  ptS 0.30  fLog 0.45  pdΔ -0.1789  pkR 6.62  clip 0.12  kl +0.003
upd  733  steps 1503232  sps 1194  opp symm  loss -0.131  pg -0.1285  v 0.016  ev +0.96  adv_std 0.178  tR -0.33  ent[s/d/p/e] 0.33/1.70/1.34/0.00  emits 0.96  spf 29.0  z0 0.04  garr 28.0  tG 308  e2 0.00  nF 14.3  pS 0.32  ptS 0.31  fLog 0.44  pdΔ -0.1775  pkR 6.59  clip 0.10  kl +0.002
upd  734  steps 1505280  sps 1195  opp symm  loss -0.107  pg -0.1071  v 0.022  ev +0.95  adv_std 0.212  tR -0.50  ent[s/d/p/e] 0.29/1.75/1.38/0.00  emits 0.97  spf 32.3  z0 0.03  garr 31.7  tG 366  e2 0.00  nF 15.0  pS 0.34  ptS 0.33  fLog 0.45  pdΔ -0.1573  pkR 5.80  clip 0.17  kl +0.004
upd  735  steps 1507328  sps 1196  opp symm  loss -0.113  pg -0.1104  v 0.018  ev +0.96  adv_std 0.189  tR -1.00  ent[s/d/p/e] 0.33/1.68/1.45/0.00  emits 1.00  spf 36.1  z0 0.00  garr 36.4  tG 461  e2 0.00  nF 14.8  pS 0.38  ptS 0.37  fLog 0.47  pdΔ -0.1152  pkR 5.38  clip 0.13  kl +0.005
upd  736  steps 1509376  sps 1197  opp symm  loss -0.141  pg -0.1376  v 0.016  ev +0.97  adv_std 0.180  tR +0.33  ent[s/d/p/e] 0.26/1.81/1.43/0.00  emits 1.00  spf 40.4  z0 0.00  garr 39.4  tG 531  e2 0.00  nF 15.2  pS 0.40  ptS 0.39  fLog 0.47  pdΔ -0.0961  pkR 4.91  clip 0.10  kl +0.006
upd  737  steps 1511424  sps 1198  opp symm  loss -0.104  pg -0.1032  v 0.021  ev +0.96  adv_std 0.207  tR +0.14  ent[s/d/p/e] 0.27/1.78/1.42/0.00  emits 0.98  spf 44.1  z0 0.02  garr 40.0  tG 557  e2 0.00  nF 15.2  pS 0.41  ptS 0.39  fLog 0.47  pdΔ -0.0948  pkR 6.23  clip 0.09  kl +0.005
upd  738  steps 1513472  sps 1199  opp symm  loss -0.080  pg -0.0807  v 0.025  ev +0.95  adv_std 0.225  tR -0.33  ent[s/d/p/e] 0.27/1.74/1.46/0.00  emits 0.99  spf 41.2  z0 0.01  garr 39.9  tG 539  e2 0.00  nF 15.0  pS 0.39  ptS 0.37  fLog 0.46  pdΔ -0.1077  pkR 5.47  clip 0.09  kl +0.001
upd  739  steps 1515520  sps 1200  opp symm  loss -0.056  pg -0.0521  v 0.016  ev +0.97  adv_std 0.182  tR +0.50  ent[s/d/p/e] 0.29/1.74/1.53/0.00  emits 0.96  spf 44.0  z0 0.04  garr 42.3  tG 575  e2 0.00  nF 15.7  pS 0.41  ptS 0.39  fLog 0.49  pdΔ -0.0926  pkR 5.36  clip 0.08  kl +0.005
upd  740  steps 1517568  sps 1201  opp symm  loss -0.096  pg -0.0930  v 0.016  ev +0.97  adv_std 0.180  tR +0.25  ent[s/d/p/e] 0.26/1.76/1.41/0.00  emits 0.96  spf 42.8  z0 0.04  garr 41.4  tG 570  e2 0.00  nF 14.5  pS 0.40  ptS 0.38  fLog 0.48  pdΔ -0.1032  pkR 5.78  clip 0.08  kl +0.005
upd  741  steps 1519616  sps 1202  opp symm  loss -0.095  pg -0.0938  v 0.020  ev +0.96  adv_std 0.201  tR +0.40  ent[s/d/p/e] 0.28/1.78/1.38/0.00  emits 0.96  spf 42.4  z0 0.04  garr 40.4  tG 520  e2 0.00  nF 14.0  pS 0.36  ptS 0.34  fLog 0.46  pdΔ -0.1390  pkR 5.94  clip 0.09  kl +0.005
upd  742  steps 1521664  sps 1203  opp symm  loss -0.089  pg -0.0955  v 0.035  ev +0.92  adv_std 0.266  tR +0.50  ent[s/d/p/e] 0.28/1.75/1.34/0.00  emits 0.98  spf 36.3  z0 0.02  garr 35.6  tG 422  e2 0.00  nF 14.6  pS 0.33  ptS 0.31  fLog 0.44  pdΔ -0.1724  pkR 6.05  clip 0.05  kl +0.002
upd  743  steps 1523712  sps 1204  opp symm  loss -0.103  pg -0.1069  v 0.029  ev +0.93  adv_std 0.239  tR -0.33  ent[s/d/p/e] 0.30/1.80/1.41/0.00  emits 0.99  spf 35.3  z0 0.01  garr 35.8  tG 408  e2 0.00  nF 15.0  pS 0.34  ptS 0.32  fLog 0.45  pdΔ -0.1576  pkR 6.43  clip 0.14  kl +0.002
upd  744  steps 1525760  sps 1205  opp symm  loss -0.116  pg -0.1185  v 0.027  ev +0.94  adv_std 0.227  tR +0.20  ent[s/d/p/e] 0.29/1.79/1.32/0.00  emits 0.99  spf 33.4  z0 0.01  garr 33.1  tG 386  e2 0.00  nF 14.5  pS 0.34  ptS 0.32  fLog 0.44  pdΔ -0.1574  pkR 6.59  clip 0.14  kl +0.003
upd  745  steps 1527808  sps 1206  opp symm  loss -0.161  pg -0.1631  v 0.025  ev +0.94  adv_std 0.223  tR +1.00  ent[s/d/p/e] 0.27/1.75/1.31/0.00  emits 1.00  spf 30.1  z0 0.00  garr 30.2  tG 341  e2 0.00  nF 14.8  pS 0.33  ptS 0.31  fLog 0.43  pdΔ -0.1748  pkR 7.31  clip 0.16  kl +0.005
upd  746  steps 1529856  sps 1207  opp symm  loss -0.116  pg -0.1169  v 0.023  ev +0.94  adv_std 0.211  tR +0.00  ent[s/d/p/e] 0.26/1.74/1.31/0.00  emits 0.99  spf 25.8  z0 0.01  garr 26.8  tG 301  e2 0.00  nF 15.8  pS 0.31  ptS 0.30  fLog 0.42  pdΔ -0.1900  pkR 7.37  clip 0.12  kl +0.003
upd  747  steps 1531904  sps 1208  opp symm  loss -0.072  pg -0.0725  v 0.023  ev +0.94  adv_std 0.219  tR -0.33  ent[s/d/p/e] 0.29/1.67/1.42/0.00  emits 0.96  spf 28.2  z0 0.04  garr 27.7  tG 332  e2 0.00  nF 14.9  pS 0.33  ptS 0.31  fLog 0.44  pdΔ -0.1724  pkR 7.00  clip 0.12  kl +0.006
upd  748  steps 1533952  sps 1209  opp symm  loss -0.081  pg -0.0784  v 0.016  ev +0.96  adv_std 0.182  tR -0.60  ent[s/d/p/e] 0.29/1.65/1.39/0.00  emits 0.98  spf 29.9  z0 0.02  garr 29.5  tG 366  e2 0.00  nF 14.1  pS 0.35  ptS 0.34  fLog 0.45  pdΔ -0.1475  pkR 7.33  clip 0.07  kl +0.006
upd  749  steps 1536000  sps 1210  opp symm  loss -0.055  pg -0.0576  v 0.028  ev +0.92  adv_std 0.242  tR +0.60  ent[s/d/p/e] 0.27/1.71/1.41/0.00  emits 0.99  spf 33.1  z0 0.01  garr 33.4  tG 430  e2 0.00  nF 13.5  pS 0.37  ptS 0.36  fLog 0.45  pdΔ -0.1251  pkR 6.91  clip 0.11  kl +0.008
upd  750  steps 1538048  sps 1211  opp symm  loss -0.117  pg -0.1129  v 0.015  ev +0.96  adv_std 0.178  tR +0.20  ent[s/d/p/e] 0.31/1.79/1.45/0.00  emits 0.95  spf 35.7  z0 0.05  garr 33.9  tG 447  e2 0.00  nF 12.7  pS 0.38  ptS 0.37  fLog 0.47  pdΔ -0.1194  pkR 5.62  clip 0.11  kl +0.006
upd  751  steps 1540096  sps 1212  opp symm  loss -0.134  pg -0.1334  v 0.020  ev +0.95  adv_std 0.206  tR +0.20  ent[s/d/p/e] 0.28/1.88/1.33/0.00  emits 0.96  spf 36.1  z0 0.04  garr 35.1  tG 477  e2 0.00  nF 13.3  pS 0.38  ptS 0.37  fLog 0.46  pdΔ -0.1177  pkR 6.38  clip 0.15  kl +0.008
upd  752  steps 1542144  sps 1213  opp symm  loss -0.174  pg -0.1747  v 0.023  ev +0.94  adv_std 0.219  tR +0.33  ent[s/d/p/e] 0.29/1.96/1.28/0.00  emits 0.98  spf 38.3  z0 0.02  garr 36.5  tG 492  e2 0.00  nF 13.4  pS 0.38  ptS 0.37  fLog 0.46  pdΔ -0.1180  pkR 5.95  clip 0.11  kl +0.007
upd  753  steps 1544192  sps 1214  opp symm  loss -0.134  pg -0.1373  v 0.027  ev +0.93  adv_std 0.233  tR +0.45  ent[s/d/p/e] 0.25/1.86/1.20/0.00  emits 0.99  spf 32.1  z0 0.01  garr 32.0  tG 415  e2 0.00  nF 13.1  pS 0.33  ptS 0.32  fLog 0.43  pdΔ -0.1700  pkR 7.43  clip 0.12  kl +0.008
upd  754  steps 1546240  sps 1215  opp symm  loss -0.148  pg -0.1528  v 0.029  ev +0.93  adv_std 0.243  tR +1.00  ent[s/d/p/e] 0.23/1.83/1.21/0.00  emits 1.00  spf 29.0  z0 0.00  garr 29.6  tG 371  e2 0.00  nF 14.3  pS 0.31  ptS 0.30  fLog 0.41  pdΔ -0.1912  pkR 9.28  clip 0.11  kl -0.000
upd  755  steps 1548288  sps 1216  opp symm  loss -0.067  pg -0.0703  v 0.028  ev +0.93  adv_std 0.238  tR +0.60  ent[s/d/p/e] 0.25/1.76/1.31/0.00  emits 0.99  spf 26.9  z0 0.01  garr 28.2  tG 353  e2 0.00  nF 14.9  pS 0.32  ptS 0.31  fLog 0.42  pdΔ -0.1804  pkR 9.71  clip 0.10  kl +0.002
upd  756  steps 1550336  sps 1217  opp symm  loss -0.143  pg -0.1422  v 0.019  ev +0.96  adv_std 0.188  tR +1.00  ent[s/d/p/e] 0.26/1.77/1.28/0.00  emits 0.98  spf 26.3  z0 0.02  garr 27.8  tG 328  e2 0.00  nF 15.1  pS 0.31  ptS 0.30  fLog 0.42  pdΔ -0.1877  pkR 9.63  clip 0.08  kl +0.003
upd  757  steps 1552384  sps 1218  opp symm  loss -0.100  pg -0.1011  v 0.022  ev +0.95  adv_std 0.210  tR +0.43  ent[s/d/p/e] 0.24/1.72/1.26/0.00  emits 0.98  spf 26.9  z0 0.02  garr 28.4  tG 337  e2 0.00  nF 15.0  pS 0.31  ptS 0.29  fLog 0.42  pdΔ -0.1924  pkR 11.56  clip 0.09  kl +0.001
upd  758  steps 1554432  sps 1219  opp symm  loss -0.064  pg -0.0631  v 0.019  ev +0.96  adv_std 0.189  tR +0.33  ent[s/d/p/e] 0.24/1.63/1.37/0.00  emits 0.96  spf 28.8  z0 0.04  garr 29.9  tG 347  e2 0.00  nF 13.9  pS 0.30  ptS 0.29  fLog 0.43  pdΔ -0.2017  pkR 10.52  clip 0.12  kl +0.003
upd  759  steps 1556480  sps 1220  opp symm  loss -0.133  pg -0.1306  v 0.016  ev +0.96  adv_std 0.174  tR -0.14  ent[s/d/p/e] 0.24/1.64/1.31/0.00  emits 0.94  spf 27.1  z0 0.06  garr 28.4  tG 311  e2 0.00  nF 13.3  pS 0.28  ptS 0.27  fLog 0.43  pdΔ -0.2174  pkR 10.31  clip 0.07  kl +0.001
upd  760  steps 1558528  sps 1221  opp symm  loss -0.045  pg -0.0484  v 0.027  ev +0.93  adv_std 0.230  tR +0.20  ent[s/d/p/e] 0.24/1.59/1.26/0.00  emits 0.97  spf 24.9  z0 0.03  garr 26.2  tG 287  e2 0.00  nF 13.4  pS 0.28  ptS 0.27  fLog 0.42  pdΔ -0.2233  pkR 7.23  clip 0.06  kl +0.002
upd  761  steps 1560576  sps 1222  opp symm  loss -0.110  pg -0.1103  v 0.020  ev +0.95  adv_std 0.201  tR +0.00  ent[s/d/p/e] 0.25/1.60/1.33/0.00  emits 0.96  spf 27.9  z0 0.04  garr 28.5  tG 330  e2 0.00  nF 13.7  pS 0.29  ptS 0.29  fLog 0.44  pdΔ -0.2070  pkR 6.86  clip 0.12  kl +0.003
upd  762  steps 1562624  sps 1223  opp symm  loss -0.095  pg -0.0943  v 0.019  ev +0.96  adv_std 0.190  tR +0.33  ent[s/d/p/e] 0.23/1.65/1.25/0.00  emits 0.95  spf 26.5  z0 0.05  garr 27.4  tG 319  e2 0.00  nF 13.4  pS 0.27  ptS 0.27  fLog 0.42  pdΔ -0.2271  pkR 7.83  clip 0.14  kl +0.005
upd  763  steps 1564672  sps 1224  opp symm  loss -0.145  pg -0.1471  v 0.024  ev +0.94  adv_std 0.214  tR -0.14  ent[s/d/p/e] 0.25/1.69/1.22/0.00  emits 0.96  spf 23.5  z0 0.04  garr 24.4  tG 254  e2 0.00  nF 13.4  pS 0.25  ptS 0.25  fLog 0.41  pdΔ -0.2453  pkR 10.63  clip 0.16  kl +0.004
upd  764  steps 1566720  sps 1225  opp symm  loss -0.119  pg -0.1186  v 0.020  ev +0.95  adv_std 0.181  tR -0.33  ent[s/d/p/e] 0.26/1.71/1.24/0.00  emits 0.97  spf 23.4  z0 0.03  garr 24.8  tG 252  e2 0.00  nF 14.3  pS 0.25  ptS 0.25  fLog 0.41  pdΔ -0.2451  pkR 10.01  clip 0.07  kl +0.001
upd  765  steps 1568768  sps 1226  opp symm  loss -0.069  pg -0.0718  v 0.026  ev +0.93  adv_std 0.226  tR +0.67  ent[s/d/p/e] 0.26/1.72/1.22/0.00  emits 0.98  spf 22.7  z0 0.02  garr 24.7  tG 255  e2 0.00  nF 14.2  pS 0.25  ptS 0.25  fLog 0.40  pdΔ -0.2502  pkR 9.30  clip 0.14  kl +0.003
upd  766  steps 1570816  sps 1227  opp symm  loss -0.118  pg -0.1200  v 0.024  ev +0.93  adv_std 0.214  tR +1.00  ent[s/d/p/e] 0.25/1.66/1.18/0.00  emits 0.96  spf 23.2  z0 0.04  garr 23.7  tG 250  e2 0.00  nF 14.0  pS 0.24  ptS 0.24  fLog 0.40  pdΔ -0.2622  pkR 11.29  clip 0.05  kl +0.002
upd  767  steps 1572864  sps 1228  opp symm  loss -0.116  pg -0.1160  v 0.020  ev +0.95  adv_std 0.195  tR -0.43  ent[s/d/p/e] 0.25/1.63/1.23/0.00  emits 0.95  spf 25.1  z0 0.05  garr 25.2  tG 288  e2 0.00  nF 14.5  pS 0.26  ptS 0.26  fLog 0.41  pdΔ -0.2385  pkR 9.81  clip 0.08  kl +0.004
upd  768  steps 1574912  sps 1229  opp symm  loss -0.032  pg -0.0386  v 0.032  ev +0.93  adv_std 0.257  tR +0.33  ent[s/d/p/e] 0.21/1.72/1.19/0.00  emits 0.96  spf 24.0  z0 0.04  garr 25.1  tG 279  e2 0.00  nF 14.5  pS 0.26  ptS 0.25  fLog 0.40  pdΔ -0.2445  pkR 9.66  clip 0.05  kl -0.000
upd  769  steps 1576960  sps 1230  opp symm  loss -0.132  pg -0.1329  v 0.021  ev +0.95  adv_std 0.198  tR +0.00  ent[s/d/p/e] 0.21/1.74/1.19/0.00  emits 0.95  spf 23.3  z0 0.05  garr 23.7  tG 262  e2 0.00  nF 15.2  pS 0.25  ptS 0.25  fLog 0.39  pdΔ -0.2531  pkR 11.45  clip 0.07  kl +0.002
upd  770  steps 1579008  sps 1231  opp symm  loss -0.087  pg -0.0894  v 0.024  ev +0.94  adv_std 0.216  tR +0.00  ent[s/d/p/e] 0.21/1.60/1.24/0.00  emits 0.96  spf 23.4  z0 0.04  garr 24.3  tG 265  e2 0.00  nF 15.5  pS 0.25  ptS 0.25  fLog 0.40  pdΔ -0.2488  pkR 12.30  clip 0.16  kl +0.002
upd  771  steps 1581056  sps 1232  opp symm  loss -0.069  pg -0.0706  v 0.024  ev +0.94  adv_std 0.220  tR +0.00  ent[s/d/p/e] 0.21/1.54/1.34/0.00  emits 0.99  spf 23.6  z0 0.01  garr 25.6  tG 268  e2 0.00  nF 16.1  pS 0.26  ptS 0.26  fLog 0.41  pdΔ -0.2371  pkR 8.09  clip 0.05  kl +0.003
upd  772  steps 1583104  sps 1233  opp symm  loss -0.038  pg -0.0406  v 0.027  ev +0.93  adv_std 0.232  tR +0.00  ent[s/d/p/e] 0.20/1.65/1.34/0.00  emits 0.98  spf 26.0  z0 0.02  garr 27.8  tG 292  e2 0.00  nF 15.3  pS 0.28  ptS 0.27  fLog 0.42  pdΔ -0.2229  pkR 7.85  clip 0.11  kl +0.003
upd  773  steps 1585152  sps 1234  opp symm  loss -0.087  pg -0.0871  v 0.022  ev +0.95  adv_std 0.207  tR +0.67  ent[s/d/p/e] 0.22/1.65/1.31/0.00  emits 0.97  spf 28.6  z0 0.03  garr 27.9  tG 310  e2 0.00  nF 14.5  pS 0.28  ptS 0.27  fLog 0.43  pdΔ -0.2162  pkR 10.37  clip 0.10  kl -0.001
upd  774  steps 1587200  sps 1235  opp symm  loss -0.048  pg -0.0489  v 0.023  ev +0.94  adv_std 0.214  tR +1.00  ent[s/d/p/e] 0.24/1.61/1.34/0.00  emits 0.94  spf 27.6  z0 0.06  garr 26.4  tG 281  e2 0.00  nF 14.5  pS 0.27  ptS 0.25  fLog 0.43  pdΔ -0.2350  pkR 14.68  clip 0.07  kl +0.003
upd  775  steps 1589248  sps 1236  opp symm  loss -0.059  pg -0.0592  v 0.022  ev +0.94  adv_std 0.208  tR -0.56  ent[s/d/p/e] 0.22/1.62/1.37/0.00  emits 0.96  spf 26.0  z0 0.04  garr 26.6  tG 272  e2 0.00  nF 14.2  pS 0.28  ptS 0.27  fLog 0.44  pdΔ -0.2194  pkR 9.96  clip 0.11  kl +0.001
upd  776  steps 1591296  sps 1237  opp symm  loss -0.082  pg -0.0820  v 0.022  ev +0.94  adv_std 0.206  tR +1.00  ent[s/d/p/e] 0.22/1.68/1.36/0.00  emits 0.98  spf 28.2  z0 0.02  garr 28.7  tG 308  e2 0.00  nF 14.3  pS 0.30  ptS 0.29  fLog 0.45  pdΔ -0.2028  pkR 8.39  clip 0.08  kl +0.005
upd  777  steps 1593344  sps 1238  opp symm  loss -0.103  pg -0.1008  v 0.018  ev +0.96  adv_std 0.193  tR -0.50  ent[s/d/p/e] 0.23/1.87/1.37/0.00  emits 0.95  spf 32.2  z0 0.05  garr 32.0  tG 350  e2 0.00  nF 13.0  pS 0.31  ptS 0.30  fLog 0.47  pdΔ -0.1898  pkR 8.05  clip 0.08  kl +0.003
upd  778  steps 1595392  sps 1239  opp symm  loss -0.133  pg -0.1318  v 0.019  ev +0.96  adv_std 0.196  tR +0.00  ent[s/d/p/e] 0.24/1.89/1.36/0.00  emits 0.95  spf 33.4  z0 0.05  garr 33.2  tG 385  e2 0.00  nF 12.2  pS 0.33  ptS 0.32  fLog 0.46  pdΔ -0.1748  pkR 7.49  clip 0.11  kl +0.005
upd  779  steps 1597440  sps 1240  opp symm  loss -0.149  pg -0.1502  v 0.023  ev +0.95  adv_std 0.213  tR +0.25  ent[s/d/p/e] 0.21/1.80/1.25/0.00  emits 0.98  spf 29.9  z0 0.02  garr 31.1  tG 355  e2 0.00  nF 12.5  pS 0.30  ptS 0.29  fLog 0.44  pdΔ -0.1960  pkR 8.73  clip 0.08  kl +0.006
upd  780  steps 1599488  sps 1241  opp symm  loss -0.182  pg -0.1832  v 0.023  ev +0.95  adv_std 0.215  tR +0.00  ent[s/d/p/e] 0.20/1.76/1.26/0.00  emits 0.96  spf 31.7  z0 0.04  garr 31.5  tG 364  e2 0.00  nF 12.8  pS 0.31  ptS 0.30  fLog 0.44  pdΔ -0.1948  pkR 7.01  clip 0.13  kl +0.007
upd  781  steps 1601536  sps 1242  opp symm  loss -0.084  pg -0.0865  v 0.025  ev +0.95  adv_std 0.225  tR +0.00  ent[s/d/p/e] 0.19/1.69/1.33/0.00  emits 0.94  spf 35.3  z0 0.06  garr 34.4  tG 427  e2 0.00  nF 13.5  pS 0.32  ptS 0.31  fLog 0.45  pdΔ -0.1785  pkR 7.75  clip 0.08  kl +0.003
upd  782  steps 1603584  sps 1243  opp symm  loss -0.086  pg -0.0876  v 0.024  ev +0.95  adv_std 0.225  tR +0.60  ent[s/d/p/e] 0.21/1.70/1.25/0.00  emits 0.98  spf 32.4  z0 0.02  garr 33.6  tG 414  e2 0.00  nF 14.0  pS 0.31  ptS 0.30  fLog 0.44  pdΔ -0.1929  pkR 7.81  clip 0.05  kl +0.002
upd  783  steps 1605632  sps 1244  opp symm  loss -0.101  pg -0.1044  v 0.028  ev +0.93  adv_std 0.242  tR +0.50  ent[s/d/p/e] 0.23/1.71/1.34/0.00  emits 0.96  spf 35.1  z0 0.04  garr 35.2  tG 430  e2 0.00  nF 13.3  pS 0.32  ptS 0.31  fLog 0.45  pdΔ -0.1841  pkR 8.37  clip 0.10  kl +0.002
upd  784  steps 1607680  sps 1245  opp symm  loss -0.093  pg -0.0907  v 0.016  ev +0.96  adv_std 0.179  tR +0.25  ent[s/d/p/e] 0.22/1.69/1.34/0.00  emits 0.97  spf 32.5  z0 0.03  garr 34.0  tG 413  e2 0.00  nF 12.5  pS 0.31  ptS 0.31  fLog 0.44  pdΔ -0.1874  pkR 10.07  clip 0.07  kl +0.002
upd  785  steps 1609728  sps 1246  opp symm  loss -0.098  pg -0.0989  v 0.024  ev +0.94  adv_std 0.223  tR +0.56  ent[s/d/p/e] 0.23/1.74/1.37/0.00  emits 0.97  spf 31.9  z0 0.03  garr 33.6  tG 404  e2 0.00  nF 13.5  pS 0.31  ptS 0.31  fLog 0.45  pdΔ -0.1877  pkR 10.46  clip 0.09  kl +0.003
upd  786  steps 1611776  sps 1247  opp symm  loss -0.106  pg -0.1077  v 0.023  ev +0.94  adv_std 0.209  tR +1.00  ent[s/d/p/e] 0.18/1.72/1.25/0.00  emits 0.99  spf 29.2  z0 0.01  garr 30.2  tG 363  e2 0.00  nF 13.2  pS 0.29  ptS 0.29  fLog 0.42  pdΔ -0.2068  pkR 12.40  clip 0.09  kl +0.003
upd  787  steps 1613824  sps 1248  opp symm  loss -0.187  pg -0.1867  v 0.020  ev +0.95  adv_std 0.198  tR +1.00  ent[s/d/p/e] 0.20/1.72/1.23/0.00  emits 1.00  spf 28.6  z0 0.00  garr 30.4  tG 369  e2 0.00  nF 13.5  pS 0.29  ptS 0.29  fLog 0.42  pdΔ -0.2058  pkR 11.68  clip 0.11  kl +0.005
upd  788  steps 1615872  sps 1249  opp symm  loss -0.137  pg -0.1372  v 0.022  ev +0.95  adv_std 0.207  tR +1.00  ent[s/d/p/e] 0.20/1.76/1.27/0.00  emits 0.96  spf 29.1  z0 0.04  garr 29.0  tG 352  e2 0.00  nF 14.0  pS 0.29  ptS 0.29  fLog 0.42  pdΔ -0.2122  pkR 8.42  clip 0.09  kl +0.001
upd  789  steps 1617920  sps 1250  opp symm  loss -0.114  pg -0.1105  v 0.015  ev +0.96  adv_std 0.172  tR -1.00  ent[s/d/p/e] 0.22/1.76/1.33/0.00  emits 0.95  spf 33.2  z0 0.05  garr 32.3  tG 405  e2 0.00  nF 13.4  pS 0.31  ptS 0.31  fLog 0.44  pdΔ -0.1909  pkR 8.71  clip 0.06  kl +0.005
upd  790  steps 1619968  sps 1250  opp symm  loss -0.086  pg -0.0845  v 0.019  ev +0.95  adv_std 0.197  tR +1.00  ent[s/d/p/e] 0.19/1.74/1.35/0.00  emits 0.96  spf 34.0  z0 0.04  garr 33.7  tG 425  e2 0.00  nF 14.1  pS 0.32  ptS 0.32  fLog 0.45  pdΔ -0.1784  pkR 9.00  clip 0.08  kl +0.003
upd  791  steps 1622016  sps 1251  opp symm  loss -0.068  pg -0.0668  v 0.018  ev +0.95  adv_std 0.192  tR +0.50  ent[s/d/p/e] 0.18/1.74/1.33/0.00  emits 0.97  spf 30.9  z0 0.03  garr 31.2  tG 362  e2 0.00  nF 15.1  pS 0.31  ptS 0.31  fLog 0.45  pdΔ -0.1854  pkR 8.84  clip 0.13  kl +0.006
upd  792  steps 1624064  sps 1252  opp symm  loss -0.099  pg -0.0960  v 0.015  ev +0.96  adv_std 0.172  tR -0.20  ent[s/d/p/e] 0.18/1.70/1.40/0.00  emits 0.99  spf 31.6  z0 0.01  garr 33.2  tG 383  e2 0.00  nF 13.8  pS 0.34  ptS 0.33  fLog 0.46  pdΔ -0.1646  pkR 8.63  clip 0.07  kl +0.003
upd  793  steps 1626112  sps 1253  opp symm  loss -0.057  pg -0.0556  v 0.019  ev +0.95  adv_std 0.201  tR +0.00  ent[s/d/p/e] 0.17/1.64/1.44/0.00  emits 1.00  spf 31.4  z0 0.00  garr 33.3  tG 387  e2 0.00  nF 13.6  pS 0.33  ptS 0.32  fLog 0.46  pdΔ -0.1685  pkR 8.50  clip 0.08  kl +0.002
upd  794  steps 1628160  sps 1254  opp symm  loss -0.014  pg -0.0151  v 0.024  ev +0.93  adv_std 0.221  tR -0.20  ent[s/d/p/e] 0.19/1.69/1.49/0.00  emits 0.97  spf 34.7  z0 0.03  garr 35.1  tG 418  e2 0.00  nF 13.6  pS 0.34  ptS 0.34  fLog 0.47  pdΔ -0.1577  pkR 6.05  clip 0.07  kl -0.001
upd  795  steps 1630208  sps 1255  opp symm  loss -0.017  pg -0.0141  v 0.017  ev +0.95  adv_std 0.186  tR +0.20  ent[s/d/p/e] 0.19/1.75/1.48/0.00  emits 0.95  spf 38.8  z0 0.05  garr 37.9  tG 463  e2 0.00  nF 11.6  pS 0.35  ptS 0.34  fLog 0.49  pdΔ -0.1464  pkR 7.06  clip 0.11  kl +0.005
upd  796  steps 1632256  sps 1256  opp symm  loss -0.049  pg -0.0443  v 0.013  ev +0.96  adv_std 0.165  tR +0.20  ent[s/d/p/e] 0.19/1.78/1.52/0.00  emits 0.97  spf 37.9  z0 0.03  garr 38.7  tG 472  e2 0.00  nF 11.6  pS 0.35  ptS 0.33  fLog 0.48  pdΔ -0.1519  pkR 6.68  clip 0.08  kl +0.002
upd  797  steps 1634304  sps 1257  opp symm  loss -0.061  pg -0.0572  v 0.016  ev +0.96  adv_std 0.173  tR +0.20  ent[s/d/p/e] 0.20/1.85/1.49/0.00  emits 0.98  spf 36.7  z0 0.02  garr 37.6  tG 443  e2 0.00  nF 12.3  pS 0.35  ptS 0.33  fLog 0.48  pdΔ -0.1529  pkR 6.83  clip 0.11  kl +0.003
upd  798  steps 1636352  sps 1258  opp symm  loss -0.049  pg -0.0487  v 0.022  ev +0.94  adv_std 0.212  tR +0.50  ent[s/d/p/e] 0.21/1.85/1.43/0.00  emits 0.99  spf 36.0  z0 0.01  garr 36.6  tG 427  e2 0.00  nF 12.5  pS 0.35  ptS 0.33  fLog 0.48  pdΔ -0.1509  pkR 7.45  clip 0.06  kl +0.003
[eval_vs_v20] u799 tag=train_u799  bin0=0.0%  spf=0.00  garr=128.50  flip=0.00%  z0=71.9%  e8=0.0%  e2+=0.0%  WLD=0/3/0
upd  799  steps 1638400  sps 1259  opp symm  loss -0.113  pg -0.1139  v 0.023  ev +0.94  adv_std 0.213  tR -1.00  ent[s/d/p/e] 0.18/1.88/1.36/0.00  emits 0.98  spf 37.8  z0 0.02  garr 38.8  tG 471  e2 0.00  nF 12.9  pS 0.35  ptS 0.34  fLog 0.47  pdΔ -0.1455  pkR 7.51  clip 0.07  kl +0.004 WRr 0.34 v20[spf 0.0 flip 0.0% e2+ 0.0%]
[ckpt] saved ./ckpt_multi_action_v14b/ckpt_000799.pkl opp=symm
upd  800  steps 1640448  sps 1169  opp symm  loss -0.181  pg -0.1816  v 0.022  ev +0.95  adv_std 0.207  tR +0.50  ent[s/d/p/e] 0.18/1.93/1.26/0.00  emits 0.97  spf 39.1  z0 0.03  garr 38.0  tG 464  e2 0.00  nF 13.4  pS 0.32  ptS 0.32  fLog 0.46  pdΔ -0.1757  pkR 8.16  clip 0.05  kl +0.002
upd  801  steps 1642496  sps 1170  opp symm  loss -0.147  pg -0.1535  v 0.033  ev +0.92  adv_std 0.257  tR +0.78  ent[s/d/p/e] 0.15/1.93/1.17/0.00  emits 0.96  spf 32.4  z0 0.04  garr 31.6  tG 361  e2 0.00  nF 14.0  pS 0.27  ptS 0.27  fLog 0.42  pdΔ -0.2253  pkR 9.18  clip 0.05  kl +0.001
upd  802  steps 1644544  sps 1171  opp symm  loss -0.193  pg -0.1966  v 0.027  ev +0.94  adv_std 0.231  tR -0.50  ent[s/d/p/e] 0.18/1.92/1.21/0.00  emits 0.96  spf 30.4  z0 0.04  garr 30.6  tG 350  e2 0.00  nF 14.2  pS 0.27  ptS 0.27  fLog 0.42  pdΔ -0.2284  pkR 9.17  clip 0.06  kl +0.002
upd  803  steps 1646592  sps 1172  opp symm  loss -0.079  pg -0.0821  v 0.027  ev +0.94  adv_std 0.235  tR +0.00  ent[s/d/p/e] 0.18/1.84/1.26/0.00  emits 0.96  spf 31.9  z0 0.04  garr 31.6  tG 377  e2 0.00  nF 13.9  pS 0.29  ptS 0.29  fLog 0.43  pdΔ -0.2067  pkR 8.45  clip 0.10  kl +0.000
upd  804  steps 1648640  sps 1173  opp symm  loss -0.088  pg -0.0875  v 0.020  ev +0.95  adv_std 0.197  tR +0.20  ent[s/d/p/e] 0.20/1.78/1.30/0.00  emits 0.98  spf 32.1  z0 0.02  garr 32.1  tG 390  e2 0.00  nF 13.6  pS 0.31  ptS 0.31  fLog 0.44  pdΔ -0.1895  pkR 8.84  clip 0.12  kl +0.006
upd  805  steps 1650688  sps 1174  opp symm  loss -0.037  pg -0.0365  v 0.020  ev +0.95  adv_std 0.202  tR +0.00  ent[s/d/p/e] 0.18/1.61/1.41/0.00  emits 1.00  spf 32.9  z0 0.00  garr 33.4  tG 412  e2 0.00  nF 13.2  pS 0.32  ptS 0.31  fLog 0.45  pdΔ -0.1801  pkR 9.35  clip 0.09  kl +0.000
upd  806  steps 1652736  sps 1175  opp symm  loss -0.044  pg -0.0420  v 0.018  ev +0.96  adv_std 0.189  tR +1.00  ent[s/d/p/e] 0.20/1.70/1.44/0.00  emits 0.98  spf 37.4  z0 0.02  garr 36.5  tG 465  e2 0.00  nF 13.1  pS 0.34  ptS 0.33  fLog 0.48  pdΔ -0.1577  pkR 8.81  clip 0.11  kl -0.000
upd  807  steps 1654784  sps 1176  opp symm  loss -0.116  pg -0.1138  v 0.016  ev +0.96  adv_std 0.176  tR +0.50  ent[s/d/p/e] 0.18/1.68/1.32/0.00  emits 0.95  spf 33.5  z0 0.05  garr 31.6  tG 390  e2 0.00  nF 12.8  pS 0.30  ptS 0.30  fLog 0.45  pdΔ -0.2030  pkR 10.18  clip 0.08  kl +0.005
upd  808  steps 1656832  sps 1176  opp symm  loss -0.139  pg -0.1410  v 0.023  ev +0.95  adv_std 0.200  tR -0.50  ent[s/d/p/e] 0.16/1.67/1.15/0.00  emits 0.98  spf 28.5  z0 0.02  garr 28.2  tG 306  e2 0.00  nF 14.3  pS 0.27  ptS 0.26  fLog 0.42  pdΔ -0.2346  pkR 13.10  clip 0.07  kl +0.005
upd  809  steps 1658880  sps 1177  opp symm  loss -0.126  pg -0.1284  v 0.025  ev +0.95  adv_std 0.222  tR +0.20  ent[s/d/p/e] 0.18/1.73/1.18/0.00  emits 0.97  spf 28.2  z0 0.03  garr 27.6  tG 294  e2 0.00  nF 16.4  pS 0.27  ptS 0.27  fLog 0.42  pdΔ -0.2281  pkR 8.31  clip 0.09  kl +0.001
upd  810  steps 1660928  sps 1178  opp symm  loss -0.077  pg -0.0803  v 0.026  ev +0.95  adv_std 0.216  tR -0.67  ent[s/d/p/e] 0.18/1.71/1.17/0.00  emits 0.98  spf 27.5  z0 0.02  garr 28.3  tG 310  e2 0.00  nF 16.6  pS 0.28  ptS 0.27  fLog 0.42  pdΔ -0.2242  pkR 8.48  clip 0.17  kl +0.011
upd  811  steps 1662976  sps 1179  opp symm  loss -0.075  pg -0.0835  v 0.036  ev +0.92  adv_std 0.268  tR -0.14  ent[s/d/p/e] 0.19/1.65/1.21/0.00  emits 0.98  spf 28.0  z0 0.02  garr 27.9  tG 320  e2 0.00  nF 16.4  pS 0.28  ptS 0.28  fLog 0.42  pdΔ -0.2153  pkR 8.54  clip 0.12  kl +0.003
upd  812  steps 1665024  sps 1180  opp symm  loss -0.050  pg -0.0553  v 0.031  ev +0.94  adv_std 0.237  tR +0.14  ent[s/d/p/e] 0.17/1.59/1.25/0.00  emits 0.98  spf 26.1  z0 0.02  garr 26.3  tG 291  e2 0.00  nF 16.8  pS 0.28  ptS 0.28  fLog 0.41  pdΔ -0.2210  pkR 10.15  clip 0.12  kl +0.003
upd  813  steps 1667072  sps 1181  opp symm  loss -0.104  pg -0.1118  v 0.035  ev +0.92  adv_std 0.264  tR +1.00  ent[s/d/p/e] 0.17/1.51/1.28/0.00  emits 0.98  spf 24.4  z0 0.02  garr 24.8  tG 260  e2 0.00  nF 16.2  pS 0.26  ptS 0.26  fLog 0.40  pdΔ -0.2411  pkR 9.27  clip 0.05  kl +0.003
upd  814  steps 1669120  sps 1182  opp symm  loss -0.152  pg -0.1533  v 0.022  ev +0.96  adv_std 0.198  tR -0.33  ent[s/d/p/e] 0.18/1.72/1.25/0.00  emits 0.97  spf 27.7  z0 0.03  garr 27.7  tG 305  e2 0.00  nF 16.7  pS 0.27  ptS 0.27  fLog 0.41  pdΔ -0.2285  pkR 8.94  clip 0.05  kl +0.002
upd  815  steps 1671168  sps 1183  opp symm  loss -0.138  pg -0.1389  v 0.022  ev +0.96  adv_std 0.205  tR +0.00  ent[s/d/p/e] 0.17/1.74/1.19/0.00  emits 0.94  spf 30.0  z0 0.06  garr 28.8  tG 340  e2 0.00  nF 15.9  pS 0.27  ptS 0.27  fLog 0.41  pdΔ -0.2262  pkR 8.13  clip 0.09  kl +0.002
upd  816  steps 1673216  sps 1184  opp symm  loss -0.070  pg -0.0795  v 0.038  ev +0.93  adv_std 0.284  tR +0.40  ent[s/d/p/e] 0.13/1.70/1.09/0.00  emits 0.92  spf 28.2  z0 0.08  garr 26.1  tG 301  e2 0.00  nF 15.4  pS 0.24  ptS 0.24  fLog 0.39  pdΔ -0.2560  pkR 8.95  clip 0.07  kl +0.003
upd  817  steps 1675264  sps 1185  opp symm  loss -0.154  pg -0.1652  v 0.039  ev +0.93  adv_std 0.269  tR -0.33  ent[s/d/p/e] 0.14/1.68/1.00/0.00  emits 0.97  spf 25.8  z0 0.03  garr 26.0  tG 288  e2 0.00  nF 15.2  pS 0.24  ptS 0.23  fLog 0.38  pdΔ -0.2624  pkR 9.82  clip 0.04  kl +0.004
upd  818  steps 1677312  sps 1186  opp symm  loss -0.120  pg -0.1314  v 0.042  ev +0.93  adv_std 0.284  tR -0.60  ent[s/d/p/e] 0.15/1.77/1.08/0.00  emits 0.97  spf 29.7  z0 0.03  garr 28.9  tG 335  e2 0.00  nF 16.7  pS 0.27  ptS 0.26  fLog 0.40  pdΔ -0.2287  pkR 8.87  clip 0.07  kl +0.001
upd  819  steps 1679360  sps 1187  opp symm  loss -0.173  pg -0.1757  v 0.025  ev +0.95  adv_std 0.220  tR +0.20  ent[s/d/p/e] 0.16/1.79/1.23/0.00  emits 0.95  spf 35.2  z0 0.05  garr 32.7  tG 401  e2 0.00  nF 16.0  pS 0.31  ptS 0.30  fLog 0.44  pdΔ -0.1900  pkR 8.73  clip 0.08  kl +0.006
upd  820  steps 1681408  sps 1187  opp symm  loss -0.083  pg -0.0848  v 0.023  ev +0.95  adv_std 0.215  tR +0.14  ent[s/d/p/e] 0.17/1.68/1.19/0.00  emits 0.97  spf 33.0  z0 0.03  garr 32.8  tG 388  e2 0.00  nF 15.8  pS 0.30  ptS 0.29  fLog 0.44  pdΔ -0.1974  pkR 7.46  clip 0.08  kl +0.004
upd  821  steps 1683456  sps 1188  opp symm  loss -0.086  pg -0.0857  v 0.021  ev +0.96  adv_std 0.206  tR +0.00  ent[s/d/p/e] 0.20/1.73/1.31/0.00  emits 0.97  spf 37.2  z0 0.03  garr 36.8  tG 433  e2 0.00  nF 14.9  pS 0.33  ptS 0.32  fLog 0.47  pdΔ -0.1685  pkR 6.04  clip 0.12  kl +0.007
upd  822  steps 1685504  sps 1189  opp symm  loss -0.120  pg -0.1201  v 0.022  ev +0.95  adv_std 0.209  tR +0.20  ent[s/d/p/e] 0.22/1.91/1.34/0.00  emits 0.94  spf 43.7  z0 0.06  garr 41.6  tG 494  e2 0.00  nF 13.7  pS 0.35  ptS 0.34  fLog 0.49  pdΔ -0.1453  pkR 5.13  clip 0.11  kl +0.007
upd  823  steps 1687552  sps 1190  opp symm  loss -0.067  pg -0.0694  v 0.026  ev +0.94  adv_std 0.232  tR +0.23  ent[s/d/p/e] 0.20/1.80/1.25/0.00  emits 0.94  spf 41.0  z0 0.06  garr 40.1  tG 459  e2 0.00  nF 12.6  pS 0.33  ptS 0.31  fLog 0.48  pdΔ -0.1736  pkR 5.66  clip 0.12  kl +0.008
upd  824  steps 1689600  sps 1191  opp symm  loss -0.161  pg -0.1604  v 0.019  ev +0.96  adv_std 0.199  tR +0.50  ent[s/d/p/e] 0.19/1.68/1.24/0.00  emits 0.98  spf 37.6  z0 0.02  garr 38.7  tG 393  e2 0.00  nF 13.4  pS 0.30  ptS 0.29  fLog 0.46  pdΔ -0.2024  pkR 6.62  clip 0.12  kl +0.004
upd  825  steps 1691648  sps 1192  opp symm  loss -0.098  pg -0.1009  v 0.025  ev +0.94  adv_std 0.222  tR +0.33  ent[s/d/p/e] 0.19/1.78/1.21/0.00  emits 0.98  spf 37.2  z0 0.02  garr 37.8  tG 368  e2 0.00  nF 14.5  pS 0.30  ptS 0.29  fLog 0.46  pdΔ -0.2023  pkR 7.03  clip 0.16  kl +0.005
upd  826  steps 1693696  sps 1193  opp symm  loss -0.089  pg -0.0940  v 0.031  ev +0.93  adv_std 0.252  tR +1.00  ent[s/d/p/e] 0.22/1.82/1.27/0.00  emits 0.96  spf 38.2  z0 0.04  garr 38.3  tG 399  e2 0.00  nF 14.1  pS 0.32  ptS 0.31  fLog 0.47  pdΔ -0.1831  pkR 6.76  clip 0.13  kl +0.008
upd  827  steps 1695744  sps 1194  opp symm  loss -0.051  pg -0.0524  v 0.024  ev +0.94  adv_std 0.222  tR +0.25  ent[s/d/p/e] 0.22/1.79/1.31/0.00  emits 0.95  spf 40.7  z0 0.05  garr 40.6  tG 432  e2 0.00  nF 13.4  pS 0.33  ptS 0.32  fLog 0.48  pdΔ -0.1737  pkR 6.39  clip 0.17  kl +0.006
upd  828  steps 1697792  sps 1195  opp symm  loss -0.135  pg -0.1383  v 0.027  ev +0.94  adv_std 0.228  tR +0.25  ent[s/d/p/e] 0.22/1.73/1.30/0.00  emits 0.96  spf 35.8  z0 0.04  garr 36.6  tG 393  e2 0.00  nF 13.4  pS 0.32  ptS 0.31  fLog 0.46  pdΔ -0.1815  pkR 7.61  clip 0.11  kl +0.002
upd  829  steps 1699840  sps 1196  opp symm  loss -0.127  pg -0.1326  v 0.031  ev +0.94  adv_std 0.247  tR -1.00  ent[s/d/p/e] 0.21/1.76/1.25/0.00  emits 0.96  spf 38.0  z0 0.04  garr 36.7  tG 418  e2 0.00  nF 14.1  pS 0.32  ptS 0.32  fLog 0.46  pdΔ -0.1761  pkR 9.65  clip 0.11  kl +0.002
upd  830  steps 1701888  sps 1196  opp symm  loss -0.078  pg -0.0805  v 0.027  ev +0.94  adv_std 0.230  tR +0.20  ent[s/d/p/e] 0.22/1.81/1.34/0.00  emits 0.96  spf 41.3  z0 0.04  garr 39.4  tG 463  e2 0.00  nF 14.8  pS 0.35  ptS 0.34  fLog 0.47  pdΔ -0.1531  pkR 7.91  clip 0.10  kl -0.001
upd  831  steps 1703936  sps 1197  opp symm  loss -0.011  pg -0.0124  v 0.024  ev +0.94  adv_std 0.226  tR -0.20  ent[s/d/p/e] 0.23/1.75/1.39/0.00  emits 0.98  spf 38.8  z0 0.02  garr 38.7  tG 451  e2 0.00  nF 14.8  pS 0.36  ptS 0.35  fLog 0.48  pdΔ -0.1391  pkR 7.78  clip 0.08  kl +0.002
upd  832  steps 1705984  sps 1198  opp symm  loss -0.052  pg -0.0515  v 0.020  ev +0.95  adv_std 0.201  tR +0.14  ent[s/d/p/e] 0.23/1.59/1.44/0.00  emits 1.00  spf 37.5  z0 0.00  garr 38.0  tG 456  e2 0.00  nF 14.4  pS 0.37  ptS 0.36  fLog 0.48  pdΔ -0.1309  pkR 9.19  clip 0.17  kl +0.004
upd  833  steps 1708032  sps 1199  opp symm  loss -0.038  pg -0.0362  v 0.018  ev +0.95  adv_std 0.194  tR +1.00  ent[s/d/p/e] 0.22/1.61/1.43/0.00  emits 1.00  spf 37.8  z0 0.00  garr 38.8  tG 471  e2 0.00  nF 13.9  pS 0.36  ptS 0.35  fLog 0.48  pdΔ -0.1369  pkR 10.78  clip 0.14  kl +0.008
upd  834  steps 1710080  sps 1200  opp symm  loss -0.012  pg -0.0094  v 0.016  ev +0.96  adv_std 0.187  tR +1.00  ent[s/d/p/e] 0.21/1.59/1.45/0.00  emits 0.98  spf 42.4  z0 0.02  garr 41.1  tG 507  e2 0.00  nF 12.1  pS 0.37  ptS 0.35  fLog 0.49  pdΔ -0.1332  pkR 10.28  clip 0.15  kl +0.002
upd  835  steps 1712128  sps 1201  opp symm  loss -0.043  pg -0.0395  v 0.015  ev +0.96  adv_std 0.175  tR +0.71  ent[s/d/p/e] 0.21/1.65/1.43/0.00  emits 0.96  spf 43.9  z0 0.04  garr 42.9  tG 510  e2 0.00  nF 12.1  pS 0.37  ptS 0.34  fLog 0.50  pdΔ -0.1344  pkR 10.17  clip 0.20  kl +0.004
upd  836  steps 1714176  sps 1202  opp symm  loss -0.021  pg -0.0187  v 0.018  ev +0.96  adv_std 0.189  tR -0.50  ent[s/d/p/e] 0.22/1.59/1.47/0.00  emits 0.97  spf 38.3  z0 0.03  garr 38.5  tG 442  e2 0.00  nF 12.9  pS 0.37  ptS 0.35  fLog 0.49  pdΔ -0.1340  pkR 8.49  clip 0.21  kl +0.012
upd  837  steps 1716224  sps 1203  opp symm  loss -0.066  pg -0.0629  v 0.015  ev +0.97  adv_std 0.176  tR +0.50  ent[s/d/p/e] 0.22/1.68/1.44/0.00  emits 0.99  spf 40.6  z0 0.01  garr 41.4  tG 496  e2 0.00  nF 13.1  pS 0.39  ptS 0.37  fLog 0.49  pdΔ -0.1122  pkR 8.57  clip 0.15  kl +0.005
upd  838  steps 1718272  sps 1204  opp symm  loss -0.071  pg -0.0681  v 0.016  ev +0.97  adv_std 0.178  tR +1.00  ent[s/d/p/e] 0.21/1.72/1.41/0.00  emits 0.97  spf 44.3  z0 0.03  garr 44.0  tG 531  e2 0.00  nF 12.2  pS 0.39  ptS 0.37  fLog 0.50  pdΔ -0.1135  pkR 10.05  clip 0.13  kl +0.000
upd  839  steps 1720320  sps 1204  opp symm  loss +0.025  pg +0.0242  v 0.024  ev +0.94  adv_std 0.223  tR +0.00  ent[s/d/p/e] 0.22/1.73/1.44/0.00  emits 0.98  spf 46.6  z0 0.02  garr 47.1  tG 561  e2 0.00  nF 12.2  pS 0.40  ptS 0.38  fLog 0.51  pdΔ -0.1002  pkR 7.68  clip 0.17  kl +0.007
upd  840  steps 1722368  sps 1205  opp symm  loss -0.060  pg -0.0594  v 0.020  ev +0.95  adv_std 0.201  tR +0.00  ent[s/d/p/e] 0.21/1.68/1.46/0.00  emits 0.98  spf 45.2  z0 0.02  garr 44.4  tG 532  e2 0.00  nF 12.3  pS 0.40  ptS 0.38  fLog 0.51  pdΔ -0.1050  pkR 6.77  clip 0.23  kl +0.009
upd  841  steps 1724416  sps 1206  opp symm  loss -0.118  pg -0.1124  v 0.011  ev +0.97  adv_std 0.151  tR +0.00  ent[s/d/p/e] 0.19/1.88/1.36/0.00  emits 0.97  spf 48.3  z0 0.03  garr 46.1  tG 562  e2 0.00  nF 11.6  pS 0.40  ptS 0.39  fLog 0.51  pdΔ -0.0989  pkR 7.89  clip 0.15  kl +0.006
upd  842  steps 1726464  sps 1207  opp symm  loss -0.041  pg -0.0380  v 0.017  ev +0.96  adv_std 0.186  tR +0.20  ent[s/d/p/e] 0.22/1.82/1.46/0.00  emits 0.97  spf 49.9  z0 0.03  garr 49.0  tG 572  e2 0.00  nF 11.9  pS 0.40  ptS 0.39  fLog 0.52  pdΔ -0.0951  pkR 9.67  clip 0.17  kl +0.016
upd  843  steps 1728512  sps 1208  opp symm  loss -0.036  pg -0.0312  v 0.011  ev +0.97  adv_std 0.153  tR +0.45  ent[s/d/p/e] 0.22/1.70/1.39/0.00  emits 0.98  spf 45.7  z0 0.02  garr 46.2  tG 491  e2 0.00  nF 11.0  pS 0.36  ptS 0.35  fLog 0.50  pdΔ -0.1372  pkR 12.95  clip 0.15  kl +0.003
upd  844  steps 1730560  sps 1209  opp symm  loss -0.064  pg -0.0612  v 0.015  ev +0.96  adv_std 0.173  tR +0.33  ent[s/d/p/e] 0.23/1.63/1.36/0.00  emits 0.98  spf 46.6  z0 0.02  garr 46.6  tG 487  e2 0.00  nF 12.0  pS 0.35  ptS 0.34  fLog 0.50  pdΔ -0.1465  pkR 15.58  clip 0.16  kl +0.004
upd  845  steps 1732608  sps 1210  opp symm  loss -0.024  pg -0.0208  v 0.016  ev +0.95  adv_std 0.180  tR -0.33  ent[s/d/p/e] 0.23/1.64/1.45/0.00  emits 0.98  spf 51.3  z0 0.02  garr 52.0  tG 556  e2 0.00  nF 12.7  pS 0.38  ptS 0.37  fLog 0.52  pdΔ -0.1151  pkR 14.23  clip 0.14  kl +0.007
upd  846  steps 1734656  sps 1211  opp symm  loss -0.034  pg -0.0308  v 0.015  ev +0.96  adv_std 0.176  tR +0.20  ent[s/d/p/e] 0.23/1.68/1.45/0.00  emits 0.99  spf 54.1  z0 0.01  garr 55.9  tG 599  e2 0.00  nF 12.5  pS 0.39  ptS 0.37  fLog 0.52  pdΔ -0.1127  pkR 14.29  clip 0.18  kl +0.005
upd  847  steps 1736704  sps 1212  opp symm  loss -0.035  pg -0.0333  v 0.019  ev +0.95  adv_std 0.192  tR +0.20  ent[s/d/p/e] 0.21/1.76/1.35/0.00  emits 0.98  spf 42.3  z0 0.02  garr 43.6  tG 489  e2 0.00  nF 13.4  pS 0.37  ptS 0.36  fLog 0.50  pdΔ -0.1281  pkR 6.23  clip 0.08  kl +0.001
upd  848  steps 1738752  sps 1212  opp symm  loss -0.032  pg -0.0335  v 0.023  ev +0.94  adv_std 0.216  tR +0.14  ent[s/d/p/e] 0.21/1.72/1.31/0.00  emits 0.98  spf 44.1  z0 0.02  garr 43.9  tG 492  e2 0.00  nF 12.9  pS 0.36  ptS 0.36  fLog 0.50  pdΔ -0.1393  pkR 6.62  clip 0.13  kl +0.004
upd  849  steps 1740800  sps 1213  opp symm  loss -0.102  pg -0.1005  v 0.018  ev +0.96  adv_std 0.190  tR +0.43  ent[s/d/p/e] 0.21/1.71/1.31/0.00  emits 0.98  spf 42.4  z0 0.02  garr 44.0  tG 485  e2 0.00  nF 13.2  pS 0.35  ptS 0.34  fLog 0.48  pdΔ -0.1539  pkR 6.41  clip 0.22  kl +0.009
upd  850  steps 1742848  sps 1214  opp symm  loss -0.084  pg -0.0870  v 0.026  ev +0.94  adv_std 0.229  tR +0.43  ent[s/d/p/e] 0.22/1.64/1.25/0.00  emits 0.97  spf 36.5  z0 0.03  garr 36.8  tG 399  e2 0.00  nF 14.7  pS 0.32  ptS 0.31  fLog 0.45  pdΔ -0.1846  pkR 8.36  clip 0.20  kl +0.004
upd  851  steps 1744896  sps 1215  opp symm  loss -0.066  pg -0.0673  v 0.023  ev +0.94  adv_std 0.215  tR +0.00  ent[s/d/p/e] 0.23/1.59/1.31/0.00  emits 0.97  spf 34.1  z0 0.03  garr 34.8  tG 401  e2 0.00  nF 15.7  pS 0.33  ptS 0.32  fLog 0.45  pdΔ -0.1724  pkR 10.04  clip 0.12  kl +0.006
upd  852  steps 1746944  sps 1216  opp symm  loss -0.030  pg -0.0340  v 0.029  ev +0.93  adv_std 0.242  tR +0.00  ent[s/d/p/e] 0.22/1.53/1.33/0.00  emits 0.97  spf 36.2  z0 0.03  garr 36.5  tG 419  e2 0.00  nF 14.6  pS 0.32  ptS 0.31  fLog 0.47  pdΔ -0.1797  pkR 10.39  clip 0.15  kl +0.007
upd  853  steps 1748992  sps 1217  opp symm  loss -0.099  pg -0.0971  v 0.016  ev +0.96  adv_std 0.183  tR +1.00  ent[s/d/p/e] 0.24/1.49/1.36/0.00  emits 0.99  spf 35.1  z0 0.01  garr 35.4  tG 406  e2 0.00  nF 14.7  pS 0.31  ptS 0.31  fLog 0.46  pdΔ -0.1855  pkR 10.73  clip 0.16  kl +0.006
upd  854  steps 1751040  sps 1218  opp symm  loss -0.063  pg -0.0620  v 0.017  ev +0.95  adv_std 0.187  tR +0.50  ent[s/d/p/e] 0.23/1.51/1.31/0.00  emits 0.99  spf 31.1  z0 0.01  garr 31.4  tG 311  e2 0.00  nF 15.2  pS 0.29  ptS 0.28  fLog 0.45  pdΔ -0.2112  pkR 9.81  clip 0.09  kl +0.001
upd  855  steps 1753088  sps 1219  opp symm  loss -0.042  pg -0.0404  v 0.018  ev +0.95  adv_std 0.195  tR +0.00  ent[s/d/p/e] 0.25/1.53/1.37/0.00  emits 1.00  spf 32.1  z0 0.00  garr 33.1  tG 326  e2 0.00  nF 15.1  pS 0.31  ptS 0.29  fLog 0.46  pdΔ -0.1918  pkR 8.49  clip 0.11  kl -0.001
upd  856  steps 1755136  sps 1219  opp symm  loss -0.050  pg -0.0470  v 0.016  ev +0.96  adv_std 0.177  tR +0.71  ent[s/d/p/e] 0.25/1.51/1.38/0.00  emits 0.99  spf 33.4  z0 0.01  garr 34.8  tG 345  e2 0.00  nF 14.0  pS 0.31  ptS 0.30  fLog 0.47  pdΔ -0.1868  pkR 9.88  clip 0.12  kl +0.002
upd  857  steps 1757184  sps 1220  opp symm  loss -0.076  pg -0.0755  v 0.019  ev +0.95  adv_std 0.194  tR +0.33  ent[s/d/p/e] 0.24/1.53/1.33/0.00  emits 0.99  spf 34.5  z0 0.01  garr 36.1  tG 360  e2 0.00  nF 13.9  pS 0.31  ptS 0.30  fLog 0.46  pdΔ -0.1930  pkR 11.60  clip 0.08  kl +0.003
upd  858  steps 1759232  sps 1221  opp symm  loss -0.038  pg -0.0363  v 0.018  ev +0.95  adv_std 0.189  tR +0.33  ent[s/d/p/e] 0.25/1.64/1.31/0.00  emits 0.99  spf 38.5  z0 0.01  garr 40.9  tG 440  e2 0.00  nF 14.7  pS 0.33  ptS 0.31  fLog 0.47  pdΔ -0.1712  pkR 10.85  clip 0.11  kl +0.002
upd  859  steps 1761280  sps 1222  opp symm  loss -0.085  pg -0.0827  v 0.016  ev +0.96  adv_std 0.178  tR +0.00  ent[s/d/p/e] 0.24/1.62/1.33/0.00  emits 0.98  spf 42.0  z0 0.02  garr 43.4  tG 505  e2 0.00  nF 14.8  pS 0.34  ptS 0.33  fLog 0.48  pdΔ -0.1566  pkR 10.09  clip 0.08  kl +0.005
upd  860  steps 1763328  sps 1223  opp symm  loss -0.073  pg -0.0706  v 0.016  ev +0.96  adv_std 0.180  tR -0.20  ent[s/d/p/e] 0.25/1.61/1.38/0.00  emits 0.94  spf 48.8  z0 0.06  garr 45.8  tG 553  e2 0.00  nF 13.9  pS 0.35  ptS 0.33  fLog 0.49  pdΔ -0.1505  pkR 10.60  clip 0.13  kl +0.003
upd  861  steps 1765376  sps 1224  opp symm  loss -0.057  pg -0.0551  v 0.016  ev +0.96  adv_std 0.183  tR -0.14  ent[s/d/p/e] 0.24/1.56/1.38/0.00  emits 0.96  spf 48.7  z0 0.04  garr 47.2  tG 556  e2 0.00  nF 13.0  pS 0.35  ptS 0.33  fLog 0.49  pdΔ -0.1512  pkR 11.26  clip 0.10  kl +0.001
upd  862  steps 1767424  sps 1225  opp symm  loss -0.084  pg -0.0812  v 0.016  ev +0.96  adv_std 0.182  tR +0.20  ent[s/d/p/e] 0.27/1.55/1.35/0.00  emits 0.98  spf 46.7  z0 0.02  garr 47.0  tG 533  e2 0.00  nF 13.2  pS 0.34  ptS 0.33  fLog 0.48  pdΔ -0.1603  pkR 12.87  clip 0.07  kl +0.003
upd  863  steps 1769472  sps 1226  opp symm  loss -0.052  pg -0.0510  v 0.020  ev +0.94  adv_std 0.202  tR -0.20  ent[s/d/p/e] 0.28/1.60/1.41/0.00  emits 0.95  spf 49.2  z0 0.05  garr 48.8  tG 566  e2 0.00  nF 13.7  pS 0.36  ptS 0.35  fLog 0.49  pdΔ -0.1389  pkR 13.46  clip 0.10  kl +0.004
upd  864  steps 1771520  sps 1226  opp symm  loss -0.095  pg -0.0942  v 0.020  ev +0.94  adv_std 0.205  tR +0.25  ent[s/d/p/e] 0.29/1.66/1.44/0.00  emits 0.97  spf 50.4  z0 0.03  garr 50.3  tG 585  e2 0.00  nF 13.0  pS 0.37  ptS 0.36  fLog 0.50  pdΔ -0.1265  pkR 13.05  clip 0.14  kl +0.004
upd  865  steps 1773568  sps 1227  opp symm  loss -0.059  pg -0.0578  v 0.020  ev +0.95  adv_std 0.202  tR +0.00  ent[s/d/p/e] 0.26/1.64/1.38/0.00  emits 0.99  spf 47.6  z0 0.01  garr 49.2  tG 596  e2 0.00  nF 13.2  pS 0.39  ptS 0.37  fLog 0.49  pdΔ -0.1096  pkR 13.98  clip 0.16  kl +0.004
upd  866  steps 1775616  sps 1228  opp symm  loss -0.033  pg -0.0281  v 0.012  ev +0.96  adv_std 0.157  tR +0.33  ent[s/d/p/e] 0.27/1.57/1.50/0.00  emits 0.99  spf 43.1  z0 0.01  garr 42.9  tG 553  e2 0.00  nF 12.7  pS 0.41  ptS 0.39  fLog 0.51  pdΔ -0.0912  pkR 6.16  clip 0.18  kl +0.000
upd  867  steps 1777664  sps 1229  opp symm  loss -0.063  pg -0.0600  v 0.016  ev +0.96  adv_std 0.177  tR +0.75  ent[s/d/p/e] 0.25/1.70/1.41/0.00  emits 0.99  spf 42.6  z0 0.01  garr 42.3  tG 538  e2 0.00  nF 13.1  pS 0.39  ptS 0.38  fLog 0.50  pdΔ -0.1113  pkR 5.53  clip 0.14  kl +0.007
upd  868  steps 1779712  sps 1230  opp symm  loss -0.029  pg -0.0298  v 0.023  ev +0.93  adv_std 0.219  tR +0.78  ent[s/d/p/e] 0.24/1.67/1.38/0.00  emits 0.98  spf 36.7  z0 0.02  garr 36.1  tG 437  e2 0.00  nF 13.2  pS 0.36  ptS 0.34  fLog 0.47  pdΔ -0.1442  pkR 6.36  clip 0.09  kl +0.000
upd  869  steps 1781760  sps 1231  opp symm  loss -0.091  pg -0.0861  v 0.013  ev +0.96  adv_std 0.161  tR +0.33  ent[s/d/p/e] 0.25/1.71/1.42/0.00  emits 0.98  spf 36.9  z0 0.02  garr 37.9  tG 484  e2 0.00  nF 13.7  pS 0.37  ptS 0.36  fLog 0.47  pdΔ -0.1264  pkR 7.05  clip 0.09  kl +0.004
upd  870  steps 1783808  sps 1232  opp symm  loss -0.067  pg -0.0651  v 0.019  ev +0.95  adv_std 0.200  tR +1.00  ent[s/d/p/e] 0.23/1.76/1.42/0.00  emits 0.99  spf 37.6  z0 0.01  garr 37.9  tG 486  e2 0.00  nF 14.0  pS 0.38  ptS 0.37  fLog 0.48  pdΔ -0.1176  pkR 6.88  clip 0.07  kl +0.001
upd  871  steps 1785856  sps 1232  opp symm  loss -0.060  pg -0.0576  v 0.018  ev +0.95  adv_std 0.188  tR +0.50  ent[s/d/p/e] 0.23/1.85/1.49/0.00  emits 0.98  spf 44.3  z0 0.02  garr 43.7  tG 583  e2 0.00  nF 13.4  pS 0.42  ptS 0.40  fLog 0.50  pdΔ -0.0796  pkR 5.88  clip 0.10  kl -0.000
upd  872  steps 1787904  sps 1233  opp symm  loss -0.110  pg -0.1059  v 0.014  ev +0.97  adv_std 0.175  tR +0.00  ent[s/d/p/e] 0.22/1.82/1.46/0.00  emits 0.98  spf 46.6  z0 0.02  garr 46.3  tG 639  e2 0.00  nF 12.4  pS 0.44  ptS 0.42  fLog 0.51  pdΔ -0.0590  pkR 6.27  clip 0.18  kl +0.011
upd  873  steps 1789952  sps 1234  opp symm  loss -0.116  pg -0.1144  v 0.020  ev +0.96  adv_std 0.198  tR +0.50  ent[s/d/p/e] 0.22/1.91/1.40/0.00  emits 0.99  spf 49.7  z0 0.01  garr 48.0  tG 675  e2 0.00  nF 12.1  pS 0.46  ptS 0.44  fLog 0.51  pdΔ -0.0393  pkR 5.63  clip 0.11  kl +0.007
upd  874  steps 1792000  sps 1235  opp symm  loss -0.119  pg -0.1183  v 0.020  ev +0.96  adv_std 0.199  tR +0.75  ent[s/d/p/e] 0.20/1.90/1.34/0.00  emits 0.96  spf 47.7  z0 0.04  garr 45.0  tG 638  e2 0.00  nF 12.3  pS 0.43  ptS 0.42  fLog 0.50  pdΔ -0.0680  pkR 4.79  clip 0.13  kl +0.012
upd  875  steps 1794048  sps 1236  opp symm  loss -0.108  pg -0.1055  v 0.016  ev +0.96  adv_std 0.178  tR +0.20  ent[s/d/p/e] 0.18/1.82/1.30/0.00  emits 0.97  spf 43.6  z0 0.03  garr 43.0  tG 593  e2 0.00  nF 12.7  pS 0.40  ptS 0.39  fLog 0.48  pdΔ -0.1019  pkR 5.45  clip 0.14  kl +0.016
upd  876  steps 1796096  sps 1237  opp symm  loss -0.135  pg -0.1335  v 0.019  ev +0.96  adv_std 0.193  tR +0.71  ent[s/d/p/e] 0.20/1.74/1.35/0.00  emits 1.00  spf 38.2  z0 0.00  garr 39.5  tG 499  e2 0.00  nF 13.3  pS 0.37  ptS 0.36  fLog 0.46  pdΔ -0.1333  pkR 7.09  clip 0.09  kl +0.005
upd  877  steps 1798144  sps 1238  opp symm  loss -0.154  pg -0.1522  v 0.017  ev +0.96  adv_std 0.182  tR +0.50  ent[s/d/p/e] 0.19/1.77/1.31/0.00  emits 0.98  spf 37.1  z0 0.02  garr 36.6  tG 457  e2 0.00  nF 14.2  pS 0.37  ptS 0.36  fLog 0.46  pdΔ -0.1347  pkR 6.43  clip 0.14  kl +0.006
upd  878  steps 1800192  sps 1238  opp symm  loss -0.179  pg -0.1782  v 0.019  ev +0.96  adv_std 0.192  tR +0.14  ent[s/d/p/e] 0.18/1.82/1.27/0.00  emits 0.97  spf 37.5  z0 0.03  garr 38.5  tG 472  e2 0.00  nF 14.6  pS 0.36  ptS 0.35  fLog 0.46  pdΔ -0.1414  pkR 7.12  clip 0.13  kl +0.008
upd  879  steps 1802240  sps 1239  opp symm  loss -0.136  pg -0.1373  v 0.021  ev +0.96  adv_std 0.201  tR +0.60  ent[s/d/p/e] 0.19/1.77/1.20/0.00  emits 0.98  spf 36.3  z0 0.02  garr 37.8  tG 458  e2 0.00  nF 14.8  pS 0.34  ptS 0.33  fLog 0.45  pdΔ -0.1619  pkR 8.49  clip 0.11  kl +0.004
upd  880  steps 1804288  sps 1240  opp symm  loss -0.180  pg -0.1823  v 0.024  ev +0.95  adv_std 0.216  tR +1.00  ent[s/d/p/e] 0.17/1.79/1.21/0.00  emits 0.98  spf 36.8  z0 0.02  garr 37.6  tG 443  e2 0.00  nF 14.7  pS 0.34  ptS 0.33  fLog 0.45  pdΔ -0.1589  pkR 9.25  clip 0.11  kl +0.001
upd  881  steps 1806336  sps 1241  opp symm  loss -0.086  pg -0.0893  v 0.027  ev +0.94  adv_std 0.233  tR -0.60  ent[s/d/p/e] 0.18/1.76/1.28/0.00  emits 0.99  spf 38.6  z0 0.01  garr 39.4  tG 476  e2 0.00  nF 13.9  pS 0.37  ptS 0.36  fLog 0.47  pdΔ -0.1318  pkR 7.42  clip 0.16  kl +0.002
upd  882  steps 1808384  sps 1242  opp symm  loss -0.123  pg -0.1226  v 0.020  ev +0.95  adv_std 0.203  tR +0.00  ent[s/d/p/e] 0.20/1.68/1.38/0.00  emits 1.00  spf 40.2  z0 0.00  garr 41.0  tG 492  e2 0.00  nF 12.2  pS 0.39  ptS 0.38  fLog 0.48  pdΔ -0.1096  pkR 6.96  clip 0.15  kl +0.009
upd  883  steps 1810432  sps 1243  opp symm  loss -0.088  pg -0.0872  v 0.020  ev +0.95  adv_std 0.204  tR +0.50  ent[s/d/p/e] 0.20/1.66/1.38/0.00  emits 0.99  spf 39.9  z0 0.01  garr 40.8  tG 485  e2 0.00  nF 11.8  pS 0.40  ptS 0.38  fLog 0.49  pdΔ -0.1021  pkR 4.72  clip 0.13  kl +0.006
upd  884  steps 1812480  sps 1244  opp symm  loss -0.098  pg -0.0980  v 0.021  ev +0.95  adv_std 0.206  tR +0.60  ent[s/d/p/e] 0.19/1.59/1.41/0.00  emits 0.99  spf 38.4  z0 0.01  garr 40.1  tG 477  e2 0.00  nF 11.6  pS 0.38  ptS 0.37  fLog 0.48  pdΔ -0.1193  pkR 5.15  clip 0.11  kl +0.004
upd  885  steps 1814528  sps 1244  opp symm  loss -0.101  pg -0.0985  v 0.016  ev +0.96  adv_std 0.181  tR +1.00  ent[s/d/p/e] 0.20/1.58/1.42/0.00  emits 0.99  spf 39.7  z0 0.01  garr 40.7  tG 475  e2 0.00  nF 11.5  pS 0.38  ptS 0.37  fLog 0.49  pdΔ -0.1189  pkR 5.08  clip 0.13  kl +0.009
upd  886  steps 1816576  sps 1245  opp symm  loss -0.029  pg -0.0285  v 0.020  ev +0.95  adv_std 0.205  tR -1.00  ent[s/d/p/e] 0.20/1.60/1.41/0.00  emits 0.97  spf 41.1  z0 0.03  garr 40.8  tG 476  e2 0.00  nF 11.3  pS 0.38  ptS 0.37  fLog 0.49  pdΔ -0.1195  pkR 5.85  clip 0.11  kl +0.002
upd  887  steps 1818624  sps 1246  opp symm  loss +0.020  pg +0.0214  v 0.019  ev +0.96  adv_std 0.199  tR -0.25  ent[s/d/p/e] 0.20/1.55/1.44/0.00  emits 1.00  spf 42.2  z0 0.00  garr 43.3  tG 499  e2 0.00  nF 12.0  pS 0.38  ptS 0.37  fLog 0.49  pdΔ -0.1164  pkR 5.11  clip 0.09  kl +0.001
upd  888  steps 1820672  sps 1247  opp symm  loss -0.090  pg -0.0867  v 0.015  ev +0.96  adv_std 0.172  tR +0.33  ent[s/d/p/e] 0.18/1.59/1.40/0.00  emits 0.98  spf 41.3  z0 0.02  garr 40.9  tG 500  e2 0.00  nF 12.8  pS 0.38  ptS 0.36  fLog 0.49  pdΔ -0.1220  pkR 6.28  clip 0.16  kl +0.004
upd  889  steps 1822720  sps 1248  opp symm  loss -0.068  pg -0.0674  v 0.019  ev +0.95  adv_std 0.199  tR +0.50  ent[s/d/p/e] 0.19/1.56/1.35/0.00  emits 0.97  spf 39.7  z0 0.03  garr 39.5  tG 457  e2 0.00  nF 13.5  pS 0.35  ptS 0.33  fLog 0.48  pdΔ -0.1533  pkR 8.72  clip 0.11  kl +0.003
upd  890  steps 1824768  sps 1249  opp symm  loss -0.094  pg -0.0936  v 0.021  ev +0.95  adv_std 0.201  tR +0.67  ent[s/d/p/e] 0.19/1.61/1.35/0.00  emits 0.98  spf 37.5  z0 0.02  garr 37.8  tG 404  e2 0.00  nF 13.8  pS 0.33  ptS 0.32  fLog 0.47  pdΔ -0.1657  pkR 10.00  clip 0.10  kl +0.002
upd  891  steps 1826816  sps 1250  opp symm  loss -0.132  pg -0.1299  v 0.016  ev +0.96  adv_std 0.180  tR +0.33  ent[s/d/p/e] 0.20/1.61/1.33/0.00  emits 0.99  spf 33.9  z0 0.01  garr 35.8  tG 341  e2 0.00  nF 14.3  pS 0.33  ptS 0.32  fLog 0.47  pdΔ -0.1712  pkR 9.84  clip 0.09  kl +0.003
upd  892  steps 1828864  sps 1250  opp symm  loss -0.078  pg -0.0772  v 0.020  ev +0.95  adv_std 0.204  tR +1.00  ent[s/d/p/e] 0.19/1.71/1.31/0.00  emits 0.98  spf 38.4  z0 0.02  garr 39.2  tG 392  e2 0.00  nF 13.7  pS 0.36  ptS 0.34  fLog 0.49  pdΔ -0.1410  pkR 9.17  clip 0.18  kl +0.008
upd  893  steps 1830912  sps 1251  opp symm  loss -0.149  pg -0.1457  v 0.014  ev +0.97  adv_std 0.167  tR -0.20  ent[s/d/p/e] 0.17/1.76/1.32/0.00  emits 0.98  spf 41.5  z0 0.02  garr 42.0  tG 457  e2 0.00  nF 14.2  pS 0.39  ptS 0.37  fLog 0.49  pdΔ -0.1147  pkR 8.07  clip 0.12  kl +0.005
upd  894  steps 1832960  sps 1252  opp symm  loss -0.088  pg -0.0911  v 0.026  ev +0.93  adv_std 0.229  tR +0.40  ent[s/d/p/e] 0.16/1.72/1.29/0.00  emits 0.97  spf 41.9  z0 0.03  garr 42.7  tG 474  e2 0.00  nF 15.0  pS 0.38  ptS 0.37  fLog 0.49  pdΔ -0.1182  pkR 6.17  clip 0.13  kl +0.003
upd  895  steps 1835008  sps 1253  opp symm  loss -0.126  pg -0.1273  v 0.023  ev +0.95  adv_std 0.213  tR +0.60  ent[s/d/p/e] 0.15/1.69/1.24/0.00  emits 0.97  spf 41.1  z0 0.03  garr 41.1  tG 450  e2 0.00  nF 14.7  pS 0.36  ptS 0.35  fLog 0.47  pdΔ -0.1417  pkR 6.57  clip 0.11  kl +0.002
upd  896  steps 1837056  sps 1254  opp symm  loss -0.073  pg -0.0775  v 0.029  ev +0.94  adv_std 0.242  tR +0.25  ent[s/d/p/e] 0.16/1.61/1.23/0.00  emits 0.99  spf 41.7  z0 0.01  garr 43.1  tG 430  e2 0.00  nF 14.5  pS 0.33  ptS 0.32  fLog 0.47  pdΔ -0.1663  pkR 7.69  clip 0.23  kl +0.004
upd  897  steps 1839104  sps 1255  opp symm  loss -0.112  pg -0.1128  v 0.022  ev +0.95  adv_std 0.211  tR +1.00  ent[s/d/p/e] 0.16/1.56/1.33/0.00  emits 0.97  spf 48.0  z0 0.03  garr 47.7  tG 474  e2 0.00  nF 14.6  pS 0.34  ptS 0.33  fLog 0.49  pdΔ -0.1590  pkR 7.58  clip 0.16  kl +0.005
upd  898  steps 1841152  sps 1255  opp symm  loss -0.098  pg -0.0958  v 0.016  ev +0.97  adv_std 0.185  tR +0.50  ent[s/d/p/e] 0.18/1.52/1.36/0.00  emits 0.96  spf 50.3  z0 0.04  garr 50.0  tG 496  e2 0.00  nF 12.8  pS 0.35  ptS 0.33  fLog 0.50  pdΔ -0.1544  pkR 8.33  clip 0.13  kl +0.006
[eval_vs_v20] u899 tag=train_u899  bin0=0.0%  spf=0.00  garr=128.50  flip=0.00%  z0=71.9%  e8=0.0%  e2+=0.0%  WLD=0/3/0
upd  899  steps 1843200  sps 1256  opp symm  loss -0.074  pg -0.0757  v 0.023  ev +0.95  adv_std 0.214  tR +0.00  ent[s/d/p/e] 0.19/1.49/1.36/0.00  emits 0.98  spf 44.7  z0 0.02  garr 45.6  tG 469  e2 0.00  nF 12.4  pS 0.36  ptS 0.35  fLog 0.49  pdΔ -0.1401  pkR 8.85  clip 0.21  kl +0.010 WRr 0.56 v20[spf 0.0 flip 0.0% e2+ 0.0%]
upd  900  steps 1845248  sps 1183  opp symm  loss -0.018  pg -0.0176  v 0.021  ev +0.95  adv_std 0.210  tR +0.67  ent[s/d/p/e] 0.18/1.53/1.44/0.00  emits 0.98  spf 45.4  z0 0.02  garr 43.7  tG 468  e2 0.00  nF 13.0  pS 0.38  ptS 0.36  fLog 0.50  pdΔ -0.1215  pkR 9.07  clip 0.23  kl +0.004
upd  901  steps 1847296  sps 1184  opp symm  loss -0.123  pg -0.1248  v 0.025  ev +0.95  adv_std 0.226  tR -0.33  ent[s/d/p/e] 0.18/1.54/1.39/0.00  emits 0.99  spf 43.8  z0 0.01  garr 44.0  tG 482  e2 0.00  nF 12.0  pS 0.38  ptS 0.36  fLog 0.49  pdΔ -0.1190  pkR 8.81  clip 0.16  kl +0.004
upd  902  steps 1849344  sps 1185  opp symm  loss -0.068  pg -0.0686  v 0.021  ev +0.95  adv_std 0.211  tR +1.00  ent[s/d/p/e] 0.17/1.49/1.41/0.00  emits 0.99  spf 46.5  z0 0.01  garr 46.2  tG 509  e2 0.00  nF 12.1  pS 0.37  ptS 0.36  fLog 0.49  pdΔ -0.1271  pkR 9.66  clip 0.14  kl +0.000
upd  903  steps 1851392  sps 1186  opp symm  loss -0.053  pg -0.0535  v 0.021  ev +0.95  adv_std 0.207  tR -0.11  ent[s/d/p/e] 0.15/1.45/1.35/0.00  emits 0.98  spf 45.4  z0 0.02  garr 43.1  tG 453  e2 0.00  nF 11.3  pS 0.34  ptS 0.33  fLog 0.48  pdΔ -0.1611  pkR 11.26  clip 0.10  kl +0.005
upd  904  steps 1853440  sps 1186  opp symm  loss +0.008  pg +0.0048  v 0.028  ev +0.92  adv_std 0.243  tR +1.00  ent[s/d/p/e] 0.17/1.45/1.44/0.00  emits 0.99  spf 42.5  z0 0.01  garr 43.9  tG 445  e2 0.00  nF 11.9  pS 0.34  ptS 0.33  fLog 0.48  pdΔ -0.1611  pkR 10.61  clip 0.09  kl +0.004
upd  905  steps 1855488  sps 1187  opp symm  loss -0.006  pg -0.0046  v 0.020  ev +0.95  adv_std 0.199  tR +0.00  ent[s/d/p/e] 0.20/1.54/1.46/0.00  emits 0.97  spf 48.1  z0 0.03  garr 48.2  tG 464  e2 0.00  nF 11.5  pS 0.34  ptS 0.33  fLog 0.50  pdΔ -0.1617  pkR 11.98  clip 0.12  kl +0.002
upd  906  steps 1857536  sps 1188  opp symm  loss -0.051  pg -0.0487  v 0.016  ev +0.96  adv_std 0.174  tR +0.67  ent[s/d/p/e] 0.18/1.53/1.43/0.00  emits 0.99  spf 43.2  z0 0.01  garr 43.8  tG 410  e2 0.00  nF 11.7  pS 0.33  ptS 0.31  fLog 0.49  pdΔ -0.1695  pkR 11.85  clip 0.11  kl +0.002
upd  907  steps 1859584  sps 1189  opp symm  loss -0.094  pg -0.0912  v 0.016  ev +0.96  adv_std 0.181  tR -0.20  ent[s/d/p/e] 0.18/1.53/1.41/0.00  emits 0.99  spf 38.0  z0 0.01  garr 40.4  tG 401  e2 0.00  nF 12.4  pS 0.34  ptS 0.32  fLog 0.48  pdΔ -0.1599  pkR 8.17  clip 0.12  kl +0.007
upd  908  steps 1861632  sps 1190  opp symm  loss -0.016  pg -0.0151  v 0.020  ev +0.95  adv_std 0.204  tR +0.33  ent[s/d/p/e] 0.19/1.52/1.45/0.00  emits 0.98  spf 42.0  z0 0.02  garr 42.5  tG 449  e2 0.00  nF 12.7  pS 0.36  ptS 0.34  fLog 0.49  pdΔ -0.1383  pkR 7.70  clip 0.14  kl +0.006
upd  909  steps 1863680  sps 1190  opp symm  loss -0.115  pg -0.1116  v 0.014  ev +0.97  adv_std 0.164  tR +0.00  ent[s/d/p/e] 0.20/1.64/1.42/0.00  emits 1.00  spf 40.0  z0 0.00  garr 41.7  tG 436  e2 0.00  nF 12.9  pS 0.37  ptS 0.35  fLog 0.49  pdΔ -0.1314  pkR 5.34  clip 0.14  kl +0.002
upd  910  steps 1865728  sps 1191  opp symm  loss -0.102  pg -0.1051  v 0.026  ev +0.94  adv_std 0.231  tR +0.71  ent[s/d/p/e] 0.20/1.66/1.33/0.00  emits 1.00  spf 38.3  z0 0.00  garr 39.6  tG 436  e2 0.00  nF 13.3  pS 0.36  ptS 0.34  fLog 0.47  pdΔ -0.1381  pkR 6.81  clip 0.17  kl +0.006
upd  911  steps 1867776  sps 1192  opp symm  loss -0.109  pg -0.1090  v 0.022  ev +0.95  adv_std 0.208  tR +0.67  ent[s/d/p/e] 0.19/1.66/1.36/0.00  emits 1.00  spf 38.7  z0 0.00  garr 40.3  tG 437  e2 0.00  nF 14.1  pS 0.35  ptS 0.33  fLog 0.47  pdΔ -0.1535  pkR 6.82  clip 0.14  kl +0.003
upd  912  steps 1869824  sps 1193  opp symm  loss -0.085  pg -0.0876  v 0.026  ev +0.94  adv_std 0.225  tR +1.00  ent[s/d/p/e] 0.18/1.65/1.35/0.00  emits 0.98  spf 35.8  z0 0.02  garr 37.4  tG 409  e2 0.00  nF 15.0  pS 0.33  ptS 0.32  fLog 0.46  pdΔ -0.1690  pkR 7.22  clip 0.15  kl +0.008
upd  913  steps 1871872  sps 1194  opp symm  loss -0.109  pg -0.1085  v 0.020  ev +0.95  adv_std 0.200  tR +0.33  ent[s/d/p/e] 0.17/1.75/1.34/0.00  emits 0.96  spf 39.5  z0 0.04  garr 38.2  tG 429  e2 0.00  nF 13.9  pS 0.34  ptS 0.32  fLog 0.47  pdΔ -0.1634  pkR 8.54  clip 0.14  kl +0.003
upd  914  steps 1873920  sps 1195  opp symm  loss -0.143  pg -0.1400  v 0.015  ev +0.97  adv_std 0.177  tR +0.20  ent[s/d/p/e] 0.18/1.75/1.31/0.00  emits 0.95  spf 36.0  z0 0.05  garr 35.2  tG 397  e2 0.00  nF 15.1  pS 0.34  ptS 0.33  fLog 0.47  pdΔ -0.1613  pkR 9.32  clip 0.10  kl +0.002
upd  915  steps 1875968  sps 1195  opp symm  loss -0.129  pg -0.1288  v 0.021  ev +0.95  adv_std 0.208  tR +0.00  ent[s/d/p/e] 0.17/1.76/1.31/0.00  emits 0.96  spf 40.5  z0 0.04  garr 39.4  tG 464  e2 0.00  nF 14.2  pS 0.36  ptS 0.35  fLog 0.48  pdΔ -0.1399  pkR 7.82  clip 0.17  kl +0.007
upd  916  steps 1878016  sps 1196  opp symm  loss -0.090  pg -0.0914  v 0.023  ev +0.95  adv_std 0.216  tR -0.50  ent[s/d/p/e] 0.19/1.73/1.32/0.00  emits 0.98  spf 42.2  z0 0.02  garr 40.9  tG 511  e2 0.00  nF 13.9  pS 0.37  ptS 0.36  fLog 0.48  pdΔ -0.1265  pkR 7.86  clip 0.13  kl +0.003
upd  917  steps 1880064  sps 1197  opp symm  loss -0.059  pg -0.0604  v 0.022  ev +0.95  adv_std 0.212  tR +0.75  ent[s/d/p/e] 0.19/1.52/1.34/0.00  emits 1.00  spf 39.1  z0 0.00  garr 38.7  tG 470  e2 0.00  nF 14.2  pS 0.36  ptS 0.35  fLog 0.47  pdΔ -0.1384  pkR 6.71  clip 0.14  kl +0.007
upd  918  steps 1882112  sps 1198  opp symm  loss -0.069  pg -0.0685  v 0.020  ev +0.95  adv_std 0.204  tR -0.50  ent[s/d/p/e] 0.19/1.52/1.35/0.00  emits 0.98  spf 39.5  z0 0.02  garr 38.1  tG 473  e2 0.00  nF 14.6  pS 0.36  ptS 0.35  fLog 0.48  pdΔ -0.1382  pkR 7.16  clip 0.13  kl +0.006
upd  919  steps 1884160  sps 1199  opp symm  loss -0.056  pg -0.0523  v 0.013  ev +0.97  adv_std 0.165  tR +0.33  ent[s/d/p/e] 0.19/1.47/1.39/0.00  emits 0.97  spf 39.6  z0 0.03  garr 38.1  tG 482  e2 0.00  nF 14.2  pS 0.37  ptS 0.37  fLog 0.48  pdΔ -0.1259  pkR 6.24  clip 0.13  kl +0.006
upd  920  steps 1886208  sps 1199  opp symm  loss -0.072  pg -0.0703  v 0.018  ev +0.96  adv_std 0.190  tR +0.25  ent[s/d/p/e] 0.17/1.54/1.40/0.00  emits 0.97  spf 41.4  z0 0.03  garr 40.2  tG 520  e2 0.00  nF 14.5  pS 0.38  ptS 0.37  fLog 0.49  pdΔ -0.1159  pkR 6.15  clip 0.11  kl +0.003
upd  921  steps 1888256  sps 1200  opp symm  loss -0.079  pg -0.0795  v 0.022  ev +0.95  adv_std 0.218  tR +0.20  ent[s/d/p/e] 0.18/1.55/1.41/0.00  emits 0.96  spf 43.3  z0 0.04  garr 40.5  tG 527  e2 0.00  nF 14.1  pS 0.38  ptS 0.37  fLog 0.49  pdΔ -0.1230  pkR 5.40  clip 0.10  kl +0.005
upd  922  steps 1890304  sps 1201  opp symm  loss -0.006  pg -0.0069  v 0.023  ev +0.94  adv_std 0.215  tR +0.50  ent[s/d/p/e] 0.18/1.56/1.40/0.00  emits 0.99  spf 44.3  z0 0.01  garr 42.4  tG 547  e2 0.00  nF 14.0  pS 0.38  ptS 0.37  fLog 0.49  pdΔ -0.1245  pkR 5.62  clip 0.11  kl +0.002
upd  923  steps 1892352  sps 1202  opp symm  loss -0.031  pg -0.0280  v 0.015  ev +0.96  adv_std 0.180  tR +0.33  ent[s/d/p/e] 0.20/1.45/1.44/0.00  emits 1.00  spf 43.8  z0 0.00  garr 40.9  tG 495  e2 0.00  nF 13.4  pS 0.35  ptS 0.35  fLog 0.49  pdΔ -0.1488  pkR 6.14  clip 0.13  kl +0.008
upd  924  steps 1894400  sps 1203  opp symm  loss -0.032  pg -0.0300  v 0.019  ev +0.95  adv_std 0.197  tR -1.00  ent[s/d/p/e] 0.20/1.61/1.48/0.00  emits 1.00  spf 46.0  z0 0.00  garr 44.4  tG 532  e2 0.00  nF 12.7  pS 0.39  ptS 0.38  fLog 0.51  pdΔ -0.1064  pkR 5.25  clip 0.20  kl +0.006
upd  925  steps 1896448  sps 1203  opp symm  loss -0.055  pg -0.0498  v 0.012  ev +0.97  adv_std 0.155  tR +0.43  ent[s/d/p/e] 0.20/1.60/1.48/0.00  emits 0.98  spf 45.3  z0 0.02  garr 45.3  tG 536  e2 0.00  nF 11.9  pS 0.41  ptS 0.39  fLog 0.52  pdΔ -0.0928  pkR 5.36  clip 0.19  kl +0.006
upd  926  steps 1898496  sps 1204  opp symm  loss +0.023  pg +0.0209  v 0.025  ev +0.94  adv_std 0.227  tR +0.64  ent[s/d/p/e] 0.20/1.52/1.42/0.00  emits 0.99  spf 41.0  z0 0.01  garr 42.0  tG 473  e2 0.00  nF 11.5  pS 0.38  ptS 0.36  fLog 0.50  pdΔ -0.1230  pkR 6.65  clip 0.12  kl +0.003
upd  927  steps 1900544  sps 1205  opp symm  loss -0.089  pg -0.0880  v 0.018  ev +0.96  adv_std 0.185  tR +1.00  ent[s/d/p/e] 0.18/1.47/1.24/0.00  emits 1.00  spf 36.0  z0 0.00  garr 36.4  tG 386  e2 0.00  nF 12.6  pS 0.31  ptS 0.30  fLog 0.46  pdΔ -0.1898  pkR 9.61  clip 0.15  kl +0.004
upd  928  steps 1902592  sps 1206  opp symm  loss -0.098  pg -0.0998  v 0.023  ev +0.95  adv_std 0.219  tR +0.33  ent[s/d/p/e] 0.17/1.48/1.24/0.00  emits 0.97  spf 36.9  z0 0.03  garr 36.0  tG 395  e2 0.00  nF 14.0  pS 0.30  ptS 0.30  fLog 0.46  pdΔ -0.1969  pkR 9.74  clip 0.13  kl +0.003
upd  929  steps 1904640  sps 1207  opp symm  loss -0.129  pg -0.1352  v 0.032  ev +0.94  adv_std 0.252  tR +0.43  ent[s/d/p/e] 0.18/1.59/1.20/0.00  emits 0.95  spf 39.8  z0 0.05  garr 37.6  tG 434  e2 0.00  nF 14.2  pS 0.30  ptS 0.30  fLog 0.46  pdΔ -0.1959  pkR 8.98  clip 0.11  kl +0.003
upd  930  steps 1906688  sps 1207  opp symm  loss -0.173  pg -0.1728  v 0.020  ev +0.96  adv_std 0.195  tR -0.50  ent[s/d/p/e] 0.18/1.63/1.21/0.00  emits 0.95  spf 41.9  z0 0.05  garr 39.3  tG 441  e2 0.00  nF 14.1  pS 0.30  ptS 0.30  fLog 0.46  pdΔ -0.1994  pkR 8.08  clip 0.09  kl -0.000
upd  931  steps 1908736  sps 1208  opp symm  loss -0.086  pg -0.0891  v 0.026  ev +0.94  adv_std 0.228  tR +0.14  ent[s/d/p/e] 0.18/1.50/1.27/0.00  emits 1.00  spf 39.5  z0 0.00  garr 40.8  tG 450  e2 0.00  nF 14.6  pS 0.31  ptS 0.30  fLog 0.45  pdΔ -0.1872  pkR 6.84  clip 0.11  kl +0.003
upd  932  steps 1910784  sps 1209  opp symm  loss -0.122  pg -0.1228  v 0.021  ev +0.96  adv_std 0.209  tR +0.33  ent[s/d/p/e] 0.16/1.60/1.25/0.00  emits 0.99  spf 41.3  z0 0.01  garr 40.7  tG 445  e2 0.00  nF 14.1  pS 0.31  ptS 0.31  fLog 0.45  pdΔ -0.1855  pkR 9.16  clip 0.15  kl +0.004
upd  933  steps 1912832  sps 1210  opp symm  loss -0.098  pg -0.0987  v 0.021  ev +0.96  adv_std 0.207  tR +0.00  ent[s/d/p/e] 0.16/1.61/1.25/0.00  emits 0.99  spf 39.2  z0 0.01  garr 40.4  tG 431  e2 0.00  nF 12.9  pS 0.32  ptS 0.31  fLog 0.46  pdΔ -0.1816  pkR 10.27  clip 0.12  kl +0.007
upd  934  steps 1914880  sps 1211  opp symm  loss -0.083  pg -0.0833  v 0.021  ev +0.96  adv_std 0.210  tR +0.50  ent[s/d/p/e] 0.18/1.64/1.29/0.00  emits 0.99  spf 43.9  z0 0.02  garr 43.9  tG 469  e2 0.00  nF 13.2  pS 0.33  ptS 0.32  fLog 0.47  pdΔ -0.1713  pkR 10.20  clip 0.11  kl +0.003
upd  935  steps 1916928  sps 1211  opp symm  loss -0.122  pg -0.1192  v 0.015  ev +0.97  adv_std 0.170  tR +0.67  ent[s/d/p/e] 0.18/1.54/1.31/0.00  emits 0.94  spf 41.3  z0 0.06  garr 39.4  tG 403  e2 0.00  nF 12.7  pS 0.29  ptS 0.28  fLog 0.46  pdΔ -0.2116  pkR 13.18  clip 0.11  kl +0.004
upd  936  steps 1918976  sps 1212  opp symm  loss -0.034  pg -0.0391  v 0.030  ev +0.92  adv_std 0.251  tR -0.60  ent[s/d/p/e] 0.18/1.57/1.33/0.00  emits 0.97  spf 42.6  z0 0.03  garr 42.9  tG 439  e2 0.00  nF 13.7  pS 0.30  ptS 0.30  fLog 0.47  pdΔ -0.1952  pkR 13.78  clip 0.13  kl +0.006
upd  937  steps 1921024  sps 1213  opp symm  loss -0.092  pg -0.0928  v 0.021  ev +0.95  adv_std 0.209  tR +0.20  ent[s/d/p/e] 0.22/1.55/1.32/0.00  emits 0.99  spf 42.6  z0 0.01  garr 43.7  tG 451  e2 0.00  nF 13.2  pS 0.31  ptS 0.31  fLog 0.47  pdΔ -0.1878  pkR 14.48  clip 0.11  kl +0.003
upd  938  steps 1923072  sps 1214  opp symm  loss -0.102  pg -0.1016  v 0.019  ev +0.96  adv_std 0.190  tR -0.60  ent[s/d/p/e] 0.22/1.59/1.28/0.00  emits 0.99  spf 31.9  z0 0.01  garr 33.3  tG 338  e2 0.00  nF 12.2  pS 0.31  ptS 0.31  fLog 0.45  pdΔ -0.1923  pkR 9.41  clip 0.09  kl +0.003
upd  939  steps 1925120  sps 1215  opp symm  loss -0.134  pg -0.1306  v 0.014  ev +0.97  adv_std 0.168  tR +0.00  ent[s/d/p/e] 0.18/1.59/1.35/0.00  emits 0.98  spf 33.8  z0 0.02  garr 34.5  tG 354  e2 0.00  nF 13.1  pS 0.31  ptS 0.31  fLog 0.46  pdΔ -0.1870  pkR 5.71  clip 0.09  kl +0.002
upd  940  steps 1927168  sps 1215  opp symm  loss -0.061  pg -0.0598  v 0.018  ev +0.96  adv_std 0.191  tR +0.33  ent[s/d/p/e] 0.19/1.59/1.41/0.00  emits 0.98  spf 36.1  z0 0.02  garr 36.5  tG 389  e2 0.00  nF 13.3  pS 0.34  ptS 0.34  fLog 0.47  pdΔ -0.1583  pkR 6.48  clip 0.11  kl +0.000
upd  941  steps 1929216  sps 1216  opp symm  loss -0.098  pg -0.0971  v 0.019  ev +0.96  adv_std 0.198  tR +0.67  ent[s/d/p/e] 0.18/1.64/1.40/0.00  emits 0.97  spf 39.4  z0 0.03  garr 39.0  tG 425  e2 0.00  nF 12.8  pS 0.35  ptS 0.34  fLog 0.48  pdΔ -0.1535  pkR 7.32  clip 0.11  kl +0.006
upd  942  steps 1931264  sps 1217  opp symm  loss -0.158  pg -0.1584  v 0.020  ev +0.96  adv_std 0.202  tR +0.11  ent[s/d/p/e] 0.16/1.69/1.31/0.00  emits 0.99  spf 36.1  z0 0.01  garr 36.0  tG 393  e2 0.00  nF 12.7  pS 0.33  ptS 0.33  fLog 0.47  pdΔ -0.1658  pkR 5.36  clip 0.08  kl +0.005
upd  943  steps 1933312  sps 1218  opp symm  loss -0.139  pg -0.1389  v 0.021  ev +0.96  adv_std 0.201  tR -0.50  ent[s/d/p/e] 0.15/1.75/1.31/0.00  emits 0.99  spf 39.4  z0 0.01  garr 38.3  tG 414  e2 0.00  nF 13.8  pS 0.34  ptS 0.34  fLog 0.48  pdΔ -0.1563  pkR 5.35  clip 0.13  kl +0.004
upd  944  steps 1935360  sps 1219  opp symm  loss -0.112  pg -0.1127  v 0.022  ev +0.95  adv_std 0.208  tR +0.67  ent[s/d/p/e] 0.15/1.72/1.29/0.00  emits 0.99  spf 40.5  z0 0.01  garr 40.0  tG 450  e2 0.00  nF 14.1  pS 0.35  ptS 0.35  fLog 0.48  pdΔ -0.1471  pkR 4.98  clip 0.12  kl +0.004
upd  945  steps 1937408  sps 1219  opp symm  loss -0.093  pg -0.0923  v 0.018  ev +0.96  adv_std 0.193  tR +0.14  ent[s/d/p/e] 0.17/1.64/1.32/0.00  emits 0.97  spf 41.8  z0 0.03  garr 41.9  tG 454  e2 0.00  nF 14.2  pS 0.35  ptS 0.34  fLog 0.48  pdΔ -0.1548  pkR 4.75  clip 0.10  kl +0.002
upd  946  steps 1939456  sps 1220  opp symm  loss -0.075  pg -0.0769  v 0.023  ev +0.94  adv_std 0.215  tR +0.50  ent[s/d/p/e] 0.15/1.64/1.31/0.00  emits 0.97  spf 44.7  z0 0.03  garr 44.4  tG 472  e2 0.00  nF 14.5  pS 0.34  ptS 0.33  fLog 0.49  pdΔ -0.1627  pkR 4.80  clip 0.12  kl +0.007
upd  947  steps 1941504  sps 1221  opp symm  loss -0.105  pg -0.1064  v 0.024  ev +0.95  adv_std 0.221  tR +0.20  ent[s/d/p/e] 0.15/1.66/1.31/0.00  emits 0.99  spf 47.8  z0 0.01  garr 46.8  tG 505  e2 0.00  nF 15.3  pS 0.34  ptS 0.33  fLog 0.49  pdΔ -0.1570  pkR 5.64  clip 0.13  kl +0.003
upd  948  steps 1943552  sps 1222  opp symm  loss -0.118  pg -0.1188  v 0.022  ev +0.95  adv_std 0.211  tR +0.20  ent[s/d/p/e] 0.16/1.68/1.29/0.00  emits 1.00  spf 47.6  z0 0.00  garr 48.7  tG 526  e2 0.00  nF 14.7  pS 0.34  ptS 0.33  fLog 0.49  pdΔ -0.1587  pkR 6.48  clip 0.08  kl +0.005
upd  949  steps 1945600  sps 1223  opp symm  loss -0.086  pg -0.0878  v 0.024  ev +0.95  adv_std 0.230  tR +1.00  ent[s/d/p/e] 0.16/1.74/1.32/0.00  emits 1.00  spf 52.8  z0 0.00  garr 52.8  tG 582  e2 0.00  nF 14.3  pS 0.35  ptS 0.34  fLog 0.49  pdΔ -0.1510  pkR 7.39  clip 0.08  kl +0.003
upd  950  steps 1947648  sps 1223  opp symm  loss -0.073  pg -0.0763  v 0.026  ev +0.94  adv_std 0.234  tR +0.25  ent[s/d/p/e] 0.16/1.62/1.31/0.00  emits 0.99  spf 52.2  z0 0.01  garr 52.8  tG 560  e2 0.00  nF 13.7  pS 0.34  ptS 0.33  fLog 0.48  pdΔ -0.1638  pkR 7.77  clip 0.18  kl +0.003
upd  951  steps 1949696  sps 1224  opp symm  loss -0.037  pg -0.0433  v 0.033  ev +0.92  adv_std 0.260  tR +0.20  ent[s/d/p/e] 0.17/1.55/1.34/0.00  emits 0.99  spf 54.4  z0 0.01  garr 53.6  tG 557  e2 0.00  nF 14.1  pS 0.33  ptS 0.33  fLog 0.48  pdΔ -0.1684  pkR 9.04  clip 0.15  kl +0.005
upd  952  steps 1951744  sps 1225  opp symm  loss -0.044  pg -0.0443  v 0.022  ev +0.94  adv_std 0.214  tR +0.33  ent[s/d/p/e] 0.16/1.62/1.45/0.00  emits 1.00  spf 57.9  z0 0.00  garr 57.5  tG 615  e2 0.00  nF 14.3  pS 0.38  ptS 0.37  fLog 0.51  pdΔ -0.1165  pkR 8.65  clip 0.18  kl +0.005
upd  953  steps 1953792  sps 1226  opp symm  loss -0.094  pg -0.0902  v 0.015  ev +0.96  adv_std 0.172  tR +0.33  ent[s/d/p/e] 0.20/1.72/1.41/0.00  emits 1.00  spf 61.7  z0 0.00  garr 61.4  tG 686  e2 0.00  nF 13.2  pS 0.41  ptS 0.39  fLog 0.52  pdΔ -0.0947  pkR 7.65  clip 0.15  kl +0.003
upd  954  steps 1955840  sps 1227  opp symm  loss -0.010  pg -0.0088  v 0.020  ev +0.95  adv_std 0.201  tR +0.43  ent[s/d/p/e] 0.20/1.57/1.42/0.00  emits 0.99  spf 65.3  z0 0.01  garr 64.6  tG 717  e2 0.00  nF 12.5  pS 0.40  ptS 0.38  fLog 0.52  pdΔ -0.1035  pkR 7.25  clip 0.17  kl +0.002
upd  955  steps 1957888  sps 1227  opp symm  loss -0.037  pg -0.0377  v 0.024  ev +0.93  adv_std 0.218  tR +0.60  ent[s/d/p/e] 0.20/1.56/1.52/0.00  emits 0.97  spf 66.3  z0 0.03  garr 64.9  tG 730  e2 0.00  nF 12.6  pS 0.40  ptS 0.39  fLog 0.54  pdΔ -0.1025  pkR 6.81  clip 0.27  kl +0.009
upd  956  steps 1959936  sps 1228  opp symm  loss -0.101  pg -0.0964  v 0.013  ev +0.97  adv_std 0.167  tR +0.25  ent[s/d/p/e] 0.21/1.67/1.45/0.00  emits 0.97  spf 61.5  z0 0.03  garr 60.1  tG 701  e2 0.00  nF 12.8  pS 0.40  ptS 0.39  fLog 0.52  pdΔ -0.1009  pkR 6.55  clip 0.15  kl +0.008
upd  957  steps 1961984  sps 1229  opp symm  loss -0.077  pg -0.0730  v 0.014  ev +0.96  adv_std 0.171  tR +0.50  ent[s/d/p/e] 0.20/1.68/1.40/0.00  emits 0.98  spf 57.5  z0 0.02  garr 55.5  tG 618  e2 0.00  nF 13.7  pS 0.38  ptS 0.37  fLog 0.50  pdΔ -0.1170  pkR 6.87  clip 0.14  kl +0.009
upd  958  steps 1964032  sps 1230  opp symm  loss -0.090  pg -0.0895  v 0.019  ev +0.95  adv_std 0.193  tR +1.00  ent[s/d/p/e] 0.18/1.77/1.27/0.00  emits 0.98  spf 52.1  z0 0.02  garr 52.3  tG 556  e2 0.00  nF 13.4  pS 0.36  ptS 0.34  fLog 0.48  pdΔ -0.1444  pkR 7.60  clip 0.15  kl +0.008
upd  959  steps 1966080  sps 1230  opp symm  loss -0.059  pg -0.0611  v 0.025  ev +0.94  adv_std 0.228  tR +0.20  ent[s/d/p/e] 0.19/1.67/1.33/0.00  emits 0.95  spf 45.4  z0 0.05  garr 45.0  tG 491  e2 0.00  nF 12.5  pS 0.34  ptS 0.32  fLog 0.48  pdΔ -0.1600  pkR 7.74  clip 0.12  kl +0.009
upd  960  steps 1968128  sps 1231  opp symm  loss -0.140  pg -0.1435  v 0.027  ev +0.94  adv_std 0.235  tR +0.00  ent[s/d/p/e] 0.18/1.65/1.29/0.00  emits 0.98  spf 41.7  z0 0.02  garr 42.3  tG 488  e2 0.00  nF 13.5  pS 0.34  ptS 0.32  fLog 0.47  pdΔ -0.1615  pkR 6.51  clip 0.16  kl +0.013
upd  961  steps 1970176  sps 1232  opp symm  loss -0.114  pg -0.1147  v 0.022  ev +0.95  adv_std 0.214  tR +0.67  ent[s/d/p/e] 0.21/1.65/1.25/0.00  emits 0.99  spf 42.1  z0 0.01  garr 42.9  tG 502  e2 0.00  nF 13.7  pS 0.34  ptS 0.33  fLog 0.46  pdΔ -0.1585  pkR 7.45  clip 0.12  kl +0.003
upd  962  steps 1972224  sps 1233  opp symm  loss -0.052  pg -0.0547  v 0.026  ev +0.94  adv_std 0.230  tR +0.33  ent[s/d/p/e] 0.18/1.63/1.34/0.00  emits 0.98  spf 40.0  z0 0.02  garr 40.7  tG 452  e2 0.00  nF 13.4  pS 0.33  ptS 0.32  fLog 0.47  pdΔ -0.1714  pkR 7.18  clip 0.06  kl +0.005
upd  963  steps 1974272  sps 1234  opp symm  loss -0.084  pg -0.0815  v 0.017  ev +0.96  adv_std 0.185  tR +0.33  ent[s/d/p/e] 0.20/1.62/1.42/0.00  emits 0.97  spf 41.0  z0 0.03  garr 42.5  tG 459  e2 0.00  nF 13.0  pS 0.35  ptS 0.34  fLog 0.49  pdΔ -0.1543  pkR 7.95  clip 0.11  kl +0.007
upd  964  steps 1976320  sps 1234  opp symm  loss -0.076  pg -0.0748  v 0.018  ev +0.96  adv_std 0.195  tR +0.50  ent[s/d/p/e] 0.20/1.66/1.36/0.00  emits 0.99  spf 41.7  z0 0.01  garr 44.0  tG 477  e2 0.00  nF 12.4  pS 0.35  ptS 0.35  fLog 0.49  pdΔ -0.1461  pkR 6.30  clip 0.12  kl +0.006
upd  965  steps 1978368  sps 1235  opp symm  loss -0.137  pg -0.1379  v 0.023  ev +0.95  adv_std 0.214  tR +0.67  ent[s/d/p/e] 0.17/1.68/1.29/0.00  emits 1.00  spf 45.5  z0 0.00  garr 47.0  tG 505  e2 0.00  nF 13.3  pS 0.35  ptS 0.34  fLog 0.49  pdΔ -0.1498  pkR 6.38  clip 0.10  kl +0.001
upd  966  steps 1980416  sps 1236  opp symm  loss -0.083  pg -0.0880  v 0.029  ev +0.94  adv_std 0.239  tR +0.50  ent[s/d/p/e] 0.16/1.74/1.15/0.00  emits 1.00  spf 40.2  z0 0.00  garr 43.4  tG 442  e2 0.00  nF 15.0  pS 0.31  ptS 0.30  fLog 0.45  pdΔ -0.1918  pkR 8.39  clip 0.13  kl +0.002
upd  967  steps 1982464  sps 1237  opp symm  loss -0.126  pg -0.1260  v 0.020  ev +0.96  adv_std 0.201  tR +1.00  ent[s/d/p/e] 0.17/1.73/1.27/0.00  emits 0.98  spf 37.2  z0 0.02  garr 38.9  tG 412  e2 0.00  nF 15.8  pS 0.32  ptS 0.31  fLog 0.46  pdΔ -0.1788  pkR 6.71  clip 0.09  kl +0.003
upd  968  steps 1984512  sps 1237  opp symm  loss -0.091  pg -0.0929  v 0.024  ev +0.95  adv_std 0.221  tR +1.00  ent[s/d/p/e] 0.16/1.87/1.29/0.00  emits 0.97  spf 42.4  z0 0.03  garr 42.2  tG 449  e2 0.00  nF 15.1  pS 0.33  ptS 0.32  fLog 0.48  pdΔ -0.1706  pkR 4.93  clip 0.14  kl +0.007
upd  969  steps 1986560  sps 1238  opp symm  loss -0.136  pg -0.1340  v 0.017  ev +0.97  adv_std 0.187  tR -0.33  ent[s/d/p/e] 0.16/1.79/1.36/0.00  emits 0.93  spf 46.9  z0 0.07  garr 44.9  tG 484  e2 0.00  nF 14.4  pS 0.34  ptS 0.32  fLog 0.49  pdΔ -0.1638  pkR 5.40  clip 0.07  kl +0.004
upd  970  steps 1988608  sps 1239  opp symm  loss -0.066  pg -0.0650  v 0.019  ev +0.96  adv_std 0.197  tR +0.00  ent[s/d/p/e] 0.17/1.66/1.40/0.00  emits 0.95  spf 52.2  z0 0.05  garr 50.9  tG 556  e2 0.00  nF 12.8  pS 0.36  ptS 0.34  fLog 0.51  pdΔ -0.1435  pkR 5.16  clip 0.10  kl +0.005
upd  971  steps 1990656  sps 1240  opp symm  loss -0.097  pg -0.0962  v 0.019  ev +0.96  adv_std 0.198  tR +0.20  ent[s/d/p/e] 0.15/1.64/1.40/0.00  emits 1.00  spf 50.8  z0 0.00  garr 50.0  tG 534  e2 0.00  nF 12.7  pS 0.35  ptS 0.33  fLog 0.49  pdΔ -0.1497  pkR 6.68  clip 0.10  kl +0.002
upd  972  steps 1992704  sps 1241  opp symm  loss -0.098  pg -0.0960  v 0.017  ev +0.97  adv_std 0.184  tR +1.00  ent[s/d/p/e] 0.13/1.72/1.37/0.00  emits 0.99  spf 49.1  z0 0.01  garr 48.3  tG 515  e2 0.00  nF 13.0  pS 0.34  ptS 0.33  fLog 0.48  pdΔ -0.1553  pkR 7.65  clip 0.12  kl +0.007
upd  973  steps 1994752  sps 1241  opp symm  loss -0.022  pg -0.0229  v 0.023  ev +0.95  adv_std 0.219  tR +0.11  ent[s/d/p/e] 0.16/1.65/1.40/0.00  emits 0.97  spf 48.7  z0 0.03  garr 46.9  tG 511  e2 0.00  nF 12.6  pS 0.35  ptS 0.34  fLog 0.49  pdΔ -0.1510  pkR 8.09  clip 0.15  kl +0.006
upd  974  steps 1996800  sps 1242  opp symm  loss -0.125  pg -0.1243  v 0.020  ev +0.96  adv_std 0.201  tR +0.33  ent[s/d/p/e] 0.18/1.74/1.42/0.00  emits 0.95  spf 45.7  z0 0.05  garr 44.2  tG 506  e2 0.00  nF 12.0  pS 0.35  ptS 0.34  fLog 0.50  pdΔ -0.1468  pkR 7.83  clip 0.08  kl +0.005
upd  975  steps 1998848  sps 1243  opp symm  loss -0.128  pg -0.1298  v 0.023  ev +0.95  adv_std 0.221  tR +0.00  ent[s/d/p/e] 0.15/1.82/1.26/0.00  emits 0.98  spf 42.5  z0 0.02  garr 43.3  tG 487  e2 0.00  nF 12.5  pS 0.34  ptS 0.33  fLog 0.48  pdΔ -0.1594  pkR 7.55  clip 0.07  kl +0.002
upd  976  steps 2000896  sps 1244  opp symm  loss -0.069  pg -0.0752  v 0.034  ev +0.92  adv_std 0.261  tR +0.43  ent[s/d/p/e] 0.16/1.74/1.34/0.00  emits 0.98  spf 48.7  z0 0.02  garr 48.1  tG 523  e2 0.00  nF 13.2  pS 0.34  ptS 0.33  fLog 0.49  pdΔ -0.1577  pkR 7.63  clip 0.09  kl +0.001
upd  977  steps 2002944  sps 1244  opp symm  loss -0.140  pg -0.1422  v 0.024  ev +0.95  adv_std 0.221  tR +0.20  ent[s/d/p/e] 0.19/1.75/1.30/0.00  emits 0.98  spf 42.3  z0 0.02  garr 43.1  tG 454  e2 0.00  nF 13.7  pS 0.32  ptS 0.31  fLog 0.47  pdΔ -0.1813  pkR 5.76  clip 0.09  kl +0.002
upd  978  steps 2004992  sps 1245  opp symm  loss -0.082  pg -0.0820  v 0.020  ev +0.95  adv_std 0.201  tR +0.33  ent[s/d/p/e] 0.15/1.69/1.28/0.00  emits 0.97  spf 42.4  z0 0.03  garr 44.5  tG 463  e2 0.00  nF 14.3  pS 0.32  ptS 0.32  fLog 0.47  pdΔ -0.1752  pkR 5.93  clip 0.10  kl +0.003
upd  979  steps 2007040  sps 1246  opp symm  loss -0.060  pg -0.0572  v 0.015  ev +0.96  adv_std 0.178  tR +0.67  ent[s/d/p/e] 0.17/1.60/1.32/0.00  emits 0.97  spf 43.3  z0 0.03  garr 44.5  tG 491  e2 0.00  nF 13.6  pS 0.34  ptS 0.33  fLog 0.48  pdΔ -0.1630  pkR 7.42  clip 0.10  kl +0.003
upd  980  steps 2009088  sps 1247  opp symm  loss -0.111  pg -0.1083  v 0.015  ev +0.96  adv_std 0.176  tR +0.25  ent[s/d/p/e] 0.17/1.60/1.29/0.00  emits 0.97  spf 41.7  z0 0.03  garr 43.0  tG 458  e2 0.00  nF 12.2  pS 0.32  ptS 0.32  fLog 0.47  pdΔ -0.1805  pkR 10.23  clip 0.11  kl +0.005
upd  981  steps 2011136  sps 1248  opp symm  loss -0.141  pg -0.1396  v 0.016  ev +0.96  adv_std 0.182  tR +0.20  ent[s/d/p/e] 0.19/1.64/1.26/0.00  emits 1.00  spf 43.5  z0 0.00  garr 44.7  tG 477  e2 0.00  nF 12.3  pS 0.32  ptS 0.32  fLog 0.46  pdΔ -0.1755  pkR 10.73  clip 0.09  kl +0.005
upd  982  steps 2013184  sps 1248  opp symm  loss -0.059  pg -0.0602  v 0.022  ev +0.95  adv_std 0.214  tR +1.00  ent[s/d/p/e] 0.16/1.58/1.25/0.00  emits 1.00  spf 40.2  z0 0.00  garr 43.1  tG 442  e2 0.00  nF 12.6  pS 0.31  ptS 0.31  fLog 0.46  pdΔ -0.1920  pkR 15.00  clip 0.17  kl +0.008
upd  983  steps 2015232  sps 1249  opp symm  loss -0.128  pg -0.1294  v 0.023  ev +0.95  adv_std 0.214  tR -1.00  ent[s/d/p/e] 0.19/1.70/1.26/0.00  emits 0.99  spf 46.3  z0 0.01  garr 48.6  tG 511  e2 0.00  nF 12.6  pS 0.33  ptS 0.32  fLog 0.47  pdΔ -0.1722  pkR 15.35  clip 0.15  kl +0.001
upd  984  steps 2017280  sps 1250  opp symm  loss -0.095  pg -0.0957  v 0.021  ev +0.95  adv_std 0.208  tR +0.00  ent[s/d/p/e] 0.19/1.68/1.29/0.00  emits 0.98  spf 54.1  z0 0.02  garr 55.6  tG 595  e2 0.00  nF 12.1  pS 0.36  ptS 0.35  fLog 0.50  pdΔ -0.1445  pkR 15.01  clip 0.13  kl +0.006
upd  985  steps 2019328  sps 1251  opp symm  loss -0.146  pg -0.1449  v 0.018  ev +0.96  adv_std 0.195  tR +0.33  ent[s/d/p/e] 0.20/1.68/1.32/0.00  emits 0.98  spf 57.0  z0 0.02  garr 61.0  tG 655  e2 0.00  nF 12.4  pS 0.36  ptS 0.35  fLog 0.50  pdΔ -0.1379  pkR 15.67  clip 0.15  kl +0.006
upd  986  steps 2021376  sps 1251  opp symm  loss -0.043  pg -0.0465  v 0.027  ev +0.93  adv_std 0.237  tR +0.00  ent[s/d/p/e] 0.15/1.57/1.36/0.00  emits 1.00  spf 59.0  z0 0.00  garr 59.9  tG 640  e2 0.00  nF 11.5  pS 0.35  ptS 0.34  fLog 0.49  pdΔ -0.1456  pkR 17.77  clip 0.17  kl +0.006
upd  987  steps 2023424  sps 1252  opp symm  loss -0.084  pg -0.0853  v 0.023  ev +0.95  adv_std 0.214  tR +0.20  ent[s/d/p/e] 0.15/1.58/1.31/0.00  emits 1.00  spf 59.3  z0 0.00  garr 63.6  tG 670  e2 0.00  nF 12.3  pS 0.34  ptS 0.33  fLog 0.48  pdΔ -0.1610  pkR 18.17  clip 0.10  kl +0.005
upd  988  steps 2025472  sps 1253  opp symm  loss -0.134  pg -0.1319  v 0.016  ev +0.97  adv_std 0.175  tR +1.00  ent[s/d/p/e] 0.15/1.61/1.30/0.00  emits 0.99  spf 63.6  z0 0.01  garr 68.0  tG 714  e2 0.00  nF 13.2  pS 0.34  ptS 0.33  fLog 0.48  pdΔ -0.1606  pkR 18.67  clip 0.11  kl +0.002
upd  989  steps 2027520  sps 1254  opp symm  loss -0.114  pg -0.1144  v 0.020  ev +0.96  adv_std 0.198  tR +0.00  ent[s/d/p/e] 0.16/1.69/1.24/0.00  emits 0.98  spf 51.8  z0 0.02  garr 55.0  tG 582  e2 0.00  nF 13.5  pS 0.32  ptS 0.32  fLog 0.47  pdΔ -0.1793  pkR 9.05  clip 0.08  kl +0.006
upd  990  steps 2029568  sps 1254  opp symm  loss -0.103  pg -0.1028  v 0.020  ev +0.95  adv_std 0.208  tR +0.43  ent[s/d/p/e] 0.16/1.66/1.25/0.00  emits 0.97  spf 55.4  z0 0.03  garr 55.4  tG 579  e2 0.00  nF 13.7  pS 0.31  ptS 0.31  fLog 0.47  pdΔ -0.1930  pkR 10.14  clip 0.08  kl +0.007
upd  991  steps 2031616  sps 1255  opp symm  loss -0.069  pg -0.0725  v 0.026  ev +0.94  adv_std 0.230  tR +0.00  ent[s/d/p/e] 0.17/1.67/1.22/0.00  emits 0.98  spf 52.3  z0 0.02  garr 54.1  tG 536  e2 0.00  nF 13.6  pS 0.29  ptS 0.29  fLog 0.45  pdΔ -0.2112  pkR 12.65  clip 0.09  kl +0.006
upd  992  steps 2033664  sps 1256  opp symm  loss -0.068  pg -0.0704  v 0.025  ev +0.94  adv_std 0.226  tR +0.00  ent[s/d/p/e] 0.16/1.62/1.28/0.00  emits 0.98  spf 55.3  z0 0.02  garr 58.5  tG 578  e2 0.00  nF 13.4  pS 0.30  ptS 0.30  fLog 0.47  pdΔ -0.2018  pkR 13.41  clip 0.12  kl +0.004
upd  993  steps 2035712  sps 1257  opp symm  loss -0.063  pg -0.0700  v 0.033  ev +0.92  adv_std 0.258  tR +0.43  ent[s/d/p/e] 0.19/1.65/1.27/0.00  emits 0.99  spf 56.2  z0 0.01  garr 61.5  tG 577  e2 0.00  nF 13.7  pS 0.28  ptS 0.28  fLog 0.46  pdΔ -0.2209  pkR 15.21  clip 0.09  kl +0.003
upd  994  steps 2037760  sps 1257  opp symm  loss -0.119  pg -0.1203  v 0.024  ev +0.95  adv_std 0.217  tR +0.00  ent[s/d/p/e] 0.20/1.67/1.27/0.00  emits 0.99  spf 59.4  z0 0.01  garr 65.6  tG 625  e2 0.00  nF 14.4  pS 0.29  ptS 0.29  fLog 0.47  pdΔ -0.2082  pkR 14.97  clip 0.11  kl +0.002
upd  995  steps 2039808  sps 1258  opp symm  loss -0.167  pg -0.1673  v 0.022  ev +0.96  adv_std 0.206  tR -0.14  ent[s/d/p/e] 0.16/1.81/1.25/0.00  emits 0.97  spf 53.3  z0 0.03  garr 56.2  tG 550  e2 0.00  nF 14.6  pS 0.29  ptS 0.29  fLog 0.47  pdΔ -0.2060  pkR 16.77  clip 0.10  kl +0.003
upd  996  steps 2041856  sps 1259  opp symm  loss -0.139  pg -0.1412  v 0.024  ev +0.95  adv_std 0.218  tR -0.14  ent[s/d/p/e] 0.14/1.71/1.24/0.00  emits 0.99  spf 56.7  z0 0.01  garr 59.4  tG 589  e2 0.00  nF 14.1  pS 0.30  ptS 0.29  fLog 0.47  pdΔ -0.1996  pkR 16.90  clip 0.15  kl +0.005
upd  997  steps 2043904  sps 1260  opp symm  loss -0.061  pg -0.0637  v 0.026  ev +0.94  adv_std 0.230  tR -1.00  ent[s/d/p/e] 0.17/1.67/1.33/0.00  emits 0.97  spf 54.2  z0 0.03  garr 56.8  tG 582  e2 0.00  nF 13.7  pS 0.33  ptS 0.31  fLog 0.49  pdΔ -0.1745  pkR 16.74  clip 0.12  kl +0.004
upd  998  steps 2045952  sps 1261  opp symm  loss -0.062  pg -0.0606  v 0.019  ev +0.95  adv_std 0.195  tR -0.50  ent[s/d/p/e] 0.18/1.64/1.45/0.00  emits 0.95  spf 55.8  z0 0.05  garr 57.0  tG 620  e2 0.00  nF 12.3  pS 0.36  ptS 0.35  fLog 0.52  pdΔ -0.1365  pkR 7.47  clip 0.14  kl +0.005
[eval_vs_v20] u999 tag=train_u999  bin0=0.0%  spf=0.00  garr=128.50  flip=0.00%  z0=71.9%  e8=0.0%  e2+=0.0%  WLD=0/3/0
upd  999  steps 2048000  sps 1261  opp symm  loss -0.067  pg -0.0641  v 0.016  ev +0.95  adv_std 0.183  tR +0.20  ent[s/d/p/e] 0.22/1.68/1.48/0.00  emits 0.96  spf 62.9  z0 0.04  garr 66.2  tG 729  e2 0.00  nF 11.3  pS 0.39  ptS 0.38  fLog 0.54  pdΔ -0.1086  pkR 7.87  clip 0.15  kl +0.001 WRr 0.53 v20[spf 0.0 flip 0.0% e2+ 0.0%]
[ckpt] saved ./ckpt_multi_action_v14b/ckpt_000999.pkl opp=symm
upd 1000  steps 2050048  sps 1192  opp symm  loss -0.018  pg -0.0158  v 0.017  ev +0.95  adv_std 0.191  tR -0.33  ent[s/d/p/e] 0.21/1.65/1.46/0.00  emits 0.99  spf 74.4  z0 0.01  garr 76.4  tG 846  e2 0.00  nF 10.7  pS 0.41  ptS 0.40  fLog 0.55  pdΔ -0.0859  pkR 8.11  clip 0.18  kl +0.004
upd 1001  steps 2052096  sps 1193  opp symm  loss -0.055  pg -0.0520  v 0.016  ev +0.96  adv_std 0.184  tR +0.50  ent[s/d/p/e] 0.21/1.55/1.51/0.00  emits 1.00  spf 76.1  z0 0.00  garr 80.0  tG 873  e2 0.00  nF 11.3  pS 0.42  ptS 0.41  fLog 0.56  pdΔ -0.0812  pkR 9.12  clip 0.12  kl +0.003
upd 1002  steps 2054144  sps 1194  opp symm  loss -0.089  pg -0.0880  v 0.019  ev +0.95  adv_std 0.198  tR +0.67  ent[s/d/p/e] 0.20/1.60/1.42/0.00  emits 1.00  spf 76.8  z0 0.00  garr 80.8  tG 850  e2 0.00  nF 11.9  pS 0.39  ptS 0.39  fLog 0.54  pdΔ -0.1072  pkR 10.62  clip 0.11  kl +0.002
upd 1003  steps 2056192  sps 1194  opp symm  loss -0.071  pg -0.0699  v 0.019  ev +0.96  adv_std 0.205  tR +1.00  ent[s/d/p/e] 0.22/1.59/1.46/0.00  emits 1.00  spf 86.3  z0 0.00  garr 87.4  tG 902  e2 0.00  nF 12.6  pS 0.38  ptS 0.38  fLog 0.55  pdΔ -0.1155  pkR 11.24  clip 0.13  kl +0.003
upd 1004  steps 2058240  sps 1195  opp symm  loss -0.062  pg -0.0613  v 0.020  ev +0.96  adv_std 0.200  tR +0.00  ent[s/d/p/e] 0.22/1.61/1.46/0.00  emits 0.98  spf 89.5  z0 0.02  garr 91.9  tG 950  e2 0.00  nF 12.2  pS 0.39  ptS 0.38  fLog 0.55  pdΔ -0.1104  pkR 11.91  clip 0.19  kl +0.002
upd 1005  steps 2060288  sps 1196  opp symm  loss -0.073  pg -0.0719  v 0.019  ev +0.96  adv_std 0.197  tR +0.60  ent[s/d/p/e] 0.18/1.53/1.44/0.00  emits 0.96  spf 84.0  z0 0.04  garr 86.8  tG 887  e2 0.00  nF 12.1  pS 0.36  ptS 0.36  fLog 0.53  pdΔ -0.1360  pkR 13.84  clip 0.13  kl +0.006
upd 1006  steps 2062336  sps 1196  opp symm  loss -0.020  pg -0.0182  v 0.019  ev +0.96  adv_std 0.198  tR +0.11  ent[s/d/p/e] 0.19/1.46/1.50/0.00  emits 0.95  spf 93.1  z0 0.05  garr 87.8  tG 904  e2 0.00  nF 11.2  pS 0.37  ptS 0.36  fLog 0.55  pdΔ -0.1346  pkR 14.90  clip 0.14  kl +0.004
upd 1007  steps 2064384  sps 1197  opp symm  loss -0.116  pg -0.1119  v 0.013  ev +0.97  adv_std 0.168  tR +0.00  ent[s/d/p/e] 0.20/1.62/1.42/0.00  emits 0.96  spf 87.7  z0 0.04  garr 85.8  tG 845  e2 0.00  nF 10.9  pS 0.34  ptS 0.34  fLog 0.53  pdΔ -0.1573  pkR 17.43  clip 0.09  kl +0.004
upd 1008  steps 2066432  sps 1198  opp symm  loss -0.076  pg -0.0790  v 0.027  ev +0.94  adv_std 0.234  tR +0.14  ent[s/d/p/e] 0.18/1.72/1.33/0.00  emits 1.00  spf 66.2  z0 0.00  garr 71.2  tG 671  e2 0.00  nF 11.9  pS 0.33  ptS 0.32  fLog 0.50  pdΔ -0.1715  pkR 17.72  clip 0.09  kl +0.002
upd 1009  steps 2068480  sps 1199  opp symm  loss -0.119  pg -0.1268  v 0.036  ev +0.93  adv_std 0.270  tR +0.33  ent[s/d/p/e] 0.17/1.80/1.32/0.00  emits 0.99  spf 50.7  z0 0.01  garr 54.7  tG 570  e2 0.00  nF 12.5  pS 0.35  ptS 0.34  fLog 0.51  pdΔ -0.1512  pkR 5.29  clip 0.12  kl +0.006
upd 1010  steps 2070528  sps 1199  opp symm  loss -0.144  pg -0.1454  v 0.025  ev +0.95  adv_std 0.224  tR +0.20  ent[s/d/p/e] 0.16/1.83/1.38/0.00  emits 0.99  spf 54.0  z0 0.01  garr 57.6  tG 635  e2 0.00  nF 12.8  pS 0.37  ptS 0.36  fLog 0.52  pdΔ -0.1318  pkR 4.53  clip 0.14  kl +0.003
upd 1011  steps 2072576  sps 1200  opp symm  loss -0.044  pg -0.0493  v 0.031  ev +0.93  adv_std 0.259  tR +0.00  ent[s/d/p/e] 0.14/1.70/1.37/0.00  emits 0.98  spf 50.9  z0 0.02  garr 52.6  tG 603  e2 0.00  nF 13.1  pS 0.35  ptS 0.34  fLog 0.50  pdΔ -0.1504  pkR 5.94  clip 0.14  kl +0.009
upd 1012  steps 2074624  sps 1201  opp symm  loss -0.138  pg -0.1384  v 0.022  ev +0.96  adv_std 0.203  tR +0.60  ent[s/d/p/e] 0.15/1.71/1.30/0.00  emits 0.99  spf 45.1  z0 0.01  garr 48.0  tG 558  e2 0.00  nF 13.9  pS 0.32  ptS 0.31  fLog 0.47  pdΔ -0.1761  pkR 7.80  clip 0.09  kl +0.001
upd 1013  steps 2076672  sps 1202  opp symm  loss -0.042  pg -0.0429  v 0.024  ev +0.95  adv_std 0.222  tR -1.00  ent[s/d/p/e] 0.16/1.49/1.49/0.00  emits 0.98  spf 53.2  z0 0.02  garr 54.4  tG 644  e2 0.00  nF 12.8  pS 0.35  ptS 0.34  fLog 0.51  pdΔ -0.1541  pkR 7.07  clip 0.11  kl +0.002
upd 1014  steps 2078720  sps 1202  opp symm  loss -0.071  pg -0.0664  v 0.013  ev +0.97  adv_std 0.164  tR +1.00  ent[s/d/p/e] 0.17/1.48/1.51/0.00  emits 0.98  spf 57.1  z0 0.02  garr 58.2  tG 688  e2 0.00  nF 12.2  pS 0.36  ptS 0.35  fLog 0.52  pdΔ -0.1380  pkR 6.75  clip 0.10  kl +0.003
upd 1015  steps 2080768  sps 1203  opp symm  loss -0.089  pg -0.0857  v 0.015  ev +0.97  adv_std 0.180  tR +0.00  ent[s/d/p/e] 0.16/1.47/1.55/0.00  emits 0.93  spf 63.2  z0 0.07  garr 60.8  tG 712  e2 0.00  nF 11.5  pS 0.37  ptS 0.36  fLog 0.55  pdΔ -0.1340  pkR 7.29  clip 0.11  kl -0.001
upd 1016  steps 2082816  sps 1204  opp symm  loss -0.078  pg -0.0755  v 0.018  ev +0.96  adv_std 0.190  tR -1.00  ent[s/d/p/e] 0.18/1.55/1.51/0.00  emits 0.96  spf 67.7  z0 0.04  garr 65.7  tG 798  e2 0.00  nF 10.3  pS 0.40  ptS 0.39  fLog 0.55  pdΔ -0.1016  pkR 7.41  clip 0.14  kl +0.002
upd 1017  steps 2084864  sps 1205  opp symm  loss -0.052  pg -0.0547  v 0.025  ev +0.94  adv_std 0.226  tR +0.00  ent[s/d/p/e] 0.14/1.55/1.39/0.00  emits 1.00  spf 63.6  z0 0.00  garr 65.2  tG 788  e2 0.00  nF 10.0  pS 0.38  ptS 0.37  fLog 0.53  pdΔ -0.1174  pkR 8.19  clip 0.09  kl +0.003
upd 1018  steps 2086912  sps 1205  opp symm  loss -0.070  pg -0.0694  v 0.020  ev +0.95  adv_std 0.201  tR +0.60  ent[s/d/p/e] 0.15/1.56/1.35/0.00  emits 1.00  spf 55.3  z0 0.00  garr 54.9  tG 643  e2 0.00  nF 11.3  pS 0.36  ptS 0.34  fLog 0.50  pdΔ -0.1442  pkR 8.91  clip 0.08  kl +0.001
upd 1019  steps 2088960  sps 1206  opp symm  loss -0.122  pg -0.1222  v 0.021  ev +0.95  adv_std 0.208  tR +0.00  ent[s/d/p/e] 0.15/1.54/1.41/0.00  emits 0.99  spf 52.5  z0 0.01  garr 53.5  tG 600  e2 0.00  nF 12.4  pS 0.36  ptS 0.35  fLog 0.51  pdΔ -0.1404  pkR 5.59  clip 0.12  kl +0.003
upd 1020  steps 2091008  sps 1207  opp symm  loss -0.042  pg -0.0448  v 0.026  ev +0.94  adv_std 0.232  tR +0.60  ent[s/d/p/e] 0.18/1.51/1.45/0.00  emits 0.98  spf 52.0  z0 0.02  garr 55.0  tG 612  e2 0.00  nF 12.6  pS 0.36  ptS 0.35  fLog 0.51  pdΔ -0.1410  pkR 6.30  clip 0.11  kl +0.003
upd 1021  steps 2093056  sps 1208  opp symm  loss -0.084  pg -0.0821  v 0.017  ev +0.97  adv_std 0.187  tR +1.00  ent[s/d/p/e] 0.16/1.54/1.43/0.00  emits 0.98  spf 53.6  z0 0.02  garr 55.1  tG 620  e2 0.00  nF 12.4  pS 0.36  ptS 0.35  fLog 0.51  pdΔ -0.1410  pkR 7.21  clip 0.09  kl +0.004
upd 1022  steps 2095104  sps 1208  opp symm  loss -0.029  pg -0.0304  v 0.022  ev +0.95  adv_std 0.212  tR +0.56  ent[s/d/p/e] 0.16/1.43/1.38/0.00  emits 0.99  spf 51.0  z0 0.01  garr 53.8  tG 603  e2 0.00  nF 12.5  pS 0.34  ptS 0.33  fLog 0.49  pdΔ -0.1599  pkR 8.81  clip 0.11  kl +0.005
upd 1023  steps 2097152  sps 1209  opp symm  loss -0.096  pg -0.0965  v 0.020  ev +0.95  adv_std 0.206  tR +1.00  ent[s/d/p/e] 0.16/1.25/1.38/0.00  emits 0.99  spf 45.5  z0 0.01  garr 47.0  tG 485  e2 0.00  nF 13.7  pS 0.30  ptS 0.29  fLog 0.47  pdΔ -0.2044  pkR 12.25  clip 0.06  kl +0.002
upd 1024  steps 2099200  sps 1210  opp symm  loss -0.073  pg -0.0757  v 0.027  ev +0.94  adv_std 0.229  tR -0.50  ent[s/d/p/e] 0.18/1.36/1.43/0.00  emits 0.98  spf 44.9  z0 0.02  garr 47.3  tG 465  e2 0.00  nF 14.5  pS 0.30  ptS 0.29  fLog 0.47  pdΔ -0.2020  pkR 14.50  clip 0.10  kl +0.005
upd 1025  steps 2101248  sps 1210  opp symm  loss -0.056  pg -0.0563  v 0.021  ev +0.95  adv_std 0.206  tR +1.00  ent[s/d/p/e] 0.18/1.39/1.36/0.00  emits 0.98  spf 43.8  z0 0.02  garr 46.5  tG 459  e2 0.00  nF 14.3  pS 0.30  ptS 0.29  fLog 0.46  pdΔ -0.2021  pkR 16.20  clip 0.16  kl +0.004
upd 1026  steps 2103296  sps 1211  opp symm  loss -0.046  pg -0.0494  v 0.026  ev +0.94  adv_std 0.234  tR +0.43  ent[s/d/p/e] 0.18/1.29/1.41/0.00  emits 0.97  spf 42.8  z0 0.03  garr 44.6  tG 434  e2 0.00  nF 13.8  pS 0.30  ptS 0.29  fLog 0.47  pdΔ -0.1978  pkR 16.66  clip 0.15  kl +0.006
upd 1027  steps 2105344  sps 1212  opp symm  loss -0.076  pg -0.0789  v 0.025  ev +0.94  adv_std 0.224  tR -0.14  ent[s/d/p/e] 0.17/1.35/1.33/0.00  emits 0.98  spf 33.5  z0 0.02  garr 35.5  tG 338  e2 0.00  nF 13.5  pS 0.29  ptS 0.28  fLog 0.46  pdΔ -0.2092  pkR 7.33  clip 0.09  kl +0.003
upd 1028  steps 2107392  sps 1213  opp symm  loss -0.097  pg -0.0962  v 0.018  ev +0.95  adv_std 0.194  tR +0.33  ent[s/d/p/e] 0.15/1.31/1.35/0.00  emits 0.97  spf 35.6  z0 0.03  garr 37.2  tG 357  e2 0.00  nF 13.4  pS 0.29  ptS 0.28  fLog 0.47  pdΔ -0.2054  pkR 7.13  clip 0.15  kl +0.005
upd 1029  steps 2109440  sps 1213  opp symm  loss -0.031  pg -0.0359  v 0.031  ev +0.92  adv_std 0.255  tR -0.50  ent[s/d/p/e] 0.18/1.33/1.45/0.00  emits 0.98  spf 41.2  z0 0.02  garr 42.8  tG 419  e2 0.00  nF 12.8  pS 0.32  ptS 0.31  fLog 0.49  pdΔ -0.1801  pkR 6.90  clip 0.17  kl +0.006
upd 1030  steps 2111488  sps 1214  opp symm  loss -0.073  pg -0.0761  v 0.026  ev +0.94  adv_std 0.232  tR +0.20  ent[s/d/p/e] 0.18/1.32/1.45/0.00  emits 1.00  spf 38.8  z0 0.00  garr 41.9  tG 412  e2 0.00  nF 13.8  pS 0.32  ptS 0.32  fLog 0.48  pdΔ -0.1776  pkR 7.44  clip 0.14  kl +0.003
upd 1031  steps 2113536  sps 1215  opp symm  loss -0.048  pg -0.0475  v 0.020  ev +0.95  adv_std 0.205  tR +0.60  ent[s/d/p/e] 0.20/1.28/1.46/0.00  emits 0.99  spf 37.3  z0 0.01  garr 39.0  tG 362  e2 0.00  nF 14.1  pS 0.32  ptS 0.31  fLog 0.48  pdΔ -0.1826  pkR 8.40  clip 0.13  kl +0.000
upd 1032  steps 2115584  sps 1216  opp symm  loss -0.024  pg -0.0230  v 0.020  ev +0.95  adv_std 0.203  tR -0.50  ent[s/d/p/e] 0.21/1.31/1.51/0.00  emits 0.98  spf 37.5  z0 0.02  garr 40.0  tG 365  e2 0.00  nF 13.0  pS 0.34  ptS 0.33  fLog 0.50  pdΔ -0.1595  pkR 6.22  clip 0.09  kl +0.004
upd 1033  steps 2117632  sps 1216  opp symm  loss -0.013  pg -0.0124  v 0.019  ev +0.95  adv_std 0.191  tR +0.60  ent[s/d/p/e] 0.20/1.32/1.44/0.00  emits 1.00  spf 40.3  z0 0.00  garr 43.5  tG 394  e2 0.00  nF 11.4  pS 0.35  ptS 0.34  fLog 0.51  pdΔ -0.1531  pkR 5.79  clip 0.16  kl +0.006
upd 1034  steps 2119680  sps 1217  opp symm  loss -0.078  pg -0.0773  v 0.018  ev +0.95  adv_std 0.193  tR +0.00  ent[s/d/p/e] 0.18/1.32/1.39/0.00  emits 1.00  spf 42.1  z0 0.00  garr 46.1  tG 421  e2 0.00  nF 11.3  pS 0.33  ptS 0.32  fLog 0.50  pdΔ -0.1689  pkR 6.20  clip 0.13  kl +0.004
upd 1035  steps 2121728  sps 1218  opp symm  loss -0.054  pg -0.0537  v 0.020  ev +0.95  adv_std 0.207  tR +0.50  ent[s/d/p/e] 0.17/1.29/1.42/0.00  emits 1.00  spf 46.6  z0 0.00  garr 50.1  tG 465  e2 0.00  nF 11.5  pS 0.35  ptS 0.34  fLog 0.52  pdΔ -0.1510  pkR 5.29  clip 0.16  kl +0.014
upd 1036  steps 2123776  sps 1218  opp symm  loss -0.114  pg -0.1121  v 0.016  ev +0.96  adv_std 0.184  tR +1.00  ent[s/d/p/e] 0.18/1.34/1.40/0.00  emits 1.00  spf 44.4  z0 0.00  garr 47.7  tG 443  e2 0.00  nF 10.7  pS 0.34  ptS 0.33  fLog 0.51  pdΔ -0.1581  pkR 5.02  clip 0.18  kl +0.003
upd 1037  steps 2125824  sps 1219  opp symm  loss -0.055  pg -0.0547  v 0.021  ev +0.95  adv_std 0.204  tR -0.14  ent[s/d/p/e] 0.21/1.35/1.45/0.00  emits 1.00  spf 48.4  z0 0.00  garr 49.9  tG 484  e2 0.00  nF 10.9  pS 0.35  ptS 0.34  fLog 0.52  pdΔ -0.1482  pkR 4.38  clip 0.13  kl +0.001
upd 1038  steps 2127872  sps 1220  opp symm  loss -0.062  pg -0.0682  v 0.032  ev +0.92  adv_std 0.255  tR -0.43  ent[s/d/p/e] 0.20/1.29/1.37/0.00  emits 1.00  spf 44.1  z0 0.00  garr 45.3  tG 458  e2 0.00  nF 10.8  pS 0.33  ptS 0.33  fLog 0.49  pdΔ -0.1681  pkR 4.30  clip 0.16  kl +0.006
upd 1039  steps 2129920  sps 1221  opp symm  loss -0.081  pg -0.0799  v 0.017  ev +0.96  adv_std 0.184  tR +0.00  ent[s/d/p/e] 0.20/1.29/1.34/0.00  emits 1.00  spf 42.5  z0 0.00  garr 45.5  tG 457  e2 0.00  nF 11.4  pS 0.32  ptS 0.31  fLog 0.48  pdΔ -0.1835  pkR 6.22  clip 0.13  kl +0.001
upd 1040  steps 2131968  sps 1221  opp symm  loss -0.053  pg -0.0620  v 0.037  ev +0.91  adv_std 0.275  tR +0.00  ent[s/d/p/e] 0.21/1.27/1.35/0.00  emits 1.00  spf 44.3  z0 0.00  garr 46.9  tG 468  e2 0.00  nF 11.7  pS 0.31  ptS 0.31  fLog 0.49  pdΔ -0.1858  pkR 6.05  clip 0.17  kl +0.002
upd 1041  steps 2134016  sps 1222  opp symm  loss -0.126  pg -0.1251  v 0.018  ev +0.96  adv_std 0.193  tR -0.33  ent[s/d/p/e] 0.22/1.27/1.35/0.00  emits 0.99  spf 43.4  z0 0.01  garr 46.7  tG 467  e2 0.00  nF 12.7  pS 0.31  ptS 0.31  fLog 0.49  pdΔ -0.1869  pkR 5.77  clip 0.15  kl +0.008
upd 1042  steps 2136064  sps 1223  opp symm  loss -0.157  pg -0.1558  v 0.018  ev +0.96  adv_std 0.191  tR -0.50  ent[s/d/p/e] 0.21/1.40/1.32/0.00  emits 0.96  spf 44.4  z0 0.04  garr 45.8  tG 454  e2 0.00  nF 12.0  pS 0.31  ptS 0.30  fLog 0.49  pdΔ -0.1892  pkR 6.02  clip 0.10  kl +0.004
upd 1043  steps 2138112  sps 1223  opp symm  loss -0.103  pg -0.1046  v 0.023  ev +0.95  adv_std 0.223  tR -0.33  ent[s/d/p/e] 0.21/1.42/1.26/0.00  emits 0.97  spf 45.4  z0 0.03  garr 46.9  tG 471  e2 0.00  nF 12.5  pS 0.31  ptS 0.30  fLog 0.48  pdΔ -0.1887  pkR 7.41  clip 0.17  kl +0.003
upd 1044  steps 2140160  sps 1224  opp symm  loss -0.103  pg -0.1013  v 0.017  ev +0.96  adv_std 0.191  tR -0.33  ent[s/d/p/e] 0.22/1.42/1.37/0.00  emits 0.97  spf 50.5  z0 0.03  garr 51.8  tG 531  e2 0.00  nF 12.6  pS 0.34  ptS 0.33  fLog 0.50  pdΔ -0.1578  pkR 7.62  clip 0.15  kl +0.005
upd 1045  steps 2142208  sps 1225  opp symm  loss -0.168  pg -0.1660  v 0.016  ev +0.97  adv_std 0.179  tR +0.67  ent[s/d/p/e] 0.21/1.40/1.37/0.00  emits 0.98  spf 50.6  z0 0.02  garr 53.9  tG 560  e2 0.00  nF 12.2  pS 0.36  ptS 0.35  fLog 0.50  pdΔ -0.1381  pkR 6.58  clip 0.15  kl +0.005
upd 1046  steps 2144256  sps 1226  opp symm  loss -0.069  pg -0.0709  v 0.023  ev +0.96  adv_std 0.220  tR +1.00  ent[s/d/p/e] 0.18/1.43/1.36/0.00  emits 0.94  spf 56.4  z0 0.06  garr 54.9  tG 578  e2 0.00  nF 12.7  pS 0.36  ptS 0.35  fLog 0.51  pdΔ -0.1361  pkR 6.00  clip 0.15  kl +0.005
upd 1047  steps 2146304  sps 1226  opp symm  loss -0.079  pg -0.0770  v 0.015  ev +0.97  adv_std 0.181  tR +0.11  ent[s/d/p/e] 0.17/1.37/1.36/0.00  emits 0.94  spf 58.6  z0 0.06  garr 57.6  tG 598  e2 0.00  nF 12.3  pS 0.35  ptS 0.33  fLog 0.50  pdΔ -0.1527  pkR 7.37  clip 0.09  kl +0.002
upd 1048  steps 2148352  sps 1227  opp symm  loss -0.099  pg -0.1025  v 0.026  ev +0.95  adv_std 0.230  tR -0.33  ent[s/d/p/e] 0.19/1.44/1.31/0.00  emits 0.94  spf 59.0  z0 0.06  garr 57.6  tG 606  e2 0.00  nF 12.3  pS 0.35  ptS 0.34  fLog 0.50  pdΔ -0.1490  pkR 7.30  clip 0.10  kl +0.002
upd 1049  steps 2150400  sps 1228  opp symm  loss -0.076  pg -0.0847  v 0.036  ev +0.92  adv_std 0.271  tR -0.25  ent[s/d/p/e] 0.19/1.40/1.32/0.00  emits 0.99  spf 55.5  z0 0.01  garr 57.1  tG 607  e2 0.00  nF 12.6  pS 0.36  ptS 0.34  fLog 0.49  pdΔ -0.1438  pkR 5.33  clip 0.12  kl +0.003
upd 1050  steps 2152448  sps 1229  opp symm  loss -0.091  pg -0.0974  v 0.033  ev +0.92  adv_std 0.261  tR +0.33  ent[s/d/p/e] 0.20/1.38/1.40/0.00  emits 0.99  spf 54.5  z0 0.01  garr 57.2  tG 602  e2 0.00  nF 14.3  pS 0.36  ptS 0.35  fLog 0.49  pdΔ -0.1370  pkR 5.43  clip 0.11  kl +0.005
upd 1051  steps 2154496  sps 1229  opp symm  loss -0.152  pg -0.1502  v 0.017  ev +0.96  adv_std 0.183  tR +0.60  ent[s/d/p/e] 0.19/1.34/1.38/0.00  emits 1.00  spf 49.3  z0 0.00  garr 50.2  tG 535  e2 0.00  nF 14.4  pS 0.35  ptS 0.34  fLog 0.49  pdΔ -0.1521  pkR 6.18  clip 0.08  kl +0.002
upd 1052  steps 2156544  sps 1230  opp symm  loss -0.038  pg -0.0454  v 0.035  ev +0.92  adv_std 0.266  tR +0.20  ent[s/d/p/e] 0.20/1.26/1.41/0.00  emits 1.00  spf 46.9  z0 0.00  garr 47.4  tG 521  e2 0.00  nF 14.6  pS 0.35  ptS 0.33  fLog 0.48  pdΔ -0.1546  pkR 7.62  clip 0.13  kl +0.004
upd 1053  steps 2158592  sps 1231  opp symm  loss -0.094  pg -0.0913  v 0.014  ev +0.97  adv_std 0.170  tR +0.00  ent[s/d/p/e] 0.17/1.24/1.47/0.00  emits 0.99  spf 47.9  z0 0.01  garr 48.0  tG 531  e2 0.00  nF 14.5  pS 0.33  ptS 0.33  fLog 0.49  pdΔ -0.1662  pkR 8.61  clip 0.09  kl +0.002
upd 1054  steps 2160640  sps 1231  opp symm  loss -0.051  pg -0.0518  v 0.022  ev +0.95  adv_std 0.213  tR +0.00  ent[s/d/p/e] 0.21/1.26/1.50/0.00  emits 0.99  spf 52.8  z0 0.01  garr 52.4  tG 558  e2 0.00  nF 14.6  pS 0.35  ptS 0.34  fLog 0.50  pdΔ -0.1482  pkR 9.88  clip 0.15  kl +0.003
upd 1055  steps 2162688  sps 1232  opp symm  loss -0.119  pg -0.1190  v 0.021  ev +0.96  adv_std 0.205  tR +0.50  ent[s/d/p/e] 0.22/1.26/1.53/0.00  emits 1.00  spf 60.1  z0 0.00  garr 58.3  tG 643  e2 0.00  nF 13.8  pS 0.38  ptS 0.37  fLog 0.51  pdΔ -0.1198  pkR 9.10  clip 0.16  kl +0.006
upd 1056  steps 2164736  sps 1233  opp symm  loss -0.103  pg -0.1036  v 0.021  ev +0.96  adv_std 0.214  tR +1.00  ent[s/d/p/e] 0.20/1.29/1.43/0.00  emits 1.00  spf 64.2  z0 0.00  garr 64.3  tG 710  e2 0.00  nF 13.5  pS 0.37  ptS 0.37  fLog 0.51  pdΔ -0.1286  pkR 8.64  clip 0.13  kl +0.004
upd 1057  steps 2166784  sps 1233  opp symm  loss -0.099  pg -0.0994  v 0.020  ev +0.96  adv_std 0.204  tR +0.67  ent[s/d/p/e] 0.16/1.21/1.45/0.00  emits 0.98  spf 67.8  z0 0.02  garr 65.6  tG 696  e2 0.00  nF 13.9  pS 0.35  ptS 0.35  fLog 0.51  pdΔ -0.1491  pkR 9.37  clip 0.14  kl +0.003
upd 1058  steps 2168832  sps 1234  opp symm  loss -0.063  pg -0.0647  v 0.022  ev +0.95  adv_std 0.210  tR +0.67  ent[s/d/p/e] 0.16/1.14/1.45/0.00  emits 0.99  spf 66.2  z0 0.01  garr 65.3  tG 650  e2 0.00  nF 14.2  pS 0.33  ptS 0.33  fLog 0.51  pdΔ -0.1675  pkR 8.74  clip 0.18  kl +0.000
upd 1059  steps 2170880  sps 1235  opp symm  loss -0.077  pg -0.0791  v 0.024  ev +0.94  adv_std 0.222  tR +1.00  ent[s/d/p/e] 0.16/1.08/1.44/0.00  emits 0.99  spf 60.2  z0 0.01  garr 62.1  tG 588  e2 0.00  nF 14.4  pS 0.31  ptS 0.31  fLog 0.50  pdΔ -0.1901  pkR 7.31  clip 0.15  kl +0.004
upd 1060  steps 2172928  sps 1236  opp symm  loss -0.017  pg -0.0211  v 0.030  ev +0.92  adv_std 0.246  tR +0.00  ent[s/d/p/e] 0.18/1.02/1.57/0.00  emits 0.98  spf 68.7  z0 0.02  garr 68.1  tG 653  e2 0.00  nF 13.0  pS 0.33  ptS 0.33  fLog 0.53  pdΔ -0.1658  pkR 7.44  clip 0.18  kl +0.004
upd 1061  steps 2174976  sps 1236  opp symm  loss -0.075  pg -0.0725  v 0.014  ev +0.97  adv_std 0.173  tR +0.00  ent[s/d/p/e] 0.18/1.10/1.51/0.00  emits 0.99  spf 64.6  z0 0.01  garr 66.1  tG 643  e2 0.00  nF 10.7  pS 0.34  ptS 0.33  fLog 0.52  pdΔ -0.1642  pkR 7.48  clip 0.14  kl +0.005
upd 1062  steps 2177024  sps 1237  opp symm  loss -0.043  pg -0.0428  v 0.021  ev +0.94  adv_std 0.209  tR +0.33  ent[s/d/p/e] 0.14/1.13/1.51/0.00  emits 1.00  spf 66.8  z0 0.00  garr 68.9  tG 673  e2 0.00  nF 10.8  pS 0.34  ptS 0.33  fLog 0.52  pdΔ -0.1648  pkR 8.09  clip 0.11  kl +0.004
upd 1063  steps 2179072  sps 1238  opp symm  loss -0.080  pg -0.0775  v 0.017  ev +0.95  adv_std 0.186  tR +0.60  ent[s/d/p/e] 0.15/1.05/1.59/0.00  emits 1.00  spf 70.9  z0 0.00  garr 69.9  tG 668  e2 0.00  nF 9.7  pS 0.34  ptS 0.33  fLog 0.53  pdΔ -0.1628  pkR 8.88  clip 0.12  kl +0.003
upd 1064  steps 2181120  sps 1238  opp symm  loss -0.090  pg -0.0896  v 0.019  ev +0.96  adv_std 0.197  tR -0.33  ent[s/d/p/e] 0.16/1.09/1.56/0.00  emits 1.00  spf 68.8  z0 0.00  garr 67.0  tG 622  e2 0.00  nF 10.8  pS 0.33  ptS 0.31  fLog 0.52  pdΔ -0.1748  pkR 9.27  clip 0.17  kl +0.005
upd 1065  steps 2183168  sps 1239  opp symm  loss -0.108  pg -0.1059  v 0.015  ev +0.97  adv_std 0.175  tR +0.60  ent[s/d/p/e] 0.17/1.15/1.47/0.00  emits 1.00  spf 66.7  z0 0.00  garr 66.8  tG 613  e2 0.00  nF 10.6  pS 0.30  ptS 0.30  fLog 0.50  pdΔ -0.1955  pkR 8.84  clip 0.10  kl +0.000
upd 1066  steps 2185216  sps 1240  opp symm  loss -0.114  pg -0.1098  v 0.013  ev +0.97  adv_std 0.165  tR +0.00  ent[s/d/p/e] 0.17/1.08/1.56/0.00  emits 0.98  spf 72.4  z0 0.02  garr 73.2  tG 667  e2 0.00  nF 10.7  pS 0.32  ptS 0.31  fLog 0.53  pdΔ -0.1825  pkR 8.42  clip 0.09  kl +0.004
upd 1067  steps 2187264  sps 1241  opp symm  loss -0.069  pg -0.0685  v 0.020  ev +0.95  adv_std 0.202  tR -0.14  ent[s/d/p/e] 0.15/1.12/1.52/0.00  emits 1.00  spf 68.4  z0 0.00  garr 67.7  tG 639  e2 0.00  nF 10.3  pS 0.33  ptS 0.32  fLog 0.53  pdΔ -0.1726  pkR 10.35  clip 0.13  kl +0.009
upd 1068  steps 2189312  sps 1241  opp symm  loss -0.103  pg -0.1024  v 0.018  ev +0.96  adv_std 0.193  tR -0.20  ent[s/d/p/e] 0.16/1.17/1.49/0.00  emits 0.99  spf 59.4  z0 0.01  garr 61.0  tG 612  e2 0.00  nF 11.5  pS 0.33  ptS 0.32  fLog 0.51  pdΔ -0.1710  pkR 11.80  clip 0.19  kl +0.003
upd 1069  steps 2191360  sps 1242  opp symm  loss -0.121  pg -0.1240  v 0.025  ev +0.95  adv_std 0.223  tR -0.20  ent[s/d/p/e] 0.16/1.18/1.41/0.00  emits 1.00  spf 53.1  z0 0.00  garr 53.0  tG 563  e2 0.00  nF 13.3  pS 0.31  ptS 0.31  fLog 0.47  pdΔ -0.1902  pkR 13.57  clip 0.12  kl +0.005
upd 1070  steps 2193408  sps 1243  opp symm  loss -0.093  pg -0.0907  v 0.017  ev +0.96  adv_std 0.184  tR -0.33  ent[s/d/p/e] 0.18/1.15/1.51/0.00  emits 0.97  spf 61.0  z0 0.03  garr 54.9  tG 585  e2 0.00  nF 14.1  pS 0.32  ptS 0.32  fLog 0.49  pdΔ -0.1772  pkR 13.94  clip 0.15  kl +0.003
upd 1071  steps 2195456  sps 1243  opp symm  loss -0.072  pg -0.0752  v 0.027  ev +0.93  adv_std 0.238  tR +0.71  ent[s/d/p/e] 0.20/1.15/1.47/0.00  emits 0.98  spf 51.8  z0 0.02  garr 51.7  tG 535  e2 0.00  nF 13.5  pS 0.31  ptS 0.31  fLog 0.47  pdΔ -0.1855  pkR 15.83  clip 0.12  kl +0.009
upd 1072  steps 2197504  sps 1244  opp symm  loss -0.117  pg -0.1167  v 0.019  ev +0.95  adv_std 0.195  tR +0.50  ent[s/d/p/e] 0.19/1.17/1.46/0.00  emits 0.98  spf 49.1  z0 0.02  garr 46.0  tG 454  e2 0.00  nF 14.2  pS 0.31  ptS 0.31  fLog 0.46  pdΔ -0.1937  pkR 15.93  clip 0.08  kl -0.001
upd 1073  steps 2199552  sps 1245  opp symm  loss -0.058  pg -0.0620  v 0.027  ev +0.93  adv_std 0.235  tR +0.11  ent[s/d/p/e] 0.19/1.18/1.47/0.00  emits 0.98  spf 39.3  z0 0.02  garr 39.3  tG 392  e2 0.00  nF 14.0  pS 0.31  ptS 0.30  fLog 0.46  pdΔ -0.1931  pkR 14.22  clip 0.14  kl +0.005
upd 1074  steps 2201600  sps 1246  opp symm  loss -0.024  pg -0.0277  v 0.029  ev +0.92  adv_std 0.243  tR +0.33  ent[s/d/p/e] 0.19/1.14/1.53/0.00  emits 1.00  spf 34.5  z0 0.00  garr 34.7  tG 349  e2 0.00  nF 15.5  pS 0.32  ptS 0.31  fLog 0.46  pdΔ -0.1832  pkR 7.29  clip 0.16  kl +0.010
upd 1075  steps 2203648  sps 1246  opp symm  loss -0.043  pg -0.0436  v 0.023  ev +0.94  adv_std 0.215  tR +1.00  ent[s/d/p/e] 0.23/1.21/1.60/0.00  emits 1.00  spf 39.1  z0 0.00  garr 38.9  tG 392  e2 0.00  nF 14.5  pS 0.35  ptS 0.33  fLog 0.49  pdΔ -0.1539  pkR 6.77  clip 0.11  kl +0.004
upd 1076  steps 2205696  sps 1247  opp symm  loss -0.056  pg -0.0608  v 0.031  ev +0.92  adv_std 0.254  tR +0.50  ent[s/d/p/e] 0.24/1.19/1.54/0.00  emits 1.00  spf 42.2  z0 0.00  garr 42.0  tG 421  e2 0.00  nF 13.8  pS 0.35  ptS 0.34  fLog 0.49  pdΔ -0.1456  pkR 7.20  clip 0.13  kl +0.005
upd 1077  steps 2207744  sps 1248  opp symm  loss -0.075  pg -0.0746  v 0.019  ev +0.95  adv_std 0.199  tR +1.00  ent[s/d/p/e] 0.25/1.24/1.48/0.00  emits 1.00  spf 41.2  z0 0.00  garr 40.5  tG 407  e2 0.00  nF 13.8  pS 0.35  ptS 0.33  fLog 0.48  pdΔ -0.1528  pkR 6.74  clip 0.14  kl +0.000
upd 1078  steps 2209792  sps 1248  opp symm  loss -0.071  pg -0.0711  v 0.021  ev +0.95  adv_std 0.204  tR +1.00  ent[s/d/p/e] 0.22/1.23/1.51/0.00  emits 0.98  spf 39.4  z0 0.02  garr 37.9  tG 406  e2 0.00  nF 13.8  pS 0.34  ptS 0.33  fLog 0.48  pdΔ -0.1559  pkR 8.58  clip 0.10  kl +0.003
upd 1079  steps 2211840  sps 1249  opp symm  loss -0.063  pg -0.0610  v 0.017  ev +0.96  adv_std 0.188  tR +0.00  ent[s/d/p/e] 0.24/1.13/1.56/0.00  emits 0.99  spf 40.4  z0 0.01  garr 39.3  tG 420  e2 0.00  nF 13.7  pS 0.34  ptS 0.33  fLog 0.48  pdΔ -0.1600  pkR 10.13  clip 0.15  kl +0.002
upd 1080  steps 2213888  sps 1250  opp symm  loss -0.046  pg -0.0447  v 0.019  ev +0.96  adv_std 0.199  tR +0.00  ent[s/d/p/e] 0.23/1.10/1.61/0.00  emits 1.00  spf 44.2  z0 0.00  garr 43.6  tG 471  e2 0.00  nF 13.7  pS 0.36  ptS 0.35  fLog 0.50  pdΔ -0.1355  pkR 8.76  clip 0.19  kl +0.005
upd 1081  steps 2215936  sps 1250  opp symm  loss -0.049  pg -0.0462  v 0.014  ev +0.97  adv_std 0.173  tR +0.33  ent[s/d/p/e] 0.22/1.10/1.56/0.00  emits 1.00  spf 45.5  z0 0.00  garr 43.4  tG 494  e2 0.00  nF 14.6  pS 0.38  ptS 0.37  fLog 0.50  pdΔ -0.1233  pkR 8.10  clip 0.21  kl +0.008
upd 1082  steps 2217984  sps 1251  opp symm  loss -0.031  pg -0.0317  v 0.024  ev +0.95  adv_std 0.224  tR +0.50  ent[s/d/p/e] 0.22/1.11/1.63/0.00  emits 1.00  spf 47.9  z0 0.00  garr 48.0  tG 551  e2 0.00  nF 14.0  pS 0.40  ptS 0.38  fLog 0.51  pdΔ -0.1034  pkR 5.65  clip 0.13  kl +0.004
upd 1083  steps 2220032  sps 1252  opp symm  loss -0.052  pg -0.0544  v 0.025  ev +0.94  adv_std 0.228  tR -0.33  ent[s/d/p/e] 0.23/1.09/1.58/0.00  emits 0.98  spf 52.6  z0 0.02  garr 49.4  tG 549  e2 0.00  nF 13.6  pS 0.38  ptS 0.37  fLog 0.51  pdΔ -0.1178  pkR 6.24  clip 0.16  kl +0.006
upd 1084  steps 2222080  sps 1253  opp symm  loss -0.085  pg -0.0856  v 0.022  ev +0.95  adv_std 0.210  tR +0.11  ent[s/d/p/e] 0.24/1.09/1.55/0.00  emits 0.99  spf 57.5  z0 0.01  garr 54.7  tG 593  e2 0.00  nF 11.9  pS 0.38  ptS 0.37  fLog 0.53  pdΔ -0.1224  pkR 6.55  clip 0.08  kl +0.000
upd 1085  steps 2224128  sps 1253  opp symm  loss -0.152  pg -0.1510  v 0.019  ev +0.96  adv_std 0.196  tR +0.50  ent[s/d/p/e] 0.23/1.14/1.51/0.00  emits 1.00  spf 61.6  z0 0.00  garr 57.6  tG 608  e2 0.00  nF 11.5  pS 0.37  ptS 0.37  fLog 0.53  pdΔ -0.1267  pkR 5.76  clip 0.12  kl +0.001
upd 1086  steps 2226176  sps 1254  opp symm  loss -0.124  pg -0.1235  v 0.021  ev +0.95  adv_std 0.204  tR -0.20  ent[s/d/p/e] 0.23/1.15/1.53/0.00  emits 1.00  spf 63.7  z0 0.00  garr 59.5  tG 614  e2 0.00  nF 12.3  pS 0.37  ptS 0.36  fLog 0.52  pdΔ -0.1303  pkR 6.16  clip 0.15  kl +0.006
upd 1087  steps 2228224  sps 1255  opp symm  loss -0.106  pg -0.1067  v 0.022  ev +0.96  adv_std 0.209  tR +0.20  ent[s/d/p/e] 0.23/1.17/1.54/0.00  emits 0.99  spf 69.6  z0 0.01  garr 62.4  tG 628  e2 0.00  nF 12.8  pS 0.36  ptS 0.36  fLog 0.52  pdΔ -0.1362  pkR 7.50  clip 0.12  kl +0.001
upd 1088  steps 2230272  sps 1255  opp symm  loss -0.042  pg -0.0423  v 0.022  ev +0.95  adv_std 0.211  tR +0.43  ent[s/d/p/e] 0.22/1.10/1.58/0.00  emits 0.98  spf 75.1  z0 0.02  garr 70.0  tG 681  e2 0.00  nF 12.6  pS 0.36  ptS 0.35  fLog 0.53  pdΔ -0.1434  pkR 8.18  clip 0.09  kl +0.004
upd 1089  steps 2232320  sps 1256  opp symm  loss -0.009  pg -0.0108  v 0.023  ev +0.95  adv_std 0.218  tR +0.67  ent[s/d/p/e] 0.22/0.98/1.57/0.00  emits 0.99  spf 74.3  z0 0.01  garr 65.9  tG 585  e2 0.00  nF 12.9  pS 0.32  ptS 0.31  fLog 0.51  pdΔ -0.1817  pkR 9.28  clip 0.15  kl +0.007
upd 1090  steps 2234368  sps 1257  opp symm  loss -0.102  pg -0.1017  v 0.020  ev +0.96  adv_std 0.201  tR +1.00  ent[s/d/p/e] 0.23/1.04/1.58/0.00  emits 0.99  spf 79.9  z0 0.01  garr 69.3  tG 579  e2 0.00  nF 12.6  pS 0.31  ptS 0.31  fLog 0.51  pdΔ -0.1900  pkR 10.01  clip 0.18  kl +0.003
upd 1091  steps 2236416  sps 1257  opp symm  loss -0.023  pg -0.0233  v 0.021  ev +0.95  adv_std 0.206  tR +0.50  ent[s/d/p/e] 0.22/1.06/1.56/0.00  emits 1.00  spf 85.8  z0 0.00  garr 77.5  tG 639  e2 0.00  nF 12.0  pS 0.32  ptS 0.31  fLog 0.51  pdΔ -0.1846  pkR 10.56  clip 0.14  kl +0.003
upd 1092  steps 2238464  sps 1258  opp symm  loss -0.064  pg -0.0640  v 0.022  ev +0.95  adv_std 0.213  tR -0.60  ent[s/d/p/e] 0.24/1.11/1.61/0.00  emits 1.00  spf 95.5  z0 0.00  garr 84.7  tG 679  e2 0.00  nF 11.7  pS 0.32  ptS 0.31  fLog 0.52  pdΔ -0.1841  pkR 11.15  clip 0.15  kl +0.003
upd 1093  steps 2240512  sps 1259  opp symm  loss -0.118  pg -0.1179  v 0.021  ev +0.95  adv_std 0.208  tR +1.00  ent[s/d/p/e] 0.22/1.13/1.58/0.00  emits 1.00  spf 102.6  z0 0.00  garr 90.4  tG 715  e2 0.00  nF 11.6  pS 0.33  ptS 0.32  fLog 0.52  pdΔ -0.1713  pkR 11.89  clip 0.12  kl +0.001
upd 1094  steps 2242560  sps 1259  opp symm  loss -0.126  pg -0.1261  v 0.021  ev +0.96  adv_std 0.203  tR +0.60  ent[s/d/p/e] 0.19/1.18/1.51/0.00  emits 1.00  spf 111.0  z0 0.00  garr 94.1  tG 728  e2 0.00  nF 11.7  pS 0.32  ptS 0.31  fLog 0.51  pdΔ -0.1807  pkR 13.14  clip 0.10  kl +0.004
upd 1095  steps 2244608  sps 1260  opp symm  loss -0.036  pg -0.0394  v 0.027  ev +0.94  adv_std 0.241  tR +0.20  ent[s/d/p/e] 0.18/1.20/1.46/0.00  emits 0.99  spf 106.2  z0 0.01  garr 92.0  tG 688  e2 0.00  nF 12.0  pS 0.29  ptS 0.28  fLog 0.49  pdΔ -0.2116  pkR 14.95  clip 0.15  kl +0.002
upd 1096  steps 2246656  sps 1261  opp symm  loss -0.101  pg -0.1027  v 0.024  ev +0.95  adv_std 0.213  tR -0.14  ent[s/d/p/e] 0.19/1.23/1.43/0.00  emits 1.00  spf 108.4  z0 0.00  garr 91.0  tG 713  e2 0.00  nF 12.5  pS 0.30  ptS 0.30  fLog 0.48  pdΔ -0.1952  pkR 15.52  clip 0.13  kl +0.008
upd 1097  steps 2248704  sps 1262  opp symm  loss -0.124  pg -0.1257  v 0.022  ev +0.96  adv_std 0.204  tR +1.00  ent[s/d/p/e] 0.19/1.13/1.41/0.00  emits 1.00  spf 71.2  z0 0.00  garr 64.6  tG 561  e2 0.00  nF 12.9  pS 0.32  ptS 0.31  fLog 0.48  pdΔ -0.1848  pkR 11.77  clip 0.09  kl +0.003
upd 1098  steps 2250752  sps 1262  opp symm  loss -0.069  pg -0.0702  v 0.023  ev +0.95  adv_std 0.212  tR +0.00  ent[s/d/p/e] 0.19/1.19/1.47/0.00  emits 0.98  spf 84.4  z0 0.02  garr 69.4  tG 617  e2 0.00  nF 12.8  pS 0.33  ptS 0.32  fLog 0.50  pdΔ -0.1695  pkR 12.70  clip 0.10  kl +0.003
[eval_vs_v20] u1099 tag=train_u1099  bin0=0.0%  spf=0.00  garr=128.50  flip=0.00%  z0=71.9%  e8=0.0%  e2+=0.0%  WLD=0/3/0
upd 1099  steps 2252800  sps 1263  opp symm  loss -0.060  pg -0.0610  v 0.022  ev +0.95  adv_std 0.211  tR +0.33  ent[s/d/p/e] 0.19/1.17/1.51/0.00  emits 0.97  spf 89.5  z0 0.03  garr 75.1  tG 673  e2 0.00  nF 12.7  pS 0.34  ptS 0.34  fLog 0.51  pdΔ -0.1569  pkR 13.10  clip 0.12  kl +0.003 WRr 0.59 v20[spf 0.0 flip 0.0% e2+ 0.0%]
upd 1100  steps 2254848  sps 1199  opp symm  loss -0.084  pg -0.0865  v 0.024  ev +0.95  adv_std 0.222  tR +0.00  ent[s/d/p/e] 0.18/1.10/1.47/0.00  emits 0.99  spf 72.8  z0 0.01  garr 63.8  tG 634  e2 0.00  nF 12.3  pS 0.34  ptS 0.33  fLog 0.50  pdΔ -0.1641  pkR 16.00  clip 0.13  kl +0.003
upd 1101  steps 2256896  sps 1200  opp symm  loss -0.075  pg -0.0746  v 0.020  ev +0.95  adv_std 0.202  tR -0.50  ent[s/d/p/e] 0.16/1.11/1.46/0.00  emits 0.98  spf 68.5  z0 0.02  garr 61.2  tG 632  e2 0.00  nF 12.0  pS 0.33  ptS 0.33  fLog 0.49  pdΔ -0.1718  pkR 17.86  clip 0.13  kl +0.008
upd 1102  steps 2258944  sps 1201  opp symm  loss -0.120  pg -0.1196  v 0.019  ev +0.95  adv_std 0.192  tR +0.43  ent[s/d/p/e] 0.16/1.04/1.49/0.00  emits 0.99  spf 69.7  z0 0.01  garr 65.8  tG 665  e2 0.00  nF 11.3  pS 0.33  ptS 0.32  fLog 0.50  pdΔ -0.1700  pkR 18.39  clip 0.10  kl +0.003
upd 1103  steps 2260992  sps 1201  opp symm  loss -0.141  pg -0.1405  v 0.020  ev +0.95  adv_std 0.206  tR +0.00  ent[s/d/p/e] 0.15/1.03/1.51/0.00  emits 1.00  spf 54.4  z0 0.00  garr 51.3  tG 512  e2 0.00  nF 11.7  pS 0.34  ptS 0.33  fLog 0.50  pdΔ -0.1632  pkR 8.85  clip 0.09  kl +0.004
upd 1104  steps 2263040  sps 1202  opp symm  loss -0.133  pg -0.1316  v 0.017  ev +0.96  adv_std 0.184  tR +0.11  ent[s/d/p/e] 0.15/1.04/1.47/0.00  emits 1.00  spf 56.0  z0 0.00  garr 54.2  tG 517  e2 0.00  nF 11.7  pS 0.33  ptS 0.32  fLog 0.50  pdΔ -0.1697  pkR 5.41  clip 0.12  kl +0.004
upd 1105  steps 2265088  sps 1203  opp symm  loss -0.037  pg -0.0395  v 0.023  ev +0.94  adv_std 0.221  tR +1.00  ent[s/d/p/e] 0.15/0.95/1.44/0.00  emits 1.00  spf 59.0  z0 0.00  garr 57.5  tG 517  e2 0.00  nF 11.8  pS 0.31  ptS 0.30  fLog 0.50  pdΔ -0.1867  pkR 6.29  clip 0.14  kl +0.005
upd 1106  steps 2267136  sps 1203  opp symm  loss -0.074  pg -0.0750  v 0.020  ev +0.95  adv_std 0.204  tR +0.33  ent[s/d/p/e] 0.16/0.97/1.48/0.00  emits 1.00  spf 66.3  z0 0.00  garr 62.8  tG 564  e2 0.00  nF 11.4  pS 0.33  ptS 0.32  fLog 0.52  pdΔ -0.1727  pkR 6.42  clip 0.15  kl +0.004
upd 1107  steps 2269184  sps 1204  opp symm  loss -0.056  pg -0.0546  v 0.017  ev +0.96  adv_std 0.185  tR +1.00  ent[s/d/p/e] 0.14/0.85/1.51/0.00  emits 0.99  spf 63.1  z0 0.01  garr 61.7  tG 511  e2 0.00  nF 10.7  pS 0.31  ptS 0.29  fLog 0.51  pdΔ -0.1945  pkR 7.95  clip 0.13  kl +0.006
upd 1108  steps 2271232  sps 1205  opp symm  loss -0.066  pg -0.0684  v 0.024  ev +0.94  adv_std 0.230  tR +0.20  ent[s/d/p/e] 0.14/0.83/1.54/0.00  emits 0.98  spf 61.2  z0 0.02  garr 58.4  tG 492  e2 0.00  nF 10.3  pS 0.30  ptS 0.28  fLog 0.51  pdΔ -0.2039  pkR 8.56  clip 0.10  kl +0.005
upd 1109  steps 2273280  sps 1205  opp symm  loss -0.021  pg -0.0217  v 0.020  ev +0.95  adv_std 0.201  tR -0.33  ent[s/d/p/e] 0.13/0.81/1.52/0.00  emits 1.00  spf 56.3  z0 0.00  garr 55.8  tG 463  e2 0.00  nF 10.1  pS 0.29  ptS 0.27  fLog 0.50  pdΔ -0.2126  pkR 8.62  clip 0.07  kl +0.003
upd 1110  steps 2275328  sps 1206  opp symm  loss -0.095  pg -0.0992  v 0.026  ev +0.94  adv_std 0.234  tR +0.20  ent[s/d/p/e] 0.14/0.86/1.47/0.00  emits 1.00  spf 55.9  z0 0.00  garr 54.6  tG 462  e2 0.00  nF 10.4  pS 0.28  ptS 0.27  fLog 0.50  pdΔ -0.2151  pkR 9.03  clip 0.13  kl +0.006
upd 1111  steps 2277376  sps 1207  opp symm  loss -0.092  pg -0.0966  v 0.027  ev +0.94  adv_std 0.238  tR -0.33  ent[s/d/p/e] 0.13/0.94/1.41/0.00  emits 1.00  spf 54.2  z0 0.00  garr 51.8  tG 450  e2 0.00  nF 12.1  pS 0.28  ptS 0.26  fLog 0.49  pdΔ -0.2233  pkR 10.55  clip 0.10  kl +0.004
upd 1112  steps 2279424  sps 1207  opp symm  loss -0.138  pg -0.1385  v 0.020  ev +0.96  adv_std 0.202  tR -0.20  ent[s/d/p/e] 0.13/0.90/1.46/0.00  emits 0.99  spf 57.3  z0 0.01  garr 54.2  tG 492  e2 0.00  nF 12.8  pS 0.28  ptS 0.27  fLog 0.49  pdΔ -0.2216  pkR 11.35  clip 0.08  kl +0.002
upd 1113  steps 2281472  sps 1208  opp symm  loss -0.085  pg -0.0876  v 0.025  ev +0.94  adv_std 0.230  tR +0.33  ent[s/d/p/e] 0.13/0.92/1.51/0.00  emits 0.98  spf 63.5  z0 0.02  garr 61.2  tG 552  e2 0.00  nF 13.0  pS 0.29  ptS 0.27  fLog 0.50  pdΔ -0.2132  pkR 8.71  clip 0.11  kl +0.008
upd 1114  steps 2283520  sps 1209  opp symm  loss -0.067  pg -0.0689  v 0.024  ev +0.94  adv_std 0.227  tR +0.33  ent[s/d/p/e] 0.14/0.85/1.54/0.00  emits 0.97  spf 67.3  z0 0.03  garr 64.2  tG 570  e2 0.00  nF 12.2  pS 0.30  ptS 0.28  fLog 0.52  pdΔ -0.2031  pkR 7.98  clip 0.08  kl +0.001
upd 1115  steps 2285568  sps 1209  opp symm  loss -0.107  pg -0.1133  v 0.031  ev +0.92  adv_std 0.257  tR +0.20  ent[s/d/p/e] 0.13/0.93/1.48/0.00  emits 0.99  spf 61.9  z0 0.01  garr 62.6  tG 535  e2 0.00  nF 12.8  pS 0.29  ptS 0.28  fLog 0.50  pdΔ -0.2129  pkR 8.90  clip 0.11  kl +0.002
upd 1116  steps 2287616  sps 1210  opp symm  loss -0.078  pg -0.0823  v 0.029  ev +0.92  adv_std 0.251  tR -1.00  ent[s/d/p/e] 0.16/0.95/1.57/0.00  emits 0.98  spf 65.3  z0 0.02  garr 65.9  tG 551  e2 0.00  nF 13.0  pS 0.30  ptS 0.29  fLog 0.52  pdΔ -0.2006  pkR 8.94  clip 0.12  kl +0.005
upd 1117  steps 2289664  sps 1211  opp symm  loss -0.127  pg -0.1271  v 0.021  ev +0.94  adv_std 0.210  tR +0.71  ent[s/d/p/e] 0.16/1.07/1.57/0.00  emits 0.99  spf 71.8  z0 0.01  garr 71.6  tG 609  e2 0.00  nF 12.8  pS 0.32  ptS 0.30  fLog 0.53  pdΔ -0.1800  pkR 7.62  clip 0.14  kl +0.001
upd 1118  steps 2291712  sps 1211  opp symm  loss -0.120  pg -0.1210  v 0.023  ev +0.94  adv_std 0.214  tR +0.33  ent[s/d/p/e] 0.14/1.19/1.45/0.00  emits 1.00  spf 68.4  z0 0.00  garr 69.4  tG 574  e2 0.00  nF 13.3  pS 0.31  ptS 0.29  fLog 0.51  pdΔ -0.1932  pkR 8.17  clip 0.15  kl +0.005
upd 1119  steps 2293760  sps 1212  opp symm  loss -0.121  pg -0.1226  v 0.023  ev +0.94  adv_std 0.221  tR +0.60  ent[s/d/p/e] 0.15/1.07/1.48/0.00  emits 1.00  spf 68.8  z0 0.00  garr 69.5  tG 609  e2 0.00  nF 14.4  pS 0.32  ptS 0.30  fLog 0.51  pdΔ -0.1789  pkR 9.24  clip 0.16  kl +0.000
upd 1120  steps 2295808  sps 1213  opp symm  loss -0.032  pg -0.0348  v 0.026  ev +0.92  adv_std 0.229  tR +0.67  ent[s/d/p/e] 0.18/1.06/1.52/0.00  emits 1.00  spf 64.7  z0 0.00  garr 64.4  tG 585  e2 0.00  nF 14.3  pS 0.33  ptS 0.31  fLog 0.50  pdΔ -0.1750  pkR 8.40  clip 0.14  kl +0.007
upd 1121  steps 2297856  sps 1213  opp symm  loss -0.036  pg -0.0387  v 0.025  ev +0.93  adv_std 0.235  tR +0.33  ent[s/d/p/e] 0.16/1.00/1.55/0.00  emits 1.00  spf 64.3  z0 0.00  garr 68.4  tG 603  e2 0.00  nF 15.0  pS 0.34  ptS 0.31  fLog 0.52  pdΔ -0.1648  pkR 10.52  clip 0.09  kl +0.005
upd 1122  steps 2299904  sps 1214  opp symm  loss -0.005  pg -0.0024  v 0.015  ev +0.96  adv_std 0.176  tR -0.33  ent[s/d/p/e] 0.19/0.91/1.67/0.00  emits 1.00  spf 74.7  z0 0.00  garr 72.7  tG 599  e2 0.00  nF 13.1  pS 0.35  ptS 0.32  fLog 0.55  pdΔ -0.1536  pkR 9.23  clip 0.13  kl +0.002
upd 1123  steps 2301952  sps 1215  opp symm  loss -0.086  pg -0.0845  v 0.018  ev +0.95  adv_std 0.193  tR +0.20  ent[s/d/p/e] 0.19/1.00/1.65/0.00  emits 1.00  spf 79.5  z0 0.00  garr 75.7  tG 609  e2 0.00  nF 12.6  pS 0.35  ptS 0.33  fLog 0.54  pdΔ -0.1500  pkR 8.18  clip 0.14  kl +0.002
upd 1124  steps 2304000  sps 1215  opp symm  loss -0.052  pg -0.0480  v 0.013  ev +0.96  adv_std 0.160  tR -0.20  ent[s/d/p/e] 0.18/1.01/1.63/0.00  emits 0.99  spf 83.9  z0 0.01  garr 81.5  tG 659  e2 0.00  nF 12.0  pS 0.35  ptS 0.33  fLog 0.55  pdΔ -0.1479  pkR 6.89  clip 0.16  kl +0.009
upd 1125  steps 2306048  sps 1216  opp symm  loss -0.031  pg -0.0283  v 0.016  ev +0.95  adv_std 0.184  tR +1.00  ent[s/d/p/e] 0.17/1.01/1.65/0.00  emits 0.98  spf 76.4  z0 0.02  garr 73.2  tG 614  e2 0.00  nF 12.4  pS 0.37  ptS 0.35  fLog 0.55  pdΔ -0.1303  pkR 6.99  clip 0.17  kl +0.009
upd 1126  steps 2308096  sps 1217  opp symm  loss -0.045  pg -0.0429  v 0.017  ev +0.95  adv_std 0.189  tR +0.50  ent[s/d/p/e] 0.19/0.92/1.66/0.00  emits 0.99  spf 86.4  z0 0.01  garr 84.5  tG 703  e2 0.00  nF 12.2  pS 0.38  ptS 0.35  fLog 0.56  pdΔ -0.1212  pkR 6.51  clip 0.11  kl +0.003
upd 1127  steps 2310144  sps 1217  opp symm  loss -0.016  pg -0.0106  v 0.009  ev +0.97  adv_std 0.137  tR +0.00  ent[s/d/p/e] 0.22/0.90/1.65/0.00  emits 0.99  spf 93.4  z0 0.01  garr 91.5  tG 763  e2 0.00  nF 11.5  pS 0.39  ptS 0.37  fLog 0.57  pdΔ -0.1058  pkR 6.94  clip 0.19  kl +0.006
upd 1128  steps 2312192  sps 1218  opp symm  loss -0.024  pg -0.0209  v 0.015  ev +0.96  adv_std 0.177  tR +0.33  ent[s/d/p/e] 0.22/0.89/1.71/0.00  emits 0.98  spf 92.1  z0 0.02  garr 92.7  tG 784  e2 0.00  nF 10.9  pS 0.40  ptS 0.37  fLog 0.57  pdΔ -0.1005  pkR 7.98  clip 0.19  kl +0.004
upd 1129  steps 2314240  sps 1219  opp symm  loss -0.011  pg -0.0065  v 0.012  ev +0.97  adv_std 0.156  tR -0.14  ent[s/d/p/e] 0.21/0.89/1.63/0.00  emits 0.99  spf 89.4  z0 0.01  garr 88.9  tG 751  e2 0.00  nF 10.9  pS 0.38  ptS 0.36  fLog 0.55  pdΔ -0.1186  pkR 8.72  clip 0.13  kl +0.003
upd 1130  steps 2316288  sps 1219  opp symm  loss -0.036  pg -0.0324  v 0.013  ev +0.96  adv_std 0.164  tR +1.00  ent[s/d/p/e] 0.21/1.00/1.60/0.00  emits 1.00  spf 95.2  z0 0.00  garr 97.9  tG 789  e2 0.00  nF 11.6  pS 0.36  ptS 0.34  fLog 0.54  pdΔ -0.1385  pkR 10.60  clip 0.13  kl +0.003
upd 1131  steps 2318336  sps 1220  opp symm  loss -0.080  pg -0.0783  v 0.018  ev +0.96  adv_std 0.192  tR +0.20  ent[s/d/p/e] 0.21/1.01/1.56/0.00  emits 1.00  spf 98.2  z0 0.00  garr 101.6  tG 780  e2 0.00  nF 11.4  pS 0.32  ptS 0.30  fLog 0.52  pdΔ -0.1809  pkR 11.62  clip 0.14  kl +0.004
upd 1132  steps 2320384  sps 1221  opp symm  loss -0.097  pg -0.0950  v 0.017  ev +0.96  adv_std 0.185  tR -0.33  ent[s/d/p/e] 0.20/1.04/1.55/0.00  emits 1.00  spf 107.4  z0 0.00  garr 104.7  tG 782  e2 0.00  nF 12.3  pS 0.32  ptS 0.30  fLog 0.53  pdΔ -0.1798  pkR 11.26  clip 0.19  kl +0.005
upd 1133  steps 2322432  sps 1221  opp symm  loss -0.064  pg -0.0641  v 0.020  ev +0.95  adv_std 0.207  tR +0.43  ent[s/d/p/e] 0.19/1.02/1.50/0.00  emits 1.00  spf 104.1  z0 0.00  garr 104.4  tG 738  e2 0.00  nF 12.5  pS 0.31  ptS 0.29  fLog 0.53  pdΔ -0.1934  pkR 12.85  clip 0.08  kl +0.003
upd 1134  steps 2324480  sps 1222  opp symm  loss -0.136  pg -0.1343  v 0.017  ev +0.96  adv_std 0.187  tR +1.00  ent[s/d/p/e] 0.19/1.03/1.46/0.00  emits 1.00  spf 93.0  z0 0.00  garr 93.3  tG 636  e2 0.00  nF 13.6  pS 0.30  ptS 0.28  fLog 0.52  pdΔ -0.2033  pkR 16.51  clip 0.10  kl +0.003
upd 1135  steps 2326528  sps 1223  opp symm  loss -0.113  pg -0.1133  v 0.020  ev +0.95  adv_std 0.202  tR -0.33  ent[s/d/p/e] 0.19/1.07/1.49/0.00  emits 1.00  spf 82.5  z0 0.00  garr 85.2  tG 612  e2 0.00  nF 14.3  pS 0.30  ptS 0.29  fLog 0.51  pdΔ -0.1961  pkR 19.22  clip 0.12  kl +0.003
upd 1136  steps 2328576  sps 1223  opp symm  loss -0.144  pg -0.1449  v 0.021  ev +0.96  adv_std 0.199  tR -0.50  ent[s/d/p/e] 0.21/1.15/1.50/0.00  emits 1.00  spf 62.0  z0 0.00  garr 60.8  tG 479  e2 0.00  nF 14.2  pS 0.32  ptS 0.30  fLog 0.50  pdΔ -0.1816  pkR 14.36  clip 0.16  kl +0.004
upd 1137  steps 2330624  sps 1224  opp symm  loss -0.060  pg -0.0628  v 0.026  ev +0.94  adv_std 0.229  tR +0.00  ent[s/d/p/e] 0.21/1.05/1.59/0.00  emits 1.00  spf 58.2  z0 0.00  garr 57.6  tG 490  e2 0.00  nF 13.9  pS 0.35  ptS 0.33  fLog 0.52  pdΔ -0.1536  pkR 9.40  clip 0.16  kl -0.001
upd 1138  steps 2332672  sps 1225  opp symm  loss -0.079  pg -0.0785  v 0.020  ev +0.95  adv_std 0.204  tR +0.60  ent[s/d/p/e] 0.23/0.94/1.61/0.00  emits 1.00  spf 53.4  z0 0.00  garr 54.9  tG 497  e2 0.00  nF 13.5  pS 0.35  ptS 0.34  fLog 0.52  pdΔ -0.1504  pkR 8.94  clip 0.20  kl +0.010
upd 1139  steps 2334720  sps 1225  opp symm  loss -0.063  pg -0.0617  v 0.017  ev +0.96  adv_std 0.187  tR +0.33  ent[s/d/p/e] 0.19/0.93/1.54/0.00  emits 1.00  spf 49.6  z0 0.00  garr 51.9  tG 482  e2 0.00  nF 13.4  pS 0.33  ptS 0.32  fLog 0.50  pdΔ -0.1705  pkR 7.37  clip 0.11  kl -0.000
upd 1140  steps 2336768  sps 1226  opp symm  loss -0.046  pg -0.0465  v 0.021  ev +0.95  adv_std 0.205  tR +1.00  ent[s/d/p/e] 0.20/0.90/1.53/0.00  emits 1.00  spf 49.8  z0 0.00  garr 54.1  tG 526  e2 0.00  nF 13.5  pS 0.35  ptS 0.33  fLog 0.51  pdΔ -0.1527  pkR 7.76  clip 0.12  kl +0.002
upd 1141  steps 2338816  sps 1227  opp symm  loss -0.048  pg -0.0488  v 0.021  ev +0.95  adv_std 0.207  tR +0.20  ent[s/d/p/e] 0.18/0.93/1.52/0.00  emits 0.99  spf 51.6  z0 0.01  garr 52.8  tG 553  e2 0.00  nF 12.9  pS 0.34  ptS 0.33  fLog 0.52  pdΔ -0.1563  pkR 8.73  clip 0.13  kl +0.007
upd 1142  steps 2340864  sps 1227  opp symm  loss -0.089  pg -0.0881  v 0.017  ev +0.96  adv_std 0.189  tR -1.00  ent[s/d/p/e] 0.18/0.95/1.51/0.00  emits 0.99  spf 54.1  z0 0.01  garr 55.4  tG 568  e2 0.00  nF 11.5  pS 0.34  ptS 0.33  fLog 0.52  pdΔ -0.1581  pkR 8.64  clip 0.13  kl +0.004
upd 1143  steps 2342912  sps 1228  opp symm  loss -0.115  pg -0.1179  v 0.025  ev +0.94  adv_std 0.225  tR -0.33  ent[s/d/p/e] 0.18/1.01/1.50/0.00  emits 1.00  spf 59.9  z0 0.00  garr 61.4  tG 622  e2 0.00  nF 11.3  pS 0.36  ptS 0.34  fLog 0.54  pdΔ -0.1436  pkR 7.36  clip 0.16  kl +0.006
upd 1144  steps 2344960  sps 1229  opp symm  loss -0.046  pg -0.0479  v 0.024  ev +0.94  adv_std 0.222  tR -0.33  ent[s/d/p/e] 0.18/0.88/1.55/0.00  emits 0.99  spf 69.2  z0 0.01  garr 69.5  tG 688  e2 0.00  nF 11.6  pS 0.37  ptS 0.36  fLog 0.56  pdΔ -0.1250  pkR 7.89  clip 0.16  kl +0.002
upd 1145  steps 2347008  sps 1229  opp symm  loss -0.086  pg -0.0815  v 0.011  ev +0.97  adv_std 0.154  tR +0.33  ent[s/d/p/e] 0.20/0.94/1.53/0.00  emits 0.98  spf 74.0  z0 0.02  garr 73.0  tG 688  e2 0.00  nF 10.8  pS 0.37  ptS 0.35  fLog 0.56  pdΔ -0.1320  pkR 7.72  clip 0.13  kl -0.002
upd 1146  steps 2349056  sps 1230  opp symm  loss -0.075  pg -0.0715  v 0.013  ev +0.96  adv_std 0.163  tR +0.00  ent[s/d/p/e] 0.18/0.88/1.58/0.00  emits 0.98  spf 77.2  z0 0.02  garr 76.6  tG 718  e2 0.00  nF 10.7  pS 0.37  ptS 0.35  fLog 0.55  pdΔ -0.1311  pkR 7.04  clip 0.12  kl +0.004
upd 1147  steps 2351104  sps 1231  opp symm  loss -0.062  pg -0.0593  v 0.015  ev +0.96  adv_std 0.173  tR +0.00  ent[s/d/p/e] 0.20/0.99/1.60/0.00  emits 0.99  spf 82.5  z0 0.01  garr 81.0  tG 747  e2 0.00  nF 10.9  pS 0.37  ptS 0.35  fLog 0.55  pdΔ -0.1340  pkR 6.63  clip 0.14  kl +0.005
upd 1148  steps 2353152  sps 1231  opp symm  loss -0.078  pg -0.0774  v 0.019  ev +0.95  adv_std 0.198  tR +1.00  ent[s/d/p/e] 0.20/1.03/1.58/0.00  emits 1.00  spf 87.6  z0 0.00  garr 84.3  tG 756  e2 0.00  nF 11.5  pS 0.36  ptS 0.35  fLog 0.55  pdΔ -0.1352  pkR 7.03  clip 0.16  kl +0.006
upd 1149  steps 2355200  sps 1232  opp symm  loss -0.126  pg -0.1235  v 0.016  ev +0.96  adv_std 0.187  tR +0.60  ent[s/d/p/e] 0.21/0.96/1.54/0.00  emits 1.00  spf 73.7  z0 0.00  garr 75.1  tG 674  e2 0.00  nF 12.1  pS 0.36  ptS 0.34  fLog 0.53  pdΔ -0.1429  pkR 8.04  clip 0.08  kl +0.003
upd 1150  steps 2357248  sps 1232  opp symm  loss -0.061  pg -0.0576  v 0.015  ev +0.96  adv_std 0.174  tR +1.00  ent[s/d/p/e] 0.24/0.99/1.59/0.00  emits 0.98  spf 67.4  z0 0.02  garr 67.3  tG 622  e2 0.00  nF 11.7  pS 0.37  ptS 0.35  fLog 0.54  pdΔ -0.1338  pkR 8.51  clip 0.14  kl +0.001
upd 1151  steps 2359296  sps 1233  opp symm  loss -0.124  pg -0.1213  v 0.015  ev +0.96  adv_std 0.174  tR +0.00  ent[s/d/p/e] 0.21/0.98/1.52/0.00  emits 0.99  spf 63.6  z0 0.01  garr 66.2  tG 570  e2 0.00  nF 11.1  pS 0.36  ptS 0.34  fLog 0.53  pdΔ -0.1434  pkR 6.83  clip 0.11  kl +0.002
upd 1152  steps 2361344  sps 1234  opp symm  loss -0.073  pg -0.0725  v 0.018  ev +0.96  adv_std 0.190  tR +1.00  ent[s/d/p/e] 0.20/0.97/1.54/0.00  emits 0.99  spf 70.2  z0 0.01  garr 72.6  tG 634  e2 0.00  nF 11.9  pS 0.37  ptS 0.35  fLog 0.55  pdΔ -0.1260  pkR 5.94  clip 0.09  kl +0.004
upd 1153  steps 2363392  sps 1234  opp symm  loss -0.052  pg -0.0500  v 0.017  ev +0.96  adv_std 0.187  tR +1.00  ent[s/d/p/e] 0.19/1.05/1.56/0.00  emits 0.97  spf 68.9  z0 0.03  garr 68.5  tG 588  e2 0.00  nF 12.4  pS 0.36  ptS 0.34  fLog 0.55  pdΔ -0.1381  pkR 6.39  clip 0.10  kl +0.003
upd 1154  steps 2365440  sps 1235  opp symm  loss -0.148  pg -0.1472  v 0.019  ev +0.96  adv_std 0.194  tR -0.33  ent[s/d/p/e] 0.17/1.12/1.49/0.00  emits 0.96  spf 61.1  z0 0.04  garr 61.2  tG 565  e2 0.00  nF 11.3  pS 0.36  ptS 0.34  fLog 0.53  pdΔ -0.1450  pkR 7.11  clip 0.18  kl +0.010
upd 1155  steps 2367488  sps 1236  opp symm  loss -0.095  pg -0.0933  v 0.018  ev +0.96  adv_std 0.192  tR +0.20  ent[s/d/p/e] 0.20/1.15/1.49/0.00  emits 0.99  spf 60.6  z0 0.01  garr 60.8  tG 593  e2 0.00  nF 11.6  pS 0.37  ptS 0.36  fLog 0.52  pdΔ -0.1303  pkR 8.15  clip 0.14  kl +0.003
upd 1156  steps 2369536  sps 1236  opp symm  loss -0.081  pg -0.0875  v 0.033  ev +0.92  adv_std 0.259  tR +0.67  ent[s/d/p/e] 0.20/1.10/1.43/0.00  emits 0.98  spf 57.4  z0 0.02  garr 55.8  tG 562  e2 0.00  nF 12.2  pS 0.35  ptS 0.34  fLog 0.50  pdΔ -0.1475  pkR 9.45  clip 0.09  kl +0.003
upd 1157  steps 2371584  sps 1237  opp symm  loss -0.068  pg -0.0708  v 0.025  ev +0.94  adv_std 0.236  tR +0.20  ent[s/d/p/e] 0.18/1.18/1.42/0.00  emits 1.00  spf 54.4  z0 0.00  garr 54.8  tG 530  e2 0.00  nF 13.1  pS 0.33  ptS 0.32  fLog 0.48  pdΔ -0.1676  pkR 12.31  clip 0.10  kl +0.001
upd 1158  steps 2373632  sps 1238  opp symm  loss -0.119  pg -0.1193  v 0.022  ev +0.95  adv_std 0.208  tR +0.00  ent[s/d/p/e] 0.19/1.24/1.43/0.00  emits 0.98  spf 61.3  z0 0.02  garr 60.1  tG 577  e2 0.00  nF 13.6  pS 0.34  ptS 0.34  fLog 0.50  pdΔ -0.1552  pkR 12.42  clip 0.09  kl +0.003
upd 1159  steps 2375680  sps 1238  opp symm  loss -0.115  pg -0.1158  v 0.021  ev +0.95  adv_std 0.205  tR -0.20  ent[s/d/p/e] 0.17/1.19/1.44/0.00  emits 0.97  spf 66.1  z0 0.03  garr 63.3  tG 602  e2 0.00  nF 14.2  pS 0.35  ptS 0.34  fLog 0.51  pdΔ -0.1517  pkR 12.74  clip 0.14  kl +0.002
upd 1160  steps 2377728  sps 1239  opp symm  loss -0.025  pg -0.0297  v 0.027  ev +0.93  adv_std 0.237  tR +0.50  ent[s/d/p/e] 0.18/1.09/1.36/0.00  emits 0.98  spf 56.6  z0 0.02  garr 58.8  tG 528  e2 0.00  nF 14.1  pS 0.31  ptS 0.30  fLog 0.48  pdΔ -0.1928  pkR 16.95  clip 0.10  kl +0.004
upd 1161  steps 2379776  sps 1240  opp symm  loss -0.033  pg -0.0374  v 0.028  ev +0.92  adv_std 0.244  tR -1.00  ent[s/d/p/e] 0.18/0.96/1.48/0.00  emits 0.99  spf 51.2  z0 0.01  garr 53.1  tG 471  e2 0.00  nF 14.4  pS 0.29  ptS 0.28  fLog 0.48  pdΔ -0.2098  pkR 18.19  clip 0.09  kl +0.002
upd 1162  steps 2381824  sps 1240  opp symm  loss -0.051  pg -0.0503  v 0.018  ev +0.95  adv_std 0.195  tR +0.60  ent[s/d/p/e] 0.17/1.02/1.49/0.00  emits 1.00  spf 50.9  z0 0.00  garr 50.6  tG 471  e2 0.00  nF 14.2  pS 0.30  ptS 0.29  fLog 0.49  pdΔ -0.1997  pkR 16.47  clip 0.11  kl +0.001
upd 1163  steps 2383872  sps 1241  opp symm  loss -0.041  pg -0.0414  v 0.021  ev +0.95  adv_std 0.206  tR +0.33  ent[s/d/p/e] 0.15/0.99/1.47/0.00  emits 0.99  spf 49.9  z0 0.01  garr 51.9  tG 491  e2 0.00  nF 14.0  pS 0.30  ptS 0.28  fLog 0.48  pdΔ -0.2046  pkR 15.80  clip 0.21  kl +0.008
upd 1164  steps 2385920  sps 1242  opp symm  loss +0.033  pg +0.0317  v 0.023  ev +0.94  adv_std 0.220  tR +0.50  ent[s/d/p/e] 0.17/0.95/1.57/0.00  emits 0.98  spf 48.0  z0 0.02  garr 48.5  tG 457  e2 0.00  nF 13.8  pS 0.30  ptS 0.29  fLog 0.50  pdΔ -0.1953  pkR 17.93  clip 0.17  kl +0.005
upd 1165  steps 2387968  sps 1242  opp symm  loss -0.074  pg -0.0730  v 0.017  ev +0.96  adv_std 0.185  tR -0.33  ent[s/d/p/e] 0.14/1.00/1.44/0.00  emits 0.98  spf 35.4  z0 0.02  garr 36.4  tG 322  e2 0.00  nF 13.6  pS 0.28  ptS 0.27  fLog 0.47  pdΔ -0.2229  pkR 6.39  clip 0.10  kl +0.003
upd 1166  steps 2390016  sps 1243  opp symm  loss -0.102  pg -0.1029  v 0.019  ev +0.96  adv_std 0.189  tR -0.11  ent[s/d/p/e] 0.13/1.03/1.34/0.00  emits 0.99  spf 36.8  z0 0.01  garr 36.7  tG 329  e2 0.00  nF 13.2  pS 0.27  ptS 0.26  fLog 0.45  pdΔ -0.2326  pkR 6.44  clip 0.11  kl +0.007
upd 1167  steps 2392064  sps 1244  opp symm  loss -0.078  pg -0.0793  v 0.021  ev +0.95  adv_std 0.207  tR +1.00  ent[s/d/p/e] 0.14/0.99/1.36/0.00  emits 0.98  spf 39.9  z0 0.02  garr 40.1  tG 365  e2 0.00  nF 14.1  pS 0.26  ptS 0.25  fLog 0.44  pdΔ -0.2410  pkR 7.38  clip 0.10  kl +0.004
upd 1168  steps 2394112  sps 1244  opp symm  loss -0.108  pg -0.1089  v 0.020  ev +0.96  adv_std 0.200  tR -1.00  ent[s/d/p/e] 0.17/0.97/1.37/0.00  emits 0.98  spf 49.3  z0 0.02  garr 50.1  tG 462  e2 0.00  nF 14.0  pS 0.28  ptS 0.28  fLog 0.47  pdΔ -0.2189  pkR 6.74  clip 0.11  kl +0.003
upd 1169  steps 2396160  sps 1245  opp symm  loss -0.117  pg -0.1164  v 0.016  ev +0.97  adv_std 0.183  tR -0.33  ent[s/d/p/e] 0.18/0.93/1.40/0.00  emits 1.00  spf 53.0  z0 0.00  garr 55.2  tG 518  e2 0.00  nF 14.5  pS 0.31  ptS 0.30  fLog 0.48  pdΔ -0.1935  pkR 5.88  clip 0.14  kl +0.006
upd 1170  steps 2398208  sps 1245  opp symm  loss -0.140  pg -0.1400  v 0.020  ev +0.96  adv_std 0.199  tR +0.50  ent[s/d/p/e] 0.17/1.03/1.41/0.00  emits 0.98  spf 54.4  z0 0.02  garr 56.0  tG 522  e2 0.00  nF 13.4  pS 0.32  ptS 0.31  fLog 0.49  pdΔ -0.1845  pkR 6.45  clip 0.09  kl +0.001
upd 1171  steps 2400256  sps 1246  opp symm  loss -0.134  pg -0.1337  v 0.017  ev +0.97  adv_std 0.181  tR -0.14  ent[s/d/p/e] 0.18/0.89/1.40/0.00  emits 0.99  spf 58.9  z0 0.01  garr 58.9  tG 529  e2 0.00  nF 13.1  pS 0.32  ptS 0.31  fLog 0.49  pdΔ -0.1769  pkR 7.28  clip 0.11  kl +0.004
upd 1172  steps 2402304  sps 1247  opp symm  loss -0.004  pg -0.0033  v 0.018  ev +0.96  adv_std 0.197  tR +0.00  ent[s/d/p/e] 0.20/0.75/1.52/0.00  emits 0.99  spf 58.6  z0 0.01  garr 61.8  tG 553  e2 0.00  nF 11.9  pS 0.34  ptS 0.33  fLog 0.51  pdΔ -0.1553  pkR 6.29  clip 0.13  kl +0.002
upd 1173  steps 2404352  sps 1247  opp symm  loss -0.003  pg -0.0012  v 0.015  ev +0.96  adv_std 0.179  tR +0.33  ent[s/d/p/e] 0.21/0.69/1.58/0.00  emits 0.99  spf 68.7  z0 0.01  garr 71.6  tG 669  e2 0.00  nF 11.6  pS 0.36  ptS 0.36  fLog 0.53  pdΔ -0.1353  pkR 6.42  clip 0.10  kl +0.000
upd 1174  steps 2406400  sps 1248  opp symm  loss -0.054  pg -0.0541  v 0.019  ev +0.96  adv_std 0.197  tR +1.00  ent[s/d/p/e] 0.22/0.76/1.58/0.00  emits 1.00  spf 70.8  z0 0.00  garr 73.0  tG 677  e2 0.00  nF 11.9  pS 0.37  ptS 0.36  fLog 0.53  pdΔ -0.1343  pkR 7.41  clip 0.09  kl +0.002
upd 1175  steps 2408448  sps 1249  opp symm  loss -0.059  pg -0.0612  v 0.023  ev +0.95  adv_std 0.219  tR +0.50  ent[s/d/p/e] 0.21/0.79/1.48/0.00  emits 1.00  spf 66.2  z0 0.00  garr 70.0  tG 612  e2 0.00  nF 11.9  pS 0.34  ptS 0.34  fLog 0.51  pdΔ -0.1569  pkR 9.01  clip 0.11  kl -0.001
upd 1176  steps 2410496  sps 1249  opp symm  loss -0.078  pg -0.0808  v 0.023  ev +0.94  adv_std 0.221  tR +0.33  ent[s/d/p/e] 0.18/0.73/1.44/0.00  emits 1.00  spf 61.1  z0 0.00  garr 65.8  tG 544  e2 0.00  nF 11.3  pS 0.31  ptS 0.31  fLog 0.50  pdΔ -0.1908  pkR 9.75  clip 0.10  kl +0.000
upd 1177  steps 2412544  sps 1250  opp symm  loss -0.027  pg -0.0294  v 0.025  ev +0.94  adv_std 0.224  tR +0.00  ent[s/d/p/e] 0.18/0.76/1.55/0.00  emits 1.00  spf 60.9  z0 0.00  garr 62.8  tG 546  e2 0.00  nF 12.1  pS 0.33  ptS 0.32  fLog 0.52  pdΔ -0.1746  pkR 8.06  clip 0.13  kl +0.006
upd 1178  steps 2414592  sps 1251  opp symm  loss -0.057  pg -0.0582  v 0.021  ev +0.95  adv_std 0.208  tR -0.20  ent[s/d/p/e] 0.18/0.77/1.52/0.00  emits 0.98  spf 61.0  z0 0.02  garr 60.6  tG 559  e2 0.00  nF 11.4  pS 0.35  ptS 0.34  fLog 0.53  pdΔ -0.1542  pkR 6.24  clip 0.10  kl +0.002
upd 1179  steps 2416640  sps 1251  opp symm  loss -0.117  pg -0.1193  v 0.024  ev +0.95  adv_std 0.220  tR +0.14  ent[s/d/p/e] 0.17/0.88/1.43/0.00  emits 1.00  spf 57.9  z0 0.00  garr 60.1  tG 519  e2 0.00  nF 12.1  pS 0.33  ptS 0.33  fLog 0.51  pdΔ -0.1672  pkR 6.35  clip 0.14  kl +0.004
upd 1180  steps 2418688  sps 1252  opp symm  loss -0.035  pg -0.0420  v 0.032  ev +0.92  adv_std 0.261  tR +0.60  ent[s/d/p/e] 0.19/0.82/1.44/0.00  emits 1.00  spf 63.4  z0 0.00  garr 66.7  tG 581  e2 0.00  nF 11.7  pS 0.33  ptS 0.33  fLog 0.53  pdΔ -0.1658  pkR 6.13  clip 0.15  kl +0.009
upd 1181  steps 2420736  sps 1253  opp symm  loss -0.070  pg -0.0723  v 0.023  ev +0.94  adv_std 0.217  tR +0.60  ent[s/d/p/e] 0.20/0.92/1.44/0.00  emits 1.00  spf 60.1  z0 0.00  garr 64.0  tG 550  e2 0.00  nF 11.8  pS 0.32  ptS 0.31  fLog 0.52  pdΔ -0.1839  pkR 7.49  clip 0.13  kl +0.006
upd 1182  steps 2422784  sps 1253  opp symm  loss -0.124  pg -0.1297  v 0.029  ev +0.93  adv_std 0.238  tR +0.33  ent[s/d/p/e] 0.18/0.97/1.33/0.00  emits 0.99  spf 64.4  z0 0.01  garr 66.8  tG 557  e2 0.00  nF 12.3  pS 0.29  ptS 0.28  fLog 0.50  pdΔ -0.2111  pkR 8.31  clip 0.12  kl +0.003
upd 1183  steps 2424832  sps 1254  opp symm  loss -0.042  pg -0.0467  v 0.028  ev +0.93  adv_std 0.242  tR +1.00  ent[s/d/p/e] 0.19/0.87/1.44/0.00  emits 0.97  spf 69.7  z0 0.03  garr 73.6  tG 612  e2 0.00  nF 12.5  pS 0.30  ptS 0.29  fLog 0.53  pdΔ -0.1994  pkR 8.72  clip 0.11  kl -0.000
upd 1184  steps 2426880  sps 1254  opp symm  loss -0.079  pg -0.0819  v 0.024  ev +0.94  adv_std 0.221  tR +0.20  ent[s/d/p/e] 0.19/0.91/1.43/0.00  emits 0.98  spf 65.4  z0 0.02  garr 68.2  tG 576  e2 0.00  nF 11.8  pS 0.29  ptS 0.29  fLog 0.52  pdΔ -0.2061  pkR 10.88  clip 0.12  kl +0.004
upd 1185  steps 2428928  sps 1255  opp symm  loss -0.004  pg -0.0082  v 0.027  ev +0.94  adv_std 0.236  tR -0.50  ent[s/d/p/e] 0.18/0.92/1.45/0.00  emits 1.00  spf 64.5  z0 0.00  garr 67.7  tG 591  e2 0.00  nF 12.2  pS 0.31  ptS 0.30  fLog 0.52  pdΔ -0.1915  pkR 12.04  clip 0.11  kl +0.002
upd 1186  steps 2430976  sps 1256  opp symm  loss -0.070  pg -0.0702  v 0.019  ev +0.96  adv_std 0.191  tR -0.20  ent[s/d/p/e] 0.18/0.93/1.42/0.00  emits 1.00  spf 61.0  z0 0.00  garr 64.6  tG 579  e2 0.00  nF 11.5  pS 0.32  ptS 0.32  fLog 0.52  pdΔ -0.1765  pkR 11.72  clip 0.17  kl +0.003
upd 1187  steps 2433024  sps 1256  opp symm  loss -0.044  pg -0.0489  v 0.028  ev +0.94  adv_std 0.238  tR +0.67  ent[s/d/p/e] 0.18/0.91/1.34/0.00  emits 1.00  spf 52.9  z0 0.00  garr 55.6  tG 488  e2 0.00  nF 11.8  pS 0.31  ptS 0.30  fLog 0.49  pdΔ -0.1946  pkR 7.41  clip 0.18  kl +0.007
upd 1188  steps 2435072  sps 1257  opp symm  loss -0.042  pg -0.0440  v 0.021  ev +0.96  adv_std 0.204  tR +0.50  ent[s/d/p/e] 0.17/0.94/1.32/0.00  emits 0.99  spf 51.0  z0 0.01  garr 53.7  tG 469  e2 0.00  nF 12.7  pS 0.29  ptS 0.29  fLog 0.48  pdΔ -0.2081  pkR 6.71  clip 0.12  kl +0.005
upd 1189  steps 2437120  sps 1258  opp symm  loss -0.097  pg -0.0978  v 0.020  ev +0.96  adv_std 0.204  tR +0.00  ent[s/d/p/e] 0.16/0.90/1.40/0.00  emits 0.95  spf 63.3  z0 0.05  garr 60.7  tG 525  e2 0.00  nF 12.8  pS 0.30  ptS 0.29  fLog 0.50  pdΔ -0.1997  pkR 6.57  clip 0.14  kl +0.006
upd 1190  steps 2439168  sps 1258  opp symm  loss -0.088  pg -0.0880  v 0.019  ev +0.96  adv_std 0.195  tR -0.50  ent[s/d/p/e] 0.17/0.82/1.54/0.00  emits 0.95  spf 70.2  z0 0.05  garr 71.1  tG 613  e2 0.00  nF 12.0  pS 0.33  ptS 0.31  fLog 0.54  pdΔ -0.1689  pkR 7.09  clip 0.12  kl +0.005
upd 1191  steps 2441216  sps 1259  opp symm  loss -0.077  pg -0.0748  v 0.015  ev +0.97  adv_std 0.173  tR -0.50  ent[s/d/p/e] 0.21/0.91/1.49/0.00  emits 0.95  spf 68.9  z0 0.05  garr 69.4  tG 598  e2 0.00  nF 10.8  pS 0.34  ptS 0.32  fLog 0.54  pdΔ -0.1633  pkR 9.37  clip 0.13  kl +0.003
upd 1192  steps 2443264  sps 1260  opp symm  loss -0.108  pg -0.1073  v 0.017  ev +0.96  adv_std 0.183  tR -0.50  ent[s/d/p/e] 0.18/0.96/1.43/0.00  emits 0.97  spf 69.3  z0 0.03  garr 71.0  tG 586  e2 0.00  nF 10.5  pS 0.33  ptS 0.31  fLog 0.53  pdΔ -0.1689  pkR 11.43  clip 0.18  kl +0.006
upd 1193  steps 2445312  sps 1260  opp symm  loss -0.147  pg -0.1448  v 0.014  ev +0.97  adv_std 0.173  tR +0.71  ent[s/d/p/e] 0.19/0.92/1.39/0.00  emits 0.99  spf 74.4  z0 0.01  garr 77.8  tG 628  e2 0.00  nF 11.1  pS 0.33  ptS 0.31  fLog 0.54  pdΔ -0.1661  pkR 10.99  clip 0.11  kl +0.005
upd 1194  steps 2447360  sps 1261  opp symm  loss -0.055  pg -0.0591  v 0.026  ev +0.94  adv_std 0.229  tR -0.33  ent[s/d/p/e] 0.19/0.87/1.36/0.00  emits 1.00  spf 70.7  z0 0.00  garr 77.5  tG 623  e2 0.00  nF 11.0  pS 0.31  ptS 0.30  fLog 0.53  pdΔ -0.1873  pkR 12.44  clip 0.11  kl +0.001
upd 1195  steps 2449408  sps 1261  opp symm  loss -0.020  pg -0.0237  v 0.027  ev +0.94  adv_std 0.239  tR +1.00  ent[s/d/p/e] 0.17/0.95/1.47/0.00  emits 1.00  spf 76.0  z0 0.00  garr 83.2  tG 680  e2 0.00  nF 11.0  pS 0.32  ptS 0.31  fLog 0.54  pdΔ -0.1791  pkR 12.52  clip 0.08  kl +0.002
upd 1196  steps 2451456  sps 1262  opp symm  loss -0.078  pg -0.0812  v 0.025  ev +0.94  adv_std 0.229  tR +0.60  ent[s/d/p/e] 0.17/0.99/1.46/0.00  emits 1.00  spf 78.8  z0 0.00  garr 87.5  tG 696  e2 0.00  nF 10.6  pS 0.32  ptS 0.31  fLog 0.53  pdΔ -0.1771  pkR 12.70  clip 0.10  kl +0.004
upd 1197  steps 2453504  sps 1263  opp symm  loss -0.088  pg -0.0908  v 0.023  ev +0.95  adv_std 0.222  tR +0.50  ent[s/d/p/e] 0.14/0.90/1.42/0.00  emits 0.99  spf 89.3  z0 0.01  garr 95.7  tG 708  e2 0.00  nF 9.8  pS 0.30  ptS 0.28  fLog 0.54  pdΔ -0.2034  pkR 14.65  clip 0.13  kl +0.009
upd 1198  steps 2455552  sps 1263  opp symm  loss -0.066  pg -0.0649  v 0.018  ev +0.96  adv_std 0.192  tR -1.00  ent[s/d/p/e] 0.18/0.83/1.54/0.00  emits 0.97  spf 89.8  z0 0.03  garr 94.8  tG 715  e2 0.00  nF 9.8  pS 0.31  ptS 0.29  fLog 0.57  pdΔ -0.1882  pkR 10.17  clip 0.18  kl +0.010
[eval_vs_v20] u1199 tag=train_u1199  bin0=0.0%  spf=0.00  garr=128.50  flip=0.00%  z0=71.9%  e8=0.0%  e2+=0.0%  WLD=0/3/0
upd 1199  steps 2457600  sps 1264  opp symm  loss -0.038  pg -0.0392  v 0.021  ev +0.95  adv_std 0.211  tR -0.33  ent[s/d/p/e] 0.19/0.88/1.55/0.00  emits 0.97  spf 93.0  z0 0.03  garr 97.7  tG 758  e2 0.00  nF 9.5  pS 0.33  ptS 0.31  fLog 0.58  pdΔ -0.1698  pkR 8.56  clip 0.15  kl +0.000 WRr 0.66 v20[spf 0.0 flip 0.0% e2+ 0.0%]
[ckpt] saved ./ckpt_multi_action_v14b/ckpt_001199.pkl opp=symm
upd 1200  steps 2459648  sps 1204  opp symm  loss -0.033  pg -0.0314  v 0.016  ev +0.96  adv_std 0.181  tR -0.20  ent[s/d/p/e] 0.19/0.78/1.53/0.00  emits 0.99  spf 82.1  z0 0.01  garr 85.5  tG 644  e2 0.00  nF 8.9  pS 0.34  ptS 0.32  fLog 0.57  pdΔ -0.1584  pkR 7.07  clip 0.07  kl +0.002
upd 1201  steps 2461696  sps 1205  opp symm  loss +0.002  pg +0.0011  v 0.022  ev +0.95  adv_std 0.210  tR +1.00  ent[s/d/p/e] 0.19/0.75/1.59/0.00  emits 0.99  spf 84.1  z0 0.01  garr 88.8  tG 689  e2 0.00  nF 9.3  pS 0.36  ptS 0.34  fLog 0.58  pdΔ -0.1426  pkR 6.88  clip 0.17  kl +0.009
upd 1202  steps 2463744  sps 1205  opp symm  loss +0.022  pg +0.0248  v 0.013  ev +0.97  adv_std 0.163  tR -0.20  ent[s/d/p/e] 0.20/0.74/1.54/0.00  emits 1.00  spf 79.2  z0 0.00  garr 81.4  tG 636  e2 0.00  nF 9.8  pS 0.34  ptS 0.33  fLog 0.57  pdΔ -0.1558  pkR 8.07  clip 0.13  kl +0.005
upd 1203  steps 2465792  sps 1206  opp symm  loss -0.021  pg -0.0169  v 0.011  ev +0.97  adv_std 0.151  tR +0.33  ent[s/d/p/e] 0.19/0.75/1.53/0.00  emits 0.99  spf 79.5  z0 0.01  garr 81.9  tG 609  e2 0.00  nF 9.7  pS 0.33  ptS 0.31  fLog 0.56  pdΔ -0.1690  pkR 9.19  clip 0.11  kl +0.001
upd 1204  steps 2467840  sps 1207  opp symm  loss -0.052  pg -0.0497  v 0.015  ev +0.96  adv_std 0.176  tR +0.00  ent[s/d/p/e] 0.21/0.75/1.53/0.00  emits 0.98  spf 74.5  z0 0.02  garr 80.5  tG 604  e2 0.00  nF 10.3  pS 0.33  ptS 0.31  fLog 0.56  pdΔ -0.1678  pkR 9.49  clip 0.11  kl +0.002
upd 1205  steps 2469888  sps 1207  opp symm  loss -0.023  pg -0.0225  v 0.017  ev +0.96  adv_std 0.187  tR +0.11  ent[s/d/p/e] 0.21/0.82/1.50/0.00  emits 0.99  spf 71.7  z0 0.01  garr 78.7  tG 625  e2 0.00  nF 9.9  pS 0.33  ptS 0.31  fLog 0.56  pdΔ -0.1696  pkR 8.26  clip 0.10  kl -0.001
upd 1206  steps 2471936  sps 1208  opp symm  loss -0.021  pg -0.0222  v 0.021  ev +0.95  adv_std 0.211  tR +0.00  ent[s/d/p/e] 0.21/0.90/1.42/0.00  emits 1.00  spf 62.7  z0 0.00  garr 70.3  tG 539  e2 0.00  nF 10.5  pS 0.32  ptS 0.30  fLog 0.54  pdΔ -0.1846  pkR 6.29  clip 0.14  kl +0.007
upd 1207  steps 2473984  sps 1209  opp symm  loss -0.099  pg -0.1001  v 0.021  ev +0.95  adv_std 0.214  tR +0.56  ent[s/d/p/e] 0.22/0.91/1.39/0.00  emits 0.98  spf 48.5  z0 0.02  garr 52.3  tG 405  e2 0.00  nF 11.9  pS 0.29  ptS 0.28  fLog 0.51  pdΔ -0.2058  pkR 7.37  clip 0.10  kl +0.003
upd 1208  steps 2476032  sps 1209  opp symm  loss -0.018  pg -0.0240  v 0.031  ev +0.92  adv_std 0.255  tR +1.00  ent[s/d/p/e] 0.21/0.95/1.40/0.00  emits 0.97  spf 50.7  z0 0.03  garr 51.6  tG 399  e2 0.00  nF 12.1  pS 0.30  ptS 0.29  fLog 0.51  pdΔ -0.1966  pkR 6.76  clip 0.10  kl +0.003
upd 1209  steps 2478080  sps 1210  opp symm  loss -0.029  pg -0.0297  v 0.020  ev +0.95  adv_std 0.200  tR -0.11  ent[s/d/p/e] 0.22/0.87/1.36/0.00  emits 0.99  spf 50.1  z0 0.01  garr 51.5  tG 396  e2 0.00  nF 11.9  pS 0.31  ptS 0.29  fLog 0.50  pdΔ -0.1933  pkR 5.56  clip 0.09  kl +0.002
upd 1210  steps 2480128  sps 1210  opp symm  loss -0.030  pg -0.0275  v 0.015  ev +0.96  adv_std 0.175  tR +0.33  ent[s/d/p/e] 0.25/0.74/1.50/0.00  emits 1.00  spf 52.8  z0 0.00  garr 57.2  tG 419  e2 0.00  nF 11.4  pS 0.30  ptS 0.29  fLog 0.52  pdΔ -0.1966  pkR 5.55  clip 0.11  kl +0.003
upd 1211  steps 2482176  sps 1211  opp symm  loss -0.071  pg -0.0658  v 0.008  ev +0.98  adv_std 0.128  tR +1.00  ent[s/d/p/e] 0.27/0.76/1.54/0.00  emits 1.00  spf 56.0  z0 0.00  garr 60.4  tG 478  e2 0.00  nF 11.8  pS 0.33  ptS 0.31  fLog 0.54  pdΔ -0.1690  pkR 5.51  clip 0.12  kl +0.005
upd 1212  steps 2484224  sps 1212  opp symm  loss -0.111  pg -0.1084  v 0.013  ev +0.97  adv_std 0.163  tR +0.20  ent[s/d/p/e] 0.26/0.85/1.45/0.00  emits 1.00  spf 64.2  z0 0.00  garr 68.1  tG 561  e2 0.00  nF 11.0  pS 0.35  ptS 0.33  fLog 0.55  pdΔ -0.1531  pkR 5.37  clip 0.13  kl +0.002
upd 1213  steps 2486272  sps 1212  opp symm  loss -0.093  pg -0.0893  v 0.012  ev +0.97  adv_std 0.152  tR +0.33  ent[s/d/p/e] 0.26/0.87/1.49/0.00  emits 0.99  spf 65.2  z0 0.01  garr 71.0  tG 570  e2 0.00  nF 11.2  pS 0.35  ptS 0.33  fLog 0.55  pdΔ -0.1484  pkR 5.56  clip 0.12  kl +0.003
upd 1214  steps 2488320  sps 1213  opp symm  loss -0.096  pg -0.0918  v 0.010  ev +0.98  adv_std 0.148  tR +1.00  ent[s/d/p/e] 0.25/0.83/1.51/0.00  emits 0.98  spf 71.1  z0 0.02  garr 76.1  tG 583  e2 0.00  nF 10.0  pS 0.34  ptS 0.32  fLog 0.56  pdΔ -0.1638  pkR 5.50  clip 0.15  kl +0.006
upd 1215  steps 2490368  sps 1213  opp symm  loss -0.034  pg -0.0353  v 0.020  ev +0.95  adv_std 0.202  tR +0.25  ent[s/d/p/e] 0.23/0.86/1.40/0.00  emits 0.98  spf 70.8  z0 0.02  garr 73.8  tG 556  e2 0.00  nF 11.0  pS 0.32  ptS 0.30  fLog 0.54  pdΔ -0.1781  pkR 6.30  clip 0.13  kl +0.005
upd 1216  steps 2492416  sps 1214  opp symm  loss +0.013  pg +0.0153  v 0.015  ev +0.96  adv_std 0.178  tR +0.20  ent[s/d/p/e] 0.24/0.79/1.45/0.00  emits 0.97  spf 70.3  z0 0.03  garr 76.1  tG 571  e2 0.00  nF 11.5  pS 0.31  ptS 0.30  fLog 0.54  pdΔ -0.1851  pkR 7.78  clip 0.08  kl +0.002
upd 1217  steps 2494464  sps 1215  opp symm  loss -0.088  pg -0.0857  v 0.015  ev +0.97  adv_std 0.180  tR -0.33  ent[s/d/p/e] 0.26/0.86/1.45/0.00  emits 0.98  spf 73.2  z0 0.02  garr 78.1  tG 601  e2 0.00  nF 11.0  pS 0.32  ptS 0.31  fLog 0.54  pdΔ -0.1779  pkR 8.25  clip 0.11  kl +0.002
upd 1218  steps 2496512  sps 1215  opp symm  loss -0.038  pg -0.0421  v 0.028  ev +0.94  adv_std 0.240  tR +0.20  ent[s/d/p/e] 0.23/0.92/1.43/0.00  emits 0.97  spf 68.3  z0 0.03  garr 70.6  tG 592  e2 0.00  nF 10.6  pS 0.33  ptS 0.31  fLog 0.54  pdΔ -0.1720  pkR 9.92  clip 0.09  kl +0.002
upd 1219  steps 2498560  sps 1216  opp symm  loss -0.088  pg -0.0845  v 0.011  ev +0.97  adv_std 0.151  tR +0.00  ent[s/d/p/e] 0.24/0.90/1.47/0.00  emits 0.98  spf 72.4  z0 0.02  garr 79.4  tG 661  e2 0.00  nF 10.4  pS 0.34  ptS 0.32  fLog 0.54  pdΔ -0.1633  pkR 10.58  clip 0.15  kl +0.004
upd 1220  steps 2500608  sps 1217  opp symm  loss -0.062  pg -0.0580  v 0.011  ev +0.97  adv_std 0.154  tR -0.50  ent[s/d/p/e] 0.26/0.85/1.50/0.00  emits 0.98  spf 83.2  z0 0.02  garr 84.5  tG 732  e2 0.00  nF 10.6  pS 0.36  ptS 0.35  fLog 0.56  pdΔ -0.1375  pkR 10.50  clip 0.18  kl +0.006
upd 1221  steps 2502656  sps 1217  opp symm  loss -0.040  pg -0.0409  v 0.023  ev +0.95  adv_std 0.222  tR -0.60  ent[s/d/p/e] 0.29/0.90/1.54/0.00  emits 0.97  spf 84.7  z0 0.03  garr 87.5  tG 774  e2 0.00  nF 10.1  pS 0.37  ptS 0.36  fLog 0.56  pdΔ -0.1272  pkR 11.25  clip 0.11  kl +0.003
upd 1222  steps 2504704  sps 1218  opp symm  loss -0.121  pg -0.1234  v 0.023  ev +0.94  adv_std 0.215  tR +0.45  ent[s/d/p/e] 0.25/1.00/1.41/0.00  emits 0.99  spf 75.2  z0 0.01  garr 76.5  tG 697  e2 0.00  nF 10.0  pS 0.35  ptS 0.34  fLog 0.52  pdΔ -0.1517  pkR 13.41  clip 0.14  kl +0.005
upd 1223  steps 2506752  sps 1218  opp symm  loss -0.051  pg -0.0540  v 0.026  ev +0.94  adv_std 0.228  tR +0.50  ent[s/d/p/e] 0.25/1.06/1.35/0.00  emits 1.00  spf 72.0  z0 0.00  garr 75.1  tG 640  e2 0.00  nF 10.3  pS 0.32  ptS 0.31  fLog 0.50  pdΔ -0.1832  pkR 15.35  clip 0.12  kl +0.002
upd 1224  steps 2508800  sps 1219  opp symm  loss -0.052  pg -0.0572  v 0.028  ev +0.93  adv_std 0.244  tR +0.50  ent[s/d/p/e] 0.25/0.91/1.36/0.00  emits 1.00  spf 79.3  z0 0.00  garr 81.0  tG 682  e2 0.00  nF 11.0  pS 0.30  ptS 0.30  fLog 0.51  pdΔ -0.1953  pkR 14.46  clip 0.13  kl +0.005
upd 1225  steps 2510848  sps 1220  opp symm  loss -0.106  pg -0.1124  v 0.033  ev +0.93  adv_std 0.259  tR +0.50  ent[s/d/p/e] 0.22/0.99/1.39/0.00  emits 1.00  spf 82.5  z0 0.00  garr 82.5  tG 683  e2 0.00  nF 11.1  pS 0.31  ptS 0.30  fLog 0.51  pdΔ -0.1933  pkR 14.06  clip 0.14  kl +0.001
upd 1226  steps 2512896  sps 1220  opp symm  loss -0.057  pg -0.0600  v 0.025  ev +0.95  adv_std 0.224  tR +0.60  ent[s/d/p/e] 0.21/0.86/1.44/0.00  emits 1.00  spf 84.9  z0 0.00  garr 81.3  tG 680  e2 0.00  nF 10.8  pS 0.31  ptS 0.30  fLog 0.52  pdΔ -0.1861  pkR 15.55  clip 0.10  kl +0.002
upd 1227  steps 2514944  sps 1221  opp symm  loss -0.123  pg -0.1226  v 0.019  ev +0.96  adv_std 0.193  tR +0.33  ent[s/d/p/e] 0.23/0.90/1.41/0.00  emits 1.00  spf 70.0  z0 0.00  garr 71.8  tG 596  e2 0.00  nF 10.9  pS 0.30  ptS 0.29  fLog 0.51  pdΔ -0.2035  pkR 9.59  clip 0.13  kl +0.002
upd 1228  steps 2516992  sps 1221  opp symm  loss -0.093  pg -0.0948  v 0.021  ev +0.95  adv_std 0.208  tR +0.20  ent[s/d/p/e] 0.25/0.92/1.39/0.00  emits 1.00  spf 70.1  z0 0.00  garr 72.2  tG 605  e2 0.00  nF 11.8  pS 0.31  ptS 0.30  fLog 0.50  pdΔ -0.1908  pkR 10.78  clip 0.12  kl +0.003
upd 1229  steps 2519040  sps 1222  opp symm  loss -0.081  pg -0.0840  v 0.023  ev +0.95  adv_std 0.214  tR -0.14  ent[s/d/p/e] 0.21/0.95/1.30/0.00  emits 1.00  spf 70.0  z0 0.00  garr 73.3  tG 607  e2 0.00  nF 11.3  pS 0.30  ptS 0.29  fLog 0.48  pdΔ -0.2004  pkR 13.60  clip 0.11  kl +0.008
upd 1230  steps 2521088  sps 1223  opp symm  loss -0.121  pg -0.1280  v 0.031  ev +0.94  adv_std 0.244  tR +0.00  ent[s/d/p/e] 0.17/1.00/1.30/0.00  emits 1.00  spf 76.1  z0 0.00  garr 80.5  tG 663  e2 0.00  nF 11.7  pS 0.29  ptS 0.28  fLog 0.49  pdΔ -0.2064  pkR 13.93  clip 0.15  kl +0.004
upd 1231  steps 2523136  sps 1223  opp symm  loss -0.104  pg -0.1098  v 0.029  ev +0.94  adv_std 0.240  tR +0.33  ent[s/d/p/e] 0.19/1.04/1.33/0.00  emits 1.00  spf 82.5  z0 0.00  garr 82.6  tG 693  e2 0.00  nF 11.7  pS 0.30  ptS 0.29  fLog 0.49  pdΔ -0.1952  pkR 14.57  clip 0.11  kl +0.004
upd 1232  steps 2525184  sps 1224  opp symm  loss -0.086  pg -0.0881  v 0.023  ev +0.95  adv_std 0.218  tR +1.00  ent[s/d/p/e] 0.18/0.96/1.34/0.00  emits 0.99  spf 82.8  z0 0.01  garr 81.1  tG 705  e2 0.00  nF 12.2  pS 0.32  ptS 0.30  fLog 0.50  pdΔ -0.1813  pkR 15.11  clip 0.15  kl +0.004
upd 1233  steps 2527232  sps 1225  opp symm  loss -0.136  pg -0.1364  v 0.018  ev +0.96  adv_std 0.190  tR +0.43  ent[s/d/p/e] 0.23/0.96/1.33/0.00  emits 0.99  spf 75.4  z0 0.01  garr 77.9  tG 691  e2 0.00  nF 12.2  pS 0.32  ptS 0.30  fLog 0.49  pdΔ -0.1838  pkR 15.65  clip 0.09  kl +0.001
upd 1234  steps 2529280  sps 1225  opp symm  loss -0.077  pg -0.0827  v 0.028  ev +0.93  adv_std 0.243  tR +0.00  ent[s/d/p/e] 0.20/0.89/1.32/0.00  emits 1.00  spf 71.1  z0 0.00  garr 71.9  tG 646  e2 0.00  nF 12.2  pS 0.30  ptS 0.29  fLog 0.48  pdΔ -0.1953  pkR 13.36  clip 0.15  kl +0.005
upd 1235  steps 2531328  sps 1226  opp symm  loss -0.095  pg -0.0966  v 0.022  ev +0.95  adv_std 0.210  tR +1.00  ent[s/d/p/e] 0.21/0.89/1.40/0.00  emits 1.00  spf 71.0  z0 0.00  garr 72.7  tG 665  e2 0.00  nF 11.4  pS 0.33  ptS 0.31  fLog 0.50  pdΔ -0.1748  pkR 13.70  clip 0.12  kl -0.000
upd 1236  steps 2533376  sps 1226  opp symm  loss -0.011  pg -0.0184  v 0.034  ev +0.92  adv_std 0.262  tR +0.67  ent[s/d/p/e] 0.21/0.87/1.45/0.00  emits 1.00  spf 82.8  z0 0.00  garr 80.5  tG 765  e2 0.00  nF 11.2  pS 0.35  ptS 0.34  fLog 0.52  pdΔ -0.1501  pkR 12.92  clip 0.20  kl +0.005
upd 1237  steps 2535424  sps 1227  opp symm  loss -0.024  pg -0.0285  v 0.027  ev +0.94  adv_std 0.232  tR +0.43  ent[s/d/p/e] 0.22/0.78/1.42/0.00  emits 1.00  spf 78.9  z0 0.00  garr 78.2  tG 696  e2 0.00  nF 11.7  pS 0.34  ptS 0.32  fLog 0.52  pdΔ -0.1635  pkR 12.31  clip 0.20  kl +0.011
upd 1238  steps 2537472  sps 1228  opp symm  loss -0.035  pg -0.0364  v 0.022  ev +0.94  adv_std 0.210  tR +0.14  ent[s/d/p/e] 0.20/0.83/1.39/0.00  emits 1.00  spf 73.1  z0 0.00  garr 73.9  tG 623  e2 0.00  nF 12.0  pS 0.32  ptS 0.29  fLog 0.51  pdΔ -0.1831  pkR 9.43  clip 0.15  kl +0.006
upd 1239  steps 2539520  sps 1228  opp symm  loss -0.061  pg -0.0582  v 0.014  ev +0.96  adv_std 0.173  tR +0.50  ent[s/d/p/e] 0.24/0.77/1.44/0.00  emits 0.98  spf 72.7  z0 0.02  garr 73.7  tG 630  e2 0.00  nF 12.7  pS 0.32  ptS 0.29  fLog 0.51  pdΔ -0.1811  pkR 10.78  clip 0.16  kl +0.006
upd 1240  steps 2541568  sps 1229  opp symm  loss -0.087  pg -0.0847  v 0.015  ev +0.95  adv_std 0.179  tR -0.60  ent[s/d/p/e] 0.24/0.88/1.49/0.00  emits 0.98  spf 74.1  z0 0.02  garr 74.7  tG 649  e2 0.00  nF 12.4  pS 0.34  ptS 0.31  fLog 0.51  pdΔ -0.1622  pkR 10.15  clip 0.18  kl +0.007
upd 1241  steps 2543616  sps 1229  opp symm  loss -0.068  pg -0.0661  v 0.016  ev +0.95  adv_std 0.179  tR +0.50  ent[s/d/p/e] 0.26/1.01/1.49/0.00  emits 1.00  spf 82.4  z0 0.00  garr 81.4  tG 703  e2 0.00  nF 12.5  pS 0.36  ptS 0.34  fLog 0.53  pdΔ -0.1357  pkR 9.84  clip 0.12  kl +0.008
upd 1242  steps 2545664  sps 1230  opp symm  loss -0.095  pg -0.0915  v 0.012  ev +0.96  adv_std 0.161  tR +0.67  ent[s/d/p/e] 0.28/1.08/1.47/0.00  emits 1.00  spf 86.8  z0 0.00  garr 85.9  tG 738  e2 0.00  nF 11.0  pS 0.38  ptS 0.35  fLog 0.53  pdΔ -0.1214  pkR 10.63  clip 0.12  kl +0.004
upd 1243  steps 2547712  sps 1231  opp symm  loss -0.061  pg -0.0625  v 0.024  ev +0.94  adv_std 0.226  tR +1.00  ent[s/d/p/e] 0.27/0.98/1.54/0.00  emits 1.00  spf 90.9  z0 0.00  garr 95.3  tG 815  e2 0.00  nF 10.8  pS 0.39  ptS 0.36  fLog 0.56  pdΔ -0.1099  pkR 10.71  clip 0.18  kl +0.002
upd 1244  steps 2549760  sps 1231  opp symm  loss -0.081  pg -0.0815  v 0.021  ev +0.95  adv_std 0.206  tR +0.14  ent[s/d/p/e] 0.26/0.94/1.51/0.00  emits 1.00  spf 91.7  z0 0.00  garr 96.9  tG 870  e2 0.00  nF 10.3  pS 0.39  ptS 0.37  fLog 0.55  pdΔ -0.1085  pkR 11.08  clip 0.12  kl +0.001
upd 1245  steps 2551808  sps 1232  opp symm  loss -0.189  pg -0.1904  v 0.022  ev +0.96  adv_std 0.213  tR +0.60  ent[s/d/p/e] 0.25/1.03/1.38/0.00  emits 0.99  spf 83.9  z0 0.01  garr 88.1  tG 768  e2 0.00  nF 11.9  pS 0.36  ptS 0.34  fLog 0.52  pdΔ -0.1408  pkR 13.70  clip 0.10  kl +0.005
upd 1246  steps 2553856  sps 1232  opp symm  loss -0.071  pg -0.0719  v 0.022  ev +0.95  adv_std 0.212  tR +1.00  ent[s/d/p/e] 0.28/1.01/1.44/0.00  emits 0.97  spf 73.6  z0 0.03  garr 73.9  tG 679  e2 0.00  nF 13.4  pS 0.36  ptS 0.34  fLog 0.52  pdΔ -0.1382  pkR 13.93  clip 0.14  kl +0.007
upd 1247  steps 2555904  sps 1233  opp symm  loss -0.040  pg -0.0463  v 0.032  ev +0.93  adv_std 0.256  tR +1.00  ent[s/d/p/e] 0.23/0.91/1.45/0.00  emits 0.97  spf 60.9  z0 0.03  garr 62.4  tG 582  e2 0.00  nF 12.6  pS 0.34  ptS 0.33  fLog 0.51  pdΔ -0.1582  pkR 7.86  clip 0.16  kl +0.003
upd 1248  steps 2557952  sps 1234  opp symm  loss -0.114  pg -0.1135  v 0.019  ev +0.96  adv_std 0.198  tR +0.00  ent[s/d/p/e] 0.25/0.91/1.46/0.00  emits 1.00  spf 57.0  z0 0.00  garr 58.0  tG 574  e2 0.00  nF 12.3  pS 0.35  ptS 0.34  fLog 0.52  pdΔ -0.1510  pkR 8.46  clip 0.10  kl +0.001
upd 1249  steps 2560000  sps 1234  opp symm  loss -0.066  pg -0.0688  v 0.025  ev +0.94  adv_std 0.229  tR +0.20  ent[s/d/p/e] 0.27/1.02/1.36/0.00  emits 1.00  spf 50.8  z0 0.00  garr 53.9  tG 531  e2 0.00  nF 12.2  pS 0.32  ptS 0.31  fLog 0.49  pdΔ -0.1795  pkR 7.58  clip 0.14  kl +0.005
upd 1250  steps 2562048  sps 1235  opp symm  loss -0.074  pg -0.0750  v 0.021  ev +0.95  adv_std 0.206  tR +0.00  ent[s/d/p/e] 0.23/1.00/1.45/0.00  emits 1.00  spf 54.6  z0 0.00  garr 55.1  tG 486  e2 0.00  nF 12.6  pS 0.30  ptS 0.29  fLog 0.50  pdΔ -0.1968  pkR 10.42  clip 0.15  kl +0.006
upd 1251  steps 2564096  sps 1235  opp symm  loss -0.052  pg -0.0532  v 0.022  ev +0.95  adv_std 0.209  tR +1.00  ent[s/d/p/e] 0.26/1.03/1.56/0.00  emits 0.98  spf 59.5  z0 0.02  garr 61.8  tG 526  e2 0.00  nF 12.9  pS 0.33  ptS 0.32  fLog 0.53  pdΔ -0.1740  pkR 8.27  clip 0.13  kl +0.002
upd 1252  steps 2566144  sps 1236  opp symm  loss -0.085  pg -0.0822  v 0.014  ev +0.97  adv_std 0.170  tR +0.60  ent[s/d/p/e] 0.24/0.88/1.57/0.00  emits 1.00  spf 64.0  z0 0.00  garr 65.2  tG 565  e2 0.00  nF 12.0  pS 0.35  ptS 0.34  fLog 0.55  pdΔ -0.1492  pkR 8.48  clip 0.12  kl +0.005
upd 1253  steps 2568192  sps 1237  opp symm  loss -0.053  pg -0.0520  v 0.019  ev +0.96  adv_std 0.200  tR +0.33  ent[s/d/p/e] 0.22/0.89/1.56/0.00  emits 1.00  spf 64.6  z0 0.00  garr 66.7  tG 531  e2 0.00  nF 10.9  pS 0.34  ptS 0.33  fLog 0.55  pdΔ -0.1618  pkR 5.19  clip 0.10  kl +0.004
upd 1254  steps 2570240  sps 1237  opp symm  loss -0.072  pg -0.0727  v 0.022  ev +0.95  adv_std 0.208  tR +1.00  ent[s/d/p/e] 0.23/0.95/1.51/0.00  emits 1.00  spf 67.8  z0 0.00  garr 70.7  tG 513  e2 0.00  nF 11.8  pS 0.31  ptS 0.30  fLog 0.53  pdΔ -0.1903  pkR 6.38  clip 0.13  kl +0.002
upd 1255  steps 2572288  sps 1238  opp symm  loss -0.054  pg -0.0568  v 0.025  ev +0.95  adv_std 0.224  tR +0.33  ent[s/d/p/e] 0.23/0.93/1.43/0.00  emits 1.00  spf 72.9  z0 0.00  garr 75.0  tG 527  e2 0.00  nF 13.1  pS 0.30  ptS 0.29  fLog 0.51  pdΔ -0.1957  pkR 7.60  clip 0.12  kl +0.003
upd 1256  steps 2574336  sps 1238  opp symm  loss -0.040  pg -0.0459  v 0.031  ev +0.93  adv_std 0.250  tR +1.00  ent[s/d/p/e] 0.22/0.84/1.47/0.00  emits 0.99  spf 82.1  z0 0.01  garr 82.9  tG 549  e2 0.00  nF 13.2  pS 0.30  ptS 0.29  fLog 0.52  pdΔ -0.2034  pkR 7.83  clip 0.09  kl +0.001
upd 1257  steps 2576384  sps 1239  opp symm  loss +0.014  pg +0.0079  v 0.032  ev +0.93  adv_std 0.256  tR +0.33  ent[s/d/p/e] 0.25/0.78/1.51/0.00  emits 0.99  spf 90.1  z0 0.01  garr 92.8  tG 595  e2 0.00  nF 13.2  pS 0.30  ptS 0.29  fLog 0.53  pdΔ -0.1991  pkR 9.41  clip 0.15  kl +0.005
upd 1258  steps 2578432  sps 1240  opp symm  loss -0.046  pg -0.0435  v 0.015  ev +0.97  adv_std 0.176  tR +1.00  ent[s/d/p/e] 0.25/0.80/1.52/0.00  emits 1.00  spf 94.2  z0 0.00  garr 97.2  tG 565  e2 0.00  nF 13.1  pS 0.29  ptS 0.28  fLog 0.53  pdΔ -0.2134  pkR 10.30  clip 0.11  kl +0.005
upd 1259  steps 2580480  sps 1240  opp symm  loss -0.051  pg -0.0498  v 0.017  ev +0.96  adv_std 0.185  tR +1.00  ent[s/d/p/e] 0.25/0.84/1.55/0.00  emits 0.98  spf 96.5  z0 0.02  garr 99.0  tG 583  e2 0.00  nF 13.3  pS 0.30  ptS 0.29  fLog 0.55  pdΔ -0.1976  pkR 8.66  clip 0.10  kl +0.005
upd 1260  steps 2582528  sps 1241  opp symm  loss -0.075  pg -0.0771  v 0.023  ev +0.95  adv_std 0.217  tR +0.60  ent[s/d/p/e] 0.23/0.88/1.45/0.00  emits 0.95  spf 93.0  z0 0.05  garr 91.7  tG 543  e2 0.00  nF 11.6  pS 0.29  ptS 0.28  fLog 0.55  pdΔ -0.2086  pkR 8.80  clip 0.16  kl +0.006
upd 1261  steps 2584576  sps 1241  opp symm  loss -0.028  pg -0.0332  v 0.030  ev +0.93  adv_std 0.251  tR -0.20  ent[s/d/p/e] 0.21/0.80/1.53/0.00  emits 0.95  spf 87.2  z0 0.05  garr 84.3  tG 507  e2 0.00  nF 10.1  pS 0.30  ptS 0.29  fLog 0.55  pdΔ -0.1988  pkR 6.66  clip 0.17  kl +0.003
upd 1262  steps 2586624  sps 1242  opp symm  loss -0.092  pg -0.0939  v 0.025  ev +0.94  adv_std 0.226  tR -0.20  ent[s/d/p/e] 0.23/0.94/1.51/0.00  emits 0.98  spf 73.7  z0 0.02  garr 79.2  tG 514  e2 0.00  nF 10.2  pS 0.32  ptS 0.30  fLog 0.54  pdΔ -0.1847  pkR 5.50  clip 0.12  kl +0.004
upd 1263  steps 2588672  sps 1243  opp symm  loss -0.002  pg -0.0049  v 0.026  ev +0.93  adv_std 0.233  tR +0.20  ent[s/d/p/e] 0.22/0.75/1.52/0.00  emits 1.00  spf 75.6  z0 0.00  garr 78.7  tG 490  e2 0.00  nF 10.6  pS 0.30  ptS 0.29  fLog 0.54  pdΔ -0.1991  pkR 5.20  clip 0.10  kl +0.002
upd 1264  steps 2590720  sps 1243  opp symm  loss -0.088  pg -0.0871  v 0.018  ev +0.96  adv_std 0.201  tR -0.60  ent[s/d/p/e] 0.22/0.75/1.55/0.00  emits 1.00  spf 78.6  z0 0.00  garr 78.7  tG 469  e2 0.00  nF 10.8  pS 0.30  ptS 0.29  fLog 0.55  pdΔ -0.1982  pkR 7.00  clip 0.09  kl +0.004
upd 1265  steps 2592768  sps 1244  opp symm  loss -0.064  pg -0.0659  v 0.022  ev +0.95  adv_std 0.210  tR +0.40  ent[s/d/p/e] 0.22/0.82/1.46/0.00  emits 1.00  spf 74.2  z0 0.00  garr 76.1  tG 498  e2 0.00  nF 11.4  pS 0.30  ptS 0.29  fLog 0.53  pdΔ -0.1969  pkR 6.12  clip 0.14  kl +0.006
upd 1266  steps 2594816  sps 1244  opp symm  loss -0.084  pg -0.0845  v 0.020  ev +0.95  adv_std 0.198  tR +0.00  ent[s/d/p/e] 0.18/0.72/1.53/0.00  emits 1.00  spf 73.6  z0 0.00  garr 72.2  tG 513  e2 0.00  nF 11.7  pS 0.32  ptS 0.29  fLog 0.54  pdΔ -0.1841  pkR 5.36  clip 0.12  kl +0.007
upd 1267  steps 2596864  sps 1245  opp symm  loss -0.085  pg -0.0840  v 0.018  ev +0.96  adv_std 0.195  tR +1.00  ent[s/d/p/e] 0.20/0.71/1.62/0.00  emits 1.00  spf 80.1  z0 0.00  garr 78.5  tG 537  e2 0.00  nF 12.1  pS 0.33  ptS 0.31  fLog 0.55  pdΔ -0.1654  pkR 6.35  clip 0.11  kl +0.004
upd 1268  steps 2598912  sps 1246  opp symm  loss -0.042  pg -0.0421  v 0.021  ev +0.94  adv_std 0.209  tR -0.43  ent[s/d/p/e] 0.19/0.78/1.61/0.00  emits 1.00  spf 88.3  z0 0.00  garr 86.6  tG 590  e2 0.00  nF 11.2  pS 0.35  ptS 0.32  fLog 0.56  pdΔ -0.1514  pkR 7.32  clip 0.17  kl +0.006
upd 1269  steps 2600960  sps 1246  opp symm  loss -0.134  pg -0.1324  v 0.016  ev +0.95  adv_std 0.180  tR +0.33  ent[s/d/p/e] 0.20/0.73/1.60/0.00  emits 1.00  spf 97.0  z0 0.00  garr 94.7  tG 642  e2 0.00  nF 9.5  pS 0.35  ptS 0.33  fLog 0.57  pdΔ -0.1504  pkR 8.00  clip 0.11  kl +0.001
upd 1270  steps 2603008  sps 1247  opp symm  loss -0.060  pg -0.0605  v 0.021  ev +0.93  adv_std 0.212  tR +0.14  ent[s/d/p/e] 0.18/0.68/1.58/0.00  emits 0.99  spf 118.1  z0 0.01  garr 107.3  tG 712  e2 0.00  nF 9.2  pS 0.35  ptS 0.32  fLog 0.58  pdΔ -0.1545  pkR 8.18  clip 0.12  kl +0.005
upd 1271  steps 2605056  sps 1247  opp symm  loss -0.085  pg -0.0806  v 0.012  ev +0.96  adv_std 0.153  tR +0.00  ent[s/d/p/e] 0.19/0.60/1.64/0.00  emits 1.00  spf 122.2  z0 0.00  garr 113.7  tG 739  e2 0.00  nF 9.0  pS 0.35  ptS 0.32  fLog 0.59  pdΔ -0.1507  pkR 9.08  clip 0.11  kl +0.003
upd 1272  steps 2607104  sps 1248  opp symm  loss -0.057  pg -0.0536  v 0.014  ev +0.95  adv_std 0.165  tR +0.33  ent[s/d/p/e] 0.18/0.64/1.67/0.00  emits 1.00  spf 132.4  z0 0.00  garr 121.2  tG 812  e2 0.00  nF 9.4  pS 0.37  ptS 0.34  fLog 0.60  pdΔ -0.1339  pkR 9.34  clip 0.10  kl +0.003
upd 1273  steps 2609152  sps 1249  opp symm  loss -0.065  pg -0.0621  v 0.015  ev +0.94  adv_std 0.172  tR +1.00  ent[s/d/p/e] 0.19/0.52/1.70/0.00  emits 0.98  spf 132.9  z0 0.02  garr 124.6  tG 829  e2 0.00  nF 8.7  pS 0.36  ptS 0.34  fLog 0.61  pdΔ -0.1381  pkR 10.24  clip 0.21  kl +0.012
upd 1274  steps 2611200  sps 1249  opp symm  loss -0.066  pg -0.0645  v 0.017  ev +0.95  adv_std 0.190  tR +0.00  ent[s/d/p/e] 0.20/0.52/1.69/0.00  emits 0.99  spf 137.7  z0 0.01  garr 127.4  tG 859  e2 0.00  nF 8.8  pS 0.36  ptS 0.33  fLog 0.60  pdΔ -0.1443  pkR 10.93  clip 0.14  kl +0.006
upd 1275  steps 2613248  sps 1250  opp symm  loss -0.036  pg -0.0342  v 0.015  ev +0.96  adv_std 0.174  tR +0.60  ent[s/d/p/e] 0.19/0.50/1.62/0.00  emits 1.00  spf 142.3  z0 0.00  garr 135.9  tG 902  e2 0.00  nF 9.7  pS 0.35  ptS 0.33  fLog 0.59  pdΔ -0.1497  pkR 10.89  clip 0.13  kl +0.005
upd 1276  steps 2615296  sps 1250  opp symm  loss +0.002  pg -0.0090  v 0.041  ev +0.87  adv_std 0.286  tR -0.20  ent[s/d/p/e] 0.20/0.52/1.64/0.00  emits 1.00  spf 146.0  z0 0.00  garr 135.3  tG 896  e2 0.00  nF 9.8  pS 0.35  ptS 0.32  fLog 0.58  pdΔ -0.1516  pkR 10.60  clip 0.18  kl +0.006
upd 1277  steps 2617344  sps 1251  opp symm  loss -0.001  pg -0.0028  v 0.022  ev +0.92  adv_std 0.209  tR +0.60  ent[s/d/p/e] 0.18/0.56/1.65/0.00  emits 1.00  spf 135.7  z0 0.00  garr 127.2  tG 854  e2 0.00  nF 9.2  pS 0.34  ptS 0.32  fLog 0.58  pdΔ -0.1602  pkR 10.98  clip 0.13  kl +0.006
upd 1278  steps 2619392  sps 1252  opp symm  loss -0.043  pg -0.0387  v 0.011  ev +0.96  adv_std 0.152  tR +1.00  ent[s/d/p/e] 0.19/0.52/1.74/0.00  emits 1.00  spf 114.5  z0 0.00  garr 107.7  tG 732  e2 0.00  nF 8.4  pS 0.35  ptS 0.32  fLog 0.59  pdΔ -0.1520  pkR 7.90  clip 0.15  kl +0.006
upd 1279  steps 2621440  sps 1252  opp symm  loss -0.039  pg -0.0435  v 0.028  ev +0.91  adv_std 0.243  tR +0.33  ent[s/d/p/e] 0.20/0.57/1.70/0.00  emits 1.00  spf 110.9  z0 0.00  garr 98.8  tG 728  e2 0.00  nF 8.3  pS 0.36  ptS 0.34  fLog 0.59  pdΔ -0.1361  pkR 6.80  clip 0.18  kl +0.006
upd 1280  steps 2623488  sps 1253  opp symm  loss -0.084  pg -0.0812  v 0.014  ev +0.95  adv_std 0.167  tR +0.33  ent[s/d/p/e] 0.20/0.59/1.69/0.00  emits 1.00  spf 100.4  z0 0.00  garr 95.4  tG 737  e2 0.00  nF 8.6  pS 0.37  ptS 0.35  fLog 0.59  pdΔ -0.1279  pkR 6.33  clip 0.10  kl +0.004
upd 1281  steps 2625536  sps 1253  opp symm  loss -0.077  pg -0.0773  v 0.021  ev +0.94  adv_std 0.205  tR +0.50  ent[s/d/p/e] 0.19/0.63/1.63/0.00  emits 0.99  spf 88.1  z0 0.01  garr 84.0  tG 691  e2 0.00  nF 8.1  pS 0.36  ptS 0.35  fLog 0.58  pdΔ -0.1388  pkR 5.79  clip 0.12  kl +0.002
upd 1282  steps 2627584  sps 1254  opp symm  loss -0.019  pg -0.0188  v 0.021  ev +0.94  adv_std 0.206  tR +1.00  ent[s/d/p/e] 0.19/0.63/1.74/0.00  emits 0.98  spf 87.4  z0 0.02  garr 79.8  tG 679  e2 0.00  nF 8.5  pS 0.38  ptS 0.36  fLog 0.58  pdΔ -0.1204  pkR 6.10  clip 0.11  kl +0.001
upd 1283  steps 2629632  sps 1255  opp symm  loss -0.011  pg -0.0147  v 0.029  ev +0.92  adv_std 0.244  tR -1.00  ent[s/d/p/e] 0.22/0.58/1.73/0.00  emits 0.99  spf 87.7  z0 0.01  garr 84.1  tG 699  e2 0.00  nF 9.0  pS 0.39  ptS 0.37  fLog 0.58  pdΔ -0.1116  pkR 5.32  clip 0.16  kl +0.009
upd 1284  steps 2631680  sps 1255  opp symm  loss -0.090  pg -0.0884  v 0.017  ev +0.96  adv_std 0.186  tR +0.67  ent[s/d/p/e] 0.22/0.60/1.66/0.00  emits 1.00  spf 84.3  z0 0.00  garr 82.3  tG 673  e2 0.00  nF 8.3  pS 0.37  ptS 0.36  fLog 0.57  pdΔ -0.1278  pkR 5.15  clip 0.12  kl +0.003
upd 1285  steps 2633728  sps 1256  opp symm  loss -0.082  pg -0.0828  v 0.020  ev +0.95  adv_std 0.203  tR +0.60  ent[s/d/p/e] 0.23/0.64/1.52/0.00  emits 1.00  spf 82.6  z0 0.00  garr 77.1  tG 630  e2 0.00  nF 9.3  pS 0.35  ptS 0.34  fLog 0.53  pdΔ -0.1462  pkR 7.11  clip 0.11  kl +0.001
upd 1286  steps 2635776  sps 1256  opp symm  loss -0.039  pg -0.0426  v 0.025  ev +0.94  adv_std 0.229  tR +0.50  ent[s/d/p/e] 0.22/0.66/1.50/0.00  emits 1.00  spf 58.4  z0 0.00  garr 56.5  tG 515  e2 0.00  nF 10.3  pS 0.33  ptS 0.32  fLog 0.51  pdΔ -0.1680  pkR 9.73  clip 0.16  kl +0.010
upd 1287  steps 2637824  sps 1257  opp symm  loss -0.065  pg -0.0682  v 0.024  ev +0.94  adv_std 0.221  tR +0.50  ent[s/d/p/e] 0.21/0.68/1.45/0.00  emits 1.00  spf 49.8  z0 0.00  garr 49.5  tG 491  e2 0.00  nF 11.1  pS 0.32  ptS 0.30  fLog 0.50  pdΔ -0.1787  pkR 11.89  clip 0.19  kl +0.010
upd 1288  steps 2639872  sps 1257  opp symm  loss -0.125  pg -0.1286  v 0.026  ev +0.95  adv_std 0.231  tR +0.50  ent[s/d/p/e] 0.21/0.73/1.43/0.00  emits 1.00  spf 49.5  z0 0.00  garr 48.4  tG 472  e2 0.00  nF 11.4  pS 0.32  ptS 0.30  fLog 0.50  pdΔ -0.1801  pkR 12.04  clip 0.19  kl +0.006
upd 1289  steps 2641920  sps 1258  opp symm  loss -0.086  pg -0.0875  v 0.021  ev +0.96  adv_std 0.202  tR +1.00  ent[s/d/p/e] 0.21/0.75/1.38/0.00  emits 0.98  spf 46.2  z0 0.02  garr 44.0  tG 392  e2 0.00  nF 11.1  pS 0.30  ptS 0.28  fLog 0.48  pdΔ -0.1983  pkR 6.67  clip 0.15  kl +0.000
upd 1290  steps 2643968  sps 1259  opp symm  loss -0.089  pg -0.0910  v 0.022  ev +0.95  adv_std 0.212  tR -0.20  ent[s/d/p/e] 0.22/0.81/1.39/0.00  emits 0.99  spf 43.1  z0 0.01  garr 41.0  tG 370  e2 0.00  nF 13.1  pS 0.31  ptS 0.29  fLog 0.47  pdΔ -0.1918  pkR 6.32  clip 0.14  kl +0.001
upd 1291  steps 2646016  sps 1259  opp symm  loss -0.111  pg -0.1145  v 0.024  ev +0.95  adv_std 0.212  tR +1.00  ent[s/d/p/e] 0.21/0.82/1.35/0.00  emits 0.99  spf 36.6  z0 0.01  garr 34.5  tG 315  e2 0.00  nF 14.0  pS 0.28  ptS 0.27  fLog 0.45  pdΔ -0.2153  pkR 6.83  clip 0.12  kl +0.000
upd 1292  steps 2648064  sps 1260  opp symm  loss -0.090  pg -0.0941  v 0.025  ev +0.95  adv_std 0.223  tR -0.33  ent[s/d/p/e] 0.20/0.77/1.36/0.00  emits 0.99  spf 36.9  z0 0.01  garr 33.8  tG 294  e2 0.00  nF 13.6  pS 0.28  ptS 0.27  fLog 0.45  pdΔ -0.2226  pkR 7.18  clip 0.14  kl +0.005
upd 1293  steps 2650112  sps 1260  opp symm  loss -0.128  pg -0.1283  v 0.017  ev +0.97  adv_std 0.176  tR +0.50  ent[s/d/p/e] 0.20/0.73/1.34/0.00  emits 1.00  spf 37.8  z0 0.00  garr 35.6  tG 305  e2 0.00  nF 13.7  pS 0.27  ptS 0.26  fLog 0.44  pdΔ -0.2309  pkR 7.14  clip 0.09  kl +0.002
upd 1294  steps 2652160  sps 1261  opp symm  loss -0.086  pg -0.0902  v 0.026  ev +0.95  adv_std 0.223  tR +0.14  ent[s/d/p/e] 0.20/0.84/1.32/0.00  emits 1.00  spf 40.8  z0 0.00  garr 38.3  tG 321  e2 0.00  nF 14.3  pS 0.26  ptS 0.25  fLog 0.44  pdΔ -0.2441  pkR 7.57  clip 0.09  kl +0.004
upd 1295  steps 2654208  sps 1262  opp symm  loss -0.086  pg -0.0922  v 0.030  ev +0.94  adv_std 0.241  tR -0.50  ent[s/d/p/e] 0.19/0.84/1.36/0.00  emits 1.00  spf 45.1  z0 0.00  garr 41.4  tG 344  e2 0.00  nF 15.0  pS 0.26  ptS 0.25  fLog 0.44  pdΔ -0.2407  pkR 7.86  clip 0.10  kl +0.003
upd 1296  steps 2656256  sps 1262  opp symm  loss -0.101  pg -0.1060  v 0.028  ev +0.94  adv_std 0.236  tR +0.33  ent[s/d/p/e] 0.19/0.92/1.35/0.00  emits 1.00  spf 45.1  z0 0.00  garr 40.3  tG 328  e2 0.00  nF 15.5  pS 0.25  ptS 0.25  fLog 0.44  pdΔ -0.2467  pkR 8.43  clip 0.09  kl +0.003
upd 1297  steps 2658304  sps 1263  opp symm  loss -0.136  pg -0.1371  v 0.020  ev +0.96  adv_std 0.193  tR +1.00  ent[s/d/p/e] 0.23/0.93/1.33/0.00  emits 1.00  spf 43.4  z0 0.00  garr 39.9  tG 311  e2 0.00  nF 15.5  pS 0.26  ptS 0.26  fLog 0.44  pdΔ -0.2448  pkR 9.21  clip 0.13  kl +0.001
upd 1298  steps 2660352  sps 1263  opp symm  loss -0.093  pg -0.0959  v 0.023  ev +0.95  adv_std 0.217  tR +1.00  ent[s/d/p/e] 0.24/0.90/1.31/0.00  emits 1.00  spf 47.5  z0 0.00  garr 45.5  tG 356  e2 0.00  nF 14.7  pS 0.27  ptS 0.27  fLog 0.45  pdΔ -0.2283  pkR 9.21  clip 0.11  kl +0.003
[eval_vs_v20] u1299 tag=train_u1299  bin0=0.0%  spf=0.00  garr=128.50  flip=0.00%  z0=72.3%  e8=0.0%  e2+=0.0%  WLD=0/3/0
upd 1299  steps 2662400  sps 1264  opp symm  loss -0.122  pg -0.1243  v 0.023  ev +0.96  adv_std 0.216  tR -0.14  ent[s/d/p/e] 0.23/0.90/1.36/0.00  emits 0.98  spf 50.8  z0 0.02  garr 48.2  tG 389  e2 0.00  nF 14.3  pS 0.28  ptS 0.27  fLog 0.46  pdΔ -0.2224  pkR 9.54  clip 0.08  kl +0.003 WRr 0.53 v20[spf 0.0 flip 0.0% e2+ 0.0%]
upd 1300  steps 2664448  sps 1205  opp symm  loss -0.095  pg -0.0985  v 0.026  ev +0.95  adv_std 0.226  tR -0.33  ent[s/d/p/e] 0.22/1.02/1.36/0.00  emits 0.96  spf 50.5  z0 0.04  garr 44.9  tG 383  e2 0.00  nF 14.2  pS 0.29  ptS 0.29  fLog 0.47  pdΔ -0.2052  pkR 7.58  clip 0.09  kl +0.001
upd 1301  steps 2666496  sps 1206  opp symm  loss -0.163  pg -0.1657  v 0.023  ev +0.96  adv_std 0.208  tR +0.00  ent[s/d/p/e] 0.20/1.01/1.26/0.00  emits 0.99  spf 47.2  z0 0.01  garr 42.7  tG 371  e2 0.00  nF 13.8  pS 0.30  ptS 0.29  fLog 0.46  pdΔ -0.1999  pkR 7.48  clip 0.11  kl +0.001
upd 1302  steps 2668544  sps 1206  opp symm  loss -0.036  pg -0.0410  v 0.028  ev +0.94  adv_std 0.242  tR +0.50  ent[s/d/p/e] 0.19/0.89/1.27/0.00  emits 0.99  spf 43.9  z0 0.01  garr 42.3  tG 383  e2 0.00  nF 13.7  pS 0.31  ptS 0.30  fLog 0.46  pdΔ -0.1931  pkR 6.09  clip 0.14  kl +0.001
upd 1303  steps 2670592  sps 1207  opp symm  loss -0.178  pg -0.1803  v 0.022  ev +0.96  adv_std 0.200  tR -0.20  ent[s/d/p/e] 0.17/0.88/1.36/0.00  emits 0.99  spf 53.8  z0 0.01  garr 48.9  tG 465  e2 0.00  nF 12.9  pS 0.32  ptS 0.31  fLog 0.48  pdΔ -0.1767  pkR 5.88  clip 0.10  kl +0.005
upd 1304  steps 2672640  sps 1208  opp symm  loss -0.113  pg -0.1180  v 0.028  ev +0.94  adv_std 0.235  tR -0.33  ent[s/d/p/e] 0.16/0.86/1.34/0.00  emits 0.99  spf 57.0  z0 0.01  garr 51.0  tG 481  e2 0.00  nF 12.9  pS 0.32  ptS 0.31  fLog 0.48  pdΔ -0.1763  pkR 6.69  clip 0.11  kl +0.004
upd 1305  steps 2674688  sps 1208  opp symm  loss -0.055  pg -0.0578  v 0.025  ev +0.95  adv_std 0.225  tR +0.50  ent[s/d/p/e] 0.19/0.78/1.46/0.00  emits 0.97  spf 61.9  z0 0.03  garr 52.7  tG 478  e2 0.00  nF 12.9  pS 0.34  ptS 0.32  fLog 0.51  pdΔ -0.1647  pkR 7.73  clip 0.09  kl +0.003
upd 1306  steps 2676736  sps 1209  opp symm  loss -0.082  pg -0.0853  v 0.025  ev +0.95  adv_std 0.226  tR +0.00  ent[s/d/p/e] 0.19/0.70/1.47/0.00  emits 0.98  spf 61.4  z0 0.02  garr 55.1  tG 499  e2 0.00  nF 12.0  pS 0.34  ptS 0.33  fLog 0.51  pdΔ -0.1576  pkR 8.27  clip 0.12  kl +0.004
upd 1307  steps 2678784  sps 1209  opp symm  loss -0.012  pg -0.0129  v 0.020  ev +0.95  adv_std 0.206  tR -0.33  ent[s/d/p/e] 0.25/0.66/1.52/0.00  emits 0.97  spf 60.1  z0 0.03  garr 52.7  tG 502  e2 0.00  nF 11.7  pS 0.36  ptS 0.34  fLog 0.52  pdΔ -0.1415  pkR 6.93  clip 0.12  kl +0.002
upd 1308  steps 2680832  sps 1210  opp symm  loss -0.001  pg +0.0021  v 0.013  ev +0.97  adv_std 0.166  tR +0.00  ent[s/d/p/e] 0.24/0.64/1.53/0.00  emits 0.97  spf 56.8  z0 0.03  garr 51.9  tG 499  e2 0.00  nF 10.3  pS 0.36  ptS 0.34  fLog 0.54  pdΔ -0.1435  pkR 5.02  clip 0.13  kl +0.001
upd 1309  steps 2682880  sps 1210  opp symm  loss -0.077  pg -0.0735  v 0.012  ev +0.97  adv_std 0.155  tR +0.00  ent[s/d/p/e] 0.22/0.58/1.62/0.00  emits 0.98  spf 56.7  z0 0.02  garr 52.2  tG 507  e2 0.00  nF 9.9  pS 0.34  ptS 0.33  fLog 0.54  pdΔ -0.1574  pkR 5.73  clip 0.12  kl +0.007
upd 1310  steps 2684928  sps 1211  opp symm  loss -0.066  pg -0.0634  v 0.015  ev +0.96  adv_std 0.175  tR -0.33  ent[s/d/p/e] 0.23/0.65/1.64/0.00  emits 0.99  spf 59.3  z0 0.01  garr 54.8  tG 521  e2 0.00  nF 10.4  pS 0.35  ptS 0.34  fLog 0.55  pdΔ -0.1473  pkR 5.11  clip 0.13  kl +0.002
upd 1311  steps 2686976  sps 1212  opp symm  loss -0.014  pg -0.0133  v 0.018  ev +0.96  adv_std 0.193  tR +0.33  ent[s/d/p/e] 0.21/0.65/1.64/0.00  emits 1.00  spf 65.7  z0 0.00  garr 61.7  tG 604  e2 0.00  nF 10.8  pS 0.37  ptS 0.35  fLog 0.55  pdΔ -0.1345  pkR 6.05  clip 0.18  kl +0.009
upd 1312  steps 2689024  sps 1212  opp symm  loss -0.058  pg -0.0535  v 0.011  ev +0.97  adv_std 0.146  tR +0.50  ent[s/d/p/e] 0.24/0.63/1.59/0.00  emits 1.00  spf 67.1  z0 0.00  garr 64.0  tG 631  e2 0.00  nF 11.3  pS 0.37  ptS 0.35  fLog 0.55  pdΔ -0.1314  pkR 5.94  clip 0.17  kl +0.003
upd 1313  steps 2691072  sps 1213  opp symm  loss -0.052  pg -0.0468  v 0.010  ev +0.98  adv_std 0.145  tR +0.50  ent[s/d/p/e] 0.24/0.63/1.68/0.00  emits 0.98  spf 71.1  z0 0.02  garr 65.5  tG 638  e2 0.00  nF 11.4  pS 0.38  ptS 0.36  fLog 0.57  pdΔ -0.1198  pkR 4.91  clip 0.12  kl +0.003
upd 1314  steps 2693120  sps 1213  opp symm  loss -0.099  pg -0.0989  v 0.018  ev +0.96  adv_std 0.196  tR +0.00  ent[s/d/p/e] 0.22/0.75/1.57/0.00  emits 0.99  spf 67.8  z0 0.01  garr 63.1  tG 609  e2 0.00  nF 10.6  pS 0.37  ptS 0.35  fLog 0.55  pdΔ -0.1270  pkR 5.04  clip 0.16  kl +0.005
upd 1315  steps 2695168  sps 1214  opp symm  loss -0.051  pg -0.0534  v 0.023  ev +0.95  adv_std 0.220  tR +1.00  ent[s/d/p/e] 0.20/0.69/1.59/0.00  emits 1.00  spf 64.0  z0 0.00  garr 60.2  tG 559  e2 0.00  nF 11.0  pS 0.35  ptS 0.33  fLog 0.54  pdΔ -0.1481  pkR 5.97  clip 0.14  kl +0.004
upd 1316  steps 2697216  sps 1214  opp symm  loss -0.079  pg -0.0829  v 0.027  ev +0.94  adv_std 0.236  tR +0.00  ent[s/d/p/e] 0.20/0.74/1.57/0.00  emits 1.00  spf 63.2  z0 0.00  garr 60.9  tG 536  e2 0.00  nF 11.3  pS 0.34  ptS 0.32  fLog 0.53  pdΔ -0.1648  pkR 7.19  clip 0.14  kl +0.003
upd 1317  steps 2699264  sps 1215  opp symm  loss -0.159  pg -0.1594  v 0.019  ev +0.96  adv_std 0.189  tR +0.00  ent[s/d/p/e] 0.17/0.75/1.49/0.00  emits 1.00  spf 56.2  z0 0.00  garr 52.4  tG 463  e2 0.00  nF 12.5  pS 0.33  ptS 0.31  fLog 0.51  pdΔ -0.1729  pkR 7.83  clip 0.10  kl +0.005
upd 1318  steps 2701312  sps 1216  opp symm  loss -0.169  pg -0.1688  v 0.018  ev +0.96  adv_std 0.192  tR +0.00  ent[s/d/p/e] 0.18/0.77/1.47/0.00  emits 1.00  spf 56.4  z0 0.00  garr 52.7  tG 468  e2 0.00  nF 13.8  pS 0.32  ptS 0.31  fLog 0.51  pdΔ -0.1755  pkR 5.63  clip 0.08  kl +0.008
upd 1319  steps 2703360  sps 1216  opp symm  loss -0.138  pg -0.1401  v 0.022  ev +0.96  adv_std 0.208  tR +0.50  ent[s/d/p/e] 0.20/0.83/1.41/0.00  emits 1.00  spf 60.2  z0 0.00  garr 57.0  tG 484  e2 0.00  nF 14.5  pS 0.31  ptS 0.30  fLog 0.50  pdΔ -0.1877  pkR 6.13  clip 0.10  kl +0.002
upd 1320  steps 2705408  sps 1217  opp symm  loss -0.057  pg -0.0613  v 0.028  ev +0.94  adv_std 0.241  tR -0.33  ent[s/d/p/e] 0.19/0.77/1.43/0.00  emits 1.00  spf 61.7  z0 0.00  garr 61.8  tG 500  e2 0.00  nF 14.7  pS 0.31  ptS 0.29  fLog 0.50  pdΔ -0.1911  pkR 6.46  clip 0.16  kl +0.009
upd 1321  steps 2707456  sps 1217  opp symm  loss -0.079  pg -0.0825  v 0.025  ev +0.95  adv_std 0.228  tR +0.33  ent[s/d/p/e] 0.19/0.74/1.47/0.00  emits 1.00  spf 70.8  z0 0.00  garr 67.4  tG 521  e2 0.00  nF 13.8  pS 0.30  ptS 0.29  fLog 0.50  pdΔ -0.1974  pkR 6.21  clip 0.12  kl +0.007
upd 1322  steps 2709504  sps 1218  opp symm  loss -0.070  pg -0.0749  v 0.028  ev +0.93  adv_std 0.237  tR +0.71  ent[s/d/p/e] 0.20/0.73/1.50/0.00  emits 0.99  spf 69.9  z0 0.01  garr 65.6  tG 466  e2 0.00  nF 12.6  pS 0.29  ptS 0.28  fLog 0.51  pdΔ -0.2113  pkR 7.44  clip 0.08  kl +0.004
upd 1323  steps 2711552  sps 1218  opp symm  loss -0.088  pg -0.0863  v 0.016  ev +0.96  adv_std 0.180  tR +1.00  ent[s/d/p/e] 0.21/0.70/1.59/0.00  emits 0.96  spf 75.6  z0 0.04  garr 71.9  tG 528  e2 0.00  nF 12.7  pS 0.30  ptS 0.29  fLog 0.53  pdΔ -0.1993  pkR 7.63  clip 0.10  kl +0.001
upd 1324  steps 2713600  sps 1219  opp symm  loss -0.101  pg -0.1044  v 0.024  ev +0.95  adv_std 0.219  tR -0.33  ent[s/d/p/e] 0.15/0.74/1.48/0.00  emits 0.98  spf 84.8  z0 0.02  garr 76.7  tG 548  e2 0.00  nF 12.3  pS 0.29  ptS 0.28  fLog 0.53  pdΔ -0.2120  pkR 8.40  clip 0.10  kl +0.002
upd 1325  steps 2715648  sps 1220  opp symm  loss -0.109  pg -0.1096  v 0.018  ev +0.96  adv_std 0.196  tR -1.00  ent[s/d/p/e] 0.17/0.70/1.47/0.00  emits 0.98  spf 87.9  z0 0.02  garr 84.3  tG 616  e2 0.00  nF 12.9  pS 0.30  ptS 0.29  fLog 0.53  pdΔ -0.2008  pkR 8.10  clip 0.08  kl +0.003
upd 1326  steps 2717696  sps 1220  opp symm  loss -0.025  pg -0.0302  v 0.031  ev +0.92  adv_std 0.252  tR -0.50  ent[s/d/p/e] 0.21/0.70/1.58/0.00  emits 1.00  spf 87.9  z0 0.00  garr 85.7  tG 644  e2 0.00  nF 12.9  pS 0.33  ptS 0.32  fLog 0.55  pdΔ -0.1714  pkR 6.11  clip 0.10  kl +0.004
upd 1327  steps 2719744  sps 1221  opp symm  loss -0.134  pg -0.1311  v 0.015  ev +0.96  adv_std 0.176  tR +1.00  ent[s/d/p/e] 0.20/0.84/1.61/0.00  emits 1.00  spf 81.9  z0 0.00  garr 80.9  tG 645  e2 0.00  nF 12.3  pS 0.35  ptS 0.33  fLog 0.55  pdΔ -0.1495  pkR 5.26  clip 0.11  kl +0.004
upd 1328  steps 2721792  sps 1221  opp symm  loss -0.075  pg -0.0751  v 0.019  ev +0.96  adv_std 0.199  tR +1.00  ent[s/d/p/e] 0.20/0.78/1.55/0.00  emits 1.00  spf 76.2  z0 0.00  garr 73.7  tG 629  e2 0.00  nF 11.5  pS 0.35  ptS 0.33  fLog 0.55  pdΔ -0.1506  pkR 6.84  clip 0.17  kl +0.005
upd 1329  steps 2723840  sps 1222  opp symm  loss -0.073  pg -0.0747  v 0.022  ev +0.95  adv_std 0.207  tR -0.14  ent[s/d/p/e] 0.20/0.82/1.48/0.00  emits 1.00  spf 84.0  z0 0.00  garr 80.9  tG 695  e2 0.00  nF 11.0  pS 0.35  ptS 0.34  fLog 0.54  pdΔ -0.1488  pkR 7.29  clip 0.11  kl +0.006
upd 1330  steps 2725888  sps 1222  opp symm  loss -0.083  pg -0.0858  v 0.025  ev +0.93  adv_std 0.229  tR +0.67  ent[s/d/p/e] 0.19/0.72/1.52/0.00  emits 1.00  spf 94.3  z0 0.00  garr 92.0  tG 776  e2 0.00  nF 10.5  pS 0.35  ptS 0.33  fLog 0.54  pdΔ -0.1527  pkR 7.82  clip 0.18  kl +0.013
upd 1331  steps 2727936  sps 1223  opp symm  loss -0.026  pg -0.0285  v 0.024  ev +0.94  adv_std 0.218  tR +0.33  ent[s/d/p/e] 0.18/0.71/1.56/0.00  emits 0.97  spf 113.2  z0 0.03  garr 98.1  tG 795  e2 0.00  nF 10.2  pS 0.33  ptS 0.31  fLog 0.55  pdΔ -0.1685  pkR 8.58  clip 0.13  kl +0.006
upd 1332  steps 2729984  sps 1224  opp symm  loss -0.192  pg -0.1907  v 0.016  ev +0.96  adv_std 0.189  tR +0.00  ent[s/d/p/e] 0.17/0.82/1.53/0.00  emits 0.97  spf 102.9  z0 0.03  garr 91.8  tG 712  e2 0.00  nF 10.7  pS 0.31  ptS 0.30  fLog 0.53  pdΔ -0.1877  pkR 10.47  clip 0.11  kl +0.006
upd 1333  steps 2732032  sps 1224  opp symm  loss -0.164  pg -0.1647  v 0.021  ev +0.95  adv_std 0.207  tR +0.00  ent[s/d/p/e] 0.17/0.89/1.45/0.00  emits 0.98  spf 108.0  z0 0.02  garr 94.5  tG 712  e2 0.00  nF 12.0  pS 0.29  ptS 0.28  fLog 0.51  pdΔ -0.2117  pkR 11.95  clip 0.15  kl +0.006
upd 1334  steps 2734080  sps 1225  opp symm  loss -0.106  pg -0.1097  v 0.027  ev +0.94  adv_std 0.233  tR -0.50  ent[s/d/p/e] 0.19/0.88/1.55/0.00  emits 0.99  spf 106.6  z0 0.01  garr 98.4  tG 731  e2 0.00  nF 12.5  pS 0.30  ptS 0.29  fLog 0.52  pdΔ -0.1987  pkR 12.91  clip 0.13  kl +0.003
upd 1335  steps 2736128  sps 1225  opp symm  loss -0.168  pg -0.1706  v 0.025  ev +0.95  adv_std 0.216  tR -0.33  ent[s/d/p/e] 0.18/0.96/1.45/0.00  emits 1.00  spf 107.0  z0 0.00  garr 102.6  tG 760  e2 0.00  nF 13.1  pS 0.30  ptS 0.29  fLog 0.50  pdΔ -0.1986  pkR 13.57  clip 0.20  kl +0.007
upd 1336  steps 2738176  sps 1226  opp symm  loss -0.108  pg -0.1110  v 0.024  ev +0.95  adv_std 0.220  tR +0.00  ent[s/d/p/e] 0.19/0.91/1.49/0.00  emits 0.99  spf 113.2  z0 0.01  garr 107.9  tG 787  e2 0.00  nF 13.0  pS 0.30  ptS 0.29  fLog 0.50  pdΔ -0.2001  pkR 14.00  clip 0.16  kl -0.001
upd 1337  steps 2740224  sps 1226  opp symm  loss -0.106  pg -0.1091  v 0.025  ev +0.94  adv_std 0.225  tR -0.11  ent[s/d/p/e] 0.16/0.88/1.45/0.00  emits 0.99  spf 92.3  z0 0.01  garr 87.4  tG 630  e2 0.00  nF 12.3  pS 0.30  ptS 0.29  fLog 0.50  pdΔ -0.2044  pkR 17.43  clip 0.14  kl +0.005
upd 1338  steps 2742272  sps 1227  opp symm  loss -0.068  pg -0.0713  v 0.027  ev +0.93  adv_std 0.234  tR +1.00  ent[s/d/p/e] 0.19/0.81/1.52/0.00  emits 0.98  spf 80.0  z0 0.02  garr 78.5  tG 554  e2 0.00  nF 12.2  pS 0.29  ptS 0.28  fLog 0.51  pdΔ -0.2112  pkR 9.06  clip 0.13  kl +0.010
upd 1339  steps 2744320  sps 1227  opp symm  loss -0.105  pg -0.1033  v 0.017  ev +0.96  adv_std 0.187  tR +0.00  ent[s/d/p/e] 0.20/0.81/1.57/0.00  emits 0.99  spf 92.3  z0 0.01  garr 83.6  tG 587  e2 0.00  nF 12.1  pS 0.31  ptS 0.30  fLog 0.54  pdΔ -0.1913  pkR 9.45  clip 0.11  kl +0.003
upd 1340  steps 2746368  sps 1228  opp symm  loss -0.096  pg -0.0952  v 0.018  ev +0.95  adv_std 0.197  tR +0.33  ent[s/d/p/e] 0.22/0.85/1.60/0.00  emits 1.00  spf 90.4  z0 0.00  garr 87.5  tG 614  e2 0.00  nF 12.1  pS 0.33  ptS 0.32  fLog 0.54  pdΔ -0.1738  pkR 9.92  clip 0.14  kl +0.003
upd 1341  steps 2748416  sps 1229  opp symm  loss -0.044  pg -0.0432  v 0.017  ev +0.95  adv_std 0.188  tR +0.33  ent[s/d/p/e] 0.20/0.74/1.58/0.00  emits 1.00  spf 88.4  z0 0.00  garr 92.4  tG 609  e2 0.00  nF 11.8  pS 0.32  ptS 0.32  fLog 0.54  pdΔ -0.1798  pkR 10.03  clip 0.22  kl +0.006
upd 1342  steps 2750464  sps 1229  opp symm  loss -0.067  pg -0.0650  v 0.016  ev +0.96  adv_std 0.178  tR +0.20  ent[s/d/p/e] 0.20/0.66/1.66/0.00  emits 0.99  spf 91.2  z0 0.01  garr 89.1  tG 593  e2 0.00  nF 11.1  pS 0.32  ptS 0.31  fLog 0.55  pdΔ -0.1795  pkR 7.67  clip 0.11  kl +0.004
upd 1343  steps 2752512  sps 1230  opp symm  loss -0.097  pg -0.0972  v 0.020  ev +0.95  adv_std 0.207  tR +1.00  ent[s/d/p/e] 0.21/0.72/1.61/0.00  emits 0.98  spf 95.5  z0 0.02  garr 91.0  tG 610  e2 0.00  nF 11.2  pS 0.32  ptS 0.31  fLog 0.55  pdΔ -0.1804  pkR 8.71  clip 0.14  kl +0.006
upd 1344  steps 2754560  sps 1230  opp symm  loss -0.088  pg -0.0856  v 0.014  ev +0.97  adv_std 0.174  tR +0.20  ent[s/d/p/e] 0.21/0.65/1.66/0.00  emits 0.97  spf 93.6  z0 0.03  garr 84.1  tG 606  e2 0.00  nF 10.4  pS 0.33  ptS 0.32  fLog 0.55  pdΔ -0.1671  pkR 10.06  clip 0.12  kl +0.003
upd 1345  steps 2756608  sps 1231  opp symm  loss -0.072  pg -0.0727  v 0.021  ev +0.95  adv_std 0.208  tR +0.14  ent[s/d/p/e] 0.20/0.69/1.59/0.00  emits 0.98  spf 90.0  z0 0.02  garr 83.9  tG 612  e2 0.00  nF 9.2  pS 0.34  ptS 0.32  fLog 0.54  pdΔ -0.1618  pkR 11.35  clip 0.12  kl +0.006
upd 1346  steps 2758656  sps 1231  opp symm  loss -0.072  pg -0.0708  v 0.017  ev +0.96  adv_std 0.187  tR +0.71  ent[s/d/p/e] 0.18/0.71/1.55/0.00  emits 0.99  spf 87.0  z0 0.01  garr 82.8  tG 589  e2 0.00  nF 10.6  pS 0.33  ptS 0.31  fLog 0.52  pdΔ -0.1683  pkR 13.27  clip 0.17  kl +0.012
upd 1347  steps 2760704  sps 1232  opp symm  loss -0.121  pg -0.1209  v 0.018  ev +0.96  adv_std 0.189  tR -0.60  ent[s/d/p/e] 0.18/0.77/1.49/0.00  emits 0.99  spf 94.6  z0 0.01  garr 89.6  tG 646  e2 0.00  nF 10.8  pS 0.32  ptS 0.30  fLog 0.52  pdΔ -0.1781  pkR 13.45  clip 0.11  kl +0.002
upd 1348  steps 2762752  sps 1233  opp symm  loss -0.148  pg -0.1470  v 0.017  ev +0.96  adv_std 0.186  tR +0.20  ent[s/d/p/e] 0.16/0.86/1.46/0.00  emits 1.00  spf 100.7  z0 0.00  garr 96.3  tG 707  e2 0.00  nF 10.8  pS 0.32  ptS 0.30  fLog 0.52  pdΔ -0.1766  pkR 13.28  clip 0.14  kl +0.006
upd 1349  steps 2764800  sps 1233  opp symm  loss -0.090  pg -0.0910  v 0.022  ev +0.95  adv_std 0.216  tR +0.60  ent[s/d/p/e] 0.19/0.77/1.55/0.00  emits 0.99  spf 97.3  z0 0.01  garr 91.0  tG 713  e2 0.00  nF 11.2  pS 0.34  ptS 0.32  fLog 0.53  pdΔ -0.1636  pkR 14.35  clip 0.14  kl +0.005
upd 1350  steps 2766848  sps 1234  opp symm  loss -0.045  pg -0.0449  v 0.020  ev +0.95  adv_std 0.202  tR +0.60  ent[s/d/p/e] 0.18/0.74/1.59/0.00  emits 0.99  spf 98.7  z0 0.01  garr 97.6  tG 733  e2 0.00  nF 11.4  pS 0.33  ptS 0.31  fLog 0.54  pdΔ -0.1676  pkR 15.24  clip 0.15  kl +0.007
upd 1351  steps 2768896  sps 1234  opp symm  loss -0.007  pg -0.0103  v 0.026  ev +0.94  adv_std 0.231  tR +0.60  ent[s/d/p/e] 0.18/0.72/1.55/0.00  emits 1.00  spf 106.9  z0 0.00  garr 101.2  tG 702  e2 0.00  nF 11.6  pS 0.31  ptS 0.29  fLog 0.53  pdΔ -0.1871  pkR 15.50  clip 0.13  kl +0.006
upd 1352  steps 2770944  sps 1235  opp symm  loss -0.015  pg -0.0174  v 0.023  ev +0.94  adv_std 0.220  tR -0.20  ent[s/d/p/e] 0.18/0.64/1.53/0.00  emits 1.00  spf 107.6  z0 0.00  garr 101.0  tG 685  e2 0.00  nF 10.7  pS 0.30  ptS 0.28  fLog 0.53  pdΔ -0.1964  pkR 17.40  clip 0.15  kl +0.006
upd 1353  steps 2772992  sps 1235  opp symm  loss -0.034  pg -0.0352  v 0.022  ev +0.94  adv_std 0.215  tR -1.00  ent[s/d/p/e] 0.18/0.73/1.56/0.00  emits 1.00  spf 92.3  z0 0.00  garr 89.9  tG 626  e2 0.00  nF 10.1  pS 0.32  ptS 0.30  fLog 0.55  pdΔ -0.1812  pkR 9.78  clip 0.11  kl +0.006
upd 1354  steps 2775040  sps 1236  opp symm  loss -0.074  pg -0.0738  v 0.019  ev +0.95  adv_std 0.204  tR +1.00  ent[s/d/p/e] 0.19/0.73/1.63/0.00  emits 0.99  spf 115.4  z0 0.02  garr 101.4  tG 727  e2 0.00  nF 9.9  pS 0.35  ptS 0.32  fLog 0.57  pdΔ -0.1531  pkR 9.21  clip 0.14  kl +0.004
upd 1355  steps 2777088  sps 1236  opp symm  loss -0.045  pg -0.0434  v 0.015  ev +0.96  adv_std 0.179  tR +0.00  ent[s/d/p/e] 0.19/0.67/1.60/0.00  emits 0.99  spf 121.0  z0 0.01  garr 107.2  tG 802  e2 0.00  nF 10.6  pS 0.36  ptS 0.34  fLog 0.57  pdΔ -0.1398  pkR 7.39  clip 0.16  kl +0.007
upd 1356  steps 2779136  sps 1237  opp symm  loss -0.080  pg -0.0787  v 0.016  ev +0.96  adv_std 0.184  tR +1.00  ent[s/d/p/e] 0.20/0.71/1.59/0.00  emits 0.98  spf 122.0  z0 0.02  garr 111.3  tG 841  e2 0.00  nF 11.4  pS 0.35  ptS 0.33  fLog 0.57  pdΔ -0.1493  pkR 7.76  clip 0.14  kl +0.009
upd 1357  steps 2781184  sps 1238  opp symm  loss -0.137  pg -0.1387  v 0.024  ev +0.95  adv_std 0.219  tR +0.20  ent[s/d/p/e] 0.20/0.80/1.55/0.00  emits 0.99  spf 119.6  z0 0.01  garr 106.5  tG 809  e2 0.00  nF 11.4  pS 0.35  ptS 0.33  fLog 0.56  pdΔ -0.1492  pkR 8.60  clip 0.13  kl +0.007
upd 1358  steps 2783232  sps 1238  opp symm  loss -0.111  pg -0.1131  v 0.022  ev +0.95  adv_std 0.211  tR +0.00  ent[s/d/p/e] 0.20/0.82/1.48/0.00  emits 1.00  spf 121.4  z0 0.00  garr 107.8  tG 809  e2 0.00  nF 11.8  pS 0.35  ptS 0.33  fLog 0.54  pdΔ -0.1505  pkR 9.74  clip 0.16  kl +0.007
upd 1359  steps 2785280  sps 1239  opp symm  loss -0.138  pg -0.1359  v 0.016  ev +0.97  adv_std 0.183  tR +0.50  ent[s/d/p/e] 0.19/0.77/1.51/0.00  emits 1.00  spf 133.0  z0 0.00  garr 116.1  tG 834  e2 0.00  nF 11.0  pS 0.33  ptS 0.32  fLog 0.54  pdΔ -0.1669  pkR 10.08  clip 0.15  kl +0.006
upd 1360  steps 2787328  sps 1239  opp symm  loss -0.128  pg -0.1311  v 0.026  ev +0.95  adv_std 0.223  tR +0.50  ent[s/d/p/e] 0.19/0.90/1.43/0.00  emits 1.00  spf 117.4  z0 0.00  garr 99.2  tG 770  e2 0.00  nF 11.6  pS 0.32  ptS 0.31  fLog 0.52  pdΔ -0.1800  pkR 11.99  clip 0.16  kl +0.009
upd 1361  steps 2789376  sps 1240  opp symm  loss -0.091  pg -0.0936  v 0.024  ev +0.96  adv_std 0.219  tR -0.67  ent[s/d/p/e] 0.18/0.93/1.36/0.00  emits 0.98  spf 107.5  z0 0.02  garr 89.0  tG 731  e2 0.00  nF 12.7  pS 0.31  ptS 0.29  fLog 0.50  pdΔ -0.1936  pkR 12.88  clip 0.10  kl +0.003
upd 1362  steps 2791424  sps 1240  opp symm  loss -0.146  pg -0.1529  v 0.031  ev +0.93  adv_std 0.251  tR +0.33  ent[s/d/p/e] 0.24/1.00/1.27/0.00  emits 0.96  spf 97.9  z0 0.04  garr 81.4  tG 701  e2 0.00  nF 13.8  pS 0.31  ptS 0.29  fLog 0.48  pdΔ -0.1902  pkR 11.11  clip 0.09  kl +0.000
upd 1363  steps 2793472  sps 1241  opp symm  loss -0.092  pg -0.0939  v 0.021  ev +0.96  adv_std 0.198  tR +0.00  ent[s/d/p/e] 0.24/0.95/1.28/0.00  emits 0.96  spf 77.0  z0 0.04  garr 63.7  tG 559  e2 0.00  nF 14.5  pS 0.30  ptS 0.28  fLog 0.48  pdΔ -0.2015  pkR 12.73  clip 0.14  kl +0.001
upd 1364  steps 2795520  sps 1241  opp symm  loss -0.137  pg -0.1369  v 0.019  ev +0.96  adv_std 0.190  tR -0.60  ent[s/d/p/e] 0.28/1.09/1.36/0.00  emits 0.96  spf 61.4  z0 0.04  garr 53.4  tG 508  e2 0.00  nF 14.7  pS 0.31  ptS 0.28  fLog 0.48  pdΔ -0.1924  pkR 9.21  clip 0.15  kl +0.003
upd 1365  steps 2797568  sps 1242  opp symm  loss -0.169  pg -0.1705  v 0.022  ev +0.96  adv_std 0.211  tR -0.33  ent[s/d/p/e] 0.25/1.10/1.31/0.00  emits 0.97  spf 55.9  z0 0.03  garr 48.4  tG 469  e2 0.00  nF 14.0  pS 0.32  ptS 0.29  fLog 0.48  pdΔ -0.1831  pkR 6.66  clip 0.11  kl +0.003
upd 1366  steps 2799616  sps 1243  opp symm  loss -0.080  pg -0.0857  v 0.031  ev +0.93  adv_std 0.249  tR -0.20  ent[s/d/p/e] 0.22/1.09/1.30/0.00  emits 0.98  spf 56.1  z0 0.02  garr 50.2  tG 464  e2 0.00  nF 13.7  pS 0.30  ptS 0.28  fLog 0.47  pdΔ -0.1983  pkR 6.55  clip 0.08  kl +0.001
upd 1367  steps 2801664  sps 1243  opp symm  loss -0.130  pg -0.1301  v 0.020  ev +0.96  adv_std 0.192  tR +0.60  ent[s/d/p/e] 0.25/1.07/1.35/0.00  emits 0.98  spf 60.2  z0 0.02  garr 54.7  tG 500  e2 0.00  nF 13.5  pS 0.29  ptS 0.27  fLog 0.47  pdΔ -0.2130  pkR 8.31  clip 0.09  kl +0.007
upd 1368  steps 2803712  sps 1244  opp symm  loss -0.148  pg -0.1478  v 0.019  ev +0.96  adv_std 0.195  tR +0.00  ent[s/d/p/e] 0.26/0.99/1.40/0.00  emits 0.97  spf 57.0  z0 0.03  garr 53.5  tG 473  e2 0.00  nF 14.0  pS 0.27  ptS 0.26  fLog 0.46  pdΔ -0.2268  pkR 10.46  clip 0.10  kl +0.004
upd 1369  steps 2805760  sps 1244  opp symm  loss -0.069  pg -0.0707  v 0.023  ev +0.95  adv_std 0.213  tR -1.00  ent[s/d/p/e] 0.26/0.86/1.51/0.00  emits 0.98  spf 67.4  z0 0.02  garr 59.9  tG 548  e2 0.00  nF 13.5  pS 0.29  ptS 0.28  fLog 0.49  pdΔ -0.2067  pkR 10.55  clip 0.11  kl +0.004
upd 1370  steps 2807808  sps 1245  opp symm  loss -0.039  pg -0.0404  v 0.024  ev +0.95  adv_std 0.223  tR -0.50  ent[s/d/p/e] 0.28/0.79/1.55/0.00  emits 0.99  spf 72.4  z0 0.01  garr 63.9  tG 613  e2 0.00  nF 13.4  pS 0.32  ptS 0.30  fLog 0.50  pdΔ -0.1818  pkR 10.83  clip 0.20  kl +0.007
upd 1371  steps 2809856  sps 1245  opp symm  loss -0.058  pg -0.0554  v 0.015  ev +0.96  adv_std 0.176  tR +0.33  ent[s/d/p/e] 0.30/0.86/1.52/0.00  emits 0.98  spf 69.7  z0 0.02  garr 63.7  tG 600  e2 0.00  nF 12.9  pS 0.33  ptS 0.30  fLog 0.50  pdΔ -0.1727  pkR 12.30  clip 0.12  kl +0.006
upd 1372  steps 2811904  sps 1246  opp symm  loss -0.073  pg -0.0698  v 0.014  ev +0.97  adv_std 0.170  tR +0.00  ent[s/d/p/e] 0.28/0.85/1.50/0.00  emits 0.98  spf 74.3  z0 0.02  garr 62.3  tG 567  e2 0.00  nF 12.6  pS 0.32  ptS 0.30  fLog 0.50  pdΔ -0.1824  pkR 14.69  clip 0.10  kl +0.001
upd 1373  steps 2813952  sps 1246  opp symm  loss -0.077  pg -0.0784  v 0.023  ev +0.95  adv_std 0.217  tR +0.50  ent[s/d/p/e] 0.29/0.84/1.47/0.00  emits 0.99  spf 79.2  z0 0.01  garr 67.6  tG 593  e2 0.00  nF 12.5  pS 0.33  ptS 0.31  fLog 0.50  pdΔ -0.1721  pkR 15.87  clip 0.12  kl +0.004
upd 1374  steps 2816000  sps 1247  opp symm  loss -0.065  pg -0.0636  v 0.017  ev +0.96  adv_std 0.188  tR +0.43  ent[s/d/p/e] 0.26/0.81/1.52/0.00  emits 0.99  spf 77.9  z0 0.01  garr 65.7  tG 558  e2 0.00  nF 12.0  pS 0.32  ptS 0.30  fLog 0.50  pdΔ -0.1823  pkR 17.01  clip 0.12  kl +0.002
upd 1375  steps 2818048  sps 1248  opp symm  loss -0.044  pg -0.0417  v 0.015  ev +0.96  adv_std 0.178  tR +0.60  ent[s/d/p/e] 0.31/0.80/1.49/0.00  emits 1.00  spf 67.9  z0 0.00  garr 61.4  tG 519  e2 0.00  nF 12.0  pS 0.31  ptS 0.29  fLog 0.50  pdΔ -0.1891  pkR 19.44  clip 0.21  kl +0.005
upd 1376  steps 2820096  sps 1248  opp symm  loss -0.073  pg -0.0707  v 0.015  ev +0.97  adv_std 0.175  tR +0.67  ent[s/d/p/e] 0.31/0.86/1.51/0.00  emits 1.00  spf 59.8  z0 0.00  garr 54.2  tG 443  e2 0.00  nF 12.0  pS 0.29  ptS 0.28  fLog 0.49  pdΔ -0.2090  pkR 18.76  clip 0.11  kl +0.003
upd 1377  steps 2822144  sps 1249  opp symm  loss -0.057  pg -0.0562  v 0.018  ev +0.96  adv_std 0.192  tR -0.50  ent[s/d/p/e] 0.32/0.94/1.50/0.00  emits 0.99  spf 40.5  z0 0.01  garr 37.5  tG 315  e2 0.00  nF 12.8  pS 0.30  ptS 0.29  fLog 0.49  pdΔ -0.1972  pkR 6.97  clip 0.11  kl +0.002
upd 1378  steps 2824192  sps 1249  opp symm  loss +0.022  pg +0.0147  v 0.034  ev +0.92  adv_std 0.263  tR +0.33  ent[s/d/p/e] 0.27/0.88/1.46/0.00  emits 0.98  spf 42.8  z0 0.02  garr 39.2  tG 320  e2 0.00  nF 13.0  pS 0.30  ptS 0.29  fLog 0.48  pdΔ -0.2035  pkR 5.35  clip 0.16  kl +0.010
upd 1379  steps 2826240  sps 1250  opp symm  loss -0.100  pg -0.1029  v 0.026  ev +0.94  adv_std 0.230  tR +0.71  ent[s/d/p/e] 0.28/0.92/1.44/0.00  emits 0.97  spf 42.9  z0 0.03  garr 39.2  tG 338  e2 0.00  nF 13.5  pS 0.29  ptS 0.29  fLog 0.47  pdΔ -0.2063  pkR 5.57  clip 0.15  kl +0.004
upd 1380  steps 2828288  sps 1250  opp symm  loss -0.080  pg -0.0846  v 0.028  ev +0.93  adv_std 0.239  tR +0.14  ent[s/d/p/e] 0.32/0.86/1.48/0.00  emits 0.99  spf 46.4  z0 0.01  garr 42.0  tG 381  e2 0.00  nF 14.0  pS 0.31  ptS 0.30  fLog 0.48  pdΔ -0.1948  pkR 5.78  clip 0.09  kl +0.001
upd 1381  steps 2830336  sps 1251  opp symm  loss -0.109  pg -0.1120  v 0.026  ev +0.94  adv_std 0.224  tR -0.60  ent[s/d/p/e] 0.32/1.00/1.42/0.00  emits 1.00  spf 45.8  z0 0.00  garr 42.9  tG 388  e2 0.00  nF 14.0  pS 0.31  ptS 0.30  fLog 0.48  pdΔ -0.1941  pkR 6.42  clip 0.13  kl +0.003
upd 1382  steps 2832384  sps 1251  opp symm  loss -0.052  pg -0.0546  v 0.024  ev +0.95  adv_std 0.222  tR +0.60  ent[s/d/p/e] 0.26/0.89/1.50/0.00  emits 0.98  spf 45.4  z0 0.02  garr 43.6  tG 411  e2 0.00  nF 14.6  pS 0.32  ptS 0.31  fLog 0.48  pdΔ -0.1849  pkR 6.66  clip 0.25  kl +0.015
upd 1383  steps 2834432  sps 1252  opp symm  loss -0.066  pg -0.0651  v 0.018  ev +0.96  adv_std 0.196  tR +0.33  ent[s/d/p/e] 0.26/0.94/1.43/0.00  emits 0.97  spf 45.1  z0 0.03  garr 40.9  tG 385  e2 0.00  nF 14.4  pS 0.31  ptS 0.30  fLog 0.48  pdΔ -0.1931  pkR 6.09  clip 0.14  kl -0.002
upd 1384  steps 2836480  sps 1252  opp symm  loss -0.079  pg -0.0817  v 0.024  ev +0.95  adv_std 0.226  tR +0.33  ent[s/d/p/e] 0.24/0.82/1.49/0.00  emits 0.96  spf 52.9  z0 0.04  garr 48.0  tG 433  e2 0.00  nF 12.8  pS 0.32  ptS 0.31  fLog 0.50  pdΔ -0.1798  pkR 5.79  clip 0.14  kl +0.008
upd 1385  steps 2838528  sps 1253  opp symm  loss -0.063  pg -0.0636  v 0.021  ev +0.95  adv_std 0.206  tR -1.00  ent[s/d/p/e] 0.25/0.80/1.52/0.00  emits 0.98  spf 55.4  z0 0.02  garr 50.4  tG 455  e2 0.00  nF 12.6  pS 0.34  ptS 0.33  fLog 0.51  pdΔ -0.1642  pkR 5.12  clip 0.17  kl +0.003
upd 1386  steps 2840576  sps 1254  opp symm  loss -0.111  pg -0.1101  v 0.018  ev +0.96  adv_std 0.195  tR +0.33  ent[s/d/p/e] 0.24/0.77/1.52/0.00  emits 0.98  spf 57.8  z0 0.02  garr 55.4  tG 516  e2 0.00  nF 13.4  pS 0.36  ptS 0.35  fLog 0.52  pdΔ -0.1438  pkR 4.50  clip 0.13  kl +0.003
upd 1387  steps 2842624  sps 1254  opp symm  loss -0.052  pg -0.0544  v 0.024  ev +0.95  adv_std 0.221  tR +1.00  ent[s/d/p/e] 0.21/0.84/1.49/0.00  emits 0.97  spf 60.1  z0 0.03  garr 56.0  tG 530  e2 0.00  nF 12.7  pS 0.36  ptS 0.34  fLog 0.51  pdΔ -0.1442  pkR 5.45  clip 0.12  kl +0.002
upd 1388  steps 2844672  sps 1255  opp symm  loss -0.144  pg -0.1428  v 0.018  ev +0.96  adv_std 0.189  tR -0.50  ent[s/d/p/e] 0.22/0.84/1.49/0.00  emits 0.96  spf 64.6  z0 0.04  garr 60.5  tG 560  e2 0.00  nF 12.6  pS 0.34  ptS 0.33  fLog 0.52  pdΔ -0.1590  pkR 6.27  clip 0.11  kl +0.003
upd 1389  steps 2846720  sps 1255  opp symm  loss -0.132  pg -0.1312  v 0.018  ev +0.96  adv_std 0.186  tR -0.50  ent[s/d/p/e] 0.20/0.81/1.51/0.00  emits 0.99  spf 70.2  z0 0.01  garr 65.1  tG 570  e2 0.00  nF 13.4  pS 0.35  ptS 0.33  fLog 0.52  pdΔ -0.1539  pkR 7.16  clip 0.12  kl +0.004
upd 1390  steps 2848768  sps 1256  opp symm  loss -0.081  pg -0.0818  v 0.020  ev +0.95  adv_std 0.205  tR +0.50  ent[s/d/p/e] 0.21/0.71/1.50/0.00  emits 1.00  spf 73.4  z0 0.00  garr 70.3  tG 593  e2 0.00  nF 13.6  pS 0.35  ptS 0.33  fLog 0.52  pdΔ -0.1522  pkR 8.10  clip 0.14  kl +0.006
upd 1391  steps 2850816  sps 1256  opp symm  loss -0.027  pg -0.0290  v 0.023  ev +0.95  adv_std 0.217  tR +1.00  ent[s/d/p/e] 0.22/0.73/1.56/0.00  emits 1.00  spf 74.2  z0 0.00  garr 71.1  tG 596  e2 0.00  nF 14.2  pS 0.36  ptS 0.34  fLog 0.53  pdΔ -0.1449  pkR 8.82  clip 0.15  kl +0.017
upd 1392  steps 2852864  sps 1257  opp symm  loss -0.109  pg -0.1073  v 0.016  ev +0.96  adv_std 0.181  tR -0.33  ent[s/d/p/e] 0.24/0.83/1.56/0.00  emits 1.00  spf 78.1  z0 0.00  garr 75.4  tG 623  e2 0.00  nF 13.6  pS 0.36  ptS 0.34  fLog 0.54  pdΔ -0.1433  pkR 8.86  clip 0.10  kl +0.006
upd 1393  steps 2854912  sps 1257  opp symm  loss -0.082  pg -0.0796  v 0.015  ev +0.96  adv_std 0.174  tR +0.00  ent[s/d/p/e] 0.25/0.74/1.59/0.00  emits 1.00  spf 77.2  z0 0.00  garr 74.3  tG 646  e2 0.00  nF 11.9  pS 0.37  ptS 0.35  fLog 0.55  pdΔ -0.1271  pkR 8.83  clip 0.12  kl +0.002
upd 1394  steps 2856960  sps 1258  opp symm  loss -0.108  pg -0.1097  v 0.022  ev +0.94  adv_std 0.211  tR +0.43  ent[s/d/p/e] 0.22/0.72/1.52/0.00  emits 1.00  spf 74.8  z0 0.00  garr 71.3  tG 584  e2 0.00  nF 11.1  pS 0.35  ptS 0.33  fLog 0.53  pdΔ -0.1506  pkR 7.05  clip 0.15  kl +0.005
upd 1395  steps 2859008  sps 1258  opp symm  loss -0.143  pg -0.1431  v 0.019  ev +0.95  adv_std 0.200  tR +0.60  ent[s/d/p/e] 0.21/0.86/1.48/0.00  emits 0.98  spf 83.2  z0 0.02  garr 79.5  tG 631  e2 0.00  nF 11.0  pS 0.34  ptS 0.32  fLog 0.54  pdΔ -0.1568  pkR 7.70  clip 0.13  kl +0.003
upd 1396  steps 2861056  sps 1259  opp symm  loss -0.095  pg -0.0934  v 0.016  ev +0.96  adv_std 0.181  tR +0.00  ent[s/d/p/e] 0.23/0.80/1.49/0.00  emits 0.98  spf 87.0  z0 0.02  garr 79.5  tG 609  e2 0.00  nF 10.7  pS 0.34  ptS 0.31  fLog 0.53  pdΔ -0.1629  pkR 8.99  clip 0.10  kl +0.006
upd 1397  steps 2863104  sps 1260  opp symm  loss -0.053  pg -0.0567  v 0.027  ev +0.93  adv_std 0.237  tR -0.33  ent[s/d/p/e] 0.24/0.76/1.59/0.00  emits 0.98  spf 79.9  z0 0.02  garr 74.3  tG 586  e2 0.00  nF 11.0  pS 0.37  ptS 0.34  fLog 0.54  pdΔ -0.1342  pkR 6.38  clip 0.15  kl +0.005
upd 1398  steps 2865152  sps 1260  opp symm  loss -0.157  pg -0.1558  v 0.017  ev +0.96  adv_std 0.189  tR +0.14  ent[s/d/p/e] 0.21/0.82/1.59/0.00  emits 0.99  spf 78.4  z0 0.01  garr 74.2  tG 606  e2 0.00  nF 10.9  pS 0.37  ptS 0.35  fLog 0.55  pdΔ -0.1283  pkR 5.56  clip 0.14  kl +0.006
[eval_vs_v20] u1399 tag=train_u1399  bin0=0.0%  spf=0.00  garr=128.50  flip=0.00%  z0=71.9%  e8=0.0%  e2+=0.0%  WLD=0/3/0
upd 1399  steps 2867200  sps 1261  opp symm  loss -0.107  pg -0.1077  v 0.021  ev +0.95  adv_std 0.206  tR +0.50  ent[s/d/p/e] 0.17/0.79/1.54/0.00  emits 1.00  spf 78.9  z0 0.00  garr 75.8  tG 643  e2 0.00  nF 10.9  pS 0.37  ptS 0.34  fLog 0.55  pdΔ -0.1340  pkR 5.87  clip 0.14  kl +0.010 WRr 0.53 v20[spf 0.0 flip 0.0% e2+ 0.0%]
[ckpt] saved ./ckpt_multi_action_v14b/ckpt_001399.pkl opp=symm
upd 1400  steps 2869248  sps 1197  opp symm  loss -0.101  pg -0.1012  v 0.020  ev +0.95  adv_std 0.202  tR +1.00  ent[s/d/p/e] 0.20/0.73/1.59/0.00  emits 1.00  spf 93.6  z0 0.00  garr 89.2  tG 744  e2 0.00  nF 10.3  pS 0.37  ptS 0.35  fLog 0.57  pdΔ -0.1296  pkR 5.20  clip 0.10  kl +0.005
upd 1401  steps 2871296  sps 1198  opp symm  loss -0.067  pg -0.0690  v 0.024  ev +0.94  adv_std 0.220  tR +1.00  ent[s/d/p/e] 0.20/0.82/1.54/0.00  emits 0.99  spf 103.7  z0 0.01  garr 97.8  tG 795  e2 0.00  nF 10.8  pS 0.37  ptS 0.35  fLog 0.58  pdΔ -0.1305  pkR 5.54  clip 0.12  kl +0.004
upd 1402  steps 2873344  sps 1198  opp symm  loss -0.062  pg -0.0621  v 0.021  ev +0.95  adv_std 0.201  tR +0.50  ent[s/d/p/e] 0.24/0.69/1.69/0.00  emits 0.95  spf 114.7  z0 0.05  garr 104.8  tG 850  e2 0.00  nF 9.8  pS 0.39  ptS 0.36  fLog 0.60  pdΔ -0.1133  pkR 5.71  clip 0.16  kl +0.006
upd 1403  steps 2875392  sps 1199  opp symm  loss -0.078  pg -0.0767  v 0.018  ev +0.95  adv_std 0.188  tR +0.11  ent[s/d/p/e] 0.21/0.70/1.57/0.00  emits 0.98  spf 100.9  z0 0.02  garr 96.5  tG 853  e2 0.00  nF 9.0  pS 0.39  ptS 0.38  fLog 0.58  pdΔ -0.1072  pkR 5.53  clip 0.09  kl +0.008
upd 1404  steps 2877440  sps 1199  opp symm  loss -0.123  pg -0.1216  v 0.017  ev +0.95  adv_std 0.182  tR +0.43  ent[s/d/p/e] 0.19/0.79/1.56/0.00  emits 0.99  spf 96.1  z0 0.01  garr 91.1  tG 782  e2 0.00  nF 10.7  pS 0.37  ptS 0.35  fLog 0.56  pdΔ -0.1334  pkR 6.78  clip 0.16  kl +0.003
upd 1405  steps 2879488  sps 1200  opp symm  loss -0.050  pg -0.0555  v 0.030  ev +0.92  adv_std 0.249  tR +0.67  ent[s/d/p/e] 0.18/0.76/1.52/0.00  emits 0.97  spf 100.7  z0 0.03  garr 96.0  tG 795  e2 0.00  nF 11.7  pS 0.35  ptS 0.33  fLog 0.56  pdΔ -0.1488  pkR 8.05  clip 0.16  kl +0.004
upd 1406  steps 2881536  sps 1201  opp symm  loss -0.109  pg -0.1103  v 0.023  ev +0.94  adv_std 0.216  tR -0.33  ent[s/d/p/e] 0.25/0.79/1.51/0.00  emits 0.99  spf 101.9  z0 0.01  garr 99.1  tG 811  e2 0.00  nF 11.8  pS 0.35  ptS 0.34  fLog 0.55  pdΔ -0.1451  pkR 8.78  clip 0.10  kl +0.002
upd 1407  steps 2883584  sps 1201  opp symm  loss -0.081  pg -0.0829  v 0.023  ev +0.94  adv_std 0.219  tR -0.33  ent[s/d/p/e] 0.22/0.73/1.56/0.00  emits 1.00  spf 110.7  z0 0.00  garr 105.2  tG 850  e2 0.00  nF 11.5  pS 0.37  ptS 0.35  fLog 0.56  pdΔ -0.1315  pkR 9.03  clip 0.18  kl +0.010
upd 1408  steps 2885632  sps 1202  opp symm  loss -0.100  pg -0.0964  v 0.014  ev +0.97  adv_std 0.164  tR +1.00  ent[s/d/p/e] 0.25/0.75/1.61/0.00  emits 1.00  spf 108.5  z0 0.00  garr 107.9  tG 845  e2 0.00  nF 11.5  pS 0.38  ptS 0.36  fLog 0.57  pdΔ -0.1207  pkR 10.51  clip 0.16  kl +0.009
upd 1409  steps 2887680  sps 1202  opp symm  loss -0.060  pg -0.0588  v 0.017  ev +0.96  adv_std 0.186  tR +0.60  ent[s/d/p/e] 0.20/0.68/1.63/0.00  emits 1.00  spf 127.1  z0 0.00  garr 116.6  tG 875  e2 0.00  nF 10.3  pS 0.37  ptS 0.35  fLog 0.58  pdΔ -0.1313  pkR 10.88  clip 0.20  kl +0.004
upd 1410  steps 2889728  sps 1203  opp symm  loss -0.040  pg -0.0403  v 0.019  ev +0.96  adv_std 0.198  tR +0.60  ent[s/d/p/e] 0.19/0.63/1.57/0.00  emits 1.00  spf 129.0  z0 0.00  garr 122.7  tG 889  e2 0.00  nF 10.0  pS 0.35  ptS 0.34  fLog 0.57  pdΔ -0.1471  pkR 10.47  clip 0.16  kl +0.007
upd 1411  steps 2891776  sps 1203  opp symm  loss -0.031  pg -0.0349  v 0.026  ev +0.94  adv_std 0.229  tR +0.00  ent[s/d/p/e] 0.18/0.55/1.57/0.00  emits 1.00  spf 120.1  z0 0.00  garr 118.8  tG 862  e2 0.00  nF 11.1  pS 0.34  ptS 0.32  fLog 0.56  pdΔ -0.1598  pkR 9.89  clip 0.13  kl +0.001
upd 1412  steps 2893824  sps 1204  opp symm  loss -0.049  pg -0.0515  v 0.023  ev +0.95  adv_std 0.222  tR +0.60  ent[s/d/p/e] 0.16/0.61/1.50/0.00  emits 1.00  spf 112.2  z0 0.00  garr 109.4  tG 818  e2 0.00  nF 12.0  pS 0.32  ptS 0.31  fLog 0.55  pdΔ -0.1771  pkR 11.09  clip 0.10  kl +0.005
upd 1413  steps 2895872  sps 1204  opp symm  loss -0.054  pg -0.0546  v 0.019  ev +0.96  adv_std 0.201  tR +1.00  ent[s/d/p/e] 0.16/0.64/1.55/0.00  emits 1.00  spf 113.3  z0 0.00  garr 112.8  tG 873  e2 0.00  nF 12.2  pS 0.33  ptS 0.32  fLog 0.55  pdΔ -0.1672  pkR 10.12  clip 0.09  kl +0.002
upd 1414  steps 2897920  sps 1205  opp symm  loss -0.067  pg -0.0648  v 0.014  ev +0.97  adv_std 0.167  tR +0.00  ent[s/d/p/e] 0.16/0.66/1.55/0.00  emits 0.99  spf 121.0  z0 0.01  garr 117.0  tG 877  e2 0.00  nF 12.1  pS 0.34  ptS 0.32  fLog 0.56  pdΔ -0.1636  pkR 9.25  clip 0.08  kl +0.005
upd 1415  steps 2899968  sps 1205  opp symm  loss -0.042  pg -0.0427  v 0.021  ev +0.95  adv_std 0.205  tR +0.33  ent[s/d/p/e] 0.16/0.65/1.53/0.00  emits 0.99  spf 123.9  z0 0.01  garr 120.0  tG 856  e2 0.00  nF 11.3  pS 0.33  ptS 0.31  fLog 0.55  pdΔ -0.1716  pkR 9.02  clip 0.09  kl +0.002
upd 1416  steps 2902016  sps 1206  opp symm  loss -0.080  pg -0.0768  v 0.013  ev +0.97  adv_std 0.166  tR +1.00  ent[s/d/p/e] 0.16/0.66/1.58/0.00  emits 1.00  spf 134.2  z0 0.00  garr 128.3  tG 864  e2 0.00  nF 11.1  pS 0.32  ptS 0.30  fLog 0.56  pdΔ -0.1806  pkR 9.45  clip 0.11  kl +0.006
upd 1417  steps 2904064  sps 1206  opp symm  loss -0.068  pg -0.0647  v 0.014  ev +0.97  adv_std 0.170  tR +0.00  ent[s/d/p/e] 0.16/0.69/1.63/0.00  emits 0.99  spf 145.6  z0 0.01  garr 140.3  tG 927  e2 0.00  nF 11.4  pS 0.33  ptS 0.31  fLog 0.58  pdΔ -0.1741  pkR 9.50  clip 0.13  kl +0.005
upd 1418  steps 2906112  sps 1207  opp symm  loss -0.068  pg -0.0649  v 0.013  ev +0.97  adv_std 0.165  tR +0.43  ent[s/d/p/e] 0.15/0.61/1.62/0.00  emits 0.96  spf 138.1  z0 0.04  garr 135.1  tG 888  e2 0.00  nF 10.5  pS 0.32  ptS 0.30  fLog 0.59  pdΔ -0.1808  pkR 10.40  clip 0.12  kl +0.004
upd 1419  steps 2908160  sps 1207  opp symm  loss -0.053  pg -0.0564  v 0.026  ev +0.94  adv_std 0.233  tR +0.09  ent[s/d/p/e] 0.19/0.65/1.48/0.00  emits 0.98  spf 98.4  z0 0.02  garr 98.1  tG 731  e2 0.00  nF 10.0  pS 0.32  ptS 0.29  fLog 0.55  pdΔ -0.1833  pkR 7.18  clip 0.12  kl +0.007
upd 1420  steps 2910208  sps 1208  opp symm  loss -0.099  pg -0.0993  v 0.019  ev +0.95  adv_std 0.203  tR -0.60  ent[s/d/p/e] 0.23/0.77/1.52/0.00  emits 0.99  spf 93.8  z0 0.01  garr 92.6  tG 675  e2 0.00  nF 10.6  pS 0.33  ptS 0.30  fLog 0.55  pdΔ -0.1739  pkR 6.91  clip 0.12  kl +0.002
upd 1421  steps 2912256  sps 1208  opp symm  loss -0.080  pg -0.0815  v 0.023  ev +0.94  adv_std 0.215  tR +0.50  ent[s/d/p/e] 0.20/0.84/1.54/0.00  emits 1.00  spf 111.7  z0 0.00  garr 107.8  tG 770  e2 0.00  nF 10.3  pS 0.35  ptS 0.33  fLog 0.57  pdΔ -0.1519  pkR 6.57  clip 0.16  kl +0.007
upd 1422  steps 2914304  sps 1209  opp symm  loss -0.062  pg -0.0652  v 0.026  ev +0.93  adv_std 0.228  tR +0.20  ent[s/d/p/e] 0.17/0.74/1.55/0.00  emits 1.00  spf 127.6  z0 0.00  garr 122.8  tG 858  e2 0.00  nF 10.1  pS 0.34  ptS 0.32  fLog 0.59  pdΔ -0.1583  pkR 6.10  clip 0.13  kl +0.007
upd 1423  steps 2916352  sps 1209  opp symm  loss -0.030  pg -0.0307  v 0.021  ev +0.95  adv_std 0.205  tR -1.00  ent[s/d/p/e] 0.17/0.63/1.59/0.00  emits 0.99  spf 140.5  z0 0.01  garr 142.1  tG 983  e2 0.00  nF 10.6  pS 0.36  ptS 0.34  fLog 0.60  pdΔ -0.1422  pkR 5.19  clip 0.17  kl +0.005
upd 1424  steps 2918400  sps 1210  opp symm  loss -0.051  pg -0.0490  v 0.016  ev +0.95  adv_std 0.181  tR +0.78  ent[s/d/p/e] 0.19/0.61/1.61/0.00  emits 0.98  spf 151.7  z0 0.02  garr 146.4  tG 1009  e2 0.00  nF 9.8  pS 0.36  ptS 0.34  fLog 0.61  pdΔ -0.1415  pkR 5.71  clip 0.16  kl +0.006
upd 1425  steps 2920448  sps 1210  opp symm  loss -0.060  pg -0.0582  v 0.015  ev +0.96  adv_std 0.177  tR +0.20  ent[s/d/p/e] 0.20/0.62/1.62/0.00  emits 0.99  spf 148.4  z0 0.01  garr 143.9  tG 936  e2 0.00  nF 9.4  pS 0.33  ptS 0.31  fLog 0.60  pdΔ -0.1662  pkR 6.93  clip 0.10  kl +0.005
upd 1426  steps 2922496  sps 1211  opp symm  loss -0.018  pg -0.0186  v 0.021  ev +0.94  adv_std 0.206  tR +0.50  ent[s/d/p/e] 0.21/0.66/1.59/0.00  emits 1.00  spf 156.3  z0 0.00  garr 155.0  tG 976  e2 0.00  nF 9.2  pS 0.33  ptS 0.31  fLog 0.59  pdΔ -0.1654  pkR 7.38  clip 0.14  kl +0.003
upd 1427  steps 2924544  sps 1211  opp symm  loss -0.015  pg -0.0114  v 0.012  ev +0.96  adv_std 0.160  tR +1.00  ent[s/d/p/e] 0.25/0.64/1.66/0.00  emits 1.00  spf 166.5  z0 0.00  garr 164.7  tG 1032  e2 0.00  nF 9.8  pS 0.36  ptS 0.33  fLog 0.61  pdΔ -0.1369  pkR 7.31  clip 0.12  kl +0.004
upd 1428  steps 2926592  sps 1212  opp symm  loss -0.067  pg -0.0654  v 0.017  ev +0.95  adv_std 0.194  tR +1.00  ent[s/d/p/e] 0.25/0.57/1.63/0.00  emits 0.99  spf 161.6  z0 0.01  garr 165.8  tG 1032  e2 0.00  nF 9.8  pS 0.34  ptS 0.32  fLog 0.60  pdΔ -0.1558  pkR 8.31  clip 0.13  kl +0.003
upd 1429  steps 2928640  sps 1212  opp symm  loss -0.079  pg -0.0776  v 0.016  ev +0.96  adv_std 0.188  tR -0.33  ent[s/d/p/e] 0.24/0.65/1.64/0.00  emits 0.99  spf 157.8  z0 0.01  garr 158.4  tG 1028  e2 0.00  nF 10.3  pS 0.35  ptS 0.33  fLog 0.59  pdΔ -0.1517  pkR 9.25  clip 0.15  kl +0.008
upd 1430  steps 2930688  sps 1213  opp symm  loss -0.030  pg -0.0276  v 0.015  ev +0.96  adv_std 0.175  tR +0.00  ent[s/d/p/e] 0.27/0.72/1.67/0.00  emits 1.00  spf 143.7  z0 0.00  garr 147.4  tG 1003  e2 0.00  nF 10.0  pS 0.36  ptS 0.34  fLog 0.59  pdΔ -0.1442  pkR 10.55  clip 0.16  kl -0.001
upd 1431  steps 2932736  sps 1213  opp symm  loss -0.031  pg -0.0308  v 0.020  ev +0.95  adv_std 0.204  tR -1.00  ent[s/d/p/e] 0.27/0.70/1.66/0.00  emits 0.98  spf 136.5  z0 0.02  garr 136.6  tG 994  e2 0.00  nF 9.8  pS 0.37  ptS 0.35  fLog 0.60  pdΔ -0.1269  pkR 11.45  clip 0.11  kl +0.003
upd 1432  steps 2934784  sps 1214  opp symm  loss -0.003  pg +0.0014  v 0.012  ev +0.97  adv_std 0.157  tR +1.00  ent[s/d/p/e] 0.23/0.74/1.64/0.00  emits 0.97  spf 119.3  z0 0.03  garr 121.5  tG 918  e2 0.00  nF 9.7  pS 0.38  ptS 0.36  fLog 0.60  pdΔ -0.1212  pkR 12.47  clip 0.11  kl +0.004
upd 1433  steps 2936832  sps 1214  opp symm  loss -0.039  pg -0.0373  v 0.018  ev +0.95  adv_std 0.188  tR +0.33  ent[s/d/p/e] 0.24/0.70/1.66/0.00  emits 0.98  spf 129.7  z0 0.02  garr 126.6  tG 960  e2 0.00  nF 9.0  pS 0.38  ptS 0.37  fLog 0.60  pdΔ -0.1180  pkR 13.15  clip 0.16  kl +0.012
upd 1434  steps 2938880  sps 1215  opp symm  loss -0.022  pg -0.0242  v 0.024  ev +0.94  adv_std 0.218  tR +0.60  ent[s/d/p/e] 0.22/0.71/1.52/0.00  emits 0.99  spf 118.7  z0 0.01  garr 122.7  tG 901  e2 0.00  nF 9.5  pS 0.35  ptS 0.34  fLog 0.58  pdΔ -0.1474  pkR 12.77  clip 0.07  kl +0.004
upd 1435  steps 2940928  sps 1215  opp symm  loss -0.051  pg -0.0530  v 0.023  ev +0.94  adv_std 0.220  tR +0.33  ent[s/d/p/e] 0.24/0.76/1.45/0.00  emits 1.00  spf 90.1  z0 0.00  garr 92.3  tG 664  e2 0.00  nF 11.0  pS 0.31  ptS 0.29  fLog 0.55  pdΔ -0.1930  pkR 7.78  clip 0.14  kl +0.007
upd 1436  steps 2942976  sps 1216  opp symm  loss +0.029  pg +0.0259  v 0.024  ev +0.93  adv_std 0.228  tR +0.20  ent[s/d/p/e] 0.31/0.71/1.48/0.00  emits 1.00  spf 75.1  z0 0.00  garr 75.6  tG 570  e2 0.00  nF 11.3  pS 0.29  ptS 0.27  fLog 0.53  pdΔ -0.2089  pkR 5.06  clip 0.10  kl +0.003
upd 1437  steps 2945024  sps 1216  opp symm  loss -0.056  pg -0.0538  v 0.016  ev +0.96  adv_std 0.181  tR +0.00  ent[s/d/p/e] 0.33/0.70/1.57/0.00  emits 1.00  spf 76.1  z0 0.00  garr 80.0  tG 588  e2 0.00  nF 12.5  pS 0.31  ptS 0.29  fLog 0.54  pdΔ -0.1927  pkR 5.43  clip 0.13  kl +0.004
upd 1438  steps 2947072  sps 1217  opp symm  loss -0.077  pg -0.0774  v 0.020  ev +0.95  adv_std 0.204  tR +0.50  ent[s/d/p/e] 0.33/0.82/1.55/0.00  emits 0.98  spf 89.9  z0 0.02  garr 88.3  tG 645  e2 0.00  nF 12.5  pS 0.33  ptS 0.31  fLog 0.56  pdΔ -0.1740  pkR 5.86  clip 0.12  kl +0.001
upd 1439  steps 2949120  sps 1217  opp symm  loss -0.022  pg -0.0209  v 0.018  ev +0.95  adv_std 0.190  tR +0.00  ent[s/d/p/e] 0.28/0.77/1.54/0.00  emits 0.99  spf 97.6  z0 0.01  garr 98.6  tG 679  e2 0.00  nF 12.0  pS 0.32  ptS 0.30  fLog 0.56  pdΔ -0.1792  pkR 6.72  clip 0.10  kl +0.006
upd 1440  steps 2951168  sps 1218  opp symm  loss -0.056  pg -0.0570  v 0.023  ev +0.94  adv_std 0.219  tR +0.20  ent[s/d/p/e] 0.30/0.77/1.58/0.00  emits 0.97  spf 111.8  z0 0.03  garr 107.3  tG 728  e2 0.00  nF 12.1  pS 0.32  ptS 0.30  fLog 0.57  pdΔ -0.1770  pkR 7.20  clip 0.10  kl +0.002
upd 1441  steps 2953216  sps 1218  opp symm  loss -0.054  pg -0.0536  v 0.018  ev +0.95  adv_std 0.193  tR +0.71  ent[s/d/p/e] 0.27/0.77/1.55/0.00  emits 0.98  spf 111.5  z0 0.02  garr 112.5  tG 756  e2 0.00  nF 11.4  pS 0.33  ptS 0.31  fLog 0.57  pdΔ -0.1731  pkR 6.65  clip 0.09  kl +0.005
upd 1442  steps 2955264  sps 1219  opp symm  loss -0.052  pg -0.0516  v 0.019  ev +0.95  adv_std 0.199  tR +0.67  ent[s/d/p/e] 0.30/0.89/1.46/0.00  emits 0.98  spf 115.5  z0 0.02  garr 111.9  tG 722  e2 0.00  nF 11.8  pS 0.31  ptS 0.29  fLog 0.54  pdΔ -0.1927  pkR 7.79  clip 0.09  kl +0.002
upd 1443  steps 2957312  sps 1219  opp symm  loss -0.013  pg -0.0132  v 0.021  ev +0.95  adv_std 0.205  tR -0.20  ent[s/d/p/e] 0.27/0.78/1.51/0.00  emits 0.98  spf 114.5  z0 0.02  garr 115.9  tG 733  e2 0.00  nF 12.1  pS 0.30  ptS 0.29  fLog 0.54  pdΔ -0.1971  pkR 8.73  clip 0.16  kl +0.007
upd 1444  steps 2959360  sps 1220  opp symm  loss -0.132  pg -0.1311  v 0.017  ev +0.96  adv_std 0.188  tR +0.00  ent[s/d/p/e] 0.28/0.87/1.49/0.00  emits 1.00  spf 113.4  z0 0.00  garr 113.5  tG 742  e2 0.00  nF 12.3  pS 0.30  ptS 0.29  fLog 0.54  pdΔ -0.1952  pkR 9.48  clip 0.13  kl +0.007
upd 1445  steps 2961408  sps 1220  opp symm  loss -0.056  pg -0.0581  v 0.023  ev +0.95  adv_std 0.216  tR +0.00  ent[s/d/p/e] 0.25/0.89/1.41/0.00  emits 0.99  spf 112.0  z0 0.01  garr 109.6  tG 736  e2 0.00  nF 12.6  pS 0.30  ptS 0.29  fLog 0.53  pdΔ -0.1979  pkR 9.65  clip 0.10  kl -0.001
upd 1446  steps 2963456  sps 1221  opp symm  loss -0.077  pg -0.0803  v 0.026  ev +0.94  adv_std 0.232  tR +0.67  ent[s/d/p/e] 0.25/0.79/1.49/0.00  emits 0.98  spf 105.6  z0 0.02  garr 107.0  tG 721  e2 0.00  nF 12.5  pS 0.30  ptS 0.29  fLog 0.53  pdΔ -0.2027  pkR 8.30  clip 0.17  kl +0.003
upd 1447  steps 2965504  sps 1221  opp symm  loss -0.103  pg -0.1040  v 0.022  ev +0.95  adv_std 0.209  tR -0.33  ent[s/d/p/e] 0.24/0.87/1.47/0.00  emits 0.97  spf 88.7  z0 0.03  garr 89.0  tG 600  e2 0.00  nF 12.9  pS 0.30  ptS 0.29  fLog 0.52  pdΔ -0.2043  pkR 10.16  clip 0.11  kl +0.003
upd 1448  steps 2967552  sps 1222  opp symm  loss -0.133  pg -0.1328  v 0.018  ev +0.96  adv_std 0.198  tR -0.20  ent[s/d/p/e] 0.21/0.79/1.45/0.00  emits 0.97  spf 83.5  z0 0.03  garr 82.2  tG 595  e2 0.00  nF 12.8  pS 0.30  ptS 0.29  fLog 0.52  pdΔ -0.2027  pkR 8.34  clip 0.12  kl +0.003
upd 1449  steps 2969600  sps 1222  opp symm  loss -0.065  pg -0.0717  v 0.031  ev +0.93  adv_std 0.253  tR -1.00  ent[s/d/p/e] 0.22/0.85/1.44/0.00  emits 0.99  spf 87.1  z0 0.01  garr 85.8  tG 621  e2 0.00  nF 12.3  pS 0.30  ptS 0.29  fLog 0.52  pdΔ -0.2002  pkR 8.54  clip 0.14  kl +0.001
upd 1450  steps 2971648  sps 1223  opp symm  loss -0.054  pg -0.0566  v 0.024  ev +0.94  adv_std 0.226  tR +0.00  ent[s/d/p/e] 0.19/0.68/1.47/0.00  emits 0.99  spf 82.3  z0 0.01  garr 81.6  tG 604  e2 0.00  nF 11.4  pS 0.30  ptS 0.29  fLog 0.53  pdΔ -0.2018  pkR 7.18  clip 0.21  kl +0.012
upd 1451  steps 2973696  sps 1223  opp symm  loss -0.061  pg -0.0628  v 0.024  ev +0.94  adv_std 0.224  tR +1.00  ent[s/d/p/e] 0.26/0.78/1.54/0.00  emits 1.00  spf 78.2  z0 0.00  garr 78.2  tG 542  e2 0.00  nF 11.8  pS 0.29  ptS 0.28  fLog 0.53  pdΔ -0.2065  pkR 7.33  clip 0.11  kl +0.004
upd 1452  steps 2975744  sps 1224  opp symm  loss -0.105  pg -0.1052  v 0.020  ev +0.95  adv_std 0.202  tR +0.00  ent[s/d/p/e] 0.24/0.74/1.56/0.00  emits 1.00  spf 78.5  z0 0.00  garr 80.1  tG 534  e2 0.00  nF 11.9  pS 0.30  ptS 0.29  fLog 0.54  pdΔ -0.2025  pkR 8.12  clip 0.12  kl +0.007
upd 1453  steps 2977792  sps 1224  opp symm  loss -0.052  pg -0.0480  v 0.013  ev +0.97  adv_std 0.165  tR +1.00  ent[s/d/p/e] 0.26/0.64/1.64/0.00  emits 0.99  spf 83.3  z0 0.01  garr 85.2  tG 561  e2 0.00  nF 12.0  pS 0.30  ptS 0.29  fLog 0.55  pdΔ -0.1960  pkR 8.93  clip 0.13  kl +0.001
upd 1454  steps 2979840  sps 1225  opp symm  loss -0.083  pg -0.0802  v 0.015  ev +0.96  adv_std 0.180  tR +0.00  ent[s/d/p/e] 0.24/0.65/1.66/0.00  emits 1.00  spf 96.7  z0 0.00  garr 97.2  tG 616  e2 0.00  nF 11.6  pS 0.30  ptS 0.29  fLog 0.56  pdΔ -0.1971  pkR 9.82  clip 0.14  kl +0.006
upd 1455  steps 2981888  sps 1225  opp symm  loss -0.035  pg -0.0323  v 0.014  ev +0.97  adv_std 0.177  tR +0.14  ent[s/d/p/e] 0.25/0.66/1.66/0.00  emits 0.98  spf 109.4  z0 0.02  garr 109.5  tG 682  e2 0.00  nF 10.7  pS 0.31  ptS 0.30  fLog 0.57  pdΔ -0.1871  pkR 10.13  clip 0.16  kl +0.004
upd 1456  steps 2983936  sps 1225  opp symm  loss -0.047  pg -0.0477  v 0.020  ev +0.96  adv_std 0.209  tR -1.00  ent[s/d/p/e] 0.18/0.69/1.56/0.00  emits 0.99  spf 120.0  z0 0.01  garr 116.7  tG 705  e2 0.00  nF 10.9  pS 0.30  ptS 0.28  fLog 0.55  pdΔ -0.2032  pkR 10.89  clip 0.12  kl +0.004
upd 1457  steps 2985984  sps 1226  opp symm  loss -0.038  pg -0.0407  v 0.025  ev +0.94  adv_std 0.228  tR +0.00  ent[s/d/p/e] 0.20/0.74/1.47/0.00  emits 1.00  spf 111.7  z0 0.00  garr 111.1  tG 667  e2 0.00  nF 11.6  pS 0.27  ptS 0.26  fLog 0.52  pdΔ -0.2257  pkR 12.83  clip 0.12  kl +0.004
upd 1458  steps 2988032  sps 1226  opp symm  loss -0.009  pg -0.0096  v 0.020  ev +0.95  adv_std 0.205  tR -1.00  ent[s/d/p/e] 0.25/0.73/1.52/0.00  emits 0.99  spf 104.6  z0 0.01  garr 108.9  tG 663  e2 0.00  nF 12.4  pS 0.29  ptS 0.28  fLog 0.54  pdΔ -0.2073  pkR 12.03  clip 0.12  kl +0.003
upd 1459  steps 2990080  sps 1227  opp symm  loss -0.086  pg -0.0860  v 0.019  ev +0.95  adv_std 0.201  tR +0.00  ent[s/d/p/e] 0.23/0.76/1.56/0.00  emits 0.99  spf 106.2  z0 0.01  garr 109.1  tG 672  e2 0.00  nF 11.4  pS 0.32  ptS 0.30  fLog 0.56  pdΔ -0.1813  pkR 11.47  clip 0.12  kl +0.008
upd 1460  steps 2992128  sps 1228  opp symm  loss -0.075  pg -0.0783  v 0.027  ev +0.93  adv_std 0.238  tR +0.00  ent[s/d/p/e] 0.25/0.85/1.53/0.00  emits 1.00  spf 104.0  z0 0.00  garr 105.2  tG 652  e2 0.00  nF 11.5  pS 0.32  ptS 0.31  fLog 0.55  pdΔ -0.1765  pkR 7.70  clip 0.13  kl +0.004
upd 1461  steps 2994176  sps 1228  opp symm  loss -0.044  pg -0.0462  v 0.022  ev +0.95  adv_std 0.214  tR +0.33  ent[s/d/p/e] 0.23/0.75/1.51/0.00  emits 1.00  spf 106.5  z0 0.00  garr 108.3  tG 675  e2 0.00  nF 11.4  pS 0.33  ptS 0.32  fLog 0.56  pdΔ -0.1669  pkR 6.98  clip 0.12  kl +0.005
upd 1462  steps 2996224  sps 1229  opp symm  loss -0.038  pg -0.0387  v 0.020  ev +0.95  adv_std 0.204  tR -1.00  ent[s/d/p/e] 0.24/0.84/1.51/0.00  emits 1.00  spf 99.6  z0 0.00  garr 100.3  tG 692  e2 0.00  nF 10.9  pS 0.34  ptS 0.33  fLog 0.55  pdΔ -0.1648  pkR 6.12  clip 0.12  kl +0.002
upd 1463  steps 2998272  sps 1229  opp symm  loss -0.065  pg -0.0638  v 0.017  ev +0.96  adv_std 0.185  tR +0.60  ent[s/d/p/e] 0.25/0.70/1.59/0.00  emits 0.99  spf 92.1  z0 0.01  garr 93.6  tG 712  e2 0.00  nF 11.5  pS 0.34  ptS 0.33  fLog 0.56  pdΔ -0.1585  pkR 6.71  clip 0.14  kl +0.007
upd 1464  steps 3000320  sps 1230  opp symm  loss -0.072  pg -0.0707  v 0.017  ev +0.96  adv_std 0.185  tR +0.25  ent[s/d/p/e] 0.25/0.79/1.53/0.00  emits 1.00  spf 98.2  z0 0.00  garr 100.4  tG 727  e2 0.00  nF 11.8  pS 0.32  ptS 0.31  fLog 0.54  pdΔ -0.1818  pkR 7.32  clip 0.13  kl +0.005
upd 1465  steps 3002368  sps 1230  opp symm  loss -0.075  pg -0.0750  v 0.019  ev +0.96  adv_std 0.198  tR +0.25  ent[s/d/p/e] 0.23/0.78/1.49/0.00  emits 0.98  spf 104.7  z0 0.02  garr 105.0  tG 713  e2 0.00  nF 10.8  pS 0.30  ptS 0.30  fLog 0.55  pdΔ -0.1959  pkR 6.89  clip 0.13  kl +0.003
upd 1466  steps 3004416  sps 1231  opp symm  loss -0.119  pg -0.1222  v 0.025  ev +0.95  adv_std 0.225  tR +0.43  ent[s/d/p/e] 0.21/0.83/1.48/0.00  emits 0.99  spf 94.8  z0 0.01  garr 93.3  tG 628  e2 0.00  nF 11.4  pS 0.29  ptS 0.29  fLog 0.53  pdΔ -0.2080  pkR 8.53  clip 0.13  kl +0.001
upd 1467  steps 3006464  sps 1231  opp symm  loss -0.147  pg -0.1479  v 0.021  ev +0.96  adv_std 0.205  tR +1.00  ent[s/d/p/e] 0.18/0.88/1.41/0.00  emits 0.98  spf 90.5  z0 0.02  garr 89.0  tG 537  e2 0.00  nF 13.0  pS 0.26  ptS 0.26  fLog 0.51  pdΔ -0.2391  pkR 7.78  clip 0.15  kl +0.004
upd 1468  steps 3008512  sps 1232  opp symm  loss -0.134  pg -0.1321  v 0.016  ev +0.97  adv_std 0.174  tR +0.00  ent[s/d/p/e] 0.18/0.85/1.48/0.00  emits 0.97  spf 95.4  z0 0.03  garr 94.6  tG 558  e2 0.00  nF 12.1  pS 0.27  ptS 0.27  fLog 0.53  pdΔ -0.2288  pkR 6.73  clip 0.17  kl +0.005
upd 1469  steps 3010560  sps 1232  opp symm  loss -0.138  pg -0.1393  v 0.020  ev +0.96  adv_std 0.202  tR +0.20  ent[s/d/p/e] 0.16/0.78/1.41/0.00  emits 0.98  spf 91.0  z0 0.02  garr 91.6  tG 555  e2 0.00  nF 11.7  pS 0.27  ptS 0.26  fLog 0.51  pdΔ -0.2268  pkR 7.64  clip 0.17  kl +0.009
upd 1470  steps 3012608  sps 1233  opp symm  loss -0.140  pg -0.1413  v 0.021  ev +0.96  adv_std 0.204  tR +0.00  ent[s/d/p/e] 0.17/0.81/1.37/0.00  emits 0.98  spf 106.4  z0 0.02  garr 104.8  tG 622  e2 0.00  nF 12.2  pS 0.27  ptS 0.26  fLog 0.52  pdΔ -0.2277  pkR 7.54  clip 0.08  kl +0.003
upd 1471  steps 3014656  sps 1233  opp symm  loss -0.110  pg -0.1140  v 0.026  ev +0.95  adv_std 0.231  tR -1.00  ent[s/d/p/e] 0.16/0.76/1.44/0.00  emits 0.96  spf 117.4  z0 0.04  garr 118.2  tG 704  e2 0.00  nF 12.0  pS 0.27  ptS 0.26  fLog 0.54  pdΔ -0.2277  pkR 7.34  clip 0.11  kl +0.003
upd 1472  steps 3016704  sps 1234  opp symm  loss -0.038  pg -0.0385  v 0.020  ev +0.96  adv_std 0.197  tR -0.33  ent[s/d/p/e] 0.19/0.61/1.51/0.00  emits 0.96  spf 134.9  z0 0.04  garr 130.8  tG 776  e2 0.00  nF 10.7  pS 0.28  ptS 0.27  fLog 0.57  pdΔ -0.2183  pkR 7.21  clip 0.10  kl +0.001
upd 1473  steps 3018752  sps 1234  opp symm  loss -0.043  pg -0.0445  v 0.020  ev +0.95  adv_std 0.205  tR +0.00  ent[s/d/p/e] 0.19/0.65/1.47/0.00  emits 0.99  spf 125.5  z0 0.01  garr 131.0  tG 757  e2 0.00  nF 10.4  pS 0.28  ptS 0.27  fLog 0.54  pdΔ -0.2206  pkR 8.04  clip 0.13  kl -0.001
upd 1474  steps 3020800  sps 1235  opp symm  loss -0.104  pg -0.1022  v 0.015  ev +0.96  adv_std 0.180  tR -1.00  ent[s/d/p/e] 0.19/0.65/1.54/0.00  emits 1.00  spf 133.0  z0 0.00  garr 140.0  tG 812  e2 0.00  nF 10.7  pS 0.30  ptS 0.28  fLog 0.55  pdΔ -0.2021  pkR 7.98  clip 0.12  kl +0.005
upd 1475  steps 3022848  sps 1235  opp symm  loss -0.064  pg -0.0661  v 0.023  ev +0.95  adv_std 0.217  tR +0.60  ent[s/d/p/e] 0.18/0.69/1.54/0.00  emits 1.00  spf 135.0  z0 0.00  garr 137.1  tG 829  e2 0.00  nF 10.6  pS 0.30  ptS 0.29  fLog 0.56  pdΔ -0.2002  pkR 8.03  clip 0.13  kl +0.005
upd 1476  steps 3024896  sps 1236  opp symm  loss -0.013  pg -0.0195  v 0.032  ev +0.93  adv_std 0.258  tR -0.50  ent[s/d/p/e] 0.19/0.64/1.53/0.00  emits 0.98  spf 127.4  z0 0.02  garr 127.6  tG 814  e2 0.00  nF 10.5  pS 0.29  ptS 0.28  fLog 0.55  pdΔ -0.2069  pkR 7.80  clip 0.10  kl +0.004
upd 1477  steps 3026944  sps 1236  opp symm  loss -0.119  pg -0.1198  v 0.021  ev +0.96  adv_std 0.205  tR -0.33  ent[s/d/p/e] 0.19/0.69/1.49/0.00  emits 0.99  spf 128.2  z0 0.01  garr 126.2  tG 849  e2 0.00  nF 11.1  pS 0.29  ptS 0.28  fLog 0.55  pdΔ -0.2097  pkR 7.60  clip 0.13  kl +0.006
upd 1478  steps 3028992  sps 1237  opp symm  loss -0.085  pg -0.0903  v 0.028  ev +0.94  adv_std 0.240  tR +0.20  ent[s/d/p/e] 0.19/0.71/1.44/0.00  emits 0.97  spf 118.4  z0 0.03  garr 114.2  tG 752  e2 0.00  nF 11.7  pS 0.28  ptS 0.27  fLog 0.55  pdΔ -0.2222  pkR 9.15  clip 0.11  kl -0.001
upd 1479  steps 3031040  sps 1237  opp symm  loss -0.140  pg -0.1418  v 0.021  ev +0.96  adv_std 0.212  tR +0.20  ent[s/d/p/e] 0.19/0.71/1.46/0.00  emits 0.97  spf 125.1  z0 0.03  garr 124.6  tG 802  e2 0.00  nF 11.6  pS 0.29  ptS 0.27  fLog 0.55  pdΔ -0.2112  pkR 9.43  clip 0.12  kl +0.003
upd 1480  steps 3033088  sps 1238  opp symm  loss -0.076  pg -0.0809  v 0.026  ev +0.93  adv_std 0.231  tR +0.11  ent[s/d/p/e] 0.19/0.67/1.34/0.00  emits 0.98  spf 120.6  z0 0.02  garr 120.1  tG 729  e2 0.00  nF 12.4  pS 0.26  ptS 0.25  fLog 0.51  pdΔ -0.2380  pkR 11.38  clip 0.10  kl +0.004
upd 1481  steps 3035136  sps 1238  opp symm  loss -0.073  pg -0.0755  v 0.023  ev +0.94  adv_std 0.220  tR -0.25  ent[s/d/p/e] 0.24/0.64/1.43/0.00  emits 0.98  spf 113.8  z0 0.02  garr 117.9  tG 643  e2 0.00  nF 13.3  pS 0.25  ptS 0.24  fLog 0.50  pdΔ -0.2543  pkR 12.93  clip 0.06  kl +0.003
upd 1482  steps 3037184  sps 1239  opp symm  loss -0.146  pg -0.1476  v 0.022  ev +0.95  adv_std 0.212  tR +1.00  ent[s/d/p/e] 0.22/0.75/1.41/0.00  emits 1.00  spf 130.3  z0 0.00  garr 130.5  tG 658  e2 0.00  nF 13.1  pS 0.25  ptS 0.24  fLog 0.53  pdΔ -0.2461  pkR 11.94  clip 0.14  kl +0.006
upd 1483  steps 3039232  sps 1239  opp symm  loss -0.010  pg -0.0190  v 0.035  ev +0.92  adv_std 0.267  tR +1.00  ent[s/d/p/e] 0.21/0.67/1.47/0.00  emits 1.00  spf 142.4  z0 0.00  garr 147.3  tG 714  e2 0.00  nF 12.9  pS 0.26  ptS 0.25  fLog 0.54  pdΔ -0.2379  pkR 12.56  clip 0.08  kl -0.001
upd 1484  steps 3041280  sps 1240  opp symm  loss -0.135  pg -0.1333  v 0.016  ev +0.97  adv_std 0.180  tR +1.00  ent[s/d/p/e] 0.22/0.69/1.51/0.00  emits 1.00  spf 158.9  z0 0.00  garr 158.0  tG 744  e2 0.00  nF 13.2  pS 0.26  ptS 0.25  fLog 0.54  pdΔ -0.2436  pkR 12.01  clip 0.12  kl +0.005
upd 1485  steps 3043328  sps 1240  opp symm  loss -0.137  pg -0.1342  v 0.014  ev +0.97  adv_std 0.164  tR +0.50  ent[s/d/p/e] 0.21/0.68/1.51/0.00  emits 0.99  spf 164.5  z0 0.01  garr 160.3  tG 766  e2 0.00  nF 12.6  pS 0.26  ptS 0.25  fLog 0.54  pdΔ -0.2383  pkR 13.18  clip 0.11  kl +0.004
upd 1486  steps 3045376  sps 1241  opp symm  loss -0.114  pg -0.1124  v 0.017  ev +0.97  adv_std 0.186  tR +1.00  ent[s/d/p/e] 0.20/0.68/1.53/0.00  emits 1.00  spf 168.4  z0 0.00  garr 172.6  tG 827  e2 0.00  nF 12.3  pS 0.27  ptS 0.26  fLog 0.55  pdΔ -0.2298  pkR 11.54  clip 0.11  kl -0.001
upd 1487  steps 3047424  sps 1241  opp symm  loss -0.136  pg -0.1357  v 0.018  ev +0.97  adv_std 0.188  tR +1.00  ent[s/d/p/e] 0.19/0.66/1.47/0.00  emits 0.99  spf 169.3  z0 0.01  garr 166.1  tG 782  e2 0.00  nF 12.1  pS 0.27  ptS 0.26  fLog 0.54  pdΔ -0.2305  pkR 10.91  clip 0.10  kl +0.004
upd 1488  steps 3049472  sps 1242  opp symm  loss -0.017  pg -0.0297  v 0.043  ev +0.92  adv_std 0.293  tR -0.43  ent[s/d/p/e] 0.20/0.67/1.38/0.00  emits 1.00  spf 145.7  z0 0.00  garr 142.5  tG 675  e2 0.00  nF 12.4  pS 0.26  ptS 0.25  fLog 0.53  pdΔ -0.2358  pkR 11.98  clip 0.16  kl +0.006
upd 1489  steps 3051520  sps 1242  opp symm  loss -0.137  pg -0.1414  v 0.026  ev +0.95  adv_std 0.230  tR +0.50  ent[s/d/p/e] 0.20/0.72/1.35/0.00  emits 0.99  spf 136.8  z0 0.01  garr 136.1  tG 600  e2 0.00  nF 13.0  pS 0.24  ptS 0.23  fLog 0.51  pdΔ -0.2557  pkR 10.61  clip 0.13  kl +0.003
upd 1490  steps 3053568  sps 1243  opp symm  loss -0.053  pg -0.0573  v 0.026  ev +0.95  adv_std 0.229  tR +0.20  ent[s/d/p/e] 0.26/0.69/1.39/0.00  emits 0.98  spf 165.2  z0 0.02  garr 159.4  tG 717  e2 0.00  nF 12.0  pS 0.25  ptS 0.24  fLog 0.54  pdΔ -0.2461  pkR 10.25  clip 0.14  kl +0.006
upd 1491  steps 3055616  sps 1243  opp symm  loss -0.057  pg -0.0580  v 0.020  ev +0.96  adv_std 0.203  tR -0.60  ent[s/d/p/e] 0.26/0.61/1.47/0.00  emits 0.99  spf 143.4  z0 0.01  garr 142.5  tG 711  e2 0.00  nF 11.1  pS 0.27  ptS 0.26  fLog 0.55  pdΔ -0.2310  pkR 10.66  clip 0.11  kl +0.001
upd 1492  steps 3057664  sps 1244  opp symm  loss -0.055  pg -0.0590  v 0.026  ev +0.93  adv_std 0.230  tR +0.00  ent[s/d/p/e] 0.27/0.68/1.48/0.00  emits 1.00  spf 146.3  z0 0.00  garr 145.6  tG 778  e2 0.00  nF 10.3  pS 0.29  ptS 0.28  fLog 0.57  pdΔ -0.2112  pkR 11.40  clip 0.13  kl +0.004
upd 1493  steps 3059712  sps 1244  opp symm  loss -0.065  pg -0.0668  v 0.023  ev +0.94  adv_std 0.218  tR +0.14  ent[s/d/p/e] 0.25/0.60/1.53/0.00  emits 1.00  spf 148.4  z0 0.00  garr 150.9  tG 810  e2 0.00  nF 10.0  pS 0.29  ptS 0.28  fLog 0.58  pdΔ -0.2074  pkR 12.06  clip 0.11  kl +0.005
upd 1494  steps 3061760  sps 1245  opp symm  loss -0.067  pg -0.0688  v 0.021  ev +0.95  adv_std 0.208  tR +0.33  ent[s/d/p/e] 0.23/0.68/1.44/0.00  emits 1.00  spf 155.9  z0 0.00  garr 158.4  tG 865  e2 0.00  nF 10.2  pS 0.29  ptS 0.27  fLog 0.57  pdΔ -0.2110  pkR 12.08  clip 0.08  kl +0.001
upd 1495  steps 3063808  sps 1245  opp symm  loss -0.075  pg -0.0767  v 0.022  ev +0.94  adv_std 0.213  tR +0.08  ent[s/d/p/e] 0.27/0.62/1.44/0.00  emits 1.00  spf 166.3  z0 0.00  garr 168.4  tG 921  e2 0.00  nF 10.5  pS 0.29  ptS 0.28  fLog 0.57  pdΔ -0.2060  pkR 12.46  clip 0.13  kl +0.004
upd 1496  steps 3065856  sps 1246  opp symm  loss -0.117  pg -0.1191  v 0.021  ev +0.95  adv_std 0.211  tR +0.75  ent[s/d/p/e] 0.28/0.77/1.30/0.00  emits 1.00  spf 134.4  z0 0.00  garr 138.4  tG 734  e2 0.00  nF 11.1  pS 0.26  ptS 0.25  fLog 0.52  pdΔ -0.2384  pkR 8.81  clip 0.15  kl +0.003
upd 1497  steps 3067904  sps 1246  opp symm  loss -0.001  pg -0.0095  v 0.036  ev +0.90  adv_std 0.275  tR +0.20  ent[s/d/p/e] 0.35/0.66/1.47/0.00  emits 1.00  spf 142.5  z0 0.00  garr 149.9  tG 791  e2 0.00  nF 11.8  pS 0.27  ptS 0.26  fLog 0.54  pdΔ -0.2250  pkR 9.29  clip 0.15  kl +0.004
upd 1498  steps 3069952  sps 1247  opp symm  loss -0.019  pg -0.0231  v 0.026  ev +0.93  adv_std 0.235  tR +0.00  ent[s/d/p/e] 0.33/0.60/1.51/0.00  emits 1.00  spf 159.1  z0 0.00  garr 162.7  tG 898  e2 0.00  nF 11.7  pS 0.30  ptS 0.29  fLog 0.56  pdΔ -0.1961  pkR 8.95  clip 0.15  kl +0.006
[eval_vs_v20] u1499 tag=train_u1499  bin0=0.0%  spf=0.00  garr=128.50  flip=0.00%  z0=71.9%  e8=0.0%  e2+=0.0%  WLD=0/3/0
upd 1499  steps 3072000  sps 1247  opp symm  loss -0.109  pg -0.1068  v 0.015  ev +0.96  adv_std 0.177  tR +1.00  ent[s/d/p/e] 0.28/0.62/1.57/0.00  emits 0.99  spf 166.3  z0 0.01  garr 169.4  tG 1013  e2 0.00  nF 11.1  pS 0.32  ptS 0.30  fLog 0.60  pdΔ -0.1832  pkR 8.85  clip 0.10  kl +0.002 WRr 0.56 v20[spf 0.0 flip 0.0% e2+ 0.0%]
upd 1500  steps 3074048  sps 1196  opp symm  loss -0.118  pg -0.1193  v 0.021  ev +0.95  adv_std 0.208  tR +0.00  ent[s/d/p/e] 0.26/0.67/1.53/0.00  emits 0.99  spf 166.9  z0 0.01  garr 173.3  tG 1050  e2 0.00  nF 10.2  pS 0.31  ptS 0.29  fLog 0.58  pdΔ -0.1925  pkR 9.13  clip 0.13  kl +0.001
upd 1501  steps 3076096  sps 1197  opp symm  loss -0.103  pg -0.1061  v 0.024  ev +0.94  adv_std 0.225  tR +0.33  ent[s/d/p/e] 0.27/0.63/1.48/0.00  emits 1.00  spf 170.1  z0 0.00  garr 172.4  tG 1032  e2 0.00  nF 11.1  pS 0.31  ptS 0.30  fLog 0.56  pdΔ -0.1924  pkR 10.22  clip 0.16  kl +0.002
upd 1502  steps 3078144  sps 1197  opp symm  loss -0.074  pg -0.0747  v 0.019  ev +0.95  adv_std 0.201  tR +1.00  ent[s/d/p/e] 0.23/0.60/1.54/0.00  emits 0.98  spf 191.5  z0 0.02  garr 188.8  tG 1140  e2 0.00  nF 12.0  pS 0.32  ptS 0.31  fLog 0.58  pdΔ -0.1768  pkR 9.88  clip 0.16  kl +0.002
upd 1503  steps 3080192  sps 1198  opp symm  loss -0.035  pg -0.0377  v 0.024  ev +0.94  adv_std 0.224  tR +0.00  ent[s/d/p/e] 0.25/0.55/1.53/0.00  emits 0.94  spf 188.6  z0 0.06  garr 182.7  tG 1092  e2 0.00  nF 11.9  pS 0.32  ptS 0.30  fLog 0.60  pdΔ -0.1780  pkR 10.90  clip 0.15  kl -0.000
upd 1504  steps 3082240  sps 1198  opp symm  loss -0.013  pg -0.0126  v 0.017  ev +0.95  adv_std 0.188  tR +0.50  ent[s/d/p/e] 0.22/0.44/1.49/0.00  emits 0.97  spf 167.4  z0 0.03  garr 167.9  tG 984  e2 0.00  nF 11.3  pS 0.31  ptS 0.29  fLog 0.58  pdΔ -0.1878  pkR 11.37  clip 0.17  kl +0.006
upd 1505  steps 3084288  sps 1199  opp symm  loss -0.044  pg -0.0450  v 0.021  ev +0.94  adv_std 0.206  tR +0.33  ent[s/d/p/e] 0.27/0.54/1.46/0.00  emits 1.00  spf 147.5  z0 0.00  garr 150.8  tG 887  e2 0.00  nF 12.4  pS 0.30  ptS 0.28  fLog 0.57  pdΔ -0.1970  pkR 11.65  clip 0.14  kl +0.005
upd 1506  steps 3086336  sps 1199  opp symm  loss -0.025  pg -0.0246  v 0.018  ev +0.95  adv_std 0.191  tR +0.33  ent[s/d/p/e] 0.27/0.54/1.53/0.00  emits 1.00  spf 137.3  z0 0.00  garr 139.6  tG 766  e2 0.00  nF 12.5  pS 0.31  ptS 0.29  fLog 0.57  pdΔ -0.1923  pkR 9.04  clip 0.11  kl +0.007
upd 1507  steps 3088384  sps 1199  opp symm  loss -0.051  pg -0.0521  v 0.021  ev +0.93  adv_std 0.209  tR +0.60  ent[s/d/p/e] 0.27/0.54/1.61/0.00  emits 1.00  spf 112.3  z0 0.00  garr 117.9  tG 700  e2 0.00  nF 13.0  pS 0.32  ptS 0.30  fLog 0.56  pdΔ -0.1835  pkR 7.17  clip 0.12  kl -0.000
upd 1508  steps 3090432  sps 1200  opp symm  loss -0.030  pg -0.0268  v 0.014  ev +0.96  adv_std 0.165  tR +1.00  ent[s/d/p/e] 0.28/0.53/1.62/0.00  emits 1.00  spf 116.7  z0 0.00  garr 120.4  tG 725  e2 0.00  nF 12.1  pS 0.33  ptS 0.31  fLog 0.57  pdΔ -0.1715  pkR 6.39  clip 0.13  kl +0.006
upd 1509  steps 3092480  sps 1200  opp symm  loss -0.088  pg -0.0855  v 0.014  ev +0.96  adv_std 0.171  tR +1.00  ent[s/d/p/e] 0.25/0.58/1.59/0.00  emits 1.00  spf 122.4  z0 0.00  garr 126.9  tG 738  e2 0.00  nF 11.0  pS 0.33  ptS 0.32  fLog 0.58  pdΔ -0.1696  pkR 5.85  clip 0.12  kl +0.005
upd 1510  steps 3094528  sps 1201  opp symm  loss -0.059  pg -0.0580  v 0.017  ev +0.95  adv_std 0.188  tR +0.50  ent[s/d/p/e] 0.18/0.60/1.54/0.00  emits 1.00  spf 134.4  z0 0.00  garr 139.3  tG 767  e2 0.00  nF 10.4  pS 0.33  ptS 0.31  fLog 0.59  pdΔ -0.1747  pkR 6.31  clip 0.12  kl +0.006
upd 1511  steps 3096576  sps 1201  opp symm  loss -0.048  pg -0.0520  v 0.025  ev +0.93  adv_std 0.228  tR +0.09  ent[s/d/p/e] 0.18/0.60/1.42/0.00  emits 1.00  spf 132.8  z0 0.00  garr 136.2  tG 696  e2 0.00  nF 9.5  pS 0.28  ptS 0.27  fLog 0.55  pdΔ -0.2182  pkR 7.41  clip 0.10  kl +0.000
upd 1512  steps 3098624  sps 1202  opp symm  loss -0.058  pg -0.0634  v 0.029  ev +0.92  adv_std 0.244  tR +0.33  ent[s/d/p/e] 0.17/0.59/1.47/0.00  emits 1.00  spf 126.9  z0 0.00  garr 132.1  tG 678  e2 0.00  nF 10.6  pS 0.27  ptS 0.26  fLog 0.57  pdΔ -0.2267  pkR 6.94  clip 0.14  kl +0.003
upd 1513  steps 3100672  sps 1202  opp symm  loss -0.070  pg -0.0705  v 0.020  ev +0.94  adv_std 0.201  tR +0.00  ent[s/d/p/e] 0.18/0.61/1.51/0.00  emits 1.00  spf 114.9  z0 0.00  garr 121.2  tG 647  e2 0.00  nF 10.7  pS 0.28  ptS 0.27  fLog 0.57  pdΔ -0.2156  pkR 8.13  clip 0.11  kl +0.006
upd 1514  steps 3102720  sps 1203  opp symm  loss -0.138  pg -0.1360  v 0.014  ev +0.96  adv_std 0.170  tR +1.00  ent[s/d/p/e] 0.16/0.58/1.48/0.00  emits 1.00  spf 108.3  z0 0.00  garr 110.5  tG 648  e2 0.00  nF 11.1  pS 0.29  ptS 0.27  fLog 0.58  pdΔ -0.2123  pkR 8.39  clip 0.15  kl +0.006
upd 1515  steps 3104768  sps 1203  opp symm  loss -0.048  pg -0.0529  v 0.028  ev +0.91  adv_std 0.242  tR +1.00  ent[s/d/p/e] 0.17/0.57/1.47/0.00  emits 1.00  spf 126.3  z0 0.00  garr 125.7  tG 659  e2 0.00  nF 10.6  pS 0.26  ptS 0.25  fLog 0.59  pdΔ -0.2378  pkR 9.03  clip 0.08  kl +0.003
upd 1516  steps 3106816  sps 1204  opp symm  loss -0.054  pg -0.0606  v 0.032  ev +0.92  adv_std 0.254  tR +0.20  ent[s/d/p/e] 0.18/0.59/1.48/0.00  emits 1.00  spf 142.9  z0 0.00  garr 143.8  tG 709  e2 0.00  nF 10.9  pS 0.25  ptS 0.23  fLog 0.59  pdΔ -0.2542  pkR 9.73  clip 0.09  kl +0.003
upd 1517  steps 3108864  sps 1204  opp symm  loss -0.033  pg -0.0367  v 0.026  ev +0.92  adv_std 0.231  tR +1.00  ent[s/d/p/e] 0.20/0.57/1.52/0.00  emits 1.00  spf 162.3  z0 0.00  garr 165.7  tG 787  e2 0.00  nF 10.6  pS 0.25  ptS 0.24  fLog 0.60  pdΔ -0.2513  pkR 10.62  clip 0.08  kl +0.002
upd 1518  steps 3110912  sps 1205  opp symm  loss -0.057  pg -0.0547  v 0.014  ev +0.95  adv_std 0.174  tR +1.00  ent[s/d/p/e] 0.21/0.55/1.56/0.00  emits 1.00  spf 177.3  z0 0.00  garr 185.5  tG 869  e2 0.00  nF 10.7  pS 0.27  ptS 0.26  fLog 0.62  pdΔ -0.2282  pkR 10.01  clip 0.11  kl +0.005
upd 1519  steps 3112960  sps 1205  opp symm  loss -0.032  pg -0.0331  v 0.020  ev +0.93  adv_std 0.204  tR +0.00  ent[s/d/p/e] 0.20/0.46/1.64/0.00  emits 1.00  spf 203.6  z0 0.00  garr 208.9  tG 979  e2 0.00  nF 9.6  pS 0.30  ptS 0.28  fLog 0.64  pdΔ -0.2043  pkR 8.71  clip 0.12  kl +0.003
upd 1520  steps 3115008  sps 1206  opp symm  loss -0.035  pg -0.0336  v 0.016  ev +0.94  adv_std 0.179  tR +0.33  ent[s/d/p/e] 0.19/0.41/1.61/0.00  emits 1.00  spf 229.5  z0 0.00  garr 231.9  tG 1088  e2 0.00  nF 8.4  pS 0.30  ptS 0.28  fLog 0.66  pdΔ -0.2018  pkR 8.95  clip 0.13  kl +0.001
upd 1521  steps 3117056  sps 1206  opp symm  loss -0.076  pg -0.0743  v 0.015  ev +0.95  adv_std 0.176  tR +1.00  ent[s/d/p/e] 0.18/0.45/1.57/0.00  emits 1.00  spf 228.1  z0 0.00  garr 235.0  tG 1115  e2 0.00  nF 8.6  pS 0.29  ptS 0.28  fLog 0.64  pdΔ -0.2095  pkR 10.23  clip 0.16  kl +0.008
upd 1522  steps 3119104  sps 1207  opp symm  loss +0.006  pg +0.0068  v 0.016  ev +0.94  adv_std 0.179  tR +1.00  ent[s/d/p/e] 0.20/0.40/1.57/0.00  emits 1.00  spf 237.7  z0 0.00  garr 245.8  tG 1128  e2 0.00  nF 8.8  pS 0.28  ptS 0.27  fLog 0.64  pdΔ -0.2183  pkR 9.59  clip 0.19  kl +0.004
upd 1523  steps 3121152  sps 1207  opp symm  loss +0.008  pg +0.0043  v 0.025  ev +0.92  adv_std 0.224  tR +0.20  ent[s/d/p/e] 0.18/0.45/1.51/0.00  emits 1.00  spf 223.9  z0 0.00  garr 228.9  tG 1062  e2 0.00  nF 8.9  pS 0.27  ptS 0.26  fLog 0.64  pdΔ -0.2281  pkR 10.30  clip 0.17  kl +0.006
upd 1524  steps 3123200  sps 1207  opp symm  loss -0.017  pg -0.0181  v 0.020  ev +0.94  adv_std 0.200  tR +0.50  ent[s/d/p/e] 0.21/0.40/1.56/0.00  emits 1.00  spf 217.1  z0 0.00  garr 224.6  tG 981  e2 0.00  nF 8.8  pS 0.28  ptS 0.26  fLog 0.63  pdΔ -0.2235  pkR 8.67  clip 0.15  kl +0.002
upd 1525  steps 3125248  sps 1208  opp symm  loss -0.024  pg -0.0227  v 0.016  ev +0.95  adv_std 0.181  tR +0.50  ent[s/d/p/e] 0.21/0.40/1.62/0.00  emits 1.00  spf 231.0  z0 0.00  garr 233.6  tG 1008  e2 0.00  nF 9.1  pS 0.29  ptS 0.27  fLog 0.64  pdΔ -0.2081  pkR 9.22  clip 0.16  kl +0.006
upd 1526  steps 3127296  sps 1208  opp symm  loss -0.036  pg -0.0432  v 0.032  ev +0.92  adv_std 0.255  tR +0.09  ent[s/d/p/e] 0.17/0.47/1.49/0.00  emits 1.00  spf 206.5  z0 0.00  garr 215.9  tG 980  e2 0.00  nF 8.8  pS 0.28  ptS 0.26  fLog 0.61  pdΔ -0.2218  pkR 9.62  clip 0.15  kl +0.001
upd 1527  steps 3129344  sps 1209  opp symm  loss -0.117  pg -0.1223  v 0.027  ev +0.94  adv_std 0.239  tR +0.33  ent[s/d/p/e] 0.20/0.69/1.35/0.00  emits 1.00  spf 170.7  z0 0.00  garr 177.5  tG 779  e2 0.00  nF 10.6  pS 0.25  ptS 0.24  fLog 0.56  pdΔ -0.2505  pkR 8.53  clip 0.17  kl +0.004
upd 1528  steps 3131392  sps 1209  opp symm  loss -0.105  pg -0.1127  v 0.032  ev +0.94  adv_std 0.245  tR -0.20  ent[s/d/p/e] 0.20/0.74/1.39/0.00  emits 1.00  spf 169.3  z0 0.00  garr 173.3  tG 722  e2 0.00  nF 11.9  pS 0.25  ptS 0.24  fLog 0.56  pdΔ -0.2544  pkR 8.69  clip 0.07  kl +0.004
upd 1529  steps 3133440  sps 1210  opp symm  loss -0.050  pg -0.0560  v 0.029  ev +0.93  adv_std 0.249  tR +0.33  ent[s/d/p/e] 0.25/0.71/1.37/0.00  emits 1.00  spf 131.7  z0 0.00  garr 138.9  tG 619  e2 0.00  nF 12.7  pS 0.24  ptS 0.24  fLog 0.54  pdΔ -0.2557  pkR 8.97  clip 0.07  kl +0.003
upd 1530  steps 3135488  sps 1210  opp symm  loss -0.064  pg -0.0696  v 0.029  ev +0.93  adv_std 0.244  tR -1.00  ent[s/d/p/e] 0.26/0.75/1.43/0.00  emits 0.99  spf 123.3  z0 0.01  garr 126.8  tG 575  e2 0.00  nF 13.2  pS 0.24  ptS 0.24  fLog 0.54  pdΔ -0.2573  pkR 9.50  clip 0.15  kl +0.004
upd 1531  steps 3137536  sps 1211  opp symm  loss -0.140  pg -0.1382  v 0.015  ev +0.96  adv_std 0.177  tR +1.00  ent[s/d/p/e] 0.25/0.73/1.44/0.00  emits 0.98  spf 140.8  z0 0.02  garr 143.4  tG 630  e2 0.00  nF 13.5  pS 0.24  ptS 0.24  fLog 0.55  pdΔ -0.2581  pkR 9.56  clip 0.11  kl +0.003
upd 1532  steps 3139584  sps 1211  opp symm  loss -0.107  pg -0.1058  v 0.016  ev +0.96  adv_std 0.186  tR +0.20  ent[s/d/p/e] 0.25/0.66/1.46/0.00  emits 0.96  spf 167.6  z0 0.04  garr 161.9  tG 659  e2 0.00  nF 13.1  pS 0.23  ptS 0.23  fLog 0.56  pdΔ -0.2704  pkR 9.34  clip 0.11  kl +0.004
upd 1533  steps 3141632  sps 1212  opp symm  loss -0.050  pg -0.0491  v 0.018  ev +0.96  adv_std 0.192  tR -0.33  ent[s/d/p/e] 0.24/0.63/1.52/0.00  emits 0.98  spf 185.4  z0 0.02  garr 187.6  tG 745  e2 0.00  nF 12.1  pS 0.25  ptS 0.24  fLog 0.58  pdΔ -0.2508  pkR 9.37  clip 0.09  kl -0.000
upd 1534  steps 3143680  sps 1212  opp symm  loss -0.050  pg -0.0497  v 0.017  ev +0.96  adv_std 0.188  tR +1.00  ent[s/d/p/e] 0.23/0.54/1.54/0.00  emits 0.98  spf 210.4  z0 0.02  garr 212.1  tG 848  e2 0.00  nF 11.2  pS 0.27  ptS 0.26  fLog 0.60  pdΔ -0.2345  pkR 8.85  clip 0.10  kl +0.005
upd 1535  steps 3145728  sps 1213  opp symm  loss -0.035  pg -0.0364  v 0.021  ev +0.94  adv_std 0.205  tR +0.14  ent[s/d/p/e] 0.24/0.57/1.52/0.00  emits 1.00  spf 186.2  z0 0.00  garr 194.9  tG 763  e2 0.00  nF 10.4  pS 0.27  ptS 0.26  fLog 0.60  pdΔ -0.2346  pkR 9.29  clip 0.16  kl +0.009
upd 1536  steps 3147776  sps 1213  opp symm  loss -0.065  pg -0.0669  v 0.022  ev +0.94  adv_std 0.212  tR +0.00  ent[s/d/p/e] 0.22/0.55/1.47/0.00  emits 1.00  spf 199.2  z0 0.00  garr 198.6  tG 774  e2 0.00  nF 10.5  pS 0.26  ptS 0.25  fLog 0.59  pdΔ -0.2359  pkR 7.35  clip 0.10  kl +0.002
upd 1537  steps 3149824  sps 1214  opp symm  loss -0.022  pg -0.0215  v 0.017  ev +0.96  adv_std 0.186  tR +0.00  ent[s/d/p/e] 0.22/0.58/1.45/0.00  emits 0.99  spf 205.7  z0 0.01  garr 210.5  tG 790  e2 0.00  nF 12.0  pS 0.26  ptS 0.25  fLog 0.58  pdΔ -0.2383  pkR 7.81  clip 0.13  kl +0.001
upd 1538  steps 3151872  sps 1214  opp symm  loss -0.018  pg -0.0193  v 0.020  ev +0.95  adv_std 0.202  tR -0.67  ent[s/d/p/e] 0.23/0.50/1.44/0.00  emits 1.00  spf 208.1  z0 0.00  garr 217.2  tG 816  e2 0.00  nF 11.1  pS 0.26  ptS 0.25  fLog 0.58  pdΔ -0.2353  pkR 7.91  clip 0.11  kl +0.004
upd 1539  steps 3153920  sps 1215  opp symm  loss -0.047  pg -0.0467  v 0.017  ev +0.95  adv_std 0.189  tR +0.50  ent[s/d/p/e] 0.26/0.49/1.47/0.00  emits 1.00  spf 195.0  z0 0.00  garr 200.2  tG 783  e2 0.00  nF 10.9  pS 0.27  ptS 0.26  fLog 0.58  pdΔ -0.2264  pkR 8.49  clip 0.10  kl +0.002
upd 1540  steps 3155968  sps 1215  opp symm  loss -0.090  pg -0.0883  v 0.014  ev +0.96  adv_std 0.169  tR +0.00  ent[s/d/p/e] 0.24/0.52/1.46/0.00  emits 0.99  spf 174.9  z0 0.01  garr 184.0  tG 738  e2 0.00  nF 10.5  pS 0.29  ptS 0.28  fLog 0.59  pdΔ -0.2148  pkR 5.42  clip 0.09  kl +0.005
upd 1541  steps 3158016  sps 1215  opp symm  loss -0.052  pg -0.0506  v 0.014  ev +0.96  adv_std 0.172  tR +0.00  ent[s/d/p/e] 0.22/0.45/1.48/0.00  emits 0.98  spf 200.3  z0 0.02  garr 201.5  tG 829  e2 0.00  nF 10.3  pS 0.30  ptS 0.29  fLog 0.62  pdΔ -0.2024  pkR 5.34  clip 0.14  kl +0.004
upd 1542  steps 3160064  sps 1216  opp symm  loss -0.080  pg -0.0797  v 0.016  ev +0.95  adv_std 0.183  tR +0.45  ent[s/d/p/e] 0.21/0.58/1.35/0.00  emits 0.99  spf 190.5  z0 0.01  garr 198.8  tG 790  e2 0.00  nF 9.4  pS 0.27  ptS 0.26  fLog 0.59  pdΔ -0.2265  pkR 6.66  clip 0.09  kl +0.002
upd 1543  steps 3162112  sps 1216  opp symm  loss -0.122  pg -0.1241  v 0.021  ev +0.95  adv_std 0.207  tR +1.00  ent[s/d/p/e] 0.20/0.69/1.32/0.00  emits 1.00  spf 193.9  z0 0.00  garr 205.6  tG 789  e2 0.00  nF 10.8  pS 0.27  ptS 0.25  fLog 0.58  pdΔ -0.2347  pkR 7.60  clip 0.12  kl +0.005
upd 1544  steps 3164160  sps 1217  opp symm  loss +0.007  pg +0.0016  v 0.028  ev +0.91  adv_std 0.234  tR +0.00  ent[s/d/p/e] 0.20/0.50/1.41/0.00  emits 1.00  spf 202.8  z0 0.00  garr 215.4  tG 762  e2 0.00  nF 10.1  pS 0.28  ptS 0.26  fLog 0.60  pdΔ -0.2236  pkR 7.45  clip 0.12  kl +0.005
upd 1545  steps 3166208  sps 1217  opp symm  loss -0.070  pg -0.0673  v 0.013  ev +0.95  adv_std 0.158  tR +1.00  ent[s/d/p/e] 0.20/0.40/1.51/0.00  emits 1.00  spf 227.1  z0 0.00  garr 238.5  tG 795  e2 0.00  nF 9.6  pS 0.29  ptS 0.27  fLog 0.63  pdΔ -0.2125  pkR 4.80  clip 0.14  kl +0.005
upd 1546  steps 3168256  sps 1218  opp symm  loss -0.096  pg -0.0932  v 0.011  ev +0.96  adv_std 0.148  tR +0.00  ent[s/d/p/e] 0.15/0.43/1.49/0.00  emits 1.00  spf 236.5  z0 0.00  garr 250.6  tG 885  e2 0.00  nF 8.0  pS 0.31  ptS 0.29  fLog 0.67  pdΔ -0.1909  pkR 4.30  clip 0.10  kl +0.004
upd 1547  steps 3170304  sps 1218  opp symm  loss -0.111  pg -0.1102  v 0.016  ev +0.96  adv_std 0.183  tR -0.20  ent[s/d/p/e] 0.11/0.53/1.43/0.01  emits 1.00  spf 234.0  z0 0.00  garr 247.3  tG 883  e2 0.00  nF 7.8  pS 0.30  ptS 0.28  fLog 0.67  pdΔ -0.1983  pkR 3.71  clip 0.13  kl +0.002
upd 1548  steps 3172352  sps 1219  opp symm  loss -0.104  pg -0.1037  v 0.017  ev +0.95  adv_std 0.189  tR +0.33  ent[s/d/p/e] 0.13/0.51/1.44/0.00  emits 1.00  spf 254.0  z0 0.00  garr 262.8  tG 894  e2 0.00  nF 8.4  pS 0.29  ptS 0.28  fLog 0.65  pdΔ -0.2074  pkR 3.91  clip 0.09  kl +0.005
upd 1549  steps 3174400  sps 1219  opp symm  loss -0.051  pg -0.0538  v 0.022  ev +0.93  adv_std 0.210  tR -0.33  ent[s/d/p/e] 0.15/0.55/1.42/0.00  emits 1.00  spf 262.5  z0 0.00  garr 271.0  tG 914  e2 0.00  nF 9.3  pS 0.30  ptS 0.28  fLog 0.65  pdΔ -0.2046  pkR 4.13  clip 0.11  kl +0.004
upd 1550  steps 3176448  sps 1220  opp symm  loss -0.047  pg -0.0491  v 0.021  ev +0.93  adv_std 0.207  tR +1.00  ent[s/d/p/e] 0.15/0.50/1.45/0.00  emits 1.00  spf 274.7  z0 0.00  garr 277.3  tG 966  e2 0.00  nF 8.0  pS 0.30  ptS 0.29  fLog 0.66  pdΔ -0.1956  pkR 4.07  clip 0.10  kl +0.002
upd 1551  steps 3178496  sps 1220  opp symm  loss -0.087  pg -0.0899  v 0.022  ev +0.93  adv_std 0.212  tR +0.50  ent[s/d/p/e] 0.13/0.52/1.38/0.00  emits 1.00  spf 258.5  z0 0.00  garr 267.3  tG 943  e2 0.00  nF 7.8  pS 0.28  ptS 0.27  fLog 0.64  pdΔ -0.2151  pkR 4.09  clip 0.09  kl +0.003
upd 1552  steps 3180544  sps 1221  opp symm  loss -0.024  pg -0.0262  v 0.021  ev +0.93  adv_std 0.212  tR +0.60  ent[s/d/p/e] 0.14/0.57/1.46/0.00  emits 0.98  spf 254.0  z0 0.02  garr 262.8  tG 940  e2 0.00  nF 8.8  pS 0.28  ptS 0.26  fLog 0.63  pdΔ -0.2183  pkR 4.70  clip 0.11  kl +0.003
upd 1553  steps 3182592  sps 1221  opp symm  loss +0.003  pg -0.0000  v 0.022  ev +0.93  adv_std 0.209  tR +0.20  ent[s/d/p/e] 0.16/0.49/1.46/0.00  emits 0.99  spf 249.2  z0 0.01  garr 253.5  tG 948  e2 0.00  nF 7.7  pS 0.28  ptS 0.26  fLog 0.64  pdΔ -0.2207  pkR 5.32  clip 0.16  kl +0.009
upd 1554  steps 3184640  sps 1222  opp symm  loss -0.058  pg -0.0569  v 0.014  ev +0.95  adv_std 0.173  tR +1.00  ent[s/d/p/e] 0.17/0.49/1.48/0.00  emits 1.00  spf 270.8  z0 0.00  garr 279.3  tG 1040  e2 0.00  nF 7.2  pS 0.29  ptS 0.27  fLog 0.64  pdΔ -0.2113  pkR 5.46  clip 0.16  kl +0.005
upd 1555  steps 3186688  sps 1222  opp symm  loss -0.049  pg -0.0471  v 0.014  ev +0.96  adv_std 0.175  tR +0.00  ent[s/d/p/e] 0.15/0.46/1.52/0.00  emits 0.98  spf 277.7  z0 0.02  garr 285.8  tG 1080  e2 0.00  nF 6.6  pS 0.29  ptS 0.26  fLog 0.66  pdΔ -0.2141  pkR 5.80  clip 0.08  kl +0.001
upd 1556  steps 3188736  sps 1223  opp symm  loss -0.044  pg -0.0427  v 0.015  ev +0.96  adv_std 0.176  tR +0.00  ent[s/d/p/e] 0.14/0.46/1.52/0.00  emits 1.00  spf 287.7  z0 0.00  garr 289.4  tG 1144  e2 0.00  nF 6.8  pS 0.30  ptS 0.27  fLog 0.67  pdΔ -0.2030  pkR 6.04  clip 0.09  kl +0.001
upd 1557  steps 3190784  sps 1223  opp symm  loss -0.003  pg -0.0120  v 0.035  ev +0.90  adv_std 0.269  tR +0.33  ent[s/d/p/e] 0.14/0.52/1.44/0.00  emits 1.00  spf 259.5  z0 0.00  garr 266.5  tG 1079  e2 0.00  nF 6.2  pS 0.27  ptS 0.25  fLog 0.64  pdΔ -0.2273  pkR 6.95  clip 0.09  kl +0.004
upd 1558  steps 3192832  sps 1224  opp symm  loss -0.061  pg -0.0633  v 0.020  ev +0.94  adv_std 0.207  tR +0.00  ent[s/d/p/e] 0.15/0.50/1.38/0.00  emits 1.00  spf 265.6  z0 0.00  garr 267.5  tG 1004  e2 0.00  nF 7.3  pS 0.24  ptS 0.22  fLog 0.62  pdΔ -0.2583  pkR 8.23  clip 0.07  kl +0.001
upd 1559  steps 3194880  sps 1224  opp symm  loss -0.022  pg -0.0230  v 0.018  ev +0.95  adv_std 0.196  tR +0.60  ent[s/d/p/e] 0.17/0.50/1.40/0.00  emits 1.00  spf 267.3  z0 0.00  garr 271.2  tG 1009  e2 0.00  nF 8.6  pS 0.24  ptS 0.22  fLog 0.63  pdΔ -0.2562  pkR 8.80  clip 0.10  kl +0.002
upd 1560  steps 3196928  sps 1225  opp symm  loss -0.023  pg -0.0232  v 0.018  ev +0.95  adv_std 0.200  tR +0.33  ent[s/d/p/e] 0.20/0.51/1.43/0.00  emits 1.00  spf 221.1  z0 0.00  garr 230.4  tG 870  e2 0.00  nF 8.5  pS 0.24  ptS 0.22  fLog 0.61  pdΔ -0.2556  pkR 5.73  clip 0.17  kl +0.004
upd 1561  steps 3198976  sps 1225  opp symm  loss -0.095  pg -0.0937  v 0.015  ev +0.96  adv_std 0.176  tR +1.00  ent[s/d/p/e] 0.22/0.55/1.45/0.00  emits 1.00  spf 192.7  z0 0.00  garr 194.7  tG 821  e2 0.00  nF 8.4  pS 0.26  ptS 0.24  fLog 0.62  pdΔ -0.2399  pkR 6.34  clip 0.15  kl +0.006
upd 1562  steps 3201024  sps 1226  opp symm  loss -0.035  pg -0.0342  v 0.015  ev +0.96  adv_std 0.176  tR -1.00  ent[s/d/p/e] 0.17/0.52/1.45/0.00  emits 0.99  spf 200.4  z0 0.01  garr 202.1  tG 889  e2 0.00  nF 8.9  pS 0.27  ptS 0.25  fLog 0.63  pdΔ -0.2297  pkR 6.40  clip 0.12  kl +0.006
upd 1563  steps 3203072  sps 1226  opp symm  loss -0.047  pg -0.0484  v 0.021  ev +0.95  adv_std 0.207  tR +0.71  ent[s/d/p/e] 0.18/0.57/1.42/0.00  emits 0.99  spf 220.5  z0 0.01  garr 220.5  tG 953  e2 0.00  nF 7.9  pS 0.26  ptS 0.25  fLog 0.63  pdΔ -0.2406  pkR 6.84  clip 0.10  kl +0.004
upd 1564  steps 3205120  sps 1227  opp symm  loss -0.054  pg -0.0545  v 0.019  ev +0.95  adv_std 0.194  tR +1.00  ent[s/d/p/e] 0.19/0.56/1.43/0.00  emits 0.99  spf 219.9  z0 0.01  garr 223.0  tG 934  e2 0.00  nF 8.0  pS 0.25  ptS 0.24  fLog 0.63  pdΔ -0.2475  pkR 7.08  clip 0.15  kl +0.004
upd 1565  steps 3207168  sps 1227  opp symm  loss -0.065  pg -0.0679  v 0.022  ev +0.95  adv_std 0.210  tR +0.00  ent[s/d/p/e] 0.15/0.56/1.39/0.00  emits 0.98  spf 240.4  z0 0.02  garr 238.2  tG 999  e2 0.00  nF 7.8  pS 0.24  ptS 0.23  fLog 0.63  pdΔ -0.2555  pkR 6.69  clip 0.15  kl +0.002
upd 1566  steps 3209216  sps 1228  opp symm  loss -0.033  pg -0.0359  v 0.022  ev +0.94  adv_std 0.217  tR -0.50  ent[s/d/p/e] 0.17/0.54/1.36/0.00  emits 1.00  spf 251.8  z0 0.00  garr 258.5  tG 1069  e2 0.00  nF 8.7  pS 0.24  ptS 0.23  fLog 0.62  pdΔ -0.2568  pkR 6.69  clip 0.05  kl +0.000
upd 1567  steps 3211264  sps 1228  opp symm  loss -0.089  pg -0.0916  v 0.022  ev +0.94  adv_std 0.212  tR +0.00  ent[s/d/p/e] 0.19/0.56/1.38/0.00  emits 1.00  spf 258.8  z0 0.00  garr 268.4  tG 1089  e2 0.00  nF 9.8  pS 0.25  ptS 0.24  fLog 0.61  pdΔ -0.2519  pkR 7.03  clip 0.06  kl +0.000
upd 1568  steps 3213312  sps 1229  opp symm  loss -0.042  pg -0.0443  v 0.021  ev +0.95  adv_std 0.211  tR +0.14  ent[s/d/p/e] 0.21/0.59/1.41/0.00  emits 0.99  spf 248.5  z0 0.01  garr 250.3  tG 939  e2 0.00  nF 10.5  pS 0.24  ptS 0.23  fLog 0.60  pdΔ -0.2580  pkR 7.96  clip 0.10  kl +0.004
upd 1569  steps 3215360  sps 1229  opp symm  loss -0.081  pg -0.0846  v 0.024  ev +0.94  adv_std 0.219  tR -0.20  ent[s/d/p/e] 0.21/0.54/1.43/0.00  emits 1.00  spf 250.9  z0 0.00  garr 256.2  tG 905  e2 0.00  nF 9.7  pS 0.24  ptS 0.23  fLog 0.60  pdΔ -0.2596  pkR 6.53  clip 0.08  kl +0.003
upd 1570  steps 3217408  sps 1229  opp symm  loss -0.125  pg -0.1257  v 0.018  ev +0.96  adv_std 0.200  tR +0.00  ent[s/d/p/e] 0.20/0.53/1.37/0.00  emits 1.00  spf 268.5  z0 0.00  garr 268.2  tG 955  e2 0.00  nF 10.0  pS 0.24  ptS 0.23  fLog 0.60  pdΔ -0.2620  pkR 6.78  clip 0.09  kl +0.004
upd 1571  steps 3219456  sps 1230  opp symm  loss -0.055  pg -0.0563  v 0.019  ev +0.96  adv_std 0.192  tR +1.00  ent[s/d/p/e] 0.24/0.52/1.40/0.00  emits 1.00  spf 232.9  z0 0.00  garr 238.8  tG 937  e2 0.00  nF 11.1  pS 0.24  ptS 0.23  fLog 0.59  pdΔ -0.2578  pkR 7.58  clip 0.12  kl +0.001
upd 1572  steps 3221504  sps 1230  opp symm  loss -0.059  pg -0.0587  v 0.017  ev +0.96  adv_std 0.190  tR +1.00  ent[s/d/p/e] 0.25/0.51/1.41/0.00  emits 1.00  spf 211.5  z0 0.00  garr 216.3  tG 904  e2 0.00  nF 11.4  pS 0.24  ptS 0.23  fLog 0.57  pdΔ -0.2627  pkR 8.38  clip 0.07  kl +0.003
upd 1573  steps 3223552  sps 1231  opp symm  loss -0.080  pg -0.0842  v 0.025  ev +0.95  adv_std 0.227  tR +0.08  ent[s/d/p/e] 0.26/0.61/1.26/0.00  emits 0.99  spf 181.8  z0 0.01  garr 185.2  tG 729  e2 0.00  nF 11.4  pS 0.21  ptS 0.21  fLog 0.54  pdΔ -0.2866  pkR 9.85  clip 0.12  kl +0.005
upd 1574  steps 3225600  sps 1231  opp symm  loss -0.096  pg -0.1000  v 0.024  ev +0.95  adv_std 0.216  tR +0.00  ent[s/d/p/e] 0.22/0.64/1.26/0.00  emits 1.00  spf 180.4  z0 0.00  garr 185.3  tG 741  e2 0.00  nF 10.8  pS 0.22  ptS 0.21  fLog 0.55  pdΔ -0.2790  pkR 10.53  clip 0.11  kl +0.004
upd 1575  steps 3227648  sps 1232  opp symm  loss -0.066  pg -0.0716  v 0.029  ev +0.94  adv_std 0.240  tR +0.33  ent[s/d/p/e] 0.23/0.60/1.32/0.00  emits 0.99  spf 171.1  z0 0.01  garr 172.0  tG 709  e2 0.00  nF 10.8  pS 0.23  ptS 0.22  fLog 0.57  pdΔ -0.2690  pkR 11.06  clip 0.14  kl +0.004
upd 1576  steps 3229696  sps 1232  opp symm  loss -0.104  pg -0.1034  v 0.016  ev +0.96  adv_std 0.184  tR +1.00  ent[s/d/p/e] 0.25/0.54/1.39/0.00  emits 0.98  spf 172.3  z0 0.02  garr 169.6  tG 739  e2 0.00  nF 11.2  pS 0.24  ptS 0.23  fLog 0.58  pdΔ -0.2569  pkR 9.93  clip 0.14  kl +0.003
upd 1577  steps 3231744  sps 1233  opp symm  loss -0.123  pg -0.1222  v 0.016  ev +0.96  adv_std 0.181  tR +0.33  ent[s/d/p/e] 0.25/0.57/1.40/0.00  emits 0.99  spf 181.7  z0 0.01  garr 181.2  tG 768  e2 0.00  nF 11.1  pS 0.25  ptS 0.24  fLog 0.60  pdΔ -0.2537  pkR 7.53  clip 0.10  kl +0.004
upd 1578  steps 3233792  sps 1233  opp symm  loss -0.113  pg -0.1125  v 0.016  ev +0.96  adv_std 0.184  tR +1.00  ent[s/d/p/e] 0.22/0.53/1.39/0.00  emits 1.00  spf 214.2  z0 0.00  garr 211.3  tG 860  e2 0.00  nF 10.8  pS 0.24  ptS 0.23  fLog 0.61  pdΔ -0.2563  pkR 7.50  clip 0.11  kl +0.004
upd 1579  steps 3235840  sps 1234  opp symm  loss -0.106  pg -0.1055  v 0.015  ev +0.97  adv_std 0.181  tR -0.60  ent[s/d/p/e] 0.19/0.53/1.37/0.00  emits 0.98  spf 247.6  z0 0.02  garr 237.0  tG 937  e2 0.00  nF 10.8  pS 0.23  ptS 0.22  fLog 0.62  pdΔ -0.2665  pkR 7.51  clip 0.11  kl +0.005
upd 1580  steps 3237888  sps 1234  opp symm  loss -0.098  pg -0.1017  v 0.023  ev +0.95  adv_std 0.221  tR +0.60  ent[s/d/p/e] 0.23/0.51/1.40/0.00  emits 0.97  spf 271.7  z0 0.03  garr 259.7  tG 1027  e2 0.00  nF 10.6  pS 0.24  ptS 0.23  fLog 0.63  pdΔ -0.2630  pkR 7.52  clip 0.06  kl +0.003
upd 1581  steps 3239936  sps 1235  opp symm  loss -0.121  pg -0.1219  v 0.018  ev +0.96  adv_std 0.190  tR -1.00  ent[s/d/p/e] 0.19/0.54/1.39/0.00  emits 0.98  spf 306.6  z0 0.02  garr 286.5  tG 1129  e2 0.00  nF 9.9  pS 0.24  ptS 0.24  fLog 0.63  pdΔ -0.2552  pkR 7.43  clip 0.12  kl +0.004
upd 1582  steps 3241984  sps 1235  opp symm  loss -0.142  pg -0.1442  v 0.020  ev +0.96  adv_std 0.205  tR +0.14  ent[s/d/p/e] 0.17/0.56/1.33/0.00  emits 1.00  spf 334.2  z0 0.00  garr 323.0  tG 1264  e2 0.00  nF 9.0  pS 0.24  ptS 0.23  fLog 0.64  pdΔ -0.2571  pkR 7.20  clip 0.10  kl +0.003
upd 1583  steps 3244032  sps 1236  opp symm  loss -0.099  pg -0.0985  v 0.015  ev +0.96  adv_std 0.176  tR +0.33  ent[s/d/p/e] 0.18/0.59/1.36/0.00  emits 1.00  spf 341.5  z0 0.00  garr 327.0  tG 1265  e2 0.00  nF 9.9  pS 0.24  ptS 0.22  fLog 0.64  pdΔ -0.2619  pkR 8.00  clip 0.05  kl +0.001
upd 1584  steps 3246080  sps 1236  opp symm  loss -0.078  pg -0.0811  v 0.023  ev +0.94  adv_std 0.218  tR +0.00  ent[s/d/p/e] 0.21/0.55/1.41/0.00  emits 0.98  spf 282.1  z0 0.02  garr 272.8  tG 1229  e2 0.00  nF 9.5  pS 0.25  ptS 0.24  fLog 0.63  pdΔ -0.2477  pkR 9.17  clip 0.12  kl +0.004
upd 1585  steps 3248128  sps 1237  opp symm  loss -0.030  pg -0.0344  v 0.026  ev +0.92  adv_std 0.234  tR -0.33  ent[s/d/p/e] 0.24/0.59/1.44/0.00  emits 0.99  spf 272.1  z0 0.01  garr 267.9  tG 1202  e2 0.00  nF 9.8  pS 0.26  ptS 0.24  fLog 0.62  pdΔ -0.2446  pkR 10.04  clip 0.08  kl +0.004
upd 1586  steps 3250176  sps 1237  opp symm  loss -0.042  pg -0.0403  v 0.015  ev +0.95  adv_std 0.179  tR +1.00  ent[s/d/p/e] 0.29/0.50/1.53/0.00  emits 1.00  spf 290.2  z0 0.00  garr 279.6  tG 1214  e2 0.00  nF 10.2  pS 0.28  ptS 0.26  fLog 0.63  pdΔ -0.2239  pkR 10.85  clip 0.13  kl +0.003
upd 1587  steps 3252224  sps 1238  opp symm  loss -0.078  pg -0.0756  v 0.014  ev +0.96  adv_std 0.170  tR +0.50  ent[s/d/p/e] 0.23/0.49/1.56/0.00  emits 1.00  spf 296.3  z0 0.00  garr 301.4  tG 1289  e2 0.00  nF 8.7  pS 0.28  ptS 0.27  fLog 0.64  pdΔ -0.2199  pkR 10.57  clip 0.17  kl +0.005
upd 1588  steps 3254272  sps 1238  opp symm  loss -0.051  pg -0.0531  v 0.022  ev +0.95  adv_std 0.217  tR +0.56  ent[s/d/p/e] 0.18/0.64/1.41/0.00  emits 1.00  spf 273.4  z0 0.00  garr 272.3  tG 1146  e2 0.00  nF 8.7  pS 0.26  ptS 0.25  fLog 0.61  pdΔ -0.2373  pkR 10.71  clip 0.08  kl +0.001
upd 1589  steps 3256320  sps 1239  opp symm  loss -0.099  pg -0.1013  v 0.021  ev +0.95  adv_std 0.207  tR +0.75  ent[s/d/p/e] 0.18/0.75/1.21/0.00  emits 0.99  spf 204.3  z0 0.01  garr 202.6  tG 802  e2 0.00  nF 10.1  pS 0.22  ptS 0.21  fLog 0.54  pdΔ -0.2756  pkR 7.84  clip 0.09  kl +0.002
upd 1590  steps 3258368  sps 1239  opp symm  loss -0.045  pg -0.0468  v 0.022  ev +0.94  adv_std 0.212  tR +0.20  ent[s/d/p/e] 0.26/0.53/1.41/0.00  emits 0.96  spf 195.5  z0 0.04  garr 191.6  tG 751  e2 0.00  nF 11.4  pS 0.23  ptS 0.22  fLog 0.56  pdΔ -0.2725  pkR 8.67  clip 0.12  kl +0.008
upd 1591  steps 3260416  sps 1240  opp symm  loss -0.042  pg -0.0441  v 0.021  ev +0.96  adv_std 0.215  tR -0.20  ent[s/d/p/e] 0.27/0.56/1.39/0.00  emits 0.98  spf 203.2  z0 0.02  garr 199.8  tG 762  e2 0.00  nF 10.7  pS 0.21  ptS 0.21  fLog 0.57  pdΔ -0.2855  pkR 8.53  clip 0.16  kl +0.003
upd 1592  steps 3262464  sps 1240  opp symm  loss -0.095  pg -0.0939  v 0.014  ev +0.97  adv_std 0.168  tR +0.00  ent[s/d/p/e] 0.22/0.56/1.36/0.00  emits 0.98  spf 174.0  z0 0.02  garr 174.9  tG 707  e2 0.00  nF 10.8  pS 0.22  ptS 0.21  fLog 0.59  pdΔ -0.2817  pkR 8.72  clip 0.13  kl +0.002
upd 1593  steps 3264512  sps 1240  opp symm  loss -0.033  pg -0.0342  v 0.020  ev +0.95  adv_std 0.202  tR +0.33  ent[s/d/p/e] 0.25/0.52/1.36/0.00  emits 0.97  spf 179.3  z0 0.03  garr 173.0  tG 681  e2 0.00  nF 10.9  pS 0.22  ptS 0.21  fLog 0.61  pdΔ -0.2764  pkR 8.15  clip 0.11  kl -0.000
upd 1594  steps 3266560  sps 1241  opp symm  loss -0.018  pg -0.0221  v 0.025  ev +0.95  adv_std 0.235  tR -1.00  ent[s/d/p/e] 0.28/0.58/1.37/0.00  emits 0.98  spf 177.8  z0 0.02  garr 176.9  tG 699  e2 0.00  nF 11.0  pS 0.23  ptS 0.23  fLog 0.60  pdΔ -0.2661  pkR 6.77  clip 0.07  kl +0.000
upd 1595  steps 3268608  sps 1241  opp symm  loss +0.013  pg +0.0128  v 0.018  ev +0.95  adv_std 0.193  tR +0.33  ent[s/d/p/e] 0.30/0.55/1.42/0.00  emits 0.99  spf 187.2  z0 0.01  garr 188.3  tG 754  e2 0.00  nF 10.7  pS 0.25  ptS 0.24  fLog 0.60  pdΔ -0.2477  pkR 6.49  clip 0.12  kl +0.003
upd 1596  steps 3270656  sps 1242  opp symm  loss -0.033  pg -0.0324  v 0.017  ev +0.95  adv_std 0.187  tR +0.00  ent[s/d/p/e] 0.26/0.45/1.50/0.00  emits 0.98  spf 193.8  z0 0.02  garr 192.7  tG 789  e2 0.00  nF 10.0  pS 0.28  ptS 0.26  fLog 0.62  pdΔ -0.2243  pkR 7.04  clip 0.09  kl +0.003
upd 1597  steps 3272704  sps 1242  opp symm  loss -0.021  pg -0.0186  v 0.013  ev +0.96  adv_std 0.162  tR +0.25  ent[s/d/p/e] 0.22/0.39/1.50/0.00  emits 0.99  spf 216.7  z0 0.01  garr 213.7  tG 881  e2 0.00  nF 8.8  pS 0.28  ptS 0.26  fLog 0.64  pdΔ -0.2213  pkR 6.98  clip 0.13  kl +0.004
upd 1598  steps 3274752  sps 1243  opp symm  loss +0.034  pg +0.0342  v 0.018  ev +0.95  adv_std 0.187  tR +0.00  ent[s/d/p/e] 0.23/0.46/1.47/0.00  emits 0.99  spf 247.0  z0 0.01  garr 243.2  tG 961  e2 0.00  nF 8.3  pS 0.26  ptS 0.25  fLog 0.64  pdΔ -0.2392  pkR 7.01  clip 0.12  kl +0.004
[eval_vs_v20] u1599 tag=train_u1599  bin0=0.0%  spf=0.00  garr=128.50  flip=0.00%  z0=71.9%  e8=0.0%  e2+=0.0%  WLD=0/3/0
upd 1599  steps 3276800  sps 1243  opp symm  loss -0.060  pg -0.0628  v 0.022  ev +0.94  adv_std 0.209  tR +0.71  ent[s/d/p/e] 0.22/0.55/1.39/0.00  emits 1.00  spf 243.3  z0 0.00  garr 245.9  tG 961  e2 0.00  nF 7.9  pS 0.25  ptS 0.24  fLog 0.64  pdΔ -0.2488  pkR 6.89  clip 0.12  kl +0.006 WRr 0.53 v20[spf 0.0 flip 0.0% e2+ 0.0%]
[ckpt] saved ./ckpt_multi_action_v14b/ckpt_001599.pkl opp=symm
upd 1600  steps 3278848  sps 1198  opp symm  loss -0.067  pg -0.0661  v 0.015  ev +0.96  adv_std 0.174  tR +0.50  ent[s/d/p/e] 0.23/0.62/1.36/0.00  emits 1.00  spf 245.8  z0 0.00  garr 242.3  tG 974  e2 0.00  nF 8.9  pS 0.25  ptS 0.24  fLog 0.64  pdΔ -0.2496  pkR 6.26  clip 0.12  kl +0.002
upd 1601  steps 3280896  sps 1199  opp symm  loss -0.033  pg -0.0381  v 0.028  ev +0.93  adv_std 0.241  tR +0.00  ent[s/d/p/e] 0.21/0.59/1.37/0.00  emits 0.99  spf 279.8  z0 0.01  garr 272.1  tG 1066  e2 0.00  nF 9.4  pS 0.24  ptS 0.23  fLog 0.64  pdΔ -0.2574  pkR 6.27  clip 0.21  kl +0.010
upd 1602  steps 3282944  sps 1199  opp symm  loss -0.030  pg -0.0343  v 0.027  ev +0.92  adv_std 0.229  tR +0.50  ent[s/d/p/e] 0.26/0.55/1.46/0.00  emits 0.99  spf 297.2  z0 0.01  garr 300.6  tG 1186  e2 0.00  nF 8.7  pS 0.25  ptS 0.24  fLog 0.66  pdΔ -0.2507  pkR 6.08  clip 0.18  kl +0.004
upd 1603  steps 3284992  sps 1199  opp symm  loss -0.045  pg -0.0459  v 0.020  ev +0.94  adv_std 0.208  tR +1.00  ent[s/d/p/e] 0.31/0.58/1.47/0.00  emits 1.00  spf 311.2  z0 0.00  garr 319.0  tG 1249  e2 0.00  nF 8.6  pS 0.26  ptS 0.24  fLog 0.65  pdΔ -0.2420  pkR 6.27  clip 0.12  kl +0.005
upd 1604  steps 3287040  sps 1200  opp symm  loss -0.016  pg -0.0240  v 0.034  ev +0.91  adv_std 0.262  tR +0.00  ent[s/d/p/e] 0.34/0.59/1.42/0.00  emits 1.00  spf 337.6  z0 0.00  garr 330.8  tG 1260  e2 0.00  nF 8.1  pS 0.25  ptS 0.24  fLog 0.62  pdΔ -0.2516  pkR 6.48  clip 0.13  kl +0.004
upd 1605  steps 3289088  sps 1200  opp symm  loss -0.092  pg -0.0905  v 0.016  ev +0.95  adv_std 0.177  tR +1.00  ent[s/d/p/e] 0.35/0.66/1.41/0.00  emits 1.00  spf 308.1  z0 0.00  garr 305.2  tG 1122  e2 0.00  nF 8.9  pS 0.25  ptS 0.23  fLog 0.61  pdΔ -0.2484  pkR 6.81  clip 0.19  kl +0.008
upd 1606  steps 3291136  sps 1201  opp symm  loss -0.044  pg -0.0475  v 0.026  ev +0.92  adv_std 0.230  tR +0.00  ent[s/d/p/e] 0.38/0.71/1.45/0.00  emits 1.00  spf 281.6  z0 0.00  garr 278.0  tG 1010  e2 0.00  nF 9.8  pS 0.26  ptS 0.24  fLog 0.61  pdΔ -0.2353  pkR 6.75  clip 0.17  kl +0.001
upd 1607  steps 3293184  sps 1201  opp symm  loss -0.037  pg -0.0399  v 0.025  ev +0.92  adv_std 0.224  tR +0.50  ent[s/d/p/e] 0.41/0.74/1.43/0.00  emits 0.99  spf 227.2  z0 0.01  garr 229.5  tG 896  e2 0.00  nF 9.5  pS 0.27  ptS 0.25  fLog 0.60  pdΔ -0.2274  pkR 8.10  clip 0.13  kl +0.006
upd 1608  steps 3295232  sps 1202  opp symm  loss -0.024  pg -0.0220  v 0.015  ev +0.95  adv_std 0.175  tR +0.14  ent[s/d/p/e] 0.39/0.68/1.46/0.00  emits 0.99  spf 241.5  z0 0.01  garr 247.3  tG 946  e2 0.00  nF 8.5  pS 0.26  ptS 0.24  fLog 0.62  pdΔ -0.2375  pkR 8.35  clip 0.12  kl +0.005
upd 1609  steps 3297280  sps 1202  opp symm  loss -0.011  pg -0.0082  v 0.014  ev +0.94  adv_std 0.173  tR -1.00  ent[s/d/p/e] 0.42/0.63/1.55/0.00  emits 1.00  spf 264.0  z0 0.00  garr 273.6  tG 1021  e2 0.00  nF 8.3  pS 0.28  ptS 0.25  fLog 0.64  pdΔ -0.2235  pkR 7.81  clip 0.10  kl +0.004
upd 1610  steps 3299328  sps 1203  opp symm  loss -0.032  pg -0.0303  v 0.016  ev +0.94  adv_std 0.183  tR -0.20  ent[s/d/p/e] 0.49/0.70/1.53/0.00  emits 1.00  spf 261.7  z0 0.00  garr 263.7  tG 972  e2 0.00  nF 8.5  pS 0.28  ptS 0.26  fLog 0.63  pdΔ -0.2203  pkR 7.49  clip 0.16  kl +0.007
upd 1611  steps 3301376  sps 1203  opp symm  loss -0.005  pg -0.0056  v 0.020  ev +0.92  adv_std 0.206  tR +0.50  ent[s/d/p/e] 0.41/0.59/1.51/0.00  emits 1.00  spf 264.6  z0 0.00  garr 272.7  tG 988  e2 0.00  nF 8.5  pS 0.28  ptS 0.25  fLog 0.64  pdΔ -0.2215  pkR 5.71  clip 0.08  kl +0.001
upd 1612  steps 3303424  sps 1204  opp symm  loss -0.005  pg -0.0086  v 0.026  ev +0.92  adv_std 0.235  tR +0.20  ent[s/d/p/e] 0.42/0.60/1.54/0.00  emits 1.00  spf 292.8  z0 0.00  garr 290.1  tG 1066  e2 0.00  nF 8.8  pS 0.30  ptS 0.27  fLog 0.66  pdΔ -0.2038  pkR 5.48  clip 0.22  kl +0.010
upd 1613  steps 3305472  sps 1204  opp symm  loss -0.073  pg -0.0707  v 0.015  ev +0.96  adv_std 0.175  tR +0.20  ent[s/d/p/e] 0.42/0.72/1.47/0.00  emits 0.98  spf 239.7  z0 0.02  garr 246.2  tG 942  e2 0.00  nF 9.3  pS 0.29  ptS 0.26  fLog 0.63  pdΔ -0.2129  pkR 5.88  clip 0.18  kl +0.000
upd 1614  steps 3307520  sps 1205  opp symm  loss -0.042  pg -0.0423  v 0.019  ev +0.95  adv_std 0.195  tR -0.14  ent[s/d/p/e] 0.35/0.71/1.46/0.00  emits 0.98  spf 219.7  z0 0.02  garr 223.2  tG 895  e2 0.00  nF 9.2  pS 0.28  ptS 0.26  fLog 0.63  pdΔ -0.2154  pkR 6.50  clip 0.16  kl +0.007
upd 1615  steps 3309568  sps 1205  opp symm  loss -0.074  pg -0.0715  v 0.013  ev +0.97  adv_std 0.161  tR -0.33  ent[s/d/p/e] 0.35/0.63/1.48/0.00  emits 0.97  spf 267.7  z0 0.03  garr 255.0  tG 997  e2 0.00  nF 8.6  pS 0.27  ptS 0.25  fLog 0.65  pdΔ -0.2290  pkR 6.24  clip 0.12  kl -0.000
upd 1616  steps 3311616  sps 1206  opp symm  loss -0.060  pg -0.0604  v 0.019  ev +0.94  adv_std 0.197  tR +0.33  ent[s/d/p/e] 0.32/0.60/1.49/0.00  emits 1.00  spf 309.0  z0 0.00  garr 294.9  tG 1126  e2 0.00  nF 8.4  pS 0.27  ptS 0.24  fLog 0.65  pdΔ -0.2320  pkR 5.75  clip 0.09  kl +0.004
upd 1617  steps 3313664  sps 1206  opp symm  loss -0.026  pg -0.0231  v 0.013  ev +0.96  adv_std 0.164  tR +0.00  ent[s/d/p/e] 0.36/0.67/1.50/0.00  emits 0.99  spf 338.4  z0 0.01  garr 325.1  tG 1238  e2 0.00  nF 8.8  pS 0.27  ptS 0.25  fLog 0.67  pdΔ -0.2281  pkR 5.09  clip 0.14  kl +0.004
upd 1618  steps 3315712  sps 1206  opp symm  loss -0.038  pg -0.0366  v 0.015  ev +0.96  adv_std 0.180  tR +0.00  ent[s/d/p/e] 0.32/0.72/1.48/0.00  emits 0.99  spf 345.8  z0 0.01  garr 340.8  tG 1257  e2 0.00  nF 8.7  pS 0.26  ptS 0.24  fLog 0.66  pdΔ -0.2384  pkR 5.02  clip 0.11  kl +0.002
upd 1619  steps 3317760  sps 1207  opp symm  loss -0.049  pg -0.0534  v 0.028  ev +0.93  adv_std 0.242  tR -0.25  ent[s/d/p/e] 0.33/0.68/1.47/0.00  emits 0.98  spf 342.8  z0 0.02  garr 331.6  tG 1252  e2 0.00  nF 8.3  pS 0.25  ptS 0.23  fLog 0.64  pdΔ -0.2482  pkR 5.34  clip 0.13  kl +0.002
upd 1620  steps 3319808  sps 1207  opp symm  loss -0.076  pg -0.0797  v 0.025  ev +0.94  adv_std 0.231  tR +0.20  ent[s/d/p/e] 0.32/0.80/1.40/0.00  emits 1.00  spf 284.6  z0 0.00  garr 278.4  tG 1108  e2 0.00  nF 9.9  pS 0.25  ptS 0.23  fLog 0.59  pdΔ -0.2524  pkR 5.65  clip 0.10  kl +0.002
upd 1621  steps 3321856  sps 1208  opp symm  loss -0.052  pg -0.0567  v 0.029  ev +0.93  adv_std 0.248  tR +0.00  ent[s/d/p/e] 0.31/0.72/1.44/0.00  emits 1.00  spf 287.5  z0 0.00  garr 279.1  tG 1059  e2 0.00  nF 11.1  pS 0.25  ptS 0.24  fLog 0.60  pdΔ -0.2465  pkR 6.12  clip 0.10  kl +0.003
upd 1622  steps 3323904  sps 1208  opp symm  loss -0.088  pg -0.0887  v 0.020  ev +0.95  adv_std 0.206  tR +0.20  ent[s/d/p/e] 0.31/0.68/1.48/0.00  emits 1.00  spf 272.3  z0 0.00  garr 265.2  tG 977  e2 0.00  nF 11.2  pS 0.25  ptS 0.23  fLog 0.60  pdΔ -0.2482  pkR 6.90  clip 0.08  kl +0.002
upd 1623  steps 3325952  sps 1209  opp symm  loss -0.082  pg -0.0847  v 0.023  ev +0.95  adv_std 0.220  tR +0.50  ent[s/d/p/e] 0.30/0.72/1.44/0.00  emits 0.99  spf 261.4  z0 0.01  garr 254.5  tG 950  e2 0.00  nF 11.6  pS 0.25  ptS 0.24  fLog 0.59  pdΔ -0.2470  pkR 7.03  clip 0.11  kl +0.007
upd 1624  steps 3328000  sps 1209  opp symm  loss -0.095  pg -0.0977  v 0.023  ev +0.95  adv_std 0.217  tR +0.33  ent[s/d/p/e] 0.29/0.75/1.38/0.00  emits 0.98  spf 226.2  z0 0.02  garr 221.1  tG 826  e2 0.00  nF 11.3  pS 0.25  ptS 0.23  fLog 0.56  pdΔ -0.2536  pkR 8.87  clip 0.10  kl +0.003
upd 1625  steps 3330048  sps 1210  opp symm  loss +0.011  pg +0.0034  v 0.035  ev +0.91  adv_std 0.267  tR -0.20  ent[s/d/p/e] 0.37/0.79/1.45/0.00  emits 0.98  spf 196.3  z0 0.02  garr 197.4  tG 766  e2 0.00  nF 11.4  pS 0.25  ptS 0.24  fLog 0.55  pdΔ -0.2459  pkR 10.14  clip 0.12  kl +0.011
upd 1626  steps 3332096  sps 1210  opp symm  loss -0.084  pg -0.0846  v 0.021  ev +0.95  adv_std 0.205  tR +0.33  ent[s/d/p/e] 0.39/0.82/1.44/0.00  emits 0.97  spf 174.5  z0 0.03  garr 171.3  tG 644  e2 0.00  nF 11.2  pS 0.26  ptS 0.25  fLog 0.54  pdΔ -0.2389  pkR 8.37  clip 0.12  kl +0.005
upd 1627  steps 3334144  sps 1211  opp symm  loss -0.117  pg -0.1169  v 0.019  ev +0.96  adv_std 0.190  tR -0.50  ent[s/d/p/e] 0.33/0.87/1.38/0.00  emits 0.99  spf 175.0  z0 0.01  garr 170.4  tG 626  e2 0.00  nF 12.4  pS 0.27  ptS 0.26  fLog 0.54  pdΔ -0.2289  pkR 6.30  clip 0.11  kl +0.005
upd 1628  steps 3336192  sps 1211  opp symm  loss -0.044  pg -0.0451  v 0.020  ev +0.95  adv_std 0.201  tR -0.20  ent[s/d/p/e] 0.28/0.79/1.40/0.00  emits 1.00  spf 181.4  z0 0.00  garr 179.2  tG 678  e2 0.00  nF 12.2  pS 0.28  ptS 0.27  fLog 0.55  pdΔ -0.2214  pkR 6.19  clip 0.10  kl +0.007
upd 1629  steps 3338240  sps 1212  opp symm  loss -0.080  pg -0.0830  v 0.025  ev +0.94  adv_std 0.226  tR -0.20  ent[s/d/p/e] 0.28/0.87/1.39/0.00  emits 1.00  spf 170.6  z0 0.00  garr 174.8  tG 695  e2 0.00  nF 11.5  pS 0.28  ptS 0.27  fLog 0.55  pdΔ -0.2209  pkR 6.29  clip 0.11  kl +0.006
upd 1630  steps 3340288  sps 1212  opp symm  loss -0.098  pg -0.1018  v 0.026  ev +0.94  adv_std 0.233  tR +1.00  ent[s/d/p/e] 0.29/0.83/1.42/0.00  emits 1.00  spf 174.0  z0 0.00  garr 177.0  tG 767  e2 0.00  nF 11.5  pS 0.29  ptS 0.27  fLog 0.56  pdΔ -0.2139  pkR 5.38  clip 0.10  kl +0.001
upd 1631  steps 3342336  sps 1212  opp symm  loss -0.113  pg -0.1152  v 0.023  ev +0.95  adv_std 0.212  tR +0.50  ent[s/d/p/e] 0.36/0.87/1.36/0.00  emits 0.99  spf 193.9  z0 0.01  garr 193.7  tG 814  e2 0.00  nF 12.8  pS 0.28  ptS 0.27  fLog 0.55  pdΔ -0.2227  pkR 6.03  clip 0.10  kl +0.008
upd 1632  steps 3344384  sps 1213  opp symm  loss -0.110  pg -0.1095  v 0.017  ev +0.96  adv_std 0.187  tR +1.00  ent[s/d/p/e] 0.30/0.86/1.41/0.00  emits 0.98  spf 218.2  z0 0.02  garr 215.3  tG 888  e2 0.00  nF 13.1  pS 0.26  ptS 0.25  fLog 0.56  pdΔ -0.2385  pkR 6.63  clip 0.10  kl +0.002
upd 1633  steps 3346432  sps 1213  opp symm  loss -0.168  pg -0.1667  v 0.016  ev +0.97  adv_std 0.181  tR +0.00  ent[s/d/p/e] 0.26/0.91/1.38/0.00  emits 0.98  spf 237.3  z0 0.02  garr 225.3  tG 917  e2 0.00  nF 12.0  pS 0.26  ptS 0.26  fLog 0.56  pdΔ -0.2351  pkR 7.31  clip 0.10  kl +0.004
upd 1634  steps 3348480  sps 1214  opp symm  loss -0.092  pg -0.0945  v 0.022  ev +0.95  adv_std 0.213  tR +0.50  ent[s/d/p/e] 0.24/0.92/1.30/0.00  emits 0.98  spf 196.2  z0 0.02  garr 195.3  tG 851  e2 0.00  nF 11.9  pS 0.26  ptS 0.25  fLog 0.54  pdΔ -0.2438  pkR 9.02  clip 0.11  kl +0.005
upd 1635  steps 3350528  sps 1214  opp symm  loss -0.078  pg -0.0784  v 0.019  ev +0.96  adv_std 0.199  tR +0.00  ent[s/d/p/e] 0.33/0.77/1.39/0.00  emits 0.97  spf 207.0  z0 0.03  garr 202.8  tG 878  e2 0.00  nF 12.6  pS 0.25  ptS 0.24  fLog 0.56  pdΔ -0.2452  pkR 9.79  clip 0.12  kl +0.006
upd 1636  steps 3352576  sps 1215  opp symm  loss -0.058  pg -0.0629  v 0.029  ev +0.94  adv_std 0.243  tR +0.00  ent[s/d/p/e] 0.35/0.72/1.40/0.00  emits 0.96  spf 148.2  z0 0.04  garr 151.2  tG 751  e2 0.00  nF 13.5  pS 0.25  ptS 0.24  fLog 0.56  pdΔ -0.2497  pkR 12.55  clip 0.08  kl +0.002
upd 1637  steps 3354624  sps 1215  opp symm  loss -0.043  pg -0.0477  v 0.028  ev +0.94  adv_std 0.243  tR -1.00  ent[s/d/p/e] 0.35/0.72/1.46/0.00  emits 0.98  spf 162.6  z0 0.02  garr 162.2  tG 788  e2 0.00  nF 12.3  pS 0.26  ptS 0.25  fLog 0.57  pdΔ -0.2371  pkR 13.36  clip 0.20  kl +0.005
upd 1638  steps 3356672  sps 1216  opp symm  loss -0.029  pg -0.0297  v 0.020  ev +0.95  adv_std 0.205  tR +0.33  ent[s/d/p/e] 0.33/0.65/1.54/0.00  emits 0.98  spf 181.0  z0 0.02  garr 179.8  tG 876  e2 0.00  nF 11.2  pS 0.29  ptS 0.28  fLog 0.59  pdΔ -0.2074  pkR 13.20  clip 0.08  kl +0.003
upd 1639  steps 3358720  sps 1216  opp symm  loss -0.006  pg -0.0117  v 0.031  ev +0.92  adv_std 0.250  tR -0.25  ent[s/d/p/e] 0.31/0.61/1.54/0.00  emits 0.99  spf 179.4  z0 0.01  garr 180.7  tG 841  e2 0.00  nF 9.6  pS 0.29  ptS 0.27  fLog 0.60  pdΔ -0.2097  pkR 11.32  clip 0.09  kl -0.000
upd 1640  steps 3360768  sps 1217  opp symm  loss +0.016  pg +0.0150  v 0.020  ev +0.94  adv_std 0.205  tR +0.33  ent[s/d/p/e] 0.33/0.59/1.52/0.00  emits 1.00  spf 183.7  z0 0.00  garr 184.4  tG 851  e2 0.00  nF 9.1  pS 0.30  ptS 0.28  fLog 0.61  pdΔ -0.2009  pkR 9.79  clip 0.15  kl +0.007
upd 1641  steps 3362816  sps 1217  opp symm  loss -0.063  pg -0.0604  v 0.014  ev +0.96  adv_std 0.168  tR +0.00  ent[s/d/p/e] 0.30/0.61/1.53/0.00  emits 1.00  spf 195.5  z0 0.00  garr 195.0  tG 845  e2 0.00  nF 8.6  pS 0.30  ptS 0.28  fLog 0.62  pdΔ -0.1994  pkR 9.43  clip 0.08  kl +0.003
upd 1642  steps 3364864  sps 1217  opp symm  loss -0.050  pg -0.0475  v 0.015  ev +0.96  adv_std 0.170  tR +1.00  ent[s/d/p/e] 0.28/0.60/1.54/0.00  emits 1.00  spf 211.7  z0 0.00  garr 208.7  tG 817  e2 0.00  nF 8.2  pS 0.29  ptS 0.27  fLog 0.63  pdΔ -0.2114  pkR 4.71  clip 0.09  kl +0.001
upd 1643  steps 3366912  sps 1218  opp symm  loss -0.053  pg -0.0544  v 0.022  ev +0.94  adv_std 0.216  tR -1.00  ent[s/d/p/e] 0.29/0.60/1.53/0.00  emits 0.99  spf 201.1  z0 0.01  garr 199.4  tG 835  e2 0.00  nF 8.8  pS 0.29  ptS 0.28  fLog 0.63  pdΔ -0.2054  pkR 4.76  clip 0.06  kl +0.002
upd 1644  steps 3368960  sps 1218  opp symm  loss -0.092  pg -0.0931  v 0.022  ev +0.94  adv_std 0.210  tR +0.00  ent[s/d/p/e] 0.32/0.69/1.51/0.00  emits 0.98  spf 175.0  z0 0.02  garr 179.3  tG 854  e2 0.00  nF 9.3  pS 0.30  ptS 0.29  fLog 0.62  pdΔ -0.1978  pkR 4.92  clip 0.12  kl +0.004
upd 1645  steps 3371008  sps 1219  opp symm  loss -0.080  pg -0.0812  v 0.020  ev +0.95  adv_std 0.198  tR -0.33  ent[s/d/p/e] 0.31/0.68/1.45/0.00  emits 1.00  spf 182.0  z0 0.00  garr 186.6  tG 895  e2 0.00  nF 9.3  pS 0.30  ptS 0.28  fLog 0.61  pdΔ -0.2038  pkR 5.49  clip 0.09  kl +0.002
upd 1646  steps 3373056  sps 1219  opp symm  loss -0.110  pg -0.1088  v 0.015  ev +0.97  adv_std 0.176  tR +0.33  ent[s/d/p/e] 0.28/0.72/1.42/0.00  emits 1.00  spf 203.1  z0 0.00  garr 207.5  tG 925  e2 0.00  nF 9.9  pS 0.28  ptS 0.27  fLog 0.61  pdΔ -0.2186  pkR 5.59  clip 0.08  kl +0.005
upd 1647  steps 3375104  sps 1220  opp symm  loss -0.065  pg -0.0632  v 0.014  ev +0.97  adv_std 0.171  tR -0.60  ent[s/d/p/e] 0.26/0.62/1.44/0.00  emits 0.99  spf 212.6  z0 0.01  garr 207.1  tG 917  e2 0.00  nF 10.2  pS 0.28  ptS 0.26  fLog 0.61  pdΔ -0.2222  pkR 5.37  clip 0.11  kl +0.001
upd 1648  steps 3377152  sps 1220  opp symm  loss -0.105  pg -0.1040  v 0.016  ev +0.96  adv_std 0.185  tR +0.50  ent[s/d/p/e] 0.24/0.66/1.38/0.00  emits 0.98  spf 227.6  z0 0.02  garr 227.0  tG 963  e2 0.00  nF 10.3  pS 0.27  ptS 0.25  fLog 0.61  pdΔ -0.2350  pkR 5.55  clip 0.11  kl -0.000
upd 1649  steps 3379200  sps 1221  opp symm  loss -0.105  pg -0.1068  v 0.020  ev +0.95  adv_std 0.208  tR +0.25  ent[s/d/p/e] 0.23/0.61/1.31/0.00  emits 0.99  spf 236.2  z0 0.01  garr 235.1  tG 988  e2 0.00  nF 10.5  pS 0.25  ptS 0.24  fLog 0.60  pdΔ -0.2507  pkR 5.80  clip 0.07  kl +0.001
upd 1650  steps 3381248  sps 1221  opp symm  loss -0.092  pg -0.0903  v 0.013  ev +0.97  adv_std 0.171  tR +0.00  ent[s/d/p/e] 0.24/0.56/1.33/0.00  emits 1.00  spf 260.7  z0 0.00  garr 263.9  tG 1046  e2 0.00  nF 10.1  pS 0.24  ptS 0.22  fLog 0.61  pdΔ -0.2647  pkR 5.93  clip 0.06  kl +0.003
upd 1651  steps 3383296  sps 1222  opp symm  loss -0.117  pg -0.1183  v 0.020  ev +0.95  adv_std 0.203  tR +0.00  ent[s/d/p/e] 0.22/0.63/1.33/0.00  emits 1.00  spf 290.6  z0 0.00  garr 291.1  tG 1098  e2 0.00  nF 9.8  pS 0.23  ptS 0.22  fLog 0.62  pdΔ -0.2715  pkR 6.02  clip 0.07  kl +0.002
upd 1652  steps 3385344  sps 1222  opp symm  loss -0.110  pg -0.1101  v 0.017  ev +0.96  adv_std 0.187  tR +0.60  ent[s/d/p/e] 0.22/0.63/1.33/0.00  emits 1.00  spf 283.9  z0 0.00  garr 283.4  tG 1039  e2 0.00  nF 9.6  pS 0.22  ptS 0.21  fLog 0.62  pdΔ -0.2837  pkR 6.71  clip 0.07  kl +0.003
upd 1653  steps 3387392  sps 1222  opp symm  loss -0.099  pg -0.1003  v 0.019  ev +0.95  adv_std 0.206  tR +1.00  ent[s/d/p/e] 0.25/0.64/1.40/0.00  emits 1.00  spf 291.5  z0 0.00  garr 292.3  tG 1007  e2 0.00  nF 9.3  pS 0.22  ptS 0.21  fLog 0.63  pdΔ -0.2786  pkR 5.82  clip 0.10  kl +0.000
upd 1654  steps 3389440  sps 1223  opp symm  loss -0.113  pg -0.1145  v 0.019  ev +0.96  adv_std 0.205  tR +0.20  ent[s/d/p/e] 0.24/0.65/1.37/0.00  emits 1.00  spf 307.0  z0 0.00  garr 307.1  tG 1022  e2 0.00  nF 8.5  pS 0.23  ptS 0.21  fLog 0.64  pdΔ -0.2732  pkR 6.03  clip 0.12  kl +0.003
upd 1655  steps 3391488  sps 1223  opp symm  loss -0.099  pg -0.1019  v 0.023  ev +0.95  adv_std 0.216  tR +0.60  ent[s/d/p/e] 0.21/0.72/1.33/0.00  emits 1.00  spf 242.7  z0 0.00  garr 244.7  tG 839  e2 0.00  nF 8.8  pS 0.23  ptS 0.22  fLog 0.61  pdΔ -0.2665  pkR 5.79  clip 0.11  kl +0.003
upd 1656  steps 3393536  sps 1224  opp symm  loss -0.054  pg -0.0560  v 0.022  ev +0.95  adv_std 0.216  tR -0.50  ent[s/d/p/e] 0.18/0.70/1.37/0.00  emits 1.00  spf 264.0  z0 0.00  garr 266.8  tG 949  e2 0.00  nF 8.9  pS 0.25  ptS 0.23  fLog 0.63  pdΔ -0.2523  pkR 6.51  clip 0.12  kl +0.004
upd 1657  steps 3395584  sps 1224  opp symm  loss -0.060  pg -0.0645  v 0.026  ev +0.93  adv_std 0.236  tR +1.00  ent[s/d/p/e] 0.24/0.71/1.42/0.00  emits 1.00  spf 247.6  z0 0.00  garr 248.6  tG 898  e2 0.00  nF 9.4  pS 0.26  ptS 0.24  fLog 0.62  pdΔ -0.2374  pkR 6.96  clip 0.14  kl +0.007
upd 1658  steps 3397632  sps 1225  opp symm  loss -0.052  pg -0.0557  v 0.026  ev +0.94  adv_std 0.233  tR -0.20  ent[s/d/p/e] 0.26/0.77/1.40/0.00  emits 1.00  spf 268.1  z0 0.00  garr 268.2  tG 939  e2 0.00  nF 10.0  pS 0.26  ptS 0.24  fLog 0.63  pdΔ -0.2385  pkR 5.65  clip 0.14  kl +0.008
upd 1659  steps 3399680  sps 1225  opp symm  loss -0.113  pg -0.1143  v 0.020  ev +0.95  adv_std 0.207  tR +0.43  ent[s/d/p/e] 0.25/0.83/1.37/0.00  emits 1.00  spf 290.2  z0 0.00  garr 293.8  tG 1034  e2 0.00  nF 10.1  pS 0.26  ptS 0.24  fLog 0.63  pdΔ -0.2406  pkR 5.69  clip 0.14  kl +0.006
upd 1660  steps 3401728  sps 1226  opp symm  loss -0.106  pg -0.1082  v 0.022  ev +0.94  adv_std 0.213  tR +0.33  ent[s/d/p/e] 0.22/0.79/1.37/0.00  emits 1.00  spf 275.7  z0 0.00  garr 274.5  tG 1048  e2 0.00  nF 10.4  pS 0.25  ptS 0.24  fLog 0.62  pdΔ -0.2475  pkR 6.19  clip 0.13  kl +0.007
upd 1661  steps 3403776  sps 1226  opp symm  loss -0.089  pg -0.0923  v 0.026  ev +0.93  adv_std 0.228  tR -1.00  ent[s/d/p/e] 0.25/0.80/1.41/0.00  emits 1.00  spf 283.0  z0 0.00  garr 276.3  tG 1107  e2 0.00  nF 10.9  pS 0.27  ptS 0.25  fLog 0.63  pdΔ -0.2350  pkR 6.44  clip 0.11  kl +0.008
upd 1662  steps 3405824  sps 1227  opp symm  loss -0.160  pg -0.1579  v 0.014  ev +0.97  adv_std 0.169  tR +1.00  ent[s/d/p/e] 0.29/0.82/1.40/0.00  emits 1.00  spf 332.5  z0 0.00  garr 311.4  tG 1251  e2 0.00  nF 10.8  pS 0.27  ptS 0.26  fLog 0.64  pdΔ -0.2272  pkR 6.13  clip 0.14  kl +0.003
upd 1663  steps 3407872  sps 1227  opp symm  loss -0.108  pg -0.1091  v 0.020  ev +0.95  adv_std 0.202  tR +1.00  ent[s/d/p/e] 0.28/0.80/1.37/0.00  emits 1.00  spf 355.4  z0 0.00  garr 349.2  tG 1369  e2 0.00  nF 10.0  pS 0.26  ptS 0.25  fLog 0.66  pdΔ -0.2357  pkR 6.09  clip 0.09  kl -0.000
upd 1664  steps 3409920  sps 1227  opp symm  loss -0.067  pg -0.0716  v 0.027  ev +0.94  adv_std 0.232  tR +0.71  ent[s/d/p/e] 0.26/0.80/1.35/0.00  emits 0.99  spf 347.2  z0 0.01  garr 337.7  tG 1287  e2 0.00  nF 9.8  pS 0.25  ptS 0.24  fLog 0.64  pdΔ -0.2482  pkR 6.11  clip 0.12  kl +0.001
upd 1665  steps 3411968  sps 1228  opp symm  loss -0.150  pg -0.1511  v 0.019  ev +0.96  adv_std 0.196  tR +0.14  ent[s/d/p/e] 0.25/0.87/1.26/0.00  emits 0.99  spf 300.7  z0 0.01  garr 289.3  tG 1110  e2 0.00  nF 10.9  pS 0.23  ptS 0.22  fLog 0.59  pdΔ -0.2689  pkR 7.37  clip 0.08  kl +0.003
upd 1666  steps 3414016  sps 1228  opp symm  loss -0.083  pg -0.0885  v 0.029  ev +0.94  adv_std 0.241  tR +0.00  ent[s/d/p/e] 0.27/0.85/1.30/0.00  emits 0.98  spf 327.2  z0 0.02  garr 305.9  tG 1192  e2 0.00  nF 11.7  pS 0.24  ptS 0.23  fLog 0.60  pdΔ -0.2624  pkR 7.94  clip 0.11  kl +0.001
upd 1667  steps 3416064  sps 1229  opp symm  loss -0.046  pg -0.0558  v 0.037  ev +0.92  adv_std 0.272  tR +0.00  ent[s/d/p/e] 0.28/0.85/1.27/0.00  emits 0.97  spf 303.2  z0 0.03  garr 282.6  tG 1175  e2 0.00  nF 12.3  pS 0.24  ptS 0.23  fLog 0.57  pdΔ -0.2608  pkR 8.54  clip 0.12  kl +0.001
upd 1668  steps 3418112  sps 1229  opp symm  loss -0.131  pg -0.1328  v 0.020  ev +0.96  adv_std 0.204  tR +0.60  ent[s/d/p/e] 0.27/0.74/1.31/0.00  emits 0.98  spf 284.3  z0 0.02  garr 267.9  tG 1075  e2 0.00  nF 11.0  pS 0.23  ptS 0.22  fLog 0.57  pdΔ -0.2674  pkR 8.52  clip 0.08  kl +0.002
upd 1669  steps 3420160  sps 1230  opp symm  loss -0.067  pg -0.0667  v 0.018  ev +0.96  adv_std 0.191  tR -0.20  ent[s/d/p/e] 0.29/0.74/1.40/0.00  emits 0.98  spf 316.8  z0 0.02  garr 296.7  tG 1184  e2 0.00  nF 10.2  pS 0.25  ptS 0.24  fLog 0.60  pdΔ -0.2474  pkR 7.83  clip 0.06  kl +0.003
upd 1670  steps 3422208  sps 1230  opp symm  loss -0.112  pg -0.1131  v 0.020  ev +0.96  adv_std 0.201  tR +0.43  ent[s/d/p/e] 0.27/0.76/1.39/0.00  emits 1.00  spf 303.1  z0 0.00  garr 294.8  tG 1192  e2 0.00  nF 9.9  pS 0.26  ptS 0.24  fLog 0.60  pdΔ -0.2406  pkR 8.42  clip 0.08  kl +0.002
upd 1671  steps 3424256  sps 1231  opp symm  loss -0.099  pg -0.0999  v 0.019  ev +0.96  adv_std 0.200  tR +1.00  ent[s/d/p/e] 0.29/0.63/1.37/0.00  emits 1.00  spf 281.1  z0 0.00  garr 280.4  tG 1068  e2 0.00  nF 10.0  pS 0.25  ptS 0.23  fLog 0.59  pdΔ -0.2488  pkR 8.81  clip 0.13  kl +0.007
upd 1672  steps 3426304  sps 1231  opp symm  loss -0.089  pg -0.0946  v 0.029  ev +0.93  adv_std 0.243  tR +0.67  ent[s/d/p/e] 0.31/0.66/1.37/0.00  emits 1.00  spf 291.5  z0 0.00  garr 289.4  tG 1115  e2 0.00  nF 9.9  pS 0.25  ptS 0.23  fLog 0.60  pdΔ -0.2510  pkR 8.94  clip 0.07  kl +0.002
upd 1673  steps 3428352  sps 1231  opp symm  loss -0.089  pg -0.0899  v 0.019  ev +0.96  adv_std 0.200  tR +0.33  ent[s/d/p/e] 0.26/0.69/1.35/0.00  emits 1.00  spf 248.6  z0 0.00  garr 248.5  tG 888  e2 0.00  nF 10.6  pS 0.25  ptS 0.23  fLog 0.59  pdΔ -0.2546  pkR 6.08  clip 0.07  kl +0.006
upd 1674  steps 3430400  sps 1232  opp symm  loss -0.026  pg -0.0299  v 0.026  ev +0.94  adv_std 0.230  tR -1.00  ent[s/d/p/e] 0.26/0.61/1.45/0.00  emits 0.99  spf 283.0  z0 0.01  garr 279.3  tG 1002  e2 0.00  nF 9.7  pS 0.27  ptS 0.25  fLog 0.62  pdΔ -0.2326  pkR 5.77  clip 0.08  kl +0.002
upd 1675  steps 3432448  sps 1232  opp symm  loss -0.046  pg -0.0453  v 0.016  ev +0.96  adv_std 0.180  tR +0.25  ent[s/d/p/e] 0.30/0.53/1.45/0.00  emits 0.99  spf 284.3  z0 0.01  garr 273.7  tG 1028  e2 0.00  nF 9.0  pS 0.27  ptS 0.25  fLog 0.62  pdΔ -0.2307  pkR 6.33  clip 0.08  kl +0.002
upd 1676  steps 3434496  sps 1233  opp symm  loss -0.042  pg -0.0408  v 0.016  ev +0.96  adv_std 0.184  tR +1.00  ent[s/d/p/e] 0.33/0.54/1.45/0.00  emits 0.98  spf 279.7  z0 0.02  garr 268.8  tG 1008  e2 0.00  nF 10.0  pS 0.25  ptS 0.23  fLog 0.61  pdΔ -0.2486  pkR 6.93  clip 0.07  kl +0.006
upd 1677  steps 3436544  sps 1233  opp symm  loss -0.046  pg -0.0452  v 0.017  ev +0.96  adv_std 0.183  tR -0.50  ent[s/d/p/e] 0.36/0.60/1.49/0.00  emits 0.98  spf 294.5  z0 0.02  garr 282.7  tG 1102  e2 0.00  nF 9.7  pS 0.26  ptS 0.24  fLog 0.63  pdΔ -0.2429  pkR 6.84  clip 0.14  kl +0.004
upd 1678  steps 3438592  sps 1234  opp symm  loss -0.046  pg -0.0436  v 0.014  ev +0.96  adv_std 0.168  tR +1.00  ent[s/d/p/e] 0.34/0.64/1.53/0.00  emits 1.00  spf 286.1  z0 0.00  garr 284.3  tG 1137  e2 0.00  nF 9.6  pS 0.27  ptS 0.25  fLog 0.63  pdΔ -0.2346  pkR 6.66  clip 0.11  kl +0.004
upd 1679  steps 3440640  sps 1234  opp symm  loss -0.083  pg -0.0826  v 0.018  ev +0.96  adv_std 0.198  tR +0.60  ent[s/d/p/e] 0.34/0.60/1.53/0.00  emits 0.98  spf 302.6  z0 0.02  garr 284.0  tG 1148  e2 0.00  nF 9.5  pS 0.27  ptS 0.25  fLog 0.63  pdΔ -0.2346  pkR 7.08  clip 0.10  kl +0.000
upd 1680  steps 3442688  sps 1235  opp symm  loss -0.015  pg -0.0209  v 0.031  ev +0.93  adv_std 0.256  tR -0.20  ent[s/d/p/e] 0.34/0.57/1.45/0.00  emits 0.96  spf 304.9  z0 0.04  garr 283.7  tG 1071  e2 0.00  nF 9.1  pS 0.23  ptS 0.22  fLog 0.62  pdΔ -0.2656  pkR 8.07  clip 0.10  kl +0.005
upd 1681  steps 3444736  sps 1235  opp symm  loss -0.121  pg -0.1198  v 0.015  ev +0.97  adv_std 0.173  tR +0.33  ent[s/d/p/e] 0.38/0.56/1.41/0.00  emits 0.97  spf 281.8  z0 0.03  garr 262.2  tG 1003  e2 0.00  nF 8.5  pS 0.22  ptS 0.21  fLog 0.60  pdΔ -0.2757  pkR 8.88  clip 0.08  kl +0.004
upd 1682  steps 3446784  sps 1236  opp symm  loss -0.145  pg -0.1451  v 0.019  ev +0.96  adv_std 0.197  tR +0.20  ent[s/d/p/e] 0.32/0.66/1.36/0.00  emits 0.99  spf 290.3  z0 0.01  garr 276.9  tG 1078  e2 0.00  nF 8.2  pS 0.22  ptS 0.21  fLog 0.60  pdΔ -0.2810  pkR 7.61  clip 0.10  kl +0.000
upd 1683  steps 3448832  sps 1236  opp symm  loss -0.106  pg -0.1090  v 0.022  ev +0.95  adv_std 0.216  tR +0.71  ent[s/d/p/e] 0.33/0.68/1.30/0.00  emits 1.00  spf 235.3  z0 0.00  garr 231.0  tG 973  e2 0.00  nF 9.4  pS 0.21  ptS 0.21  fLog 0.57  pdΔ -0.2865  pkR 8.59  clip 0.09  kl +0.006
upd 1684  steps 3450880  sps 1236  opp symm  loss -0.122  pg -0.1254  v 0.024  ev +0.95  adv_std 0.221  tR +1.00  ent[s/d/p/e] 0.35/0.70/1.31/0.00  emits 1.00  spf 226.8  z0 0.00  garr 225.3  tG 945  e2 0.00  nF 10.1  pS 0.19  ptS 0.19  fLog 0.57  pdΔ -0.3054  pkR 9.41  clip 0.10  kl +0.005
upd 1685  steps 3452928  sps 1237  opp symm  loss -0.158  pg -0.1615  v 0.023  ev +0.95  adv_std 0.218  tR -0.50  ent[s/d/p/e] 0.37/0.58/1.32/0.00  emits 1.00  spf 252.7  z0 0.00  garr 252.9  tG 1059  e2 0.00  nF 10.7  pS 0.20  ptS 0.20  fLog 0.58  pdΔ -0.2961  pkR 9.78  clip 0.06  kl +0.001
upd 1686  steps 3454976  sps 1237  opp symm  loss -0.061  pg -0.0701  v 0.037  ev +0.93  adv_std 0.273  tR -0.20  ent[s/d/p/e] 0.38/0.62/1.39/0.00  emits 0.99  spf 253.4  z0 0.01  garr 253.2  tG 1028  e2 0.00  nF 10.5  pS 0.22  ptS 0.21  fLog 0.60  pdΔ -0.2828  pkR 10.74  clip 0.09  kl +0.001
upd 1687  steps 3457024  sps 1238  opp symm  loss -0.178  pg -0.1791  v 0.020  ev +0.96  adv_std 0.202  tR +0.00  ent[s/d/p/e] 0.33/0.72/1.37/0.00  emits 1.00  spf 240.7  z0 0.00  garr 244.7  tG 1032  e2 0.00  nF 11.0  pS 0.22  ptS 0.21  fLog 0.60  pdΔ -0.2776  pkR 10.81  clip 0.07  kl +0.004
upd 1688  steps 3459072  sps 1238  opp symm  loss -0.129  pg -0.1317  v 0.023  ev +0.96  adv_std 0.216  tR +0.20  ent[s/d/p/e] 0.33/0.68/1.34/0.00  emits 1.00  spf 236.7  z0 0.00  garr 234.6  tG 918  e2 0.00  nF 11.3  pS 0.22  ptS 0.21  fLog 0.59  pdΔ -0.2800  pkR 5.46  clip 0.07  kl +0.003
upd 1689  steps 3461120  sps 1239  opp symm  loss -0.176  pg -0.1778  v 0.021  ev +0.96  adv_std 0.202  tR +0.00  ent[s/d/p/e] 0.36/0.70/1.32/0.00  emits 1.00  spf 240.5  z0 0.00  garr 245.4  tG 907  e2 0.00  nF 11.7  pS 0.22  ptS 0.21  fLog 0.58  pdΔ -0.2757  pkR 5.90  clip 0.06  kl +0.001
upd 1690  steps 3463168  sps 1239  opp symm  loss -0.156  pg -0.1594  v 0.025  ev +0.95  adv_std 0.227  tR -0.50  ent[s/d/p/e] 0.36/0.76/1.33/0.00  emits 1.00  spf 270.7  z0 0.00  garr 271.2  tG 1004  e2 0.00  nF 11.9  pS 0.24  ptS 0.23  fLog 0.58  pdΔ -0.2617  pkR 5.76  clip 0.10  kl +0.004
upd 1691  steps 3465216  sps 1240  opp symm  loss -0.166  pg -0.1746  v 0.034  ev +0.94  adv_std 0.258  tR +0.00  ent[s/d/p/e] 0.40/0.83/1.26/0.00  emits 1.00  spf 246.7  z0 0.00  garr 256.1  tG 929  e2 0.00  nF 11.9  pS 0.24  ptS 0.22  fLog 0.56  pdΔ -0.2638  pkR 5.74  clip 0.05  kl +0.003
upd 1692  steps 3467264  sps 1240  opp symm  loss -0.168  pg -0.1736  v 0.029  ev +0.95  adv_std 0.245  tR +1.00  ent[s/d/p/e] 0.41/0.85/1.25/0.00  emits 1.00  spf 252.8  z0 0.00  garr 248.0  tG 895  e2 0.00  nF 12.5  pS 0.24  ptS 0.23  fLog 0.56  pdΔ -0.2573  pkR 5.88  clip 0.12  kl +0.003
upd 1693  steps 3469312  sps 1240  opp symm  loss -0.174  pg -0.1798  v 0.029  ev +0.94  adv_std 0.240  tR +0.67  ent[s/d/p/e] 0.41/0.85/1.24/0.00  emits 1.00  spf 252.9  z0 0.00  garr 258.9  tG 891  e2 0.00  nF 12.6  pS 0.24  ptS 0.23  fLog 0.55  pdΔ -0.2616  pkR 6.06  clip 0.11  kl +0.003
upd 1694  steps 3471360  sps 1241  opp symm  loss -0.191  pg -0.1925  v 0.021  ev +0.96  adv_std 0.207  tR +1.00  ent[s/d/p/e] 0.44/0.84/1.27/0.00  emits 0.99  spf 261.4  z0 0.01  garr 258.9  tG 853  e2 0.00  nF 11.9  pS 0.23  ptS 0.22  fLog 0.55  pdΔ -0.2723  pkR 6.42  clip 0.05  kl +0.001
upd 1695  steps 3473408  sps 1241  opp symm  loss -0.031  pg -0.0476  v 0.052  ev +0.88  adv_std 0.323  tR -0.20  ent[s/d/p/e] 0.45/0.77/1.32/0.00  emits 0.98  spf 247.9  z0 0.02  garr 248.0  tG 849  e2 0.00  nF 11.8  pS 0.25  ptS 0.24  fLog 0.56  pdΔ -0.2547  pkR 5.63  clip 0.05  kl -0.000
upd 1696  steps 3475456  sps 1242  opp symm  loss -0.049  pg -0.0596  v 0.039  ev +0.92  adv_std 0.274  tR +0.27  ent[s/d/p/e] 0.48/0.66/1.34/0.00  emits 1.00  spf 165.9  z0 0.00  garr 167.1  tG 649  e2 0.00  nF 12.0  pS 0.25  ptS 0.24  fLog 0.53  pdΔ -0.2523  pkR 7.49  clip 0.14  kl +0.003
upd 1697  steps 3477504  sps 1242  opp symm  loss -0.063  pg -0.0699  v 0.031  ev +0.93  adv_std 0.245  tR +1.00  ent[s/d/p/e] 0.53/0.66/1.33/0.00  emits 0.99  spf 147.6  z0 0.01  garr 144.5  tG 570  e2 0.00  nF 12.3  pS 0.25  ptS 0.24  fLog 0.54  pdΔ -0.2519  pkR 8.42  clip 0.12  kl +0.002
upd 1698  steps 3479552  sps 1243  opp symm  loss -0.061  pg -0.0642  v 0.024  ev +0.94  adv_std 0.221  tR -0.33  ent[s/d/p/e] 0.45/0.59/1.30/0.00  emits 0.98  spf 157.9  z0 0.02  garr 154.0  tG 585  e2 0.00  nF 12.1  pS 0.24  ptS 0.23  fLog 0.54  pdΔ -0.2561  pkR 7.83  clip 0.10  kl +0.001
[eval_vs_v20] u1699 tag=train_u1699  bin0=0.0%  spf=0.00  garr=128.50  flip=0.00%  z0=71.9%  e8=0.0%  e2+=0.0%  WLD=0/3/0
upd 1699  steps 3481600  sps 1243  opp symm  loss -0.094  pg -0.0955  v 0.020  ev +0.95  adv_std 0.201  tR +0.00  ent[s/d/p/e] 0.48/0.55/1.34/0.00  emits 1.00  spf 167.6  z0 0.00  garr 167.7  tG 610  e2 0.00  nF 12.1  pS 0.24  ptS 0.23  fLog 0.53  pdΔ -0.2643  pkR 7.46  clip 0.05  kl +0.002 WRr 0.28 v20[spf 0.0 flip 0.0% e2+ 0.0%]
upd 1700  steps 3483648  sps 1199  opp symm  loss -0.000  pg -0.0030  v 0.024  ev +0.94  adv_std 0.217  tR +1.00  ent[s/d/p/e] 0.49/0.52/1.39/0.00  emits 1.00  spf 197.2  z0 0.00  garr 196.6  tG 687  e2 0.00  nF 12.5  pS 0.24  ptS 0.24  fLog 0.56  pdΔ -0.2569  pkR 8.35  clip 0.05  kl +0.000
upd 1701  steps 3485696  sps 1200  opp symm  loss -0.034  pg -0.0359  v 0.023  ev +0.94  adv_std 0.216  tR +0.60  ent[s/d/p/e] 0.49/0.51/1.43/0.00  emits 1.00  spf 221.0  z0 0.00  garr 219.5  tG 748  e2 0.00  nF 12.1  pS 0.24  ptS 0.23  fLog 0.57  pdΔ -0.2615  pkR 8.70  clip 0.08  kl +0.001
upd 1702  steps 3487744  sps 1200  opp symm  loss -0.094  pg -0.0926  v 0.017  ev +0.96  adv_std 0.182  tR +0.60  ent[s/d/p/e] 0.58/0.66/1.41/0.00  emits 1.00  spf 202.2  z0 0.00  garr 204.3  tG 725  e2 0.00  nF 12.1  pS 0.24  ptS 0.23  fLog 0.56  pdΔ -0.2642  pkR 10.70  clip 0.12  kl +0.001
upd 1703  steps 3489792  sps 1201  opp symm  loss -0.075  pg -0.0751  v 0.020  ev +0.95  adv_std 0.200  tR +0.00  ent[s/d/p/e] 0.59/0.65/1.44/0.00  emits 0.98  spf 207.2  z0 0.02  garr 207.8  tG 731  e2 0.00  nF 12.3  pS 0.25  ptS 0.24  fLog 0.57  pdΔ -0.2494  pkR 11.50  clip 0.13  kl +0.006
upd 1704  steps 3491840  sps 1201  opp symm  loss -0.078  pg -0.0743  v 0.013  ev +0.97  adv_std 0.160  tR -0.33  ent[s/d/p/e] 0.55/0.56/1.48/0.00  emits 0.99  spf 206.9  z0 0.01  garr 205.0  tG 717  e2 0.00  nF 11.1  pS 0.27  ptS 0.25  fLog 0.59  pdΔ -0.2316  pkR 12.90  clip 0.17  kl +0.007
upd 1705  steps 3493888  sps 1202  opp symm  loss -0.094  pg -0.0908  v 0.012  ev +0.97  adv_std 0.154  tR +1.00  ent[s/d/p/e] 0.52/0.49/1.50/0.00  emits 1.00  spf 240.5  z0 0.00  garr 239.1  tG 828  e2 0.00  nF 10.5  pS 0.28  ptS 0.27  fLog 0.62  pdΔ -0.2203  pkR 11.26  clip 0.16  kl +0.006
upd 1706  steps 3495936  sps 1202  opp symm  loss -0.047  pg -0.0437  v 0.012  ev +0.97  adv_std 0.159  tR +0.00  ent[s/d/p/e] 0.40/0.42/1.51/0.00  emits 1.00  spf 260.9  z0 0.00  garr 260.8  tG 843  e2 0.00  nF 10.3  pS 0.28  ptS 0.26  fLog 0.62  pdΔ -0.2236  pkR 6.87  clip 0.14  kl +0.007
upd 1707  steps 3497984  sps 1202  opp symm  loss -0.035  pg -0.0324  v 0.014  ev +0.96  adv_std 0.173  tR +0.33  ent[s/d/p/e] 0.43/0.48/1.49/0.00  emits 1.00  spf 264.5  z0 0.00  garr 270.9  tG 872  e2 0.00  nF 10.5  pS 0.28  ptS 0.26  fLog 0.61  pdΔ -0.2237  pkR 4.40  clip 0.13  kl +0.002
upd 1708  steps 3500032  sps 1203  opp symm  loss -0.063  pg -0.0658  v 0.025  ev +0.93  adv_std 0.224  tR -0.33  ent[s/d/p/e] 0.41/0.54/1.47/0.00  emits 0.99  spf 289.1  z0 0.01  garr 291.3  tG 922  e2 0.00  nF 11.2  pS 0.28  ptS 0.26  fLog 0.60  pdΔ -0.2202  pkR 4.73  clip 0.10  kl +0.004
upd 1709  steps 3502080  sps 1203  opp symm  loss -0.060  pg -0.0657  v 0.028  ev +0.93  adv_std 0.242  tR -0.33  ent[s/d/p/e] 0.40/0.59/1.39/0.00  emits 0.98  spf 313.2  z0 0.02  garr 300.2  tG 942  e2 0.00  nF 11.5  pS 0.27  ptS 0.26  fLog 0.58  pdΔ -0.2271  pkR 5.02  clip 0.12  kl +0.003
upd 1710  steps 3504128  sps 1204  opp symm  loss -0.104  pg -0.1033  v 0.016  ev +0.97  adv_std 0.179  tR -0.33  ent[s/d/p/e] 0.40/0.61/1.43/0.00  emits 0.97  spf 291.9  z0 0.03  garr 282.8  tG 927  e2 0.00  nF 12.6  pS 0.28  ptS 0.26  fLog 0.58  pdΔ -0.2178  pkR 5.74  clip 0.10  kl +0.003
upd 1711  steps 3506176  sps 1204  opp symm  loss -0.072  pg -0.0777  v 0.029  ev +0.94  adv_std 0.241  tR +0.08  ent[s/d/p/e] 0.32/0.66/1.33/0.01  emits 0.97  spf 291.8  z0 0.03  garr 271.2  tG 890  e2 0.00  nF 12.7  pS 0.26  ptS 0.24  fLog 0.56  pdΔ -0.2404  pkR 6.18  clip 0.17  kl +0.003
upd 1712  steps 3508224  sps 1205  opp symm  loss -0.066  pg -0.0740  v 0.033  ev +0.93  adv_std 0.255  tR +0.00  ent[s/d/p/e] 0.32/0.74/1.25/0.01  emits 1.00  spf 184.0  z0 0.00  garr 186.0  tG 709  e2 0.00  nF 14.0  pS 0.24  ptS 0.23  fLog 0.51  pdΔ -0.2556  pkR 6.39  clip 0.12  kl +0.005
upd 1713  steps 3510272  sps 1205  opp symm  loss -0.039  pg -0.0412  v 0.022  ev +0.95  adv_std 0.212  tR +0.33  ent[s/d/p/e] 0.36/0.68/1.37/0.02  emits 1.01  spf 191.1  z0 0.00  garr 193.9  tG 728  e2 0.01  nF 13.9  pS 0.26  ptS 0.24  fLog 0.54  pdΔ -0.2398  pkR 6.96  clip 0.11  kl +0.010
upd 1714  steps 3512320  sps 1206  opp symm  loss -0.090  pg -0.0907  v 0.019  ev +0.96  adv_std 0.195  tR +0.25  ent[s/d/p/e] 0.38/0.65/1.42/0.03  emits 0.99  spf 191.4  z0 0.02  garr 188.6  tG 723  e2 0.01  nF 12.9  pS 0.26  ptS 0.25  fLog 0.55  pdΔ -0.2374  pkR 7.55  clip 0.12  kl +0.002
upd 1715  steps 3514368  sps 1206  opp symm  loss -0.059  pg -0.0626  v 0.024  ev +0.95  adv_std 0.225  tR +0.00  ent[s/d/p/e] 0.32/0.61/1.36/0.05  emits 0.99  spf 179.0  z0 0.02  garr 176.7  tG 722  e2 0.01  nF 13.2  pS 0.26  ptS 0.24  fLog 0.54  pdΔ -0.2402  pkR 8.33  clip 0.14  kl +0.005
upd 1716  steps 3516416  sps 1206  opp symm  loss -0.094  pg -0.0963  v 0.023  ev +0.95  adv_std 0.221  tR +0.50  ent[s/d/p/e] 0.34/0.61/1.39/0.05  emits 1.01  spf 203.3  z0 0.01  garr 197.1  tG 787  e2 0.02  nF 13.3  pS 0.27  ptS 0.25  fLog 0.56  pdΔ -0.2315  pkR 8.08  clip 0.07  kl +0.002
upd 1717  steps 3518464  sps 1207  opp symm  loss -0.115  pg -0.1175  v 0.024  ev +0.95  adv_std 0.221  tR +0.33  ent[s/d/p/e] 0.34/0.78/1.34/0.05  emits 1.00  spf 193.4  z0 0.02  garr 190.2  tG 733  e2 0.02  nF 13.4  pS 0.26  ptS 0.25  fLog 0.54  pdΔ -0.2395  pkR 9.24  clip 0.09  kl +0.005
upd 1718  steps 3520512  sps 1207  opp symm  loss -0.155  pg -0.1578  v 0.023  ev +0.95  adv_std 0.222  tR +1.00  ent[s/d/p/e] 0.31/0.72/1.35/0.04  emits 1.00  spf 182.7  z0 0.02  garr 178.3  tG 721  e2 0.01  nF 14.0  pS 0.26  ptS 0.24  fLog 0.55  pdΔ -0.2395  pkR 8.33  clip 0.06  kl +0.003
upd 1719  steps 3522560  sps 1208  opp symm  loss -0.138  pg -0.1419  v 0.025  ev +0.95  adv_std 0.227  tR +0.60  ent[s/d/p/e] 0.34/0.76/1.37/0.03  emits 1.00  spf 177.4  z0 0.02  garr 167.8  tG 726  e2 0.01  nF 12.4  pS 0.28  ptS 0.26  fLog 0.56  pdΔ -0.2241  pkR 8.11  clip 0.06  kl +0.002
upd 1720  steps 3524608  sps 1208  opp symm  loss -0.098  pg -0.0993  v 0.021  ev +0.96  adv_std 0.212  tR +1.00  ent[s/d/p/e] 0.33/0.67/1.38/0.04  emits 1.00  spf 162.5  z0 0.01  garr 157.2  tG 733  e2 0.02  nF 12.0  pS 0.28  ptS 0.27  fLog 0.56  pdΔ -0.2181  pkR 4.64  clip 0.17  kl +0.007
upd 1721  steps 3526656  sps 1209  opp symm  loss -0.047  pg -0.0493  v 0.025  ev +0.95  adv_std 0.225  tR +0.50  ent[s/d/p/e] 0.38/0.62/1.48/0.05  emits 1.01  spf 188.5  z0 0.01  garr 183.5  tG 812  e2 0.02  nF 11.8  pS 0.28  ptS 0.27  fLog 0.58  pdΔ -0.2175  pkR 5.02  clip 0.17  kl +0.006
upd 1722  steps 3528704  sps 1209  opp symm  loss -0.085  pg -0.0851  v 0.020  ev +0.96  adv_std 0.198  tR +0.33  ent[s/d/p/e] 0.33/0.57/1.47/0.07  emits 1.05  spf 215.7  z0 0.00  garr 207.8  tG 882  e2 0.04  nF 11.8  pS 0.28  ptS 0.26  fLog 0.57  pdΔ -0.2220  pkR 5.43  clip 0.19  kl +0.010
upd 1723  steps 3530752  sps 1209  opp symm  loss -0.091  pg -0.0923  v 0.022  ev +0.95  adv_std 0.213  tR +1.00  ent[s/d/p/e] 0.37/0.58/1.51/0.06  emits 1.04  spf 234.9  z0 0.00  garr 237.0  tG 1007  e2 0.04  nF 11.7  pS 0.29  ptS 0.28  fLog 0.60  pdΔ -0.2051  pkR 5.42  clip 0.13  kl +0.005
upd 1724  steps 3532800  sps 1210  opp symm  loss -0.082  pg -0.0872  v 0.030  ev +0.94  adv_std 0.246  tR +0.33  ent[s/d/p/e] 0.31/0.55/1.51/0.06  emits 1.05  spf 260.5  z0 0.00  garr 248.2  tG 1047  e2 0.04  nF 11.3  pS 0.30  ptS 0.28  fLog 0.60  pdΔ -0.2014  pkR 5.81  clip 0.10  kl +0.004
upd 1725  steps 3534848  sps 1210  opp symm  loss -0.056  pg -0.0554  v 0.018  ev +0.96  adv_std 0.192  tR +1.00  ent[s/d/p/e] 0.31/0.58/1.47/0.06  emits 1.04  spf 224.0  z0 0.00  garr 226.4  tG 983  e2 0.03  nF 10.5  pS 0.29  ptS 0.27  fLog 0.59  pdΔ -0.2147  pkR 5.88  clip 0.12  kl +0.003
upd 1726  steps 3536896  sps 1211  opp symm  loss -0.016  pg -0.0262  v 0.039  ev +0.91  adv_std 0.277  tR -0.50  ent[s/d/p/e] 0.31/0.50/1.53/0.06  emits 1.04  spf 252.8  z0 0.00  garr 243.2  tG 999  e2 0.04  nF 10.1  pS 0.27  ptS 0.26  fLog 0.60  pdΔ -0.2291  pkR 6.51  clip 0.12  kl +0.005
upd 1727  steps 3538944  sps 1211  opp symm  loss -0.060  pg -0.0669  v 0.032  ev +0.93  adv_std 0.255  tR +0.38  ent[s/d/p/e] 0.29/0.62/1.39/0.06  emits 1.02  spf 235.2  z0 0.02  garr 224.5  tG 865  e2 0.03  nF 9.6  pS 0.24  ptS 0.23  fLog 0.56  pdΔ -0.2628  pkR 8.40  clip 0.13  kl +0.003
upd 1728  steps 3540992  sps 1212  opp symm  loss -0.033  pg -0.0341  v 0.020  ev +0.96  adv_std 0.202  tR +1.00  ent[s/d/p/e] 0.28/0.64/1.37/0.08  emits 1.01  spf 243.6  z0 0.02  garr 235.0  tG 891  e2 0.02  nF 10.2  pS 0.23  ptS 0.21  fLog 0.55  pdΔ -0.2747  pkR 8.92  clip 0.10  kl +0.005
upd 1729  steps 3543040  sps 1212  opp symm  loss -0.063  pg -0.0635  v 0.019  ev +0.96  adv_std 0.199  tR +0.00  ent[s/d/p/e] 0.32/0.51/1.42/0.07  emits 1.02  spf 239.2  z0 0.02  garr 239.5  tG 951  e2 0.03  nF 10.7  pS 0.24  ptS 0.23  fLog 0.56  pdΔ -0.2561  pkR 9.05  clip 0.08  kl +0.006
upd 1730  steps 3545088  sps 1212  opp symm  loss -0.061  pg -0.0697  v 0.035  ev +0.92  adv_std 0.267  tR +0.33  ent[s/d/p/e] 0.38/0.59/1.39/0.08  emits 1.03  spf 215.5  z0 0.01  garr 216.0  tG 879  e2 0.04  nF 11.1  pS 0.24  ptS 0.23  fLog 0.55  pdΔ -0.2615  pkR 10.15  clip 0.15  kl +0.004
upd 1731  steps 3547136  sps 1213  opp symm  loss -0.072  pg -0.0749  v 0.024  ev +0.95  adv_std 0.220  tR +0.33  ent[s/d/p/e] 0.33/0.54/1.35/0.07  emits 1.03  spf 225.1  z0 0.01  garr 217.9  tG 841  e2 0.03  nF 11.5  pS 0.21  ptS 0.20  fLog 0.54  pdΔ -0.2879  pkR 11.12  clip 0.17  kl +0.008
upd 1732  steps 3549184  sps 1213  opp symm  loss -0.062  pg -0.0680  v 0.032  ev +0.92  adv_std 0.256  tR -0.43  ent[s/d/p/e] 0.39/0.56/1.47/0.05  emits 1.00  spf 221.2  z0 0.03  garr 212.5  tG 780  e2 0.02  nF 10.7  pS 0.22  ptS 0.21  fLog 0.59  pdΔ -0.2763  pkR 9.70  clip 0.14  kl +0.006
upd 1733  steps 3551232  sps 1214  opp symm  loss -0.140  pg -0.1399  v 0.017  ev +0.96  adv_std 0.186  tR -0.20  ent[s/d/p/e] 0.29/0.67/1.40/0.03  emits 0.99  spf 183.7  z0 0.02  garr 182.3  tG 691  e2 0.01  nF 9.4  pS 0.22  ptS 0.21  fLog 0.58  pdΔ -0.2762  pkR 6.91  clip 0.12  kl +0.004
upd 1734  steps 3553280  sps 1214  opp symm  loss -0.066  pg -0.0685  v 0.023  ev +0.95  adv_std 0.217  tR +0.00  ent[s/d/p/e] 0.35/0.72/1.40/0.02  emits 0.97  spf 195.8  z0 0.03  garr 186.5  tG 726  e2 0.00  nF 10.0  pS 0.23  ptS 0.22  fLog 0.59  pdΔ -0.2708  pkR 7.50  clip 0.10  kl +0.002
upd 1735  steps 3555328  sps 1215  opp symm  loss -0.097  pg -0.0978  v 0.020  ev +0.96  adv_std 0.200  tR -0.33  ent[s/d/p/e] 0.35/0.71/1.37/0.03  emits 1.00  spf 193.0  z0 0.01  garr 186.4  tG 790  e2 0.01  nF 11.0  pS 0.23  ptS 0.22  fLog 0.59  pdΔ -0.2705  pkR 7.55  clip 0.10  kl +0.006
upd 1736  steps 3557376  sps 1215  opp symm  loss -0.093  pg -0.0928  v 0.018  ev +0.96  adv_std 0.193  tR +1.00  ent[s/d/p/e] 0.38/0.76/1.39/0.03  emits 1.00  spf 214.7  z0 0.00  garr 215.6  tG 929  e2 0.00  nF 11.2  pS 0.25  ptS 0.24  fLog 0.60  pdΔ -0.2538  pkR 7.33  clip 0.13  kl +0.003
upd 1737  steps 3559424  sps 1215  opp symm  loss -0.069  pg -0.0741  v 0.028  ev +0.93  adv_std 0.239  tR +0.33  ent[s/d/p/e] 0.33/0.63/1.43/0.03  emits 1.01  spf 229.8  z0 0.00  garr 230.8  tG 1006  e2 0.01  nF 10.4  pS 0.26  ptS 0.25  fLog 0.62  pdΔ -0.2441  pkR 7.12  clip 0.12  kl +0.003
upd 1738  steps 3561472  sps 1216  opp symm  loss -0.083  pg -0.0836  v 0.021  ev +0.95  adv_std 0.209  tR +1.00  ent[s/d/p/e] 0.36/0.69/1.45/0.04  emits 1.00  spf 239.9  z0 0.00  garr 244.4  tG 1000  e2 0.01  nF 10.7  pS 0.26  ptS 0.25  fLog 0.62  pdΔ -0.2443  pkR 5.62  clip 0.11  kl +0.002
upd 1739  steps 3563520  sps 1216  opp symm  loss -0.052  pg -0.0523  v 0.019  ev +0.96  adv_std 0.199  tR +0.33  ent[s/d/p/e] 0.32/0.59/1.47/0.04  emits 0.98  spf 270.8  z0 0.02  garr 265.1  tG 1096  e2 0.01  nF 10.3  pS 0.26  ptS 0.26  fLog 0.62  pdΔ -0.2399  pkR 5.45  clip 0.13  kl +0.006
upd 1740  steps 3565568  sps 1217  opp symm  loss -0.062  pg -0.0607  v 0.017  ev +0.96  adv_std 0.187  tR +0.50  ent[s/d/p/e] 0.35/0.55/1.45/0.05  emits 0.98  spf 275.6  z0 0.04  garr 268.2  tG 1069  e2 0.01  nF 10.3  pS 0.27  ptS 0.26  fLog 0.62  pdΔ -0.2347  pkR 5.67  clip 0.05  kl -0.000
upd 1741  steps 3567616  sps 1217  opp symm  loss -0.011  pg -0.0113  v 0.020  ev +0.95  adv_std 0.201  tR +0.00  ent[s/d/p/e] 0.36/0.51/1.49/0.05  emits 0.99  spf 279.2  z0 0.02  garr 278.1  tG 1100  e2 0.01  nF 10.5  pS 0.28  ptS 0.27  fLog 0.63  pdΔ -0.2229  pkR 5.86  clip 0.08  kl +0.005
upd 1742  steps 3569664  sps 1218  opp symm  loss -0.006  pg -0.0069  v 0.020  ev +0.95  adv_std 0.204  tR +0.11  ent[s/d/p/e] 0.35/0.48/1.49/0.03  emits 1.00  spf 239.5  z0 0.01  garr 240.4  tG 1016  e2 0.01  nF 9.5  pS 0.28  ptS 0.28  fLog 0.61  pdΔ -0.2154  pkR 6.37  clip 0.09  kl +0.003
upd 1743  steps 3571712  sps 1218  opp symm  loss +0.017  pg +0.0131  v 0.025  ev +0.92  adv_std 0.226  tR -0.71  ent[s/d/p/e] 0.33/0.52/1.44/0.02  emits 0.99  spf 224.1  z0 0.01  garr 221.7  tG 973  e2 0.00  nF 8.9  pS 0.28  ptS 0.27  fLog 0.60  pdΔ -0.2195  pkR 6.26  clip 0.11  kl +0.002
upd 1744  steps 3573760  sps 1219  opp symm  loss +0.004  pg +0.0052  v 0.017  ev +0.95  adv_std 0.183  tR +1.00  ent[s/d/p/e] 0.41/0.52/1.50/0.01  emits 1.00  spf 248.4  z0 0.00  garr 247.4  tG 1053  e2 0.00  nF 8.7  pS 0.29  ptS 0.28  fLog 0.63  pdΔ -0.2067  pkR 6.44  clip 0.18  kl +0.008
upd 1745  steps 3575808  sps 1219  opp symm  loss -0.027  pg -0.0287  v 0.023  ev +0.92  adv_std 0.213  tR +0.14  ent[s/d/p/e] 0.39/0.54/1.51/0.01  emits 1.00  spf 276.7  z0 0.00  garr 271.6  tG 1088  e2 0.00  nF 7.8  pS 0.29  ptS 0.28  fLog 0.65  pdΔ -0.2084  pkR 6.61  clip 0.13  kl +0.002
upd 1746  steps 3577856  sps 1219  opp symm  loss -0.059  pg -0.0581  v 0.018  ev +0.95  adv_std 0.187  tR +0.43  ent[s/d/p/e] 0.33/0.56/1.47/0.01  emits 1.00  spf 226.8  z0 0.00  garr 222.6  tG 954  e2 0.00  nF 6.9  pS 0.30  ptS 0.29  fLog 0.63  pdΔ -0.2048  pkR 6.95  clip 0.13  kl +0.005
upd 1747  steps 3579904  sps 1220  opp symm  loss -0.061  pg -0.0589  v 0.014  ev +0.96  adv_std 0.169  tR +1.00  ent[s/d/p/e] 0.31/0.60/1.43/0.01  emits 1.00  spf 216.2  z0 0.00  garr 211.6  tG 883  e2 0.00  nF 8.0  pS 0.27  ptS 0.26  fLog 0.62  pdΔ -0.2336  pkR 5.35  clip 0.14  kl +0.005
upd 1748  steps 3581952  sps 1220  opp symm  loss -0.063  pg -0.0621  v 0.016  ev +0.96  adv_std 0.184  tR +0.20  ent[s/d/p/e] 0.30/0.62/1.43/0.02  emits 0.99  spf 191.4  z0 0.01  garr 186.7  tG 857  e2 0.00  nF 8.6  pS 0.26  ptS 0.25  fLog 0.61  pdΔ -0.2423  pkR 5.98  clip 0.08  kl +0.002
upd 1749  steps 3584000  sps 1221  opp symm  loss -0.046  pg -0.0477  v 0.022  ev +0.95  adv_std 0.215  tR -0.33  ent[s/d/p/e] 0.36/0.66/1.43/0.04  emits 0.99  spf 188.2  z0 0.02  garr 179.4  tG 834  e2 0.01  nF 9.6  pS 0.26  ptS 0.25  fLog 0.60  pdΔ -0.2430  pkR 6.34  clip 0.08  kl +0.005
upd 1750  steps 3586048  sps 1221  opp symm  loss -0.074  pg -0.0724  v 0.015  ev +0.96  adv_std 0.178  tR +1.00  ent[s/d/p/e] 0.38/0.65/1.48/0.03  emits 0.98  spf 198.1  z0 0.03  garr 197.3  tG 902  e2 0.01  nF 9.6  pS 0.26  ptS 0.25  fLog 0.61  pdΔ -0.2390  pkR 5.11  clip 0.10  kl +0.007
upd 1751  steps 3588096  sps 1222  opp symm  loss -0.062  pg -0.0628  v 0.020  ev +0.95  adv_std 0.198  tR -0.20  ent[s/d/p/e] 0.35/0.67/1.45/0.04  emits 1.00  spf 182.9  z0 0.01  garr 180.6  tG 896  e2 0.01  nF 9.9  pS 0.27  ptS 0.26  fLog 0.60  pdΔ -0.2301  pkR 5.77  clip 0.07  kl +0.004
upd 1752  steps 3590144  sps 1222  opp symm  loss -0.060  pg -0.0593  v 0.019  ev +0.96  adv_std 0.197  tR +0.00  ent[s/d/p/e] 0.37/0.64/1.53/0.04  emits 1.01  spf 189.1  z0 0.00  garr 194.8  tG 983  e2 0.01  nF 10.1  pS 0.30  ptS 0.29  fLog 0.61  pdΔ -0.2047  pkR 5.80  clip 0.08  kl +0.005
upd 1753  steps 3592192  sps 1222  opp symm  loss -0.057  pg -0.0577  v 0.021  ev +0.96  adv_std 0.214  tR -0.33  ent[s/d/p/e] 0.38/0.60/1.56/0.04  emits 1.01  spf 205.0  z0 0.00  garr 208.9  tG 1045  e2 0.01  nF 10.1  pS 0.31  ptS 0.30  fLog 0.62  pdΔ -0.1941  pkR 4.87  clip 0.09  kl +0.005
upd 1754  steps 3594240  sps 1223  opp symm  loss -0.056  pg -0.0581  v 0.024  ev +0.95  adv_std 0.221  tR +0.33  ent[s/d/p/e] 0.40/0.59/1.50/0.05  emits 1.02  spf 223.8  z0 0.00  garr 227.3  tG 1121  e2 0.02  nF 10.8  pS 0.30  ptS 0.29  fLog 0.61  pdΔ -0.2002  pkR 4.47  clip 0.13  kl +0.004
upd 1755  steps 3596288  sps 1223  opp symm  loss -0.051  pg -0.0533  v 0.023  ev +0.95  adv_std 0.219  tR +0.00  ent[s/d/p/e] 0.36/0.54/1.50/0.04  emits 1.00  spf 249.7  z0 0.02  garr 253.1  tG 1248  e2 0.02  nF 10.5  pS 0.30  ptS 0.29  fLog 0.62  pdΔ -0.2012  pkR 4.24  clip 0.09  kl +0.004
upd 1756  steps 3598336  sps 1224  opp symm  loss -0.026  pg -0.0282  v 0.023  ev +0.95  adv_std 0.222  tR -0.20  ent[s/d/p/e] 0.38/0.62/1.46/0.03  emits 1.00  spf 242.7  z0 0.01  garr 247.5  tG 1246  e2 0.01  nF 10.3  pS 0.29  ptS 0.28  fLog 0.61  pdΔ -0.2065  pkR 4.71  clip 0.10  kl +0.002
upd 1757  steps 3600384  sps 1224  opp symm  loss -0.051  pg -0.0528  v 0.023  ev +0.95  adv_std 0.221  tR -1.00  ent[s/d/p/e] 0.50/0.62/1.49/0.04  emits 0.99  spf 257.3  z0 0.02  garr 253.7  tG 1250  e2 0.01  nF 10.6  pS 0.30  ptS 0.29  fLog 0.62  pdΔ -0.2008  pkR 5.21  clip 0.12  kl +0.005
upd 1758  steps 3602432  sps 1225  opp symm  loss -0.062  pg -0.0648  v 0.025  ev +0.94  adv_std 0.223  tR +0.56  ent[s/d/p/e] 0.47/0.63/1.46/0.02  emits 0.99  spf 261.0  z0 0.02  garr 259.6  tG 1225  e2 0.01  nF 9.6  pS 0.29  ptS 0.28  fLog 0.61  pdΔ -0.2140  pkR 5.76  clip 0.10  kl +0.003
upd 1759  steps 3604480  sps 1225  opp symm  loss -0.063  pg -0.0649  v 0.023  ev +0.94  adv_std 0.217  tR -0.33  ent[s/d/p/e] 0.50/0.69/1.49/0.03  emits 1.00  spf 237.3  z0 0.01  garr 236.5  tG 1070  e2 0.01  nF 9.4  pS 0.28  ptS 0.27  fLog 0.60  pdΔ -0.2209  pkR 7.30  clip 0.11  kl +0.003
upd 1760  steps 3606528  sps 1225  opp symm  loss -0.049  pg -0.0472  v 0.016  ev +0.96  adv_std 0.181  tR +1.00  ent[s/d/p/e] 0.49/0.69/1.50/0.04  emits 1.00  spf 241.6  z0 0.02  garr 241.5  tG 1102  e2 0.01  nF 10.4  pS 0.29  ptS 0.28  fLog 0.60  pdΔ -0.2102  pkR 7.61  clip 0.12  kl +0.003
upd 1761  steps 3608576  sps 1226  opp symm  loss -0.061  pg -0.0685  v 0.034  ev +0.91  adv_std 0.261  tR +0.09  ent[s/d/p/e] 0.41/0.77/1.43/0.04  emits 1.01  spf 240.4  z0 0.00  garr 240.5  tG 1104  e2 0.01  nF 10.8  pS 0.29  ptS 0.28  fLog 0.58  pdΔ -0.2113  pkR 7.76  clip 0.10  kl +0.001
upd 1762  steps 3610624  sps 1226  opp symm  loss -0.064  pg -0.0733  v 0.037  ev +0.91  adv_std 0.271  tR +0.33  ent[s/d/p/e] 0.45/0.78/1.38/0.03  emits 1.01  spf 191.7  z0 0.00  garr 198.9  tG 833  e2 0.01  nF 11.3  pS 0.27  ptS 0.27  fLog 0.55  pdΔ -0.2263  pkR 8.17  clip 0.06  kl +0.003
upd 1763  steps 3612672  sps 1227  opp symm  loss -0.024  pg -0.0311  v 0.033  ev +0.91  adv_std 0.254  tR +1.00  ent[s/d/p/e] 0.48/0.81/1.39/0.04  emits 1.01  spf 186.6  z0 0.00  garr 193.0  tG 777  e2 0.01  nF 10.8  pS 0.28  ptS 0.27  fLog 0.56  pdΔ -0.2245  pkR 6.08  clip 0.18  kl +0.005
upd 1764  steps 3614720  sps 1227  opp symm  loss +0.030  pg +0.0277  v 0.024  ev +0.93  adv_std 0.219  tR +0.20  ent[s/d/p/e] 0.49/0.72/1.42/0.06  emits 1.02  spf 188.7  z0 0.00  garr 193.4  tG 753  e2 0.01  nF 10.0  pS 0.28  ptS 0.28  fLog 0.57  pdΔ -0.2156  pkR 5.86  clip 0.11  kl +0.003
upd 1765  steps 3616768  sps 1227  opp symm  loss +0.008  pg +0.0079  v 0.019  ev +0.94  adv_std 0.203  tR +0.50  ent[s/d/p/e] 0.53/0.74/1.44/0.05  emits 1.01  spf 203.6  z0 0.00  garr 204.5  tG 733  e2 0.01  nF 10.1  pS 0.28  ptS 0.27  fLog 0.57  pdΔ -0.2221  pkR 6.42  clip 0.16  kl +0.004
upd 1766  steps 3618816  sps 1228  opp symm  loss -0.016  pg -0.0110  v 0.010  ev +0.97  adv_std 0.142  tR -0.33  ent[s/d/p/e] 0.52/0.66/1.45/0.04  emits 1.02  spf 198.2  z0 0.00  garr 199.0  tG 796  e2 0.01  nF 9.8  pS 0.29  ptS 0.29  fLog 0.59  pdΔ -0.2078  pkR 6.49  clip 0.12  kl +0.005
upd 1767  steps 3620864  sps 1228  opp symm  loss -0.011  pg -0.0068  v 0.011  ev +0.97  adv_std 0.148  tR +0.60  ent[s/d/p/e] 0.50/0.69/1.47/0.04  emits 1.00  spf 178.8  z0 0.00  garr 177.8  tG 717  e2 0.01  nF 9.9  pS 0.30  ptS 0.29  fLog 0.58  pdΔ -0.2049  pkR 7.40  clip 0.19  kl +0.008
upd 1768  steps 3622912  sps 1229  opp symm  loss -0.052  pg -0.0480  v 0.012  ev +0.97  adv_std 0.152  tR -1.00  ent[s/d/p/e] 0.50/0.70/1.48/0.04  emits 1.01  spf 188.2  z0 0.01  garr 194.3  tG 768  e2 0.01  nF 9.4  pS 0.30  ptS 0.29  fLog 0.59  pdΔ -0.2044  pkR 6.91  clip 0.18  kl +0.005
upd 1769  steps 3624960  sps 1229  opp symm  loss -0.057  pg -0.0525  v 0.011  ev +0.97  adv_std 0.145  tR +0.00  ent[s/d/p/e] 0.42/0.66/1.53/0.03  emits 1.01  spf 224.6  z0 0.01  garr 223.3  tG 869  e2 0.01  nF 9.1  pS 0.30  ptS 0.30  fLog 0.61  pdΔ -0.1983  pkR 7.13  clip 0.15  kl +0.008
upd 1770  steps 3627008  sps 1230  opp symm  loss -0.072  pg -0.0678  v 0.012  ev +0.97  adv_std 0.156  tR +1.00  ent[s/d/p/e] 0.38/0.70/1.52/0.03  emits 0.99  spf 262.9  z0 0.02  garr 251.1  tG 938  e2 0.01  nF 8.9  pS 0.30  ptS 0.28  fLog 0.63  pdΔ -0.2046  pkR 7.11  clip 0.14  kl +0.004
upd 1771  steps 3629056  sps 1230  opp symm  loss -0.054  pg -0.0486  v 0.009  ev +0.98  adv_std 0.127  tR +0.14  ent[s/d/p/e] 0.35/0.60/1.51/0.03  emits 0.98  spf 248.1  z0 0.03  garr 245.1  tG 934  e2 0.01  nF 8.5  pS 0.29  ptS 0.28  fLog 0.63  pdΔ -0.2079  pkR 7.67  clip 0.11  kl +0.003
upd 1772  steps 3631104  sps 1230  opp symm  loss -0.066  pg -0.0642  v 0.015  ev +0.96  adv_std 0.177  tR +0.50  ent[s/d/p/e] 0.34/0.58/1.52/0.03  emits 1.01  spf 250.8  z0 0.00  garr 250.7  tG 961  e2 0.01  nF 8.3  pS 0.29  ptS 0.28  fLog 0.64  pdΔ -0.2090  pkR 8.02  clip 0.12  kl +0.002
upd 1773  steps 3633152  sps 1231  opp symm  loss -0.030  pg -0.0336  v 0.027  ev +0.94  adv_std 0.234  tR -0.50  ent[s/d/p/e] 0.39/0.70/1.48/0.04  emits 1.01  spf 224.9  z0 0.00  garr 228.8  tG 927  e2 0.01  nF 9.1  pS 0.30  ptS 0.29  fLog 0.63  pdΔ -0.2002  pkR 7.04  clip 0.14  kl +0.009
upd 1774  steps 3635200  sps 1231  opp symm  loss -0.076  pg -0.0786  v 0.023  ev +0.95  adv_std 0.218  tR +0.33  ent[s/d/p/e] 0.35/0.79/1.40/0.05  emits 1.02  spf 208.4  z0 0.00  garr 214.4  tG 916  e2 0.02  nF 9.7  pS 0.29  ptS 0.28  fLog 0.60  pdΔ -0.2141  pkR 4.75  clip 0.07  kl +0.003
upd 1775  steps 3637248  sps 1232  opp symm  loss -0.107  pg -0.1086  v 0.021  ev +0.96  adv_std 0.209  tR +0.33  ent[s/d/p/e] 0.31/0.81/1.38/0.04  emits 1.00  spf 221.2  z0 0.02  garr 222.4  tG 972  e2 0.02  nF 10.5  pS 0.28  ptS 0.27  fLog 0.60  pdΔ -0.2226  pkR 4.47  clip 0.10  kl +0.001
upd 1776  steps 3639296  sps 1232  opp symm  loss -0.119  pg -0.1182  v 0.017  ev +0.97  adv_std 0.186  tR -0.20  ent[s/d/p/e] 0.31/0.72/1.38/0.05  emits 1.01  spf 247.6  z0 0.01  garr 252.5  tG 1080  e2 0.02  nF 10.5  pS 0.28  ptS 0.27  fLog 0.61  pdΔ -0.2195  pkR 4.62  clip 0.14  kl +0.003
upd 1777  steps 3641344  sps 1233  opp symm  loss -0.031  pg -0.0370  v 0.030  ev +0.94  adv_std 0.241  tR -0.11  ent[s/d/p/e] 0.31/0.77/1.33/0.08  emits 1.04  spf 248.3  z0 0.00  garr 253.2  tG 1082  e2 0.03  nF 10.2  pS 0.26  ptS 0.25  fLog 0.57  pdΔ -0.2416  pkR 5.30  clip 0.11  kl +0.005
upd 1778  steps 3643392  sps 1233  opp symm  loss -0.083  pg -0.0857  v 0.023  ev +0.95  adv_std 0.210  tR +1.00  ent[s/d/p/e] 0.36/0.74/1.33/0.08  emits 1.03  spf 229.2  z0 0.00  garr 231.3  tG 1029  e2 0.03  nF 11.4  pS 0.24  ptS 0.23  fLog 0.55  pdΔ -0.2573  pkR 6.34  clip 0.13  kl +0.001
upd 1779  steps 3645440  sps 1233  opp symm  loss -0.019  pg -0.0215  v 0.025  ev +0.95  adv_std 0.226  tR +1.00  ent[s/d/p/e] 0.44/0.72/1.38/0.08  emits 1.03  spf 239.9  z0 0.00  garr 239.6  tG 1024  e2 0.03  nF 12.0  pS 0.22  ptS 0.21  fLog 0.56  pdΔ -0.2750  pkR 7.11  clip 0.09  kl +0.003
upd 1780  steps 3647488  sps 1234  opp symm  loss +0.000  pg +0.0009  v 0.018  ev +0.96  adv_std 0.194  tR -0.33  ent[s/d/p/e] 0.45/0.69/1.46/0.09  emits 1.04  spf 261.1  z0 0.00  garr 269.5  tG 1128  e2 0.03  nF 10.7  pS 0.25  ptS 0.23  fLog 0.58  pdΔ -0.2535  pkR 7.15  clip 0.14  kl +0.004
upd 1781  steps 3649536  sps 1234  opp symm  loss -0.038  pg -0.0402  v 0.025  ev +0.94  adv_std 0.225  tR +0.00  ent[s/d/p/e] 0.41/0.67/1.49/0.07  emits 1.02  spf 275.8  z0 0.00  garr 272.3  tG 1061  e2 0.02  nF 9.9  pS 0.26  ptS 0.24  fLog 0.59  pdΔ -0.2420  pkR 7.65  clip 0.16  kl +0.006
upd 1782  steps 3651584  sps 1235  opp symm  loss -0.095  pg -0.0925  v 0.014  ev +0.97  adv_std 0.166  tR +0.60  ent[s/d/p/e] 0.37/0.73/1.42/0.04  emits 1.02  spf 272.0  z0 0.00  garr 279.2  tG 1078  e2 0.02  nF 9.3  pS 0.27  ptS 0.25  fLog 0.60  pdΔ -0.2320  pkR 7.90  clip 0.18  kl +0.013
upd 1783  steps 3653632  sps 1235  opp symm  loss -0.073  pg -0.0719  v 0.017  ev +0.97  adv_std 0.173  tR +0.50  ent[s/d/p/e] 0.32/0.66/1.42/0.05  emits 1.01  spf 251.2  z0 0.00  garr 258.0  tG 1001  e2 0.01  nF 9.3  pS 0.27  ptS 0.26  fLog 0.59  pdΔ -0.2259  pkR 9.07  clip 0.09  kl +0.006
upd 1784  steps 3655680  sps 1236  opp symm  loss -0.098  pg -0.1003  v 0.023  ev +0.96  adv_std 0.214  tR -1.00  ent[s/d/p/e] 0.31/0.70/1.37/0.05  emits 1.01  spf 209.0  z0 0.00  garr 220.8  tG 872  e2 0.01  nF 9.9  pS 0.28  ptS 0.26  fLog 0.59  pdΔ -0.2215  pkR 4.43  clip 0.09  kl +0.003
upd 1785  steps 3657728  sps 1236  opp symm  loss -0.095  pg -0.0968  v 0.022  ev +0.96  adv_std 0.212  tR -1.00  ent[s/d/p/e] 0.31/0.66/1.37/0.06  emits 1.02  spf 219.7  z0 0.00  garr 229.3  tG 918  e2 0.01  nF 11.0  pS 0.29  ptS 0.28  fLog 0.59  pdΔ -0.2128  pkR 4.68  clip 0.09  kl +0.006
upd 1786  steps 3659776  sps 1236  opp symm  loss -0.047  pg -0.0558  v 0.035  ev +0.93  adv_std 0.270  tR +0.00  ent[s/d/p/e] 0.32/0.62/1.36/0.07  emits 1.03  spf 215.6  z0 0.00  garr 222.6  tG 909  e2 0.02  nF 11.2  pS 0.28  ptS 0.27  fLog 0.57  pdΔ -0.2201  pkR 5.72  clip 0.10  kl +0.002
upd 1787  steps 3661824  sps 1237  opp symm  loss -0.112  pg -0.1157  v 0.025  ev +0.95  adv_std 0.226  tR +0.00  ent[s/d/p/e] 0.33/0.70/1.32/0.05  emits 1.01  spf 169.7  z0 0.00  garr 178.4  tG 838  e2 0.01  nF 10.9  pS 0.28  ptS 0.27  fLog 0.56  pdΔ -0.2237  pkR 7.23  clip 0.11  kl +0.003
upd 1788  steps 3663872  sps 1237  opp symm  loss -0.135  pg -0.1382  v 0.023  ev +0.95  adv_std 0.219  tR -1.00  ent[s/d/p/e] 0.30/0.75/1.33/0.04  emits 1.01  spf 189.6  z0 0.00  garr 196.3  tG 914  e2 0.01  nF 10.4  pS 0.29  ptS 0.28  fLog 0.57  pdΔ -0.2110  pkR 7.72  clip 0.08  kl +0.003
upd 1789  steps 3665920  sps 1238  opp symm  loss -0.108  pg -0.1141  v 0.029  ev +0.94  adv_std 0.242  tR -0.14  ent[s/d/p/e] 0.26/0.70/1.36/0.03  emits 1.01  spf 212.8  z0 0.00  garr 217.8  tG 989  e2 0.01  nF 9.9  pS 0.29  ptS 0.28  fLog 0.59  pdΔ -0.2077  pkR 7.37  clip 0.11  kl +0.001
upd 1790  steps 3667968  sps 1238  opp symm  loss -0.141  pg -0.1414  v 0.018  ev +0.96  adv_std 0.193  tR +0.60  ent[s/d/p/e] 0.26/0.69/1.30/0.03  emits 1.01  spf 216.7  z0 0.00  garr 220.7  tG 959  e2 0.01  nF 10.0  pS 0.27  ptS 0.25  fLog 0.58  pdΔ -0.2312  pkR 6.64  clip 0.09  kl +0.004
upd 1791  steps 3670016  sps 1238  opp symm  loss -0.126  pg -0.1256  v 0.017  ev +0.96  adv_std 0.187  tR -1.00  ent[s/d/p/e] 0.28/0.69/1.34/0.04  emits 1.01  spf 214.0  z0 0.00  garr 223.2  tG 1002  e2 0.01  nF 11.2  pS 0.28  ptS 0.27  fLog 0.59  pdΔ -0.2220  pkR 5.30  clip 0.07  kl +0.005
upd 1792  steps 3672064  sps 1239  opp symm  loss -0.031  pg -0.0321  v 0.021  ev +0.95  adv_std 0.204  tR +0.25  ent[s/d/p/e] 0.29/0.68/1.37/0.06  emits 1.02  spf 237.8  z0 0.01  garr 246.8  tG 1058  e2 0.02  nF 10.9  pS 0.29  ptS 0.28  fLog 0.60  pdΔ -0.2147  pkR 5.54  clip 0.10  kl +0.005
upd 1793  steps 3674112  sps 1239  opp symm  loss -0.135  pg -0.1356  v 0.018  ev +0.96  adv_std 0.194  tR +0.67  ent[s/d/p/e] 0.33/0.72/1.32/0.06  emits 1.02  spf 233.3  z0 0.00  garr 237.6  tG 979  e2 0.02  nF 11.3  pS 0.26  ptS 0.25  fLog 0.57  pdΔ -0.2406  pkR 6.66  clip 0.09  kl +0.002
upd 1794  steps 3676160  sps 1240  opp symm  loss -0.129  pg -0.1299  v 0.020  ev +0.96  adv_std 0.205  tR +1.00  ent[s/d/p/e] 0.31/0.77/1.30/0.07  emits 1.01  spf 226.0  z0 0.02  garr 229.7  tG 961  e2 0.02  nF 11.5  pS 0.23  ptS 0.23  fLog 0.55  pdΔ -0.2656  pkR 7.48  clip 0.10  kl +0.004
upd 1795  steps 3678208  sps 1240  opp symm  loss -0.059  pg -0.0621  v 0.025  ev +0.95  adv_std 0.230  tR -0.33  ent[s/d/p/e] 0.29/0.83/1.30/0.08  emits 1.01  spf 237.6  z0 0.01  garr 237.7  tG 1046  e2 0.02  nF 12.0  pS 0.23  ptS 0.22  fLog 0.55  pdΔ -0.2691  pkR 7.41  clip 0.08  kl +0.003
upd 1796  steps 3680256  sps 1241  opp symm  loss -0.106  pg -0.1086  v 0.023  ev +0.96  adv_std 0.214  tR +0.00  ent[s/d/p/e] 0.33/0.84/1.28/0.07  emits 1.02  spf 247.9  z0 0.00  garr 257.7  tG 1128  e2 0.02  nF 12.5  pS 0.24  ptS 0.23  fLog 0.56  pdΔ -0.2625  pkR 7.16  clip 0.06  kl +0.002
upd 1797  steps 3682304  sps 1241  opp symm  loss -0.099  pg -0.1038  v 0.027  ev +0.95  adv_std 0.236  tR +0.50  ent[s/d/p/e] 0.33/0.77/1.31/0.06  emits 1.02  spf 217.5  z0 0.00  garr 229.1  tG 1061  e2 0.02  nF 12.8  pS 0.24  ptS 0.23  fLog 0.54  pdΔ -0.2606  pkR 7.34  clip 0.06  kl +0.001
upd 1798  steps 3684352  sps 1241  opp symm  loss -0.087  pg -0.0948  v 0.033  ev +0.94  adv_std 0.256  tR -1.00  ent[s/d/p/e] 0.27/0.88/1.22/0.06  emits 1.03  spf 218.5  z0 0.00  garr 224.2  tG 1043  e2 0.02  nF 13.6  pS 0.24  ptS 0.24  fLog 0.52  pdΔ -0.2564  pkR 7.81  clip 0.12  kl +0.003
[eval_vs_v20] u1799 tag=train_u1799  bin0=0.0%  spf=0.00  garr=128.50  flip=0.00%  z0=71.9%  e8=0.0%  e2+=0.0%  WLD=0/3/0
upd 1799  steps 3686400  sps 1242  opp symm  loss -0.079  pg -0.0830  v 0.026  ev +0.95  adv_std 0.234  tR +0.20  ent[s/d/p/e] 0.28/0.80/1.25/0.06  emits 1.00  spf 222.5  z0 0.02  garr 222.5  tG 1021  e2 0.02  nF 13.8  pS 0.25  ptS 0.24  fLog 0.53  pdΔ -0.2512  pkR 8.68  clip 0.09  kl +0.004 WRr 0.53 v20[spf 0.0 flip 0.0% e2+ 0.0%]
[ckpt] saved ./ckpt_multi_action_v14b/ckpt_001799.pkl opp=symm
upd 1800  steps 3688448  sps 1205  opp symm  loss -0.080  pg -0.0800  v 0.017  ev +0.96  adv_std 0.187  tR +1.00  ent[s/d/p/e] 0.28/0.68/1.38/0.08  emits 1.00  spf 252.9  z0 0.03  garr 250.1  tG 1125  e2 0.03  nF 12.0  pS 0.25  ptS 0.24  fLog 0.57  pdΔ -0.2483  pkR 8.58  clip 0.11  kl +0.001
upd 1801  steps 3690496  sps 1206  opp symm  loss -0.065  pg -0.0638  v 0.016  ev +0.97  adv_std 0.181  tR +0.25  ent[s/d/p/e] 0.26/0.69/1.36/0.06  emits 0.97  spf 280.0  z0 0.05  garr 273.2  tG 1208  e2 0.02  nF 9.5  pS 0.25  ptS 0.24  fLog 0.59  pdΔ -0.2517  pkR 8.74  clip 0.11  kl +0.004
upd 1802  steps 3692544  sps 1206  opp symm  loss -0.101  pg -0.1001  v 0.016  ev +0.97  adv_std 0.180  tR +0.14  ent[s/d/p/e] 0.27/0.72/1.31/0.07  emits 0.98  spf 229.2  z0 0.04  garr 234.1  tG 1029  e2 0.02  nF 9.1  pS 0.24  ptS 0.23  fLog 0.56  pdΔ -0.2578  pkR 11.14  clip 0.09  kl +0.001
upd 1803  steps 3694592  sps 1206  opp symm  loss -0.088  pg -0.0881  v 0.017  ev +0.96  adv_std 0.189  tR -0.33  ent[s/d/p/e] 0.26/0.74/1.29/0.07  emits 1.01  spf 198.8  z0 0.01  garr 209.8  tG 940  e2 0.02  nF 10.7  pS 0.25  ptS 0.24  fLog 0.55  pdΔ -0.2480  pkR 13.03  clip 0.05  kl +0.002
upd 1804  steps 3696640  sps 1207  opp symm  loss -0.112  pg -0.1112  v 0.017  ev +0.97  adv_std 0.184  tR -0.33  ent[s/d/p/e] 0.32/0.81/1.32/0.05  emits 1.01  spf 217.3  z0 0.01  garr 223.3  tG 930  e2 0.02  nF 11.6  pS 0.26  ptS 0.25  fLog 0.57  pdΔ -0.2434  pkR 12.13  clip 0.10  kl -0.001
upd 1805  steps 3698688  sps 1207  opp symm  loss -0.082  pg -0.0855  v 0.025  ev +0.94  adv_std 0.228  tR +0.71  ent[s/d/p/e] 0.36/0.86/1.25/0.07  emits 1.02  spf 185.1  z0 0.00  garr 193.6  tG 840  e2 0.02  nF 11.6  pS 0.25  ptS 0.24  fLog 0.54  pdΔ -0.2466  pkR 8.84  clip 0.09  kl +0.006
upd 1806  steps 3700736  sps 1208  opp symm  loss -0.104  pg -0.1043  v 0.018  ev +0.96  adv_std 0.193  tR +0.00  ent[s/d/p/e] 0.34/0.80/1.30/0.08  emits 1.02  spf 188.6  z0 0.00  garr 194.2  tG 903  e2 0.02  nF 11.2  pS 0.27  ptS 0.25  fLog 0.57  pdΔ -0.2337  pkR 9.17  clip 0.08  kl +0.002
upd 1807  steps 3702784  sps 1208  opp symm  loss -0.092  pg -0.0961  v 0.026  ev +0.94  adv_std 0.226  tR -0.20  ent[s/d/p/e] 0.27/0.77/1.30/0.06  emits 1.02  spf 212.3  z0 0.00  garr 225.6  tG 1046  e2 0.02  nF 10.3  pS 0.27  ptS 0.25  fLog 0.60  pdΔ -0.2274  pkR 8.35  clip 0.10  kl +0.005
upd 1808  steps 3704832  sps 1208  opp symm  loss -0.025  pg -0.0312  v 0.029  ev +0.94  adv_std 0.241  tR +0.33  ent[s/d/p/e] 0.31/0.74/1.26/0.09  emits 1.02  spf 212.6  z0 0.00  garr 224.4  tG 942  e2 0.02  nF 10.4  pS 0.25  ptS 0.23  fLog 0.57  pdΔ -0.2542  pkR 7.63  clip 0.13  kl +0.007
upd 1809  steps 3706880  sps 1209  opp symm  loss -0.106  pg -0.1100  v 0.026  ev +0.94  adv_std 0.226  tR +1.00  ent[s/d/p/e] 0.37/0.80/1.29/0.09  emits 1.03  spf 224.9  z0 0.00  garr 238.5  tG 955  e2 0.02  nF 11.0  pS 0.26  ptS 0.25  fLog 0.57  pdΔ -0.2393  pkR 8.18  clip 0.12  kl +0.004
upd 1810  steps 3708928  sps 1209  opp symm  loss -0.082  pg -0.0857  v 0.025  ev +0.94  adv_std 0.227  tR +0.33  ent[s/d/p/e] 0.30/0.75/1.29/0.07  emits 1.01  spf 234.3  z0 0.02  garr 245.7  tG 964  e2 0.02  nF 11.1  pS 0.25  ptS 0.24  fLog 0.57  pdΔ -0.2528  pkR 9.06  clip 0.18  kl +0.009
upd 1811  steps 3710976  sps 1210  opp symm  loss -0.075  pg -0.0782  v 0.024  ev +0.94  adv_std 0.216  tR +0.67  ent[s/d/p/e] 0.29/0.60/1.39/0.08  emits 1.01  spf 241.7  z0 0.02  garr 251.4  tG 1007  e2 0.02  nF 10.5  pS 0.26  ptS 0.24  fLog 0.60  pdΔ -0.2437  pkR 9.05  clip 0.10  kl +0.003
upd 1812  steps 3713024  sps 1210  opp symm  loss -0.088  pg -0.0914  v 0.023  ev +0.94  adv_std 0.216  tR +1.00  ent[s/d/p/e] 0.24/0.63/1.34/0.06  emits 1.02  spf 255.3  z0 0.00  garr 263.7  tG 980  e2 0.02  nF 10.2  pS 0.25  ptS 0.24  fLog 0.60  pdΔ -0.2522  pkR 7.74  clip 0.12  kl +0.004
upd 1813  steps 3715072  sps 1210  opp symm  loss -0.071  pg -0.0744  v 0.025  ev +0.95  adv_std 0.226  tR +1.00  ent[s/d/p/e] 0.24/0.57/1.40/0.06  emits 1.03  spf 262.7  z0 0.00  garr 271.8  tG 1010  e2 0.02  nF 10.1  pS 0.26  ptS 0.25  fLog 0.61  pdΔ -0.2350  pkR 6.55  clip 0.08  kl +0.003
upd 1814  steps 3717120  sps 1211  opp symm  loss -0.099  pg -0.0990  v 0.017  ev +0.97  adv_std 0.185  tR +0.60  ent[s/d/p/e] 0.22/0.56/1.40/0.05  emits 1.00  spf 232.3  z0 0.01  garr 237.4  tG 943  e2 0.01  nF 9.4  pS 0.27  ptS 0.25  fLog 0.61  pdΔ -0.2332  pkR 7.51  clip 0.09  kl +0.002
upd 1815  steps 3719168  sps 1211  opp symm  loss -0.137  pg -0.1385  v 0.020  ev +0.96  adv_std 0.202  tR -0.33  ent[s/d/p/e] 0.22/0.65/1.30/0.06  emits 1.01  spf 233.9  z0 0.01  garr 237.9  tG 913  e2 0.02  nF 9.5  pS 0.25  ptS 0.24  fLog 0.60  pdΔ -0.2502  pkR 6.87  clip 0.10  kl +0.003
upd 1816  steps 3721216  sps 1212  opp symm  loss -0.007  pg -0.0161  v 0.035  ev +0.93  adv_std 0.268  tR +1.00  ent[s/d/p/e] 0.22/0.65/1.31/0.06  emits 1.02  spf 262.7  z0 0.00  garr 264.1  tG 978  e2 0.02  nF 10.2  pS 0.24  ptS 0.23  fLog 0.60  pdΔ -0.2554  pkR 6.95  clip 0.10  kl +0.010
upd 1817  steps 3723264  sps 1212  opp symm  loss -0.100  pg -0.1010  v 0.018  ev +0.97  adv_std 0.190  tR +0.20  ent[s/d/p/e] 0.26/0.61/1.33/0.08  emits 1.04  spf 256.1  z0 0.00  garr 261.4  tG 1007  e2 0.03  nF 10.8  pS 0.24  ptS 0.22  fLog 0.59  pdΔ -0.2612  pkR 7.32  clip 0.10  kl +0.005
upd 1818  steps 3725312  sps 1213  opp symm  loss -0.071  pg -0.0785  v 0.032  ev +0.94  adv_std 0.259  tR +0.25  ent[s/d/p/e] 0.26/0.78/1.21/0.07  emits 1.02  spf 237.3  z0 0.00  garr 234.7  tG 875  e2 0.02  nF 11.6  pS 0.21  ptS 0.20  fLog 0.57  pdΔ -0.2868  pkR 8.82  clip 0.12  kl +0.005
upd 1819  steps 3727360  sps 1213  opp symm  loss -0.074  pg -0.0762  v 0.022  ev +0.95  adv_std 0.212  tR +0.00  ent[s/d/p/e] 0.31/0.72/1.31/0.04  emits 1.01  spf 259.1  z0 0.00  garr 250.0  tG 902  e2 0.01  nF 11.2  pS 0.22  ptS 0.21  fLog 0.59  pdΔ -0.2780  pkR 5.49  clip 0.09  kl +0.003
upd 1820  steps 3729408  sps 1213  opp symm  loss -0.079  pg -0.0783  v 0.017  ev +0.96  adv_std 0.186  tR +0.00  ent[s/d/p/e] 0.26/0.75/1.34/0.03  emits 1.01  spf 286.7  z0 0.00  garr 275.4  tG 1031  e2 0.01  nF 9.9  pS 0.23  ptS 0.22  fLog 0.61  pdΔ -0.2663  pkR 5.40  clip 0.07  kl +0.000
upd 1821  steps 3731456  sps 1214  opp symm  loss -0.045  pg -0.0498  v 0.028  ev +0.92  adv_std 0.237  tR -0.33  ent[s/d/p/e] 0.25/0.72/1.38/0.04  emits 1.00  spf 248.9  z0 0.01  garr 241.7  tG 1044  e2 0.00  nF 9.2  pS 0.25  ptS 0.23  fLog 0.62  pdΔ -0.2515  pkR 6.04  clip 0.07  kl +0.001
upd 1822  steps 3733504  sps 1214  opp symm  loss -0.045  pg -0.0434  v 0.015  ev +0.96  adv_std 0.178  tR -1.00  ent[s/d/p/e] 0.31/0.51/1.53/0.03  emits 0.98  spf 274.5  z0 0.03  garr 259.7  tG 1177  e2 0.01  nF 8.3  pS 0.28  ptS 0.26  fLog 0.67  pdΔ -0.2219  pkR 5.93  clip 0.08  kl +0.005
upd 1823  steps 3735552  sps 1215  opp symm  loss -0.047  pg -0.0489  v 0.023  ev +0.93  adv_std 0.217  tR -0.43  ent[s/d/p/e] 0.29/0.61/1.47/0.03  emits 0.99  spf 294.4  z0 0.02  garr 281.8  tG 1273  e2 0.01  nF 6.9  pS 0.29  ptS 0.27  fLog 0.67  pdΔ -0.2057  pkR 5.76  clip 0.09  kl +0.005
upd 1824  steps 3737600  sps 1215  opp symm  loss -0.138  pg -0.1383  v 0.020  ev +0.95  adv_std 0.204  tR +0.50  ent[s/d/p/e] 0.26/0.67/1.41/0.03  emits 1.01  spf 276.2  z0 0.00  garr 280.7  tG 1209  e2 0.00  nF 7.1  pS 0.28  ptS 0.26  fLog 0.65  pdΔ -0.2152  pkR 5.67  clip 0.07  kl +0.003
upd 1825  steps 3739648  sps 1215  opp symm  loss -0.103  pg -0.1035  v 0.018  ev +0.95  adv_std 0.190  tR +0.20  ent[s/d/p/e] 0.22/0.73/1.38/0.02  emits 1.01  spf 294.7  z0 0.00  garr 297.1  tG 1257  e2 0.01  nF 7.7  pS 0.28  ptS 0.25  fLog 0.65  pdΔ -0.2225  pkR 5.99  clip 0.13  kl +0.005
upd 1826  steps 3741696  sps 1216  opp symm  loss -0.089  pg -0.0874  v 0.015  ev +0.96  adv_std 0.176  tR +1.00  ent[s/d/p/e] 0.26/0.72/1.38/0.03  emits 1.00  spf 305.8  z0 0.01  garr 309.8  tG 1297  e2 0.00  nF 7.7  pS 0.28  ptS 0.25  fLog 0.65  pdΔ -0.2244  pkR 5.89  clip 0.12  kl +0.008
upd 1827  steps 3743744  sps 1216  opp symm  loss -0.111  pg -0.1102  v 0.016  ev +0.96  adv_std 0.178  tR +0.60  ent[s/d/p/e] 0.26/0.76/1.35/0.03  emits 0.99  spf 285.5  z0 0.02  garr 284.2  tG 1194  e2 0.01  nF 7.8  pS 0.28  ptS 0.26  fLog 0.64  pdΔ -0.2202  pkR 6.49  clip 0.12  kl +0.003
upd 1828  steps 3745792  sps 1217  opp symm  loss -0.087  pg -0.0883  v 0.020  ev +0.95  adv_std 0.202  tR -1.00  ent[s/d/p/e] 0.28/0.74/1.33/0.03  emits 1.00  spf 276.4  z0 0.00  garr 284.9  tG 1170  e2 0.01  nF 8.3  pS 0.28  ptS 0.26  fLog 0.63  pdΔ -0.2199  pkR 7.11  clip 0.15  kl +0.003
upd 1829  steps 3747840  sps 1217  opp symm  loss -0.049  pg -0.0495  v 0.019  ev +0.95  adv_std 0.194  tR +1.00  ent[s/d/p/e] 0.30/0.71/1.38/0.03  emits 1.01  spf 285.7  z0 0.00  garr 296.9  tG 1225  e2 0.01  nF 8.2  pS 0.29  ptS 0.27  fLog 0.65  pdΔ -0.2061  pkR 7.05  clip 0.07  kl +0.003
upd 1830  steps 3749888  sps 1217  opp symm  loss -0.110  pg -0.1096  v 0.017  ev +0.96  adv_std 0.190  tR +0.60  ent[s/d/p/e] 0.28/0.75/1.35/0.03  emits 1.01  spf 274.3  z0 0.00  garr 285.7  tG 1180  e2 0.00  nF 8.2  pS 0.28  ptS 0.26  fLog 0.65  pdΔ -0.2204  pkR 7.38  clip 0.11  kl +0.003
upd 1831  steps 3751936  sps 1218  opp symm  loss -0.193  pg -0.1918  v 0.014  ev +0.97  adv_std 0.171  tR +0.33  ent[s/d/p/e] 0.24/0.78/1.30/0.03  emits 1.01  spf 290.3  z0 0.00  garr 298.1  tG 1184  e2 0.01  nF 8.7  pS 0.26  ptS 0.25  fLog 0.64  pdΔ -0.2350  pkR 6.41  clip 0.08  kl +0.003
upd 1832  steps 3753984  sps 1218  opp symm  loss -0.113  pg -0.1176  v 0.026  ev +0.94  adv_std 0.226  tR +0.00  ent[s/d/p/e] 0.23/0.87/1.24/0.04  emits 1.01  spf 313.6  z0 0.00  garr 312.4  tG 1207  e2 0.01  nF 9.4  pS 0.25  ptS 0.24  fLog 0.63  pdΔ -0.2469  pkR 6.49  clip 0.09  kl +0.001
upd 1833  steps 3756032  sps 1219  opp symm  loss -0.066  pg -0.0752  v 0.036  ev +0.91  adv_std 0.273  tR -0.14  ent[s/d/p/e] 0.28/0.87/1.21/0.04  emits 1.01  spf 265.3  z0 0.00  garr 278.2  tG 973  e2 0.01  nF 10.5  pS 0.23  ptS 0.22  fLog 0.59  pdΔ -0.2669  pkR 7.12  clip 0.13  kl +0.005
upd 1834  steps 3758080  sps 1219  opp symm  loss +0.008  pg -0.0032  v 0.040  ev +0.90  adv_std 0.284  tR +0.50  ent[s/d/p/e] 0.29/0.77/1.25/0.05  emits 1.01  spf 255.0  z0 0.00  garr 272.9  tG 899  e2 0.01  nF 11.2  pS 0.22  ptS 0.21  fLog 0.58  pdΔ -0.2817  pkR 4.88  clip 0.12  kl +0.003
upd 1835  steps 3760128  sps 1220  opp symm  loss -0.024  pg -0.0231  v 0.017  ev +0.95  adv_std 0.182  tR +1.00  ent[s/d/p/e] 0.36/0.67/1.37/0.05  emits 1.01  spf 278.2  z0 0.00  garr 302.8  tG 971  e2 0.01  nF 11.3  pS 0.23  ptS 0.22  fLog 0.62  pdΔ -0.2656  pkR 4.67  clip 0.08  kl +0.003
upd 1836  steps 3762176  sps 1220  opp symm  loss +0.002  pg -0.0013  v 0.026  ev +0.92  adv_std 0.231  tR +0.25  ent[s/d/p/e] 0.35/0.71/1.40/0.05  emits 1.00  spf 249.4  z0 0.01  garr 263.5  tG 910  e2 0.01  nF 10.2  pS 0.24  ptS 0.23  fLog 0.62  pdΔ -0.2568  pkR 5.92  clip 0.11  kl +0.005
upd 1837  steps 3764224  sps 1220  opp symm  loss -0.111  pg -0.1077  v 0.013  ev +0.97  adv_std 0.164  tR +0.33  ent[s/d/p/e] 0.33/0.71/1.40/0.05  emits 0.99  spf 256.5  z0 0.02  garr 263.7  tG 964  e2 0.01  nF 8.9  pS 0.25  ptS 0.24  fLog 0.62  pdΔ -0.2497  pkR 6.45  clip 0.08  kl +0.003
upd 1838  steps 3766272  sps 1221  opp symm  loss -0.140  pg -0.1384  v 0.015  ev +0.97  adv_std 0.176  tR +0.00  ent[s/d/p/e] 0.29/0.79/1.40/0.05  emits 1.01  spf 280.1  z0 0.01  garr 289.3  tG 1064  e2 0.01  nF 8.8  pS 0.26  ptS 0.25  fLog 0.63  pdΔ -0.2383  pkR 6.61  clip 0.07  kl +0.001
upd 1839  steps 3768320  sps 1221  opp symm  loss -0.062  pg -0.0689  v 0.032  ev +0.93  adv_std 0.254  tR +0.50  ent[s/d/p/e] 0.24/0.80/1.33/0.05  emits 1.01  spf 285.3  z0 0.01  garr 291.2  tG 1086  e2 0.02  nF 9.6  pS 0.25  ptS 0.24  fLog 0.60  pdΔ -0.2487  pkR 7.38  clip 0.10  kl +0.004
upd 1840  steps 3770368  sps 1222  opp symm  loss -0.083  pg -0.0896  v 0.030  ev +0.94  adv_std 0.249  tR -1.00  ent[s/d/p/e] 0.29/0.76/1.35/0.05  emits 1.01  spf 234.5  z0 0.02  garr 248.4  tG 973  e2 0.02  nF 10.8  pS 0.25  ptS 0.24  fLog 0.58  pdΔ -0.2530  pkR 9.20  clip 0.15  kl +0.004
upd 1841  steps 3772416  sps 1222  opp symm  loss -0.109  pg -0.1091  v 0.018  ev +0.96  adv_std 0.198  tR +1.00  ent[s/d/p/e] 0.28/0.75/1.36/0.04  emits 1.00  spf 259.1  z0 0.01  garr 269.1  tG 1047  e2 0.01  nF 11.1  pS 0.25  ptS 0.24  fLog 0.59  pdΔ -0.2507  pkR 9.48  clip 0.11  kl +0.002
upd 1842  steps 3774464  sps 1222  opp symm  loss +0.005  pg -0.0029  v 0.034  ev +0.92  adv_std 0.263  tR +0.00  ent[s/d/p/e] 0.32/0.65/1.45/0.04  emits 0.99  spf 282.2  z0 0.02  garr 290.4  tG 1135  e2 0.01  nF 10.6  pS 0.26  ptS 0.25  fLog 0.62  pdΔ -0.2406  pkR 9.45  clip 0.10  kl -0.001
upd 1843  steps 3776512  sps 1223  opp symm  loss -0.036  pg -0.0362  v 0.019  ev +0.95  adv_std 0.193  tR +0.20  ent[s/d/p/e] 0.33/0.61/1.41/0.04  emits 1.01  spf 276.8  z0 0.00  garr 292.2  tG 1111  e2 0.01  nF 10.9  pS 0.26  ptS 0.25  fLog 0.61  pdΔ -0.2388  pkR 8.97  clip 0.09  kl +0.005
upd 1844  steps 3778560  sps 1223  opp symm  loss -0.086  pg -0.0855  v 0.017  ev +0.96  adv_std 0.190  tR +1.00  ent[s/d/p/e] 0.33/0.65/1.40/0.03  emits 1.00  spf 252.9  z0 0.00  garr 269.5  tG 984  e2 0.01  nF 11.0  pS 0.26  ptS 0.25  fLog 0.61  pdΔ -0.2444  pkR 4.98  clip 0.07  kl +0.001
upd 1845  steps 3780608  sps 1224  opp symm  loss -0.058  pg -0.0589  v 0.019  ev +0.94  adv_std 0.198  tR +0.20  ent[s/d/p/e] 0.34/0.57/1.45/0.03  emits 1.00  spf 264.9  z0 0.01  garr 279.8  tG 1031  e2 0.01  nF 10.4  pS 0.25  ptS 0.24  fLog 0.62  pdΔ -0.2510  pkR 5.35  clip 0.06  kl -0.000
upd 1846  steps 3782656  sps 1224  opp symm  loss -0.060  pg -0.0587  v 0.015  ev +0.96  adv_std 0.175  tR +1.00  ent[s/d/p/e] 0.35/0.58/1.43/0.03  emits 1.01  spf 257.3  z0 0.00  garr 280.0  tG 1086  e2 0.01  nF 9.4  pS 0.25  ptS 0.25  fLog 0.62  pdΔ -0.2499  pkR 5.93  clip 0.08  kl +0.003
upd 1847  steps 3784704  sps 1224  opp symm  loss -0.047  pg -0.0456  v 0.016  ev +0.96  adv_std 0.185  tR +0.60  ent[s/d/p/e] 0.36/0.59/1.47/0.03  emits 0.99  spf 282.8  z0 0.01  garr 291.1  tG 1179  e2 0.00  nF 8.9  pS 0.26  ptS 0.25  fLog 0.64  pdΔ -0.2439  pkR 5.96  clip 0.08  kl +0.004
upd 1848  steps 3786752  sps 1225  opp symm  loss -0.049  pg -0.0513  v 0.022  ev +0.95  adv_std 0.213  tR -0.33  ent[s/d/p/e] 0.36/0.64/1.38/0.04  emits 0.99  spf 271.5  z0 0.01  garr 278.6  tG 1132  e2 0.01  nF 9.2  pS 0.24  ptS 0.24  fLog 0.62  pdΔ -0.2576  pkR 5.95  clip 0.10  kl +0.004
upd 1849  steps 3788800  sps 1225  opp symm  loss -0.095  pg -0.0961  v 0.022  ev +0.95  adv_std 0.208  tR +0.00  ent[s/d/p/e] 0.35/0.67/1.43/0.04  emits 0.99  spf 286.3  z0 0.02  garr 293.9  tG 1194  e2 0.01  nF 9.0  pS 0.25  ptS 0.24  fLog 0.62  pdΔ -0.2549  pkR 6.16  clip 0.10  kl +0.003
upd 1850  steps 3790848  sps 1226  opp symm  loss -0.086  pg -0.0853  v 0.016  ev +0.97  adv_std 0.185  tR +1.00  ent[s/d/p/e] 0.32/0.68/1.43/0.05  emits 0.99  spf 302.2  z0 0.02  garr 301.3  tG 1294  e2 0.01  nF 9.0  pS 0.26  ptS 0.25  fLog 0.63  pdΔ -0.2395  pkR 6.31  clip 0.07  kl +0.003
upd 1851  steps 3792896  sps 1226  opp symm  loss -0.073  pg -0.0748  v 0.022  ev +0.95  adv_std 0.212  tR -0.14  ent[s/d/p/e] 0.32/0.68/1.38/0.05  emits 1.00  spf 298.7  z0 0.01  garr 303.9  tG 1335  e2 0.01  nF 9.0  pS 0.26  ptS 0.26  fLog 0.62  pdΔ -0.2389  pkR 6.02  clip 0.06  kl +0.002
upd 1852  steps 3794944  sps 1226  opp symm  loss -0.094  pg -0.1010  v 0.032  ev +0.94  adv_std 0.250  tR +0.00  ent[s/d/p/e] 0.31/0.77/1.30/0.05  emits 1.01  spf 250.1  z0 0.00  garr 256.6  tG 1208  e2 0.01  nF 9.2  pS 0.25  ptS 0.25  fLog 0.59  pdΔ -0.2485  pkR 7.16  clip 0.13  kl +0.004
upd 1853  steps 3796992  sps 1227  opp symm  loss -0.060  pg -0.0630  v 0.024  ev +0.95  adv_std 0.219  tR +1.00  ent[s/d/p/e] 0.32/0.70/1.35/0.05  emits 1.01  spf 265.8  z0 0.00  garr 269.1  tG 1282  e2 0.01  nF 9.7  pS 0.26  ptS 0.25  fLog 0.60  pdΔ -0.2444  pkR 7.55  clip 0.09  kl +0.001
upd 1854  steps 3799040  sps 1227  opp symm  loss -0.120  pg -0.1217  v 0.020  ev +0.96  adv_std 0.202  tR +0.67  ent[s/d/p/e] 0.24/0.66/1.36/0.04  emits 1.01  spf 289.7  z0 0.00  garr 296.4  tG 1361  e2 0.01  nF 9.2  pS 0.25  ptS 0.24  fLog 0.63  pdΔ -0.2487  pkR 7.14  clip 0.08  kl +0.002
upd 1855  steps 3801088  sps 1228  opp symm  loss -0.176  pg -0.1733  v 0.012  ev +0.97  adv_std 0.155  tR -1.00  ent[s/d/p/e] 0.24/0.69/1.32/0.03  emits 1.00  spf 280.5  z0 0.01  garr 285.4  tG 1306  e2 0.01  nF 9.4  pS 0.25  ptS 0.23  fLog 0.63  pdΔ -0.2529  pkR 8.08  clip 0.09  kl +0.003
upd 1856  steps 3803136  sps 1228  opp symm  loss -0.048  pg -0.0534  v 0.028  ev +0.93  adv_std 0.239  tR +0.20  ent[s/d/p/e] 0.25/0.65/1.38/0.03  emits 1.01  spf 294.7  z0 0.00  garr 291.8  tG 1368  e2 0.01  nF 9.2  pS 0.25  ptS 0.24  fLog 0.63  pdΔ -0.2455  pkR 8.42  clip 0.10  kl +0.003
upd 1857  steps 3805184  sps 1228  opp symm  loss -0.071  pg -0.0698  v 0.016  ev +0.96  adv_std 0.188  tR -1.00  ent[s/d/p/e] 0.25/0.64/1.45/0.03  emits 0.99  spf 309.5  z0 0.02  garr 299.4  tG 1409  e2 0.01  nF 9.1  pS 0.26  ptS 0.24  fLog 0.65  pdΔ -0.2433  pkR 9.03  clip 0.08  kl +0.003
upd 1858  steps 3807232  sps 1229  opp symm  loss -0.063  pg -0.0652  v 0.022  ev +0.94  adv_std 0.212  tR -0.33  ent[s/d/p/e] 0.23/0.64/1.45/0.03  emits 0.98  spf 277.9  z0 0.03  garr 267.5  tG 1303  e2 0.01  nF 8.4  pS 0.27  ptS 0.26  fLog 0.65  pdΔ -0.2281  pkR 9.87  clip 0.09  kl +0.009
upd 1859  steps 3809280  sps 1229  opp symm  loss -0.131  pg -0.1291  v 0.014  ev +0.96  adv_std 0.171  tR +0.20  ent[s/d/p/e] 0.24/0.62/1.40/0.03  emits 1.00  spf 259.0  z0 0.00  garr 253.6  tG 1195  e2 0.01  nF 8.4  pS 0.28  ptS 0.27  fLog 0.63  pdΔ -0.2185  pkR 7.99  clip 0.08  kl +0.001
upd 1860  steps 3811328  sps 1230  opp symm  loss -0.110  pg -0.1110  v 0.019  ev +0.95  adv_std 0.203  tR +0.60  ent[s/d/p/e] 0.22/0.74/1.35/0.04  emits 1.00  spf 256.3  z0 0.00  garr 251.5  tG 1125  e2 0.01  nF 8.6  pS 0.27  ptS 0.26  fLog 0.61  pdΔ -0.2295  pkR 8.45  clip 0.11  kl -0.000
upd 1861  steps 3813376  sps 1230  opp symm  loss -0.081  pg -0.0808  v 0.018  ev +0.95  adv_std 0.195  tR +0.50  ent[s/d/p/e] 0.25/0.70/1.38/0.05  emits 0.99  spf 257.7  z0 0.02  garr 240.1  tG 1103  e2 0.01  nF 8.4  pS 0.27  ptS 0.26  fLog 0.62  pdΔ -0.2258  pkR 6.83  clip 0.08  kl +0.005
upd 1862  steps 3815424  sps 1230  opp symm  loss -0.007  pg -0.0092  v 0.022  ev +0.94  adv_std 0.212  tR -0.33  ent[s/d/p/e] 0.26/0.65/1.43/0.06  emits 1.01  spf 266.4  z0 0.00  garr 261.6  tG 1158  e2 0.01  nF 8.5  pS 0.28  ptS 0.26  fLog 0.62  pdΔ -0.2227  pkR 7.11  clip 0.11  kl +0.006
upd 1863  steps 3817472  sps 1231  opp symm  loss -0.089  pg -0.0870  v 0.014  ev +0.96  adv_std 0.173  tR +0.00  ent[s/d/p/e] 0.32/0.64/1.43/0.06  emits 1.01  spf 255.7  z0 0.01  garr 245.8  tG 1095  e2 0.01  nF 9.6  pS 0.28  ptS 0.27  fLog 0.62  pdΔ -0.2152  pkR 7.68  clip 0.09  kl +0.003
upd 1864  steps 3819520  sps 1231  opp symm  loss -0.055  pg -0.0576  v 0.023  ev +0.95  adv_std 0.218  tR +0.00  ent[s/d/p/e] 0.27/0.63/1.42/0.05  emits 1.01  spf 239.4  z0 0.01  garr 231.0  tG 1005  e2 0.02  nF 10.2  pS 0.29  ptS 0.27  fLog 0.60  pdΔ -0.2136  pkR 7.94  clip 0.11  kl +0.007
upd 1865  steps 3821568  sps 1232  opp symm  loss -0.094  pg -0.0961  v 0.022  ev +0.95  adv_std 0.212  tR +1.00  ent[s/d/p/e] 0.27/0.73/1.36/0.05  emits 1.02  spf 250.3  z0 0.00  garr 247.4  tG 1049  e2 0.01  nF 10.1  pS 0.28  ptS 0.27  fLog 0.59  pdΔ -0.2159  pkR 8.32  clip 0.12  kl +0.005
upd 1866  steps 3823616  sps 1232  opp symm  loss -0.016  pg -0.0231  v 0.031  ev +0.93  adv_std 0.253  tR +0.00  ent[s/d/p/e] 0.28/0.59/1.43/0.06  emits 1.02  spf 281.5  z0 0.00  garr 272.7  tG 1156  e2 0.02  nF 9.7  pS 0.29  ptS 0.28  fLog 0.61  pdΔ -0.2069  pkR 8.32  clip 0.08  kl +0.004
upd 1867  steps 3825664  sps 1232  opp symm  loss -0.054  pg -0.0538  v 0.017  ev +0.96  adv_std 0.187  tR +0.67  ent[s/d/p/e] 0.29/0.62/1.42/0.07  emits 1.02  spf 266.0  z0 0.00  garr 265.6  tG 1098  e2 0.02  nF 9.6  pS 0.28  ptS 0.26  fLog 0.61  pdΔ -0.2195  pkR 9.04  clip 0.10  kl +0.006
upd 1868  steps 3827712  sps 1233  opp symm  loss -0.076  pg -0.0760  v 0.019  ev +0.96  adv_std 0.195  tR +1.00  ent[s/d/p/e] 0.30/0.71/1.37/0.05  emits 1.00  spf 196.8  z0 0.01  garr 196.4  tG 770  e2 0.01  nF 9.8  pS 0.25  ptS 0.24  fLog 0.56  pdΔ -0.2490  pkR 5.80  clip 0.10  kl +0.001
upd 1869  steps 3829760  sps 1233  opp symm  loss -0.159  pg -0.1575  v 0.016  ev +0.97  adv_std 0.182  tR +0.60  ent[s/d/p/e] 0.30/0.89/1.38/0.06  emits 1.01  spf 199.0  z0 0.01  garr 197.3  tG 794  e2 0.02  nF 10.2  pS 0.26  ptS 0.25  fLog 0.57  pdΔ -0.2357  pkR 5.70  clip 0.12  kl +0.003
upd 1870  steps 3831808  sps 1234  opp symm  loss -0.206  pg -0.2084  v 0.023  ev +0.95  adv_std 0.218  tR +0.20  ent[s/d/p/e] 0.23/0.95/1.30/0.07  emits 1.02  spf 189.7  z0 0.00  garr 197.7  tG 863  e2 0.02  nF 11.2  pS 0.27  ptS 0.26  fLog 0.56  pdΔ -0.2290  pkR 5.27  clip 0.15  kl +0.006
upd 1871  steps 3833856  sps 1234  opp symm  loss -0.055  pg -0.0603  v 0.029  ev +0.93  adv_std 0.246  tR -1.00  ent[s/d/p/e] 0.27/0.85/1.42/0.07  emits 0.99  spf 207.2  z0 0.04  garr 202.7  tG 904  e2 0.02  nF 11.4  pS 0.29  ptS 0.27  fLog 0.60  pdΔ -0.2141  pkR 5.36  clip 0.13  kl +0.006
upd 1872  steps 3835904  sps 1235  opp symm  loss -0.114  pg -0.1164  v 0.024  ev +0.95  adv_std 0.219  tR +0.50  ent[s/d/p/e] 0.26/0.85/1.41/0.07  emits 1.00  spf 195.5  z0 0.03  garr 197.6  tG 968  e2 0.02  nF 10.4  pS 0.30  ptS 0.28  fLog 0.60  pdΔ -0.2047  pkR 5.04  clip 0.10  kl +0.002
upd 1873  steps 3837952  sps 1235  opp symm  loss -0.142  pg -0.1429  v 0.021  ev +0.95  adv_std 0.208  tR -1.00  ent[s/d/p/e] 0.25/0.91/1.42/0.07  emits 1.01  spf 221.5  z0 0.02  garr 224.4  tG 1068  e2 0.02  nF 10.6  pS 0.30  ptS 0.29  fLog 0.61  pdΔ -0.1967  pkR 5.06  clip 0.12  kl +0.003
upd 1874  steps 3840000  sps 1235  opp symm  loss -0.068  pg -0.0696  v 0.022  ev +0.95  adv_std 0.208  tR +0.60  ent[s/d/p/e] 0.23/0.89/1.42/0.06  emits 1.00  spf 213.3  z0 0.02  garr 210.2  tG 1025  e2 0.01  nF 10.3  pS 0.31  ptS 0.30  fLog 0.60  pdΔ -0.1858  pkR 5.81  clip 0.08  kl +0.002
upd 1875  steps 3842048  sps 1236  opp symm  loss -0.085  pg -0.0850  v 0.019  ev +0.96  adv_std 0.198  tR +0.60  ent[s/d/p/e] 0.27/0.87/1.47/0.06  emits 0.99  spf 216.3  z0 0.03  garr 214.4  tG 1075  e2 0.02  nF 10.7  pS 0.33  ptS 0.31  fLog 0.61  pdΔ -0.1703  pkR 5.99  clip 0.11  kl +0.006
upd 1876  steps 3844096  sps 1236  opp symm  loss -0.070  pg -0.0735  v 0.027  ev +0.94  adv_std 0.235  tR -0.50  ent[s/d/p/e] 0.24/0.77/1.45/0.04  emits 0.96  spf 228.8  z0 0.05  garr 216.3  tG 1099  e2 0.01  nF 10.3  pS 0.32  ptS 0.30  fLog 0.61  pdΔ -0.1829  pkR 6.30  clip 0.10  kl +0.003
upd 1877  steps 3846144  sps 1237  opp symm  loss +0.015  pg +0.0110  v 0.026  ev +0.93  adv_std 0.230  tR -0.14  ent[s/d/p/e] 0.24/0.72/1.46/0.05  emits 0.98  spf 244.8  z0 0.03  garr 233.4  tG 1158  e2 0.01  nF 9.8  pS 0.32  ptS 0.30  fLog 0.61  pdΔ -0.1793  pkR 6.37  clip 0.21  kl +0.014
upd 1878  steps 3848192  sps 1237  opp symm  loss -0.095  pg -0.0908  v 0.011  ev +0.97  adv_std 0.150  tR +0.33  ent[s/d/p/e] 0.25/0.65/1.51/0.05  emits 1.00  spf 243.5  z0 0.02  garr 238.4  tG 1189  e2 0.01  nF 9.4  pS 0.32  ptS 0.30  fLog 0.62  pdΔ -0.1760  pkR 6.43  clip 0.12  kl +0.003
upd 1879  steps 3850240  sps 1237  opp symm  loss -0.116  pg -0.1171  v 0.021  ev +0.95  adv_std 0.210  tR +0.67  ent[s/d/p/e] 0.23/0.67/1.49/0.04  emits 1.01  spf 250.4  z0 0.01  garr 243.4  tG 1202  e2 0.01  nF 9.2  pS 0.32  ptS 0.30  fLog 0.62  pdΔ -0.1801  pkR 6.91  clip 0.12  kl +0.004
upd 1880  steps 3852288  sps 1238  opp symm  loss -0.091  pg -0.0926  v 0.022  ev +0.95  adv_std 0.210  tR +1.00  ent[s/d/p/e] 0.22/0.74/1.44/0.06  emits 1.02  spf 262.8  z0 0.00  garr 258.5  tG 1240  e2 0.02  nF 10.0  pS 0.31  ptS 0.29  fLog 0.62  pdΔ -0.1880  pkR 7.27  clip 0.09  kl +0.003
upd 1881  steps 3854336  sps 1238  opp symm  loss -0.037  pg -0.0366  v 0.018  ev +0.96  adv_std 0.195  tR +1.00  ent[s/d/p/e] 0.23/0.66/1.45/0.07  emits 1.02  spf 306.0  z0 0.00  garr 295.8  tG 1374  e2 0.02  nF 10.3  pS 0.30  ptS 0.28  fLog 0.63  pdΔ -0.2031  pkR 6.96  clip 0.12  kl -0.002
upd 1882  steps 3856384  sps 1239  opp symm  loss -0.033  pg -0.0314  v 0.016  ev +0.96  adv_std 0.185  tR +0.67  ent[s/d/p/e] 0.22/0.57/1.49/0.05  emits 1.00  spf 268.1  z0 0.01  garr 256.2  tG 1209  e2 0.01  nF 9.4  pS 0.30  ptS 0.28  fLog 0.63  pdΔ -0.2042  pkR 7.48  clip 0.10  kl +0.000
upd 1883  steps 3858432  sps 1239  opp symm  loss -0.065  pg -0.0709  v 0.028  ev +0.93  adv_std 0.236  tR +0.09  ent[s/d/p/e] 0.25/0.61/1.38/0.04  emits 1.00  spf 255.6  z0 0.01  garr 246.0  tG 1115  e2 0.01  nF 9.8  pS 0.27  ptS 0.25  fLog 0.61  pdΔ -0.2273  pkR 7.75  clip 0.16  kl +0.009